ply
format ascii 1.0
comment VCGLIB generated
element vertex 8000
property float x
property float y
property float z
element face 15996
property list uchar int vertex_indices
end_header
4.946679 11.83883 27.20426 
-53.41044 66.60114 -57.28728 
-52.33184 67.68629 -57.76817 
-51.78732 68.18266 -56.80949 
-54.63091 68.33343 -56.69839 
-52.50983 68.62965 -56.93618 
-52.65556 66.36111 -56.94947 
-51.68943 67.1589 -56.66906 
14.55911 -31.52731 11.41356 
-54.31298 69.07027 -55.95436 
-53.65857 69.17258 -54.21398 
-57.4039 59.07553 -55.1264 
-56.45774 58.83719 -54.56408 
-54.45093 65.87933 -54.36774 
-30.26239 64.82652 6.255872 
-55.41335 67.0892 -56.08823 
-56.85279 68.93018 -54.42081 
26.50832 -7.321002 19.66518 
-45.73667 -46.2379 7.310397 
-56.85319 60.114 -54.57547 
2.964733 17.68417 29.56676 
-50.26321 74.76315 -54.78569 
30.94254 -46.457 7.233088 
-58.69883 58.76864 -54.23018 
-57.04746 58.37843 -54.1597 
-57.98056 60.03764 -54.84427 
-56.4971 66.13459 -53.96668 
-57.53368 66.79901 -53.55538 
-31.04768 -44.90947 7.508801 
-53.08402 68.31107 -54.3312 
18.47061 -52.78874 9.784589 
-52.53021 74.58131 -54.01609 
-51.33474 75.22267 -54.54648 
-59.90807 59.80336 -52.99799 
7.723261 11.83262 27.00614 
-49.24158 74.16599 -53.93269 
-50.60986 73.70854 -53.71557 
-22.24605 2.948148 25.23998 
-49.8216 75.92976 -53.98021 
32.47121 -26.97476 10.01356 
9.681561 19.27246 28.24782 
-20.51172 -6.335889 19.53589 
-56.08297 69.87285 -53.00841 
-51.95506 73.78208 -53.58805 
33.02698 -26.00728 11.56734 
22.61861 50.90132 25.30742 
-49.95573 75.70131 -53.00722 
7.074614 20.93071 29.9175 
-8.76443 21.44523 30.43281 
-53.50327 66.59291 -54.45406 
-50.19224 73.82682 -52.86635 
-51.1833 76.39635 -53.39939 
-56.76992 59.74974 -51.80689 
-31.67485 -5.411816 19.47135 
34.4745 -22.17234 9.874785 
-13.64251 13.05798 26.86694 
-59.29917 66.95916 -50.99019 
-54.29197 68.67268 -52.12816 
-50.81956 75.35589 -52.21496 
-54.33439 75.57557 -52.73423 
-40.65796 -43.46948 8.507585 
-51.13393 76.25132 -51.94449 
10.67617 22.56322 28.96489 
-58.44356 58.38135 -51.91107 
33.53028 -21.54587 11.03655 
13.41658 -3.692978 20.0736 
14.36357 -20.13411 12.16659 
-58.74726 65.83919 -50.7607 
-16.54276 -3.546171 19.29129 
-22.13429 -19.55646 10.36429 
3.88571 44.79167 35.12038 
-56.05047 65.3529 -51.56469 
-55.24611 65.83722 -51.67333 
-58.23366 69.14755 -51.92894 
-51.792 73.08939 -52.12067 
-55.03032 74.42577 -52.22871 
-42.9939 -18.27635 11.25948 
-13.80073 -2.2011 19.18616 
-59.78394 58.80117 -51.28247 
-57.54699 62.14882 -52.25581 
11.54925 24.68779 28.87041 
30.39657 -1.283274 19.09348 
-57.45485 69.92528 -51.66971 
-54.34269 73.56143 -52.28971 
32.73938 -15.46367 9.857741 
-52.31289 73.68577 -49.7886 
-42.08462 -14.46002 10.06651 
-52.47905 76.75768 -51.87266 
-34.04549 -1.731646 19.66603 
-59.62729 62.84182 -50.58123 
-24.37255 -13.98028 11.02491 
-56.09713 65.98071 -49.16121 
-53.59843 72.29398 -51.04342 
-52.79115 72.65264 -50.58701 
-11.83598 15.57032 27.33342 
-60.64605 59.64639 -50.54158 
-39.9333 -13.01461 11.41059 
-59.39938 63.59715 -48.48216 
-56.91474 64.91235 -50.26931 
-15.45583 26.72537 27.74248 
32.17812 -12.94783 10.42804 
-26.66125 3.255365 25.00675 
-23.76575 -11.99176 11.14961 
-54.01196 76.30114 -52.18702 
-51.93968 75.66714 -49.58047 
-25.85793 2.826365 25.35705 
-55.32812 76.37195 -48.65543 
-54.04107 76.33256 -48.78514 
-32.00499 -38.43149 7.074329 
-60.24786 61.17274 -52.4018 
-13.97767 27.22226 29.15301 
-29.64629 -38.90928 7.487607 
-55.35485 67.83937 -50.07705 
-34.32082 -36.90515 6.868766 
-31.57949 15.14108 17.72299 
-56.48347 61.70518 -49.956 
-57.17136 62.83076 -49.40699 
-19.50156 4.719923 25.67799 
-60.15874 66.16257 -48.79603 
-59.67259 68.45506 -48.81749 
-10.02576 2.844991 19.21949 
-58.32829 69.77402 -49.7232 
-56.06329 69.77636 -49.77354 
-54.81881 71.41166 -49.51935 
-26.73017 53.96033 24.5267 
3.196728 4.145143 18.41699 
5.498879 43.55827 35.5933 
-7.841825 3.734821 17.74131 
-56.88482 72.82172 -49.86501 
-56.94528 74.53267 -49.84361 
-60.97104 59.77969 -47.43823 
-1.676591 60.58232 -48.73305 
-0.3368466 61.08036 -48.88997 
1.027299 61.17393 -48.82968 
-0.6199742 61.5671 -48.46794 
2.929837 5.478862 20.01938 
-56.36913 60.80991 -48.25441 
-56.6972 62.98577 -48.71252 
12.71697 -6.834936 12.32938 
-56.8553 63.87729 -48.55475 
-57.43484 64.87396 -49.01279 
34.28061 -7.568689 10.60268 
-36.52397 -36.85733 7.477109 
34.67988 -6.622792 9.77017 
-52.41457 74.82855 -48.23746 
-58.78232 74.21345 -45.82198 
2.351871 58.93568 -48.16538 
0.827843 60.15876 -47.92534 
3.009938 60.39407 -48.51239 
2.21454 61.39694 -48.37277 
-61.3192 62.83835 -47.75449 
11.74435 -5.543841 9.484075 
-56.17324 64.50468 -48.13039 
-60.50186 65.60735 -47.69424 
-25.30545 -35.56945 8.057073 
-59.61343 69.09493 -47.55225 
-55.99785 70.1511 -48.1206 
-57.08958 70.07653 -48.2601 
-28.97026 -50.4441 25.95715 
-1.489198 59.63255 -48.56904 
-61.57388 61.50808 -47.60847 
-9.80827 68.06082 36.89237 
-23.98848 -32.82243 7.435417 
-34.59237 10.92518 18.89247 
-55.69058 62.09482 -47.39441 
-59.3845 64.48692 -47.90338 
-56.1922 64.21672 -46.74286 
35.01034 -2.873351 10.53485 
-60.52903 66.81327 -47.70142 
-54.62464 67.13627 -47.1335 
-55.62029 68.30627 -48.27919 
-24.1695 -48.23907 16.93381 
-54.94436 69.94781 -47.32269 
-55.83855 70.86908 -48.08072 
-54.08567 71.59118 -47.65609 
-39.04019 -31.1729 6.981402 
-26.59936 55.50392 24.1283 
-33.56908 12.65024 19.05535 
-57.59962 59.12373 -47.78009 
-61.16964 64.32519 -46.92632 
-14.4371 16.01658 27.44889 
-54.80583 66.19031 -46.73157 
-10.72948 0.921329 12.1707 
-58.85117 72.25074 -46.4608 
-53.36659 73.12069 -46.81845 
-53.5475 75.58456 -47.22409 
-29.90252 15.63067 19.51943 
-0.3220567 58.66612 -48.16328 
-59.67801 58.94133 -47.3061 
-28.34115 3.940243 24.691 
-56.09694 60.10203 -46.79369 
0.6125171 61.66016 -46.0408 
-62.12933 62.30874 -46.79031 
4.421031 2.818034 10.73573 
-60.53723 69.41596 -46.47503 
13.05994 38.53777 28.7685 
-58.09563 70.37391 -46.8756 
-53.25333 74.89433 -46.19422 
-56.62647 75.91745 -48.44214 
20.60057 18.13758 16.76467 
2.010072 57.95499 -46.01011 
-25.49622 18.9156 19.05217 
-57.75993 58.70864 -46.38165 
-62.04138 60.21899 -46.15124 
3.176727 60.81682 -45.78244 
-61.37815 65.75124 -45.4946 
-61.45409 66.41376 -46.70197 
-21.92889 22.6139 18.7707 
-59.19685 70.94528 -46.06143 
-53.28335 71.68808 -46.22522 
-60.46793 58.43161 -45.90956 
18.36529 23.82745 19.25183 
-16.70726 40.92303 31.50912 
-56.07177 60.56263 -45.90186 
-55.10898 62.04259 -45.05595 
-13.86848 18.55566 26.68278 
-52.61856 73.51323 -45.37135 
-2.054637 46.7612 35.12029 
-57.45316 75.78397 -45.34008 
-38.40165 6.531847 10.8588 
-20.39657 27.42165 18.69701 
-2.756933 58.84205 -45.95442 
3.52078 58.70753 -45.89959 
-57.53827 58.86683 -45.2753 
-2.73289 59.68296 -46.01324 
-62.13606 62.02594 -45.61529 
-1.678255 61.41409 -44.51168 
-0.6943791 61.47373 -45.7956 
-61.18378 64.19208 -45.47063 
-61.28854 67.72939 -45.95373 
17.56845 31.0725 21.09637 
-60.99474 68.6559 -45.30617 
-59.55957 70.7424 -44.91036 
-59.8129 72.56058 -45.42791 
29.504 -29.64697 7.750599 
-52.49614 75.06677 -45.05651 
-21.53319 -27.85229 6.822563 
15.87061 42.68131 29.37624 
-53.4481 75.22924 -45.76235 
17.92823 32.47042 18.95724 
-49.35255 83.28358 -45.96861 
-48.40613 84.05244 -45.23146 
-0.4402948 57.70478 -45.87885 
0.5829728 47.27432 35.17976 
1.068278 57.19998 -44.96162 
-2.83181 56.96359 -44.58096 
-59.94406 58.54081 -44.90499 
-26.0973 5.992875 25.593 
-5.304775 60.25095 -43.87076 
3.819894 60.06385 -45.83638 
-41.43387 -52.89941 11.69829 
-20.87114 38.64275 19.01966 
19.15978 38.37666 19.50156 
17.85158 -28.47552 7.267408 
17.53482 46.79451 30.51834 
-53.78086 66.98105 -44.83299 
-54.71823 69.4697 -45.78632 
-26.79774 18.01895 11.17744 
-56.04045 75.81493 -45.47863 
-50.6565 81.71162 -45.46602 
-51.74781 83.09565 -45.17688 
-52.93288 81.47205 -44.66043 
-49.79918 84.27547 -45.45704 
-57.67092 58.51292 -44.11415 
14.66666 -39.56211 18.32968 
-3.531343 46.12119 35.14717 
-16.36427 6.770357 25.92468 
-2.153612 60.71895 -45.84727 
-20.66371 46.74912 29.41511 
-55.6306 64.10352 -45.23344 
-41.40347 -46.18469 16.90643 
18.45736 24.74357 12.51046 
-52.9026 70.58976 -44.41378 
-59.4686 74.88486 -44.68939 
-55.8138 76.76029 -44.14946 
15.44026 -31.94943 25.89247 
-0.4535468 56.89172 -43.7372 
4.566322 56.56961 -44.13128 
-13.41466 20.29006 27.90638 
-62.30956 59.62822 -44.06654 
-20.45102 31.19647 10.54907 
19.63741 48.4839 29.45166 
5.37016 60.70267 -43.90229 
-19.74232 32.90969 9.899426 
24.78293 53.93433 19.90938 
25.98267 58.22405 19.11056 
-58.34881 76.19601 -44.37771 
16.1284 -22.4593 7.88723 
20.07215 52.9211 30.52043 
-48.50996 83.49239 -44.46363 
-1.31618 56.64267 -42.58387 
-60.48195 57.73943 -43.27044 
8.690273 64.56754 37.4807 
5.901114 59.09433 -44.33186 
-25.06687 41.91398 10.46484 
2.566086 67.87124 37.61772 
23.82988 41.5097 11.2778 
-55.72615 59.74663 -44.26122 
25.08242 60.89762 19.82458 
2.819209 61.31758 -44.54351 
-62.58979 66.85683 -43.92603 
-52.15659 71.11493 -42.69153 
-59.95333 72.62276 -44.28529 
-52.18336 79.61071 -44.34676 
-12.81486 -2.556337 16.86938 
25.74344 45.9427 10.73678 
20.10874 57.25483 30.65448 
-49.2305 82.22856 -44.67158 
-49.07429 82.72623 -43.71205 
27.77946 46.66635 10.46111 
-49.26369 84.33079 -44.43344 
-51.84711 84.07196 -44.24889 
-5.777497 58.46927 -43.3682 
34.02634 47.32748 10.36474 
-0.7656295 62.76877 -44.11853 
-0.1551486 62.82868 -44.36833 
-54.1157 65.4869 -44.93521 
-60.70086 70.32189 -42.5015 
-60.71957 71.51178 -43.33934 
-60.46137 73.29045 -43.11197 
-52.39684 73.23698 -43.81175 
58.71384 76.1525 -43.27827 
-54.1458 76.45347 -43.63303 
57.35923 76.95478 -42.85503 
33.04679 -20.98462 7.01882 
-53.89442 78.20782 -43.67952 
-5.916044 6.950574 25.2861 
52.30758 80.84402 -43.63967 
52.58524 81.63609 -43.70979 
-53.14933 83.11177 -42.57701 
-61.14901 58.34985 -43.00576 
6.311543 60.91885 -41.88556 
-4.230255 62.152 -41.91753 
-54.97791 63.66983 -42.10196 
1.84518 62.72144 -43.79257 
-62.96957 62.98309 -44.17946 
-61.91829 64.87669 -43.7234 
-20.71198 78.27525 18.22799 
20.22781 77.64882 19.14341 
18.1694 25.94691 15.39606 
-61.64819 69.16368 -43.31349 
59.53794 74.52577 -42.58201 
36.98098 52.61859 11.04562 
-53.19331 75.6138 -43.2316 
57.77254 75.19395 -43.13015 
-56.29421 76.86218 -43.00906 
-53.59003 76.75489 -43.06964 
-50.89968 80.20572 -44.11633 
-51.94861 77.09186 -42.3042 
-49.8132 81.06234 -43.29657 
52.6655 80.33492 -42.66837 
53.71523 79.9027 -42.6968 
51.75909 81.2617 -42.88774 
-23.78029 6.805649 25.49592 
53.55939 80.92372 -43.59689 
-54.31352 81.89568 -43.16572 
-50.61353 83.10501 -42.55801 
-51.24765 83.66427 -42.79056 
37.29151 55.25031 10.76386 
1.562006 55.6916 -41.68103 
-3.008415 56.30126 -42.92188 
0.9421869 56.88065 -43.85323 
32.40626 -19.43383 6.619017 
3.727452 56.23188 -43.24401 
5.674783 56.59143 -43.05164 
24.37986 59.45946 24.77746 
-54.56425 62.20988 -41.8589 
-5.06237 61.14228 -43.11641 
-24.96185 -44.19394 16.04195 
-62.74045 63.15396 -41.7949 
-0.9549679 63.04585 -42.69856 
1.740651 63.15238 -42.4272 
-42.80029 -17.79138 6.560339 
-62.6125 65.92912 -40.99023 
-53.95095 68.3723 -43.14233 
-33.72449 58.4939 10.72019 
-52.44768 69.44615 -41.61705 
-52.39658 73.589 -42.06739 
57.51239 75.58684 -41.66868 
-59.33199 75.18839 -43.09179 
29.92287 -39.89747 20.29484 
54.19312 80.19255 -43.02105 
-55.09786 79.67139 -43.10477 
-14.39035 6.694863 25.20899 
53.72316 82.20093 -43.03729 
18.97226 69.89098 29.56652 
6.113169 56.75317 -41.13288 
6.854671 57.61454 -42.03433 
-60.73336 58.68237 -41.15808 
-59.42394 58.20331 -42.69372 
-6.378262 58.91386 -41.73407 
-57.69334 58.3256 -41.68133 
7.018376 60.12878 -42.36115 
18.52468 30.40678 17.62366 
-19.99805 30.82622 18.15446 
-55.07821 60.3885 -42.16067 
-62.35516 60.44723 -42.51869 
-6.236436 67.6618 37.62928 
-53.61674 67.96722 -41.64903 
6.327318 87.62487 18.43234 
-59.98208 75.3379 -41.64017 
57.73307 73.88229 -40.29309 
18.13622 28.82097 11.00286 
-57.43341 76.24643 -42.4052 
-55.56966 77.2072 -42.592 
-50.40555 79.73654 -41.6374 
-41.74982 -13.54544 7.477457 
-49.86173 81.33413 -42.47441 
54.3186 82.82274 -41.73177 
-0.9332829 55.35293 -41.29905 
-62.81098 60.89708 -40.99545 
-7.102376 61.65539 -39.9451 
-27.01507 61.27274 25.36809 
3.567851 62.18607 -41.53273 
-2.175222 62.45986 -41.74419 
-61.94533 68.75159 -41.72971 
-25.02504 74.54232 10.65865 
-51.34093 74.18359 -41.17361 
-20.30498 5.630044 25.65194 
-57.62242 77.85371 -41.64591 
54.87053 79.46582 -41.917 
55.74248 80.92316 -42.18157 
-51.42524 80.8799 -40.64833 
52.1255 82.10542 -42.42466 
-37.92976 -52.83168 19.86808 
9.288657 49.54046 36.42605 
-2.235337 54.67616 -41.51002 
-34.02204 -52.82859 20.4923 
0.3177346 54.85773 -42.40635 
2.921266 54.46677 -41.4412 
4.079338 55.82603 -40.79572 
15.42235 -52.43412 17.52777 
29.10993 -52.51123 21.2472 
-1.013599 63.94707 -41.54946 
-22.38453 -51.22939 19.32897 
-28.55337 70.93943 6.935198 
-61.03441 72.2778 -41.22939 
59.44848 76.79765 -41.27968 
13.7788 -49.1417 19.94087 
9.010117 79.17817 30.16823 
56.17196 79.65088 -41.38046 
-51.96914 82.59789 -41.48036 
3.303014 54.6879 -39.46943 
-4.029343 56.3781 -41.3961 
-5.188199 57.04741 -42.12421 
29.68929 -44.34484 15.99514 
7.602094 60.20187 -40.27341 
9.830008 65.80579 36.34739 
-37.56263 -48.58736 20.67206 
-53.50754 65.5126 -41.83034 
0.2560174 64.12144 -41.40391 
-62.6686 64.47931 -40.25058 
0.1780509 67.53556 37.46839 
-60.79015 73.68249 -40.15178 
-20.86648 8.531208 25.71114 
6.067898 89.11177 11.4087 
-51.06661 78.62077 -40.27351 
53.64955 79.73376 -40.70407 
5.5189 81.70306 29.7334 
-40.64283 -6.14878 7.303601 
-11.39752 48.32491 36.54412 
-2.707944 54.78654 -39.5915 
-4.87062 55.69571 -40.29447 
5.695611 56.17876 -40.30189 
6.587676 57.21987 -39.81281 
-54.19305 60.77444 -39.36025 
6.832533 61.46983 -40.2477 
-53.59237 62.09514 -39.1696 
-1.333232 90.57076 11.80831 
-0.02100154 64.44353 -39.1715 
-62.65167 68.60505 -40.25491 
-21.53485 44.95751 27.9654 
59.484 73.06309 -41.31091 
-59.73438 75.02623 -40.13799 
-58.3993 75.86536 -40.82232 
60.5754 75.76284 -41.14947 
-58.21177 77.81008 -40.51241 
-51.03459 77.75097 -41.03977 
29.11479 -41.24836 20.18668 
-56.40258 79.09622 -41.04387 
-53.3384 82.26581 -40.96689 
52.96348 81.70988 -40.17898 
1.427086 55.04753 -40.34038 
4.720571 54.24649 -39.12479 
1.81925 2.882744 28.8886 
-1.886207 2.50146 40.7949 
3.795057 13.63136 28.30625 
-2.782768 63.05305 -39.01627 
2.396761 63.78365 -41.01344 
-1.866657 63.96957 -39.20623 
-52.5436 67.36796 -39.53024 
35.00659 -4.133535 7.670898 
22.97653 64.21768 24.40306 
-40.41575 -2.228467 7.249031 
58.55221 72.05834 -39.54078 
16.75299 -53.56893 29.54268 
38.50945 -53.22171 10.66339 
-50.66187 74.82468 -39.94358 
61.35382 75.35615 -39.23449 
58.13985 75.82985 -38.71081 
60.27873 76.46036 -39.19901 
-50.36589 76.86105 -39.86821 
55.48051 77.98311 -38.69124 
54.40076 79.03077 -40.28239 
-57.61024 79.07854 -39.27451 
-56.20584 79.76184 -39.81874 
56.30527 82.25294 -40.78326 
48.51745 87.17021 -39.8289 
48.37477 88.12864 -39.40744 
-1.212829 54.5943 -39.0225 
-0.1245815 54.56155 -39.55256 
2.233552 54.38552 -39.5317 
30.80169 -37.27156 19.87694 
38.62698 -51.48104 10.35195 
5.277771 54.77911 -39.08122 
-55.92255 59.14292 -39.32486 
-62.39032 59.74908 -40.37681 
-7.031057 58.72962 -40.22758 
-3.558547 69.35926 37.6087 
-40.54239 -0.7319808 7.483236 
2.844955 63.90086 -38.91411 
57.4818 74.70132 -38.39086 
-58.96103 75.44621 -39.33948 
-58.69342 76.77568 -38.99769 
58.05989 76.93906 -40.78112 
35.27407 -2.558852 7.774754 
57.46742 80.84789 -40.24922 
50.62807 86.38472 -39.3838 
49.44878 87.81778 -40.27437 
-25.39615 -30.23007 20.75541 
49.48613 88.78157 -39.31072 
-3.417295 54.81956 -38.69673 
-59.68339 58.59136 -39.28096 
21.45933 -46.52216 29.42642 
-6.717909 62.23042 -38.998 
14.6776 -47.08341 30.20943 
32.48868 -30.34052 20.54901 
-51.70765 69.37956 -38.85211 
-61.60032 69.75689 -38.99273 
-52.17929 71.5931 -39.66504 
1.705999 57.14515 39.40374 
-61.24931 74.47544 -38.66468 
-27.23234 -44.038 11.76032 
56.1819 78.39877 -39.7233 
-43.67928 -44.38993 11.7186 
-29.4187 -43.91429 9.728506 
-12.11318 57.08994 37.04836 
-4.418611 55.59413 -39.20062 
-5.252113 56.82632 -39.11815 
6.633783 3.210413 7.741286 
-7.419725 58.77937 -37.80196 
19.59323 -40.22298 29.46724 
21.64201 -40.30618 29.19992 
33.03503 -27.46383 19.89207 
-62.85082 62.13791 -39.49992 
0.937901 -1.40951 44.84147 
-61.41479 71.34733 -39.05153 
61.33305 73.30317 -39.55404 
57.1989 72.9156 -37.80207 
5.415135 3.817733 6.196613 
13.50693 -22.95024 18.07697 
-50.36586 76.68473 -37.22712 
60.09346 76.07901 -37.11869 
32.87741 -22.26581 19.83605 
-52.12822 79.01884 -38.34581 
-38.82043 -40.26091 11.34179 
56.69933 82.43448 -37.01789 
50.13971 85.73776 -38.37723 
2.95123 54.25301 -37.66618 
-25.71616 -19.59099 19.01454 
4.259823 54.26485 -38.12683 
-6.419753 57.85711 -38.68767 
-59.50199 58.82066 -36.90354 
7.965202 58.65394 -38.51208 
-62.34443 60.87759 -38.4731 
8.18255 60.58088 -37.17737 
-6.556954 63.20499 -37.24892 
3.944037 62.76382 -38.50803 
-52.41646 65.06618 -38.87499 
-1.615258 65.58615 -38.22821 
25.09779 -36.40348 10.85902 
2.286213 65.68538 -38.07508 
3.29286 65.0031 -37.86679 
-62.18465 67.67493 -38.47353 
-51.23888 67.28114 -37.08353 
-62.0232 67.16656 -37.04341 
19.98776 -35.63749 10.24015 
-50.91952 72.53321 -38.31817 
16.83326 -18.11211 19.17931 
18.37791 -34.3624 10.58827 
57.28212 78.01534 -38.65158 
58.90807 80.66972 -37.4636 
-56.94423 79.58906 -38.20425 
-55.62177 79.93496 -39.00183 
27.32438 -35.45904 11.46858 
-53.9871 79.48221 -37.74036 
53.46198 81.69943 -38.61189 
57.77956 81.87526 -38.2814 
32.12064 -19.15142 19.38412 
22.13782 -35.13056 11.33713 
51.80891 87.63596 -38.8533 
24.52935 -34.46297 10.38606 
-6.001686 55.85912 -37.80033 
-57.52935 58.34056 -38.35623 
-61.39146 59.83004 -38.48872 
-28.14123 -19.16137 20.06782 
23.63759 -36.47203 30.11586 
-5.450087 6.31554 6.786533 
-63.07626 63.56316 -38.02696 
-30.53733 -17.09641 19.95046 
-62.02721 68.57585 -37.08336 
23.47863 -33.86402 29.71938 
29.85752 -16.86494 18.94602 
-37.04562 -16.05755 18.86293 
17.39446 -34.24422 10.77719 
-27.11662 46.41795 17.88439 
-50.48404 77.83353 -38.79605 
51.4546 84.68263 -37.1553 
17.14327 24.63134 19.89281 
-1.723012 54.33193 -37.08502 
-5.275546 49.01273 37.74279 
-40.72635 -30.82193 10.73595 
-4.242934 56.01325 -37.90342 
4.845668 56.32615 -37.62475 
11.04846 49.41304 35.63142 
6.743424 57.30204 -37.84833 
-36.54969 9.500027 7.147696 
26.0119 -15.94699 19.49936 
27.51048 -17.19509 21.14889 
-7.642929 61.10097 -38.38255 
-31.99613 -15.94908 19.58935 
-8.078269 62.02178 -36.72922 
7.070355 61.8601 -37.71889 
-2.965149 63.49942 -37.88229 
32.05533 -28.17481 10.51587 
61.98492 73.3278 -37.88527 
57.2311 74.673 -37.3516 
-60.30106 74.87826 -37.74299 
61.19077 75.51678 -36.82092 
-59.52516 76.39051 -37.60976 
-57.75455 78.47569 -36.10284 
56.25229 77.16185 -37.45044 
-41.25428 -27.12145 13.03939 
17.12891 81.20225 17.86002 
-57.3224 78.54875 -37.42802 
-22.16227 24.76383 18.46094 
25.12495 -12.3013 19.65078 
-0.4481919 54.24585 -36.75749 
2.460544 54.45048 -36.00717 
2.968587 55.83394 -35.68354 
-6.416914 58.20908 -36.93761 
-56.19633 58.72421 -36.17216 
-61.97115 60.10172 -36.80495 
-60.48059 59.48963 -37.10843 
-20.79693 -25.35084 11.81618 
-8.292336 59.6606 -35.70238 
33.38204 -24.27022 11.7211 
-63.00498 62.43689 -37.95884 
5.530248 63.05586 -36.04066 
-62.51037 64.91194 -37.07363 
-5.215359 63.28262 -38.04313 
24.56273 51.32834 18.48583 
-0.008928168 66.28448 -36.17231 
2.024646 66.10694 -35.85648 
57.73574 69.96213 -36.34395 
60.37728 70.82468 -37.79082 
58.17433 70.945 -37.6301 
61.50159 70.57227 -36.91821 
33.42004 -23.1485 10.93221 
-50.52177 70.59707 -36.25665 
62.46876 71.88887 -36.27776 
56.34712 74.53826 -36.8854 
-28.23036 -50.79426 10.43496 
57.62883 77.15717 -37.24012 
58.99197 78.71607 -37.33432 
-51.66661 77.57925 -36.62697 
54.8502 78.11366 -36.99385 
-56.11733 78.63821 -36.75308 
-28.40284 16.35001 8.75621 
-26.81099 -50.28115 26.14306 
26.12976 15.471 7.792241 
29.978 -37.96006 17.95153 
50.20976 86.66218 -35.39762 
49.64727 87.1824 -37.1269 
49.99734 87.45786 -36.16597 
24.30839 16.49018 7.195456 
6.966007 57.69703 -36.39614 
8.039 59.18427 -36.58625 
-60.79825 60.24026 -35.72837 
26.69689 -9.231943 19.15679 
-2.164145 65.50095 -36.28632 
-41.08812 -15.17443 12.28867 
17.696 -8.086257 19.50459 
-61.41963 70.40478 -37.21685 
1.61702 14.6459 29.39293 
56.40944 72.20809 -36.55123 
-25.82314 -8.296885 19.15143 
55.69399 76.5639 -36.6265 
58.06196 76.40456 -36.62783 
58.74045 75.95026 -36.73 
52.71524 85.80628 -37.90124 
31.41071 -1.858277 17.4897 
-22.98946 70.06728 24.36214 
50.21611 88.41102 -37.37959 
-21.15257 -11.15305 10.87197 
-5.459064 55.14593 -36.70155 
-5.625051 57.52829 -36.10962 
-19.47324 -9.696627 11.17748 
-28.40143 -7.116342 19.6294 
-53.6678 59.95803 -36.44132 
-62.22763 62.46201 -36.15466 
-51.97963 63.59731 -36.26274 
8.031451 61.66761 -36.05762 
-17.68811 -8.213807 10.61419 
-50.55947 66.81863 -35.40587 
-0.9135079 14.90609 29.79781 
-61.49449 68.67568 -35.69376 
59.13756 69.40353 -36.16358 
-40.04884 -6.735284 9.566527 
62.21814 74.47534 -35.53897 
56.16944 73.9724 -35.28173 
54.3671 76.60966 -35.30424 
-21.33397 71.31773 25.58149 
21.20936 19.0606 6.985875 
14.59295 -6.259066 19.12366 
58.85875 76.99021 -35.98325 
-1.231862 15.53661 29.90249 
54.59623 78.65906 -36.04837 
54.38197 79.28352 -36.76365 
55.18313 81.65259 -36.13244 
13.61365 8.614188 25.7687 
54.04905 86.12038 -36.78054 
51.48151 88.47465 -37.08159 
-1.933608 54.5761 -36.27063 
-1.29135 53.33714 -35.3741 
1.253856 54.39108 -36.42025 
-3.212204 55.74372 -36.34493 
6.023005 56.1953 -36.24005 
6.080863 57.65524 -35.43999 
27.9595 -5.342979 19.56491 
-60.04686 59.88354 -34.8384 
-52.64309 60.85051 -35.74403 
-61.88334 63.19278 -35.00504 
20.9162 71.43493 25.49793 
-7.370082 63.25313 -35.73405 
-4.907433 64.02448 -35.21626 
3.540341 65.25336 -35.78854 
-62.52346 65.72096 -35.76794 
10.4262 -3.543987 10.49117 
-22.17669 9.209567 25.45295 
3.425837 15.80704 29.8668 
-60.12929 74.66511 -35.85884 
-50.23108 75.18063 -37.69477 
-15.6027 -2.60693 19.8127 
-39.62218 -1.080833 12.32519 
-13.66548 -1.865996 10.91187 
-11.70654 10.40482 25.96565 
57.96996 81.87108 -35.63704 
-6.077554 -9.377388 53.82121 
55.65628 84.72867 -34.57428 
55.73795 85.46926 -33.74026 
53.41978 87.49506 -36.3561 
-14.50357 -0.1316449 20.76357 
1.66752 52.64014 -34.24734 
2.172298 53.78554 -35.2561 
-2.124636 54.93509 -35.08439 
-4.497359 55.25865 -35.41254 
-6.27826 57.14109 -34.84197 
15.88115 27.08825 7.220349 
-6.99437 58.38124 -35.73272 
-3.661763 -9.805083 53.89256 
-57.86531 58.64998 -35.62881 
-19.55165 28.25226 7.190701 
-52.17829 60.08159 -34.57491 
11.33124 -0.1775404 19.85116 
-51.18321 63.41458 -34.98803 
-2.096177 65.90197 -35.94794 
-1.232686 68.12321 -34.95244 
6.316082 2.420824 10.90823 
1.330436 67.67981 -35.46671 
16.21761 28.759 8.0552 
58.23032 67.69032 -34.61091 
-11.0248 51.47942 37.42317 
62.60535 72.24722 -34.85513 
56.28061 71.69035 -35.50903 
-50.90474 75.52865 -35.94139 
-20.06078 29.11518 7.708545 
60.55258 76.15884 -35.06506 
-1.830839 82.7424 30.05255 
-58.70358 76.5343 -35.22364 
60.08556 77.97974 -34.94938 
-54.30734 77.89514 -35.71902 
-55.39964 77.78822 -35.04806 
-38.79271 5.034859 10.64996 
6.923975 17.74728 28.90819 
53.18745 83.69279 -36.05367 
54.07741 84.15156 -36.07516 
-10.93262 2.972552 20.19449 
-0.9692193 52.78421 -34.09958 
-17.98698 29.80011 6.876008 
-2.445756 55.27139 -35.14041 
2.106873 55.37962 -35.03317 
-4.93414 56.73902 -34.36596 
-18.85893 31.07049 6.656861 
-6.567935 57.53463 -34.80229 
7.967871 58.30276 -34.85019 
-53.27997 59.3064 -35.20356 
-0.3238446 6.856425 10.94452 
-60.91897 61.11558 -34.26156 
32.25394 9.005079 11.03939 
-6.752532 63.74087 -34.19037 
3.909554 66.18449 -35.02446 
30.81057 10.11812 10.03148 
2.647071 68.21697 -34.35126 
18.3499 35.54064 6.316617 
-35.19984 11.58873 10.83706 
56.51579 69.35049 -34.83864 
55.49437 71.23866 -34.26601 
61.65604 70.21367 -35.75779 
-61.43817 71.55103 -35.90919 
-60.76726 72.8935 -37.02294 
19.36345 36.16858 7.969843 
30.55297 -36.299 18.09782 
28.12811 13.8846 11.09988 
-52.24272 76.65621 -35.10119 
-5.81295 6.307283 19.71139 
-3.891615 -6.706026 46.72727 
-55.13635 76.5287 -33.54173 
54.61117 80.73408 -34.51336 
55.64497 80.84925 -34.21218 
1.20577 5.827554 19.22939 
52.35725 82.87472 -34.47038 
54.38065 82.82163 -35.16589 
51.06281 84.509 -35.65485 
25.75151 16.72402 10.93147 
-1.568419 52.90056 -34.68011 
0.1961004 54.10824 -34.45332 
2.558513 54.72452 -33.67298 
-50.4556 56.67456 -34.02077 
-34.49072 6.448216 20.00972 
-52.85526 57.23928 -34.72818 
4.366098 56.33284 -34.0071 
-52.12283 58.38467 -34.96784 
-11.40953 22.72436 29.86538 
17.8794 -49.66701 10.71099 
-8.291581 59.57666 -33.54005 
3.699856 69.88462 37.521 
-25.21294 41.98959 7.306772 
-25.34552 20.66956 12.93062 
4.251773 63.75793 -35.57136 
-29.56387 59.43324 17.67683 
-3.287824 64.90167 -34.47086 
-61.61522 66.26334 -34.53221 
28.0341 10.71235 19.63339 
26.54929 11.49082 19.64121 
-4.930201 69.07887 -34.51631 
37.62988 -49.71073 10.96441 
61.35684 69.2261 -35.06679 
-49.74887 69.76871 -34.217 
-61.02127 70.29429 -34.88859 
-5.105667 70.61684 -34.63327 
-60.1795 72.0369 -33.62185 
-27.09369 44.30169 6.91316 
-50.51697 74.42908 -34.67286 
62.40472 73.71954 -34.58593 
26.27432 59.27351 17.97166 
54.12313 79.41761 -34.78938 
20.61137 14.61069 20.37569 
59.71149 79.33164 -35.63307 
-20.74849 28.3364 12.01866 
57.49136 81.34393 -33.60303 
54.55859 81.53678 -34.27511 
54.24995 82.35075 -34.71035 
-28.67702 46.03938 7.928192 
2.137696 53.20769 -34.1848 
3.811598 55.89211 -34.60968 
-55.27436 56.69768 -33.71192 
5.215171 56.62394 -33.41484 
-11.98201 28.59462 30.03146 
-6.063313 57.57653 -33.89453 
7.024535 57.94055 -33.94614 
-6.97778 58.61199 -33.79476 
8.84767 59.82555 -34.55509 
8.640113 61.94256 -33.55118 
-8.818435 62.34672 -32.34174 
-22.04058 37.24158 10.43749 
7.521398 63.23142 -34.11495 
5.280081 64.72431 -32.28395 
-24.47764 17.98537 21.63773 
-3.861752 67.02279 -34.09535 
-2.686585 67.283 -34.52217 
-3.411968 69.21295 -34.06382 
-11.16113 30.18851 30.63989 
62.58057 69.23346 -33.61225 
-60.32728 70.33438 -33.08699 
-7.095761 71.21741 -33.98662 
-21.84641 23.90468 19.97047 
63.5373 71.96365 -33.07452 
-49.52559 73.63436 -33.58627 
54.11406 74.98567 -34.04446 
-27.2327 43.26328 12.79087 
-51.42539 74.13241 -32.76558 
-59.87072 74.03504 -33.82827 
55.73248 82.60382 -33.91776 
52.96404 87.56596 -34.28354 
0.1636018 52.61718 -32.78891 
-2.843982 53.27652 -33.06021 
-4.359316 54.37246 -34.27623 
-51.2354 55.8728 -34.10387 
4.188224 55.5896 -33.24517 
-49.87667 56.33959 -33.15285 
-55.44395 58.79675 -34.32755 
-39.49108 52.32771 7.263491 
-57.4 59.29326 -33.42793 
-48.11752 64.76514 -32.33516 
-4.084255 64.52161 -34.04867 
-49.34252 65.91183 -33.63766 
-19.68565 34.24902 18.06664 
35.21012 49.12449 10.76132 
-4.313669 66.79884 -32.96945 
4.529284 66.59952 -33.40704 
12.43162 9.6199 26.16405 
58.36648 67.16353 -33.69522 
-61.79549 67.9254 -33.78402 
-19.81841 35.28504 18.25653 
4.179573 68.78945 -33.4119 
-17.46053 56.32767 35.61461 
-22.54185 11.17253 25.47885 
2.724429 69.28724 -33.64545 
7.131413 69.64833 -33.47208 
41.39771 53.55152 6.693489 
-6.542012 69.90817 -33.18879 
-1.374798 69.71761 -33.96104 
-49.15484 70.42201 -32.84556 
-49.64056 71.67757 -32.20379 
-49.95006 73.23586 -35.42136 
40.33015 56.88854 8.002797 
-6.299005 72.17883 -33.76394 
-59.58309 72.6769 -32.72653 
-52.07665 75.76131 -32.9329 
-57.1018 76.7711 -33.8128 
-34.52036 53.34012 10.47126 
59.27797 80.48364 -33.4363 
53.6483 80.3699 -33.73522 
55.55186 81.56113 -33.56091 
41.2215 59.6687 5.362479 
-39.8361 57.52813 7.138954 
22.23287 42.29256 20.0925 
-37.84558 61.445 7.057612 
-1.942354 71.91502 37.20711 
1.616797 52.02177 -32.09536 
3.789323 54.499 -33.28739 
-53.42989 55.45661 -32.96041 
-50.70562 54.9679 -32.58502 
23.37551 44.69637 19.19232 
-40.39115 -32.17659 18.09099 
-4.411125 56.70387 -32.88758 
-51.37895 58.29241 -34.05903 
-49.23688 62.88508 -33.00643 
8.542199 63.18313 -31.61745 
-15.18991 83.18001 18.86881 
-7.425076 63.83215 -32.95791 
14.47725 40.61192 30.75001 
-48.90327 67.2128 -33.60065 
-6.053678 68.51358 -33.25796 
6.604628 68.46796 -33.49722 
-61.73003 68.81211 -33.62675 
31.56872 -31.77553 16.95946 
-2.627542 70.2319 -33.12821 
5.276434 69.54898 -33.57907 
54.65888 71.05527 -31.21636 
-29.25422 57.04268 20.82828 
24.43353 68.81889 17.41905 
60.6097 75.66784 -33.91502 
-55.19535 75.80484 -32.60285 
-53.08899 76.33748 -32.6225 
61.08599 77.84068 -33.76502 
-22.85366 53.16987 28.24524 
51.97427 80.8633 -32.80562 
56.5585 81.89979 -32.58879 
55.03858 86.3641 -32.60464 
49.63733 88.73582 -33.29645 
49.49022 89.65987 -33.34855 
-29.81676 61.20616 18.95209 
2.330349 53.85819 -32.04881 
-51.96042 54.73291 -31.95926 
-56.51603 57.228 -33.09993 
6.931869 58.1878 -31.81297 
-6.728637 58.8295 -31.90669 
8.042813 58.91512 -31.58225 
-59.38521 60.18948 -32.94134 
-49.90169 61.27253 -33.65305 
-5.520782 4.460016 28.3624 
-61.37006 64.73416 -33.11555 
-19.12945 44.12589 29.73359 
-4.179856 65.56938 -32.67677 
-27.42208 72.05119 11.48668 
-6.690349 67.17609 -32.55612 
5.550677 67.56069 -33.10875 
-60.28126 68.75506 -32.22774 
56.9062 67.54456 -32.145 
6.863346 68.27213 -32.12169 
22.05389 74.72891 11.14953 
55.81298 69.05938 -32.69095 
3.460074 70.07851 -32.22509 
-26.22668 68.85605 20.48368 
-1.819941 70.88873 -32.54591 
13.47147 -34.94963 16.96519 
21.16669 76.20669 11.00069 
55.15257 73.20499 -33.5175 
18.61051 78.56989 12.12681 
-23.30701 55.43602 28.41425 
-19.72803 79.76706 11.54022 
18.02578 80.3913 11.70005 
-21.21413 49.29567 29.661 
16.34658 81.08592 11.83496 
51.83195 80.25811 -32.07714 
52.40417 82.14527 -33.55367 
57.17436 81.29681 -32.66762 
-40.25633 55.2897 7.221239 
51.80907 86.2405 -32.64303 
20.78205 75.81284 18.67117 
51.0925 88.53505 -32.01359 
48.84996 90.15746 -32.19397 
-2.232195 52.60147 -32.38475 
-49.34832 55.0265 -31.73012 
-20.61614 77.49365 21.77038 
-25.28246 72.45405 7.068852 
4.396602 56.92171 -31.89983 
8.834769 60.22869 -31.72231 
-60.25426 63.67853 -31.78764 
31.65232 -35.00945 18.85626 
-47.31336 63.92474 -31.31589 
-6.989633 64.08874 -31.41691 
5.818303 64.13019 -32.99625 
-6.217915 64.75549 -32.30934 
-61.15596 66.48267 -33.25704 
-47.82721 66.72598 -32.53149 
21.41442 73.60897 6.91391 
-7.900025 68.50444 -31.91592 
59.01836 67.19803 -31.98485 
-47.87529 69.12099 -31.75874 
62.84754 69.67151 -31.55399 
8.48386 70.63798 -31.86394 
-47.34618 70.35169 -32.16475 
4.996058 16.04896 28.64295 
-1.250819 66.01288 38.70885 
0.2071007 71.40953 -31.11543 
7.136728 70.61551 -33.26181 
-15.78686 82.88702 20.24026 
-13.74944 83.17837 20.53827 
-4.323308 72.34307 -32.95564 
22.95657 72.41533 17.34176 
-57.70972 75.49608 -32.88311 
53.59559 76.71152 -33.48338 
61.47207 75.11504 -31.89614 
53.5852 78.60177 -32.78546 
60.08331 80.06703 -32.55776 
12.91266 51.17889 34.78331 
51.6453 83.4771 -32.5794 
51.62505 84.99109 -31.51744 
50.38895 87.50118 -32.2505 
16.51616 79.55468 6.461481 
48.56026 89.18932 -32.43066 
9.390749 54.32107 37.32752 
-1.291542 51.86206 -32.47233 
-3.676131 52.99897 -32.16005 
4.111829 53.90079 -32.25266 
4.322356 54.78693 -33.03164 
-55.37635 55.71159 -32.37722 
-48.81855 55.72214 -31.03767 
-22.74999 58.02747 30.81263 
-57.34026 56.8017 -32.33421 
-50.75141 58.32552 -32.001 
-59.1128 58.54238 -31.64087 
-51.0266 59.22486 -32.67078 
-60.32817 59.38599 -31.3195 
8.877059 62.34878 -30.24869 
-6.633567 66.09941 -31.58598 
18.00395 -52.78913 11.56184 
61.38747 68.47366 -32.38968 
-3.882443 88.94865 18.43787 
-45.63676 70.27547 -31.72576 
-17.56212 59.2279 35.41283 
4.68854 71.2439 -32.26712 
3.282462 4.395159 29.67586 
-50.13166 -49.66183 11.04804 
6.532461 71.98801 -32.02674 
-5.5432 -10.34921 57.66005 
-3.057925 72.62654 -30.72032 
-7.312369 73.22407 -30.60167 
62.60435 73.95375 -32.29711 
-58.47367 74.12514 -32.21765 
14.79851 83.03146 8.297663 
29.06525 -53.67663 20.80768 
-53.78834 73.90582 -30.71029 
61.15904 77.63286 -32.41238 
-37.70142 -53.35976 18.85745 
58.08121 81.32743 -31.77077 
-28.18613 -53.19131 20.48362 
-25.08264 58.17862 27.39876 
-1.748246 50.98047 -31.34965 
24.56714 43.88902 10.82698 
3.824548 53.34169 -30.86205 
-53.42971 54.03493 -31.13389 
3.995449 55.96214 -32.01991 
19.2109 67.3233 29.90678 
-5.762814 54.83263 -30.68572 
-6.516494 56.95465 -32.43204 
-6.307019 57.75039 -30.9512 
5.787577 56.6274 -30.2039 
-30.69158 -52.68569 20.63242 
-7.627275 59.87379 -31.53022 
-48.65569 60.6671 -31.55632 
13.78484 -52.36741 20.2579 
-59.77154 61.10533 -32.38015 
-60.72227 61.1035 -30.58928 
-4.186069 0.3042148 44.99157 
17.11379 -52.87587 20.45615 
21.60586 -52.79804 18.70818 
-46.94736 65.99339 -30.90861 
-47.76575 -46.02717 11.34636 
-26.14661 -45.71358 11.67809 
5.384213 66.3055 -31.61672 
-59.35252 69.46558 -29.89348 
-9.642896 88.11893 7.683288 
32.22275 -45.93781 11.86829 
18.26248 35.30661 17.70595 
-22.19646 -27.79766 15.68641 
-25.73051 60.06769 27.17022 
8.59605 70.16197 -30.30644 
-8.625535 69.89263 -29.73878 
30.3892 -50.77033 20.44064 
-52.60218 74.00468 -31.39364 
29.99176 -47.34578 20.21361 
53.08316 77.00126 -31.17325 
62.07296 76.53454 -30.8207 
-17.84922 17.73372 25.29867 
61.85228 77.25329 -29.96276 
-5.97389 90.26493 10.76895 
51.13786 82.43752 -31.6595 
57.84582 83.1739 -30.56736 
56.88333 83.62045 -31.32676 
50.97902 86.7858 -31.67069 
49.21591 88.38313 -29.13885 
2.887643 51.65739 -30.55995 
-18.36929 71.97829 29.9304 
22.98596 -43.1263 11.43564 
-51.02264 54.14159 -30.86728 
-4.180614 55.00054 -31.39569 
-55.17312 54.28518 -30.36482 
-47.70805 54.34068 -29.3514 
-58.3262 57.65126 -32.2752 
-8.748397 60.8768 -31.94127 
-31.77327 -53.73663 8.735819 
7.320002 66.70686 -31.02774 
19.36745 78.06056 16.9224 
-60.19889 65.68566 -31.0873 
59.3852 66.73666 -30.77949 
-27.87269 -9.871302 17.75451 
-46.3992 69.54748 -31.78895 
-37.76261 -41.71635 19.48764 
-59.72358 70.37329 -31.35049 
-7.449333 70.63005 -32.47781 
2.354239 72.31063 -29.97878 
-21.27508 75.85967 6.852483 
-0.9369373 72.31985 -30.41631 
23.62015 -35.68226 11.56432 
8.352613 71.89645 -31.05062 
-50.6791 72.58396 -31.54267 
39.80156 -53.9139 6.725389 
63.10053 72.45644 -30.98025 
-15.37561 74.34261 29.82282 
-51.64186 73.1759 -31.25845 
53.17402 75.00468 -31.31404 
-56.21225 74.90195 -31.14484 
-49.89425 -53.09357 7.804727 
15.27301 75.07424 29.70241 
58.39124 80.64405 -30.70275 
60.33047 79.48054 -31.51517 
51.34513 81.70161 -30.99712 
-46.04197 -53.25818 7.189706 
53.24152 85.36169 -30.38265 
51.30536 85.56075 -30.42584 
-4.622385 45.0744 34.92604 
-36.69723 -39.22345 20.03584 
52.86909 86.81689 -29.2263 
13.79857 -37.30125 18.49681 
-40.4613 -35.22355 11.37751 
-22.71135 -34.4002 11.24547 
-19.80083 95.28881 -31.42367 
-24.57363 -36.84116 19.46893 
16.85704 80.41962 16.06531 
0.8238589 51.1454 -31.38895 
-3.492846 51.62757 -30.64185 
-3.550865 52.54237 -31.58099 
13.24931 -35.7618 19.8234 
-49.22604 53.69031 -30.30351 
-4.947735 52.76551 -30.38256 
4.302894 53.9733 -30.66534 
4.768717 17.43169 29.00464 
-57.39768 54.76851 -29.54154 
4.079879 55.8854 -30.68531 
22.2765 -53.1892 8.085014 
-49.56071 57.41963 -30.18704 
-17.23303 19.08477 26.12473 
31.84444 -33.63576 19.01144 
-48.84749 58.82199 -30.71671 
-7.156068 58.86278 -30.457 
-47.68373 58.90038 -29.47873 
8.498848 59.98439 -30.2397 
-16.04842 24.36701 26.59473 
-21.3284 -31.54128 11.79233 
13.85634 -31.04722 12.29707 
7.204451 83.98383 24.21088 
-46.96403 67.89326 -30.40806 
55.39865 66.95734 -30.32771 
61.33613 67.93812 -31.12368 
13.59204 -29.96844 11.52805 
-18.40383 20.66326 25.04747 
-44.04743 70.7213 -29.99346 
63.50435 70.07607 -30.35002 
-8.039062 72.46507 -32.22531 
3.403641 70.9138 -31.1896 
-47.23648 72.591 -30.10506 
13.14127 -27.64263 11.15581 
-20.73794 -29.29 10.53298 
-42.42204 -52.8101 6.782747 
6.002738 73.25809 -28.99742 
-58.99205 73.07076 -30.79575 
-4.580028 73.44437 -30.31293 
1.561857 73.89445 -30.47581 
12.71054 -30.90553 20.03152 
-41.92908 -25.81203 11.91461 
60.73509 79.09997 -30.36368 
51.47143 83.23026 -30.15892 
56.07814 84.89281 -30.28729 
-6.700622 -4.663404 52.18944 
19.86057 -53.40799 30.08245 
41.55184 56.74007 6.467695 
-11.97656 87.12401 -30.7489 
-13.8629 88.61752 -30.30024 
3.270124 82.19237 29.86024 
-14.63168 90.02872 -30.89617 
49.57977 90.52371 -31.65804 
-12.3292 91.20123 -30.17868 
-15.50949 90.68314 -30.26819 
-17.03494 92.47367 -30.87186 
-16.80777 92.97933 -31.07112 
-22.63318 -24.5711 16.9746 
-16.6749 82.64519 17.14855 
-22.53759 49.11434 27.96535 
-17.06292 95.82079 -30.31738 
-21.44012 96.098 -31.28633 
14.3453 -21.63739 10.31864 
4.17524 52.62642 -30.03983 
14.57197 83.50201 17.66416 
-39.99961 -25.23114 19.45954 
-59.66986 57.46017 -29.90607 
-8.531531 83.75805 25.79847 
33.23013 -18.7837 11.18432 
6.067161 57.96873 -29.8205 
6.48946 59.63912 -29.41063 
-60.69061 58.46922 -29.40541 
-25.7606 -22.94361 20.12896 
-61.43872 62.03128 -30.13995 
-8.780542 62.17185 -29.81361 
-60.30049 63.48223 -30.98286 
-8.630916 63.04019 -30.65083 
7.793523 64.085 -30.40233 
-7.862446 65.86674 -30.72238 
-46.00632 66.02575 -29.54752 
-41.70403 -16.88603 11.88715 
-46.5125 71.39029 -30.65403 
4.264038 72.71894 -29.52648 
12.54182 -23.87749 16.26142 
18.75355 -48.88651 9.55634 
-50.02215 73.70445 -29.97829 
-51.88918 73.64888 -30.33907 
-4.481636 75.10297 -30.38612 
17.41695 -52.80735 31.76075 
-2.793782 74.42159 -30.71614 
52.83405 75.28336 -29.55386 
61.95607 74.4698 -30.56559 
21.64816 -53.01735 29.73093 
51.35076 79.17472 -31.12551 
50.86811 79.28589 -29.67649 
-50.35665 -47.83586 5.804569 
50.9599 85.30756 -30.10726 
14.88654 -52.12579 31.12972 
-24.30256 -52.93111 17.3413 
-10.69442 85.8661 -30.10209 
49.52944 86.46565 -30.51086 
-5.53945 -4.774497 45.69454 
52.48041 88.22905 -29.37298 
-18.26118 93.56953 -30.72917 
-18.72571 53.55228 34.48125 
-20.17573 94.76662 -30.71854 
-21.74069 95.45001 -31.0374 
-3.962182 57.68083 39.33661 
13.68424 -8.683723 12.17933 
-4.74041 52.90112 -29.63064 
-48.91999 -47.3102 7.984673 
-16.4217 23.83574 26.14812 
5.57686 55.57088 -29.25101 
-58.36504 55.37608 -28.67 
-46.60012 61.05278 -29.67405 
30.79594 47.28368 11.34287 
-61.60072 64.79711 -29.47991 
-8.551064 65.05011 -29.9946 
57.04442 66.00618 -29.33637 
-16.80083 26.10382 25.83971 
-38.99141 -4.606044 12.23222 
8.916744 68.41624 -30.19548 
-60.03984 67.00127 -30.12921 
-46.72726 68.79717 -30.49865 
-44.01374 69.21666 -30.06822 
-14.33835 -4.6882 11.17544 
-8.694462 70.83919 -29.46146 
-44.87169 71.58965 -28.75678 
-33.01333 -16.61734 19.86137 
-58.21547 71.85434 -29.25867 
17.5003 -18.35938 20.48011 
2.617853 -2.155448 39.24244 
-12.89395 -2.439375 11.554 
8.142294 72.85537 -29.05479 
-35.00827 -17.24347 20.50923 
63.31187 73.04196 -29.68793 
-53.62551 74.30579 -28.69603 
34.46685 -2.992654 11.59759 
3.428631 74.61341 -30.16427 
-5.80005 84.70236 24.62215 
0.1107936 75.27476 -29.79665 
59.16112 79.99448 -28.67013 
58.14149 82.12092 -30.05147 
50.87287 83.76234 -28.86106 
-44.83666 -45.19073 7.558036 
55.12633 85.21967 -29.65508 
18.16039 -46.97519 30.93533 
-5.884185 -0.9083201 41.45179 
51.2314 89.74477 -31.07953 
-13.97379 89.64241 -28.89805 
21.43985 -38.91924 30.39153 
-22.52118 96.20604 -30.20846 
19.4656 70.29517 27.2174 
-3.569421 52.96058 -28.38985 
4.88722 53.67476 -29.22596 
23.09827 -39.18261 30.08731 
-6.729208 56.32988 -29.34216 
-6.065635 -3.613196 46.32394 
20.08397 -13.78021 19.69315 
11.98098 -4.029624 18.08716 
-7.385952 61.51468 -29.53797 
-61.60276 63.23423 -29.03052 
8.554935 64.08531 -28.44889 
23.56073 -38.59394 30.13634 
13.76995 -21.97425 16.42525 
7.876513 65.44576 -29.85855 
55.20373 65.72113 -29.44908 
25.26447 -44.6123 8.510011 
59.73202 65.68002 -28.50784 
-8.33436 67.78687 -30.24022 
23.0799 -12.32568 20.07593 
-4.768322 5.39696 10.61198 
54.18414 68.00526 -29.4519 
63.02843 70.41377 -27.90378 
-58.834 71.12025 -28.45758 
63.40299 71.29966 -30.72932 
-56.04787 73.45126 -29.63341 
20.88475 -11.21304 19.63756 
-8.86023 72.37482 -30.24974 
21.42188 -37.864 30.7438 
5.948153 73.49638 -28.70263 
23.33678 -10.49017 19.63785 
-8.525092 74.06892 -28.13374 
-51.23454 74.1921 -28.87949 
-6.149513 75.15102 -29.79815 
-8.798165 75.49067 -28.3539 
33.31242 5.589144 13.41161 
2.001338 76.67936 -28.50675 
-3.420021 76.17885 -29.41071 
51.06668 79.54638 -27.84499 
59.1926 80.9939 -27.94106 
11.79734 84.04944 -29.07789 
-32.46183 -44.6959 6.318311 
12.38004 85.59226 -29.35622 
-10.97601 87.90263 -30.22986 
12.3238 86.61713 -29.46928 
-34.40152 -42.94324 7.203009 
14.66376 26.35071 26.30385 
13.99514 88.44394 -29.26912 
-31.95825 14.82698 11.5485 
13.36601 -47.98707 27.72502 
15.87751 91.94234 -29.10684 
-31.06745 -39.85321 7.414985 
2.835308 1.811711 30.74501 
-19.46818 93.63745 -28.59193 
0.9819196 -3.333829 46.41272 
-27.78325 17.20502 12.36702 
-0.2155278 51.56348 -28.81025 
22.18394 18.4282 11.83993 
23.72169 17.53578 11.95559 
-52.87817 53.58334 -29.71913 
-1.42589 85.9887 25.43396 
-35.0607 -39.86711 7.909833 
-32.81873 -39.46429 7.410408 
-7.784946 59.0369 -28.90214 
-46.86786 58.20557 -28.54074 
-61.93925 60.99724 -28.56153 
-24.37794 21.58946 10.30243 
-5.679281 8.356187 29.4226 
-61.30286 66.611 -28.92023 
-45.6813 68.27923 -28.6578 
60.94474 67.24049 -28.73627 
-60.73365 67.97746 -28.50049 
-34.339 -38.92057 7.420584 
62.55234 69.05116 -29.45196 
-9.503929 69.76318 -28.85644 
3.2015 8.555138 29.72341 
1.964612 9.287637 31.22022 
4.950207 74.97675 -29.41244 
-30.66442 -4.609445 20.02913 
-4.02481 11.65945 30.54092 
-7.088899 76.50398 -28.79264 
51.31515 76.43375 -28.22036 
-0.08889034 76.97626 -27.57632 
-4.788355 77.24502 -28.67972 
-28.04447 -38.17672 7.39638 
11.06956 83.55396 -29.29714 
-18.06354 75.10487 27.77381 
56.48291 84.8566 -28.61455 
-8.861666 85.22723 -28.59067 
48.86749 87.44968 -29.8409 
-12.56994 65.93546 36.3292 
19.40792 36.2205 12.52515 
20.10088 -31.20048 28.58697 
-10.0707 88.81373 -29.77823 
3.271838 10.83473 29.1842 
15.02785 89.50072 -28.61797 
51.17627 88.89001 -28.55811 
-11.35159 92.71105 -28.06775 
13.74497 89.13956 -29.261 
16.13087 91.21689 -29.10994 
-16.60638 92.32974 -29.33786 
-26.98718 -36.0781 7.071385 
18.3949 94.15465 -28.89088 
-14.12954 95.13079 -28.5908 
-17.65648 96.82942 -29.33887 
2.086818 47.64657 37.9454 
-50.09232 52.83993 -28.25135 
2.240211 52.98555 -27.8553 
-48.13011 53.43964 -28.91762 
-59.21783 55.58287 -28.11802 
-27.6667 45.44191 10.23551 
7.119928 58.50738 -28.16678 
7.169523 61.21329 -28.38428 
1.382284 16.01476 30.17294 
8.657155 62.36048 -28.20304 
30.94453 1.36785 18.8993 
-10.0121 62.53292 -27.88784 
-3.189639 16.86693 30.5234 
-45.18611 62.96944 -28.0985 
-10.05442 63.27837 -29.05198 
-62.21562 64.10191 -27.84188 
1.720621 16.5154 30.37014 
22.86874 43.29649 17.60547 
-43.27968 69.17974 -28.54386 
11.45944 68.04707 35.58603 
26.83626 -31.26946 7.332191 
-28.96649 49.1939 12.09538 
53.87182 72.70224 -30.70494 
-0.009629264 16.77255 30.54032 
62.66488 73.48386 -27.1866 
24.71262 -31.49883 7.538155 
7.066089 75.74585 -28.07056 
6.60372 3.033293 19.70689 
-1.908207 76.69957 -29.04049 
51.00293 78.09197 -27.98642 
-11.32794 85.67044 -29.62692 
49.884 83.902 -27.91992 
12.25994 85.08598 -28.45469 
-16.4448 75.51405 27.90607 
-10.30961 3.64501 20.4019 
4.446501 4.100995 19.99478 
-8.431405 88.00538 -27.81778 
-7.345523 5.117244 19.40157 
49.97562 88.16625 -27.7836 
0.9017526 18.0861 30.13199 
13.46393 89.89812 -28.44429 
-26.13572 42.94073 18.67596 
16.66483 91.75014 -28.57552 
14.83133 79.23048 26.36168 
26.14694 -52.96924 15.6469 
-22.20765 93.91863 -28.13576 
-32.25727 55.87041 11.84817 
20.9117 -29.63219 6.663642 
-21.27079 96.65501 -28.10115 
-51.75525 52.72548 -28.59316 
-4.853582 6.672156 20.47774 
1.041747 52.73636 -26.60952 
-56.48724 53.98828 -28.17131 
36.44631 47.82365 9.300063 
-5.431047 53.61337 -29.41035 
5.675953 55.63036 -28.11938 
-41.01497 -30.49118 7.761755 
-48.31306 56.33663 -28.3229 
-7.927604 59.10756 -28.25156 
-61.14487 59.74009 -28.61969 
-61.91519 59.25566 -26.61243 
27.39151 10.51176 21.04388 
-10.98844 67.85771 35.795 
33.07185 63.1591 10.3762 
-5.258462 18.0859 29.82387 
-33.01822 11.55958 20.188 
32.01361 61.70165 11.92226 
-11.12694 67.43549 -27.70229 
55.5147 65.1678 -27.80568 
-1.89191 18.41374 30.31145 
54.21334 65.70252 -27.7781 
58.77999 65.33778 -28.97069 
-1.237947 -7.250206 53.6227 
8.7005 67.0762 -28.14289 
-9.710413 67.42571 -28.6655 
25.77416 12.37405 19.74501 
-32.84462 -52.69165 18.25504 
24.44771 13.28548 19.50497 
-43.59126 70.63777 -27.42155 
3.837678 18.99397 30.53504 
-57.59155 72.58583 -29.35063 
-48.35196 72.96588 -29.35931 
63.13421 72.15666 -27.7958 
16.66148 38.68737 27.01662 
22.25915 13.46332 19.9956 
62.73064 75.46776 -28.56477 
0.2707617 77.49546 -26.94916 
1.060342 77.25038 -27.63783 
19.36891 39.25774 25.52536 
50.93302 81.53242 -29.12394 
10.78478 82.17596 -28.72662 
15.92702 -28.0835 8.227492 
-10.26518 83.744 -28.70875 
-28.18938 16.21453 19.4039 
30.37741 -29.29876 8.877909 
-10.63928 82.79745 -27.47579 
-39.86684 -32.77263 19.27093 
54.11258 85.33162 -27.69901 
-11.72341 86.56318 -28.14533 
10.20499 85.5461 -28.17457 
9.008543 67.46718 36.53263 
49.15854 85.92616 -27.06792 
-17.21944 92.17168 -27.67652 
16.35823 91.97535 -27.13493 
17.66336 92.93367 -29.04687 
-22.61207 94.68953 -28.75739 
17.16876 93.5919 -28.84662 
19.2247 94.13258 -28.30798 
20.38484 95.42623 -28.24488 
-54.82327 52.94118 -27.66598 
-53.16167 52.16399 -25.77883 
-47.19199 52.31929 -27.3039 
31.55542 -25.77221 7.314716 
-46.99462 53.62672 -28.1036 
-17.70053 83.03182 10.76614 
-20.30167 28.78309 19.79915 
17.19995 29.13586 19.66268 
50.16085 62.6129 -27.8534 
51.05633 62.67738 -27.95967 
16.63489 -16.93901 16.57658 
-45.37787 61.91189 -27.89965 
52.07975 62.12027 -27.52025 
51.60302 64.405 -27.58345 
-11.47058 25.25504 30.25205 
9.866224 25.92557 30.57483 
-45.255 67.17805 -27.63327 
52.72525 66.31146 -27.2824 
-23.47036 -51.60367 17.50749 
60.32146 66.59523 -27.1331 
-43.72808 67.75272 -27.33602 
18.29993 34.18425 18.98986 
62.54094 68.61034 -28.19544 
-60.12599 70.08009 -28.16135 
8.583776 70.36968 -26.50387 
9.150396 71.50617 -28.30116 
-45.9407 72.87296 -28.04856 
-55.43653 74.19553 -27.96448 
-48.77147 73.59598 -28.59538 
-22.38465 42.04605 26.4367 
19.28249 38.88397 20.41014 
22.64344 40.34563 20.72407 
3.496578 76.54639 -27.66323 
-24.07619 -18.83606 16.43007 
1.64347 89.97884 12.40879 
-2.924997 90.62504 11.0811 
1.263074 77.71031 -26.96939 
-8.469663 77.25242 -27.89987 
-8.850936 81.61724 -26.62236 
57.35864 83.69485 -28.39084 
-30.64708 -53.59464 11.15162 
-28.83349 -53.1082 11.35192 
18.28015 -53.24363 11.98457 
49.51584 86.00609 -25.87929 
52.85307 87.44888 -27.43692 
19.46387 42.14944 25.35945 
51.84578 87.65445 -26.61601 
35.74426 -53.68531 12.32288 
13.33745 87.93585 -27.7161 
14.79462 89.94567 -27.75994 
14.37037 92.87646 -27.4213 
21.39472 95.33481 -27.35027 
-10.37049 32.23956 30.70762 
-19.77463 97.19505 -28.71238 
-7.98947 32.24724 31.62675 
-36.98635 -52.68227 12.99619 
4.780416 55.98816 -26.69872 
-60.63401 57.23125 -27.61499 
25.53466 56.61177 20.11457 
6.74831 57.80186 -26.687 
50.1009 60.49073 -27.70378 
51.46622 59.7975 -26.95964 
53.09372 60.73956 -27.21877 
26.03853 59.50677 19.36945 
49.31449 60.8326 -27.29653 
-44.66783 60.35421 -26.66166 
-0.09557666 49.4494 38.43513 
-8.551016 61.8418 -27.93688 
49.91405 62.87489 -27.44748 
-27.24339 -51.47859 12.15897 
54.43718 64.53683 -27.29391 
53.22523 62.23035 -27.57503 
-22.59085 43.86663 25.1681 
-15.29472 33.68929 29.00054 
9.487646 65.89726 -27.04912 
24.79218 63.07851 20.28195 
-28.79414 63.77592 18.39594 
36.52942 49.44395 10.376 
-61.12321 68.06226 -26.391 
-42.78557 68.41403 -27.52867 
-27.33728 -49.84212 11.79778 
-49.59141 -47.72686 11.0442 
-26.2833 -48.02856 13.08144 
52.46752 73.189 -28.39982 
15.98185 -13.37974 8.612764 
6.621618 70.76077 35.89949 
18.66588 -45.68499 12.39563 
8.844743 75.93456 -26.90844 
-11.25688 37.30413 30.35086 
-25.69548 71.97186 18.94251 
8.808729 37.59719 30.59421 
-42.62784 -14.80201 7.717899 
10.55446 37.84402 29.7031 
-2.905099 77.73695 -27.05546 
5.369392 77.25739 -27.63908 
-4.322104 78.58448 -26.79688 
32.94339 -13.6618 8.456007 
-1.659717 78.00468 -27.16863 
-24.08507 74.08498 19.05548 
8.227706 83.1316 25.69893 
58.89119 81.05558 -26.09623 
-13.04603 37.83224 29.51332 
11.44507 82.78985 -28.02185 
-41.74665 -12.29861 7.284781 
55.84765 83.68141 -26.6193 
-7.60943 86.27864 -27.02913 
-41.22334 -12.06853 8.541948 
50.84595 87.59763 -26.43372 
8.143072 16.37637 28.0241 
25.85405 -51.62284 24.82979 
-21.00938 92.17866 -26.90853 
18.93921 93.96744 -27.08815 
-42.40926 -42.9306 12.55464 
-23.49194 46.00913 25.72783 
-31.5345 -53.09993 24.81502 
17.13033 95.47202 -26.77193 
-14.30383 40.00185 29.99584 
18.97642 96.51196 -26.42547 
-22.41724 -9.093369 5.814785 
14.64111 -10.04626 7.836137 
14.86964 82.01065 21.00025 
26.67209 -43.5315 11.54599 
-60.03262 56.30554 -26.87004 
-60.87305 57.94555 -26.98898 
-7.191081 59.73034 -25.75142 
-27.93779 49.24653 18.03134 
48.60103 59.89469 -25.9889 
48.76609 60.64529 -25.75031 
-19.11869 42.80752 30.5858 
-7.411917 84.5205 26.31213 
8.172176 62.09113 -26.93367 
-12.0216 63.75483 -26.54389 
-12.23169 64.79378 -26.89069 
56.82404 64.46717 -26.85829 
57.97644 65.29886 -27.31371 
-60.1646 70.35432 -26.10886 
26.54693 -28.84681 27.25796 
19.33571 -36.53254 11.9025 
52.68947 68.91554 -27.42873 
21.36523 -36.09801 11.66953 
-18.73114 47.28716 31.47812 
51.09161 72.03764 -25.72103 
-58.45667 72.39449 -27.73111 
-56.08168 73.59945 -26.23467 
-54.97631 74.16891 -26.15433 
5.205563 86.93264 20.07362 
6.464128 86.93737 20.73857 
61.05089 77.49806 -27.54527 
22.33887 49.537 26.38841 
50.94032 75.23803 -26.88446 
35.30411 -6.128312 8.488662 
4.17426 87.48698 21.06502 
-5.684152 78.48092 -26.1309 
-3.200843 79.35982 -26.83356 
-0.1045922 78.77113 -27.04895 
-41.02683 -3.816751 7.79107 
-39.72835 -27.1909 19.70678 
-1.151638 79.83827 -26.26064 
10.54808 80.22599 -27.22367 
-9.838423 81.08273 -26.62891 
-1.029342 87.65907 21.66952 
49.21851 81.78073 -27.35479 
18.18698 48.39339 29.86934 
11.56472 85.36203 -26.79675 
54.04125 85.5742 -26.48013 
29.0704 -34.39135 12.61323 
18.49047 50.51673 30.36207 
-25.09238 51.40448 25.03697 
13.86412 88.94109 -25.91657 
31.36348 -32.55818 13.12597 
19.74256 51.05461 30.15297 
30.39016 -31.76876 11.27183 
-21.132 93.83658 -26.61652 
-13.60019 95.50012 -26.92087 
-14.89717 96.26747 -25.1822 
21.6743 96.11835 -27.13389 
-50.30143 51.09124 -25.4172 
-51.62775 52.25532 -26.66924 
17.0129 -43.74726 28.78463 
-59.15504 55.67942 -26.04755 
-4.203113 54.84307 -26.75943 
-5.506214 56.53717 -26.25664 
-45.79015 57.83506 -26.81996 
-24.01382 -46.65291 17.02212 
52.81643 59.24219 -26.69668 
-45.09287 59.29302 -26.58158 
32.93322 -27.34941 11.49135 
8.094788 60.69391 -26.15278 
54.68379 60.91167 -26.53073 
56.41307 62.26933 -26.7143 
15.309 -45.42025 17.59985 
-62.06334 62.13653 -26.94345 
-44.0498 61.80288 -26.07659 
57.765 63.06004 -25.84837 
22.3064 53.82519 27.00063 
9.518533 63.33879 -26.99199 
-44.28178 66.03394 -25.96802 
32.27587 -25.72867 13.31974 
-42.27389 69.07806 -26.78092 
34.47432 -0.005068164 7.772282 
62.15926 68.7152 -26.3158 
-10.55308 69.93563 -27.53103 
8.972427 71.04617 -25.71225 
-41.60144 -23.36883 12.82516 
9.780372 71.89628 -24.82232 
-9.725806 71.82646 -27.62121 
-41.48858 -22.58056 10.6528 
-47.673 73.71334 -25.99772 
20.07894 59.1459 30.66395 
-49.54466 74.22833 -26.50879 
-52.27475 73.94527 -28.1235 
-9.879545 74.14816 -26.28494 
62.18639 73.3869 -25.79266 
13.76516 -21.38213 14.04157 
60.95217 76.28406 -25.63922 
7.963887 76.90888 -26.74697 
4.53852 78.10421 -26.14816 
-24.9773 56.40073 25.56379 
2.750073 77.42124 -26.52937 
2.41836 79.19183 -26.62514 
8.815134 78.42932 -25.73176 
10.73163 78.98643 -25.77921 
-25.10084 -44.7624 19.70713 
11.06426 80.71685 -26.98837 
-41.73246 -18.52442 12.30969 
8.302531 82.31033 -25.71728 
9.036918 84.51011 -27.39835 
-0.9115167 84.63089 27.72318 
4.949304 3.05906 7.958365 
-14.11455 89.55173 -27.24737 
-36.10003 -43.82062 20.55453 
11.68889 89.51505 -27.28462 
-31.31405 -13.89461 16.78351 
-17.33843 90.6842 -25.90081 
-20.99016 91.41943 -25.85184 
-21.32185 92.91331 -26.66745 
-28.73184 -14.26471 16.36777 
23.22108 56.72871 25.75634 
22.44572 95.84045 -26.20553 
-48.75613 51.63135 -26.319 
-45.48536 52.57494 -25.41328 
-1.481309 52.87434 -26.91429 
-46.93147 55.24681 -25.80112 
5.108479 57.64156 -24.61721 
1.110168 4.995754 7.795618 
21.60619 -51.92137 29.93159 
6.015397 57.18859 -26.6752 
50.98392 58.22511 -25.61198 
-36.28015 -37.67984 21.6714 
21.91648 -53.66049 28.13287 
13.9783 -39.6541 21.01765 
56.0071 60.10646 -25.71997 
23.27456 -53.21123 27.56225 
-22.10249 -11.40411 11.93062 
-39.44498 -37.08199 18.95596 
8.410121 62.68707 -26.28463 
50.3259 62.93692 -26.13952 
-11.44907 63.20842 -25.04408 
-62.41221 63.72094 -26.45923 
18.28717 65.43708 30.45345 
51.30839 64.67384 -26.80436 
-62.03899 65.78252 -26.0439 
9.947833 69.54659 -25.35626 
-25.80774 59.10404 25.8414 
-41.98914 67.18617 -25.35294 
51.22221 68.91388 -25.76729 
-42.27138 69.49368 -24.32785 
-44.34509 71.15059 -26.70382 
62.58035 71.38158 -25.42542 
-46.8744 73.04658 -26.79243 
-57.49957 73.22247 -25.92995 
8.615929 73.88834 -26.1742 
-25.16476 -32.89397 20.59101 
-53.18559 74.41245 -26.2837 
32.96742 -8.466605 12.26102 
-10.15126 76.76988 -26.6699 
17.66426 68.81059 30.38002 
6.150223 77.68261 -25.46335 
9.976674 77.95207 -25.79553 
50.77641 78.23597 -26.65788 
4.2116 79.57611 -25.59685 
2.087334 50.99158 38.19242 
-10.06541 78.5219 -25.80702 
-9.133156 78.98228 -26.17344 
-7.27647 79.20368 -25.94111 
-5.592773 80.0309 -26.09015 
-4.17854 80.20314 -26.28792 
-31.57742 15.37064 10.39589 
-7.018486 80.9859 -25.50185 
9.495742 81.21042 -26.99362 
-23.55553 -25.30718 18.82041 
49.10756 80.02046 -26.52174 
16.83987 70.478 29.82289 
57.88729 83.17278 -26.29917 
-34.70235 12.38527 9.404116 
49.19043 83.46125 -26.41885 
53.29299 86.14391 -25.28881 
-7.117259 87.01954 -25.26547 
16.53422 -43.64567 17.66153 
29.66078 -44.5743 19.53549 
-20.6467 91.62968 -26.54848 
27.93965 14.23447 9.236712 
-14.85314 31.4954 27.63235 
20.47977 96.72566 -24.92425 
13.19959 -26.09304 20.07842 
-38.64822 -25.77923 20.40116 
28.57766 -43.49343 19.04854 
-55.6562 52.71229 -24.32661 
-2.116905 53.2528 -26.53724 
-57.64457 54.65508 -26.98545 
3.06109 55.09166 -26.05203 
34.163 -1.366942 11.89657 
-59.81832 56.88256 -25.29184 
52.53231 58.02132 -25.4938 
49.19177 59.02823 -26.28179 
54.1528 59.06292 -25.7252 
7.589181 59.94413 -25.15701 
-14.4795 76.516 29.9264 
14.60019 -24.81557 22.44159 
-38.88026 -23.18389 20.61882 
-63.20992 62.17991 -25.60819 
58.26163 61.50079 -24.2272 
49.80138 62.62733 -24.51623 
28.4057 -41.43086 17.79387 
-62.80164 65.18709 -24.99356 
-44.30989 64.0606 -26.83451 
50.12764 66.97485 -25.06405 
-1.679471 60.68696 39.34568 
-0.6790333 -0.9511133 47.74223 
-41.72869 68.1713 -25.28844 
-39.31544 -21.1117 19.79709 
-43.48404 70.90108 -25.08641 
-13.16385 70.27663 -24.49594 
23.13642 61.70638 25.12704 
-45.25906 72.37817 -26.18237 
9.772239 72.51105 -26.22606 
-51.27832 74.14712 -24.80894 
-34.69651 -14.07434 17.62043 
10.3705 75.77065 -25.134 
-10.2934 78.74425 -24.99705 
59.9214 79.78277 -25.25392 
2.7456 79.80834 -25.61847 
0.6172285 80.83753 -23.60928 
7.471485 80.2741 -24.6553 
-6.107675 81.68232 -24.5881 
-10.32398 81.85009 28.16727 
57.73141 81.59631 -24.27971 
-10.53046 82.97133 -25.47708 
10.35283 83.23711 -25.10515 
19.12007 21.17215 5.899985 
-11.65066 86.1772 -25.22024 
49.61099 85.07767 -24.72495 
-5.829076 73.20836 35.63718 
9.070672 87.14494 -25.99641 
-36.32793 9.673375 11.43743 
-35.3133 12.14935 11.99566 
31.18086 10.10861 12.20601 
-20.10198 89.72475 -25.48311 
-24.76188 -49.03379 25.39573 
15.66118 90.29176 -24.55735 
14.25788 94.03951 -25.77762 
-19.40392 25.29878 7.236641 
-25.78131 62.75269 25.92513 
19.10733 93.48235 -25.48656 
22.22737 94.97588 -25.7478 
-40.31337 -29.71064 19.14231 
-20.1172 94.85863 -25.52596 
-44.66467 51.59045 -24.13223 
-3.306715 54.33952 -22.91403 
26.18091 16.07066 12.01604 
-62.35784 60.91028 -26.05414 
-18.17196 27.69938 7.255614 
7.645582 62.0549 -23.44425 
8.872845 63.01026 -23.76386 
-12.66719 64.46669 -22.63851 
11.47957 64.32854 -25.11501 
50.1681 63.70002 -25.27872 
50.69322 64.60397 -25.63747 
-13.10638 65.1603 -24.45827 
-61.60632 67.09969 -24.00653 
16.39221 29.64214 7.760393 
29.6924 -39.78196 17.5887 
17.74297 32.96713 7.634445 
21.4651 -8.129677 20.63646 
-58.94376 71.67922 -25.54484 
-45.88706 72.41152 -23.5358 
-44.79314 72.32077 -24.3751 
-47.5075 73.16891 -24.6336 
61.78937 74.61217 -24.69534 
18.81579 26.82693 12.22746 
49.53285 76.10847 -24.55762 
24.33793 -8.386115 20.34717 
-11.84628 75.21313 -24.44933 
18.03954 34.24755 8.65749 
59.99535 78.41775 -26.42463 
10.55336 78.45699 -25.22929 
-7.735489 68.07012 37.43061 
-20.54153 29.64313 13.47564 
59.25108 78.88094 -23.63437 
6.336319 78.08562 -24.82205 
-10.31931 80.80355 -25.97875 
18.67055 -7.275577 20.98213 
-0.7502082 80.64152 -23.73703 
48.82657 79.00796 -24.88965 
17.74093 31.63682 10.50422 
-6.847984 82.38628 -25.11826 
48.31499 82.36983 -25.15654 
55.91282 82.9155 -25.44211 
18.24739 34.08456 12.06989 
11.81285 85.73463 -24.88118 
-23.18607 4.033926 25.92333 
15.12393 -49.73201 31.6923 
-14.65032 89.13834 -25.54217 
-21.66712 37.25753 12.87509 
28.32839 -10.18739 16.91705 
-19.97447 91.36795 -24.90592 
-4.548972 73.10785 36.49165 
25.93085 -5.480151 20.40819 
-28.57239 -5.908822 20.04471 
-11.47397 93.77573 -25.51351 
-23.12927 -5.338277 21.17587 
22.00674 40.14081 11.78174 
22.81429 55.53239 27.45707 
22.32637 95.67809 -25.46185 
1.098018 61.39707 39.44283 
21.14224 39.74048 7.029723 
-17.45038 96.4305 -25.19862 
18.93124 96.30186 -23.986 
-19.53123 -5.210851 20.69467 
19.0281 -47.63587 30.89053 
-46.55146 51.71556 -25.18839 
20.00883 -46.56532 30.49436 
-7.28849 15.1433 29.39878 
17.27095 -45.59634 30.27827 
-23.24852 69.73929 26.07492 
-4.492708 55.62258 -24.8733 
3.877152 56.49872 -24.1232 
-45.19628 56.50673 -25.04099 
25.13244 45.50155 12.59651 
51.98814 57.06565 -25.03848 
26.99505 -4.395089 20.97365 
-60.7738 57.78435 -24.42845 
55.43122 58.49908 -24.86624 
57.49391 59.4692 -24.21954 
6.62319 60.33418 -23.72416 
16.51261 80.89063 8.440688 
-1.441774 -6.727428 46.74739 
-63.06728 60.7147 -23.57547 
49.40395 61.27952 -24.66512 
-9.003448 61.97955 -25.48276 
-27.86139 47.46391 12.11122 
-63.29678 64.11566 -24.77024 
-18.19361 -3.506063 21.02046 
59.41705 63.76776 -24.76277 
34.22677 49.02116 12.01111 
58.98534 65.09723 -25.27695 
-43.44701 66.84277 -25.39425 
-5.980204 14.33226 29.12792 
61.0091 66.95217 -25.22495 
-31.60336 51.99409 11.65158 
61.94833 69.96451 -24.63182 
-4.535079 75.21397 35.5982 
-25.871 -10.55308 16.82613 
13.30272 -2.44817 20.25074 
-55.88572 73.45725 -23.32699 
-49.9341 74.11694 -24.68268 
-53.09546 74.44365 -23.90936 
28.49603 -2.577243 19.93041 
11.5907 75.50696 -22.53443 
-10.6644 77.45716 -25.13836 
5.955974 78.4511 -24.74844 
6.148834 79.72527 -24.75425 
4.700281 80.24291 -24.49352 
-9.66608 81.39514 -24.00375 
-3.373694 81.20196 -23.32286 
-32.44741 -1.34637 20.60999 
7.615229 84.45737 -24.25845 
-34.23105 0.05585022 19.65296 
7.630079 86.7012 -23.57198 
52.33413 86.32203 -24.72259 
-26.56108 -48.5401 25.52652 
-18.7832 87.60169 -24.32991 
14.66325 -37.07426 16.19882 
36.37786 46.8406 7.582193 
-8.483071 90.09375 -24.5972 
-20.10578 89.55787 -24.67361 
-0.4242293 -6.114256 47.3894 
12.15694 92.40149 -24.79379 
-12.37603 1.672866 20.88092 
21.3345 93.39622 -24.45623 
-12.98667 94.84592 -23.73743 
15.41992 95.00142 -24.57013 
34.40892 61.24503 11.28737 
-52.66508 51.23994 -24.34792 
-5.972515 3.329064 31.16189 
-56.92706 53.53745 -26.37016 
-45.33388 53.30708 -25.03665 
-29.72655 63.12547 11.74015 
47.23735 57.21141 -24.05537 
39.7024 50.17481 7.438249 
-43.79929 58.37252 -24.43524 
-35.99804 49.95748 8.561619 
-6.070642 57.24006 -22.64132 
10.69675 63.14693 -24.6904 
-43.14651 63.92138 -24.63534 
-43.52356 65.76389 -24.50735 
-62.6591 66.5144 -23.07019 
-40.65723 66.84796 -24.36855 
11.46216 66.02077 -25.16613 
12.37261 69.96484 -22.58909 
-60.55891 69.34425 -24.42819 
60.99417 72.32231 -23.31967 
-59.37849 70.84444 -24.36284 
3.948529 5.576777 21.32848 
-24.36508 -26.33451 19.44745 
-20.9297 79.16936 12.40426 
-10.9687 72.64953 -25.58517 
9.417047 74.54652 -25.18092 
10.87938 77.43788 -22.51988 
-0.9640721 5.778773 20.48789 
-6.121408 -4.227443 48.10145 
-9.836926 79.74831 -23.83461 
2.049396 80.25491 -23.71592 
13.94904 33.7824 27.81165 
10.44998 82.65882 -26.12127 
48.6772 81.38699 -24.71918 
56.48204 81.88102 -23.65826 
-18.26853 82.51544 13.26179 
13.15548 -47.07035 26.12277 
1.93922 13.05999 29.84521 
48.35896 83.23763 -24.66249 
55.01258 84.91283 -25.2367 
15.23931 -40.18041 26.07292 
49.80502 84.84574 -24.0031 
16.15331 82.55537 12.40883 
50.93888 85.71834 -24.01766 
-0.4576966 12.31459 30.6785 
28.34036 8.678164 20.73951 
-14.44238 87.22474 -23.90697 
-19.57326 88.34625 -24.04143 
-34.12685 8.373368 20.62934 
-24.18208 -10.10039 16.88069 
-2.304296 11.9986 30.84836 
14.55317 81.66264 7.17223 
16.71911 88.69716 -22.43948 
8.390584 14.31056 26.76321 
13.95443 -44.98683 25.79074 
-39.99535 -34.71709 18.01106 
22.03176 94.18459 -24.70088 
25.29546 11.99635 21.14208 
-31.43894 12.61686 20.23758 
-38.07012 60.08802 8.060267 
20.6187 95.63758 -23.73036 
-48.77542 50.97834 -24.40756 
-47.02274 50.49429 -23.32018 
-39.32016 -38.96154 10.53259 
-57.21681 53.75559 -22.58132 
-45.63387 54.89341 -24.18472 
-3.990868 54.95054 -22.51464 
2.31241 54.47142 -24.27397 
4.268565 56.17337 -22.00939 
48.66681 57.06912 -24.87717 
53.09723 56.29815 -23.58986 
53.80847 57.82393 -24.43286 
54.99987 56.6735 -23.2111 
-31.00644 14.10369 20.20195 
-61.5895 58.72391 -23.83023 
56.58261 58.01867 -22.99314 
-42.94751 59.60639 -23.31525 
6.832801 52.39197 37.59135 
25.69193 -26.63224 27.35526 
-43.35302 61.20624 -24.29246 
1.300855 0.5017524 41.36823 
-39.36021 -37.38267 10.13712 
-36.05623 61.41603 7.788126 
60.67074 65.94068 -22.87267 
60.13059 66.26267 -24.40562 
2.497458 19.78144 30.95151 
-13.35057 67.16489 -24.89821 
-28.05538 -53.53653 13.6949 
-25.36055 -39.02081 9.938535 
5.388444 19.55881 30.51773 
26.36614 -44.6793 24.82857 
50.04424 72.01034 -23.88171 
-49.39854 73.48804 -23.60831 
60.02592 77.24404 -23.45608 
-10.09429 78.94305 -23.74847 
18.66084 21.7165 20.15726 
6.576211 80.66637 -24.2319 
-1.970371 81.30985 -23.44838 
-10.64217 83.14295 -23.18496 
10.87237 81.82555 -22.23725 
55.25875 83.97728 -23.49817 
-6.244669 85.08275 -23.98911 
54.05626 85.70172 -23.894 
-18.21623 85.74355 -23.32629 
-12.31176 84.54128 -22.9015 
-16.99 88.34629 -24.28547 
13.63658 86.95746 -23.47929 
16.93078 -35.39087 27.99532 
8.894052 88.87326 -23.98076 
-18.67448 88.72704 -23.39017 
-18.7888 90.6488 -23.35891 
-24.4786 -36.83625 9.959462 
-5.154475 -0.03865178 42.96911 
-18.51028 31.30419 22.5293 
27.0572 67.19867 7.510755 
-43.63847 53.02131 -24.16896 
-42.52824 53.1759 -22.54384 
-42.74575 55.30265 -22.83749 
-58.74559 54.61645 -24.68124 
-59.0379 55.54326 -23.44518 
-16.20721 77.46392 26.25338 
49.62215 55.84253 -23.51815 
-29.82324 68.17644 7.227493 
-60.51689 57.2229 -22.41821 
17.88508 36.84102 20.7575 
-43.80188 56.90642 -22.82895 
25.72226 69.60672 6.65984 
47.13058 57.85579 -23.61323 
47.88043 58.79172 -23.17151 
-7.363639 60.48594 -22.19523 
6.880095 22.42483 30.92552 
11.13093 63.54741 -23.20091 
-42.7766 65.5554 -23.80026 
-40.76626 65.22411 -23.01688 
48.61117 65.80012 -23.27045 
-14.17881 67.56931 -21.48045 
-39.60509 -36.72444 10.87104 
12.33957 66.81349 -23.45755 
32.67567 -45.45537 13.46382 
9.059876 23.97586 30.13169 
-40.96532 68.59823 -23.60119 
12.5338 -31.1943 18.80355 
-41.72532 69.23125 -22.60559 
49.92946 69.26388 -23.60269 
-43.36284 70.8244 -23.23301 
-13.46324 71.33244 -23.30742 
11.45142 71.60598 -23.29291 
29.90901 -44.95686 12.77412 
-13.09591 73.14119 -22.60625 
-25.52833 42.43041 20.31723 
-55.05631 72.83985 -21.71135 
48.7029 74.6699 -22.57457 
-8.469988 47.91531 37.38344 
2.823678 80.76488 -22.87316 
56.14677 82.7299 -22.50447 
48.44811 83.46262 -23.65332 
-5.35894 84.0887 -22.87619 
50.14876 84.40536 -22.52903 
-10.04206 24.8925 30.87997 
-22.47793 76.51297 8.436874 
-18.99429 86.83574 -23.4062 
-24.71192 -40.73145 12.07738 
26.09065 -14.19868 19.15014 
-9.196336 27.06301 31.59544 
12.20724 92.52475 -22.43186 
-17.98143 93.08203 -23.09042 
-39.79427 -38.27556 11.83645 
-17.06466 95.07175 -23.3853 
16.158 94.75484 -22.72412 
-28.44789 55.41603 20.36469 
21.67546 93.8717 -23.90361 
-16.0817 95.62135 -23.44607 
2.211775 75.57381 35.68108 
-54.04984 51.38208 -22.17909 
0.6672293 53.52259 -23.74969 
46.99113 55.37635 -23.45329 
33.21972 -27.62975 17.80203 
-36.15798 1.124569 18.27935 
-40.93164 55.37866 -23.07109 
7.230422 55.72507 38.48362 
26.60507 -32.00089 27.63553 
-33.39835 -6.486879 17.6867 
59.54766 61.65357 -23.29107 
-16.96936 82.17823 8.380998 
-42.41895 62.84316 -22.53454 
-9.348926 63.99959 -21.81824 
48.49752 63.09021 -23.26248 
-42.65946 64.55151 -23.02727 
-9.56391 63.16131 -23.38626 
60.65105 64.55434 -23.31367 
-39.27679 63.97327 -22.39012 
12.34352 64.71234 -22.66847 
25.46309 65.80087 19.80481 
-40.1041 65.98379 -23.0303 
60.70316 67.31982 -22.58018 
-40.35943 67.58295 -22.20094 
-12.00671 53.41204 37.01063 
60.79772 67.83476 -22.07179 
24.16797 66.82157 20.62919 
15.18259 -34.10472 12.51055 
61.92392 68.9768 -23.12469 
-62.19003 68.98789 -22.7554 
-58.35184 71.92487 -22.86744 
-44.40958 71.49344 -22.61527 
-25.82546 69.85986 21.31079 
14.29008 -33.36484 13.59956 
-50.44966 73.33874 -23.1276 
-22.87675 -26.95622 17.89522 
60.45687 75.28499 -23.40958 
-10.71436 56.78741 38.22005 
12.14404 76.67148 -21.04478 
-11.66832 78.32015 -22.83399 
-12.57885 33.94085 31.02424 
9.786725 79.57036 -23.00089 
22.16624 73.56213 20.88008 
-9.8229 80.50141 -23.02582 
8.978001 86.95123 7.201889 
-40.24643 -30.82019 12.14562 
7.388018 81.60128 -23.83496 
1.240122 82.1954 -23.17359 
-4.703972 82.58039 -23.06932 
-2.397272 82.78419 -22.82255 
-15.1669 34.73903 29.22263 
-20.98728 -27.52576 12.38054 
-17.04835 84.35048 -22.69554 
52.23587 85.48903 -22.62869 
8.622342 88.96977 -22.97621 
-21.2904 -26.08924 13.76193 
-0.0336352 -2.368171 49.13988 
20.56684 91.18093 -22.97658 
21.15485 92.33749 -22.95242 
-16.41083 81.63461 21.89288 
-49.03205 50.04895 -22.28379 
13.31823 82.02573 20.81343 
-43.58117 51.77028 -22.29387 
32.58902 -23.29734 13.15294 
-40.7909 54.36773 -22.66571 
2.506593 90.1123 8.889767 
-1.712543 53.68813 -22.89764 
0.2834156 -6.000942 42.01454 
12.86775 82.53314 20.46832 
48.47966 54.03283 -22.1309 
51.38263 55.39012 -23.28965 
7.389196 37.33235 30.69193 
33.43631 -20.90998 12.21884 
-21.83116 -20.02558 11.95333 
12.82679 83.77015 19.8385 
7.882969 38.39569 30.64031 
-62.36152 58.41376 -22.68686 
-6.166844 -11.72156 56.66298 
5.679918 57.89128 -21.6337 
48.5107 60.40477 -22.92908 
-7.82757 61.98006 -21.80279 
-3.986015 84.94319 25.83886 
32.49976 -17.67022 11.58844 
-42.03044 64.16466 -22.42021 
-11.73554 63.8493 -23.40658 
-23.96916 -16.39057 12.92995 
-38.92958 65.26088 -21.75351 
-62.89972 65.68303 -20.01175 
48.63113 68.3851 -22.66005 
1.344012 85.0941 26.05966 
-5.105624 88.28551 18.18443 
31.88286 -14.50598 13.00074 
60.08984 72.40274 -21.43431 
-3.457242 -6.291438 41.54372 
-13.24706 74.94794 -22.04642 
-40.67093 -13.83342 12.36618 
12.12709 77.43073 -21.33125 
9.964312 80.87722 -22.65791 
-24.14247 -22.58255 18.96843 
-14.28171 80.86726 -22.1884 
-14.28076 84.07442 -22.41251 
7.059955 83.3836 -21.99445 
13.3331 -52.88617 22.06755 
49.14541 82.76431 -22.65455 
-16.15301 83.69627 -22.40291 
-18.02811 85.84579 -22.57539 
-6.964549 87.38977 -21.7537 
19.07558 91.346 -23.32804 
-25.55942 62.72296 27.12911 
20.6051 89.90055 -22.28374 
20.93802 91.21866 -22.44731 
-9.834172 91.53654 -22.24095 
8.399623 57.98037 37.66893 
-37.7221 -50.22988 20.74879 
0.2478237 -5.054872 36.33389 
-14.5303 91.87815 -20.61271 
14.81512 41.72918 30.62596 
-22.24629 -51.44859 20.7727 
-50.52314 50.99175 -23.41993 
-52.78751 50.97856 -21.79243 
-41.26595 53.30123 -21.66751 
1.29621 54.49381 -20.64732 
3.433234 55.2509 -21.5912 
-39.78423 56.18959 -22.21306 
-40.04553 -21.84882 19.13234 
-39.36417 57.05059 -21.53703 
-40.34232 57.87192 -22.14087 
-42.61164 58.16409 -22.19143 
-38.5975 58.47533 -21.24722 
47.75261 58.34735 -22.2506 
57.60604 58.50477 -21.83419 
-39.14154 59.93421 -22.23018 
-41.8101 60.04255 -22.08638 
40.96706 -52.61885 5.971408 
-63.52313 60.20231 -21.83842 
-51.61643 -52.49661 8.3474 
47.65204 60.23633 -22.30413 
-41.45296 61.63406 -21.84431 
-18.0514 44.44681 30.63942 
-39.833 62.08576 -21.91829 
48.01115 62.12175 -22.44775 
-23.54809 -46.84319 19.48872 
60.66068 63.02396 -22.2774 
47.5735 64.02884 -21.55381 
12.34788 64.9837 -21.10452 
-39.6422 67.19582 -21.48815 
-14.39317 69.7593 -21.98885 
48.05306 70.52924 -21.95802 
-4.616581 -5.560017 42.0293 
-58.88471 72.12128 -21.78773 
-45.57519 71.55962 -21.80163 
48.08834 72.07379 -21.71621 
12.01484 72.64248 -21.20138 
10.16675 74.19277 -23.19097 
-51.9837 73.47697 -21.97458 
19.13287 -34.03942 29.0274 
60.45751 74.52515 -21.17426 
59.38272 76.29296 -22.02013 
-12.22121 78.33593 -22.1297 
-35.04699 -5.878077 17.01386 
58.16358 79.75974 -22.20058 
10.4669 79.48284 -21.67924 
48.75091 79.5779 -22.68476 
-13.17307 79.97055 -22.16007 
4.427966 80.49423 -22.38252 
-11.45299 81.87001 -22.34604 
57.08056 81.05724 -22.38883 
-15.04669 81.11467 -21.88502 
3.147449 82.36494 -22.19451 
5.696333 81.87057 -21.61889 
21.82926 -49.05085 29.57897 
-25.84834 -43.39282 20.9635 
-16.56598 83.21553 -21.60375 
-11.94637 -0.1094204 11.57651 
-21.56063 52.50366 30.30887 
51.41024 83.524 -21.73301 
18.04186 49.81848 31.13951 
53.44121 84.37585 -22.21668 
-25.31153 -40.95977 19.82986 
-15.6763 35.95303 26.7242 
20.21206 89.06581 -22.01703 
-52.35217 -49.7345 7.806187 
-39.51864 2.084429 12.57058 
-35.78641 -39.33026 20.92185 
18.45267 52.69495 30.77968 
17.11067 94.40005 -22.07542 
-45.77634 50.87561 -21.75634 
18.74956 -51.15176 7.854957 
35.23178 -49.55541 8.458133 
13.10052 -53.02636 27.41509 
53.0207 55.22855 -21.75314 
12.16672 -5.890936 16.33175 
45.14141 55.67152 -22.04414 
-38.16378 -36.52071 20.67357 
-59.73628 56.12222 -22.94556 
32.952 -49.2051 8.91095 
-6.19881 -1.080531 35.81246 
-61.47601 56.93953 -20.9256 
-22.10683 55.27654 31.13088 
58.95271 59.31148 -22.02295 
-6.264843 58.55353 -21.50525 
60.13681 60.28505 -21.21441 
46.8354 61.20752 -21.72056 
-38.69661 63.28085 -21.13367 
-23.76871 -20.42093 17.93568 
-10.65176 64.62109 -21.93792 
9.674899 64.10999 -22.11576 
-37.51664 8.375771 12.15046 
47.3245 69.05069 -21.39962 
60.30154 68.7586 -21.14689 
-62.13556 68.78677 -21.26749 
-42.47365 70.56284 -22.03862 
60.76217 70.58186 -22.10577 
-56.66739 72.23294 -21.49872 
-46.87152 73.10356 -22.84876 
-48.75692 73.40985 -22.05924 
-11.73926 76.79865 -23.53321 
48.75996 77.58963 -23.03334 
19.39701 -53.072 27.34109 
32.07766 -32.39246 20.49957 
22.40347 59.63369 27.7989 
-13.57942 79.81339 -21.55496 
27.89551 14.53999 12.04696 
-14.96933 80.89963 -21.35176 
24.5056 16.57988 12.04972 
-38.992 -30.65645 20.27035 
-4.342 83.97038 -22.02625 
15.09799 84.89847 -21.33302 
18.81685 60.34678 31.0468 
-14.86329 37.40773 28.06777 
25.55114 -28.05323 27.8801 
19.79292 63.21239 30.28582 
-10.27427 12.76653 28.02933 
19.14285 87.17332 -21.40815 
-38.84819 -28.24379 20.76856 
19.87862 87.96343 -21.17701 
-1.542277 -3.758574 53.68298 
-16.20468 92.1337 -21.38771 
20.93868 -46.27735 7.39783 
-10.96471 91.12426 -20.59871 
-23.77448 22.29976 14.92349 
-47.94688 -46.06205 7.994997 
-52.22747 50.3027 -20.24477 
-50.19955 50.29032 -21.61086 
-54.1844 51.78424 -20.83834 
-56.64949 52.85323 -21.25743 
21.44856 -45.16973 7.513383 
46.05922 53.84797 -21.63047 
50.87553 53.89341 -22.39857 
-22.17187 23.75818 13.32869 
52.49923 53.92475 -20.89199 
43.74951 54.82616 -21.20675 
53.82887 55.23079 -21.71522 
44.2324 55.68425 -21.08483 
55.92396 56.09163 -21.5539 
-4.913493 56.71676 -21.13983 
-25.582 -25.08574 20.67002 
6.697402 59.86116 -21.73919 
32.92903 -24.79816 20.2882 
47.56383 59.20866 -21.37579 
21.00709 -44.7084 8.231524 
7.825156 63.02074 -20.57211 
61.74529 64.52225 -20.49054 
19.12106 30.6708 13.13683 
18.12234 32.6991 11.89772 
-14.09686 66.47538 -20.80821 
61.56845 66.7095 -21.14906 
12.79216 69.87276 -21.44246 
-60.39071 70.35953 -20.47612 
-43.83648 71.34361 -21.07318 
-59.60468 71.23428 -19.74364 
18.45091 35.1943 13.45535 
-58.22821 72.68423 -21.10324 
-51.59502 73.378 -20.89347 
-37.65519 -22.12415 21.21103 
-26.28156 -52.01379 26.01846 
58.54683 77.76797 -20.75947 
-30.7503 -44.278 8.480601 
32.59741 -22.72366 21.52855 
-23.58471 39.50204 11.24574 
-7.16087 17.31388 29.22853 
-15.65854 81.99193 -21.27306 
-2.075378 2.376676 27.86942 
-29.54389 -19.85788 21.22638 
-17.09117 71.21964 30.63738 
29.4328 -31.6885 25.81085 
-0.0109897 2.309771 27.89914 
-31.34758 -43.26754 8.839512 
24.02453 43.93445 12.63527 
-16.06933 71.94614 30.94667 
-8.371699 90.06657 -22.26546 
11.00029 90.63803 -20.48107 
19.20093 90.85426 -21.20532 
17.60833 91.31803 -20.13315 
-14.59283 94.11731 -22.23089 
29.95553 47.62501 12.25502 
-48.02441 50.1248 -20.89573 
-45.41374 50.18574 -20.25866 
32.29746 48.38817 12.2577 
-44.32224 50.92659 -20.81831 
20.69039 -27.09007 27.44336 
29.58651 -18.01011 20.66419 
-0.5669143 54.2948 -20.78007 
-37.70839 -18.391 20.46843 
-58.97454 55.89702 -21.21435 
54.30735 54.98003 -20.94337 
-29.21511 51.78085 12.90471 
32.12569 -18.80865 17.6737 
-28.24401 -40.44019 8.322067 
-38.45395 60.69034 -21.18051 
-8.918351 69.31062 35.99852 
6.176734 59.8489 -20.40545 
-38.07985 62.71348 -20.14053 
1.761492 2.887142 37.33367 
19.6054 -17.65776 21.28509 
12.70603 66.6351 -20.31642 
-40.68904 68.0724 -20.87907 
46.16709 68.45208 -19.72124 
24.18454 -16.04635 20.08954 
26.31878 -17.25032 22.02489 
59.95258 70.16203 -20.29722 
36.06993 57.27849 11.73761 
23.33039 -15.87298 20.14083 
-44.43642 70.58416 -19.15178 
-56.26901 71.60893 -19.90142 
-31.02266 57.82367 12.54465 
-47.09415 72.26516 -20.69919 
-8.172 13.4931 28.78586 
58.92091 73.41972 -20.11383 
12.01489 73.77187 -20.48396 
47.69066 74.3453 -20.51756 
-6.738173 -9.880468 55.8384 
10.60875 76.91599 31.91085 
48.5748 75.9371 -20.38731 
-4.373054 14.93925 29.67652 
34.42329 59.36456 12.48274 
-12.17857 79.10414 -20.95109 
49.66774 79.19411 -20.05127 
-13.97767 81.22863 -20.55257 
13.62317 81.26188 -21.03289 
57.13399 80.65616 -20.67895 
5.077621 82.94864 -20.30994 
3.72354 88.47675 17.65326 
29.08395 62.78993 13.48425 
-24.33933 -6.561934 20.66762 
17.58397 -6.893712 20.41087 
-16.7918 86.3258 -21.83142 
-26.33182 -5.304101 21.18348 
-0.6761224 -5.545357 43.83504 
19.91343 89.24136 -21.18623 
-29.9967 64.83061 12.51343 
29.38152 -28.30846 25.73898 
23.84155 -6.65897 21.4501 
14.11719 92.47239 -20.7027 
15.77124 91.55745 -19.79853 
-46.72414 49.68266 -19.58999 
-10.1517 69.49564 34.89623 
47.62123 51.69836 -20.07943 
-42.24752 52.16119 -20.09154 
44.47252 53.05989 -20.53909 
50.55522 52.73554 -20.6713 
24.57055 71.94345 11.87591 
-0.9312681 54.19422 -20.13723 
3.452739 56.34924 -20.21883 
-3.425025 -7.037665 56.81772 
46.33833 58.86915 -20.45539 
59.10659 58.94593 -19.78072 
5.34007 58.28796 -20.37069 
8.791182 60.03036 38.12225 
-8.771233 60.57115 -19.00707 
24.465 -4.671116 20.71497 
-38.15877 60.61798 -19.71672 
-39.22384 -31.81934 7.779167 
-22.34926 -32.16761 9.441636 
-4.540672 82.60724 29.84034 
-12.50433 65.43718 -20.80518 
46.72653 66.64824 -20.40292 
26.2306 -48.48097 25.12766 
-15.32291 69.45567 -20.10925 
46.76796 71.01105 -19.85131 
-16.86323 -2.688054 21.29047 
-41.46898 69.10315 -20.95732 
-58.69538 71.65522 -19.37165 
17.32474 79.99297 13.65122 
-39.95389 -31.71475 8.454601 
-49.95055 73.04333 -20.87139 
-31.11998 61.87938 10.83278 
58.74234 75.50662 -20.25375 
0.3760464 82.62467 30.01741 
48.74451 75.85595 -19.38022 
27.02957 -0.8391526 22.09209 
49.25683 78.09956 -20.37092 
-11.87065 78.31634 -20.57094 
14.56818 79.64729 -20.59586 
16.39536 81.32954 -20.13383 
16.50918 82.68641 -20.3245 
30.34564 -27.39972 24.27856 
50.63462 81.46226 -20.43926 
54.43035 83.57341 -21.04311 
15.31272 -52.84634 30.80812 
22.38487 -30.10647 7.76228 
53.49409 83.06751 -20.34007 
19.03501 -52.43161 31.95325 
2.147538 83.29887 -20.12133 
6.312487 83.28999 -20.13141 
28.53331 -1.281097 20.61662 
28.27666 -31.35566 8.308908 
-1.947095 83.77702 -20.92918 
0.529295 83.75111 -20.97187 
18.13671 85.15646 -20.83383 
-17.03541 89.06755 -21.44348 
7.953797 87.13071 -20.77835 
19.37349 -29.67092 7.627602 
9.14399 87.87229 -19.0354 
-10.31112 88.47171 12.37036 
-9.287483 88.69728 -19.1586 
-37.08932 -14.51744 17.19173 
-14.16094 90.3792 -19.74305 
20.3981 -50.02562 31.00882 
-48.36186 49.73168 -18.82104 
-49.56676 50.38958 -20.08342 
-55.69835 52.54816 -19.75051 
-40.91123 52.95045 -18.5643 
46.17638 52.62924 -20.39258 
-10.44683 61.17993 38.06627 
-35.66425 1.962312 19.4567 
-21.38386 -29.43881 8.534675 
-2.91125 55.03214 -20.55442 
-59.30384 56.50765 -20.20135 
10.33332 2.936736 21.04416 
57.31755 56.82805 -20.2135 
-47.30893 -53.6453 12.58844 
-33.29826 5.285399 21.49671 
-40.9417 -29.10148 8.274266 
29.12752 -53.24648 10.6995 
46.47505 63.36624 -20.51414 
-10.2626 65.05253 -20.0879 
-39.60612 65.58443 -18.82351 
10.25124 65.92104 -19.48857 
12.60147 66.42043 -19.6733 
-14.74836 67.79742 -20.2741 
12.80364 70.78797 -19.44917 
-14.96399 70.87112 -20.14415 
-46.04412 71.87194 -19.43887 
-14.98609 72.19692 -19.67487 
16.09722 -48.70229 31.87111 
32.20014 -27.15716 8.223436 
-49.67524 72.20111 -19.547 
47.36013 72.86904 -20.55907 
35.94611 -52.83054 13.2224 
11.9019 75.79433 -20.69118 
34.17767 62.6473 10.19475 
-27.9078 -52.05328 11.31697 
-11.75024 79.91916 -19.2012 
-2.972695 -1.589013 31.24546 
52.58084 80.32307 -19.37406 
54.26689 81.46141 -19.5547 
-13.78069 82.70602 -18.99674 
17.41063 83.44872 -19.79516 
-1.299789 84.6106 -19.30868 
0.9186034 84.57681 -18.80926 
-21.31169 -26.03082 7.52316 
7.214339 84.7797 -19.21537 
-15.95744 84.30726 -21.07576 
-3.435092 -0.6530996 30.4888 
-26.20074 -51.14207 13.40084 
18.45191 85.79715 -20.27283 
18.26248 86.79954 -20.10336 
-7.42865 87.98458 -20.78004 
-1.168278 4.521281 37.03296 
-7.3584 6.723091 20.87852 
18.40311 -22.92682 25.2071 
3.714545 62.70143 38.95139 
-26.44474 -49.44765 13.33602 
-41.62445 52.01648 -18.47932 
51.93306 52.9431 -19.39432 
32.97623 -23.81384 7.877184 
54.11787 53.61552 -19.81892 
-39.42033 55.41706 -20.16283 
-2.821414 54.76677 -19.108 
1.656618 54.61912 -19.56163 
-6.206615 44.038 36.36007 
-5.523403 -1.260758 45.7747 
-4.747921 55.99805 -18.98151 
5.631981 57.53298 -18.65003 
45.65265 56.75416 -20.0042 
-62.05022 57.59911 -20.11939 
-10.92193 11.56861 27.70767 
-45.74635 -46.0514 12.65275 
-6.158593 57.85275 -20.01335 
33.1657 -23.52313 8.879904 
8.770195 62.82693 -18.79672 
34.08029 -45.95184 12.51489 
45.80413 61.1286 -19.60488 
-10.01079 63.43457 -18.81599 
-63.48881 61.27428 -21.26089 
-11.76552 -0.2502646 17.91936 
27.19176 -42.53054 24.94609 
9.220202 65.03938 -19.96301 
45.14762 65.14001 -18.62473 
-39.5291 66.88713 -20.30253 
11.8586 67.10231 -17.76698 
-4.255297 8.349763 31.8128 
31.25115 -44.70606 13.42473 
12.78926 68.55768 -20.05375 
60.95205 69.59686 -19.01151 
-42.91799 -20.42491 8.675557 
-26.29981 16.62459 20.31389 
19.7613 -43.66188 12.47604 
25.32343 -43.38457 12.61822 
-21.62797 -19.96522 8.751618 
21.69025 -43.47121 11.454 
12.03553 76.86902 -19.97035 
15.62497 80.74596 -19.37035 
-42.63608 -18.66679 8.449613 
23.86236 -42.45055 12.52702 
-22.48157 19.81756 21.28975 
-25.77817 -41.9286 12.77952 
-4.023554 85.41905 -17.99512 
-14.33713 85.00738 -19.24384 
-40.74107 -37.99614 13.29756 
-23.28147 -38.08119 12.50788 
-42.92728 -17.13204 8.565042 
24.72182 -39.76984 13.44622 
14.58832 -39.05444 25.16496 
-43.83086 51.34592 -19.23324 
49.43168 50.89503 -18.5678 
-54.46486 51.484 -18.81899 
-12.83385 14.04214 28.03438 
16.87917 26.00535 21.4177 
-5.662546 19.73703 30.85261 
3.882966 56.04076 -18.62556 
42.25985 54.63038 -19.33114 
-38.96474 56.59989 -19.20766 
56.28463 55.88079 -18.99903 
-2.971691 19.83445 30.98989 
20.1695 -38.34615 13.36067 
58.49675 57.2381 -18.69501 
24.18452 -37.17221 12.42986 
25.86016 -37.34777 12.38411 
-40.70528 -37.30166 13.39039 
-37.70452 61.65822 -18.60503 
44.77386 61.39932 -18.81292 
22.14107 -37.33859 12.82542 
-4.421915 21.16523 31.18508 
-62.00008 67.24442 -18.89322 
-31.23286 -47.46405 6.479833 
-40.41294 68.12175 -18.325 
-2.626377 -10.14561 56.06393 
-15.36353 69.16082 -18.5462 
-43.43189 70.37762 -19.00776 
-54.06306 72.12095 -19.26342 
-0.3614499 20.80783 31.10965 
-52.59912 72.58186 -19.72024 
-51.82927 71.83561 -18.66707 
-47.79759 71.84885 -18.50113 
-8.74677 18.06641 29.21466 
58.80721 71.60892 -18.89244 
-15.37585 71.7226 -17.33736 
57.79214 75.17695 -18.56554 
46.1463 74.66248 -19.52264 
-39.96103 -34.09537 12.66375 
48.53709 75.57832 -18.67684 
57.12315 76.97953 -18.92824 
-11.62915 78.86353 -19.18346 
-10.12228 65.29387 37.48299 
27.92021 -39.20199 26.08403 
55.00803 80.32835 -18.61304 
-5.2152 85.28667 -19.97583 
-24.56286 41.85012 21.39573 
-37.28415 -0.2705622 17.07857 
16.75128 86.61789 -18.99367 
21.96544 42.4487 21.1681 
29.5041 -35.92714 25.1349 
-10.17607 88.56937 -18.63015 
11.88074 90.10277 -19.28843 
-24.63703 43.95068 21.72831 
43.47543 53.11609 -19.41219 
44.80964 52.16791 -18.7314 
51.8766 51.25925 -17.44993 
31.29998 -30.74311 12.57741 
-39.53929 53.94273 -18.54232 
-1.325848 54.28716 -17.76812 
29.25187 -8.877942 17.15819 
3.884794 20.89567 30.88947 
1.508913 55.04898 -17.83972 
23.92798 49.35503 21.24062 
42.28715 56.02934 -18.78688 
40.42777 56.4614 -18.16066 
23.49951 51.92905 20.70223 
-60.87777 56.92329 -18.51364 
44.9783 56.91139 -18.95146 
15.00478 -36.2194 26.52451 
45.25662 59.46566 -19.07922 
-38.07256 58.12203 -18.80876 
6.979222 60.0386 -18.58749 
5.933217 14.71885 27.6974 
12.62078 -28.07229 12.7133 
-9.27335 62.62268 -19.39874 
61.01387 61.7141 -19.86251 
-61.89252 60.52082 -18.44711 
-38.05524 63.3881 -18.12932 
-28.89784 54.01712 19.24457 
-39.07645 65.15392 -19.38358 
9.417473 64.30289 -18.12042 
-30.74546 -8.735986 18.03376 
61.77857 65.98314 -19.02476 
61.18022 67.79037 -19.66112 
-15.24302 70.48927 -17.90161 
12.25742 -24.98085 12.69645 
-28.94776 61.19758 21.7819 
-53.58952 71.21855 -18.12984 
-49.19783 72.09837 -17.91364 
58.00763 72.73087 -18.48466 
25.41277 61.21257 21.37252 
-14.41652 74.0826 -18.45333 
-13.21895 76.20433 -19.20437 
11.90252 75.78603 -18.25634 
-12.30961 77.24867 -18.53793 
12.8138 -23.12907 12.6633 
14.13923 79.73857 -18.13341 
56.49424 78.33684 -18.74134 
-11.55635 80.74596 -18.16094 
-17.63212 -5.374474 9.704318 
24.12542 64.54897 21.18439 
-5.710333 85.91497 -18.47276 
-7.149239 87.0177 -19.1417 
-27.1821 66.34898 20.65801 
-6.642003 86.07901 -16.9969 
15.44166 88.13814 -18.48423 
-12.58437 88.5162 -18.58604 
22.40464 -32.70868 9.676902 
-25.7426 67.70847 21.77942 
-50.94641 50.11922 -18.74799 
-45.43417 50.43917 -18.40221 
-43.15265 51.05233 -18.03946 
46.56398 51.22257 -18.5487 
-2.470192 0.1039712 47.39359 
-52.47721 51.09326 -17.82136 
50.70109 51.2099 -17.7273 
7.953444 71.48577 35.88709 
16.36013 -18.59829 11.21361 
0.9526407 25.04456 31.43862 
53.63486 53.13589 -17.98576 
8.048109 0.862591 15.93956 
-56.75039 53.90131 -19.30869 
41.54992 53.38803 -18.38958 
32.13626 -16.87906 13.09283 
55.44421 54.44046 -18.41411 
57.29757 56.32396 -17.89934 
-38.67355 55.83284 -16.69621 
-14.65075 -0.4914877 6.388285 
20.98591 74.73225 20.41846 
43.957 57.45681 -17.76271 
59.8515 59.11153 -17.64511 
43.99293 59.72128 -17.5255 
-38.2556 60.35222 -18.42992 
21.09249 73.3578 21.91538 
61.80259 63.69315 -18.55014 
44.37461 66.0521 -17.75638 
61.85442 66.42833 -16.75885 
-13.2463 65.9503 -18.72479 
-40.78231 68.90175 -19.18493 
-24.4881 -12.98105 12.60185 
45.8318 71.02483 -19.17006 
15.75565 -13.84432 11.5226 
45.03468 72.99165 -19.10554 
57.15632 73.71687 -17.78598 
7.325137 16.31992 28.45443 
50.28249 76.73315 -18.24508 
50.8998 78.5983 -18.89498 
-11.86175 78.6881 -18.09246 
54.11137 80.28772 -18.40803 
-11.92158 82.96415 -17.33985 
5.965024 83.63188 -17.19776 
-26.15807 -9.313908 17.75078 
8.764091 27.37491 31.13964 
-10.01299 28.45161 31.04371 
13.69002 82.55239 -17.26793 
-1.919957 84.76405 -17.62612 
-13.56095 87.01389 -18.58884 
7.662106 85.41382 -17.85861 
8.412433 2.206393 18.247 
9.360277 86.26354 -16.91437 
-18.25216 -8.867579 11.97503 
-47.691 50.24004 -17.39136 
-39.31643 3.896196 8.751965 
-58.00147 55.12184 -18.23984 
-39.97488 53.74537 -16.95315 
40.64582 54.13881 -17.11797 
8.724935 31.91026 31.0671 
-4.730937 56.28016 -17.74361 
-16.51419 -7.042264 11.61656 
-61.56853 57.9899 -17.37849 
-6.787635 88.26723 18.90044 
6.149501 59.11094 -18.47562 
-8.211035 60.03483 -17.78536 
34.3619 -5.83424 11.66093 
-37.98791 61.2876 -17.47485 
11.67943 -5.077782 12.33571 
8.813001 62.28916 -17.57307 
-5.195261 70.9253 36.86468 
-9.525301 62.39725 -17.49743 
44.46978 63.25092 -17.78869 
-14.10794 66.12422 -18.40749 
-10.79901 65.94648 -17.89209 
34.09839 -4.512897 12.06566 
-15.15594 66.91623 -18.3793 
-32.62173 -8.31716 17.51964 
61.71611 67.74776 -17.86399 
1.741147 88.02259 20.27478 
-59.24371 69.42448 -17.37374 
10.27062 -2.648779 12.58012 
-6.154196 -2.076197 40.21932 
-14.50639 72.75394 -17.09029 
57.4496 73.21618 -17.28666 
44.78559 74.25324 -17.96014 
28.0549 -33.40382 10.02122 
-38.28339 5.476963 9.259006 
55.65511 74.97969 -17.40448 
-13.26511 75.66766 -17.51023 
51.35761 76.23222 -17.58219 
54.97389 77.50643 -17.67923 
5.071871 50.66263 38.02538 
53.76756 78.97171 -18.20806 
52.98251 77.06038 -17.24011 
28.61584 -29.64373 26.19727 
-39.78419 0.442647 11.27047 
2.313348 83.91244 -18.39991 
2.123903 84.00714 -16.92344 
28.95359 -53.05297 21.62774 
8.356804 -0.5499298 12.10921 
34.04997 0.7550704 12.71551 
-3.786762 5.992956 9.026621 
-36.21263 -53.06795 21.35638 
-0.1075187 5.838445 6.893971 
12.47764 87.23665 -17.46234 
33.05201 6.319456 7.443859 
48.31198 50.54035 -17.39472 
44.77545 50.79992 -17.84084 
-9.008478 1.954744 11.73617 
43.3808 51.61712 -17.68059 
-42.50405 52.0583 -16.39126 
53.13021 52.07891 -17.63332 
-55.42204 52.42235 -17.69029 
28.68486 -7.013514 18.54489 
56.10973 54.43358 -17.8061 
-56.01223 53.80331 -16.7042 
33.2292 3.88964 13.43756 
-3.675904 55.8514 -17.36232 
39.95845 55.45348 -17.52613 
-40.3725 -32.2177 9.628458 
-60.97288 56.88354 -16.95607 
-8.173921 58.05582 -16.6481 
-6.23754 57.99818 -18.09099 
-36.8066 9.128644 9.775057 
-35.74586 10.52771 8.415137 
30.68101 10.28184 8.270481 
-37.63937 60.4419 -16.8481 
6.193816 59.73237 -17.12971 
61.11783 61.2733 -17.55047 
-23.03569 -48.49274 19.90491 
-38.83022 64.68571 -17.51863 
-38.94843 65.67921 -17.33629 
-39.97657 66.6117 -17.56496 
-42.12454 69.12108 -16.87013 
-37.60513 -44.98247 20.49824 
43.11053 71.21414 -17.87138 
-52.69911 71.0269 -16.63521 
-45.82765 70.98503 -17.77789 
-50.43258 71.84731 -17.22255 
59.99968 70.8092 -17.74571 
12.81457 72.86407 -18.56708 
13.72204 -45.20073 22.77384 
-38.9869 -16.38012 17.77186 
54.68269 75.47498 -16.82714 
-30.02155 15.18842 7.207118 
29.69684 13.18708 12.57835 
-35.32793 -44.90742 21.92419 
15.72618 83.02399 -18.5591 
-34.94357 -43.73136 21.34803 
0.7432094 84.70522 -17.26838 
27.66963 15.03602 13.60748 
-19.24953 -6.366248 17.93345 
-30.14852 16.89289 13.00544 
-50.0616 49.82879 -16.80437 
-28.15833 17.62878 13.60873 
19.76171 -23.23609 25.5491 
7.763482 39.25892 31.12799 
-24.76082 1.413216 24.94722 
23.09917 16.6664 7.792999 
21.74229 18.16694 13.63203 
-26.08173 16.55791 7.725349 
-25.28772 17.73917 8.022498 
-2.775795 55.18915 -17.71427 
57.88707 56.95566 -16.88434 
-37.96952 57.19923 -16.52577 
3.387663 56.64671 -17.01059 
-11.66711 18.04263 28.02572 
5.485989 74.72202 35.29543 
7.670312 61.30897 -16.53924 
43.77348 61.39819 -16.95284 
62.40049 62.10631 -16.24132 
-24.27255 20.25007 8.001288 
30.28328 -38.00917 23.06042 
-26.38165 -37.29768 21.57891 
-61.66908 65.10503 -17.21223 
-60.31422 67.89575 -16.8102 
19.16608 28.4383 12.68643 
10.81818 66.82725 -17.34511 
26.54462 -24.23075 26.67165 
13.39163 68.94653 -17.47139 
-55.57973 69.77332 -16.84671 
-37.63948 4.564674 16.04791 
-19.98981 32.9377 11.87848 
-53.73289 70.00847 -15.93705 
-37.97221 -34.27084 21.14014 
41.65783 70.73468 -16.17488 
17.81088 22.91398 6.302774 
13.21744 42.75666 31.78442 
43.4482 73.22243 -17.03458 
12.77121 74.31638 -16.94609 
49.8701 75.87813 -17.8043 
11.65474 78.12012 -16.95491 
2.130498 -1.797144 41.55613 
-25.69925 -35.18833 20.97088 
-11.9398 85.69341 -17.50781 
-3.159948 85.9617 -16.4026 
-22.97653 38.94534 12.10829 
-11.274 87.20958 -17.73173 
-2.827903 47.27368 35.85818 
-7.962836 85.72327 -15.74453 
21.79509 -23.1683 26.17519 
-45.20505 49.89251 -17.01611 
-20.43455 25.16942 8.022065 
50.14958 50.52764 -16.04407 
43.51813 50.8228 -16.2491 
-44.20713 51.26559 -15.8792 
0.4093322 54.40792 -17.53655 
15.57737 45.73222 31.51751 
-3.180651 53.59016 -14.60917 
-19.70172 47.39906 30.91322 
7.629386 45.52649 35.52199 
-38.3524 -31.92543 20.9232 
56.98198 54.89316 -16.93774 
5.10241 58.03558 -17.08249 
58.98975 57.87029 -17.29575 
12.82504 -30.77288 21.32364 
42.79535 60.57971 -16.24379 
43.22062 63.67494 -16.69765 
13.28551 -29.01137 21.20037 
8.391995 62.66917 -15.98567 
-61.25141 64.22708 -15.80432 
-38.78078 63.2599 -16.50153 
-40.22374 66.72214 -15.40346 
-16.3141 66.33004 -16.64654 
10.19089 66.13307 -16.88317 
29.7049 -5.991458 17.73381 
10.29294 67.34776 -15.70519 
-24.94375 -27.87772 20.63061 
33.09373 50.02492 12.90623 
44.23086 68.9361 -17.03146 
-20.71979 41.09522 27.40985 
13.84273 68.46108 -16.01772 
-43.69942 69.80378 -16.96614 
-47.82583 70.76707 -16.52651 
-19.80382 34.0467 7.679383 
13.4396 -27.37243 21.64934 
-37.62136 -26.27283 21.51549 
35.10184 52.08146 12.49095 
59.00322 72.74435 -16.54483 
-26.42517 -26.25411 21.20848 
55.27749 75.12735 -16.08422 
47.38346 75.74284 -17.64029 
18.32116 55.30003 30.78582 
-13.19538 77.17928 -17.47014 
-13.23667 77.6009 -15.69563 
35.48347 54.61776 12.31977 
11.29518 83.93121 -16.24773 
29.80905 -4.032371 18.81123 
3.544989 83.85823 -16.7071 
-9.937057 84.03497 -15.88078 
-8.562657 84.74246 -15.06793 
9.298988 84.52016 -15.80492 
27.55698 -22.29592 25.7401 
46.99491 49.75454 -16.75886 
-52.3578 50.94211 -15.96398 
14.42952 -23.0827 20.91906 
41.44815 52.10444 -16.37462 
33.1414 58.87457 13.55618 
-26.75831 -22.04326 20.61851 
31.74464 60.14953 13.06903 
26.52639 -25.89243 27.32707 
3.638448 56.11673 -15.62774 
4.942084 56.65168 -15.776 
-29.20936 69.16383 10.69932 
-29.48203 61.56726 13.34511 
-59.71576 58.88316 -14.03668 
60.49231 59.93116 -15.68261 
-37.59101 60.50351 -15.13091 
-60.91509 62.51385 -15.99565 
24.49254 -21.64174 26.13997 
26.47213 66.6444 12.5169 
9.04145 63.85199 -16.09728 
62.86371 64.09236 -15.74247 
9.864092 64.63686 -15.88871 
43.29594 64.98503 -16.10805 
-10.75124 64.29176 -15.83412 
18.12414 62.88943 32.00723 
-14.32975 65.8666 -16.53654 
13.1913 23.45811 26.49959 
24.20379 43.07952 8.81674 
-29.49026 67.84572 12.63165 
-41.96371 67.94637 -15.61613 
25.92978 69.42944 12.02808 
-16.34051 68.65952 -17.01979 
-1.422923 62.69456 39.31643 
41.7111 69.19645 -16.24858 
-20.90657 2.168653 25.29909 
42.49614 71.87153 -16.1825 
-26.61668 73.25682 12.71131 
56.60336 74.79433 -14.92401 
53.22449 76.13317 -16.44248 
48.88523 76.13054 -16.70518 
-11.69331 78.67832 -15.07373 
-10.9934 79.53014 -16.49279 
-24.30213 75.89596 12.56218 
11.19883 80.05689 -15.52403 
2.729578 84.73479 -15.48518 
8.02327 84.72759 -16.03557 
-32.87685 -18.56111 21.1966 
-1.076131 86.01362 -15.49301 
43.18225 49.70885 -15.03253 
31.7811 4.52468 17.1652 
45.13883 49.93324 -15.87416 
-45.88942 51.04929 -14.73596 
52.46355 51.09155 -15.83507 
40.47765 51.69515 -15.13766 
54.00232 52.57568 -16.34546 
-54.21589 52.27066 -16.24272 
-39.07074 53.89545 -16.15776 
55.74393 53.9215 -15.90622 
-5.745365 55.77226 -16.17301 
-4.57365 55.20384 -15.15207 
-36.83027 56.52807 -15.58842 
-8.927902 57.90116 -14.88596 
58.97976 57.81116 -15.19514 
-60.68111 57.20628 -15.1479 
21.9432 -7.065832 21.14643 
38.79727 57.85032 -16.04819 
42.55109 58.56007 -16.32011 
39.73145 58.42437 -16.45575 
-10.42765 61.33985 -16.11799 
61.53001 60.18266 -13.83327 
-38.24173 62.17709 -15.60395 
37.85312 48.50694 7.66538 
42.46987 62.79799 -15.25257 
-16.55301 64.69652 -14.51685 
19.77089 -6.137704 21.53641 
-15.0267 65.50972 -15.70254 
-13.20314 66.09916 -14.28659 
-12.15127 66.49137 -16.20294 
-41.81081 67.28806 -14.06497 
-16.95604 68.41976 -15.53564 
12.60711 67.92525 -15.24934 
9.165577 87.71306 12.20838 
-36.88124 6.413935 16.85863 
-15.66179 73.4445 30.87748 
-16.59487 69.91193 -15.55285 
-51.09499 70.16926 -15.32687 
15.5178 72.21519 31.25395 
31.56936 -30.21902 10.35639 
13.5587 72.57856 -15.62959 
57.38629 73.75951 -15.60872 
-14.74139 74.14067 -16.92123 
-14.19009 75.73109 -15.79851 
-8.841218 89.17924 12.97189 
46.38453 75.41782 -16.12468 
52.98014 76.19434 -15.10959 
11.94514 76.38602 -15.60204 
10.87477 79.13316 -14.88677 
-4.46567 -0.4387705 47.86555 
14.59361 73.65373 30.38371 
15.77512 -30.45472 9.179921 
6.186286 83.60017 -14.59896 
10.25367 -1.740671 17.70698 
-10.85271 44.15581 -15.1143 
-7.683327 44.15618 -14.99795 
-9.654263 47.8324 -15.17621 
34.77714 -53.54924 13.94912 
-2.424139 6.813099 17.5257 
-13.46877 74.76686 31.14704 
-44.11491 -53.61531 14.3563 
-13.13516 48.12851 -15.35344 
-36.07736 -0.7250283 18.33582 
48.06968 49.64779 -15.41165 
39.87717 53.21239 8.38003 
-47.28465 50.12049 -15.56089 
26.31344 -3.417214 21.56621 
41.73221 50.89817 -15.14814 
-39.10546 52.08075 -15.08179 
54.86665 52.45757 -15.01958 
-30.57488 -3.572889 20.84528 
-31.39444 -53.18879 13.68821 
-3.911652 54.81021 -15.46984 
3.185928 54.61437 -14.25817 
17.61642 -53.02005 13.22393 
56.96423 55.23352 -14.60748 
-28.44261 -4.205698 21.46699 
-59.15786 55.31491 -16.47806 
58.59114 56.79198 -14.65843 
-14.26115 29.96089 28.55612 
-37.47888 59.22462 -15.67004 
-9.982022 59.57931 -15.01119 
-3.454498 67.73156 37.80609 
8.339715 59.88581 -15.06556 
8.871533 61.42641 -14.52745 
41.40392 61.66936 -14.33055 
-37.73443 61.46645 -15.15422 
-22.63951 5.322207 25.89901 
-9.360469 79.55593 30.35318 
11.6134 -1.66524 19.94873 
-18.08156 65.75922 -15.27856 
-12.00046 65.8847 -14.53589 
42.94261 67.38517 -15.55482 
-21.25903 4.275288 25.21464 
-58.79354 67.33964 -14.25429 
9.827399 -0.6372048 17.21261 
61.01239 69.02533 -15.95664 
-57.37524 68.93021 -15.26636 
-55.31987 68.67112 -15.52564 
-13.60322 56.54499 37.3773 
-20.11524 3.588998 25.13557 
14.03059 69.25462 -16.02666 
36.54656 -49.58857 13.86348 
-44.62599 69.79774 -15.14985 
60.49716 70.19521 -14.97092 
12.47224 0.08071364 21.09921 
-47.02594 70.01451 -14.36245 
-13.21203 52.22656 37.0149 
-48.96122 70.94324 -15.67778 
17.81921 -49.11737 12.62584 
-15.98162 72.71335 -14.75089 
27.17807 1.11032 21.79673 
-8.263889 89.11077 5.9781 
17.35987 -47.32742 13.97669 
28.52524 2.142541 21.16601 
52.07393 76.03321 -17.00741 
50.64363 76.48357 -15.46255 
-8.548561 79.77615 31.46465 
13.76025 31.15145 26.60482 
-1.120565 69.18512 37.97285 
35.90361 -47.66368 12.08363 
-8.976493 83.03573 -14.11712 
17.017 43.03459 27.8679 
8.023791 83.7555 -14.6369 
-6.381461 80.4971 31.6893 
9.569589 0.3674722 18.12718 
38.43113 60.54965 7.475342 
-33.07147 3.04773 21.6698 
35.18232 -47.17801 14.21419 
-13.32915 42.323 -14.51105 
-10.34336 1.560087 18.02888 
-40.54876 -28.78387 10.82068 
-13.89865 44.19167 -14.79794 
-43.74515 -44.98713 13.32717 
-17.07527 47.17193 -14.36123 
-14.81876 32.22725 27.80504 
-15.99398 48.65442 -14.80224 
-14.64074 49.61629 -15.01114 
-2.32093 -6.301496 48.71031 
-39.54455 50.26192 -15.1423 
47.02223 49.65754 -14.45845 
-35.00019 62.67965 7.604257 
-41.28355 51.92607 -15.77163 
-11.4196 51.13798 -14.49886 
51.84096 51.20225 -14.68467 
-12.87886 -0.1665895 19.63782 
-1.330034 53.00248 -14.26789 
1.790621 53.56405 -14.64986 
-30.49463 63.3131 9.051908 
-5.058148 55.0487 -14.5438 
26.59668 -43.61427 13.18784 
-15.02735 51.92478 36.39311 
-7.165661 56.41875 -14.74388 
20.5157 -42.81022 12.20392 
4.316401 55.99371 -14.00601 
-5.518458 5.886128 26.47327 
17.96577 80.2404 18.74703 
30.3632 9.286725 16.79344 
41.74173 60.46283 -14.84071 
-59.85666 62.19738 -14.17602 
38.19564 60.83206 -14.70748 
38.56301 60.75825 -15.02697 
-39.83759 -39.57103 13.65845 
-36.48119 62.25617 -14.48087 
2.686575 5.929069 21.20241 
-38.20047 62.91493 -14.92511 
-38.9361 64.33344 -15.49899 
20.26612 54.73764 29.72941 
-60.13668 64.93437 -14.71842 
9.793255 64.71075 -14.6872 
9.981231 51.87778 36.21315 
-29.03402 65.7294 6.831475 
-25.37542 72.84618 10.23844 
41.93802 65.84308 -14.46623 
39.87421 66.54548 -14.10445 
21.26299 -38.61662 13.04459 
-21.86298 6.834904 26.37353 
40.53865 68.6066 -14.90899 
-29.14262 66.67623 6.961186 
41.50557 69.88551 -14.5724 
-46.04195 70.70709 -16.1 
14.89596 71.16735 -13.95288 
13.71089 71.37978 -15.30921 
-16.49693 71.39523 -15.73061 
59.13134 72.1431 -14.49546 
-15.4496 74.22182 -12.99482 
54.35508 75.85108 -14.8547 
51.24685 75.7151 -14.11247 
25.81843 10.85683 21.49876 
-13.0467 77.55974 -14.81849 
27.83952 -37.05091 13.91131 
-10.44474 81.49575 -16.16124 
10.06349 81.98917 -14.87505 
-29.13398 70.00074 8.482411 
2.284417 84.89294 -13.74923 
-6.049349 85.56332 -14.98525 
-8.51705 40.08209 -14.29659 
18.22168 -49.44754 31.80925 
23.69058 72.56804 8.770885 
16.25584 -36.05841 12.90012 
9.914902 43.04672 -14.1662 
-3.826056 42.81451 -13.7681 
22.92554 72.95452 10.93185 
-5.533421 46.63346 -14.47061 
3.830954 45.29947 -14.26753 
7.314237 46.25242 -14.55836 
-4.655277 -0.5499493 31.86128 
-3.763548 -5.929814 48.67528 
0.002078881 89.66325 7.24491 
-14.22622 36.45501 28.42758 
-40.27872 49.62799 -14.70768 
49.37771 49.22972 -14.10172 
-43.02666 50.70958 -14.02595 
11.88399 35.71767 28.30338 
30.76306 2.952457 18.3189 
-49.19498 50.24977 -14.79675 
1.716285 -1.100188 31.20981 
-51.19658 52.11096 -12.68165 
-51.56412 51.67892 -14.04053 
32.13591 -29.42212 13.3795 
-14.09569 53.02633 -13.91812 
22.61001 73.47687 7.92578 
0.8463817 52.5101 -13.89392 
-21.09075 21.15811 21.44994 
-5.860625 1.860322 31.28096 
32.16952 -28.38133 12.68152 
19.99631 74.67123 7.966983 
11.78815 -26.86908 13.46715 
5.337878 2.999304 17.23902 
-6.639114 54.80375 -14.05022 
39.09158 53.8325 -14.5409 
-57.35115 55.62623 -14.05747 
-16.43015 73.30343 28.7676 
-21.26006 21.94473 20.6524 
39.1149 55.18102 -15.47563 
-34.92959 56.60688 -14.35964 
-20.68239 22.7688 22.26224 
38.29385 58.62549 -15.00072 
2.501037 7.048174 32.11718 
-17.90502 3.679869 25.03172 
19.27013 76.7198 8.083405 
14.5965 38.56327 27.93907 
38.31029 61.56946 -13.47708 
39.42575 61.7757 -14.27265 
-21.3537 -22.89104 12.45596 
-18.37515 26.63249 23.77955 
-20.92326 63.20466 -14.02292 
-19.65041 64.58575 -14.59347 
-19.24622 63.94436 -14.48994 
-20.59193 78.3586 7.891547 
-14.92279 65.07507 -13.37994 
15.3139 67.51393 -14.36296 
15.72504 68.32826 -14.62934 
-23.12656 8.26337 25.91049 
-35.52731 4.838597 19.41594 
-17.01959 69.34554 -14.40177 
1.537104 90.01855 6.184261 
15.15118 -18.99479 13.2653 
-20.05462 32.59342 20.31723 
-41.71582 -18.46324 13.73071 
14.51048 72.65924 -13.87681 
-19.03804 34.78324 20.3753 
44.02468 73.29811 -16.09274 
13.1606 75.04822 -15.30866 
-19.13303 36.46231 20.65926 
0.4253519 9.224024 32.13913 
27.74795 12.75151 16.9637 
-11.82928 79.13857 -14.10746 
1.185977 85.26938 -15.76565 
-24.76976 -15.62475 11.42512 
-5.050314 40.52312 -13.51289 
30.60508 -15.42334 15.61244 
-21.91347 40.80612 21.14747 
-15.51265 43.50055 -14.15797 
3.402173 41.63578 -13.88748 
9.338611 41.13895 -13.71739 
-17.60523 82.38036 17.92559 
-25.37325 -14.2906 12.4955 
-8.410923 19.5602 30.36564 
6.147501 42.55273 -14.46709 
-4.078269 1.652517 41.19798 
-38.66318 -13.41742 14.60863 
3.36649 22.82882 31.64977 
-4.911634 21.96813 31.45855 
-6.706463 49.07936 -13.98212 
23.07903 43.84964 20.60649 
48.47702 49.38881 -13.25056 
-37.33752 -12.14029 13.94821 
9.399671 49.01604 -14.19449 
-25.60196 7.80228 25.63136 
15.0312 -11.02038 12.92116 
-16.68012 51.90498 -13.52459 
14.21091 82.39326 19.34126 
-4.068389 -3.734892 38.37059 
-35.87823 51.26919 -13.05632 
54.11935 51.93436 -13.0768 
-20.84988 -10.07532 12.59669 
-2.405125 52.27121 -13.54603 
-36.73513 53.03804 -14.53987 
7.928779 88.3531 6.827011 
23.80234 52.5163 22.44804 
-53.51802 52.67595 -14.18833 
-55.31329 54.41426 -14.58585 
38.74635 55.69265 -13.41357 
-19.10483 -9.081159 12.85999 
-8.028373 55.53717 -14.26993 
24.47915 55.66303 21.28928 
-59.31707 56.32041 -14.43243 
31.18378 -10.45772 12.09301 
6.305505 57.21193 -13.89301 
-9.848265 58.72855 37.65603 
-1.758498 22.38829 31.66204 
-9.719817 57.87452 -14.16011 
-18.03773 -7.423049 13.2333 
-11.98307 59.99797 -13.28815 
-59.10338 59.81707 -12.75057 
24.91808 57.69719 21.00422 
10.05296 60.76583 -12.15738 
10.17246 62.03261 -13.75629 
-5.847935 4.038996 30.30626 
-21.12194 62.32659 -13.93868 
-12.43547 63.40268 -14.53157 
41.25501 64.12237 -13.78396 
-48.18166 -53.62282 10.02237 
39.5415 65.1768 -13.60545 
-14.57864 64.63498 -13.13087 
-13.78698 -4.559122 12.90745 
19.33368 44.10355 27.28025 
11.4956 -6.571193 13.73931 
-19.95796 41.38443 29.31564 
16.76631 67.40537 -13.54292 
10.94677 67.87157 -13.93756 
-18.97323 67.43199 -14.0342 
40.06335 68.73775 -13.96684 
-51.5881 69.5426 -13.79664 
-4.970875 -7.091052 57.05629 
-50.28679 70.09837 -14.30917 
-7.166588 8.419662 25.6428 
-4.963463 -10.45471 55.18933 
13.70732 73.62249 -14.10931 
45.1003 74.29183 -14.86856 
-7.536946 23.06631 31.51214 
13.36167 74.98238 -12.5835 
47.723 75.27411 -14.53866 
54.24618 74.92574 -12.75487 
52.40699 75.62329 -13.09593 
10.87325 78.83513 -13.72473 
-39.48197 -2.847278 13.4877 
34.25197 -2.992033 13.07275 
-7.342887 84.91998 -14.45682 
-2.31981 86.24423 -14.35021 
-9.502006 37.70855 -13.15804 
-7.276821 38.41363 -13.30353 
-22.29041 76.65094 19.51144 
6.232905 39.12711 -13.42152 
-15.39201 40.66747 -13.04793 
4.86639 24.13019 31.48525 
11.52957 40.30828 -12.76554 
-9.980995 0.564194 13.59961 
19.29868 -53.47845 9.771951 
-21.23995 43.67694 27.02392 
-18.94058 46.41934 -13.22477 
-2.934809 47.16892 -13.10116 
12.08844 48.38363 -13.63277 
9.888703 46.76342 -14.43384 
-38.90322 1.53044 13.61017 
33.94686 -53.0383 8.633172 
-42.98232 49.75246 -13.08031 
-38.69691 49.18634 -13.17776 
6.036789 48.81504 -13.87107 
46.79869 49.04446 -13.04084 
6.388133 2.195821 12.75877 
11.82332 82.96607 21.49751 
-48.64405 51.17447 -13.36824 
-45.94492 50.84199 -12.91527 
-38.36665 3.977049 13.49232 
-10.45962 52.3874 -13.28539 
3.119015 3.477395 12.95993 
-38.4913 -52.81948 8.374583 
8.815704 86.35989 19.93204 
-7.508254 53.75536 -13.29333 
56.75922 54.75993 -12.80765 
-55.12554 55.84227 -12.58716 
0.6128616 6.652606 15.63324 
-11.23795 55.57776 -12.98394 
-2.971368 26.88704 31.74131 
9.947761 56.15182 -12.80523 
-58.79043 57.96736 -13.6408 
-0.8521777 24.6876 31.19634 
-34.00471 58.30859 -13.41223 
-13.23232 57.74711 -12.98612 
8.70101 59.5954 -13.27699 
-21.13478 60.74244 -13.41431 
-18.23782 63.38373 -13.79374 
38.33871 63.9283 -13.01234 
-33.18669 14.4257 12.941 
-39.00787 64.14268 -13.84875 
14.28718 -53.25565 22.60418 
0.4864193 6.285416 16.92863 
-44.19465 68.32558 -12.4879 
-18.61917 68.79372 -12.97965 
-53.1297 68.95279 -14.00232 
-46.01598 68.74847 -13.24033 
-43.9774 68.80534 -14.41683 
34.27273 -51.43184 8.177544 
15.37868 70.44167 -14.02736 
59.33276 71.03342 -12.54442 
57.00224 73.11476 -12.42684 
-8.953925 8.580338 25.95864 
16.20582 5.267842 24.96167 
40.18023 -50.88451 7.408218 
47.2711 74.97542 -13.02262 
-14.06456 75.64204 -13.6384 
49.36394 75.7309 -13.80021 
12.17205 77.49554 -12.11641 
19.3671 4.51233 25.27901 
-10.07493 80.72762 -13.91634 
-4.91632 25.01686 31.73658 
7.337646 82.80408 -12.8073 
5.247884 83.95004 -12.81902 
-8.532027 82.9508 -11.7893 
-22.88138 -52.19566 23.25564 
-4.619419 86.00509 -13.30698 
-12.07996 38.40556 -13.15261 
28.88373 -50.49422 21.85131 
2.251858 26.59598 31.75671 
-21.84169 25.67171 12.55684 
20.70045 47.45028 27.59481 
37.9441 -48.90848 8.060325 
-23.12751 -49.51073 23.30521 
-16.64815 57.50874 35.21652 
6.985286 25.69309 31.63957 
-49.93604 -48.23035 9.014763 
1.733555 43.14746 -13.55538 
13.79727 45.74038 -13.21666 
-20.93133 31.97353 14.31108 
4.761761 49.22729 -13.25153 
2.587893 2.333478 36.32975 
0.669795 48.6884 -12.58665 
19.79983 -47.0051 7.883661 
45.24822 49.28463 -12.98353 
1.913115 50.66079 -13.1705 
43.24457 50.25937 -13.04931 
51.50977 50.30538 -13.47126 
13.23886 58.38509 36.29276 
-22.28184 38.79526 14.70381 
-13.6777 58.13691 36.64583 
53.49908 51.69819 -12.49872 
-25.56241 -44.498 21.21859 
21.3495 39.66668 14.81178 
10.6965 53.21965 -12.66035 
-34.67052 52.74344 -13.53018 
-26.90563 42.89447 15.69326 
20.63418 -44.88295 9.478597 
23.82232 41.31031 13.67791 
-34.97619 53.77281 -14.11134 
5.601159 53.50032 -13.29665 
39.42788 54.47501 -12.27601 
-8.942797 54.31567 -13.25825 
6.324314 54.29333 -13.22941 
15.03032 -43.89128 22.21935 
7.969178 55.17595 -13.3441 
-35.0768 8.72944 18.84951 
29.14817 -45.2906 7.770919 
21.73713 17.21849 15.94299 
-34.62292 -41.53265 21.87286 
-14.46099 56.56158 -12.65404 
-27.2422 -44.00491 22.574 
59.81166 57.56179 -13.22536 
27.6794 48.21488 12.82123 
38.41476 57.92917 -13.37523 
10.46409 58.9544 -12.94468 
-35.18567 60.18364 -13.12591 
-26.95625 -40.63468 21.92655 
-13.60683 62.25441 -13.51358 
11.31368 62.99837 -11.91035 
-34.6112 62.49076 -13.16 
6.480495 27.61965 31.68251 
-39.23633 -53.01825 18.76531 
-41.02258 65.18344 -13.3202 
-38.10358 64.77316 -12.88613 
-21.90071 64.49809 -12.97927 
22.17446 -44.92073 7.608271 
13.93897 -39.60426 22.92046 
-21.43507 66.32868 -12.75093 
18.06365 65.66712 -12.45604 
15.48529 66.96624 -13.60904 
13.33988 67.00571 -12.48101 
-57.36662 67.20076 -12.50963 
28.73491 11.60197 18.66388 
16.22564 69.75663 -12.43524 
-18.37638 6.066957 25.53275 
-37.70868 -35.40555 20.88945 
35.09114 56.77293 12.92124 
-16.1882 71.85439 -12.90835 
44.13242 72.89301 -13.95857 
45.80068 73.42455 -12.42784 
-29.86338 59.4404 13.01103 
-13.97701 77.6937 -12.71416 
-23.93315 67.42506 26.74756 
-36.40278 -33.25491 21.95358 
8.830727 81.5435 -12.94516 
0.6373042 85.56507 -12.90375 
-2.729228 86.12766 -13.03747 
5.179895 29.57439 31.73816 
-32.84364 -42.57091 8.487253 
2.368005 39.67559 -12.84817 
13.09626 -24.66367 10.80005 
8.580196 29.28755 31.58007 
-3.234192 41.00758 -12.49908 
1.123338 39.54039 -11.2313 
-17.70084 43.37535 -12.8357 
25.6662 68.25919 13.42702 
-1.822014 44.14457 -12.12811 
-24.25755 9.839083 25.881 
14.23123 43.31922 -12.7449 
1.640605 46.01442 -13.44488 
-28.91782 67.90818 13.66579 
-33.94416 12.87994 17.97841 
-18.75452 8.091239 26.11385 
-28.39447 70.29371 12.7689 
-0.8073125 49.23053 -12.55212 
26.60483 13.1705 18.85844 
-26.20771 -31.02613 21.69575 
-36.92087 49.95314 -13.25925 
-36.7743 -30.54522 22.21795 
0.9663464 29.85444 31.54311 
-3.539771 51.11275 -12.49501 
2.512986 48.95634 -12.15758 
45.28753 49.74552 -12.12126 
22.3201 73.92836 13.20639 
-32.47366 13.70821 17.20574 
-36.67205 -28.8239 21.98882 
-27.10042 -28.92549 22.05079 
6.81961 31.37445 31.50444 
-49.82218 52.24592 -11.94926 
-5.047856 51.56921 -11.90576 
2.247133 49.70005 -12.16919 
3.828057 50.81211 -11.9139 
-33.24613 -40.74463 8.236633 
-6.436873 52.82258 -13.50206 
-7.674661 52.9908 -11.54061 
-52.01518 53.99733 -11.85405 
32.46181 -27.67709 21.90675 
7.117551 10.32631 26.69113 
-36.64539 -25.17134 22.06164 
24.61476 -23.92874 26.62398 
-15.60227 53.62569 -13.5873 
-13.55943 54.66386 -12.33432 
-27.39494 -24.86313 21.33878 
-33.12885 56.37804 -13.39711 
-16.22652 84.80371 13.43046 
-2.765821 49.32776 38.66034 
11.83111 57.29759 -12.43057 
-28.54947 -23.61506 21.79885 
25.02871 14.23148 18.43074 
-16.52627 58.30518 -12.9491 
-35.74247 61.5695 -13.98765 
-58.41442 61.81998 -11.90545 
-14.44251 61.27663 -12.62054 
38.09911 60.28304 -13.17977 
-11.76464 87.74742 10.84875 
-33.05641 61.81065 -12.48592 
-22.67694 61.30037 -12.5895 
-8.050662 33.82229 32.9599 
-19.28533 60.96859 -12.19181 
-41.668 -24.64403 9.752728 
19.9459 20.75946 17.18656 
-16.97154 62.80962 -11.92077 
-11.61216 87.16006 13.76753 
63.00907 62.67642 -12.7491 
-16.3251 10.98476 26.29225 
-36.72704 -39.15303 8.375426 
-40.2611 64.57549 -12.30228 
11.18149 33.3807 30.80615 
-42.16178 66.27587 -12.19195 
39.14865 65.90112 -12.83546 
-30.90503 -20.51109 21.55946 
10.07267 67.33597 -13.32666 
62.04974 66.71187 -13.79822 
-12.0015 35.53944 31.4086 
9.640308 35.00304 31.75232 
-50.60564 67.9566 -11.73382 
-49.48091 68.07679 -11.9844 
-48.56284 69.85118 -13.26872 
-37.39196 -20.05341 21.50618 
-17.19834 70.52477 -13.78681 
42.05139 70.11993 -12.21043 
-17.08384 71.85624 -12.04954 
43.18428 71.53946 -12.77694 
-14.49294 9.270769 25.95178 
-17.12534 72.9761 -11.20864 
32.93808 -53.92395 11.84226 
-38.32657 -36.17606 8.60806 
49.41072 74.86208 -11.80721 
12.58559 76.11835 -12.10815 
-13.97003 77.25064 -11.24554 
10.75747 78.66932 -12.15716 
-9.785871 81.68014 -12.32794 
2.830235 84.49181 -12.1536 
22.53224 -52.96626 11.91743 
6.241865 36.5924 31.47112 
4.955515 10.59558 26.73357 
-16.89923 40.06098 -11.66542 
17.94847 -44.36553 29.14236 
-5.109667 -12.07989 57.67241 
4.842114 37.23139 31.61702 
0.8336774 42.64607 -12.12669 
0.2097688 45.53561 -12.22786 
-30.01059 15.95724 18.19491 
1.060233 47.6749 -12.20528 
17.62251 -50.55653 12.77106 
-41.19875 48.55383 -12.5673 
-48.55162 -50.78785 12.94568 
-38.38144 48.91522 -11.30865 
-20.76654 10.48538 25.68532 
36.8118 -50.70567 12.66145 
22.6169 -5.557052 21.38184 
-28.47252 16.96695 16.63705 
17.32242 -5.215335 21.5853 
40.42722 52.70641 -12.97969 
-26.5189 -3.852304 21.80671 
15.92755 -3.294396 22.02287 
8.089766 53.1543 -11.87274 
-1.846652 0.997261 44.29821 
20.92198 15.89413 18.68883 
12.2682 40.52498 31.92639 
-10.54093 53.75851 -12.00156 
-8.950133 53.66527 -12.07567 
13.11017 52.31462 -12.80202 
21.55578 -30.84384 8.54681 
-18.94381 52.74981 -13.0585 
-22.04911 22.99687 17.386 
-9.870824 54.36258 -12.3257 
26.4297 -46.10857 26.02098 
-18.15943 55.52331 -11.28904 
-10.66072 54.59804 -11.95463 
-13.84276 64.78107 35.97664 
-16.17623 55.719 -11.83875 
-54.10973 54.63623 -12.17444 
-12.68613 55.19353 -12.01939 
33.52105 -46.6367 14.33336 
-54.24244 56.55605 -11.36584 
-16.08985 56.48216 -12.56527 
-21.54262 59.00953 -12.63851 
-22.35709 58.48611 -12.48323 
-20.77112 57.24114 -11.74518 
-18.63718 57.08117 -12.50405 
-29.9845 57.34383 -10.81506 
-55.33112 57.61899 -11.98874 
-30.33902 -2.263934 21.26992 
12.72879 58.33602 -11.88819 
-17.59598 43.04516 32.16782 
18.51636 24.58083 17.63597 
-19.55892 59.83298 -12.04853 
27.79476 -43.97499 11.44314 
-18.33523 61.32325 -12.00244 
19.36577 -43.67728 13.753 
-22.17432 62.99577 -12.63406 
38.39658 62.81717 -12.61416 
-58.56738 65.0173 -12.33446 
-36.53101 64.19473 -12.47399 
38.64893 64.46978 -11.72717 
-3.395345 3.112071 26.84832 
-40.75006 -42.09686 13.39592 
-24.44593 49.76053 26.24127 
1.471648 49.53351 38.64814 
17.60314 -29.39375 7.869889 
23.96656 -41.77803 13.87436 
-19.5844 67.06846 -13.22153 
-23.58385 -40.62414 14.29471 
-45.79863 68.04868 -11.69359 
-19.29317 68.12723 -11.90034 
-47.88874 68.82588 -12.34326 
17.40291 69.1702 -11.78878 
-19.38847 69.20405 -11.10235 
15.73985 70.53628 -11.76623 
44.90237 71.18404 -10.09765 
10.59793 0.5937806 20.27029 
-17.69518 45.85197 32.68454 
52.84814 74.43827 -10.87027 
-15.78009 75.19355 -11.59322 
-22.75503 -38.13952 13.86416 
18.43508 -37.81878 12.59068 
-15.04471 75.78203 -11.5294 
-11.187 80.83109 -11.77176 
26.43672 -38.34999 12.88609 
3.196537 0.4454707 35.56287 
-6.161458 84.49244 -12.31015 
-4.93771 86.04004 -11.75336 
-9.804052 35.41172 -11.07535 
22.88073 -38.79805 13.6117 
8.779313 3.011379 20.83205 
6.681436 36.6245 -11.69028 
-7.556961 36.82984 -12.05509 
15.93611 -36.97223 13.80945 
-0.6536774 40.92253 -11.59329 
-18.82754 49.5727 32.46779 
-1.144516 47.34601 -11.61616 
-0.1588047 47.45529 -11.5962 
-22.00867 -33.89137 12.71438 
-21.37064 46.44259 -11.23537 
-36.23206 49.52584 -13.06474 
-8.220442 5.471566 21.15592 
-2.637757 49.43156 -11.55152 
42.43833 48.82508 -10.52824 
-4.597368 50.51534 -11.43257 
51.59666 50.28385 -11.93887 
14.73542 -23.82264 8.507532 
-46.64735 50.44692 -8.7781 
-42.14024 -22.42904 8.81058 
17.75277 52.20308 31.95881 
-6.139941 0.5998392 36.09583 
-6.834733 51.57919 -11.72718 
15.39941 50.68393 -12.38583 
-6.821671 52.0452 -11.646 
-40.85005 -30.97196 13.58508 
31.43267 -32.08632 14.07492 
5.378609 51.88042 -11.78758 
-30.51909 52.48548 -10.89893 
7.860041 53.80939 -11.75541 
14.30467 54.67515 -11.80275 
16.00095 53.59931 -11.13796 
-21.43438 54.9016 -11.096 
-9.319446 53.1935 -11.81243 
-40.95341 -28.93386 13.00165 
-10.92354 54.10197 -11.88902 
28.78192 7.271924 20.19978 
17.67421 53.94648 32.50137 
9.437314 54.92243 -11.41523 
-32.70622 6.780566 22.20816 
33.17225 -21.71116 8.163831 
-23.49825 57.83828 -11.24927 
38.34959 57.59645 -11.04251 
14.61002 58.19585 -11.48526 
-55.62283 59.96662 -11.4499 
18.57383 57.49821 31.3332 
-5.643324 6.199746 30.292 
17.49043 -18.9581 7.977761 
32.68045 -19.27608 7.881862 
-23.36351 60.10186 30.40899 
-24.08952 63.92719 -11.36001 
19.11372 62.66664 -11.30232 
-35.03893 64.1829 -11.50783 
17.1722 65.12609 -12.35594 
38.58723 63.39274 -11.5314 
-41.97172 -21.89281 13.13884 
-5.666647 50.46373 38.39768 
-38.45348 64.87141 -11.70085 
32.6377 -21.62018 13.70766 
-41.41853 65.79624 -10.81556 
18.29089 59.46534 32.42541 
21.23786 12.2462 21.74999 
13.14835 -22.66843 14.0959 
17.47353 6.809388 24.90325 
-52.81899 67.65324 -11.74577 
14.72972 13.83743 25.7541 
-43.88362 66.7924 -11.22187 
-54.64642 68.28205 -12.43499 
-1.979515 51.39894 38.32684 
18.6168 67.4303 -10.91855 
-20.66985 61.81105 32.40427 
60.53957 68.43304 -11.92107 
-0.803933 50.55681 38.88891 
13.47619 75.39388 -11.52352 
7.690542 81.94859 -10.88363 
-20.09078 64.42384 32.02894 
-7.392242 83.99536 -12.40059 
-2.726142 86.31509 -11.99093 
2.973619 37.54562 -11.79512 
9.406878 37.1216 -11.6601 
-13.26172 35.1808 -9.633074 
16.78856 21.87981 22.41746 
-24.36034 -14.75567 8.670965 
12.98901 38.41688 -10.97877 
-1.720127 42.5554 -11.78811 
-18.37748 67.18087 31.71395 
-3.20945 50.58129 38.08482 
-18.12857 41.52636 -11.3761 
-20.20507 42.44081 -10.42312 
16.06865 -12.32118 14.99463 
-43.64927 48.38017 -11.37876 
-11.07756 65.38747 36.29737 
-33.28998 49.40739 -11.30984 
-44.40646 50.27083 -11.95143 
47.77744 48.9709 -11.74498 
41.55355 50.3123 -12.22614 
41.51016 51.35225 -13.1826 
50.12476 50.36763 -11.16961 
16.34002 27.5201 22.74147 
13.83928 -10.42242 14.46429 
38.52522 51.81405 -10.77307 
22.66215 -26.54113 27.46514 
17.65751 53.58981 -10.79891 
-28.84793 53.93423 -10.37116 
-16.38037 16.1005 26.12706 
-38.85833 -10.0383 11.85994 
55.87889 53.42455 -12.96792 
2.249197 72.67248 36.79061 
-22.89785 55.64996 -11.77065 
-37.83695 -8.261467 12.80606 
15.58817 70.44706 31.26287 
11.00429 55.19072 -11.33862 
12.34822 -8.343435 13.65021 
-19.71832 55.72804 -11.44074 
10.55719 55.66671 -11.37301 
-18.55486 81.45013 11.62577 
15.55464 -12.19545 8.436497 
19.51529 -44.22728 29.07478 
33.33526 -6.614363 13.4658 
13.71915 59.44019 -11.74025 
21.3937 -31.60225 28.9155 
-33.0894 59.87281 -11.75605 
-32.96585 60.68361 -11.67968 
-31.23796 61.69674 -10.94871 
11.08217 61.66692 -11.67897 
17.56148 34.29553 21.39308 
-28.33488 -53.12881 17.72144 
-24.11732 62.20407 29.02756 
-16.3523 -5.835364 14.11645 
11.13743 66.28791 36.24113 
11.57923 66.06979 -11.12139 
14.09654 16.35706 25.32527 
61.8375 66.25732 -10.97937 
-38.50029 -3.478366 14.46236 
39.7093 65.9728 -11.56776 
11.25965 67.48335 -12.07764 
-12.44093 -3.043437 13.05466 
9.563328 -2.821668 14.15387 
-21.89071 67.72306 -10.50335 
17.29418 69.96613 -10.07547 
42.81432 69.91037 -10.36715 
-38.71924 -1.077102 14.10101 
45.1967 72.28085 -10.72298 
15.47668 71.92439 -11.24613 
19.38649 6.388811 25.27257 
-10.7471 -1.025044 12.8592 
13.94591 73.39214 -11.84403 
34.88031 -7.661872 7.678431 
49.79029 73.56335 -10.27759 
8.923453 -0.8790975 13.37503 
21.34061 43.56123 22.74412 
-11.93709 78.83139 -12.1584 
9.568528 80.11421 -12.83014 
4.625193 83.99212 -11.97007 
-1.04699 86.21828 -11.84367 
8.344249 35.447 -10.55675 
13.45474 17.98336 25.69659 
-22.59335 64.03416 29.76719 
-14.9314 38.33474 -11.79515 
-8.668787 1.759413 13.33374 
22.1242 5.12461 25.21925 
-6.089361 4.288999 12.07255 
-43.03313 48.48693 -11.8401 
-41.16267 47.95206 -10.36072 
-37.6659 47.87237 -10.14995 
-44.56769 49.07877 -10.48001 
-34.45881 48.40752 -10.53188 
28.32051 -16.6607 19.11173 
-21.56127 49.57604 -11.90027 
49.22403 49.69476 -10.42012 
7.84 79.27399 31.48058 
18.36749 49.45972 -11.17818 
-6.06937 -2.613077 47.75815 
-20.35446 51.37626 -12.97999 
-30.78748 54.92465 -11.79157 
34.21767 -52.17591 16.84653 
-12.64851 24.03407 29.51362 
-53.14365 55.40533 -11.2071 
9.89203 55.9173 36.99547 
-40.92262 -1.32786 8.689807 
13.0504 56.48854 -10.70839 
-28.89434 63.83167 20.33002 
12.8972 57.12755 -10.82518 
-24.99319 60.01169 -10.22248 
-6.225337 -8.77711 56.91549 
-27.591 65.80672 21.99599 
-4.390128 80.86659 31.62049 
-54.33836 61.21513 -10.78493 
24.22411 69.48252 20.6281 
-32.12272 15.89972 13.04492 
-57.4711 63.6244 -11.43727 
24.57293 16.37638 14.01829 
-54.24174 64.64003 -10.82991 
-40.59685 0.255822 9.184103 
-20.69 -23.54989 10.42203 
4.747835 79.99709 31.9749 
23.34216 71.15344 21.26533 
-56.11831 66.67223 -11.40267 
-23.55272 66.34712 -9.81888 
-39.35179 65.80832 -11.24086 
-22.62129 65.35196 -11.56209 
-22.94698 73.85914 22.37499 
-39.62591 1.765017 8.167222 
9.13345 6.006983 24.74781 
-47.68744 67.87394 -10.83488 
34.51508 0.8636044 6.889547 
16.72717 -51.89896 31.89408 
10.94918 17.7124 26.01795 
20.62068 75.67928 21.5451 
-21.11686 76.56525 20.69029 
14.86814 72.93741 -9.53546 
47.06006 73.33078 -10.12088 
47.94313 73.9987 -11.07162 
55.77639 73.46413 -11.013 
51.10868 74.77364 -10.99703 
-12.28899 78.90887 -10.72078 
10.73247 79.35625 -10.85299 
-9.377896 82.94896 -8.2795 
6.324568 82.67667 -11.32579 
3.763613 84.77158 -10.8641 
-15.52621 37.16113 -10.06202 
-4.014429 38.05713 -11.31429 
33.87511 3.79117 7.301025 
-18.80659 39.36049 -9.178718 
-2.515394 39.4207 -10.65629 
0.5753401 38.71199 -10.60074 
-0.3625916 -2.285438 32.60996 
14.68921 83.62249 9.651706 
14.9391 42.09849 -11.67877 
24.08328 -25.26022 27.38616 
11.32357 55.46492 37.07576 
18.39326 47.5246 -10.95226 
16.28312 6.64535 25.09027 
-43.84867 48.54468 -10.09291 
0.3710757 52.05121 38.11266 
-7.668887 4.595044 8.760265 
20.5342 38.93525 16.55549 
46.638 49.74094 -10.71797 
50.71676 50.54271 -10.47856 
22.83782 40.31642 13.96742 
54.1993 52.69569 -10.86424 
-12.15858 84.02028 22.00992 
10.18417 84.85416 21.5839 
-24.7385 41.71429 12.23341 
33.40524 4.77806 8.738614 
-23.32243 41.31194 18.3571 
14.98793 57.31946 -10.31074 
-11.20909 85.4243 21.58873 
-53.84309 59.06285 -10.14596 
-2.006813 5.688508 8.578904 
-15.83959 77.76731 27.24778 
-31.31293 60.18239 -10.18414 
21.36742 60.44968 -10.07474 
15.41035 62.45243 -9.77585 
19.8087 64.41168 -11.17628 
-33.91672 63.92555 -10.32219 
39.68324 64.34549 -10.59472 
30.83332 48.79008 13.03076 
12.58021 63.69446 -10.48026 
1.612253 87.45022 21.98769 
-52.17796 65.92992 -10.62128 
13.47622 65.68328 -10.34837 
-33.43114 -53.41622 22.57462 
-27.59239 -53.7828 22.45214 
31.86671 51.62899 13.95241 
33.29766 51.48513 13.57751 
-15.04261 21.80633 26.54644 
41.15982 68.04856 -10.11114 
18.58275 68.33714 -9.918633 
26.63816 -53.6216 22.71274 
-29.18233 53.82464 13.11091 
-19.00259 70.5208 -10.07633 
-5.230965 -12.50984 56.50893 
-30.5452 -53.57029 23.66979 
15.87328 71.84708 -10.45501 
20.28284 39.31382 17.93565 
30.31288 11.56166 9.949489 
24.15276 -53.11044 22.23335 
-2.639201 10.09424 31.98838 
-13.69575 78.10776 -9.995698 
11.54242 15.63619 26.68622 
23.6261 41.60134 16.29484 
-33.31201 13.64537 9.454677 
-3.940197 86.27837 -8.891457 
-2.800175 86.31822 -9.120786 
33.27747 56.8636 14.06405 
11.66804 35.03521 -9.152923 
-6.247095 36.33269 -10.56128 
0.5837681 36.63681 -9.796861 
-4.861361 36.73298 -8.879059 
-30.87018 14.03364 7.00288 
-34.54152 -51.31146 23.34434 
-33.09292 48.14372 -9.630045 
46.66048 49.49103 -8.962123 
-5.41509 26.83427 32.01603 
38.8809 49.15553 -9.562696 
47.25096 50.09732 -10.06897 
48.1441 50.71467 -8.569551 
13.53802 77.82118 29.21213 
-30.30025 63.93393 14.27206 
29.09273 -45.90208 22.08311 
26.82348 64.45053 15.16362 
-22.69667 53.33219 -10.58878 
-26.22025 17.49927 9.363626 
55.96358 53.96796 -10.41488 
-51.3198 55.38403 -9.860777 
-1.979907 -8.960361 54.35859 
17.12881 55.34571 -9.571848 
11.3231 7.074505 25.46996 
37.36003 58.38427 -9.605851 
-7.53691 28.40827 31.72762 
-29.82345 59.73661 -9.372569 
61.3587 59.4739 -10.20227 
17.93659 60.0904 -9.716959 
-7.851212 69.28407 36.26408 
23.51812 72.55524 13.78361 
18.49483 60.82486 -9.739659 
-26.33003 72.31326 13.96974 
4.127574 28.12413 31.43192 
12.56511 62.53529 -10.62937 
-25.15923 73.35563 14.36525 
-53.3568 62.18882 -10.2399 
16.13904 63.2173 -9.802142 
28.22195 -44.33092 21.38165 
21.33652 19.98244 9.362459 
-33.24515 -43.64149 22.02465 
62.70564 63.89536 -10.42483 
22.42914 75.12547 14.0477 
-35.53127 64.50574 -10.10808 
13.9392 63.74162 -9.537935 
20.01917 22.83929 9.601329 
-39.90096 66.31021 -9.423824 
-49.73772 66.67995 -10.04793 
-22.41483 66.82729 -9.724999 
19.3811 78.77435 13.62511 
16.28418 72.19163 29.10162 
-3.602044 27.75249 31.77777 
43.89437 70.30661 -9.033148 
-17.88617 71.62242 -9.680251 
57.91704 72.21201 -9.88064 
53.04954 72.69059 -9.691942 
15.03276 -41.31089 21.26973 
11.81369 76.56179 -10.5256 
-32.02984 -39.91175 22.50305 
-12.34879 78.84196 -8.748368 
-11.18837 80.4944 -9.91859 
2.860308 52.41228 38.77432 
5.007348 84.1916 -10.73676 
4.190385 84.5238 -8.857056 
-20.72601 26.22232 8.576669 
-6.209174 31.71973 32.21825 
-0.6240013 34.10288 -9.74518 
-33.95581 -39.50568 21.84839 
-7.795732 35.15491 -9.894779 
6.061403 35.45105 -9.872142 
4.576541 35.78827 -9.08299 
-26.58677 -38.91096 22.12785 
-19.95026 31.37016 8.17567 
-1.267679 36.97255 -10.05846 
1.904401 37.41806 -9.483701 
-2.942527 38.21111 -9.797496 
18.67096 42.44939 -8.504865 
-20.07192 32.15026 8.617826 
2.457912 3.498872 27.31167 
-10.52291 88.22527 14.43939 
-27.68648 -36.06049 22.7853 
30.9604 -36.67772 22.62946 
-35.6941 47.54148 -8.859187 
-35.83169 -35.34908 22.3878 
49.70397 50.09803 -8.972132 
-0.5861492 30.24273 31.6471 
-23.33771 51.65374 -9.876788 
51.27712 51.3951 -9.310831 
36.89128 52.24815 -9.800792 
-24.25416 53.92999 -9.965714 
13.25203 -35.04671 21.07961 
-49.44846 53.52378 -8.007806 
0.4599936 89.38403 17.51791 
-20.64187 35.69503 10.58792 
-26.79047 54.33709 -9.421576 
-25.16156 56.10355 -9.739029 
37.04802 54.80039 -9.769019 
59.23294 56.21489 -10.73516 
16.46601 57.51574 -9.458457 
2.133018 31.81794 31.76521 
31.79851 -33.86706 21.72477 
20.36119 38.02774 9.708887 
-26.05302 59.28605 -9.404075 
-23.18332 38.44346 6.859073 
-30.11509 61.60934 -10.06605 
38.69895 61.18734 -10.37789 
-51.86727 62.76247 -9.370076 
-24.57722 40.55506 7.839596 
-49.31143 64.82379 -8.854013 
-46.51127 66.37129 -9.915309 
-42.99134 65.78778 -10.09307 
-37.6442 65.49374 -10.54055 
13.86392 -30.5757 22.85344 
20.09401 66.55727 -10.11279 
-27.5728 -30.75339 22.22539 
17.91356 69.23005 -8.695747 
24.80103 -52.82825 14.23165 
-29.22155 -29.0986 22.69477 
15.37486 71.80237 -7.580656 
-9.714599 42.28304 35.10454 
54.05143 73.67285 -10.72574 
35.89339 -52.29702 14.68718 
-14.94952 75.58832 -9.592134 
12.27186 75.77191 -9.035821 
-9.410829 81.50305 -10.63749 
6.018872 83.22501 -8.290812 
-7.707413 84.43375 -8.736212 
2.386703 84.85864 -9.335339 
-5.766943 85.56435 -9.261235 
1.455494 85.4221 -10.8623 
-43.92147 -53.32594 -8.833821 
-42.53904 -53.56612 -9.412704 
-47.99422 -48.6712 13.52937 
0.4075524 30.82742 -9.351878 
-2.617437 30.99131 -9.431993 
-5.998705 70.64851 36.37888 
-17.08234 31.38466 25.09743 
-3.402574 34.4009 -9.265501 
2.174361 32.94164 31.92223 
2.284682 34.88042 -9.505873 
9.69095 33.6694 -8.229001 
-7.043458 35.07325 -7.729204 
-24.76695 51.85121 26.25753 
2.82182 36.47609 -8.985033 
29.34663 45.34561 8.25842 
-3.287701 37.24701 -9.280022 
-28.89112 -25.85625 22.15179 
30.70591 45.09252 7.630538 
-20.53069 40.86559 -7.099041 
32.31411 45.49663 8.527672 
-7.805952 71.24762 36.37318 
-34.9859 47.1199 -8.332788 
-45.34242 47.91958 -8.440248 
37.62446 48.02715 -9.189074 
39.94021 48.30476 -9.179679 
-39.89147 48.19305 -9.021722 
-46.14115 48.9645 -8.254439 
36.45599 49.15176 -8.582114 
-38.2452 -24.38151 21.2709 
3.994146 34.27396 32.12733 
-32.62934 50.88824 -10.88686 
-42.79987 -44.92869 14.81123 
-48.55267 51.43465 -11.53853 
53.55345 51.89751 -9.55035 
-27.07472 51.65456 -8.521795 
-24.54323 59.66484 28.69329 
-6.575925 83.18611 28.61471 
19.71298 56.0831 -8.429133 
35.67042 56.34985 -8.684202 
-12.8379 87.1889 10.84801 
-36.34433 -23.07602 22.35405 
-27.22549 55.78855 -9.358565 
17.71021 58.63255 -10.15149 
21.81221 58.61119 -9.447989 
-14.14617 25.30918 28.07096 
-28.09218 58.37768 -9.062392 
-25.95932 -44.08087 13.46749 
24.48632 48.19693 16.69528 
19.62136 59.05239 -9.485079 
20.95285 59.46772 -9.984089 
-32.29399 -20.86769 22.10888 
-32.54909 48.34329 8.192585 
37.83279 59.95188 -9.379739 
21.71798 -41.97738 14.26769 
62.35979 62.37866 -9.606275 
-28.61015 61.15451 -8.727401 
-25.71202 63.63582 -8.870331 
20.84143 64.59335 -9.524197 
40.23263 65.14356 -8.824254 
30.99175 -20.15794 21.82914 
38.41296 51.01541 8.462709 
-44.58347 65.44133 -8.535244 
10.05751 86.35506 11.8396 
60.22838 68.29144 -9.420581 
19.70467 67.84522 -8.878128 
3.141832 36.87355 32.07405 
16.53789 -18.61786 10.06439 
17.79631 -19.10943 21.65605 
13.64719 75.19888 -9.727489 
12.17374 77.06761 -8.341034 
-40.09227 -33.79242 10.28873 
-8.829573 37.55162 31.74505 
21.32233 -39.9269 14.42712 
29.30191 -18.67745 22.72407 
5.18302 39.16509 32.31288 
-1.038896 86.34689 -9.133116 
18.32112 -39.41707 14.28569 
-43.49899 -52.20673 -8.693265 
-42.95436 -52.66953 -9.618939 
-42.67245 -51.39465 -8.902021 
20.79465 -15.75001 20.07702 
2.243503 29.27583 -8.599836 
-17.93738 72.9372 28.17231 
4.565674 30.78496 -8.416971 
1.84445 31.96025 -9.389395 
-5.731277 31.16597 -8.669471 
6.337344 39.88601 31.96637 
20.56136 -4.921424 22.03154 
-10.36781 33.98473 -9.094736 
-11.8547 39.47822 30.89563 
6.789044 34.1682 -7.724698 
29.47322 -36.30124 15.31876 
4.349453 35.1721 -8.286743 
26.51903 50.81048 16.38141 
9.247865 39.55628 32.11211 
28.88777 -35.91217 13.05647 
-39.97715 -35.66899 13.72204 
-0.3458651 52.47414 38.1612 
0.9756951 52.78744 38.65058 
35.82393 47.54509 -8.32073 
-21.60808 -32.02203 14.93036 
40.50524 47.57058 -7.666283 
-31.07508 48.93426 -9.643752 
30.47659 -33.79739 14.49849 
4.752942 53.90624 38.53145 
-40.22544 -32.42186 13.68089 
23.33903 -3.977831 22.55889 
26.01361 61.99604 18.31263 
-10.51509 44.13803 35.91854 
19.56717 49.51678 -9.941622 
-25.65361 52.67957 -8.954827 
-27.63437 -2.004591 23.021 
19.45072 53.92446 -9.444642 
35.33542 53.54737 -9.198574 
-41.09282 -30.25774 14.37276 
-21.188 -29.23146 13.39526 
17.88101 57.13156 -8.217881 
-51.68964 58.39267 -9.347574 
-26.08573 61.31877 -9.036927 
31.84405 -27.97306 13.84097 
37.21127 -53.64946 7.819404 
-26.59454 62.88734 -7.911178 
-31.53382 63.68868 -9.326385 
-10.73863 87.79156 11.13563 
24.61014 -2.380281 22.68898 
21.8687 64.18858 -8.472745 
5.487713 71.84625 36.61011 
-33.91943 64.52649 -9.019214 
15.73274 -2.259626 22.30219 
-40.53317 66.2455 -8.483459 
25.38022 63.00755 18.66336 
11.57198 43.75277 33.76104 
-41.86862 -24.77945 14.28604 
-21.7489 -22.78448 14.42488 
-41.90089 -23.81319 14.71091 
56.79266 71.84151 -8.562073 
48.603 72.73121 -9.198104 
50.20115 73.17381 -9.137917 
33.33806 -20.19015 9.533626 
-15.45367 76.04449 -8.466707 
9.071325 80.24286 -9.558507 
2.990357 85.3651 -8.146778 
-5.7183 86.21931 -8.855159 
32.43899 -20.15764 13.5142 
-22.16748 -20.68018 14.77819 
-28.57812 54.37465 17.75079 
-0.2399246 88.30689 -8.125874 
12.31044 1.295415 22.40912 
-3.24351 28.73175 -8.481424 
-22.28805 -18.13215 12.55712 
25.6552 65.88574 18.14462 
32.62412 -18.21934 13.47365 
11.8806 2.923522 22.31199 
16.26591 -17.68166 13.46373 
-6.21046 34.46848 -7.921923 
4.919039 32.30248 -8.290888 
-40.92179 -16.63225 15.26069 
-8.441935 33.85213 -6.884153 
-15.89802 17.49352 26.92634 
-12.71593 3.36315 22.51762 
5.363499 34.73079 -7.845647 
20.49739 40.49065 24.76288 
-4.496457 36.29813 -8.602448 
-25.58698 -15.36691 14.07418 
16.66919 -16.37399 15.60184 
-40.19063 -14.86775 13.90188 
-17.86604 38.33602 -7.554164 
-29.20183 67.64828 8.695475 
17.09499 39.19302 -7.358802 
-29.21951 65.07349 17.64912 
0.3119187 2.395451 39.95018 
19.25778 45.99723 -9.757071 
-38.46473 47.35693 -8.676753 
16.41512 -16.46479 13.83708 
-26.06923 -14.21525 13.679 
-41.5512 48.09298 -8.978877 
-24.09305 49.21602 -8.276726 
-29.241 49.04549 -8.040793 
24.82018 53.09991 18.44876 
-11.20745 4.418789 22.03898 
-29.73587 50.31986 -8.741723 
32.83865 51.9226 -8.267758 
17.057 49.35959 32.10427 
55.77452 54.11311 -7.507119 
56.9191 54.45075 -8.93749 
-50.15157 55.15305 -7.793777 
-42.3618 -19.45347 9.868032 
-28.25793 71.20007 8.22541 
59.76391 57.55505 -8.084269 
19.86241 57.39395 -8.157068 
5.855687 5.0616 21.73987 
30.01873 -10.3008 14.73222 
34.66447 58.84248 -8.342358 
35.4269 59.5747 -8.308351 
-9.160707 7.384433 22.52364 
-50.27374 61.23403 -8.073324 
-27.26762 61.92218 -8.250266 
21.88321 61.60571 -9.021003 
-28.63955 62.95679 -7.460179 
-45.17315 65.00294 -7.513587 
-42.8678 66.46849 -8.253976 
-18.47179 -7.810547 14.48526 
-27.56374 68.09811 19.77802 
-22.19464 68.8278 -9.283525 
17.81094 57.56992 32.96772 
46.76692 71.23307 -8.347153 
-38.22968 -6.187822 13.88632 
47.79376 70.99386 -7.919391 
-17.48066 72.67569 -9.430658 
12.53776 -50.4346 28.19462 
-5.982536 -2.351481 50.12198 
22.88763 -50.08743 28.64321 
25.06858 8.453184 23.66686 
-9.013868 84.55323 -8.060505 
4.293683 84.90852 -8.123086 
-25.94162 70.84576 18.66788 
-32.25538 11.03841 21.65911 
-8.344496 87.14236 -8.296576 
-6.716045 87.0447 -8.751326 
1.143513 85.8649 -8.713315 
2.091389 88.20547 -8.251156 
-41.0912 -50.85707 -8.079592 
-0.2134123 28.65018 -8.490606 
23.71347 12.57459 21.26059 
-6.232982 29.09447 -8.07254 
-8.276073 32.62195 -6.76626 
-30.62744 13.05897 21.71495 
-29.03617 14.3257 21.5436 
13.52604 -47.61122 28.67677 
-6.071866 35.59598 -8.00457 
-18.27831 81.30732 8.013008 
-38.69891 1.187966 14.84576 
33.23307 -0.2074075 15.25056 
-27.67632 14.76494 21.10514 
-26.93156 13.90557 22.69288 
-21.88219 42.19383 -7.649539 
7.657051 1.262157 14.68105 
23.66307 71.85863 18.8027 
-36.94871 47.10583 -7.008058 
-19.30727 64.30312 32.29922 
19.27028 17.21514 21.62581 
33.39896 1.837483 13.88765 
-42.9532 47.98373 -7.499591 
-27.28736 49.64133 -7.410027 
21.44287 52.99272 -7.262518 
-6.016403 4.177602 15.30193 
-14.50166 85.3155 8.057042 
19.38654 8.081696 25.25263 
51.98701 51.76469 -7.565679 
-37.90565 2.913271 15.34581 
-47.78117 51.71274 -6.888728 
53.80577 53.37532 -7.242196 
34.01329 57.41143 -7.672889 
36.03257 57.87582 -8.487662 
-38.47424 5.533284 13.16942 
-21.01688 24.30066 21.3601 
-0.8321536 7.44673 14.06478 
39.37218 62.77112 -8.179877 
39.61398 64.28183 -8.164755 
-2.041571 7.465637 14.78129 
15.21583 22.76318 22.79259 
16.10123 23.43434 21.74245 
-47.76814 63.94626 -7.841606 
16.62495 69.36796 31.62028 
-31.26832 64.13654 -7.633038 
62.11172 63.6801 -8.802721 
59.7057 67.10462 -6.350617 
-35.13393 65.36707 -8.714359 
21.7679 66.03911 -7.123934 
40.61975 66.9605 -8.904155 
-25.25462 64.97938 -9.042137 
20.70619 66.68914 -7.848693 
-40.86858 66.49979 -7.498597 
61.1907 66.50579 -8.575118 
-9.338797 89.0733 9.618319 
-22.86381 67.74364 -8.85533 
-22.49884 -17.43534 11.04371 
30.89184 11.69856 12.62906 
23.8123 -44.40158 27.40926 
30.67383 -53.45441 20.28837 
32.58694 -53.4422 18.35166 
54.36939 70.92933 -7.858919 
-11.76115 8.803687 25.13518 
-20.15627 71.578 -6.147926 
26.10815 16.12255 13.87891 
-1.446208 90.60483 8.82027 
-19.8622 33.52136 20.43612 
8.213325 81.51983 -7.763834 
-11.19247 81.05783 -7.603903 
-10.11873 81.88718 -8.043125 
-11.21644 84.44063 -8.007428 
-9.502738 86.56134 -7.340427 
5.380337 87.09533 -7.680289 
-4.537859 88.80925 -7.702777 
-5.858796 88.84786 -8.049839 
12.26966 73.6081 32.73885 
-2.788703 88.77312 -8.548946 
-42.8808 -53.88525 -8.795193 
-40.02224 -52.85645 -6.013671 
-41.91895 -49.88099 -6.659809 
6.600094 56.72152 38.71018 
2.992283 28.4728 -7.938174 
21.50496 20.39623 13.33138 
5.335084 28.66071 -7.001751 
-10.47154 45.38125 35.8708 
5.797042 29.8085 -7.419995 
9.863177 75.172 32.39198 
-8.522614 30.32213 -7.198179 
7.70385 30.68209 -6.288378 
20.16801 22.6635 13.80397 
6.00365 33.95999 -7.324147 
12.85119 33.51002 -6.394333 
-16.85193 36.78265 -7.856362 
32.56841 -53.4544 8.71879 
19.88367 41.43849 -5.700191 
36.11543 46.56417 -6.809264 
-31.59209 47.19393 -7.056425 
33.62756 47.45354 -7.862615 
39.67384 -53.3914 8.724585 
-24.21061 48.23725 -7.447396 
32.44979 48.99011 -6.775683 
47.219 49.8418 -7.016398 
50.97363 51.12127 -7.273041 
8.821858 77.03543 31.80411 
-10.94826 77.14038 32.19302 
-27.39809 49.63222 20.85838 
20.8944 55.94604 -7.829666 
23.13358 56.0523 -7.077523 
22.00154 56.57278 -7.830719 
-50.06896 58.11112 -7.363698 
33.88489 60.05406 -7.526347 
-24.13783 40.84955 13.39876 
59.64998 60.67599 -6.760523 
-48.81432 61.46118 -7.007467 
-26.51909 42.48414 13.33322 
60.02459 63.94929 -6.253712 
-8.19771 77.85225 33.13018 
24.59545 54.22414 22.78634 
-1.589762 -5.259165 38.28628 
-37.33847 66.06025 -7.462047 
41.79623 67.24242 -8.21723 
-23.80774 68.66393 -7.392339 
-22.82932 69.52406 -6.142931 
45.60175 70.05757 -7.330506 
26.31423 48.03131 14.12786 
-0.8605708 -6.292774 40.90296 
-18.72891 72.73361 -6.906178 
25.09579 59.26221 23.24676 
12.28701 75.93354 -6.638121 
-13.57146 78.42489 -7.364924 
25.01216 62.96542 22.1263 
-2.076071 80.99833 31.5605 
6.701655 83.61354 -7.571565 
8.997911 81.74164 -7.243849 
7.334859 85.69279 -7.484322 
-26.60365 10.4699 25.0647 
27.85595 49.2815 13.69895 
-20.06717 79.99113 17.96809 
-10.76323 86.30944 -7.22341 
30.36052 49.80018 13.75321 
4.227687 87.87129 -6.881619 
0.01376262 89.52962 9.219855 
-0.04457731 89.34681 -7.091775 
32.03378 53.64063 14.40208 
-2.377079 90.13 -6.844178 
0.8745212 24.45782 -6.749986 
-1.03573 27.47919 -7.061797 
2.445655 27.33637 -6.704381 
-3.38346 27.41724 -6.849025 
34.39132 54.30602 13.479 
-3.88424 -4.54704 36.50981 
-8.626992 28.8957 -6.236634 
-29.30569 -50.80557 8.474725 
-0.1258801 0.4119994 43.9039 
0.582559 80.70928 32.10406 
-29.8931 57.09878 13.77917 
-19.27921 37.639 -4.286921 
16.8983 40.83447 -8.539417 
1.31999 -4.034431 35.7072 
-7.373874 57.22047 38.95708 
-23.56872 47.84761 -8.683912 
21.46878 47.65168 -5.785686 
38.84612 46.82515 -8.147849 
25.17747 -39.23872 28.78075 
32.09213 47.28067 -6.842052 
17.27557 -38.70922 29.16186 
43.52369 48.2028 -8.02765 
-46.75363 48.99159 -6.591949 
-44.741 48.78269 -5.840936 
-27.47873 48.35785 -6.004725 
30.28357 61.96337 12.78136 
-6.174241 0.7938271 33.7968 
47.78145 50.19595 -7.654997 
-5.945768 2.775911 33.24136 
16.13238 79.9635 23.77573 
52.31446 53.44622 -6.575263 
-14.64126 82.42619 21.72853 
21.7401 54.10581 -7.105623 
27.14503 65.49767 12.07099 
32.45092 55.27871 -7.91804 
31.94675 56.71234 -6.953535 
34.94446 -48.39168 9.699132 
-5.442483 4.827918 32.74013 
58.99434 57.67921 -6.583578 
-42.49908 -17.51603 9.763096 
31.7553 57.82406 -6.541872 
33.56441 58.07124 -7.638742 
30.77547 59.19709 -6.816248 
32.0588 59.09206 -7.33635 
9.670895 83.77119 22.76529 
38.02459 -48.72102 8.690232 
38.79621 60.9617 -8.530719 
-27.64574 70.50728 13.88378 
22.56929 -40.45873 28.92159 
24.82817 71.02679 14.69368 
-32.46996 65.06873 -7.366517 
40.52713 64.83376 -6.904201 
-7.751754 85.788 23.524 
-35.08487 65.84227 -6.472127 
-3.271535 -4.648505 38.19741 
8.282597 85.72184 22.12424 
-23.90378 75.62267 13.90594 
43.99649 68.4957 -6.889566 
32.08242 -48.19326 8.059241 
46.47092 68.76137 -5.872168 
51.4157 69.94222 -6.6745 
19.24022 -38.66307 30.17531 
49.2585 70.91636 -7.094251 
-15.18325 84.44799 17.88089 
51.86798 71.84987 -8.316965 
52.89894 70.7859 -7.410489 
2.784723 -2.01045 36.97655 
-19.82363 79.40902 14.19705 
13.31452 74.95322 -8.194262 
21.80709 46.63951 25.34229 
11.62806 77.87869 -7.213434 
-15.07714 77.19164 -6.922799 
10.46201 79.68371 -7.017802 
-12.3082 80.16832 -7.218623 
-13.62695 82.37805 -6.907903 
-18.70142 80.11366 13.79083 
17.23127 80.37614 14.76798 
29.29924 -24.81435 25.46031 
16.86909 81.89679 14.12002 
-12.82434 84.57413 -6.808369 
-17.62041 81.71904 14.79378 
31.43909 -46.03482 9.153327 
-5.978521 89.51735 -6.911693 
1.395285 89.81161 -6.423229 
-43.42966 -53.10629 -7.090675 
0.3770586 26.71703 32.60509 
-4.049644 -11.7679 57.15637 
-1.983077 24.49159 -6.523068 
-5.527318 27.62229 -6.462471 
21.45654 -52.94796 21.4654 
10.86374 85.9392 17.66253 
7.479378 33.27687 -6.25452 
-2.094373 -5.907646 44.01252 
-42.48529 -16.11975 8.879134 
-10.95361 54.02034 37.88136 
-24.08228 46.23212 -5.668278 
-0.1399779 28.92055 31.91943 
-33.27603 46.91074 -6.727026 
30.66927 47.13094 -6.287559 
41.36304 47.46375 -6.130159 
21.38353 49.78715 -6.703331 
0.1030206 -5.091907 49.10006 
0.1616778 89.32348 14.3577 
27.85887 -44.72477 8.253131 
49.58281 50.77861 -7.32118 
22.32055 51.64305 -6.679595 
23.65203 52.44212 -6.743133 
24.66903 54.72244 -6.599868 
-36.15568 -47.54459 22.04414 
27.82827 55.52329 -6.149241 
23.09909 59.45232 26.81302 
-3.112792 29.05641 32.9405 
-23.66061 -46.98477 22.56413 
-47.46147 -53.26529 13.2996 
30.65268 58.13551 -6.038736 
22.86626 58.05648 -7.094581 
-42.97518 -53.25595 13.19066 
15.72656 -53.23578 18.65462 
22.88528 60.49007 -6.812946 
39.22474 62.25747 -6.652025 
-34.4911 -45.3865 22.99977 
-22.45397 -17.52229 9.283384 
-1.723532 32.26404 32.28888 
-25.7368 65.5251 -7.616846 
41.97291 65.53137 -6.854034 
-39.55754 66.02846 -7.529118 
19.94095 67.90813 -6.449059 
19.20258 68.90505 -7.303764 
-31.55425 -43.87073 22.78056 
58.50254 68.65945 -5.292053 
12.86769 26.9055 28.25477 
-22.14069 71.00005 -5.316419 
-28.47472 -43.66846 23.00154 
55.71718 70.71249 -6.247213 
-19.49943 71.04205 -8.787993 
-26.27234 -52.53787 14.04263 
12.27976 78.02203 -6.43048 
-16.57184 78.76794 -6.572686 
17.16939 -33.57388 28.10477 
11.37474 79.50259 -6.251212 
12.25234 81.509 -6.547728 
-31.69226 -41.96893 22.83095 
10.16084 83.76806 -6.939841 
29.00974 -41.94633 22.03147 
7.924613 86.72013 -6.760279 
-1.761576 34.10214 32.4394 
4.578746 88.49812 -4.955561 
26.42657 -33.61692 28.33162 
2.036208 89.545 -7.146151 
-51.35451 -53.08657 -6.475433 
27.0543 -52.3345 -5.92063 
27.93938 -52.07731 -6.367736 
-42.80494 -51.18766 -5.448063 
27.80395 -50.55706 -5.782386 
28.93566 -52.45678 -5.803946 
-5.445151 2.269632 36.51376 
-0.4689093 21.30408 -6.207195 
18.01322 -32.26257 28.02543 
4.875571 26.62099 -5.745027 
-35.76094 -41.9376 8.632712 
-29.56203 -41.36592 8.88312 
-29.42958 -40.1844 22.74577 
11.85968 32.69341 -5.67445 
-9.43444 33.07273 -5.940916 
4.831587 87.67108 17.20098 
16.2191 37.83197 -6.58776 
29.97243 -39.54153 22.96116 
-20.84361 38.80451 -4.770356 
18.82412 40.3548 -5.192728 
20.68426 69.14339 25.71897 
20.94324 43.56083 -5.851669 
-3.863594 3.539404 37.2493 
34.43311 45.70049 -5.434875 
-35.84921 46.40594 -5.860836 
33.98933 46.33603 -6.80645 
39.25872 46.35798 -6.236682 
25.31565 66.82247 17.24641 
1.123943 33.4017 32.16156 
-37.81736 47.44548 -5.749634 
-29.66215 48.00105 -7.024073 
-41.87449 48.39502 -5.938229 
17.93186 -44.60928 14.12249 
45.99986 49.15003 -6.470581 
-29.09932 -36.74608 22.95541 
21.84692 49.4514 -6.028318 
29.57272 52.31952 -6.996789 
24.08006 49.57333 -5.874402 
-47.9043 50.02469 -5.369853 
48.8327 51.16472 -6.380032 
26.62518 52.42493 -6.023922 
-26.57939 -39.77689 9.500379 
18.20068 -43.53263 15.56529 
27.38101 53.97287 -6.239442 
-49.30133 55.14635 -6.021477 
2.666852 34.78074 32.38285 
30.2083 55.50901 -6.894461 
58.35349 56.36321 -6.720999 
11.61969 29.12951 29.51815 
-27.55612 -34.69506 22.30206 
0.2847658 36.10262 32.63046 
25.7042 -41.95517 14.58477 
-26.15491 -37.53967 8.458241 
-47.38424 61.70333 -5.343182 
-46.27327 63.84612 -6.476742 
4.779176 35.62292 32.15347 
-39.1891 -36.37648 9.108784 
-40.36895 65.96204 -4.592819 
24.14993 -41.37476 14.13806 
25.9453 -41.45108 14.86848 
-27.33721 -32.63805 22.26814 
-40.30365 -41.00924 15.09841 
-23.33638 69.60242 -5.760909 
21.65969 65.17473 27.53065 
19.83625 68.94055 -4.514682 
58.32137 71.37795 -7.648028 
54.17123 69.96632 -6.40964 
-0.06617789 -4.825558 38.2547 
-18.42748 74.28169 -5.652899 
14.66172 73.24317 -7.044111 
13.31585 75.78738 -5.534815 
-17.26395 79.84427 -5.142372 
-14.95262 81.72306 -6.868206 
9.378048 85.25656 -6.487187 
-34.94761 -31.09683 22.50789 
-11.13169 86.66706 -5.471658 
-8.879713 88.30467 -6.535477 
32.07544 -29.63056 21.72293 
-0.01221545 89.6617 -5.399731 
-35.17783 -29.29833 22.73466 
18.54339 -30.17637 28.05867 
-51.03188 -51.41376 -5.997949 
-40.81496 -52.44143 -7.934403 
29.1261 -52.32586 -4.597443 
28.37284 -50.69761 -5.367287 
27.15064 -32.72206 7.89189 
0.3522688 19.51746 -5.894081 
1.721338 20.55506 -5.788502 
1.786169 22.57445 -5.512209 
-0.4728542 22.96012 -5.745622 
3.474325 23.59715 -5.93311 
-6.701908 24.48573 -5.83608 
0.3632485 37.03727 32.59563 
-9.545857 30.75002 -5.214787 
-23.75601 11.89341 25.12947 
-22.12269 -35.2586 14.74099 
-15.96516 34.21329 -4.624263 
30.26002 -35.08765 14.93341 
15.62052 36.95565 -6.888628 
-36.41479 -27.05069 22.38664 
-40.65532 -33.82632 14.56251 
18.50581 38.91492 -4.575952 
-0.1519567 58.71407 38.23156 
-27.5736 -27.4766 22.3462 
18.92008 -32.01598 8.734892 
36.51987 46.23917 -5.68666 
20.87934 -32.43546 8.704835 
32.54023 46.15982 -5.300498 
38.62457 45.56434 -4.550739 
3.452683 39.01313 32.86512 
31.55601 -53.76417 18.21609 
18.45859 -31.01554 7.905907 
-40.46752 47.53867 -5.622942 
30.39675 47.69567 -6.25391 
-34.13688 -25.96629 23.033 
30.11313 49.05004 -5.630117 
48.02518 50.98866 -5.591982 
-21.83575 12.13483 25.13283 
50.49145 52.18386 -5.90479 
-48.44827 53.81042 -5.530033 
49.15514 52.45996 -5.794554 
24.62234 70.80818 16.53767 
31.64095 -29.41631 14.61906 
29.26375 57.16127 -5.693454 
-30.72493 -25.19392 23.01692 
1.554011 5.310942 35.07565 
-3.572751 -1.115397 50.93839 
28.64606 58.71857 -5.509331 
-48.6534 59.05668 -5.364719 
-21.63811 -26.96229 14.62795 
26.65162 57.45417 -6.331214 
31.60203 -24.20608 22.96469 
30.50306 60.06766 -6.352441 
-31.11822 -23.24112 22.57446 
3.242571 58.37173 38.72651 
23.7931 63.90659 -4.542839 
12.04503 -24.87056 14.34593 
-22.01731 -24.25628 14.94237 
-27.4007 64.4517 -5.82663 
-44.09199 66.32951 -6.710413 
-41.70107 66.30765 -5.666845 
22.66975 65.89632 -5.086035 
-38.80158 66.47316 -5.395867 
-25.40096 67.94062 -6.520587 
7.705963 40.94593 33.43742 
10.22898 41.16285 33.16128 
52.57913 68.96228 -6.420314 
-14.41207 40.71271 32.27804 
51.45067 67.39414 -4.463181 
47.86526 69.78175 -6.006133 
49.61019 69.18155 -5.792531 
-22.86614 70.09184 -5.158402 
16.72584 70.83942 -7.61153 
16.10139 72.75231 -4.212823 
-16.72147 75.91581 -6.216609 
6.035688 40.9583 32.63934 
-33.17861 -23.42835 22.6415 
-41.73694 -19.63055 14.62352 
15.01112 -28.75468 9.164524 
-17.54905 78.21207 -5.506641 
15.43559 -22.17354 21.57004 
-34.49778 -23.89849 22.93166 
13.09527 80.52908 -5.800932 
6.269317 58.29871 38.282 
-9.571021 86.99561 -5.798419 
-41.3747 -27.52791 9.368951 
8.535423 86.86853 -4.562883 
-7.753655 88.92773 -5.246951 
30.41201 -21.52184 23.75218 
-24.97087 -44.40133 18.28196 
12.82115 41.84864 32.03697 
-35.37887 -21.13037 22.7234 
-49.09556 -51.19678 -5.214772 
-50.28648 -50.23943 -5.032195 
-5.013123 19.59572 -5.036332 
-34.3984 -20.52364 22.69044 
-5.162292 21.25364 -5.33683 
-20.41901 -26.86332 9.478563 
5.517895 27.84377 -5.479134 
-8.239634 27.98992 -5.358692 
15.32534 -25.5723 8.088435 
8.816504 29.85149 -4.921643 
8.760338 32.36436 -5.143605 
25.32813 -17.47482 22.13208 
-29.81704 46.88368 -4.837374 
15.7936 77.54633 26.01943 
13.99245 -24.51182 9.083302 
-36.74748 -12.45903 14.67234 
24.10379 -16.73038 22.0367 
-41.97315 -25.38739 8.217815 
-7.518029 45.03627 37.02538 
18.8726 -4.424109 22.42964 
27.77199 51.17947 -5.926085 
17.00469 76.52242 26.57623 
-23.92282 -11.6805 13.97206 
15.93263 -11.80799 15.36141 
-47.95252 59.90026 -4.908529 
24.42182 58.61488 -5.948683 
-1.535426 -7.357767 51.12799 
-20.48713 -24.29068 8.13614 
27.58471 61.2189 -4.472792 
29.05986 59.963 -5.703475 
29.58348 61.03719 -4.952823 
33.33184 61.76678 -4.696968 
-21.27852 -10.33711 13.98543 
-22.41507 -3.665834 22.64744 
-19.44198 -9.774547 14.26868 
-5.804297 -2.476788 38.53297 
17.6407 -2.07621 23.05183 
-33.74628 65.68981 -5.333467 
19.121 -1.804102 23.06756 
-36.6771 66.2591 -5.315178 
58.13353 67.11687 -4.494192 
43.53479 67.48553 -5.857902 
44.90895 67.36118 -5.353055 
-20.6035 -3.667671 21.9669 
56.09687 68.13939 -3.802681 
-36.89151 -7.040919 14.70317 
-19.67435 74.15987 -5.199792 
-19.07326 76.92614 -5.702563 
-20.15519 50.34699 32.05899 
14.17613 79.57677 -6.031154 
15.8621 78.7299 -4.926032 
14.7875 80.36224 -4.854634 
-15.23038 82.40888 -4.837786 
32.05983 -7.568856 13.86364 
-13.8011 83.17961 -5.479644 
12.78836 82.31229 -5.683194 
11.07176 84.68233 -4.534445 
9.465281 85.47287 -5.25642 
24.64787 -29.09813 28.1581 
-9.774814 86.36584 -4.444074 
5.722418 88.20929 -6.26125 
-4.523499 89.51751 -5.465223 
1.737379 89.61511 -4.357285 
-5.586675 -2.621896 36.81728 
26.28088 -52.30726 -3.909417 
26.55683 -50.33652 -4.518556 
33.28661 -4.7717 13.83003 
1.200562 17.79272 -4.2918 
10.1703 -4.47999 14.04453 
-14.45739 -4.575078 14.2109 
-21.31548 56.62654 31.66659 
5.047531 22.98716 -4.591056 
-5.877703 22.8257 -4.886953 
6.681735 27.76347 -3.653894 
19.33068 -15.99756 19.34043 
8.075661 28.4584 -4.667868 
-16.20748 -0.4466202 22.41762 
8.944627 46.48532 35.74843 
-11.27144 -1.405023 15.36617 
-3.325709 6.267124 19.99837 
-11.07511 32.59996 -4.975743 
-16.37668 1.306508 22.89253 
31.88636 -52.03415 18.82005 
-23.02437 41.93875 -4.960426 
-24.05238 44.67531 -3.229612 
-32.72775 0.5723858 21.57036 
28.78543 46.09906 -3.901095 
27.90197 47.88501 -4.959147 
-27.85148 47.57674 -3.891149 
26.60672 47.64995 -4.156761 
-31.90248 3.110323 22.59685 
-24.53752 -16.04407 8.772557 
6.79807 44.45872 36.18149 
26.08007 49.40211 -4.797434 
-3.285517 2.818805 28.52107 
16.91719 -16.62282 8.499927 
49.15823 53.9362 -4.154227 
54.05193 54.64316 -5.5826 
26.85142 4.270735 22.65989 
56.19786 55.48438 -6.155264 
-48.65786 56.67542 -4.716238 
-31.51186 4.604231 22.3795 
34.14359 -54.01118 10.61682 
24.80362 62.13435 -4.596687 
9.921862 4.345718 22.95846 
-24.25573 -13.70629 8.894635 
7.753436 4.068325 22.47228 
2.448053 3.973747 15.01629 
-31.64389 65.70514 -5.080464 
-3.984842 6.563493 15.95418 
-39.33455 -49.69609 18.99845 
-28.04908 66.47556 -3.446463 
43.16767 66.06564 -4.935822 
0.8983889 5.220998 13.40328 
47.93134 67.3167 -4.110055 
-37.05723 7.149652 15.22987 
-25.89818 69.14353 -3.836048 
17.09563 70.71586 -5.361469 
-20.13711 73.03351 -4.88586 
14.72829 74.245 -4.949436 
-21.35696 75.16064 -4.816092 
14.11837 74.9318 -5.299872 
17.40594 76.22757 -4.363431 
15.1967 77.27853 -5.189841 
-18.53483 77.9016 -5.244075 
4.58252 6.148599 22.48579 
-13.32338 84.42389 -5.465317 
5.045996 7.511199 25.1439 
-8.824856 87.50292 -4.509988 
-7.581571 88.25827 -4.126545 
6.153253 88.26359 -4.581096 
-2.614792 89.93722 -4.786289 
17.58065 66.29912 31.98096 
-51.3453 -53.75972 -5.974246 
27.80269 -53.09681 -5.822318 
-49.57496 -52.83183 -5.506381 
-43.38262 -52.4212 -4.994673 
-23.60365 -11.72838 8.146335 
32.67257 -10.72562 8.793859 
-43.76095 -51.8876 -5.061584 
-52.19709 -52.47445 -5.705616 
-23.13198 -49.47045 18.23205 
25.18796 -49.32957 -2.280586 
-49.36079 -53.43765 11.78862 
-39.73545 -49.9534 -6.264721 
-5.998377 7.241703 23.24501 
-40.71492 -49.07814 -5.676916 
26.07214 7.487189 23.21532 
-17.51534 68.15576 32.89666 
-2.445578 15.75657 -4.700266 
33.45148 -9.667916 9.369415 
-1.617364 16.55701 -4.877794 
-21.73923 -9.68356 9.314766 
-1.593878 18.19098 -4.651571 
-7.089662 20.13279 -4.292758 
-7.875903 24.02907 -4.931189 
5.944619 25.24915 -4.836079 
-10.82122 32.11367 -4.751153 
33.77748 -8.746831 8.431635 
9.611767 31.92358 -3.987764 
-11.98042 32.46814 -4.012763 
-12.11523 32.85816 -5.930448 
-13.48611 33.02907 -3.628589 
1.88002 -3.451483 39.06234 
-16.38277 71.04316 32.08297 
-30.99131 11.83256 21.80546 
-18.4746 36.06738 -3.862607 
-14.67647 71.16578 32.81629 
20.20095 11.41923 22.4892 
21.70744 46.00864 -4.724316 
35.37206 45.61472 -4.644369 
31.36856 45.76554 -4.571738 
-25.729 47.37926 -5.113862 
-15.42465 72.201 31.41547 
27.48378 46.7016 -3.675458 
-38.56064 47.21966 -4.24858 
19.08546 12.92398 22.7429 
-18.29052 16.34224 25.38486 
-8.110125 46.35532 36.67056 
50.95958 53.01701 -4.952803 
55.08403 57.38073 -3.558903 
57.4612 58.73602 -4.701626 
-11.30038 74.60828 33.49649 
31.08681 60.98365 -5.632515 
14.64095 -47.43773 18.99709 
10.26623 -2.506289 8.317289 
40.37471 63.1893 -5.098272 
34.64878 -4.715891 9.67614 
-24.62552 14.90496 23.07437 
-2.285332 -6.675353 42.94622 
23.501 66.06829 -2.928196 
22.13661 18.61325 8.889657 
46.25286 67.27655 -4.052588 
-0.4935566 48.1017 35.2675 
48.93042 66.1182 -3.71188 
54.72898 68.04452 -4.217098 
8.578044 75.57156 32.4202 
18.86731 69.63947 -3.825758 
-21.93145 74.07421 -4.440555 
15.82699 75.89528 -5.122254 
-6.028337 -2.261569 43.97261 
-40.75242 -2.90163 8.571618 
-21.04972 76.47621 -3.339268 
-10.92447 75.46938 32.52498 
-15.94876 76.0956 28.73641 
12.823 82.65958 -3.718496 
-11.5759 85.36568 -4.202859 
-10.43432 85.89584 -3.929819 
-9.299283 77.24801 32.26976 
-6.127957 89.3357 -4.963014 
3.62534 89.19975 -4.813672 
-46.63604 -51.53304 -3.316891 
29.02895 -51.94268 -3.468344 
-42.04067 -51.08286 -2.361757 
-13.05287 31.89244 28.85386 
-6.840171 11.15395 27.92535 
-28.29027 50.06968 13.7961 
3.809868 21.9699 -4.398957 
4.709697 21.88868 -3.325755 
-7.012043 22.54958 -4.248971 
-7.979592 23.48014 -3.216654 
-8.493756 25.64832 -3.336046 
-8.595205 28.09731 -4.399079 
34.94144 -0.648632 9.141589 
2.518904 78.1283 34.03836 
34.88931 0.6118522 9.66552 
16.17845 32.05056 24.27948 
2.035574 47.21251 37.39728 
29.9928 46.3279 -4.610609 
4.750616 46.66804 37.57691 
-37.48267 46.40961 -3.187617 
-31.77363 46.23505 -3.694057 
32.10943 57.57242 14.22486 
40.55956 45.99271 -3.63207 
22.39301 46.84995 -4.410653 
8.271102 -0.2075498 9.824119 
44.4053 48.42352 -4.180735 
31.23855 58.19539 14.63298 
-41.09581 48.04596 -3.606772 
-44.15631 49.21804 -3.813835 
-47.61699 49.91938 -4.304366 
-17.95605 35.58851 22.94881 
-11.20308 2.3542 8.96203 
51.88538 55.47528 -4.307298 
34.96802 62.10527 -4.431413 
17.93459 38.22585 22.07434 
-5.766396 -4.134341 54.85059 
18.6324 38.99771 22.8084 
-6.137905 -1.606981 38.75829 
-46.83614 63.85113 -4.144128 
57.28477 61.80831 -3.777858 
41.79444 64.23547 -3.948782 
-45.77893 65.37227 -4.5734 
-44.76608 65.71878 -5.204051 
-29.01504 65.69784 14.0021 
-30.65682 65.5953 -3.789053 
44.96386 65.6246 -3.941828 
6.432755 59.83503 38.65411 
-33.98089 66.17846 -3.535386 
25.9856 67.91239 14.85309 
21.52559 67.85629 -4.543329 
-14.91943 28.77636 28.08487 
-26.45812 68.22548 -3.55899 
-40.31298 -45.73774 18.2588 
-24.35922 69.78941 -5.001537 
17.45358 71.66672 -3.155385 
16.77741 73.25083 -3.831353 
0.856629 -1.878048 32.88003 
-26.77201 72.06573 14.68684 
-22.06914 75.13217 -4.059181 
-12.6151 47.08149 35.51239 
15.50414 79.93253 -3.302581 
23.75605 73.19169 15.21779 
-13.46986 82.9962 -4.054029 
-4.366603 88.65139 -4.06677 
0.009541845 88.71317 -3.681726 
-49.17707 -53.61351 -2.082886 
-25.22383 47.59497 23.68921 
-41.9184 -53.39449 -5.539474 
-47.06952 -52.76191 -2.951694 
27.91348 -52.71069 -3.14416 
-38.2333 -49.04534 -3.672106 
-39.46959 -48.27541 -3.40463 
2.829045 5.152994 33.26637 
-2.202172 11.43015 -3.450982 
-3.502353 14.24626 -3.488284 
0.06736369 12.76931 -3.565871 
-0.341372 14.29135 -3.451706 
0.6333271 15.48884 -4.135029 
-6.391893 15.68652 -3.515341 
-22.95498 -52.62095 19.89176 
-0.300421 6.178383 9.761273 
-5.31753 18.11322 -3.928384 
3.839242 18.77879 -4.127459 
4.214996 20.32947 -4.369392 
-2.965983 -4.595902 55.49126 
25.12007 57.06313 22.65192 
-14.10083 86.39574 14.0921 
14.65496 34.68187 -5.795434 
32.50501 7.781918 9.551957 
12.3056 85.34967 14.57421 
-22.85678 41.60817 -3.130627 
35.29898 44.841 -3.11528 
33.41043 45.83358 -3.935979 
33.83317 44.97522 -2.397791 
-34.89895 46.17037 -3.697874 
-33.26322 45.96872 -4.240221 
31.89899 9.031202 8.669443 
-29.65618 46.49446 -3.859903 
40.81434 47.01436 -5.591212 
-42.74466 48.86959 -2.282751 
-48.84101 52.25524 -3.732616 
-49.1811 55.86306 -2.767429 
23.6674 65.9345 22.44222 
-25.62534 67.71751 24.13252 
52.98211 56.71987 -3.294244 
-25.07105 68.66885 22.67436 
54.35999 58.30337 -2.682557 
-48.95507 58.53625 -3.105463 
-47.92361 62.19402 -3.250458 
-0.696268 26.704 32.59838 
0.1570596 27.98379 32.62637 
36.89829 61.66029 -4.430328 
32.1524 62.8588 -3.264804 
41.5727 63.91338 -2.739686 
-1.909591 29.57129 33.26197 
22.38411 71.27196 22.94093 
21.31244 70.76989 23.88598 
-28.75255 65.33024 -4.10686 
-21.66654 74.42267 22.74024 
-23.0352 -11.45357 10.0912 
-7.132017 60.77715 38.77408 
-1.337357 90.04841 14.75239 
-21.35755 71.95734 -4.290961 
28.22434 13.44266 7.627485 
2.025 29.20649 33.07896 
16.74562 77.58826 -3.481457 
-44.18359 -52.95572 15.24851 
-15.09879 80.96071 -3.240232 
13.69497 81.17145 -4.225719 
3.427195 31.50475 33.27167 
1.31339 47.72725 35.87627 
-14.09377 82.67981 -3.621693 
2.900924 28.77872 32.78688 
24.39841 -52.94978 26.28755 
18.60743 77.96552 22.40025 
9.250877 84.94352 -3.3256 
11.5618 83.53668 -2.842883 
-11.92449 86.00428 -2.916222 
8.595194 85.94778 -3.032502 
5.229638 87.41756 -2.997139 
1.689807 30.38245 32.10281 
3.73405 87.95528 -3.676176 
2.416639 88.58015 -3.040056 
-5.949099 88.80634 -3.861768 
-3.769612 88.80447 -2.021208 
35.94244 -54.18538 -2.899475 
35.67015 -53.50697 -3.221127 
12.30751 -50.3542 25.93861 
-42.93195 -51.62781 -2.915302 
-15.50194 80.00597 24.01645 
13.97951 81.49905 21.99447 
-25.87886 -53.23276 15.75844 
5.360074 31.69897 32.98439 
26.13829 -49.16105 -2.824609 
-41.46396 -49.18171 -4.480618 
-25.19137 -51.54955 15.2187 
-4.303046 12.18616 -3.395644 
2.28951 13.4708 -2.216832 
3.192849 15.08889 -3.092209 
-45.64198 -52.0124 14.5067 
-7.396509 15.93407 -2.12861 
16.28654 40.03751 28.97924 
-9.818463 14.85399 27.927 
3.13044 17.31965 -3.184057 
-7.692362 21.706 -2.667719 
5.925845 23.31923 -2.820731 
16.75536 -50.72045 14.69749 
35.87025 -50.82911 15.01476 
7.031523 27.61589 -2.651347 
-10.8246 47.12992 36.74938 
12.14789 19.09811 25.42993 
12.84067 20.20155 24.84041 
-26.61961 46.45571 -2.069735 
32.03345 45.43314 -3.185482 
-4.466245 86.93662 22.76612 
-30.58746 45.92328 -2.231306 
23.40726 45.73208 -2.477778 
25.70347 47.32761 -3.932479 
48.68013 55.83998 -2.392041 
-43.24932 -48.30457 15.80106 
50.46933 55.40714 -3.425221 
34.30726 -47.68349 15.44931 
-20.66319 23.6881 7.907601 
17.23329 23.8455 7.591854 
-10.25167 16.78792 28.55634 
-3.1714 34.19727 32.8644 
17.72787 24.2587 10.05975 
42.48026 63.99691 -2.947708 
-44.29329 63.92163 -2.261164 
-24.46992 -45.14178 15.45146 
30.9995 -45.17867 14.85708 
-38.56301 65.74718 -3.461578 
-34.67883 -53.14983 22.843 
-23.62879 -53.11385 22.44453 
-3.65085 -7.021062 49.97784 
55.97771 65.13142 -2.509591 
-8.456298 34.73684 33.08608 
16.77793 25.97999 8.775208 
-23.35395 70.97216 -2.969311 
-22.66725 73.46032 -3.459158 
-1.82257 48.1935 36.44256 
27.52036 -43.75995 14.02518 
-24.38783 73.59693 -3.033065 
-20.50234 27.06051 9.99178 
-18.66775 78.19747 -3.374535 
-17.07532 79.15507 -3.404376 
-16.64297 80.50529 -2.312732 
-20.26749 30.57276 9.2237 
-35.00052 -50.05969 23.31445 
6.970329 86.83264 -2.981389 
16.77211 30.35 9.20708 
-2.216956 89.00357 -3.551432 
-51.27877 -53.02499 -2.506279 
-46.93201 -53.18764 -1.675253 
37.24995 -53.40018 -2.588478 
-38.52416 -51.64043 -5.095671 
-33.90267 -48.42383 23.88066 
-51.21661 -50.27061 -3.985538 
-41.01188 -49.59953 -0.723407 
27.65919 -49.67271 -3.420116 
-3.510595 35.72132 32.80738 
-37.7473 -12.55582 -2.480846 
-39.56559 -11.4889 -2.542088 
-37.85213 -10.58287 -2.921295 
-40.87519 -9.709924 -2.195533 
8.277034 36.11851 31.89165 
-38.54132 -8.190524 -2.987936 
17.75442 33.34538 10.32524 
-36.46657 -7.10968 -3.030978 
27.28045 -38.80826 14.32278 
-30.80611 -1.902786 -2.786942 
-40.05304 -37.6057 15.13467 
0.06588008 48.60636 35.65823 
-22.46311 -36.62508 14.60607 
6.226253 63.82254 38.35571 
1.105241 11.45399 -2.767061 
15.14382 -38.10456 15.99727 
-5.763012 14.04938 -2.636712 
-38.06734 -39.17789 18.81307 
-29.30507 -44.14623 23.20267 
-4.549767 37.55816 33.02695 
-2.52273 36.77795 32.71371 
-9.352743 28.294 -3.302496 
-10.93122 29.30214 -3.79776 
13.98105 33.02476 -3.350571 
-15.82433 34.24958 -2.60587 
-17.47482 35.60127 -1.977483 
-18.89551 36.27473 -2.975999 
-20.59717 38.32438 -2.732804 
-1.85658 53.36301 39.11399 
22.37947 45.53078 -2.858462 
30.75886 -32.22834 15.20798 
30.5206 45.69339 -2.61573 
-41.15193 -30.38303 14.81763 
-16.06621 20.81076 25.52198 
-41.29102 48.86751 -0.2551849 
-43.82805 50.14241 -2.362492 
-46.01611 49.9789 -3.71079 
-48.46919 52.17115 -2.573744 
-0.08809306 49.05114 37.30593 
51.03716 57.50097 -2.978337 
-29.59222 -38.37513 23.37629 
-32.11911 -38.10271 23.35686 
-21.83966 -29.21257 15.29916 
-47.4538 62.42122 -2.118509 
28.08759 63.80649 -1.194054 
-46.56235 63.38942 -2.623963 
-34.43056 -37.78132 22.75721 
43.62237 63.67757 -2.709999 
24.36835 64.85455 -3.03696 
49.24294 63.53236 -2.306426 
-43.20902 65.4544 -3.689882 
47.11626 64.88859 -2.746883 
49.874 64.94035 -2.765318 
33.02178 -26.20489 15.06826 
1.382059 39.83607 33.64876 
23.92248 66.32719 -1.543301 
-37.64345 66.1829 -1.931064 
-36.74672 66.26214 -3.264018 
26.21147 44.83519 7.512669 
54.87638 65.36809 -2.08339 
22.63638 67.80254 -1.262648 
18.93121 69.29552 -2.205481 
-23.99096 70.84705 -2.828798 
-25.68188 72.3098 -2.29141 
-31.45308 -36.07795 22.88324 
19.15895 73.98132 -3.298698 
-23.14478 74.62349 -2.438901 
27.44855 45.03897 6.866119 
-20.1356 75.9696 -1.729514 
-32.77743 -36.68542 23.09807 
-32.97872 -35.45402 23.14919 
13.79554 79.98619 -2.41561 
-14.60864 82.88617 -2.746591 
-8.391382 88.61964 -2.981118 
41.20333 -53.49419 6.352271 
-52.24074 -53.66927 -4.900129 
13.64356 -22.1907 15.34969 
-38.21175 -52.8616 -3.223536 
34.64096 -52.04967 -2.58889 
-51.18472 -51.91094 -2.422325 
-36.14871 -50.59871 -1.722934 
-47.40717 -49.202 -3.117759 
25.46716 -42.42186 26.9475 
-29.86547 -34.58533 23.0381 
-35.42146 -11.71273 -2.008846 
-34.68682 -33.88524 22.57267 
-35.39947 -11.04709 -2.068883 
-36.39359 -8.866456 -3.214254 
-40.92487 -7.194464 -1.660254 
27.06116 -6.834617 -2.630517 
15.32825 24.23 24.07031 
-34.26603 -7.155637 -2.099123 
-33.03675 -6.209842 -2.371588 
26.07372 -5.298537 -2.55058 
28.63552 -4.838655 -2.104481 
-34.20466 -32.35385 22.96226 
24.04812 -6.234446 -2.302742 
4.406665 40.05766 33.16499 
-31.12182 -5.1394 -2.341632 
-35.61648 -2.745398 -2.162226 
-31.90037 -2.944334 -2.483816 
9.763493 47.88534 35.0503 
-32.38861 -3.654955 -2.688536 
-34.4432 -3.991707 -2.426493 
-29.07009 -3.862147 -2.265218 
-32.24842 -33.03828 23.01894 
21.87688 -2.251606 -2.427229 
25.65493 -2.342777 -2.796169 
-34.58323 -2.094987 -2.085059 
-30.12382 -0.5666285 -2.512939 
-27.3694 -2.330629 -2.068902 
-27.13877 -0.8185484 -2.237899 
21.26391 68.09418 26.83537 
31.31761 -32.22605 22.68989 
27.81395 -1.256169 -2.212215 
-34.08552 -0.5559835 -2.593647 
25.03463 -0.9314577 -2.499213 
-32.54271 -0.9946473 -2.486607 
-29.90399 -33.06116 23.23016 
-31.01824 0.8668498 -2.260999 
-33.17887 1.422409 -2.149873 
-29.20218 0.521265 -2.657385 
20.84605 -0.2158124 -2.391368 
-30.91076 3.183666 -2.09058 
24.61724 1.257414 -2.619193 
-32.54798 -30.61485 23.06446 
-28.14941 1.958278 -2.383614 
-29.72847 -31.55141 22.82764 
-2.654842 10.26602 -1.993305 
9.929159 49.96982 35.82347 
-5.854212 11.17076 -2.320577 
-36.12061 52.3245 9.657215 
-7.250569 18.36769 -2.231743 
4.967968 18.63563 -2.139592 
-24.28226 -34.74074 19.79771 
-35.94272 -13.13441 15.76109 
-10.11741 26.15443 -2.530531 
8.923018 28.53374 -2.845279 
11.70818 32.01354 -2.682037 
2.520907 -0.01344134 38.90542 
-25.67843 -12.83819 14.28812 
-30.55781 -27.83134 23.06852 
38.73241 53.36744 9.082296 
-25.38294 -11.51203 15.37231 
-20.51125 37.2121 -2.320738 
-22.03986 40.47273 -2.867496 
-24.34445 -11.07597 15.19921 
-23.91613 42.3315 -1.947696 
-24.46489 43.96924 -1.640007 
-22.27079 -11.40235 13.724 
32.53149 44.5875 -1.829356 
-32.70321 46.22805 -2.630603 
41.97602 45.84951 -1.119287 
25.57777 46.15895 -1.726227 
13.53182 -9.379978 14.14144 
29.75789 -9.633159 15.39986 
-38.53121 55.04258 8.915411 
-47.01574 52.20246 -2.285842 
-48.77012 55.1063 -1.830475 
-4.187865 -4.762806 55.8462 
49.15512 57.49979 -2.255574 
-16.37282 44.40485 32.62706 
50.96292 59.18157 -2.378927 
53.8187 60.51614 -1.798532 
-22.62919 -34.34591 17.47182 
-31.76345 -26.89033 22.94462 
37.91335 62.08966 -1.968321 
-19.74588 -7.992794 15.89861 
17.3929 -40.33676 28.61037 
30.50058 63.07605 -2.242738 
48.17678 64.14186 -2.863436 
27.09764 -39.0426 27.46727 
30.65498 -8.555387 15.28643 
31.37384 -6.986205 15.99645 
52.27916 65.936 -2.449365 
-42.32933 65.27578 -3.511467 
-39.4004 65.64655 -2.261887 
-31.69444 65.97643 -0.9223706 
-37.68496 58.05276 8.96365 
-16.88317 -6.170383 15.35937 
28.72626 -34.68378 25.90327 
32.27264 -4.664529 15.07599 
-24.793 70.66842 -2.207829 
20.31447 72.31068 -2.381956 
-21.41629 75.13556 -2.217142 
31.27572 -26.1432 23.62246 
-29.34448 -15.76815 18.91278 
18.44479 -36.84703 29.30531 
10.20645 84.53066 -1.63664 
-37.96547 -4.696086 14.23486 
-9.891809 87.617 -2.904154 
-14.88099 -5.20146 15.40473 
-5.536013 89.32448 -2.609831 
-7.238132 88.58572 17.54976 
25.47455 -40.49007 27.14402 
33.7931 -53.33238 -1.438128 
24.43127 -51.19842 -1.936149 
-12.08567 51.05427 36.43783 
36.22247 -51.66508 -2.604203 
-19.66939 -9.48732 10.29965 
10.59682 21.34886 28.15998 
37.06219 60.92049 9.094489 
-49.68987 -48.88842 -3.536496 
-37.76201 -47.76613 -1.250199 
15.7127 -20.15555 20.9032 
17.27334 -10.188 18.7474 
9.154914 -2.220553 14.95983 
-12.98588 21.65959 28.22702 
-38.14096 -13.7843 -1.718431 
35.4278 62.1052 9.205667 
-19.43459 52.95714 33.08588 
25.78854 -10.01922 -1.495123 
-32.91852 63.05005 7.969343 
19.01157 -18.72996 22.92349 
27.67567 -8.17198 -2.365478 
8.081196 -0.1887087 15.27836 
8.528939 81.35619 28.24358 
33.34678 -1.346353 14.58612 
-20.65922 52.60822 32.40122 
20.59106 -18.8501 23.39958 
-32.07235 -7.50066 -1.933448 
-29.02064 -6.197923 -2.083168 
-39.08549 -5.373943 -1.825806 
26.58079 -18.52977 23.39712 
-28.68141 -5.169343 -2.002032 
-26.32339 -4.595256 -1.703856 
28.36922 -3.39509 -2.40792 
23.58849 -17.91298 23.44107 
-25.06114 -4.044727 -1.089561 
18.98813 -3.325493 -1.53672 
29.43704 -3.15308 -1.581611 
18.19231 -0.9354268 -1.67391 
-21.19174 55.07425 32.49021 
-28.95191 64.51285 8.017419 
-25.79991 0.4280851 -2.053832 
20.14546 1.663578 -1.874535 
-24.23868 1.263327 -2.177134 
19.54853 3.255251 -1.935256 
23.1652 3.11849 -2.087595 
-29.3086 2.413884 -2.101094 
-32.58982 5.310546 -1.111923 
32.54565 -31.87781 19.22462 
-26.59513 6.005214 -1.448897 
-5.013841 1.41639 39.67634 
25.21474 -36.20371 29.5325 
11.16509 51.44863 36.08392 
26.77673 -10.53788 18.4251 
-13.77549 23.22736 28.4607 
-8.649764 16.42837 -1.425709 
-19.79532 -1.145163 23.78398 
5.410698 20.21264 -2.184907 
8.381247 21.11551 -1.610284 
-21.30153 58.84806 32.65228 
5.952147 21.39602 -1.906087 
-2.245375 7.392286 13.8844 
-10.93099 21.78022 -1.799484 
7.27958 24.19509 -1.899963 
-9.127463 22.66103 -2.010659 
13.4649 -8.338304 9.644772 
26.40843 68.17593 9.407159 
-11.4355 28.99217 -2.785238 
28.66952 -33.20392 26.34162 
10.72642 30.76111 -2.4513 
-12.50812 32.0316 -3.372903 
-15.39401 32.07046 -0.7415456 
-17.39413 27.83476 25.74627 
-36.62905 8.768195 14.63464 
13.94345 32.98972 -1.217623 
-36.1695 10.45003 14.70435 
14.17443 29.24324 26.47554 
21.00949 40.94602 -0.8715061 
-19.98416 59.15272 33.01754 
30.7554 44.95378 -1.341815 
10.09104 79.12885 30.55966 
37.34925 45.51592 -2.971845 
-28.83553 46.51097 -2.115596 
42.21334 47.4666 -2.901593 
-23.81798 -29.03707 19.23993 
14.52632 -0.881109 22.75246 
29.32164 12.898 15.3306 
-6.676863 66.10732 38.24 
-27.90467 0.5449687 23.67798 
-19.69353 61.72409 32.82595 
-48.81752 58.67981 -1.636928 
53.06212 58.31726 -2.259787 
25.18699 0.3260793 23.18806 
51.77614 60.69293 -1.494747 
27.69238 -32.40343 26.77074 
24.29535 15.25354 16.32296 
-25.2683 -53.79807 19.14821 
23.74653 17.0846 14.64081 
34.73767 62.75418 -1.800219 
40.79206 63.2055 -2.127571 
14.28589 0.5037779 23.13172 
45.13067 64.38582 -2.325354 
50.64096 63.42516 -1.255354 
-33.3733 66.44299 -2.276288 
32.06788 -48.27903 18.04415 
-26.03802 20.22456 14.11256 
-14.31089 1.466128 22.48088 
14.28661 1.933122 23.87017 
-19.03273 78.28022 -1.417605 
15.36863 78.85844 -1.943969 
9.513767 85.99645 -1.8575 
18.71843 24.87923 14.50907 
8.200089 86.94479 -1.984411 
-22.20261 23.59582 14.86189 
3.85218 87.98853 -2.432088 
-2.362477 89.5943 -2.623699 
0.3669522 89.61694 -2.329783 
-41.66048 -53.24627 -3.330178 
18.10543 28.19355 14.72128 
34.70689 -53.18509 16.94986 
31.76974 -51.01685 -0.3214127 
-45.71492 -49.04869 -1.748877 
15.41477 81.512 9.466496 
27.92939 -49.94147 -2.221762 
-45.65128 -52.69084 9.482473 
24.96106 -48.14956 -0.334715 
-41.56541 -53.13621 16.60651 
31.18167 -14.66513 -1.703228 
18.37537 34.67035 14.90465 
-0.9960875 4.62526 23.72839 
-40.16742 -14.09443 -0.8030809 
-20.41302 35.65928 14.56378 
-16.20941 83.67778 7.545839 
29.19677 -13.52576 -1.866676 
16.40569 -29.68539 26.49955 
25.98612 -11.20719 -1.395163 
-33.32028 -10.49571 -1.351795 
24.81978 -8.913496 -2.121023 
28.64408 -9.519268 -1.38951 
21.69471 -7.331309 -1.457533 
-24.18227 41.555 15.83145 
-26.76691 -6.220071 -1.028515 
20.60341 -5.992407 -1.741841 
-35.4026 -5.025827 -1.578787 
-23.88876 -2.643487 -1.313478 
26.59838 6.079068 22.43421 
-38.25819 -52.96989 16.25802 
17.44719 1.007508 -1.227362 
12.18804 -26.61838 17.97209 
28.33072 2.282177 -0.7577869 
10.27558 86.82141 6.558146 
-34.7083 1.850864 -1.450269 
26.39409 3.359781 -1.334908 
-32.85159 2.383594 -2.253521 
-22.28523 3.008546 -1.478683 
-33.21779 4.368181 -0.9557826 
-9.019631 81.65664 28.28584 
-4.775678 -1.138523 50.1416 
-23.88766 4.235532 -1.49364 
-28.64758 5.684588 -1.748156 
-25.18447 4.928407 -1.833756 
-30.21142 8.746344 23.69563 
19.56421 5.662007 -1.359892 
-28.31257 7.315787 -1.03268 
21.67664 6.23279 -1.545133 
-24.76011 7.703228 -1.294626 
-24.00115 6.130311 -1.813235 
-26.17995 7.798096 -1.441242 
16.61513 -28.40106 25.99547 
-2.313346 9.070659 -1.731073 
23.91615 9.920663 23.41426 
0.9197792 10.83302 -2.498372 
2.327929 12.05247 -2.035903 
30.91383 51.79605 14.65811 
-7.004204 13.47651 -1.295871 
27.55465 -28.78146 26.93076 
-8.117093 14.34688 -0.9468758 
4.538235 14.9685 -1.337876 
4.442975 16.94078 -1.57816 
-8.819077 18.10221 -1.427613 
7.436027 17.22791 -1.388701 
10.14006 19.22082 -1.113136 
9.710387 21.00375 -0.9310331 
-28.38936 11.80324 23.9235 
-11.34765 24.4406 -1.868702 
8.390061 25.73195 -0.7603546 
-11.14664 26.53223 -1.583851 
-11.24891 28.17457 -1.880304 
7.457962 77.03045 33.01387 
-14.31798 29.70963 -0.485905 
-8.2564 76.00517 33.51679 
13.71931 31.40502 0.5599285 
-15.02935 32.85836 -2.241413 
-25.38335 13.82109 23.5997 
-19.67401 35.17745 -1.01485 
-1.907159 -1.680196 51.18978 
-20.49375 35.80656 -1.063669 
18.93019 15.49666 22.49692 
-38.91291 -46.38018 19.54059 
29.22782 59.14057 14.69529 
-30.4129 59.42596 16.33598 
29.48322 44.88885 -1.051113 
36.47023 44.90473 -0.2376086 
29.07709 45.50035 -1.945306 
-34.5687 45.54769 -1.588083 
-27.42852 46.3537 -0.4740203 
-40.32789 48.1719 -1.67773 
-30.52003 62.47076 14.5624 
47.10433 51.35973 -2.79561 
18.4878 -25.60506 26.27829 
-47.47077 55.30853 -1.256613 
48.03307 59.67164 -1.324953 
-48.10127 60.2084 -1.727933 
-45.50526 61.75557 -0.9377562 
47.37428 62.32265 -1.899629 
48.79661 61.16236 -1.356356 
49.84796 61.74715 -1.402706 
-16.97407 -6.64072 10.38345 
28.54177 -25.85537 26.32749 
44.49865 62.84253 -1.368563 
46.7934 63.64697 -1.932765 
52.91191 63.73759 -1.501444 
-40.73263 64.51462 -0.4677843 
25.41237 64.74191 -2.79943 
15.52992 22.02646 23.05502 
12.76018 52.88973 35.42589 
-25.6439 69.73383 -1.686813 
18.68102 71.09563 -2.170802 
-26.21955 70.854 -1.141576 
-26.25271 72.46494 -1.128544 
18.76634 75.94066 -2.127921 
16.30217 77.18071 -1.820562 
11.0645 53.37963 36.46833 
13.87898 82.01821 -1.163454 
11.56909 83.94254 -1.703711 
3.574152 66.59531 38.2603 
2.719756 89.19341 -1.982773 
-7.858966 88.98988 -0.4773498 
34.08443 -53.94338 0.7798045 
36.44439 -53.98915 -1.214246 
-48.03812 -53.62756 -0.3066553 
-42.15786 -52.60011 -1.907233 
-29.92668 -52.81921 8.972306 
34.03733 -50.45516 -1.571786 
-35.83254 -49.90849 -1.444498 
35.9392 -50.26233 -0.7960508 
-19.24968 28.36983 22.53609 
26.32078 -48.37441 -0.7901182 
-45.64266 -46.87858 -0.03041723 
-47.82732 -47.73723 -1.771117 
-38.72801 -47.62207 -1.237097 
-37.2854 -46.62465 -0.5423573 
16.56797 82.3526 15.0734 
-49.84647 -53.00845 9.70372 
29.43444 -15.9519 -1.565006 
31.66007 -11.14065 -0.7735196 
-2.091899 -2.253785 32.60922 
-42.59375 -52.78617 7.867401 
21.07651 -25.39592 26.80084 
23.70547 -11.92405 -0.8936487 
28.41256 -10.82369 -0.6850644 
-16.18797 83.80473 14.90651 
-38.03603 -52.74986 10.58414 
30.68906 -10.24472 -0.3332176 
16.2463 34.02628 23.45626 
22.39402 -9.196873 -1.4841 
10.77675 85.49876 14.59523 
-30.14866 -8.505507 -1.326624 
-27.95987 -8.128357 -1.066931 
20.93986 -9.410274 -0.6643177 
30.0405 -9.479946 -0.2474455 
3.238779 1.088669 33.01124 
-19.55625 38.2618 21.89778 
29.84219 -4.619571 -1.195265 
31.1452 -3.864062 -0.4684947 
-37.57037 -3.920324 -0.8197534 
8.061721 86.81651 15.76589 
-22.86725 -4.370589 -0.3051154 
17.79883 -2.591828 -0.9318523 
16.07582 -1.976578 -0.7289664 
-36.05519 -0.3379134 -1.658793 
21.89037 39.58889 22.25702 
17.68431 -53.3457 15.16021 
7.376709 88.1154 14.21008 
-36.62224 0.8324187 -0.7342865 
-22.28317 -0.1613709 -1.440245 
21.72133 41.1292 22.47795 
4.940861 88.71391 14.63808 
-3.26128 2.646875 39.20443 
16.50712 3.999647 -1.172487 
20.66788 42.17469 23.47748 
10.27208 36.69184 28.97918 
25.19534 4.856939 -1.445932 
-22.18762 5.856877 -1.150029 
-21.21144 4.820673 -1.277363 
11.98523 37.17381 27.73492 
-50.23347 -50.16002 9.829067 
-30.08613 6.872765 -1.087905 
18.39227 -50.80312 9.484589 
-22.89149 6.995635 -1.487537 
13.91142 -21.83543 18.93781 
-20.43321 71.48539 28.01399 
-26.11274 49.65479 23.72715 
1.724399 6.784999 33.23653 
22.85009 -22.65608 26.21442 
-2.224081 8.17796 33.55896 
10.74683 17.33347 -0.6737954 
-28.2182 52.96369 21.18363 
-11.21293 17.62919 -0.92508 
-10.95785 19.58065 -1.104321 
-12.69701 22.4534 -1.218036 
8.45854 22.93133 -1.240033 
-1.378027 8.681953 33.26001 
-35.1286 -52.68819 15.55109 
-17.44231 34.46033 0.1689967 
-28.52303 58.29273 23.01751 
17.45286 36.22228 -2.16076 
17.78409 37.8035 -2.814319 
-20.99126 37.72522 -1.113866 
16.55458 -52.67568 15.07536 
19.35675 38.45652 -1.114707 
29.64299 -53.16837 17.29495 
27.87282 45.70978 -1.326494 
-33.5521 45.76709 -0.7260619 
35.44057 -52.81472 15.27525 
-30.33768 46.09945 -0.931764 
43.36485 48.40332 -0.9779606 
45.77525 49.50847 -3.014135 
-45.00214 52.14157 -0.8956673 
47.18614 53.43604 -0.8689458 
-46.18481 -50.19083 14.56075 
-46.92492 58.29607 -0.58456 
44.87582 62.18426 -1.040608 
16.2768 -47.81286 15.72263 
-42.93201 63.69525 -1.612421 
25.75298 66.48632 0.764979 
35.57596 -48.83753 15.23807 
-35.51858 66.16892 -1.553875 
-4.488563 32.07563 33.53623 
-26.98858 68.56898 -0.7539896 
20.94613 69.28786 -0.5798741 
-24.9369 -47.36829 15.35951 
20.95692 71.80486 -0.9570398 
20.25987 74.30032 -1.098883 
-22.87842 74.77649 -1.236529 
-19.44771 76.90471 -0.7044536 
-16.37654 80.83482 0.1182152 
-10.36633 86.58411 -2.21402 
30.36219 -44.97245 9.544282 
-47.17325 -45.25211 9.579029 
15.15611 -20.06598 18.90056 
-15.49803 54.81002 36.39302 
-5.373714 89.35339 -0.8575948 
-4.000751 88.96478 -0.4486489 
15.31602 37.88702 24.93827 
-36.71922 -53.48319 0.6101285 
20.80369 73.85574 23.51258 
-44.31531 -52.83791 0.8414223 
25.37358 -52.14836 -2.158762 
-45.76862 -44.61327 8.000996 
-43.5047 -51.31078 -0.1446436 
-42.08809 -51.51825 -1.377759 
36.72778 -51.90026 -1.438658 
-43.92725 -50.67293 -0.546398 
-40.7449 -18.86464 17.28076 
8.686688 36.61651 30.59846 
-3.34939 66.46553 38.65536 
-20.98036 75.65803 23.4767 
-34.74609 -48.91621 -0.9598119 
-33.84367 -49.11691 0.6366329 
-41.69062 -44.23734 15.44196 
-48.34539 -47.72429 -0.9490504 
-39.44678 -48.13492 -0.7703156 
-35.65748 -47.56602 -1.095621 
8.596566 33.52512 32.52521 
-35.51074 -19.48754 -0.2313144 
-34.11181 -19.33438 -0.7604797 
-36.79518 -17.79255 -1.067924 
-31.6873 -17.40451 -0.8551283 
-34.71694 -17.72809 -0.416174 
4.29888 33.08092 33.14838 
-34.40728 -15.87163 -0.2244789 
-1.191612 2.694776 26.06729 
21.8697 -44.017 10.13139 
-18.80789 40.68035 28.95872 
20.21908 -42.67643 14.59522 
28.70654 -43.99761 15.17235 
-40.24589 -43.11398 16.15288 
-34.56145 -13.06572 -1.133916 
-32.4701 -15.48729 -0.1347359 
26.5 -15.47659 -0.316147 
-37.12974 -14.61241 -0.7056463 
-30.71478 -13.66321 0.02962822 
13.35701 55.0568 35.94004 
32.78704 -12.86106 -0.3364725 
14.85312 80.74932 22.83826 
19.29114 -41.22225 15.16622 
-40.98269 -12.21731 -1.498398 
28.15423 -12.16755 -0.7817343 
-32.00794 -11.97203 -0.3734796 
-13.83797 83.30234 22.45996 
-42.29664 -11.61082 0.04670088 
23.56689 -10.58029 -0.9644974 
-42.55195 -44.19714 8.041946 
3.614202 82.59785 29.25205 
-25.60514 -7.505316 -0.4209376 
28.99603 -6.461106 -2.203813 
17.90023 -6.357774 -0.3420328 
31.51627 -6.302336 -0.6939042 
-23.67488 -6.333382 -0.1999328 
6.552032 34.83323 33.64069 
-1.463711 67.82117 37.74842 
30.40987 -1.46223 -0.8650007 
6.129275 35.87576 33.31707 
5.543263 85.82555 22.68853 
28.96313 -38.38645 14.68102 
16.5313 0.5233046 -0.7181417 
28.23622 -0.1513942 -1.252086 
-22.85423 -39.41258 15.75818 
7.121642 85.40002 23.45045 
-7.805205 35.9722 33.15283 
15.68358 1.85661 -0.6442937 
-34.70965 3.564958 -0.9564663 
-5.193597 37.16302 33.18506 
27.01888 3.835419 -0.4846425 
17.50955 6.28573 -0.8525406 
-20.74059 6.77366 -0.1910516 
-21.59195 8.206679 -0.7043081 
-4.199545 7.822218 -0.8942853 
19.41269 6.931094 -0.7252797 
21.62234 7.808229 -0.6480443 
-6.406033 37.65199 32.77316 
14.10282 -35.73596 15.32393 
30.02419 -35.847 15.78551 
-11.26594 0.7237142 19.19633 
0.6803643 9.436479 -0.6474077 
20.05865 8.943322 -0.7091802 
2.205199 10.35233 -0.5876114 
-8.475098 11.96047 0.3194897 
3.234194 12.71956 -0.4522617 
-4.956576 40.15494 33.7348 
9.008413 12.6502 -0.6919273 
-41.14504 -32.05074 15.04856 
-36.60733 -40.48933 9.138137 
-8.89881 13.47125 -0.6285676 
9.17767 15.31322 -0.5077237 
11.13438 15.8054 -0.7227589 
-13.43794 17.01062 -0.4433639 
13.0129 -31.99143 14.46686 
-13.72509 20.9409 -0.9755043 
9.789519 22.94418 0.236608 
15.82982 -8.654886 18.26658 
31.07837 -31.19181 14.69914 
15.1634 54.56062 34.60521 
10.18971 27.69367 -0.4691758 
12.23598 -29.44401 14.73659 
-12.95411 28.70909 -0.5452701 
11.69368 28.83994 -0.6127008 
-19.86266 43.91798 28.84207 
13.03253 -53.03748 24.04203 
-15.14901 30.53815 -0.2252122 
-38.0475 -38.28282 8.98924 
9.906333 57.28736 36.54179 
14.88216 -34.16409 25.68118 
-22.34111 38.95039 -1.262254 
32.74116 -28.42893 16.68828 
-23.3565 40.36553 -1.272953 
27.81808 -50.03025 23.39019 
25.22684 45.0705 0.6008301 
-8.606808 39.04234 32.58474 
11.84604 -26.31609 15.36399 
-8.011164 38.84515 32.41293 
46.93969 59.24969 -0.7402725 
-39.20261 -35.04076 9.24214 
-23.74775 -49.24126 24.02177 
32.56307 -24.27809 14.36643 
42.64195 63.07115 -0.03066924 
33.46158 -23.56966 16.11183 
25.95932 -33.32431 8.961395 
-34.43068 66.46877 -0.5985919 
-41.68541 -21.69959 15.73789 
-25.33252 -46.36287 23.91922 
-26.53033 69.94721 -0.4627142 
-25.06749 73.72952 -1.098657 
14.15448 -20.33516 14.77034 
18.15217 75.51974 -0.8181452 
13.65378 -45.62673 24.64751 
14.20502 79.73964 -0.6726165 
15.76344 78.96739 -0.8318664 
-19.46021 72.37775 27.11833 
11.07422 31.58124 29.4692 
32.03685 -18.89949 14.83204 
-26.92261 -45.36413 23.96902 
5.537919 88.26286 -1.622713 
18.20694 -51.56689 10.89536 
17.88131 45.53132 28.97396 
18.33298 -33.1526 9.48522 
-23.05787 -18.20029 14.99703 
-39.4426 -53.65261 -1.491575 
-28.4706 -8.082793 18.32177 
19.48301 -33.56534 9.731236 
24.12061 -33.18861 9.589836 
-50.01228 -51.95734 0.1410062 
28.14071 -51.91917 -0.7798122 
-40.91785 -51.7987 17.25689 
-6.081115 8.365841 28.31688 
-49.11684 -49.91245 1.254105 
4.257328 8.214329 26.53869 
4.482443 42.56372 33.73123 
-50.07292 -49.22572 -1.516861 
-43.7159 -47.47717 1.165234 
22.16552 -31.18555 8.349855 
-38.90824 -46.57452 0.1108363 
-35.11948 -47.54638 -0.05148175 
-46.57541 -46.65734 0.7186953 
-18.94857 40.55674 25.77807 
-36.48133 -19.41172 0.02407609 
15.00497 -43.7651 25.24491 
-4.954673 10.24836 30.1703 
-33.15261 -18.62249 -0.3052984 
-26.93973 -14.58135 15.2426 
30.3894 -18.9384 -0.07941796 
27.68791 -40.58556 24.79954 
29.00335 -40.88074 22.53468 
-36.43166 -15.76094 -0.07942931 
-38.93972 -13.98626 15.17035 
-38.38475 -15.55083 0.1492618 
33.36866 -52.16573 17.39164 
25.84813 -12.64199 -0.5421795 
21.051 -12.62461 0.02678664 
20.54379 -11.21425 0.08077985 
-27.25427 -11.15431 15.54007 
-30.5107 -37.29076 23.20041 
-42.25842 -9.060251 -0.2124687 
10.92875 42.45268 33.12896 
13.90215 -36.41945 24.57174 
-35.72372 -9.07277 14.9827 
-40.28688 -5.106325 -0.4494671 
-29.99847 -35.70984 23.27406 
-38.58063 -3.476294 0.4794683 
13.70043 -36.21447 22.98075 
12.92165 56.82781 35.69968 
-21.97271 -2.683033 -0.2557631 
13.63687 -32.55385 22.69122 
31.37264 -35.35173 21.72371 
-37.85407 1.166996 0.1850997 
29.74775 0.4228431 -0.3944631 
-20.10038 0.9265929 -0.3581797 
-23.02175 -9.993807 15.53214 
14.06279 1.892155 -0.3043696 
-18.95707 2.758243 -0.4126762 
-35.66865 2.44152 -0.3142193 
14.20281 4.067505 -0.05136084 
-21.40117 -9.702188 15.66311 
28.14148 4.479942 0.3236544 
31.23397 -9.110353 14.38176 
14.41359 5.859835 0.02394731 
26.27928 5.64046 -0.1626755 
-33.11922 -27.72494 23.36531 
14.65543 -28.32695 24.327 
17.83003 -16.3496 18.24931 
23.43823 8.516315 0.01338875 
0.4669589 7.890399 -0.3336468 
-23.00154 9.485017 -0.1788113 
-4.82897 9.977669 -1.047221 
13.17474 -8.044152 15.62278 
-9.476973 9.343258 26.78718 
-23.94031 9.794332 -0.4056495 
-27.44611 10.28068 -0.1434145 
-21.19563 11.43453 0.5680652 
-36.67102 -5.610819 15.2775 
14.47095 47.58903 32.86009 
14.08983 11.08799 0.2447418 
12.89666 47.18408 33.63537 
4.95551 12.81288 -0.2149626 
6.784045 13.44822 -0.430096 
-35.38082 -15.04812 18.85336 
13.11553 17.09174 -0.2613594 
14.79257 -49.82881 18.0269 
-20.59117 -25.70502 9.216047 
33.41204 -49.3234 17.07253 
32.90532 -25.47133 9.777803 
11.20698 57.23328 36.55742 
-12.75213 -2.43626 15.54618 
17.33013 35.5983 -1.036999 
13.98528 50.36852 34.27147 
-6.20134 -7.034551 53.08801 
-24.45912 -2.725392 23.14866 
27.54509 45.19306 -0.2402602 
40.0032 45.60434 0.1889881 
-36.79137 46.4789 -0.5681495 
43.51702 47.3263 0.7053648 
15.99043 52.35918 33.07995 
-39.09636 47.18573 -1.401129 
9.062418 9.845063 26.57577 
18.7009 74.67699 26.3628 
-10.45011 -0.08054882 15.52439 
21.69566 -2.410911 23.3891 
44.70458 51.42911 1.23345 
-46.15555 55.08209 -0.2622869 
-21.32606 -21.04611 9.951097 
-45.37525 55.27133 0.2037287 
47.74641 57.85123 -1.130007 
22.23297 51.84115 27.71003 
-44.20602 61.25607 -0.1756934 
44.82965 61.49019 0.05151201 
43.81148 62.91711 -0.9792058 
38.83246 62.4616 -0.2058361 
-19.78159 -2.024653 22.9037 
15.5993 -43.56356 19.68469 
-39.42611 64.98601 0.7849648 
34.10197 -21.6331 9.408838 
22.84753 70.91019 -0.3003804 
21.50145 72.10612 -0.2304215 
-25.78097 72.97565 -0.5340157 
-24.1012 73.69651 -0.1092171 
18.77709 74.27111 0.2834309 
-22.65145 51.80315 28.48412 
-17.96537 77.67399 0.4555943 
17.81495 76.41906 0.4752227 
14.82385 55.72163 34.46099 
2.660406 89.46853 0.294145 
-37.27237 -43.58131 19.81488 
-2.71101 90.11806 2.359265 
-40.46791 -53.59876 0.4355257 
36.41092 -53.39651 0.03193216 
-19.69348 56.1331 32.8398 
33.43739 -19.61477 9.251971 
17.28802 55.68262 32.335 
-41.84726 -52.82814 0.5295211 
30.98526 -51.31347 0.1602974 
23.12939 -51.99128 0.7118699 
-19.50238 57.11338 32.84231 
-42.49993 -50.99442 -0.1871394 
31.32542 7.862071 15.99314 
23.06883 -51.17999 0.3277652 
23.2451 -48.88885 0.8665605 
22.86238 -0.5230065 23.22822 
-47.6004 -47.44859 1.513126 
-36.21175 8.177649 16.59403 
-36.1436 -46.31328 0.6334355 
-19.31423 59.19074 34.20165 
32.0346 8.5144 14.47497 
-33.86449 -22.42263 0.5311435 
31.18385 9.517154 14.59018 
-37.67686 -21.74929 1.116514 
-36.87918 -20.35925 0.189802 
-36.39151 -21.29848 0.1623487 
-32.47964 -20.36695 0.2902462 
32.63037 -18.39137 9.520783 
28.03782 -18.43565 0.2605613 
-38.048 -17.86144 0.3139071 
22.42822 1.075033 24.22523 
-30.88012 -15.84932 0.5058931 
-37.6977 -16.42408 0.3569724 
-39.25935 -16.05403 0.9738961 
-39.80569 -15.52448 1.170195 
17.32162 -14.75919 17.39665 
-19.14702 62.24018 33.69835 
-30.11083 0.9222559 23.10988 
-28.64427 2.109982 23.61814 
-32.85258 14.24305 15.30067 
28.28635 -13.16601 17.702 
19.1078 -9.899989 0.1001789 
-26.67233 -8.746291 0.3473798 
10.14613 11.16004 26.84986 
17.63239 -8.588545 1.408281 
19.34977 -7.708151 -0.241908 
31.32682 -9.30557 0.7284539 
-41.79951 -6.933711 -0.3019352 
-30.39153 16.68407 16.6127 
16.74384 -3.826965 -0.1959787 
13.86704 -3.001776 1.270808 
17.30606 -12.96287 17.24837 
-37.62685 -2.459514 -0.6045191 
14.59424 56.34635 34.48061 
31.50582 -1.609716 0.5393572 
15.03479 0.1246847 -0.2635191 
-19.55356 -0.004991487 0.3156079 
-18.58887 64.80981 33.38533 
30.5652 0.5694692 0.794121 
-18.10923 0.8750958 0.4959148 
-37.19683 2.902431 0.6969196 
20.91542 43.87701 25.3238 
11.69896 4.314858 0.8895758 
-18.43802 4.766855 0.03482657 
-39.49057 -19.25725 19.29692 
-35.41542 3.764375 -0.1989512 
-18.61876 6.099908 -0.1398184 
12.70995 5.76963 0.2797277 
27.6192 5.570882 0.3269536 
13.68339 3.7183 23.75887 
-33.9786 6.392295 0.4121551 
-11.56194 59.16006 36.79699 
-31.84719 7.85041 0.3754022 
-5.220532 -7.090212 51.24116 
24.83348 8.624012 1.040711 
16.47184 10.06012 0.6424533 
-21.25047 26.72094 14.39064 
-30.95748 3.9274 22.86212 
-19.71084 10.95869 0.5811687 
17.12726 8.988858 -0.1438508 
13.58954 68.87113 33.92978 
-6.594516 10.70258 0.2471961 
-20.85154 32.46667 16.8908 
19.27268 10.06401 -0.1966493 
4.355649 9.898993 1.220412 
13.03511 69.71593 33.31144 
14.02445 15.15987 0.2074222 
19.76661 37.53121 14.79184 
-12.77854 71.01561 33.48506 
-13.33733 23.57008 0.1269644 
35.01794 -52.54595 7.967697 
-10.63639 7.464618 23.898 
3.161322 6.019281 23.23683 
5.291376 6.701931 23.37559 
12.85038 71.32668 33.59789 
-23.44757 39.81121 1.600025 
22.11838 43.40826 -1.798194 
-14.91699 73.55605 31.78058 
29.70643 44.49552 0.5841038 
33.16287 44.56466 0.1675571 
38.38241 45.35398 -0.6788983 
10.00626 74.44168 33.58083 
-34.55428 46.18365 1.335545 
23.68683 44.5969 16.40952 
-40.52233 48.08339 0.6499383 
-41.60633 49.57405 0.461082 
44.05545 49.83816 0.3623829 
-45.08025 54.40111 0.4141546 
-27.9846 47.73434 14.69715 
-7.576592 7.715549 22.28276 
45.69057 58.13718 1.415775 
-45.18951 58.38645 0.2922043 
-42.90871 62.57756 0.6646304 
35.4326 63.43864 0.5219559 
28.64225 50.53348 14.43706 
-28.32482 66.2011 -1.727601 
22.41221 11.08599 23.13687 
23.68249 69.57323 1.191264 
-26.47264 71.64603 0.0622575 
-25.65652 72.36194 0.6977114 
-21.99639 75.80258 -0.718883 
28.76994 53.68329 15.54041 
18.5532 10.62498 23.66466 
30.98728 54.34739 15.06563 
9.852674 85.84193 0.8451586 
-29.19994 55.4324 15.09064 
29.26185 56.74785 15.35173 
4.229536 88.37824 1.221084 
-35.93966 -52.27649 -0.78907 
32.42141 -52.36692 -0.8022501 
26.68205 -52.48853 -0.1721411 
-29.50624 59.15732 14.65389 
-32.95802 -51.07987 1.357345 
-42.4089 -50.27569 0.469523 
32.53091 -49.41648 -0.001799379 
30.90332 -48.54721 1.710881 
-42.88155 -47.29087 1.785899 
26.95033 62.51745 16.29518 
-29.86042 61.1669 15.68772 
-33.44364 -20.95619 0.2998874 
-40.56706 -4.389917 9.906075 
-29.82421 -20.19818 0.3519978 
-28.33615 -20.43566 1.201601 
-31.55766 -19.1264 0.5999112 
-30.30677 -17.6772 0.9254711 
33.50163 -17.64678 1.710954 
33.46836 -15.61918 0.5660698 
-30.05031 -15.63485 0.795337 
24.32411 -15.008 0.08433433 
34.04841 -12.72836 2.020759 
-49.69425 -47.27927 10.13939 
-42.56203 -11.45127 1.461942 
16.19085 -6.690135 1.097019 
-40.85749 -5.579495 0.7949314 
-39.80985 -4.425724 2.24242 
-22.09021 -5.149203 0.6709952 
32.21696 -5.172552 0.4481485 
-21.27138 -4.022786 0.2723736 
31.72696 -3.799166 0.4500438 
-5.132954 -4.50043 40.51847 
-39.2528 -1.111247 1.593194 
-3.12898 -3.900851 34.78004 
-1.617165 -4.645263 35.06411 
-37.18104 4.545957 1.439575 
29.22692 5.07451 1.670739 
-35.59027 5.562126 1.175197 
-16.66985 7.779351 0.8287388 
12.45868 7.597353 1.082469 
26.61716 7.787379 1.02926 
-5.061144 7.523082 -0.01656524 
27.95911 -8.657903 17.98447 
9.601249 8.742072 0.2670723 
-18.62062 29.9255 22.8159 
14.34863 8.425094 0.4962224 
-18.6312 8.765088 0.5310626 
13.40154 9.240309 0.7216505 
23.95168 10.07033 1.114384 
-15.50018 8.82829 0.8624928 
-4.05722 -0.9135275 33.35039 
-18.64054 33.32045 23.97141 
2.89832 10.78213 0.5873797 
-26.42227 11.98507 2.20353 
-17.59855 12.68465 0.6204989 
-9.845272 11.09445 0.7451484 
21.61325 11.31735 0.6579266 
-25.21008 11.22825 0.7418184 
-10.53345 13.09527 0.2981724 
-17.24815 35.08679 24.65952 
-11.59129 12.92685 0.5086696 
-18.63295 13.51998 0.7820762 
-11.8134 86.40748 15.32494 
9.675571 86.08598 15.76028 
-16.0473 15.34144 0.3300139 
-14.0476 16.22348 0.4456236 
12.13815 19.14986 0.7044768 
-14.77123 19.6314 0.05536095 
11.30344 20.79255 0.7380102 
-12.73139 11.86604 26.69193 
14.01657 60.75039 35.84075 
5.506393 87.51484 15.8528 
-3.429606 52.51146 38.87399 
-23.57177 -9.385205 17.75348 
-22.42791 -8.3513 17.87468 
36.46632 -48.26306 10.08226 
-18.365 34.81036 0.3803305 
-19.9875 34.55754 1.563621 
17.45188 35.60917 1.028218 
18.10893 37.24977 0.3031502 
19.74646 39.90722 -0.7610077 
-8.85655 3.816489 8.993108 
22.52752 43.50996 0.6836169 
1.704986 89.62118 14.87739 
25.87745 44.67846 2.624986 
35.33495 44.98259 1.054709 
-36.6903 46.27526 1.645997 
-38.48284 46.9555 0.394438 
-6.335811 89.43733 15.13492 
47.27444 56.31017 0.2205219 
45.4253 60.61285 -0.3454416 
-23.98154 46.073 24.01662 
21.92069 47.27063 24.09411 
-40.36576 63.98856 2.374684 
22.89025 45.76554 22.64494 
33.64022 5.70223 10.46587 
23.79463 70.61194 1.254457 
22.68273 72.30582 0.8796517 
-23.80032 74.13957 1.429575 
-14.70645 82.92519 1.132874 
-9.859125 87.96201 -0.2538096 
5.908776 88.28443 -0.3862566 
31.82558 -53.35853 14.66924 
-27.68978 54.13277 23.18873 
-33.97634 -53.66562 2.269019 
-23.89322 64.85101 28.07386 
-48.84294 -52.99886 1.208699 
-43.27091 -52.67711 1.501178 
-38.0141 7.109897 8.843257 
35.44987 -52.20028 2.128886 
-34.5854 -51.49096 -0.5990211 
27.36304 -50.32627 1.461675 
26.8148 -48.48805 0.6084094 
-21.69656 65.92827 29.57741 
34.61909 -49.00049 0.09400848 
-40.29546 -2.153938 11.2135 
-30.52719 -23.12865 1.363643 
-28.89362 -24.11468 1.065703 
11.65804 13.64755 26.48089 
-28.7509 -22.07762 1.297157 
-32.72701 -22.45333 1.249381 
-43.92086 -51.49288 15.69306 
24.09318 62.24442 24.33553 
-26.30905 -20.86823 0.9725531 
-31.69527 -21.18264 1.226396 
31.8505 -19.4831 1.779709 
24.16144 -18.92169 1.469014 
33.0509 -19.06126 2.721103 
32.07856 -17.32768 -0.1910626 
-39.48312 -17.56908 0.8462988 
-3.791071 -9.341915 57.53926 
-24.27173 -45.39234 18.29167 
22.7529 66.29785 23.44568 
5.384484 33.51328 33.69693 
-24.50117 -49.91625 15.78262 
-25.3865 53.94252 25.29918 
-3.692683 33.57066 33.80827 
-32.1534 14.43574 10.10825 
-41.88312 -13.58401 1.110363 
-31.13461 -7.159723 18.65408 
22.67498 54.13684 25.46221 
-42.12309 -8.371733 1.424198 
-41.64168 -6.378643 1.339954 
23.22393 68.87151 23.22849 
15.02418 -4.806932 1.70512 
-19.33771 -2.475051 0.5841317 
33.38049 -47.1146 16.72156 
-4.469542 34.67387 34.14598 
33.18983 -3.278167 1.654304 
25.34771 16.71321 9.013687 
32.75406 -0.7166004 1.875043 
-18.25078 -1.075014 1.182084 
-11.61492 62.1081 36.94619 
15.23561 -40.9192 20.16021 
-16.36086 1.287011 1.548351 
-21.21269 -7.643465 18.72598 
-0.8009681 3.011712 39.43801 
-17.40099 2.957955 0.8420331 
-16.40835 3.818207 1.033743 
10.60789 3.501011 1.828187 
14.57655 -7.881908 18.07483 
-3.573471 6.121487 0.7579463 
-1.383551 6.568726 -0.06303925 
-35.37704 6.9881 1.733731 
-14.49102 5.778421 1.835973 
27.7352 7.99622 2.140164 
-21.26161 73.51522 25.14705 
-53.17351 -52.37736 6.868151 
11.29195 63.25642 36.83966 
28.10507 -42.89836 17.3162 
27.15889 -42.04372 15.86616 
-0.755937 39.31944 33.56787 
-6.448161 9.083818 1.327113 
1.818805 9.562603 1.367786 
-24.54908 -41.59134 14.9013 
-14.29508 11.16911 0.8604918 
-24.49826 12.42052 0.9064535 
20.0595 12.03726 1.070633 
16.89404 12.69379 0.914036 
15.29067 16.77591 0.6359317 
15.11125 79.62961 24.14203 
-15.94102 21.44653 1.767901 
-22.81118 -40.17515 16.53789 
12.49199 82.6387 23.16887 
-22.12743 23.31859 10.59547 
15.39001 -38.20638 27.40461 
14.08249 -6.637013 18.17109 
30.56856 44.57259 1.877321 
31.49492 44.89113 0.8977104 
34.31871 44.48851 1.846334 
37.49997 45.57787 2.280938 
17.98284 70.97958 28.67243 
-44.301 52.10812 0.6767508 
45.58903 54.69699 2.059601 
-5.700711 86.18835 23.00573 
-40.52612 -33.77192 17.31397 
-27.77642 67.64954 1.850253 
22.65871 68.37073 1.119769 
-19.85864 29.44746 10.3323 
19.88762 73.28036 0.4935318 
-19.96061 77.25491 0.8953134 
34.2647 -46.76662 11.62949 
14.35502 79.18755 1.891928 
-16.79926 79.75538 0.7960081 
-15.08152 81.56181 0.4030856 
-12.20169 85.84046 1.439642 
-41.38707 -29.60576 15.45789 
-11.61945 40.45568 33.20064 
-1.471946 90.20161 3.893221 
35.68284 -53.66869 1.219297 
3.173427 41.48833 33.967 
12.0281 -29.22669 16.53211 
35.93308 -52.99426 1.929829 
-32.86734 -52.58102 2.11896 
30.12216 -52.51323 1.950199 
11.89828 -27.94801 15.16925 
-49.42867 -52.21398 1.961919 
-26.06164 -53.82656 22.41283 
-24.65817 -52.4307 25.44205 
-42.15187 -28.69178 14.27228 
35.52993 -50.40921 1.430608 
18.91072 -52.77147 22.90377 
-41.01119 -49.01944 1.042475 
25.52509 -47.68284 1.873038 
-41.73579 -27.00488 15.14938 
-40.61824 -47.40359 1.575432 
22.97846 -48.02401 2.70372 
16.81749 -52.77782 25.61703 
-38.25004 -46.12633 1.096408 
-37.60688 -44.88321 1.769775 
9.165086 52.29734 37.07773 
1.135722 54.24517 39.18068 
5.230307 42.7321 33.84911 
12.25119 -25.95738 16.30209 
-36.01743 -23.40236 1.186111 
-33.82094 -23.56349 1.419157 
10.24799 17.35151 26.39904 
33.16581 -25.35323 16.79547 
-38.73902 -20.4037 1.591122 
-26.24368 -19.50832 1.339246 
27.33316 -17.80197 0.2897373 
-28.02957 -18.48315 1.93923 
27.08067 -52.69509 23.29454 
16.0859 60.43105 34.38648 
9.354628 43.349 33.86031 
-40.93589 -16.61902 2.521974 
33.31723 -20.67465 15.47763 
34.31349 -15.19261 2.785984 
22.44523 -13.79402 0.3839601 
18.4296 -11.99838 2.333009 
33.43689 -11.03424 2.442039 
9.826593 63.57892 36.75803 
14.23522 -20.54436 16.8324 
-27.13996 57.15494 24.77034 
33.58625 -5.403829 1.775641 
15.29229 -18.52269 15.29175 
-18.62747 -1.825615 2.70664 
-32.6206 -46.58967 24.22194 
12.94015 -0.6544034 1.365061 
20.71839 -35.97269 30.00337 
11.76517 0.511982 1.442687 
-17.00438 -0.2459378 1.64715 
13.02788 -47.97934 23.01141 
31.95103 0.5453109 1.8814 
17.67581 72.00497 28.60858 
31.08624 3.538763 2.080983 
-14.97579 2.547261 1.853873 
-26.53196 42.74619 8.02182 
29.72708 3.64396 1.313477 
16.23639 -17.72934 15.06496 
31.06933 -17.39706 15.25302 
-27.49188 44.32272 9.992632 
16.35308 74.93153 28.06181 
-34.92642 -4.700746 17.96044 
-31.9738 -45.03375 23.65491 
-17.79219 -5.086163 18.87746 
-6.023212 7.225106 3.22352 
-0.09249447 54.71173 38.79479 
0.7949463 -4.588365 44.52428 
-24.21318 -42.23546 17.87321 
-30.6223 8.734205 0.8651104 
-11.65612 8.769861 2.049555 
11.35878 47.7654 34.85939 
-7.923357 8.66038 1.794611 
-32.2006 9.663853 2.320228 
24.28853 55.38005 24.75639 
2.542201 9.040173 2.114231 
25.41158 10.14335 1.642562 
32.17041 46.84261 10.43661 
-21.99792 14.22212 1.975258 
14.14714 19.22681 1.102663 
-15.50965 17.93676 0.8423157 
-27.63026 -12.29424 15.583 
14.53385 29.299 2.871373 
-16.7875 30.55361 2.282871 
-17.03638 32.68931 1.203048 
-17.92506 34.44325 1.505913 
18.7079 35.6587 1.877912 
-20.56644 36.69751 0.8957686 
19.18408 37.9521 1.478656 
21.66405 42.31828 1.685791 
-28.50176 46.70209 9.976514 
34.77789 47.26582 9.122751 
14.46598 49.2567 33.41273 
-31.89046 45.48426 -0.1210844 
-28.43938 46.32917 1.550037 
39.56977 47.07467 3.659277 
41.80793 46.25534 0.6477003 
43.29366 46.86639 2.453351 
-30.46827 47.86598 9.82344 
-40.13195 48.06649 1.617643 
-42.54067 50.54149 1.154446 
-4.17805 54.06739 38.99615 
-44.53718 54.90937 1.780306 
-39.65729 -43.35592 17.31982 
45.58344 58.98849 2.998906 
-41.70093 62.8135 1.233959 
38.50019 62.7802 1.803584 
36.82116 63.1409 3.807323 
-34.11693 49.95575 9.270347 
34.18954 64.14056 1.200673 
32.52458 64.45532 1.892475 
-38.66275 64.13481 3.48177 
37.63316 49.34229 9.315145 
29.17462 64.59044 1.2802 
27.74434 65.3004 1.798474 
14.63998 -26.3398 23.35938 
-37.539 65.76234 0.9557814 
-31.28933 65.90461 1.405584 
32.75272 -47.90441 9.863843 
25.56905 67.53192 2.359518 
-27.74785 70.27593 0.7243548 
25.09656 69.6161 2.36574 
-27.47368 71.31702 0.8505608 
23.66067 70.79423 2.25342 
-18.22928 77.67104 1.249461 
-33.7629 -3.506016 18.84595 
15.75552 78.85056 1.188738 
-17.51114 79.72117 1.973622 
-14.11643 82.22893 3.046722 
17.17408 -22.39304 24.05682 
30.67486 -24.51268 23.89482 
-18.08269 -6.793429 16.43373 
-38.96323 -53.8518 1.635457 
-37.96942 52.38872 8.479435 
-55.29464 -52.69072 1.982848 
12.93523 -6.751186 15.68987 
29.73814 -49.94316 2.145511 
-35.36046 -2.83687 17.67456 
38.01954 52.40028 9.874377 
-45.35144 -46.54433 3.150083 
-3.154742 -10.61546 55.75793 
-42.3323 -45.7413 2.515497 
-34.47266 -46.19286 0.9830769 
-29.86256 -27.74674 1.944943 
-33.92765 -25.48169 1.535727 
-30.27839 -25.68605 2.001806 
-27.91687 -26.24002 2.144352 
-32.25184 -25.69882 2.362489 
-31.81815 -24.31604 2.128232 
-25.52767 -24.02645 1.895455 
-39.415 -22.52433 1.398726 
24.77929 -18.80357 23.80495 
-40.02436 -20.94296 2.702315 
10.40525 -2.861977 15.92309 
-25.50586 -22.56905 1.921533 
26.41433 -19.41545 24.6549 
24.63606 -20.46127 2.489357 
27.35093 -20.49375 2.223244 
-23.02166 -1.337687 23.67127 
22.95524 -20.4101 3.13056 
-36.55866 55.22064 10.01176 
-24.53609 -0.3661686 23.73873 
-27.75544 -16.79681 1.989233 
21.56797 -15.71062 1.607912 
-38.22571 56.92993 8.616769 
-41.17574 -14.39982 3.356626 
-36.15231 57.93988 9.975954 
38.80429 56.932 8.938664 
33.72657 -14.40586 0.891315 
-26.79718 -12.44248 2.853988 
-28.77171 -12.08982 1.098909 
11.73823 -2.803064 18.07072 
21.11675 -1.163027 23.53944 
-27.47499 -9.801214 0.6899155 
-41.44032 -6.90524 2.452622 
-24.55061 -39.10717 19.9835 
-22.3542 -5.361516 1.921042 
-20.28126 -3.438427 2.490519 
5.049649 14.25687 28.31816 
16.5349 -0.4248623 23.73174 
-26.06468 0.2440412 23.9925 
-1.804867 5.009201 3.064779 
-18.38954 0.09260271 23.83125 
30.3871 6.301299 2.792607 
-33.3831 9.10982 1.858512 
16.55628 1.486409 23.79656 
20.50697 -34.53696 29.65628 
32.45512 4.809371 15.26017 
1.440031 4.823712 16.75944 
-29.85233 10.61452 1.512175 
25.74179 2.060129 23.54202 
24.04065 12.05841 2.192384 
21.73476 12.50933 2.200851 
17.40461 40.90986 28.33723 
-4.972893 47.17584 38.11832 
20.19558 13.48108 1.789463 
18.35223 14.7902 2.505484 
33.1128 63.72941 8.84283 
-23.346 -37.59829 18.0272 
-29.45641 64.65402 10.75691 
-12.92347 -1.543132 18.54625 
10.96264 25.29164 0.7286264 
12.6637 27.87469 1.730036 
-14.1683 28.87923 0.7219701 
15.19328 33.77664 -0.04565617 
-35.26691 11.28781 16.12013 
19.75903 36.82805 2.448838 
30.66255 10.71825 15.73368 
20.88295 40.4411 1.940024 
-24.85392 41.61849 2.848437 
26.81474 67.41934 9.923701 
-2.982036 -5.861941 39.77448 
-26.27258 44.20174 2.437176 
28.69006 44.8712 1.684245 
35.92739 45.69734 2.905095 
-38.76664 47.55597 2.345204 
-40.73945 49.51641 3.04544 
-42.57931 51.57729 2.133467 
-28.71426 69.11102 9.420836 
1.314825 5.278468 22.83132 
25.8599 14.99043 16.53079 
-27.48837 71.26675 9.323443 
11.91858 4.889359 23.77163 
-44.02132 57.74428 2.01036 
-43.6935 59.89934 1.29486 
-32.2621 15.6571 16.06627 
23.2958 67.95218 1.597049 
24.66146 70.59973 9.596943 
-27.98796 71.40008 4.294475 
22.43575 71.5482 2.564764 
-26.25292 72.49754 2.071688 
-24.54391 72.943 2.034302 
21.35571 72.53869 1.404107 
31.91425 -0.07276732 17.19122 
11.97227 80.74702 27.32342 
18.31897 75.65227 2.024575 
-26.82126 18.46002 17.18312 
16.76136 76.24696 2.475966 
-23.95043 -40.5379 18.2748 
-13.80345 70.0518 34.25888 
-26.29331 72.74797 8.822079 
-30.24748 5.906122 23.94245 
11.57808 83.89672 2.164378 
10.55208 84.24081 1.466672 
-10.68133 86.59023 0.8859586 
6.238909 67.1825 37.76285 
7.693703 87.44183 0.4394267 
31.4209 -53.629 2.219949 
-22.36135 25.28757 15.77139 
9.43299 1.369436 18.15093 
28.89769 -51.07556 2.451121 
22.08718 -51.81713 2.772664 
4.178193 55.12109 38.99249 
28.42796 -51.32248 -0.8679376 
-33.10226 -48.77542 2.591125 
-20.56206 30.36457 14.08461 
4.387513 6.653091 24.99711 
30.05203 -47.40589 3.587628 
-40.33968 -46.74619 2.749329 
-38.41439 -44.92902 3.065422 
-30.62105 -29.27427 2.884924 
-28.61387 -28.73467 2.741466 
7.275615 7.299241 24.86714 
-31.31899 -27.60247 2.60612 
18.50085 35.90915 17.11353 
-36.19362 -25.05131 1.965869 
-27.28251 -24.10014 1.734462 
-21.02191 77.14721 8.564879 
-37.31168 -23.35561 1.896655 
27.32267 -22.41533 2.285333 
24.44724 -22.16569 2.190203 
26.66435 -21.07061 2.539181 
-8.647531 8.608243 23.83849 
-40.20212 -18.35987 2.187298 
-24.8025 65.68771 25.47825 
9.905725 81.61085 27.74833 
-27.24672 44.77902 15.32661 
22.97749 8.662101 23.80499 
-41.77199 -12.89765 3.583363 
-25.98862 -10.73844 2.927997 
-16.48466 29.18172 26.46145 
6.828033 75.64679 33.23074 
-28.86007 9.929955 23.7379 
24.26044 46.4881 14.77185 
-41.56861 -8.700728 3.868365 
14.99101 -7.467291 3.511455 
-28.84678 52.43989 16.27261 
33.87752 -4.45815 3.196037 
22.02036 10.00222 23.75944 
-39.95604 -2.682793 2.201344 
-39.14201 1.058195 1.917569 
-38.33888 2.778165 2.975787 
20.71939 9.830332 24.4731 
9.896192 5.418025 2.110396 
-13.44749 5.521925 2.806358 
9.898131 6.305576 1.914831 
30.88375 4.557845 2.607752 
-10.77314 8.131257 2.348084 
-3.557624 -5.614336 44.0317 
4.922806 76.21418 33.909 
28.99882 8.566671 3.042586 
4.406875 7.718635 2.451442 
-1.303249 -5.588121 54.30832 
-4.326874 78.10009 34.15415 
22.57061 66.39555 25.34442 
17.6496 13.77748 23.83908 
-28.06199 12.33558 2.758028 
-24.95243 14.05598 2.98884 
-27.04874 63.51936 24.72759 
11.15708 60.16238 37.20805 
17.1993 18.435 2.13587 
-17.78697 17.35669 0.9699849 
16.81229 15.40836 23.70407 
13.85298 20.71459 1.878489 
-30.46004 62.78399 15.14552 
-23.01998 15.62154 23.84696 
14.92926 32.74733 26.58324 
-14.94226 25.52429 1.51787 
21.23901 -42.25567 29.26506 
16.48819 35.1212 2.095865 
20.07702 38.64753 2.667102 
21.42573 39.80994 3.265716 
22.59361 42.42511 3.073389 
29.77351 9.652045 18.5029 
25.83348 67.52662 16.31496 
24.49594 44.09206 2.772335 
27.94298 44.71433 4.114446 
7.375159 82.37315 28.43129 
-36.72058 46.92499 3.877128 
42.2174 47.47061 2.692438 
-27.04256 71.39634 16.77104 
-8.187519 82.27491 29.00734 
-42.30146 60.26719 2.329422 
-5.732015 68.65701 36.64362 
13.36261 21.66008 24.56622 
-34.99427 66.08214 2.495589 
-23.86152 68.46972 24.94883 
-19.04765 23.19822 23.24909 
-28.12905 66.35562 2.306932 
-19.43289 24.8863 22.10063 
26.07092 67.80645 3.094425 
20.18718 78.19793 15.80173 
-21.4525 78.79331 15.75286 
-3.312305 -7.8641 52.47051 
20.4966 74.07622 1.778026 
18.50831 79.61211 15.57563 
-4.694859 -3.314116 35.89416 
15.6163 78.23584 2.41744 
-16.72591 80.50427 2.827449 
-15.55549 80.70651 1.783702 
13.08115 82.61493 2.244168 
-7.614359 11.86905 27.86729 
-5.384139 89.84072 2.957691 
2.219312 89.75731 4.090168 
-41.50235 -53.6905 3.116286 
-47.69102 -52.89539 3.937567 
-46.58425 -53.42294 2.971967 
26.2313 -52.38821 3.043596 
-52.42929 -51.96119 3.431279 
-53.8129 -51.05723 2.561123 
19.95701 -53.50635 11.16556 
-55.40219 -51.00661 2.460115 
3.01621 0.1062129 34.54738 
-17.05705 31.95592 25.41456 
-54.56359 -50.4975 2.532227 
-47.82722 -49.68135 3.43056 
3.332639 3.186011 32.09031 
34.81183 -49.26572 2.502886 
14.72182 83.93636 14.39609 
6.320597 68.69401 36.27515 
-16.22477 84.144 16.21049 
-46.3362 -47.71988 3.77637 
-17.14742 35.57703 24.60069 
-43.83094 -46.27186 2.632003 
-36.11734 -45.43863 2.099747 
-37.17583 -44.84607 3.685365 
11.30238 84.84262 15.86604 
36.96149 -53.84935 9.86048 
-36.41214 -27.19905 2.792317 
-34.71486 -26.71719 2.768162 
16.9503 38.64849 24.13842 
-25.63674 -25.56015 2.600887 
-37.98845 -25.22426 2.425828 
-38.91623 -23.77882 2.837844 
-9.507148 87.58347 16.04271 
12.93836 35.90402 26.97327 
24.99912 -23.16719 2.681081 
25.84691 -22.73326 2.621695 
-0.1416638 56.89013 38.91959 
-33.87 -53.12463 9.370823 
-20.63069 40.654 23.36758 
-23.90647 -21.1813 3.179924 
-25.43359 -18.9143 2.960729 
-6.3908 88.69476 16.20432 
33.79434 -17.60653 3.709932 
-28.13382 -15.48497 2.233627 
-27.98494 -14.2286 1.720025 
21.48548 43.85306 24.13317 
-23.64744 44.05077 23.0516 
19.65442 -13.4898 2.453994 
17.00752 -10.19121 2.724788 
-1.200027 89.17272 16.27032 
-24.45554 -7.320116 1.394216 
33.08478 -7.216333 1.541259 
-17.13757 40.23832 27.53383 
-2.793931 38.51655 33.50054 
34.07966 -2.773562 3.402118 
-3.209464 40.79004 34.39085 
12.86173 37.96309 27.11242 
11.20473 0.1386086 2.581426 
21.36469 -33.50551 29.35069 
-35.62065 6.48243 18.37955 
23.24678 48.50925 23.40243 
-0.2396967 5.852418 2.274827 
23.74058 51.00831 24.00192 
19.8834 -52.8699 16.90212 
-36.33702 5.997118 2.983072 
-26.29062 51.85043 24.37726 
1.739096 8.239927 2.534204 
27.59405 -15.97866 18.55087 
-30.08904 12.48289 3.41705 
22.97755 13.29295 3.124444 
-27.24217 13.61374 3.277868 
21.35567 13.77066 2.672244 
19.49581 -53.55052 29.0806 
-21.44049 16.62641 2.641685 
18.98092 16.8669 3.100975 
-20.22326 20.46391 3.435962 
37.4872 -51.21568 6.39669 
-28.79293 -48.84893 9.528276 
18.54546 34.32189 4.392002 
-21.55331 37.11682 2.046699 
35.15726 -49.71325 15.81751 
32.42507 44.50359 2.812478 
-33.56483 45.9786 3.607058 
44.3047 48.70679 2.98492 
24.27262 64.69991 23.2394 
-43.2354 54.78825 2.966096 
45.75639 56.19757 3.983442 
43.544 62.61304 1.033931 
44.64005 61.2448 2.174986 
-41.04714 62.38083 3.486624 
-4.821886 6.51828 17.3732 
-37.42751 64.99326 2.475452 
-6.976584 41.25279 33.72668 
20.9891 -44.87077 10.67868 
-33.58856 65.68793 3.064249 
-27.95899 68.51025 2.098308 
25.23165 70.10503 3.076676 
-6.203334 -5.866441 50.78998 
-28.63313 -46.97865 9.248812 
1.127071 43.48643 34.53391 
19.78513 -46.59425 9.773112 
16.22987 77.59104 3.000031 
14.95435 78.92075 3.063653 
12.28286 82.90034 3.862947 
31.65788 -46.42463 10.58627 
10.98173 83.94909 3.638776 
-10.81937 86.23664 2.916809 
10.23477 85.9907 2.516609 
-9.772282 88.1452 2.743146 
-43.13711 -53.49376 2.986902 
22.60629 -53.04909 3.45647 
-55.92997 -52.81541 3.13574 
-23.39836 71.76727 23.77567 
28.06891 -50.84254 1.590085 
27.86002 -50.63928 2.929248 
8.433389 42.45405 34.37031 
21.98841 -49.17609 2.972872 
-28.85131 -45.1633 9.102811 
24.11078 -47.55631 2.945908 
32.21102 -47.34185 2.61369 
27.85689 -40.06903 15.73616 
-41.32804 -45.4353 3.16173 
-39.36512 -45.65287 3.389385 
-31.68077 -30.91513 3.032796 
-28.6653 -30.29401 3.194937 
-26.13686 -28.89891 3.606158 
-31.27925 -28.49152 2.947268 
-37.89369 -27.81225 3.87202 
-41.24448 -30.99962 17.16043 
30.78299 4.187996 18.47149 
28.29181 -25.20172 3.28988 
-23.15693 -25.24529 4.107602 
25.30192 -24.49489 2.854008 
26.55581 -24.4472 3.237514 
29.13108 -38.84851 16.36113 
-39.42809 -39.36354 16.59333 
-23.23964 -23.75553 3.610752 
-39.83264 -38.18505 16.78949 
-23.3077 -38.64972 17.14754 
22.43085 -22.57401 3.284161 
-40.8486 -21.87045 3.974569 
22.61245 -21.63914 3.080947 
-4.559565 6.818155 18.90246 
-41.98531 -20.09088 3.060744 
26.87482 -43.9706 9.049752 
-22.3344 -36.95671 15.79397 
-14.92486 80.62318 25.01728 
-44.41239 -44.26521 9.182228 
34.02744 -16.65737 3.723995 
-26.36441 -14.61424 3.792586 
34.37087 -13.19638 3.42991 
-41.91757 -11.59715 3.734939 
29.48147 7.737556 18.76296 
33.09108 -10.93703 4.100411 
32.56974 -9.945802 2.765281 
-25.23473 -8.122416 1.533317 
13.5523 66.04907 35.1158 
-21.94256 -7.064783 4.112693 
30.46979 -34.71647 16.82228 
12.89021 -32.99072 16.53749 
31.4476 -33.35458 17.20655 
12.30002 -3.60745 4.00977 
-1.366451 57.59236 39.3175 
3.808211 44.36563 34.44356 
-29.06458 -41.61768 9.312976 
-16.37218 0.7505397 3.283461 
10.64834 -0.9205178 4.098505 
-39.60334 -0.573624 2.927088 
5.699359 84.69168 23.86785 
-22.55861 -32.05991 17.06815 
-14.54623 3.269721 3.588384 
32.15054 3.386781 3.566452 
-13.20766 4.902549 3.845704 
32.73826 -30.25739 16.23955 
10.81547 45.4729 34.46802 
-9.838647 7.731572 3.019507 
13.19654 -52.35635 28.79596 
-6.636194 7.982541 2.488122 
-34.42999 9.211584 3.662758 
-41.31352 -25.93813 17.31769 
33.06711 -27.19954 16.28732 
27.04201 9.259442 2.809215 
26.40704 10.5082 2.83985 
4.054462 86.24631 24.09218 
0.6998003 86.21684 24.96238 
20.2849 15.74267 4.402556 
-27.70317 -53.58021 24.4155 
24.14673 -53.57212 24.53354 
33.2645 -21.52579 16.38047 
-27.17941 -53.05065 25.25466 
15.05234 28.45892 5.430247 
-5.683427 -3.647688 42.80408 
28.84396 -3.989385 19.49404 
-33.35808 -53.02707 24.14318 
34.29447 44.90393 3.99242 
41.14697 46.97869 3.159784 
45.03087 50.50219 3.219817 
12.90168 48.80136 34.37754 
45.60818 54.35298 2.740041 
-42.75566 57.65326 3.229738 
-23.83613 -34.99639 8.679379 
32.96355 -29.56498 18.57082 
-23.7845 -51.66875 24.99439 
-23.49213 -35.54002 10.21638 
-40.06545 -33.42016 8.630737 
40.23444 62.25224 2.962517 
-39.72063 -16.10199 16.33377 
-28.86233 69.23464 4.108407 
25.42465 -34.90419 10.2862 
29.47097 -16.14731 17.16944 
-11.77387 79.96596 29.12141 
-19.14657 77.13071 2.861693 
14.21947 80.21602 2.986351 
12.89515 81.50187 3.917777 
-32.72247 -49.47193 24.49615 
-18.28821 50.65519 33.96457 
-12.29928 85.1441 3.188576 
9.548882 86.35891 4.530504 
4.283208 88.6439 3.202838 
-3.967246 89.49441 2.63444 
-38.43975 -53.22076 3.531178 
21.14088 -33.71554 10.06601 
20.42436 -50.61632 3.507201 
21.49259 -51.66648 3.189997 
27.74394 -51.41412 3.25792 
-32.48508 -50.81448 3.361799 
35.01556 -52.547 3.091246 
-31.72411 -49.65964 4.085739 
-54.62357 -49.75474 3.300487 
19.51735 -48.86784 4.891045 
-52.22436 -48.69511 4.036526 
1.520601 -2.443772 43.74255 
-34.6278 -12.96338 15.83792 
-33.25242 -46.85692 3.167657 
21.15889 -47.51207 3.845092 
24.46214 -46.99327 4.122028 
25.47662 -47.72625 3.894219 
33.55402 -47.74437 2.54041 
27.5743 12.5016 18.0849 
-0.1497706 -4.051629 50.73984 
-32.32114 -30.45038 3.168679 
-37.57229 -29.87774 3.870101 
-30.55329 -11.95746 16.5237 
27.73675 -46.93293 24.22389 
-35.05274 -28.58262 3.158937 
-33.3219 -29.30475 3.937685 
-19.24963 55.65936 34.35257 
-32.98586 -28.37593 3.628977 
9.196073 83.53429 25.03713 
-32.28656 13.33609 19.04829 
-29.38315 -11.4979 16.09559 
-18.27103 57.28574 34.29453 
-39.96544 -22.91543 3.609876 
-40.88396 -23.33769 4.135314 
16.52736 57.52457 34.05399 
24.09816 -45.98102 27.76891 
28.92535 -20.978 3.081291 
31.18481 -20.78093 4.785614 
-41.93439 -18.4673 3.970399 
-33.0228 -11.36907 16.41276 
-25.08684 -17.27913 3.72861 
-26.30486 -15.90155 4.076424 
-5.783154 -2.689012 52.53062 
34.35014 -14.67274 3.957553 
-28.06104 -10.90689 16.08402 
32.93073 -9.890284 3.709826 
-24.63639 -9.239378 2.838926 
17.01913 -31.75811 9.700984 
-32.53022 -9.961164 16.19802 
33.89406 -6.53268 2.760316 
13.82639 -5.522344 4.005418 
-18.68209 -4.593751 5.195084 
16.05772 -10.6809 17.23239 
-40.78062 -2.73113 4.517324 
30.38599 -34.19748 24.22338 
33.75591 -0.4487458 3.824584 
29.40704 -32.08433 9.890522 
14.16921 -32.74419 24.57812 
32.85139 0.4211196 3.499243 
-14.49817 2.79103 4.042337 
9.396277 1.767417 3.675629 
31.22227 -30.08176 23.78942 
8.135009 4.811305 3.488426 
6.371903 5.734884 2.752095 
-40.56298 -30.55626 9.338174 
1.71958 6.89302 4.105918 
13.26403 -50.06702 30.02299 
9.839886 13.69505 26.97883 
-7.766837 6.859783 4.906168 
-2.543693 -2.538384 53.08646 
22.68941 52.32178 27.07533 
-35.75122 -6.869301 16.37081 
16.86213 -26.6293 25.37731 
-32.95704 10.03351 3.927533 
-31.98524 11.2665 3.262543 
-26.05823 14.588 3.792227 
16.55801 -24.78466 24.8333 
19.08698 14.93929 2.954428 
-23.61907 15.57034 4.250985 
30.64088 -45.16802 11.71154 
17.19601 21.08571 3.594868 
-17.44075 21.03891 3.207253 
14.27407 24.05271 3.776867 
12.32791 24.40625 2.031121 
-15.3585 29.41377 2.216681 
-25.03235 54.63377 26.52346 
16.1007 31.75326 4.540957 
16.68588 44.18982 29.98857 
1.225474 59.30511 38.82125 
18.47848 -21.07429 24.15264 
19.21977 34.87888 4.143074 
-12.21813 69.45676 35.16864 
-41.13505 -26.61889 10.31886 
-40.8911 -24.35835 18.23957 
-25.47523 43.09891 4.700496 
-14.15136 -3.621759 16.54297 
19.94257 -44.57997 29.11391 
-30.62535 46.3547 3.388436 
41.6746 48.55542 4.50281 
1.918695 58.66876 38.82928 
3.898015 58.95688 38.6739 
44.80934 49.88947 4.405282 
21.84234 -44.43882 28.40925 
3.741071 60.08978 39.19941 
22.75727 -20.0464 24.86377 
-41.76237 60.47161 3.487111 
41.77792 62.02727 2.939717 
-5.075837 59.19617 38.51068 
32.09763 -1.752034 16.09119 
-23.18194 56.37287 28.32199 
-11.65023 0.1325327 16.95932 
-30.73104 65.25278 4.179675 
-30.27617 -50.14691 7.448435 
29.14412 65.44869 3.698191 
-28.2131 66.02369 4.164261 
-28.73079 70.3811 3.310736 
-21.41767 75.62791 3.880709 
17.20823 76.1791 3.670767 
20.89871 0.1187418 24.28674 
-16.10581 81.72668 3.566701 
6.224331 2.186217 14.85842 
10.69412 85.27582 4.146554 
5.563139 88.74075 3.76675 
-5.796123 89.17387 4.510187 
32.22171 3.314511 16.12476 
-47.52524 -52.91319 5.887165 
-31.84428 -52.5635 3.966991 
-54.82762 -52.97183 3.045037 
-54.2614 -52.16183 5.446179 
-48.43839 -51.45717 4.510119 
-55.59914 -51.2347 3.40608 
28.11879 -49.87024 4.017097 
9.787349 67.1144 35.97742 
-50.16731 -49.10775 4.467754 
26.63389 -49.02077 3.836823 
32.87165 -47.35088 4.468375 
-18.5416 2.322795 24.18396 
22.83574 -47.16364 3.726417 
-34.51352 -45.88354 3.169567 
-29.96687 -32.18118 3.915267 
9.010573 15.13362 26.7588 
-28.61806 -31.53422 3.983132 
-38.61765 -29.70889 4.533276 
-36.24195 -29.19514 3.922247 
33.41701 -25.37771 18.21959 
-38.4923 -27.35557 4.43292 
-25.26039 -27.10234 2.953906 
25.82134 -27.61088 4.130764 
26.66447 -26.01204 4.077242 
-39.16801 -25.83212 4.092557 
23.85441 -25.21698 3.773732 
-41.70479 -20.19838 11.14882 
22.22882 -24.32338 3.276489 
27.85955 -23.48369 3.182627 
24.71363 -44.12447 9.98829 
23.02942 63.36917 26.12408 
15.5435 2.784997 24.30203 
-41.83581 -20.90658 4.983963 
21.26648 -21.64272 3.965257 
21.70351 -20.26923 4.022965 
32.5301 -19.64437 3.890573 
25.8192 -22.59324 26.17 
23.07803 -42.53942 28.51979 
19.72204 -17.65278 4.77963 
33.27244 -16.88364 5.644526 
-16.32609 2.870099 24.2522 
-13.99013 4.359418 23.95567 
33.26972 -12.84087 5.494892 
-2.53987 5.294083 22.93195 
-40.88397 -6.685372 3.500739 
28.06657 13.50128 15.80523 
34.83422 -4.142208 5.062239 
-40.66846 -0.4234053 4.726635 
16.64512 -17.49294 10.18674 
24.86818 4.719176 24.01072 
-1.674224 -5.491033 37.05461 
33.02384 -17.28586 8.7236 
16.34047 -43.21565 28.3421 
-38.64402 4.636352 3.57787 
10.05457 73.563 34.16206 
-23.70347 21.73475 17.16736 
16.3953 -16.79799 10.79062 
0.4672136 6.243784 4.852938 
2.732297 4.832209 25.27578 
-2.228781 -7.71542 52.84885 
-5.935166 75.57388 34.18745 
26.47728 13.36069 4.998887 
-29.8492 13.27921 5.293817 
22.08526 15.2171 4.165906 
20.51416 18.73335 5.47367 
-3.778337 76.65382 34.52222 
13.64464 6.5655 24.72811 
-17.65026 23.35549 3.891853 
-15.86963 28.40967 3.353321 
-17.08579 29.94566 5.117246 
-20.89592 27.90222 15.56172 
17.89559 28.61636 16.79112 
-17.88243 30.88492 4.149413 
-20.0412 35.32101 4.205474 
-22.24577 37.3614 4.427496 
24.27158 5.941661 24.14748 
-24.68624 40.82174 4.520418 
28.87637 -44.34249 10.18496 
-34.4172 46.81903 5.399338 
-29.01515 46.1977 3.690054 
38.54718 46.48634 4.564032 
43.80267 48.75598 4.277991 
42.97507 49.2725 4.296061 
-20.98637 37.45042 16.73281 
45.10035 51.53723 4.306671 
5.656302 7.560553 25.10494 
-41.49702 57.33189 5.153435 
24.41259 7.195299 23.95424 
-28.24851 8.024573 24.80432 
-23.83746 -31.71095 19.31881 
-10.12658 8.597717 24.82645 
-42.34313 -43.38956 10.9655 
37.32396 62.57569 5.097768 
5.213974 77.68259 33.64387 
33.31648 -23.37623 17.84447 
-25.89623 42.22781 16.50885 
14.29005 -10.31005 10.42284 
22.91062 71.64718 4.039421 
-13.26044 60.2099 37.27174 
12.73759 -33.72363 19.85831 
-20.67841 77.02238 5.438831 
23.06921 7.32758 24.82509 
-17.7393 79.57291 4.394524 
15.05539 80.35794 3.962664 
-13.48782 83.60069 2.82194 
-40.85883 -9.329407 8.126194 
-9.894335 87.28809 3.864854 
-0.7158595 78.34738 34.21057 
4.80911 88.32901 4.916774 
-1.697138 59.21154 38.88155 
-27.77703 50.92424 17.05485 
3.271601 89.49052 3.453803 
-3.200385 89.43314 4.8355 
20.74757 -53.35124 4.504163 
31.77023 -53.75842 3.254882 
-41.05656 -53.0851 5.363763 
24.78346 -52.94456 2.049199 
17.08359 10.42581 24.20839 
34.771 -52.39724 4.880062 
-49.18071 -51.75746 5.500949 
-54.24288 -50.00138 5.263322 
-20.90784 25.97108 18.78757 
19.7712 -47.59513 5.076413 
33.43272 -21.81008 18.49189 
-27.53141 9.65494 24.52146 
22.08256 -45.93188 4.738131 
24.33529 -46.31315 4.524678 
-29.17824 55.06932 16.79658 
-39.38814 -43.82495 5.818883 
-40.22569 -44.53608 3.824336 
19.16466 -11.46292 18.80857 
-32.40302 -34.04816 4.488613 
-31.10922 -33.47228 4.582744 
-29.17685 -33.26993 4.504859 
-26.44844 -31.76942 4.485583 
-31.65174 -32.39524 4.351928 
-18.9577 -6.967979 9.415186 
-25.53954 12.08577 24.16501 
-2.129009 -8.393381 56.04245 
-35.48931 -30.38786 4.596094 
-33.70484 -30.75439 4.76872 
-37.80717 -30.83311 5.552423 
-39.13822 -28.09052 4.999195 
-23.98933 13.53924 23.96827 
-40.56402 -27.46069 5.175754 
-24.03685 -26.15501 3.811998 
-41.18782 -26.21166 5.330176 
-40.49415 -24.62322 4.714174 
21.78012 -26.29859 5.065055 
16.37895 12.78965 24.62188 
20.85709 -23.56654 4.608341 
-29.20716 61.89171 17.17316 
29.55032 -22.30364 3.583148 
-21.78608 -22.37895 5.443291 
-20.88308 29.09623 16.5176 
-42.7483 -16.4347 4.185312 
25.6259 64.02749 17.4572 
-25.21472 -13.86571 5.723083 
17.16179 -11.06584 4.481318 
-29.39973 66.66227 15.24082 
-41.71528 -10.23607 5.5455 
-19.79086 19.93199 23.49407 
15.0881 19.6385 24.61689 
-28.31556 69.87955 15.12869 
24.50764 71.6162 16.15509 
-16.03593 -4.188908 10.10419 
7.211918 83.73092 26.21846 
-25.71638 72.56574 16.32693 
-25.35229 74.25236 15.92931 
32.81596 4.799217 5.535748 
-24.52083 75.63417 15.54426 
-37.34792 6.162246 4.122694 
-12.32244 82.44003 25.69189 
-4.071531 5.612822 2.863408 
22.02096 75.92058 16.06938 
-33.3904 -15.93339 19.52187 
28.92916 9.691958 4.534511 
28.02781 11.39744 4.560372 
-32.51484 11.32119 4.345992 
-31.27514 12.66558 5.11313 
24.226 13.43143 4.189501 
-3.901452 5.742923 34.61981 
-24.00471 16.7702 5.747496 
7.868495 69.04502 35.89169 
15.53075 81.76513 17.16691 
14.27528 83.47713 16.1445 
15.93708 29.93838 22.53676 
20.977 21.93794 11.08889 
-19.8451 34.04945 3.876445 
20.49518 38.01837 4.945353 
23.18096 42.11344 5.312645 
25.47516 44.37174 5.383829 
30.44202 44.33998 4.065495 
18.0211 73.9406 28.03012 
-0.1175597 6.431668 34.99333 
-13.28191 86.19389 16.77938 
-39.87168 50.10551 4.725959 
44.64492 50.4878 4.779391 
44.91553 59.36097 4.044449 
-16.91096 36.96616 25.32315 
42.44614 59.55972 4.983381 
-41.12669 59.85378 4.813221 
16.6638 37.43815 23.18917 
35.45231 64.01054 4.379485 
30.12902 64.98207 3.820301 
3.423728 88.49255 15.94833 
-40.06824 1.299318 9.808242 
20.7266 39.33742 23.29896 
-27.17266 71.97536 4.741597 
22.17782 72.87321 3.394857 
-18.75583 78.1839 2.851331 
-3.788193 88.93988 16.34839 
33.86797 4.150635 11.15164 
-15.46608 82.16363 5.191131 
-9.823978 2.47749 10.16289 
0.5740545 88.8399 16.1273 
-14.96071 83.49756 5.162828 
12.13929 84.80595 5.108311 
-23.44157 41.47179 23.69416 
5.498278 84.38604 26.15093 
-11.2939 87.20126 4.661705 
-24.10787 42.42179 23.56042 
6.918279 88.38654 3.836589 
7.138905 87.72954 4.971084 
-23.11229 42.35786 25.32677 
-0.4398064 59.92486 38.54711 
-28.22029 -53.55799 15.53636 
2.916858 89.26638 5.252498 
-26.49137 -53.76184 16.04568 
-34.6016 -53.78556 3.507838 
29.47415 -53.54763 4.109153 
26.48796 -53.27207 5.089859 
-39.54484 3.97119 10.13396 
-36.01152 -4.188443 17.02211 
-31.68617 -51.1865 5.526212 
-31.58375 -50.0204 5.594731 
-41.12325 -53.52237 16.00354 
34.20539 3.445269 9.574286 
27.73857 -47.98445 5.127344 
-24.40602 48.1833 24.6207 
30.82662 -46.40103 4.833838 
20.65784 -46.00259 5.040084 
-43.67984 -45.35554 4.21805 
-39.0053 -45.10676 4.590248 
-35.63647 -44.5627 4.847549 
-37.95254 -44.42064 5.249938 
-42.39447 -44.28815 4.641159 
-31.61416 -35.59595 5.542128 
-28.03361 -34.42384 5.51904 
-25.44968 -33.28101 6.123026 
-35.36079 -32.73713 4.779034 
-33.47776 -32.98271 5.212127 
-0.9184039 41.72322 34.55626 
23.01004 52.84332 24.29192 
-23.88645 -29.13985 4.826344 
24.48351 -27.4542 4.737207 
23.33018 -27.44842 5.32957 
27.18321 -27.67161 5.195781 
21.43796 -25.07145 4.929474 
19.21917 -8.646393 20.23242 
19.15923 -22.99693 5.389393 
19.77537 -21.87743 4.235878 
-41.10486 -23.46441 4.998556 
1.646063 4.096222 11.75528 
34.78656 -50.57211 16.74055 
32.48653 -19.51037 4.817605 
-42.55788 -17.76882 5.455548 
-24.22066 -17.53238 5.461531 
18.54524 -15.02953 4.782225 
-5.870433 43.22569 34.57013 
26.20751 -35.16237 28.43421 
18.93503 -49.72971 6.902083 
34.13132 -8.449855 4.89735 
18.5999 -34.78603 28.81967 
-41.02182 -3.645859 5.904424 
-8.611201 69.90332 35.92331 
-0.2072714 61.99809 38.86595 
-12.55373 2.562718 6.205376 
33.52046 1.805291 4.514897 
-39.50854 2.100996 4.191679 
7.787186 4.194521 4.847608 
-39.04913 5.139105 6.126434 
31.92646 6.363986 5.107446 
-5.652204 16.29452 29.8657 
-37.8991 6.436635 5.457882 
-36.48641 7.936712 4.10217 
6.674929 84.19233 24.54122 
25.18333 14.49574 5.291673 
21.77553 67.90692 24.43153 
21.74303 16.38397 5.665032 
31.409 -46.16154 16.8896 
-22.62497 19.06867 4.639953 
-0.3194568 -5.83145 51.36992 
16.62461 -44.94662 15.65323 
-18.42707 22.24222 4.542819 
-16.90565 27.01081 4.658754 
15.90399 29.96419 5.578594 
-3.1219 6.202638 10.71616 
-19.9643 33.05749 6.391704 
16.80585 34.43254 4.486668 
-21.89234 72.44726 24.24564 
19.11863 36.96313 4.227987 
22.86424 39.92286 18.21053 
-30.16109 46.75799 6.165766 
16.80771 -41.31099 17.31616 
40.04581 47.96134 4.267512 
27.36234 15.39752 10.26519 
43.62252 50.72676 5.068204 
45.50061 53.47391 4.936077 
45.10841 57.3042 4.819582 
-15.08403 60.70461 36.63742 
-39.43402 61.86304 4.842538 
-17.47416 78.00974 25.38006 
-29.88538 16.52196 10.75284 
-36.91756 64.68833 4.651879 
16.21991 -40.17925 16.26862 
-35.54971 64.43179 5.143086 
-33.97657 64.44076 5.921439 
31.66813 64.87263 3.549521 
32.6092 64.87021 5.884622 
-28.88186 65.51704 5.434332 
30.21152 65.4118 7.214754 
-28.36357 67.92415 4.468937 
-28.79129 69.71871 4.783205 
24.42381 71.11882 5.009374 
2.672881 45.48066 34.85841 
-23.42764 73.74521 5.122471 
23.14771 40.67982 19.33754 
18.73864 75.84653 3.674153 
24.43044 17.10927 10.46747 
-20.29977 75.94746 4.422297 
4.141453 84.76258 25.30196 
-16.89878 81.31331 5.400741 
-15.79465 82.20285 6.400007 
25.01105 -33.59428 28.77235 
13.95964 81.17174 24.34946 
-40.22508 -35.34065 16.87361 
-23.05042 -36.42483 16.83987 
9.287693 44.65281 34.11162 
-1.509123 89.99722 6.105771 
-1.451814 89.55914 5.193397 
0.6960651 89.49631 5.262481 
-44.24102 -53.5061 4.696943 
-32.91014 -53.91127 6.701934 
-31.68273 -53.2303 5.757555 
20.46005 -53.59727 7.457057 
23.88448 -53.55677 5.1199 
19.79961 -52.95755 5.153517 
39.88768 -52.49884 5.059553 
-12.87652 45.19062 34.83792 
-11.53997 84.04145 23.93446 
-31.96141 -48.85012 5.510909 
32.03734 -47.50728 6.515244 
-52.14859 -48.29149 5.542701 
-9.747776 84.45501 23.55004 
27.05654 -48.6468 4.582561 
-32.83214 -46.31717 5.054869 
-8.048719 84.26634 24.42023 
24.7507 -45.92792 5.426983 
24.31679 -44.73642 6.164166 
-28.01865 -36.09917 6.122305 
-39.26212 -41.6953 11.08556 
12.25857 -29.95157 17.1793 
-22.42924 -30.04723 17.30784 
-33.73395 -34.00723 5.86353 
-36.52513 -33.39614 6.314824 
-36.56435 -30.95077 5.090717 
-38.63121 -30.08233 6.126628 
-41.28777 -27.99851 16.91415 
-4.140205 85.99964 24.87775 
17.2652 26.73957 10.86775 
29.94684 -24.26849 4.958065 
-21.80544 -23.90439 5.723328 
23.47803 -31.57473 28.79527 
-29.30897 -53.52948 24.71039 
25.65362 -21.03841 25.52007 
-14.95645 46.34901 34.96698 
31.86137 -21.03105 5.88008 
9.22567 70.52544 35.71551 
-23.13781 -19.76481 4.651986 
13.20482 -24.4562 18.79563 
20.27025 -19.97432 5.002231 
16.94638 27.60927 10.10715 
-25.27045 -15.65252 6.556631 
-26.33872 45.05388 16.99284 
-41.42542 -22.68985 17.01122 
-19.11438 69.70921 30.73358 
35.07793 -6.108124 4.747956 
15.03966 -7.844993 5.240875 
-22.40008 -22.52474 16.72346 
-40.60186 -5.291935 4.816218 
10.77259 -1.139533 5.782989 
0.4410089 3.776484 37.47029 
32.40699 -19.84836 16.6538 
-39.82976 2.314818 6.747623 
-33.01821 -51.27024 24.58938 
-12.08525 4.396878 5.103461 
-2.931131 5.117932 3.847282 
-30.20507 -52.61203 25.54814 
-23.95564 -51.05098 24.20003 
12.44856 -50.5436 23.34352 
15.33285 -18.36869 17.03599 
25.10359 -31.25877 28.4693 
-25.85241 45.42405 21.19143 
29.3236 11.38133 6.564206 
-38.49408 -41.89058 10.3796 
-28.46377 14.47947 4.815299 
23.80371 15.59714 5.067521 
-26.95363 -41.62898 10.93582 
-31.60199 -49.48316 25.25064 
15.89218 22.37293 4.279268 
16.22274 23.57772 5.687987 
23.45308 47.84426 18.88942 
-26.61503 -17.29895 18.22421 
-18.23943 26.3889 6.851942 
-18.4248 33.30511 3.872475 
-19.82459 34.33424 6.164487 
-20.19179 35.10144 6.355659 
-37.88071 -14.72367 16.60622 
12.61902 -48.90462 25.70768 
14.34266 52.64773 34.41407 
-28.12438 45.55062 5.129255 
21.64442 40.08457 8.52066 
-31.72908 47.12238 5.796777 
39.08082 47.97084 5.896922 
40.64663 49.28598 5.505295 
43.6152 53.33789 5.675336 
44.83445 52.30698 5.267948 
44.82691 53.93973 5.476522 
-41.87056 53.85996 4.941569 
-42.23544 55.72571 4.83515 
45.18597 56.33793 5.233149 
-34.0134 -13.33898 16.25262 
-39.86413 60.03915 5.928835 
36.16341 63.16446 6.601162 
6.519242 73.88387 34.73131 
-31.10016 -13.174 16.43314 
-29.51467 -45.58624 24.60451 
-29.60569 68.56553 5.597446 
-27.52345 71.18179 5.784327 
-24.46271 73.35386 6.457656 
-21.75675 74.39386 5.368213 
20.22705 75.11894 6.301354 
17.03574 77.6621 4.122289 
14.04653 81.61272 5.70634 
14.87713 -40.95288 24.01413 
15.98085 -32.35431 26.39917 
17.06153 -11.39459 17.22042 
-4.757678 90.18278 5.870448 
-36.19514 -53.16821 5.285724 
17.75768 -41.65007 29.03475 
34.11169 -53.25399 4.158856 
29.10447 -39.16659 25.18149 
-53.03537 -52.65835 5.608538 
1.41978 -4.498503 42.13697 
34.72565 -51.25777 5.146628 
-29.4739 -10.42509 16.43266 
-48.85433 -49.99954 4.512236 
-47.97288 -48.18442 6.015432 
-4.695914 84.78536 26.90468 
-44.99202 -46.3752 5.946849 
-13.96639 44.86668 34.38848 
22.15898 -44.84417 6.093957 
27.47231 -30.45239 27.35788 
14.19945 -34.2276 24.29412 
-29.40306 -35.27885 5.269131 
-28.47663 -37.56054 7.015621 
-1.123613 84.99642 26.40697 
14.40295 -8.955442 15.42023 
30.16997 -31.74916 24.78641 
-38.15729 -31.93192 6.14946 
-24.5865 -30.60048 5.419154 
26.45557 -30.37178 5.93394 
26.11621 -28.77721 5.66305 
-23.40542 -27.47213 5.334606 
-32.89656 49.39556 9.987917 
30.40707 -28.89389 24.4659 
-28.23308 -52.82196 25.66958 
-22.47979 -26.61337 5.372066 
19.10367 -26.97138 6.091605 
-21.7098 -25.55791 5.801484 
19.50471 -25.61412 5.817242 
28.67077 -26.20881 5.264919 
31.19353 -25.11179 6.201514 
19.87809 -24.97011 5.276289 
17.65848 -24.05391 5.912139 
-28.5785 55.67207 18.16455 
6.285234 12.39559 27.60288 
17.50228 -22.03544 6.661376 
-42.61811 -21.21617 7.016742 
-4.399036 -2.306794 53.52682 
33.01679 -16.5786 6.394905 
-16.80263 -5.527393 17.58673 
-41.79866 -14.04826 5.719235 
33.11981 -14.08088 6.424912 
-24.15708 -11.10968 5.657511 
29.4984 -23.37022 25.14325 
-21.14967 -8.382519 7.34173 
23.12051 -29.62273 28.65413 
-19.19397 -6.029621 6.826089 
12.94845 -4.511712 5.679541 
22.98816 -53.65644 26.52686 
35.02438 -0.944245 6.166231 
-37.50911 -3.892308 15.97861 
25.18517 55.66196 17.98093 
15.09442 -45.7193 29.17249 
-40.6456 0.7201756 6.397976 
28.59206 -20.94792 24.78865 
7.177133 3.015692 7.293609 
20.5267 -21.2065 25.22359 
32.48241 -3.321912 15.82639 
-39.69586 3.430464 5.944833 
2.56241 6.010406 5.195283 
-9.793873 4.73271 6.85758 
-4.252672 5.947539 7.301012 
-37.1545 -2.209559 16.47416 
9.842879 60.22488 37.09605 
14.6715 -53.27474 26.52875 
30.55834 9.017694 5.548755 
-16.47008 65.76026 34.63627 
-33.55938 11.73498 5.472417 
26.19865 14.14617 6.613132 
-23.51398 0.5185875 24.52671 
-25.09813 16.65882 6.655866 
22.403 16.85917 6.356197 
-22.80198 22.17599 7.740731 
18.73117 -0.3910603 24.06635 
-21.11229 22.06014 5.721609 
18.78065 1.455782 24.68221 
-6.516792 -5.72773 54.70176 
-15.59854 -3.990514 18.10051 
16.80013 32.99919 6.519969 
-8.900424 1.899959 16.74738 
3.582443 45.83189 37.21455 
-29.50494 58.7299 18.16817 
37.14638 58.3707 10.38205 
7.438383 2.487221 17.45077 
30.68816 44.64078 6.016411 
33.37082 45.0399 5.748011 
25.20649 -53.32699 25.52258 
36.84882 46.50883 5.304013 
-35.06358 47.69313 6.145034 
-38.71987 48.50172 5.156819 
39.35625 48.69916 6.761644 
-1.893393 -6.54029 55.50701 
42.05418 50.27113 5.731563 
-4.905995 63.48898 38.96853 
10.26171 68.98688 34.78672 
18.62887 2.330059 24.82188 
-40.72956 53.19484 5.72188 
43.70274 56.5184 5.401592 
42.51027 53.5502 6.451224 
-35.77692 60.13339 9.205695 
42.73338 57.07187 6.004085 
31.07504 7.004926 17.57676 
-38.52333 62.67252 5.731561 
-37.3542 63.22789 6.248513 
-34.00014 60.89642 9.215991 
-29.40849 69.44748 5.779817 
-11.1689 70.16689 34.48073 
16.73792 3.339472 25.03848 
18.19237 75.86146 5.437843 
18.66514 76.72906 6.803741 
-18.38624 79.58973 5.964968 
-11.27376 72.08386 34.70932 
14.739 81.09702 4.716237 
-35.35831 11.01275 17.39475 
-31.83121 -14.59631 18.18006 
21.71761 2.753444 24.64507 
4.569437 89.60157 6.44813 
22.79033 -51.96961 27.7809 
-30.66871 -52.95341 7.027703 
7.530264 13.81672 26.71169 
-2.898459 4.268314 25.06343 
24.996 -53.11915 7.026446 
39.87171 -53.59429 5.664557 
35.39834 61.04609 10.29586 
28.99281 12.01755 16.94987 
19.32223 -52.83989 6.64678 
31.9636 -53.07183 7.179074 
-34.4599 12.95636 15.61145 
14.717 4.741783 24.20646 
-30.86991 -50.54322 6.420005 
39.3963 -50.23669 6.448895 
-40.43476 -28.03893 18.97474 
20.30835 -47.03434 5.874942 
24.67902 -50.54968 26.56755 
-46.55423 -47.7119 6.424371 
26.70034 -46.95261 6.267831 
31.51285 63.17836 10.48881 
29.27877 -46.64841 6.050525 
23.204 15.22409 17.67107 
23.14326 4.107032 24.64581 
26.26431 -45.86707 7.121535 
-34.35282 -44.20289 6.454428 
-37.60781 -43.39106 6.956468 
32.43092 -49.35358 7.513596 
-35.80949 -43.18375 6.899766 
0.9359708 3.183793 26.09231 
29.66374 65.52719 9.347826 
-35.46406 -34.21577 6.333067 
-3.54626 46.90409 37.23508 
-3.776188 84.47139 27.43178 
-24.19834 -32.10603 6.32429 
-38.026 -33.3524 7.264377 
24.48781 -30.11602 6.693338 
27.74569 -28.9948 6.310411 
23.79076 -29.21039 5.931576 
-39.5766 -28.93915 6.316471 
22.63785 -28.46128 6.524035 
28.61244 -28.05995 5.677524 
-29.96993 66.86828 10.03775 
15.83734 -44.43964 28.24536 
7.820318 74.97031 34.26646 
32.01481 -23.50771 6.683486 
18.83787 23.44072 16.5509 
31.14373 -22.35945 4.999405 
-21.08245 -22.05584 7.588757 
-42.67318 -22.76773 6.440681 
18.36086 -20.74391 5.952013 
-22.27066 -19.14542 7.316494 
18.56056 -19.37452 6.454583 
18.08761 27.11775 16.58885 
-25.11793 -16.46645 6.030572 
32.9506 -11.67583 7.432883 
16.15593 -11.76544 6.150467 
33.19193 -10.28007 7.007546 
33.36175 -10.12972 5.448677 
-27.6248 70.54223 10.00017 
18.99408 30.17739 14.88507 
-19.83449 33.83846 15.44818 
13.40969 -6.901285 7.121923 
34.93114 -5.010521 6.51677 
-16.36846 -2.381343 5.740537 
35.19447 -2.997428 5.739931 
34.0075 0.4498744 5.040875 
3.614427 5.973579 26.93032 
-34.42113 10.43803 5.222506 
-29.07976 14.75602 6.093732 
-26.25794 15.94656 5.812305 
25.05652 68.09512 18.77884 
-1.088917 75.65279 35.59414 
0.04242362 65.73777 38.23663 
-24.57443 73.57872 9.074739 
-19.35082 24.03778 6.709053 
-26.77067 46.64537 16.37271 
2.006017 76.65559 34.38853 
14.91731 7.855255 24.5613 
-24.36014 74.81164 9.058569 
21.13064 75.59668 9.7859 
21.97647 41.03901 6.291982 
21.164 6.24507 25.39439 
31.796 44.4947 5.865776 
0.4966954 76.96546 34.38476 
24.00689 68.84196 19.24841 
-5.895752 -3.591214 41.06597 
-37.80014 49.06058 6.736537 
40.86963 50.54702 6.100545 
23.54272 70.1373 17.81414 
12.35276 -27.9462 18.56748 
39.71846 60.34156 6.711066 
15.36969 9.438819 24.9326 
16.62603 8.516294 24.44258 
-21.99441 77.95555 10.67841 
-20.73453 77.91026 9.573181 
33.59669 64.30958 7.063364 
-29.93832 56.80861 16.65862 
31.00472 64.92498 7.53414 
-5.771833 7.209194 28.34462 
19.53857 76.23096 8.989745 
26.56489 67.49117 6.37926 
27.37761 56.65728 16.65971 
18.69064 78.16942 8.946312 
19.23034 75.3171 7.221144 
-17.24792 81.64967 6.48173 
-1.16837 56.10199 39.39356 
-19.55454 80.75437 10.57348 
-13.65851 85.23148 5.342526 
-11.08713 87.97034 6.871759 
-8.700274 87.73513 4.376416 
-29.30749 63.83912 16.15856 
29.448 -53.7364 7.568032 
-51.30945 -52.65879 6.169799 
37.31297 -52.3998 6.539457 
33.60429 -51.52522 7.474199 
4.864397 48.59848 37.14273 
39.09174 -49.51027 7.511808 
-47.83291 -47.1071 7.155015 
20.69747 -46.4064 6.594819 
15.45997 16.44552 24.92905 
1.389194 84.52354 27.58522 
-43.53904 -44.79762 5.578603 
-19.93646 13.22821 25.18047 
-41.67645 -43.99451 6.229665 
-35.81283 -38.43531 6.581924 
-30.26408 -37.95924 6.620991 
-32.455 -37.18474 6.115841 
-33.96589 -35.72795 6.204631 
-26.09314 -34.75316 6.440701 
-37.48339 -35.50723 6.614633 
-14.9192 85.59106 10.3771 
-20.36488 17.14751 24.45804 
-2.185954 48.5909 38.21842 
14.60557 -45.11628 19.88873 
11.48335 86.2851 11.17783 
-40.52775 -30.38652 6.676435 
-23.07304 -29.90348 6.643335 
-40.48132 -28.61149 6.916766 
21.25383 75.38012 17.20947 
20.78518 -27.34681 6.399205 
-41.39818 -26.53733 7.252018 
29.87311 -27.22378 6.77741 
16.57937 -26.58719 7.01051 
17.28721 -25.54861 6.595557 
30.19653 -45.39145 18.7324 
-41.80095 -24.28188 6.905419 
-42.81404 -19.49322 5.980035 
-20.17984 79.49157 15.61727 
-24.12257 -18.81978 4.600408 
-23.78235 -16.99856 7.290504 
-42.32714 -14.76704 6.248265 
16.89165 -14.64635 7.288112 
-19.18571 81.36376 15.85093 
33.95684 -8.810424 7.292587 
3.418183 84.56738 26.75024 
-17.18979 22.35902 24.39172 
7.022639 48.39801 36.93057 
9.82348 -0.8969885 7.141819 
-40.79299 -1.918012 6.100933 
-12.81985 0.1766633 8.693227 
21.8796 75.01218 18.76558 
-2.566851 1.514197 42.75652 
-10.95864 3.856734 7.712693 
-0.5146261 -1.87099 30.76614 
-24.91461 -50.98372 25.13253 
-10.82228 87.3035 17.28372 
-27.51052 15.49698 7.052378 
7.195699 87.57219 17.32673 
27.91062 -36.17801 27.27256 
-8.154917 41.32584 34.6375 
-17.57239 33.45937 26.12391 
14.95586 25.55775 5.345006 
6.353554 42.91305 35.22512 
-14.4067 43.43388 34.16875 
1.132737 65.84412 38.83284 
16.67474 31.79669 8.268484 
18.20109 33.41916 7.922849 
14.4991 34.91043 25.80651 
18.75883 34.53164 5.677354 
-20.6535 35.23396 8.100771 
-22.25378 37.08148 7.375453 
-24.57441 40.61496 6.262991 
-41.12614 -47.68187 17.13065 
-26.25341 -53.81988 17.48442 
35.89095 45.97256 6.743973 
33.3523 -53.8781 16.83879 
-7.47537 74.61424 35.15297 
-36.08114 48.35292 7.126156 
37.61717 48.00727 6.942461 
-33.46114 13.42205 11.11979 
16.21269 38.20798 25.06569 
-39.06558 50.73492 6.89793 
-18.23714 38.48378 24.32269 
-50.40049 -50.57401 3.740865 
-47.61253 -49.5007 4.095097 
-46.68281 -48.38312 4.553587 
51.87005 86.31932 -30.44651 
51.37321 85.57021 -32.37333 
51.09558 86.4954 -33.89904 
53.26805 85.28188 -28.98673 
51.68668 84.69757 -30.23978 
33.63063 -49.91779 5.473835 
3 6 1 2 
3 29 3 10 
3 7 2 3 
3 5 3 2 
3 2 1 4 
3 3031 2127 3113 
3 3151 2504 609 
3 5 2 4 
3 2 7 6 
3 15 4 1 
3 122 157 156 
3 7904 2232 4489 
3 6065 254 7190 
3 29 7 3 
3 1322 5019 6130 
3 795 796 832 
3 4 16 9 
3 10 5 9 
3 1097 5716 427 
3 5621 7562 611 
3 687 882 805 
3 7 49 13 
3 3758 6450 1088 
3 3452 7797 455 
3 4589 4667 4976 
3 24 23 11 
3 12 24 11 
3 35 36 21 
3 7936 1021 7958 
3 4313 4156 3723 
3 11 19 12 
3 29 49 7 
3 399 3532 7965 
3 27 15 26 
3 4 15 16 
3 1355 4642 5621 
3 42 9 16 
3 1453 1469 6621 
3 2298 1088 4028 
3 5570 7963 2915 
3 5920 5870 3108 
3 15 1 13 
3 4522 5077 1833 
3 26 13 71 
3 15 27 16 
3 29 10 57 
3 42 10 9 
3 31 32 21 
3 35 21 38 
3 13 6 7 
3 38 32 51 
3 21 32 38 
3 23 24 63 
3 59 103 51 
3 51 32 59 
3 25 23 33 
3 13 26 15 
3 3758 4116 4710 
3 79 19 25 
3 1088 3488 4028 
3 72 49 57 
3 29 57 49 
3 4710 6450 3758 
3 1342 4672 1347 
3 59 32 31 
3 2585 3488 6450 
3 821 1965 1950 
3 4741 6946 1118 
3 16 56 73 
3 5337 3281 3794 
3 3959 2232 7904 
3 6849 552 551 
3 1049 960 1250 
3 13 49 72 
3 1013 2002 5692 
3 4953 4931 4959 
3 4538 4883 4539 
3 73 82 16 
3 31 21 36 
3 4616 2280 3429 
3 3445 643 7412 
3 75 59 31 
3 1080 893 1042 
3 6579 7501 5564 
3 288 3095 2405 
3 19 52 24 
3 3 5 10 
3 2443 2998 823 
3 89 79 109 
3 58 50 46 
3 83 31 43 
3 983 4025 1633 
3 42 16 82 
3 6849 551 3961 
3 1633 2848 4428 
3 7412 1256 3445 
3 4883 4538 1094 
3 1283 1091 1055 
3 4685 5545 551 
3 25 33 109 
3 7928 5702 1562 
3 3757 7199 3961 
3 2072 1012 7892 
3 6450 7366 2585 
3 1990 7840 7733 
3 74 43 36 
3 1010 7900 1013 
3 50 58 74 
3 178 63 52 
3 36 50 74 
3 7199 1988 533 
3 7218 6653 6651 
3 1806 1284 1238 
3 3488 2585 5536 
3 4493 5763 2728 
3 7868 972 7882 
3 98 140 67 
3 61 38 51 
3 33 23 78 
3 983 7762 971 
3 7897 1008 7877 
3 1735 7840 3757 
3 2391 1802 4470 
3 56 27 67 
3 4032 7886 4496 
3 482 429 511 
3 5564 4644 4685 
3 61 51 87 
3 5646 3271 4821 
3 6749 4426 3116 
3 63 24 52 
3 95 109 33 
3 2769 6450 4710 
3 79 115 19 
3 4028 2552 2298 
3 52 19 115 
3 5337 6963 5906 
3 83 92 123 
3 57 112 72 
3 5174 7913 1838 
3 122 57 10 
3 7886 4032 7882 
3 227 267 226 
3 93 92 74 
3 75 83 128 
3 103 59 129 
3 6795 252 1127 
3 394 2162 3411 
3 4468 7169 4487 
3 95 33 78 
3 6752 6771 4446 
3 116 115 79 
3 5240 5536 2585 
3 7366 7772 2585 
3 7904 4489 3402 
3 122 42 82 
3 6987 1126 6649 
3 797 1482 4418 
3 6858 458 4014 
3 285 7732 865 
3 6946 1119 1118 
3 136 52 115 
3 104 87 107 
3 67 71 98 
3 71 72 98 
3 2410 2620 7059 
3 7059 1289 7169 
3 285 865 1620 
3 2298 3758 1088 
3 93 74 85 
3 75 128 129 
3 104 85 58 
3 2410 495 2620 
3 2773 3435 3464 
3 1297 1493 1298 
3 87 104 61 
3 1964 2088 2203 
3 78 63 188 
3 160 109 95 
3 7059 2620 1289 
3 6162 4441 3864 
3 79 89 116 
3 106 107 87 
3 91 72 112 
3 7631 615 7612 
3 4486 4485 5753 
3 2810 7640 661 
3 7357 7471 7005 
3 661 7640 4306 
3 83 123 128 
3 4573 4794 5647 
3 129 198 103 
3 106 87 103 
3 4535 4745 3422 
3 144 85 104 
3 583 610 538 
3 1419 2086 3418 
3 91 140 98 
3 520 581 582 
3 1524 3970 1111 
3 1224 1583 1273 
3 72 91 98 
3 56 119 73 
3 112 57 170 
3 170 57 122 
3 157 122 82 
3 93 123 92 
3 7772 5240 2585 
3 93 174 123 
3 188 63 178 
3 4538 5027 432 
3 78 188 95 
3 7012 7782 7035 
3 116 89 97 
3 4470 7138 2391 
3 4089 251 3425 
3 4258 4256 3752 
3 185 107 106 
3 118 56 67 
3 7850 7299 618 
3 567 833 682 
3 157 82 121 
3 165 140 139 
3 172 174 209 
3 59 75 129 
3 5593 439 5650 
3 150 109 160 
3 115 116 137 
3 1411 1463 1818 
3 134 131 267 
3 109 150 89 
3 735 510 482 
3 185 144 104 
3 140 118 67 
3 1481 1172 5149 
3 254 6065 1719 
3 91 112 170 
3 201 1541 2728 
3 118 119 56 
3 7763 5578 7804 
3 155 157 121 
3 128 123 173 
3 85 174 93 
3 183 129 128 
3 198 129 145 
3 223 190 213 
3 159 132 187 
3 159 131 132 
3 6401 2961 7442 
3 3488 5536 5191 
3 2110 1796 1987 
3 2207 843 3494 
3 150 97 89 
3 2556 7804 2049 
3 3385 1172 1481 
3 116 165 139 
3 152 164 136 
3 666 558 401 
3 140 153 118 
3 118 153 168 
3 165 116 97 
3 122 156 170 
3 155 121 119 
3 3407 2646 2653 
3 174 144 184 
3 500 498 475 
3 221 159 187 
3 2769 4710 6671 
3 146 147 148 
3 52 136 178 
3 156 173 172 
3 146 187 147 
3 133 134 149 
3 152 136 137 
3 3778 199 3720 
3 115 137 136 
3 152 137 139 
3 91 152 139 
3 1719 6065 281 
3 178 136 190 
3 170 169 91 
3 118 168 119 
3 5149 1874 4094 
3 123 174 172 
3 5629 1071 5015 
3 390 312 444 
3 174 85 144 
3 699 499 521 
3 107 185 104 
3 5702 4505 7905 
3 4487 7169 535 
3 165 153 140 
3 164 152 166 
3 97 150 165 
3 871 828 943 
3 4067 3931 3756 
3 6671 4150 2769 
3 128 173 183 
3 133 148 147 
3 123 172 173 
3 5957 6634 4834 
3 3762 114 186 
3 145 129 183 
3 2552 4028 7757 
3 187 146 200 
3 227 134 267 
3 104 58 61 
3 114 2122 186 
3 3806 618 211 
3 164 190 136 
3 149 204 148 
3 130 210 203 
3 160 192 150 
3 179 150 192 
3 188 210 130 
3 770 6671 3491 
3 169 181 152 
3 194 206 229 
3 196 157 155 
3 196 156 157 
3 1527 794 2138 
3 173 156 196 
3 183 196 208 
3 2011 918 3090 
3 823 2998 4120 
3 645 4514 7349 
3 221 187 242 
3 188 178 202 
3 3970 1099 1111 
3 223 202 190 
3 5519 6698 358 
3 249 146 148 
3 147 132 133 
3 3232 5206 878 
3 190 164 213 
3 203 192 160 
3 7173 288 6173 
3 213 164 166 
3 153 165 179 
3 3758 2298 4116 
3 3491 6671 4116 
3 5710 4089 7323 
3 179 192 225 
3 165 150 179 
3 6942 839 3615 
3 208 155 194 
3 7093 1874 4583 
3 208 196 155 
3 4028 3488 7757 
3 184 144 197 
3 218 198 145 
3 258 106 198 
3 106 238 185 
3 6874 5350 4971 
3 27 26 67 
3 202 210 188 
3 222 146 249 
3 153 179 206 
3 507 683 508 
3 221 224 159 
3 224 131 159 
3 74 58 85 
3 131 224 267 
3 148 204 249 
3 225 192 203 
3 227 191 134 
3 191 149 134 
3 941 6691 5508 
3 213 166 214 
3 269 214 166 
3 205 206 179 
3 205 179 228 
3 152 181 166 
3 4366 1620 865 
3 166 181 269 
3 596 566 408 
3 206 194 168 
3 169 172 256 
3 2189 2064 1886 
3 5081 5687 5811 
3 183 173 196 
3 3015 2803 3061 
3 255 256 374 
3 3377 3472 5039 
3 184 209 174 
3 1778 2262 1952 
3 238 197 185 
3 106 258 238 
3 1856 1863 4167 
3 6187 2395 977 
3 222 200 146 
3 238 235 216 
3 3275 6065 7190 
3 267 224 248 
3 6450 2769 7366 
3 1251 268 1014 
3 229 206 205 
3 255 181 169 
3 269 181 316 
3 194 229 231 
3 181 255 316 
3 272 209 216 
3 183 208 233 
3 184 197 216 
3 218 258 198 
3 242 245 221 
3 867 5121 3905 
3 7323 2198 1489 
3 297 213 214 
3 5131 4748 4675 
3 1590 7641 2425 
3 299 204 191 
3 4879 7104 6070 
3 315 191 227 
3 288 7173 3320 
3 6764 1458 81 
3 6764 81 701 
3 223 213 297 
3 4116 2298 3491 
3 5954 6935 212 
3 208 194 231 
3 208 231 232 
3 2633 7937 1495 
3 6028 3482 1685 
3 3445 2295 2289 
3 1634 918 1501 
3 2717 3298 6731 
3 259 260 240 
3 172 169 170 
3 507 527 567 
3 210 223 246 
3 223 210 202 
3 6173 288 1727 
3 279 225 203 
3 156 172 170 
3 6738 7805 3310 
3 1747 5129 7931 
3 708 6459 6069 
3 3381 7764 1475 
3 249 293 222 
3 364 293 387 
3 315 227 314 
3 334 299 191 
3 1989 5318 2548 
3 3696 4850 553 
3 260 262 240 
3 4582 5650 439 
3 1958 3179 2566 
3 3320 7173 1751 
3 300 229 205 
3 6854 2094 7035 
3 231 229 300 
3 336 205 228 
3 302 233 232 
3 232 233 208 
3 272 172 209 
3 184 216 209 
3 3325 7856 996 
3 261 260 259 
3 6643 6669 1634 
3 240 241 307 
3 260 311 262 
3 185 197 144 
3 240 262 241 
3 6901 5831 4704 
3 2377 2257 2378 
3 1133 939 975 
3 200 244 242 
3 7365 4614 3667 
3 244 276 242 
3 224 221 248 
3 195 962 3779 
3 4150 7366 2769 
3 2230 53 6593 
3 1350 6227 5019 
3 1350 7358 6243 
3 81 2626 2024 
3 2954 7525 1363 
3 813 811 779 
3 3315 2741 2215 
3 297 263 223 
3 6187 1014 2395 
3 4080 6795 6279 
3 3875 4090 4151 
3 4550 4476 4472 
3 47 40 5577 
3 6425 4001 6433 
3 4095 3966 3967 
3 6074 6441 5696 
3 830 5024 3551 
3 1433 1510 7194 
3 2751 48 3431 
3 7718 5191 5536 
3 233 273 145 
3 302 273 233 
3 272 216 320 
3 3083 5954 3482 
3 320 216 235 
3 6069 696 708 
3 218 286 274 
3 2735 4445 4663 
3 258 274 322 
3 238 258 322 
3 307 349 347 
3 261 259 303 
3 3369 5212 7961 
3 5544 6662 3004 
3 241 289 307 
3 335 336 228 
3 289 241 310 
3 310 241 262 
3 311 310 262 
3 3431 48 5584 
3 244 361 276 
3 2902 2895 3150 
3 245 312 221 
3 277 244 200 
3 223 263 246 
3 5623 1373 646 
3 6595 1985 41 
3 7848 7947 4745 
3 2457 5240 7772 
3 449 333 316 
3 204 299 282 
3 438 7931 5129 
3 2457 7172 5240 
3 335 225 279 
3 367 267 248 
3 366 214 269 
3 7391 4671 7387 
3 370 314 226 
3 5940 4290 270 
3 6779 5683 3785 
3 212 3482 5954 
3 300 336 373 
3 3488 5191 7757 
3 207 201 888 
3 300 205 336 
3 231 340 232 
3 3491 2552 758 
3 5283 5361 5362 
3 4147 1409 3024 
3 1212 2594 2647 
3 1146 4341 5871 
3 1332 1476 1425 
3 1620 298 3469 
3 4230 7650 1978 
3 238 322 235 
3 4754 4821 1572 
3 347 303 259 
3 355 311 260 
3 274 258 218 
3 259 240 307 
3 7980 5055 448 
3 289 308 307 
3 278 3431 5584 
3 7366 1520 7772 
3 363 361 244 
3 244 277 363 
3 259 307 347 
3 1118 6541 6547 
3 6156 758 2552 
3 2412 6666 6506 
3 263 389 246 
3 1817 1574 1570 
3 315 334 191 
3 363 277 364 
3 1351 6506 65 
3 279 203 246 
3 636 558 671 
3 249 282 293 
3 3394 5317 195 
3 395 214 366 
3 4222 7977 3035 
3 6393 696 2896 
3 226 267 332 
3 366 269 333 
3 316 333 269 
3 6669 5519 358 
3 4011 7092 6950 
3 628 6950 627 
3 317 318 232 
3 172 272 256 
3 302 232 318 
3 3037 1544 2104 
3 379 273 302 
3 379 302 319 
3 1232 4219 6113 
3 7726 7630 5003 
3 1069 952 1104 
3 2012 1691 2133 
3 5240 7718 5536 
3 322 274 345 
3 283 3035 7977 
3 261 303 325 
3 346 325 303 
3 4449 2070 1475 
3 382 355 261 
3 349 307 308 
3 5206 110 878 
3 260 261 355 
3 7675 6243 7358 
3 1065 798 905 
3 322 343 235 
3 2573 3770 3169 
3 360 245 290 
3 7757 6156 2552 
3 245 276 290 
3 4150 1520 7366 
3 6232 646 2211 
3 7403 1320 630 
3 225 335 228 
3 4883 1094 5891 
3 2528 598 7351 
3 1863 478 4767 
3 214 395 297 
3 5318 1989 2501 
3 2441 4836 2452 
3 5934 1887 6256 
3 4397 6181 3884 
3 4781 7501 2376 
3 7121 7805 3419 
3 2552 3491 2298 
3 320 301 272 
3 377 320 343 
3 3278 3248 3831 
3 286 379 403 
3 286 345 274 
3 2014 1989 2548 
3 903 944 871 
3 5396 6001 5993 
3 348 347 349 
3 2503 2507 7961 
3 3601 1779 2392 
3 327 328 354 
3 352 328 327 
3 352 423 328 
3 6882 2014 2548 
3 3472 992 5039 
3 311 355 329 
3 2345 7613 7196 
3 505 480 329 
3 1544 955 2104 
3 1207 1075 1113 
3 363 359 361 
3 360 444 245 
3 444 312 245 
3 6671 770 4150 
3 291 246 389 
3 1793 5563 7641 
3 297 391 263 
3 367 332 267 
3 7104 2852 601 
3 7772 6833 2457 
3 331 282 299 
3 5129 6148 438 
3 5363 6518 280 
3 371 315 370 
3 613 6146 2637 
3 230 393 239 
3 3116 7839 3133 
3 371 334 315 
3 6394 2565 696 
3 398 255 374 
3 5366 1961 402 
3 2777 5340 2501 
3 340 300 373 
3 380 478 1880 
3 436 319 318 
3 1085 7864 1418 
3 758 770 3491 
3 341 344 321 
3 343 322 346 
3 348 343 346 
3 404 346 322 
3 325 404 382 
3 325 346 404 
3 286 273 379 
3 207 7283 201 
3 348 346 347 
3 2653 3280 5046 
3 327 351 350 
3 381 327 354 
3 770 7287 4150 
3 4800 4409 7384 
3 381 351 327 
3 877 987 1028 
3 407 308 356 
3 357 311 329 
3 1292 1063 981 
3 409 290 276 
3 443 426 461 
3 428 361 359 
3 428 276 361 
3 4610 788 2595 
3 360 290 426 
3 4437 284 661 
3 5192 6911 5190 
3 4348 1645 4330 
3 6433 7614 3652 
3 2479 7247 7322 
3 5775 5525 6743 
3 391 297 395 
3 367 248 312 
3 658 632 577 
3 392 282 331 
3 414 226 332 
3 6156 7757 1237 
3 487 414 332 
3 371 370 433 
3 369 336 335 
3 488 371 450 
3 1765 1979 2441 
3 449 316 255 
3 370 226 414 
3 1409 6504 7753 
3 376 374 272 
3 317 415 538 
3 371 413 299 
3 811 746 663 
3 7601 611 7562 
3 472 344 341 
3 881 879 1108 
3 323 321 344 
3 5099 5237 5509 
3 6150 6963 5337 
3 345 403 419 
3 5716 1524 427 
3 4179 6584 7421 
3 479 382 404 
3 526 421 506 
3 381 354 421 
3 6941 2376 6717 
3 346 303 347 
3 327 350 352 
3 408 384 423 
3 423 384 328 
3 972 7886 7882 
3 2987 6634 5208 
3 5618 7084 536 
3 363 429 359 
3 2507 3369 7961 
3 2507 484 3369 
3 363 364 386 
3 386 364 387 
3 6553 6535 6531 
3 389 263 391 
3 293 282 392 
3 486 6709 694 
3 279 396 335 
3 335 396 369 
3 1979 1765 306 
3 3964 7601 7726 
3 450 371 433 
3 449 255 398 
3 791 824 675 
3 40 794 6556 
3 415 340 373 
3 1985 4988 1977 
3 3727 6060 6847 
3 436 318 317 
3 1880 1863 6489 
3 6179 6473 7532 
3 378 344 401 
3 344 472 494 
3 681 822 512 
3 287 3891 7716 
3 363 430 429 
3 2144 3720 211 
3 437 321 323 
3 377 343 417 
3 345 404 322 
3 478 1863 1880 
3 422 405 407 
3 551 5545 7678 
3 4522 1849 3954 
3 349 405 348 
3 825 1498 2691 
3 419 479 404 
3 382 479 355 
3 407 405 349 
3 381 420 351 
3 2376 6941 1435 
3 5191 1237 7757 
3 7520 7122 6833 
3 2457 6833 7122 
3 453 473 400 
3 407 356 422 
3 441 357 329 
3 5662 2611 3264 
3 19 11 25 
3 441 356 357 
3 11 23 25 
3 1938 681 380 
3 1191 6706 6769 
3 409 426 290 
3 5252 812 5244 
3 908 952 840 
3 1826 1529 1585 
3 388 396 330 
3 5621 7498 7562 
3 6717 7501 6579 
3 369 396 410 
3 367 390 411 
3 822 7041 1031 
3 2291 2411 2471 
3 332 367 411 
3 111 7923 7694 
3 7518 7942 5674 
3 3229 1975 2568 
3 467 366 333 
3 413 371 488 
3 451 336 369 
3 2049 1511 1514 
3 320 377 539 
3 4660 3273 6395 
3 341 321 475 
3 585 716 610 
3 911 876 986 
3 823 1858 7534 
3 344 378 323 
3 834 2445 1926 
3 3188 2510 5118 
3 770 6874 7287 
3 812 809 5244 
3 436 400 319 
3 7265 552 6849 
3 355 479 505 
3 423 350 481 
3 2239 2242 2307 
3 409 276 428 
3 1801 193 7491 
3 7265 6849 7205 
3 5768 2987 5208 
3 363 386 430 
3 360 443 444 
3 389 391 388 
3 444 517 390 
3 2939 219 6428 
3 389 388 291 
3 4489 2232 7902 
3 388 330 291 
3 7700 1468 1473 
3 516 396 388 
3 515 391 395 
3 516 410 396 
3 1575 5086 434 
3 467 395 366 
3 815 2977 1911 
3 7199 7205 3961 
3 413 466 331 
3 7520 6833 1520 
3 414 489 433 
3 3961 7205 6849 
3 1242 1784 2609 
3 321 437 475 
3 7840 1990 3757 
3 451 373 336 
3 1237 5191 7145 
3 1575 434 5235 
3 301 320 539 
3 552 7265 4672 
3 3679 4720 5266 
3 1212 3853 1189 
3 6156 6874 758 
3 7317 5511 5541 
3 381 440 420 
3 417 343 348 
3 46 35 38 
3 543 420 440 
3 379 400 403 
3 2742 7086 1189 
3 381 421 440 
3 618 7299 2750 
3 457 351 503 
3 419 403 476 
3 457 481 350 
3 421 526 440 
3 1237 6980 6156 
3 261 325 382 
3 351 420 503 
3 350 423 352 
3 5548 4642 5571 
3 408 423 481 
3 1735 3757 3961 
3 441 422 356 
3 506 384 408 
3 357 356 310 
3 409 428 510 
3 4644 5545 4685 
3 462 444 443 
3 388 391 532 
3 461 426 509 
3 6435 4023 5146 
3 2591 2573 1974 
3 1097 424 3631 
3 3961 7678 1735 
3 2441 2452 1765 
3 4295 7830 7687 
3 331 466 446 
3 4470 1802 7798 
3 7169 4468 7059 
3 470 415 373 
3 1552 1555 1668 
3 419 504 479 
3 538 415 470 
3 436 317 538 
3 453 400 436 
3 401 344 494 
3 7718 7145 5191 
3 341 557 472 
3 2563 1702 4788 
3 1785 193 1801 
3 474 400 473 
3 348 477 417 
3 474 403 400 
3 5765 4899 7172 
3 477 405 456 
3 504 505 479 
3 6955 1806 1238 
3 405 422 456 
3 5903 6148 5129 
3 1723 2405 2397 
3 7981 5666 3970 
3 5727 7718 4899 
3 4539 6097 5027 
3 509 426 409 
3 1492 5891 4121 
3 1784 1242 7918 
3 482 428 359 
3 7678 7280 1735 
3 4487 1392 4468 
3 399 4788 1702 
3 386 463 430 
3 3893 1071 5629 
3 517 444 571 
3 464 387 446 
3 386 387 464 
3 465 395 467 
3 554 369 410 
3 5974 7447 7952 
3 7965 3532 4714 
3 331 446 392 
3 332 411 534 
3 451 369 554 
3 2931 4221 1717 
3 469 488 450 
3 469 450 489 
3 450 433 489 
3 666 401 494 
3 449 398 490 
3 537 490 376 
3 376 301 537 
3 574 516 604 
3 7733 4487 535 
3 1242 458 5974 
3 417 587 377 
3 557 341 475 
3 378 401 521 
3 522 474 473 
3 417 477 501 
3 458 6858 5974 
3 323 524 437 
3 524 500 437 
3 403 474 476 
3 5667 3617 7819 
3 4409 4389 7384 
3 504 419 476 
3 480 505 593 
3 1049 1250 3429 
3 2218 7714 4404 
3 7736 5180 778 
3 5707 5835 5473 
3 6941 3964 1435 
3 483 430 463 
3 1481 1429 3385 
3 444 548 571 
3 461 462 443 
3 444 462 548 
3 464 463 386 
3 462 547 548 
3 1021 7936 1156 
3 547 622 548 
3 4428 4461 7387 
3 410 516 574 
3 395 465 515 
3 517 411 390 
3 6342 3585 5866 
3 577 466 413 
3 660 332 534 
3 3064 2446 1544 
3 577 488 520 
3 1156 3309 338 
3 4179 6511 6584 
3 578 449 490 
3 376 490 398 
3 556 436 538 
3 453 436 556 
3 4741 1118 3550 
3 3754 5381 2292 
3 5871 3652 7614 
3 1016 1285 1180 
3 7718 5727 7145 
3 541 522 473 
3 521 499 524 
3 521 524 378 
3 523 476 474 
3 497 417 501 
3 145 273 218 
3 500 475 437 
3 501 477 456 
3 502 503 420 
3 440 526 674 
3 440 590 543 
3 4459 4239 4320 
3 1340 982 1244 
3 139 140 91 
3 305 309 3622 
3 428 482 510 
3 514 483 463 
3 1787 2404 1185 
3 547 462 531 
3 578 333 449 
3 571 550 517 
3 645 3785 896 
3 4800 972 7868 
3 983 7379 850 
3 629 411 517 
3 554 410 574 
3 388 532 516 
3 515 532 391 
3 6415 5244 809 
3 411 629 534 
3 1615 1620 3469 
3 4469 1237 7145 
3 487 332 660 
3 5146 6332 6435 
3 4341 6059 5871 
3 520 488 469 
3 467 333 578 
3 583 373 451 
3 470 373 583 
3 132 134 133 
3 537 301 539 
3 665 494 472 
3 7299 1564 2750 
3 4409 4800 7868 
3 521 401 558 
3 498 500 638 
3 797 4418 2045 
3 635 557 498 
3 498 557 475 
3 472 557 665 
3 522 523 474 
3 4496 1052 7958 
3 638 500 562 
3 564 456 422 
3 7678 3961 551 
3 1401 1400 3012 
3 420 543 502 
3 508 528 507 
3 1491 4142 1177 
3 7287 4971 7520 
3 3557 2409 6959 
3 488 577 413 
3 1094 4121 5891 
3 408 481 596 
3 169 152 91 
3 528 527 507 
3 566 597 506 
3 901 1169 898 
3 600 528 530 
3 510 509 409 
3 442 430 483 
3 461 509 531 
3 566 506 408 
3 3653 3645 4212 
3 527 528 600 
3 1513 163 3615 
3 603 532 515 
3 983 850 7762 
3 7520 4725 7122 
3 7886 1052 4496 
3 463 464 514 
3 3762 186 1541 
3 6874 4971 7287 
3 573 446 575 
3 968 891 860 
3 577 632 466 
3 573 625 464 
3 608 554 657 
3 608 451 554 
3 446 573 464 
3 849 577 520 
3 451 608 583 
3 1948 2573 1940 
3 470 583 538 
3 579 469 489 
3 3019 278 215 
3 1491 1177 6592 
3 7364 2844 5787 
3 820 453 556 
3 4499 3778 3720 
3 587 417 497 
3 541 453 820 
3 1106 2452 4836 
3 5372 448 2334 
3 177 3684 3671 
3 453 541 473 
3 562 524 499 
3 526 591 674 
3 4037 4023 6435 
3 501 456 616 
3 456 564 616 
3 2316 96 86 
3 593 505 592 
3 7932 6899 4071 
3 323 378 524 
3 644 504 476 
3 5305 4655 2280 
3 441 564 422 
3 1512 1517 2756 
3 636 699 521 
3 597 526 506 
3 6265 6874 6156 
3 6997 6667 6781 
3 6667 6997 7234 
3 1799 1151 1505 
3 1027 6771 7871 
3 482 511 735 
3 483 570 568 
3 3488 1088 6450 
3 1633 7379 983 
3 531 462 461 
3 464 623 514 
3 3128 2923 3173 
3 623 464 625 
3 5796 5909 6052 
3 7364 5787 713 
3 568 442 483 
3 517 550 629 
3 5812 1597 1154 
3 516 532 604 
3 7555 4125 1465 
3 4428 2848 4461 
3 2457 5765 7172 
3 487 579 489 
3 469 581 520 
3 608 659 583 
3 578 490 584 
3 568 511 442 
3 2099 1422 4122 
3 7338 2823 4404 
3 6187 1251 1014 
3 6173 281 1705 
3 228 179 225 
3 3785 207 896 
3 639 522 637 
3 752 497 561 
3 1057 1098 1178 
3 202 178 190 
3 523 644 476 
3 7122 2277 2457 
3 7246 6909 7127 
3 252 4080 4119 
3 674 590 440 
3 505 504 592 
3 595 480 593 
3 597 591 526 
3 1409 257 848 
3 531 509 619 
3 511 568 735 
3 4417 215 1205 
3 536 2440 5618 
3 4905 4975 5128 
3 531 622 547 
3 561 501 616 
3 130 160 95 
3 6767 3771 1541 
3 532 572 604 
3 558 636 521 
3 652 574 604 
3 1849 385 6511 
3 575 446 466 
3 3941 3439 3364 
3 7382 7298 1563 
3 658 577 849 
3 276 245 242 
3 6980 6265 6156 
3 970 1009 817 
3 520 582 849 
3 1586 3482 6028 
3 1257 7062 1713 
3 2844 1317 5787 
3 833 567 617 
3 490 537 584 
3 610 583 585 
3 7812 1713 7062 
3 556 538 693 
3 693 820 556 
3 4119 3602 7530 
3 522 639 523 
3 1268 961 884 
3 561 497 501 
3 641 543 590 
3 502 543 641 
3 924 251 7311 
3 457 503 728 
3 595 675 564 
3 700 617 527 
3 600 700 527 
3 976 973 787 
3 527 617 567 
3 2450 1673 6935 
3 553 7247 2479 
3 507 567 683 
3 619 509 647 
3 509 510 647 
3 510 735 647 
3 622 602 548 
3 650 571 602 
3 671 720 721 
3 573 687 686 
3 571 650 550 
3 583 659 585 
3 604 572 653 
3 572 532 603 
3 3310 6854 7035 
3 7901 3379 7670 
3 659 747 585 
3 548 602 571 
3 7650 3132 296 
3 657 554 574 
3 997 964 919 
3 466 632 575 
3 631 534 629 
3 657 574 652 
3 534 631 576 
3 576 660 534 
3 579 487 633 
3 690 662 579 
3 646 6232 5623 
3 3407 6942 3034 
3 53 6656 6593 
3 830 125 135 
3 3513 1586 6028 
3 587 497 752 
3 820 637 541 
3 640 644 639 
3 4469 7145 5727 
3 1986 3350 2639 
3 177 7132 3684 
3 6265 5350 6874 
3 3785 7283 207 
3 6854 3642 853 
3 1114 6148 431 
3 194 155 168 
3 590 674 673 
3 503 676 728 
3 868 674 591 
3 62 80 2188 
3 562 500 524 
3 7794 163 177 
3 7810 7462 7463 
3 6857 7420 7765 
3 568 648 735 
3 622 705 602 
3 648 570 649 
3 2666 535 1968 
3 821 1982 4230 
3 686 625 573 
3 603 515 651 
3 3615 6209 6942 
3 687 573 575 
3 632 712 575 
3 3360 5350 6265 
3 5350 3360 3291 
3 64 54 6181 
3 3407 3034 2226 
3 5861 5865 1649 
3 3223 6656 1421 
3 5097 704 5275 
3 711 578 584 
3 662 581 579 
3 581 469 579 
3 867 7819 3778 
3 666 717 664 
3 69 4745 4535 
3 665 557 635 
3 1260 6219 2303 
3 695 558 666 
3 4959 1254 3861 
3 1649 1647 5935 
3 664 784 695 
3 720 671 695 
3 699 562 499 
3 914 916 1037 
3 3671 3684 7808 
3 523 639 644 
3 698 674 725 
3 7575 7573 7806 
3 698 641 673 
3 674 790 725 
3 698 697 641 
3 69 6170 2731 
3 7902 7560 7791 
3 592 677 593 
3 591 597 757 
3 4823 4818 4324 
3 5140 4919 5551 
3 700 600 731 
3 2294 6170 69 
3 648 568 570 
3 1134 1132 5674 
3 622 736 705 
3 706 602 705 
3 4821 3271 6060 
3 3310 7782 6204 
3 650 602 706 
3 603 771 572 
3 603 651 771 
3 709 515 465 
3 572 771 688 
3 655 629 550 
3 631 629 655 
3 2840 1770 1254 
3 1127 252 2173 
3 467 578 711 
3 7840 2103 7733 
3 690 579 633 
3 394 7382 1563 
3 5013 2920 3481 
3 663 581 662 
3 3320 1979 306 
3 587 669 539 
3 665 717 666 
3 7515 7749 7289 
3 1237 4469 2077 
3 667 635 670 
3 1727 281 6173 
3 668 54 64 
3 751 639 637 
3 1103 1255 1145 
3 498 638 635 
3 44 1754 3378 
3 7830 2595 788 
3 7646 613 2637 
3 674 698 673 
3 5340 2777 3019 
3 675 561 616 
3 7403 7795 1894 
3 5159 1859 3232 
3 5024 7025 3211 
3 677 791 595 
3 641 590 673 
3 592 644 677 
3 729 566 596 
3 1072 986 1069 
3 5340 3019 94 
3 682 683 567 
3 761 731 600 
3 684 703 683 
3 2685 5039 2503 
3 703 732 530 
3 647 735 836 
3 733 531 619 
3 732 761 600 
3 688 653 572 
3 623 625 737 
3 4582 439 4014 
3 2011 3081 2519 
3 5318 2501 5340 
3 5160 6075 6088 
3 656 6151 2711 
3 1045 6709 2817 
3 710 608 657 
3 576 631 744 
3 4236 2500 294 
3 710 659 608 
3 915 633 745 
3 667 818 717 
3 742 659 710 
3 660 745 633 
3 658 1034 886 
3 660 576 745 
3 581 746 582 
3 1885 2858 5765 
3 665 635 667 
3 7052 5654 7317 
3 537 669 584 
3 666 664 695 
3 3004 41 6475 
3 670 635 719 
3 751 637 820 
3 3660 4959 4931 
3 671 558 695 
3 671 697 698 
3 610 693 538 
3 785 561 675 
3 725 699 698 
3 1256 2295 3445 
3 824 791 975 
3 676 641 697 
3 1338 1990 2666 
3 4899 5765 2858 
3 791 677 792 
3 3360 6265 6980 
3 675 595 791 
3 660 633 487 
3 597 566 757 
3 700 795 617 
3 796 795 700 
3 3202 4469 5727 
3 2014 6882 5160 
3 7830 788 1784 
3 843 5624 5584 
3 515 709 651 
3 1849 6511 4179 
3 6362 2966 17 
3 1254 4959 3660 
3 6243 6227 1350 
3 486 1437 3755 
3 649 623 875 
3 706 769 650 
3 550 650 769 
3 767 769 706 
3 652 653 688 
3 634 39 1743 
3 882 575 712 
3 690 633 851 
3 711 465 467 
3 658 712 632 
3 2810 4596 3453 
3 727 728 676 
3 6069 6459 2826 
3 746 849 582 
3 3663 3586 3659 
3 747 659 742 
3 789 640 639 
3 714 711 584 
3 4971 5350 3291 
3 1031 7043 1206 
3 610 716 693 
3 2966 3078 739 
3 739 3078 7075 
3 5826 2675 7961 
3 7213 3283 2717 
3 720 695 784 
3 94 5318 5340 
3 635 638 719 
3 699 787 562 
3 787 699 725 
3 671 721 697 
3 484 4207 1085 
3 794 2889 1665 
3 23 63 78 
3 539 669 537 
3 7305 3616 4727 
3 1000 1158 1216 
3 3284 7167 621 
3 376 272 301 
3 7138 533 2391 
3 684 683 682 
3 697 727 676 
3 904 732 684 
3 634 2667 39 
3 761 732 904 
3 619 734 733 
3 4815 7521 1855 
3 736 766 705 
3 736 733 800 
3 765 800 733 
3 81 2024 3100 
3 706 705 766 
3 7620 4429 2534 
3 2229 7562 4771 
3 687 805 686 
3 1045 2889 1200 
3 688 771 740 
3 6070 586 589 
3 6622 1501 918 
3 806 709 741 
3 741 465 711 
3 652 688 710 
3 842 806 773 
3 4469 4016 2077 
3 7601 7630 7726 
3 4468 1392 5303 
3 662 690 776 
3 5563 1793 7795 
3 2156 4644 5564 
3 776 779 662 
3 779 663 662 
3 7062 7596 7812 
3 813 779 777 
3 714 584 669 
3 796 700 731 
3 816 664 781 
3 6888 7344 6322 
3 859 819 693 
3 314 370 315 
3 664 717 781 
3 1176 1181 3476 
3 2425 569 2319 
3 3772 3179 4964 
3 1470 1364 1695 
3 817 784 664 
3 789 639 751 
3 752 785 935 
3 770 758 6874 
3 765 733 835 
3 7498 4771 7562 
3 6048 2938 7091 
3 318 319 302 
3 1070 1505 1151 
3 790 674 868 
3 866 728 727 
3 4167 1863 4767 
3 795 831 617 
3 6066 589 7150 
3 6081 2852 7104 
3 796 731 759 
3 760 759 731 
3 761 760 731 
3 7190 3060 4390 
3 835 733 734 
3 763 836 735 
3 735 648 764 
3 764 648 801 
3 836 798 734 
3 706 802 767 
3 801 648 649 
3 875 737 738 
3 802 706 766 
3 623 737 875 
3 4899 2858 3202 
3 1713 2455 3089 
3 738 737 686 
3 651 806 911 
3 575 882 687 
3 7726 2521 3964 
3 2654 7167 4938 
3 806 741 773 
3 884 631 655 
3 884 744 631 
3 6595 3004 7720 
3 1268 1309 1033 
3 773 711 775 
3 773 741 711 
3 7205 533 4537 
3 355 505 329 
3 1034 658 849 
3 745 744 810 
3 1155 1123 1001 
3 745 576 744 
3 849 746 811 
3 3385 3188 1172 
3 851 633 915 
3 4858 7159 2938 
3 4663 76 1272 
3 6505 4644 2156 
3 747 852 585 
3 2345 1887 5934 
3 7632 4120 2978 
3 663 779 811 
3 852 716 585 
3 586 6070 7104 
3 4016 4469 3202 
3 7910 1176 2356 
3 857 781 717 
3 6070 589 6066 
3 1146 2505 4341 
3 560 5870 1356 
3 3291 4725 4971 
3 7280 7840 1735 
3 818 670 783 
3 861 820 819 
3 6069 2826 1159 
3 1824 1319 1891 
3 7532 6473 264 
3 5934 2995 7089 
3 721 727 697 
3 2024 2626 2611 
3 729 829 870 
3 832 872 795 
3 457 728 596 
3 833 617 831 
3 872 831 795 
3 2161 2703 1117 
3 7996 684 682 
3 7287 1520 4150 
3 7520 1520 7287 
3 764 801 874 
3 802 766 907 
3 736 800 766 
3 684 7996 904 
3 767 804 769 
3 6130 1567 588 
3 1809 1284 1806 
3 800 907 766 
3 880 841 738 
3 881 769 804 
3 544 7030 5929 
3 738 686 880 
3 686 805 880 
3 911 842 840 
3 771 651 911 
3 771 911 913 
3 911 806 842 
3 6305 6637 6177 
3 4153 4225 4297 
3 913 740 771 
3 4604 4597 4840 
3 7501 2156 5564 
3 4411 4406 6261 
3 886 883 712 
3 7062 1257 7196 
3 3202 5727 4899 
3 6981 1639 6960 
3 2241 4389 4409 
3 3738 1887 2495 
3 714 916 775 
3 7629 588 1567 
3 5616 5498 5496 
3 742 852 747 
3 5870 5920 6572 
3 7403 630 7795 
3 781 857 1080 
3 712 658 886 
3 3376 3386 2737 
3 588 1322 6130 
3 375 6697 6691 
3 7351 7621 2528 
3 7122 4725 2277 
3 939 901 824 
3 2277 4725 1397 
3 759 903 832 
3 5548 7498 5621 
3 7504 3137 1884 
3 783 897 818 
3 796 759 832 
3 863 935 785 
3 1009 784 817 
3 899 721 720 
3 824 901 863 
3 1190 1253 1252 
3 7562 7630 7601 
3 973 864 787 
3 1229 1528 1092 
3 725 790 787 
3 792 640 789 
3 4016 1349 2077 
3 792 940 827 
3 442 511 429 
3 4632 2858 1885 
3 2012 2132 2238 
3 866 727 721 
3 7280 7678 5545 
3 828 829 729 
3 2190 7042 7327 
3 3202 2703 4016 
3 2380 6593 7461 
3 836 763 905 
3 735 764 763 
3 874 801 837 
3 1024 765 835 
3 7021 6729 6769 
3 2043 4725 3291 
3 943 978 1017 
3 908 840 838 
3 841 875 738 
3 840 842 838 
3 4781 4762 7501 
3 879 767 802 
3 957 842 773 
3 655 881 845 
3 3717 1611 4194 
3 3360 2077 826 
3 808 740 990 
3 2156 7501 4762 
3 688 808 742 
3 1075 773 991 
3 991 773 775 
3 2626 3264 2611 
3 247 3442 7316 
3 788 2609 1784 
3 958 775 914 
3 1034 849 887 
3 914 775 916 
3 4537 533 7138 
3 1847 2071 2256 
3 4206 283 3087 
3 714 963 916 
3 690 851 776 
3 923 716 852 
3 779 776 777 
3 993 1036 852 
3 890 777 776 
3 858 963 714 
3 1294 1186 1022 
3 966 716 923 
3 2256 1249 1847 
3 1997 3219 1974 
3 889 931 855 
3 1140 1059 1017 
3 6433 3652 6425 
3 716 966 859 
3 891 855 860 
3 1432 1144 1063 
3 857 818 893 
3 2457 2277 5765 
3 934 858 935 
3 3676 1829 529 
3 902 820 861 
3 720 784 1009 
3 902 751 820 
3 24 12 19 
3 863 898 935 
3 787 864 719 
3 899 720 1009 
3 899 1054 721 
3 943 866 1056 
3 824 975 939 
3 295 7972 5805 
3 792 789 940 
3 562 787 638 
3 5027 6097 5674 
3 6873 337 7945 
3 5394 6634 1161 
3 774 3258 3831 
3 6634 6192 1161 
3 4448 4375 4301 
3 942 591 757 
3 3808 7027 7257 
3 6765 6806 5650 
3 6599 6769 2399 
3 872 903 871 
3 682 833 7996 
3 1435 4781 2376 
3 7532 1855 6179 
3 3359 2685 2675 
3 801 875 837 
3 2003 2043 3291 
3 956 802 907 
3 953 908 910 
3 951 837 875 
3 841 880 877 
3 879 881 804 
3 5841 1395 6897 
3 844 1276 5868 
3 876 911 840 
3 688 742 710 
3 826 3291 3360 
3 884 655 845 
3 1029 882 883 
3 1869 1679 1736 
3 958 991 775 
3 1059 833 831 
3 810 915 745 
3 5208 270 7980 
3 7980 5768 5208 
3 7601 3964 611 
3 890 851 889 
3 851 995 889 
3 887 811 920 
3 887 849 811 
3 890 776 851 
3 1207 1505 1204 
3 7421 6592 4179 
3 2320 2388 2325 
3 855 891 889 
3 889 891 890 
3 2543 2211 646 
3 928 925 813 
3 3770 2573 2591 
3 2262 2382 2075 
3 4716 2003 826 
3 932 777 890 
3 1282 1424 1135 
3 922 1000 816 
3 816 781 922 
3 7447 5974 6858 
3 861 859 894 
3 514 570 483 
3 897 893 818 
3 819 859 861 
3 7590 2190 1232 
3 1270 1361 1078 
3 860 895 937 
3 1051 860 937 
3 864 897 783 
3 902 861 938 
3 6858 1656 7394 
3 5593 1656 6858 
3 824 863 785 
3 1589 1775 1773 
3 827 975 791 
3 4200 2399 6706 
3 976 1096 973 
3 787 790 976 
3 1293 826 2077 
3 976 790 1057 
3 4474 7395 6861 
3 790 868 1057 
3 2077 1349 1293 
3 944 828 871 
3 541 637 522 
3 1074 1152 1305 
3 872 871 1017 
3 757 566 870 
3 6621 6629 7531 
3 1020 904 7996 
3 835 798 1065 
3 4534 4600 4601 
3 5235 5666 1290 
3 1024 835 1065 
3 7981 7456 1290 
3 906 765 1024 
3 837 984 874 
3 826 2003 3291 
3 6064 5868 30 
3 910 908 838 
3 5027 4538 4539 
3 4402 3902 2293 
3 612 598 2528 
3 1069 876 952 
3 4669 6395 856 
3 908 985 952 
3 1470 899 1009 
3 655 769 881 
3 838 957 910 
3 1295 1297 1190 
3 989 805 882 
3 842 957 838 
3 3262 844 6064 
3 1007 1187 1196 
3 1085 1418 3391 
3 171 1740 2362 
3 884 845 1153 
3 884 961 744 
3 1481 5149 4094 
3 915 810 961 
3 852 742 993 
3 3225 2970 3015 
3 2034 3215 88 
3 2226 2791 3215 
3 995 915 1035 
3 1635 1411 1818 
3 923 852 1036 
3 963 1037 916 
3 1670 471 1251 
3 1475 2070 1483 
3 4741 5852 6946 
3 998 925 965 
3 2211 2543 2539 
3 813 932 928 
3 281 3480 3580 
3 1108 879 956 
3 925 969 965 
3 1080 857 893 
3 855 931 895 
3 931 889 964 
3 781 1080 922 
3 1290 5666 7981 
3 969 929 965 
3 6877 4629 5008 
3 4341 3385 1429 
3 895 931 1163 
3 968 890 891 
3 985 908 953 
3 963 858 933 
3 2805 2179 3435 
3 966 894 859 
3 999 1162 894 
3 2982 5086 2362 
3 933 858 934 
3 1003 817 816 
3 3037 2104 2414 
3 934 935 898 
3 1673 2450 1658 
3 864 1091 897 
3 1100 7212 1071 
3 4727 7027 7305 
3 4306 6295 6814 
3 721 1054 866 
3 1056 866 1054 
3 827 791 792 
3 942 870 1018 
3 942 757 870 
3 3391 1418 1419 
3 2858 1117 3202 
3 1017 871 943 
3 1880 6490 7003 
3 6882 2548 6136 
3 1016 978 943 
3 4788 399 7965 
3 7995 7996 833 
3 1564 7299 393 
3 874 950 763 
3 1066 906 1024 
3 906 1066 907 
3 951 1068 1067 
3 913 911 986 
3 1067 984 837 
3 876 840 952 
3 895 860 855 
3 909 1068 951 
3 5827 5832 250 
3 957 1073 910 
3 773 1075 957 
3 2400 6379 7968 
3 990 740 913 
3 4016 2703 1349 
3 1885 2277 1397 
3 901 898 863 
3 1035 915 961 
3 1003 816 1000 
3 953 910 1025 
3 3482 3805 1685 
3 7308 6626 7652 
3 998 920 925 
3 919 964 889 
3 943 828 866 
3 3366 2080 6916 
3 925 928 1004 
3 5935 1647 2292 
3 2043 6598 4725 
3 1001 998 965 
3 1192 643 3309 
3 969 1048 929 
3 970 817 1003 
3 4126 7987 6457 
3 3275 237 6724 
3 7909 3745 2655 
3 1042 897 1367 
3 940 974 827 
3 3528 7460 2403 
3 902 940 789 
3 7123 7368 7128 
3 1075 1073 957 
3 512 4210 3025 
3 837 951 1067 
3 979 944 903 
3 3053 3008 5828 
3 7592 7359 7475 
3 870 829 1018 
3 979 903 759 
3 7995 833 1059 
3 828 944 829 
3 3411 6274 394 
3 1023 1244 982 
3 2639 2391 533 
3 950 874 984 
3 798 836 905 
3 5726 6862 1259 
3 1646 7395 4474 
3 1885 555 4632 
3 909 877 1105 
3 627 2540 628 
3 1028 1202 1105 
3 841 909 875 
3 877 909 841 
3 1107 1108 956 
3 951 875 909 
3 880 987 877 
3 1069 986 876 
3 987 880 989 
3 4019 6097 5689 
3 1029 989 882 
3 989 880 805 
3 5550 3100 3078 
3 988 1112 845 
3 742 1115 1030 
3 281 3580 1705 
3 4014 5593 6858 
3 959 883 886 
3 742 1030 993 
3 887 920 1123 
3 993 1157 1036 
3 1078 997 919 
3 995 1078 919 
3 963 1041 1037 
3 1259 1902 5726 
3 920 811 813 
3 1544 2446 955 
3 6901 1250 960 
3 922 1080 1040 
3 813 925 920 
3 998 1001 1123 
3 966 923 1036 
3 1039 931 964 
3 929 1001 965 
3 929 1043 1001 
3 4616 3429 7950 
3 2226 2646 3407 
3 1006 1004 932 
3 969 925 1084 
3 1048 1043 929 
3 601 580 1167 
3 860 1051 968 
3 1006 1047 1004 
3 7904 7892 1012 
3 1117 3777 7959 
3 2003 6598 2043 
3 2858 3777 1117 
3 937 895 1222 
3 338 1021 1156 
3 898 1169 934 
3 1348 1502 1738 
3 2952 5180 748 
3 1053 940 902 
3 2563 1708 1702 
3 1174 899 1470 
3 899 1174 1054 
3 7630 7562 2229 
3 829 944 1018 
3 940 1053 974 
3 3831 6780 3278 
3 1117 2703 3202 
3 1055 973 1096 
3 1646 1655 7396 
3 1096 976 1179 
3 1179 976 1057 
3 257 1409 4147 
3 3806 5681 339 
3 944 979 1018 
3 1017 1059 831 
3 1142 759 760 
3 755 7957 2394 
3 1182 904 1020 
3 5820 5580 5227 
3 982 981 1063 
3 4122 2093 2099 
3 950 1193 1065 
3 1023 1063 1144 
3 1024 1195 1066 
3 3280 5030 5035 
3 4306 7640 6295 
3 950 905 763 
3 1149 956 907 
3 7414 1564 230 
3 3026 1191 3046 
3 4437 661 4352 
3 7868 7882 2241 
3 1105 877 1028 
3 564 480 595 
3 1451 1197 1151 
3 1068 909 1105 
3 913 1152 1074 
3 215 94 3019 
3 1649 5865 195 
3 7530 4125 7555 
3 881 1108 988 
3 278 3019 3431 
3 277 222 293 
3 80 3131 1389 
3 4754 80 1389 
3 277 200 222 
3 1153 845 1112 
3 1029 883 1077 
3 1115 990 1076 
3 1306 1032 1271 
3 886 1269 959 
3 1268 1033 961 
3 961 1033 1035 
3 2494 2375 2774 
3 1115 1116 1267 
3 1293 6829 826 
3 69 2731 4745 
3 995 1035 1078 
3 4020 4303 1211 
3 999 1036 1157 
3 6598 2003 2569 
3 4080 252 6795 
3 997 1078 1039 
3 1036 999 966 
3 920 998 1123 
3 922 1040 1000 
3 964 997 1039 
3 2569 2003 4716 
3 1120 914 1037 
3 4538 432 2951 
3 933 1041 963 
3 7819 1525 3708 
3 1004 928 932 
3 1215 1037 1041 
3 1025 910 1070 
3 1537 1335 1235 
3 6908 4577 496 
3 970 1003 1364 
3 1050 4687 960 
3 701 81 3100 
3 4497 4802 4431 
3 955 1922 7011 
3 4909 6553 1275 
3 1044 1041 933 
3 938 861 894 
3 917 6274 4545 
3 1273 1044 933 
3 1039 1131 1163 
3 1222 895 1163 
3 7901 7897 3379 
3 1051 1089 968 
3 6709 486 0 
3 7579 7810 7463 
3 5109 5112 2510 
3 1006 932 968 
3 1222 1090 937 
3 1090 1051 937 
3 4242 4098 3913 
3 1163 931 1039 
3 6136 2548 2453 
3 1168 1582 1043 
3 1056 1054 1135 
3 1096 1179 1234 
3 1016 943 1056 
3 2548 5318 2453 
3 618 339 7850 
3 6798 2208 7891 
3 1140 978 1016 
3 1140 1017 978 
3 1451 1151 1561 
3 1061 981 1022 
3 1022 982 1340 
3 7487 7358 1369 
3 675 616 564 
3 1397 555 1885 
3 2703 5145 1349 
3 43 74 83 
3 985 1104 952 
3 7766 7880 7420 
3 7896 3308 992 
3 1068 1199 1067 
3 2452 1816 2449 
3 6945 2807 3453 
3 1146 5871 7614 
3 3211 3551 5024 
3 592 504 644 
3 2208 7876 7891 
3 1073 1070 910 
3 1110 1028 987 
3 986 1072 1152 
3 5085 4854 4773 
3 4528 4748 4599 
3 1074 990 913 
3 1267 1030 1115 
3 1077 883 959 
3 6767 1541 201 
3 5317 3394 1531 
3 581 663 746 
3 1270 1035 1033 
3 993 1030 1157 
3 4011 628 2522 
3 5019 2535 4339 
3 7196 1257 2345 
3 889 995 919 
3 886 1034 1269 
3 966 999 894 
3 5919 6342 1121 
3 1041 1044 1160 
3 2961 6401 4005 
3 1326 4948 3151 
3 1221 1042 1367 
3 717 665 667 
3 1082 1160 1044 
3 3708 5665 7819 
3 1217 1158 1080 
3 3275 3480 6065 
3 3108 5870 560 
3 0 7715 6709 
3 893 897 1042 
3 938 1162 1229 
3 1367 897 1171 
3 1168 1048 1087 
3 2521 4853 1435 
3 239 393 7857 
3 7714 7762 850 
3 1171 897 1091 
3 1048 969 1084 
3 5159 3288 1859 
3 939 1133 901 
3 1138 1096 1234 
3 3187 6942 6209 
3 974 1095 975 
3 3708 6751 5665 
3 902 938 1092 
3 975 1095 1133 
3 974 1053 1175 
3 1135 1054 1174 
3 7791 4489 7902 
3 1057 942 1098 
3 1057 1178 1179 
3 1142 1098 979 
3 1815 1881 1818 
3 2823 7338 1682 
3 1142 760 1236 
3 3689 3859 3866 
3 5227 5580 5226 
3 1063 1023 982 
3 7114 555 1397 
3 1101 1065 1193 
3 950 1065 905 
3 1024 1065 1101 
3 1517 2134 2756 
3 950 984 1103 
3 1199 1103 1067 
3 3191 6286 3954 
3 1104 1150 1069 
3 2122 114 7132 
3 442 429 430 
3 693 716 859 
3 7797 7455 3409 
3 6593 6656 6668 
3 1194 1195 1101 
3 1107 1109 1108 
3 1191 6769 6729 
3 1109 988 1108 
3 1072 1201 1152 
3 5051 4449 1475 
3 2889 1045 2817 
3 2479 7322 563 
3 7839 3116 4426 
3 1207 1073 1075 
3 5448 5216 5284 
3 1076 1116 1115 
3 732 600 530 
3 1157 1030 1267 
3 887 1269 1034 
3 1078 1035 1270 
3 1126 2187 2713 
3 6829 5134 4716 
3 4642 5548 5621 
3 1313 1155 1001 
3 1113 1032 1306 
3 1217 1042 1416 
3 127 120 3283 
3 2405 1723 1727 
3 2441 7258 4836 
3 1162 999 1124 
3 1217 1080 1042 
3 3969 1578 2173 
3 1001 1130 1313 
3 531 733 736 
3 1130 1001 1043 
3 3671 7794 177 
3 94 2749 2453 
3 1004 1047 1223 
3 7306 7651 7769 
3 5003 1693 2451 
3 933 934 1273 
3 1117 7959 3433 
3 1223 1084 1004 
3 1223 1047 1164 
3 3675 7121 3419 
3 7299 5688 7857 
3 1043 1048 1168 
3 1274 1087 1084 
3 2163 6741 7827 
3 1087 1048 1084 
3 1930 1929 1812 
3 1092 1175 1053 
3 1136 1096 1138 
3 1175 1095 974 
3 1502 1348 1107 
3 1345 1399 1798 
3 1055 1096 1136 
3 544 5919 2709 
3 901 1133 1173 
3 2749 2708 2453 
3 6752 7856 3325 
3 3615 163 7794 
3 7897 3393 7900 
3 2708 6136 2453 
3 4329 7087 6043 
3 5636 6758 2582 
3 904 1182 980 
3 1059 1060 7995 
3 1288 1061 1143 
3 7817 1511 6728 
3 4938 3284 7195 
3 1063 1292 1432 
3 7012 3154 7782 
3 7074 1293 1349 
3 1193 950 1145 
3 1066 1195 1198 
3 1149 1066 1198 
3 1103 1145 950 
3 1025 1197 1148 
3 1104 985 1148 
3 754 2948 4037 
3 6697 375 7780 
3 1070 1151 1025 
3 1201 1072 1069 
3 1551 1552 1668 
3 1737 1345 1865 
3 2836 2941 2837 
3 1397 6598 7114 
3 3215 6668 6656 
3 1107 956 1149 
3 1110 1304 1202 
3 1346 1202 1304 
3 1159 2896 6069 
3 1455 1262 1210 
3 2569 7682 6598 
3 1112 988 1208 
3 1110 1202 1028 
3 703 508 683 
3 1236 980 1337 
3 1116 1076 1263 
3 1029 1210 989 
3 1025 1148 953 
3 1029 1077 1210 
3 688 740 808 
3 1267 1116 1265 
3 1268 884 1153 
3 125 3381 1475 
3 868 591 942 
3 1040 1158 1000 
3 2206 2396 2274 
3 887 1123 1357 
3 2751 2756 2765 
3 1515 1689 2135 
3 1123 1155 1357 
3 5544 3004 6475 
3 4716 826 6829 
3 605 569 7641 
3 5389 7028 5988 
3 4086 4714 3532 
3 1315 1215 1041 
3 1039 1361 1131 
3 1521 1155 1313 
3 2134 2805 2773 
3 1130 1043 1582 
3 6179 4185 6473 
3 1273 1220 1082 
3 1802 1284 7798 
3 4474 4461 1005 
3 5003 7630 2229 
3 1131 1318 1163 
3 6595 7720 7758 
3 867 1532 7819 
3 4672 7265 5571 
3 3270 6862 3241 
3 6894 3288 1630 
3 1651 1420 1589 
3 1316 1160 1082 
3 6634 2987 6192 
3 4632 555 2129 
3 1087 1228 1325 
3 2910 2809 2867 
3 1133 1095 1278 
3 2751 2765 3436 
3 1528 1175 1092 
3 3283 6004 2717 
3 7265 7205 4537 
3 7259 7809 6261 
3 7205 7199 533 
3 2161 5145 2703 
3 2521 1435 3964 
3 1683 2118 2055 
3 1022 981 982 
3 1140 1235 1060 
3 1060 1059 1140 
3 1285 1135 1424 
3 1598 2136 1597 
3 2685 3359 3377 
3 1337 980 1182 
3 1294 1022 1340 
3 6866 6974 7544 
3 1247 1243 1246 
3 4685 6579 5564 
3 1247 1248 1243 
3 5197 5344 5198 
3 1190 1252 1248 
3 1253 1298 1343 
3 1245 1243 1248 
3 5511 6729 7565 
3 4717 691 86 
3 995 851 915 
3 1488 1607 1393 
3 7954 425 6550 
3 1101 1193 1399 
3 3215 7743 6668 
3 1151 1197 1025 
3 1104 1148 1402 
3 3111 1264 569 
3 1806 6955 2439 
3 1255 1103 1199 
3 4584 5877 1682 
3 1195 1024 1101 
3 1348 1109 1107 
3 7745 495 2410 
3 787 719 638 
3 1793 1789 7795 
3 5130 748 5180 
3 1112 1352 1153 
3 1874 7093 4094 
3 5039 992 3816 
3 1153 1352 1266 
3 1305 1258 1074 
3 1208 988 1109 
3 1971 5623 6232 
3 6691 6664 5508 
3 1113 1209 1207 
3 1262 1261 987 
3 5640 6030 5641 
3 1268 1153 1266 
3 1032 914 1120 
3 2265 3452 3186 
3 1033 1309 1270 
3 1267 1308 1314 
3 1271 1120 1215 
3 1269 887 1357 
3 2256 1128 1249 
3 1310 1216 1158 
3 1120 1037 1215 
3 1314 1124 1157 
3 2134 2773 2756 
3 6232 2211 6950 
3 2161 1117 3433 
3 1315 1041 1160 
3 2089 5545 4644 
3 7726 5003 3945 
3 1319 1220 1273 
3 1700 1584 1528 
3 1416 1042 1221 
3 1223 1164 1274 
3 1273 934 1224 
3 7084 7056 6035 
3 1318 1370 1222 
3 2751 3436 48 
3 7400 7093 1902 
3 1084 1223 1274 
3 5851 7530 1588 
3 1089 1281 1166 
3 1278 1277 1173 
3 1230 1281 1089 
3 1281 1231 1166 
3 1470 1640 1174 
3 1090 1222 1370 
3 4975 5546 5128 
3 1133 1278 1173 
3 1279 1281 1230 
3 3615 7794 6209 
3 7056 7084 967 
3 802 956 879 
3 1174 1282 1135 
3 1045 1200 20 
3 5820 5227 5942 
3 1180 1285 1286 
3 1098 1141 1334 
3 7998 1060 1235 
3 4982 5053 4674 
3 7682 3045 7114 
3 6598 7682 7114 
3 1349 5145 7074 
3 1292 1061 1288 
3 4853 4781 1435 
3 1240 1241 1243 
3 1243 1386 1240 
3 7074 6829 1293 
3 2345 5934 7613 
3 1190 1248 1295 
3 1247 1295 1248 
3 5642 5206 6811 
3 1248 1252 1245 
3 6042 6302 6172 
3 1309 1268 1462 
3 729 596 728 
3 985 953 1148 
3 7059 4468 5303 
3 728 828 729 
3 6592 4958 1491 
3 5317 1531 1536 
3 1252 1253 1447 
3 1101 1399 1194 
3 1198 1195 1194 
3 1194 1301 1198 
3 1107 1198 1502 
3 68 1985 6595 
3 6146 1326 7403 
3 6724 5317 1536 
3 1150 1104 1402 
3 1198 1107 1149 
3 566 729 870 
3 1243 1241 1246 
3 1261 1110 987 
3 1246 1241 1341 
3 1056 1285 1016 
3 1601 1186 1294 
3 1074 1258 1076 
3 1407 1209 1306 
3 282 249 204 
3 987 989 1262 
3 5134 2569 4716 
3 1112 1208 1352 
3 1266 1462 1268 
3 3231 4226 3534 
3 1300 5635 7324 
3 1809 7798 1284 
3 1505 1070 1204 
3 1314 1157 1267 
3 5623 1971 6362 
3 977 1011 4271 
3 1488 1788 1607 
3 1310 1158 1519 
3 7745 6547 495 
3 1217 1413 1158 
3 5435 5444 309 
3 1216 1364 1003 
3 1307 4273 6608 
3 4987 4986 5057 
3 7467 5872 5222 
3 1162 1124 1321 
3 6955 1238 495 
3 3755 0 486 
3 5873 3391 1419 
3 1464 750 20 
3 5871 1991 3652 
3 765 906 800 
3 2129 2534 4429 
3 6459 2230 2929 
3 1168 1325 1582 
3 6187 4271 1251 
3 1115 742 808 
3 7491 807 5236 
3 8 614 2248 
3 1082 1220 1316 
3 1166 1231 1164 
3 1368 1175 1528 
3 1339 5145 2161 
3 2272 1226 4950 
3 309 305 5435 
3 3871 3589 3691 
3 1768 1374 1370 
3 1231 1330 1164 
3 1171 1283 1327 
3 5036 3422 4745 
3 1767 1278 1095 
3 5618 967 7084 
3 1640 1282 1174 
3 1283 1055 1136 
3 2423 2714 2656 
3 1332 1281 1476 
3 1138 1533 1136 
3 1140 1016 1180 
3 4276 4278 6608 
3 1178 1098 1334 
3 1332 1231 1281 
3 1142 1236 1141 
3 3699 4073 2127 
3 1430 1141 1236 
3 485 3433 7959 
3 5866 2356 5823 
3 7682 2569 2288 
3 1196 7327 1007 
3 1240 1386 1291 
3 1187 1007 2039 
3 569 2425 7641 
3 1241 1240 1478 
3 7043 1031 7041 
3 82 73 121 
3 1386 1245 1436 
3 6829 2369 5134 
3 1297 1298 1190 
3 1811 7564 7020 
3 1493 1553 1298 
3 1502 1198 1301 
3 1071 4294 1100 
3 1786 1550 1443 
3 1402 1148 1497 
3 1148 1449 1497 
3 1197 1449 1148 
3 3464 2765 2773 
3 2489 2491 2370 
3 1255 1199 1346 
3 1502 1301 1345 
3 7020 7018 5394 
3 5342 5353 7598 
3 1481 2169 1429 
3 1841 1594 1840 
3 902 789 751 
3 1406 1208 1348 
3 1263 1076 1258 
3 1507 1116 1263 
3 1113 1306 1209 
3 1341 1443 1246 
3 4341 1429 6059 
3 1265 1116 1507 
3 1262 989 1210 
3 1210 1077 1457 
3 6547 2439 6955 
3 2039 5392 1187 
3 1269 1077 959 
3 1032 1120 1271 
3 1237 2077 6980 
3 5861 3366 5865 
3 1411 1314 1308 
3 2601 753 762 
3 1493 1396 1667 
3 1358 1364 1216 
3 6187 977 4271 
3 4942 368 6599 
3 1413 1360 1158 
3 1418 1437 1419 
3 970 1364 1470 
3 1124 999 1157 
3 368 4942 6451 
3 1217 1416 1413 
3 1855 7521 1747 
3 5145 1339 2934 
3 1365 1416 1221 
3 1376 1230 1374 
3 907 800 906 
3 553 2225 7247 
3 2523 2648 2287 
3 7987 1391 6457 
3 1321 1528 1229 
3 1169 1529 934 
3 1530 1367 1327 
3 5489 1344 385 
3 1274 1228 1087 
3 1277 1585 1529 
3 1529 1169 1277 
3 1374 1230 1090 
3 1274 1164 1330 
3 1091 1283 1171 
3 1368 1328 1095 
3 1328 1767 1095 
3 1375 1278 1767 
3 1066 1149 907 
3 1376 1279 1230 
3 6919 7202 4875 
3 1330 1231 1332 
3 283 4206 280 
3 1472 1327 1283 
3 1279 1380 1281 
3 1362 1369 1350 
3 1533 1283 1136 
3 1476 1281 1380 
3 762 753 77 
3 1423 1279 1376 
3 990 1115 808 
3 6074 5055 7980 
3 1424 1286 1285 
3 1178 1333 1179 
3 1333 1178 1382 
3 1537 1180 1286 
3 1537 1235 1180 
3 1155 1521 1357 
3 1334 1141 1596 
3 5086 171 2362 
3 481 457 596 
3 1289 1968 7169 
3 935 669 587 
3 1183 7998 1288 
3 7668 7871 7876 
3 7997 1337 1182 
3 2169 1481 4094 
3 6515 2104 955 
3 2369 7883 6351 
3 2566 692 1958 
3 2493 2545 2434 
3 484 1395 3369 
3 2569 5134 2288 
3 7155 7675 5582 
3 2047 1976 1730 
3 5366 1937 7973 
3 6085 6935 5954 
3 1343 1610 1253 
3 1301 1194 1399 
3 6406 6746 6407 
3 1590 2425 7617 
3 1610 1447 1253 
3 1255 1450 1145 
3 7020 5394 1811 
3 984 1067 1103 
3 7598 5353 7610 
3 1305 1500 1866 
3 7918 5974 7952 
3 1817 1883 1695 
3 1984 1674 2048 
3 2400 2450 7427 
3 2076 7271 5024 
3 7998 1335 1288 
3 1847 1249 2319 
3 1452 1258 1305 
3 7983 5689 4539 
3 1152 913 986 
3 1207 1209 1505 
3 1267 1353 1308 
3 1261 1262 1454 
3 1818 1463 1815 
3 4565 4554 3203 
3 1408 1265 1507 
3 2295 1256 4714 
3 1353 1265 1408 
3 1406 1624 1352 
3 1352 1208 1406 
3 1457 1077 1354 
3 1081 7439 2311 
3 195 5865 6939 
3 1077 1269 1354 
3 1032 1113 958 
3 1462 1515 1309 
3 5620 2161 3433 
3 761 904 980 
3 3055 5338 6504 
3 1357 1354 1269 
3 6085 3083 6921 
3 1364 1518 1574 
3 1361 1270 1309 
3 2563 4788 7433 
3 1309 1522 1361 
3 6579 6941 6717 
3 1453 873 862 
3 1416 1579 1413 
3 555 7114 2129 
3 1315 1316 1412 
3 1417 1131 1361 
3 1131 1417 1318 
3 1762 1370 1318 
3 5145 2934 7883 
3 1370 1374 1090 
3 7878 3132 7650 
3 2528 6590 612 
3 1209 1407 1505 
3 5145 7883 7074 
3 1368 1528 1584 
3 612 2522 598 
3 1583 1224 1529 
3 1530 1365 1367 
3 1228 1372 1325 
3 1224 934 1529 
3 1274 1372 1228 
3 7714 7355 4404 
3 1375 1585 1277 
3 7978 4222 885 
3 2915 6924 5570 
3 864 783 719 
3 1472 1283 1533 
3 1423 1376 1377 
3 6227 1567 6130 
3 1379 1420 1330 
3 5435 1102 3132 
3 1423 1426 1279 
3 1747 5903 5129 
3 1426 1380 1279 
3 1550 1295 1443 
3 2369 2314 5134 
3 1537 1286 1381 
3 1335 7998 1235 
3 1596 1141 1430 
3 2259 2025 2075 
3 1633 7908 7379 
3 2104 6515 7564 
3 1478 1546 1341 
3 7482 7702 7934 
3 6622 2040 1501 
3 1386 1431 1291 
3 881 988 845 
3 7384 6329 4145 
3 1390 1385 1387 
3 1292 1288 1335 
3 385 1106 4836 
3 1390 1387 1441 
3 62 5577 3131 
3 257 4147 678 
3 3083 6085 5954 
3 27 56 16 
3 1243 1245 1386 
3 4397 6219 1260 
3 1145 1399 1193 
3 1390 1442 1438 
3 1441 1442 1390 
3 1241 1478 1341 
3 834 6469 7557 
3 1440 1245 1446 
3 471 3062 268 
3 80 62 3131 
3 1490 1393 1552 
3 55 2708 2749 
3 1295 1396 1297 
3 7564 1811 2104 
3 1493 1297 1396 
3 1252 1446 1245 
3 1247 1443 1295 
3 5836 6907 5245 
3 1905 1720 1966 
3 1187 5392 264 
3 1449 1197 1451 
3 1201 1150 1500 
3 1319 1273 1583 
3 670 719 783 
3 535 1990 7733 
3 1261 1304 1110 
3 1304 1261 1454 
3 2535 4326 5590 
3 1455 1454 1262 
3 1503 1304 1454 
3 215 180 94 
3 1868 5168 5170 
3 1748 1353 1408 
3 1461 1568 1306 
3 4604 2288 5134 
3 3506 7398 1655 
3 1461 1306 1271 
3 4900 4738 4896 
3 5206 5642 110 
3 5745 1693 7691 
3 5186 5842 3417 
3 2503 7961 2685 
3 1360 1519 1158 
3 1412 1271 1215 
3 3892 4397 3884 
3 5983 3754 4828 
3 5541 5511 7565 
3 1412 1316 1466 
3 1314 1414 1124 
3 1375 1277 1278 
3 1150 1201 1069 
3 6749 3116 7856 
3 1316 1220 1466 
3 1366 1124 1580 
3 7518 5346 7942 
3 1263 1258 1614 
3 4678 6742 3446 
3 1768 1370 1762 
3 2451 2127 4073 
3 5003 4073 3945 
3 1584 1328 1368 
3 2369 6829 7074 
3 6060 3271 6847 
3 1282 1706 1424 
3 1594 1423 1377 
3 1379 1332 1535 
3 6060 5944 2911 
3 94 180 2749 
3 6148 1114 438 
3 4429 3777 4632 
3 1334 1382 1178 
3 1633 4428 7908 
3 7314 7208 7082 
3 1540 1478 1291 
3 2049 2672 1511 
3 1040 1080 1158 
3 7664 7115 7660 
3 485 3777 4429 
3 5911 171 6454 
3 308 407 349 
3 7994 1186 7997 
3 2198 4089 2790 
3 4853 2521 5779 
3 1605 1480 1390 
3 2369 6351 2314 
3 2167 1736 1866 
3 1173 1169 901 
3 1390 1480 1385 
3 3076 3178 3243 
3 4093 5236 7525 
3 99 1311 4303 
3 1431 1386 1436 
3 1484 1436 1440 
3 1786 1443 1341 
3 7894 850 5770 
3 1343 1298 1553 
3 1552 1393 1554 
3 1393 1490 1442 
3 2756 2773 2765 
3 1491 6765 4142 
3 1552 1554 1445 
3 1526 1466 1220 
3 1252 1447 1446 
3 1339 2161 5620 
3 1496 1610 1343 
3 1100 4294 1129 
3 6289 5127 3212 
3 1497 1557 1402 
3 1737 1502 1345 
3 854 853 7121 
3 561 785 752 
3 5108 7682 2288 
3 1449 1734 1497 
3 6075 5160 3490 
3 7465 4088 7440 
3 1201 1500 1305 
3 1304 1503 1346 
3 1150 1402 1500 
3 1292 1335 1479 
3 1348 1738 1506 
3 615 1682 7873 
3 1055 864 973 
3 1503 1616 1803 
3 1506 1624 1406 
3 7966 4771 7498 
3 2907 7460 793 
3 1507 1680 1508 
3 1306 1568 1742 
3 7212 1100 1774 
3 1624 1266 1352 
3 1570 1565 1625 
3 3631 5055 6074 
3 1266 1624 1459 
3 1306 1742 1407 
3 2314 4604 5134 
3 1463 1308 1353 
3 793 2939 2907 
3 1463 1411 1308 
3 1358 1310 1516 
3 4207 484 2507 
3 1631 1357 1521 
3 6807 1489 7612 
3 1631 1354 1357 
3 7738 701 3100 
3 5920 588 7629 
3 1417 1522 1758 
3 1215 1315 1412 
3 1124 1414 1580 
3 1579 1416 1365 
3 647 734 619 
3 1313 1130 1581 
3 2232 3959 1562 
3 1366 1321 1124 
3 1420 1372 1330 
3 1330 1372 1274 
3 3929 5093 2505 
3 1327 1472 1530 
3 1291 1431 1540 
3 1529 1826 1583 
3 1441 1488 1393 
3 1420 1474 1372 
3 1640 1706 1282 
3 5170 7465 7440 
3 1474 1828 1372 
3 2451 4073 5003 
3 1420 1651 1474 
3 1790 2154 1857 
3 1535 1425 1534 
3 4541 756 3743 
3 6742 4604 2314 
3 1420 1379 1589 
3 1379 1330 1332 
3 1704 1138 1234 
3 1477 1286 1424 
3 2686 4759 1626 
3 5861 1649 5935 
3 2451 1693 2127 
3 1477 1381 1286 
3 1476 1380 1650 
3 1715 1846 1538 
3 1335 1537 1718 
3 1428 1538 1783 
3 1659 1383 1480 
3 1428 1383 1538 
3 1500 1402 1557 
3 1410 6075 7896 
3 2120 1872 1999 
3 1382 1334 1596 
3 1661 1596 1430 
3 1432 1292 1479 
3 5325 460 5215 
3 1383 1385 1480 
3 865 6329 4366 
3 1605 1720 1480 
3 1485 127 4504 
3 1294 1439 1601 
3 1294 1340 1439 
3 2214 2216 1923 
3 348 405 477 
3 220 7298 7349 
3 1113 1075 991 
3 4110 5624 1303 
3 767 879 804 
3 1342 552 4672 
3 3284 4938 7167 
3 1577 1412 1466 
3 6506 1351 2412 
3 4404 7355 6817 
3 1333 1234 1179 
3 1396 1295 1550 
3 645 6779 3785 
3 2229 7691 1693 
3 1556 1555 1445 
3 1446 1447 1730 
3 6393 2896 2098 
3 201 7283 6767 
3 1497 1558 1557 
3 3231 3167 3621 
3 1253 1190 1298 
3 2048 1674 1672 
3 1451 1561 1559 
3 1399 1450 1499 
3 7684 1159 2826 
3 1399 1499 1798 
3 6090 1590 4422 
3 6035 2225 7084 
3 7771 3176 7986 
3 615 7873 7612 
3 1679 1614 1452 
3 1665 6556 794 
3 1507 1263 1614 
3 4771 5664 2229 
3 6476 5858 485 
3 1508 1408 1507 
3 1459 1624 2006 
3 1748 1408 1508 
3 6505 2089 4644 
3 2314 6351 6742 
3 3771 6240 3762 
3 1463 1353 1748 
3 4894 972 4800 
3 2218 4404 2823 
3 1689 1515 1462 
3 1627 1574 1518 
3 3308 7896 326 
3 1310 1519 1691 
3 7864 6077 1418 
3 1413 1576 1360 
3 1635 1414 1411 
3 1574 1695 1364 
3 1425 1535 1332 
3 1576 1413 1757 
3 730 921 4152 
3 1757 2015 1576 
3 1757 1413 1579 
3 7812 7596 1922 
3 1323 3045 7682 
3 1521 1313 1581 
3 2524 613 2995 
3 1758 1762 1417 
3 1321 1366 1699 
3 1581 1130 1582 
3 1366 1941 1699 
3 1470 1695 1640 
3 7848 4745 2731 
3 5105 5107 5025 
3 2976 1911 2977 
3 5613 5724 5855 
3 94 2453 5318 
3 1828 1325 1372 
3 5108 1323 7682 
3 1830 1767 1328 
3 5130 151 748 
3 6274 3411 4545 
3 2089 7280 5545 
3 3754 2292 3759 
3 1533 1138 1704 
3 2896 696 6069 
3 1374 1768 1377 
3 1582 1892 1761 
3 2129 3045 5516 
3 1374 1377 1376 
3 961 810 744 
3 3945 5828 2521 
3 1652 1426 1423 
3 1654 1425 1476 
3 1333 1704 1234 
3 4597 4604 6742 
3 1780 1715 1538 
3 3971 4001 6425 
3 1780 1538 1659 
3 1323 5516 3045 
3 485 5858 3433 
3 6274 917 7858 
3 1720 1659 1480 
3 1546 1478 1543 
3 1383 1659 1538 
3 1543 1478 1540 
3 1432 1479 1549 
3 99 110 5642 
3 7997 1545 1337 
3 2168 2525 2415 
3 5620 3433 5858 
3 2085 7733 2103 
3 1346 1199 1202 
3 1013 5692 1015 
3 1428 1547 1387 
3 1432 1549 1144 
3 1436 1484 1431 
3 1709 1423 1594 
3 7883 2934 4980 
3 1664 1603 1439 
3 1144 1486 1244 
3 1603 1601 1439 
3 1390 1438 1605 
3 254 3060 7190 
3 1439 1244 1486 
3 6629 2016 7703 
3 1791 1972 1792 
3 3806 339 618 
3 1554 1393 1607 
3 7798 7814 4470 
3 7323 4089 2198 
3 2288 4604 4840 
3 7421 6584 743 
3 4961 4956 2539 
3 3806 211 7843 
3 739 1997 1974 
3 1496 1553 1729 
3 1452 1614 1258 
3 1556 1672 1674 
3 3720 7843 211 
3 1559 1796 1451 
3 1450 1255 1346 
3 7349 6779 645 
3 1799 1561 1151 
3 1797 1559 1561 
3 6264 5733 5867 
3 1613 1346 1503 
3 7610 5353 768 
3 1738 1681 1506 
3 306 3889 3095 
3 1561 1799 2053 
3 1122 7000 542 
3 1505 1407 1739 
3 1616 1503 1454 
3 1680 1507 1614 
3 6013 7633 565 
3 1742 1739 1407 
3 4983 4981 4964 
3 1455 1744 1454 
3 1053 902 1092 
3 1617 1566 1569 
3 1565 1566 1617 
3 1605 1438 1606 
3 1621 1565 1617 
3 1455 1457 1687 
3 6227 6130 5019 
3 6648 7214 7217 
3 1463 1748 1815 
3 1570 1625 1817 
3 4295 1686 6862 
3 1347 1355 1371 
3 1566 1565 1570 
3 1566 1570 1569 
3 6862 1686 1259 
3 1752 1457 1354 
3 7608 3108 560 
3 1570 1574 1569 
3 3004 6662 7720 
3 7504 7870 3137 
3 1574 1628 1569 
3 1922 7596 7011 
3 1462 1688 1689 
3 1753 1882 1573 
3 1882 1271 1573 
3 1519 1360 1691 
3 1310 1358 1216 
3 2097 4475 1513 
3 298 1620 4366 
3 1339 5193 2934 
3 1573 1271 1412 
3 1412 1577 1573 
3 4389 4366 7384 
3 1821 2013 1577 
3 724 6480 2566 
3 1892 1582 1325 
3 1580 1692 1366 
3 1804 1996 2170 
3 1220 1319 1526 
3 1699 1528 1321 
3 1764 1826 1585 
3 7738 3100 5558 
3 6394 6475 2565 
3 1766 1585 1375 
3 1584 1830 1328 
3 5177 4622 4129 
3 1474 1644 1828 
3 1338 1988 7199 
3 7199 3757 1338 
3 1377 1832 1594 
3 1242 5974 7918 
3 7052 7591 5654 
3 1593 1379 1535 
3 798 835 734 
3 1704 1472 1533 
3 1333 1951 1704 
3 1709 1652 1423 
3 1589 1379 1593 
3 1593 1775 1589 
3 2288 4840 5108 
3 1618 1741 1804 
3 3905 1532 867 
3 4390 3040 7190 
3 1848 1381 1836 
3 6572 5920 7629 
3 5275 102 5082 
3 1850 1382 1596 
3 1783 1538 1782 
3 2231 1878 2010 
3 7540 1429 2169 
3 5249 5115 5247 
3 1852 1549 1479 
3 257 678 7541 
3 6592 7421 4966 
3 4953 1539 4931 
3 1653 100 84 
3 7174 2929 2230 
3 1545 1186 1601 
3 7617 2425 2319 
3 1484 1662 1431 
3 628 4011 6950 
3 4980 6351 7883 
3 1488 1547 1788 
3 1488 1387 1547 
3 36 43 31 
3 1707 5132 143 
3 1439 1486 1664 
3 1603 1853 1601 
3 935 858 669 
3 1950 7974 7976 
3 1245 1440 1436 
3 1606 1490 1551 
3 1466 1636 1577 
3 1667 1396 1857 
3 1438 1490 1606 
3 1438 1442 1490 
3 817 664 816 
3 2826 6459 2929 
3 7254 1763 3899 
3 743 6584 1344 
3 970 1470 1009 
3 1172 1874 5149 
3 7151 2826 2929 
3 2310 7918 7952 
3 1445 1554 1672 
3 1668 1555 1556 
3 3926 5050 90 
3 708 53 6459 
3 2019 2098 2896 
3 4582 5758 5141 
3 1765 2449 306 
3 1731 1447 1610 
3 1595 1431 1962 
3 1795 1608 1732 
3 1796 1449 1451 
3 1610 1496 1983 
3 7695 1784 7918 
3 6764 7211 4491 
3 7147 1159 7684 
3 1557 2052 1500 
3 3367 3154 7012 
3 1452 1305 1866 
3 1497 1734 1558 
3 1346 1867 1450 
3 1737 1738 1502 
3 1835 1644 1772 
3 604 653 652 
3 2693 7972 1981 
3 1244 1023 1144 
3 2619 2561 2203 
3 1291 1478 1240 
3 1742 1568 1622 
3 1619 1569 1628 
3 1683 1621 1871 
3 1627 1745 1628 
3 1618 1569 1619 
3 2006 1624 1506 
3 1744 1455 1687 
3 1617 1569 1618 
3 1748 1508 1927 
3 7804 2556 2542 
3 1625 1565 1621 
3 1628 1745 1619 
3 7985 6639 2058 
3 5512 2637 1894 
3 1690 1746 1627 
3 1850 1903 1657 
3 1574 1627 1628 
3 1627 1516 1690 
3 6919 7045 7903 
3 1516 1310 1691 
3 1354 1631 1752 
3 1817 1695 1574 
3 1691 1690 1516 
3 1691 1360 1576 
3 5097 7364 5576 
3 1534 1425 1654 
3 13 1 6 
3 1691 1576 2133 
3 2934 5193 4980 
3 7903 7045 1299 
3 2135 1758 1515 
3 1579 1365 1757 
3 5787 2913 713 
3 2107 7132 1513 
3 1692 1580 1635 
3 1530 1825 1365 
3 1365 1825 1757 
3 7886 972 4894 
3 1319 1824 1526 
3 3671 7808 6736 
3 6668 7461 6593 
3 1870 1996 1804 
3 1011 7212 7188 
3 1830 1584 1701 
3 1767 1766 1375 
3 305 1995 1102 
3 7731 2380 7461 
3 1474 1772 1644 
3 1795 1732 1860 
3 1656 6806 7131 
3 1424 1836 1477 
3 1773 1651 1589 
3 625 686 737 
3 1654 1476 1650 
3 2334 2955 4135 
3 2128 2057 1742 
3 1650 1710 1654 
3 1650 1426 1652 
3 7206 2693 1981 
3 1333 1382 1657 
3 1846 1782 1538 
3 1951 1897 1955 
3 1382 1850 1657 
3 1537 1381 1848 
3 1595 1716 1540 
3 1718 1852 1479 
3 825 6973 7025 
3 2727 3863 1763 
3 1904 1546 1543 
3 1662 2150 1962 
3 1661 1430 1545 
3 4883 7983 4539 
3 1335 1718 1479 
3 1341 1546 1907 
3 5050 5082 102 
3 1545 1430 1337 
3 2376 7501 6717 
3 1600 1144 1549 
3 4429 4632 2129 
3 7351 7322 7071 
3 1547 1910 1788 
3 3402 6798 7892 
3 8 3204 7150 
3 1601 1721 1545 
3 281 6065 3480 
3 141 5103 143 
3 2422 2587 2420 
3 3531 6920 5832 
3 2233 1749 2061 
3 7269 4438 6283 
3 1971 2804 6362 
3 1493 1667 1792 
3 1552 1551 1490 
3 6557 7322 7247 
3 6149 4972 4038 
3 1672 1554 1607 
3 3796 3709 3619 
3 7617 2319 1249 
3 2241 4409 7868 
3 1556 1608 1668 
3 5577 40 5326 
3 1983 1731 1610 
3 3265 1125 4533 
3 1733 1734 1449 
3 1449 1796 1733 
3 1981 7191 7206 
3 2052 1557 1864 
3 7918 2310 7695 
3 1500 2052 1866 
3 4505 7928 7906 
3 1864 1557 1558 
3 5903 1747 7521 
3 1499 1450 1867 
3 5718 6531 7887 
3 1346 1613 1867 
3 1679 1452 1736 
3 7313 3755 5072 
3 1680 1614 1679 
3 714 775 711 
3 1739 1742 2057 
3 7209 6046 7088 
3 1414 1635 1580 
3 1618 1871 1617 
3 1617 1871 1621 
3 627 2211 2539 
3 1736 1452 1866 
3 1619 1745 1741 
3 1741 1618 1619 
3 5940 270 5208 
3 1749 1622 1568 
3 1625 1621 1684 
3 1862 3089 4287 
3 1745 1627 1746 
3 3362 2400 2271 
3 1752 1812 1687 
3 1687 1457 1752 
3 1808 1745 1746 
3 6939 3394 195 
3 5674 6150 6466 
3 1894 7795 1789 
3 1750 1746 1690 
3 1814 1688 1459 
3 6858 7394 7447 
3 2107 5110 2122 
3 1627 1518 1516 
3 1878 1750 2010 
3 1865 1345 1798 
3 6700 6810 7723 
3 2647 4950 1226 
3 7317 5541 7052 
3 1894 2637 6146 
3 3137 7774 1884 
3 2450 2400 3362 
3 1577 2013 1573 
3 1822 1695 1883 
3 1685 2359 994 
3 1515 1758 1522 
3 606 611 6941 
3 3675 3419 6751 
3 304 77 7758 
3 7210 4638 1299 
3 2067 2069 1692 
3 1759 1581 1582 
3 2173 1578 1127 
3 1488 1441 1387 
3 1761 1759 1582 
3 1089 1006 968 
3 1319 1583 1891 
3 6599 2399 4942 
3 1640 1695 1698 
3 1325 1828 1892 
3 1766 1764 1585 
3 1584 1700 1701 
3 1698 1706 1640 
3 2062 1753 2013 
3 4025 4029 2848 
3 1700 1528 1699 
3 1763 3863 3719 
3 1472 1704 1769 
3 1828 1644 2074 
3 1794 4734 1979 
3 634 3192 1542 
3 1884 7774 5276 
3 1834 1772 1651 
3 7593 7927 7832 
3 1709 1594 1841 
3 2595 4295 4030 
3 1804 2170 2118 
3 6551 540 6919 
3 1839 1840 1594 
3 1593 1776 1775 
3 34 7715 0 
3 5871 6059 722 
3 1652 1710 1650 
3 1534 1654 1711 
3 1534 1711 1593 
3 1593 1711 1776 
3 710 657 652 
3 1421 6656 53 
3 41 2565 6475 
3 1710 1652 1842 
3 3490 5160 6882 
3 2071 1847 1264 
3 1842 1709 1845 
3 1711 1714 1776 
3 1715 1777 1846 
3 1960 1848 1836 
3 4821 4754 5646 
3 1715 1780 1778 
3 1938 7017 681 
3 1333 1897 1951 
3 6995 2253 5261 
3 2081 1780 1659 
3 1848 1718 1537 
3 6502 7021 6769 
3 5563 609 605 
3 6106 4960 7115 
3 3232 1859 6811 
3 1907 1546 1904 
3 1662 1962 1431 
3 6572 1356 5870 
3 621 7167 2972 
3 6632 1299 4638 
3 25 109 79 
3 2580 2753 2472 
3 1484 1440 2041 
3 4437 7732 284 
3 2858 4632 3777 
3 1729 1792 1972 
3 1441 1393 1442 
3 4618 4101 4108 
3 7191 1981 7453 
3 5360 5069 5147 
3 1920 1551 1668 
3 5574 2245 3260 
3 1795 1921 1608 
3 3217 936 5519 
3 6605 3453 4596 
3 2123 1927 1998 
3 1608 1920 1668 
3 384 506 421 
3 6634 5957 5208 
3 1447 1731 1730 
3 6632 7903 1299 
3 994 6028 1685 
3 1796 1559 1987 
3 1729 1553 1493 
3 2631 2214 2159 
3 7590 7887 6531 
3 5142 4837 4925 
3 1800 1993 1613 
3 1406 1348 1506 
3 1680 1679 1869 
3 1665 7243 6556 
3 7453 7337 4875 
3 5846 7965 4714 
3 5405 7903 6632 
3 1505 1739 1799 
3 1790 2095 2154 
3 6783 540 6551 
3 854 1523 3341 
3 1882 1461 1271 
3 1316 1315 1160 
3 1744 1687 1812 
3 1625 2005 1813 
3 4931 1225 3660 
3 1817 1625 1813 
3 1744 1616 1454 
3 502 676 503 
3 6597 7903 5405 
3 2005 1879 1813 
3 1963 2087 1852 
3 7187 7300 6614 
3 1461 1882 1749 
3 1749 1568 1461 
3 3821 4831 4824 
3 7202 7203 7206 
3 1752 2060 1812 
3 7947 7946 7495 
3 7206 7191 7202 
3 1573 2013 1753 
3 6551 4190 6783 
3 1576 2015 2133 
3 1577 1636 1821 
3 1631 1521 1819 
3 6150 6097 4019 
3 1581 1819 1521 
3 7800 2817 6709 
3 2113 2052 1864 
3 1822 1698 1695 
3 7198 304 7758 
3 2213 2574 2217 
3 2426 2305 2237 
3 1699 1827 1700 
3 1200 1527 20 
3 2359 1685 3805 
3 4397 6197 6219 
3 2047 1730 1731 
3 6059 1429 6486 
3 7800 7715 34 
3 5657 7774 5936 
3 1769 1704 1771 
3 3091 3337 2992 
3 6071 6048 7091 
3 1773 1834 1651 
3 1836 1424 1706 
3 1709 1842 1652 
3 34 0 3697 
3 5206 3232 6811 
3 1836 1381 1477 
3 4853 7674 4781 
3 1839 1832 2026 
3 3374 7877 3351 
3 1714 1710 1843 
3 1897 1333 1657 
3 5883 1524 5716 
3 6783 4559 540 
3 2476 2421 2059 
3 5072 3755 1437 
3 3024 1409 7753 
3 151 5635 138 
3 1542 7159 2627 
3 1661 1850 1596 
3 1720 1905 2081 
3 2130 4829 6031 
3 1600 1549 1852 
3 2031 1901 2269 
3 77 304 6731 
3 1545 1721 1661 
3 1806 7729 1809 
3 2185 4829 2130 
3 1367 1365 1221 
3 5072 1437 6077 
3 1437 1418 6077 
3 3495 3492 3416 
3 5083 3461 100 
3 7167 2605 2972 
3 3725 6013 6031 
3 3480 4693 3580 
3 2279 2219 2109 
3 1105 1202 1199 
3 1855 7532 4815 
3 342 358 3098 
3 1199 1068 1105 
3 1725 1605 1606 
3 6075 326 7896 
3 212 1673 4920 
3 2129 5516 2534 
3 2044 1607 1788 
3 2041 1440 1976 
3 7543 264 5392 
3 5307 5311 1290 
3 6924 2915 2311 
3 5570 6924 6915 
3 4221 2563 7433 
3 1791 1667 1857 
3 563 7351 598 
3 2344 2285 2227 
3 1916 1551 1920 
3 7693 7588 7694 
3 6047 7322 6557 
3 1440 1730 1976 
3 570 514 623 
3 2048 1672 1917 
3 2105 1921 1980 
3 2507 7826 4207 
3 2503 5952 2507 
3 1732 1674 1860 
3 3816 2503 5039 
3 1558 1734 2050 
3 1499 2223 1798 
3 7392 1052 4894 
3 935 587 752 
3 2053 1799 2114 
3 5885 6573 412 
3 6391 7965 5846 
3 839 3883 2097 
3 1867 1613 1993 
3 1739 1994 1799 
3 2721 2307 2366 
3 1871 1804 2118 
3 402 3029 1946 
3 1927 1508 1998 
3 1870 1872 2120 
3 1741 1872 1870 
3 6901 960 4687 
3 614 7150 589 
3 1877 1748 1927 
3 2378 2257 2142 
3 4824 4831 4832 
3 1483 125 1475 
3 4714 6907 6383 
3 1877 2008 1815 
3 1933 1934 1813 
3 5108 4840 4637 
3 2065 1932 1631 
3 7413 6907 1256 
3 2513 2792 2688 
3 6731 3298 77 
3 7800 2102 2817 
3 4597 6742 4678 
3 7059 5303 2410 
3 3429 1250 4704 
3 1819 2065 1631 
3 1821 1755 1886 
3 2327 2789 2205 
3 7870 1046 3137 
3 7936 6872 1156 
3 3948 180 4417 
3 7504 1981 7972 
3 1886 1755 1823 
3 1526 1823 1755 
3 1888 1823 1824 
3 1758 1889 2073 
3 1941 1366 1692 
3 7646 7089 2995 
3 1699 1941 1827 
3 1825 1472 1769 
3 38 61 46 
3 6724 962 5317 
3 962 6724 2337 
3 5244 6415 4088 
3 1830 1893 1767 
3 1893 1766 1767 
3 1762 2073 1768 
3 955 2446 1922 
3 722 1991 5871 
3 1377 1949 1832 
3 7319 60 5973 
3 2437 2026 1949 
3 1947 1960 1836 
3 3922 4198 4199 
3 1949 2026 1832 
3 48 3436 3494 
3 2113 2222 2466 
3 1803 1800 1613 
3 1552 1445 1555 
3 1835 1895 1644 
3 1052 7402 7936 
3 1682 7338 7873 
3 1772 1777 1835 
3 2708 55 6389 
3 3929 4498 6249 
3 7402 6872 7936 
3 1715 1835 1777 
3 1771 1704 1951 
3 1718 1848 1963 
3 2708 6389 6136 
3 1776 1837 1775 
3 1715 1778 1835 
3 7012 3267 3367 
3 1716 1840 1839 
3 1716 1845 1840 
3 1840 1845 1841 
3 1898 1837 1776 
3 1776 1714 1898 
3 2649 2811 2418 
3 1842 1843 1710 
3 5638 4771 5557 
3 1845 1901 1843 
3 2029 1837 1898 
3 2309 2368 2192 
3 6111 4074 5963 
3 4089 7311 251 
3 6632 6392 5405 
3 1957 2030 1904 
3 1716 1957 1543 
3 1904 1543 1957 
3 42 122 10 
3 3137 1046 5936 
3 7504 7972 7870 
3 5383 1965 2485 
3 1721 1964 1661 
3 3778 7819 3617 
3 2150 1662 1854 
3 1910 1783 2035 
3 1721 1601 1853 
3 2529 7047 4784 
3 1600 1908 2092 
3 2160 2742 2210 
3 1603 2036 1853 
3 1605 1966 1720 
3 1368 1095 1175 
3 7691 2229 5664 
3 1786 1907 1969 
3 1522 1309 1515 
3 6505 2156 2813 
3 1211 1303 5624 
3 7785 3294 2131 
3 4725 6598 1397 
3 1923 1496 1729 
3 1771 1945 1769 
3 1917 1607 2044 
3 6547 6955 495 
3 1371 606 6579 
3 1674 1732 1556 
3 1716 1595 1845 
3 271 5342 7598 
3 1921 1795 1980 
3 1856 7942 445 
3 2331 2513 2570 
3 1906 4174 4168 
3 2050 1734 2339 
3 1980 1860 2109 
3 2794 2787 7680 
3 7774 3137 5936 
3 1414 1314 1411 
3 2363 2238 2132 
3 5459 7265 4537 
3 7265 5459 5571 
3 2116 1499 1867 
3 65 2020 1351 
3 2693 5805 7972 
3 1247 1246 1443 
3 1998 1508 1869 
3 2057 1994 1739 
3 1871 2118 1683 
3 5796 6052 5798 
3 4850 2440 536 
3 1392 7733 2085 
3 1392 4487 7733 
3 6425 3652 2329 
3 7814 2598 4470 
3 2176 2177 1684 
3 1812 1929 1744 
3 1684 2005 1625 
3 1459 2006 1814 
3 5170 2953 1868 
3 1933 1813 1879 
3 6304 5904 6174 
3 1852 1718 1963 
3 1932 2060 1752 
3 1932 1752 1631 
3 2238 2010 2012 
3 1690 2012 1750 
3 5944 6060 3727 
3 1690 1691 2012 
3 7732 4437 7899 
3 1990 1338 3757 
3 2062 2013 2181 
3 1885 5765 2277 
3 4318 2499 598 
3 2013 1821 2181 
3 1818 1936 1635 
3 4404 6817 7338 
3 2439 7729 1806 
3 1944 2435 1942 
3 4408 4535 2306 
3 1757 1825 2017 
3 1824 1891 1888 
3 2069 1941 1692 
3 6153 7213 2717 
3 7646 2995 613 
3 3278 6780 2865 
3 2145 2385 2390 
3 1942 1891 1826 
3 1941 2251 1827 
3 125 6719 5052 
3 3325 6771 6752 
3 1827 2021 1700 
3 1701 1700 2021 
3 2023 1893 1830 
3 2022 1766 1893 
3 1892 1828 2074 
3 1706 1698 2140 
3 672 4631 6960 
3 1836 1706 1947 
3 1952 1895 1835 
3 1784 7695 7830 
3 1777 1772 1834 
3 1896 1839 2026 
3 114 3762 6240 
3 1834 1956 1777 
3 1957 1839 1896 
3 1778 1952 1835 
3 6966 7309 6628 
3 2027 1837 2028 
3 2226 2034 2646 
3 1842 1845 1843 
3 1595 1901 1845 
3 2082 1963 1848 
3 1636 1466 1755 
3 2035 1783 2033 
3 1964 1850 1661 
3 1721 1853 2151 
3 2033 1783 1782 
3 1684 1621 1683 
3 1725 1966 1605 
3 1664 1486 2092 
3 1664 2036 1603 
3 2092 1486 1600 
3 2036 1664 2092 
3 672 1598 4631 
3 1907 1786 1341 
3 7311 4089 3598 
3 5624 4020 1211 
3 2157 1788 1910 
3 2081 1778 1780 
3 2042 1791 1914 
3 3324 7217 7548 
3 1921 2046 1920 
3 1791 1792 1667 
3 1976 2511 2041 
3 1883 2309 2192 
3 7858 917 924 
3 1983 1923 2216 
3 1825 2068 2017 
3 1129 1774 1100 
3 2920 151 138 
3 7453 1981 7504 
3 5927 5930 6427 
3 3176 2040 7986 
3 1734 1733 2339 
3 5054 6973 4504 
3 1472 1825 1530 
3 7243 1665 2889 
3 9 5 4 
3 2167 2052 2113 
3 2715 2819 2923 
3 960 1049 1050 
3 278 5410 215 
3 1993 2116 1867 
3 7202 4907 7203 
3 1738 1737 1992 
3 2557 2379 2613 
3 2113 1864 2222 
3 4875 7337 7045 
3 1203 7802 3753 
3 1929 2001 1873 
3 1870 2120 1996 
3 7573 1203 6891 
3 2055 2176 1683 
3 975 827 974 
3 980 760 761 
3 1873 1803 1616 
3 1622 2128 1742 
3 1808 1999 1872 
3 2004 1877 1927 
3 1744 1929 1873 
3 1749 2128 1622 
3 7843 5681 3806 
3 4504 127 7760 
3 540 7202 6919 
3 1748 1877 1815 
3 414 433 370 
3 2085 7647 1392 
3 1429 7540 5937 
3 1749 1882 2061 
3 7504 1884 7453 
3 1812 2060 1930 
3 2737 6846 3376 
3 1934 1817 1813 
3 1882 2062 2061 
3 2062 1882 1753 
3 1073 1204 1070 
3 1750 2012 2010 
3 2405 3864 2397 
3 2183 1934 1933 
3 1936 1818 1881 
3 1815 2008 1881 
3 3734 5935 5381 
3 7453 1884 7337 
3 5788 3113 5745 
3 1693 5745 3113 
3 2015 1757 2017 
3 1698 1822 2192 
3 2195 1819 1761 
3 1759 1761 1819 
3 6029 7745 2410 
3 1942 1943 1891 
3 1891 1943 1888 
3 1761 1892 2374 
3 4491 7227 6764 
3 1766 2022 1764 
3 2023 1830 1701 
3 7950 3429 4704 
3 3512 7573 6891 
3 1644 1895 2074 
3 1949 1377 1768 
3 7191 7453 4875 
3 2257 1771 2142 
3 2257 1945 1771 
3 1956 1834 2027 
3 1834 1773 2027 
3 1773 1837 2027 
3 1777 1900 1846 
3 5826 6370 3359 
3 3425 2790 4089 
3 2079 1898 1899 
3 1884 7210 7337 
3 1900 1777 1956 
3 2030 1957 2078 
3 1725 1606 1551 
3 6634 5394 7018 
3 1959 1899 1714 
3 6835 5489 4836 
3 4073 5828 3945 
3 2031 1714 1843 
3 540 4559 4907 
3 1773 1775 1837 
3 4005 6401 4079 
3 1595 1962 1901 
3 1782 1846 1900 
3 4771 7966 5557 
3 1686 4295 7687 
3 2887 2988 3041 
3 5202 7206 4936 
3 1850 1964 1903 
3 2147 1907 1904 
3 1563 7298 220 
3 3310 3642 6854 
3 1344 6584 6511 
3 1717 4221 1081 
3 2329 1919 1129 
3 4417 1137 3948 
3 4417 1205 1137 
3 2090 2206 2092 
3 1725 2155 1966 
3 1914 2154 2038 
3 7045 6919 4875 
3 1914 2038 2042 
3 1129 1919 1820 
3 1854 1484 2041 
3 2147 2153 1907 
3 7035 3880 7012 
3 2349 2352 2530 
3 4373 5409 6526 
3 2042 2158 1972 
3 3640 3185 3404 
3 606 1355 5621 
3 1972 1923 1729 
3 2069 2250 2370 
3 7206 5390 2693 
3 2932 2603 2491 
3 3021 3236 2980 
3 1983 1496 1923 
3 1984 1860 1674 
3 1733 1796 2110 
3 6987 4682 4705 
3 2110 1987 2111 
3 2230 2380 7174 
3 2164 1924 1797 
3 394 6786 7382 
3 3154 3367 7227 
3 1979 1751 6460 
3 1499 2116 2223 
3 1992 1865 1925 
3 1993 2117 2116 
3 1994 2174 2114 
3 3034 6942 3187 
3 1144 1600 1486 
3 1799 1994 2114 
3 2168 1869 1736 
3 6021 6480 7696 
3 1513 177 163 
3 7077 6509 6405 
3 1803 1873 2001 
3 2181 1821 2182 
3 7045 7337 7210 
3 2000 2124 1999 
3 1808 2000 1999 
3 7173 6173 1705 
3 1572 2897 3584 
3 2059 2178 1681 
3 2000 1878 2420 
3 7227 3367 6764 
3 1746 1878 1808 
3 2317 2075 2382 
3 6919 7903 6597 
3 2178 2237 2006 
3 2707 2297 2418 
3 2237 2178 2301 
3 1857 1550 1790 
3 1550 1857 1396 
3 3905 4482 1532 
3 2305 1931 1814 
3 1931 1688 1814 
3 2570 2513 2688 
3 3283 7213 6166 
3 1881 2008 2063 
3 95 188 130 
3 7210 1299 7045 
3 6166 7760 3283 
3 825 7025 1498 
3 2004 1927 2123 
3 106 103 198 
3 1935 2184 2135 
3 4638 7210 3463 
3 2064 2182 1821 
3 2017 2249 2015 
3 180 3948 2749 
3 6004 3283 120 
3 2242 2064 2244 
3 1936 2067 1635 
3 2067 1692 1635 
3 1542 2667 634 
3 1943 2193 1888 
3 7443 6403 4726 
3 701 7211 6764 
3 2022 1944 1764 
3 471 1629 3513 
3 2374 1892 2074 
3 2021 2023 1701 
3 148 133 149 
3 5612 5608 5717 
3 2140 1947 1706 
3 2462 6342 5919 
3 2166 2114 2174 
3 2026 2143 1896 
3 2028 1900 1956 
3 2027 2028 1956 
3 2028 2145 1900 
3 2078 1957 1896 
3 2078 1896 2143 
3 2584 2117 2588 
3 4559 4936 4907 
3 7660 1894 1789 
3 1602 3275 6724 
3 7743 7731 6668 
3 6920 1154 1597 
3 5193 2417 5008 
3 7764 2865 2903 
3 1964 2083 1903 
3 7461 6668 7731 
3 7990 5842 5186 
3 2082 2204 1963 
3 2506 5638 5557 
3 2033 1782 2267 
3 1898 2202 2029 
3 2092 1908 2090 
3 1602 6724 4420 
3 1908 2087 2090 
3 2805 3435 2773 
3 3204 8 4931 
3 2151 1853 2036 
3 1721 2088 1964 
3 2157 1910 2035 
3 1007 7327 7042 
3 1556 1445 1672 
3 6751 3708 3675 
3 6935 7427 2450 
3 2158 2096 2209 
3 6155 6162 7648 
3 1907 2153 1969 
3 1791 2042 1972 
3 5054 3211 7025 
3 2389 2385 2202 
3 1916 1920 2328 
3 1972 2214 1923 
3 7464 5716 1097 
3 7720 7198 7758 
3 1797 1987 1559 
3 7191 4875 7202 
3 1731 1983 2220 
3 1731 2220 2047 
3 1513 3615 2097 
3 606 6941 6579 
3 2050 1864 1558 
3 1865 1798 2287 
3 7696 7155 6021 
3 4936 7206 7203 
3 6057 5679 5448 
3 2164 1797 2053 
3 5095 3461 5083 
3 2059 1738 1992 
3 7643 803 7526 
3 2174 1994 2057 
3 6798 7891 7892 
3 2291 2170 1996 
3 3217 5519 4319 
3 1738 2059 1681 
3 2177 2176 2350 
3 7170 6556 7243 
3 1998 2415 2172 
3 1046 7870 5981 
3 1125 4382 4533 
3 6557 5430 6045 
3 2994 3613 7931 
3 6235 34 6164 
3 6865 5467 3131 
3 1871 1618 1804 
3 6894 1630 7968 
3 2128 2125 2057 
3 1859 6894 4265 
3 2300 2235 2005 
3 2178 2006 1681 
3 2300 2005 2177 
3 5070 2070 4449 
3 2177 2005 1684 
3 6764 3367 1458 
3 2237 1814 2006 
3 2225 6035 7063 
3 2889 2102 7243 
3 2936 2888 2940 
3 7196 4393 7062 
3 2180 1930 2060 
3 2323 7628 1114 
3 2183 1933 1879 
3 1932 2186 2240 
3 4801 4267 4818 
3 7147 6101 1159 
3 4298 3714 7906 
3 2128 1749 2233 
3 1705 3580 4693 
3 1498 7025 5024 
3 2249 2243 2133 
3 1821 1886 2064 
3 2019 5520 2098 
3 1886 1823 2189 
3 4350 681 7017 
3 3242 3206 6702 
3 1883 1934 2183 
3 2140 1698 2192 
3 1880 6489 6490 
3 4968 6243 7675 
3 2068 1825 1769 
3 40 4051 5326 
3 7170 6235 6438 
3 2025 2374 2074 
3 375 7785 7780 
3 1344 5489 4793 
3 7114 3045 2129 
3 2022 2141 1944 
3 1942 1826 1944 
3 1211 4303 1311 
3 3969 230 239 
3 865 7899 5769 
3 701 7738 7211 
3 3616 5918 22 
3 5624 4110 5584 
3 2025 1952 2075 
3 938 1229 1092 
3 1607 1917 1672 
3 2142 1771 1951 
3 2385 2145 2029 
3 1778 2081 2262 
3 2202 1898 2079 
3 2145 2028 2029 
3 4356 4078 4357 
3 1837 2029 2028 
3 7619 5130 7955 
3 5272 4793 7516 
3 2942 2946 2676 
3 1901 1962 2205 
3 1496 1343 1553 
3 1782 1900 2267 
3 2087 1908 1852 
3 4680 4164 7398 
3 6551 6597 4357 
3 2151 2149 2088 
3 3561 3490 6882 
3 7715 7800 6709 
3 96 7333 1663 
3 1399 1345 1301 
3 4423 1567 6227 
3 1525 3675 3708 
3 3463 5276 2645 
3 2042 2038 2096 
3 6807 6300 900 
3 1857 2154 1914 
3 4145 6855 4800 
3 707 3449 704 
3 6521 1126 2713 
3 2153 2095 1969 
3 2095 1790 1969 
3 6730 7839 4426 
3 2511 1976 2332 
3 2105 2046 1921 
3 2046 2105 2219 
3 3584 2188 1572 
3 1917 2044 2048 
3 2219 2105 1980 
3 2217 2048 2213 
3 7254 2727 1763 
3 2220 1983 2216 
3 2014 6088 1422 
3 7857 393 7299 
3 611 3964 6941 
3 2109 1860 1984 
3 1733 2110 2339 
3 2537 2366 2244 
3 1924 2111 1987 
3 4124 4051 6556 
3 2166 2164 2053 
3 4363 6783 4190 
3 6575 6572 7629 
3 2287 1925 1865 
3 3111 3702 1264 
3 3419 7273 6751 
3 2966 2804 5549 
3 3078 2966 5549 
3 2168 2415 1869 
3 2055 2118 2224 
3 1992 2476 2059 
3 7170 4124 6556 
3 2058 7884 7985 
3 1996 2120 2119 
3 1938 1880 7003 
3 2224 2413 2055 
3 5694 5827 250 
3 2115 2476 1992 
3 3186 4321 2265 
3 4356 6597 5405 
3 2631 2458 2214 
3 2172 2123 1998 
3 7170 7243 2102 
3 6438 4124 7170 
3 1858 823 4120 
3 2123 2297 2004 
3 6043 4829 2185 
3 6553 5718 7608 
3 3176 4319 6643 
3 2478 2299 2001 
3 2231 2420 1878 
3 4357 4190 6551 
3 2236 2061 2062 
3 1879 2005 2235 
3 2240 2060 1932 
3 2486 1935 1931 
3 1935 2486 2184 
3 2060 2240 2180 
3 2420 2587 2351 
3 6392 6632 3900 
3 1098 1018 979 
3 2249 2133 2015 
3 5718 6553 6531 
3 6009 5742 5313 
3 2017 2068 2249 
3 445 7942 5346 
3 2401 2570 2456 
3 1888 2193 1823 
3 1599 1079 3512 
3 2191 1823 2193 
3 2194 1889 2367 
3 3890 3472 2051 
3 1082 1044 1273 
3 2197 2073 2194 
3 6639 5508 2058 
3 6399 6617 6398 
3 2068 1769 1945 
3 2073 1889 2194 
3 2375 2255 1893 
3 1893 2255 2022 
3 2255 2141 2022 
3 1945 2257 2068 
3 2025 2074 1895 
3 2023 2375 1893 
3 2944 4363 4190 
3 5860 6928 6253 
3 7997 1186 1545 
3 2082 1960 2383 
3 1903 1955 1897 
3 2264 2030 2078 
3 1741 1745 1872 
3 2919 2822 3074 
3 2262 2081 2318 
3 955 6012 6515 
3 2852 1473 6071 
3 2145 2390 2267 
3 2387 1903 2083 
3 6323 3650 4634 
3 1192 7413 7412 
3 2148 1905 1966 
3 1962 2150 2205 
3 4638 2258 4718 
3 2031 1843 1901 
3 1925 2115 1992 
3 6164 34 3697 
3 3697 0 3755 
3 1526 1824 1823 
3 1737 1865 1992 
3 2318 2148 2382 
3 2038 2154 2152 
3 2150 1854 2327 
3 2036 2274 2151 
3 2274 2036 2092 
3 2209 2096 2038 
3 2096 2158 2042 
3 2291 2469 2170 
3 4941 4904 2499 
3 215 4417 180 
3 3235 397 5936 
3 559 7740 7166 
3 1643 2729 6983 
3 2159 2214 1972 
3 2044 2275 2213 
3 2048 2044 2213 
3 2046 2278 1920 
3 2055 2413 2176 
3 2279 2278 2046 
3 2219 2279 2046 
3 2469 2290 2170 
3 1623 3916 3705 
3 1924 2164 2165 
3 1608 1921 1920 
3 7966 2794 5557 
3 1864 2050 2222 
3 6742 6351 3446 
3 6476 4795 5858 
3 1798 2223 2287 
3 2166 2165 2164 
3 2437 1949 2315 
3 4207 7286 7864 
3 6050 7613 5934 
3 3699 2127 3031 
3 6074 5696 3631 
3 2290 2224 2170 
3 1996 2119 2291 
3 896 207 3386 
3 1832 1839 1594 
3 2297 2123 2172 
3 2124 2120 1999 
3 2125 2174 2057 
3 1646 4474 1005 
3 2001 2299 1800 
3 4033 3005 1391 
3 7826 2507 5952 
3 2124 2000 2351 
3 2355 2004 2297 
3 2351 2000 2420 
3 4790 380 3025 
3 2716 1877 2004 
3 2631 2638 2458 
3 4329 6043 2185 
3 2008 1877 2716 
3 3982 3825 3822 
3 2304 2233 2236 
3 1814 2237 2305 
3 2233 2061 2236 
3 2062 2181 2236 
3 298 4366 4389 
3 2182 2064 2242 
3 1883 2183 2309 
3 2132 2012 2133 
3 6776 5805 5390 
3 1881 2063 1936 
3 2244 2064 2189 
3 4221 7433 7443 
3 1883 2192 1822 
3 1823 2191 2189 
3 2195 2066 1819 
3 2135 2367 1889 
3 2583 2700 2648 
3 6012 4364 4873 
3 2261 5352 3733 
3 1819 2066 2065 
3 3031 3113 5788 
3 2372 2140 2192 
3 2021 1827 2251 
3 5828 5779 2521 
3 1943 1942 2371 
3 6556 4051 40 
3 2006 1506 1681 
3 3835 1189 5389 
3 2435 1944 2436 
3 2023 2021 2199 
3 5289 7814 7798 
3 2195 1761 2374 
3 1949 2197 2315 
3 2570 2688 2456 
3 4980 3446 6351 
3 2437 2260 2143 
3 2075 1952 2262 
3 5335 7980 270 
3 2267 1900 2145 
3 2202 2079 1899 
3 5674 6097 6150 
3 2202 2385 2029 
3 7714 7894 7355 
3 4853 5779 5738 
3 1959 2268 1899 
3 2268 1959 2270 
3 1653 7722 7852 
3 2387 2083 2203 
3 7230 6890 6889 
3 2033 2267 2322 
3 4616 7945 337 
3 715 726 2555 
3 5973 7030 7319 
3 4302 4307 4308 
3 3140 3041 2988 
3 1966 2155 2148 
3 2321 2095 2153 
3 2154 2273 2152 
3 2151 2274 2398 
3 2035 2275 2157 
3 2406 2217 2574 
3 2158 2159 1972 
3 2328 2401 2454 
3 2275 2044 2157 
3 1961 5366 7973 
3 4091 2915 7963 
3 2331 2330 2278 
3 4278 7766 6622 
3 6111 6152 4074 
3 681 6003 822 
3 6691 6695 5533 
3 5936 397 5657 
3 694 726 715 
3 2156 4762 7674 
3 4714 1256 6907 
3 1976 2047 2332 
3 6608 4273 4276 
3 2041 2327 1854 
3 1492 1119 4245 
3 2327 2041 2511 
3 5889 4741 431 
3 2281 2339 2110 
3 6946 4245 1119 
3 2050 2340 2222 
3 2050 2339 2340 
3 2109 1984 2406 
3 2283 2111 1924 
3 7396 7395 1646 
3 2165 2227 2285 
3 5828 4073 3053 
3 2146 1959 1714 
3 900 6591 6587 
3 2114 2166 2053 
3 2118 2170 2224 
3 2117 2343 2116 
3 2745 2089 6505 
3 5788 5745 2947 
3 2107 2122 7132 
3 3551 6719 830 
3 2473 2119 2121 
3 2121 2120 2124 
3 1637 672 6960 
3 3699 5874 3053 
3 1716 1839 1957 
3 2177 2480 2357 
3 2226 3034 4508 
3 5583 3993 3981 
3 2235 2300 2361 
3 2363 2820 2231 
3 1643 6983 844 
3 6283 4438 4453 
3 7861 2844 7154 
3 6150 5337 6466 
3 4653 4966 6165 
3 2427 1930 2180 
3 1797 1924 1987 
3 2308 2063 2008 
3 2364 2309 2183 
3 2132 2133 2243 
3 5589 7785 2607 
3 6504 5338 7753 
3 1482 127 1485 
3 1936 2063 2250 
3 2366 2307 2242 
3 1866 2052 2167 
3 2186 2065 2066 
3 3268 2946 2942 
3 5988 7021 6502 
3 3378 634 1743 
3 2191 2432 2602 
3 2432 2193 2490 
3 4071 1093 7445 
3 2372 2192 2368 
3 2193 1943 2252 
3 4837 4750 4751 
3 6586 6825 7053 
3 1805 1185 2404 
3 2252 1943 2371 
3 1392 7647 5303 
3 1288 1143 1183 
3 2797 7612 1489 
3 2606 2255 2375 
3 1079 1599 3227 
3 2255 2436 2141 
3 4335 5392 3848 
3 694 1456 726 
3 1872 1745 1808 
3 3743 55 3724 
3 2438 1947 2200 
3 4771 5638 5664 
3 2317 2259 2075 
3 55 2749 3948 
3 4179 3203 3191 
3 2026 2437 2143 
3 1792 1729 1493 
3 1960 2438 2383 
3 2078 2143 2264 
3 5657 2786 2645 
3 2260 2384 2264 
3 1744 1873 1616 
3 2143 2260 2264 
3 1487 1464 20 
3 2324 2082 2383 
3 7605 7842 7844 
3 2268 2202 1899 
3 5405 6392 3912 
3 1121 2709 5919 
3 2031 2269 2146 
3 2146 2270 1959 
3 5390 5805 2693 
3 1903 2387 1955 
3 6253 3480 1602 
3 2205 2269 1901 
3 5086 6454 171 
3 2269 2270 2146 
3 7074 7883 2369 
3 2268 2270 2629 
3 3302 3061 3693 
3 1336 7030 5973 
3 2205 2447 2269 
3 2270 2269 2447 
3 3606 6983 6976 
3 3506 4053 337 
3 2327 2205 2150 
3 283 7977 3087 
3 6835 4836 7258 
3 2204 2206 2090 
3 2090 2087 2204 
3 2619 2149 2398 
3 1611 892 2898 
3 2325 2154 2321 
3 2398 2149 2151 
3 2095 2321 2154 
3 2326 2209 2152 
3 2152 2273 2326 
3 4285 4281 4646 
3 1456 694 750 
3 2273 2154 2325 
3 2101 2448 2155 
3 2632 2275 2035 
3 4221 6932 1081 
3 7687 7830 2302 
3 1916 2101 2155 
3 2925 3076 2928 
3 2159 2158 2631 
3 612 6590 7092 
3 7318 3561 756 
3 2081 1659 1720 
3 7870 7972 295 
3 2316 4424 3434 
3 2458 2336 2216 
3 1725 1551 1916 
3 4825 1444 154 
3 5983 5381 3754 
3 239 7857 1578 
3 2406 1984 2217 
3 2220 2216 2515 
3 2195 2374 2373 
3 2281 2464 2339 
3 2281 2110 2111 
3 2460 2332 2047 
3 1924 2165 2283 
3 7674 4762 4781 
3 2283 2165 2341 
3 6232 3424 4450 
3 2165 2285 2341 
3 2227 2165 2166 
3 7774 2645 5276 
3 2116 2343 2223 
3 4429 7620 6476 
3 1085 4207 7864 
3 292 5390 2589 
3 2411 2291 2119 
3 2706 2176 2413 
3 2169 4094 7029 
3 2475 2121 2124 
3 61 58 46 
3 2197 1949 1768 
3 1716 1543 1540 
3 2480 2177 2350 
3 5202 2589 5390 
3 2348 2166 2174 
3 613 2524 1326 
3 2716 2004 2355 
3 2300 2177 2357 
3 2193 2252 2490 
3 2125 2128 2353 
3 2427 2482 1929 
3 1127 5698 6795 
3 2353 2128 2233 
3 7421 6165 4966 
3 5208 5957 5940 
3 2180 2240 2365 
3 1930 2427 1929 
3 2317 2614 2733 
3 3309 643 1677 
3 2183 2235 2364 
3 2181 2304 2236 
3 3258 774 3242 
3 4630 4566 4483 
3 2304 2181 2182 
3 7247 7063 6557 
3 5516 3590 2534 
3 3248 774 3831 
3 3787 4537 7138 
3 2250 2063 2308 
3 1935 2135 1689 
3 30 3512 1079 
3 1429 5937 6486 
3 2184 2367 2135 
3 2197 2194 2367 
3 6329 865 5769 
3 2068 2433 2249 
3 2243 2249 2246 
3 2067 2250 2069 
3 2432 2191 2193 
3 2373 2066 2195 
3 7157 4210 6114 
3 7415 4168 4174 
3 6165 7421 743 
3 4966 4958 6592 
3 4583 3241 1902 
3 1942 2547 2371 
3 1948 17 2573 
3 2370 2251 2069 
3 2313 2433 2068 
3 2372 2200 2140 
3 2199 2021 2434 
3 2023 2199 2375 
3 1803 2001 1800 
3 2197 2665 2315 
3 2435 2547 1942 
3 6394 5544 6475 
3 2068 2257 2377 
3 2696 2698 2864 
3 2200 1947 2140 
3 2438 1960 1947 
3 1955 2378 2142 
3 3775 2020 65 
3 4401 4477 4553 
3 5657 2645 7774 
3 2382 2262 2318 
3 3166 3465 3234 
3 1955 2387 2381 
3 6466 7518 5674 
3 7729 5289 1809 
3 6903 2400 7427 
3 3011 5136 7557 
3 4522 3954 6277 
3 2320 2321 2386 
3 4147 3024 3014 
3 2320 2325 2321 
3 2153 2147 2386 
3 2153 2386 2321 
3 2206 2324 2396 
3 843 4020 5624 
3 2657 2596 1931 
3 337 4053 1026 
3 2322 2035 2033 
3 5285 5288 5308 
3 2148 2155 2448 
3 2419 1011 977 
3 2393 2326 2273 
3 2343 2117 2584 
3 2209 2567 2158 
3 2318 2081 1905 
3 1512 2501 7511 
3 2631 2158 2567 
3 7830 7695 2302 
3 2869 2526 2755 
3 2689 2327 2511 
3 7511 2014 2555 
3 2328 2278 2401 
3 2401 2278 2330 
3 2512 2275 2634 
3 2526 2869 2698 
3 4578 4435 4639 
3 2275 2512 2213 
3 4206 5363 280 
3 2960 2857 3106 
3 1920 2278 2328 
3 7273 3003 6751 
3 1820 1774 1129 
3 2214 2458 2216 
3 1758 2135 1889 
3 6460 1794 1979 
3 3605 7323 1489 
3 2281 2111 2517 
3 6455 4271 7188 
3 3414 924 917 
3 6671 4710 4116 
3 2283 2520 2407 
3 6455 1724 4271 
3 4936 2589 5202 
3 2472 2413 2468 
3 5936 1046 5981 
3 2287 2223 2523 
3 1643 844 3262 
3 3009 4345 2296 
3 2468 2224 2290 
3 2757 4335 3836 
3 3336 3189 3739 
3 1869 2415 1998 
3 1791 1857 1914 
3 1251 4271 3818 
3 1208 1109 1348 
3 1460 7511 726 
3 2119 2473 2411 
3 3945 2521 7726 
3 2121 2475 2473 
3 2699 2285 2344 
3 1351 6684 2412 
3 2172 2415 2525 
3 2348 2347 2166 
3 2344 2227 2347 
3 3644 454 418 
3 2347 2346 2344 
3 1697 3062 994 
3 2166 2347 2227 
3 2347 2352 2346 
3 1821 1636 1755 
3 2348 2353 2347 
3 2353 2352 2347 
3 2178 2059 2421 
3 5934 4930 6050 
3 2353 2358 2352 
3 2300 2357 2361 
3 4741 5889 5852 
3 2358 2353 2233 
3 2590 2178 2421 
3 2358 2360 2352 
3 4704 4699 7950 
3 2301 2234 2237 
3 2820 2422 2231 
3 2233 2304 2358 
3 2695 2856 2746 
3 2358 2304 2360 
3 2478 1929 2482 
3 2176 1684 1683 
3 216 197 238 
3 2360 2239 2424 
3 1578 5698 1127 
3 7210 1884 5276 
3 2361 2364 2235 
3 2426 2237 2234 
3 2180 2365 2427 
3 7925 7475 7924 
3 2426 1931 2305 
3 4498 3914 5659 
3 4894 4800 6855 
3 1122 1639 6981 
3 6900 295 6776 
3 6274 6786 394 
3 2240 2186 2536 
3 1290 1575 5235 
3 2487 2132 2243 
3 2431 2250 2308 
3 1785 549 193 
3 2536 2186 2488 
3 2186 2066 2488 
3 2431 2489 2250 
3 4936 7203 4907 
3 6924 2311 7439 
3 2371 2490 2252 
3 7227 6718 3154 
3 1952 2025 1895 
3 1586 3083 3482 
3 2313 2068 2377 
3 2494 2606 2375 
3 2606 2436 2255 
3 3225 3164 2970 
3 6621 1469 6629 
3 4836 5489 385 
3 2333 4936 4559 
3 2442 2379 2557 
3 2442 2384 2379 
3 2442 2320 2384 
3 7899 4437 6313 
3 2385 2389 2390 
3 2384 2260 2379 
3 1719 2397 254 
3 5745 7691 2947 
3 2325 2388 2393 
3 7988 1531 3394 
3 5281 5067 5068 
3 7283 3785 5683 
3 2393 2273 2325 
3 337 6873 3506 
3 2390 2389 2562 
3 2082 2324 2204 
3 1192 1156 6876 
3 2629 2389 2268 
3 2398 2274 2396 
3 2567 2326 2393 
3 3819 1838 3916 
3 730 7294 7875 
3 2936 2940 3093 
3 3642 3310 7805 
3 2567 2209 2326 
3 2225 7063 7247 
3 4037 6435 754 
3 3831 2650 6780 
3 6704 6701 5837 
3 6206 5087 5573 
3 5573 6205 6206 
3 2328 2454 2101 
3 246 330 279 
3 2331 2570 2330 
3 3991 1707 143 
3 2331 2279 2513 
3 2109 2513 2279 
3 1971 5532 2804 
3 2047 2515 2460 
3 2612 2438 2554 
3 1431 1595 1540 
3 304 6153 2717 
3 1056 1135 1285 
3 2336 2515 2216 
3 2220 2515 2047 
3 3246 418 3329 
3 2464 2281 2641 
3 2620 1280 4050 
3 2339 2463 2340 
3 2222 2465 2466 
3 2340 2465 2222 
3 680 6469 7534 
3 2469 2581 2290 
3 6295 1465 4125 
3 5029 5525 5328 
3 2223 2343 2342 
3 2223 2342 2523 
3 2468 2644 2580 
3 5981 3235 5936 
3 2436 1944 2141 
3 2373 2488 2066 
3 2344 2346 2699 
3 2476 2115 2648 
3 1008 1010 4178 
3 1468 4858 1473 
3 203 160 130 
3 424 5055 3631 
3 2172 2649 2418 
3 2350 2176 2706 
3 1444 7588 7476 
3 888 201 2728 
3 2651 2124 2351 
3 1251 3818 1670 
3 2125 2353 2348 
3 2174 2125 2348 
3 5621 611 606 
3 2423 2480 2586 
3 7555 1465 947 
3 1422 2555 2014 
3 2271 7968 1630 
3 2297 2707 2355 
3 7174 2380 6140 
3 2423 2357 2480 
3 139 137 116 
3 2301 2819 2234 
3 2203 2083 1964 
3 2308 2008 2716 
3 7857 5698 1578 
3 2361 2656 2364 
3 4565 2553 4582 
3 2424 2239 2307 
3 2533 2530 2424 
3 1702 1703 399 
3 2132 2483 2363 
3 2361 2423 2656 
3 2486 1931 2596 
3 3107 3160 2859 
3 2365 2240 2536 
3 2661 2184 2486 
3 3561 6136 756 
3 3930 3900 620 
3 5410 278 4110 
3 2433 2430 2249 
3 2367 2184 2599 
3 2368 2309 2429 
3 3930 3912 6392 
3 2249 2430 2246 
3 4363 2126 2228 
3 2367 2663 2197 
3 2372 2368 2669 
3 6451 5345 368 
3 7132 177 1513 
3 6632 4638 4718 
3 3424 6232 7092 
3 2434 2251 2370 
3 2493 2434 2370 
3 6492 6596 7060 
3 3438 954 2807 
3 3948 1137 5122 
3 2482 2532 2478 
3 7555 947 1588 
3 2551 2372 2669 
3 2374 2550 2373 
3 1851 2977 815 
3 2758 3067 2870 
3 2554 2438 2200 
3 2613 2260 2437 
3 189 6772 6269 
3 2378 2381 2497 
3 2613 2379 2260 
3 2608 2378 2497 
3 2671 2025 2259 
3 2612 2383 2438 
3 3626 2399 4200 
3 4190 4357 1838 
3 2442 2444 2320 
3 2383 2618 2324 
3 7843 3720 4568 
3 4597 4678 7278 
3 358 3646 3098 
3 1650 1380 1426 
3 7349 6268 6779 
3 7764 7223 2865 
3 7170 34 6235 
3 2267 2390 2322 
3 2619 2203 2149 
3 2628 2629 2270 
3 6939 5924 3394 
3 3919 4498 3929 
3 387 293 392 
3 6551 6919 6597 
3 7021 7565 6729 
3 2035 2322 2683 
3 2206 2204 2324 
3 1808 1878 2000 
3 55 3743 6389 
3 55 3948 3724 
3 2401 2456 2454 
3 2717 6731 304 
3 2808 2474 2472 
3 2954 4093 7525 
3 6850 6154 6398 
3 6060 2911 3661 
3 6632 4718 782 
3 7864 6787 6077 
3 2513 2109 2514 
3 2791 7743 3215 
3 7440 4088 6415 
3 2281 2517 2641 
3 2546 3650 2607 
3 2454 2630 2101 
3 2506 2947 5664 
3 2407 2520 2518 
3 1789 7664 7660 
3 2466 2465 2642 
3 1724 3818 4271 
3 1128 4902 1249 
3 7170 2102 7800 
3 7522 7295 7184 
3 2644 2290 2578 
3 2290 2644 2468 
3 2472 2468 2580 
3 2285 2699 2341 
3 2426 2657 1931 
3 2706 2413 2474 
3 1838 4357 4078 
3 921 6438 6235 
3 6864 3235 518 
3 3912 4356 5405 
3 2525 2649 2172 
3 7731 6140 2380 
3 2710 2421 2476 
3 2352 2349 2346 
3 5575 5370 5302 
3 7393 7861 755 
3 2228 6783 4363 
3 2178 2590 2301 
3 4858 6048 1473 
3 3220 3057 3153 
3 5054 4518 3211 
3 2423 2361 2357 
3 7834 7700 7701 
3 2533 2592 2530 
3 3900 6632 782 
3 2537 2721 2366 
3 2659 2427 2365 
3 3743 756 6389 
3 2426 2234 2657 
3 2132 2487 2483 
3 3930 620 3705 
3 5635 151 7859 
3 7583 7586 7816 
3 2536 2488 2725 
3 2537 2191 2602 
3 2250 2489 2370 
3 1172 6289 3212 
3 6697 6695 6691 
3 3646 358 2542 
3 2370 2491 2493 
3 2371 2664 2544 
3 2547 2436 2606 
3 6480 6135 7696 
3 6393 6123 6394 
3 2315 2837 2437 
3 2025 2550 2374 
3 921 6235 6164 
3 2671 2550 2025 
3 2837 2613 2437 
3 2612 2558 2383 
3 2614 2317 2560 
3 2121 2119 2120 
3 2383 2558 2618 
3 7417 6851 6852 
3 3696 553 2479 
3 2320 2444 2388 
3 1838 4078 3916 
3 2442 2559 2444 
3 2559 2442 2557 
3 3817 5957 4834 
3 2559 2502 2444 
3 1746 1750 1878 
3 7460 2907 7434 
3 2386 2384 2320 
3 1971 6232 4450 
3 2388 2502 2393 
3 6209 5643 5060 
3 2629 2624 2389 
3 2322 2390 2625 
3 2398 2396 2622 
3 2390 2562 2625 
3 2407 2111 2283 
3 6240 6756 114 
3 3900 3930 6392 
3 2035 2683 2632 
3 2454 2687 2630 
3 47 62 2179 
3 3473 3811 3399 
3 873 6621 7531 
3 2634 2275 2632 
3 2332 2636 2511 
3 358 6698 2542 
3 2940 2888 2780 
3 7664 7125 7142 
3 3705 3912 3930 
3 2574 2213 2512 
3 2575 2514 2406 
3 2517 2518 2576 
3 2517 2407 2518 
3 7815 7686 7915 
3 2579 2520 2283 
3 2465 2340 2463 
3 7660 5512 1894 
3 2463 2339 2464 
3 2579 2283 2341 
3 4675 4528 4317 
3 2643 2802 2909 
3 3400 3634 3637 
3 2471 2411 2526 
3 452 3272 5981 
3 1789 1793 7664 
3 5656 7805 6738 
3 2525 2113 2866 
3 2250 2067 1936 
3 1132 5027 5674 
3 2699 2643 2341 
3 2648 2523 2583 
3 4207 7826 7286 
3 2413 2472 2474 
3 2475 2526 2473 
3 1993 2299 2117 
3 2109 2219 1980 
3 2279 2331 2278 
3 3734 2080 3366 
3 1524 1111 427 
3 2351 2587 2651 
3 2349 2754 2346 
3 542 2738 4305 
3 1094 4113 4121 
3 2478 2532 2299 
3 2299 2532 2588 
3 2576 2518 2855 
3 2117 2299 2588 
3 3152 2900 3048 
3 5558 3100 5550 
3 2590 2819 2301 
3 7720 6662 5556 
3 7214 7548 7217 
3 7324 5635 1676 
3 3642 7121 853 
3 2990 3085 2544 
3 2831 983 971 
3 2234 2819 2715 
3 2483 2820 2363 
3 2715 2657 2234 
3 2517 2111 2407 
3 2427 2719 2482 
3 2424 2307 2824 
3 2475 2124 2651 
3 2824 2307 2721 
3 2483 2487 2827 
3 7641 6090 1793 
3 7575 7112 7105 
3 3480 3275 1602 
3 1244 1439 1340 
3 2246 2430 2487 
3 2597 2429 2309 
3 2490 2371 2544 
3 3819 1623 1448 
3 2490 2544 2771 
3 2429 2600 2368 
3 2600 2669 2368 
3 2292 2296 4333 
3 2541 2430 2433 
3 2662 2488 2373 
3 3414 917 4545 
3 4505 5702 7928 
3 2771 2602 2432 
3 2774 2375 2199 
3 7264 3699 3031 
3 2547 2606 2668 
3 2377 2549 2313 
3 4357 6597 4356 
3 7278 6354 2335 
3 2551 2200 2372 
3 3525 2295 4086 
3 6067 1590 4403 
3 2608 2377 2378 
3 2784 2608 2497 
3 6451 4942 1779 
3 1838 2944 4190 
3 1373 1948 1940 
3 6875 7437 6763 
3 2073 2197 1768 
3 7617 4403 1590 
3 2497 2381 2561 
3 2209 2038 2152 
3 7852 100 1653 
3 3819 1448 5174 
3 2846 2789 2327 
3 7280 6087 7840 
3 2382 2560 2317 
3 2664 2776 2990 
3 2420 2231 2422 
3 7207 5604 5596 
3 2614 2560 2615 
3 4078 4356 3916 
3 3967 3715 4381 
3 2560 2616 2615 
3 1097 3631 5696 
3 2619 2398 2622 
3 2560 2448 2616 
3 5696 7464 1097 
3 2622 2396 2618 
3 7021 5988 7028 
3 2413 2224 2468 
3 6047 7071 7322 
3 2393 2684 2567 
3 2630 2448 2101 
3 2448 2630 2616 
3 2447 2628 2270 
3 3889 306 2449 
3 6389 756 6136 
3 6787 5072 6077 
3 4448 4307 4302 
3 3808 7305 7027 
3 1641 5040 7276 
3 4853 5704 7674 
3 1057 868 942 
3 2758 2875 3067 
3 6634 7018 4834 
3 1916 2328 2101 
3 3170 2971 3387 
3 3364 3439 3216 
3 86 1648 4717 
3 5193 5620 3865 
3 3236 3115 3066 
3 2458 2638 2336 
3 2638 2460 2336 
3 7056 4895 6035 
3 6170 2294 4038 
3 2638 2851 2460 
3 2514 2109 2406 
3 2640 2517 2576 
3 2574 2575 2406 
3 7674 5704 275 
3 7691 5664 2947 
3 2643 2579 2341 
3 2471 2526 2698 
3 7413 5822 6899 
3 3671 6736 7794 
3 2466 2866 2113 
3 4980 5193 5008 
3 2817 2102 2889 
3 1736 2167 2168 
3 1615 285 1620 
3 2584 2342 2343 
3 5307 1290 7456 
3 2812 2706 2474 
3 1128 2256 7591 
3 295 452 7870 
3 7596 6544 6526 
3 5108 4637 1323 
3 3819 3916 1623 
3 2350 2706 2480 
3 2156 7674 6033 
3 3282 3576 3508 
3 3082 3245 3138 
3 2592 2349 2530 
3 2758 2651 2587 
3 7072 2496 7705 
3 2714 2423 2586 
3 88 2032 2034 
3 7590 6018 7042 
3 6505 2813 2745 
3 2986 3085 3134 
3 2758 2870 2755 
3 2533 2424 2824 
3 2719 2427 2659 
3 3031 3105 7264 
3 3169 1940 2573 
3 4864 4952 4712 
3 6401 7741 4079 
3 1772 1474 1651 
3 4583 1874 3212 
3 429 482 359 
3 6963 6150 7492 
3 2429 2597 2538 
3 1448 1623 5415 
3 949 518 3272 
3 518 949 1973 
3 949 3272 846 
3 2429 2538 2600 
3 7264 3122 3699 
3 2725 2488 2662 
3 3053 4073 3699 
3 2490 2771 2432 
3 285 1615 284 
3 7845 2731 6170 
3 6087 7280 2089 
3 4324 5431 4865 
3 284 7732 285 
3 3699 3122 5874 
3 2010 2238 2363 
3 2491 2603 2493 
3 2371 2547 2664 
3 3861 1254 287 
3 1593 1535 1534 
3 2494 2774 2606 
3 2373 2550 2993 
3 2435 2436 2547 
3 2669 2781 2551 
3 2608 2549 2377 
3 2294 3397 4038 
3 2554 2200 2551 
3 1145 1450 1399 
3 2785 2557 2613 
3 6087 2103 7840 
3 6003 681 4350 
3 5202 5390 7206 
3 3182 2882 2926 
3 544 7319 7030 
3 2734 2614 2615 
3 1816 5077 3129 
3 2618 2558 2891 
3 2678 2684 2502 
3 2676 2622 2618 
3 2560 2148 2448 
3 44 39 6151 
3 2393 2502 2684 
3 3771 3762 1541 
3 6697 7780 5555 
3 2630 2679 2616 
3 2680 2629 2628 
3 2746 2518 2520 
3 1714 1711 1710 
3 2630 2687 2679 
3 2567 2740 2631 
3 560 1275 7608 
3 2688 2687 2456 
3 3476 3213 2652 
3 3075 3632 3549 
3 6494 6502 6769 
3 2688 2792 2687 
3 1986 1338 3350 
3 34 7170 7800 
3 2689 2511 2636 
3 3096 2892 2839 
3 3893 3914 4001 
3 3466 2913 3972 
3 2512 2796 2574 
3 2850 2792 2514 
3 640 792 677 
3 5981 7870 452 
3 2460 2515 2336 
3 2463 2464 2854 
3 2464 2641 2854 
3 2517 2640 2641 
3 2574 2796 2575 
3 69 4535 4408 
3 2747 2578 2581 
3 3719 4938 7195 
3 2695 2746 2579 
3 2746 2520 2579 
3 2386 2264 2384 
3 2290 2581 2578 
3 2580 2644 2798 
3 2471 2696 2581 
3 2667 6151 39 
3 2523 2701 2583 
3 2523 2342 2701 
3 2735 4663 2743 
3 2798 2753 2580 
3 2808 2472 2753 
3 2908 2525 2866 
3 2649 2525 2908 
3 2701 2342 2584 
3 2704 2476 2648 
3 1489 6807 3605 
3 2816 2980 2916 
3 2648 2700 2704 
3 3454 3107 3371 
3 2813 2156 6033 
3 1561 2053 1797 
3 5952 2503 3816 
3 7952 7559 2310 
3 2526 2475 2651 
3 2651 2755 2526 
3 2706 2586 2480 
3 2815 2349 2592 
3 47 2138 40 
3 2355 2707 2821 
3 2355 2821 2716 
3 6454 1575 5311 
3 1633 4025 2848 
3 3021 2980 2816 
3 941 375 6691 
3 7578 1902 1259 
3 2820 2981 2587 
3 5738 5704 4853 
3 6012 4873 6515 
3 7384 4366 6329 
3 2824 2721 2658 
3 2486 2596 2882 
3 1758 2073 1762 
3 2827 2487 2828 
3 7400 1902 7578 
3 3305 3164 3302 
3 1902 7093 4583 
3 2431 2308 2766 
3 2828 2487 2430 
3 2197 2663 2665 
3 7952 7447 7559 
3 2600 2538 2885 
3 7394 1214 7514 
3 7207 3053 5874 
3 2663 2367 2599 
3 7093 7400 7029 
3 5159 3232 892 
3 6323 7894 5770 
3 5657 397 1953 
3 2199 2434 2772 
3 1953 161 5657 
3 2313 2549 2541 
3 2772 2774 2199 
3 7151 7684 2826 
3 2774 2668 2606 
3 2836 3195 2941 
3 6332 1312 6435 
3 2781 2669 2887 
3 4094 7093 7029 
3 4080 3602 4119 
3 2780 2549 2608 
3 2733 2671 2259 
3 2890 2612 3043 
3 2842 2784 2497 
3 1242 2609 4633 
3 1575 1290 5311 
3 2839 2613 2837 
3 4740 5694 250 
3 2674 2557 2785 
3 2734 2733 2614 
3 2661 2599 2184 
3 2648 1925 2287 
3 3277 3270 6834 
3 6776 5390 292 
3 2740 2684 2678 
3 5508 6639 941 
3 3201 3200 3044 
3 4877 6066 7150 
3 2677 2622 2676 
3 2677 2619 2622 
3 2893 2677 2676 
3 4038 4972 6170 
3 2679 2615 2616 
3 7192 4326 5581 
3 2683 2322 2625 
3 2660 2365 2536 
3 2789 2628 2447 
3 2789 2739 2628 
3 2327 2689 2847 
3 1275 560 5453 
3 6162 3864 3881 
3 162 2594 7083 
3 3863 4962 3719 
3 2231 2010 2363 
3 1984 2048 2217 
3 7115 4960 5512 
3 2792 2513 2514 
3 2750 4520 618 
3 337 1026 4616 
3 6234 5975 7038 
3 6503 7131 6806 
3 6066 4877 6070 
3 7202 540 4907 
3 4446 3346 6752 
3 3819 5174 1838 
3 4287 2495 1876 
3 2799 2798 2644 
3 2579 2643 2695 
3 2337 3040 4943 
3 3218 3156 3526 
3 2471 2698 2696 
3 722 702 1991 
3 7983 4883 6422 
3 1192 5822 7413 
3 2752 2701 2584 
3 2476 2704 2710 
3 2584 2588 2705 
3 2845 2241 2247 
3 2586 2706 2814 
3 1688 1931 1935 
3 2590 2421 2710 
3 3621 3167 3119 
3 2886 1641 7284 
3 6800 6802 7139 
3 2587 2422 2820 
3 2532 2916 2588 
3 2816 2532 2712 
3 3454 3455 3160 
3 753 68 77 
3 2441 4734 7258 
3 2879 2820 2483 
3 2597 2656 2720 
3 4734 1890 7258 
3 135 125 1483 
3 2596 2926 2882 
3 4321 5720 2265 
3 5159 1630 3288 
3 2722 2659 2660 
3 4993 3062 3850 
3 2883 2721 2537 
3 2768 2721 2883 
3 5159 2261 1630 
3 1550 1969 1790 
3 2726 2930 2828 
3 2113 2525 2168 
3 2532 2816 2916 
3 2599 2661 2770 
3 991 958 1113 
3 2770 2663 2599 
3 2771 2883 2602 
3 2600 2887 2669 
3 601 6071 7091 
3 6145 6363 6276 
3 2545 2772 2434 
3 2776 2547 2668 
3 2776 2664 2547 
3 1491 7563 6765 
3 2541 2549 2778 
3 2541 2726 2430 
3 2139 4537 3787 
3 661 4306 4352 
3 2778 2549 2834 
3 2263 4496 7958 
3 3274 3102 3344 
3 7355 6317 6817 
3 2785 2613 2839 
3 2942 2890 3043 
3 1705 45 7173 
3 2674 2843 2678 
3 2137 1427 4825 
3 3000 2615 2679 
3 3251 3554 3036 
3 3248 3278 5592 
3 6054 5453 6572 
3 2681 2949 2629 
3 2895 2683 2625 
3 1863 445 6489 
3 2679 2687 3000 
3 2684 2740 2567 
3 2615 3000 2734 
3 2327 2847 2846 
3 1929 2478 2001 
3 4056 3747 3564 
3 5453 560 1356 
3 2634 2632 2902 
3 2188 2179 62 
3 5417 4200 4807 
3 2137 4825 2160 
3 2631 2901 2638 
3 785 675 824 
3 3331 7217 3324 
3 2333 2589 4936 
3 3339 2996 3143 
3 1219 1205 5410 
3 5770 7379 6330 
3 2597 2309 2364 
3 7402 1052 7392 
3 3565 3338 3837 
3 2855 2518 2746 
3 2748 2465 2463 
3 60 7633 7823 
3 5866 3585 2402 
3 2440 1206 5618 
3 2857 2960 2799 
3 2748 2965 2642 
3 7392 5217 7402 
3 1940 1958 7487 
3 1586 3513 7452 
3 4638 3463 2258 
3 1629 7452 3513 
3 6146 613 1326 
3 2700 2583 2803 
3 2798 2867 2753 
3 2687 2454 2456 
3 6005 6493 6132 
3 1344 4793 743 
3 2870 3067 3016 
3 2149 2203 2088 
3 4942 2392 1779 
3 6641 6640 5546 
3 2584 2705 2752 
3 2612 2610 3043 
3 2868 7279 84 
3 6074 7980 5335 
3 2706 2812 2814 
3 2975 2590 2710 
3 4889 5897 4806 
3 2917 2590 2975 
3 2815 2592 2877 
3 1859 3288 6894 
3 4145 4800 7384 
3 2360 2304 2182 
3 2877 2592 2762 
3 5924 7988 3394 
3 6004 120 797 
3 7424 6746 7770 
3 1755 1466 1526 
3 2719 2712 2482 
3 438 2994 7931 
3 2308 2716 3027 
3 2719 2825 2712 
3 7379 7908 6845 
3 3166 3234 2974 
3 4022 2228 1064 
3 2879 2483 2827 
3 6845 6330 7379 
3 2658 2721 2768 
3 6916 5924 6939 
3 7423 7963 6382 
3 4783 7823 7633 
3 3032 2725 2662 
3 2489 2766 3028 
3 2964 3157 2800 
3 2829 2663 2770 
3 2885 2887 2600 
3 545 2508 7047 
3 7107 6888 6997 
3 6318 5769 7899 
3 3769 513 856 
3 2487 2243 2246 
3 2493 2603 2545 
3 2775 2774 2772 
3 2668 2774 2775 
3 2668 2775 2833 
3 2772 2545 2832 
3 7212 1774 7188 
3 2888 2549 2780 
3 2887 2937 2781 
3 7025 6973 5054 
3 2656 2763 2720 
3 2781 2783 2551 
3 2551 2610 2554 
3 2610 2551 2783 
3 6550 1064 2228 
3 2612 2890 2558 
3 2839 2837 2941 
3 2890 2891 2558 
3 6032 7744 2333 
3 2315 2665 2836 
3 6847 3271 5171 
3 4271 1011 7188 
3 2674 2678 2559 
3 7257 7027 1359 
3 7814 5289 1666 
3 2788 2677 2893 
3 3611 3786 3537 
3 2734 3000 2841 
3 3141 4671 4161 
3 2895 2625 2562 
3 2228 4559 6783 
3 4363 2944 2126 
3 2683 2902 2632 
3 6364 1563 5816 
3 2901 2851 2638 
3 4159 3135 2582 
3 2796 2512 2634 
3 2796 2957 2575 
3 2575 2850 2514 
3 6416 6309 6182 
3 1139 1592 7676 
3 2854 2859 2463 
3 2748 2463 2859 
3 2856 2855 2746 
3 2856 3054 2855 
3 2324 2618 2396 
3 2800 2696 2964 
3 2239 2360 2182 
3 2578 2857 2644 
3 3298 2717 6004 
3 2857 2799 2644 
3 215 5410 1205 
3 2581 2860 2747 
3 5478 624 5506 
3 2643 2699 2802 
3 3059 2701 2806 
3 2789 2447 2205 
3 7391 7387 4461 
3 7174 6106 2929 
3 2701 2752 2806 
3 2809 2753 2867 
3 2808 2753 2809 
3 2333 4559 4022 
3 2967 2869 2755 
3 2811 2908 3230 
3 3065 2967 2870 
3 2822 2919 2762 
3 2808 2874 2474 
3 2302 1403 7597 
3 2754 2802 2699 
3 3274 3569 3751 
3 2975 2710 2704 
3 2975 2704 2912 
3 2914 2707 2811 
3 2755 2870 2967 
3 2916 3066 2705 
3 2874 2814 2812 
3 2474 2874 2812 
3 1572 2188 80 
3 2705 2588 2916 
3 2714 2814 2763 
3 2876 2763 2814 
3 2877 2762 2919 
3 2590 2923 2819 
3 6391 7433 4788 
3 2762 2533 2822 
3 2716 2821 3027 
3 2712 2921 2816 
3 168 155 119 
3 2983 2824 2658 
3 2719 2659 2825 
3 3027 2766 2308 
3 4051 4124 4000 
3 3975 4000 4124 
3 2778 2992 2541 
3 413 331 299 
3 5335 6441 6074 
3 3975 4124 6438 
3 6313 4437 4352 
3 2963 2643 2909 
3 2880 2538 2720 
3 2930 2827 2828 
3 2928 2770 2661 
3 2725 2660 2536 
3 5050 102 90 
3 5341 4746 4769 
3 3705 3916 3912 
3 3912 3916 4356 
3 4520 3925 211 
3 2992 2726 2541 
3 2829 2665 2663 
3 5592 3278 2865 
3 2664 2990 2544 
3 4089 5710 3598 
3 2991 2833 2775 
3 2833 2776 2668 
3 2781 3094 2783 
3 2832 2545 3033 
3 2784 2842 2943 
3 2665 2779 2836 
3 2549 2888 2834 
3 2671 2993 2550 
3 3094 2781 2937 
3 3042 2671 2838 
3 2505 2510 3385 
3 2783 3043 2610 
3 6395 3581 4660 
3 6767 7283 2461 
3 7443 6932 4221 
3 2839 2892 2785 
3 264 6473 1807 
3 3381 7223 7764 
3 2942 2676 2891 
3 2838 2671 2733 
3 3724 5122 7920 
3 2700 3015 2704 
3 2893 2676 2945 
3 3173 3234 3627 
3 3314 3170 3390 
3 2676 2946 2945 
3 6872 6876 1156 
3 6071 1473 6048 
3 2228 2126 6550 
3 220 7349 3398 
3 2562 2949 2895 
3 654 2272 4950 
3 2683 2895 2902 
3 2900 2680 2739 
3 2680 2628 2739 
3 2900 2681 2680 
3 7338 6817 6300 
3 2846 2739 2789 
3 5177 3110 3112 
3 3112 5182 5177 
3 921 3909 6438 
3 2791 4508 4490 
3 2901 2631 2740 
3 2902 2904 2634 
3 2851 3050 2795 
3 2851 2795 2460 
3 3429 2280 1049 
3 1367 1171 1327 
3 3050 2851 2901 
3 2957 2850 2575 
3 2690 6476 7620 
3 2854 2640 3006 
3 2576 2855 2640 
3 1910 1547 1783 
3 3109 2867 2962 
3 5548 7966 7498 
3 2418 2297 2172 
3 3206 6684 6702 
3 5858 4795 5620 
3 2867 2798 2962 
3 2799 2960 2962 
3 7173 45 1751 
3 3431 2777 1512 
3 2777 2501 1512 
3 750 6709 1045 
3 2968 2908 2866 
3 2866 2466 2642 
3 7896 3890 1410 
3 7073 7524 1937 
3 317 232 340 
3 6164 4047 921 
3 2802 2754 2871 
3 4000 5326 4051 
3 2973 2811 3230 
3 7794 6736 6209 
3 2678 2843 2894 
3 2811 2649 2908 
3 2752 2705 3066 
3 2809 3172 2808 
3 2811 2973 2914 
3 2755 2651 2758 
3 7349 7298 6268 
3 2815 2871 2754 
3 2914 2821 2707 
3 3017 2871 2815 
3 2814 2874 2876 
3 3171 2808 3172 
3 2875 2758 2587 
3 377 587 539 
3 1689 1688 1935 
3 7311 5701 7858 
3 4572 5047 3745 
3 5327 5577 5326 
3 2981 2875 2587 
3 3705 620 6725 
3 2981 2879 3023 
3 2921 2712 2825 
3 2822 2533 2824 
3 2879 2827 2881 
3 7771 7652 7533 
3 2983 2658 2984 
3 3551 3536 6719 
3 1807 1187 264 
3 2659 2722 3030 
3 2881 2827 2930 
3 2985 3075 2984 
3 2315 2836 2837 
3 3086 2990 2776 
3 2722 2660 3032 
3 2928 3136 2770 
3 2431 2766 2489 
3 7888 936 945 
3 6916 6939 5865 
3 2770 3136 2829 
3 2491 3028 2932 
3 3028 2491 2489 
3 3082 2885 2538 
3 2771 2986 2883 
3 2932 3033 2603 
3 418 454 3329 
3 3238 3311 3314 
3 4718 2245 782 
3 546 2245 4718 
3 2779 2665 2829 
3 2562 2389 2624 
3 2955 4106 5348 
3 2603 3033 2545 
3 2660 2725 3032 
3 2836 2779 2935 
3 2993 2671 3042 
3 2887 2885 2988 
3 468 4544 1592 
3 5594 4491 7211 
3 7808 5645 6736 
3 3381 5052 7223 
3 3043 2783 3144 
3 2940 2784 2943 
3 3096 2839 2941 
3 3900 782 2201 
3 2733 2841 3044 
3 2842 2788 2945 
3 2581 2469 2471 
3 2788 2893 2945 
3 2843 2674 2892 
3 1312 6332 4465 
3 5827 3531 5832 
3 5532 5549 2804 
3 2862 7276 4325 
3 3047 2740 2894 
3 6725 7829 7930 
3 1794 6460 6605 
3 2681 3002 2949 
3 2901 2740 3047 
3 3002 2681 2900 
3 2950 2949 3002 
3 2850 2899 2792 
3 971 176 6573 
3 1232 2190 7327 
3 2226 4508 2791 
3 3050 2901 3047 
3 2849 2847 2636 
3 6289 3188 5118 
3 3559 3257 3337 
3 2634 2904 2796 
3 2395 5595 2419 
3 3006 2640 2906 
3 3082 2988 2885 
3 2906 2855 3054 
3 3196 2941 3195 
3 7808 3684 6231 
3 2904 2957 2796 
3 2641 2640 2854 
3 2857 2747 2959 
3 2856 2695 2963 
3 5217 7392 4673 
3 2962 2798 2799 
3 7802 2655 3753 
3 2899 3000 2792 
3 3561 6803 3490 
3 2866 2642 2968 
3 4083 7530 3602 
3 3724 266 3743 
3 2698 2869 2864 
3 3057 2962 2960 
3 3162 2864 2869 
3 5583 3206 3248 
3 5023 7213 6153 
3 6214 6738 3310 
3 6214 6204 6212 
3 1097 427 4106 
3 2803 3015 2700 
3 1170 4577 6908 
3 5576 707 704 
3 5326 4000 5327 
3 3017 2815 2979 
3 2815 2877 2979 
3 3066 3018 2752 
3 3242 5655 3258 
3 2417 5193 3865 
3 2917 2923 2590 
3 3128 2715 2923 
3 6669 358 342 
3 2921 2825 3124 
3 266 3724 3672 
3 2820 2879 2981 
3 2822 2824 2983 
3 6164 6793 4047 
3 2657 2715 2926 
3 200 242 187 
3 2921 3021 2816 
3 2720 2924 2880 
3 2985 2984 2658 
3 4221 2931 1708 
3 3077 2825 3030 
3 3030 2825 2659 
3 4690 1323 4637 
3 7720 5556 5568 
3 2722 3032 3185 
3 2661 2486 2928 
3 6983 3606 3592 
3 2986 2768 2883 
3 3970 7454 7981 
3 2829 3136 3189 
3 6438 3909 3975 
3 210 246 203 
3 3476 5088 5823 
3 3970 5666 1099 
3 2989 2832 3036 
3 3138 2988 3082 
3 2989 2775 2832 
3 6793 6164 3697 
3 1119 1492 4121 
3 3091 2778 2834 
3 2937 2887 3041 
3 3828 3553 3825 
3 3195 2836 2935 
3 3198 3094 2937 
3 2530 2352 2360 
3 2940 2996 3093 
3 3094 3144 2783 
3 5122 3724 3948 
3 2841 2733 2734 
3 4561 4568 3720 
3 2160 7086 2742 
3 295 846 3272 
3 2842 2561 2788 
3 2404 4196 1805 
3 2701 3059 2583 
3 3240 3329 353 
3 3344 2894 2843 
3 3996 3201 3654 
3 7889 3909 921 
3 3555 3556 3256 
3 3259 3555 3256 
3 454 3672 3768 
3 828 728 866 
3 2899 2850 2957 
3 2894 2740 2678 
3 2846 2847 2849 
3 2929 6106 7151 
3 1598 5812 4631 
3 3070 3069 3177 
3 2639 1988 1986 
3 5667 7819 5665 
3 6589 7629 1567 
3 7011 6526 5409 
3 2856 3058 3054 
3 2855 2906 2640 
3 4017 3287 3514 
3 2959 2747 2860 
3 2244 2366 2242 
3 2747 2857 2578 
3 6391 4788 7965 
3 2098 6118 6393 
3 1973 2922 518 
3 2994 438 6582 
3 3455 2968 3160 
3 6906 6790 7473 
3 1967 247 105 
3 145 183 233 
3 2912 3163 2975 
3 1967 3240 247 
3 7961 5212 4070 
3 3246 3329 3240 
3 3016 3065 2870 
3 5985 4350 7017 
3 1676 7859 7616 
3 2754 2349 2815 
3 3018 2806 2752 
3 3390 3387 3623 
3 2874 2808 3171 
3 2974 2975 3163 
3 7133 7684 7151 
3 3233 3017 2979 
3 3203 1177 4565 
3 2874 3171 2876 
3 6125 4998 5549 
3 3066 2916 2980 
3 1523 854 3675 
3 7684 7133 7147 
3 3978 3740 3486 
3 2486 2925 2928 
3 3091 2992 2778 
3 3022 2763 2876 
3 7532 7543 5966 
3 2924 2763 3022 
3 2486 2882 2925 
3 6454 5086 1575 
3 6204 7782 6718 
3 2881 3125 2879 
3 3126 2825 3077 
3 7906 7928 4298 
3 3076 2925 3130 
3 2880 2924 3127 
3 2986 2771 3085 
3 2880 3082 2538 
3 3406 3667 3442 
3 6612 7133 7125 
3 3160 2965 2748 
3 5415 5172 1448 
3 7664 7142 7115 
3 7408 7289 7065 
3 4660 3581 2409 
3 3249 2930 2992 
3 5720 4071 7445 
3 3085 2771 2544 
3 3084 3185 3032 
3 2930 2726 2992 
3 3031 5788 4701 
3 3086 2776 2833 
3 3086 3333 2990 
3 2829 3336 2779 
3 2834 2936 3091 
3 3038 3140 2988 
3 1318 1417 1762 
3 3335 2373 2993 
3 6090 6612 1793 
3 3335 2662 2373 
3 7596 6526 7011 
3 3041 3140 3415 
3 4415 5934 7089 
3 2943 2996 2940 
3 5675 1398 3007 
3 2838 2733 3044 
3 2996 2943 2946 
3 3002 2900 3152 
3 2942 2891 2890 
3 2147 1904 2030 
3 949 846 3951 
3 3489 3190 3487 
3 3268 3143 2946 
3 3101 2895 2949 
3 3424 7092 6590 
3 7423 4091 7963 
3 5937 7540 1026 
3 2899 2957 3099 
3 2039 1007 6002 
3 2739 2846 2849 
3 2612 2554 2610 
3 2002 1013 7900 
3 3050 3047 3102 
3 2690 4795 6476 
3 7943 7846 7490 
3 2636 3052 2849 
3 3071 3088 1861 
3 3954 1849 3191 
3 3050 3052 2795 
3 3054 3218 2906 
3 3105 3031 4701 
3 2572 5788 2947 
3 825 1485 6973 
3 3057 2960 3155 
3 2959 2860 3056 
3 7904 3402 7892 
3 2959 3106 2857 
3 295 3272 452 
3 6118 6123 6393 
3 994 471 6028 
3 3160 2748 2859 
3 3057 3109 2962 
3 2695 2643 2963 
3 1097 2955 424 
3 2864 3159 2964 
3 3162 2967 3065 
3 7886 4894 1052 
3 2968 3230 2908 
3 5296 5285 4228 
3 3225 3015 3061 
3 3059 2806 3226 
3 3160 2968 2965 
3 755 1317 7393 
3 3618 2404 1787 
3 5656 3419 7805 
3 2809 2971 3170 
3 3168 2914 2973 
3 3170 3172 2809 
3 3370 3688 3695 
3 2917 2975 2974 
3 5489 6835 4793 
3 2809 2910 2971 
3 6362 689 5623 
3 4325 7276 3891 
3 3173 2923 2917 
3 3022 2876 3069 
3 2720 2763 2924 
3 2983 3074 2822 
3 3072 2921 3124 
3 2926 2715 3128 
3 2821 3121 3027 
3 1275 6553 7608 
3 2925 2882 3130 
3 5322 431 6148 
3 3027 3028 2766 
3 3287 3426 3514 
3 1572 4821 2897 
3 3891 287 4325 
3 3122 7264 7603 
3 7056 967 6022 
3 7641 1590 6090 
3 3463 546 2258 
3 2829 3189 3336 
3 3138 3038 2988 
3 7011 6012 955 
3 3773 3383 3158 
3 7660 7115 5512 
3 3406 3442 353 
3 2775 2989 2991 
3 3254 2662 3335 
3 3086 2833 2991 
3 2070 5070 3317 
3 3336 3263 2779 
3 1809 5289 7798 
3 295 5805 6776 
3 3415 3198 2937 
3 7052 5419 7591 
3 3033 3036 2832 
3 2883 2537 2602 
3 5874 3122 7207 
3 7900 1010 7897 
3 3145 3146 3097 
3 2892 3096 3097 
3 2134 2138 2805 
3 3146 2843 2892 
3 7043 5407 967 
3 3351 6758 5636 
3 2841 2899 3148 
3 7975 6916 2080 
3 2894 3102 3047 
3 3048 2900 2739 
3 6282 6959 7911 
3 2950 3002 3421 
3 3421 3149 2950 
3 255 169 256 
3 2950 3149 3101 
3 3048 3503 3152 
3 2598 3787 7138 
3 4958 6500 1491 
3 7519 6956 7181 
3 3002 3152 3421 
3 2926 2596 2657 
3 3550 7745 6029 
3 2904 3150 3104 
3 7565 4868 5541 
3 3450 3299 3375 
3 2138 2134 1527 
3 3006 2906 3368 
3 4765 4187 4169 
3 3220 3109 3057 
3 3056 2860 2800 
3 117 3644 418 
3 3157 3056 2800 
3 2856 2963 3058 
3 3056 3157 3297 
3 4714 6383 5846 
3 4403 4408 6067 
3 2864 3162 3159 
3 5981 518 3235 
3 1173 1277 1169 
3 2806 3114 3226 
3 7888 3279 936 
3 7871 6771 3325 
3 3235 6864 397 
3 3018 3114 2806 
3 6179 1747 7931 
3 3171 3069 2876 
3 3597 6840 6152 
3 3935 161 1510 
3 3597 6390 6840 
3 2979 2919 3175 
3 3370 3695 3371 
3 2875 2981 3119 
3 5279 1858 4120 
3 6174 5344 5783 
3 1800 2299 1993 
3 3072 3021 2921 
3 3175 3120 2979 
3 3023 3119 2981 
3 3695 4149 4021 
3 2813 6033 7692 
3 3996 3750 3499 
3 3023 2879 3125 
3 3023 3174 3119 
3 6538 7962 2496 
3 885 2500 4236 
3 212 3805 3482 
3 3027 3121 3073 
3 3134 3075 2985 
3 6227 6243 3933 
3 2496 158 7705 
3 3076 3130 3180 
3 2882 3182 3130 
3 2795 2636 2460 
3 3030 2722 3079 
3 2880 3245 3082 
3 2768 2986 3134 
3 3079 2722 3185 
3 3030 3079 3077 
3 7062 6544 7596 
3 3033 2932 3250 
3 5303 6029 2410 
3 2465 2748 2642 
3 3250 3251 3033 
3 4966 4653 4958 
3 2790 3425 7446 
3 353 3442 247 
3 2662 3254 3032 
3 7729 7767 5289 
3 3041 3415 2937 
3 3492 3042 3416 
3 3042 2838 3200 
3 3096 2941 3196 
3 2787 5548 5571 
3 3295 2963 2909 
3 1922 2446 7812 
3 2828 2430 2726 
3 2697 7842 3884 
3 2718 5459 4537 
3 2843 3146 3344 
3 1362 1373 1369 
3 3101 3205 2895 
3 2928 3184 3136 
3 2441 1979 4734 
3 3076 3184 2928 
3 1793 6612 7125 
3 2506 7697 2947 
3 2608 2784 2780 
3 2949 2950 3101 
3 3162 3065 3228 
3 3104 3099 2957 
3 5576 704 5097 
3 5894 4019 5689 
3 4930 5934 3412 
3 2310 7067 1403 
3 3104 2957 2904 
3 3348 2739 2849 
3 4230 1434 821 
3 5090 3490 6803 
3 2906 3218 3368 
3 3107 3006 3371 
3 2583 3059 2803 
3 1005 2848 2853 
3 5788 2572 4701 
3 7687 1331 7585 
3 4496 4040 4032 
3 2904 2902 3150 
3 3159 3157 2964 
3 3158 2910 3109 
3 2910 2867 3109 
3 7394 7514 7447 
3 2689 2636 2847 
3 1086 5823 5088 
3 3300 2803 3059 
3 2594 1212 1189 
3 3383 3387 2910 
3 2598 7814 1666 
3 7821 7816 7586 
3 6669 6643 4319 
3 4557 5371 5454 
3 6702 1351 2020 
3 3228 3065 3016 
3 7617 4392 4403 
3 7017 7003 5985 
3 3166 2974 3163 
3 3525 2282 2289 
3 3305 3163 3164 
3 6963 7492 5323 
3 6725 5123 4963 
3 2258 546 4718 
3 2875 3119 3167 
3 3118 2821 2914 
3 3233 2979 3120 
3 3171 3172 3311 
3 1794 1890 4734 
3 4699 7945 7950 
3 3170 3314 3172 
3 1980 1795 1860 
3 3070 3177 3127 
3 1939 7974 1961 
3 7347 7232 7228 
3 3121 2821 3118 
3 2924 3022 3070 
3 2334 424 2955 
3 3175 3074 3318 
3 1542 3192 1728 
3 3234 3173 2917 
3 3669 3681 3589 
3 3074 2983 3319 
3 6253 1602 5860 
3 3124 2825 3126 
3 3319 2984 3075 
3 3076 3180 3178 
3 5586 5578 7662 
3 3232 878 892 
3 3128 3244 2926 
3 3077 3079 3126 
3 3373 3701 3879 
3 3319 2983 2984 
3 7790 1062 3393 
3 654 4950 6149 
3 3249 2881 2930 
3 3134 3183 3075 
3 5646 1389 7414 
3 3134 2985 2768 
3 2932 3028 3247 
3 5555 6695 6697 
3 5779 5828 3008 
3 3184 3076 3243 
3 3138 3245 3330 
3 3084 3032 3254 
3 7338 6300 7873 
3 3333 3085 2990 
3 3333 3256 3085 
3 2991 3190 3261 
3 3335 2993 3193 
3 2935 3263 3195 
3 3193 2993 3042 
3 3415 3493 3198 
3 3416 3042 3200 
3 553 536 7084 
3 3194 2936 3093 
3 3496 3094 3198 
3 4971 4725 7520 
3 3269 3043 3144 
3 3269 2942 3043 
3 3269 3268 2942 
3 2946 3143 2996 
3 3201 3044 3148 
3 3143 3268 3199 
3 4142 5650 2553 
3 7534 834 1926 
3 2241 7882 2247 
3 3148 2899 3099 
3 2894 3344 3102 
3 3231 3621 4226 
3 1303 7953 4110 
3 3149 3205 3101 
3 7983 3210 5689 
3 3555 3259 3826 
3 3348 3048 2739 
3 3103 3050 3102 
3 3155 3106 3216 
3 3371 3006 3368 
3 743 4793 5272 
3 6765 6503 6806 
3 5638 2506 5664 
3 3107 2859 2854 
3 3150 3276 3104 
3 3156 3218 3054 
3 936 6698 5519 
3 4793 6835 7516 
3 4784 1394 2529 
3 3156 3054 3058 
3 7041 6003 4870 
3 3161 3295 2909 
3 1118 1119 4713 
3 2892 3097 3146 
3 2912 2970 3163 
3 5153 3270 3241 
3 3155 3153 3057 
3 2720 2538 2597 
3 3230 2968 3384 
3 7394 1656 1214 
3 492 6835 7258 
3 6316 5680 5682 
3 5277 7439 6932 
3 3724 3768 3672 
3 7258 1890 492 
3 3460 2973 3230 
3 7913 2944 1838 
3 1403 2302 7695 
3 942 1018 1098 
3 3168 2973 3460 
3 3231 3228 3016 
3 3231 3016 3167 
3 6452 7516 6835 
3 7492 4019 5894 
3 1925 2648 2115 
3 206 168 153 
3 1670 1629 471 
3 2974 3234 2917 
3 7954 2126 2944 
3 3069 3171 3311 
3 2311 2915 6514 
3 1820 412 6573 
3 3120 3175 3239 
3 3021 3072 3237 
3 3237 3236 3021 
3 3074 3175 2919 
3 4134 1844 2997 
3 3312 3073 3121 
3 3724 7920 3768 
3 3124 3322 3072 
3 2591 1974 3219 
3 3094 3496 3144 
3 3621 3119 3174 
3 3245 3127 3326 
3 4393 4391 7062 
3 6872 4178 6876 
3 3027 3321 3028 
3 3073 3321 3027 
3 3127 3245 2880 
3 4176 3735 4104 
3 3130 3182 3181 
3 3321 3247 3028 
3 5508 7989 2058 
3 176 124 6455 
3 1765 2452 2449 
3 3244 3182 2926 
3 3079 3185 3484 
3 3556 3183 3134 
3 6684 1351 6702 
3 6725 620 5123 
3 3184 3408 3136 
3 3063 7913 5174 
3 3674 3591 3852 
3 3189 3136 3408 
3 5966 4815 7532 
3 1919 412 1820 
3 2832 2775 2772 
3 3190 3036 3554 
3 3085 3256 3134 
3 3187 6209 5060 
3 2944 7913 7954 
3 3038 3138 3332 
3 2989 3036 3190 
3 2989 3190 2991 
3 6901 4704 1250 
3 512 3025 380 
3 3086 2991 3261 
3 3259 3086 3261 
3 3036 3033 3251 
3 3558 3254 3334 
3 3334 3254 3335 
3 3337 3091 3194 
3 3193 3042 3492 
3 3142 3194 3093 
3 1705 4693 45 
3 4868 7052 5541 
3 1670 3818 7467 
3 3922 3659 3507 
3 2996 3339 3093 
3 3142 3093 3497 
3 3196 3097 3096 
3 3566 3269 3144 
3 2295 4714 4086 
3 7695 2310 1403 
3 2624 2629 2949 
3 3163 3305 3166 
3 2604 4700 4178 
3 3099 3345 3148 
3 3502 3103 3274 
3 5868 2408 30 
3 4110 7953 5410 
3 3143 3199 3339 
3 2581 2696 2860 
3 7950 7945 4616 
3 2800 2860 2696 
3 3502 3348 2849 
3 3211 3536 3551 
3 3050 3103 3052 
3 1816 1833 5077 
3 3207 3209 3208 
3 3214 3209 3207 
3 3205 3150 2895 
3 3523 3153 3155 
3 2318 1905 2148 
3 4593 5710 7323 
3 4615 4352 4306 
3 3155 3216 3293 
3 3365 2963 3295 
3 1727 1723 1719 
3 3626 2392 2399 
3 3148 3044 2841 
3 3526 3368 3218 
3 64 4397 1260 
3 7395 5213 6861 
3 1536 4420 6724 
3 6085 7990 6935 
3 3159 3448 3157 
3 2636 2332 2460 
3 3295 3161 3221 
3 3383 2910 3158 
3 4228 4746 4214 
3 2803 3300 3299 
3 3222 3162 3950 
3 99 1571 110 
3 3061 3450 3693 
3 3165 3161 2871 
3 3302 3164 3225 
3 3612 3873 3871 
3 3534 3950 3228 
3 3382 3305 3302 
3 3114 3115 3307 
3 1323 4690 5516 
3 2496 7962 679 
3 3388 3165 3233 
3 3390 3170 3387 
3 218 273 286 
3 7858 3588 6274 
3 5594 7211 7738 
3 3236 3462 3115 
3 2914 3168 3118 
3 7456 2136 5307 
3 1632 2835 298 
3 3017 3165 2871 
3 7549 7827 7895 
3 3121 3118 3312 
3 3238 3177 3069 
3 3318 3074 3319 
3 3318 3239 3175 
3 3471 3072 3322 
3 3723 3023 3125 
3 3312 3321 3073 
3 2497 2561 2842 
3 3475 3326 3127 
3 3125 2881 3732 
3 1982 7878 7650 
3 3180 3130 3181 
3 3244 3181 3182 
3 3731 3126 3079 
3 7894 6323 6317 
3 3245 3327 3330 
3 3404 3084 3405 
3 4882 4324 3759 
3 4635 5404 4791 
3 3084 3404 3185 
3 3249 3257 3915 
3 2932 3247 3250 
3 6313 6318 7899 
3 7098 5587 3850 
3 6880 7222 6659 
3 3733 3362 2271 
3 3131 5467 1389 
3 1102 296 3132 
3 3261 3190 3489 
3 3086 3259 3333 
3 3256 3333 3259 
3 6317 5161 6817 
3 6306 6313 4352 
3 3337 3257 2992 
3 3038 3332 3140 
3 3648 3493 3415 
3 2936 3194 3091 
3 749 927 4867 
3 4178 4700 6876 
3 3340 3268 3269 
3 3199 3268 3340 
3 3144 3496 3566 
3 7982 2040 6622 
3 195 3779 1649 
3 3274 3103 3102 
3 2779 3263 2935 
3 5323 7492 5894 
3 5327 6865 5577 
3 3131 5577 6865 
3 5363 4201 786 
3 3052 3103 3502 
3 2849 3052 3502 
3 4348 1673 1658 
3 3790 7326 1433 
3 3575 3048 3348 
3 3207 3208 3349 
3 3282 3285 3207 
3 2674 2785 2892 
3 3296 3437 3209 
3 3287 3289 3285 
3 3285 3289 3214 
3 3356 3209 3437 
3 3289 3290 3214 
3 3368 3526 3370 
3 3209 3214 3296 
3 3523 3155 3293 
3 4795 4779 5620 
3 3444 3290 3289 
3 3290 3373 3296 
3 6318 5182 5769 
3 3439 3293 3216 
3 2905 2913 3466 
3 5620 4779 3865 
3 3290 3296 3214 
3 5060 3034 3187 
3 4538 2951 1094 
3 4174 1906 3039 
3 1991 702 6867 
3 3365 3058 2963 
3 1991 6867 3652 
3 3295 3221 3292 
3 3161 2909 2871 
3 313 4278 6622 
3 117 3253 3392 
3 5644 5400 6154 
3 3221 3161 3451 
3 2185 2130 2215 
3 454 749 3329 
3 7974 1950 5383 
3 3608 3451 3165 
3 3157 3448 3297 
3 3406 3329 749 
3 2803 3299 3061 
3 2594 7831 7934 
3 3300 3594 3375 
3 5736 5730 5619 
3 7392 4894 5204 
3 5701 7311 3598 
3 1459 1462 1266 
3 7917 3975 3909 
3 3950 3162 3228 
3 5291 5294 5680 
3 3061 3302 3225 
3 2555 726 7511 
3 6983 3592 1276 
3 3890 4661 2723 
3 3165 3388 3608 
3 3115 3462 3307 
3 6900 846 295 
3 545 2498 2508 
3 2537 2244 2191 
3 3610 3456 3383 
3 3624 3462 3544 
3 7761 5174 1448 
3 2333 7744 2589 
3 3540 3118 3168 
3 3313 3390 3713 
3 7850 5688 7299 
3 3120 3239 3625 
3 6915 6382 7963 
3 339 5688 7850 
3 5383 1961 7974 
3 3069 3311 3238 
3 3627 3474 3173 
3 3239 3318 3316 
3 4629 4678 3446 
3 4372 4225 4217 
3 3319 3549 3318 
3 3127 3177 3475 
3 5359 786 4193 
3 3400 3243 3401 
3 2191 2244 2189 
3 3547 3729 3477 
3 3822 3243 3400 
3 3478 3403 3181 
3 4597 2335 4840 
3 6263 3599 546 
3 3485 3184 3243 
3 5172 7761 1448 
3 1787 1161 6192 
3 3079 3484 3731 
3 4232 7978 885 
3 5911 1122 5345 
3 702 722 7528 
3 3384 3455 3535 
3 6899 5245 7413 
3 3326 3327 3245 
3 3911 3251 3250 
3 3768 4890 927 
3 754 3500 3985 
3 3134 3256 3556 
3 426 443 360 
3 3558 3405 3254 
3 3739 3189 3408 
3 3261 3737 3259 
3 5636 2175 3351 
3 3332 3648 3140 
3 3337 3194 3560 
3 379 319 400 
3 3415 3140 3648 
3 6915 7963 5570 
3 3335 3193 3413 
3 3413 3193 3492 
3 4303 4020 1571 
3 2019 2896 1159 
3 3216 3106 2959 
3 3560 3194 3142 
3 3768 927 749 
3 3199 3498 3339 
3 3342 3651 3420 
3 3097 3342 3145 
3 513 3563 856 
3 1311 99 5642 
3 6209 6736 5645 
3 3951 2221 949 
3 3684 6756 6231 
3 6807 7612 7873 
3 3150 3205 3276 
3 3099 3104 3345 
3 749 4867 3667 
3 3575 3503 3048 
3 3338 3195 3263 
3 7042 2190 7590 
3 7075 3100 2024 
3 4740 3213 5694 
3 3208 3354 3349 
3 454 3768 749 
3 3406 749 3667 
3 3357 3432 3427 
3 3508 3426 3282 
3 1826 1891 1583 
3 3426 3285 3282 
3 3432 3517 3353 
3 3208 3356 3354 
3 3950 3448 3222 
3 3357 3358 3432 
3 3287 3285 3426 
3 7150 3820 4884 
3 3442 3667 4614 
3 3358 3517 3432 
3 3356 3208 3209 
3 6204 6214 3310 
3 3357 3522 3358 
3 2792 3000 2687 
3 3358 3441 3517 
3 3522 3441 3358 
3 7125 7664 1793 
3 5121 867 5767 
3 3153 3523 3593 
3 3292 3363 3295 
3 3014 3024 7410 
3 5415 5286 5172 
3 3370 3371 3368 
3 4933 5920 3108 
3 7782 3154 6718 
3 3483 3643 3827 
3 3444 3700 3290 
3 67 26 71 
3 4530 4914 4527 
3 2943 2945 2946 
3 37 3246 3240 
3 3700 3373 3290 
3 3528 4508 3034 
3 3448 3600 3297 
3 3943 4968 7155 
3 7939 2667 1542 
3 3497 3833 4249 
3 3451 3447 3221 
3 4125 3607 6295 
3 3014 3013 4147 
3 2185 1188 4329 
3 7395 7396 4164 
3 6864 518 2922 
3 4385 846 6900 
3 3382 3302 3693 
3 7557 6469 3011 
3 3114 3307 3226 
3 7151 7142 7125 
3 3305 3382 3458 
3 3456 3387 3383 
3 3458 3465 3305 
3 5410 7953 1219 
3 3542 3388 3233 
3 3460 3540 3168 
3 3166 3305 3465 
3 5363 4206 4201 
3 5307 2136 4759 
3 3713 3390 3623 
3 5592 5583 3248 
3 3625 3233 3120 
3 1953 397 4158 
3 2931 4103 1708 
3 6263 2645 6472 
3 3544 3462 3236 
3 3167 3016 3067 
3 6101 2019 1159 
3 1953 2531 161 
3 3237 3471 3470 
3 1852 1908 1600 
3 3471 3237 3072 
3 6911 7430 5190 
3 6152 7744 6032 
3 7887 1232 3071 
3 6152 6840 7744 
3 3399 3400 3401 
3 3473 3399 3401 
3 2791 3985 7743 
3 3396 3313 3395 
3 3318 3549 3633 
3 6811 1859 4265 
3 3403 3180 3181 
3 3178 3401 3243 
3 3053 7737 3008 
3 1289 2620 4050 
3 3243 3822 3485 
3 1938 380 1880 
3 4324 4865 4823 
3 5013 6684 3981 
3 3812 3547 3395 
3 3771 6767 3007 
3 3330 3486 3332 
3 3979 3185 3640 
3 3639 3640 3404 
3 7692 6033 7160 
3 3138 3330 3332 
3 3873 3612 3614 
3 3911 3250 3247 
3 3254 3405 3084 
3 3796 3619 3791 
3 3483 3405 3643 
3 1829 4833 3046 
3 3190 3554 3487 
3 5487 5486 5488 
3 3314 3390 3313 
3 3257 3559 3915 
3 3364 3056 3596 
3 3830 3742 3740 
3 3240 353 247 
3 3284 642 7195 
3 3489 3737 3261 
3 1883 1817 1934 
3 3497 3093 3339 
3 2959 3056 3216 
3 3498 3199 3340 
3 3497 3339 3498 
3 3565 3196 3338 
3 292 1548 6776 
3 3201 3567 3200 
3 3145 3342 3420 
3 3200 3567 3748 
3 2910 3387 2971 
3 3344 3569 3274 
3 3420 3569 3344 
3 3345 3104 3276 
3 1548 292 447 
3 2978 4120 812 
3 1137 7929 5122 
3 3656 3655 3503 
3 3576 3349 3504 
3 7879 3988 3568 
3 5103 3991 143 
3 5198 4912 4458 
3 447 292 6571 
3 3576 3282 3349 
3 3427 3432 3507 
3 3282 3207 3349 
3 4148 3534 4226 
3 3357 3589 3522 
3 3349 3354 3423 
3 3668 3510 3353 
3 3432 3428 3507 
3 3882 3539 3958 
3 3586 3357 3427 
3 101 247 189 
3 2956 1801 5236 
3 6571 292 2589 
3 3212 1874 1172 
3 2958 5252 5244 
3 3384 3460 3230 
3 7801 3816 3308 
3 3669 3357 3586 
3 7063 5430 6557 
3 7541 678 2997 
3 3517 3587 3353 
3 138 5635 1300 
3 3356 3515 3354 
3 1292 981 1061 
3 6075 3490 326 
3 3515 3356 3437 
3 3441 3516 3517 
3 117 418 3253 
3 3253 418 3246 
3 3697 7313 6793 
3 3363 3365 3295 
3 3363 3292 3521 
3 6535 6025 6531 
3 3287 4017 3289 
3 3340 3566 3747 
3 6840 6488 6571 
3 7744 6571 2589 
3 3058 3365 3156 
3 3156 3527 3526 
3 5571 5459 6092 
3 3680 3693 3450 
3 3975 7390 4000 
3 4125 7530 3607 
3 3595 3940 3158 
3 2019 6101 5520 
3 6106 7142 7151 
3 7675 7155 4968 
3 6840 6571 7744 
3 1829 3676 4833 
3 3824 4048 4238 
3 5699 7826 5952 
3 1525 4482 2106 
3 7041 5407 7043 
3 6064 30 1079 
3 3382 3693 3533 
3 3226 3609 3300 
3 158 2037 7665 
3 3299 3450 3061 
3 3688 3370 3526 
3 3703 3608 3388 
3 3307 3609 3226 
3 3382 3611 3458 
3 3792 3455 3454 
3 6263 6472 7326 
3 3010 1967 105 
3 4500 7227 4491 
3 2865 7223 4495 
3 3623 3387 3456 
3 3384 3540 3460 
3 3542 3703 3388 
3 5512 3434 2637 
3 427 1111 4117 
3 5656 2443 7273 
3 7758 77 68 
3 3710 3239 3316 
3 2999 1787 2987 
3 3467 3234 3465 
3 5054 5631 4518 
3 2259 2317 2733 
3 3118 3468 3312 
3 3467 3627 3234 
3 3644 3672 454 
3 3177 3238 3475 
3 6741 2163 5636 
3 3544 3236 3237 
3 2802 2871 2909 
3 4629 3446 5008 
3 3713 3395 3313 
3 3239 3710 3625 
3 4208 6915 6408 
3 3545 3473 3401 
3 7423 6901 4687 
3 2728 1541 4492 
3 3547 3477 3395 
3 3395 3477 3396 
3 3628 3322 3974 
3 3318 3633 3814 
3 3652 6867 6805 
3 3474 3627 3478 
3 3549 3319 3075 
3 6095 4415 7089 
3 3400 3637 3822 
3 4049 4066 7465 
3 3477 3326 3475 
3 3244 3478 3181 
3 6457 4134 4126 
3 3477 3327 3326 
3 3477 3729 3327 
3 3978 4111 3740 
3 383 3743 266 
3 3496 3493 3564 
3 3322 3126 3731 
3 3125 3732 3976 
3 4492 1541 186 
3 4597 7278 2335 
3 609 630 1320 
3 3483 3404 3405 
3 4868 4359 7052 
3 7434 2907 4046 
3 7894 6317 7355 
3 3911 3554 3251 
3 3408 3184 3553 
3 4017 4146 3876 
3 7465 5170 4049 
3 812 5252 2978 
3 3554 3908 3487 
3 5934 4415 3412 
3 7845 4972 7600 
3 3740 3332 3486 
3 266 3672 3644 
3 7908 4428 7387 
3 3742 3648 3332 
3 3647 3263 3336 
3 7725 7364 5097 
3 3977 7731 7743 
3 5566 6140 7731 
3 3559 3337 3560 
3 3506 6873 7398 
3 6061 7621 6566 
3 1861 3088 1875 
3 5180 7736 7955 
3 22 5918 4705 
3 3565 3651 3342 
3 2561 2619 2677 
3 3569 3995 3838 
3 334 371 299 
3 3565 3342 3097 
3 3996 3499 3201 
3 2788 2561 2677 
3 3423 3505 3349 
3 3572 3149 3347 
3 3572 3205 3149 
3 3149 3421 3347 
3 3796 3791 3788 
3 614 8 7150 
3 3655 3421 3152 
3 3656 3503 3575 
3 1362 646 1373 
3 6766 6875 6519 
3 6332 5146 1712 
3 7697 2506 5557 
3 3428 3923 3507 
3 1249 4392 7617 
3 3510 4072 3927 
3 7674 275 6033 
3 3586 3427 3659 
3 3428 3353 3510 
3 3428 3432 3353 
3 3756 3426 3508 
3 3664 3514 3426 
3 6342 1638 1121 
3 434 5086 2982 
3 7017 1938 7003 
3 3587 3668 3353 
3 2813 6105 2745 
3 3354 3515 3666 
3 2302 7597 1331 
3 247 101 105 
3 3357 3669 3589 
3 3517 3516 3587 
3 275 7160 6033 
3 1527 1200 794 
3 3293 3439 3523 
3 3521 3765 3363 
3 4017 3784 3289 
3 3782 3516 3441 
3 3589 3681 3691 
3 3006 3107 2854 
3 3153 3593 3595 
3 3677 3521 3292 
3 3260 546 3252 
3 3156 3365 3937 
3 7864 7286 6787 
3 3740 3984 3830 
3 5459 2718 6092 
3 3260 3252 5921 
3 3156 3937 3527 
3 2049 7804 2672 
3 3910 3824 4238 
3 3441 3603 3782 
3 3240 1967 37 
3 5132 1707 491 
3 2139 2718 4537 
3 3441 3522 3603 
3 3451 3604 3447 
3 3236 3066 2980 
3 5305 7540 2169 
3 3529 3296 3373 
3 5148 4583 3212 
3 6332 459 718 
3 3773 3158 3940 
3 6612 6101 7133 
3 4228 5950 4267 
3 2245 546 3260 
3 1064 5802 4022 
3 5696 6441 5282 
3 2864 2964 2696 
3 4717 2743 4663 
3 3533 3611 3382 
3 3533 3781 3611 
3 5282 7464 5696 
3 3455 3384 2968 
3 3892 6197 4397 
3 3458 3611 3537 
3 6153 3980 5023 
3 4350 4870 6003 
3 3612 3462 3614 
3 7409 4779 4795 
3 5126 5125 4820 
3 679 1915 2037 
3 3543 3458 3537 
3 3612 3307 3462 
3 839 3407 2653 
3 4355 5387 7564 
3 4287 1876 1862 
3 3468 3118 3540 
3 7960 6401 7442 
3 158 679 2037 
3 4873 7564 6515 
3 3465 3543 3467 
3 3659 3922 3663 
3 3473 3545 3716 
3 7264 3105 7603 
3 3711 3312 3468 
3 4980 5008 3446 
3 3546 3401 3178 
3 3314 3313 3396 
3 1276 844 6983 
3 7433 6403 7443 
3 4339 1362 1350 
3 3710 3629 3715 
3 3420 3146 3145 
3 2245 5574 782 
3 3710 3316 3629 
3 3711 3468 3888 
3 3545 3718 3797 
3 2496 679 158 
3 3316 3814 3629 
3 3545 3546 3718 
3 3312 3711 3813 
3 3633 3549 3726 
3 6125 5532 4450 
3 3814 3316 3318 
3 3547 3815 3729 
3 3399 3634 3400 
3 3723 3125 3976 
3 48 3494 843 
3 5095 5103 141 
3 6263 3463 2645 
3 3632 3183 3728 
3 7705 158 7626 
3 3639 4105 3640 
3 7552 6979 7325 
3 3911 3247 3641 
3 3556 3552 3183 
3 4832 7003 6490 
3 3822 3553 3485 
3 4774 5009 5010 
3 3184 3485 3553 
3 1071 3893 4294 
3 6698 936 3279 
3 3739 3408 3553 
3 3161 3165 3451 
3 6902 7993 7688 
3 3643 3405 3558 
3 7767 1666 5289 
3 6101 5517 5520 
3 3755 7313 3697 
3 3247 3321 3813 
3 6684 5013 2412 
3 3596 3056 3297 
3 7585 1259 1686 
3 546 3463 6263 
3 6805 2329 3652 
3 2794 5548 2787 
3 3493 3648 3649 
3 2794 7966 5548 
3 7877 3374 3379 
3 7945 4699 4691 
3 3645 3653 3037 
3 4249 4057 3497 
3 4713 1119 4121 
3 3564 3566 3496 
3 3200 3748 3495 
3 460 782 5574 
3 5040 1641 7949 
3 3651 3837 3749 
3 3569 3420 3995 
3 3196 3565 3097 
3 2595 7830 4295 
3 7687 7585 1686 
3 2891 2676 2618 
3 3270 5153 4595 
3 3571 3276 3205 
3 3654 3276 3571 
3 3479 3980 5014 
3 2323 3550 6029 
3 2201 782 460 
3 3350 1338 2666 
3 3152 3503 3655 
3 5516 3840 3590 
3 7072 7705 7069 
3 4552 4555 4127 
3 1820 176 1774 
3 3906 1275 5453 
3 6018 7590 6025 
3 3813 3641 3247 
3 4910 4392 1249 
3 3364 3216 3056 
3 3215 6656 88 
3 7155 7696 3943 
3 3089 1862 1713 
3 857 717 818 
3 7481 6460 1751 
3 4208 6382 6915 
3 3664 3426 3756 
3 4391 6544 7062 
3 6441 5335 5900 
3 1257 1862 1876 
3 3514 3664 3932 
3 3760 3761 3586 
3 2302 1331 7687 
3 5325 2201 460 
3 3666 3515 3851 
3 3162 3222 3159 
3 471 994 3062 
3 7758 68 6595 
3 3516 3867 3587 
3 7930 7829 5356 
3 3669 3586 3761 
3 6845 5777 6330 
3 3364 3596 3860 
3 5277 6932 7443 
3 5911 1740 171 
3 431 5322 5889 
3 3595 3593 3682 
3 4014 439 5593 
3 2071 2477 3080 
3 3674 3594 3591 
3 3018 3115 3114 
3 3674 3375 3594 
3 2899 2841 3000 
3 3516 3782 3867 
3 3526 3527 4291 
3 3937 3365 3520 
3 3674 3450 3375 
3 1371 6579 4685 
3 3946 4296 4371 
3 3371 3695 3454 
3 3292 3447 3677 
3 3297 3600 3596 
3 6012 7011 5409 
3 553 4850 536 
3 2201 5123 620 
3 3589 3776 3522 
3 3603 3522 3776 
3 6022 967 5407 
3 3071 1232 3068 
3 3891 7276 5040 
3 6454 1639 5911 
3 4880 4643 4798 
3 3608 4018 3604 
3 4047 4152 921 
3 3700 3444 3788 
3 3300 3609 3594 
3 7439 5277 6408 
3 2838 3044 3200 
3 6059 6486 722 
3 3608 3703 4018 
3 4968 3933 6243 
3 7622 7734 4046 
3 3455 3792 3535 
3 3923 3927 4130 
3 7845 6170 4972 
3 3609 3307 3612 
3 3540 3384 3802 
3 7488 7713 7716 
3 3619 3543 3537 
3 3706 3539 3624 
3 3539 3462 3624 
3 3462 3539 3614 
3 722 6486 7528 
3 3709 3543 3619 
3 4211 4008 4010 
3 3965 3801 3542 
3 3709 3467 3543 
3 7433 6391 5857 
3 3467 3709 3712 
3 4230 1982 7650 
3 4156 3621 3174 
3 7456 7981 7454 
3 2727 4445 2735 
3 3712 3627 3467 
3 3812 3395 3713 
3 3470 3544 3237 
3 3478 3627 3721 
3 3471 3628 3470 
3 6725 2702 7829 
3 6867 5259 6805 
3 2543 1362 4339 
3 6805 5259 6839 
3 3716 3811 3473 
3 7761 5037 5174 
3 3312 3813 3321 
3 5095 1831 3461 
3 3628 3471 3322 
3 1919 2329 6805 
3 3768 7920 4890 
3 3815 3547 3812 
3 3812 3898 3815 
3 3483 3638 3897 
3 3483 3897 3639 
3 3915 3976 3732 
3 3478 3244 3474 
3 3979 3731 3484 
3 3979 3484 3185 
3 3822 3825 3553 
3 1919 6839 412 
3 4099 4172 4386 
3 3786 3781 3877 
3 6643 1501 3176 
3 3732 3249 3915 
3 3355 2582 6758 
3 7893 5586 7662 
3 4424 4415 6095 
3 3106 3155 2960 
3 3647 3338 3263 
3 3413 3492 3990 
3 4881 4878 4799 
3 4700 4702 5822 
3 4232 885 4236 
3 7614 3919 3929 
3 2557 2674 2559 
3 3748 3917 3495 
3 3142 3497 4057 
3 3797 3716 3545 
3 3498 3833 3497 
3 3201 3499 3567 
3 3566 3564 3747 
3 3249 3732 2881 
3 3751 3569 3838 
3 3205 4062 3571 
3 3918 3654 3571 
3 3841 3348 3502 
3 3920 3841 3502 
3 3997 3572 3347 
3 5315 5282 6441 
3 2711 6151 7711 
3 7316 189 247 
3 3997 3347 3752 
3 3505 3847 3504 
3 5894 5689 3210 
3 3505 3504 3349 
3 7396 7398 4164 
3 7602 7705 7626 
3 3982 4044 4177 
3 3576 4002 3508 
3 4247 4054 4842 
3 7283 5683 2461 
3 3428 3510 3923 
3 3423 4065 3505 
3 4065 3847 3505 
3 3756 3508 4002 
3 6455 1774 176 
3 4337 4260 4259 
3 3663 3760 3586 
3 7188 1774 6455 
3 44 6151 656 
3 5586 2672 7804 
3 680 7534 1858 
3 6062 2037 1915 
3 6776 1548 6900 
3 3798 3716 3797 
3 3040 2337 237 
3 2970 3164 3163 
3 6330 5777 3117 
3 3514 3854 4012 
3 3938 4081 3593 
3 3593 3523 3938 
3 7908 4143 6845 
3 3765 3521 3767 
3 1724 7467 3818 
3 111 2529 1394 
3 3233 3165 3017 
3 3521 3677 3767 
3 708 1975 53 
3 4006 3934 3520 
3 3523 3439 3938 
3 3591 3594 3690 
3 3857 3680 3674 
3 3447 3855 3677 
3 3595 3682 3939 
3 3224 1524 5883 
3 3204 4931 1539 
3 2171 7786 7666 
3 6330 3117 6323 
3 2787 6092 7680 
3 5802 4074 4022 
3 3447 3292 3221 
3 2697 2711 7711 
3 3526 4291 3688 
3 3691 3690 3609 
3 3594 3609 3690 
3 704 3449 1810 
3 3689 3693 3680 
3 6315 5182 6318 
3 2992 3257 3249 
3 3876 3784 4017 
3 927 4890 4867 
3 6315 6318 6313 
3 4092 3888 3802 
3 3872 3604 4018 
3 4958 4653 6500 
3 1977 41 1985 
3 3373 3879 3529 
3 3694 3533 3693 
3 270 4290 5335 
3 7919 7921 7474 
3 3780 3529 3879 
3 1492 6422 5891 
3 7869 1973 949 
3 1491 6500 7563 
3 383 266 7268 
3 4868 7565 7028 
3 607 4079 7171 
3 778 549 7736 
3 3890 2051 4661 
3 3611 3781 3786 
3 3701 3700 3791 
3 777 932 813 
3 3534 3228 3231 
3 3625 3710 3966 
3 3802 3384 3535 
3 7066 7067 2310 
3 3800 3709 3796 
3 1719 281 1727 
3 4410 6590 6061 
3 1730 1440 1446 
3 3801 4018 3703 
3 17 739 1974 
3 5656 7273 3419 
3 6422 4883 5891 
3 6032 2333 4022 
3 3542 3801 3703 
3 6897 1085 3391 
3 4993 1014 3062 
3 3709 3800 3807 
3 4385 3951 846 
3 3644 117 3392 
3 4615 4306 4603 
3 2762 2592 2533 
3 3809 3712 3709 
3 6300 6807 7873 
3 3544 3470 3624 
3 3710 3715 3966 
3 4610 2595 4030 
3 3820 7150 3204 
3 3765 3520 3363 
3 5763 4493 7365 
3 3403 3478 3721 
3 3403 3721 3546 
3 2303 7279 2868 
3 5763 7365 7371 
3 4359 4374 5419 
3 3726 3549 3632 
3 2021 2251 2434 
3 3901 3633 3726 
3 5242 5831 6382 
3 5710 4590 3598 
3 158 7637 7626 
3 3731 3974 3322 
3 3639 3404 3483 
3 7150 4884 4877 
3 7503 4158 4279 
3 1919 6805 6839 
3 1089 1166 1006 
3 3486 3729 3978 
3 3742 3830 3986 
3 3554 3911 3908 
3 2995 6256 2524 
3 3728 3903 3726 
3 3489 3487 3735 
3 1909 2922 1973 
3 6279 3602 4080 
3 6056 2103 6087 
3 3489 3735 3736 
3 3828 3739 3553 
3 1211 1311 1303 
3 3489 3736 3737 
3 3742 3332 3740 
3 3413 3987 3334 
3 3829 3334 3987 
3 1658 2450 3362 
3 4953 7941 7940 
3 3649 3648 3742 
3 3744 3338 3647 
3 6274 3588 6786 
3 7921 60 7356 
3 5277 7443 4726 
3 4019 7492 6150 
3 7436 7667 7668 
3 3822 3637 3982 
3 3990 3492 3495 
3 3564 3493 3649 
3 6070 4877 4879 
3 3834 3837 3338 
3 3498 3340 3747 
3 3953 718 3949 
3 3564 3649 4056 
3 3431 3019 2777 
3 7390 5327 4000 
3 4306 6814 4603 
3 3205 3572 4062 
3 3752 3347 3655 
3 3841 3575 3348 
3 3842 3656 3575 
3 3921 3998 3656 
3 3847 3843 3504 
3 3655 3656 3998 
3 3315 2215 565 
3 4264 6864 2922 
3 3507 3846 3922 
3 1232 7327 4219 
3 1820 6573 176 
3 2656 2714 2763 
3 1887 2345 1876 
3 7737 3053 7207 
3 3745 3210 7983 
3 3556 3555 3552 
3 3568 3988 3907 
3 3666 3928 3662 
3 3760 3849 3928 
3 3756 3931 3664 
3 7481 1751 45 
3 3928 3761 3760 
3 3928 3666 3761 
3 7284 7276 2862 
3 6455 6948 1724 
3 2605 7087 2972 
3 1833 1816 1106 
3 4017 3514 4012 
3 3669 3763 3681 
3 4075 3668 3587 
3 4033 6231 6756 
3 5081 4708 5687 
3 3591 3681 3763 
3 3591 3690 3681 
3 3396 3238 3314 
3 3855 3767 3677 
3 3252 926 5921 
3 3859 3515 3437 
3 6981 7000 1122 
3 3591 3763 3852 
3 3765 4006 3520 
3 3439 4013 3938 
3 3690 3691 3681 
3 3593 4081 3682 
3 2360 2424 2530 
3 3939 3682 3858 
3 3862 3527 3937 
3 3450 3674 3680 
3 6043 7832 3746 
3 3596 3600 3860 
3 2495 1887 1876 
3 3667 4867 7365 
3 3595 3939 3940 
3 3589 3871 3776 
3 3859 3437 3866 
3 1548 447 7235 
3 5523 6118 2098 
3 7899 865 7732 
3 3693 3689 3868 
3 6253 4693 3480 
3 3868 3694 3693 
3 17 1948 689 
3 4518 3536 3211 
3 3609 3612 3871 
3 2018 1973 7869 
3 3950 4084 3448 
3 3109 3220 3158 
3 6028 471 3513 
3 3034 5060 3528 
3 3782 3874 3867 
3 2221 7869 949 
3 7852 7854 5083 
3 6488 3973 6571 
3 3610 3773 3944 
3 4532 3976 4322 
3 3872 4018 3947 
3 3725 6031 3746 
3 3603 3874 3782 
3 1903 1897 1657 
3 4084 3600 3448 
3 3791 3700 3788 
3 7433 5857 6403 
3 4228 4801 4746 
3 2786 3935 6472 
3 237 2337 6724 
3 4541 7318 756 
3 3944 4225 3610 
3 3879 3789 3780 
3 3792 3795 3535 
3 3786 3780 3789 
3 3873 3882 3776 
3 5058 5052 6719 
3 7930 1623 3705 
3 2477 1264 3702 
3 5743 6313 6306 
3 3957 3799 3800 
3 3886 3456 3610 
3 3798 3797 3952 
3 2945 2943 2842 
3 7439 6408 6924 
3 3797 3799 3952 
3 5924 6916 7975 
3 3886 3623 3456 
3 3797 3807 3799 
3 3799 3807 3800 
3 4614 7352 3442 
3 3542 3625 3965 
3 4234 3623 3886 
3 3888 3468 3802 
3 3897 4105 3639 
3 3623 4234 3713 
3 4123 4398 4695 
3 605 609 2504 
3 3797 3718 3807 
3 3816 7801 5952 
3 1233 7195 642 
3 3807 3809 3709 
3 3442 7352 7316 
3 3726 3632 3728 
3 3966 3965 3625 
3 3988 4506 3907 
3 3807 3718 3809 
3 714 669 858 
3 3967 3966 3715 
3 3363 3520 3365 
3 3894 3811 3716 
3 7412 7413 1256 
3 3811 3894 4044 
3 3811 4044 3634 
3 3814 3896 3629 
3 2865 4495 5592 
3 435 4446 6771 
3 3901 3814 3633 
3 4343 4342 4340 
3 4004 7303 7329 
3 3178 3403 3546 
3 3634 4044 3637 
3 2566 6021 692 
3 3731 3979 3974 
3 6481 6482 6712 
3 7538 7326 3790 
3 3637 4044 3982 
3 4098 3638 3913 
3 3900 2201 620 
3 5110 6813 5753 
3 3552 3555 3824 
3 4348 4330 6039 
3 2982 2362 4736 
3 7326 3599 6263 
3 2230 6459 53 
3 3908 3735 3487 
3 2919 2979 2877 
3 3824 3555 3826 
3 3643 3983 3827 
3 3552 3910 3183 
3 3736 3826 3737 
3 3739 4115 3741 
3 3260 5921 3304 
3 3183 3632 3075 
3 3828 4115 3739 
3 6862 5726 3241 
3 3649 3742 3986 
3 3413 3990 3987 
3 3986 4055 3649 
3 5011 5558 3962 
3 7198 7720 5568 
3 3739 3741 3647 
3 6488 6840 6390 
3 4004 7329 7879 
3 3105 4701 7724 
3 5853 5857 6391 
3 3997 4063 4191 
3 3842 3575 3841 
3 3998 4258 3655 
3 199 4561 3720 
3 3842 3921 3656 
3 3274 3751 3573 
3 3421 3655 3347 
3 7294 4152 6753 
3 5610 14 5589 
3 7389 1137 1205 
3 4375 4151 4227 
3 3847 4131 3843 
3 5675 6767 2461 
3 3923 3846 3507 
3 5213 7391 6861 
3 529 7317 5654 
3 3562 3907 4076 
3 2531 1953 4158 
3 3223 3229 3803 
3 3909 7377 7917 
3 4240 4043 4175 
3 2416 6649 4660 
3 4072 3510 3668 
3 3663 4069 3849 
3 3012 3617 5667 
3 3975 7917 7390 
3 5367 5076 5006 
3 3849 3760 3663 
3 3568 3907 3562 
3 3617 3012 199 
3 3662 3354 3666 
3 7646 6095 7089 
3 312 248 221 
3 7041 4362 5407 
3 2179 2188 3509 
3 4145 4657 6855 
3 5532 6125 5549 
3 3852 3761 3851 
3 3545 3401 3546 
3 7929 7920 5122 
3 3793 3537 3789 
3 2473 2526 2411 
3 3651 3995 3420 
3 7402 5217 4171 
3 3857 3852 3851 
3 4387 2020 3775 
3 3855 4008 3767 
3 4007 3765 3767 
3 3765 4007 4006 
3 3515 3857 3851 
3 4015 3587 3867 
3 3520 3934 3937 
3 6539 6526 6544 
3 4902 4910 1249 
3 3635 2481 5953 
3 3364 3860 3941 
3 3862 4291 3527 
3 3859 3680 3857 
3 3151 3730 2504 
3 5005 5075 4768 
3 7133 6101 7147 
3 3585 6342 1302 
3 3276 3654 3345 
3 3868 3866 3694 
3 3604 4289 3447 
3 3868 3689 3866 
3 3875 3946 3867 
3 1216 1003 1000 
3 3300 3059 3226 
3 143 5132 2927 
3 4289 3604 3872 
3 6315 6313 5743 
3 1302 6342 2462 
3 7187 7297 7300 
3 2446 2455 7812 
3 3871 3873 3776 
3 3781 3694 3877 
3 6101 6612 5517 
3 6031 4829 3746 
3 3675 854 7121 
3 3533 3694 3781 
3 3876 3957 3784 
3 7776 3568 7788 
3 3776 3882 3955 
3 3875 3867 3874 
3 3688 4149 3695 
3 1318 1222 1163 
3 3877 3780 3786 
3 3957 3788 3784 
3 3644 3392 266 
3 4122 1422 2723 
3 3879 3793 3789 
3 7047 2508 4784 
3 3793 3619 3537 
3 3129 2449 1816 
3 3502 3274 3573 
3 6472 3935 1433 
3 6472 1433 7326 
3 3392 7268 266 
3 3573 3920 3502 
3 3788 3957 3800 
3 4088 2958 5244 
3 3796 3788 3800 
3 3583 3252 3599 
3 3952 3799 3876 
3 3885 3798 3952 
3 132 147 187 
3 4148 4510 4084 
3 3965 4095 3801 
3 3539 3706 4026 
3 4315 4377 4380 
3 7629 6589 6575 
3 7680 3025 2794 
3 3804 3963 3887 
3 3802 3468 3540 
3 3621 4156 4226 
3 3464 3436 2765 
3 3624 3470 3804 
3 4074 6152 6032 
3 6090 5517 6612 
3 3804 3968 3963 
3 3804 3470 3968 
3 3966 4095 3965 
3 2754 2699 2346 
3 3628 3968 3470 
3 4022 4074 6032 
3 3898 3812 3713 
3 4102 3968 3628 
3 3813 3711 4034 
3 7968 6379 6371 
3 4593 7323 3605 
3 3721 3809 3718 
3 586 7104 1696 
3 3638 3895 3897 
3 1364 1358 1518 
3 3901 3896 3814 
3 5511 7317 1829 
3 3613 6179 7931 
3 7703 2016 6639 
3 3726 4043 3901 
3 5955 4815 5966 
3 3895 3638 4098 
3 3444 3784 3788 
3 3435 2863 3541 
3 3139 3253 3246 
3 7621 6061 2528 
3 3246 37 3139 
3 529 3092 3686 
3 4034 4041 3813 
3 4170 3723 3976 
3 4289 3855 3447 
3 6698 3279 7763 
3 3483 3913 3638 
3 3908 3911 4041 
3 4041 3911 3641 
3 7914 4669 856 
3 3827 3913 3483 
3 3979 3640 4105 
3 3702 3092 2477 
3 4048 3824 3826 
3 3913 3827 4112 
3 4840 2335 4637 
3 7771 7533 7653 
3 7738 5558 5011 
3 3741 4115 4182 
3 3559 3560 4183 
3 2409 2416 4660 
3 4152 7294 730 
3 3308 326 5090 
3 2968 2642 2965 
3 4277 3931 4067 
3 6153 7198 5014 
3 41 3004 6595 
3 4058 3498 3747 
3 4058 3833 3498 
3 4186 3748 3567 
3 4184 4249 3833 
3 4186 3917 3748 
3 3567 3750 4186 
3 3838 3995 4059 
3 7932 5720 4321 
3 4258 3752 3655 
3 7179 7175 2692 
3 1430 1236 1337 
3 4063 3997 3752 
3 3573 3751 4253 
3 3504 3843 3576 
3 2131 7780 7785 
3 4131 3847 4065 
3 2987 448 4732 
3 5802 1064 3323 
3 3923 3999 3846 
3 6035 4895 4378 
3 5419 7052 4359 
3 4131 4197 3843 
3 6531 6025 7590 
3 4068 4065 3662 
3 3662 4065 3423 
3 4425 4067 4002 
3 3664 3931 3932 
3 6418 7669 7219 
3 5866 2402 2356 
3 1592 4544 7676 
3 4072 4075 4430 
3 4062 3918 3571 
3 5779 3008 2692 
3 3855 4010 4008 
3 4701 6661 7724 
3 2354 3563 513 
3 3858 4283 3939 
3 4736 2362 1779 
3 2498 7000 28 
3 1915 679 7962 
3 3855 4289 3936 
3 794 1200 2889 
3 5305 2280 7540 
3 7377 3909 7889 
3 7042 2254 1007 
3 3439 3941 4013 
3 7041 4870 4362 
3 7063 4378 5430 
3 3940 3944 3773 
3 588 5581 1322 
3 3689 3680 3859 
3 4220 3688 4291 
3 7014 7708 7706 
3 7157 6114 7697 
3 3600 4084 4292 
3 3691 3609 3871 
3 3529 3780 3877 
3 7729 2439 7070 
3 1007 2254 6002 
3 4004 7879 3568 
3 6769 6599 6494 
3 2947 7697 7704 
3 1289 4050 1968 
3 3359 2675 5826 
3 7788 3568 3562 
3 4814 1427 2137 
3 1264 1847 2319 
3 3614 3539 3882 
3 3791 3793 3701 
3 7704 2572 2947 
3 3882 3958 3955 
3 4024 3874 3955 
3 3206 3242 774 
3 4024 3955 3958 
3 4021 3795 3792 
3 3801 3947 4018 
3 3252 546 3599 
3 3610 4225 3886 
3 7543 5392 4335 
3 3535 3795 3802 
3 4026 3804 3887 
3 5582 6021 7155 
3 6550 2126 7954 
3 3888 4031 3711 
3 3715 3896 4099 
3 3963 3968 4163 
3 4283 3858 4360 
3 3716 4027 3894 
3 7409 4795 2690 
3 3713 4234 3898 
3 6519 6186 6766 
3 3629 3896 3715 
3 3595 3158 3220 
3 6490 4824 4832 
3 5243 4130 4871 
3 7812 2455 1713 
3 7423 6382 6901 
3 4240 4172 3901 
3 4172 3896 3901 
3 365 1890 1794 
3 7912 2416 3557 
3 7070 4113 7767 
3 4036 4041 4034 
3 7239 3392 3253 
3 5699 5952 7801 
3 4529 3894 4315 
3 3815 3978 3729 
3 7909 2655 7802 
3 4042 3894 4529 
3 3726 3903 4043 
3 4036 3908 4041 
3 3728 4239 3903 
3 3728 3910 4239 
3 6649 6521 4660 
3 5323 3255 5906 
3 7913 3063 7954 
3 4450 5532 1971 
3 4879 3783 6081 
3 4060 3996 4399 
3 7939 1560 2667 
3 6566 7071 3902 
3 1176 3476 5823 
3 4048 3826 3736 
3 4253 3751 3838 
3 3983 3643 3829 
3 3984 4181 3830 
3 368 5345 4305 
3 4054 3987 3990 
3 3495 3917 3990 
3 4267 5950 4288 
3 5681 7843 4568 
3 1032 958 914 
3 2103 6056 2085 
3 4233 4381 4457 
3 7662 5578 3279 
3 7071 6045 3902 
3 7914 856 3563 
3 4257 3841 3920 
3 2218 7762 7714 
3 7762 2218 971 
3 4127 3921 3842 
3 4128 3998 3921 
3 4316 4456 4098 
3 3843 3924 3576 
3 1254 66 4325 
3 6553 4909 6040 
3 1520 6833 7772 
3 7142 6106 7115 
3 5335 4290 3286 
3 4863 5101 5016 
3 3662 3928 4068 
3 3323 1064 6550 
3 6476 485 4429 
3 7735 7603 3105 
3 397 6864 4158 
3 6684 5583 3981 
3 5123 4563 4963 
3 328 384 354 
3 5037 3063 5174 
3 4068 3928 3849 
3 4017 4012 4215 
3 750 1464 1456 
3 3423 3354 3662 
3 7696 6135 5531 
3 4832 2744 5385 
3 7042 6018 2254 
3 3557 6282 3519 
3 3971 3893 4001 
3 264 7543 7532 
3 3932 3854 3514 
3 5305 2169 7029 
3 1591 2286 3361 
3 7409 2723 4661 
3 621 2972 4329 
3 3934 4009 3937 
3 4620 1591 3361 
3 6148 5903 5322 
3 4140 3938 4013 
3 4006 4007 4077 
3 5526 6118 5523 
3 158 7665 7637 
3 4082 4013 3941 
3 2694 1639 6454 
3 4328 4399 4694 
3 3860 3600 4292 
3 3595 3220 3153 
3 2009 1985 68 
3 622 531 736 
3 4005 5631 5054 
3 5894 4250 5323 
3 508 530 528 
3 3874 3603 3955 
3 5303 7628 6029 
3 3996 4060 3750 
3 4090 3874 4024 
3 1227 3531 5827 
3 4026 3958 3539 
3 3634 3399 3811 
3 4024 3958 4026 
3 3957 3876 3799 
3 6547 6541 2439 
3 3795 4092 3802 
3 3712 3809 3721 
3 4155 3801 4095 
3 3037 2414 3645 
3 4121 7070 2439 
3 4479 4405 4772 
3 4151 4375 4296 
3 3711 4031 4034 
3 1492 2655 6422 
3 4962 4938 3719 
3 656 2711 668 
3 4382 1125 3714 
3 4099 4381 3715 
3 4044 3894 4042 
3 4031 4036 4034 
3 3895 4098 4096 
3 4313 3723 4170 
3 2813 7692 6105 
3 3968 4102 4163 
3 3856 4438 1482 
3 7705 7602 7069 
3 4740 5716 7464 
3 4504 7760 4003 
3 1525 1523 3675 
3 37 1967 3010 
3 3978 3815 4100 
3 5356 7829 3051 
3 4104 3908 4036 
3 4043 3903 4175 
3 6490 6489 5956 
3 6494 6599 368 
3 7473 6790 7471 
3 3979 4105 3974 
3 4104 3735 3908 
3 6282 4379 3519 
3 4146 4215 4218 
3 7070 7767 7729 
3 4690 3840 5516 
3 4669 7914 3581 
3 3915 4322 3976 
3 4176 3736 3735 
3 3825 4462 3828 
3 3915 3559 4322 
3 5943 5821 6210 
3 1170 6908 4379 
3 4678 4629 7278 
3 5199 4143 7908 
3 6442 492 1890 
3 4182 3744 3741 
3 646 1362 2543 
3 4057 4183 3560 
3 7875 3562 4076 
3 4056 3992 3747 
3 4058 3747 3992 
3 7514 7559 7447 
3 5325 5123 2201 
3 1259 7585 7582 
3 4060 4186 3750 
3 4256 4063 3752 
3 5970 7029 7400 
3 3842 4257 4127 
3 4334 3998 4128 
3 7938 7935 2654 
3 2400 6903 6379 
3 3924 3843 4347 
3 402 7598 7610 
3 7755 7522 6958 
3 6466 3794 7518 
3 4202 4195 4266 
3 3078 3100 7075 
3 6650 6757 6309 
3 5357 5956 3808 
3 4767 478 6093 
3 6503 6765 7563 
3 4065 4204 4133 
3 4918 4353 3779 
3 4666 4900 4974 
3 4132 4202 4069 
3 2617 4701 2572 
3 4540 4249 4184 
3 7623 1671 7626 
3 4205 4072 4430 
3 788 4633 2609 
3 4754 1572 80 
3 580 7091 594 
3 4007 3767 4284 
3 7348 6487 2402 
3 4009 3934 4077 
3 4006 4077 3934 
3 3938 4140 4081 
3 3767 4008 4284 
3 4136 4010 3936 
3 4180 4735 4194 
3 4525 4594 4524 
3 3682 4081 4137 
3 4361 3936 4289 
3 3854 4639 4012 
3 2886 3443 3960 
3 1948 1373 5623 
3 4082 3860 4292 
3 2228 4022 4559 
3 7897 7901 3393 
3 4371 4015 3946 
3 3541 3538 3570 
3 7063 6035 4378 
3 4283 4139 3939 
3 4146 4218 3952 
3 7085 7627 7962 
3 4226 4443 4148 
3 1503 1803 1613 
3 5478 5506 425 
3 4336 4776 4338 
3 5209 5061 5439 
3 3947 3801 4300 
3 3020 4385 1642 
3 3885 3952 4224 
3 3886 4225 4153 
3 595 593 677 
3 4024 4026 4090 
3 5900 5315 6441 
3 2175 5636 2163 
3 3963 4301 3887 
3 3020 1642 7663 
3 676 502 641 
3 7709 7707 7941 
3 7084 2225 553 
3 3546 3721 3718 
3 4061 4255 3920 
3 3716 3885 4027 
3 4282 4358 4286 
3 4160 4308 4307 
3 3963 4097 4157 
3 4157 4301 3963 
3 7817 7895 7827 
3 3895 4308 4160 
3 5213 7395 4161 
3 6500 5965 7563 
3 4163 4097 3963 
3 4315 3894 4027 
3 6362 17 689 
3 4165 4036 4031 
3 7371 4867 4890 
3 3897 3895 4160 
3 962 2337 4943 
3 4099 3896 4172 
3 3647 3336 3739 
3 4100 3815 3898 
3 4526 4172 4240 
3 3974 4105 4102 
3 5831 6901 6382 
3 4467 4251 3744 
3 4823 4801 4818 
3 3666 3851 3761 
3 4111 3978 4528 
3 6064 844 5868 
3 4240 4175 4598 
3 2650 3845 2903 
3 4112 4242 3913 
3 4541 7269 6283 
3 3983 4244 4112 
3 4686 4466 4922 
3 6330 6323 5770 
3 5689 6097 4539 
3 4112 3827 3983 
3 4796 4880 4798 
3 1961 5383 2485 
3 4111 3984 3740 
3 4264 4279 4158 
3 4118 3829 3987 
3 3990 3917 4054 
3 5003 2229 1693 
3 4104 4036 4165 
3 5397 5396 5376 
3 4056 4395 3992 
3 4056 4055 4395 
3 4426 3331 6730 
3 4055 3830 4464 
3 3267 1458 3367 
3 4251 4398 4123 
3 4123 4059 3749 
3 4123 3749 4251 
3 3837 4251 3749 
3 4327 4186 4252 
3 1389 3942 7414 
3 6323 4634 6317 
3 4188 4189 4059 
3 4189 3838 4059 
3 4189 4253 3838 
3 3918 3996 3654 
3 4264 4158 6864 
3 6315 5177 5182 
3 4257 3842 3841 
3 4127 4128 3921 
3 3998 4334 4258 
3 5317 962 195 
3 4347 3843 4197 
3 3573 4253 4061 
3 4360 4799 4641 
3 3436 3464 3570 
3 1548 7411 6900 
3 3124 3126 3322 
3 4130 4269 3999 
3 124 6948 6455 
3 4789 4427 4874 
3 4131 4065 4133 
3 3922 4199 4203 
3 6315 5743 4622 
3 3923 4130 3999 
3 4204 4202 4274 
3 869 6518 5359 
3 4204 3849 4202 
3 2804 2966 6362 
3 4065 4068 4204 
3 1090 1230 1051 
3 3849 4204 4068 
3 4002 4067 3756 
3 4010 3855 3936 
3 7276 7284 1641 
3 4288 4828 4818 
3 4368 4430 4075 
3 4007 4284 4434 
3 5872 7467 1724 
3 6943 6945 6412 
3 3858 3682 4645 
3 5872 1724 6948 
3 6412 6945 45 
3 1192 4700 5822 
3 4434 4077 4007 
3 4015 4368 4075 
3 6253 6928 4693 
3 3944 4139 4286 
3 3939 4139 3944 
3 4292 4216 4082 
3 161 3935 2786 
3 2509 6814 6295 
3 3872 3947 4293 
3 2108 5555 2131 
3 6718 2969 1378 
3 3950 4148 4084 
3 4223 3947 4300 
3 830 135 3317 
3 234 1542 2627 
3 4115 4462 4758 
3 6873 4680 7398 
3 2500 885 3049 
3 3083 1586 7446 
3 3935 1510 1433 
3 3607 7530 4083 
3 4021 4149 4376 
3 5590 5596 2535 
3 4304 4300 3801 
3 4376 4092 4021 
3 4231 4027 4224 
3 6648 6049 6866 
3 4227 4090 3887 
3 5274 6486 5937 
3 4375 4227 4301 
3 4227 3887 4301 
3 4157 4307 4301 
3 4041 3641 3813 
3 7669 7554 1165 
3 3886 4311 4234 
3 4092 4376 4165 
3 4092 4165 4031 
3 7984 4279 4264 
3 5965 5306 7563 
3 4096 4098 4456 
3 6488 7039 3973 
3 1970 5701 3598 
3 6279 5698 2492 
3 6240 3771 3007 
3 4096 4308 3895 
3 4176 4104 4237 
3 1078 1361 1039 
3 3898 4234 4516 
3 330 396 279 
3 7393 1317 2844 
3 4166 3897 4160 
3 3898 4517 4100 
3 3001 3618 1787 
3 4173 4163 4102 
3 4235 4104 4165 
3 4242 4316 4098 
3 4237 4104 4235 
3 5650 6806 5593 
3 4102 4105 4173 
3 4166 4173 4105 
3 7377 7889 7345 
3 4657 5204 6855 
3 3737 3826 3259 
3 1642 4385 6900 
3 6786 1954 7382 
3 2080 5834 7975 
3 4105 3897 4166 
3 4388 3903 4239 
3 4388 4175 3903 
3 4044 4042 4177 
3 4176 4238 4048 
3 1958 692 7487 
3 4239 3910 4238 
3 1187 1807 1196 
3 6728 7895 7817 
3 3828 4462 4115 
3 7827 7549 2163 
3 3559 4838 4322 
3 4118 3983 3829 
3 2292 5381 5935 
3 4506 6314 7890 
3 6664 6691 5533 
3 912 6664 5533 
3 4396 3992 4395 
3 4184 4396 4688 
3 4467 3744 4182 
3 4056 3649 4055 
3 4396 4058 3992 
3 4129 4622 4628 
3 3651 3565 3837 
3 1833 385 1849 
3 7953 6868 1219 
3 2918 143 2927 
3 6315 4622 5177 
3 4192 4063 4256 
3 4259 4260 4556 
3 1710 1711 1654 
3 4263 4195 4262 
3 4195 4343 4262 
3 4438 4418 1482 
3 4263 4266 4195 
3 4195 4268 4343 
3 4195 4132 4268 
3 2045 6004 797 
3 4195 4202 4132 
3 4272 4268 4132 
3 3999 4349 4198 
3 3999 4269 4349 
3 161 2531 1510 
3 1311 3398 1303 
3 980 1236 760 
3 4069 4203 4132 
3 4274 4202 4266 
3 7239 5026 7268 
3 3924 4064 4002 
3 7538 3599 7326 
3 7179 6660 1875 
3 5389 4868 7028 
3 304 7198 6153 
3 3932 3931 4277 
3 3298 2045 762 
3 3323 6550 425 
3 7897 1010 1008 
3 6123 6118 4977 
3 1331 4676 7585 
3 4281 4009 4077 
3 5415 5388 5286 
3 491 525 5132 
3 167 5132 525 
3 6245 3597 6111 
3 1849 4179 3191 
3 4009 3862 3937 
3 4081 4140 4137 
3 4693 6412 45 
3 4215 4012 4639 
3 4213 4013 4082 
3 3804 4026 3706 
3 4435 4215 4639 
3 2108 2131 948 
3 3734 3727 2080 
3 7467 6411 1670 
3 4371 4368 4015 
3 1794 6605 365 
3 4021 3792 3695 
3 3224 3970 1524 
3 3464 3541 3570 
3 1317 755 1324 
3 4148 4443 4442 
3 4224 4218 4369 
3 926 3252 3583 
3 3946 3875 4151 
3 4224 3952 4218 
3 3792 3454 3695 
3 4223 4300 4224 
3 2969 7227 4500 
3 4266 4263 4344 
3 4296 3946 4151 
3 5588 5972 5835 
3 5097 5275 5082 
3 7449 7446 7452 
3 3587 4015 4075 
3 6911 1531 7988 
3 4300 4231 4224 
3 4443 4226 4820 
3 4226 4156 4447 
3 1805 2414 1811 
3 7316 6772 189 
3 6924 6408 6915 
3 4153 4512 4452 
3 4661 2051 4652 
3 4200 6706 3026 
3 7920 7371 4890 
3 4233 4155 4095 
3 4157 4160 4307 
3 4235 4165 4376 
3 4314 4155 4233 
3 5834 5924 7975 
3 4315 4027 4377 
3 4097 4166 4157 
3 6629 7703 4310 
3 4166 4160 4157 
3 3967 4381 4233 
3 4170 4524 4313 
3 6166 5023 3989 
3 4173 4166 4097 
3 294 900 6587 
3 6209 5645 5643 
3 892 1611 1609 
3 4099 4386 4381 
3 4523 4381 4386 
3 3628 3974 4102 
3 1988 1338 1986 
3 743 5926 6165 
3 4015 3867 3946 
3 4386 4172 4526 
3 4532 4170 3976 
3 1656 5593 6806 
3 5583 5592 3993 
3 4238 4176 4237 
3 5380 5967 5971 
3 7889 7890 7345 
3 5834 2080 6847 
3 5802 3323 5622 
3 4783 3658 1388 
3 3977 3985 3500 
3 7743 3985 3977 
3 4244 4751 4323 
3 3749 3995 3651 
3 4323 4112 4244 
3 3743 383 4541 
3 4619 4770 5005 
3 1275 3906 4909 
3 6591 862 6587 
3 7967 6039 6975 
3 1233 3719 7195 
3 4183 4838 3559 
3 6758 3351 3355 
3 5568 5014 7198 
3 3887 4090 4026 
3 6587 847 294 
3 4055 3986 3830 
3 4394 4057 4249 
3 4054 3917 4327 
3 7083 1189 7086 
3 4057 4394 4183 
3 4396 4184 3833 
3 3834 3744 4251 
3 4251 3837 3834 
3 3893 3971 4294 
3 2329 4294 3971 
3 2531 4158 7503 
3 3917 4186 4327 
3 4548 4189 4547 
3 3925 4519 5794 
3 4191 4192 4062 
3 6621 873 1453 
3 4062 4254 3918 
3 2702 1184 7829 
3 4259 4336 4337 
3 4336 4338 4337 
3 5982 6250 6246 
3 4153 4311 3886 
3 4004 3568 7796 
3 7139 6802 6688 
3 4262 4407 4263 
3 4262 4340 4481 
3 4506 7329 6808 
3 6140 4990 7174 
3 275 5704 6129 
3 5549 4998 5550 
3 2020 3242 6702 
3 3416 3200 3495 
3 3223 88 6656 
3 7875 7890 7889 
3 7157 7697 5557 
3 6795 5698 6279 
3 4154 1611 2898 
3 7879 4506 3988 
3 4484 4566 4866 
3 4421 4274 4266 
3 7889 730 7875 
3 4571 4064 3924 
3 4270 4197 4131 
3 3951 4385 2221 
3 7796 3568 7776 
3 4076 7890 7875 
3 4033 6756 3005 
3 4204 4274 4133 
3 6107 5599 5465 
3 3203 6592 1177 
3 4347 4197 4270 
3 3824 3910 3552 
3 7481 6605 6460 
3 3923 3510 3927 
3 3932 4494 4639 
3 3927 4636 4427 
3 4425 4002 4064 
3 3443 4968 3943 
3 4829 6043 3746 
3 5656 6738 4536 
3 2082 1848 1960 
3 2002 2100 5692 
3 3880 7035 2094 
3 3973 447 6571 
3 4211 4136 4280 
3 5215 5574 3260 
3 4282 4139 4641 
3 4139 4283 4641 
3 3627 3712 3721 
3 3854 3932 4639 
3 3858 4645 4360 
3 7259 7776 7788 
3 4501 4281 4077 
3 4282 4286 4139 
3 4077 4434 4501 
3 4137 4645 3682 
3 6111 3597 6152 
3 4141 4140 4013 
3 5022 425 7954 
3 4141 4013 4213 
3 4651 4140 4141 
3 4082 4216 4213 
3 3973 1467 7235 
3 3039 5339 4174 
3 4647 4501 4804 
3 3882 3873 3614 
3 3880 3267 7012 
3 819 820 693 
3 4369 4218 4215 
3 3536 5058 6719 
3 4286 4217 3944 
3 4291 3862 4509 
3 4440 4372 4217 
3 3947 4223 4293 
3 3562 7875 7294 
3 2508 3658 4784 
3 4371 4503 4368 
3 4219 1807 6110 
3 6819 6808 6308 
3 6204 1378 6212 
3 2312 4450 3424 
3 1371 1342 1347 
3 4054 4118 3987 
3 3924 4002 3576 
3 4442 4510 4148 
3 692 6021 5582 
3 615 7631 4584 
3 4297 4225 4372 
3 550 769 655 
3 5818 6084 6670 
3 167 1329 5132 
3 6753 7809 7294 
3 5588 5835 5707 
3 6227 3933 4423 
3 2007 1469 1453 
3 1586 7452 7446 
3 1590 6067 4422 
3 4300 4304 4231 
3 3763 3761 3852 
3 4311 4153 4452 
3 4423 4432 4412 
3 4039 5169 7321 
3 7303 4004 7277 
3 4003 6166 3511 
3 4234 4311 4670 
3 4454 4235 4376 
3 7917 7377 6843 
3 4457 4314 4233 
3 495 1238 1280 
3 3898 4516 4517 
3 5698 7857 2484 
3 4173 4097 4163 
3 7277 4004 7820 
3 4100 4517 4317 
3 4240 4598 4526 
3 4382 2635 4533 
3 4459 4388 4239 
3 2179 3509 3435 
3 4563 5123 5325 
3 4042 4916 4600 
3 6592 3203 4179 
3 4111 4599 3984 
3 3373 3700 3701 
3 265 7829 1184 
3 3741 3744 3647 
3 5534 5535 5414 
3 3701 3793 3879 
3 4115 4758 4182 
3 77 3298 762 
3 2461 5683 2470 
3 724 2566 3772 
3 7626 7097 7623 
3 6050 4393 7613 
3 4498 5659 6249 
3 7796 7820 4004 
3 4963 4563 4367 
3 6480 724 6506 
3 5699 7801 7271 
3 4332 2522 628 
3 4247 4925 4118 
3 4398 4251 4467 
3 2692 6660 7179 
3 4848 5071 5151 
3 5419 1128 7591 
3 4186 4328 4252 
3 4328 4186 4060 
3 2276 4910 4902 
3 4148 3950 3534 
3 3301 5589 2607 
3 6045 5430 1754 
3 6526 6539 4373 
3 4947 5099 4949 
3 3323 425 5506 
3 4478 4256 4258 
3 1909 4264 2922 
3 70 126 7761 
3 4480 4337 4338 
3 2261 3733 2271 
3 7761 126 5037 
3 5011 3962 2918 
3 1465 6295 7640 
3 4407 4262 4481 
3 7318 6803 3561 
3 4042 4600 4534 
3 4483 4263 4407 
3 4262 4343 4340 
3 4483 4344 4263 
3 4340 4342 4560 
3 7788 7809 7259 
3 4343 4414 4342 
3 4268 4414 4343 
3 4902 5419 4374 
3 5757 5756 6026 
3 4268 4272 4351 
3 4198 4351 4199 
3 4272 4199 4351 
3 4488 4133 4421 
3 3013 678 4147 
3 4640 4808 5179 
3 4272 4203 4199 
3 4155 4304 3801 
3 4871 4130 3927 
3 4641 4358 4282 
3 5352 5990 3733 
3 4571 4425 4064 
3 1632 2241 2845 
3 992 3472 7896 
3 3080 5654 2071 
3 4205 4636 4072 
3 7820 7796 6222 
3 6118 5526 4977 
3 6114 1031 4229 
3 7564 5387 7020 
3 3764 6064 1079 
3 5258 2845 2247 
3 5565 5292 5291 
3 4448 4296 4375 
3 4283 4360 4641 
3 4008 4497 4431 
3 4367 4248 4963 
3 7411 1548 7775 
3 4211 4010 4136 
3 447 3973 7235 
3 7160 275 4241 
3 4963 4248 7967 
3 3472 3890 7896 
3 2702 4963 7967 
3 1140 1180 1235 
3 7252 7372 7374 
3 7796 7776 7756 
3 6666 6480 6506 
3 1844 4134 6457 
3 7221 7796 7756 
3 3901 4043 4240 
3 4286 4579 4440 
3 4873 4355 7564 
3 2542 7763 7804 
3 4819 4809 4733 
3 3543 3465 3458 
3 7409 2690 5875 
3 2144 4499 3720 
3 5022 5478 425 
3 4293 4223 4369 
3 4293 4439 3872 
3 6090 4433 5517 
3 4224 4369 4223 
3 4585 4503 4371 
3 4585 4371 4296 
3 7221 7756 7754 
3 4658 4297 4372 
3 4447 4820 4226 
3 3848 5392 2039 
3 4149 4444 4376 
3 5217 4159 3683 
3 6692 7750 3010 
3 4297 4511 4512 
3 3590 5228 2534 
3 3787 7126 2139 
3 4497 4797 4802 
3 4297 4512 4153 
3 1722 4362 4870 
3 4302 4587 4448 
3 4452 4512 4451 
3 4670 4311 4452 
3 5387 3315 7018 
3 4456 4302 4096 
3 7668 1027 7871 
3 4307 4448 4301 
3 4314 4455 4304 
3 4304 4455 4231 
3 4377 4231 4455 
3 4302 4456 4742 
3 7637 7097 7626 
3 4313 4447 4156 
3 7988 5924 7430 
3 7371 7920 6846 
3 6836 6843 7377 
3 4046 7734 519 
3 6575 3410 6054 
3 4237 4235 4454 
3 4237 4454 4521 
3 3499 3750 3567 
3 5337 5906 3281 
3 3573 4061 3920 
3 4315 4747 4529 
3 4521 4238 4237 
3 5596 7737 7207 
3 4526 4674 4386 
3 4316 4527 4384 
3 4530 4316 4242 
3 4525 4524 4532 
3 3749 4059 3995 
3 7207 3122 6682 
3 4035 5665 4543 
3 5325 5215 4563 
3 4529 4916 4042 
3 4177 4042 4534 
3 7454 2136 7456 
3 3982 4534 4462 
3 4532 4322 4838 
3 4312 5955 5966 
3 4995 4996 5216 
3 3960 7949 1641 
3 2966 739 17 
3 4925 4247 5062 
3 4540 4184 4689 
3 5956 5357 6490 
3 3972 5014 5568 
3 4686 4395 4466 
3 4394 4249 4540 
3 1747 6179 1855 
3 4395 4686 4396 
3 3972 3479 5014 
3 3833 4058 4396 
3 7646 3434 6095 
3 4399 4328 4060 
3 5321 5101 5018 
3 4399 3918 4546 
3 607 2954 1363 
3 6442 1890 365 
3 4061 4253 4548 
3 3860 4082 3941 
3 4849 4937 5073 
3 6780 2903 2865 
3 4473 4192 4256 
3 4400 4473 4256 
3 4062 4192 4254 
3 4477 4401 4257 
3 7442 182 5187 
3 7521 4815 4805 
3 4257 4401 4127 
3 4063 4192 4191 
3 4128 4405 4334 
3 778 3524 193 
3 4455 4380 4377 
3 4128 4127 4555 
3 4128 4555 4405 
3 5940 5957 3817 
3 4336 4259 4708 
3 6646 5738 7175 
3 607 1363 4079 
3 4481 4625 4407 
3 4855 4260 4337 
3 5642 3398 1311 
3 4113 6562 7767 
3 4342 4414 4564 
3 4564 4560 4342 
3 7164 2617 7704 
3 4266 4344 4413 
3 3856 1482 1485 
3 5106 4869 3924 
3 7278 4629 6354 
3 7487 692 5582 
3 4413 4421 4266 
3 4419 4351 4198 
3 4351 4414 4268 
3 3924 4347 5106 
3 4349 4419 4198 
3 4506 7890 3907 
3 7964 678 3013 
3 4421 4133 4274 
3 4270 4131 4488 
3 4131 4133 4488 
3 4067 4425 4791 
3 4211 4497 4008 
3 2084 3959 4699 
3 4280 4136 4721 
3 3172 3314 3311 
3 6514 1331 7597 
3 4361 4575 4136 
3 2694 6454 5311 
3 3852 3857 3674 
3 4286 4576 4579 
3 2089 7673 6087 
3 6047 6045 7071 
3 4436 4439 4502 
3 4140 4651 4137 
3 4651 4580 4137 
3 4293 4502 4439 
3 2271 2400 7968 
3 7603 6686 6682 
3 6285 5072 6787 
3 7313 5072 6285 
3 7389 7929 1137 
3 4581 4213 4216 
3 4369 4215 4435 
3 4292 4507 4216 
3 4149 4220 4444 
3 7680 6093 4790 
3 4014 458 4039 
3 3918 4399 3996 
3 7294 7809 3562 
3 4296 4448 4585 
3 4820 4447 4662 
3 6713 3139 5626 
3 4454 4376 4588 
3 4447 4313 4662 
3 161 2786 5657 
3 6062 1915 6051 
3 6823 4506 6808 
3 7637 7665 6577 
3 3430 3422 90 
3 4386 4674 4523 
3 3437 3877 3866 
3 7780 2131 5555 
3 5889 3227 5852 
3 2853 4029 5259 
3 3107 3454 3160 
3 6893 3840 4690 
3 4749 4175 4388 
3 4749 4598 4175 
3 5301 5302 5370 
3 5282 3213 7464 
3 4530 4242 4323 
3 7615 7152 6818 
3 3570 2207 3494 
3 4750 4530 4323 
3 5015 7212 1011 
3 4925 4751 4244 
3 1756 4049 5170 
3 6021 2566 6480 
3 6411 6929 1629 
3 4379 6908 5047 
3 4464 4466 4395 
3 4395 4055 4464 
3 4689 4184 4688 
3 4398 4467 4605 
3 4023 4037 519 
3 3105 7724 7735 
3 4558 4338 4776 
3 4492 186 4486 
3 4396 4686 4688 
3 4327 4692 4842 
3 4327 4252 4692 
3 778 193 549 
3 3301 2054 6730 
3 1909 1973 2018 
3 4123 4695 4188 
3 5170 7440 2953 
3 4549 4548 4547 
3 4686 4923 4684 
3 7159 1728 2938 
3 4254 4611 4546 
3 4696 4546 4612 
3 4061 4549 4472 
3 4708 4259 4556 
3 4476 4257 4255 
3 563 598 2499 
3 4472 4476 4255 
3 4257 4476 4477 
3 1671 7623 7076 
3 4401 4552 4127 
3 6562 1666 7767 
3 4401 4553 4552 
3 2861 7663 1642 
3 4476 4553 4477 
3 1902 3241 5726 
3 702 7528 6995 
3 4405 4479 4478 
3 4483 4566 4344 
3 6703 7754 4983 
3 4761 4927 4932 
3 4277 5028 4494 
3 5836 5245 4321 
3 4344 4566 4413 
3 4338 4558 4480 
3 3607 2509 6295 
3 2650 2903 6780 
3 4566 4484 4413 
3 4347 4270 4416 
3 3794 6466 5337 
3 5970 1050 4655 
3 4488 4413 4270 
3 4421 4413 4488 
3 3704 5831 5242 
3 4569 4414 4419 
3 4130 4570 4269 
3 3273 5906 3255 
3 1307 309 4273 
3 4871 3927 4427 
3 2564 6329 5769 
3 7411 7606 2861 
3 7411 1642 6900 
3 4211 4280 4497 
3 4494 5028 4639 
3 4003 2961 4005 
3 7393 2844 7861 
3 4798 4643 4576 
3 3260 3304 5215 
3 5988 6502 6494 
3 4575 4361 4436 
3 4576 4286 4358 
3 7315 6808 7329 
3 4414 4351 4419 
3 4503 4724 4368 
3 4804 4501 4434 
3 4461 6861 7391 
3 4502 4803 4436 
3 4515 3536 4518 
3 6332 1712 459 
3 4645 4137 4806 
3 7051 7514 1214 
3 7559 7514 7051 
3 4440 4217 4286 
3 7402 1008 6872 
3 3663 4203 4069 
3 3663 3922 4203 
3 6605 4606 365 
3 2751 3431 1512 
3 7847 3891 7849 
3 4581 4216 4507 
3 7151 7125 7133 
3 2446 3064 3678 
3 4809 4658 4440 
3 4372 4440 4658 
3 4269 4955 4715 
3 4900 4903 4973 
3 4059 4123 4188 
3 4585 4586 4656 
3 3599 7538 1083 
3 7131 6503 4668 
3 4665 4512 4511 
3 7578 1259 7582 
3 4587 4302 4739 
3 4451 4512 4665 
3 4739 4302 4742 
3 1371 4685 1342 
3 3509 2188 3584 
3 4320 4521 4458 
3 5077 4522 7039 
3 4589 4452 4451 
3 3604 3451 3608 
3 4988 4978 1977 
3 4314 4457 4455 
3 4594 4313 4524 
3 4591 4313 4594 
3 4523 4457 4381 
3 5204 3665 4673 
3 3271 5646 7414 
3 3787 2598 7126 
3 7391 5213 4671 
3 4521 4827 4458 
3 3610 3383 3773 
3 4459 4320 4912 
3 2818 1218 1213 
3 7897 7877 3379 
3 7157 5557 2794 
3 4531 4388 4459 
3 6845 4143 5777 
3 5980 5944 3734 
3 7831 162 7477 
3 7854 7951 5103 
3 6390 7137 6563 
3 4599 4986 4681 
3 4602 4181 4681 
3 5623 689 1948 
3 4462 4534 4601 
3 5290 6165 5926 
3 7707 7937 2633 
3 4810 4813 5038 
3 3601 4736 1779 
3 6045 6047 6557 
3 4987 4683 4602 
3 809 1913 6214 
3 5132 1329 2927 
3 3989 5023 3980 
3 2637 3434 7646 
3 4267 4801 4228 
3 3438 947 954 
3 7861 2872 755 
3 4398 4605 4927 
3 4933 1875 6660 
3 1676 3960 7324 
3 954 947 1465 
3 4760 4843 4607 
3 4189 4188 4697 
3 4697 4547 4189 
3 4253 4189 4548 
3 4549 4061 4548 
3 4254 4473 4611 
3 3889 4463 3095 
3 4405 4478 4334 
3 4473 4613 4611 
3 4473 4551 4613 
3 3346 6749 6752 
3 4478 4400 4256 
3 5555 946 6695 
3 4478 4479 4400 
3 4348 1658 1645 
3 3436 3570 3494 
3 4031 3888 4092 
3 4623 4555 4552 
3 7908 7387 5199 
3 4407 4625 4627 
3 100 7852 5083 
3 1401 3012 5667 
3 3850 1697 3832 
3 924 7311 7858 
3 4481 4340 4560 
3 4712 4483 4627 
3 4483 4407 4627 
3 4558 5310 5091 
3 7395 4164 4161 
3 2187 5346 3794 
3 2654 1504 7167 
3 3676 529 3686 
3 4618 4615 3622 
3 4061 4472 4255 
3 4599 4111 4528 
3 6375 6495 6380 
3 4786 4955 4269 
3 4798 4358 4574 
3 5822 4702 2091 
3 365 4606 6442 
3 5036 7611 3926 
3 4494 3932 4277 
3 7411 2861 1642 
3 4205 4430 4794 
3 4575 4721 4136 
3 4799 4574 4641 
3 4797 4497 4280 
3 4797 4280 4721 
3 2711 6181 54 
3 4430 4640 4794 
3 4358 4641 4574 
3 4578 4639 4719 
3 459 7333 718 
3 6468 6470 7158 
3 3186 5853 6383 
3 4284 4431 4885 
3 4436 4803 4575 
3 6807 900 3605 
3 2455 2446 3685 
3 4647 4646 4281 
3 312 390 367 
3 4577 513 496 
3 4576 4886 4579 
3 4137 4580 4806 
3 2531 7503 2577 
3 1483 2070 135 
3 5556 3972 5568 
3 6593 2380 2230 
3 7663 2861 7841 
3 4293 4435 4502 
3 4509 3862 4285 
3 4579 4809 4440 
3 4728 4213 4581 
3 4938 7938 2654 
3 3685 2446 3678 
3 4507 4510 4654 
3 4292 4510 4507 
3 1081 6932 7439 
3 2356 1176 5823 
3 4819 4658 4809 
3 7313 6285 6793 
3 5042 4510 4442 
3 4656 4503 4585 
3 5956 445 2196 
3 4585 4587 4586 
3 3599 1083 3583 
3 4587 4585 4448 
3 4739 4586 4587 
3 4665 4664 4738 
3 4667 4589 4451 
3 6948 124 6423 
3 4664 4511 4659 
3 755 2872 7957 
3 7775 7235 1467 
3 5082 7723 1675 
3 4323 4242 4112 
3 4911 4315 4380 
3 3269 3566 3340 
3 3694 3866 3877 
3 4677 4674 4526 
3 3892 7279 6219 
3 1026 2280 4616 
3 4057 3560 3142 
3 5683 6779 3579 
3 2653 5046 6772 
3 2645 2786 6472 
3 4652 3865 4779 
3 4181 4602 4464 
3 339 3029 5688 
3 5226 5580 5814 
3 4602 4466 4464 
3 5875 4122 2723 
3 6411 1629 1670 
3 3830 4181 4464 
3 4509 4220 4291 
3 6309 6517 5910 
3 5558 4998 3962 
3 3973 7039 1467 
3 3790 1433 7194 
3 4231 4377 4027 
3 1058 6155 7648 
3 4607 4692 4252 
3 4328 4607 4252 
3 4607 4328 4694 
3 6684 3206 5583 
3 2711 3884 6181 
3 1946 3029 5681 
3 4608 4697 4188 
3 4439 4361 4289 
3 4090 4227 4151 
3 1284 1802 2623 
3 3519 5047 4572 
3 5802 5795 5963 
3 830 3317 2076 
3 4698 4549 4547 
3 4612 4546 4611 
3 4698 4703 4549 
3 4567 4564 4414 
3 4473 4254 4192 
3 4614 7365 5753 
3 5357 4824 6490 
3 4549 4703 4617 
3 4619 4400 4479 
3 4617 4472 4549 
3 4551 4768 4613 
3 6911 5192 1536 
3 3972 4460 3466 
3 4551 5005 4768 
3 4400 4551 4473 
3 1166 1164 1047 
3 4233 4095 3967 
3 4772 4405 4621 
3 1142 1141 1098 
3 5186 7427 7990 
3 64 6181 4397 
3 5186 6903 7427 
3 7516 5271 5272 
3 4556 5223 4708 
3 4555 4621 4405 
3 4480 5089 5371 
3 4556 4855 4557 
3 4621 4707 4772 
3 5081 4336 4708 
3 4776 4336 5081 
3 6751 3003 4543 
3 5622 5795 5802 
3 4777 5375 4857 
3 4627 4625 4624 
3 4855 4480 5371 
3 4563 5215 7577 
3 6808 6819 6823 
3 2617 2572 7704 
3 1378 6204 6718 
3 6231 4033 3548 
3 7750 6689 5626 
3 3881 3095 6198 
3 4625 4481 4626 
3 3953 3949 6106 
3 3956 5531 6135 
3 4963 2702 6725 
3 5171 5834 6847 
3 4562 4560 4564 
3 5622 3323 5506 
3 4569 4567 4414 
3 5368 6072 5456 
3 4269 4715 4349 
3 4786 4269 4570 
3 4787 4347 4416 
3 1663 1660 406 
3 4416 4270 4413 
3 4118 4054 4247 
3 4416 4413 4484 
3 624 5622 5506 
3 7747 7538 3790 
3 4419 4349 4569 
3 5550 4998 5558 
3 4265 6364 6811 
3 7138 4470 2598 
3 4425 4571 4635 
3 7671 1062 7790 
3 6711 105 101 
3 7223 3524 4495 
3 2179 2805 47 
3 4794 4573 4205 
3 624 5478 6602 
3 3518 2948 3985 
3 4877 4884 3783 
3 4350 4354 4870 
3 4885 4431 4802 
3 4967 5526 5523 
3 4576 4643 4886 
3 4360 5254 4799 
3 6582 438 1114 
3 4463 7137 6198 
3 4284 4804 4434 
3 4501 4647 4281 
3 3325 416 7871 
3 3863 7846 7943 
3 5336 5041 5124 
3 460 5574 5215 
3 5170 5168 1756 
3 4962 7943 7938 
3 4664 4665 4511 
3 3178 3180 3403 
3 3933 2886 4432 
3 2212 2898 878 
3 4808 4729 4810 
3 6793 5051 4047 
3 5643 2428 4513 
3 3570 2212 2207 
3 4520 211 618 
3 4255 4257 3920 
3 4502 4578 4648 
3 3434 5512 4960 
3 7396 1655 7398 
3 340 231 300 
3 2162 6894 7968 
3 4444 4220 4817 
3 4503 4656 4729 
3 4656 4730 4729 
3 3435 3541 3464 
3 5875 2690 7422 
3 4586 4731 4730 
3 4443 4820 4442 
3 4656 4586 4730 
3 4970 4731 4586 
3 7389 1205 1219 
3 4820 5044 4442 
3 1975 1421 53 
3 4003 7760 6166 
3 4819 4659 4658 
3 4817 4588 4444 
3 5794 7390 3925 
3 4738 4667 4665 
3 4898 2690 7620 
3 1656 7131 1214 
3 5215 3304 7604 
3 4666 4905 4667 
3 6394 696 6393 
3 4423 4412 6589 
3 941 1494 375 
3 5112 5118 2510 
3 4742 4456 4908 
3 4456 4384 4908 
3 4517 4516 4743 
3 4521 4454 4592 
3 6428 219 2976 
3 7359 7592 7479 
3 4675 4317 4517 
3 1913 809 812 
3 7352 6813 7316 
3 4748 4528 4675 
3 3063 5022 7954 
3 7427 6935 7990 
3 4915 4598 4749 
3 4677 4526 4598 
3 1770 3906 5453 
3 4913 4531 4459 
3 4388 4531 4749 
3 4525 4532 4753 
3 1833 1106 385 
3 4341 2505 3385 
3 4466 4602 4683 
3 4755 4601 4924 
3 4689 4688 4684 
3 4919 4839 4689 
3 4542 4605 4182 
3 4605 4467 4182 
3 7169 1968 535 
3 4320 4458 4912 
3 4927 4695 4398 
3 4843 4692 4607 
3 7269 383 7268 
3 4695 4761 4608 
3 7345 6836 7377 
3 4696 4399 4546 
3 1238 1284 2623 
3 4761 4845 4608 
3 6666 6135 6480 
3 4867 7371 7365 
3 4845 4698 4697 
3 4612 4766 4764 
3 4391 642 6544 
3 5675 3007 6767 
3 4844 4845 4761 
3 7352 4614 5753 
3 7179 1875 7175 
3 1941 2069 2251 
3 4611 4766 4612 
3 5231 5232 5313 
3 4613 4768 4846 
3 4766 4611 4613 
3 6921 7990 6085 
3 4224 4027 3885 
3 3989 3511 6166 
3 4519 5467 6865 
3 2085 6582 7647 
3 6823 6314 4506 
3 4528 3978 4317 
3 7503 4279 7792 
3 4551 4619 5005 
3 4849 4553 4476 
3 5091 4480 4558 
3 4952 4630 4712 
3 5556 4460 3972 
3 4706 4553 4849 
3 4772 4619 4479 
3 4483 4712 4630 
3 1459 1688 1462 
3 4930 3899 6050 
3 6695 1019 5533 
3 4260 4855 4556 
3 5223 4556 4557 
3 4481 4560 4626 
3 2723 6088 1410 
3 6813 7352 5753 
3 4623 5006 5076 
3 4782 4624 4626 
3 4711 4627 4624 
3 4625 4626 4624 
3 4860 4859 4780 
3 374 256 272 
3 6149 4038 654 
3 7159 4858 2627 
3 7521 4805 5903 
3 4560 4562 4626 
3 4990 5566 4465 
3 1632 4389 2241 
3 1361 1522 1417 
3 5167 4866 4630 
3 7345 7890 6314 
3 4787 4484 4866 
3 5131 5196 4748 
3 5025 5106 4787 
3 4347 4787 5106 
3 406 1648 86 
3 4349 4715 4569 
3 7696 5531 3943 
3 2655 3745 6422 
3 753 2601 68 
3 4789 4871 4427 
3 70 7046 126 
3 6811 6364 5642 
3 7970 5037 126 
3 4792 4636 4573 
3 6835 492 6452 
3 7497 1184 2702 
3 3005 6756 6240 
3 1997 739 7075 
3 5906 6963 5323 
3 4627 4711 4864 
3 4574 4799 4878 
3 723 5136 3011 
3 2182 2242 2239 
3 6750 2076 3317 
3 7239 3253 3139 
3 4723 5254 4360 
3 3850 5587 4993 
3 4722 4886 4643 
3 5212 4637 4070 
3 4723 4360 4645 
3 4636 4205 4573 
3 5243 4570 4130 
3 4615 6306 4352 
3 5117 4578 4719 
3 1473 2852 6081 
3 4334 4478 4258 
3 4145 6329 2564 
3 4509 4285 4811 
3 5963 6190 6111 
3 4502 4435 4578 
3 6865 5327 5794 
3 4724 4729 4808 
3 4730 4810 4729 
3 4957 5033 5253 
3 4215 4146 4017 
3 4891 4812 4728 
3 549 1785 559 
3 4891 4507 4654 
3 6589 3410 6575 
3 4892 4220 4509 
3 4009 4281 4285 
3 6013 1404 4783 
3 4731 4903 4816 
3 4783 1404 3692 
3 5637 5757 6026 
3 4903 4731 4970 
3 383 7269 4541 
3 2016 1469 2527 
3 3435 3509 2863 
3 1303 3398 6870 
3 4592 4588 4901 
3 4666 4738 4900 
3 7633 7589 565 
3 4138 4154 2212 
3 7801 3308 5090 
3 5267 4743 4670 
3 3820 2633 4884 
3 2296 1647 3009 
3 4605 4542 5063 
3 2868 6590 4410 
3 4517 4743 5131 
3 105 6711 3010 
3 3820 3204 1539 
3 4908 4384 4914 
3 4315 4911 4747 
3 3294 7785 5589 
3 3537 3786 3789 
3 3010 6711 6692 
3 4677 4982 4674 
3 6566 4402 6061 
3 4915 4984 4598 
3 7018 3315 4834 
3 7823 4783 7825 
3 4916 4529 4747 
3 4683 4922 4466 
3 6748 6968 6633 
3 3983 4118 4925 
3 4600 4835 4601 
3 2221 3020 6830 
3 2737 207 888 
3 4689 4839 4540 
3 4694 4399 4696 
3 4832 5385 7003 
3 6050 3899 4393 
3 4462 4601 4755 
3 4384 4456 4316 
3 4400 4619 4551 
3 4757 4540 4839 
3 4602 4681 4987 
3 4540 4757 4394 
3 4842 4692 4843 
3 6240 3007 3005 
3 4841 4605 5063 
3 4247 4842 5062 
3 4696 4760 4694 
3 4927 4761 4695 
3 1915 7962 6044 
3 4696 4612 4763 
3 3983 4925 4244 
3 4698 5071 4703 
3 4846 5000 4766 
3 5566 4990 6140 
3 4766 4613 4846 
3 2863 3509 3578 
3 6836 7345 5121 
3 3803 2032 3223 
3 4770 4619 4772 
3 4772 5155 4770 
3 6544 642 6539 
3 1359 7027 4727 
3 5915 5360 5445 
3 4706 4552 4553 
3 4851 4707 4621 
3 4706 4849 4940 
3 5079 4774 4775 
3 7239 7268 3392 
3 6063 5295 5684 
3 1754 4378 3378 
3 3139 37 7750 
3 4317 3978 4100 
3 4854 5080 4773 
3 5859 5732 5614 
3 3870 6022 5407 
3 4624 4863 4861 
3 4862 4711 4624 
3 6283 7318 4541 
3 4624 4782 4863 
3 6669 4319 5519 
3 6666 3956 6135 
3 4798 4574 4796 
3 4712 4627 4864 
3 918 2011 313 
3 5409 3869 6012 
3 4952 5167 4630 
3 6605 7481 3453 
3 4354 1722 4870 
3 4655 1049 2280 
3 6716 7756 7776 
3 4955 4567 4715 
3 5556 5544 4460 
3 3584 3630 3578 
3 4873 2782 4355 
3 4425 4635 4791 
3 7796 7221 6222 
3 4791 4277 4067 
3 4427 4636 4792 
3 6772 7316 5731 
3 7071 7621 7351 
3 5114 4794 4640 
3 4783 7633 6013 
3 5173 4722 5116 
3 2254 2248 3352 
3 6041 4330 6001 
3 7945 4691 6873 
3 4575 4803 4957 
3 4885 4802 5120 
3 6382 3722 5242 
3 4645 5653 4723 
3 4885 4804 4284 
3 3725 1404 6013 
3 6031 6013 2112 
3 5691 6325 5933 
3 4368 4724 4640 
3 4499 867 3778 
3 4646 4811 4285 
3 4806 4580 4889 
3 4580 4651 4889 
3 4316 4530 4527 
3 1714 2031 2146 
3 2039 6002 3848 
3 4579 4888 4809 
3 5454 5925 6068 
3 6320 5454 5457 
3 6573 5885 971 
3 4380 4455 4457 
3 6787 7286 6284 
3 4651 4812 4889 
3 5985 3343 4350 
3 4892 4509 4811 
3 4891 4893 4812 
3 4893 4889 4812 
3 4731 4816 4813 
3 4965 4813 4809 
3 4813 4816 4809 
3 4220 4892 4817 
3 2467 2459 3606 
3 605 3111 569 
3 4809 4816 4733 
3 7636 2137 2210 
3 5661 5260 5262 
3 4817 4892 5045 
3 5626 3139 7750 
3 5044 5042 4442 
3 7422 2690 4898 
3 5178 6292 4881 
3 4588 4817 4901 
3 4664 4659 4896 
3 4733 4816 4903 
3 1134 5674 7942 
3 2998 5656 4536 
3 4880 4722 4643 
3 3122 7603 6682 
3 3659 3427 3507 
3 4666 4974 4905 
3 4510 5042 4654 
3 4739 4742 5048 
3 5048 4970 4739 
3 7358 7487 5582 
3 4901 4969 4592 
3 3472 3377 2051 
3 4976 4667 5128 
3 5126 4591 5195 
3 5988 3835 5389 
3 4589 5189 5267 
3 3692 4784 3658 
3 4905 5128 4667 
3 3475 3238 3477 
3 7984 4264 1909 
3 4592 4969 4826 
3 3396 3477 3238 
3 1770 5453 6054 
3 5273 4457 5053 
3 6876 4700 1192 
3 4675 4517 5131 
3 4923 5059 5139 
3 4335 5966 7543 
3 4984 4677 4598 
3 4527 4914 4384 
3 807 7525 5236 
3 4912 4913 4459 
3 5057 4986 4599 
3 1978 7650 296 
3 6686 7603 7735 
3 4135 7623 7097 
3 6566 7621 7071 
3 7286 6750 6284 
3 4600 5209 4835 
3 6420 5807 5450 
3 5966 4331 4312 
3 4839 4919 5140 
3 4924 4601 4835 
3 2160 154 7083 
3 4532 4838 4753 
3 4684 4688 4686 
3 4689 4684 4919 
3 4760 4607 4694 
3 7829 265 3051 
3 4838 4757 4989 
3 4941 7735 7724 
3 4841 4991 4992 
3 4838 4394 4757 
3 4922 4923 4686 
3 3380 4909 2830 
3 4842 4843 5066 
3 1384 2508 2498 
3 4763 4935 4760 
3 4760 4935 4994 
3 4524 4170 4532 
3 4763 4612 4764 
3 1359 3635 5953 
3 4763 4764 4935 
3 5071 4698 4999 
3 6661 4701 2617 
3 5233 5314 5313 
3 4758 4542 4182 
3 7761 5172 70 
3 4848 4550 4617 
3 4849 4550 4937 
3 7076 7623 4135 
3 4480 4855 4337 
3 4937 4550 4848 
3 4848 4617 4703 
3 4904 6661 5562 
3 5006 4552 4706 
3 4623 4552 5006 
3 4621 4623 4851 
3 4768 5075 4939 
3 4940 5074 5154 
3 2807 7640 2810 
3 4621 4555 4623 
3 3736 4176 4048 
3 4902 1128 5419 
3 6129 5738 6646 
3 5079 4775 4778 
3 7922 3725 142 
3 5081 5084 4776 
3 4945 5080 4854 
3 4319 2056 3217 
3 4557 4855 5371 
3 4857 4778 4777 
3 6129 4241 275 
3 4857 4856 4778 
3 4129 3110 5177 
3 3550 6547 7745 
3 6463 5271 7516 
3 4777 4778 4775 
3 6482 5998 5739 
3 4780 4859 4947 
3 4947 4949 4780 
3 4992 5147 5069 
3 4774 5010 4777 
3 4949 5017 4780 
3 551 1342 4685 
3 1342 551 552 
3 4648 5033 4803 
3 7606 7411 7775 
3 4862 4861 4780 
3 5232 5094 5233 
3 51 103 87 
3 4780 4861 4860 
3 4711 5017 4864 
3 7160 4241 6113 
3 4862 5017 4711 
3 3186 6383 5836 
3 2577 1510 2531 
3 7820 6222 6721 
3 7776 7259 6716 
3 5026 7239 6713 
3 5738 6129 5704 
3 5020 4562 4564 
3 4866 4566 4630 
3 5262 5540 5661 
3 2018 7869 7293 
3 4709 3541 2863 
3 4787 4416 4484 
3 1611 3717 1609 
3 7602 7626 1671 
3 7239 3139 6713 
3 387 392 446 
3 4796 5248 4880 
3 4783 3692 3658 
3 4792 4874 4427 
3 3025 7680 4790 
3 5237 4947 5098 
3 4798 4576 4358 
3 4719 4639 5028 
3 4881 5115 4878 
3 4797 4721 5250 
3 4090 3875 3874 
3 3876 4146 3952 
3 6002 2254 3352 
3 4799 5178 4881 
3 4885 5183 4804 
3 1331 6514 4676 
3 3704 4704 5831 
3 4803 5033 4957 
3 4579 4886 4888 
3 4513 5060 5643 
3 5173 5031 5032 
3 6981 28 7000 
3 4810 5179 4808 
3 4810 5333 5179 
3 677 644 640 
3 4965 4809 4888 
3 6106 3440 4960 
3 7973 1939 1961 
3 4658 4511 4297 
3 780 5366 7610 
3 3790 7194 7747 
3 4731 4813 4730 
3 7665 5395 6594 
3 4591 4662 4313 
3 4730 4813 4810 
3 4813 4965 5038 
3 5385 5985 7003 
3 4433 6090 4422 
3 4645 4806 5181 
3 4507 4891 4581 
3 5385 3343 5985 
3 4891 5124 5041 
3 2999 3001 1787 
3 4465 3953 4990 
3 7213 5023 6166 
3 5042 5188 4654 
3 4833 5495 5460 
3 6062 5395 7665 
3 4819 4896 4659 
3 4662 4591 5126 
3 4733 4900 4896 
3 4314 4304 4155 
3 4817 5045 4901 
3 4659 4511 4658 
3 4733 4903 4900 
3 5425 5135 5432 
3 3702 3111 3707 
3 4903 5048 4973 
3 1612 3224 5883 
3 403 345 286 
3 1612 5883 5716 
3 250 1612 5716 
3 271 7598 1946 
3 2757 4331 5966 
3 3025 4210 2794 
3 1527 2134 1487 
3 5282 5315 4737 
3 979 759 1142 
3 4891 4654 5124 
3 5988 3823 3835 
3 6146 7403 1894 
3 6893 4690 4637 
3 2085 6056 6582 
3 7104 599 1696 
3 5205 4914 4750 
3 4594 5195 4591 
3 6846 7920 7929 
3 4523 5053 4457 
3 6553 6040 6535 
3 4523 4674 5053 
3 6960 1639 1637 
3 5057 4748 5196 
3 7387 3670 5199 
3 4912 5198 5427 
3 5057 4599 4748 
3 5032 4888 4886 
3 4913 4830 4531 
3 4531 4830 4749 
3 4984 4982 4677 
3 4525 4753 4985 
3 5273 4911 4457 
3 7097 7637 5372 
3 5966 4335 2757 
3 5282 4737 3213 
3 4922 5059 4923 
3 7976 1939 6961 
3 2782 4329 1188 
3 4758 4462 4755 
3 7647 7628 5303 
3 6660 2692 7192 
3 5064 4842 5066 
3 4920 4348 6527 
3 4841 4992 4927 
3 7737 5596 5590 
3 4839 5140 4757 
3 4843 4760 5068 
3 5144 5066 5068 
3 4927 4992 4932 
3 5069 4932 4992 
3 5068 4760 4994 
3 3407 839 6942 
3 1591 6403 5857 
3 4935 5284 4996 
3 4696 4763 4760 
3 6494 368 4305 
3 5940 3817 1669 
3 4997 4698 4845 
3 7971 4248 4367 
3 5000 5150 5284 
3 1385 1428 1387 
3 5651 5115 4881 
3 1276 2408 5868 
3 4093 2956 5236 
3 4703 5071 4848 
3 4939 5002 4768 
3 1021 338 4052 
3 4940 4849 5073 
3 5154 5006 4706 
3 5007 4707 4851 
3 4706 4940 5154 
3 5076 4851 4623 
3 4577 2354 513 
3 5080 5078 4773 
3 2952 778 5180 
3 5079 5009 4774 
3 5452 4773 5078 
3 5452 5085 4773 
3 6024 6733 6732 
3 5259 6867 5261 
3 5156 5080 4945 
3 7305 5918 3616 
3 7824 2416 7912 
3 7518 3794 5346 
3 5012 5098 4859 
3 4859 5098 4947 
3 6133 5997 5735 
3 4713 4121 2439 
3 4827 4521 4592 
3 4426 3346 2171 
3 5017 4862 4780 
3 4861 4862 4624 
3 189 6230 101 
3 3823 2738 2210 
3 1740 5911 5345 
3 6113 7692 7160 
3 4567 4954 5020 
3 6198 3095 4463 
3 6711 101 6230 
3 4567 4955 4954 
3 3062 1697 3850 
3 6967 6442 4609 
3 6111 6190 6245 
3 7235 7775 1548 
3 2402 6487 2356 
3 7175 1875 6646 
3 5243 5400 4570 
3 7194 1510 7787 
3 7072 6537 6538 
3 4869 5111 4571 
3 4789 5886 4871 
3 1403 7067 5330 
3 3372 4895 2801 
3 7625 4093 7742 
3 7597 1403 5330 
3 4719 5028 5029 
3 4796 4878 5115 
3 5250 4721 5251 
3 3870 5407 4362 
3 5029 5117 4719 
3 4519 6865 5794 
3 5773 5031 5408 
3 5989 7051 1214 
3 4799 5254 5178 
3 5251 4957 5176 
3 1296 926 7129 
3 4180 5265 4735 
3 5921 926 1296 
3 5173 4886 4722 
3 7553 7046 70 
3 4886 5173 5032 
3 4965 5034 5038 
3 4965 5032 5034 
3 4965 4888 5032 
3 2718 2139 4167 
3 7000 2498 545 
3 7446 6921 3083 
3 3861 287 4953 
3 4191 4062 3997 
3 4733 4896 4819 
3 7303 7315 7329 
3 4738 4664 4896 
3 4933 5581 5920 
3 5048 4903 4970 
3 4975 4974 4973 
3 5970 7400 7578 
3 5267 5131 4743 
3 4673 3665 4159 
3 5048 4742 4908 
3 4827 4826 5194 
3 4671 3670 7387 
3 4687 1050 4091 
3 2417 6877 5008 
3 4914 5135 4908 
3 5852 3753 6946 
3 5427 4913 4912 
3 1655 4045 3506 
3 5963 4074 5802 
3 5090 7271 7801 
3 3582 4736 6044 
3 5207 4916 4747 
3 5290 4653 6165 
3 7637 6577 5372 
3 4108 2519 3081 
3 4986 4987 4681 
3 4143 5199 2571 
3 2564 5769 4649 
3 7935 7933 1504 
3 6424 7229 7572 
3 4923 5139 4921 
3 3924 4869 4571 
3 5882 3418 2093 
3 7266 7609 7849 
3 5343 5201 5057 
3 7164 7704 7697 
3 5000 4935 4764 
3 4925 5062 5142 
3 2232 1562 5702 
3 3213 4740 7464 
3 4841 5063 4991 
3 6408 5277 1592 
3 4927 4605 4841 
3 6649 2416 4682 
3 7415 4174 271 
3 5214 5147 5065 
3 5068 5066 4843 
3 6486 5274 7528 
3 7627 7085 3574 
3 3630 4162 3578 
3 3197 6408 1139 
3 5004 4937 4848 
3 4768 5002 4846 
3 5218 5151 5071 
3 5684 5295 5297 
3 5075 5005 4770 
3 6577 4744 4732 
3 5219 5006 5154 
3 350 351 457 
3 4557 5454 5223 
3 2088 1721 2151 
3 5812 1154 7799 
3 2212 1571 2207 
3 4129 4628 3646 
3 2897 3630 3584 
3 243 5286 5388 
3 5693 5157 4857 
3 3624 3804 3706 
3 5310 4558 4776 
3 246 291 330 
3 7516 6452 6463 
3 4856 4857 5157 
3 5373 4854 5085 
3 5138 5356 217 
3 4860 5162 5239 
3 6345 6346 6107 
3 5099 5017 4949 
3 4861 5016 5162 
3 492 6967 6452 
3 4863 5016 4861 
3 4713 2439 6541 
3 5243 4871 5886 
3 5467 3942 1389 
3 5100 4952 4864 
3 5018 5101 4782 
3 703 684 732 
3 5018 4782 4951 
3 5102 4787 4866 
3 6317 2527 5161 
3 4955 4786 5104 
3 4376 4444 4588 
3 6442 6967 492 
3 2212 4154 2898 
3 5106 5025 5107 
3 7909 4572 3745 
3 2745 7673 2089 
3 5026 7269 7268 
3 4571 5111 4635 
3 3051 265 217 
3 2709 5900 5335 
3 4277 4791 5522 
3 4796 5115 5248 
3 6023 6190 5963 
3 5114 4640 5179 
3 5114 5179 5406 
3 3557 4572 7912 
3 4439 4436 4361 
3 1563 6364 394 
3 5759 6030 5399 
3 5185 4646 4647 
3 4810 5038 5333 
3 4647 4804 5184 
3 4647 5413 5185 
3 5978 6934 6238 
3 1587 252 4119 
3 5328 5117 5029 
3 5185 4811 4646 
3 7126 4144 2139 
3 1400 4168 7415 
3 5403 5521 5404 
3 2737 3386 207 
3 5315 5900 3766 
3 7481 6945 3453 
3 4691 2072 4680 
3 5041 4889 4893 
3 4891 5041 4893 
3 310 308 289 
3 4533 1139 3265 
3 5217 4673 4159 
3 5042 5044 5260 
3 4668 1214 7131 
3 5530 5332 5333 
3 4667 4451 4665 
3 4750 4323 4751 
3 4950 2682 6149 
3 4901 5045 4969 
3 7582 7585 4676 
3 5710 4593 4087 
3 6662 5544 5556 
3 6451 1779 2362 
3 7742 2954 607 
3 1489 2198 2797 
3 5420 5194 5264 
3 4589 4976 5189 
3 5222 6411 7467 
3 5197 4458 4827 
3 5137 4987 5201 
3 5203 5053 4982 
3 4747 4911 5056 
3 6279 2492 1434 
3 4594 4525 4985 
3 6928 5860 3994 
3 6928 3994 6412 
3 5053 5203 5200 
3 6157 6692 6711 
3 4842 4054 4327 
3 4749 4830 4915 
3 4984 5203 4982 
3 3192 2801 1728 
3 6929 7449 7452 
3 7452 1629 6929 
3 4747 5056 5207 
3 4312 4331 4831 
3 5698 1965 2492 
3 4878 4796 4574 
3 4922 4683 5059 
3 7197 847 6587 
3 4420 5856 5860 
3 5643 1911 2428 
3 6422 3745 7983 
3 6753 6261 7809 
3 4916 5209 4600 
3 822 6003 7041 
3 6750 7826 5699 
3 1536 7435 4420 
3 4924 4835 5209 
3 7382 869 7298 
3 4991 5063 5065 
3 5694 3476 1181 
3 5064 4926 4842 
3 4842 4926 5062 
3 7298 869 6268 
3 5066 5144 5064 
3 1788 2157 2044 
3 5192 7435 1536 
3 5065 4992 4991 
3 4844 4761 4932 
3 5068 5067 5144 
3 5147 4992 5065 
3 4995 5068 4994 
3 5665 4035 5667 
3 7962 7627 6044 
3 3117 3650 6323 
3 4935 5000 5284 
3 4994 4996 4995 
3 5006 5219 5367 
3 5291 5002 4939 
3 2221 7874 7869 
3 1385 1383 1428 
3 4848 5151 5152 
3 5074 4940 5073 
3 4937 5004 5073 
3 5155 4772 4707 
3 5009 5079 5225 
3 5079 4778 4856 
3 5079 4856 5225 
3 4945 4946 5458 
3 4854 5373 4946 
3 4087 294 2500 
3 5458 5691 5156 
3 6666 3481 3956 
3 3481 138 3956 
3 3997 4062 3572 
3 5096 5012 5233 
3 5096 5098 5012 
3 17 1974 2573 
3 5237 5096 5094 
3 1325 1168 1087 
3 5098 5096 5237 
3 4928 3009 4917 
3 1355 606 1371 
3 5012 4859 5238 
3 5237 5094 5234 
3 5238 4859 4860 
3 7769 4310 7985 
3 5627 5238 5239 
3 5138 243 5388 
3 4860 4861 5162 
3 5163 5162 5016 
3 7137 3597 6245 
3 4572 7909 7807 
3 6803 7318 6283 
3 5102 4866 5399 
3 2898 892 878 
3 5018 4951 5020 
3 4562 5020 4951 
3 5047 3519 4379 
3 4955 5104 4954 
3 5025 5102 5105 
3 5106 5107 4869 
3 5165 5320 5634 
3 1460 726 1471 
3 5111 4869 5402 
3 227 226 314 
3 6738 6214 4536 
3 5662 6721 6222 
3 4898 2534 5228 
3 6870 6868 7953 
3 2311 6514 5330 
3 3069 3070 3022 
3 5631 4005 1363 
3 2505 7614 3929 
3 4715 4567 4569 
3 7552 3374 3351 
3 4802 5175 5120 
3 3519 4572 3557 
3 3561 6882 6136 
3 3590 6897 5228 
3 4723 5653 5254 
3 6423 124 176 
3 5653 4645 5181 
3 5034 5119 5333 
3 5181 4806 5897 
3 4513 3528 5060 
3 7577 5215 7604 
3 3684 114 6756 
3 5217 3683 4171 
3 4889 5778 5897 
3 3304 5921 1296 
3 5333 5038 5034 
3 4738 4666 4667 
3 5188 5336 5124 
3 7935 1504 2654 
3 2014 5160 6088 
3 5197 5198 4458 
3 5264 4826 4969 
3 2897 3661 3630 
3 5268 4976 5128 
3 5710 4087 4590 
3 5915 5678 5360 
3 5639 5515 5761 
3 4629 6353 6354 
3 5135 4914 5205 
3 4588 4592 4454 
3 5552 4830 4913 
3 6846 5133 7371 
3 3602 6279 1434 
3 3223 2032 88 
3 5273 5056 4911 
3 5125 5044 4820 
3 4188 4695 4608 
3 5201 4987 5057 
3 5347 4984 4915 
3 5073 5567 5450 
3 3049 4590 2500 
3 4916 5207 5061 
3 5597 5706 5468 
3 4764 4766 5000 
3 7689 4367 7577 
3 5133 5763 7371 
3 4923 4921 4684 
3 4367 7689 7971 
3 4989 4757 5140 
3 4916 5061 5209 
3 4750 4837 5205 
3 4924 5209 5354 
3 5278 4542 4755 
3 5143 5063 5278 
3 5064 5211 4926 
3 5064 5144 5211 
3 5144 5442 5211 
3 5065 5063 5143 
3 5144 5067 5442 
3 4697 4698 4547 
3 5930 5927 5224 
3 3630 3657 4162 
3 5354 4755 4924 
3 5278 4755 5354 
3 1102 2509 296 
3 5361 4932 5069 
3 4493 5753 7365 
3 4801 4823 4769 
3 7192 2692 3008 
3 5216 4996 5284 
3 5216 5448 5679 
3 7712 7713 7488 
3 1512 2756 2751 
3 7737 7192 3008 
3 5218 4999 4997 
3 4999 5218 5071 
3 5002 5291 5001 
3 1464 1487 1471 
3 5299 5154 5074 
3 5091 5310 5227 
3 4770 5155 5297 
3 5220 4851 5076 
3 5452 5078 5221 
3 5224 5078 5080 
3 5452 5368 5085 
3 5080 5156 5224 
3 5084 5158 4776 
3 5449 5218 5287 
3 854 1509 853 
3 4272 4132 4203 
3 2593 2605 175 
3 4946 5373 5579 
3 4777 5010 5375 
3 6261 5677 7259 
3 5457 5089 5226 
3 5089 5457 5371 
3 5375 5693 4857 
3 2999 4732 4744 
3 6666 2412 3481 
3 5227 5226 5091 
3 5230 5234 5094 
3 5230 5393 5234 
3 627 6950 2211 
3 7190 3040 237 
3 4951 4782 4626 
3 2077 3360 6980 
3 4471 5740 6808 
3 5986 5991 5717 
3 4471 6808 7315 
3 5237 5099 4947 
3 6364 5816 5642 
3 4979 3466 4460 
3 5163 5239 5162 
3 7747 7194 6770 
3 4777 4775 4774 
3 3012 4561 199 
3 5166 5100 5165 
3 5648 3914 5629 
3 5166 4952 5100 
3 5167 4952 5166 
3 2568 1975 708 
3 2018 7288 1909 
3 1005 4461 2848 
3 5167 5398 5399 
3 5514 4954 5104 
3 6301 5090 6803 
3 3949 3440 6106 
3 3791 3619 3793 
3 5731 7316 6813 
3 3449 4977 1810 
3 5522 5246 5028 
3 601 1167 599 
3 5886 4789 5887 
3 4874 5887 4789 
3 7808 6231 3548 
3 6537 7072 7069 
3 5028 4277 5522 
3 4502 4648 4803 
3 7895 6728 7893 
3 5190 2173 1587 
3 5408 5116 5329 
3 5329 5116 4880 
3 4880 5248 5329 
3 4797 5250 5175 
3 4957 5253 5176 
3 5898 6299 6169 
3 4728 4581 4891 
3 1302 2462 7915 
3 4802 4797 5175 
3 5032 5031 5119 
3 5183 4885 5120 
3 5255 4804 5183 
3 5184 4804 5255 
3 4217 4225 3944 
3 5256 5257 4892 
3 5041 5778 4889 
3 7795 630 609 
3 5188 5124 4654 
3 4003 4005 4504 
3 2888 2936 2834 
3 5322 3266 3764 
3 5126 5262 5125 
3 5589 3301 5610 
3 6306 4618 5743 
3 5194 4826 5264 
3 4973 5048 5793 
3 5669 5269 5131 
3 4047 5049 4152 
3 5546 5268 5128 
3 6590 2868 3424 
3 6703 7221 7754 
3 6390 7039 6488 
3 5594 2953 4491 
3 399 1703 3532 
3 5131 5269 5196 
3 5904 5552 5427 
3 5053 5200 5273 
3 4827 5194 5197 
3 5135 5425 4908 
3 3661 3687 3630 
3 4415 691 3412 
3 5195 4594 4985 
3 2741 5387 2761 
3 2861 7606 7282 
3 7538 7747 6228 
3 4989 4985 4753 
3 5137 4683 4987 
3 6855 5204 4894 
3 4845 4697 4608 
3 4758 4755 4542 
3 7738 3501 5594 
3 2568 708 696 
3 5354 5355 5278 
3 5214 5143 5355 
3 6019 5878 6387 
3 3630 3687 3657 
3 3351 1002 3355 
3 5361 4844 4932 
3 7787 7503 7792 
3 4167 4144 1856 
3 3902 4402 6566 
3 843 5584 48 
3 5287 4997 5283 
3 4318 2522 4332 
3 2647 236 4950 
3 4117 1111 1099 
3 5292 5001 5291 
3 5567 5073 5004 
3 6230 6269 6229 
3 5002 5001 4846 
3 6230 189 6269 
3 7056 6022 4895 
3 5076 5367 5220 
3 7676 3265 1139 
3 996 7856 3116 
3 5297 5155 5298 
3 3933 4968 3443 
3 3169 3179 1958 
3 5085 5368 5456 
3 5458 5156 4945 
3 5373 5085 5456 
3 5928 5009 5225 
3 5091 5089 4480 
3 1232 6113 3068 
3 4776 5158 5310 
3 5089 5091 5226 
3 4909 3380 6040 
3 5312 5230 5229 
3 5230 5231 5229 
3 3645 2414 1805 
3 5230 5232 5231 
3 3266 5322 5903 
3 2276 4392 4910 
3 5094 5232 5230 
3 2108 948 7661 
3 1485 4504 6973 
3 1006 1166 1047 
3 5865 3366 6916 
3 5319 5314 5012 
3 3509 3584 3578 
3 6535 2818 6025 
3 5320 5164 5099 
3 5012 5238 5319 
3 4895 3372 4378 
3 6178 6713 5626 
3 5509 5234 5316 
3 5670 6710 6716 
3 4880 5116 4722 
3 5077 6390 6563 
3 5398 5637 5399 
3 4704 3704 2084 
3 5167 5399 4866 
3 3334 3335 3413 
3 5514 5020 4954 
3 4729 4724 4503 
3 5640 5105 5399 
3 6911 7988 7430 
3 5167 5166 5398 
3 5639 5104 5515 
3 5104 4786 5515 
3 5107 5401 4869 
3 5963 5795 6023 
3 6123 4977 4979 
3 6018 6025 2818 
3 4295 6862 3277 
3 4393 1760 4391 
3 1696 599 1167 
3 4373 3869 5409 
3 4869 5401 5402 
3 5111 5403 4635 
3 4359 1212 4374 
3 5522 4791 5404 
3 1213 2254 6018 
3 7756 6716 7754 
3 4573 6400 4792 
3 6288 5647 4794 
3 1647 4353 3009 
3 5029 5246 5524 
3 5246 5029 5028 
3 5115 5651 5247 
3 5662 6222 6207 
3 5527 5248 5249 
3 5658 6711 6230 
3 5329 5248 5527 
3 4846 5001 5000 
3 5173 5116 5408 
3 5251 4575 4957 
3 5515 4786 5400 
3 6285 6787 6284 
3 7358 1350 1369 
3 4973 5421 4975 
3 5179 5332 5406 
3 5119 5530 5333 
3 3147 7876 416 
3 5255 5183 5411 
3 5256 5534 5414 
3 5906 3273 3281 
3 5181 5897 5896 
3 5412 5184 5255 
3 4960 3440 3434 
3 6093 7680 6092 
3 3933 4432 4423 
3 7221 6703 6222 
3 5263 5045 5257 
3 6105 3636 2745 
3 3020 2221 4385 
3 5195 5262 5126 
3 6155 1058 7080 
3 5137 5428 5059 
3 5546 4975 5421 
3 1517 1460 1471 
3 6046 6176 5343 
3 6087 3613 6056 
3 5422 5194 5420 
3 5343 5196 5269 
3 6750 7286 7826 
3 5198 5344 5427 
3 5422 5344 5197 
3 4921 5139 5429 
3 5553 4830 5552 
3 4915 4830 5347 
3 6730 3324 5610 
3 1915 4736 6051 
3 4919 4684 4921 
3 6577 6594 4744 
3 5434 5203 4984 
3 4956 6682 5600 
3 5815 6434 6898 
3 2757 3328 4331 
3 5436 4989 5140 
3 5577 62 47 
3 5142 5062 5438 
3 6682 5604 7207 
3 5438 5062 5210 
3 5439 5354 5209 
3 5210 4926 5211 
3 1759 1819 1581 
3 5360 5361 5069 
3 3914 4498 3919 
3 4997 5361 5283 
3 925 1004 1084 
3 3618 4196 2404 
3 5284 5150 5448 
3 6157 6689 6692 
3 5001 5150 5000 
3 7497 2702 7967 
3 5293 5151 5218 
3 4831 4331 3844 
3 5075 5365 4939 
3 4939 5365 5294 
3 7503 7787 2577 
3 5218 4997 5287 
3 4305 2738 6494 
3 5449 5293 5218 
3 2738 3823 6494 
3 5297 5295 4770 
3 5074 5073 5450 
3 3821 4312 4831 
3 5102 5025 4787 
3 5299 5300 5219 
3 5300 5367 5219 
3 5295 5075 4770 
3 5214 5355 5443 
3 5298 5007 4851 
3 3583 1083 7134 
3 5078 5369 5221 
3 5223 6068 5687 
3 5369 5078 5224 
3 7454 3224 1597 
3 4109 4622 4108 
3 5045 5263 4969 
3 4815 5955 3810 
3 1437 2086 1419 
3 2280 1026 7540 
3 5304 5158 5084 
3 5225 4856 5157 
3 6068 5223 5454 
3 6079 5373 5456 
3 2412 5013 3481 
3 4673 7392 5204 
3 5309 5010 5087 
3 4499 7390 5767 
3 7300 7643 6615 
3 5382 5464 5379 
3 5464 5382 5384 
3 5391 5741 5229 
3 5312 5229 5507 
3 243 5138 217 
3 6661 2617 5562 
3 6908 496 1604 
3 4815 3810 4805 
3 5670 6716 7259 
3 7139 7380 6800 
3 5804 6773 5803 
3 1831 5095 141 
3 4545 6371 3414 
3 5296 4228 3679 
3 4977 5526 1810 
3 5238 5627 5510 
3 5940 1669 4290 
3 5509 5320 5099 
3 5238 5510 5319 
3 5165 5100 5164 
3 4990 6106 7174 
3 6178 5021 6713 
3 5321 5018 5324 
3 4457 4911 4380 
3 5020 5514 5018 
3 3670 3133 5199 
3 5677 5670 7259 
3 1717 5330 7067 
3 1663 406 96 
3 1055 1091 864 
3 6022 2801 4895 
3 6018 2818 1213 
3 6494 3823 5988 
3 4983 6167 6703 
3 5764 5521 5403 
3 4452 5267 4670 
3 5764 5766 5521 
3 5887 4874 5890 
3 7754 6716 6710 
3 6288 5114 5406 
3 5249 5248 5115 
3 5164 5320 5165 
3 5250 5528 5774 
3 5250 5251 5528 
3 7157 2794 4210 
3 5031 5173 5408 
3 5335 3286 2709 
3 5528 5251 5176 
3 5527 5649 5329 
3 5331 5176 5253 
3 3870 4362 1726 
3 5444 4273 309 
3 5931 5811 6199 
3 5117 5328 5033 
3 5652 5033 5328 
3 5253 5033 5652 
3 5332 5179 5333 
3 4086 1214 4668 
3 5795 5622 1058 
3 5778 5041 5899 
3 5535 5256 5414 
3 5256 5185 5534 
3 5535 5257 5256 
3 4892 5257 5045 
3 5334 5041 5336 
3 5188 5416 5336 
3 5262 5260 5125 
3 5260 5661 5416 
3 7777 7657 6748 
3 529 1829 7317 
3 5264 4969 5263 
3 5660 5782 5264 
3 5264 5263 5660 
3 3474 3244 3128 
3 5543 5267 5189 
3 4739 4970 4586 
3 5260 5044 5125 
3 5189 4976 5668 
3 2994 6056 3613 
3 2685 3377 5039 
3 5131 5267 5669 
3 7876 2208 7668 
3 7934 236 2647 
3 4704 2084 4699 
3 4284 4008 4431 
3 5793 4908 5425 
3 5194 5422 5197 
3 3601 6062 6051 
3 5201 5343 5424 
3 1083 7538 6228 
3 5200 6307 5273 
3 6207 6167 4383 
3 5428 5137 5201 
3 5428 5139 5059 
3 6594 6577 7665 
3 1950 814 821 
3 4310 6639 7985 
3 6602 1058 624 
3 7904 1012 3959 
3 5368 6426 6072 
3 5351 4989 5436 
3 4989 5351 4985 
3 5207 5796 5061 
3 4232 4236 7979 
3 4826 4827 4592 
3 1879 2235 2183 
3 5062 4926 5210 
3 5142 5438 4837 
3 5740 4471 3341 
3 3753 4245 6946 
3 5358 5355 5354 
3 5211 5797 5210 
3 5211 5442 5797 
3 5439 5061 5796 
3 5443 5561 5214 
3 5800 5442 5067 
3 5281 5800 5067 
3 3197 4208 6408 
3 5216 5801 5281 
3 3775 3772 4964 
3 37 3010 7750 
3 5150 5292 5448 
3 5150 5001 5292 
3 5272 5926 743 
3 5152 5151 5293 
3 5600 7735 4332 
3 5297 5298 5684 
3 5295 5365 5075 
3 5450 5299 5074 
3 5569 5300 5299 
3 5581 6660 7192 
3 5220 5367 5686 
3 3224 7454 3970 
3 7706 7373 7014 
3 5298 4851 5220 
3 4135 7097 5364 
3 7737 5590 7192 
3 4393 3899 1760 
3 1693 3113 2127 
3 5962 5958 5969 
3 131 134 132 
3 4834 3315 3817 
3 7192 5590 4326 
3 5455 5575 5302 
3 6044 7627 3582 
3 6602 5478 7057 
3 5302 5301 5572 
3 5374 5310 5158 
3 1666 6562 2598 
3 3538 4180 4138 
3 6689 4988 6178 
3 6079 5579 5373 
3 1455 1210 1457 
3 5309 5375 5010 
3 5942 5310 5374 
3 5817 5375 5309 
3 2555 1422 2099 
3 1021 2873 7958 
3 5378 5379 5377 
3 5579 5941 5819 
3 4935 4996 4994 
3 7566 7057 5478 
3 5463 5377 5379 
3 7835 7833 7837 
3 5942 5227 5310 
3 5380 5382 5378 
3 5378 5382 5379 
3 7480 217 265 
3 5380 5378 5967 
3 2958 7746 5252 
3 7480 265 1184 
3 5463 5464 5468 
3 5277 468 1592 
3 5214 5065 5143 
3 5976 5708 5591 
3 2093 715 2099 
3 5479 5469 5480 
3 6408 1592 1139 
3 5571 6092 2787 
3 4951 4626 4562 
3 2831 5885 412 
3 5484 5603 5470 
3 5483 5484 5473 
3 5473 5484 5470 
3 5464 5384 5468 
3 5477 5494 5386 
3 5493 5491 5484 
3 5229 5505 5507 
3 5741 6005 5229 
3 7759 1939 7973 
3 5313 5232 5233 
3 5505 5229 6005 
3 5393 5312 5507 
3 5230 5312 5393 
3 5742 5231 5313 
3 5956 2196 3808 
3 5231 5742 5391 
3 5316 5234 5393 
3 7048 6576 6581 
3 4117 4107 7602 
3 5393 5744 5316 
3 6134 5507 5505 
3 4117 7602 1671 
3 5242 3722 3714 
3 5166 5165 5634 
3 544 5929 5919 
3 5346 2724 2196 
3 445 5346 2196 
3 5513 5398 5166 
3 5757 5398 5513 
3 6081 7104 4879 
3 3299 3300 3375 
3 4831 2744 4832 
3 7976 814 1950 
3 5762 5107 5640 
3 6567 6699 6341 
3 5514 5104 5639 
3 533 1988 2639 
3 2261 2271 1630 
3 5404 4635 5403 
3 5856 4420 5851 
3 2462 5919 5929 
3 780 1937 5366 
3 6400 4573 5647 
3 6114 5490 7697 
3 4364 6012 3869 
3 5029 5524 5525 
3 6695 946 1019 
3 72 71 13 
3 1508 1680 1869 
3 4874 4792 6400 
3 1979 3320 1751 
3 4881 6292 5651 
3 1010 2604 4178 
3 7061 6715 6483 
3 5041 5334 5899 
3 5119 5773 5892 
3 6775 5917 6525 
3 7578 7582 4085 
3 5653 5181 5896 
3 5339 5353 5342 
3 5412 5413 5184 
3 4662 5126 4820 
3 4779 7409 4661 
3 6872 1008 4178 
3 5093 5109 2505 
3 3147 4680 2072 
3 7565 7021 7028 
3 912 5533 1019 
3 5537 5334 5336 
3 5336 5416 5537 
3 2086 715 2093 
3 5188 5260 5416 
3 4239 4238 4320 
3 5309 5087 5695 
3 2002 7900 1062 
3 5257 5660 5263 
3 3191 3203 4554 
3 5189 5668 5543 
3 7029 4655 5305 
3 6503 7563 5306 
3 2142 1951 1955 
3 2582 3683 4159 
3 4943 4918 3779 
3 5655 2020 4387 
3 5443 5914 5561 
3 5034 5032 5119 
3 4974 4900 4973 
3 5547 5139 5428 
3 2670 3769 4250 
3 5351 5195 4985 
3 3844 4331 3328 
3 5201 5424 5671 
3 6538 6537 5349 
3 5429 5426 5551 
3 7553 243 6982 
3 5790 5428 5671 
3 3169 3770 3179 
3 5553 5347 4830 
3 5784 5547 5428 
3 4838 4989 4753 
3 5429 5551 4921 
3 235 343 320 
3 5433 5434 5347 
3 5200 5203 5673 
3 5347 5553 5433 
3 5200 5554 6307 
3 5681 3029 339 
3 5203 5434 5673 
3 4759 2686 5311 
3 2686 2694 5311 
3 5135 5205 5437 
3 5551 5436 5140 
3 5905 5425 5432 
3 6982 243 217 
3 4975 4905 4974 
3 3969 239 1578 
3 2387 2203 2561 
3 5438 5205 4837 
3 7091 2938 594 
3 5440 5358 5439 
3 4811 5256 4892 
3 7566 5022 3063 
3 5358 5354 5439 
3 5797 5438 5210 
3 7402 4171 1008 
3 5560 5797 5442 
3 2805 2138 47 
3 7640 954 1465 
3 5561 5147 5214 
3 5360 5147 5445 
3 5801 5216 5679 
3 7567 4544 4620 
3 5281 4995 5216 
3 4394 4838 4183 
3 4698 4997 4999 
3 4939 5294 5291 
3 5293 5917 5152 
3 1714 1899 1898 
3 3840 6897 3590 
3 5365 5682 5294 
3 6582 7628 7647 
3 680 1858 7749 
3 5685 5686 5367 
3 3117 5777 4143 
3 3003 7273 2443 
3 5301 5370 5809 
3 1260 4402 2293 
3 1598 4759 2136 
3 5017 5099 5164 
3 4339 1350 5019 
3 5938 5943 6083 
3 5931 5304 5811 
3 5932 5370 5575 
3 5188 5042 5260 
3 5579 5458 4946 
3 5928 5573 5009 
3 5814 5457 5226 
3 5348 7076 4135 
3 2844 7727 7154 
3 5238 4860 5239 
3 4294 2329 1129 
3 5455 5813 5575 
3 4368 4640 4430 
3 5819 5458 5579 
3 5463 5379 5464 
3 4310 7703 6639 
3 5465 5382 5380 
3 5707 5466 5591 
3 5707 5473 5466 
3 3393 7901 7790 
3 3071 4241 6129 
3 6555 6679 6675 
3 5465 5599 5382 
3 5037 7970 6998 
3 5466 5976 5591 
3 5473 5470 5466 
3 834 7534 6469 
3 5469 5475 5597 
3 5597 5475 5598 
3 5470 5471 5976 
3 5466 5470 5976 
3 5469 5479 5475 
3 5475 5601 5598 
3 1303 6870 7953 
3 5713 5480 5469 
3 5121 7345 6314 
3 5713 5384 5845 
3 5384 5382 5599 
3 5475 5481 5601 
3 3890 2723 1410 
3 5471 5470 5603 
3 5712 5483 5473 
3 5473 5709 5712 
3 5479 5477 5475 
3 5475 5477 5481 
3 5606 5483 5712 
3 5479 5480 5485 
3 5485 5477 5479 
3 7390 5794 5327 
3 7930 3705 6725 
3 5480 5476 5485 
3 5485 5494 5477 
3 5481 5486 5487 
3 5492 5494 5485 
3 5386 5486 5481 
3 254 4441 3060 
3 5483 5493 5484 
3 5279 7749 1858 
3 5037 6998 3063 
3 5499 5493 5483 
3 6547 3550 1118 
3 5486 5498 5488 
3 5497 5496 5494 
3 5492 5497 5494 
3 6391 5846 5853 
3 5498 5503 5488 
3 5497 5723 5496 
3 7652 7986 7308 
3 5501 5493 5499 
3 4814 7636 7047 
3 5498 5486 5496 
3 4634 4114 6317 
3 5616 5503 5498 
3 5499 5612 5501 
3 5723 5500 5496 
3 4913 5427 5552 
3 5187 7957 7505 
3 1460 1517 1512 
3 5503 5619 5730 
3 5386 5494 5486 
3 7673 3613 6087 
3 5619 5503 5616 
3 45 6945 7481 
3 7292 1906 723 
3 5161 1469 2007 
3 6040 3380 6535 
3 4617 4550 4472 
3 4107 7069 7602 
3 5999 5732 5995 
3 5637 5398 5757 
3 4117 1671 7076 
3 1320 1326 3151 
3 5117 4648 4578 
3 5630 5627 5163 
3 5630 5163 5321 
3 1196 4219 7327 
3 5513 5166 5634 
3 4726 468 5277 
3 6411 5222 2797 
3 5513 5634 5754 
3 1456 1471 726 
3 5586 7804 5578 
3 5501 5987 5493 
3 6710 5670 5655 
3 5756 5757 5513 
3 6929 2797 7449 
3 6030 5640 5399 
3 3081 4109 4108 
3 5399 5637 5759 
3 4321 5245 7932 
3 1456 1464 1471 
3 4248 7971 6527 
3 5562 2479 4904 
3 5641 5762 5640 
3 1525 7819 1532 
3 2987 5768 448 
3 5515 5400 5644 
3 4648 5117 5033 
3 7648 6023 5795 
3 5400 5243 6154 
3 6154 6735 5644 
3 2215 2112 565 
3 7472 1384 7584 
3 6154 5243 5886 
3 1185 1805 1811 
3 5890 4874 6400 
3 4193 3055 2470 
3 5119 5892 5530 
3 4603 6814 1995 
3 626 2976 2977 
3 3542 3233 3625 
3 6692 6689 7750 
3 5329 5649 5408 
3 3598 3049 1970 
3 5529 6159 5178 
3 5175 5250 6160 
3 5175 6160 6163 
3 2601 2009 68 
3 5331 5253 5652 
3 7648 5795 1058 
3 5183 5120 5776 
3 6163 5776 5120 
3 3092 3080 2477 
3 6512 5898 5412 
3 5412 6631 6512 
3 7858 5701 3035 
3 3685 3089 2455 
3 3832 1697 2359 
3 5334 5537 6172 
3 5924 5834 7430 
3 5024 830 2076 
3 5416 5539 5537 
3 5113 6823 6819 
3 5219 5154 5299 
3 3029 2484 7857 
3 5540 5262 5195 
3 5782 5420 5264 
3 5540 5195 5351 
3 5265 3538 3541 
3 7841 2861 7282 
3 3722 2635 4382 
3 5267 5543 5669 
3 1191 6729 5511 
3 7472 7584 7241 
3 5668 4976 5268 
3 7364 7727 2844 
3 5421 4973 5793 
3 3308 3816 992 
3 6626 6292 6159 
3 6794 6674 6791 
3 4072 4636 3927 
3 5105 5640 5107 
3 6067 4408 2306 
3 2594 7934 2647 
3 5429 5547 5426 
3 7528 4045 6995 
3 5052 3381 125 
3 6331 5946 6218 
3 5429 5139 5547 
3 5672 5551 5426 
3 7397 2958 4088 
3 5428 5201 5671 
3 3642 7805 7121 
3 5784 5428 5790 
3 5907 5673 5434 
3 81 1458 3267 
3 5673 5554 5200 
3 5889 5322 3764 
3 40 2138 794 
3 1571 4020 2207 
3 5909 5796 5207 
3 5559 5798 5440 
3 5440 5439 5559 
3 1571 99 4303 
3 3325 996 416 
3 7832 7927 3746 
3 7606 6286 7282 
3 4088 7465 4066 
3 5762 5641 5401 
3 5147 5561 5445 
3 5678 5361 5360 
3 5678 5362 5361 
3 6519 5913 6186 
3 7559 7051 7066 
3 5449 5283 6524 
3 5283 5449 5287 
3 5292 5804 5803 
3 6525 5293 5449 
3 5358 5443 5355 
3 6723 6497 6726 
3 5294 5682 5680 
3 5682 5365 6063 
3 182 7442 2961 
3 5567 6420 5450 
3 6277 6286 7606 
3 4876 3092 3702 
3 5450 5807 5569 
3 7194 7787 6280 
3 5367 5300 5685 
3 5838 6234 6704 
3 1645 3733 5990 
3 3389 3376 7389 
3 5455 5302 5572 
3 5928 5225 6322 
3 6073 5225 5157 
3 3865 4650 2417 
3 6681 6558 6215 
3 5693 6784 5157 
3 4634 1494 4114 
3 5539 5661 5663 
3 5818 5458 5819 
3 7415 271 4568 
3 5101 4863 4782 
3 6214 1913 4536 
3 5700 5378 5585 
3 4568 271 5681 
3 5585 5378 5377 
3 5377 5461 5961 
3 5378 5700 5967 
3 4482 1525 1532 
3 5566 3977 3500 
3 5461 5377 5463 
3 7754 6710 4981 
3 6843 6836 5767 
3 6753 4152 5049 
3 5591 5708 5588 
3 3536 4515 807 
3 3148 3345 3201 
3 4849 4476 4550 
3 5468 5469 5597 
3 2093 3418 2086 
3 5384 5713 5468 
3 4844 4997 4845 
3 3110 4129 2556 
3 5709 5473 5835 
3 6293 4565 5141 
3 807 5058 3536 
3 5468 5713 5469 
3 5979 6347 6707 
3 5599 5845 5384 
3 5481 5602 5601 
3 5601 5602 5711 
3 5487 5605 5602 
3 4109 3090 4628 
3 6823 5113 6314 
3 3080 3092 529 
3 6320 5814 6430 
3 5487 5714 5605 
3 5481 5477 5386 
3 5488 5611 5714 
3 5487 5488 5714 
3 5607 5603 5491 
3 4114 2527 6317 
3 5608 5499 5483 
3 5606 5608 5483 
3 5850 5492 5485 
3 5494 5496 5486 
3 2907 7622 4046 
3 5714 5613 5855 
3 5613 5714 5611 
3 5678 6523 5916 
3 6308 6808 5740 
3 5611 5488 5503 
3 3518 4490 4508 
3 5850 5721 5492 
3 5499 5608 5612 
3 309 1307 2516 
3 5501 5722 5987 
3 5721 5723 5497 
3 4618 4108 5743 
3 5500 5616 5496 
3 5611 5728 5613 
3 5501 5612 5615 
3 5730 5728 5611 
3 5728 5724 5613 
3 5612 5614 5615 
3 5722 5501 5615 
3 3864 2405 3881 
3 5611 5503 5730 
3 7881 7335 7293 
3 5617 5729 5500 
3 5500 5729 5616 
3 5616 5729 5619 
3 954 7640 2807 
3 5614 5734 5615 
3 5510 5627 5750 
3 1677 3445 2282 
3 5867 5729 5617 
3 2744 4831 3844 
3 5510 5748 5319 
3 3449 4979 4977 
3 7869 7881 7293 
3 309 2516 3622 
3 5393 5507 5744 
3 4490 3518 3985 
3 6145 5747 5750 
3 5316 5625 5509 
3 5016 5321 5163 
3 947 5856 1588 
3 5320 5509 5749 
3 5632 5634 5749 
3 5749 5634 5320 
3 5627 5630 5628 
3 2933 5013 3981 
3 5632 5754 5634 
3 1722 1726 4362 
3 3994 6414 6412 
3 5630 5633 5881 
3 2296 4345 4333 
3 3035 3588 7858 
3 5625 5749 5509 
3 5324 5755 5633 
3 2162 7968 6371 
3 5514 5639 6027 
3 6300 5161 2007 
3 1726 1722 2938 
3 4023 519 493 
3 4023 493 5146 
3 1471 1487 1517 
3 5111 5402 5403 
3 2018 7293 7288 
3 5521 5888 5404 
3 5529 5254 5653 
3 6036 5522 6034 
3 5102 5399 5105 
3 5404 5888 6034 
3 5622 624 1058 
3 1395 1085 6897 
3 3186 455 5853 
3 6036 5524 5522 
3 6399 5887 5890 
3 6740 5524 6036 
3 3981 3993 2933 
3 5246 5522 5524 
3 5247 5772 5249 
3 5247 5651 5772 
3 5860 1602 4420 
3 5773 5408 5649 
3 5774 5528 5893 
3 5528 5331 5895 
3 4450 3461 6125 
3 6038 5332 5530 
3 5250 5774 6160 
3 3617 199 3778 
3 5183 5776 5411 
3 5534 5413 5898 
3 5898 5413 5412 
3 2261 3717 5352 
3 5534 5780 5535 
3 5539 5781 5537 
3 1083 6211 7134 
3 6371 6379 3414 
3 3574 5349 5235 
3 7735 5600 6686 
3 3884 324 3892 
3 2768 2985 2658 
3 605 2504 3111 
3 5661 5540 5663 
3 1851 4126 7748 
3 5422 5420 5783 
3 5051 5049 4047 
3 6721 5043 7277 
3 7422 4898 5873 
3 5540 5351 5791 
3 6177 5669 5543 
3 5547 5784 5426 
3 4979 3457 3466 
3 5343 6176 5424 
3 5671 5789 5790 
3 4279 5127 7792 
3 5725 5500 5723 
3 1909 7288 7984 
3 5784 5790 6410 
3 6046 5343 5269 
3 2780 2784 2940 
3 6158 5530 5892 
3 3055 1918 5338 
3 5351 5436 5791 
3 1564 7414 3942 
3 5791 5436 5551 
3 5792 5553 5552 
3 4001 3914 3919 
3 5907 5434 5433 
3 5056 5273 6307 
3 3821 2736 4312 
3 5910 5438 5797 
3 5796 5559 5439 
3 7670 3379 1038 
3 4570 5400 4786 
3 5438 5910 5205 
3 5559 5796 5798 
3 5440 5798 5799 
3 5762 5401 5107 
3 5016 5101 5321 
3 1977 2568 2565 
3 5658 6230 6229 
3 5103 7951 3991 
3 5358 6053 5443 
3 4312 2732 3306 
3 5361 4997 4844 
3 5569 5299 5450 
3 6524 5283 5362 
3 5990 4330 1645 
3 1363 4005 4079 
3 5448 5292 5803 
3 6868 4514 3389 
3 5292 5565 5804 
3 5917 5567 5152 
3 5806 5684 5298 
3 6420 5567 5917 
3 6277 7606 7775 
3 5807 5922 5569 
3 7959 3777 485 
3 5295 6063 5365 
3 5646 4754 1389 
3 702 6995 5261 
3 5221 5368 5452 
3 6195 5809 5370 
3 5370 5932 6195 
3 4422 3430 4433 
3 4972 6149 2682 
3 5225 6073 6322 
3 1207 1204 1073 
3 6681 6215 6799 
3 6079 5456 6076 
3 1272 3412 691 
3 7194 6280 6770 
3 6067 2306 4422 
3 5824 5697 6448 
3 7854 5103 5083 
3 1038 3379 3374 
3 7759 7527 1939 
3 5695 5817 5309 
3 5375 5817 5693 
3 5941 5579 6079 
3 4329 2972 7087 
3 5905 5432 6757 
3 5688 3029 7857 
3 5703 5697 5824 
3 1473 6081 7833 
3 5691 5933 5156 
3 5196 5343 5057 
3 5377 5961 5585 
3 5703 5825 5697 
3 1728 7159 1542 
3 5645 1911 5643 
3 491 7862 525 
3 5461 5958 5961 
3 6167 6207 6703 
3 5705 6098 5829 
3 6272 7775 1467 
3 5968 6098 5830 
3 5830 6098 5705 
3 5588 5708 5705 
3 7631 7612 2797 
3 6689 6178 5626 
3 5703 5960 5968 
3 4302 4308 4096 
3 5706 5597 5837 
3 5843 5603 5607 
3 5465 5380 6103 
3 5598 5838 5837 
3 7859 1676 5635 
3 3661 2911 3687 
3 5711 5838 5598 
3 5598 5601 5711 
3 5476 5480 5713 
3 6220 7139 6688 
3 6045 2284 3902 
3 1770 2840 3906 
3 6237 5606 5712 
3 4370 3774 6711 
3 5481 5487 5602 
3 7080 1058 6602 
3 5058 3530 5052 
3 5843 5607 5844 
3 5598 5837 5597 
3 2212 110 1571 
3 5485 5476 5850 
3 6244 5850 5476 
3 5987 5982 5607 
3 4392 2276 3397 
3 5491 5987 5607 
3 5457 5814 6320 
3 6237 5839 6233 
3 1875 3108 7608 
3 7608 1861 1875 
3 6096 5961 6094 
3 5721 5850 5854 
3 3528 3518 4508 
3 6239 6461 6462 
3 3613 4185 6179 
3 5717 5614 5612 
3 5825 5833 6238 
3 5859 5614 5717 
3 3982 4462 3825 
3 5912 5797 5560 
3 5728 5864 5724 
3 5725 5617 5500 
3 7335 6834 7293 
3 5311 5307 4759 
3 5728 5863 5864 
3 3207 3285 3214 
3 7874 2221 6830 
3 5979 5847 6347 
3 5734 5614 5732 
3 2598 6562 6037 
3 6126 6365 5995 
3 7722 1653 84 
3 5862 5615 5734 
3 6353 4629 6877 
3 4374 2272 4902 
3 5728 5736 5863 
3 5510 5750 5748 
3 5729 5733 5619 
3 5736 5869 5863 
3 5732 5859 5995 
3 7735 4941 4318 
3 6127 6260 5994 
3 5867 5733 5729 
3 5619 5735 5736 
3 6539 3878 4373 
3 5733 5737 5619 
3 1916 2155 1725 
3 5619 5737 5735 
3 5869 5736 5735 
3 5736 5728 5730 
3 3524 2952 3993 
3 5998 6134 5739 
3 3759 2292 4333 
3 5505 5739 6134 
3 5739 6005 6132 
3 5090 326 3490 
3 6005 5739 5505 
3 612 7092 4011 
3 4373 3878 3869 
3 7555 1588 7530 
3 6273 5744 5507 
3 6057 5448 5803 
3 6661 4904 4941 
3 5316 5744 5746 
3 6228 7747 6249 
3 3870 2801 6022 
3 4490 3985 2791 
3 5077 7039 6390 
3 5314 5748 5747 
3 1726 2801 3870 
3 7321 7874 6830 
3 3759 4333 4882 
3 5747 5748 5750 
3 3679 4228 4214 
3 5632 5749 5879 
3 5627 5628 5750 
3 5628 5752 5750 
3 5750 5752 5751 
3 4919 4921 5551 
3 6948 4584 5872 
3 5881 5628 5630 
3 5754 5632 5880 
3 4364 2782 4873 
3 5752 5881 6020 
3 2873 1021 4052 
3 3716 3798 3885 
3 5755 5881 5633 
3 5068 4995 5281 
3 4295 3277 4030 
3 6024 5324 5514 
3 5324 5018 5514 
3 5051 6793 6285 
3 7092 6232 6950 
3 7091 580 601 
3 5314 5233 5012 
3 2743 372 2735 
3 6398 6154 5886 
3 7277 5043 7303 
3 6034 5522 5404 
3 6399 6398 5886 
3 5886 5887 6399 
3 3223 1975 3229 
3 3848 6002 3352 
3 5529 6161 6627 
3 6291 5527 5249 
3 6114 4229 5490 
3 5249 5772 6405 
3 2542 2556 3646 
3 5178 6159 6292 
3 5528 5895 6624 
3 5152 5004 4848 
3 5331 5528 5176 
3 3476 5694 3213 
3 5652 5328 5775 
3 5773 5649 5771 
3 5652 5895 5331 
3 5529 5653 5896 
3 626 6428 2976 
3 7692 6113 6110 
3 1598 1597 5812 
3 5761 6027 5639 
3 5778 6168 5897 
3 5534 5898 5780 
3 6158 5892 5771 
3 3437 3529 3877 
3 2334 5055 424 
3 6563 7137 4463 
3 3376 3389 3386 
3 5899 5334 6409 
3 6108 6102 4807 
3 6659 7332 6419 
3 5441 6102 6108 
3 1647 2296 2292 
3 5537 5781 6172 
3 2727 7717 3863 
3 4998 1831 3962 
3 6197 3892 6219 
3 5781 5785 5784 
3 5663 5786 5785 
3 2577 7787 1510 
3 4807 6102 5417 
3 5782 5783 5420 
3 5540 5672 5663 
3 5347 5434 4984 
3 5426 5784 5785 
3 5663 5672 5786 
3 5540 5791 5672 
3 5531 1300 3943 
3 5344 6174 5904 
3 6172 5781 6042 
3 3525 4668 6503 
3 6305 5543 5668 
3 5424 5789 5671 
3 5426 5786 5672 
3 4279 7984 5127 
3 5531 3956 1300 
3 5344 5904 5427 
3 5676 7269 5026 
3 6176 6046 6970 
3 5600 6682 6686 
3 4265 2162 6364 
3 5417 6102 5418 
3 5358 5440 5799 
3 6245 6198 7137 
3 5672 5791 5551 
3 6046 5269 5669 
3 4736 1915 6044 
3 5421 5793 5905 
3 4699 1012 4691 
3 5257 5535 5660 
3 4354 4350 3343 
3 6719 125 830 
3 5239 5163 5627 
3 5909 5056 6307 
3 5437 5432 5135 
3 5178 5254 5529 
3 2624 2949 2562 
3 2611 5662 4383 
3 2711 2697 3884 
3 3933 3443 2886 
3 5912 5560 5913 
3 704 1810 5275 
3 7614 6433 3919 
3 5442 5800 5913 
3 480 441 329 
3 1754 2284 6045 
3 5913 5800 6055 
3 5801 6055 5800 
3 3821 4824 3303 
3 5721 5497 5492 
3 5915 6188 5678 
3 5679 6057 6058 
3 5916 6524 5362 
3 6419 5449 6524 
3 3389 1219 6868 
3 5678 5916 5362 
3 141 143 2918 
3 6038 6402 5332 
3 2878 5926 5272 
3 5684 5806 6319 
3 6421 5682 6063 
3 6191 5806 5686 
3 5301 5809 5808 
3 5221 5369 5810 
3 5687 6068 6194 
3 5301 5808 5572 
3 6052 5909 6516 
3 7513 7061 6947 
3 5687 6199 5811 
3 5927 5369 5224 
3 565 7589 3315 
3 7673 4185 3613 
3 6222 6703 6207 
3 4412 2862 3410 
3 5031 5773 5119 
3 5814 5938 6430 
3 5395 4752 6594 
3 5575 6434 5815 
3 5575 5813 6434 
3 6191 5686 6528 
3 1122 5911 1639 
3 5661 5539 5416 
3 962 4943 3779 
3 5821 5943 5580 
3 5943 5814 5580 
3 4161 4671 5213 
3 3116 3133 3673 
3 7390 6843 5767 
3 5960 5824 6560 
3 4983 7754 4981 
3 6928 6412 4693 
3 5476 5713 6244 
3 1615 3459 284 
3 5824 5960 5703 
3 5958 5706 5969 
3 5491 5493 5987 
3 6184 6185 6053 
3 6098 6568 5829 
3 5818 5691 5458 
3 1460 1512 7511 
3 5461 5706 5958 
3 5829 5972 5705 
3 5463 5706 5461 
3 5705 5708 5830 
3 5972 5839 5835 
3 3374 7325 1038 
3 5703 5833 5825 
3 5706 5837 5969 
3 2709 4261 5900 
3 5706 5463 5468 
3 3661 2897 4821 
3 862 6591 1453 
3 5471 5603 5843 
3 5633 5321 5324 
3 6237 5709 5839 
3 6234 5838 5975 
3 5709 5835 5839 
3 5793 5048 4908 
3 6217 6554 6215 
3 3774 6157 6711 
3 4596 5241 6605 
3 3530 7491 193 
3 7097 5372 5364 
3 6241 5606 5977 
3 6244 5845 6109 
3 6107 5845 5599 
3 7378 7261 7022 
3 5713 5845 6244 
3 5986 5608 5848 
3 7627 3574 3582 
3 5982 5987 6116 
3 6117 6112 5855 
3 5717 5608 5986 
3 5010 5573 5087 
3 5987 5719 6116 
3 6975 6938 7497 
3 5855 5724 6117 
3 5722 5994 5719 
3 5992 5723 5721 
3 6120 5724 5864 
3 119 121 73 
3 5723 5992 5725 
3 5725 6262 5617 
3 4069 4202 3849 
3 6127 5862 6131 
3 5004 5152 5567 
3 250 5716 4740 
3 7632 7289 5279 
3 6131 5862 5734 
3 7719 7722 84 
3 5732 5999 5734 
3 5734 6000 6131 
3 6461 6705 6462 
3 6600 5733 6264 
3 4113 7070 4121 
3 5852 1599 6891 
3 5022 7566 5478 
3 1912 1911 5645 
3 6602 6143 7080 
3 5739 6132 6482 
3 5737 6137 5735 
3 6361 6134 5998 
3 7303 5715 5092 
3 5737 6138 6137 
3 5313 5747 6009 
3 4037 4046 519 
3 5316 5746 5625 
3 5562 3696 2479 
3 6015 6145 5750 
3 5746 5878 5625 
3 5878 5879 5625 
3 5625 5879 5749 
3 5391 5742 6007 
3 6388 5752 6020 
3 6019 5879 5878 
3 6019 5880 5879 
3 6281 5880 6019 
3 7315 5092 4471 
3 6352 6244 6820 
3 5856 5851 1588 
3 3563 2354 7811 
3 5754 6281 5756 
3 2389 2202 2268 
3 5880 6281 5754 
3 5756 5513 5754 
3 6581 6251 6474 
3 6734 5759 6026 
3 5502 5542 6128 
3 1591 5857 455 
3 3280 2034 5030 
3 5873 3418 7422 
3 5641 5884 5401 
3 7177 6951 6720 
3 7051 5984 7066 
3 6396 5403 5402 
3 5888 5766 6618 
3 564 441 480 
3 5842 6921 3425 
3 6721 7277 7820 
3 6740 5525 5524 
3 6402 5406 5332 
3 5328 5525 5775 
3 1468 2627 4858 
3 4355 2761 5387 
3 5652 5775 5895 
3 7807 7912 4572 
3 5609 2419 5595 
3 3078 5549 5550 
3 4724 4808 4640 
3 2086 694 715 
3 7046 7553 6982 
3 7288 5760 7984 
3 5898 6169 5780 
3 5761 6613 6027 
3 3525 6503 5306 
3 5780 5901 5535 
3 6110 6105 7692 
3 5784 6410 6042 
3 4652 4650 3865 
3 5782 5660 5901 
3 4967 1810 5526 
3 2593 175 7698 
3 5965 6500 4653 
3 5901 5783 5782 
3 1954 869 7382 
3 6176 6175 5902 
3 5786 5426 5785 
3 5902 6410 5790 
3 5790 5789 5902 
3 5783 5344 5422 
3 6046 5669 6177 
3 2670 4250 5894 
3 5546 6640 5268 
3 3616 22 7818 
3 5904 6304 5792 
3 5904 5792 5552 
3 6647 5433 5553 
3 5425 5905 5793 
3 5391 5229 5231 
3 162 7831 2594 
3 6647 5907 5433 
3 6104 4943 3040 
3 6869 6307 5554 
3 6049 5673 5907 
3 5910 5797 5912 
3 5437 5205 5910 
3 3670 4671 3673 
3 5799 5798 6310 
3 5914 5445 5561 
3 5914 6312 5445 
3 6055 5801 6058 
3 7390 4499 3925 
3 3222 3448 3159 
3 7034 6343 6809 
3 5565 5291 5680 
3 3286 4290 1669 
3 4250 3255 5323 
3 5917 5293 6525 
3 6775 6420 5917 
3 6095 3434 4424 
3 7389 1219 3389 
3 5922 5923 5569 
3 5569 5923 5300 
3 4920 1673 4348 
3 2670 3210 1604 
3 6092 4767 6093 
3 6529 5809 6195 
3 5925 5454 6320 
3 3141 4161 4164 
3 5930 5156 5933 
3 5928 6322 7344 
3 6076 5456 6072 
3 6417 6416 6182 
3 7344 6201 5928 
3 4767 2718 4167 
3 5455 5572 6321 
3 6338 5964 6699 
3 6430 5939 6324 
3 6560 5824 6220 
3 6434 5813 6326 
3 6272 6277 7775 
3 5693 5817 6432 
3 5942 5374 6542 
3 5938 5814 5943 
3 6160 6406 6407 
3 4671 3141 3673 
3 2122 5110 4485 
3 5943 6210 6083 
3 4412 3410 6589 
3 6206 5695 5087 
3 6084 5819 5941 
3 3620 4756 5395 
3 6082 5820 5942 
3 7480 6982 217 
3 5821 5820 6082 
3 5947 5949 5945 
3 5945 5949 5946 
3 5949 6089 5946 
3 6957 6841 1906 
3 6089 5949 5948 
3 6542 6545 5942 
3 2853 5259 5261 
3 5258 6463 6452 
3 6094 5947 6224 
3 5949 5959 5948 
3 6094 6224 6096 
3 6311 6310 6653 
3 5743 4108 4622 
3 5958 5959 5951 
3 7086 2160 7083 
3 6338 5697 5964 
3 5824 6448 6091 
3 4021 4092 3795 
3 6094 5961 5958 
3 5958 5962 5959 
3 3853 4868 5389 
3 4615 4618 6306 
3 5960 6098 5968 
3 6079 6076 6208 
3 6998 7970 4917 
3 6099 6100 5829 
3 5617 6262 6264 
3 5972 5829 6100 
3 5705 5972 5588 
3 5859 6126 5995 
3 5676 4418 7269 
3 3550 2323 4741 
3 3262 3764 3266 
3 5972 6100 5839 
3 5703 5968 5833 
3 5833 5968 5830 
3 5830 5840 5833 
3 5839 6100 6233 
3 5769 3112 4649 
3 896 4514 645 
3 5837 5838 6704 
3 5976 5978 5840 
3 6605 5241 4606 
3 5712 5709 6237 
3 5975 5711 5979 
3 5606 6237 5977 
3 6239 6107 5465 
3 5711 5605 5979 
3 1162 1321 1229 
3 5978 6348 6934 
3 5602 5605 5711 
3 5979 5605 5847 
3 5848 5606 6241 
3 5978 5844 6350 
3 4737 5315 3766 
3 5847 5714 6112 
3 6112 6248 6465 
3 5714 5855 6112 
3 7480 7497 6938 
3 7958 1052 7936 
3 5848 5849 5986 
3 5849 6247 5986 
3 5869 5735 5997 
3 6119 5991 6247 
3 6301 1498 5090 
3 6247 5991 5986 
3 6121 5721 5854 
3 7081 7536 7312 
3 6252 6121 6115 
3 5991 6119 6122 
3 5992 5721 6257 
3 5717 5991 5859 
3 5722 5862 5994 
3 3469 298 2835 
3 6854 853 2094 
3 2633 1495 3783 
3 6127 5994 5862 
3 6538 5349 3574 
3 5617 6264 5867 
3 6491 7480 6938 
3 6255 5864 5996 
3 3063 6998 7566 
3 6891 3753 5852 
3 5999 6000 5734 
3 5155 5007 5298 
3 589 586 1694 
3 5999 6006 6000 
3 2414 2104 1811 
3 4106 7076 5348 
3 6271 6006 5999 
3 5759 5637 6026 
3 6137 6133 5735 
3 4784 3692 1394 
3 3195 3338 3196 
3 6006 6131 6000 
3 5733 6138 5737 
3 6269 6772 5046 
3 6498 6727 6726 
3 6425 2329 3971 
3 5285 5280 5288 
3 5742 6372 6007 
3 5391 6007 5741 
3 6372 5742 6009 
3 5744 6008 6014 
3 5094 5096 5233 
3 5747 6144 6009 
3 5744 6014 5746 
3 1887 2524 6256 
3 6145 6015 6011 
3 6278 6011 6016 
3 5747 6145 6144 
3 6011 6015 6016 
3 6017 5746 6014 
3 4108 4101 2519 
3 5751 5876 5750 
3 5878 5746 6017 
3 6015 5876 6016 
3 2091 5692 1093 
3 5876 6147 6016 
3 5750 5876 6015 
3 4305 5345 1122 
3 6388 5751 5752 
3 6921 5842 7990 
3 5518 4275 4897 
3 5882 5875 7422 
3 6147 6386 6610 
3 4868 3853 4359 
3 3658 2508 1388 
3 5330 6514 7597 
3 6024 5755 5324 
3 2054 4143 2571 
3 6024 5514 6027 
3 3969 5834 5171 
3 4418 4438 7269 
3 6396 5402 5884 
3 254 2397 4441 
3 7143 7946 6923 
3 5403 6396 5764 
3 5989 1214 4086 
3 5969 5837 6701 
3 6034 5888 6962 
3 4676 4091 7582 
3 5490 7164 7697 
3 5649 5527 6508 
3 5527 6291 6508 
3 5249 6405 6291 
3 3598 4590 3049 
3 3417 924 3414 
3 3714 4298 5242 
3 5771 6290 6158 
3 7810 7215 5812 
3 3993 2952 2933 
3 28 1384 2498 
3 2311 5330 1081 
3 6163 6160 6407 
3 6161 5529 5896 
3 30 2408 7806 
3 6163 6296 5776 
3 5897 6168 6298 
3 4353 1649 3779 
3 6357 6355 6947 
3 6169 5901 5780 
3 3942 5467 2750 
3 5892 5773 5771 
3 2395 4993 5595 
3 2741 3315 5387 
3 3704 1562 2084 
3 5587 1296 7129 
3 5783 5901 6303 
3 6851 6619 6739 
3 5789 6176 5902 
3 6305 6177 5543 
3 5668 6640 6305 
3 5841 6897 3840 
3 3474 3128 3173 
3 4700 2604 4702 
3 6893 5841 3840 
3 6251 6120 6477 
3 5554 5673 6049 
3 5432 5437 6757 
3 5575 5815 5932 
3 3953 6106 4990 
3 5054 4504 4005 
3 7040 7154 7727 
3 5912 6182 5910 
3 3810 4312 3306 
3 5961 6096 5585 
3 6310 5798 6052 
3 5912 6183 6182 
3 5036 4745 7947 
3 6151 1560 7711 
3 6893 4637 5212 
3 3643 3558 3829 
3 4650 6370 2417 
3 5417 5418 4785 
3 5913 6055 6186 
3 6053 6185 5914 
3 5914 5443 6053 
3 3579 6779 6268 
3 5675 257 1398 
3 3688 4220 4149 
3 6056 2994 6582 
3 6207 4383 5662 
3 6058 5801 5679 
3 5121 5767 6836 
3 7087 2593 7832 
3 6420 6991 5807 
3 6773 5804 6774 
3 5953 2732 1147 
3 6820 6109 6346 
3 7821 4727 3616 
3 6316 5682 6777 
3 5021 2601 762 
3 4981 6710 4387 
3 5300 5923 5685 
3 5808 5809 6529 
3 4964 4981 3775 
3 6536 6072 6426 
3 5588 5707 5591 
3 2459 7916 3592 
3 5148 3212 5127 
3 5573 5928 6201 
3 5675 2461 848 
3 7035 7782 3310 
3 5372 6577 4732 
3 5207 5056 5909 
3 5930 5933 6203 
3 2594 1189 7083 
3 5133 2728 5763 
3 6552 7970 126 
3 7039 6272 1467 
3 6325 5691 6080 
3 5017 5100 4864 
3 2335 6354 4070 
3 6083 5939 5938 
3 7335 5169 4633 
3 6054 3410 66 
3 3133 3670 3673 
3 6082 6545 6548 
3 5945 5946 6331 
3 5989 5984 7051 
3 6091 7139 6220 
3 896 3389 4514 
3 6216 6221 6086 
3 2479 563 2499 
3 243 7553 5286 
3 6224 5947 6221 
3 5948 5959 6223 
3 1287 3585 1302 
3 2998 2443 5656 
3 5199 3133 2571 
3 6448 5697 6338 
3 2924 3070 3127 
3 6314 5113 5121 
3 6340 6098 5960 
3 6568 6098 6340 
3 5631 4515 4518 
3 6905 6210 6549 
3 7319 7589 60 
3 6103 5380 5971 
3 5708 5840 5830 
3 7480 1184 7497 
3 4390 3060 7057 
3 7223 5052 3530 
3 5840 5978 6238 
3 5491 5603 5484 
3 3015 2970 2704 
3 6239 6345 6107 
3 843 2207 4020 
3 7080 6143 6623 
3 6107 6346 6109 
3 5978 5843 5844 
3 6241 5849 5848 
3 5169 7335 7881 
3 5850 6244 5854 
3 5849 6241 6242 
3 5844 5607 5982 
3 111 1427 2529 
3 5849 6578 6247 
3 6248 6112 6117 
3 6349 5847 6112 
3 4682 2416 7824 
3 6029 7628 2323 
3 5854 6115 6121 
3 1950 1965 5383 
3 5314 5747 5313 
3 4040 4496 2263 
3 2969 2953 7440 
3 3615 839 2097 
3 6257 6121 6252 
3 5630 5321 5633 
3 5168 525 1756 
3 5859 6122 6126 
3 7881 7874 5169 
3 6260 6124 5994 
3 6255 5996 6258 
3 5970 4655 7029 
3 754 3985 2948 
3 7735 4318 4332 
3 3581 7914 7811 
3 7149 7723 6810 
3 5996 6366 6258 
3 6481 6361 5998 
3 4129 3646 2556 
3 5759 6614 6030 
3 6538 3574 7085 
3 5996 5997 6366 
3 4683 5137 5059 
3 4785 5418 4187 
3 6008 5744 6273 
3 5879 5880 5632 
3 6772 5731 3883 
3 6929 6411 2797 
3 3883 2653 6772 
3 6365 6267 6271 
3 3501 1868 5594 
3 6361 6492 6134 
3 6271 5999 5995 
3 6138 5733 6600 
3 6608 4278 313 
3 296 4083 1978 
3 6492 6273 6134 
3 6271 6275 6006 
3 6006 6376 6131 
3 251 5842 3425 
3 2484 2485 5698 
3 6007 6372 6493 
3 7512 7509 2939 
3 5507 6134 6273 
3 4391 1760 1233 
3 5035 6269 5046 
3 6005 5741 6007 
3 5161 2527 1469 
3 2130 6031 2112 
3 6363 6011 6142 
3 6145 6011 6363 
3 4961 5604 4956 
3 6011 6278 6142 
3 6378 6014 6008 
3 5534 5185 5413 
3 2987 1787 6192 
3 6014 6378 6017 
3 2652 3213 4737 
3 7694 1444 4825 
3 6387 5878 6017 
3 5876 6386 6147 
3 1388 2508 1384 
3 6281 6019 6387 
3 4618 3622 2516 
3 1787 1185 1161 
3 6732 6020 5755 
3 5881 5755 6020 
3 6910 6796 6675 
3 7663 7841 6812 
3 2496 7072 6538 
3 4449 5051 6285 
3 4929 4897 4906 
3 967 5618 7043 
3 5278 5063 4542 
3 5884 5402 5401 
3 5785 5539 5663 
3 3266 4805 1643 
3 4406 5677 6261 
3 5270 6456 5908 
3 7040 6933 6707 
3 6400 5647 6739 
3 6402 6288 5406 
3 5771 5649 6290 
3 6196 5015 5609 
3 6229 6269 5035 
3 7369 7594 7698 
3 6038 5530 6158 
3 5893 6294 5774 
3 5772 5651 6292 
3 6159 5529 6627 
3 5895 5775 6625 
3 6296 5411 5776 
3 6966 6161 6298 
3 6297 5255 5411 
3 5668 5268 6640 
3 5778 5899 6168 
3 6299 5898 6512 
3 5114 6288 4794 
3 3626 4785 4756 
3 6297 5412 5255 
3 6169 6299 6171 
3 6303 6169 6171 
3 5442 5913 5560 
3 4953 4959 3861 
3 5784 6042 5781 
3 6410 6302 6042 
3 7885 930 3217 
3 5546 5421 6644 
3 2312 3461 4450 
3 1598 672 2673 
3 7046 6552 126 
3 6861 4461 4474 
3 4765 4756 4785 
3 6175 6410 5902 
3 5021 762 5676 
3 6647 5553 6180 
3 4741 2323 1114 
3 6254 6479 6824 
3 6049 5907 6647 
3 5658 6229 3803 
3 4998 6125 3461 
3 4422 2306 3422 
3 5910 6517 5437 
3 5910 6182 6309 
3 4543 1926 2445 
3 6223 6339 6336 
3 6370 6877 2417 
3 5913 6519 5912 
3 5666 5235 5349 
3 1946 5681 271 
3 6520 5915 6312 
3 6124 5719 5994 
3 353 3329 3406 
3 4707 5007 5155 
3 6189 6058 6657 
3 6257 5721 6121 
3 6188 6523 5678 
3 4727 7821 1359 
3 4824 5357 3303 
3 7231 7681 6487 
3 120 127 1482 
3 6774 5565 6316 
3 5929 7030 1336 
3 5565 5680 6316 
3 2312 3424 2868 
3 5490 2440 4850 
3 31 83 75 
3 7499 3592 7813 
3 6191 6319 5806 
3 5685 5923 6193 
3 5922 5807 6883 
3 3722 6382 4208 
3 2187 3794 2713 
3 6193 5686 5685 
3 6991 6420 6775 
3 5221 5810 6426 
3 6525 5449 6419 
3 6080 6328 6325 
3 4040 2263 5271 
3 2670 5894 3210 
3 6321 6200 5690 
3 5573 6201 6205 
3 2670 496 513 
3 5472 5502 4847 
3 3412 1272 1781 
3 4637 2335 4070 
3 5690 6326 5813 
3 5962 5969 6701 
3 6203 5933 6325 
3 4522 6272 7039 
3 7368 7123 7363 
3 4383 6167 4365 
3 5889 3764 3227 
3 4435 4293 4369 
3 5821 5580 5820 
3 6548 5821 6082 
3 251 924 3417 
3 6082 5942 6545 
3 6217 5945 6213 
3 6213 5945 6331 
3 6084 5818 5819 
3 6202 5015 6196 
3 6054 66 1770 
3 5953 3606 6976 
3 6091 6220 5824 
3 4988 2009 6178 
3 7582 4091 4085 
3 2359 1697 994 
3 5948 6336 6335 
3 5482 5502 5472 
3 5949 5947 6094 
3 1641 2886 3960 
3 2137 7636 4814 
3 5959 5962 6223 
3 6339 6223 5962 
3 5606 5848 5608 
3 5279 4120 7632 
3 6458 5967 5700 
3 5495 5482 5460 
3 6699 5964 6341 
3 5971 6458 6343 
3 6341 5964 6570 
3 5113 6308 3905 
3 3657 3687 5308 
3 6878 6768 6189 
3 2482 2712 2532 
3 6224 6449 6225 
3 6568 6099 5829 
3 6103 5971 6343 
3 6001 4330 5990 
3 1911 2976 2428 
3 2276 2272 654 
3 7109 6532 6429 
3 6461 6239 6103 
3 6589 1567 4423 
3 5719 5987 5722 
3 6237 6236 5977 
3 6344 5977 6236 
3 3372 3378 4378 
3 176 971 2218 
3 6246 6350 5844 
3 5977 6344 6241 
3 2969 4500 2953 
3 6241 6464 6242 
3 6109 5845 6107 
3 5847 6349 6347 
3 6588 6585 6250 
3 7747 5093 6249 
3 5691 5818 6080 
3 6471 6465 6248 
3 5862 5722 5615 
3 4332 628 5600 
3 2338 434 2982 
3 6477 6120 6255 
3 2266 3878 3284 
3 6588 6356 6585 
3 6701 6704 6810 
3 5992 6257 5725 
3 7724 6661 4941 
3 6357 5725 6257 
3 5581 4933 6660 
3 6254 6259 6122 
3 5864 6255 6120 
3 6262 5725 6357 
3 6259 6126 6122 
3 7148 7855 7036 
3 6260 6127 6360 
3 3853 1212 4359 
3 6258 6366 6358 
3 3745 5047 3210 
3 1539 253 3820 
3 2403 3518 3528 
3 6943 6412 6414 
3 5863 5996 5864 
3 2286 3409 3361 
3 6361 6481 7401 
3 2248 614 3352 
3 7874 7881 7869 
3 4329 2782 4364 
3 1609 5159 892 
3 7738 5011 3501 
3 3831 3258 4406 
3 6137 6138 6377 
3 3267 3264 2626 
3 6493 6005 6007 
3 4135 5364 2334 
3 6228 6211 1083 
3 5997 6133 6270 
3 836 734 647 
3 6139 6133 6137 
3 1189 3835 2742 
3 2764 2759 3844 
3 6006 6275 6376 
3 6137 6377 6496 
3 4887 4929 4934 
3 6144 6372 6009 
3 2750 1564 3942 
3 5423 5447 4212 
3 6145 6276 6144 
3 6275 6271 6267 
3 5660 5535 5901 
3 6142 6278 6498 
3 6385 6380 6384 
3 6017 6378 6380 
3 6385 6017 6380 
3 6008 6603 6375 
3 3714 1125 7906 
3 6278 6016 6147 
3 3823 2742 3835 
3 6611 6017 6385 
3 5542 4929 6128 
3 6128 4929 4887 
3 6017 6611 6387 
3 1708 5984 1702 
3 6336 5948 6223 
3 6501 6281 6387 
3 5518 4897 5542 
3 6590 2528 6061 
3 6024 6027 6733 
3 4312 3810 5955 
3 2635 3197 4533 
3 6733 6027 6613 
3 6618 5766 6397 
3 6081 3783 2621 
3 5539 5785 5781 
3 4979 3449 3457 
3 5647 6288 6620 
3 3722 4382 3714 
3 6620 6288 6402 
3 5649 6508 6290 
3 6158 6744 6404 
3 6290 6744 6158 
3 4083 3602 1978 
3 6128 4887 4852 
3 5774 6294 6160 
3 5832 6920 1612 
3 6407 6296 6163 
3 6053 5358 5799 
3 5896 6298 6161 
3 6297 5411 6296 
3 7568 7569 6884 
3 3881 6023 6162 
3 6938 6975 6010 
3 7648 6162 6023 
3 5901 6169 6303 
3 7098 7604 3304 
3 6303 6174 5783 
3 2232 5702 7561 
3 6175 6176 6970 
3 7257 5953 1147 
3 5792 6304 6636 
3 7148 7500 7855 
3 1296 5587 7098 
3 5792 6180 5553 
3 3046 5511 1829 
3 2732 5953 6976 
3 1085 1395 484 
3 6307 6869 6516 
3 5909 6307 6516 
3 5697 5825 5964 
3 2667 1560 6151 
3 6741 4657 7827 
3 6182 6183 6417 
3 2568 696 2565 
3 6763 6417 6183 
3 6184 6311 6185 
3 5912 6519 6183 
3 6418 6185 6762 
3 5915 5445 6312 
3 4847 6128 4852 
3 4882 5431 4324 
3 4370 5658 3803 
3 6189 6055 6058 
3 6522 6057 5803 
3 3665 3135 4159 
3 5298 5220 5686 
3 6863 6755 6754 
3 6421 6063 5684 
3 7065 6722 7408 
3 7842 2697 7711 
3 3255 4250 3769 
3 6883 5923 5922 
3 6194 6068 6663 
3 6321 5808 6778 
3 1437 486 2086 
3 5369 6887 5810 
3 5369 5927 6887 
3 1156 1192 3309 
3 2394 5187 182 
3 6424 5925 6320 
3 848 257 5675 
3 6282 7911 4379 
3 5572 5808 6321 
3 6195 6429 6532 
3 5047 6908 1604 
3 6993 6201 7344 
3 5931 6199 6203 
3 66 3410 2862 
3 6073 6784 6996 
3 6888 6073 6996 
3 6203 6427 5930 
3 6203 6199 6427 
3 5258 6452 6967 
3 3578 5288 4709 
3 5932 5815 6540 
3 6086 6217 6216 
3 6326 6200 6327 
3 6086 5947 5945 
3 6540 5815 6898 
3 4942 2399 2392 
3 6978 7550 7090 
3 4410 6061 4402 
3 5502 5482 5495 
3 6652 6650 6309 
3 6326 7002 6434 
3 4029 6839 5259 
3 6545 6328 6672 
3 6543 5817 5695 
3 6543 6432 5817 
3 6628 7309 7310 
3 6208 5941 6079 
3 3112 2556 1514 
3 4109 4628 4622 
3 7233 7111 6892 
3 6213 6554 6217 
3 6440 6331 6218 
3 6218 6335 6444 
3 6444 6335 6333 
3 3653 5462 4847 
3 6336 6561 6333 
3 3397 4403 4392 
3 5495 5504 5502 
3 6089 6335 6218 
3 6335 6336 6333 
3 5861 5935 3734 
3 605 7641 5563 
3 5960 6560 6446 
3 1740 5345 6451 
3 5097 5082 1675 
3 1099 5666 6537 
3 6224 6221 6449 
3 6447 6448 6337 
3 5976 5843 5978 
3 5951 6094 5958 
3 6224 6225 6096 
3 5395 6062 3620 
3 6157 4978 6689 
3 6096 6226 5700 
3 5947 6086 6221 
3 7838 7485 7710 
3 6467 5990 5352 
3 7577 7604 7689 
3 1099 6537 4107 
3 3227 1599 5852 
3 6458 5700 6226 
3 4993 2395 1014 
3 7057 7566 6564 
3 4735 5908 4194 
3 6871 7216 6645 
3 6525 6419 7099 
3 4390 7057 6564 
3 4229 1206 2440 
3 6239 6462 6345 
3 6574 6934 6348 
3 6238 5833 5840 
3 3878 6539 642 
3 6078 7046 6530 
3 6241 6344 6464 
3 6771 1027 435 
3 6349 6112 6465 
3 5110 4475 6813 
3 5447 5482 5462 
3 4245 2655 1492 
3 6675 6678 6910 
3 5482 5447 5441 
3 6352 6115 5854 
3 6244 6352 5854 
3 6060 3661 4821 
3 5228 5873 4898 
3 7806 7573 3512 
3 6834 4610 4030 
3 6562 4113 2951 
3 6250 5982 6116 
3 5748 5314 5319 
3 5857 5853 455 
3 3538 4138 3570 
3 7566 6998 6564 
3 6250 6116 6588 
3 7786 2171 3346 
3 6477 6255 6478 
3 6258 6484 6478 
3 4209 4822 5460 
3 5339 5342 4174 
3 6258 6358 6484 
3 6126 6259 6359 
3 5998 6482 6481 
3 1861 7608 5718 
3 7932 5245 6899 
3 6826 6363 6359 
3 7182 5918 7305 
3 4101 1307 2519 
3 1868 2953 5594 
3 6471 6581 6576 
3 4807 4209 5460 
3 6365 6359 6367 
3 6359 6363 6367 
3 6131 6368 6266 
3 6366 6369 6358 
3 2646 3280 2653 
3 6365 6367 6267 
3 5441 5447 5446 
3 6366 6270 6369 
3 6270 6366 5997 
3 6137 6496 6139 
3 6270 6374 6369 
3 6367 6142 6267 
3 2666 1990 535 
3 6377 6138 6373 
3 2477 2071 1264 
3 6609 6139 6496 
3 6139 6270 6133 
3 4208 3197 2635 
3 5446 5418 6102 
3 1257 1713 1862 
3 3223 1421 1975 
3 6376 6275 6497 
3 6102 5441 5446 
3 6374 6495 6369 
3 6142 6498 6267 
3 6498 6497 6267 
3 7971 4920 6527 
3 6276 6372 6144 
3 7541 2997 1844 
3 6374 6270 6381 
3 6375 6378 6008 
3 6293 7841 7282 
3 6380 6378 6375 
3 4676 6514 2915 
3 6374 6384 6495 
3 6384 6380 6495 
3 748 2920 2933 
3 6374 6381 6384 
3 2611 3219 1997 
3 5418 5446 5423 
3 6267 6497 6275 
3 6008 6492 6603 
3 6381 6842 6384 
3 6498 6278 6499 
3 2345 1257 1876 
3 6530 7046 6982 
3 6842 6611 6384 
3 6753 4411 6261 
3 926 3583 7134 
3 5280 5296 5266 
3 5542 4897 4929 
3 6604 7177 6720 
3 6386 6844 6610 
3 2759 2764 1696 
3 5242 4298 3704 
3 5751 6388 6386 
3 6037 7126 2598 
3 458 1242 4039 
3 6501 6848 6281 
3 7497 7967 6975 
3 4353 6998 4917 
3 7102 6193 5923 
3 6530 6982 7480 
3 7187 5759 6734 
3 6405 6509 6291 
3 6616 6397 6396 
3 6987 7182 1126 
3 6615 6616 5884 
3 6619 6399 5890 
3 2732 2729 3306 
3 6619 6617 6399 
3 3579 6268 5359 
3 6172 6302 6409 
3 6619 5890 6400 
3 6570 7037 7036 
3 6287 6036 6034 
3 6740 6743 5525 
3 5859 5991 6122 
3 5775 6743 6625 
3 2131 7784 948 
3 6158 6404 6038 
3 5772 6510 6405 
3 6530 7480 5431 
3 5895 6625 6624 
3 6617 6961 6398 
3 4785 4187 4765 
3 6627 6161 6628 
3 6296 6407 6630 
3 3601 6051 4736 
3 6619 6851 6737 
3 6273 6492 6008 
3 6430 6324 6533 
3 5654 3080 529 
3 6513 6168 5899 
3 5899 6409 6513 
3 6171 6299 6633 
3 6754 6171 6633 
3 6410 6175 6635 
3 6174 6303 6755 
3 3412 1781 4930 
3 6971 6175 6970 
3 7088 6046 6177 
3 807 4515 5631 
3 3683 1002 4171 
3 5937 1026 4053 
3 6180 6636 6413 
3 3334 3829 3558 
3 6645 6644 5421 
3 5049 4411 6753 
3 5430 4378 1754 
3 7662 7431 7893 
3 6648 5554 6049 
3 6866 6049 6647 
3 6251 6117 6120 
3 5395 4765 4752 
3 6052 6978 6651 
3 5395 4756 4765 
3 7321 6812 5758 
3 3810 1643 4805 
3 6311 6762 6185 
3 996 3116 3673 
3 1191 5511 3046 
3 6519 6763 6183 
3 6418 6312 6185 
3 7874 7321 5169 
3 5914 6185 6312 
3 5281 5801 5800 
3 5502 6128 4847 
3 6186 6055 6189 
3 6188 5915 6520 
3 6657 6057 6522 
3 6057 6657 6058 
3 5431 7480 6491 
3 7095 5803 6881 
3 1218 4931 8 
3 3548 1912 7808 
3 4050 1280 2623 
3 7978 7977 4222 
3 6319 6421 5684 
3 5504 4246 5518 
3 6528 6884 6191 
3 2187 2724 5346 
3 6528 5686 6193 
3 6623 6143 6141 
3 6068 5925 6663 
3 7342 6778 5808 
3 6529 6195 6532 
3 3281 2713 3794 
3 6062 7665 2037 
3 5888 5521 5766 
3 6195 5932 6429 
3 4628 3098 3646 
3 698 699 671 
3 6534 6200 6321 
3 6658 6879 6880 
3 6533 6424 6320 
3 5504 4243 4246 
3 3266 1643 3262 
3 1997 7075 2024 
3 6208 6084 5941 
3 191 204 149 
3 6781 6667 6200 
3 6062 3601 3620 
3 6782 6205 6201 
3 6996 6997 6888 
3 5490 4850 7164 
3 7288 4595 5760 
3 6206 6205 6782 
3 6072 6536 6076 
3 6200 6534 6781 
3 1002 1008 4171 
3 6533 6320 6430 
3 5690 6200 6326 
3 6325 6328 6542 
3 4902 2272 2276 
3 878 110 2212 
3 6679 6678 6675 
3 6546 5695 6206 
3 471 268 1251 
3 5939 6083 6673 
3 7992 7232 7685 
3 6789 6548 6545 
3 2682 236 7708 
3 6878 6984 6768 
3 6210 6673 6083 
3 2261 5159 1609 
3 6905 6673 6210 
3 6210 6548 6549 
3 5821 6548 6210 
3 3859 3857 3515 
3 6442 4606 4609 
3 6213 6440 6555 
3 4752 4169 2999 
3 6436 6440 6444 
3 6437 6436 6439 
3 6215 6554 6799 
3 5241 2835 4606 
3 912 1019 7777 
3 6218 6444 6440 
3 5127 5760 5148 
3 6976 6983 2729 
3 6213 6331 6440 
3 6439 6436 6444 
3 6663 7103 6885 
3 7961 2675 2685 
3 2208 1165 7554 
3 5740 4482 6308 
3 6673 7116 5939 
3 6333 6439 6444 
3 6333 6334 6439 
3 3020 7663 6830 
3 6926 6693 6339 
3 6334 6559 6443 
3 6216 6215 6558 
3 6445 6448 6447 
3 6221 6804 6449 
3 3227 3764 1079 
3 6334 6333 6561 
3 6694 6446 6690 
3 2416 2409 3557 
3 6339 6693 6336 
3 6448 6338 6337 
3 5881 5752 5628 
3 5960 6446 6340 
3 6568 6340 6694 
3 5962 6927 6339 
3 2397 1719 1723 
3 4563 7577 4367 
3 182 4003 3511 
3 6568 6930 6099 
3 3060 4441 6141 
3 6251 6248 6117 
3 6297 6630 6631 
3 3090 4109 3081 
3 6570 5825 6238 
3 6461 6103 6343 
3 5482 5472 5462 
3 5847 5605 5714 
3 6432 6543 7237 
3 1849 4522 1833 
3 5979 6933 5975 
3 3081 2011 3090 
3 6246 5844 5982 
3 2091 6899 5822 
3 3296 3529 3437 
3 6468 6348 6350 
3 6349 6708 6347 
3 6485 6260 6360 
3 6574 6348 6468 
3 6244 6109 6820 
3 6471 6576 6465 
3 6246 6470 6468 
3 6242 6578 5849 
3 7380 7139 7140 
3 1307 4101 2516 
3 6246 6250 6470 
3 4691 1012 2072 
3 7651 7531 4310 
3 5897 6298 5896 
3 6115 6821 6252 
3 6293 7282 4554 
3 6580 6254 6119 
3 7315 7303 5092 
3 6286 4554 7282 
3 1265 1353 1267 
3 6258 6478 6255 
3 2007 6591 6300 
3 6124 6356 6588 
3 6131 6266 6127 
3 6824 6259 6254 
3 6357 6483 6262 
3 6477 6478 6586 
3 5719 6124 6588 
3 3215 2034 2226 
3 7435 5851 4420 
3 6300 6591 900 
3 6358 6369 6484 
3 7748 4134 7407 
3 6132 6944 6482 
3 654 4038 3397 
3 6264 6262 6715 
3 6361 6596 6492 
3 4107 6537 7069 
3 5224 5156 5930 
3 6036 6287 6740 
3 6264 6715 6600 
3 6132 6493 6949 
3 1539 4953 7940 
3 6403 1591 4726 
3 83 74 92 
3 6606 6493 6372 
3 6372 6276 6606 
3 1887 3738 2524 
3 7066 2310 7559 
3 6720 6138 6600 
3 1703 5989 4679 
3 5888 6618 6962 
3 2522 612 4011 
3 7971 212 4920 
3 5984 5989 1703 
3 5026 6713 5021 
3 6373 6138 6720 
3 1484 1854 1662 
3 741 709 465 
3 7832 6043 7087 
3 3501 5011 2927 
3 6726 6497 6498 
3 3457 2905 3466 
3 6139 6381 6270 
3 2014 7511 1989 
3 7706 236 7702 
3 6139 6609 6381 
3 862 873 7649 
3 6609 6842 6381 
3 6368 6607 6266 
3 4577 5451 2354 
3 6105 6110 3636 
3 4276 7880 4278 
3 5701 4222 3035 
3 2509 1995 6814 
3 6385 6384 6611 
3 2730 7257 1147 
3 6386 5876 5751 
3 6534 6321 6778 
3 44 1743 39 
3 6388 6844 6386 
3 4545 3411 6371 
3 6020 7186 6388 
3 3588 280 6786 
3 6622 918 313 
3 6026 6281 6848 
3 5826 6354 6353 
3 6026 6848 6734 
3 4164 4680 3141 
3 5884 6616 6396 
3 5764 6396 6397 
3 6987 4705 7182 
3 6268 869 5359 
3 6615 5884 5641 
3 4393 7196 7613 
3 7644 7301 7416 
3 4938 4962 7938 
3 3579 2470 5683 
3 6034 6962 6287 
3 7033 6570 7036 
3 5981 3272 518 
3 6868 6870 4514 
3 6744 6290 6507 
3 6290 6508 6507 
3 6664 912 7989 
3 6510 5772 6292 
3 4699 3959 1012 
3 6038 6856 6402 
3 287 7941 4953 
3 6873 4691 4680 
3 6160 6294 6406 
3 6355 6257 6252 
3 7893 6728 5586 
3 5799 6184 6053 
3 6630 6297 6296 
3 6626 7078 7533 
3 6701 6810 6700 
3 2058 7989 7884 
3 7526 3087 7644 
3 6517 6757 5437 
3 7541 1398 257 
3 6108 5482 5441 
3 6299 6512 6633 
3 2094 853 1509 
3 3012 1400 4561 
3 2535 1322 4326 
3 6303 6171 6754 
3 6404 6856 6038 
3 6177 6637 7088 
3 4756 3620 3626 
3 1401 4035 2445 
3 6860 7078 6627 
3 6305 6640 6638 
3 5421 5905 6645 
3 5792 6636 6180 
3 3141 416 996 
3 1926 3003 2443 
3 3007 1398 3005 
3 1322 2535 5019 
3 882 712 883 
3 3306 2729 3810 
3 4543 3003 1926 
3 6648 6869 5554 
3 2730 3821 3303 
3 6073 5157 6784 
3 6645 5905 6650 
3 4299 3738 2495 
3 4035 4543 2445 
3 6516 6978 6052 
3 3864 4441 2397 
3 6653 6761 6311 
3 5799 6310 6184 
3 6311 6184 6310 
3 6763 6519 6875 
3 5184 5413 4647 
3 5279 7289 7749 
3 6522 5803 7095 
3 6880 6524 5916 
3 7438 6655 7094 
3 3389 896 3386 
3 6445 6091 6448 
3 1276 3592 7499 
3 7099 6419 7332 
3 4453 6301 6803 
3 6775 6989 6991 
3 6212 1378 809 
3 6974 6866 6647 
3 5810 6887 6426 
3 4143 2054 3117 
3 4649 7817 2564 
3 6993 6782 6201 
3 2969 6718 7227 
3 6424 6533 7229 
3 20 1527 1487 
3 1801 559 1785 
3 4649 3112 1514 
3 6431 6432 7237 
3 6676 6679 6436 
3 6327 7002 6326 
3 2582 3135 5636 
3 6434 7002 7120 
3 251 3417 5842 
3 6543 5695 6546 
3 1233 642 4391 
3 6554 6675 6796 
3 6676 6436 6437 
3 6221 6216 6558 
3 6437 6797 6677 
3 6554 6555 6675 
3 3001 2999 4169 
3 6213 6555 6554 
3 6555 6440 6679 
3 2831 6839 4025 
3 6714 6485 6831 
3 5686 5806 5298 
3 6439 6443 6685 
3 7126 6037 4144 
3 6594 4752 4744 
3 6830 7663 6812 
3 3878 2266 3869 
3 3734 3366 5861 
3 3883 839 2653 
3 4206 7526 4201 
3 3530 193 3524 
3 6445 7139 6091 
3 6935 1673 212 
3 4364 2266 4329 
3 6688 6446 6560 
3 6688 6560 6220 
3 3557 6959 6282 
3 6449 6804 6565 
3 6336 6693 6561 
3 6225 6449 6565 
3 7049 6940 6578 
3 6233 6931 6236 
3 6338 6699 6567 
3 5424 6176 5789 
3 6694 6930 6568 
3 7103 3531 7343 
3 6927 6701 6700 
3 2106 5740 3341 
3 6285 6284 5070 
3 6335 6089 5948 
3 6497 6723 6376 
3 2976 219 2428 
3 7037 6570 6238 
3 6931 6233 6569 
3 3176 2056 4319 
3 6397 5766 5764 
3 6933 7038 5975 
3 7293 6834 7288 
3 6934 6574 7152 
3 6816 6344 6236 
3 6414 2807 6943 
3 2485 2484 1961 
3 5655 4387 6710 
3 6818 6574 6468 
3 6345 7272 6346 
3 2954 7742 4093 
3 6707 6347 6708 
3 6708 7040 6707 
3 3055 772 1918 
3 6349 6465 6708 
3 3848 3352 4335 
3 1317 1324 3980 
3 2627 7834 234 
3 6890 7230 6665 
3 7844 7380 7140 
3 6115 6352 6821 
3 4565 1177 2553 
3 6471 6251 6581 
3 4117 7076 4106 
3 3500 1312 5566 
3 6477 6474 6251 
3 7061 7865 7176 
3 6479 6254 6580 
3 6271 5995 6365 
3 7321 4014 4039 
3 6478 6484 6586 
3 6824 6826 6259 
3 7855 7500 7951 
3 4652 4779 4661 
3 6712 6482 6944 
3 6259 6826 6359 
3 6356 6260 6485 
3 1312 4465 5566 
3 6360 6127 6266 
3 6114 512 1031 
3 7166 6276 6363 
3 6262 6483 6715 
3 6276 7166 6832 
3 6369 6601 6484 
3 1645 1658 3362 
3 4590 4087 2500 
3 2009 2601 6178 
3 4593 3605 900 
3 7755 7753 5338 
3 5838 5711 5975 
3 6715 6604 6600 
3 7354 7118 7240 
3 6720 6600 6604 
3 7060 6603 6492 
3 6249 5659 6228 
3 6359 6365 6126 
3 6218 5946 6089 
3 5112 6770 6280 
3 7911 1170 4379 
3 6875 7556 7437 
3 2617 3696 5562 
3 6607 6368 6722 
3 6369 6495 6601 
3 6375 6601 6495 
3 4168 723 1906 
3 6838 6373 6953 
3 946 5555 2108 
3 6217 6086 5945 
3 7942 1856 1134 
3 6498 6499 6727 
3 6116 5719 6588 
3 230 5171 7414 
3 3461 1831 4998 
3 3169 1958 1940 
3 7184 6611 6842 
3 680 685 6469 
3 1388 7822 7825 
3 5204 4657 3123 
3 2444 2502 2388 
3 6856 6853 6402 
3 2534 4898 7620 
3 7186 6020 6732 
3 3398 5642 5816 
3 3151 609 1320 
3 1965 5698 2485 
3 6154 6850 6735 
3 6614 6615 6030 
3 5467 4519 4520 
3 7752 3011 685 
3 6737 6617 6619 
3 4520 2750 5467 
3 5641 6030 6615 
3 6516 6869 7217 
3 6739 5647 6620 
3 6620 6402 6853 
3 7673 3636 4185 
3 5760 5127 7984 
3 6219 7279 2303 
3 5234 5509 5237 
3 4424 2316 691 
3 7415 4568 4561 
3 7980 448 5768 
3 6292 6626 6510 
3 3422 3430 4422 
3 6626 6159 7078 
3 6159 6627 7078 
3 3548 4033 1391 
3 7156 6346 7618 
3 3889 2449 3904 
3 6628 6860 6627 
3 6631 6630 6747 
3 6512 6748 6633 
3 678 7964 2997 
3 7741 7960 7624 
3 7389 3376 7929 
3 3352 1694 3836 
3 6410 6635 6302 
3 4305 1122 542 
3 6304 6863 6636 
3 4828 3754 3759 
3 4679 5989 4086 
3 6046 7209 6970 
3 6638 6637 6305 
3 6642 6180 6413 
3 4402 2303 4410 
3 6647 6180 6974 
3 6977 6648 6866 
3 6689 4978 4988 
3 7579 7584 2767 
3 6517 6309 6757 
3 6416 6654 6652 
3 6465 6576 6708 
3 6645 7432 6644 
3 6499 6278 6147 
3 6186 6189 6766 
3 6520 6655 6188 
3 6520 6312 7219 
3 6878 6657 6522 
3 6880 6523 6658 
3 5926 2878 4052 
3 6880 5916 6523 
3 6960 4631 7215 
3 6419 6524 6659 
3 3902 2284 2293 
3 2284 64 2293 
3 6319 6191 7339 
3 6094 5951 5949 
3 5753 4485 5110 
3 6885 6992 6194 
3 6194 6663 6885 
3 6883 7102 5923 
3 6199 6992 6427 
3 656 2284 1754 
3 6563 4463 3904 
3 7344 7574 6993 
3 6308 4482 3905 
3 6839 2831 412 
3 1851 7748 2977 
3 5371 5457 5454 
3 6429 5932 6540 
3 4289 3872 4439 
3 6896 6208 6076 
3 6324 5939 7108 
3 3839 2744 2759 
3 6785 5939 7116 
3 6898 6434 7120 
3 6545 6542 6328 
3 3461 2312 100 
3 6904 6080 5818 
3 7005 6548 6789 
3 3704 7928 1562 
3 7303 5043 5715 
3 5385 3839 3343 
3 7241 6673 6905 
3 7219 7669 7558 
3 6794 6678 6676 
3 6549 6548 7005 
3 6549 7005 6790 
3 6674 6676 6677 
3 4495 3993 5592 
3 6796 6909 6913 
3 6196 7134 6202 
3 6437 6677 6676 
3 6797 6685 6680 
3 6678 6679 6676 
3 2801 3192 3372 
3 6796 6913 6799 
3 6936 6938 6010 
3 6914 7135 6681 
3 151 5130 7859 
3 6998 4353 4918 
3 6683 6558 6681 
3 6334 6561 6559 
3 4415 4424 691 
3 6688 6687 6446 
3 6174 6755 6304 
3 6439 6685 6797 
3 5731 4475 3883 
3 6558 6804 6221 
3 2218 6423 176 
3 5920 5581 588 
3 2254 1213 8 
3 2953 4500 4491 
3 6340 6446 6694 
3 6337 6338 6567 
3 6339 6927 6926 
3 1369 1940 7487 
3 5090 1498 7271 
3 6565 6696 6226 
3 4050 2666 1968 
3 6343 6458 6809 
3 5518 5542 5502 
3 5962 6701 6927 
3 6099 6569 6100 
3 6099 6930 6569 
3 5290 5926 4052 
3 5629 5015 6202 
3 1296 7098 3304 
3 7618 1712 7502 
3 5956 6489 445 
3 2729 2732 6976 
3 6238 6934 7037 
3 7771 2056 3176 
3 594 4354 3343 
3 6635 6175 6971 
3 6732 5755 6024 
3 5893 5528 6624 
3 7171 7741 7058 
3 5222 5872 4584 
3 6933 5979 6707 
3 5720 7932 4071 
3 2869 2967 3162 
3 6078 6552 7046 
3 5051 3845 5049 
3 2757 1694 2764 
3 6751 4543 5665 
3 5222 7631 2797 
3 5338 1918 7872 
3 4185 1807 6473 
3 4370 6711 5658 
3 7740 6832 7166 
3 6586 7048 6474 
3 6822 6252 6821 
3 338 5290 4052 
3 3839 2760 3343 
3 3893 5629 3914 
3 6477 6586 6474 
3 6890 6895 7113 
3 6585 6356 6827 
3 2405 1727 288 
3 6530 4882 5474 
3 6827 6356 6714 
3 5223 5687 4708 
3 2757 2764 3328 
3 6356 6485 6714 
3 6511 385 1344 
3 6357 6947 6483 
3 7251 7483 7253 
3 2303 2868 4410 
3 4583 5153 3241 
3 3378 3192 634 
3 1863 1856 445 
3 7900 3393 1062 
3 2760 3839 2759 
3 6276 6832 6606 
3 7064 6485 6360 
3 5035 5030 6229 
3 7986 7768 7308 
3 6603 7058 6828 
3 7413 5245 6907 
3 5495 4243 5504 
3 1675 7149 6933 
3 6601 6375 6828 
3 7038 6933 7149 
3 6722 6376 6723 
3 1434 2492 1965 
3 4292 4084 4510 
3 7261 7262 7024 
3 5834 3969 7430 
3 6690 7024 7262 
3 6837 6953 6373 
3 3411 2162 6371 
3 7181 6956 6609 
3 7636 2210 2738 
3 1147 2732 2736 
3 6727 6499 6841 
3 3582 2982 4736 
3 1523 1525 2106 
3 7322 7351 563 
3 4406 5670 5677 
3 1300 3443 3943 
3 5026 5021 5676 
3 5851 1587 7530 
3 1649 4353 1647 
3 6387 6611 7184 
3 7183 6610 6844 
3 6501 6387 7184 
3 2617 7164 3696 
3 2024 2611 1997 
3 2681 2629 2680 
3 5918 7182 4705 
3 6370 6353 6877 
3 6734 7296 7187 
3 6896 7992 6902 
3 6936 6491 6938 
3 1132 432 5027 
3 6613 5761 7189 
3 763 764 874 
3 2504 3707 3111 
3 5274 4045 7528 
3 3803 6229 5030 
3 6143 6602 7057 
3 1468 7834 2627 
3 6143 7057 3060 
3 6739 6852 6851 
3 7182 2724 1126 
3 6631 6747 6748 
3 6508 6291 6964 
3 6291 6509 6964 
3 1347 4672 5571 
3 5423 4196 5418 
3 6745 6405 6510 
3 5893 6965 6294 
3 6624 6625 7200 
3 6624 6965 5893 
3 6903 5186 6379 
3 5504 5518 5502 
3 6746 6747 6630 
3 6114 4210 512 
3 7079 6298 6168 
3 1162 938 894 
3 2840 2830 4909 
3 7713 7941 287 
3 6168 6513 7081 
3 2623 1280 1238 
3 1152 1201 1305 
3 6755 6863 6304 
3 1126 2724 2187 
3 6770 5093 7747 
3 6972 6413 6636 
3 3123 3135 3665 
3 7512 7399 7509 
3 6974 6180 6642 
3 3005 7541 1844 
3 7546 6641 6644 
3 6092 2718 4767 
3 6871 6645 6650 
3 6578 6580 6247 
3 6226 6096 6225 
3 6761 6653 6759 
3 340 415 317 
3 6309 6416 6652 
3 6653 7218 6759 
3 6417 6654 6416 
3 4288 4818 4267 
3 6761 6762 6311 
3 6348 5978 6350 
3 6417 6760 6654 
3 6418 7219 6312 
3 2814 2714 2586 
3 4493 4486 5753 
3 6432 6431 5693 
3 7505 7957 2872 
3 4930 7254 3899 
3 7438 6658 6655 
3 6658 7438 7330 
3 1626 2694 2686 
3 6525 6989 6775 
3 7960 7442 5187 
3 1648 7948 4717 
3 4126 4134 7748 
3 6421 7450 6777 
3 2564 4657 4145 
3 6663 5925 7457 
3 5925 6424 7457 
3 6356 6124 6260 
3 5927 6427 6992 
3 6534 6778 7458 
3 2505 1146 7614 
3 1358 1516 1518 
3 6994 6892 6665 
3 1712 5146 493 
3 7107 6534 7458 
3 6892 6895 6890 
3 6665 6892 6890 
3 1597 2136 7454 
3 1031 1206 4229 
3 6429 6540 6898 
3 6206 6782 6999 
3 6892 7111 6895 
3 6999 6546 6206 
3 3192 3378 3372 
3 3264 3267 5043 
3 5088 4737 3766 
3 6789 6545 7004 
3 1626 4759 2673 
3 4979 4460 5544 
3 7001 6543 6546 
3 3380 2830 2818 
3 6327 6788 7002 
3 6572 5453 1356 
3 7240 6999 7117 
3 6084 6208 6670 
3 6670 6904 5818 
3 5843 5976 5471 
3 7241 7116 6673 
3 7370 7836 7372 
3 6545 6672 7004 
3 926 7134 7129 
3 7527 6961 1939 
3 6674 6677 6792 
3 6674 6794 6676 
3 6912 7373 7249 
3 7047 2529 4814 
3 3380 2818 6535 
3 4928 6078 5474 
3 6119 6254 6122 
3 6355 6357 6257 
3 6677 6797 6912 
3 2818 1225 1218 
3 459 1712 7618 
3 6801 6917 7022 
3 6917 6801 6918 
3 2215 2130 2112 
3 6801 6802 6918 
3 3151 4948 4309 
3 6801 6687 6802 
3 6918 6802 6800 
3 3766 5900 4261 
3 6687 6688 6802 
3 6799 6914 6681 
3 7970 6552 4917 
3 6446 6687 6690 
3 7460 3528 793 
3 7026 6804 6683 
3 6443 6559 6923 
3 6923 6685 6443 
3 6436 6679 6440 
3 6337 6925 6447 
3 7262 6694 6690 
3 6694 7262 7266 
3 6337 7031 6925 
3 3087 7526 4206 
3 7505 7162 7624 
3 7032 6927 6700 
3 7266 6930 6694 
3 2559 2678 2502 
3 2730 2736 3821 
3 6948 5877 4584 
3 6461 6343 6815 
3 6704 6234 7149 
3 3577 432 1132 
3 6705 6461 6815 
3 4929 4948 4934 
3 2807 6945 6943 
3 2163 7898 2175 
3 4944 4934 4948 
3 6430 5938 5939 
3 6812 6293 5141 
3 6344 6816 6464 
3 2076 5699 7271 
3 7386 6569 6930 
3 7050 6821 6352 
3 7507 6821 7050 
3 3476 2652 5088 
3 6888 6322 6073 
3 7763 2542 6698 
3 6886 6536 6426 
3 6580 6940 6479 
3 6470 6583 7161 
3 6474 7048 6581 
3 7054 6583 6585 
3 724 65 6506 
3 6131 6376 6368 
3 3197 1139 4533 
3 1708 2563 4221 
3 3328 2764 3844 
3 3904 4463 3889 
3 7401 6481 7625 
3 4906 4897 3707 
3 5093 6770 5109 
3 649 570 623 
3 6601 6828 6825 
3 6601 6825 6484 
3 6155 7080 6623 
3 7589 3817 3315 
3 6639 2016 941 
3 6483 6947 7061 
3 6949 6944 6132 
3 750 1045 20 
3 6104 4918 4943 
3 2744 3844 2759 
3 6606 6949 6493 
3 6893 3369 5841 
3 6607 6722 7065 
3 5270 4214 4746 
3 6527 7967 4248 
3 5984 1708 7066 
3 7385 5082 5050 
3 7530 1587 4119 
3 114 3684 7132 
3 2907 7739 7622 
3 6727 6841 7180 
3 1015 2091 4702 
3 6377 6373 6496 
3 2736 2732 4312 
3 4872 4887 3698 
3 7408 7635 7515 
3 7184 6842 6958 
3 6841 6499 6610 
3 6841 6610 7183 
3 7519 6958 6956 
3 3071 1861 7887 
3 2107 1513 4475 
3 6844 7186 7185 
3 1676 7853 3960 
3 6732 6733 7186 
3 4246 4275 5518 
3 6613 7073 6733 
3 6848 7523 7296 
3 6646 3088 6129 
3 1010 1013 2604 
3 6862 3270 3277 
3 1918 1928 7642 
3 4876 4275 4246 
3 7643 6616 6615 
3 7189 6735 6850 
3 6891 1599 3512 
3 3219 2611 4383 
3 7301 6618 6397 
3 6287 6962 7302 
3 7935 7372 7836 
3 6400 6739 6619 
3 3317 135 2070 
3 6516 7217 7550 
3 6653 6052 6651 
3 1400 7415 4561 
3 6620 6853 6852 
3 6744 6507 6857 
3 6507 6508 6964 
3 5951 5959 5949 
3 6812 7321 6830 
3 7307 6625 6743 
3 6406 6294 6859 
3 6857 6404 6744 
3 6631 5412 6297 
3 3011 6469 685 
3 6966 6628 6161 
3 7424 6747 6746 
3 6168 7081 7079 
3 6631 6748 6512 
3 3141 996 3673 
3 6360 6266 7064 
3 6513 6302 6635 
3 6754 6633 6968 
3 7082 6863 6754 
3 3665 5204 3123 
3 4981 4387 3775 
3 6863 6972 6636 
3 3402 1165 6798 
3 3832 7689 7604 
3 4983 4346 6167 
3 6645 7216 7432 
3 76 1781 1272 
3 7922 1404 3725 
3 6978 7090 6651 
3 3378 1743 44 
3 7436 7554 6761 
3 7554 6762 6761 
3 6108 5460 5482 
3 2635 3722 4208 
3 4390 6564 6104 
3 5980 5983 6453 
3 7219 6655 6520 
3 6655 7219 7094 
3 6658 6523 6655 
3 5376 6456 5341 
3 6456 5376 6467 
3 7424 6748 6747 
3 4584 1682 615 
3 6988 6774 6990 
3 1254 4325 287 
3 6990 6774 6316 
3 6986 6881 6773 
3 7225 6421 7101 
3 2167 2113 2168 
3 6467 5352 3717 
3 6663 7457 7103 
3 699 636 671 
3 6536 6896 6076 
3 5808 7679 7342 
3 5808 6529 7679 
3 6650 5905 6757 
3 7450 6421 7225 
3 5508 6664 7989 
3 6564 4918 6104 
3 6529 6532 7109 
3 7099 6989 6525 
3 7346 7679 7109 
3 6524 6880 6659 
3 5036 7851 7611 
3 6782 7106 6999 
3 4717 7948 2743 
3 3524 7223 3530 
3 6994 7233 6892 
3 6199 6194 6992 
3 6902 6670 6208 
3 6533 6324 7108 
3 6773 6988 6986 
3 6467 3717 5908 
3 7444 7332 6659 
3 5853 5846 6383 
3 5604 4339 5596 
3 70 5172 5286 
3 5058 807 7491 
3 6769 6706 2399 
3 3955 3603 3776 
3 7119 7237 6543 
3 5758 4582 4014 
3 7001 7119 6543 
3 6926 7032 7144 
3 362 7719 7279 
3 5447 5462 4212 
3 1717 7067 4103 
3 7116 7584 6785 
3 1051 1230 1089 
3 6790 6906 6549 
3 6906 6905 6549 
3 7123 7009 7006 
3 7006 7009 6791 
3 4807 5460 6108 
3 7128 7009 7123 
3 7009 6794 6791 
3 6078 6530 5474 
3 7129 7134 6196 
3 7009 7130 6794 
3 1287 7236 7113 
3 6912 7249 6792 
3 6677 6912 6792 
3 7130 6678 6794 
3 5724 6120 6117 
3 6913 6909 7010 
3 5447 5423 5446 
3 7348 7231 6487 
3 6401 7960 7741 
3 65 3772 3775 
3 7252 6914 6913 
3 6123 5544 6394 
3 6293 6812 7841 
3 6914 6799 6913 
3 6917 7015 7253 
3 6917 6918 7015 
3 7962 6538 7085 
3 6680 6685 7019 
3 7024 6801 7022 
3 6918 6800 7256 
3 850 7894 7714 
3 7024 6690 6687 
3 6923 6922 6685 
3 4200 4209 4807 
3 6681 7135 6683 
3 7429 7539 6972 
3 4101 4618 2516 
3 7143 6561 6693 
3 7143 6923 6561 
3 6337 6567 7031 
3 5877 2823 1682 
3 4929 4309 4948 
3 6986 7445 7672 
3 3881 2405 3095 
3 6567 6341 7033 
3 5761 5644 6735 
3 3418 5882 7422 
3 2007 1453 6591 
3 6341 6570 7033 
3 6343 7034 6815 
3 6773 6881 5803 
3 7386 6931 6569 
3 6934 7148 7037 
3 2745 3636 7673 
3 6346 7272 7618 
3 374 376 398 
3 7153 6242 6464 
3 3626 4200 4785 
3 7152 6574 6818 
3 2334 5364 5372 
3 6818 6468 6937 
3 3224 6920 1597 
3 6468 7158 6937 
3 7050 6352 6820 
3 7161 7158 6470 
3 2759 580 2760 
3 1634 1501 6643 
3 7161 6583 7054 
3 6479 6940 7163 
3 3602 1434 1978 
3 7581 7111 7348 
3 7054 6585 6827 
3 6947 6355 6822 
3 4222 1970 885 
3 7165 6824 6479 
3 7625 6481 6712 
3 2811 2707 2418 
3 3834 3338 3744 
3 7717 7846 3863 
3 6949 7168 7285 
3 7166 6363 6826 
3 6586 7053 7048 
3 7171 7058 6603 
3 7060 7171 6603 
3 3343 2760 594 
3 6518 6786 280 
3 1732 1608 1556 
3 3863 7943 4962 
3 7064 6607 7065 
3 6443 6439 6334 
3 4746 6456 5270 
3 542 7000 545 
3 5010 5009 5573 
3 7967 6527 6039 
3 6720 6951 6837 
3 6952 6722 6723 
3 4882 6530 5431 
3 6954 6952 6723 
3 6496 6373 6838 
3 6609 6838 7181 
3 7476 7361 7362 
3 6039 6041 6975 
3 6784 5693 6431 
3 253 1539 7940 
3 4887 4934 3698 
3 6723 6726 6954 
3 7068 6954 6726 
3 3129 5077 6563 
3 6834 4595 7288 
3 1015 2604 1013 
3 2999 4744 4752 
3 3444 3289 3784 
3 6841 7183 1906 
3 4432 7284 4412 
3 7296 6734 6848 
3 1598 2673 4759 
3 6147 6610 6499 
3 2556 2049 1514 
3 6504 1409 2461 
3 5826 6353 6370 
3 4732 2999 2987 
3 7416 6397 7643 
3 6616 7643 6397 
3 7529 6737 6851 
3 848 2461 1409 
3 7304 6287 7302 
3 5756 6281 6026 
3 2724 7182 2196 
3 2604 1015 4702 
3 7700 7834 1468 
3 7302 6962 7301 
3 1531 6911 1536 
3 6964 6509 7077 
3 308 310 356 
3 4814 2529 1427 
3 6103 6239 5465 
3 414 487 489 
3 7200 6965 6624 
3 7833 7483 7701 
3 6859 6294 6965 
3 6625 7307 7200 
3 6743 7649 7307 
3 5826 4070 6354 
3 6405 6745 7077 
3 7081 6513 6969 
3 6969 6513 6635 
3 6824 7165 6826 
3 402 2484 3029 
3 7208 6972 6863 
3 2484 402 1961 
3 6491 6936 4865 
3 7088 6637 6638 
3 1394 1405 108 
3 7431 6638 6640 
3 3678 4852 3685 
3 6075 1410 6088 
3 6705 7272 6345 
3 7432 7546 6644 
3 5967 6458 5971 
3 2471 2469 2291 
3 7214 6648 6977 
3 6467 5376 5993 
3 7827 4657 2564 
3 6467 5993 5990 
3 7217 6869 6648 
3 7888 945 7088 
3 1781 7254 4930 
3 1324 3989 3980 
3 6774 5804 5565 
3 4847 4852 3678 
3 7218 6651 7090 
3 6871 6652 6979 
3 7325 6979 6654 
3 6654 6760 7325 
3 3344 3146 3420 
3 375 2546 2607 
3 1086 5866 5823 
3 7556 6766 6768 
3 3653 4847 3678 
3 3728 3183 3910 
3 6984 7220 6768 
3 6189 6768 6766 
3 6522 6985 6878 
3 7094 7219 7558 
3 7222 6880 6879 
3 6879 6658 7330 
3 3095 288 3320 
3 2633 253 7707 
3 3117 2054 3650 
3 5462 5472 4847 
3 2546 4634 3650 
3 6773 6774 6988 
3 6777 7450 6990 
3 4833 4243 5495 
3 6303 6754 6755 
3 6350 6246 6468 
3 6603 6828 6375 
3 6991 7907 7226 
3 6421 6319 7101 
3 6884 7339 6191 
3 7095 6881 7096 
3 6886 6426 6887 
3 5950 6453 5983 
3 6534 7107 6781 
3 7378 7255 7486 
3 6529 7109 7679 
3 6994 6665 7230 
3 1031 512 822 
3 1094 2951 4113 
3 427 4117 4106 
3 7441 7444 6659 
3 668 2284 656 
3 6781 7107 6997 
3 6997 6996 6431 
3 4822 4833 5460 
3 6996 6784 6431 
3 7109 6429 6898 
3 6785 7110 7108 
3 7113 6895 7111 
3 7105 6999 7106 
3 6071 601 2852 
3 6431 7237 6997 
3 4493 2728 4492 
3 888 2728 5133 
3 7992 7993 6902 
3 6110 6113 4219 
3 7240 6546 6999 
3 6546 7240 7001 
3 656 1754 44 
3 1913 4120 4536 
3 7470 6904 6670 
3 6904 6328 6080 
3 7241 7584 7116 
3 6670 7688 7470 
3 6266 6607 7064 
3 7004 7005 6789 
3 7007 7242 6791 
3 2470 3055 6504 
3 6791 6792 7007 
3 7066 4103 7067 
3 6792 7008 7007 
3 6791 6674 6792 
3 7127 7130 7128 
3 793 3528 4513 
3 6792 7249 7008 
3 890 968 932 
3 1363 7525 5631 
3 4475 5731 6813 
3 7009 7128 7130 
3 6678 7130 6910 
3 7127 6910 7130 
3 6912 6680 7014 
3 5582 7675 7358 
3 7013 7251 7016 
3 7251 7015 7016 
3 7014 6680 7019 
3 4402 1260 2303 
3 7255 7022 7253 
3 7016 7256 7013 
3 2605 7933 175 
3 6682 4956 5604 
3 7837 2621 1495 
3 6918 7256 7016 
3 2621 7833 6081 
3 7015 6918 7016 
3 4025 983 2831 
3 7135 7023 6683 
3 7380 7599 7256 
3 7026 6683 7023 
3 6801 7024 6687 
3 6800 7380 7256 
3 5908 6456 6467 
3 7320 7662 3279 
3 5363 786 5359 
3 7933 2605 1504 
3 6559 6561 6923 
3 7026 7141 6804 
3 2903 3845 1475 
3 4318 4941 2499 
3 7143 6693 7144 
3 5011 2918 2927 
3 7141 7383 6565 
3 7167 1504 2605 
3 6567 7033 7146 
3 7031 6567 7146 
3 4906 4309 4929 
3 7849 5040 7266 
3 4554 4565 6293 
3 1329 1868 3501 
3 7270 7033 7036 
3 7149 6234 7038 
3 1977 2565 41 
3 6236 6931 6816 
3 7040 1675 6933 
3 6815 7272 6705 
3 120 1482 797 
3 2742 3823 2210 
3 7152 7148 6934 
3 7500 7148 7152 
3 3925 4520 4519 
3 4631 5812 7215 
3 7044 6242 7153 
3 7176 6715 7061 
3 4083 296 3607 
3 7163 6940 7049 
3 7044 7049 6578 
3 7573 7575 7341 
3 6820 7156 7050 
3 7165 7508 7166 
3 6580 6578 6940 
3 5417 4785 4200 
3 7158 7730 6937 
3 6896 6902 6208 
3 6822 6821 7507 
3 6479 7163 7165 
3 7760 127 3283 
3 2933 2920 5013 
3 7285 6944 6949 
3 6558 6683 6804 
3 607 6596 7401 
3 6827 6714 7510 
3 6373 6720 6837 
3 6831 7746 6714 
3 5451 7576 2354 
3 7168 6606 6832 
3 236 2682 4950 
3 4053 5274 5937 
3 3904 2449 3129 
3 7176 6604 6715 
3 7477 162 154 
3 4934 4299 3698 
3 7176 7177 6604 
3 6831 7404 7746 
3 324 3884 7842 
3 7083 154 162 
3 3839 5385 2744 
3 2878 5272 5271 
3 6289 6280 7792 
3 7948 7383 7494 
3 6952 6954 7291 
3 4884 2633 3783 
3 7180 7068 6726 
3 831 872 1017 
3 6609 6956 6842 
3 6496 6838 6609 
3 7068 7291 6954 
3 4126 1851 7987 
3 1717 1081 5330 
3 6957 7180 6841 
3 3687 5944 5308 
3 3687 2911 5944 
3 6848 6501 7295 
3 2621 7837 7833 
3 7186 6844 6388 
3 7184 7295 6501 
3 542 545 7047 
3 2539 2540 627 
3 7185 7638 6844 
3 7472 7822 1384 
3 6848 7295 7523 
3 6722 6368 6376 
3 5825 6570 5964 
3 6741 5636 3135 
3 7356 7471 7357 
3 6614 7300 6615 
3 3954 6286 6277 
3 2623 2639 3350 
3 7527 7189 6850 
3 3686 4246 4243 
3 3949 96 3440 
3 6962 6618 7301 
3 750 694 6709 
3 6596 6361 7401 
3 6507 7420 6857 
3 5654 2256 2071 
3 6745 6510 7308 
3 6920 3224 1612 
3 6585 6583 6250 
3 2106 4482 5740 
3 5708 5976 5840 
3 786 803 772 
3 7834 7485 7838 
3 3459 3469 5241 
3 6968 7658 7082 
3 6863 7082 7208 
3 7077 6745 7982 
3 7079 7081 7312 
3 7324 3443 1300 
3 5950 5983 4828 
3 7495 7851 7947 
3 6578 6242 7044 
3 7542 6974 6642 
3 4964 4346 4983 
3 3597 7137 6390 
3 4120 2998 4536 
3 668 64 2284 
3 3362 3733 1645 
3 5863 5869 5996 
3 7301 6397 7416 
3 6652 6871 6650 
3 6217 6215 6216 
3 6960 7215 2767 
3 5875 2723 7409 
3 7220 7556 6768 
3 4961 2543 4339 
3 1494 2016 4114 
3 815 1912 7987 
3 6522 7095 6985 
3 3018 3066 3115 
3 7096 6881 6986 
3 6991 7334 7907 
3 6988 6990 7224 
3 234 7939 1542 
3 7450 7100 6990 
3 3769 856 3273 
3 3820 253 2633 
3 3317 6284 6750 
3 6885 7343 7570 
3 6887 6992 7570 
3 6992 6885 7570 
3 3836 4335 3352 
3 7458 6778 7342 
3 7591 2256 5654 
3 2306 4535 3422 
3 6885 7103 7343 
3 2793 6414 3994 
3 1404 1415 1405 
3 6993 7106 6782 
3 7105 7341 7575 
3 2905 707 713 
3 7341 7105 7106 
3 2793 3994 5860 
3 7991 6889 6890 
3 6890 7113 7991 
3 4513 2428 219 
3 2961 4003 182 
3 3926 7611 7385 
3 7001 7118 7119 
3 7683 7109 7999 
3 3692 1404 1405 
3 6052 6653 6310 
3 2173 5190 7430 
3 7117 7353 7240 
3 7919 7474 7470 
3 7004 7470 7474 
3 6902 7688 6670 
3 6788 7468 7002 
3 6905 6906 7472 
3 7005 7004 7357 
3 6922 7607 7381 
3 7363 7006 7242 
3 7007 7244 7242 
3 7242 7244 7361 
3 1226 4374 1212 
3 7010 7246 7124 
3 4114 2016 2527 
3 5186 3414 6379 
3 7740 1801 2956 
3 7010 7248 7252 
3 7373 7702 7249 
3 5043 6721 3264 
3 7373 6912 7014 
3 5171 230 3969 
3 7594 7367 7478 
3 7022 6917 7253 
3 4676 2915 4091 
3 7375 7135 7252 
3 7253 7015 7251 
3 7599 7013 7256 
3 7375 7136 7135 
3 6202 7134 5648 
3 6010 5396 6936 
3 7483 7484 7253 
3 6904 6672 6328 
3 4928 4917 6552 
3 7921 5973 60 
3 7946 6922 6923 
3 4085 5970 7578 
3 3258 5670 4406 
3 7383 7141 7494 
3 4852 4887 4872 
3 6804 7141 6565 
3 7611 7851 7144 
3 6696 7383 7721 
3 6696 6565 7383 
3 7262 7609 7266 
3 6700 7385 7032 
3 7853 7386 7496 
3 7496 7386 6930 
3 6927 7032 6926 
3 1722 4354 594 
3 3279 5578 7763 
3 7036 7037 7148 
3 2727 7944 7717 
3 6363 6142 6367 
3 5418 4196 4187 
3 1694 1696 2764 
3 754 6435 3500 
3 6816 6931 7616 
3 7887 1861 5718 
3 5816 1563 220 
3 7500 7152 7615 
3 3622 4615 4603 
3 7615 6818 7274 
3 6708 7154 7040 
3 7533 7201 7653 
3 2601 5021 6178 
3 7154 6708 7861 
3 3606 2481 2467 
3 2759 1696 1167 
3 7544 2131 3294 
3 7044 7619 7049 
3 7275 7507 7050 
3 3188 3385 2510 
3 5306 5965 1677 
3 4642 1355 1347 
3 7048 7053 7162 
3 7906 7907 7334 
3 102 4967 2884 
3 252 1587 2173 
3 6298 7079 6966 
3 3088 3071 6129 
3 7508 7165 7163 
3 7055 7053 6825 
3 7064 6831 6485 
3 7166 7508 559 
3 4750 4914 4530 
3 6712 6944 7285 
3 3481 2920 138 
3 6846 2737 888 
3 1694 2757 3836 
3 6832 7740 7168 
3 6507 6964 7420 
3 18 2462 5929 
3 7717 7260 7846 
3 5929 1336 18 
3 7510 6714 7746 
3 4486 186 2122 
3 1161 1185 5394 
3 7406 7177 7176 
3 6831 7064 7404 
3 6523 6188 6655 
3 7405 7404 7065 
3 1121 1638 4261 
3 4499 5767 867 
3 3592 3606 2459 
3 7408 6722 6952 
3 1678 2730 3303 
3 1637 1626 672 
3 7180 6957 7068 
3 7434 2403 7460 
3 6383 6907 5836 
3 4219 1196 1807 
3 3881 6190 6023 
3 6846 7929 3376 
3 3925 2144 211 
3 6463 4040 5271 
3 6958 7522 7184 
3 6956 6958 6842 
3 3303 5357 1678 
3 1401 5667 4035 
3 7515 685 680 
3 4346 4365 6167 
3 357 310 311 
3 4365 4346 3770 
3 7186 7969 7185 
3 3039 7183 7638 
3 7969 7186 6733 
3 7296 7523 7297 
3 306 3095 3320 
3 7927 142 3746 
3 5113 3905 5121 
3 2623 3350 4050 
3 7957 5187 2394 
3 3832 7098 3850 
3 3186 5836 4321 
3 5813 5455 5690 
3 7197 6743 6740 
3 2709 3286 544 
3 7979 7304 7302 
3 6172 6409 5334 
3 7649 6743 7197 
3 6964 7077 7420 
3 4609 4606 2835 
3 6406 6859 6746 
3 1977 4978 2568 
3 167 525 5168 
3 2568 4978 6157 
3 5934 6256 2995 
3 7308 6510 6626 
3 7308 7768 6745 
3 3832 7604 7098 
3 6521 2713 3281 
3 6521 6649 1126 
3 7079 7204 6966 
3 7310 6860 6628 
3 4475 2097 3883 
3 3273 6521 3281 
3 6680 6912 6797 
3 6974 7542 7544 
3 345 419 404 
3 7426 6635 6971 
3 1071 7212 5015 
3 7547 7546 7895 
3 7208 7429 6972 
3 6641 5546 6644 
3 2694 1637 1639 
3 6972 6642 6413 
3 4261 1638 3766 
3 6843 7390 7917 
3 7271 1498 5024 
3 7431 6640 6641 
3 6977 6866 7544 
3 4449 6285 5070 
3 111 7694 1427 
3 7898 7216 6871 
3 6516 7550 6978 
3 875 801 649 
3 5544 6123 4979 
3 1415 113 108 
3 3493 3496 3198 
3 7436 6761 6759 
3 7554 7669 6762 
3 3653 3064 3037 
3 7971 7689 5538 
3 2076 6750 5699 
3 7094 7558 7328 
3 7438 7094 7328 
3 6985 6984 6878 
3 2694 1626 1637 
3 7095 7331 6985 
3 7222 6879 7330 
3 5715 3880 5092 
3 6998 4918 6564 
3 7095 7096 7793 
3 3506 5274 4053 
3 1760 3899 1763 
3 6991 7226 6883 
3 6883 7226 7102 
3 7607 6922 7946 
3 6193 7340 6528 
3 7448 6989 7099 
3 7459 7107 7458 
3 1544 3037 3064 
3 7818 7468 7466 
3 5381 5983 5980 
3 5381 5980 3734 
3 2387 2561 2381 
3 6888 7107 7459 
3 7230 6889 7681 
3 3746 142 3725 
3 7459 7344 6888 
3 6886 7228 7232 
3 2797 2198 7449 
3 6533 7108 7229 
3 5576 713 707 
3 6536 6886 7232 
3 7346 7109 7683 
3 5832 1612 250 
3 6652 6654 6979 
3 1760 1763 1233 
3 6200 6667 6327 
3 7237 7234 6997 
3 5600 628 2540 
3 7462 7108 7110 
3 6990 7100 7224 
3 7109 6898 7999 
3 1276 7499 2408 
3 7233 7348 7111 
3 4361 4136 3936 
3 6898 7120 7238 
3 6280 7787 7792 
3 6788 6327 7466 
3 6785 7584 7110 
3 1401 2445 7557 
3 7234 7466 6327 
3 7119 7583 7237 
3 3013 7751 7867 
3 6685 6922 7019 
3 7002 7238 7120 
3 7002 7468 7238 
3 7479 7363 7359 
3 7354 7240 7353 
3 4174 5342 271 
3 7472 7241 6905 
3 806 651 709 
3 7474 7357 7004 
3 7463 7110 7579 
3 7473 7472 6906 
3 7005 7471 6790 
3 7361 7360 7242 
3 7360 7363 7242 
3 4944 4948 3738 
3 2173 7430 3969 
3 3280 5035 5046 
3 7008 7244 7007 
3 3346 4426 6749 
3 1165 7328 7558 
3 6078 4928 6552 
3 7124 7245 7010 
3 4709 5266 5265 
3 4403 2294 4408 
3 7248 7010 7370 
3 2556 3112 3110 
3 4933 3108 1875 
3 1398 7541 3005 
3 3707 4897 4275 
3 3317 5070 6284 
3 7362 7699 7831 
3 7250 7483 7251 
3 1726 1728 2801 
3 4406 4411 3831 
3 1591 4620 4726 
3 3398 7349 6870 
3 1444 7694 7588 
3 1604 3210 5047 
3 772 3055 4193 
3 7135 7136 7023 
3 7893 7547 7895 
3 7378 7489 7261 
3 3845 5051 1475 
3 6696 6458 6226 
3 6754 6968 7082 
3 7262 7261 7609 
3 3606 5953 2481 
3 1591 455 2286 
3 2461 2470 6504 
3 4603 1995 3622 
3 7144 7851 7143 
3 7031 7146 7267 
3 6518 5363 5359 
3 6760 6417 6763 
3 5265 4180 3538 
3 6809 6458 6696 
3 70 5286 7553 
3 7305 3808 2196 
3 7616 6931 7386 
3 2394 3511 3989 
3 4389 1632 298 
3 2091 4071 6899 
3 6287 7304 6740 
3 6464 6816 7153 
3 4589 5267 4452 
3 5812 7799 7810 
3 2782 1188 4355 
3 4298 7928 3704 
3 4320 4238 4521 
3 4653 3309 1677 
3 5965 4653 1677 
3 5435 305 1102 
3 7861 6576 7048 
3 4709 5288 5280 
3 5306 2282 3525 
3 7161 7863 7158 
3 7162 7861 7048 
3 4438 3856 4453 
3 7343 3531 1227 
3 6409 6302 6513 
3 7397 7506 7054 
3 7054 6827 7397 
3 7281 6822 7739 
3 7764 2903 1475 
3 5827 5694 1181 
3 6487 7910 2356 
3 2144 3925 4499 
3 2505 5109 2510 
3 6828 7058 7055 
3 7055 6825 6828 
3 6975 6001 6010 
3 6237 6233 6236 
3 237 3275 7190 
3 1970 4222 5701 
3 6606 7168 6949 
3 7165 7166 6826 
3 3068 6113 4241 
3 2905 713 2913 
3 707 2905 3457 
3 7065 7404 7064 
3 7791 3402 4489 
3 5609 5015 2419 
3 6786 6518 1954 
3 6837 6951 7290 
3 6211 5648 7134 
3 691 4717 1272 
3 7948 1648 406 
3 1008 1002 7877 
3 7101 6319 7339 
3 1932 2065 2186 
3 6838 7178 7181 
3 7104 601 599 
3 3391 5873 5228 
3 2582 3355 3683 
3 4486 4493 4492 
3 6623 4441 6155 
3 6844 7638 7183 
3 7526 803 4201 
3 4032 6463 5258 
3 7574 7802 1203 
3 3960 7853 7949 
3 803 7643 7300 
3 2440 5490 4229 
3 3774 2568 6157 
3 7189 7527 7759 
3 6967 4609 2845 
3 7418 7878 6853 
3 6289 1172 3188 
3 6608 313 2519 
3 6623 6141 4441 
3 2148 2560 2382 
3 5455 6321 5690 
3 5265 3541 4709 
3 2571 3133 7839 
3 6211 5659 5648 
3 7419 7418 6856 
3 7300 7297 803 
3 7766 7420 7077 
3 2767 6981 6960 
3 7768 7982 6745 
3 7228 1181 1176 
3 7078 7201 7533 
3 5396 6010 6001 
3 6965 7200 7651 
3 6860 7310 7201 
3 3026 3046 4822 
3 7770 6746 6859 
3 818 667 670 
3 6967 2845 5258 
3 7204 7079 7312 
3 6968 6748 7657 
3 7426 7537 6635 
3 2009 4988 1985 
3 7964 7867 7178 
3 7534 1926 2443 
3 5875 5882 4122 
3 2767 28 6981 
3 7424 7777 6748 
3 6693 6926 7144 
3 7428 6971 6970 
3 1485 825 2691 
3 945 7209 7088 
3 4961 4339 5604 
3 6972 7539 6642 
3 7431 7320 6638 
3 7547 7431 6641 
3 6225 6565 6226 
3 6642 7784 7542 
3 6641 7546 7547 
3 6037 6562 3577 
3 4858 2938 6048 
3 5644 5761 5515 
3 294 4087 4593 
3 2546 1494 4634 
3 6252 6822 6355 
3 7437 6760 6763 
3 7795 609 5563 
3 2735 372 7944 
3 7347 1176 7910 
3 5939 6785 7108 
3 5841 3369 1395 
3 5397 4865 6936 
3 7095 7793 7331 
3 1912 815 1911 
3 7220 6984 7671 
3 3769 3273 3255 
3 7671 6984 6985 
3 7571 7799 1154 
3 6704 7149 6810 
3 3772 2566 3179 
3 4546 3918 4254 
3 3581 7811 2409 
3 6798 1165 2208 
3 7905 7099 7332 
3 7332 7444 7905 
3 7560 7222 7330 
3 6746 6630 6407 
3 6777 6990 6316 
3 7556 6875 6766 
3 513 3769 2670 
3 6233 6100 6569 
3 7334 6989 7448 
3 6199 5687 6194 
3 2810 661 284 
3 7991 7113 7236 
3 6910 7127 6909 
3 7103 7457 7677 
3 2840 4909 3906 
3 7341 7106 6993 
3 3098 4628 3090 
3 7347 6889 7991 
3 7339 6884 7455 
3 7347 7991 7685 
3 7581 7113 7111 
3 1213 1218 8 
3 7583 7466 7234 
3 7579 7110 7584 
3 7234 7237 7583 
3 6667 7234 6327 
3 7112 7117 7105 
3 5175 6163 5120 
3 7368 7478 7367 
3 7359 7360 7475 
3 7586 7354 7353 
3 6669 342 1634 
3 7334 6991 6989 
3 4411 5049 2650 
3 7117 7469 7353 
3 7359 7363 7360 
3 7363 7123 7006 
3 7594 7369 7124 
3 7699 7362 7008 
3 7246 7594 7124 
3 7128 7368 7367 
3 7246 7127 7367 
3 7008 7482 7699 
3 7230 7231 6994 
3 7594 7246 7367 
3 7249 7482 7008 
3 6951 7177 7407 
3 7372 7248 7370 
3 7250 7251 7485 
3 7252 7248 7372 
3 7010 7245 7370 
3 7702 7373 7706 
3 7374 7375 7252 
3 7253 7376 7255 
3 7710 7939 7838 
3 2094 1509 5092 
3 7251 7013 7710 
3 5308 5944 6453 
3 6451 2362 1740 
3 5980 6453 5944 
3 1189 3853 5389 
3 6991 6883 5807 
3 4544 468 4620 
3 7378 7488 7489 
3 7490 7023 7136 
3 2555 2099 715 
3 6922 7381 7019 
3 7024 7022 7261 
3 7263 7140 7139 
3 7261 7489 7609 
3 856 6395 3273 
3 7314 7082 7658 
3 7149 1675 7723 
3 3607 296 2509 
3 7143 7851 7495 
3 6447 6925 7263 
3 7611 7144 7032 
3 2509 1102 1995 
3 4879 4877 3783 
3 7777 1019 7657 
3 6700 7723 7385 
3 4029 2853 2848 
3 3977 5566 7731 
3 3089 3685 4872 
3 1722 594 2938 
3 5285 6453 5950 
3 7502 7156 7618 
3 5285 5308 6453 
3 4872 3685 4852 
3 2112 6013 565 
3 7255 7378 7022 
3 885 1970 3049 
3 7274 6818 6937 
3 7862 6937 7730 
3 4241 3071 3068 
3 7172 4899 7718 
3 7557 5136 1401 
3 7178 6838 6953 
3 7162 7505 2872 
3 2091 1093 4071 
3 2872 7861 7162 
3 154 1444 7926 
3 4088 4066 7397 
3 7859 7728 7616 
3 7507 7739 6822 
3 7055 7162 7053 
3 7055 7624 7162 
3 7725 5097 1675 
3 2691 3856 1485 
3 3783 1495 2621 
3 7281 7509 7399 
3 6827 7510 7397 
3 6947 7399 7513 
3 7742 607 7401 
3 7561 5702 7444 
3 2626 81 3267 
3 7406 7865 7748 
3 5153 5760 4595 
3 7865 7513 626 
3 4752 4765 4169 
3 7634 6837 7290 
3 7866 7634 7290 
3 7289 7408 7515 
3 1326 1320 7403 
3 7561 7902 2232 
3 2951 432 6562 
3 6737 7193 6617 
3 7571 1154 6920 
3 2080 3727 6847 
3 1906 7292 6957 
3 7551 7786 435 
3 7183 3039 1906 
3 7639 7638 7185 
3 7969 6733 7073 
3 5270 5908 4735 
3 7644 7645 7301 
3 5984 1703 1702 
3 3653 4212 5462 
3 7976 7193 7529 
3 1643 3810 2729 
3 7529 6851 7417 
3 6741 3135 3123 
3 7790 7901 7789 
3 1709 1841 1845 
3 4261 2709 1121 
3 834 7557 2445 
3 854 3341 1509 
3 7419 6856 6404 
3 6404 6857 7419 
3 2571 6730 2054 
3 7651 7306 6965 
3 4390 6104 3040 
3 6859 6965 7306 
3 7200 7531 7651 
3 5738 5779 7175 
3 7307 7531 7200 
3 4196 5423 1805 
3 7078 6860 7201 
3 1844 1391 3005 
3 7425 7309 7204 
3 2108 7661 946 
3 7204 7312 7425 
3 1763 3719 1233 
3 5020 4564 4567 
3 7321 5758 4014 
3 6110 1807 3636 
3 7081 6969 7659 
3 7536 7081 7659 
3 6968 7657 7658 
3 7699 7482 7934 
3 6969 6635 7537 
3 3989 1324 2394 
3 6971 7428 7426 
3 2294 69 4408 
3 76 7254 1781 
3 7783 6642 7539 
3 7876 7871 416 
3 5397 6936 5396 
3 7320 7888 7088 
3 7544 7545 6977 
3 5148 5760 5153 
3 7551 7218 7090 
3 3548 7987 1912 
3 4670 4743 4516 
3 3892 362 7279 
3 7551 7666 7786 
3 4660 6521 3273 
3 2338 3574 5235 
3 7789 7556 7220 
3 6415 809 1378 
3 6251 6471 6248 
3 6985 7331 7671 
3 7441 7222 7560 
3 3141 4680 3147 
3 4187 4196 3618 
3 7222 7441 6659 
3 7855 7951 7854 
3 7525 807 5631 
3 3880 5715 5043 
3 3265 7676 7226 
3 7905 7448 7099 
3 7224 7445 6988 
3 7631 5222 4584 
3 7885 2056 7771 
3 3265 7226 7907 
3 7101 7336 7225 
3 338 3309 5290 
3 7336 7450 7225 
3 7102 7340 6193 
3 6884 6528 7568 
3 6887 7570 1181 
3 7341 7574 7573 
3 7574 7341 6993 
3 6887 7228 6886 
3 4169 4187 3618 
3 1181 7228 6887 
3 3346 4446 435 
3 7574 7344 7459 
3 7457 6424 7571 
3 7681 6889 7910 
3 7229 7108 7462 
3 7572 7229 7462 
3 7233 7231 7348 
3 6995 1646 2253 
3 7463 7462 7110 
3 4944 3738 4299 
3 7350 7117 7112 
3 4741 1114 431 
3 7118 7354 7583 
3 7118 7583 7119 
3 4309 4906 3707 
3 7586 7583 7354 
3 6948 6423 5877 
3 7688 7919 7470 
3 7921 7356 7474 
3 7356 7473 7471 
3 7529 7193 6737 
3 6762 7669 6418 
3 6280 6289 5118 
3 7361 7476 7693 
3 7693 7360 7361 
3 1005 5261 2253 
3 7477 7476 7362 
3 1005 2853 5261 
3 2392 3620 3601 
3 7479 7478 7368 
3 354 384 421 
3 7363 7479 7368 
3 7362 7244 7008 
3 7369 7245 7124 
3 5088 3766 1086 
3 5109 6770 5112 
3 3369 6893 5212 
3 7701 7483 7250 
3 7938 7372 7935 
3 7484 7837 7376 
3 7253 7484 7376 
3 2264 2147 2030 
3 478 380 6093 
3 7251 7710 7485 
3 4299 4287 3698 
3 7486 7255 7376 
3 6395 4669 3581 
3 2952 748 2933 
3 7013 7599 7710 
3 7708 7014 7600 
3 7712 7378 7486 
3 5586 6728 2672 
3 2730 1147 2736 
3 7209 7428 6970 
3 7599 7380 7844 
3 7182 7305 2196 
3 5676 2045 4418 
3 5372 4732 448 
3 7489 7847 7609 
3 7493 7140 7263 
3 4144 6037 3577 
3 6617 7193 6961 
3 6646 1875 3088 
3 7141 7026 7260 
3 3574 2338 3582 
3 7495 7946 7143 
3 7493 6925 7267 
3 7493 7263 6925 
3 7719 7267 7146 
3 1856 4144 1134 
3 4872 3698 3089 
3 4200 3026 4209 
3 6809 6696 7721 
3 3881 6198 6190 
3 219 2939 793 
3 6345 6462 6705 
3 7388 6815 7034 
3 7189 5761 6735 
3 459 6815 7388 
3 4465 718 3953 
3 1242 4633 4039 
3 7274 6937 7862 
3 594 2760 580 
3 3585 7581 2402 
3 7275 7156 7956 
3 7730 7158 7863 
3 7275 7734 7507 
3 5095 5083 5103 
3 7619 7728 5130 
3 7054 7506 7161 
3 6001 6975 6041 
3 7397 7510 2958 
3 7404 2978 7746 
3 7740 7285 7168 
3 7446 3425 6921 
3 7634 6953 6837 
3 7407 7406 7748 
3 3438 6414 2793 
3 7632 7404 7405 
3 7749 7515 680 
3 7406 7176 7865 
3 4185 3636 1807 
3 7177 7406 7407 
3 3657 5308 5288 
3 3919 6433 4001 
3 7407 7290 6951 
3 7197 6740 7304 
3 7405 7065 7289 
3 4655 1050 1049 
3 1708 4103 7066 
3 2997 7866 4134 
3 7408 7291 7635 
3 681 512 380 
3 6726 6727 7180 
3 7181 7867 7751 
3 7410 7519 7181 
3 7635 7517 7752 
3 7635 685 7515 
3 4610 6834 7335 
3 2623 1802 2639 
3 7292 7068 6957 
3 7333 3949 718 
3 7240 7118 7001 
3 3999 4198 3846 
3 4198 3922 3846 
3 948 7783 7539 
3 7539 7661 948 
3 84 7279 7719 
3 4138 2212 3570 
3 821 1434 1965 
3 7642 7523 7295 
3 2261 1609 3717 
3 7189 7524 6613 
3 4085 1050 5970 
3 7644 7416 7526 
3 7643 7526 7416 
3 342 3090 918 
3 3309 4653 5290 
3 7977 7302 7645 
3 4668 3525 4086 
3 7187 7296 7297 
3 7979 7197 7304 
3 5148 5153 4583 
3 7420 7880 7765 
3 6447 7263 6445 
3 7649 7531 7307 
3 7982 7766 7077 
3 7769 7770 6859 
3 7652 6626 7533 
3 3808 7257 1678 
3 7535 7773 7310 
3 7773 7201 7310 
3 6852 7878 1982 
3 3248 3206 774 
3 4705 7580 22 
3 4412 7284 2862 
3 7309 7425 7535 
3 7659 7537 7778 
3 6969 7537 7659 
3 7428 7778 7426 
3 7537 7426 7778 
3 220 3398 5816 
3 5306 1677 2282 
3 4050 3350 2666 
3 7661 7539 7429 
3 1014 268 3062 
3 7314 7429 7208 
3 4805 3266 5903 
3 6638 7320 7088 
3 3980 6153 5014 
3 4154 4194 1611 
3 7895 7546 7432 
3 1912 5645 7808 
3 14 7214 7545 
3 5650 4582 2553 
3 672 1626 2673 
3 64 1260 2293 
3 7550 7666 7090 
3 2175 6979 7552 
3 6332 718 4465 
3 7218 7551 6759 
3 7667 6759 7551 
3 7550 3331 7666 
3 1038 7325 7437 
3 519 7734 7956 
3 7431 7547 7893 
3 7073 6613 7524 
3 3359 4650 3377 
3 7328 3402 7438 
3 3217 930 936 
3 2818 2830 3660 
3 2646 2034 3280 
3 7898 7549 7216 
3 4122 5882 2093 
3 7444 7441 7561 
3 7511 2501 1989 
3 4091 7423 4687 
3 4925 4837 4751 
3 5720 7445 7100 
3 654 3397 2276 
3 7224 7100 7445 
3 7716 7713 287 
3 7560 7902 7441 
3 7448 7906 7334 
3 7117 6999 7105 
3 7506 7863 7161 
3 7336 7451 7450 
3 7101 7455 7336 
3 2873 4052 2878 
3 7226 7676 7340 
3 7567 7568 7340 
3 7568 6528 7340 
3 7569 7455 6884 
3 6424 7572 7571 
3 3805 5538 2359 
3 7458 7342 7909 
3 7570 7343 1227 
3 2969 7440 6415 
3 6889 7347 7910 
3 7451 7336 7797 
3 6909 6796 6910 
3 6470 6250 6583 
3 4783 1388 7825 
3 7580 6898 7238 
3 3878 642 3284 
3 7999 6898 7580 
3 4554 6286 3191 
3 4374 1226 2272 
3 4650 2051 3377 
3 7499 7350 7112 
3 3219 4383 4365 
3 2969 6415 1378 
3 7468 22 7238 
3 4032 4040 6463 
3 3301 6730 5610 
3 7468 7818 22 
3 4599 4681 3984 
3 7353 7587 7586 
3 7449 2790 7446 
3 7786 3346 435 
3 7823 7472 7473 
3 6437 6439 6797 
3 7588 7693 7476 
3 3907 7890 4076 
3 7592 7828 7478 
3 1726 2938 1728 
3 3679 4214 4720 
3 2266 621 4329 
3 7594 7478 7593 
3 7594 7593 7698 
3 7595 7245 7369 
3 7370 7245 7595 
3 7701 7250 7485 
3 7209 945 7428 
3 7418 6853 6856 
3 2743 7948 372 
3 5187 7505 7960 
3 4650 3359 6370 
3 5595 4993 5587 
3 2045 3298 6004 
3 5241 3469 2835 
3 7709 7486 7937 
3 803 799 772 
3 7490 7375 7374 
3 7844 7842 7711 
3 1509 3341 4471 
3 1329 167 1868 
3 7844 7711 7599 
3 7140 7605 7844 
3 7847 7489 7488 
3 7725 7727 7364 
3 4596 3459 5241 
3 7848 7381 7607 
3 7214 6977 7545 
3 182 3511 2394 
3 5110 2107 4475 
3 7493 7267 362 
3 2810 3459 4596 
3 7260 7717 7944 
3 6423 2823 5877 
3 5996 5869 5997 
3 7721 7383 7948 
3 6966 7204 7309 
3 7719 7146 7722 
3 4441 6162 6155 
3 151 2920 748 
3 7210 5276 3463 
3 362 7267 7719 
3 6198 6245 6190 
3 7270 7036 7852 
3 7852 7036 7855 
3 7824 7580 4682 
3 1312 3500 6435 
3 5348 4135 2955 
3 6992 6887 5927 
3 3993 4495 3524 
3 1675 7040 7725 
3 3453 2807 2810 
3 7616 7853 1676 
3 7618 7272 459 
3 544 3286 1669 
3 6894 2162 4265 
3 7275 7050 7156 
3 7047 7636 542 
3 4876 3702 4275 
3 7044 7153 7728 
3 6414 3438 2807 
3 7156 7502 7956 
3 4876 4246 3686 
3 7728 7619 7044 
3 7619 7163 7049 
3 7863 7506 4049 
3 7508 7163 7619 
3 6817 5161 6300 
3 780 768 7073 
3 7340 7102 7226 
3 3324 7548 14 
3 7043 5618 1206 
3 7459 7802 7574 
3 3577 6562 432 
3 2198 2790 7449 
3 7058 7741 7624 
3 2956 7285 7740 
3 6596 607 7171 
3 7624 7055 7058 
3 7513 7512 626 
3 3845 2650 5049 
3 5444 5435 7419 
3 3277 6834 4030 
3 7889 921 730 
3 7242 7006 6791 
3 2185 2215 2761 
3 723 7517 7292 
3 7867 7181 7178 
3 7517 7291 7068 
3 7636 2738 542 
3 1587 7435 5192 
3 7517 7068 7292 
3 5366 402 7610 
3 1074 1076 990 
3 7847 7849 7609 
3 7519 7753 7755 
3 3141 3147 416 
3 6853 7878 6852 
3 2338 5235 434 
3 1940 1369 1373 
3 3831 4411 2650 
3 3414 5186 3417 
3 7755 6958 7519 
3 7522 7755 7872 
3 7295 7872 7642 
3 3904 3129 6563 
3 1678 5357 3808 
3 7969 7073 768 
3 7424 912 7777 
3 6247 6580 6119 
3 96 2316 3440 
3 3434 3440 2316 
3 7982 6622 7766 
3 7880 7766 4278 
3 7010 7252 6913 
3 7529 814 7976 
3 7302 7977 7978 
3 7639 3039 7638 
3 2886 7284 4432 
3 7778 7654 7656 
3 5136 1400 1401 
3 7197 7979 847 
3 6228 5659 6211 
3 7135 6914 7252 
3 6799 6554 6796 
3 7023 7490 7260 
3 6760 7437 7325 
3 977 2395 2419 
3 7769 6859 7306 
3 394 6364 2162 
3 6730 2571 7839 
3 7653 7201 7773 
3 2553 1177 4142 
3 7310 7309 7535 
3 4534 3982 4177 
3 7654 7773 7535 
3 7806 3512 30 
3 7655 7312 7536 
3 7535 7655 7654 
3 7425 7655 7535 
3 7655 7425 7312 
3 3530 5058 7491 
3 7656 7655 7536 
3 7656 7659 7778 
3 7656 7536 7659 
3 7788 3562 7809 
3 7658 7657 1019 
3 2247 7882 4032 
3 7266 7496 6930 
3 755 2394 1324 
3 6987 6649 4682 
3 7964 7866 2997 
3 2607 3650 2054 
3 7853 7496 7949 
3 945 1239 7428 
3 7010 6909 7246 
3 7971 3805 212 
3 3271 7414 5171 
3 7662 7320 7431 
3 1239 930 7779 
3 1801 7491 5236 
3 14 7548 7214 
3 2840 1254 3660 
3 3331 7550 7217 
3 6202 5648 5629 
3 5141 5758 6812 
3 2730 1678 7257 
3 7666 7551 7090 
3 7436 6759 7667 
3 3098 3090 342 
3 4236 847 7979 
3 7325 3374 7552 
3 1002 3351 7877 
3 3766 1638 1086 
3 7671 7790 7789 
3 7791 7438 3402 
3 3660 1225 2818 
3 1062 7671 7331 
3 2840 3660 2830 
3 7672 7096 6986 
3 7096 7672 7793 
3 7281 6947 6822 
3 6986 6988 7445 
3 7128 7367 7127 
3 3692 1405 1394 
3 7906 7448 7905 
3 2265 5720 7100 
3 4236 294 847 
3 138 1300 3956 
3 2365 2660 2659 
3 7171 7060 6596 
3 7018 7020 5387 
3 7676 7567 7340 
3 3409 7455 7569 
3 7457 7571 7677 
3 7803 5451 1170 
3 7458 7909 7459 
3 7736 549 559 
3 7807 7679 7346 
3 7129 6196 5587 
3 7679 7909 7342 
3 2878 2263 2873 
3 5609 5587 6196 
3 7230 7681 7231 
3 7319 544 1669 
3 6947 7281 7399 
3 7645 3087 7977 
3 7792 5127 6289 
3 7576 6959 7811 
3 7254 4445 2727 
3 7232 7347 7685 
3 7791 7330 7438 
3 7999 7580 7824 
3 7236 1287 7685 
3 3635 2467 2481 
3 7348 2402 7581 
3 4045 1646 6995 
3 7815 7688 7993 
3 7499 7813 7350 
3 2354 7576 7811 
3 3753 2655 4245 
3 7693 7475 7360 
3 4934 4944 4299 
3 7469 7690 7353 
3 1634 342 918 
3 2247 4032 5258 
3 7353 7690 7587 
3 2652 4737 5088 
3 7822 7472 7825 
3 7823 7473 7356 
3 7924 7475 7693 
3 2767 7584 1384 
3 7477 7926 7476 
3 2656 2597 2364 
3 1826 1764 1944 
3 4811 5185 5256 
3 4138 4180 4154 
3 2092 2206 2274 
3 4029 4025 6839 
3 167 5168 1868 
3 3949 7333 96 
3 7477 7362 7831 
3 5118 5112 6280 
3 2519 313 2011 
3 5093 3929 6249 
3 7478 7828 7593 
3 2419 5015 1011 
3 7837 7937 7376 
3 1212 2647 1226 
3 7484 7483 7835 
3 7483 7833 7835 
3 5240 7172 7718 
3 4309 3730 3151 
3 7835 7837 7484 
3 7485 7834 7701 
3 1632 4609 2835 
3 2540 4956 5600 
3 5581 4326 1322 
3 7707 7709 7937 
3 7486 7709 7712 
3 7599 7711 7710 
3 7713 7712 7709 
3 7376 7937 7486 
3 5266 5296 3679 
3 455 3186 3452 
3 3880 2094 5092 
3 2691 1498 6301 
3 7381 7845 7600 
3 5769 5182 3112 
3 7716 7847 7488 
3 7260 7490 7846 
3 7375 7490 7136 
3 5826 7961 4070 
3 2927 1329 3501 
3 7716 3891 7847 
3 7494 7944 372 
3 5133 6846 888 
3 7260 7944 7494 
3 2793 5860 5856 
3 324 362 3892 
3 7611 7032 7385 
3 3352 614 1694 
3 5596 4339 2535 
3 7722 7146 7270 
3 1660 6809 7721 
3 1660 7034 6809 
3 7388 7034 1660 
3 2319 569 1264 
3 7861 6708 6576 
3 1132 1134 3577 
3 1086 6342 5866 
3 6730 3331 3324 
3 2692 7175 5779 
3 3026 6706 1191 
3 6852 6739 6620 
3 815 7987 1851 
3 6820 6346 7156 
3 7428 7781 7778 
3 4066 4049 7506 
3 2741 2761 2215 
3 7622 7507 7734 
3 4355 1188 2185 
3 7506 7397 4066 
3 6054 6572 6575 
3 3402 7328 1165 
3 7739 7507 7622 
3 7399 7512 7513 
3 7505 7624 7960 
3 762 2045 5676 
3 7231 7233 6994 
3 7401 7625 7742 
3 6712 7285 2956 
3 3668 4075 4072 
3 5055 2334 448 
3 6141 6143 3060 
3 707 3457 3449 
3 494 665 666 
3 7891 2072 7892 
3 2386 2147 2264 
3 7361 7244 7362 
3 2137 2160 2210 
3 5036 3926 90 
3 772 1928 1918 
3 7405 7289 7632 
3 7164 4850 3696 
3 7407 4134 7290 
3 7866 7964 7634 
3 7964 7178 7634 
3 6189 6657 6878 
3 5538 7689 3832 
3 4134 7866 7290 
3 4828 3759 4818 
3 941 2016 1494 
3 3147 7891 7876 
3 7752 7517 723 
3 5296 5280 5285 
3 2312 84 100 
3 495 1280 2620 
3 3355 1002 3683 
3 7872 7295 7522 
3 7642 1928 7523 
3 7523 1928 7297 
3 2495 4287 4299 
3 102 2884 90 
3 7524 7189 7759 
3 6961 7193 7976 
3 7417 6852 1982 
3 4445 76 4663 
3 4823 4865 5397 
3 7302 7978 4232 
3 2539 2543 4961 
3 6857 7765 5444 
3 5353 5339 7969 
3 7884 7769 7985 
3 2607 2054 3301 
3 7424 7770 7989 
3 7773 7654 7779 
3 4633 4610 7335 
3 280 3588 3035 
3 3772 65 724 
3 7019 7600 7014 
3 7654 7655 7656 
3 7654 7778 7779 
3 4657 6741 3123 
3 2294 4403 3397 
3 7778 7781 7779 
3 946 7429 7314 
3 1239 7781 7428 
3 7513 7865 7061 
3 7544 7542 7784 
3 1097 4106 2955 
3 7087 2605 2593 
3 7216 7549 7895 
3 6871 6979 2175 
3 7898 6871 2175 
3 7023 7260 7026 
3 4790 6093 380 
3 7670 7556 7789 
3 1027 7668 7667 
3 1134 4144 3577 
3 4721 4575 5251 
3 3262 6064 3764 
3 7330 7791 7560 
3 1995 305 3622 
3 4931 1218 1225 
3 4769 4823 5397 
3 7902 7561 7441 
3 7444 5702 7905 
3 3179 4346 4964 
3 3452 2265 7451 
3 7797 7336 7455 
3 3147 2072 7891 
3 7451 2265 7100 
3 7567 3361 7568 
3 5538 3805 7971 
3 3265 7907 1125 
3 3361 7569 7568 
3 5113 6819 6308 
3 3738 1326 2524 
3 1741 1870 1804 
3 4046 4037 7434 
3 7570 1227 1181 
3 7571 6920 7677 
3 7181 7751 7410 
3 1547 1428 1783 
3 4162 5288 3578 
3 7807 7346 7912 
3 6721 5662 3264 
3 7806 7112 7575 
3 7799 7462 7810 
3 7346 7683 7912 
3 6283 4453 6803 
3 4346 3179 3770 
3 7474 7356 7357 
3 7914 3563 7811 
3 2568 3774 3229 
3 2391 2639 1802 
3 4485 4486 2122 
3 6897 3391 5228 
3 1604 496 2670 
3 7113 7581 1287 
3 7686 7685 1287 
3 7580 7238 22 
3 5474 4345 4928 
3 694 2086 486 
3 5474 4882 4333 
3 7466 7816 7818 
3 4956 2540 2539 
3 3592 7916 7813 
3 5092 1509 4471 
3 7462 7799 7572 
3 7821 7586 7587 
3 4348 6039 6527 
3 4333 4345 5474 
3 7823 7825 7472 
3 7319 1669 3817 
3 7694 7923 7693 
3 7752 685 7635 
3 3052 2636 2795 
3 7476 7926 1444 
3 7257 1359 5953 
3 2607 7785 375 
3 7592 7475 7925 
3 559 7508 7736 
3 5584 4110 278 
3 7595 7836 7370 
3 7477 154 7926 
3 7593 7832 7698 
3 7698 175 7369 
3 7699 7934 7831 
3 3738 4948 1326 
3 4181 3984 4681 
3 7527 6850 6961 
3 7702 236 7934 
3 5193 1339 5620 
3 4652 2051 4650 
3 4726 4620 468 
3 7938 7374 7372 
3 236 7706 7708 
3 7374 7938 7490 
3 7939 7710 1560 
3 6765 5650 4142 
3 7651 4310 7769 
3 7712 7488 7378 
3 4709 2863 3578 
3 3856 2691 4453 
3 108 7924 7923 
3 154 2160 4825 
3 586 1696 1694 
3 7948 7494 372 
3 7607 7946 7848 
3 7949 7496 5040 
3 362 324 7605 
3 7267 6925 7031 
3 3707 2504 3730 
3 7851 5036 7947 
3 7270 7852 7722 
3 7852 7855 7854 
3 7333 7388 1663 
3 7333 459 7388 
3 1487 2134 1517 
3 7272 6815 459 
3 7266 5040 7496 
3 7853 7616 7386 
3 7634 7178 6953 
3 3991 7615 7860 
3 2522 4318 598 
3 7466 7468 6788 
3 7153 7616 7728 
3 6491 4865 5431 
3 7860 7615 7274 
3 7859 5130 7728 
3 7751 3013 3014 
3 7860 7274 7862 
3 626 2977 7865 
3 7956 7502 493 
3 4649 1514 7817 
3 7956 7734 7275 
3 7478 7479 7592 
3 1587 5192 5190 
3 2171 3331 4426 
3 7955 7736 7508 
3 5130 5180 7955 
3 643 3445 1677 
3 280 3035 283 
3 1801 7740 559 
3 2761 4355 2185 
3 2682 7708 4972 
3 6712 2956 4093 
3 4904 2479 2499 
3 7171 4079 7741 
3 5585 6096 5700 
3 5851 7435 1587 
3 1427 7694 4825 
3 3089 3698 4287 
3 7260 7494 7141 
3 1811 5394 1185 
3 7632 2978 7404 
3 4193 3579 5359 
3 7865 2977 7748 
3 4769 4746 4801 
3 4945 4854 4946 
3 5136 723 4168 
3 2546 375 1494 
3 2218 2823 6423 
3 7753 7519 3024 
3 7033 7270 7146 
3 5770 850 7379 
3 7512 6428 626 
3 4876 3686 3092 
3 3039 7639 5339 
3 3702 3707 4275 
3 7185 7969 7639 
3 799 7297 1928 
3 5030 2034 2032 
3 7524 7973 1937 
3 2032 3803 5030 
3 4107 4117 1099 
3 2948 7434 4037 
3 821 7529 7417 
3 821 7417 1982 
3 7197 862 7649 
3 7419 5435 7418 
3 6587 862 7197 
3 7765 4276 5444 
3 3258 5655 5670 
3 3229 4370 3803 
3 519 7956 493 
3 5648 5659 3914 
3 7982 7768 2040 
3 4243 3676 3686 
3 3009 4353 4917 
3 7771 7986 7652 
3 1019 946 7314 
3 4310 7531 6629 
3 7989 7770 7884 
3 7885 7771 7653 
3 7187 6614 5759 
3 7769 7884 7770 
3 7424 7989 912 
3 4663 1272 4717 
3 7600 7019 7381 
3 7429 946 7661 
3 7885 7653 7773 
3 7773 7779 7885 
3 7349 4514 6870 
3 4633 788 4610 
3 5288 4162 3657 
3 1523 2106 3341 
3 7534 2443 823 
3 7314 7658 1019 
3 7779 7781 1239 
3 1844 6457 1391 
3 1415 108 1405 
3 7410 3024 7519 
3 2020 5655 3242 
3 7667 7551 435 
3 3678 3064 3653 
3 7784 2131 7544 
3 7784 7783 948 
3 1511 7817 1514 
3 7784 6642 7783 
3 3761 3763 3669 
3 7545 7544 3294 
3 66 1254 1770 
3 7545 3294 5589 
3 7545 5589 14 
3 4120 1913 812 
3 90 3422 5036 
3 4833 3676 4243 
3 2913 3479 3972 
3 4370 3229 3774 
3 2171 7666 3331 
3 7898 2163 7549 
3 7437 7670 1038 
3 7668 7554 7436 
3 4445 7254 76 
3 4679 4086 3532 
3 4365 2591 3219 
3 5538 3832 2359 
3 6816 7616 7153 
3 3046 4833 4822 
3 2002 7793 7672 
3 1469 2016 6629 
3 5280 5266 4709 
3 7793 1062 7331 
3 2002 1062 7793 
3 4769 5397 5376 
3 1093 7672 7445 
3 7672 2100 2002 
3 4679 3532 1703 
3 1125 7907 7906 
3 2175 7552 3351 
3 2831 971 5885 
3 2403 2948 3518 
3 2591 4365 3770 
3 3409 7569 3361 
3 2286 7797 3409 
3 219 793 4513 
3 7101 7339 7455 
3 4212 3645 5423 
3 7459 7909 7802 
3 7574 1203 7573 
3 1969 1550 1786 
3 1422 6088 2723 
3 4577 1170 5451 
3 4769 5376 5341 
3 7681 7910 6487 
3 7797 3452 7451 
3 4209 3026 4822 
3 7827 2564 7817 
3 7667 435 1027 
3 1805 5423 3645 
3 6959 7803 7911 
3 7901 7670 7789 
3 6959 7576 7803 
3 7112 7806 7499 
3 4009 4285 3862 
3 702 5261 6867 
3 668 2711 54 
3 5164 5100 5017 
3 1287 1302 7686 
3 1317 3980 3479 
3 7512 2939 6428 
3 284 3459 2810 
3 2912 2704 2970 
3 7688 7815 18 
3 18 1336 7688 
3 28 2767 1384 
3 778 2952 3524 
3 5973 7919 1336 
3 7816 3616 7818 
3 1359 7821 7587 
3 7509 7739 2907 
3 7482 7249 7702 
3 111 1394 7923 
3 2403 7434 2948 
3 7924 108 113 
3 7670 7437 7556 
3 5587 5609 5595 
3 113 7925 7924 
3 2282 3445 2289 
3 7828 7925 142 
3 7923 7924 7693 
3 4288 5950 4828 
3 7927 7828 142 
3 643 1192 7412 
3 7593 7828 7927 
3 7925 7828 7592 
3 3626 3620 2392 
3 2593 7698 7832 
3 2378 1955 2381 
3 5274 3506 4045 
3 7369 175 7595 
3 7836 7595 175 
3 7833 7700 1473 
3 6398 6961 6850 
3 7933 7836 175 
3 4194 5908 3717 
3 6672 6904 7470 
3 7933 7935 7836 
3 621 2266 3284 
3 7701 7700 7833 
3 234 7834 7838 
3 1707 7860 491 
3 4169 3618 3001 
3 1495 7937 7837 
3 5856 947 2793 
3 234 7838 7939 
3 7671 7789 7220 
3 7941 7707 253 
3 7940 7941 253 
3 7711 1560 7710 
3 7708 7600 4972 
3 7943 7490 7938 
3 1646 4045 1655 
3 2248 2254 8 
3 7842 7605 324 
3 7709 7941 7713 
3 900 294 4593 
3 362 7605 7493 
3 7605 7140 7493 
3 393 230 1564 
3 5451 7803 7576 
3 7845 7381 2731 
3 7922 142 113 
3 3891 5040 7849 
3 2731 7381 7848 
3 3991 7951 7500 
3 2139 4144 4167 
3 7263 7139 6445 
3 3926 7385 5050 
3 406 7721 7948 
3 6456 4746 5341 
3 1434 4230 1978 
3 1660 7721 406 
3 7302 7301 7645 
3 1663 7388 1660 
3 5221 6426 5368 
3 7723 5082 7385 
3 3991 7500 7615 
3 1015 5692 2091 
3 2084 1562 3959 
3 2913 5787 1317 
3 3479 2913 1317 
3 3707 3730 4309 
3 2845 4609 1632 
3 7860 7862 491 
3 1232 7887 7590 
3 3009 4928 4345 
3 7730 1756 525 
3 3962 141 2918 
3 525 7862 7730 
3 3459 1615 3469 
3 1756 7863 4049 
3 5285 5950 4228 
3 2286 455 7797 
3 7955 7508 7619 
3 2907 2939 7509 
3 2263 2878 5271 
3 3324 14 5610 
3 3582 2338 2982 
3 7730 7863 1756 
3 141 3962 1831 
3 6749 7856 6752 
3 7281 7739 7509 
3 7628 6582 1114 
3 5043 3267 3880 
3 7625 6712 4093 
3 2873 2263 7958 
3 402 1946 7598 
3 7610 768 780 
3 1954 6518 869 
3 7947 7848 7946 
3 6484 6825 6586 
3 2208 7554 7668 
3 3960 3443 7324 
3 7746 2978 5252 
3 4967 102 1810 
3 2452 1106 1816 
3 3011 7752 723 
3 1203 3753 6891 
3 3014 7410 7751 
3 6272 4522 6277 
3 7004 6672 7470 
3 4193 2470 3579 
3 1118 4713 6541 
3 5338 7872 7755 
3 5339 7639 7969 
3 772 799 1928 
3 1918 7642 7872 
3 2040 3176 1501 
3 3817 7589 7319 
3 5376 5396 5993 
3 4193 786 772 
3 6214 6212 809 
3 7635 7291 7517 
3 4201 803 786 
3 2541 2433 2313 
3 1937 780 7073 
3 7297 799 803 
3 7524 7759 7973 
3 3013 7867 7964 
3 7510 7746 2958 
3 1939 7976 7974 
3 7969 768 5353 
3 7644 3087 7645 
3 7529 821 814 
3 7302 4232 7979 
3 293 364 277 
3 1239 945 936 
3 7418 5435 3132 
3 3944 3940 3939 
3 873 7531 7649 
3 7765 7880 4276 
3 5990 5993 6001 
3 5444 4276 4273 
3 7418 3132 7878 
3 7419 6857 5444 
3 406 86 96 
3 7727 7725 7040 
3 7768 7986 2040 
3 1694 614 589 
3 86 691 2316 
3 5270 4720 4214 
3 6039 4330 6041 
3 7450 7451 7100 
3 2289 2295 3525 
3 7885 3217 2056 
3 6537 5666 5349 
3 7885 7779 930 
3 102 5275 1810 
3 930 1239 936 
3 84 2312 2868 
3 3201 3345 3654 
3 3727 3734 5944 
3 6920 3531 7677 
3 4039 4633 5169 
3 4595 6834 3270 
3 3279 7888 7320 
3 4154 4180 4194 
3 1347 5571 4642 
3 2931 1717 4103 
3 493 7502 1712 
3 7216 7895 7432 
3 2735 7944 2727 
3 6608 2519 1307 
3 7583 7816 7466 
3 5266 4720 5270 
3 7669 1165 7558 
3 6728 1511 2672 
3 3438 2793 947 
3 5576 7364 713 
3 4325 66 2862 
3 1093 2100 7672 
3 5692 2100 1093 
3 5266 5270 5265 
3 90 2884 3430 
3 5265 5270 4735 
3 7906 7905 4505 
3 4818 3759 4324 
3 1050 4085 4091 
3 4582 5141 4565 
3 7676 4544 7567 
3 7572 7799 7571 
3 7879 7329 4506 
3 5682 6421 6777 
3 3361 7567 4620 
3 7677 3531 7103 
3 7228 1176 7347 
3 3991 7860 1707 
3 7807 7909 7679 
3 6342 1086 1638 
3 7911 7803 1170 
3 1181 1227 5827 
3 7579 7215 7810 
3 3548 1391 7987 
3 2408 7499 7806 
3 6959 2409 7811 
3 1167 580 2759 
3 5278 5355 5143 
3 1005 2253 1646 
3 7215 7579 2767 
3 2875 3167 3067 
3 1302 7915 7686 
3 1287 7581 3585 
3 2462 18 7915 
3 4705 4682 7580 
3 7815 7915 18 
3 7633 60 7589 
3 1336 7919 7688 
3 7821 3616 7816 
3 7291 7408 6952 
3 3635 7690 2467 
3 3635 1359 7690 
3 1359 7587 7690 
3 2266 4364 3869 
3 3418 5873 1419 
3 60 7823 7356 
3 7919 5973 7921 
3 1384 7822 1388 
3 7925 113 142 
3 7922 1415 1404 
3 4168 1400 5136 
3 7922 113 1415 
3 7923 1394 108 
3 5356 3051 217 
3 7930 5415 1623 
3 5138 5388 5356 
3 5388 5415 5356 
3 5356 5415 7930 
3 4453 2691 6301 
3 5520 5523 2098 
3 4433 3430 2884 
3 4967 5523 5520 
3 5520 5517 4967 
3 2884 4967 5517 
3 2884 5517 4433 
3 4141 4728 4812 
3 4141 4812 4651 
3 4728 4141 4213 
3 2401 2330 2570 
3 2087 1963 2204 
3 3486 3327 3729 
3 3330 3327 3486 
3 4516 4234 4670 
3 7813 7916 7469 
3 7813 7117 7350 
3 7469 7117 7813 
3 7916 7690 7469 
3 2459 7690 7916 
3 2459 2467 7690 
3 50 35 46 
3 50 36 35 
3 903 872 832 
3 3723 3174 3023 
3 3723 4156 3174 
3 1061 1022 7994 
3 5931 5158 5304 
3 6325 6542 5374 
3 5304 5084 5081 
3 5304 5081 5811 
3 5158 5931 5374 
3 5374 5931 6203 
3 6325 5374 6203 
3 7993 7686 7815 
3 7236 7685 7991 
3 7993 7992 7686 
3 7685 7686 7992 
3 6896 7232 7992 
3 7232 6896 6536 
3 7994 1143 1061 
3 1186 7994 1022 
3 1060 1182 1020 
3 1060 1020 7995 
3 1060 7997 1182 
3 1060 7998 7997 
3 7995 1020 7996 
3 1143 7994 1183 
3 7994 7998 1183 
3 7997 7998 7994 
3 530 508 703 
3 7999 7824 7912 
3 7683 7999 7912 
