ply
format ascii 1.0
comment VCGLIB generated
element vertex 4000
property float x
property float y
property float z
element face 7996
property list uchar int vertex_indices
end_header
-53.02621 66.42735 -57.35556 
-52.0597 68.25252 -57.68689 
-51.78732 68.18266 -56.80949 
-54.3911 68.72994 -56.62419 
-51.68943 67.1589 -56.66906 
-53.65857 69.17258 -54.21398 
-56.63215 58.61588 -54.81435 
-29.36144 65.18781 6.271172 
-55.41335 67.0892 -56.08823 
-56.63596 69.70851 -54.01317 
26.52603 -6.735079 19.88771 
2.487067 17.8588 29.8153 
-59.10978 58.97512 -54.0233 
-57.98056 60.03764 -54.84427 
7.190169 11.28149 27.08325 
-49.286 73.97138 -54.05573 
-21.33608 2.892701 25.4093 
-49.96076 76.18855 -53.51521 
32.53041 -27.56636 10.88193 
-50.7867 74.70685 -54.87777 
32.73396 -27.23151 12.01216 
22.61861 50.90132 25.30742 
5.102098 20.91986 30.8274 
-7.244029 22.56117 31.40862 
-52.79756 67.56503 -54.88296 
-52.36952 72.82826 -51.65093 
-56.77865 59.60957 -54.8993 
-32.72599 -4.097771 19.32428 
34.48101 -22.10701 9.848755 
-58.94921 66.85794 -51.6465 
-41.24122 -43.59101 8.571532 
-58.44356 58.38135 -51.91107 
14.35205 -20.75125 11.08478 
-58.17827 65.90686 -51.68276 
-15.8373 -3.777998 18.50394 
-21.95593 -19.82766 10.88782 
-55.71119 65.48557 -52.21914 
-55.24611 65.83722 -51.67333 
-42.9939 -18.27635 11.25948 
-60.27142 59.10795 -51.01091 
-57.54699 62.14882 -52.25581 
12.36916 26.02929 28.76527 
-54.83513 73.87389 -52.30395 
-42.08462 -14.46002 10.06651 
-33.24586 -0.9128073 20.3014 
-59.95822 63.55239 -48.58265 
-56.73059 64.93928 -49.52015 
-10.76954 14.71137 27.50923 
-14.54072 27.06332 28.77484 
-54.27625 75.9654 -52.51537 
-51.95872 75.26348 -49.21029 
-25.46603 2.48988 25.39259 
-52.86639 76.75075 -50.99174 
-60.24786 61.17274 -52.4018 
-33.84611 -37.8378 7.023224 
-57.17136 62.83076 -49.40699 
-19.20321 4.499445 25.60093 
-59.74078 68.89648 -47.66859 
-58.11654 69.71331 -51.49556 
-55.5521 69.44717 -49.75395 
-55.8026 70.64774 -47.972 
2.315237 4.530882 18.05532 
6.550621 42.33837 34.72044 
-56.88482 72.82172 -49.86501 
-56.94528 74.53267 -49.84361 
-1.709182 60.21943 -48.79433 
-0.1104852 61.57911 -48.95721 
-56.20505 61.60168 -48.65334 
-36.52397 -36.85733 7.477109 
2.351871 58.93568 -48.16538 
0.827843 60.15876 -47.92534 
2.905522 61.04157 -48.66277 
-61.5727 62.41655 -47.77451 
-56.4537 64.18525 -48.42755 
-60.55511 66.00487 -47.81976 
-27.42602 -37.36301 7.339052 
-57.2174 70.14917 -47.48535 
-28.97026 -50.4441 25.95715 
-9.811073 67.78915 37.06268 
-24.73893 -32.61732 6.175923 
-35.07742 9.794167 18.69828 
-59.3845 64.48692 -47.90338 
35.1559 -1.905751 10.02483 
-55.69838 68.08111 -48.9018 
-54.08567 71.59118 -47.65609 
-26.59936 55.50392 24.1283 
-33.22022 13.27775 18.33425 
-57.59962 59.12373 -47.78009 
-13.08038 14.28698 27.97505 
-58.85117 72.25074 -46.4608 
-29.78066 15.88698 18.86214 
-0.3220567 58.66612 -48.16328 
-60.5229 59.19596 -47.46785 
-27.98962 3.793741 24.76034 
0.6125171 61.66016 -46.0408 
-62.32046 60.83214 -46.42861 
4.19277 2.784512 11.70753 
-61.45853 67.59795 -46.38798 
-53.05381 74.44158 -46.31052 
-56.17255 76.24792 -48.365 
-24.52325 20.89437 17.44534 
-57.5465 58.74546 -45.44308 
3.814238 60.53844 -45.68851 
-59.19685 70.94528 -46.06143 
-60.29245 58.52399 -45.28891 
18.36529 23.82745 19.25183 
-16.70726 40.92303 31.50912 
-55.82274 60.99857 -46.4152 
-52.43413 74.88691 -45.06533 
-58.16573 75.21007 -45.91144 
-20.58196 26.72635 18.38109 
3.025438 58.08961 -45.92868 
-2.814155 58.99065 -45.97065 
-62.13606 62.02594 -45.61529 
-1.733536 60.99435 -45.53102 
-61.23657 63.89361 -46.32901 
17.56845 31.0725 21.09637 
-60.99474 68.6559 -45.30617 
29.78476 -29.46662 8.143975 
16.88015 42.79794 28.08286 
17.92823 32.47042 18.95724 
-48.29913 84.01688 -44.98993 
-0.2352256 57.53788 -45.53345 
-3.305816 56.76925 -43.94945 
-25.24273 6.745277 25.5585 
-21.21151 38.2028 17.48816 
19.33429 38.81458 19.76136 
17.31117 46.3024 30.47159 
-54.21341 67.40688 -46.3221 
-55.01275 69.7729 -46.98888 
-26.58087 18.1007 10.7786 
-53.91228 75.51746 -45.66193 
-49.51822 83.62022 -46.11399 
15.96764 -40.17126 16.50646 
-16.36427 6.770357 25.92468 
-56.06721 64.23879 -46.43149 
-53.10689 70.99161 -45.18119 
-59.66682 74.34708 -44.94835 
14.79475 -32.72782 25.38046 
0.454374 56.97197 -44.18685 
-62.30956 59.62822 -44.06654 
-20.2223 31.24977 9.085188 
19.72947 48.17592 29.285 
24.30986 53.95433 20.8934 
25.76316 57.13477 19.80957 
-58.34881 76.19601 -44.37771 
16.1284 -22.4593 7.88723 
-1.159516 56.30726 -42.29357 
-60.62588 57.79333 -43.04454 
8.690273 64.56754 37.4807 
5.901114 59.09433 -44.33186 
2.040131 67.95255 37.57943 
23.94588 41.60693 11.71599 
-62.58979 66.85683 -43.92603 
-59.788 70.87332 -44.73226 
-52.13802 80.86626 -45.04482 
20.11095 57.79738 30.74221 
-50.11815 81.09344 -44.2529 
27.35095 47.83312 12.57607 
-5.777497 58.46927 -43.3682 
-54.3247 65.63192 -45.48522 
-60.70086 70.32189 -42.5015 
-60.71791 72.49477 -42.96961 
-52.39684 73.23698 -43.81175 
59.20957 75.37004 -43.24817 
-54.66463 79.30096 -43.60733 
-5.624469 6.516357 25.51421 
52.29905 81.14468 -43.8593 
-52.66304 83.75021 -43.86067 
-4.230255 62.152 -41.91753 
-54.97791 63.66983 -42.10196 
1.390709 62.93509 -43.7017 
-62.96957 62.98309 -44.17946 
-61.91829 64.87669 -43.7234 
-20.71198 78.27525 18.22799 
20.22781 77.64882 19.14341 
-61.64819 69.16368 -43.31349 
37.49546 52.32476 10.55429 
-52.50486 74.22636 -42.62389 
-55.10381 77.01208 -43.09794 
-52.52322 76.74224 -42.80106 
-49.6706 81.0759 -42.63493 
52.81108 80.17427 -42.73291 
51.77609 81.78008 -42.69425 
-49.12984 83.0126 -43.64279 
-49.92944 84.34326 -43.98865 
1.562006 55.6916 -41.68103 
3.727452 56.23188 -43.24401 
5.082692 56.43531 -43.67323 
24.38704 56.41347 25.05739 
-55.0933 61.79774 -44.77626 
-5.05379 60.62846 -43.84071 
-24.96185 -44.19394 16.04195 
-1.382953 62.76296 -42.80218 
-42.78186 -18.94178 5.902276 
-53.74591 68.08946 -42.06164 
-33.72449 58.4939 10.72019 
-52.17654 70.53868 -42.4044 
-59.79548 75.13368 -42.32423 
29.92287 -39.89747 20.29484 
53.95698 82.78695 -42.34915 
18.97226 69.89098 29.56652 
6.623392 57.11901 -41.99011 
-60.42133 58.61126 -40.50111 
-57.83167 58.31648 -42.08252 
18.52468 30.40678 17.62366 
-19.99805 30.82622 18.15446 
-55.65175 59.94585 -44.22841 
6.686177 87.74383 17.56469 
57.58717 75.40317 -42.75073 
-57.74805 76.11753 -41.93831 
-6.990464 61.71412 -39.9454 
3.26249 61.75765 -43.06086 
-62.56793 68.44183 -40.45138 
-50.94339 74.52372 -40.71083 
-19.28601 6.225353 25.58783 
-57.90792 78.11469 -41.17112 
56.76728 81.00477 -41.25578 
-52.06052 79.62318 -39.16008 
-38.43298 -52.91777 19.43922 
-2.235337 54.67616 -41.51002 
-31.17778 -52.6779 21.09468 
0.3177346 54.85773 -42.40635 
2.921266 54.46677 -41.4412 
3.086014 54.47526 -39.41645 
15.95092 -52.38042 16.23798 
28.93968 -52.77073 21.46027 
-28.40541 71.29885 8.293422 
13.7788 -49.1417 19.94087 
54.71658 80.06396 -42.88063 
-52.66024 82.74941 -41.37689 
-5.188199 57.04741 -42.12421 
30.46358 -44.94201 15.16358 
9.720415 67.36951 36.0203 
-36.77697 -48.08146 21.46804 
-53.50754 65.5126 -41.83034 
-0.6970425 64.0724 -41.63559 
-62.61285 65.34652 -40.62311 
-20.40602 7.957925 25.80365 
6.709528 88.49767 13.88883 
-50.82185 78.86665 -41.07957 
54.4151 78.85969 -39.47824 
4.228182 81.9969 29.82471 
-10.80402 46.95934 36.73538 
-3.180339 55.18992 -40.2974 
-4.782429 55.56557 -40.0962 
6.256597 56.79952 -40.15207 
-54.19305 60.77444 -39.36025 
7.163892 60.7907 -41.38926 
-53.59237 62.09514 -39.1696 
-1.186389 64.3995 -39.28537 
-21.53485 44.95751 27.9654 
59.484 73.06309 -41.31091 
60.70923 76.2198 -40.51296 
28.99423 -41.35235 19.18467 
-56.40258 79.09622 -41.04387 
1.427086 55.04753 -40.34038 
-1.86357 1.518686 43.10765 
-2.898221 63.24215 -38.54494 
2.396761 63.78365 -41.01344 
34.97952 -4.406064 7.330622 
39.13816 -53.24858 9.732245 
58.58003 75.73985 -37.16998 
-50.91926 77.51485 -40.83905 
56.86427 82.14994 -40.15097 
48.17222 87.63982 -39.6979 
-0.7138523 54.45098 -38.0849 
-56.8462 58.54391 -38.75007 
-62.44381 59.95866 -41.26646 
-6.724873 58.6968 -40.96566 
-2.050977 69.02982 37.96869 
2.844955 63.90086 -38.91411 
-59.02397 75.5803 -39.51977 
57.55156 77.2018 -42.4191 
50.62276 87.98244 -39.78106 
49.80297 88.89655 -38.77628 
32.62254 -31.1742 19.53885 
-61.59174 69.94646 -38.35889 
-51.91233 71.12872 -39.13787 
1.836881 57.30918 39.36362 
-61.01132 74.19211 -38.95181 
-27.00139 -44.13417 11.88153 
-12.11318 57.08994 37.04836 
-4.953564 56.37359 -38.71292 
-7.098586 58.48038 -38.35124 
-62.90768 62.39222 -40.83625 
1.249955 -2.524708 45.1268 
61.85149 73.15064 -38.4351 
56.83563 72.33202 -37.08286 
4.968922 3.124134 7.695408 
-50.36586 76.68473 -37.22712 
60.31483 76.24054 -37.69385 
-38.82043 -40.26091 11.34179 
56.69933 82.43448 -37.01789 
49.79556 86.32948 -39.51149 
-24.38723 -20.24776 18.43899 
4.919346 54.21215 -38.91769 
7.797235 60.63553 -39.33739 
3.944037 62.76382 -38.50803 
-1.615258 65.58615 -38.22821 
25.09779 -36.40348 10.85902 
2.984619 65.51762 -38.03824 
-62.09321 67.81361 -37.75797 
-51.85732 66.38397 -38.17553 
19.98776 -35.63749 10.24015 
57.33312 77.57107 -37.9929 
59.10938 80.33356 -37.0881 
-57.27596 79.53093 -38.48841 
-55.91334 79.97684 -39.40512 
27.32438 -35.45904 11.46858 
53.27151 81.69769 -39.10923 
23.36409 -34.97606 11.11778 
-5.822474 55.28337 -37.2322 
-61.98497 60.23329 -38.4216 
-28.14123 -19.16137 20.06782 
-4.663134 6.05732 7.704421 
29.84198 -17.05216 19.15319 
17.93689 -33.92334 10.28142 
-27.4223 47.14474 17.62095 
-50.48404 77.83353 -38.79605 
17.52605 25.01972 18.94367 
-2.208463 54.42875 -37.40732 
-5.275546 49.01273 37.74279 
-40.57762 -31.37433 9.848498 
4.845668 56.32615 -37.62475 
7.815146 58.19143 -38.47471 
26.6235 -15.94816 19.23686 
-7.932323 61.74646 -37.2695 
-32.18478 -15.09305 18.88383 
57.43373 74.58793 -37.74748 
-60.00494 75.37411 -37.61826 
62.12132 74.38976 -35.11975 
-57.3224 78.54875 -37.42802 
-55.27029 58.80106 -34.48535 
-61.88133 60.17856 -36.70206 
-8.581747 59.83692 -34.05821 
33.22766 -23.85935 11.84466 
-63.0721 63.05956 -37.87492 
6.826179 62.2538 -37.11084 
-6.09091 63.45351 -37.04969 
61.12737 70.29128 -36.80743 
58.33125 71.04811 -37.8576 
33.56294 -21.99257 10.89054 
-51.47091 69.48442 -38.13898 
56.34712 74.53826 -36.8854 
58.99197 78.71607 -37.33432 
-52.07943 76.96047 -35.61884 
-54.84451 79.08225 -37.01378 
-29.83036 15.52647 7.805779 
-25.08814 -49.17425 25.68094 
49.80047 87.46088 -36.49347 
25.05246 16.11756 7.16289 
7.581472 58.07075 -36.5677 
26.82418 -10.50774 18.50269 
-2.1511 65.62676 -36.07916 
-41.56517 -16.38247 11.93749 
-25.82314 -8.296885 19.15143 
55.95666 76.86944 -36.90201 
58.06196 76.40456 -36.62783 
53.34905 86.02554 -37.63535 
-23.36009 69.68495 24.31357 
-21.77228 -11.34867 10.96691 
-28.40143 -7.116342 19.6294 
-62.03412 62.96746 -35.4213 
-51.67213 63.43962 -35.5069 
8.509129 61.62262 -34.78114 
-17.35732 -8.079555 10.97372 
-50.28778 66.58549 -34.86229 
0.4518004 14.81222 29.67351 
59.13756 69.40353 -36.16358 
55.84354 73.79202 -35.03893 
54.04316 76.31877 -34.74342 
20.98199 18.84867 6.164877 
13.60791 -4.602015 19.70568 
54.48597 79.20635 -36.28466 
55.18313 81.65259 -36.13244 
2.158608 54.27442 -35.90245 
6.023005 56.1953 -36.24005 
28.69487 -5.695564 18.8477 
-60.42508 59.95999 -35.58688 
-52.93518 59.87853 -35.35818 
20.9162 71.43493 25.49793 
3.481239 65.76061 -35.66523 
2.479193 16.30303 30.34895 
-50.23108 75.18063 -37.69477 
-14.2688 -2.33042 19.32981 
-12.70343 -0.9113033 11.28062 
-11.70654 10.40482 25.96565 
57.96996 81.87108 -35.63704 
-6.077554 -9.377388 53.82121 
55.71857 85.15448 -34.40763 
53.41978 87.49506 -36.3561 
-14.50357 -0.1316449 20.76357 
1.330639 52.08072 -32.67341 
-2.390977 55.45672 -35.34716 
16.45506 26.26044 8.260753 
-6.144892 57.92599 -36.68677 
-3.661763 -9.805083 53.89256 
-58.39294 58.62926 -36.20837 
-19.55165 28.25226 7.190701 
-0.9284889 69.3234 -34.25087 
6.298264 2.91504 8.98182 
1.601252 66.83402 -35.86314 
16.61503 28.91603 9.248489 
62.52865 71.99159 -35.85463 
56.84941 70.49644 -36.03112 
-50.90474 75.52865 -35.94139 
-19.80043 31.35665 7.743723 
60.47625 76.10945 -35.02624 
-0.3641242 82.10391 30.82736 
-57.7828 78.29392 -36.01474 
60.0949 77.70419 -34.96898 
-54.93208 78.0294 -35.55363 
-38.56602 5.185281 9.943026 
-18.85893 31.07049 6.656861 
-6.450934 57.60699 -34.77524 
-0.2163627 6.340988 9.92951 
30.86902 10.43884 9.863739 
2.647071 68.21697 -34.35126 
18.71205 36.33767 4.994458 
55.88904 70.22354 -34.7641 
-61.43817 71.55103 -35.90919 
-60.76726 72.8935 -37.02294 
19.36345 36.16858 7.969843 
28.07873 14.1591 11.76614 
-5.141376 6.721945 19.9382 
-4.362535 -6.511183 46.70028 
54.7742 80.71366 -34.64095 
50.83192 84.79541 -36.97708 
25.84873 16.53164 11.26679 
-1.385937 53.05474 -35.00557 
0.1097884 53.91667 -34.18434 
2.305997 53.86965 -32.60284 
-51.78211 57.78388 -35.13731 
4.760939 70.46943 37.27138 
-29.53071 59.0832 17.80985 
-61.99957 66.38409 -35.17006 
27.61941 10.97162 19.56883 
-3.997569 67.45028 -34.22252 
36.88004 -50.13481 12.55118 
-49.28401 70.08549 -33.16521 
-61.30142 69.59161 -35.47569 
-60.17926 71.40563 -33.2579 
-27.56257 44.95965 6.695742 
-50.95255 74.6165 -33.89408 
26.27432 59.27351 17.97166 
20.85612 15.03649 19.7971 
-20.00771 29.78924 10.40495 
57.49136 81.34393 -33.60303 
54.62252 82.34925 -34.64856 
2.578097 55.6893 -35.04425 
-55.95565 56.61389 -33.14104 
4.325011 56.03384 -33.38078 
-4.661782 57.0041 -33.24599 
6.103991 57.54055 -35.137 
8.888141 59.87334 -34.11333 
-8.818435 62.34672 -32.34174 
-23.28112 39.04108 11.22354 
8.163335 63.25029 -33.18155 
5.280081 64.72431 -32.28395 
-24.47764 17.98537 21.63773 
-2.766549 68.68976 -34.06528 
62.16643 69.22476 -34.26313 
63.5373 71.96365 -33.07452 
-59.98126 74.66058 -34.90061 
52.96404 87.56596 -34.28354 
-4.532129 55.10366 -35.12542 
-50.22834 56.59104 -33.84648 
-57.4 59.29326 -33.42793 
-3.636266 64.68844 -34.0787 
4.691973 66.85603 -33.18576 
13.36661 8.590524 25.81953 
58.26867 67.36402 -34.24094 
-61.52566 65.66882 -33.55773 
-19.62798 34.4322 18.05844 
3.760221 69.3139 -33.26112 
-18.88431 55.87124 34.85041 
41.39771 53.55152 6.693489 
-49.69642 71.85516 -32.00553 
-49.55446 73.61614 -33.73491 
40.33015 56.88854 8.002797 
-5.711275 71.65073 -34.47954 
-34.52036 53.34012 10.47126 
59.86608 80.17167 -32.69323 
53.83984 79.79499 -33.66946 
55.84996 81.79893 -33.44341 
41.2215 59.6687 5.362479 
22.06017 42.17852 20.77753 
4.083407 54.14728 -32.83123 
-51.25128 55.72369 -33.89733 
23.32678 44.23964 19.49984 
-7.60183 63.51378 -33.86412 
-48.12679 66.82915 -32.77754 
7.180251 69.75694 -33.72699 
-61.73003 68.81211 -33.62675 
-29.25422 57.04268 20.82828 
-56.35616 75.84415 -32.52256 
-52.7218 76.21769 -32.5475 
61.10123 77.92323 -32.96902 
51.88345 81.25781 -32.70578 
57.0522 83.0425 -31.634 
55.03858 86.3641 -32.60464 
48.72598 89.79944 -33.37145 
-29.81676 61.20616 18.95209 
-51.52265 54.5713 -31.64361 
6.931869 58.1878 -31.81297 
8.042813 58.91512 -31.58225 
-60.02295 60.7062 -33.02232 
-49.90169 61.27253 -33.65305 
-5.787284 4.16056 29.91531 
-4.175083 65.95594 -32.46112 
-27.42208 72.05119 11.48668 
56.31483 67.57556 -31.61444 
6.863346 68.27213 -32.12169 
55.15739 69.40378 -31.74556 
-26.22668 68.85605 20.48368 
21.22892 75.74028 10.11807 
18.61051 78.56989 12.12681 
-23.57363 55.09417 27.97235 
18.02578 80.3913 11.70005 
-21.0531 48.5593 29.57076 
16.34658 81.08592 11.83496 
58.02427 81.27769 -31.96858 
-40.25633 55.2897 7.221239 
51.4638 85.6453 -32.20229 
49.96259 88.63683 -33.36068 
49.32175 90.54968 -31.85802 
-1.372319 51.04585 -31.43443 
-20.61614 77.49365 21.77038 
-60.02215 62.05797 -32.16953 
30.87572 -36.9181 19.36497 
-47.63839 64.22475 -31.74525 
4.503017 64.01649 -34.67314 
-6.274785 64.74399 -32.17098 
22.11148 73.27531 6.950325 
-7.436488 67.79231 -32.47976 
59.69792 67.34165 -31.69797 
-47.17888 68.88843 -30.9748 
63.39774 70.17388 -30.57092 
8.66944 71.18963 -31.63364 
5.226862 14.84249 28.25008 
-1.725371 66.20466 38.82275 
-16.05768 82.57353 20.88373 
-13.74944 83.17837 20.53827 
-4.323308 72.34307 -32.95564 
23.26649 71.71314 17.42956 
-57.50903 75.5182 -32.60271 
61.59678 74.95181 -31.57076 
52.04152 82.6983 -33.60258 
-3.35106 52.57534 -31.92487 
-48.88833 55.33109 -31.63859 
-50.94993 58.70982 -32.26596 
8.868508 61.46695 -29.28514 
18.06634 -53.00746 11.85461 
-3.882443 88.94865 18.43787 
-45.9422 69.81747 -31.89132 
3.282462 4.395159 29.67586 
6.024523 71.09372 -33.36447 
-3.057925 72.62654 -30.72032 
-7.844848 72.63126 -32.29534 
62.66632 73.85107 -31.74638 
14.79851 83.03146 8.297663 
30.64004 -53.73385 19.34794 
-53.78834 73.90582 -30.71029 
-35.67661 -53.27241 20.67626 
25.49163 45.73733 10.78965 
-6.03955 55.75745 -31.29588 
-6.778358 58.89163 -31.19852 
-48.33268 59.88751 -30.88014 
13.78484 -52.36741 20.2579 
-61.03717 61.92258 -30.53603 
20.32222 -52.75047 18.32913 
5.384213 66.3055 -31.61672 
-59.35252 69.46558 -29.89348 
-9.642896 88.11893 7.683288 
18.19966 35.18123 19.02693 
-22.08497 -28.23449 15.59681 
8.59605 70.16197 -30.30644 
-8.66986 70.71397 -29.54115 
-18.69114 18.38218 24.74522 
62.12748 76.85176 -30.37966 
-5.97389 90.26493 10.76895 
51.29729 81.71883 -31.37688 
-18.64069 72.24111 29.56088 
-4.180614 55.00054 -31.39569 
-53.82029 54.06784 -30.93823 
-58.88086 58.18067 -31.77979 
-31.65631 -53.68736 9.261609 
7.471337 65.91644 -30.3346 
19.36745 78.06056 16.9224 
-60.19889 65.68566 -31.0873 
-60.25864 69.71995 -32.31152 
-7.136374 71.17616 -33.64118 
-21.27369 76.09673 7.109707 
-0.1969904 72.12921 -30.36371 
15.27301 75.07424 29.70241 
60.51035 79.36716 -30.6474 
-46.99993 -53.31717 6.911129 
54.31585 85.38422 -29.90152 
-4.12017 45.64704 35.06562 
-37.74639 -39.06229 19.18553 
52.6491 87.92665 -29.451 
13.79857 -37.30125 18.49681 
16.85704 80.41962 16.06531 
2.944227 51.4502 -30.5756 
12.85591 -34.26863 19.96009 
-4.397962 51.98537 -30.57842 
4.187626 53.66198 -30.82768 
3.908878 56.43132 -31.44489 
-48.77915 56.83998 -29.04625 
-16.52795 18.13079 26.64961 
-20.96775 -30.34651 10.96541 
14.34602 -31.29519 11.53855 
-18.40383 20.66326 25.04747 
-44.04743 70.7213 -29.99346 
13.233 -28.43593 11.28914 
5.360058 73.27287 -29.15339 
-58.99205 73.07076 -30.79575 
-4.580028 73.44437 -30.31293 
12.71054 -30.90553 20.03152 
-41.92908 -25.81203 11.91461 
51.19653 81.74221 -29.53993 
41.55184 56.74007 6.467695 
-13.8629 88.61752 -30.30024 
-12.3292 91.20123 -30.17868 
-14.80419 89.95553 -30.8831 
-17.06912 92.71923 -31.13772 
-22.48123 -22.5923 16.76626 
-16.42487 82.83086 17.53179 
-22.73411 50.26026 28.05484 
-20.9901 95.9311 -31.47594 
14.57197 83.50201 17.66416 
-60.33675 59.08523 -31.06208 
-8.531531 83.75805 25.79847 
33.28476 -19.20432 10.64693 
6.002117 56.77394 -29.95961 
6.48946 59.63912 -29.41063 
-24.32017 -22.74631 19.1602 
-8.788193 62.12458 -29.9161 
-60.42241 65.33385 -30.49243 
7.793523 64.085 -30.40233 
-46.09716 66.8979 -29.48215 
-46.74141 72.09551 -30.19471 
12.95058 -23.3662 16.89751 
18.24508 -49.82522 9.913893 
-51.9175 73.46765 -31.22738 
18.71384 -52.65569 32.04544 
52.92007 75.94466 -30.07847 
21.96151 -53.56673 28.85415 
51.35076 79.17472 -31.12551 
50.86811 79.28589 -29.67649 
-52.06878 -48.20622 4.625255 
-21.24089 95.38055 -31.18394 
-48.30392 -47.38281 7.073643 
-58.05685 54.99951 -28.8725 
-46.4672 59.56258 -28.96074 
-61.7957 64.23672 -29.22186 
-8.433569 63.42485 -30.33088 
57.57954 65.21584 -27.80339 
8.916744 68.41624 -30.19548 
-44.01374 69.21666 -30.06822 
-13.56195 -3.923633 11.38458 
-44.62162 71.37176 -28.74668 
-58.38432 71.41281 -29.25819 
17.57985 -18.73477 21.06252 
8.516271 73.78626 -26.33345 
-54.62952 74.49686 -27.79887 
3.970406 74.6966 -29.98126 
-0.2992307 74.24512 -30.64893 
17.33297 -45.95419 30.57877 
51.2314 89.74477 -31.07953 
-13.97379 89.64241 -28.89805 
-22.52118 96.20604 -30.20846 
-5.930185 -3.137684 43.52734 
20.32042 -11.38145 19.53499 
11.94661 -3.117039 18.61275 
-61.80496 61.27248 -28.80181 
21.95297 -38.3404 30.75769 
25.02272 -44.45199 8.967526 
-7.302924 66.32288 -31.27693 
24.27747 -12.31638 20.00295 
-3.739277 6.020636 10.41582 
54.76236 66.01698 -29.62176 
63.47712 72.51453 -29.91055 
-56.83769 73.0859 -29.4288 
-8.86023 72.37482 -30.24974 
23.33678 -10.49017 19.63785 
-8.525092 74.06892 -28.13374 
-51.95374 74.0725 -28.52656 
-7.192992 75.87695 -29.29123 
-8.798165 75.49067 -28.3539 
33.47755 4.881882 12.93561 
-4.13238 75.44462 -30.34402 
59.15134 80.21201 -29.16628 
-31.92852 -44.63809 6.817448 
12.2883 85.86942 -29.55237 
-11.53228 86.71369 -30.63301 
-33.59374 -42.23221 8.349831 
14.66376 26.35071 26.30385 
13.93045 88.72235 -29.42277 
-32.387 14.29127 11.42939 
15.87751 91.94234 -29.10684 
2.769009 3.285656 29.65531 
-0.2155278 51.56348 -28.81025 
22.19235 18.3288 12.10224 
-52.87817 53.58334 -29.71913 
-34.56574 -40.28476 8.115894 
-31.2037 -39.33958 7.234908 
-24.39018 21.56671 10.58316 
-45.6813 68.27923 -28.6578 
-60.87343 67.55206 -28.64298 
62.1529 68.30025 -28.69607 
3.309267 9.359018 29.33309 
51.14114 76.5936 -28.01908 
10.90577 82.96488 -29.19238 
-18.12679 75.44859 27.59245 
56.29723 84.83698 -28.84289 
-8.861666 85.22723 -28.59067 
49.01771 86.89444 -30.42499 
19.36239 36.42791 13.71771 
-10.0707 88.81373 -29.77823 
-17.37227 92.96565 -30.23489 
18.68139 94.04646 -28.91188 
-12.34038 94.08678 -28.05727 
-17.35381 96.51908 -29.98216 
2.928737 46.44323 37.46151 
-50.90759 52.44146 -27.50854 
2.240211 52.98555 -27.8553 
-48.47734 53.43242 -29.30891 
-27.64559 45.68731 10.51354 
7.119928 58.50738 -28.16678 
7.169523 61.21329 -28.38428 
30.58489 2.59276 18.87583 
-4.108162 16.757 30.37136 
-44.53727 63.72135 -27.25027 
-10.05442 63.27837 -29.05198 
22.86874 43.29649 17.60547 
12.21566 67.91409 35.49973 
27.26277 -31.29172 7.453734 
-28.28323 49.72063 13.29644 
62.90829 72.80443 -27.17293 
5.955717 3.156275 19.40721 
-1.908207 76.69957 -29.04049 
-11.52518 85.97879 -29.57203 
11.57563 83.43133 -28.24239 
-16.52125 75.95495 27.52097 
3.960693 4.706776 20.29936 
-7.555129 4.455492 18.4476 
49.44032 88.48296 -28.75666 
12.09708 89.87862 -27.40711 
16.39911 91.32413 -28.73145 
14.83133 79.23048 26.36168 
24.99179 -52.86687 14.3758 
20.9117 -29.63219 6.663642 
-21.27079 96.65501 -28.10115 
-51.75525 52.72548 -28.59316 
-56.48724 53.98828 -28.17131 
-5.026031 53.10435 -29.44568 
5.264199 54.44173 -28.81381 
-40.94555 -30.56965 7.018872 
-7.539847 58.14517 -28.72203 
-62.07952 59.90149 -26.33883 
27.39151 10.51176 21.04388 
-10.98844 67.85771 35.795 
54.67363 64.89603 -27.39183 
59.14862 65.36935 -28.75999 
-1.298866 -7.520575 53.54045 
8.842719 66.91931 -27.72258 
-10.5496 69.46019 -27.6776 
16.66148 38.68737 27.01662 
23.10067 13.84377 19.14631 
62.73064 75.46776 -28.56477 
-0.02607406 77.37853 -27.01781 
1.726423 77.02356 -28.10445 
20.55453 39.61391 24.64877 
-10.54471 85.43063 -29.87325 
-27.13481 17.06721 19.23597 
54.11258 85.33162 -27.69901 
-17.82508 92.71684 -28.00773 
16.01693 91.64227 -27.2902 
-22.47045 94.22663 -28.40959 
17.43095 93.02803 -29.37646 
20.38484 95.42623 -28.24488 
-54.82327 52.94118 -27.66598 
-53.16167 52.16399 -25.77883 
-47.52012 54.14823 -28.95076 
17.19995 29.13586 19.66268 
50.66005 63.02213 -27.96135 
-44.90607 60.83147 -27.04373 
-10.75516 25.11427 30.65903 
52.72525 66.31146 -27.2824 
-45.00462 67.30408 -27.29778 
-59.87521 70.7233 -26.87548 
8.799428 70.63425 -26.10768 
9.259724 71.68035 -27.99608 
-45.9407 72.87296 -28.04856 
-48.34253 73.24633 -28.8494 
-22.38465 42.04605 26.4367 
-24.07619 -18.83606 16.43007 
1.55212 89.77139 14.33969 
-8.469663 77.25242 -27.89987 
-8.850936 81.61724 -26.62236 
57.673 83.57294 -29.3463 
49.35993 84.93223 -25.17114 
51.88556 88.43079 -27.9761 
13.33745 87.93585 -27.7161 
14.37037 92.87646 -27.4213 
-9.225312 32.26295 31.19989 
-19.77463 97.19505 -28.71238 
4.06339 55.93693 -25.9791 
-60.97212 58.28437 -28.03062 
50.16299 60.26392 -27.4696 
52.59569 59.79085 -26.94444 
25.19688 59.32937 20.64537 
-0.2002402 49.3349 38.28599 
-7.66373 61.56902 -29.44982 
49.28284 61.62638 -27.36218 
52.88441 62.47903 -27.54784 
-22.24891 43.67184 25.67069 
-14.51519 33.92463 29.89081 
36.97744 48.2613 9.493063 
-61.78912 66.39414 -25.87286 
-42.78865 69.02414 -27.90752 
-48.82311 -46.79167 11.46216 
-26.43494 -48.81538 13.19078 
53.03656 73.06955 -29.40564 
8.403654 75.91793 -27.27563 
9.17895 38.35506 31.02258 
-42.56308 -14.64203 7.384717 
-2.905099 77.73695 -27.05546 
5.369392 77.25739 -27.63908 
-5.095821 78.47243 -26.47792 
32.77999 -13.78491 9.024014 
-1.659717 78.00468 -27.16863 
-25.4831 72.35522 18.75494 
59.59309 80.05766 -25.63758 
55.79435 83.08137 -25.58726 
-41.69719 -13.45157 7.917486 
25.31661 -53.20614 25.17817 
-21.29709 92.31985 -26.82387 
-40.8625 -42.05238 13.40201 
-23.49194 46.00913 25.72783 
-30.626 -52.96172 25.3217 
17.13033 95.47202 -26.77193 
-13.71068 39.85101 30.16434 
19.95218 96.94745 -25.51588 
14.86964 82.01065 21.00025 
27.35122 -43.80624 11.35675 
-6.455318 58.40426 -25.7811 
48.5649 60.266 -25.88751 
-18.06402 43.02957 31.77407 
-6.865644 84.68801 26.49755 
-12.20547 64.0549 -26.82259 
57.41977 64.44319 -26.66281 
19.33571 -36.53254 11.9025 
22.57559 -36.0628 11.99322 
-18.78102 48.33619 32.00208 
50.34066 73.12086 -24.89664 
-58.16544 72.91438 -26.96744 
-55.9971 73.65556 -24.31947 
5.01665 87.54493 18.29554 
-0.1045922 78.77113 -27.04895 
-40.89579 -3.316168 8.133394 
-1.151638 79.83827 -26.26064 
10.43497 81.13884 -27.85361 
0.5965137 86.96589 23.46159 
18.36289 49.31632 30.09695 
19.98475 52.6023 30.55813 
-20.31695 94.90805 -25.76869 
-12.72818 95.07951 -26.27885 
-14.89717 96.26747 -25.1822 
16.5196 -43.52433 28.55246 
-2.383867 53.28168 -26.43132 
-24.13808 -46.86906 16.71475 
-45.4394 58.01567 -26.58296 
54.46331 59.89068 -26.24831 
56.41307 62.26933 -26.7143 
14.89956 -45.23977 18.7536 
22.3064 53.82519 27.00063 
8.85172 62.8512 -27.83484 
-41.60144 -23.36883 12.82516 
-41.48858 -22.58056 10.6528 
-48.49325 74.13309 -26.21272 
-9.879545 74.14816 -26.28494 
61.84597 74.25716 -24.99031 
13.94622 -20.87947 14.44123 
7.963887 76.90888 -26.74697 
-24.9773 56.40073 25.56379 
2.656305 77.31092 -26.69007 
9.538419 78.3046 -26.07499 
-24.98842 -44.4731 18.40724 
11.06426 80.71685 -26.98837 
8.302531 82.31033 -25.71728 
9.231193 84.78285 -27.66129 
-14.23952 89.32864 -26.20373 
-17.25451 89.44228 -24.8441 
-20.82251 91.43452 -25.7663 
-29.41298 -14.04265 16.56172 
23.13478 55.79128 25.85661 
22.64897 95.94824 -26.40786 
-49.81771 51.12354 -25.65856 
-45.23678 52.81115 -25.27514 
4.4654 57.02309 -24.1029 
0.1264324 5.83193 7.028737 
21.60619 -51.92137 29.93159 
6.550254 57.50295 -26.83029 
13.9783 -39.6541 21.01765 
8.445558 62.62465 -26.49506 
-11.13413 62.94693 -25.8761 
-62.27111 63.3185 -26.79906 
17.95685 67.60457 30.30866 
51.30839 64.67384 -26.80436 
51.7613 69.52913 -26.36992 
-43.03479 70.25719 -24.85566 
62.86983 71.12968 -26.28281 
33.34264 -7.298986 13.11478 
-10.7149 76.04524 -26.21725 
6.140981 77.91403 -24.91065 
51.05674 78.74639 -27.26713 
2.917366 79.25832 -26.40273 
3.131919 50.1873 37.92456 
-3.868819 79.96409 -26.57619 
-32.22648 14.57802 10.07413 
-6.929402 80.82943 -25.53233 
-23.17103 -25.79372 18.40752 
16.86654 71.35442 29.05552 
57.88729 83.17278 -26.29917 
49.66188 83.74488 -27.53123 
53.27137 86.42437 -25.60231 
-7.423903 87.01283 -26.60357 
15.85628 -43.52336 18.91341 
29.66296 -44.6502 19.42134 
-20.61186 90.91206 -26.08155 
28.53881 -43.23785 18.32185 
-55.6562 52.71229 -24.32661 
-58.99014 55.43524 -26.03861 
7.895129 59.98105 -25.55586 
14.62127 -25.71055 23.05123 
-38.81151 -23.01068 20.81756 
-63.20992 62.17991 -25.60819 
58.26163 61.50079 -24.2272 
50.37831 63.09684 -25.39486 
50.12764 66.97485 -25.06405 
-0.3398459 -1.872187 49.17256 
-41.60409 67.49586 -25.43228 
-13.58016 69.4679 -24.22857 
23.13642 61.70638 25.12704 
-45.78401 72.60111 -26.64218 
-35.21732 -14.36794 18.11058 
9.649893 74.88328 -25.37414 
2.283082 80.57131 -23.33114 
7.41138 80.91364 -24.43559 
-6.107675 81.68232 -24.5881 
-10.73239 81.13708 28.83426 
57.20045 81.12783 -22.95225 
-11.26475 85.40549 -24.79344 
19.12007 21.17215 5.899985 
-36.32793 9.673375 11.43743 
-35.45802 11.59545 11.30481 
15.66118 90.29176 -24.55735 
14.25788 94.03951 -25.77762 
-26.00611 61.12407 26.23748 
19.30302 93.92438 -25.97744 
-44.23338 52.15513 -24.64764 
-2.427388 53.76548 -22.94715 
7.645582 62.0549 -23.44425 
9.196289 63.31897 -23.13205 
-12.35375 64.16185 -23.12372 
-61.60632 67.09969 -24.00653 
20.71855 -7.305812 21.03333 
-46.33797 72.75566 -22.96087 
-44.24242 71.76917 -23.41257 
23.96947 -6.82015 21.26096 
17.99586 33.81275 8.945889 
60.22971 77.97789 -26.2491 
10.61107 78.46818 -25.23988 
-7.105673 67.7309 37.64726 
-20.55181 30.2177 14.09462 
59.25108 78.88094 -23.63437 
-10.31277 81.48907 -26.70544 
48.92168 78.07138 -24.36277 
17.74093 31.63682 10.50422 
-6.847984 82.38628 -25.11826 
48.60697 81.25526 -26.47267 
-22.73519 4.687948 25.93737 
-3.916451 72.5412 36.87449 
-29.5245 -5.277784 20.27356 
22.04906 40.13848 12.07013 
23.08636 56.05478 27.2335 
1.098018 61.39707 39.44283 
21.68036 40.67516 6.447409 
-17.45038 96.4305 -25.19862 
-46.95436 52.17501 -26.84671 
20.15938 -46.48195 30.21743 
-7.624692 14.68544 29.24255 
-23.23852 69.63498 26.28126 
-60.73989 57.83007 -24.03334 
56.85382 59.66162 -25.02858 
6.62319 60.33418 -23.72416 
15.10698 81.19118 5.786162 
-63.44859 60.2266 -21.76818 
49.19185 60.98838 -24.01193 
-9.003448 61.97955 -25.48276 
-63.12688 65.10363 -23.71324 
58.86333 64.86713 -25.47256 
-5.980204 14.33226 29.12792 
-31.60336 51.99409 11.65158 
62.06387 68.70483 -25.72697 
-4.535079 75.21397 35.5982 
-52.63068 74.37547 -23.95381 
11.51548 76.00354 -22.98878 
-9.476059 79.07346 -26.21856 
4.869642 78.66062 -25.3431 
-9.489779 80.8575 -23.2224 
-3.373694 81.20196 -23.32286 
7.564963 86.29547 -23.75078 
-26.56108 -48.5401 25.52652 
-18.7832 87.60169 -24.32991 
-8.483071 90.09375 -24.5972 
-0.9850459 -6.642822 46.89827 
12.15694 92.40149 -24.79379 
21.89339 93.62466 -24.16629 
-12.98667 94.84592 -23.73743 
15.41992 95.00142 -24.57013 
34.02831 62.53932 10.62525 
-52.66508 51.23994 -24.34792 
-56.92706 53.53745 -26.37016 
-34.47493 50.22593 9.345641 
-5.964098 57.1827 -22.64566 
11.16992 63.48132 -25.06706 
-43.78444 62.71088 -25.784 
-40.11356 66.09617 -23.23257 
11.98961 66.21328 -24.48769 
12.03664 70.80933 -22.89043 
-60.1378 70.06903 -24.42761 
60.99417 72.32231 -23.31967 
-25.17457 -25.27535 20.22486 
-21.24459 78.95946 11.9961 
-10.01097 72.44228 -26.89366 
-0.9640721 5.778773 20.48789 
-10.22657 78.68053 -24.07052 
13.94904 33.7824 27.81165 
10.32337 83.33881 -25.69817 
-18.39656 82.5952 12.68038 
1.660868 10.21461 30.98365 
48.29892 83.36555 -24.01543 
14.97322 -39.95946 25.56788 
51.59913 86.54251 -24.74326 
-12.89926 84.81316 -22.74027 
-20.03629 89.3373 -24.58105 
14.47663 81.63463 6.715042 
16.71911 88.69716 -22.43948 
8.19416 14.03771 26.72381 
-40.38457 -33.93077 17.48931 
20.6187 95.63758 -23.73036 
-48.83522 50.30438 -23.04522 
-47.21101 50.29457 -22.73559 
-57.21681 53.75559 -22.58132 
-45.94948 54.69429 -24.49463 
0.9654293 53.23293 -25.16564 
3.73314 55.4348 -21.86627 
48.66681 57.06912 -24.87717 
-30.17164 14.22166 21.03927 
55.86753 57.7802 -23.50982 
6.832801 52.39197 37.59135 
-43.36446 59.31448 -24.11819 
-39.38121 -37.79658 9.965591 
-37.54234 59.79675 8.536406 
60.6611 65.62311 -23.04925 
60.41294 66.44901 -24.22168 
-25.00693 -40.14621 11.13419 
5.436017 19.09553 30.32817 
26.36614 -44.6793 24.82857 
48.70725 74.3411 -22.43807 
-48.57355 73.50218 -24.06102 
18.66084 21.7165 20.15726 
-0.3451122 80.76831 -23.74666 
55.6486 83.52216 -23.16136 
-5.697791 84.38697 -23.04875 
54.67477 85.47231 -24.33226 
-18.04547 85.56595 -23.25714 
13.32712 87.90508 -24.65239 
17.33205 -34.29053 28.16432 
8.573459 87.85155 -24.77065 
-17.67682 87.57712 -22.49443 
-4.896239 -0.01083916 44.43338 
-42.74575 55.30265 -22.83749 
-58.94485 54.99291 -24.57532 
48.77221 55.03608 -22.89449 
25.20359 69.9631 2.795122 
47.06003 57.64703 -23.95528 
47.77798 58.57261 -21.92384 
-7.363639 60.48594 -22.19523 
-43.56927 66.03245 -24.5789 
-42.3632 64.33176 -22.56245 
-39.80968 -37.56124 11.62735 
31.65272 -44.80299 13.51748 
7.77029 23.22483 30.68417 
-40.80169 68.25237 -22.28728 
49.92946 69.26388 -23.60269 
30.40585 -45.11083 12.20082 
-13.09591 73.14119 -22.60625 
-18.57731 86.25738 -23.03949 
-9.196336 27.06301 31.59544 
12.20724 92.52475 -22.43186 
-18.03419 94.44759 -23.56021 
17.75418 95.69235 -23.25908 
-28.44789 55.41603 20.36469 
-15.65254 95.39346 -23.14067 
46.99113 55.37635 -23.45329 
-36.15798 1.124569 18.27935 
-40.63715 55.09377 -23.07664 
-35.27349 -5.599306 17.20626 
60.14692 62.23783 -22.97424 
-16.51952 82.27082 7.697401 
47.92165 63.09813 -22.32177 
-9.56391 63.16131 -23.38626 
25.46309 65.80087 19.80481 
-12.0232 51.94704 36.71222 
60.91195 67.60332 -22.264 
61.92392 68.9768 -23.12469 
-62.26063 69.07566 -22.53204 
60.21883 75.89149 -23.26232 
-10.71436 56.78741 38.22005 
12.18902 77.07619 -21.27782 
9.715061 80.02143 -22.22117 
22.39506 72.13244 22.43348 
8.978001 86.95123 7.201889 
-4.645373 83.77779 -22.52755 
-2.30819 83.21941 -22.31736 
-13.86299 35.18535 30.42448 
-20.81211 -25.8303 11.80722 
51.43065 85.14802 -22.23615 
8.27075 88.55666 -22.87662 
20.94876 91.52882 -22.52454 
14.10614 81.42357 22.09357 
2.824847 90.13638 6.521501 
0.2834156 -6.000942 42.01454 
14.08264 82.43144 19.37766 
51.89365 56.35394 -24.27941 
6.519763 36.89967 31.07947 
32.79101 -20.84667 13.2377 
7.842113 38.88332 30.82227 
6.095733 58.47783 -21.73334 
-7.82757 61.98006 -21.80279 
-2.427328 84.99235 26.24809 
32.49976 -17.67022 11.58844 
-39.01814 64.75614 -22.40001 
-62.63068 66.91212 -19.71493 
47.88049 67.62064 -21.78913 
1.344012 85.0941 26.05966 
-5.105624 88.28551 18.18443 
31.46068 -14.51133 14.0725 
-12.49015 75.58929 -23.24934 
-39.95409 -12.94213 11.4039 
-14.28171 80.86726 -22.1884 
49.14541 82.76431 -22.65455 
-16.15301 83.69627 -22.40291 
-7.030398 87.55856 -20.94703 
20.20357 91.78557 -23.31977 
-25.30389 63.36329 27.30052 
-38.7544 -50.08068 19.61381 
-0.4531277 -5.606779 36.78537 
14.99519 40.86848 30.60825 
-22.14112 -51.44482 20.17006 
-50.52314 50.99175 -23.41993 
-53.36497 51.14764 -21.5587 
-41.74426 52.59981 -21.16003 
0.8227099 54.33511 -20.43652 
-39.50719 57.57716 -22.08459 
-43.12695 57.52273 -22.36018 
-38.37256 59.44348 -21.34908 
57.60604 58.50477 -21.83419 
-39.39508 61.78514 -22.02466 
-41.67123 60.47401 -21.97855 
-52.29303 -52.69491 7.595848 
-18.55639 44.3251 30.20341 
-23.9143 -45.95998 18.87013 
12.3836 64.52715 -21.8236 
47.91633 70.92934 -21.72099 
-3.243068 -6.632872 42.78501 
-58.86711 71.69942 -22.97728 
10.16675 74.19277 -23.19097 
-51.94454 73.29787 -21.07977 
19.89382 -34.4849 29.41959 
60.45751 74.52515 -21.17426 
48.67798 78.36168 -22.72193 
-11.75678 79.04646 -22.48526 
-10.44827 82.31649 -22.60788 
1.480729 82.3419 -22.998 
4.882452 80.68642 -22.34823 
-16.56598 83.21553 -21.60375 
-21.56063 52.50366 30.30887 
52.87395 84.10645 -21.73691 
-50.30038 -49.10291 9.672454 
-35.09083 -39.23406 21.67867 
18.45267 52.69495 30.77968 
-43.24105 52.00112 -22.44064 
35.00207 -49.03894 8.892339 
13.08518 -52.92677 27.79968 
53.91718 55.02193 -21.16952 
-39.1015 -36.6386 19.75464 
32.79169 -48.42714 9.327839 
-6.055716 -2.020636 36.37851 
-62.22589 57.36824 -21.44281 
59.67562 59.75126 -21.6649 
-6.104893 58.2299 -21.29834 
46.9407 61.06091 -21.77676 
-38.46535 63.13143 -20.86917 
-38.0468 7.503619 11.2998 
60.44441 71.83598 -21.92614 
-49.58189 73.30624 -21.52608 
19.39701 -53.072 27.34109 
23.11809 61.67633 26.53332 
-12.57645 78.81516 -21.86828 
-14.32394 80.76891 -21.27363 
-40.02066 -30.20524 19.46975 
15.09799 84.89847 -21.33302 
-14.3257 36.63422 28.22392 
26.29965 -26.09949 27.2839 
19.69325 66.43244 29.78642 
-10.60471 12.1706 27.9838 
20.13262 88.49022 -21.71812 
-1.692502 -2.593631 52.67533 
20.82848 -46.34867 7.130318 
-47.52778 -45.26814 8.613748 
-51.85688 50.18432 -20.29136 
21.56958 -45.07498 7.435646 
-21.82243 24.34635 11.63732 
51.16934 53.98807 -22.36488 
44.77427 55.38843 -21.89128 
55.5112 56.07927 -22.27125 
-3.785732 55.5413 -20.7752 
7.825156 63.02074 -20.57211 
61.86897 65.23548 -20.144 
19.26487 29.64195 13.32664 
17.88892 33.22152 11.15178 
-14.1671 66.56039 -20.89605 
-43.15858 71.19526 -21.57247 
-58.80732 72.12649 -19.97476 
-36.37637 -22.86428 22.27529 
58.12947 79.12283 -21.03799 
-7.044939 17.62705 29.34242 
-15.73897 81.64687 -21.53434 
-2.356317 2.387648 27.95609 
-29.54389 -19.85788 21.22638 
-17.09117 71.21964 30.63738 
-30.98093 -43.54267 8.943049 
24.09219 44.26093 12.623 
-16.07895 72.27359 30.79506 
-8.673486 90.40264 -22.04342 
10.33824 89.90849 -20.1679 
16.91213 91.34385 -19.78908 
30.94383 47.53219 11.77817 
-44.81625 50.62092 -20.61279 
21.02155 -26.06054 27.06114 
-29.21511 51.78085 12.90471 
32.28741 -19.14837 19.03363 
-28.24401 -40.44019 8.322067 
-8.478374 69.43895 36.10577 
20.45984 -18.35462 22.86014 
12.70304 66.41784 -19.93273 
46.16709 68.45208 -19.72124 
24.18497 -15.94638 20.1153 
26.22552 -16.84953 21.32399 
59.91092 70.14771 -20.35255 
36.71013 56.51237 11.36528 
-43.92373 70.41959 -18.7075 
-56.23947 72.19466 -20.94257 
-47.09415 72.26516 -20.69919 
12.25427 73.29384 -20.02608 
47.69066 74.3453 -20.51756 
-6.738173 -9.880468 55.8384 
10.60875 76.91599 31.91085 
-3.850658 15.08948 29.72948 
33.76512 58.39917 13.55557 
49.57235 78.26675 -19.66803 
10.49948 79.47228 -21.66977 
57.13399 80.65616 -20.67895 
3.510591 88.55579 15.96449 
30.8133 62.06986 12.1321 
-24.33933 -6.561934 20.66762 
18.18336 -6.559867 21.0499 
-26.33182 -5.304101 21.18348 
-1.172034 -5.811224 43.93747 
19.77715 89.34376 -21.16861 
-29.9967 64.83061 12.51343 
29.13744 -25.51852 25.88696 
12.79436 91.28144 -19.92737 
-47.46024 49.60079 -19.24859 
-10.55977 69.69935 34.75076 
47.46719 51.97411 -20.31291 
44.90418 53.17352 -20.8774 
24.57055 71.94345 11.87591 
-1.350882 54.19855 -19.48029 
45.97585 59.22083 -20.01071 
5.356173 58.31156 -20.29526 
8.791182 60.03036 38.12225 
-8.771233 60.57115 -19.00707 
24.465 -4.671116 20.71497 
-22.34926 -32.16761 9.441636 
-5.837755 81.90917 30.40901 
-12.50433 65.43718 -20.80518 
26.33292 -46.02525 25.92082 
-17.66158 -3.014565 21.38647 
17.19117 80.21011 13.97496 
-31.1811 62.23935 10.49509 
58.68996 74.93831 -19.9487 
27.02957 -0.8391526 22.09209 
-11.82438 78.5024 -20.97773 
14.56818 79.64729 -20.59586 
16.55703 81.80859 -20.09314 
30.60541 -26.26861 24.03734 
50.69126 80.61054 -20.01085 
54.09564 83.46297 -20.57487 
21.73989 -30.98234 8.513471 
4.008894 82.94878 -20.29983 
6.854982 83.09024 -21.4219 
29.63013 -1.422539 19.78816 
0.7269984 84.10137 -20.22652 
18.13671 85.15646 -20.83383 
19.37349 -29.67092 7.627602 
-10.42782 88.50149 13.96037 
-9.507473 89.00932 -19.27687 
-49.56676 50.38958 -20.08342 
-56.14822 52.63583 -20.58833 
-10.44683 61.17993 38.06627 
-35.72561 2.673491 19.53715 
-21.55164 -28.67855 7.572626 
-59.82391 56.68841 -21.36476 
10.0471 2.807958 20.7002 
-33.96712 5.564405 20.9563 
-40.94933 -28.75638 8.002053 
29.12752 -53.24648 10.6995 
46.14515 62.50084 -20.11276 
-9.767913 64.48933 -21.54537 
9.731262 65.61415 -19.70206 
12.83062 69.95674 -20.40413 
-15.12035 69.67706 -20.47776 
-45.39461 71.57825 -20.62732 
-14.98609 72.19692 -19.67487 
15.69357 -49.24879 32.02256 
32.20014 -27.15716 8.223436 
-50.66012 72.31457 -19.29918 
47.13369 72.06393 -20.25431 
35.34085 -53.41151 13.51375 
11.88282 75.69422 -20.4323 
52.58084 80.32307 -19.37406 
54.26689 81.46141 -19.5547 
-2.088635 84.79657 -18.45715 
-20.55419 -26.3587 9.329903 
-14.56874 82.79108 -19.82635 
18.19958 85.1888 -20.05842 
-0.4620644 4.07891 37.59221 
-7.860792 6.907738 21.27954 
32.87276 -24.07754 8.361877 
54.11787 53.61552 -19.81892 
-39.6134 54.10534 -18.75349 
-6.206615 44.038 36.36007 
-4.747921 55.99805 -18.98151 
5.631981 57.53298 -18.65003 
45.33595 56.71208 -19.33961 
-45.74635 -46.0514 12.65275 
-9.82772 63.11903 -18.84701 
-63.48881 61.27428 -21.26089 
27.19176 -42.53054 24.94609 
-39.4394 67.0479 -21.10236 
-4.104743 9.734564 31.0918 
60.42403 70.18583 -18.44182 
18.89923 -44.7276 12.55339 
12.01092 77.35806 -18.56367 
15.02574 80.30351 -18.78694 
-21.56088 22.18391 20.01836 
-5.08409 85.46883 -18.88732 
-42.64466 -17.43336 9.155841 
49.67871 51.25729 -19.22313 
-55.10431 51.86692 -18.21387 
16.87917 26.00535 21.4177 
2.288128 54.88475 -18.96944 
42.82697 53.71133 -19.6332 
55.48025 54.89396 -18.96325 
-1.830894 18.61755 30.49873 
58.05664 57.03887 -19.4781 
44.77386 61.39932 -18.81292 
23.68983 -37.25803 12.6114 
-32.65052 -46.7121 4.981019 
-40.5524 68.66365 -18.88968 
-46.98858 71.52216 -18.13622 
57.37552 73.23855 -17.73659 
-39.95483 -35.3647 13.29034 
48.51739 75.46566 -19.18419 
56.55748 77.93636 -18.70581 
55.00803 80.32835 -18.61304 
-25.65909 42.3692 19.82716 
-36.89144 -0.4577292 17.72211 
16.2306 87.66051 -18.71894 
28.75231 -34.55347 26.16509 
-10.57521 87.65436 -17.71102 
51.33036 51.25294 -17.62807 
31.29998 -30.74311 12.57741 
29.00941 -7.681654 17.95127 
0.8791312 54.58799 -17.84076 
23.92798 49.35503 21.24062 
41.57169 55.68495 -18.94447 
23.49951 51.92905 20.70223 
-61.85472 57.50671 -19.63926 
-38.21478 58.76268 -19.46328 
6.257008 59.2108 -18.67839 
61.56742 62.64904 -19.1825 
-61.89252 60.52082 -18.44711 
-37.68358 62.35772 -18.43396 
-28.89784 54.01712 19.24457 
9.950827 65.28816 -17.69389 
-29.16522 -9.345869 17.95764 
-15.31794 69.82784 -18.10179 
12.4946 -24.29557 11.92742 
-27.7727 60.591 24.68813 
-53.16778 71.24405 -17.65099 
-49.83903 72.04275 -17.43292 
-14.20732 74.79565 -18.51137 
-17.99676 -5.889703 9.545444 
24.66978 63.49382 20.57658 
-6.55058 86.37379 -18.08767 
-26.602 66.87005 21.17743 
-14.83286 91.27738 -20.29798 
-50.39362 49.79845 -17.47418 
-42.99924 51.1067 -18.31547 
-2.813413 -0.3572408 48.93414 
-52.61845 51.13941 -16.35618 
16.46517 -18.7965 10.12261 
53.02107 52.97824 -18.63367 
7.856167 0.4584854 15.31184 
41.54992 53.38803 -18.38958 
32.13626 -16.87906 13.09283 
-17.24934 -3.197261 5.45445 
59.78156 59.38533 -18.65822 
20.96228 75.38403 19.71627 
43.20793 67.51109 -15.83305 
-13.4589 66.06287 -17.99019 
-24.234 -12.35595 13.10536 
45.8318 71.02483 -19.17006 
15.75565 -13.84432 11.5226 
45.03468 72.99165 -19.10554 
7.652757 16.36643 28.35443 
-11.61894 78.99064 -18.28346 
5.965024 83.63188 -17.19776 
-26.89644 -8.888354 18.10559 
9.598722 26.13139 30.71359 
-11.1128 29.5788 30.70526 
-15.64122 88.4656 -20.16558 
7.359423 85.21896 -18.20443 
8.005414 2.381629 18.09304 
8.57618 85.12912 -16.26559 
-47.691 50.24004 -17.39136 
-39.58335 3.459271 9.453407 
-57.29871 54.61688 -18.36489 
40.10138 55.31219 -17.43217 
8.724935 31.91026 31.0671 
-6.824912 88.67416 17.93402 
-8.211035 60.03483 -17.78536 
34.57902 -6.922342 10.61977 
12.11191 -5.750758 12.336 
8.825998 62.26638 -17.89603 
44.889 64.52081 -18.30968 
-11.21093 66.28172 -17.07969 
-15.53275 66.52837 -17.50677 
61.71029 67.45908 -17.09685 
3.93879 87.74805 20.42945 
-59.79166 68.67416 -16.77711 
-6.122393 -2.039203 42.16297 
-14.74786 72.59877 -17.03055 
45.38954 74.52081 -18.75042 
-12.83447 76.40137 -18.01214 
51.668 76.15027 -17.3895 
53.56216 79.82399 -18.49268 
-39.62619 -0.2168966 11.96095 
8.332644 -0.7076687 10.83474 
12.47764 87.23665 -17.46234 
44.84776 51.14928 -18.1229 
56.72823 54.62709 -17.26291 
-56.01223 53.80331 -16.7042 
-5.300513 56.80426 -17.82898 
-61.44312 57.41294 -17.07092 
-7.262846 56.72639 -16.52002 
-36.41711 9.882534 8.315582 
-35.48207 11.19344 8.783316 
6.193816 59.73237 -17.12971 
61.01924 61.03273 -16.95249 
-39.56704 65.94481 -18.41638 
-37.60513 -44.98247 20.49824 
43.11053 71.21414 -17.87138 
13.72204 -45.20073 22.77384 
-39.08769 -16.26938 17.49562 
30.35802 12.5565 12.65277 
-34.50047 -45.40552 22.95867 
14.86141 82.80236 -17.92135 
-34.97528 -43.87523 21.36917 
-28.13518 17.53434 13.60795 
23.09917 16.6664 7.792999 
-25.08506 16.98293 7.230163 
-1.570705 54.35913 -17.90547 
-37.62364 58.11622 -16.21365 
4.16491 57.07516 -17.15086 
8.211739 62.20564 -15.99005 
63.02118 62.91835 -15.85772 
-24.27255 20.25007 8.001288 
-26.13344 -36.22307 21.26925 
19.07386 27.62932 12.35151 
11.3516 66.98971 -17.45949 
-19.92044 32.82804 11.25101 
-55.29848 69.67866 -16.55392 
41.85739 71.08166 -16.21119 
10.98884 42.42608 33.2262 
43.65396 73.15256 -16.7664 
49.8701 75.87813 -17.8043 
2.383642 -1.260153 40.39951 
-2.113599 86.17171 -15.55973 
-2.725284 46.9907 35.22664 
20.79613 -21.68641 25.50239 
-45.20505 49.89251 -17.01611 
-20.77088 25.54489 8.558895 
50.14958 50.52764 -16.04407 
-43.62763 51.45062 -16.13635 
7.629386 45.52649 35.52199 
-38.59156 -32.46739 20.72326 
58.16871 57.02501 -17.18308 
43.4465 60.69775 -16.81612 
43.3405 63.74224 -16.63288 
-39.17941 65.94978 -16.49785 
-25.11459 -28.2331 20.6744 
32.78715 48.78182 12.44942 
44.23086 68.9361 -17.03146 
-20.0683 41.0807 28.89983 
13.31839 68.17014 -16.15036 
-19.86066 34.7602 6.029806 
13.4452 -27.55201 21.61162 
-38.07245 -26.63292 21.3305 
34.39506 49.80827 12.32118 
58.51939 73.08436 -16.40843 
54.66808 75.45926 -16.8174 
47.91783 75.97719 -17.34593 
18.32083 55.27967 31.00642 
-13.31136 77.47927 -17.00474 
29.80905 -4.032371 18.81123 
1.956717 84.19922 -17.38089 
-11.77629 83.33434 -17.08427 
10.0554 83.95982 -15.7469 
47.00151 49.85616 -16.89264 
14.9065 -22.46954 21.09915 
-26.75831 -22.04326 20.61851 
4.147588 55.80276 -14.11788 
-29.62165 62.59896 12.54339 
24.81071 -21.62477 26.02867 
9.71532 64.66508 -15.97457 
-9.976735 63.06597 -16.79071 
11.196 22.783 28.60409 
24.20379 43.07952 8.81674 
-29.22022 68.6529 12.74778 
-42.31384 68.63677 -16.07734 
25.92978 69.42944 12.02808 
-16.99081 68.21973 -15.68181 
-1.5033 61.52441 39.44212 
41.7111 69.19645 -16.24858 
-26.61668 73.25682 12.71131 
56.60336 74.79433 -14.92401 
53.07992 76.22248 -16.74267 
-11.07471 79.28345 -16.06579 
-25.69253 74.33417 11.94754 
2.121796 85.02152 -15.22577 
-32.87685 -18.56111 21.1966 
43.18225 49.70885 -15.03253 
44.62506 50.06314 -16.06642 
-45.88942 51.04929 -14.73596 
52.80217 51.32641 -16.5335 
-39.2821 54.36909 -16.49688 
55.74393 53.9215 -15.90622 
-36.12169 56.32406 -15.12463 
58.97976 57.81116 -15.19514 
42.55109 58.56007 -16.32011 
39.08584 58.30931 -16.49432 
-37.85721 60.89288 -17.13817 
37.65855 47.79713 6.979091 
-16.001 64.99867 -14.73974 
-41.81081 67.28806 -14.06497 
9.165577 87.71306 12.20838 
-37.13972 5.860332 16.70898 
-17.05933 69.35532 -14.44101 
-51.09499 70.16926 -15.32687 
15.5178 72.21519 31.25395 
31.56936 -30.21902 10.35639 
-14.74139 74.14067 -16.92123 
-14.19009 75.73109 -15.79851 
46.38453 75.41782 -16.12468 
11.94514 76.38602 -15.60204 
10.79317 79.54421 -15.13006 
-5.371991 -1.505909 50.46907 
14.59361 73.65373 30.38371 
6.349162 83.56745 -14.19108 
-7.644588 45.92957 -15.16256 
-3.265157 6.481107 19.24595 
-13.46877 74.76686 31.14704 
-44.11491 -53.61531 14.3563 
39.76178 52.39026 8.22831 
-48.8102 50.17388 -14.82678 
26.85558 -4.029038 21.12123 
40.56116 51.72828 -15.19345 
-28.66335 -53.27637 16.38401 
-3.260918 53.7143 -14.7283 
-28.44261 -4.205698 21.46699 
-59.15786 55.31491 -16.47806 
58.06799 56.8139 -16.23258 
-9.982022 59.57931 -15.01119 
8.339715 59.88581 -15.06556 
11.09564 -1.678017 19.36374 
-12.53287 66.26424 -14.35938 
-20.4977 3.742838 25.13013 
-58.55058 66.15936 -12.59433 
9.618186 0.2202061 17.68571 
-57.37524 68.93021 -15.26636 
-55.31987 68.67112 -15.52564 
-13.60322 56.54499 37.3773 
13.66434 69.27134 -16.55101 
36.30339 -49.67544 14.51583 
-44.2915 68.64581 -13.3462 
12.48595 0.9769164 22.18851 
-46.78711 70.29535 -14.9045 
-48.92244 70.92427 -15.98637 
17.72205 -49.58201 12.59928 
27.17807 1.11032 21.79673 
-8.263889 89.11077 5.9781 
16.79734 -47.5259 14.88971 
28.52524 2.142541 21.16601 
13.76025 31.15145 26.60482 
-8.597592 83.76569 -14.40777 
38.43113 60.54965 7.475342 
-33.07147 3.04773 21.6698 
-9.747412 2.430214 18.39531 
-40.71994 -27.92274 11.57235 
-12.77881 43.25642 -14.90348 
-43.94466 -44.94833 13.13209 
-16.38499 48.61688 -14.78157 
-13.92261 48.77883 -15.2764 
-39.82862 50.01349 -15.15942 
53.41418 51.72081 -12.90101 
-11.71773 0.48355 19.39886 
1.790621 53.56405 -14.64986 
25.93388 -43.36702 13.02536 
-13.94911 51.85982 36.92009 
20.5157 -42.81022 12.20392 
17.22375 81.13149 18.0771 
41.71645 61.27068 -14.43893 
-39.83759 -39.57103 13.65845 
-38.52811 63.1573 -15.14233 
20.26612 54.73764 29.72941 
-60.98587 64.30092 -15.72569 
9.793255 64.71075 -14.6872 
-28.98546 66.13662 6.913573 
20.48184 -38.23938 13.10721 
-21.86298 6.834904 26.37353 
40.37345 68.36001 -14.85799 
41.50557 69.88551 -14.5724 
15.46374 71.45656 -12.17321 
13.71089 71.37978 -15.30921 
-16.14161 72.02464 -15.62492 
-15.4496 74.22182 -12.99482 
51.73273 75.65058 -13.47718 
-11.10066 81.05491 -17.13396 
9.470598 81.56822 -14.06252 
-5.063708 85.79486 -14.00212 
-8.003346 39.21749 -14.0249 
19.60698 -50.31753 31.57122 
23.69058 72.56804 8.770885 
15.46371 -34.54736 12.50454 
-3.954974 42.25644 -13.75433 
4.850756 45.39819 -14.46371 
-3.636858 -1.212169 31.07557 
0.002078881 89.66325 7.24491 
10.63468 36.81706 28.5951 
1.716285 -1.100188 31.20981 
-51.41645 52.02413 -13.11671 
31.73537 -29.15058 14.57567 
-5.97647 2.339857 31.21313 
11.9384 -27.15192 13.5673 
-5.339247 55.3069 -14.59356 
39.14937 53.80865 -14.5131 
-16.62679 73.03857 28.90451 
37.99856 60.34195 -14.76952 
2.699646 6.139977 32.57103 
19.19275 76.80233 8.002283 
13.34846 38.4823 28.51938 
38.31334 61.96691 -13.13909 
38.75886 61.67863 -14.28223 
-18.37515 26.63249 23.77955 
-18.56507 65.46867 -14.99743 
-18.76173 63.38246 -14.16424 
15.25217 67.18942 -13.93971 
16.19265 67.92258 -14.0987 
16.12584 -17.82966 13.69654 
-20.07321 32.99894 20.58756 
-41.76561 -18.40443 12.97251 
13.39415 73.61219 -15.48915 
-18.59438 35.31863 21.05279 
-0.5902337 10.83278 31.50225 
-12.242 78.66104 -14.57473 
-21.91347 40.80612 21.14747 
-15.47984 41.98716 -13.6821 
5.328138 41.91081 -14.3836 
9.855624 42.2346 -14.04858 
-19.36539 81.43819 16.32581 
-24.77141 -15.43214 11.04086 
-8.162269 19.58281 30.47142 
3.36649 22.82882 31.64977 
-3.298866 22.22585 31.64312 
-9.473427 50.56419 -14.35888 
48.83365 49.28094 -13.96098 
-36.92928 -12.23831 14.44023 
9.399671 49.01604 -14.19449 
14.75454 -10.53375 12.51544 
-2.520902 -5.277378 38.35369 
-37.56039 51.52814 -14.09497 
-20.20109 -9.775404 12.36583 
-1.947468 52.72334 -13.94737 
7.928779 88.3531 6.827011 
23.81017 52.71214 22.8573 
-53.57465 52.35132 -14.69141 
-55.68044 55.21978 -13.44193 
-60.43922 56.89818 -14.78046 
31.18378 -10.45772 12.09301 
6.305505 57.21193 -13.89301 
-9.848265 58.72855 37.65603 
-8.321548 57.11427 -14.70267 
-11.98307 59.99797 -13.28815 
9.526325 60.41941 -12.63209 
-11.39287 61.88709 -15.37583 
41.27833 64.67991 -13.80927 
-48.18166 -53.62282 10.02237 
39.5415 65.1768 -13.60545 
-14.6693 65.0471 -13.2075 
-14.16308 -4.786429 13.1786 
19.26122 42.07018 25.84722 
40.06335 68.73775 -13.96684 
-5.692915 -8.09396 57.29726 
-7.166588 8.419662 25.6428 
44.87468 73.87115 -14.52284 
13.51251 74.79809 -13.4944 
47.19077 74.75166 -13.03494 
53.95668 76.04023 -14.82393 
10.22325 79.45657 -13.17269 
-39.16204 -2.273782 13.67544 
34.22765 -2.694723 12.679 
-7.553521 85.30014 -15.2962 
-9.023008 36.64544 -12.44643 
-22.29041 76.65094 19.51144 
6.232905 39.12711 -13.42152 
-9.740408 0.8131335 13.63556 
-18.57989 45.81253 -13.29432 
-4.322595 46.73726 -14.06988 
12.08844 48.38363 -13.63277 
9.888703 46.76342 -14.43384 
-39.33764 1.967864 12.87045 
33.32383 -53.2819 8.93072 
-41.67367 51.1979 -15.34893 
5.34165 48.86763 -13.70694 
47.53429 48.90911 -12.16522 
6.933344 1.899029 14.99659 
11.12484 83.36507 21.92354 
-44.20007 50.434 -12.53963 
-7.669539 53.80038 -13.28296 
56.94934 55.15683 -14.05278 
-55.1437 56.03827 -12.47601 
-12.82913 55.07518 -11.98286 
-3.105574 27.1993 31.76817 
11.6869 57.22582 -12.49198 
-59.54865 58.54218 -13.77691 
-0.8521777 24.6876 31.19634 
-33.59389 57.16646 -13.6487 
-13.54009 56.71996 -12.77494 
-21.81765 59.21252 -12.82695 
38.60259 64.99125 -12.7514 
-32.32355 15.48719 12.88599 
-40.28632 64.72306 -13.26292 
15.11061 -53.22408 19.87583 
0.8884495 5.899046 18.67006 
-52.60612 69.03635 -13.70778 
59.26731 71.6381 -13.73186 
57.18908 72.96185 -11.69189 
-8.953925 8.580338 25.95864 
40.18023 -50.88451 7.408218 
-14.06456 75.64204 -13.6384 
50.23504 76.29314 -15.05562 
12.17205 77.49554 -12.11641 
-4.91632 25.01686 31.73658 
7.66685 83.33501 -14.05206 
-8.019059 83.52927 -12.12078 
-22.88138 -52.19566 23.25564 
-12.07996 38.40556 -13.15261 
29.70071 -49.23076 21.02355 
1.84408 25.96956 31.66087 
-22.8963 -50.6837 22.99968 
-49.93604 -48.23035 9.014763 
1.733555 43.14746 -13.55538 
13.79727 45.74038 -13.21666 
-21.00932 32.14576 15.39916 
2.331628 2.579207 36.79331 
0.4292357 48.3893 -12.45396 
19.85444 -46.30064 9.788005 
2.448259 52.04504 -13.7095 
51.54457 50.15635 -12.73691 
13.8369 58.98603 36.15842 
-21.02301 36.75357 14.10179 
-13.6777 58.13691 36.64583 
-25.80715 -44.16449 21.03026 
10.6965 53.21965 -12.66035 
-34.68833 53.18052 -13.81249 
-26.88215 42.66002 15.26806 
20.90494 -44.61454 8.853495 
39.42788 54.47501 -12.27601 
6.704905 54.37154 -13.26866 
29.14817 -45.2906 7.770919 
20.96316 17.56993 16.19221 
59.81166 57.56179 -13.22536 
8.823858 59.73747 -13.28195 
-13.60683 62.25441 -13.51358 
10.77752 62.22097 -12.65746 
6.359537 25.8117 31.70664 
-22.48276 64.75922 -12.19064 
13.93897 -39.60426 22.92046 
-21.43507 66.32868 -12.75093 
17.39531 65.61334 -12.81948 
28.6525 11.74523 18.33963 
16.05031 69.6179 -13.17828 
-37.91908 -34.84923 20.93301 
-29.98891 58.59728 13.21319 
-13.97701 77.6937 -12.71416 
5.372448 29.67312 31.55749 
2.368005 39.67559 -12.84817 
8.580196 29.28755 31.58007 
-1.840101 42.34756 -11.738 
1.123338 39.54039 -11.2313 
25.6662 68.25919 13.42702 
-1.822014 44.14457 -12.12811 
-23.97221 9.534075 25.90191 
-28.55172 68.84266 13.86792 
-37.06153 49.76368 -13.20302 
-36.08026 -28.98038 22.50387 
1.183027 46.83754 -12.86892 
46.22575 49.55502 -11.34745 
22.2554 74.13496 12.95191 
-26.90308 -31.22728 22.02138 
3.235101 50.34133 -11.9557 
-6.436873 52.82258 -13.50206 
23.75886 -24.98273 27.144 
-15.114 53.47026 -13.78387 
-15.6963 85.44523 13.04078 
-2.765821 49.32776 38.66034 
-28.27447 -24.5221 21.79144 
25.97629 13.56385 18.92632 
-17.16421 57.175 -12.90173 
-37.6226 61.18917 -15.02268 
-17.03176 62.58032 -11.80842 
38.17112 59.70763 -13.07272 
-11.76464 87.74742 10.84875 
-33.83327 61.96665 -13.04772 
-21.39769 61.85524 -13.67262 
-8.422643 34.22138 33.04226 
19.9459 20.75946 17.18656 
-11.94527 86.42888 15.16427 
-16.3251 10.98476 26.29225 
-40.2611 64.57549 -12.30228 
11.18149 33.3807 30.80615 
9.971482 67.51882 -13.92698 
61.21 68.59802 -15.09679 
9.640308 35.00304 31.75232 
-49.05485 70.09097 -13.60539 
-16.92346 70.92939 -13.5402 
-17.54125 72.14523 -11.09623 
-14.49294 9.270769 25.95178 
-39.15981 -34.79838 8.727795 
49.63729 74.74036 -11.61187 
-9.759561 81.36178 -13.60726 
4.342325 84.38753 -11.57972 
22.78275 -53.07995 9.886989 
4.593967 12.80968 27.68998 
-5.391326 -11.76023 57.82252 
4.296145 37.11542 31.77641 
0.8336774 42.64607 -12.12669 
0.2097688 45.53561 -12.22786 
0.2627908 47.48359 -11.79338 
-47.97303 -48.87417 13.64428 
-38.38144 48.91522 -11.30865 
22.6169 -5.557052 21.38184 
-28.30101 16.96026 16.90554 
41.32204 51.42889 -13.18903 
-26.5189 -3.852304 21.80671 
13.11017 52.31462 -12.80202 
-22.2357 23.45815 15.43451 
-17.69105 55.56046 -11.47191 
-12.63025 65.18601 36.42766 
-54.09142 54.80614 -12.0157 
33.52105 -46.6367 14.33336 
-20.74219 57.08221 -11.84969 
-30.71799 -2.831908 20.93474 
12.72879 58.33602 -11.88819 
18.19042 25.95714 15.66464 
19.36577 -43.67728 13.753 
-2.407964 2.671379 26.20732 
-24.58394 50.21825 26.16179 
3.833592 47.63649 38.01098 
17.03309 -28.53719 7.606979 
23.99179 -41.90421 13.59121 
-19.62967 66.85617 -13.43657 
-23.24435 -39.90698 14.08886 
-19.38155 68.18301 -11.85406 
-47.37286 68.19236 -11.33708 
-19.22888 70.1628 -10.33774 
43.60335 71.19168 -11.58836 
10.83928 0.3262012 20.16375 
-17.64179 44.41342 31.76227 
-15.31218 75.63696 -11.60793 
18.6004 -38.76054 13.4513 
-11.187 80.83109 -11.77176 
26.38129 -37.40285 12.51007 
-6.161458 84.49244 -12.31015 
22.32038 -39.76941 14.21626 
6.875925 35.75328 -10.96569 
15.07508 -37.3807 15.39114 
-0.6536774 40.92253 -11.59329 
-1.304198 48.2336 -11.53069 
-22.35242 -34.29238 12.23182 
-36.23206 49.52584 -13.06474 
41.40337 48.80081 -10.47801 
-3.851289 50.10022 -11.47894 
-41.906 -22.98236 9.390993 
-6.683968 51.95826 -11.43931 
15.39941 50.68393 -12.38583 
31.54606 -32.57516 13.48713 
7.410197 53.26978 -11.65073 
14.30467 54.67515 -11.80275 
16.42739 53.33383 -11.23157 
-20.95096 55.42718 -11.23383 
-9.718994 53.71757 -11.74533 
-41.36058 -29.9411 14.29497 
10.15713 55.24149 -11.26905 
-33.67102 7.836007 21.3984 
33.08022 -21.09768 7.570291 
-23.49825 57.83828 -11.24927 
38.3709 57.39064 -11.12963 
14.61002 58.19585 -11.48526 
18.82551 58.5495 31.27697 
-5.552775 5.934317 31.21737 
-23.68498 60.84911 29.93496 
-37.49001 64.55075 -12.78377 
38.58723 63.39274 -11.5314 
-41.97172 -21.89281 13.13884 
-5.666647 50.46373 38.39768 
-38.22243 65.17347 -11.33039 
-41.71056 65.67252 -11.45136 
19.21012 4.93011 25.30855 
-51.53328 67.73771 -11.64377 
15.05834 14.23257 25.6244 
-54.64642 68.28205 -12.43499 
17.71081 69.02598 -11.38109 
-20.31759 63.48437 32.20526 
60.43679 68.43443 -11.36455 
-0.8513744 50.96297 38.76017 
12.83173 76.08614 -12.02117 
7.690542 81.94859 -10.88363 
2.973119 37.53289 -11.7051 
10.81541 38.86764 -12.32166 
-13.26172 35.1808 -9.633074 
16.78856 21.87981 22.41746 
12.98901 38.41688 -10.97877 
-3.20945 50.58129 38.08482 
-17.14885 40.99178 -11.99912 
-20.20507 42.44081 -10.42312 
16.36933 -11.82697 16.16929 
-42.51056 48.34726 -12.04778 
-11.40697 62.89185 36.87421 
50.65822 50.54083 -10.51518 
16.34002 27.5201 22.74147 
38.52522 51.81405 -10.77307 
-38.85833 -10.0383 11.85994 
55.17843 52.50702 -14.06192 
2.408164 75.31184 35.8288 
-22.89785 55.64996 -11.77065 
-39.4874 -7.271138 10.64618 
15.58817 70.44706 31.26287 
-18.55486 81.45013 11.62577 
19.72023 -44.46385 29.11763 
13.71915 59.44019 -11.74025 
-34.55893 60.2424 -12.65662 
-30.93055 61.68876 -10.70469 
11.46836 62.17223 -11.38182 
16.73115 31.82796 23.21366 
-17.6798 -6.805697 13.80736 
10.57104 67.72769 -12.34865 
61.73164 66.08404 -9.474692 
-37.47244 -3.32718 16.04869 
-11.6033 -2.284537 12.81697 
-21.89071 67.72306 -10.50335 
42.14275 70.07153 -11.63577 
14.42304 73.24581 -10.99714 
35.24831 -6.906816 8.183733 
9.234336 -1.292975 13.18166 
21.13544 42.49669 22.50044 
-11.93709 78.83139 -12.1584 
-1.936072 86.19304 -13.2727 
-22.34947 64.66005 29.59095 
-14.9314 38.33474 -11.79515 
-6.089361 4.288999 12.07255 
-38.17693 47.40823 -9.219609 
-44.34295 48.70813 -10.43963 
-21.70188 48.26759 -11.61979 
49.66874 49.97991 -9.331743 
-6.356136 -3.828052 48.47171 
-19.84103 52.26955 -13.17819 
-30.36854 53.70842 -11.45245 
34.5299 -51.64883 16.73657 
-12.67005 23.35247 29.44192 
9.710128 55.00053 37.23122 
12.8457 56.85769 -10.62065 
-28.29402 64.96435 21.23196 
-55.13521 60.42813 -11.10113 
24.22411 69.48252 20.6281 
-58.4147 61.66045 -11.79451 
24.46581 16.48973 13.47626 
-54.24174 64.64003 -10.82991 
-40.90935 -0.6560053 8.799184 
7.556279 79.28823 31.70994 
-56.43425 67.05548 -11.60093 
-22.7602 66.57013 -10.10903 
-39.65512 66.18317 -10.57816 
-23.30839 72.30766 23.6049 
-40.36394 -0.1524577 7.429958 
9.900309 6.511295 25.16767 
34.35572 1.741992 6.869782 
15.76066 -52.44446 31.74361 
11.99251 18.906 25.54771 
-21.11686 76.56525 20.69029 
47.10593 73.32344 -10.12595 
54.73454 73.66214 -10.92649 
52.17467 74.67161 -10.81156 
-11.90532 79.57952 -10.16936 
10.73247 79.35625 -10.85299 
6.324568 82.67667 -11.32579 
-16.15593 36.94923 -9.15794 
-4.014429 38.05713 -11.31429 
-18.80659 39.36049 -9.178718 
-2.515394 39.4207 -10.65629 
0.6039903 37.23577 -9.84476 
0.6139081 -2.047086 32.71767 
15.48903 83.046 10.74064 
14.45724 42.71708 -12.45918 
11.32357 55.46492 37.07576 
16.38417 5.861332 25.09063 
-0.1302164 52.40078 38.09415 
-7.668887 4.595044 8.760265 
-10.69169 84.40701 23.09433 
9.7458 85.29144 21.63842 
-24.92026 41.8142 11.33294 
33.0844 5.834183 7.030376 
-23.93429 41.4976 16.72215 
14.98793 57.31946 -10.31074 
-11.20909 85.4243 21.58873 
-53.84309 59.06285 -10.14596 
-2.006813 5.688508 8.578904 
21.36742 60.44968 -10.07474 
13.80409 63.7428 -9.613063 
19.8087 64.41168 -11.17628 
39.74539 65.51189 -11.07586 
13.47622 65.68328 -10.34837 
40.94995 67.22308 -9.041821 
17.56312 69.58365 -10.12521 
26.63816 -53.6216 22.71274 
-29.49839 55.48512 13.39331 
-5.656267 -12.58234 56.74723 
21.05749 39.55359 15.99299 
24.15276 -53.11044 22.23335 
-13.37148 78.09679 -11.27334 
11.63268 15.00899 26.6149 
23.70024 42.49247 15.44937 
11.66804 35.03521 -9.152923 
-5.285686 36.1904 -8.296599 
-6.138309 27.20175 31.93305 
48.1441 50.71467 -8.569551 
13.53802 77.82118 29.21213 
-30.68197 63.04748 14.63216 
26.82348 64.45053 15.16362 
-23.07401 52.40897 -10.19943 
55.16154 53.46625 -10.59997 
-51.56502 55.33612 -10.20962 
36.79818 58.32122 -9.023277 
62.96991 62.42264 -11.54686 
24.24471 71.50842 13.74918 
17.49491 61.4093 -9.518648 
-25.53917 73.0971 14.17691 
-51.10316 62.17244 -8.895945 
28.22195 -44.33092 21.38165 
62.71613 63.35991 -9.743707 
23.09073 74.38704 15.21776 
-35.17537 65.17836 -9.02985 
20.01917 22.83929 9.601329 
-50.37113 66.52997 -10.07707 
18.99708 79.40054 14.65311 
44.23919 70.11006 -8.411345 
-17.91057 71.72345 -9.678704 
15.07634 -41.00024 20.70011 
11.81369 76.56179 -10.5256 
-32.48259 -39.80853 22.40368 
-12.59431 79.26865 -7.332674 
-6.209174 31.71973 32.21825 
-7.195378 35.65243 -10.28947 
-26.59306 -39.96947 21.90058 
-1.053704 36.3533 -9.93975 
2.903147 36.4473 -8.984553 
-2.942527 38.21111 -9.797496 
2.026093 3.073105 27.85248 
-27.86548 -35.65928 22.70984 
30.9604 -36.67772 22.62946 
-34.9582 47.97401 -9.745089 
-35.10601 -37.17843 22.60403 
0.2145722 29.26934 31.39374 
51.27712 51.3951 -9.310831 
36.79445 52.55212 -9.814074 
-25.08442 54.30247 -9.536784 
13.41063 -35.55278 21.73984 
-49.95629 54.4269 -7.730886 
0.4599936 89.38403 17.51791 
-20.56605 35.19302 8.726786 
36.54074 55.55969 -9.282336 
17.92815 57.09665 -8.182889 
31.73961 -33.75562 21.51964 
-25.49636 59.40872 -9.63194 
38.69895 61.18734 -10.37789 
-48.24281 63.92252 -8.044032 
-46.51127 66.37129 -9.915309 
-43.29455 65.82932 -10.29457 
13.11814 -30.87948 21.70344 
20.0832 67.01153 -9.835481 
-30.22658 -28.37904 22.9917 
15.35165 71.91682 -7.597425 
-8.309694 41.41884 34.7921 
35.69914 -52.63043 14.88987 
12.27186 75.77191 -9.035821 
-9.410829 81.50305 -10.63749 
1.023763 85.47908 -12.36427 
-43.82646 -53.38438 -8.549805 
-0.4627451 29.09587 -8.984329 
-4.533428 29.35824 -8.879909 
-5.925478 71.27777 36.34274 
-16.07327 31.85971 26.50267 
2.392205 32.31709 31.8607 
9.69095 33.6694 -8.229001 
31.5254 45.22384 8.194988 
-20.53069 40.86559 -7.099041 
-8.787502 71.28029 36.16745 
-34.33957 47.5694 -9.145756 
-45.60427 48.07723 -8.419113 
39.85063 48.03435 -9.248406 
-39.89147 48.19305 -9.021722 
36.45599 49.15176 -8.582114 
4.707538 35.56469 32.11392 
-49.14239 51.6111 -12.46421 
53.55345 51.89751 -9.55035 
-27.15592 53.25778 -9.29401 
-25.57181 59.22131 27.26323 
-14.24683 86.44144 13.80077 
21.81221 58.61119 -9.447989 
-16.52422 25.70461 26.0909 
-27.40449 56.59678 -9.286242 
24.44143 48.20701 16.72087 
19.59935 58.66649 -9.395612 
20.60441 60.18065 -10.29637 
-31.69124 -20.69044 21.85719 
21.71798 -41.97738 14.26769 
-29.80054 60.09356 -9.297369 
21.79183 63.25179 -8.864991 
40.56714 65.34395 -7.738772 
-45.40322 65.01245 -7.637475 
10.05751 86.35506 11.8396 
13.64719 75.19888 -9.727489 
12.17374 77.06761 -8.341034 
-40.19923 -34.29702 10.62511 
-9.896818 37.48484 31.15519 
29.60631 -18.8071 22.42524 
4.505498 40.01792 33.01767 
-1.882798 86.39435 -9.14142 
-43.2155 -51.8724 -9.145172 
-42.88992 -53.77623 -9.673059 
20.42685 -15.90417 20.02601 
2.684835 28.69257 -8.234192 
2.352984 33.72763 -9.547101 
-5.23828 32.60645 -8.771146 
-10.36781 33.98473 -9.094736 
6.136351 34.08823 -7.286219 
1.164499 53.91146 39.12141 
36.72823 47.6811 -8.766515 
-21.39483 -30.8216 14.27012 
-32.1142 49.15395 -10.48113 
30.34876 -34.03968 14.23973 
4.008149 51.55476 38.43689 
-40.03975 -31.82516 12.73854 
23.33903 -3.977831 22.55889 
18.98427 48.92996 -10.81802 
-27.63437 -2.004591 23.021 
-51.1802 57.93293 -9.021551 
-27.07359 63.90846 -6.694498 
-31.53382 63.68868 -9.326385 
-10.73863 87.79156 11.13563 
24.62473 -1.323851 22.91028 
-34.18556 64.23659 -9.684164 
25.11875 61.86958 19.41231 
11.13419 43.97144 34.03078 
-41.91515 -24.26253 14.56635 
-21.94703 -21.54083 14.67927 
55.43718 71.83488 -8.849078 
49.87357 72.95522 -8.905023 
-15.08153 75.59714 -9.654579 
9.071325 80.24286 -9.558507 
2.372084 85.17041 -8.476242 
-5.080685 86.03532 -8.998298 
-0.2399246 88.30689 -8.125874 
-22.30237 -17.77195 11.95337 
32.62412 -18.21934 13.47365 
12.81758 3.346172 23.2722 
-40.90158 -17.4914 16.23767 
-8.795898 33.5798 -6.649323 
-13.71043 2.237928 22.53452 
-26.53523 -14.47412 14.60484 
-39.163 -13.77814 14.70221 
-19.17013 38.03358 -5.052918 
-29.20183 67.64828 8.695475 
-28.88153 63.97889 18.64063 
18.96656 46.84584 -10.38545 
16.49193 -16.3497 14.87187 
-41.37463 48.02037 -9.490807 
-29.34337 48.55366 -7.687027 
24.555 51.43595 18.45385 
-9.506518 4.986256 21.42021 
-30.61261 50.61676 -9.458465 
31.02794 52.1404 -7.55935 
17.51582 49.58542 31.85371 
54.03062 53.52642 -7.091458 
58.71812 55.65181 -10.214 
-42.003 -20.10556 10.61567 
37.36116 59.65797 -9.287908 
-26.57915 61.85178 -8.490762 
-28.63955 62.95679 -7.460179 
-27.56374 68.09811 19.77802 
-22.19464 68.8278 -9.283525 
17.98223 57.37452 32.94093 
47.36817 71.178 -8.209872 
-38.15578 -6.228805 13.87396 
22.52432 -49.99347 29.09392 
24.84148 8.790361 23.62276 
-8.949537 83.4745 -8.299527 
4.23956 84.56456 -8.296079 
-32.56406 11.02142 21.28479 
-7.803717 87.24802 -8.555019 
2.091389 88.20547 -8.251156 
-41.0912 -50.85707 -8.079592 
24.88158 12.29661 21.13089 
-17.85097 81.49155 7.437322 
-38.38961 1.901771 14.96751 
33.24239 -0.9142792 15.02453 
-27.30456 14.01392 22.34438 
23.94934 71.33247 19.34948 
-37.15029 47.20184 -6.532114 
-18.74952 66.10918 31.9771 
19.31364 16.172 22.06609 
33.73897 0.9505911 13.38792 
-42.9532 47.98373 -7.499591 
-27.25972 48.99444 -6.973748 
21.5932 53.38273 -7.094353 
-6.016403 4.177602 15.30193 
-16.08658 83.79348 7.472611 
52.41174 52.21705 -7.732444 
-47.11748 50.58938 -7.782716 
-38.51122 4.657838 13.11467 
-21.70134 24.16641 20.75847 
0.1779629 7.073632 14.77353 
39.46308 63.73223 -8.187796 
-2.155322 7.499299 14.35853 
15.61097 22.99993 22.4071 
16.62495 69.36796 31.62028 
-31.26832 64.13654 -7.633038 
61.51925 63.9309 -7.891838 
22.3772 65.82978 -6.081766 
-24.53522 64.31091 -10.76182 
20.50151 67.22923 -6.939277 
-9.338797 89.0733 9.618319 
23.8123 -44.40158 27.40926 
30.67383 -53.45441 20.28837 
33.10022 -53.77697 17.74288 
-12.95303 7.707282 25.01355 
-19.42174 71.74116 -7.066997 
26.62172 15.78087 14.6054 
8.213325 81.51983 -7.763834 
-10.53518 81.60745 -7.880891 
-9.854267 86.63129 -7.241404 
4.303157 87.14716 -7.718962 
-4.951495 88.95949 -7.829463 
10.62038 73.99003 33.67608 
-2.788703 88.77312 -8.548946 
-40.75389 -52.77925 -7.734692 
-41.91895 -49.88099 -6.659809 
6.492205 56.37366 38.7957 
5.724539 29.05678 -7.187827 
9.863177 75.172 32.39198 
-8.56831 29.66459 -7.157011 
5.669265 30.84405 -7.941935 
12.28376 32.92633 -6.01865 
19.47165 41.85211 -7.080126 
32.53783 47.44305 -7.398908 
31.33528 48.99046 -6.237075 
8.999443 78.3119 31.04632 
-10.94826 77.14038 32.19302 
-27.39809 49.63222 20.85838 
20.57145 56.63267 -7.848505 
22.31683 56.1366 -7.421994 
34.32135 59.43935 -8.225796 
-47.38087 61.73949 -5.574346 
-8.350782 78.43856 32.74218 
24.59545 54.22414 22.78634 
-37.33847 66.06025 -7.462047 
-22.9903 68.26536 -8.386522 
47.96288 70.10907 -6.406506 
-0.7738233 -5.41185 38.61024 
25.31931 58.49666 22.75707 
12.74195 75.58068 -7.13793 
25.42503 61.80734 21.43935 
-3.23593 78.15015 34.31359 
6.182629 83.27235 -7.791629 
8.997911 81.74164 -7.243849 
7.603233 86.5446 -7.278821 
0.2321382 89.36414 13.84352 
-2.377079 90.13 -6.844178 
0.8745212 24.45782 -6.749986 
1.610228 27.23151 -6.857975 
-4.438959 27.52186 -6.733056 
34.6743 55.58093 13.25267 
-3.999629 -4.44531 36.11861 
-28.45012 -51.05498 10.0429 
0.4312281 0.6804054 42.68376 
1.31999 -4.034431 35.7072 
-7.373874 57.22047 38.95708 
-24.10753 48.73154 -8.085093 
24.06356 -39.09229 29.76367 
17.27557 -38.70922 29.16186 
43.52369 48.2028 -8.02765 
-6.29777 0.781265 34.45978 
16.13238 79.9635 23.77573 
-14.64126 82.42619 21.72853 
27.03044 65.60523 12.09308 
32.45092 55.27871 -7.91804 
32.78436 57.6487 -6.991837 
30.53842 59.8785 -6.548339 
38.36701 -48.87454 8.061658 
20.61855 -40.12639 29.58072 
-32.46996 65.06873 -7.366517 
-7.751754 85.788 23.524 
-34.49877 65.77787 -5.943057 
-23.90378 75.62267 13.90594 
50.33318 69.48305 -6.071285 
18.93885 -38.6025 30.02888 
52.13481 71.40511 -7.930751 
21.41977 44.0015 24.58484 
-14.39223 77.8335 -7.205466 
10.46201 79.68371 -7.017802 
-13.62695 82.37805 -6.907903 
16.90955 82.12182 14.76224 
-11.90068 85.00603 -7.69405 
-18.1233 81.05716 14.35079 
31.7144 -46.5765 9.094619 
-0.09194102 26.34545 32.52708 
-2.825853 -10.40105 56.61617 
-1.983077 24.49159 -6.523068 
10.86374 85.9392 17.66253 
-11.03189 52.88307 37.67096 
21.57194 48.77719 -5.94248 
0.1030206 -5.091907 49.10006 
23.85581 53.51408 -6.830418 
-3.112792 29.05641 32.9405 
-23.66061 -46.98477 22.56413 
-47.41175 -53.5108 13.16434 
-41.92149 -53.54357 15.37457 
23.52332 63.507 -5.245223 
38.97906 61.72828 -7.370189 
-25.67149 64.3688 -8.645215 
41.97291 65.53137 -6.854034 
-40.08441 66.14185 -8.11494 
-27.8484 -44.06701 23.0313 
55.32707 70.60847 -6.240779 
-26.10025 -52.05104 13.71609 
11.85364 77.81526 -6.613362 
12.67528 81.91932 -6.304439 
-31.33779 -43.85244 22.89188 
9.639249 84.87879 -6.864656 
29.15762 -40.83818 22.56677 
1.878709 89.70454 -6.985605 
27.44758 -52.88111 -6.326869 
-42.80494 -51.18766 -5.448063 
-5.103334 1.875136 38.13147 
0.4989655 20.39372 -6.300229 
15.87185 37.80252 -7.379755 
29.67134 -39.31221 24.15375 
-20.84361 38.80451 -4.770356 
18.30667 40.43576 -6.410423 
20.68426 69.14339 25.71897 
20.94324 43.56083 -5.851669 
34.26881 45.96374 -6.233955 
-35.31483 46.32463 -6.097286 
39.58624 47.03814 -8.108021 
25.03169 67.83388 17.34653 
-41.87449 48.39502 -5.938229 
17.93186 -44.60928 14.12249 
47.44454 49.90717 -7.660826 
24.08006 49.57333 -5.874402 
-47.94117 49.84588 -4.736655 
18.20068 -43.53263 15.56529 
1.464548 35.59261 32.52187 
27.90993 54.8499 -6.240421 
58.83958 56.8438 -6.732987 
11.61969 29.12951 29.51815 
24.238 -41.20365 14.14111 
-40.56306 66.31371 -5.782401 
26.72541 -41.49529 15.57649 
19.42516 68.99868 -6.466809 
58.32137 71.37795 -7.648028 
-17.66535 78.93568 -5.273561 
-15.76664 80.51501 -6.971787 
-11.13169 86.66706 -5.471658 
-8.879713 88.30467 -6.535477 
0.604167 89.85908 -5.332909 
18.54339 -30.17637 28.05867 
28.02328 -50.43653 -5.773857 
27.15064 -32.72206 7.89189 
-0.4728542 22.96012 -5.745622 
3.07242 22.50699 -5.319579 
-7.72324 24.2615 -5.488935 
-0.1219695 37.33039 32.73547 
-22.87018 11.51854 25.24709 
-15.96516 34.21329 -4.624263 
29.5095 -35.74655 13.84938 
-40.99843 -32.37037 14.9507 
17.90061 39.07434 -6.283244 
-0.3199414 58.82117 38.28761 
-27.48401 -26.90492 22.07836 
36.16146 46.46657 -6.462361 
20.77518 -32.91647 9.083597 
18.57795 -31.34871 8.31817 
-40.46752 47.53867 -5.622942 
48.63157 51.27538 -6.356126 
50.14883 50.95303 -6.941706 
-48.7325 54.99811 -5.083758 
-30.66396 -24.85565 22.91672 
28.27637 59.05352 -5.708727 
-48.2264 59.07677 -4.784866 
-21.47833 -26.2993 14.1776 
32.43785 -22.98559 21.95568 
12.23592 -24.38918 14.09058 
-43.43732 66.56585 -7.476709 
-38.00009 66.37918 -5.147419 
-25.40096 67.94062 -6.520587 
11.82402 40.65593 32.32173 
52.57913 68.96228 -6.420314 
51.45067 67.39414 -4.463181 
17.09848 70.50049 -7.844244 
-16.72147 75.91581 -6.216609 
-34.35441 -24.82661 22.98473 
15.55043 -29.82429 8.98365 
12.83938 80.47154 -5.84387 
8.030663 58.01888 37.91978 
8.535423 86.86853 -4.562883 
-6.458 89.64246 -5.746594 
-50.93903 -51.85894 -6.429631 
-5.013123 19.59572 -5.036332 
-35.42488 -20.66182 22.81265 
5.020107 27.73719 -5.769092 
-8.239634 27.98992 -5.358692 
15.92574 77.3048 26.21987 
14.28169 -24.44058 8.743951 
-8.383643 44.53569 36.72258 
19.30002 -4.578832 22.32082 
26.67523 52.12939 -5.936512 
23.65171 58.69046 -6.061174 
-1.535426 -7.357767 51.12799 
-20.60011 -23.68361 8.052673 
27.58471 61.2189 -4.472792 
34.17361 62.11102 -4.372547 
-22.80679 -3.987536 22.41774 
-6.165696 -2.114007 38.75807 
58.50271 68.21222 -4.983551 
43.54321 66.95455 -5.496388 
-19.51179 -5.089123 20.74667 
-19.02176 77.17675 -5.667085 
-19.84521 48.92284 31.60252 
14.91715 79.47951 -5.751494 
13.86537 81.18607 -4.664434 
-15.23038 82.40888 -4.837786 
12.02544 83.85155 -4.03724 
24.77671 -29.39255 28.22822 
-4.987813 89.28471 -5.252093 
25.42118 -51.8589 -3.183541 
33.78677 -4.679087 13.14647 
0.02837296 18.03068 -4.675848 
9.493529 -2.884291 14.31276 
-21.56892 56.86275 31.59787 
4.587302 21.90762 -3.985571 
-5.848505 22.81596 -4.968071 
6.9685 27.68859 -2.787467 
8.623429 28.86447 -4.74562 
8.720222 47.13658 36.15204 
-10.58696 -0.2824732 15.55405 
-11.63766 32.37873 -4.303925 
-15.87119 0.9870301 22.66253 
32.64613 -52.22778 18.108 
-22.96054 42.04216 -5.433021 
-24.05238 44.67531 -3.229612 
28.57223 46.26063 -3.911034 
27.90197 47.88501 -4.959147 
26.02134 47.4029 -3.920493 
-31.29489 4.085352 22.79741 
-24.8455 -16.11426 7.441465 
7.427744 43.56271 35.47011 
16.64961 -17.20454 9.395111 
49.20093 53.79388 -4.21214 
52.30564 54.62347 -4.914532 
56.45872 56.49974 -5.191704 
-31.51186 4.604231 22.3795 
33.33315 -54.0252 10.8754 
24.80362 62.13435 -4.596687 
10.81188 4.538305 23.37581 
-24.31223 -14.09111 8.619781 
7.753436 4.068325 22.47228 
-31.03852 65.59717 -4.689454 
-25.13123 69.70705 -4.335083 
-19.70641 73.35861 -5.072654 
13.66794 75.41707 -5.515062 
-22.1351 74.87641 -4.355221 
15.1967 77.27853 -5.189841 
5.120511 6.360219 22.82217 
-13.77562 83.52439 -5.285264 
4.733765 7.589784 25.20146 
-9.226524 87.03104 -4.668727 
-6.542524 88.76171 -3.930496 
5.870704 88.50781 -5.101117 
-2.614792 89.93722 -4.786289 
17.58065 66.29912 31.98096 
-51.02016 -53.56163 -6.228719 
-43.60968 -52.06871 -4.932975 
-23.60365 -11.72838 8.146335 
32.80651 -10.70986 8.661133 
-51.94907 -51.40992 -5.24257 
-22.92171 -49.12204 18.94823 
-49.36079 -53.43765 11.78862 
-39.23148 -49.56923 -5.46972 
26.07214 7.487189 23.21532 
-17.51534 68.15576 32.89666 
-7.089662 20.13279 -4.292758 
5.944619 25.24915 -4.836079 
9.295831 32.0873 -4.583498 
-12.11523 32.85816 -5.930448 
2.582331 -2.631311 39.05943 
-16.38277 71.04316 32.08297 
-30.93051 12.54196 21.63055 
20.68958 11.68895 22.22449 
-24.48505 47.09935 -5.6862 
-38.19988 46.90894 -3.979931 
18.4599 13.2149 23.23741 
-16.82757 16.32439 25.90268 
-8.110125 46.35532 36.67056 
50.95958 53.01701 -4.952803 
57.16052 60.87531 -3.830085 
-11.24481 75.26057 32.73618 
14.65713 -49.50989 18.30219 
10.23007 -3.206826 9.534399 
40.37471 63.1893 -5.098272 
34.64878 -4.715891 9.67614 
21.84156 18.87758 8.894569 
46.82953 67.25605 -3.865189 
48.75947 65.87956 -3.585438 
55.71654 67.87435 -3.596676 
7.273013 75.64768 33.03237 
18.96362 69.46146 -2.439031 
-21.81177 71.81686 -4.076845 
-19.32244 77.89202 -3.559362 
-15.98939 76.28329 28.71667 
-12.92819 83.83336 -4.156741 
-10.21755 85.98967 -3.999486 
4.481293 88.6244 -4.933213 
-47.00604 -52.21391 -3.639898 
29.21471 -52.42506 -5.053474 
-13.66485 31.85339 28.58641 
-6.840171 11.15395 27.92535 
-7.526552 22.26747 -3.042014 
-8.822431 27.82603 -3.744887 
31.12239 46.33843 -5.599918 
-30.19715 46.27395 -3.666177 
41.52075 45.86812 -2.025207 
22.1761 45.96522 -3.806212 
31.46093 58.13472 14.49681 
-45.18517 49.40992 -3.98244 
-10.80534 1.33329 11.23075 
-46.83614 63.85113 -4.144128 
42.06303 64.17408 -3.246969 
-45.31052 65.57526 -4.832524 
-29.01504 65.69784 14.0021 
45.8538 65.01942 -2.800325 
4.726705 59.91986 39.0085 
-33.50013 66.39075 -2.389714 
25.7396 68.40605 15.9511 
21.52559 67.85629 -4.543329 
-13.9133 28.63564 28.90999 
-26.45812 68.22548 -3.55899 
-40.31298 -45.73774 18.2588 
-12.43068 45.53529 35.09222 
15.50414 79.93253 -3.302581 
-25.87547 49.0349 23.75698 
-40.33014 -48.7211 -4.914301 
0.6297436 11.52689 -3.268486 
-2.685477 14.22865 -3.646314 
-1.540764 15.99102 -4.906106 
-6.391893 15.68652 -3.515341 
-5.31753 18.11322 -3.928384 
3.333731 17.41352 -3.323898 
14.65496 34.68187 -5.795434 
12.3056 85.34967 14.57421 
-22.56956 41.12333 -2.80882 
35.39162 45.07196 -3.500349 
-34.89895 46.17037 -3.697874 
-32.01966 46.31332 -5.253078 
32.01098 9.096022 9.754445 
-27.9877 46.9164 -2.690768 
-43.40691 49.3418 -2.989698 
-49.17962 57.32621 -2.856826 
23.87382 65.56654 21.99082 
-25.62534 67.71751 24.13252 
53.54361 58.58991 -2.012277 
-25.62056 68.69396 22.07335 
-47.92361 62.19402 -3.250458 
-0.1680521 28.12118 32.44083 
36.89829 61.66029 -4.430328 
32.75611 62.79716 -3.273707 
-2.267685 29.97575 33.36473 
21.31244 70.76989 23.88598 
-28.75255 65.33024 -4.10686 
-21.90182 72.94703 23.99164 
-23.37582 -11.68366 9.903708 
-7.132017 60.77715 38.77408 
-1.409373 90.55549 13.02765 
28.01816 14.02153 8.58073 
16.74562 77.58826 -3.481457 
-15.09879 80.96071 -3.240232 
0.237305 48.4793 35.36269 
2.21828 28.7313 33.07425 
-11.92449 86.00428 -2.916222 
9.08857 85.21586 -3.291656 
1.905703 88.5986 -3.303633 
-3.769612 88.80447 -2.021208 
35.83806 -54.0672 -3.184431 
12.35896 -50.38635 27.23238 
-42.48745 -51.99731 -1.817467 
-15.50194 80.00597 24.01645 
5.360074 31.69897 32.98439 
-41.46396 -49.18171 -4.480618 
-24.26648 -52.40685 16.66198 
-3.540629 11.74243 -3.536574 
2.28951 13.4708 -2.216832 
3.192849 15.08889 -3.092209 
-45.11497 -52.77962 14.7321 
-8.033197 15.94181 -1.508767 
6.100645 23.54788 -2.699921 
48.32436 56.89092 -1.611842 
-43.24932 -48.30457 15.80106 
49.90139 55.7378 -3.032681 
35.37203 -47.57098 14.60496 
-19.93314 24.05861 7.309433 
17.30896 23.92753 8.019015 
-10.46989 17.82686 28.69607 
-3.455569 35.96144 32.73222 
-45.9295 63.51406 -2.52098 
-24.46992 -45.14178 15.45146 
-39.09092 65.79495 -2.867452 
-33.94827 -53.10951 23.69561 
-23.2853 -53.14189 20.77041 
-2.848851 -6.413893 48.65171 
-23.06826 70.99286 -3.167717 
-23.41541 74.29041 -3.145361 
-0.4235643 48.77324 35.94345 
28.31248 -43.90762 14.6873 
-20.50234 27.06051 9.99178 
-17.07532 79.15507 -3.404376 
-34.48709 -49.9283 23.67083 
-2.216956 89.00357 -3.551432 
37.25575 -53.86843 -2.5166 
-38.52416 -51.64043 -5.095671 
-41.01188 -49.59953 -0.723407 
-38.98154 -11.5556 -2.707814 
-40.87519 -9.709924 -2.195533 
8.277034 36.11851 31.89165 
27.45848 -37.717 13.86641 
-30.48084 -1.500848 -2.651296 
-40.6867 -37.65711 13.30367 
5.530714 63.0504 38.59772 
-5.763012 14.04938 -2.636712 
-9.543232 29.39103 -4.999488 
-14.96082 33.53995 -2.77119 
-17.47482 35.60127 -1.977483 
-19.33066 36.61765 -3.081774 
30.8962 -32.02095 15.32998 
32.13951 45.70008 -3.471253 
-15.12359 19.79903 26.21099 
-48.79146 52.1205 -2.938004 
50.9545 58.13332 -2.804514 
28.08759 63.80649 -1.194054 
49.65065 64.44203 -2.555555 
33.17561 -27.23095 16.63745 
23.30336 67.28913 -1.074898 
-36.03641 66.15366 -1.982576 
26.56901 45.11659 7.44245 
55.51665 65.57681 -2.293992 
-31.59466 -34.83751 22.99427 
17.69201 75.70689 -4.349457 
-32.7705 -37.76588 23.2249 
-14.66875 82.70444 -2.94368 
-9.556037 88.09866 -3.056193 
41.21447 -53.27418 5.997153 
-52.24074 -53.66927 -4.900129 
13.87203 -21.58967 16.77808 
-38.21175 -52.8616 -3.223536 
-36.00005 -50.27869 -1.519892 
-47.40717 -49.202 -3.117759 
-35.33131 -11.67648 -1.928143 
-35.88932 -33.35712 22.1827 
-36.34973 -7.798251 -3.349481 
-40.18394 -7.337387 -2.345235 
26.22549 -5.759733 -2.57893 
15.32825 24.23 24.07031 
-34.26603 -7.155637 -2.099123 
28.72025 -4.715976 -1.989926 
9.763493 47.88534 35.0503 
-33.72049 -4.761492 -2.604908 
-31.3544 -3.089145 -2.550682 
-35.89417 -1.809033 -2.021037 
-26.2522 -3.246661 -1.885955 
22.32832 66.91279 25.62641 
28.35397 -2.538682 -2.44487 
25.261 -1.285656 -2.625913 
-33.71712 -0.5550114 -2.534624 
21.18842 -1.146219 -2.387107 
24.61724 1.257414 -2.619193 
-33.26984 -31.07878 23.06751 
-29.56499 0.9763317 -2.392563 
-29.58033 -32.58857 23.05552 
-4.210669 10.0942 -1.570729 
9.580453 51.31001 36.60052 
-5.854212 11.17076 -2.320577 
-36.81309 52.31212 9.272836 
-7.250569 18.36769 -2.231743 
-9.805258 28.1951 -2.97551 
8.923018 28.53374 -2.845279 
38.68772 52.91557 8.99369 
-25.75385 -11.97642 14.74089 
-24.15969 43.95365 -2.385283 
-21.91955 -11.07446 13.77683 
33.07755 44.76929 -2.119216 
-34.02209 45.73403 -1.384209 
29.86601 -10.1236 14.92934 
-47.01574 52.20246 -2.285842 
-48.704 55.28852 -1.876651 
-3.460531 -4.756708 55.83804 
-22.62977 -34.07825 17.28921 
-33.02334 -27.70205 23.27806 
-19.74588 -7.992794 15.89861 
17.67961 -40.37891 28.8537 
30.50058 63.07605 -2.242738 
27.29898 -38.87439 27.23581 
31.42579 -7.932642 15.20543 
52.27916 65.936 -2.449365 
-42.42801 65.02633 -2.88106 
-31.04398 66.00883 1.138904 
-17.43809 -6.431701 16.19131 
32.23998 -6.218743 14.66082 
-24.74172 70.55481 -2.389276 
20.31447 72.31068 -2.381956 
-29.77437 -15.87037 19.09122 
10.24521 84.40598 -2.821504 
-38.12711 -5.028307 13.79253 
-14.88099 -5.20146 15.40473 
25.609 -40.48237 27.11322 
36.22247 -51.66508 -2.604203 
-19.57075 -9.84354 10.67798 
10.0294 20.23772 28.31894 
36.38659 61.40312 9.435967 
-49.68987 -48.88842 -3.536496 
15.7127 -20.15555 20.9032 
-13.56626 21.3261 27.901 
-37.89971 -12.87734 -2.367749 
-19.43459 52.95714 33.08588 
19.03652 -19.13862 23.30182 
-28.8867 -5.62131 -2.035724 
23.97676 -16.9672 22.44883 
-23.66352 -4.458065 -0.5396823 
18.98813 -3.325493 -1.53672 
-21.33457 54.91118 32.47534 
-28.95191 64.51285 8.017419 
-27.19936 0.4803425 -2.308801 
18.41925 0.6094739 -1.785809 
-23.6178 0.8895642 -2.086991 
19.54853 3.255251 -1.935256 
23.1652 3.11849 -2.087595 
-33.00158 4.541258 -1.131483 
25.21474 -36.20371 29.5325 
-19.1099 -0.5586591 23.9563 
5.464439 21.31279 -2.172084 
8.320787 21.88966 -1.524241 
-12.18435 22.71726 -1.581013 
-9.127463 22.66103 -2.010659 
11.07634 31.60778 -2.678602 
-17.39413 27.83476 25.74627 
-36.73769 8.301778 14.98493 
14.06936 33.05869 -2.724787 
-36.04932 10.32985 15.77105 
14.17443 29.24324 26.47554 
21.00949 40.94602 -0.8715061 
-20.38004 58.99712 33.02854 
29.8582 45.09356 -1.26509 
10.09104 79.12885 30.55966 
37.39169 45.52729 -4.299637 
15.10599 -1.81846 22.37593 
28.6289 13.43198 15.19267 
-19.02431 63.38204 33.48005 
-48.72818 58.63124 -1.62022 
26.73197 -32.55624 27.74715 
23.7209 17.2256 14.27326 
41.20003 63.52374 -2.268296 
14.14374 1.089421 23.41009 
51.1458 63.58489 -1.17895 
32.69758 -48.74304 17.52697 
-25.37335 20.88631 14.21694 
-19.03273 78.28022 -1.417605 
15.81004 78.12266 -2.01109 
18.72552 24.62775 14.67741 
6.118784 88.16766 -1.666943 
3.924848 87.8254 -3.059025 
-2.362477 89.5943 -2.623699 
-41.82795 -53.34848 -4.907833 
34.70689 -53.18509 16.94986 
33.99862 -50.92374 -1.958472 
15.41477 81.512 9.466496 
-45.65128 -52.69084 9.482473 
25.23055 -48.8132 -1.997553 
-41.20112 -52.96069 16.93957 
31.73182 -13.87695 -1.587124 
18.31936 34.91551 14.39401 
-40.16742 -14.09443 -0.8030809 
29.19677 -13.52576 -1.866676 
28.30195 -7.827629 -2.326724 
20.52999 -7.460465 -0.9593474 
22.09369 -6.384026 -2.102218 
-23.71892 -2.637208 -1.167038 
26.7013 5.016496 22.64087 
-36.43705 -52.72443 16.44069 
12.18006 -27.08928 17.96146 
28.33072 2.282177 -0.7577869 
10.27558 86.82141 6.558146 
-33.57468 2.059362 -2.066092 
-21.34952 4.243655 -1.339242 
-9.211101 80.43493 29.56799 
-30.3212 4.000518 -2.035858 
-24.93325 4.852021 -1.731248 
-30.0322 9.051947 23.64809 
18.03008 6.246678 -0.9736155 
-28.31257 7.315787 -1.03268 
21.67664 6.23279 -1.545133 
-22.30967 7.730688 -1.028531 
-23.81726 5.849588 -1.785503 
-26.46337 6.723983 -1.465389 
31.25849 51.57326 14.41857 
3.389666 14.08414 -1.30487 
-10.23243 17.79477 -1.088604 
4.432176 17.12494 -1.794111 
10.11989 19.65503 -1.057514 
-27.81843 11.36403 24.29058 
-10.72085 25.96608 -2.023924 
6.587056 77.77282 33.3627 
-14.69874 29.99707 -0.4052897 
-9.209401 76.53794 32.68915 
13.71931 31.40502 0.5599285 
-24.49034 14.37406 23.57065 
-20.32187 35.51451 -1.284492 
-38.91291 -46.38018 19.54059 
37.51229 45.19434 -0.5270005 
-26.89695 46.39323 -1.55435 
-40.98627 48.46193 -0.9493681 
18.5953 -24.93872 26.0212 
-47.6007 62.08488 -2.043839 
47.37428 62.32265 -1.899629 
49.79729 61.35424 -1.401043 
44.69861 62.59954 -1.080011 
24.08581 65.05283 -3.198334 
11.31363 52.38774 36.2107 
17.61377 71.51633 -2.933525 
-26.43787 69.45616 -0.5935145 
-26.21147 72.2564 -1.882099 
13.87898 82.01821 -1.163454 
32.83333 -53.79744 2.292092 
-48.65597 -53.66361 -2.101987 
-29.65075 -52.8443 9.646744 
36.52052 -51.08632 -1.228412 
-19.97076 28.70154 20.94458 
-45.64266 -46.87858 -0.03041723 
-47.29588 -47.00209 -0.4535311 
-38.32596 -46.54082 -0.4330595 
-49.84647 -53.00845 9.70372 
29.43444 -15.9519 -1.565006 
-42.7472 -52.71394 7.793794 
24.81511 -11.81938 -1.256075 
27.68973 -11.92387 -0.6730916 
-16.18797 83.80473 14.90651 
-38.17703 -52.70658 10.63673 
31.45643 -10.85697 -0.6197094 
14.8003 34.92989 25.39261 
23.94101 -9.72463 -1.667771 
10.77675 85.49876 14.59523 
-30.83253 -8.183836 -1.69418 
19.21289 -9.999626 0.1334031 
30.95531 -9.167267 0.2849971 
3.383957 1.801163 32.82297 
31.1498 -3.811383 -0.3233476 
-37.3209 -3.706794 -0.9304078 
17.51581 -3.363842 -0.6885055 
17.68431 -53.3457 15.16021 
-3.773072 2.826782 38.33078 
25.66462 4.082845 -1.440625 
12.34978 37.6628 27.43165 
-30.08613 6.872765 -1.087905 
14.29747 -21.49663 19.07554 
1.547257 6.577745 33.66413 
-1.642616 8.975703 33.09825 
10.81723 17.08941 -0.6642348 
-28.18272 54.06498 22.13914 
-27.78672 57.5766 24.40415 
17.45693 35.7697 -1.494023 
17.78409 37.8035 -2.814319 
19.35675 38.45652 -1.114707 
31.36594 -53.25235 15.77026 
-31.36723 45.65838 -0.3196145 
43.0274 47.93233 -1.597306 
45.77525 49.50847 -3.014135 
-45.40821 -50.4123 14.99807 
20.94613 69.28786 -0.5798741 
21.1102 71.79102 -0.7805558 
20.03875 74.61389 -1.256795 
-20.18853 76.04515 -1.635403 
-16.92049 80.61671 -1.23537 
-10.36633 86.58411 -2.21402 
-5.428397 89.27255 -2.560629 
20.67541 75.1338 22.23102 
-43.54339 -52.83463 1.709812 
-45.24923 -44.5803 8.038156 
-43.12473 -50.88757 -0.05989811 
8.686688 36.61651 30.59846 
-21.25081 74.05669 24.82601 
-34.46407 -49.1068 -0.5436949 
-41.66504 -45.33221 16.4662 
-48.0286 -47.44244 0.6072748 
-38.57193 -47.46345 -1.313715 
-35.84961 -47.57105 -0.946332 
8.596566 33.52512 32.52521 
-36.29666 -19.491 -0.1457001 
-36.79518 -17.79255 -1.067924 
-31.6873 -17.40451 -0.8551283 
-34.71694 -17.72809 -0.416174 
3.915245 32.19753 33.30691 
22.47771 -43.70766 10.45163 
20.21908 -42.67643 14.59522 
-39.90257 -43.34661 16.96391 
-35.67654 -13.50695 -1.11774 
-33.07603 -15.63129 -0.2292921 
25.92772 -15.77399 -0.09468716 
-30.71478 -13.66321 0.02962822 
13.9974 54.97079 35.51008 
19.29114 -41.22225 15.16622 
-41.84867 -11.93734 -0.7456738 
-33.42251 -11.77755 -1.007564 
-13.20342 83.67173 23.11456 
-25.98975 -7.712936 -0.4468361 
31.46219 -6.349336 -0.661806 
-23.67488 -6.333382 -0.1999328 
6.552032 34.83323 33.64069 
-2.228778 67.82054 37.84471 
30.56262 -2.150423 -0.9659097 
6.129275 35.87576 33.31707 
5.543263 85.82555 22.68853 
28.96313 -38.38645 14.68102 
16.87816 0.6956742 -0.9269497 
28.23622 -0.1513942 -1.252086 
-22.90492 -40.0785 16.42352 
6.888959 85.98676 23.06984 
-7.805205 35.9722 33.15283 
15.9073 3.888404 -0.9443076 
-5.511134 37.65437 33.04684 
-19.17795 5.529765 -0.2346714 
19.41269 6.931094 -0.7252797 
21.62234 7.808229 -0.6480443 
1.052531 9.108363 -0.4287656 
20.05865 8.943322 -0.7091802 
2.207111 11.0938 -1.889473 
-3.610473 38.89156 33.59815 
9.008413 12.6502 -0.6919273 
-36.60733 -40.48933 9.138137 
-7.15651 13.0858 -1.013529 
-13.43794 17.01062 -0.4433639 
12.79874 -31.32434 14.46982 
-13.99609 20.51538 -0.7234091 
8.763019 24.48154 -0.3075282 
16.5672 -9.338751 18.73229 
-13.62522 28.85394 0.01993595 
11.69368 28.83994 -0.6127008 
13.14825 -52.9269 22.66147 
-37.24337 -38.8115 8.478222 
-23.0904 39.91483 -1.363257 
25.25874 45.17908 0.3785064 
-8.365213 38.69779 32.27661 
47.63716 59.50946 -1.221615 
32.39531 -24.68867 13.7098 
33.28595 -23.88623 15.98786 
-34.58322 66.31409 1.530746 
-41.55348 -22.49689 16.62835 
18.15217 75.51974 -0.8181452 
13.84062 -45.2066 25.75258 
13.90296 79.85996 -2.257135 
15.98008 78.96717 0.1273035 
-20.73273 71.75242 26.18002 
11.07422 31.58124 29.4692 
-26.20751 -45.69346 23.94035 
17.88131 45.53132 28.97396 
-23.12855 -17.75923 14.62548 
23.34558 -33.15049 9.807171 
-51.04641 -52.81769 -1.98817 
-5.817795 7.870806 28.64918 
-49.91019 -49.22702 -0.9698546 
-42.93328 -47.95527 1.317467 
14.79315 -43.93885 24.12634 
-5.392951 9.668465 29.75013 
-33.79884 -19.07539 -0.6678287 
30.3894 -18.9384 -0.07941796 
-37.45205 -15.66198 -0.01412858 
20.96288 -12.44602 0.1182478 
-29.78708 -38.94782 23.14841 
13.90215 -36.41945 24.57174 
-35.72372 -9.07277 14.9827 
-39.48069 -4.997262 -1.506965 
-29.6578 -35.63415 23.0988 
13.91261 56.59056 35.05026 
13.71774 -32.8882 22.98592 
29.74775 0.4228431 -0.3944631 
-19.83953 0.225455 0.02116172 
-24.84547 -10.58908 16.4134 
13.5769 2.349166 -0.06687634 
-18.63487 2.402473 -0.2124488 
-19.69575 -9.884768 14.45293 
26.72769 4.641606 -0.3698981 
15.1911 -29.16147 25.31269 
17.6699 -16.47195 18.03049 
23.43823 8.516315 0.01338875 
-23.57853 9.979838 -0.1591303 
12.33683 -8.39099 13.8058 
-9.476973 9.343258 26.78718 
-27.44611 10.28068 -0.1434145 
-19.84938 10.73219 0.473938 
13.87449 47.27747 33.15378 
14.60727 10.95952 0.3588408 
6.461372 13.52599 -0.4148906 
-35.33218 -15.37752 19.11941 
12.21165 17.06727 -0.6340786 
10.68616 57.21119 36.55529 
-12.75213 -2.43626 15.54618 
14.12054 51.0713 34.23597 
-6.20134 -7.034551 53.08801 
-24.45912 -2.725392 23.14866 
41.03998 45.80481 0.03675135 
43.51702 47.3263 0.7053648 
17.77043 53.8555 32.28949 
19.62569 76.13509 23.3004 
44.51295 50.79742 0.9654654 
-45.41875 54.96162 0.4368026 
-20.8633 -22.54625 10.40179 
-45.20286 57.5779 0.4813149 
-44.30925 61.4585 -0.2897531 
43.01122 63.19399 -0.4107261 
38.61931 62.43562 -0.574653 
-40.4961 64.63087 -0.3392026 
23.34699 70.82534 0.2000369 
-25.00173 73.57489 -0.7278783 
19.09064 73.87846 0.5851402 
-17.96537 77.67399 0.4555943 
17.81495 76.41906 0.4752227 
2.278112 89.42032 -2.05308 
-37.56443 -43.43008 19.6511 
36.17554 -53.62257 0.6306453 
-19.53789 56.75264 32.76666 
-41.84726 -52.82814 0.5295211 
-42.12023 -51.12447 -0.5621657 
30.59488 8.191128 17.38826 
-36.12802 7.60945 17.23667 
-37.52659 -45.91682 0.8246178 
-19.1029 59.06696 34.44913 
32.0346 8.5144 14.47497 
31.0585 9.664454 15.31339 
-36.6999 -21.72486 0.4478045 
32.82042 -18.74592 8.588564 
28.03782 -18.43565 0.2605613 
-38.2733 -17.39865 0.4093981 
-30.29176 -17.06734 0.8896993 
-31.38734 0.5427289 22.48592 
-27.93181 1.157196 23.77609 
-32.45453 13.87193 17.65785 
28.28635 -13.16601 17.702 
17.63239 -8.588545 1.408281 
-41.9935 -7.367623 -0.3126975 
-31.72394 16.17951 16.6016 
15.52044 -1.428675 -0.4389578 
-37.76386 1.518522 0.3878027 
-38.47875 -18.60208 20.11433 
12.62703 5.329642 0.2695791 
-35.18871 6.568739 1.109453 
-11.56194 59.16006 36.79699 
-31.84719 7.85041 0.3754022 
-5.888659 -6.860278 51.52603 
16.47184 10.06012 0.6424533 
-21.25047 26.72094 14.39064 
18.14833 9.419833 -0.2796609 
-6.450621 10.08414 0.7380064 
3.177348 10.16728 1.375116 
14.96885 16.17298 0.3247522 
-13.19318 71.23205 33.22968 
-13.33733 23.57008 0.1269644 
34.33759 -51.87276 8.075644 
3.114493 6.027277 22.45977 
12.85038 71.32668 33.59789 
-22.12117 37.50846 2.722487 
22.62821 44.11708 -0.5829158 
-14.91699 73.55605 31.78058 
28.97794 44.71276 0.5499751 
33.66661 44.41806 1.184336 
8.344718 74.79437 34.3553 
-33.50759 46.02344 3.374939 
-27.9846 47.73434 14.69715 
-6.918487 7.906426 22.79841 
34.35373 63.93399 1.036578 
28.50171 50.76502 14.57197 
-28.40287 66.07782 -3.164561 
21.95127 10.59667 23.46519 
-26.34112 71.98335 0.3045252 
-22.45795 75.39568 -0.909636 
17.67637 9.741498 24.23808 
31.34022 54.22658 14.8726 
9.528541 85.90326 -1.643673 
-29.19994 55.4324 15.09064 
28.88448 58.18721 15.2864 
4.315716 88.5929 3.075999 
30.45786 -51.43616 0.6268916 
27.09606 -52.4653 -1.09831 
-29.44293 58.23624 14.47086 
26.31302 62.3592 17.45655 
-30.17572 60.62333 15.99211 
-32.87981 -21.64863 0.8145675 
-40.53562 -3.572604 10.15844 
-29.82421 -20.19818 0.3519978 
-28.33615 -20.43566 1.201601 
-31.79403 -20.00041 0.75053 
33.07753 -17.15466 0.4353102 
-50.07819 -47.90691 10.74759 
17.12918 -6.904006 0.2713306 
-41.72675 -6.537621 1.333451 
-39.40699 -3.959608 1.323212 
-21.4763 -4.524935 0.4084322 
-1.617165 -4.645263 35.06411 
-37.23221 4.417481 1.512345 
29.39894 4.553501 1.559129 
-35.70177 4.920794 0.8056971 
12.45868 7.597353 1.082469 
27.33848 6.287903 0.5484387 
27.7207 -9.967419 17.6686 
9.601249 8.742072 0.2670723 
-18.31079 30.96745 22.77195 
13.80442 7.002598 0.3588251 
24.01575 11.76485 1.98143 
-16.17807 7.456531 0.8449549 
-2.370311 -2.172888 32.62064 
-25.66858 11.65616 1.381902 
21.12463 12.02786 1.102413 
-8.998446 12.30408 0.2962358 
-10.66624 11.47103 0.6781413 
9.675571 86.08598 15.76028 
-14.17992 16.27825 0.3193467 
11.95556 19.46993 0.7249689 
-13.2109 12.56667 26.92781 
6.601639 87.31825 15.68667 
-2.318855 53.16363 39.10161 
-23.05201 -8.854268 17.87963 
36.13991 -48.06102 11.15521 
18.10893 37.24977 0.3031502 
19.74646 39.90722 -0.7610077 
35.33495 44.98259 1.054709 
-36.38319 46.26404 0.9740857 
-39.13074 47.137 -0.6863992 
45.26533 60.91787 -0.374036 
-23.50532 44.25829 23.39827 
21.92069 47.27063 24.09411 
-40.36576 63.98856 2.374684 
22.89025 45.76554 22.64494 
21.81116 72.44789 1.610059 
-24.58586 73.02884 2.037321 
-15.04579 82.20399 0.7750252 
-33.97634 -53.66562 2.269019 
-38.0141 7.109897 8.843257 
-34.831 -51.46727 -0.8088244 
28.30115 -51.39785 -0.1589051 
27.36047 -49.00903 -1.792725 
34.61909 -49.00049 0.09400848 
-28.89362 -24.11468 1.065703 
-28.7509 -22.07762 1.297157 
-26.30905 -20.86823 0.9725531 
23.39516 -18.3039 1.395429 
32.7834 -19.36644 2.55507 
-3.682671 -8.829243 57.47139 
22.73993 66.26681 23.52908 
5.384484 33.51328 33.69693 
-4.344789 34.49813 34.11013 
-42.5921 -12.24155 1.180958 
-31.67097 -7.413646 18.44564 
23.22393 68.87151 23.22849 
15.02418 -4.806932 1.70512 
-19.33771 -2.475051 0.5841317 
33.38049 -47.1146 16.72156 
26.39148 16.31038 9.543107 
33.0547 -2.158723 1.607457 
-21.22566 -7.443841 18.90909 
-16.54986 1.417863 1.406928 
-15.00372 2.540321 1.89383 
10.60789 3.501011 1.828187 
14.57655 -7.881908 18.07483 
-4.467327 7.104445 -0.3782535 
-1.606683 7.419361 -1.063296 
-13.60452 5.834172 2.301782 
-53.85448 -52.24711 5.994327 
-25.60942 -42.07527 12.73923 
-17.61077 12.17917 0.5371442 
-24.49826 12.42052 0.9064535 
16.89404 12.69379 0.914036 
15.11125 79.62961 24.14203 
13.04352 82.36616 23.08678 
-22.12743 23.31859 10.59547 
15.24867 -37.52779 27.28498 
12.90539 -6.076589 17.3856 
31.16388 44.72761 1.579484 
37.49997 45.57787 2.280938 
-45.14431 52.44127 -0.6002471 
-5.046664 87.0539 22.02795 
-27.7632 67.84282 2.03572 
-18.66022 77.78564 1.819356 
34.04255 -46.0578 12.43736 
-12.20169 85.84046 1.439642 
-12.99214 40.60831 32.80922 
-2.252493 90.25057 3.714088 
-32.58689 -52.32635 2.178663 
-49.28711 -52.33184 2.228034 
-25.1417 -53.87299 20.74683 
-24.65817 -52.4307 25.44205 
-42.15187 -28.69178 14.27228 
-41.01119 -49.01944 1.042475 
-41.5852 -27.21124 15.89401 
-40.61824 -47.40359 1.575432 
23.12291 -48.14726 1.903938 
16.61882 -52.78013 24.90547 
-37.60688 -44.88321 1.769775 
11.84114 -27.47729 15.81413 
-36.37083 -23.38072 1.364503 
-34.14483 -23.42456 1.096938 
10.24799 17.35151 26.39904 
-38.73902 -20.4037 1.591122 
-26.24368 -19.50832 1.339246 
27.33316 -17.80197 0.2897373 
-28.02957 -18.48315 1.93923 
27.58689 -51.9077 23.12299 
18.00473 60.70276 32.77039 
-40.04834 -16.84023 1.411375 
22.44523 -13.79402 0.3839601 
33.8897 -11.94206 2.171365 
15.92014 -17.90214 15.33402 
-32.6206 -46.58967 24.22194 
13.47236 -2.0061 1.236028 
11.80655 0.4710414 1.51884 
-17.72918 -0.8394174 1.380431 
17.93797 71.68299 28.48208 
-25.58083 42.25861 6.423971 
31.37906 -17.65975 14.93798 
-27.40636 43.62356 11.14925 
16.35308 74.93153 28.06181 
-30.11732 -45.32328 24.43447 
-17.51665 -5.44928 18.24641 
-0.09249447 54.71173 38.79479 
-30.6223 8.734205 0.8651104 
-10.46975 7.805703 2.620784 
11.24312 48.15734 35.06583 
-32.2115 9.739158 2.486602 
2.200216 9.380716 2.055932 
26.03332 9.825092 2.076697 
-21.88533 14.53472 2.148647 
-15.50965 17.93676 0.8423157 
14.53385 29.299 2.871373 
-17.52494 30.76598 3.4472 
-17.22286 34.04539 0.5077643 
-17.92388 34.52352 1.286949 
17.61835 35.70993 0.8333705 
-20.84485 37.29727 -0.4338476 
19.18408 37.9521 1.478656 
22.11875 42.2925 2.441637 
-28.97516 46.9024 9.845382 
34.86859 47.91856 10.35512 
39.65753 47.13591 3.558578 
43.29366 46.86639 2.453351 
-42.17645 50.38605 1.350115 
45.66779 58.88903 1.268688 
-42.15703 62.62563 1.229484 
-27.70999 70.89313 0.5972158 
23.10691 71.27214 3.295769 
-14.14216 82.26903 2.84564 
17.82269 -22.48203 24.67501 
-39.30689 -53.95347 0.962374 
11.82277 -6.890015 13.70341 
-45.35144 -46.54433 3.150083 
-3.777051 -10.81234 55.47964 
-34.47266 -46.19286 0.9830769 
-29.86256 -27.74674 1.944943 
-33.92765 -25.48169 1.535727 
-28.02311 -27.75927 2.522249 
-31.75289 -25.32105 2.218838 
-31.54764 -23.08443 1.621245 
-39.415 -22.52433 1.398726 
23.59153 -19.85752 24.85079 
-40.02436 -20.94296 2.702315 
11.29037 -2.820382 17.40833 
-25.53687 -23.56173 1.826615 
26.46737 -19.39322 24.52793 
23.72545 -20.47372 2.689483 
27.35093 -20.49375 2.223244 
-23.2997 -0.5793643 24.01105 
-36.99683 55.0181 9.802958 
-39.35306 57.24664 7.778841 
-40.52242 -15.24435 1.819247 
-36.15231 57.93988 9.975954 
38.80429 56.932 8.938664 
-27.97871 -13.53761 1.618347 
-28.77171 -12.08982 1.098909 
21.12487 -1.542712 23.58482 
-26.82836 -9.103085 0.6517659 
-25.17916 -39.60538 20.38563 
-21.6281 -4.694054 2.102753 
16.79094 -0.7861118 23.44121 
-26.06468 0.2440412 23.9925 
-0.8740935 5.210143 2.747922 
-33.47681 9.195909 2.158304 
32.24346 3.603455 16.25296 
1.562885 4.664336 16.36518 
-29.85233 10.61452 1.512175 
25.7742 1.35077 23.30458 
16.61066 40.5755 29.18797 
-4.972893 47.17584 38.11832 
-23.38916 -36.60519 17.7795 
-29.45641 64.65402 10.75691 
-12.39256 -1.872894 17.54807 
10.50462 27.40094 -0.02708127 
12.6637 27.87469 1.730036 
15.19328 33.77664 -0.04565617 
-24.90302 41.48923 3.2763 
26.63406 67.70189 9.721265 
35.92739 45.69734 2.905095 
-39.98293 47.99834 1.493038 
-28.38946 69.63728 9.757367 
0.6873865 5.003813 23.06983 
23.06135 68.07307 1.508409 
23.62121 72.00881 10.09282 
31.85209 -0.519645 17.24366 
18.17387 76.00127 2.46679 
16.70901 76.27358 2.82159 
-23.92513 -40.99384 18.01508 
-30.24748 5.906122 23.94245 
12.25661 83.49415 2.758693 
5.873208 67.09712 37.85852 
29.50127 -53.46042 3.724394 
-22.36135 25.28757 15.77139 
22.33305 -52.05853 2.361774 
-38.36154 -44.89985 3.100891 
-30.85359 -28.68978 2.738153 
7.275615 7.299241 24.86714 
-26.13547 -25.0519 2.268749 
27.5015 -22.24112 2.436112 
24.44724 -22.16569 2.190203 
-8.647531 8.608243 23.83849 
-40.20212 -18.35987 2.187298 
-24.8025 65.68771 25.47825 
10.30663 81.21293 28.18212 
-26.79992 45.29611 16.16075 
24.10345 7.371038 23.96897 
-41.98614 -11.92681 4.049819 
-16.48466 29.18172 26.46145 
14.99101 -7.467291 3.511455 
-28.84678 52.43989 16.27261 
33.8133 -3.549345 3.00889 
-39.62532 -1.962161 1.812801 
-39.57865 1.030865 3.169484 
19.9378 9.139612 24.94702 
8.931271 5.277538 2.710076 
30.72477 5.035351 2.506727 
-3.557624 -5.614336 44.0317 
28.3606 9.268551 3.307209 
-28.06199 12.33558 2.758028 
-23.43403 15.26044 3.724385 
-27.04874 63.51936 24.72759 
11.21919 62.30399 37.06049 
16.70473 19.47927 2.104994 
-17.78697 17.35669 0.9699849 
16.81229 15.40836 23.70407 
-23.01998 15.62154 23.84696 
14.92926 32.74733 26.58324 
-14.45224 28.71222 1.268979 
16.62617 35.09781 2.812607 
20.30773 39.45792 2.102064 
29.2099 9.220442 19.51484 
27.94298 44.71433 4.114446 
7.774315 82.33392 28.1662 
-35.34056 46.99858 5.045995 
-27.48947 71.55421 15.60733 
-8.187519 82.27491 29.00734 
-43.52362 58.21844 2.423763 
-5.732015 68.65701 36.64362 
14.39665 22.12253 23.55623 
-27.99134 66.3521 3.287702 
-19.37978 24.72285 22.21211 
26.23172 67.27368 2.707942 
21.11067 77.19537 15.92848 
-21.4525 78.79331 15.75286 
-3.312305 -7.8641 52.47051 
15.64023 78.12232 2.610769 
-16.58576 79.98388 1.33528 
-7.614359 11.86905 27.86729 
-5.819831 89.81747 2.672962 
3.0539 89.633 3.9877 
-43.04527 -53.64541 3.692266 
-46.58425 -53.42294 2.971967 
26.2313 -52.38821 3.043596 
-55.22609 -52.08517 1.917367 
19.41775 -53.60957 10.51908 
3.1981 -0.4131829 35.83236 
35.26104 -50.19234 2.134275 
14.72182 83.93636 14.39609 
6.671963 68.83446 36.18882 
-16.00178 84.36956 16.70307 
-16.84642 35.73742 24.88669 
-42.67712 -46.1126 2.329079 
-35.57386 -45.52954 2.37309 
11.30238 84.84262 15.86604 
39.17074 -53.81915 7.079448 
-36.3034 -26.02484 2.327027 
-33.05107 -27.30689 3.242626 
17.61413 38.81407 23.73837 
-38.28575 -24.10735 2.312396 
-6.858845 88.86867 16.00967 
25.03447 -24.27572 2.93551 
-0.1416638 56.89013 38.91959 
-35.36409 -53.11628 7.199033 
-25.43359 -18.9143 2.960729 
-28.73511 -15.75514 1.585131 
19.65442 -13.4898 2.453994 
17.48834 -10.90219 2.500016 
-2.472289 89.26492 16.18203 
-18.96354 40.40153 25.57995 
-2.345326 41.23299 34.57555 
23.24678 48.50925 23.40243 
23.74058 51.00831 24.00192 
-36.33702 5.997118 2.983072 
-26.71827 53.58026 24.51566 
-31.31806 11.98497 3.388802 
22.42264 12.79341 2.653553 
-26.69248 14.67908 4.06422 
20.45808 13.76473 2.220346 
17.2237 -53.57309 29.69706 
18.98092 16.8669 3.100975 
-20.22326 20.46391 3.435962 
-29.17746 -47.73329 8.807721 
18.75496 34.04694 5.495529 
33.63948 44.67654 3.40477 
24.26034 64.4216 23.54631 
44.03995 62.34209 1.280494 
-4.060051 6.591324 16.14255 
-37.22587 65.75904 1.223709 
-6.418545 42.40852 34.29355 
21.85978 -43.82631 10.97234 
2.018392 41.48572 34.16412 
16.21133 78.53143 3.589872 
12.83468 81.80305 3.959607 
31.71524 -46.09919 11.22011 
10.91161 83.99981 3.510335 
10.00391 86.23948 2.155693 
-9.965033 88.06158 2.518665 
-55.634 -53.05043 2.680977 
28.0491 -50.894 2.927858 
20.8063 -50.74142 3.224641 
-26.47839 -45.57944 11.17805 
31.00826 -47.55543 2.510139 
-41.32804 -45.4353 3.16173 
-39.68027 -46.104 3.121897 
-26.94513 -31.44394 4.110817 
-38.37316 -27.53241 4.074357 
-41.24448 -30.99962 17.16043 
30.78299 4.187996 18.47149 
28.29181 -25.20172 3.28988 
29.61328 -39.58616 17.40631 
-39.49307 -39.34555 16.46765 
-23.27058 -24.28155 3.633138 
-41.98531 -20.09088 3.060744 
27.20659 -44.07495 8.951303 
-22.29283 -36.29881 15.19466 
-14.92486 80.62318 25.01728 
-43.27734 -43.86825 9.954701 
33.24199 -18.9387 3.482181 
34.63286 -13.71626 3.085596 
28.90493 7.275627 19.94907 
32.56974 -9.945802 2.765281 
-21.94256 -7.064783 4.112693 
30.01043 -35.8658 16.14495 
13.05999 -33.54295 16.72059 
31.78101 -33.42213 18.15268 
-1.924361 59.1829 38.96725 
4.966299 42.7683 33.84756 
-29.29311 -41.59621 9.135106 
-17.7211 -0.902382 3.043618 
-14.63488 2.995794 3.747095 
-12.30398 4.508267 4.820324 
32.73826 -30.25739 16.23955 
-6.762452 8.182261 2.114173 
-41.17627 -25.52504 17.75125 
25.4017 8.752001 1.41209 
4.054462 86.24631 24.09218 
20.2849 15.74267 4.402556 
-29.72356 -53.75957 24.16389 
23.37061 -53.64272 25.87854 
33.23875 -20.82966 15.68883 
-27.98542 -52.93882 25.63887 
16.07718 28.86575 7.25244 
28.82203 -3.700853 19.46816 
41.75606 46.88762 2.536179 
44.87729 49.66966 3.807705 
45.76052 55.69809 2.256398 
33.06711 -29.22453 18.93664 
-23.7845 -51.66875 24.99439 
-23.88001 -35.80594 9.548806 
40.26885 62.34817 2.703354 
-28.86233 69.23464 4.108407 
25.51734 -34.25 9.872938 
29.18939 -16.14039 17.48191 
14.43448 79.35542 2.551579 
-31.79329 -49.78182 25.1903 
-18.47759 52.11832 34.35399 
-4.097504 89.45775 2.372199 
-38.43975 -53.22076 3.531178 
21.14088 -33.71554 10.06601 
-32.27453 -49.74682 3.555915 
19.51735 -48.86784 4.891045 
-33.30927 -13.22191 16.40254 
21.34762 -47.51691 3.710166 
24.8502 -47.31164 3.902969 
33.30164 -47.44396 3.155596 
27.4349 12.56559 17.94854 
-0.03317781 -5.155416 50.92918 
-31.90028 -30.78304 2.973023 
-30.16511 -10.51316 16.33399 
28.38028 -46.16149 23.38254 
8.354315 83.44341 25.41158 
-17.88074 57.28799 34.60548 
-39.96544 -22.91543 3.609876 
24.09816 -45.98102 27.76891 
28.92535 -20.978 3.081291 
31.97211 -20.7211 5.821724 
-42.30678 -18.47557 4.540952 
-25.08684 -17.27913 3.72861 
33.03535 -10.41643 4.392677 
-24.84543 -8.436909 1.761103 
-32.53022 -9.961164 16.19802 
33.6063 -6.300014 1.855641 
13.14142 -4.738477 3.979966 
14.45695 -11.1163 14.82599 
29.88274 -31.88661 25.3161 
28.88698 -32.80574 10.02103 
31.8559 0.7103169 1.979593 
10.0016 0.3925152 3.89308 
31.88323 -28.72536 22.91156 
6.371903 5.734884 2.752095 
13.26403 -50.06702 30.02299 
9.750413 11.49607 27.01373 
-7.766837 6.859783 4.906168 
22.74182 51.86671 27.03652 
16.87082 -26.12329 25.3217 
18.74041 14.95537 2.753114 
14.67947 21.66857 2.811454 
12.32791 24.40625 2.031121 
-25.48074 54.72502 25.44921 
16.68588 44.18982 29.98857 
1.810153 58.94401 38.82425 
19.5949 35.60767 2.86328 
-12.61428 69.69836 34.98093 
-41.26147 -26.73329 10.12559 
-25.6251 43.332 3.431489 
-14.15136 -3.621759 16.54297 
-41.09261 62.02341 3.576344 
32.18671 -2.831815 16.15565 
-23.18194 56.37287 28.32199 
-11.53032 0.2273738 17.37396 
28.85614 65.60856 3.773015 
-16.10581 81.72668 3.566701 
10.25239 85.93076 4.207 
-5.796123 89.17387 4.510187 
-48.37217 -51.29393 4.18286 
-55.43158 -50.26271 3.390484 
26.67928 -49.02617 4.055444 
-18.5416 2.322795 24.18396 
-29.66866 -32.79189 4.213938 
-38.15904 -29.93092 3.949362 
-35.35344 -28.79137 3.38497 
33.32907 -24.87754 19.29515 
-25.36499 -27.7262 3.347683 
25.82134 -27.61088 4.130764 
26.66447 -26.01204 4.077242 
22.22882 -24.32338 3.276489 
29.05375 -22.88332 3.45658 
-41.6079 -21.29348 4.692655 
22.05987 -22.0451 3.378228 
26.95348 -22.68033 26.12396 
22.38099 -42.55267 28.88694 
18.67243 -16.9599 5.679355 
-15.22775 3.362818 24.07701 
33.12114 -14.96009 6.917485 
-41.30931 -7.728963 4.090967 
-40.85275 0.1874438 5.51329 
33.02384 -17.28586 8.7236 
-38.95736 4.892944 4.295299 
1.307107 6.897273 4.098288 
1.821395 3.757645 25.69733 
-2.228781 -7.71542 52.84885 
-5.935166 75.57388 34.18745 
25.85335 13.917 5.274589 
-30.60663 13.88842 6.60567 
22.08526 15.2171 4.165906 
-3.778337 76.65382 34.52222 
-17.96625 30.23118 6.727076 
-20.8684 28.82522 16.24244 
18.224 28.53643 14.82518 
29.96763 -44.6568 10.13576 
-28.84867 46.23775 2.326218 
43.60141 49.35902 4.607809 
-42.19404 57.61748 4.235546 
-26.47112 8.159048 25.46775 
-24.04755 -33.83963 19.61642 
-10.32645 8.259349 24.36942 
37.04465 63.04491 4.391167 
-13.26044 60.2099 37.27174 
-20.83496 77.10474 5.866794 
-40.60905 -6.729022 7.966316 
-10.73648 86.57542 3.025316 
-27.77703 50.92424 17.05485 
-2.466837 89.60557 5.023308 
22.17562 -53.17286 3.785521 
24.78346 -52.94456 2.049199 
16.68399 10.20725 24.43368 
34.93658 -51.82452 5.19373 
-49.67826 -50.57816 4.041121 
33.31192 -21.8402 18.53712 
-29.46882 55.58575 16.63053 
-38.33279 -43.6187 6.636321 
-40.22569 -44.53608 3.824336 
-32.32215 -33.81613 4.62324 
-31.65174 -32.39524 4.351928 
-24.91968 12.77658 23.98088 
-33.85502 -29.98583 4.413848 
-39.35387 -28.62754 5.770856 
-41.03938 -26.97575 5.311745 
20.33061 -23.31826 4.824227 
-21.78608 -22.37895 5.443291 
-42.7483 -16.4347 4.185312 
25.66693 64.43713 17.24819 
-25.89824 -15.02684 4.826938 
17.16179 -11.06584 4.481318 
-29.39973 66.66227 15.24082 
-20.21706 20.08863 23.03434 
14.81549 19.43651 24.84917 
24.62451 71.21719 16.33743 
-25.76419 72.26955 17.06433 
32.55569 5.383811 5.453151 
-25.03295 74.99389 15.56188 
-37.86527 6.340152 5.080827 
-33.62403 11.43702 5.343225 
24.226 13.43143 4.189501 
-3.901452 5.742923 34.61981 
15.53075 81.76513 17.16691 
14.27528 83.47713 16.1445 
15.93708 29.93838 22.53676 
21.59551 20.99382 12.44153 
-19.79151 34.19119 3.111112 
21.11975 39.13079 3.543858 
25.39014 44.39032 4.315425 
31.02946 44.42295 5.236576 
18.0211 73.9406 28.03012 
-39.99462 49.7407 4.231446 
42.12106 60.39572 4.573016 
-40.25195 59.67239 5.773983 
17.3566 37.42186 22.24917 
29.67405 64.9528 2.762561 
21.88864 39.57363 22.43667 
-26.56659 72.42921 3.145294 
21.72311 73.25145 2.272542 
33.80635 4.93348 10.35198 
-9.041427 2.272827 11.09145 
0.5740545 88.8399 16.1273 
-15.21569 82.47188 4.921462 
12.13929 84.80595 5.108311 
-23.44157 41.47179 23.69416 
6.49215 88.59769 3.883689 
6.72867 88.00056 5.054963 
-23.62037 42.31053 24.53144 
-26.77626 -53.66513 15.48251 
-36.09517 -53.73523 1.620155 
26.48796 -53.27207 5.089859 
34.80599 1.605458 9.454812 
27.90727 -48.62961 4.674155 
-24.71429 49.15551 24.76971 
29.93061 -46.28486 6.190663 
20.65784 -46.00259 5.040084 
-43.3193 -44.79523 5.14212 
-38.69027 -44.67502 4.941576 
-42.17562 -44.23358 5.065928 
-27.74058 -35.39281 6.026054 
-35.36079 -32.73713 4.779034 
-33.56423 -33.41661 5.425091 
24.00141 -27.43165 4.96753 
21.83154 -26.0571 5.032499 
19.12413 -8.525435 20.19423 
19.77537 -21.87743 4.235878 
-40.80433 -24.12496 4.707432 
1.288209 4.410973 11.77815 
-22.65378 -17.44369 8.713803 
27.5592 -35.93769 27.59786 
18.88166 -49.91565 7.135729 
-41.01488 -2.891345 5.142024 
-0.2072714 61.99809 38.86595 
-12.73817 1.3734 7.040675 
7.787186 4.194521 4.847608 
-36.48641 7.936712 4.10217 
21.77553 67.90692 24.43153 
22.30166 16.77519 6.230423 
31.409 -46.16154 16.8896 
-22.62497 19.06867 4.639953 
16.62461 -44.94662 15.65323 
-17.96528 21.60511 3.648741 
-18.26026 27.06187 7.165397 
16.0444 31.32879 4.824849 
22.86424 39.92286 18.21053 
-30.90969 46.98452 5.694856 
16.80771 -41.31099 17.31616 
44.9127 59.19933 4.141096 
-15.08403 60.70461 36.63742 
-29.69476 16.85393 12.16115 
-37.45646 64.5554 4.288766 
-34.92356 64.50566 5.339 
32.3806 64.91982 5.205046 
-28.36357 67.92415 4.468937 
-28.64149 70.66742 4.526456 
3.059744 45.40712 34.87658 
-23.42764 73.74521 5.122471 
23.14771 40.67982 19.33754 
24.43044 17.10927 10.46747 
-20.68005 75.79168 4.792058 
6.057013 84.38876 24.31769 
23.6305 -32.20427 29.08326 
9.287693 44.65281 34.11162 
-1.518677 90.32951 6.973997 
2.196385 89.54733 5.219925 
20.46005 -53.59727 7.457057 
23.88448 -53.55677 5.1199 
-31.26805 -50.14696 6.05694 
31.29789 -46.70427 7.062684 
-6.821692 84.48202 24.54033 
24.37646 -44.83439 6.175163 
12.46299 -30.93597 18.49491 
-22.6325 -29.48144 17.6887 
-36.52513 -33.39614 6.314824 
-36.18616 -30.68395 4.775769 
-3.568435 86.01678 25.21079 
18.21746 24.94459 12.09312 
-14.95645 46.34901 34.96698 
8.418481 70.72166 36.05425 
13.15683 -25.17636 19.39838 
20.49935 -19.97017 4.83408 
-19.11438 69.70921 30.73358 
35.07793 -6.108124 4.747956 
14.10903 -6.331442 5.479701 
-40.60186 -5.291935 4.816218 
32.40699 -19.84836 16.6538 
-3.545297 5.218516 3.293202 
12.44855 -50.1938 23.51988 
15.88382 -17.65312 16.59614 
-24.82054 43.92683 21.58429 
28.40759 11.67821 5.304538 
-39.24689 -41.71967 11.04577 
24.4355 15.3448 5.188064 
17.2389 23.52917 6.686694 
23.45308 47.84426 18.88942 
-26.61503 -17.29895 18.22421 
-18.4248 33.30511 3.872475 
13.10121 -47.42707 26.37176 
21.15717 39.45663 9.105799 
43.15325 53.67228 6.06387 
45.24484 53.03325 5.320127 
-42.44278 53.48194 3.825079 
-42.98274 55.5437 3.640034 
45.62689 56.44487 4.913424 
35.90932 63.8077 5.478807 
6.429149 74.28496 34.67498 
-29.84742 68.13689 6.343771 
-26.53689 71.72425 6.344263 
-24.46271 73.35386 6.457656 
-21.75675 74.39386 5.368213 
20.22705 75.11894 6.301354 
-4.757678 90.18278 5.870448 
35.2995 -53.22304 2.7431 
1.261984 -4.194362 43.67592 
-48.99475 -49.81425 4.557528 
-13.96639 44.86668 34.38848 
22.06427 -44.9276 5.73872 
27.57299 -29.66521 27.05938 
-29.40306 -35.27885 5.269131 
13.60506 -9.145597 14.19414 
-38.14452 -30.81909 5.835781 
26.46606 -29.67513 5.842172 
-23.40542 -27.47213 5.334606 
-32.99897 49.07208 9.599173 
29.63669 -29.31455 25.3337 
17.77587 -26.75395 6.419243 
-21.86577 -25.88477 5.57383 
29.34279 -26.4299 5.792089 
31.03834 -25.21543 6.349081 
17.80069 -23.98189 5.802847 
-28.58552 55.42304 18.13936 
-42.83 -20.85436 7.673087 
-5.08592 -3.082935 54.50393 
-41.79866 -14.04826 5.719235 
-24.48682 -11.04304 4.977462 
-22.1014 -8.977744 6.280408 
21.78158 -31.23336 28.92677 
35.23089 -1.727552 6.561708 
25.18517 55.66196 17.98093 
14.86355 -46.22757 29.57588 
29.52827 -21.0136 24.40107 
7.177133 3.015692 7.293609 
-39.8155 2.746992 6.086588 
2.56241 6.010406 5.195283 
9.874432 61.65184 37.04865 
30.58744 9.883708 6.714085 
-16.47008 65.76026 34.63627 
-22.17994 22.45293 7.153835 
19.63313 -0.09223641 24.34526 
18.68617 2.084227 24.71328 
-6.725875 -5.206252 53.80932 
16.84886 32.57819 7.472279 
-8.900424 1.899959 16.74738 
36.073 60.23815 10.27173 
-38.71987 48.50172 5.156819 
38.7647 47.12048 5.554471 
-1.649503 -6.20788 55.13737 
41.96608 49.69917 5.558918 
-5.313736 64.63654 38.79934 
11.23385 69.42834 34.4327 
-40.72956 53.19484 5.72188 
43.54016 57.05635 5.436139 
-38.03278 63.52925 5.456406 
-33.53673 62.83936 8.028638 
16.19818 2.982224 24.69472 
18.27047 75.90491 5.506699 
-17.69432 79.87711 5.17396 
22.36604 1.692344 24.41492 
22.62312 -53.01926 27.97346 
-31.4247 -53.04966 5.847878 
-2.588856 5.116265 23.48924 
24.996 -53.11915 7.026446 
40.00068 -52.99836 4.979299 
19.66231 -52.90456 5.451668 
31.9636 -53.07183 7.179074 
-34.4599 12.95636 15.61145 
-40.15736 -26.88984 19.26709 
20.11131 -47.16678 5.272169 
24.21416 -52.62791 26.55234 
-45.73129 -47.02517 6.71177 
23.88837 14.91867 17.39899 
24.08043 4.93915 24.48291 
26.40928 -46.15433 6.937072 
-35.32043 -44.25012 5.709031 
32.43092 -49.35358 7.513596 
-35.24708 -42.08395 8.352625 
31.43094 63.90554 9.593118 
-2.445369 48.20988 37.94633 
-1.687456 84.58479 27.71129 
-38.55342 -32.28902 7.430519 
24.49746 -30.50736 6.761813 
22.63785 -28.46128 6.524035 
28.09814 -28.60329 6.128444 
-29.97974 67.39507 9.891864 
31.28753 -22.67757 5.285238 
-42.67318 -22.76773 6.440681 
-21.87763 -19.21897 8.153985 
18.33315 -19.43336 6.500584 
15.99149 -12.59354 7.113744 
33.09777 -10.40199 6.658683 
-19.83449 33.83846 15.44818 
13.32803 -8.057449 8.712473 
34.98316 -3.88436 5.25429 
33.69083 0.6432744 4.34035 
3.79635 6.324585 25.78838 
25.05652 68.09512 18.77884 
-1.088917 75.65279 35.59414 
0.04242362 65.73777 38.23663 
-24.59969 73.67051 9.837952 
-26.77067 46.64537 16.37271 
4.01545 76.56781 34.13737 
14.409 6.624766 24.60897 
-23.71604 74.66314 6.676463 
22.70039 6.968994 25.11772 
-0.7693242 78.27655 34.23446 
24.00689 68.84196 19.24841 
-5.781142 -3.757446 40.49635 
-36.32632 48.45345 7.113384 
40.73454 50.00967 6.012262 
39.71846 60.34156 6.711066 
-20.03069 79.46246 11.44602 
33.29528 64.22842 7.751138 
30.91406 64.97526 7.47353 
19.82543 75.02698 7.921433 
26.8894 67.30997 7.290785 
28.3376 54.62633 15.78998 
-1.453243 57.68774 39.50725 
-19.55454 80.75437 10.57348 
-12.07824 85.81348 3.393033 
-11.08713 87.97034 6.871759 
-8.700274 87.73513 4.376416 
-29.13917 62.90121 16.88517 
29.448 -53.7364 7.568032 
-52.45801 -52.65839 5.919548 
39.70565 -51.9696 5.04253 
33.60429 -51.52522 7.474199 
1.389194 84.52354 27.58522 
-19.93646 13.22821 25.18047 
-35.81283 -38.43531 6.581924 
-32.01253 -36.3137 5.784616 
-34.54015 -34.50449 6.076677 
-37.48339 -35.50723 6.614633 
11.48335 86.2851 11.17783 
-23.79743 -29.60064 5.460832 
20.78518 -27.34681 6.399205 
-42.02897 -24.74785 7.998371 
-19.93429 79.40974 14.48191 
-23.78581 -19.80765 3.884591 
4.427914 84.62259 26.26092 
-17.20861 22.41028 24.60162 
10.6389 -1.021685 5.795118 
21.53719 75.36307 17.52852 
-11.19746 4.19021 6.695963 
-0.5146261 -1.87099 30.76614 
-26.09473 -51.95602 25.95748 
-12.2774 86.76398 17.0057 
-28.56881 14.53819 5.347487 
-17.88513 33.40207 25.58533 
14.95586 25.55775 5.345006 
-14.4067 43.43388 34.16875 
1.132737 65.84412 38.83284 
-22.61586 37.58117 7.054859 
-24.58345 40.54453 7.358006 
-41.12614 -47.68187 17.13065 
35.23814 45.65479 6.334506 
-7.47537 74.61424 35.15297 
15.5548 37.92487 24.71897 
-39.29788 51.59158 7.130895 
-19.21693 38.10983 22.48314 
-47.12253 -48.84424 4.158768 
50.57678 86.50291 -34.69327 
53.26805 85.28188 -28.98673 
51.61102 85.38669 -30.45177 
33.63063 -49.91779 5.473835 
3 24 2 5 
3 4 1 2 
3 1 0 3 
3 1569 1245 2786 
3 1 4 0 
3 8 3 0 
3 59 76 60 
3 3953 1114 2262 
3 3038 127 3612 
3 24 4 2 
3 664 2189 3066 
3 5 1 3 
3 564 2863 221 
3 4 24 36 
3 1722 1136 239 
3 2320 2356 2489 
3 29 8 33 
3 3 8 9 
3 677 2347 2813 
3 729 739 3322 
3 2075 1883 1741 
3 8 0 36 
3 2284 2548 910 
3 8 29 9 
3 24 5 59 
3 9 5 3 
3 15 19 17 
3 36 0 4 
3 12 6 31 
3 17 19 49 
3 36 33 8 
3 1883 2075 2375 
3 40 26 13 
3 37 24 59 
3 2375 3229 1883 
3 677 2358 2347 
3 423 1236 973 
3 1781 571 3278 
3 9 29 58 
3 1987 1114 3953 
3 36 24 37 
3 519 999 2850 
3 2292 562 2293 
3 1138 1649 3708 
3 42 49 19 
3 536 462 538 
3 867 1541 1196 
3 2 1 5 
3 45 40 53 
3 503 2021 2232 
3 3643 2358 1988 
3 3708 631 1138 
3 2364 2775 2358 
3 13 12 53 
3 1853 2275 1043 
3 25 19 15 
3 517 1688 519 
3 87 31 26 
3 1741 3229 2771 
3 2265 2890 776 
3 3931 2413 3941 
3 503 435 495 
3 871 3865 1988 
3 2023 545 2266 
3 256 223 224 
3 2824 1632 2423 
3 3383 2231 3919 
3 31 6 26 
3 39 53 12 
3 40 67 26 
3 1741 1272 2075 
3 42 25 60 
3 59 83 37 
3 545 2023 3941 
3 719 126 575 
3 206 3188 1698 
3 2661 3603 3823 
3 55 67 40 
3 2375 3882 3229 
3 3953 2262 3671 
3 59 9 58 
3 3435 242 2028 
3 144 3864 445 
3 33 36 46 
3 36 37 46 
3 1199 2036 3603 
3 144 445 813 
3 42 63 64 
3 1199 3491 2036 
3 52 50 17 
3 836 1079 1077 
3 39 31 92 
3 72 53 39 
3 40 45 55 
3 46 37 83 
3 3815 318 3407 
3 1062 2565 2884 
3 1404 3820 2237 
3 3684 3743 3516 
3 2237 3820 2170 
3 42 60 63 
3 2312 2409 2825 
3 64 99 49 
3 99 52 49 
3 2222 3754 1709 
3 29 57 58 
3 76 59 58 
3 3882 2771 3229 
3 25 84 60 
3 92 31 87 
3 2292 2516 226 
3 3520 3106 3532 
3 2061 125 1704 
3 2145 2219 1880 
3 74 29 33 
3 294 428 3996 
3 81 46 73 
3 129 84 136 
3 49 42 64 
3 3435 2315 2828 
3 710 656 821 
3 66 65 114 
3 53 72 45 
3 376 266 256 
3 46 74 33 
3 745 1685 2587 
3 127 3038 866 
3 74 57 29 
3 57 76 58 
3 50 84 25 
3 89 64 63 
3 99 64 109 
3 65 66 91 
3 1741 2771 3858 
3 1055 900 992 
3 789 2018 23 
3 1275 3879 1024 
3 55 81 73 
3 73 107 67 
3 341 288 209 
3 81 55 45 
3 59 60 83 
3 84 50 98 
3 112 65 91 
3 69 70 71 
3 26 67 87 
3 69 91 70 
3 446 1819 1865 
3 866 3038 142 
3 87 67 107 
3 83 128 46 
3 60 84 129 
3 269 159 231 
3 3823 3603 3865 
3 81 74 46 
3 107 73 135 
3 45 72 81 
3 449 427 484 
3 3336 766 2375 
3 63 60 89 
3 66 71 70 
3 109 64 89 
3 1272 1741 3876 
3 91 69 111 
3 3119 1062 90 
3 1903 320 105 
3 92 104 95 
3 115 72 95 
3 128 160 73 
3 89 76 103 
3 424 1493 417 
3 112 91 122 
3 92 87 101 
3 2762 3356 1266 
3 102 69 71 
3 74 81 115 
3 115 95 113 
3 81 72 115 
3 3107 1331 80 
3 103 57 97 
3 953 2587 2316 
3 103 76 57 
3 99 131 52 
3 3447 2686 2486 
3 101 104 92 
3 111 69 102 
3 74 115 97 
3 25 17 50 
3 65 112 114 
3 114 94 66 
3 94 71 66 
3 482 3352 2758 
3 107 135 190 
3 73 160 135 
3 3167 813 445 
3 310 293 200 
3 1098 1031 944 
3 2550 2847 2662 
3 89 60 76 
3 128 129 195 
3 1681 509 1244 
3 98 136 84 
3 131 98 52 
3 931 933 2097 
3 629 1192 518 
3 119 3038 3612 
3 114 112 191 
3 89 103 137 
3 109 131 99 
3 122 123 112 
3 446 2569 2566 
3 207 107 190 
3 2577 2389 2177 
3 798 3821 295 
3 212 102 94 
3 171 94 114 
3 867 3606 1653 
3 3387 732 1318 
3 101 107 207 
3 1532 3481 106 
3 103 97 117 
3 103 117 154 
3 1321 3970 753 
3 1176 1532 850 
3 3622 1644 3375 
3 129 128 83 
3 140 113 95 
3 60 129 83 
3 3111 1829 3106 
3 362 3234 1446 
3 102 150 111 
3 188 150 202 
3 171 114 193 
3 171 212 94 
3 3601 276 3559 
3 1653 3606 878 
3 117 97 153 
3 173 97 115 
3 154 137 103 
3 98 108 136 
3 3934 3383 511 
3 132 121 157 
3 52 98 50 
3 3462 2920 2372 
3 3687 2884 1841 
3 1689 1163 2464 
3 674 3066 2189 
3 418 382 402 
3 1651 2703 1095 
3 629 520 1192 
3 1938 2062 2130 
3 2299 2258 2255 
3 2175 1990 1991 
3 1897 763 3615 
3 136 108 163 
3 1446 356 362 
3 109 145 179 
3 1678 2050 3979 
3 172 173 115 
3 185 121 132 
3 168 185 132 
3 1710 23 2797 
3 1450 1445 1452 
3 123 159 112 
3 188 122 111 
3 353 686 680 
3 3304 2494 3241 
3 1223 2771 3882 
3 235 170 160 
3 228 877 2575 
3 172 113 140 
3 3437 1842 3697 
3 153 173 237 
3 1741 3858 3876 
3 1372 100 460 
3 153 97 173 
3 117 176 154 
3 3336 1272 389 
3 2653 2692 2956 
3 130 708 1505 
3 611 1300 1328 
3 668 742 772 
3 131 179 108 
3 41 2423 1447 
3 157 155 132 
3 179 131 109 
3 3989 1161 234 
3 121 184 157 
3 2375 766 3882 
3 187 139 122 
3 122 188 187 
3 3081 389 1272 
3 101 204 104 
3 911 790 787 
3 675 3258 373 
3 140 95 104 
3 329 288 344 
3 3203 356 1446 
3 190 135 170 
3 160 170 135 
3 177 2762 1266 
3 161 162 154 
3 1831 1524 1053 
3 198 137 154 
3 198 154 162 
3 619 2125 3057 
3 451 489 585 
3 1004 658 1069 
3 180 165 155 
3 2541 746 741 
3 165 168 155 
3 181 157 184 
3 132 155 168 
3 527 430 431 
3 179 178 108 
3 972 1890 969 
3 3876 3081 1272 
3 123 139 147 
3 3120 680 1263 
3 113 172 115 
3 933 254 2398 
3 47 994 1242 
3 634 28 1944 
3 1272 3336 2075 
3 163 197 136 
3 145 198 210 
3 180 157 181 
3 1244 2116 3979 
3 3450 1005 994 
3 938 3030 3546 
3 308 230 168 
3 187 186 139 
3 231 159 123 
3 3336 397 766 
3 148 104 204 
3 897 2786 3821 
3 207 204 101 
3 191 169 114 
3 3571 3040 311 
3 248 102 212 
3 116 205 120 
3 3203 1281 356 
3 403 981 1507 
3 176 153 237 
3 556 3930 712 
3 389 397 3336 
3 178 179 180 
3 165 180 179 
3 145 137 198 
3 1331 1635 2529 
3 397 3653 766 
3 229 182 167 
3 452 505 608 
3 718 502 525 
3 222 139 186 
3 2331 409 1301 
3 123 147 220 
3 2007 3807 995 
3 2894 2764 3617 
3 193 114 169 
3 258 193 169 
3 171 193 236 
3 285 173 172 
3 259 171 236 
3 156 988 1213 
3 235 160 128 
3 708 3256 3873 
3 197 195 136 
3 161 213 277 
3 252 209 164 
3 415 453 566 
3 273 164 209 
3 2559 2624 2759 
3 2839 1622 2676 
3 179 210 216 
3 925 3298 3716 
3 255 165 179 
3 180 155 157 
3 167 182 183 
3 183 200 167 
3 2413 545 3941 
3 1489 2978 2615 
3 187 223 186 
3 2116 1678 3979 
3 2116 702 1678 
3 187 188 202 
3 150 102 248 
3 1882 540 368 
3 140 268 172 
3 172 268 285 
3 235 128 195 
3 2793 1071 3283 
3 213 176 237 
3 1869 3036 3429 
3 930 2106 3772 
3 209 252 341 
3 146 3923 3855 
3 187 224 223 
3 1075 1865 105 
3 253 164 273 
3 218 240 181 
3 2284 925 1986 
3 181 240 180 
3 216 255 179 
3 165 255 168 
3 1223 3882 3579 
3 280 272 198 
3 181 184 218 
3 230 185 168 
3 3370 1308 1628 
3 26 6 13 
3 230 184 185 
3 6 12 13 
3 3522 530 199 
3 3373 3361 3390 
3 203 268 148 
3 2813 3755 3787 
3 191 269 211 
3 1139 1200 1229 
3 169 191 211 
3 3764 931 2839 
3 1608 986 1283 
3 249 190 170 
3 212 171 259 
3 237 173 285 
3 163 178 278 
3 424 2651 3239 
3 397 3447 3653 
3 168 255 308 
3 183 182 310 
3 147 139 222 
3 903 96 3753 
3 2892 1489 2615 
3 187 202 224 
3 123 244 231 
3 413 1209 3219 
3 204 203 148 
3 3847 738 3916 
3 267 204 207 
3 2666 2554 1164 
3 249 207 190 
3 958 1485 957 
3 3579 3882 766 
3 193 250 236 
3 242 3914 409 
3 3865 669 1988 
3 3876 3858 1595 
3 2666 1164 2685 
3 197 163 278 
3 3081 3447 389 
3 214 178 180 
3 1911 3561 1928 
3 320 3661 1377 
3 241 310 182 
3 3876 3131 3081 
3 182 229 241 
3 2777 2347 2790 
3 200 183 310 
3 230 218 184 
3 147 222 266 
3 2348 2775 2364 
3 245 231 244 
3 244 220 266 
3 3170 2027 862 
3 1299 972 10 
3 1988 2775 871 
3 1213 1220 156 
3 1301 3914 851 
3 2253 904 3894 
3 3603 2661 1199 
3 781 722 962 
3 216 307 255 
3 162 161 277 
3 280 198 162 
3 164 287 252 
3 289 96 903 
3 210 198 272 
3 180 263 214 
3 307 308 255 
3 1595 3858 1427 
3 266 220 147 
3 752 2947 2077 
3 3914 242 3962 
3 256 222 186 
3 202 246 224 
3 1950 2507 2826 
3 269 231 284 
3 246 202 297 
3 247 207 249 
3 208 2058 2377 
3 1467 2127 865 
3 250 259 236 
3 235 195 303 
3 343 303 197 
3 214 278 178 
3 287 164 253 
3 273 291 253 
3 2835 1819 3906 
3 542 628 1708 
3 3867 1476 401 
3 296 224 246 
3 745 715 1685 
3 231 283 284 
3 231 245 283 
3 1436 3977 589 
3 2232 2248 3697 
3 207 247 267 
3 3175 1799 1194 
3 298 248 212 
3 339 169 211 
3 298 259 271 
3 589 1649 175 
3 197 303 195 
3 280 162 277 
3 583 995 3807 
3 499 649 582 
3 329 262 273 
3 329 273 209 
3 272 216 210 
3 229 217 345 
3 2461 2136 2178 
3 670 502 526 
3 222 256 266 
3 1496 1195 600 
3 303 170 235 
3 503 3957 435 
3 327 211 269 
3 285 268 313 
3 267 203 204 
3 258 169 339 
3 1685 3035 583 
3 271 259 250 
3 249 170 303 
3 213 237 302 
3 343 197 278 
3 340 341 252 
3 3661 786 1377 
3 3694 2413 3931 
3 329 209 288 
3 253 291 331 
3 252 287 340 
3 2266 545 3977 
3 2775 1988 2358 
3 229 305 241 
3 751 2085 595 
3 3653 2486 3579 
3 3140 1198 3960 
3 259 298 212 
3 562 2077 2947 
3 128 73 46 
3 274 294 265 
3 444 478 479 
3 244 266 321 
3 293 264 200 
3 2734 1831 2120 
3 3447 2486 3653 
3 298 338 248 
3 337 237 285 
3 297 325 246 
3 532 298 271 
3 237 337 302 
3 213 302 277 
3 2679 2797 2712 
3 751 595 3302 
3 422 280 277 
3 2269 446 1865 
3 2693 234 1161 
3 291 273 262 
3 217 306 345 
3 263 240 319 
3 240 218 319 
3 3968 3460 2051 
3 332 307 216 
3 2663 2352 542 
3 3131 3447 3081 
3 3164 3511 3738 
3 1058 785 609 
3 3833 227 3934 
3 256 224 376 
3 1741 1883 3229 
3 2232 3957 503 
3 321 245 244 
3 246 324 296 
3 324 246 325 
3 269 284 327 
3 268 203 313 
3 3783 2080 736 
3 2232 1423 2248 
3 258 299 250 
3 250 301 271 
3 1702 1367 2940 
3 3674 1411 3856 
3 1895 1372 2279 
3 384 214 290 
3 483 522 693 
3 101 87 107 
3 272 332 216 
3 3579 943 1223 
3 345 305 229 
3 347 230 308 
3 264 306 217 
3 321 283 245 
3 290 263 319 
3 92 72 39 
3 203 398 313 
3 338 298 532 
3 139 123 122 
3 514 370 420 
3 271 301 532 
3 797 1532 1176 
3 1420 661 366 
3 657 491 456 
3 290 214 263 
3 241 305 357 
3 347 346 218 
3 359 428 294 
3 274 359 294 
3 1218 844 3481 
3 265 294 350 
3 396 284 312 
3 344 370 371 
3 313 398 334 
3 398 203 267 
3 3106 3433 3532 
3 337 436 302 
3 283 312 284 
3 3824 1556 152 
3 337 285 313 
3 248 338 297 
3 337 313 334 
3 211 327 339 
3 354 402 299 
3 680 3120 353 
3 1327 3107 1585 
3 818 797 1176 
3 278 214 384 
3 422 330 280 
3 410 332 330 
3 3131 2686 3447 
3 1895 100 1372 
3 3433 1829 437 
3 569 2575 225 
3 97 57 74 
3 1555 41 1097 
3 2823 80 86 
3 376 296 450 
3 423 990 3824 
3 352 325 297 
3 338 365 297 
3 1327 1585 1110 
3 1901 27 986 
3 402 301 299 
3 301 250 299 
3 341 369 405 
3 35 3754 2222 
3 634 3113 1146 
3 1677 827 2963 
3 370 344 288 
3 531 367 492 
3 86 3119 3901 
3 272 330 332 
3 358 345 411 
3 358 357 305 
3 35 3089 3922 
3 307 347 308 
3 306 264 388 
3 2582 2465 2779 
3 376 224 296 
3 283 394 312 
3 2423 1632 3036 
3 267 333 398 
3 380 267 247 
3 335 327 284 
3 1415 885 32 
3 575 126 3720 
3 249 303 364 
3 354 299 258 
3 206 3660 2911 
3 2506 1461 3334 
3 382 301 402 
3 1653 988 156 
3 340 369 341 
3 3876 1595 2014 
3 340 287 404 
3 867 142 3606 
3 253 331 287 
3 3914 1301 409 
3 1492 3076 948 
3 345 358 305 
3 346 290 319 
3 307 332 347 
3 375 293 310 
3 3996 350 294 
3 391 359 274 
3 266 376 431 
3 275 391 274 
3 379 334 398 
3 324 325 377 
3 47 1242 2679 
3 2594 3042 3046 
3 339 327 491 
3 3988 457 2059 
3 469 258 339 
3 338 532 458 
3 943 1427 1223 
3 2772 3798 3667 
3 341 405 288 
3 404 287 331 
3 464 330 422 
3 1415 2481 2470 
3 344 357 358 
3 406 290 346 
3 411 262 358 
3 631 2058 1138 
3 346 412 497 
3 346 347 412 
3 264 293 388 
3 359 449 428 
3 1005 3450 2594 
3 267 380 333 
3 3186 1400 10 
3 32 2481 1415 
3 1975 3066 674 
3 455 297 365 
3 354 258 469 
3 364 247 249 
3 1404 2323 1723 
3 1446 3234 1413 
3 382 532 301 
3 1838 1800 1835 
3 436 337 363 
3 367 364 303 
3 302 441 277 
3 3192 1675 3979 
3 370 288 405 
3 262 408 291 
3 408 262 411 
3 344 371 357 
3 702 2116 556 
3 12 31 39 
3 3662 1818 3526 
3 3586 993 2253 
3 357 374 241 
3 465 275 350 
3 391 275 465 
3 321 430 394 
3 2419 3766 930 
3 394 466 312 
3 1318 3555 1543 
3 396 312 466 
3 1353 2343 1803 
3 540 1443 11 
3 2449 304 317 
3 380 247 364 
3 334 379 363 
3 3787 2501 3862 
3 2786 897 328 
3 1082 2348 2364 
3 3546 3275 3902 
3 418 402 400 
3 367 303 343 
3 420 405 472 
3 3455 3677 3165 
3 441 421 277 
3 405 369 472 
3 1175 597 1735 
3 1282 969 2483 
3 825 682 912 
3 410 330 464 
3 384 406 479 
3 397 389 3447 
3 3755 2834 3787 
3 550 609 785 
3 411 345 306 
3 2097 933 2398 
3 449 548 428 
3 1315 3040 3571 
3 449 359 390 
3 391 390 359 
3 3612 127 2212 
3 393 431 376 
3 396 453 415 
3 450 377 454 
3 453 396 466 
3 324 377 450 
3 454 377 352 
3 297 455 352 
3 1332 323 3616 
3 456 327 335 
3 456 491 327 
3 1988 993 2291 
3 588 572 513 
3 1374 38 355 
3 3257 2348 1082 
3 938 3126 2225 
3 3816 417 3871 
3 436 441 302 
3 304 2449 3571 
3 462 472 369 
3 583 1246 1685 
3 643 2938 2729 
3 2686 2380 2486 
3 442 422 421 
3 913 662 947 
3 3772 2106 133 
3 371 374 357 
3 3555 1318 1308 
3 375 427 448 
3 241 374 310 
3 3579 766 3653 
3 376 450 432 
3 350 3996 465 
3 1639 3529 2961 
3 398 333 468 
3 333 380 433 
3 3152 3562 3093 
3 468 379 398 
3 1184 1082 2364 
3 1117 2211 3694 
3 2477 3126 1240 
3 472 462 536 
3 365 338 458 
3 196 3355 3352 
3 3681 3811 1257 
3 3579 2380 943 
3 497 444 346 
3 943 2380 286 
3 390 485 449 
3 2777 3755 2813 
3 404 463 340 
3 444 479 406 
3 370 405 420 
3 617 684 546 
3 412 546 496 
3 2343 1427 943 
3 484 374 371 
3 3797 3536 605 
3 1595 1085 2014 
3 527 394 430 
3 2999 3373 3390 
3 1019 2380 2686 
3 489 433 467 
3 452 450 454 
3 1864 807 2110 
3 2686 2014 426 
3 379 507 363 
3 551 380 508 
3 508 380 364 
3 1318 1628 1308 
3 531 364 367 
3 2291 993 3586 
3 141 1509 1534 
3 473 441 436 
3 402 354 400 
3 461 400 354 
3 440 492 367 
3 494 441 473 
3 582 548 499 
3 2007 995 1160 
3 461 438 481 
3 718 748 502 
3 478 440 479 
3 1848 3667 1529 
3 464 422 442 
3 151 3986 3393 
3 412 410 546 
3 291 408 331 
3 3446 174 3972 
3 600 2978 3101 
3 2318 2130 2171 
3 483 306 388 
3 847 3526 678 
3 3862 1082 1184 
3 488 432 450 
3 451 333 433 
3 531 508 364 
3 491 469 339 
3 2615 2966 3989 
3 3989 2892 2615 
3 461 469 438 
3 469 510 438 
3 459 382 470 
3 459 532 382 
3 461 354 469 
3 3716 3302 925 
3 1155 1243 1157 
3 1890 972 1299 
3 1125 1277 1010 
3 1284 1019 426 
3 472 512 420 
3 3974 242 3435 
3 463 462 340 
3 421 441 442 
3 331 463 404 
3 346 444 406 
3 496 497 412 
3 408 411 498 
3 498 411 483 
3 411 306 483 
3 2014 673 426 
3 485 427 449 
3 280 330 272 
3 388 293 448 
3 524 465 3996 
3 2685 3271 2666 
3 3271 3734 2666 
3 549 394 527 
3 426 1019 2686 
3 2516 2292 2293 
3 2357 3204 439 
3 825 371 370 
3 335 396 415 
3 721 652 630 
3 506 352 455 
3 1627 644 553 
3 3536 602 605 
3 556 712 1687 
3 456 335 638 
3 436 363 473 
3 1607 1481 1500 
3 510 469 533 
3 841 251 629 
3 1781 2933 571 
3 470 475 493 
3 418 400 475 
3 475 557 493 
3 592 438 535 
3 22 1097 1711 
3 494 442 441 
3 1831 1053 1201 
3 331 560 463 
3 2165 3621 2507 
3 483 448 522 
3 483 388 448 
3 1687 712 1044 
3 1427 1085 1595 
3 499 449 484 
3 3450 994 3070 
3 524 3996 428 
3 786 3661 205 
3 468 333 451 
3 451 433 489 
3 592 481 438 
3 433 551 467 
3 380 551 433 
3 507 379 468 
3 2014 1085 673 
3 533 469 491 
3 514 420 512 
3 489 467 550 
3 510 535 438 
3 1677 1041 2923 
3 2963 827 1140 
3 1019 3839 2380 
3 513 470 493 
3 3958 2530 1333 
3 538 463 683 
3 2278 1454 1759 
3 464 546 410 
3 530 2118 2405 
3 1518 2896 1255 
3 3747 3685 3965 
3 448 427 522 
3 500 485 390 
3 524 428 548 
3 1698 1802 206 
3 1670 2253 993 
3 2869 3438 633 
3 943 286 2343 
3 488 450 452 
3 454 505 452 
3 505 454 506 
3 2017 2516 2848 
3 506 454 352 
3 2778 1543 378 
3 363 529 473 
3 459 470 572 
3 679 535 510 
3 633 953 2869 
3 470 382 418 
3 1524 1216 1053 
3 418 475 470 
3 470 513 572 
3 493 539 513 
3 311 300 855 
3 481 544 461 
3 400 594 475 
3 1427 257 1085 
3 481 592 559 
3 175 1436 589 
3 760 757 848 
3 1279 1467 860 
3 2501 3787 2834 
3 427 485 522 
3 547 408 498 
3 596 498 483 
3 485 500 522 
3 598 465 524 
3 393 604 527 
3 526 502 748 
3 1635 3117 2522 
3 2170 3820 2080 
3 584 453 466 
3 3710 786 116 
3 3931 3941 1117 
3 218 230 347 
3 2712 47 2679 
3 1677 2936 1689 
3 3770 2080 3783 
3 415 566 567 
3 2797 2679 1710 
3 188 111 150 
3 41 1555 698 
3 638 335 567 
3 455 365 552 
3 529 507 632 
3 655 531 641 
3 657 533 491 
3 529 570 639 
3 35 3922 3754 
3 510 533 679 
3 591 473 590 
3 3839 1019 1284 
3 2076 126 719 
3 473 591 494 
3 472 536 512 
3 440 537 492 
3 3906 770 1856 
3 641 492 537 
3 543 3462 628 
3 3387 1318 1543 
3 1053 1216 3519 
3 2460 3280 643 
3 474 1802 1698 
3 535 578 592 
3 544 558 461 
3 2564 3138 1249 
3 559 544 481 
3 2138 2068 1961 
3 3070 994 1221 
3 484 371 647 
3 994 47 1221 
3 593 3938 1037 
3 525 502 670 
3 346 319 218 
3 1085 1469 673 
3 19 25 42 
3 504 585 489 
3 3042 166 509 
3 452 607 488 
3 1220 910 1948 
3 3484 1402 1723 
3 551 550 467 
3 635 608 505 
3 586 507 468 
3 552 365 458 
3 1891 776 100 
3 3371 1689 769 
3 473 529 590 
3 3565 1264 316 
3 3546 3902 938 
3 458 532 640 
3 494 591 442 
3 1225 3175 823 
3 537 440 555 
3 3076 2477 1569 
3 119 1739 3038 
3 1548 2938 643 
3 1882 14 540 
3 462 463 538 
3 442 591 617 
3 683 463 560 
3 539 493 557 
3 1255 2434 3862 
3 120 205 1235 
3 497 645 444 
3 580 498 596 
3 496 563 497 
3 1856 2296 3906 
3 464 442 546 
3 497 563 645 
3 647 371 825 
3 483 693 596 
3 1411 3674 318 
3 500 390 716 
3 2619 2968 2556 
3 393 527 431 
3 393 432 607 
3 1588 3142 1986 
3 1062 3119 86 
3 1112 27 1997 
3 606 549 527 
3 451 654 586 
3 2534 2541 741 
3 3033 2617 2498 
3 632 570 529 
3 590 529 639 
3 459 640 532 
3 3506 1096 3265 
3 3419 1180 1284 
3 2347 2777 2813 
3 659 588 513 
3 568 531 655 
3 1196 866 867 
3 711 536 538 
3 1993 575 3720 
3 513 577 659 
3 577 513 539 
3 47 88 1221 
3 2501 3843 1219 
3 440 478 642 
3 1085 257 2934 
3 3950 3380 3912 
3 966 965 907 
3 757 760 566 
3 757 703 872 
3 547 498 580 
3 1639 1225 1362 
3 227 3383 3934 
3 3380 3386 1293 
3 465 598 501 
3 3912 1024 3947 
3 3520 3367 3106 
3 584 549 606 
3 607 604 393 
3 550 728 504 
3 3355 196 1067 
3 779 781 962 
3 1394 1997 27 
3 566 453 584 
3 635 758 608 
3 731 636 552 
3 275 265 350 
3 716 501 598 
3 570 632 810 
3 455 552 506 
3 550 504 489 
3 657 456 638 
3 459 572 588 
3 1710 1381 1712 
3 768 852 945 
3 2774 2782 3241 
3 1284 426 3419 
3 314 295 3821 
3 535 679 578 
3 767 588 659 
3 577 539 794 
3 642 614 555 
3 904 648 3894 
3 3701 2248 515 
3 446 770 3906 
3 2358 3643 2790 
3 2322 3438 2869 
3 830 667 888 
3 2978 1489 3101 
3 557 616 665 
3 1456 1403 1432 
3 684 496 546 
3 1636 1644 3622 
3 3643 1988 2291 
3 3890 3937 2224 
3 849 1061 1090 
3 582 621 524 
3 524 548 582 
3 649 647 713 
3 2909 3734 587 
3 601 525 670 
3 3029 3500 3777 
3 630 724 626 
3 630 652 672 
3 624 625 626 
3 1374 355 43 
3 749 806 701 
3 527 604 703 
3 785 728 550 
3 585 504 705 
3 1549 637 295 
3 648 3491 1212 
3 2317 2942 318 
3 760 567 566 
3 3278 3491 1199 
3 567 815 638 
3 1244 509 1905 
3 654 632 586 
3 3186 353 3120 
3 636 635 505 
3 2514 2887 2707 
3 1127 1722 1584 
3 640 459 588 
3 924 576 627 
3 658 512 536 
3 531 492 641 
3 639 573 590 
3 22 1712 1381 
3 3120 1263 326 
3 1046 2775 2348 
3 3862 2501 1851 
3 662 614 642 
3 859 666 684 
3 475 594 616 
3 3559 3544 2717 
3 578 685 559 
3 1710 1712 23 
3 557 475 616 
3 558 668 594 
3 618 668 558 
3 692 668 618 
3 80 2823 3107 
3 3544 3559 2710 
3 582 649 650 
3 3998 524 621 
3 2361 2535 2359 
3 3839 1515 286 
3 2434 1082 3862 
3 696 623 625 
3 673 3419 426 
3 938 2225 3030 
3 630 626 721 
3 2820 2613 3410 
3 626 724 624 
3 3026 3327 2673 
3 375 310 374 
3 374 427 375 
3 3302 2480 751 
3 3371 769 774 
3 527 703 606 
3 566 606 757 
3 34 2494 3304 
3 606 566 584 
3 293 375 448 
3 625 623 671 
3 484 649 499 
3 505 506 636 
3 638 735 657 
3 1610 2243 1768 
3 658 536 765 
3 512 682 514 
3 591 573 663 
3 2939 1687 1044 
3 539 665 794 
3 529 363 507 
3 612 317 1672 
3 555 614 660 
3 1131 611 1350 
3 158 565 2720 
3 1936 1762 1849 
3 883 687 685 
3 668 667 594 
3 560 547 683 
3 2523 1709 3754 
3 688 645 563 
3 276 2710 3559 
3 693 522 802 
3 500 716 802 
3 1194 1175 2915 
3 3839 1284 1137 
3 602 3536 1925 
3 623 696 743 
3 3537 530 3535 
3 696 624 720 
3 1201 1053 3523 
3 894 778 721 
3 705 504 755 
3 504 726 755 
3 728 726 504 
3 604 607 758 
3 2678 395 3802 
3 671 721 625 
3 1685 715 3035 
3 636 506 552 
3 3278 1212 3491 
3 640 552 458 
3 3876 2014 3131 
3 710 639 656 
3 1304 385 392 
3 780 778 839 
3 629 518 1906 
3 890 192 3390 
3 711 765 536 
3 514 682 825 
3 573 591 590 
3 192 890 1177 
3 930 3766 877 
3 914 711 538 
3 689 618 687 
3 466 394 549 
3 3559 2717 3634 
3 1168 1232 964 
3 663 684 617 
3 2746 3298 201 
3 796 478 645 
3 687 618 559 
3 616 594 667 
3 684 666 563 
3 666 688 563 
3 549 584 466 
3 689 692 618 
3 3474 3613 2446 
3 740 683 547 
3 771 547 580 
3 742 668 692 
3 2853 1161 3989 
3 713 650 649 
3 621 582 650 
3 2554 873 1177 
3 2036 1341 3603 
3 479 343 278 
3 3834 3934 3938 
3 1284 1180 1137 
3 3596 1975 3018 
3 403 3554 3877 
3 672 808 630 
3 757 606 703 
3 3208 3382 3209 
3 798 295 627 
3 808 724 630 
3 3523 600 1201 
3 432 488 607 
3 3802 395 403 
3 654 756 935 
3 3962 242 3974 
3 911 942 912 
3 1106 845 1023 
3 1039 3896 1599 
3 3998 927 718 
3 924 627 637 
3 586 468 451 
3 639 676 656 
3 635 636 730 
3 821 656 909 
3 2308 2302 1596 
3 676 570 810 
3 2058 631 2377 
3 815 567 760 
3 554 3480 1151 
3 552 640 879 
3 735 768 657 
3 2402 1085 2934 
3 391 465 501 
3 1520 2677 3256 
3 588 879 640 
3 682 764 790 
3 679 533 657 
3 657 768 679 
3 729 3322 443 
3 537 660 709 
3 768 578 679 
3 1038 685 578 
3 685 687 559 
3 990 1556 3824 
3 1257 3300 316 
3 568 655 609 
3 1469 3942 673 
3 795 642 796 
3 740 914 683 
3 642 478 796 
3 688 796 645 
3 3987 2128 457 
3 740 547 771 
3 2720 565 1556 
3 877 1630 2575 
3 621 650 918 
3 927 3998 621 
3 696 717 775 
3 415 567 335 
3 3694 3167 2087 
3 625 624 696 
3 623 743 671 
3 429 3239 3784 
3 251 2496 520 
3 750 701 781 
3 3200 1221 88 
3 721 778 652 
3 780 652 778 
3 724 723 624 
3 2925 3466 2627 
3 602 1925 133 
3 654 585 756 
3 662 642 795 
3 758 635 730 
3 1260 664 2800 
3 731 730 636 
3 2712 88 47 
3 1749 82 3737 
3 734 788 655 
3 2327 1137 1180 
3 1752 3703 834 
3 734 655 641 
3 2456 2355 2421 
3 2613 2820 48 
3 3463 3994 1701 
3 1244 3979 1675 
3 3113 634 1944 
3 2994 1140 2161 
3 2772 3667 3373 
3 709 660 822 
3 639 710 573 
3 585 654 451 
3 660 614 822 
3 663 573 792 
3 3764 232 931 
3 883 685 1038 
3 1180 3419 673 
3 3036 1632 3429 
3 647 857 713 
3 800 689 690 
3 3036 2970 1457 
3 2575 569 228 
3 3998 601 3997 
3 2434 1255 2896 
3 805 744 699 
3 645 478 444 
3 699 744 695 
3 1465 1582 1693 
3 2065 416 681 
3 717 696 720 
3 929 720 723 
3 894 721 671 
3 3682 435 3168 
3 672 652 780 
3 751 3406 2085 
3 662 822 614 
3 1469 1085 2402 
3 754 808 672 
3 3145 2574 1600 
3 755 783 705 
3 290 406 384 
3 2563 3839 1137 
3 3042 2594 1742 
3 3737 2060 3725 
3 585 705 756 
3 547 331 408 
3 655 788 874 
3 3621 2165 887 
3 219 1161 2853 
3 638 815 908 
3 682 658 764 
3 767 879 588 
3 3620 3387 1543 
3 2938 3066 3814 
3 641 537 709 
3 573 710 792 
3 266 430 321 
3 659 577 793 
3 1114 1987 1043 
3 2268 2558 1246 
3 796 947 795 
3 699 749 701 
3 667 826 616 
3 825 857 647 
3 826 665 616 
3 1219 1851 2501 
3 667 830 826 
3 2294 387 1876 
3 1718 2327 1180 
3 667 773 888 
3 773 667 668 
3 974 580 596 
3 713 918 650 
3 742 692 829 
3 927 621 983 
3 756 705 783 
3 836 802 716 
3 805 1042 744 
3 601 670 804 
3 180 240 263 
3 568 551 508 
3 2797 2018 3975 
3 1637 3616 323 
3 791 709 822 
3 3856 3682 3412 
3 2279 3395 1895 
3 723 724 869 
3 3203 1446 3060 
3 755 784 783 
3 1610 1577 1820 
3 1023 845 843 
3 728 785 992 
3 703 727 1059 
3 703 1059 872 
3 318 3935 3407 
3 935 810 654 
3 1443 3283 1071 
3 1353 2934 257 
3 761 676 810 
3 908 815 1002 
3 909 676 761 
3 3257 1046 2348 
3 1180 3942 1718 
3 1891 3123 90 
3 656 676 909 
3 1107 3856 1411 
3 852 768 735 
3 3930 2543 712 
3 790 912 682 
3 772 773 668 
3 765 711 1007 
3 1007 1069 765 
3 3902 3275 1216 
3 2563 1515 3839 
3 767 659 793 
3 3126 3076 1492 
3 793 577 794 
3 663 792 858 
3 1484 957 1485 
3 1046 871 2775 
3 771 580 974 
3 687 883 690 
3 687 690 689 
3 831 692 689 
3 833 772 742 
3 693 974 596 
3 891 864 714 
3 1950 2007 1160 
3 891 714 744 
3 1802 474 3926 
3 695 744 714 
3 979 743 775 
3 718 927 803 
3 3997 777 598 
3 3823 3865 3032 
3 758 607 608 
3 519 2850 521 
3 714 893 695 
3 718 803 748 
3 720 929 717 
3 831 689 800 
3 3942 1469 2491 
3 699 750 805 
3 804 526 748 
3 3322 1006 3849 
3 781 701 806 
3 3894 3904 2253 
3 3716 3298 381 
3 2802 1264 1263 
3 1903 105 2843 
3 378 1604 10 
3 754 780 868 
3 654 810 632 
3 782 843 845 
3 1865 2843 105 
3 992 900 728 
3 727 604 758 
3 110 3395 2279 
3 901 992 785 
3 3130 2874 2937 
3 156 1948 1541 
3 785 1058 901 
3 609 655 874 
3 905 758 730 
3 3012 3817 292 
3 731 936 730 
3 811 787 817 
3 805 750 779 
3 816 787 811 
3 731 879 907 
3 787 816 911 
3 1301 851 3438 
3 3438 851 633 
3 3805 1548 643 
3 787 790 817 
3 3758 3933 1561 
3 1216 3275 3519 
3 1093 734 791 
3 734 641 791 
3 658 682 512 
3 2211 813 3167 
3 791 641 709 
3 2211 3167 3694 
3 944 1093 791 
3 373 3245 1282 
3 812 1139 1088 
3 858 684 663 
3 882 947 796 
3 3620 1543 2783 
3 3203 3241 1281 
3 882 796 688 
3 2601 3159 1275 
3 669 993 1988 
3 690 916 800 
3 974 740 771 
3 1137 2327 2563 
3 2566 770 446 
3 2212 1512 3612 
3 2729 2938 3814 
3 926 693 802 
3 893 714 892 
3 1113 940 1004 
3 130 348 3775 
3 3302 3716 2480 
3 2481 1908 2470 
3 777 601 804 
3 627 295 637 
3 1264 3565 326 
3 749 695 893 
3 2002 2578 1460 
3 804 748 1047 
3 1047 928 804 
3 479 440 343 
3 624 723 720 
3 839 778 932 
3 2244 881 1953 
3 514 825 370 
3 3593 1413 3234 
3 1150 3962 3974 
3 722 781 843 
3 962 722 782 
3 362 27 3234 
3 2315 2886 2583 
3 870 724 808 
3 801 717 982 
3 900 726 728 
3 808 754 991 
3 1145 3914 3962 
3 3387 3620 2264 
3 2763 1413 3581 
3 783 1026 756 
3 732 3367 3520 
3 755 726 784 
3 758 809 727 
3 872 848 757 
3 889 826 886 
3 2704 3986 989 
3 1314 1278 1077 
3 775 743 696 
3 849 816 811 
3 764 875 817 
3 1002 815 760 
3 936 731 907 
3 811 817 812 
3 3879 1275 1266 
3 817 875 812 
3 853 876 764 
3 926 954 835 
3 790 764 817 
3 3474 3538 3952 
3 911 912 790 
3 658 853 764 
3 2648 1420 2792 
3 658 765 1069 
3 711 914 1007 
3 545 2413 3700 
3 86 3901 2823 
3 518 3621 3611 
3 1012 830 888 
3 325 352 377 
3 833 742 829 
3 1161 2684 2693 
3 829 921 833 
3 829 692 831 
3 2609 2704 989 
3 864 892 714 
3 974 835 978 
3 693 926 835 
3 621 918 983 
3 801 979 775 
3 3857 1932 881 
3 955 743 979 
3 929 1078 982 
3 836 716 777 
3 671 743 955 
3 2533 2551 2648 
3 777 716 598 
3 893 1083 749 
3 3671 593 3946 
3 612 2470 2450 
3 804 928 777 
3 142 3038 1739 
3 3645 2238 3668 
3 781 779 750 
3 3028 3681 3634 
3 1350 2487 3089 
3 843 781 806 
3 1117 3694 3931 
3 782 899 962 
3 991 870 808 
3 1629 574 2290 
3 989 3613 2609 
3 1026 783 934 
3 3962 1150 1145 
3 756 1026 935 
3 2275 1853 3955 
3 934 783 784 
3 1630 877 3766 
3 1059 727 809 
3 3718 3092 3562 
3 710 821 792 
3 3902 1536 938 
3 875 764 876 
3 1218 3463 1130 
3 997 875 876 
3 948 328 897 
3 3435 3583 3974 
3 86 2565 1062 
3 940 853 1004 
3 1328 1350 611 
3 677 3787 1184 
3 1856 3578 2296 
3 3375 385 34 
3 3538 2345 3952 
3 749 699 695 
3 558 400 461 
3 662 795 947 
3 3390 3361 890 
3 825 912 857 
3 859 684 858 
3 740 974 884 
3 665 826 949 
3 18 1589 118 
3 1561 3884 2649 
3 917 886 830 
3 3799 3967 3915 
3 831 800 1011 
3 812 1088 1061 
3 2195 279 3474 
3 831 921 829 
3 772 833 861 
3 772 861 888 
3 888 861 919 
3 363 337 334 
3 921 831 923 
3 1742 2594 3450 
3 1036 924 637 
3 861 863 919 
3 980 983 918 
3 2423 41 2824 
3 864 891 975 
3 693 835 974 
3 1042 891 744 
3 3053 1715 3574 
3 2593 2150 3410 
3 929 982 717 
3 3202 3952 2345 
3 13 53 40 
3 1292 1379 1230 
3 929 723 1018 
3 2237 3864 143 
3 1427 2343 257 
3 868 839 896 
3 699 701 750 
3 3613 989 2446 
3 1602 480 2762 
3 189 1723 2323 
3 200 264 217 
3 724 870 869 
3 1449 1105 896 
3 3797 2864 3280 
3 2584 2427 2467 
3 810 935 996 
3 1443 1052 3283 
3 3201 208 2377 
3 609 874 1058 
3 2306 279 2195 
3 437 1856 2261 
3 660 537 555 
3 816 1001 941 
3 2470 615 1415 
3 911 816 941 
3 936 905 730 
3 3305 3952 3202 
3 983 1045 927 
3 1030 788 734 
3 879 1029 907 
3 2195 2200 2306 
3 791 822 944 
3 2839 2516 2017 
3 1057 1026 934 
3 3618 3375 34 
3 1104 1288 1106 
3 1335 967 1116 
3 1022 869 870 
3 3035 715 2964 
3 1538 1784 1368 
3 1012 917 830 
3 918 713 857 
3 2613 2593 3410 
3 2434 138 1082 
3 534 516 1671 
3 1232 1206 1028 
3 2543 1882 712 
3 1505 708 3873 
3 118 3598 738 
3 836 926 802 
3 1014 952 1128 
3 777 928 836 
3 648 3551 3894 
3 683 914 538 
3 2552 1727 832 
3 1739 2366 142 
3 1134 1021 1054 
3 930 3772 2419 
3 177 1266 2340 
3 607 452 608 
3 1081 805 779 
3 106 844 3267 
3 2343 1515 1803 
3 1020 806 749 
3 1018 723 869 
3 3472 1458 1151 
3 896 839 932 
3 959 779 962 
3 3844 3745 75 
3 1023 843 960 
3 1244 1905 2116 
3 784 726 1025 
3 479 278 384 
3 811 812 1061 
3 1139 875 1063 
3 812 875 1139 
3 939 909 761 
3 746 61 741 
3 2377 3466 3197 
3 939 1003 909 
3 2563 2327 2344 
3 1032 1029 767 
3 3709 3466 631 
3 1285 1395 1352 
3 3375 1644 385 
3 1708 628 2372 
3 793 1032 767 
3 1158 1373 1078 
3 3933 541 1561 
3 3977 3445 589 
3 2570 88 610 
3 3758 989 3986 
3 944 822 913 
3 662 913 822 
3 768 945 1038 
3 914 740 884 
3 2632 3725 2060 
3 666 1009 688 
3 1009 882 688 
3 3035 995 583 
3 1153 1011 916 
3 1057 1166 1325 
3 905 902 809 
3 889 949 826 
3 545 3445 3977 
3 318 3674 3935 
3 1221 3200 3070 
3 864 975 889 
3 3520 1631 732 
3 979 923 1011 
3 919 863 950 
3 1329 1405 1204 
3 923 952 921 
3 1149 1179 1099 
3 3056 2053 2983 
3 979 1013 955 
3 9 59 5 
3 3758 3986 3933 
3 446 3906 1819 
3 1083 893 1015 
3 3561 1911 1070 
3 805 1081 1042 
3 684 563 496 
3 2168 3975 2018 
3 2380 3839 286 
3 960 806 1020 
3 845 899 782 
3 979 801 923 
3 956 2101 2579 
3 1025 726 1165 
3 899 845 1054 
3 1396 2777 2405 
3 3884 1561 541 
3 2790 3643 2291 
3 2704 3393 3986 
3 626 625 721 
3 811 1061 849 
3 3904 1303 2253 
3 1090 1091 849 
3 907 965 936 
3 849 1001 816 
3 3737 2270 1749 
3 3328 2780 3091 
3 1029 879 767 
3 2970 3036 1869 
3 853 658 1004 
3 3864 2237 3951 
3 2184 2459 1257 
3 3856 3412 3674 
3 1212 3551 648 
3 792 1181 858 
3 794 665 949 
3 918 857 980 
3 975 949 889 
3 889 886 917 
3 3119 90 3123 
3 979 1011 1040 
3 3557 3664 3325 
3 1110 44 1327 
3 801 952 923 
3 1015 893 892 
3 1047 748 803 
3 955 894 671 
3 125 2061 1809 
3 1042 975 891 
3 1049 896 932 
3 1656 3442 7 
3 899 1021 962 
3 869 1250 1018 
3 942 1149 1099 
3 991 868 1105 
3 914 1035 1007 
3 2446 989 3758 
3 726 900 1165 
3 1087 1026 1057 
3 628 542 543 
3 902 1059 809 
3 848 872 1028 
3 1057 934 1166 
3 965 998 936 
3 3791 1881 3457 
3 501 390 391 
3 788 1065 874 
3 997 1063 875 
3 1000 939 761 
3 1030 1065 788 
3 2274 747 3878 
3 279 3613 3474 
3 3758 1561 2446 
3 907 1029 966 
3 1372 3428 3698 
3 734 1093 1030 
3 551 609 550 
3 1196 2241 866 
3 909 1003 821 
3 1872 2963 2700 
3 2446 1561 3538 
3 1287 1219 3843 
3 857 912 1099 
3 3021 3278 1199 
3 970 971 947 
3 947 971 913 
3 793 794 1182 
3 2264 3367 3387 
3 916 690 883 
3 1122 884 974 
3 889 951 864 
3 1704 1393 2061 
3 951 889 917 
3 1013 979 1040 
3 2978 600 3523 
3 1014 863 921 
3 1012 888 919 
3 2009 3726 2056 
3 801 982 952 
3 892 864 951 
3 2834 3755 1396 
3 1442 1490 1513 
3 926 836 954 
3 2911 3660 110 
3 3106 1829 3433 
3 865 2127 554 
3 1160 961 2165 
3 610 579 2570 
3 803 1132 1047 
3 932 895 1017 
3 3538 3474 2446 
3 932 1017 1049 
3 1188 1048 955 
3 1049 1084 896 
3 1034 1121 1181 
3 1503 1612 1486 
3 991 754 868 
3 1055 992 1056 
3 206 977 3660 
3 988 878 898 
3 1028 872 964 
3 902 1060 1059 
3 874 1170 1058 
3 1087 996 935 
3 3018 3245 3845 
3 2257 86 80 
3 3496 3147 3207 
3 905 936 998 
3 1093 944 1094 
3 1028 1092 848 
3 997 940 1205 
3 3367 732 3387 
3 876 940 997 
3 1124 1010 1277 
3 3474 3952 3305 
3 1092 1116 1002 
3 1116 1092 1144 
3 932 778 895 
3 2566 2261 770 
3 967 852 908 
3 1636 3622 2513 
3 2513 3878 1636 
3 1000 761 996 
3 852 1237 945 
3 2345 3538 1729 
3 1031 1094 944 
3 1007 1120 1069 
3 968 1034 821 
3 1034 792 821 
3 118 1342 18 
3 3727 799 2335 
3 1009 1074 882 
3 1182 794 949 
3 859 1009 666 
3 1073 980 857 
3 1086 1058 1170 
3 1012 951 917 
3 2306 2472 279 
3 3574 948 897 
3 1739 119 3371 
3 1015 892 951 
3 1739 3371 774 
3 22 1711 1712 
3 928 1079 836 
3 782 722 843 
3 3481 3463 1218 
3 1084 1049 1102 
3 955 1048 894 
3 3499 1599 425 
3 1189 1190 950 
3 959 962 1159 
3 896 1105 868 
3 2385 2863 564 
3 3304 3618 34 
3 870 991 1108 
3 870 1108 1022 
3 2257 80 1943 
3 1025 934 784 
3 3845 3596 3018 
3 2472 2609 3613 
3 3822 414 141 
3 1170 874 1065 
3 593 1037 3946 
3 3604 3283 1052 
3 541 3933 2992 
3 574 2208 2290 
3 3028 2717 3027 
3 1491 3045 877 
3 3441 2738 1555 
3 2150 819 3983 
3 1092 1002 848 
3 1091 1001 849 
3 1116 908 1002 
3 1178 966 1029 
3 3021 3813 569 
3 1029 1032 1178 
3 2166 1861 3955 
3 1065 1030 1094 
3 3606 142 2366 
3 1120 1119 1069 
3 944 913 1098 
3 3535 530 3522 
3 942 941 1115 
3 1073 857 1099 
3 254 933 2426 
3 1035 914 884 
3 1010 1182 949 
3 196 3889 1067 
3 3298 2746 2408 
3 286 1515 2343 
3 970 947 1074 
3 1993 116 120 
3 445 3951 3162 
3 1818 3662 3794 
3 442 617 546 
3 806 960 843 
3 1190 951 950 
3 975 1042 1125 
3 951 1012 950 
3 919 950 1012 
3 2645 2408 3762 
3 1473 1565 1347 
3 952 982 1078 
3 754 672 780 
3 1045 803 927 
3 2362 2095 3703 
3 1786 1742 3450 
3 14 1052 540 
3 1154 3672 837 
3 2234 3814 3066 
3 1729 2649 1326 
3 3407 3150 3301 
3 2087 2611 2413 
3 2792 1720 361 
3 1048 895 894 
3 3374 3919 2231 
3 1824 1097 1447 
3 960 1020 1023 
3 1106 1023 1104 
3 2244 3857 881 
3 1108 991 1105 
3 1005 3046 1367 
3 1235 205 3661 
3 3787 3862 1184 
3 1054 845 1106 
3 900 1055 1165 
3 963 1056 992 
3 2079 2037 3283 
3 1086 963 901 
3 3293 2729 3814 
3 1549 1855 637 
3 3578 2831 2296 
3 378 1400 2778 
3 1087 1329 996 
3 1090 1061 1109 
3 3604 2079 3283 
3 3522 254 2426 
3 1109 1230 1090 
3 1584 2179 1127 
3 2055 3305 3202 
3 1449 1424 1105 
3 2651 424 417 
3 996 1204 1000 
3 1877 1066 1095 
3 3280 2864 3805 
3 1581 2762 820 
3 1113 1205 940 
3 1094 1030 1093 
3 941 1001 1115 
3 1237 852 967 
3 1205 1435 1172 
3 2880 3009 2668 
3 1007 1035 1120 
3 1098 913 971 
3 1949 509 1681 
3 555 440 642 
3 1101 1038 945 
3 1183 1074 1009 
3 884 1122 1035 
3 3997 601 777 
3 983 980 1186 
3 954 978 835 
3 1580 1410 1652 
3 603 3709 3708 
3 1125 1042 1081 
3 2345 1123 2378 
3 1014 921 952 
3 1017 895 1080 
3 1078 929 1158 
3 928 1132 1079 
3 1132 928 1047 
3 1102 1049 1017 
3 1139 1229 1088 
3 2712 610 88 
3 2992 976 541 
3 289 3869 3602 
3 1020 1133 1104 
3 1023 1020 1104 
3 1021 1159 962 
3 1134 1159 1021 
3 814 1964 1854 
3 934 1025 1166 
3 872 1059 964 
3 1086 1197 963 
3 2116 3652 3930 
3 916 1011 800 
3 834 3701 515 
3 998 1143 902 
3 1779 3775 700 
3 3652 2116 1905 
3 1063 997 1172 
3 1172 997 1205 
3 1364 939 1000 
3 2182 1877 1095 
3 1003 939 1364 
3 1999 1912 1910 
3 908 1116 967 
3 942 1115 1149 
3 1068 1004 1069 
3 821 1003 968 
3 2127 1279 3727 
3 942 1099 912 
3 819 1864 1130 
3 793 1033 1032 
3 1179 1073 1099 
3 859 858 1181 
3 971 970 1339 
3 3283 2037 2793 
3 1002 760 848 
3 1911 1928 3527 
3 970 1074 1211 
3 1009 859 1268 
3 1033 793 1182 
3 916 1101 1153 
3 1285 1352 1222 
3 2491 1718 3942 
3 1153 1187 1040 
3 1010 975 1125 
3 2674 3989 2966 
3 2434 2896 3607 
3 1189 1076 1129 
3 832 3646 3925 
3 954 836 1077 
3 1015 951 1317 
3 1708 3972 174 
3 2167 2171 2172 
3 1511 1513 1490 
3 1079 1132 1193 
3 1015 1133 1083 
3 1133 1020 1083 
3 981 403 3877 
3 2063 1458 3981 
3 1134 1222 1159 
3 2153 3990 3323 
3 3056 3078 2053 
3 541 976 3884 
3 2377 631 3466 
3 869 1022 1250 
3 1018 1158 929 
3 1158 1018 1250 
3 1025 1165 1166 
3 1197 1056 963 
3 3703 3701 834 
3 1255 1851 1518 
3 1058 1086 901 
3 1061 1088 1109 
3 1287 3843 3850 
3 1200 1139 1231 
3 1110 1585 2263 
3 1369 1805 644 
3 3668 2238 1354 
3 2839 2676 3238 
3 2351 2480 3086 
3 901 963 992 
3 1068 1069 1119 
3 3256 2677 3873 
3 968 1003 1121 
3 1366 1147 1031 
3 935 1026 1087 
3 2051 561 3729 
3 3243 3248 3542 
3 3815 3407 1393 
3 1211 1074 1183 
3 368 383 1274 
3 1876 3200 1867 
3 1186 980 1073 
3 3200 88 2570 
3 925 1596 1588 
3 1011 1153 1040 
3 839 868 780 
3 3884 78 1326 
3 1040 1187 1013 
3 1156 983 1186 
3 1189 950 1076 
3 823 1362 1225 
3 1014 1128 1076 
3 1078 1128 952 
3 1128 1129 1076 
3 673 3942 1180 
3 1189 1129 1319 
3 1683 1607 1850 
3 2961 3529 30 
3 1815 1805 3502 
3 1752 2038 174 
3 1509 2128 1534 
3 2746 1220 1213 
3 1045 1132 803 
3 1314 1077 1193 
3 1157 895 1048 
3 1193 1077 1079 
3 1080 895 1157 
3 1051 1217 1081 
3 2127 3480 554 
3 851 3914 1145 
3 959 1051 1081 
3 896 1084 1449 
3 316 3300 3565 
3 3668 1786 387 
3 3933 3986 151 
3 1081 779 959 
3 2994 2700 1140 
3 120 1235 575 
3 1033 1182 1270 
3 1055 1226 1165 
3 1323 1250 1022 
3 3120 1152 2768 
3 1197 1111 1167 
3 1111 1197 1086 
3 3884 1326 2649 
3 556 2116 3930 
3 149 2704 1297 
3 1361 1090 1230 
3 745 2587 3528 
3 1101 916 883 
3 2609 1297 2704 
3 1001 1091 1207 
3 966 1233 965 
3 575 2855 719 
3 1174 1065 1094 
3 3716 3086 2480 
3 2615 2978 2966 
3 1124 1310 1370 
3 1624 1916 1613 
3 3634 2717 3028 
3 1303 2291 3586 
3 1121 1003 1148 
3 1237 1338 945 
3 1101 945 1338 
3 3167 445 3162 
3 1035 1210 1120 
3 1238 1098 971 
3 3597 2118 2131 
3 3711 2579 2101 
3 3086 3716 381 
3 2316 2869 953 
3 970 1269 1339 
3 1009 1268 1183 
3 905 998 902 
3 1101 1340 1153 
3 3203 2774 3241 
3 1035 1122 1185 
3 2830 675 373 
3 2220 2258 2301 
3 978 954 1241 
3 3238 3764 2839 
3 3551 3904 3894 
3 1498 2579 3784 
3 2284 1986 3885 
3 1155 1048 1188 
3 130 1505 1499 
3 1155 1157 1048 
3 1132 1156 1193 
3 1335 1302 967 
3 174 2038 528 
3 2975 2655 2664 
3 1125 1081 1217 
3 1191 1102 1080 
3 733 1005 1274 
3 1200 1380 1356 
3 1133 1251 1104 
3 961 887 2165 
3 3336 2375 2075 
3 3611 3739 1906 
3 2472 1297 2609 
3 964 1059 1168 
3 1369 644 1627 
3 1292 1109 1088 
3 1663 1586 1874 
3 1851 1255 3862 
3 675 3346 3258 
3 1170 1169 1086 
3 856 2496 1176 
3 1086 1169 1111 
3 1170 1174 1169 
3 1174 1173 1169 
3 1092 1028 1206 
3 2225 1699 3030 
3 1001 1207 1115 
3 1781 225 2933 
3 1298 1092 1206 
3 1144 1335 1116 
3 1408 1205 1113 
3 1174 1094 1173 
3 1143 965 1233 
3 108 98 131 
3 1173 1147 1208 
3 3538 1561 2649 
3 2268 1962 2832 
3 3700 2413 2611 
3 3513 824 3494 
3 3461 151 3393 
3 1802 977 206 
3 1178 1032 1261 
3 289 401 96 
3 1261 1032 1337 
3 1032 1033 1337 
3 2472 3613 279 
3 3472 1151 3480 
3 1339 1238 971 
3 975 1010 949 
3 1210 1035 1185 
3 1607 1683 1481 
3 1220 2746 201 
3 1214 1155 1187 
3 1157 1243 1191 
3 3992 769 1689 
3 2652 2723 2540 
3 1191 1080 1157 
3 174 3446 1752 
3 1190 1189 1316 
3 983 1156 1045 
3 603 589 2103 
3 1084 1102 1191 
3 1907 920 1964 
3 2027 3170 1475 
3 1916 1330 1617 
3 3360 3358 2926 
3 3277 2852 2503 
3 2503 3396 3277 
3 1159 1222 1051 
3 104 148 140 
3 1134 1285 1222 
3 1054 1285 1134 
3 3186 2768 1400 
3 1022 1108 1323 
3 1276 1186 1390 
3 717 801 775 
3 3375 3079 3622 
3 484 647 649 
3 1424 1108 1105 
3 1615 215 1658 
3 1226 1055 1324 
3 1165 1226 1166 
3 1229 1375 1088 
3 2518 2764 2894 
3 1059 1060 1168 
3 1270 1337 1033 
3 1111 1169 1357 
3 516 517 2103 
3 738 2436 3916 
3 95 72 92 
3 996 1329 1204 
3 1091 1090 1361 
3 460 100 776 
3 1382 1063 1172 
3 629 1906 841 
3 1065 1174 1170 
3 2813 3787 677 
3 1207 1091 1295 
3 3783 736 487 
3 1367 1274 1005 
3 1130 3983 819 
3 1204 1405 1000 
3 73 67 55 
3 1144 1363 1335 
3 1148 1003 1364 
3 1235 2855 575 
3 2308 1273 2315 
3 860 3000 208 
3 1068 1234 1113 
3 1115 1207 1334 
3 1237 967 1302 
3 1786 3070 387 
3 1972 1954 322 
3 1210 1265 1120 
3 1972 1964 3202 
3 1120 1265 1119 
3 2200 1064 2306 
3 1177 2682 192 
3 3202 2345 2378 
3 1152 3120 3565 
3 1239 1268 1181 
3 1233 1296 1143 
3 3783 487 3722 
3 1271 1179 1344 
3 1390 1186 1073 
3 1309 1187 1153 
3 93 3391 2522 
3 1309 1214 1187 
3 1307 1122 1241 
3 1346 1010 1124 
3 2200 2195 920 
3 1214 1215 1155 
3 1186 1313 1156 
3 2843 1865 3711 
3 110 3133 3395 
3 1451 1764 1431 
3 951 1190 1317 
3 2936 3992 1689 
3 202 150 248 
3 2195 3474 3305 
3 1015 1317 1450 
3 1132 1045 1156 
3 3200 2570 1867 
3 315 2065 681 
3 3431 2944 3318 
3 3036 1457 1836 
3 1285 1054 1252 
3 1055 1056 1324 
3 1222 1320 1051 
3 3597 3850 2834 
3 576 2458 627 
3 1088 1291 1292 
3 1111 1357 1167 
3 920 2195 2055 
3 3440 2992 270 
3 1964 2055 3202 
3 1997 2788 1112 
3 1173 1171 1169 
3 2791 2695 2660 
3 1420 1434 386 
3 1092 1298 1144 
3 2436 3564 3916 
3 1605 1571 1570 
3 3499 2282 1599 
3 1208 1406 1171 
3 1954 3202 2378 
3 1336 966 1178 
3 1876 387 3200 
3 1068 1119 1234 
3 1972 322 1854 
3 3629 3796 3908 
3 1121 1239 1181 
3 1685 3145 1600 
3 3355 3353 3352 
3 3245 3069 3845 
3 1010 1270 1182 
3 1346 1270 1010 
3 1419 1309 1153 
3 1310 1124 1277 
3 1231 1139 1063 
3 1186 1276 1313 
3 3601 3559 3634 
3 1155 1215 1243 
3 920 2055 1964 
3 1215 1214 1309 
3 876 853 940 
3 1188 1187 1155 
3 3186 3120 2768 
3 1319 1316 1189 
3 1190 1316 1317 
3 1954 1972 3202 
3 1015 1450 1133 
3 1222 1352 1320 
3 22 1555 1097 
3 897 3581 3574 
3 1854 1964 1972 
3 1288 1104 1251 
3 1056 1254 1289 
3 1056 1197 1254 
3 1167 1254 1197 
3 1693 1825 1827 
3 151 270 2992 
3 2831 1829 3111 
3 1329 1057 1455 
3 1121 1034 968 
3 1796 2516 2839 
3 1232 1168 1294 
3 902 1143 1060 
3 1054 1021 899 
3 1872 1041 1677 
3 1172 1435 1382 
3 1171 1406 1169 
3 562 2073 2077 
3 1289 1254 1426 
3 1060 1143 1296 
3 2783 1543 2778 
3 1298 1363 1144 
3 2781 7 3442 
3 1829 3578 437 
3 1416 503 495 
3 1234 1408 1113 
3 966 1336 1233 
3 1208 1147 1488 
3 1231 1063 1382 
3 1488 1147 1366 
3 3821 2228 897 
3 3899 3573 3512 
3 526 804 670 
3 1238 1339 1267 
3 1907 814 725 
3 1140 1142 2185 
3 1701 474 1698 
3 1267 1098 1238 
3 3642 1851 1219 
3 1269 1211 1343 
3 1185 1307 1210 
3 2195 3305 2055 
3 1271 1073 1179 
3 3039 798 2214 
3 1307 1185 1122 
3 1391 1307 1241 
3 686 972 969 
3 1038 1101 883 
3 627 2214 798 
3 1102 1017 1080 
3 1422 1373 1158 
3 871 3045 3865 
3 3344 2802 1260 
3 1310 1277 1311 
3 1991 1862 2207 
3 564 219 2853 
3 1277 1217 1311 
3 2853 2385 564 
3 1314 1193 1313 
3 1230 1109 1292 
3 3028 3552 3681 
3 1191 1351 1084 
3 1320 1217 1051 
3 1217 1320 1311 
3 3200 387 3070 
3 2318 2171 2167 
3 847 3662 3526 
3 2434 3065 138 
3 1382 1435 1525 
3 2978 3523 840 
3 959 1159 1051 
3 1579 1456 1684 
3 43 828 1374 
3 2491 2402 2350 
3 3544 1680 2717 
3 1252 1054 1106 
3 1288 1252 1106 
3 3843 2834 3850 
3 1229 1200 1356 
3 3709 2370 3460 
3 1325 1455 1057 
3 540 1052 1443 
3 1296 1168 1060 
3 576 924 3798 
3 1907 1964 814 
3 1638 1795 1705 
3 1531 1437 1562 
3 1334 1207 1295 
3 3797 3015 3536 
3 1382 1525 1380 
3 2439 2479 2339 
3 3726 3978 2056 
3 886 826 830 
3 2316 2587 1600 
3 223 256 186 
3 1622 2839 2017 
3 1179 1149 1262 
3 985 270 434 
3 1179 1262 1344 
3 3642 1552 1851 
3 2487 3922 3089 
3 3045 871 1046 
3 1884 3503 2440 
3 143 3864 144 
3 1004 1068 1113 
3 2481 32 146 
3 888 773 772 
3 970 1211 1269 
3 1344 1471 1271 
3 35 2214 3089 
3 1390 1073 1271 
3 604 727 703 
3 3045 3032 3865 
3 1371 1310 1311 
3 910 2548 3289 
3 1347 1314 1313 
3 1277 1125 1217 
3 20 18 1355 
3 1191 1243 1351 
3 1891 90 776 
3 1320 1352 1311 
3 1349 1319 1129 
3 863 861 921 
3 1084 1545 1449 
3 1735 1601 2384 
3 3250 2999 3390 
3 993 669 1670 
3 14 3604 1052 
3 1158 1250 1323 
3 1542 1444 1472 
3 1950 1962 2007 
3 410 412 347 
3 2992 3933 151 
3 1323 1108 1424 
3 1226 1324 1425 
3 1056 1289 1324 
3 1188 1013 1187 
3 1088 1375 1291 
3 1292 1291 1379 
3 1229 1430 1375 
3 1342 1355 18 
3 1168 1378 1294 
3 1403 1230 1379 
3 1378 1168 1296 
3 1393 3407 1814 
3 1232 1294 1359 
3 1724 1428 1679 
3 3257 1082 138 
3 3974 3786 1150 
3 1200 1231 1382 
3 1382 1380 1200 
3 1361 1295 1091 
3 22 1071 2793 
3 1000 1405 1409 
3 1000 1409 1364 
3 2232 2021 1423 
3 1503 1486 1407 
3 482 196 3352 
3 2987 953 633 
3 1408 1487 1435 
3 3607 3065 2434 
3 1237 1302 1438 
3 1234 1119 1265 
3 1101 1338 1340 
3 1344 1262 1440 
3 3344 1518 1851 
3 953 2987 3528 
3 3166 3682 3168 
3 976 78 3884 
3 1210 1307 1265 
3 3593 3581 1413 
3 1183 1343 1211 
3 1419 1590 1472 
3 1471 1344 1442 
3 2587 953 3528 
3 1370 1346 1124 
3 1472 1309 1419 
3 2385 2851 2917 
3 1666 1309 1444 
3 1371 1370 1310 
3 1301 2322 2331 
3 3393 2704 149 
3 2758 1027 482 
3 1594 1593 1370 
3 1348 1314 1347 
3 1474 1348 1347 
3 2800 664 2796 
3 1373 1129 1128 
3 79 1300 3561 
3 3574 1715 948 
3 1395 1285 1252 
3 1377 2283 320 
3 174 528 1708 
3 3255 3583 3406 
3 317 2450 2449 
3 1478 1379 1291 
3 1167 1357 1426 
3 1603 1572 2162 
3 1229 1356 1430 
3 3035 360 995 
3 2293 562 2947 
3 603 2370 3709 
3 1232 1359 1206 
3 1421 1117 2636 
3 1820 1577 1487 
3 1441 3924 2525 
3 1435 1205 1408 
3 1407 1296 1462 
3 1149 1334 1463 
3 988 946 1213 
3 1302 1464 1438 
3 2179 2866 1127 
3 2593 819 2150 
3 1508 1336 1261 
3 1386 1366 1098 
3 778 894 895 
3 1368 1466 1234 
3 1057 1329 1087 
3 508 531 568 
3 1267 1386 1098 
3 311 3040 3564 
3 3075 3187 3136 
3 1387 1269 1343 
3 1387 1339 1269 
3 751 3255 3406 
3 1072 2291 1303 
3 1265 1307 1388 
3 1126 2266 3977 
3 1633 1545 1666 
3 3682 3161 3412 
3 1444 1309 1472 
3 1473 1276 1514 
3 1495 1311 1352 
3 1619 1783 1510 
3 1445 1450 1317 
3 1351 1545 1084 
3 1311 1495 1371 
3 965 1143 998 
3 2039 1878 1745 
3 1251 1133 1450 
3 3051 2112 3055 
3 1070 75 3561 
3 1746 1539 1565 
3 613 610 2712 
3 3445 545 3700 
3 1788 1664 1918 
3 1426 1254 1167 
3 1376 1166 1226 
3 30 3817 3683 
3 2131 3537 276 
3 3700 2099 3445 
3 969 1282 3750 
3 797 818 3733 
3 2345 1729 1123 
3 3298 2408 381 
3 1296 1360 1378 
3 1276 1390 1514 
3 1433 3649 832 
3 2853 3989 2674 
3 1481 1298 1206 
3 2452 2950 2416 
3 1459 1298 1481 
3 2087 2413 3694 
3 3717 3382 3880 
3 1336 1462 1233 
3 228 1491 877 
3 1148 1364 1654 
3 1336 1412 1462 
3 1730 1611 1483 
3 2086 3168 3957 
3 1488 1366 1386 
3 2923 3992 2936 
3 3911 3683 3817 
3 1239 1148 1468 
3 1440 1442 1344 
3 281 1247 3540 
3 1343 1183 1268 
3 3621 887 3611 
3 1334 1383 1463 
3 1471 1390 1271 
3 2756 2019 2306 
3 3078 3870 2472 
3 1153 1340 1419 
3 3429 1632 1993 
3 1906 518 3611 
3 1666 1351 1215 
3 1392 1348 1474 
3 1767 1940 1770 
3 1563 1842 2095 
3 1445 1317 1316 
3 2093 1559 1293 
3 1288 1477 1252 
3 581 2650 3837 
3 1425 1428 1226 
3 1376 1226 1428 
3 1156 1313 1193 
3 1398 1430 1573 
3 1147 1173 1094 
3 2741 3308 2756 
3 1373 1128 1078 
3 3437 3697 2248 
3 1112 3053 3234 
3 1403 1379 1432 
3 2472 2306 2019 
3 1405 1455 1609 
3 1403 1361 1230 
3 1481 1206 1359 
3 1380 1525 1479 
3 1407 1502 1360 
3 1447 1097 41 
3 1360 1296 1407 
3 1334 1295 1383 
3 1526 1383 1295 
3 1406 1410 1580 
3 1298 1554 1363 
3 3201 1279 860 
3 1364 1409 1654 
3 2037 2079 3699 
3 2674 2951 2853 
3 1522 1357 1574 
3 1437 1262 1463 
3 1465 1414 1338 
3 2533 2648 1709 
3 2283 1970 105 
3 1414 1340 1338 
3 1339 1387 1267 
3 1418 1387 1343 
3 1471 1540 1390 
3 1417 1268 1510 
3 1340 1470 1419 
3 1246 1249 1685 
3 3204 2357 1198 
3 1891 100 2840 
3 3727 3480 2127 
3 133 2106 906 
3 741 1764 1451 
3 1473 1347 1313 
3 1867 2570 3963 
3 1294 1500 1359 
3 1733 1611 1822 
3 1691 1579 1686 
3 1347 1565 1474 
3 3445 2103 589 
3 3040 3916 3564 
3 2306 1064 2756 
3 1316 1544 1445 
3 1349 1129 1373 
3 3674 3412 3150 
3 2601 1275 1280 
3 471 1959 3604 
3 1450 1452 1251 
3 1424 1397 1323 
3 1397 1424 1449 
3 1477 1395 1252 
3 1605 1432 1478 
3 1432 1379 1478 
3 3606 21 878 
3 3042 1949 3046 
3 161 154 176 
3 3604 2034 471 
3 1357 1406 1574 
3 1482 1405 1609 
3 1351 1666 1545 
3 1405 1329 1455 
3 1378 1360 1502 
3 110 3660 3133 
3 1482 1409 1405 
3 1501 1574 1406 
3 1295 1361 1526 
3 1578 1403 1579 
3 125 1809 3926 
3 1854 322 3372 
3 1487 1408 1504 
3 1410 1208 1488 
3 1408 1234 1466 
3 1782 2280 3368 
3 906 602 133 
3 1508 1261 1621 
3 1465 1560 1414 
3 1121 1148 1239 
3 3945 480 486 
3 1531 1440 1262 
3 1267 1558 1386 
3 1468 1510 1239 
3 215 238 1658 
3 282 1118 2378 
3 1470 1340 1414 
3 1239 1510 1268 
3 1261 1337 1621 
3 1270 1346 1700 
3 1442 1440 1490 
3 741 3368 1764 
3 1514 1390 1540 
3 1954 2378 243 
3 1391 1392 1474 
3 2788 3170 2252 
3 2768 2778 1400 
3 1544 1319 1349 
3 495 85 2943 
3 619 3797 605 
3 1110 2263 1394 
3 1397 1449 1545 
3 1251 1452 1288 
3 1425 1289 1453 
3 1531 1490 1440 
3 1453 1426 1519 
3 1591 1472 1590 
3 1452 1477 1288 
3 1324 1289 1425 
3 1478 1375 1547 
3 2099 3700 2093 
3 3897 1333 1881 
3 1786 3403 1742 
3 1455 1325 1480 
3 987 3770 2076 
3 1867 134 1876 
3 1356 1380 1430 
3 1575 1430 1380 
3 2506 1613 1617 
3 2513 3622 3079 
3 3111 3106 3110 
3 1501 1406 1580 
3 1613 2830 1624 
3 1203 2491 2350 
3 1459 1554 1298 
3 1462 1412 1553 
3 134 1867 238 
3 1410 1488 1528 
3 3604 3399 2034 
3 1335 1363 1464 
3 111 122 91 
3 1462 1503 1407 
3 1508 1412 1336 
3 3458 2563 2344 
3 3304 2782 2789 
3 1508 1621 1533 
3 1338 1237 1465 
3 1414 1560 1586 
3 3604 1959 2079 
3 1735 2555 2915 
3 1606 3271 221 
3 1562 1490 1531 
3 3399 3604 14 
3 571 752 2077 
3 1538 1265 1388 
3 1471 1442 1513 
3 1590 1419 1470 
3 1592 1540 1471 
3 151 434 270 
3 1391 1278 1392 
3 1378 1401 1294 
3 984 1658 124 
3 1747 1594 1667 
3 3678 1959 471 
3 1625 1913 1623 
3 427 374 484 
3 1495 1395 1477 
3 3234 3053 3593 
3 1527 1526 1650 
3 3519 1941 2444 
3 1426 1522 1519 
3 1426 1453 1289 
3 2015 1640 1755 
3 1547 1375 1398 
3 1098 1366 1031 
3 1375 1478 1291 
3 3201 860 208 
3 985 2149 270 
3 1491 228 3813 
3 1725 1480 1724 
3 984 124 51 
3 109 89 137 
3 1615 1658 984 
3 1610 1479 1525 
3 2996 3535 3522 
3 3924 3927 3809 
3 1502 1401 1378 
3 1686 1684 1860 
3 1361 1403 1578 
3 1596 595 2308 
3 1361 1578 1526 
3 1502 1407 1486 
3 2069 2000 1740 
3 1538 1368 1265 
3 3772 133 2984 
3 1463 1383 1526 
3 1237 1438 1465 
3 873 2554 2666 
3 1466 1504 1408 
3 3955 1853 2166 
3 1437 1463 1527 
3 1437 1531 1262 
3 3706 3655 3311 
3 1871 1466 1368 
3 2866 2051 3729 
3 1626 1387 1418 
3 1626 1625 1387 
3 1414 1663 1470 
3 578 768 1038 
3 2228 2763 897 
3 1662 1337 1270 
3 3275 1941 3519 
3 1544 1349 1516 
3 1473 1313 1276 
3 1188 955 1013 
3 985 434 1983 
3 1873 1587 1783 
3 1152 3565 3300 
3 2964 715 528 
3 1495 1477 1546 
3 999 519 1688 
3 3971 3921 3752 
3 1323 1750 1422 
3 1986 925 1588 
3 1519 1603 1453 
3 3642 1219 1287 
3 425 747 3499 
3 1547 1398 1521 
3 3953 3671 3946 
3 3060 3063 3203 
3 1724 1376 1428 
3 1571 1605 1478 
3 1426 1357 1522 
3 564 2684 219 
3 1480 1609 1455 
3 2121 2975 2151 
3 1724 1480 1376 
3 386 661 1420 
3 2831 3578 1829 
3 1403 1456 1579 
3 1679 2162 2090 
3 1459 1481 1483 
3 1429 2525 3923 
3 1733 1554 1459 
3 1528 1652 1410 
3 1503 1462 1553 
3 1464 1363 1554 
3 643 3280 3805 
3 1654 1468 1148 
3 1640 1705 1755 
3 3923 146 1429 
3 3821 798 2228 
3 1729 282 1123 
3 1414 1586 1663 
3 1562 1511 1490 
3 3519 2444 1053 
3 1892 1684 1605 
3 1841 3666 124 
3 1343 1417 1418 
3 1621 1337 1662 
3 746 2541 3141 
3 1513 1592 1471 
3 2772 576 3798 
3 1851 1552 3344 
3 1688 517 3949 
3 1566 1666 1444 
3 1671 3386 3380 
3 1371 1495 1594 
3 1516 1349 1373 
3 2480 3254 751 
3 3765 3312 3422 
3 1544 1516 1568 
3 1464 1302 1335 
3 1781 3278 3021 
3 3373 3527 2772 
3 1425 1453 1603 
3 2396 2108 1496 
3 1573 1521 1398 
3 1521 1573 1643 
3 2377 3197 3201 
3 2214 2222 3039 
3 1430 1575 1573 
3 3945 1634 480 
3 2992 3440 976 
3 1502 1550 1401 
3 1808 3424 3078 
3 1977 78 763 
3 3257 138 3057 
3 106 850 1532 
3 1558 1528 1488 
3 3980 77 3553 
3 1465 1438 1582 
3 1870 1508 1533 
3 1508 1870 1412 
3 1510 1468 1618 
3 2661 3021 1199 
3 1166 1376 1325 
3 1618 1619 1510 
3 1393 1704 3730 
3 3551 838 3904 
3 1700 1346 1593 
3 1542 1472 1591 
3 1761 1522 1574 
3 1234 1265 1368 
3 1355 3920 1944 
3 1365 2790 2291 
3 680 686 674 
3 1544 1597 1445 
3 897 2763 3581 
3 1307 1391 1388 
3 1575 1479 1768 
3 2792 361 2648 
3 2142 2017 2848 
3 1150 865 3801 
3 1546 1477 1452 
3 1668 1373 1422 
3 3824 719 423 
3 3151 1742 3403 
3 1428 1425 1679 
3 1294 1401 1500 
3 1456 1432 1605 
3 1158 1323 1422 
3 3175 2915 2555 
3 1645 1500 1401 
3 1300 611 1928 
3 1303 3904 838 
3 177 820 2762 
3 2304 2696 2730 
3 1768 1479 1610 
3 3522 2426 2996 
3 1765 1135 1138 
3 1730 1483 1683 
3 3372 2571 2482 
3 1123 282 2378 
3 1435 1487 1577 
3 1773 1409 1482 
3 1501 1580 1858 
3 1578 1579 1650 
3 898 946 988 
3 2372 3972 1708 
3 3877 973 981 
3 3680 3627 597 
3 1654 1409 1773 
3 1463 1526 1527 
3 1161 219 2684 
3 118 1589 3598 
3 1611 1733 1459 
3 2366 1739 2004 
3 2593 2613 1448 
3 1554 1614 1464 
3 1412 1870 1553 
3 1852 1770 1940 
3 3891 999 1688 
3 1558 1583 1528 
3 2824 698 3710 
3 1558 1488 1386 
3 1067 3353 3355 
3 1560 1465 1693 
3 1562 1437 1659 
3 3674 3150 3935 
3 1625 1267 1387 
3 1625 1623 1267 
3 1418 1587 1626 
3 1662 1270 1700 
3 1470 1663 1590 
3 1513 1743 1592 
3 1744 1700 1593 
3 1538 1388 1539 
3 1745 1540 1592 
3 2486 2380 3579 
3 1789 1514 1540 
3 1789 1473 1514 
3 1565 1473 1746 
3 2085 2828 1273 
3 1117 3941 2636 
3 1594 1495 1546 
3 1610 1820 2243 
3 1568 1597 1544 
3 2293 1345 2848 
3 1668 1516 1373 
3 1633 1397 1545 
3 1571 1547 1714 
3 1679 1425 1603 
3 381 2408 2645 
3 1396 3597 2834 
3 1452 1792 1546 
3 1572 1603 1519 
3 480 3356 2762 
3 2408 2746 3762 
3 3540 707 1258 
3 1572 1519 1522 
3 1444 1542 1566 
3 2888 2322 2869 
3 1463 1262 1149 
3 1609 1480 1725 
3 3230 2746 1213 
3 1867 2441 238 
3 1213 946 3230 
3 1726 1482 1609 
3 3230 3762 2746 
3 964 1232 1028 
3 841 818 251 
3 1483 1611 1459 
3 2512 1064 2200 
3 1526 1578 1650 
3 1151 1458 3262 
3 961 1416 2943 
3 1732 1612 1503 
3 3656 922 348 
3 1867 3963 2441 
3 1553 1655 1503 
3 1299 10 1604 
3 1820 1487 1504 
3 1437 1527 1734 
3 1438 1464 1614 
3 1654 1616 1468 
3 2758 3993 1027 
3 85 3486 3611 
3 156 1220 1948 
3 1870 1533 1995 
3 1623 1583 1558 
3 3372 322 2571 
3 1523 920 1907 
3 2984 2419 3772 
3 1417 1343 1268 
3 1587 1510 1783 
3 1267 1623 1558 
3 1585 3107 2821 
3 2200 920 2512 
3 1511 1562 1660 
3 1417 1510 1587 
3 1417 1587 1418 
3 3462 2372 628 
3 530 2405 199 
3 1830 1621 1661 
3 1661 1621 1662 
3 1564 1538 1539 
3 3606 2366 21 
3 841 1906 3739 
3 1967 1835 1753 
3 1564 1539 1746 
3 1145 1150 3801 
3 1316 1319 1544 
3 1546 1667 1594 
3 644 3756 553 
3 2797 3975 2712 
3 1375 1430 1398 
3 1750 1668 1422 
3 1599 2280 1782 
3 1397 1633 1750 
3 1641 1598 1638 
3 1597 1452 1445 
3 1763 1570 1571 
3 1814 2061 1393 
3 3153 2237 2170 
3 1571 1714 1763 
3 2112 1811 3361 
3 1594 1370 1371 
3 3701 2095 3437 
3 1761 1574 1719 
3 1684 1456 1605 
3 1500 1645 1721 
3 1607 1721 1850 
3 2563 3458 1515 
3 1686 1579 1684 
3 109 137 145 
3 1612 1728 1502 
3 1482 1726 1773 
3 1421 2330 2211 
3 1501 1576 1574 
3 1652 1858 1580 
3 1823 1503 1655 
3 1241 1278 1391 
3 1504 1466 1871 
3 1582 1438 1614 
3 3682 3166 3161 
3 1695 1533 1696 
3 2230 2709 2406 
3 1468 1616 1618 
3 3568 2799 856 
3 3449 3624 3331 
3 1555 2738 698 
3 565 152 1556 
3 1626 1587 1873 
3 3161 739 3412 
3 3153 3951 2237 
3 1784 1871 1368 
3 1665 1473 1789 
3 1746 1473 1665 
3 1540 1745 1789 
3 3990 820 3323 
3 1689 2464 1677 
3 1622 2017 2142 
3 2037 3441 2793 
3 1555 2793 3441 
3 1638 1598 1669 
3 1638 1640 1641 
3 1756 1598 1713 
3 1603 2162 1679 
3 1598 1641 1713 
3 1641 1852 1713 
3 2292 226 562 
3 2101 956 3819 
3 1761 1719 1642 
3 238 2441 1658 
3 1813 1574 1576 
3 1573 1982 1643 
3 1841 1658 2441 
3 1500 1721 1607 
3 1300 79 3969 
3 2877 2871 2878 
3 908 735 638 
3 1982 1575 1768 
3 1502 1728 1550 
3 3461 434 151 
3 1816 1946 1684 
3 2472 3870 1297 
3 3472 1866 3981 
3 1903 3661 320 
3 1236 981 973 
3 1527 1650 1734 
3 2691 407 1520 
3 1718 1162 2327 
3 3129 1810 282 
3 1910 1560 1693 
3 873 3513 2682 
3 360 3035 2647 
3 3460 2627 3709 
3 1734 1659 1437 
3 1960 1619 1618 
3 220 244 123 
3 1830 1696 1621 
3 1626 1873 1625 
3 3380 1089 1671 
3 1660 1743 1511 
3 1784 1538 1785 
3 1513 1511 1743 
3 3472 3981 1458 
3 2168 2018 789 
3 3060 1446 1413 
3 1785 1538 1564 
3 1542 1703 1566 
3 261 1787 439 
3 2168 48 2820 
3 1452 1597 1792 
3 1668 2006 1516 
3 1664 1590 1663 
3 2385 1601 2851 
3 1598 1673 1669 
3 1706 1758 1707 
3 1598 1756 1673 
3 1640 1638 1705 
3 3666 1841 2884 
3 1674 1758 1706 
3 1395 1495 1352 
3 1674 1716 1758 
3 1762 1716 1674 
3 2569 446 2269 
3 1570 1763 1846 
3 814 2654 725 
3 1696 1830 1961 
3 1640 1852 1641 
3 1539 1474 1565 
3 16 1615 984 
3 2278 2263 1585 
3 3853 1342 118 
3 1746 2041 2040 
3 3701 3703 2095 
3 3440 270 2149 
3 3784 3239 1498 
3 3593 3574 3581 
3 2712 3975 613 
3 1775 1576 1501 
3 2666 3734 2393 
3 1431 2506 1617 
3 1990 1501 1858 
3 3129 1326 1977 
3 1821 1728 1612 
3 1577 1610 1525 
3 2763 3060 1413 
3 976 1259 78 
3 1823 1732 1503 
3 2864 619 1535 
3 3078 3424 3870 
3 1863 1693 1694 
3 1394 1748 1997 
3 1691 1686 1690 
3 1652 1780 1951 
3 1737 1582 1614 
3 1582 1694 1693 
3 3522 199 254 
3 1884 2440 2420 
3 1659 1740 1660 
3 1995 1533 1695 
3 1562 1659 1660 
3 1960 1618 1616 
3 1621 1696 1533 
3 1857 1776 1896 
3 3667 1848 1506 
3 2745 2702 2807 
3 1871 1784 1963 
3 1714 1521 1807 
3 942 911 941 
3 1547 1521 1714 
3 1788 1591 1664 
3 149 233 3393 
3 1594 1790 1593 
3 1593 1790 1965 
3 1666 1879 1633 
3 1703 1879 1666 
3 1667 1546 1792 
3 1795 1669 1751 
3 3925 2002 1460 
3 2606 2461 2178 
3 233 149 3870 
3 1795 1638 1669 
3 2089 1768 2243 
3 2052 1968 1707 
3 1706 1707 1753 
3 1800 1674 1706 
3 3870 149 1297 
3 1600 2587 1685 
3 1725 1726 1609 
3 3896 1905 166 
3 1845 1674 1800 
3 1758 1801 1707 
3 1461 3927 1717 
3 718 525 3998 
3 3042 1742 166 
3 1716 1757 1758 
3 56 215 1615 
3 14 2543 3399 
3 1665 1789 1878 
3 1522 1761 1572 
3 1572 1766 2162 
3 1931 1850 1721 
3 2080 3770 152 
3 3053 3574 3593 
3 3384 3652 1905 
3 3535 2710 3537 
3 1683 1850 1767 
3 1550 1817 1645 
3 77 1016 3303 
3 1775 1813 1576 
3 1683 1767 1730 
3 1898 1725 1724 
3 3129 1977 3670 
3 2270 3367 2264 
3 1860 1684 1946 
3 1725 1773 1726 
3 1494 1496 1489 
3 1731 1611 1730 
3 1773 2024 1654 
3 1731 1822 1611 
3 1821 1612 1732 
3 2341 1718 1203 
3 1860 1690 1686 
3 1777 1863 1694 
3 1778 1736 1690 
3 1690 1736 1691 
3 1823 1655 1995 
3 995 360 3405 
3 1733 1822 1737 
3 1780 1652 1528 
3 1693 1827 1910 
3 1736 1659 1734 
3 1736 1778 1659 
3 2069 2071 2000 
3 2294 1876 134 
3 1655 1553 1870 
3 1504 1871 1996 
3 2265 776 90 
3 3527 2197 2772 
3 1960 1783 1619 
3 1586 1560 1912 
3 2015 2088 1939 
3 417 2632 3871 
3 2000 1660 1740 
3 134 238 215 
3 3957 2232 3697 
3 1915 1743 1660 
3 3861 1420 2648 
3 1752 3446 3703 
3 3300 3811 3552 
3 3805 1535 937 
3 1476 3867 3976 
3 3794 3662 2373 
3 1788 1833 1703 
3 1278 1314 1348 
3 1879 2005 1920 
3 1788 1703 1542 
3 1392 1278 1348 
3 317 612 2450 
3 2145 1568 1516 
3 3388 3724 3097 
3 1707 1968 1753 
3 1968 2052 1971 
3 1800 1706 1835 
3 1801 2052 1707 
3 3257 3052 1046 
3 1673 1756 1840 
3 1145 3801 3795 
3 124 93 51 
3 1674 1845 1762 
3 1758 1757 1801 
3 1843 1976 1642 
3 1894 1757 1716 
3 1762 1845 1849 
3 1570 1846 1892 
3 1647 282 1620 
3 1572 1761 1766 
3 2790 1365 2398 
3 1647 1620 476 
3 2136 1913 2135 
3 1716 1812 1894 
3 2578 2002 260 
3 1072 1365 2291 
3 1716 1762 1812 
3 1574 1813 1719 
3 1612 1502 1486 
3 2663 715 745 
3 2574 2316 1600 
3 3170 3672 1985 
3 1118 282 1647 
3 2853 2951 2670 
3 2670 2385 2853 
3 1730 1767 1770 
3 3079 1998 2513 
3 3707 2402 2934 
3 2573 2528 2422 
3 1776 1730 1770 
3 1817 1550 1728 
3 1389 2703 1053 
3 77 349 1016 
3 1730 1776 1731 
3 1835 1967 1838 
3 2491 1203 1718 
3 1279 799 3727 
3 2189 680 674 
3 1858 1652 1862 
3 3980 349 77 
3 1652 1951 1862 
3 1777 1694 1859 
3 1654 2024 1616 
3 1951 1780 1868 
3 1863 1825 1693 
3 2092 1504 1996 
3 2552 3925 1460 
3 3129 1729 1326 
3 1780 1583 1956 
3 3553 77 842 
3 1960 1616 2029 
3 2400 2503 2852 
3 1560 1910 1912 
3 2507 1950 2165 
3 3356 480 1634 
3 1874 1586 1912 
3 1882 2543 14 
3 3346 2506 3258 
3 1807 1521 1643 
3 3795 633 851 
3 282 1729 3129 
3 3405 1160 995 
3 1396 3755 2777 
3 516 534 3949 
3 1593 1965 1744 
3 243 2378 1118 
3 2525 3924 3644 
3 1833 1918 2078 
3 1879 1703 2005 
3 1591 1788 1542 
3 1670 669 1341 
3 1516 2006 2145 
3 1515 3458 1803 
3 2301 2303 2220 
3 961 85 887 
3 2460 643 2729 
3 2458 2214 627 
3 1394 27 44 
3 462 369 340 
3 1723 898 878 
3 1322 1866 3472 
3 1755 1705 1973 
3 2213 3275 3546 
3 1885 1886 1800 
3 1145 3795 851 
3 1840 1756 1927 
3 1575 1982 1573 
3 251 1176 2496 
3 1757 1934 1801 
3 1845 1800 1886 
3 2650 3480 3727 
3 2028 2315 3435 
3 1757 1894 1934 
3 1804 1721 1806 
3 677 1184 2364 
3 1679 2090 1724 
3 1642 1719 1843 
3 243 2571 322 
3 1812 1762 1936 
3 1535 619 2137 
3 2597 2313 2410 
3 1852 1640 1896 
3 1645 1817 1806 
3 3480 2650 3472 
3 1346 1370 1593 
3 1813 1775 2016 
3 3868 3648 2033 
3 1725 1898 1769 
3 1968 1971 2081 
3 1773 1725 1769 
3 1772 1728 1821 
3 1728 1772 1817 
3 3035 2964 2647 
3 1990 2169 1775 
3 1857 1731 1776 
3 1279 3201 239 
3 1731 1857 1859 
3 2092 1820 1504 
3 3734 3271 1606 
3 3857 2244 1374 
3 1859 1822 1731 
3 1737 1822 1859 
3 3372 1358 3913 
3 360 2637 3405 
3 1263 680 2189 
3 3405 2637 3423 
3 725 2524 1907 
3 2552 915 1727 
3 961 1160 3405 
3 1690 1952 1778 
3 1696 1828 1695 
3 1963 1996 1871 
3 1737 1614 1733 
3 961 3423 1416 
3 3947 2794 3830 
3 1547 1571 1478 
3 1874 1664 1663 
3 2829 2448 2412 
3 3987 457 3988 
3 3807 1962 2268 
3 1309 1666 1215 
3 1564 1746 2040 
3 1665 2041 1746 
3 1594 1747 1790 
3 1789 1745 1878 
3 1597 2044 1792 
3 1966 1667 1792 
3 1922 1668 1750 
3 1793 1922 1750 
3 1880 1597 1568 
3 3666 93 124 
3 2142 2848 1345 
3 3550 3553 842 
3 1999 1825 2030 
3 1795 2008 1705 
3 100 1895 2840 
3 1673 2046 1669 
3 2046 1751 1669 
3 1973 1705 2008 
3 3611 887 85 
3 1838 1885 1800 
3 20 1355 336 
3 2794 1024 3879 
3 351 3239 2651 
3 3037 1016 349 
3 3393 233 3461 
3 1512 1163 119 
3 1481 1683 1483 
3 3168 2086 1551 
3 1976 1843 1889 
3 362 986 27 
3 1804 1806 1849 
3 1927 1931 1804 
3 1719 1929 1843 
3 1892 1846 1930 
3 1606 221 2863 
3 3168 1551 3166 
3 2777 2398 2405 
3 2902 2053 2019 
3 1806 1817 1849 
3 1933 1850 1931 
3 3159 2601 3162 
3 3159 3162 3951 
3 2064 2022 1769 
3 2480 2351 3254 
3 2490 3241 2494 
3 1852 1940 1713 
3 1933 1767 1850 
3 2966 1639 2674 
3 751 3254 3255 
3 2294 134 3645 
3 315 2056 3605 
3 1770 1852 1896 
3 3548 865 1150 
3 866 142 867 
3 2169 2016 1775 
3 3078 2472 2019 
3 2929 556 1687 
3 3153 2170 158 
3 1410 1406 1208 
3 3150 3407 3935 
3 1858 1862 1990 
3 1908 2450 2470 
3 1976 1761 1642 
3 2890 2265 3687 
3 1737 1859 1694 
3 1146 3649 1433 
3 859 1181 1268 
3 1955 1951 1868 
3 2166 2920 1866 
3 2061 457 1809 
3 77 3567 842 
3 1870 1995 1655 
3 1290 1259 2155 
3 961 3405 3423 
3 558 594 400 
3 1740 1778 2069 
3 1783 1960 1958 
3 1873 1783 1958 
3 1914 1874 1912 
3 1915 1660 2000 
3 1745 1743 1915 
3 1875 1664 1874 
3 3744 30 3683 
3 2650 3727 2335 
3 3723 3833 3834 
3 1910 1827 1999 
3 2001 1700 1744 
3 1710 2679 1242 
3 1880 1568 2145 
3 1651 1095 292 
3 1753 1924 1967 
3 619 605 2125 
3 961 2943 85 
3 2530 1345 2293 
3 1885 1926 1837 
3 1723 878 21 
3 1837 1886 1885 
3 1837 1840 1886 
3 3611 3486 3739 
3 2015 1755 2012 
3 2233 2052 1801 
3 1779 3119 3123 
3 2550 2146 2847 
3 1804 1845 1887 
3 1804 1849 1845 
3 1929 1889 1843 
3 1931 1756 1713 
3 1714 2013 1763 
3 1173 1208 1171 
3 1721 1804 1931 
3 1240 3126 938 
3 1841 2441 3687 
3 1931 1713 1933 
3 3951 445 3864 
3 10 972 353 
3 2282 2280 1599 
3 1008 985 3932 
3 1176 251 818 
3 1585 2821 2278 
3 1894 1937 1934 
3 1983 3932 985 
3 1816 1892 1980 
3 1812 1937 1894 
3 2089 1643 1982 
3 1279 239 799 
3 119 1163 3371 
3 2294 3668 387 
3 1980 2129 1816 
3 3913 814 1854 
3 1036 637 1855 
3 2879 3951 3153 
3 1474 1539 1391 
3 1777 1900 1984 
3 2133 1860 1946 
3 2022 2024 1769 
3 1828 2070 1695 
3 2078 2217 2367 
3 314 2786 1245 
3 1777 1859 1900 
3 620 3616 1637 
3 1900 1859 1857 
3 1868 1780 1956 
3 367 343 440 
3 1991 1990 1862 
3 2288 1825 1863 
3 3708 3709 631 
3 2191 2310 2190 
3 1582 1737 1694 
3 1282 3018 3750 
3 3246 3247 3365 
3 3774 3670 1897 
3 1827 1825 1999 
3 2068 1828 1961 
3 1954 243 322 
3 2565 2872 2884 
3 844 2183 3025 
3 2554 1177 2383 
3 3670 1810 3129 
3 1112 3234 27 
3 1830 2072 1961 
3 1623 2136 1583 
3 1958 1913 1873 
3 1874 1914 1875 
3 1583 1780 1528 
3 1700 2001 1661 
3 1915 2039 1745 
3 2504 2783 915 
3 3618 3304 2789 
3 1819 3711 1865 
3 1633 1879 1793 
3 3937 2034 2532 
3 2806 7 3889 
3 3698 579 610 
3 1968 1924 1753 
3 1529 3667 3798 
3 1838 2049 1926 
3 704 1819 2835 
3 2079 1959 3699 
3 2694 2547 2502 
3 1926 1885 1838 
3 1837 1673 1840 
3 1492 2229 2225 
3 159 191 112 
3 3535 2199 2710 
3 2087 2353 2611 
3 1887 1886 1927 
3 579 3963 2570 
3 1833 2005 1703 
3 1929 2010 1889 
3 2235 1976 1889 
3 2203 1801 1934 
3 1761 1976 1766 
3 3273 1941 3275 
3 1227 1815 2976 
3 1714 1807 1978 
3 2277 2162 1766 
3 1569 2173 1245 
3 1799 3175 653 
3 1813 2239 1719 
3 1645 1401 1550 
3 1460 2578 2504 
3 2239 1813 2016 
3 3159 3951 2879 
3 653 3175 1225 
3 3430 3659 3315 
3 1216 1536 3902 
3 3022 1066 1877 
3 1856 437 3578 
3 1767 1933 1940 
3 3875 1957 3890 
3 1938 1934 1937 
3 578 559 592 
3 1939 1896 2015 
3 215 56 134 
3 3289 1948 910 
3 1750 1633 1793 
3 1977 1897 3670 
3 56 3645 134 
3 1896 1939 1900 
3 1857 1896 1900 
3 3584 1620 1810 
3 1984 1900 1939 
3 1945 1777 1984 
3 66 70 91 
3 1990 2175 2169 
3 2388 2246 2206 
3 1902 1989 1947 
3 1769 2024 1773 
3 1820 2092 2243 
3 1821 1732 1902 
3 1902 1992 1989 
3 1902 1732 1992 
3 1406 1357 1169 
3 1823 1992 1732 
3 2019 2053 3078 
3 1952 1690 1860 
3 304 3571 855 
3 3045 930 877 
3 3849 1006 1027 
3 1868 2031 1955 
3 2977 2419 2984 
3 2172 1828 2068 
3 1640 2015 1896 
3 1711 1797 1774 
3 3811 3300 1257 
3 1529 2447 1848 
3 2024 2029 1616 
3 2098 2092 1996 
3 2239 1929 1719 
3 3356 1634 3879 
3 1696 1961 1828 
3 1958 1960 2029 
3 1995 1695 2070 
3 1855 2447 1036 
3 2327 1162 2344 
3 3881 3324 3944 
3 3620 2783 2504 
3 1875 1914 2105 
3 2034 3937 471 
3 1480 1325 1376 
3 2154 1973 2047 
3 3079 3618 1738 
3 3241 2782 3304 
3 2041 1665 1878 
3 2107 1965 1790 
3 1790 1747 2107 
3 1920 2005 2042 
3 3968 2866 2179 
3 1793 1879 2144 
3 2111 1751 2046 
3 2902 2019 2756 
3 576 2772 2197 
3 3280 3015 3797 
3 2048 2046 1837 
3 1837 2046 1673 
3 2230 2047 2008 
3 1755 1973 1974 
3 3216 3835 3785 
3 2650 3789 3837 
3 2044 1966 1792 
3 1929 2119 2010 
3 2727 1787 261 
3 2383 1177 890 
3 1247 3513 694 
3 1929 2239 2198 
3 1071 11 1443 
3 2663 542 715 
3 1714 1978 2013 
3 3535 2443 2199 
3 3066 2796 664 
3 1643 2089 2163 
3 1849 1817 1936 
3 3536 1672 1925 
3 3907 3939 1957 
3 3890 1957 2054 
3 1817 1772 1942 
3 2020 1937 1942 
3 2169 2164 2016 
3 1620 282 1810 
3 1816 2129 1946 
3 133 1925 1919 
3 2020 1902 1947 
3 2756 1064 2512 
3 1862 1951 2210 
3 1989 1992 2067 
3 1863 2132 2288 
3 3707 2934 1353 
3 1860 2133 1952 
3 2626 2081 2404 
3 3981 1866 3462 
3 2100 1951 1955 
3 189 946 898 
3 3961 1202 3140 
3 3551 2073 838 
3 2026 2029 2024 
3 3630 56 1615 
3 3384 1905 3896 
3 3958 1333 3897 
3 1868 1956 2031 
3 2026 1958 2029 
3 1202 3265 1198 
3 920 1523 2512 
3 2043 1747 2218 
3 3853 3854 1342 
3 1175 1735 2915 
3 2144 1879 1920 
3 2072 1830 1661 
3 2000 2104 1915 
3 192 2682 281 
3 1744 1965 2001 
3 2151 2975 2161 
3 1991 2207 2247 
3 3830 2794 1634 
3 2357 439 1787 
3 2220 1922 1793 
3 1107 435 3856 
3 435 1107 495 
3 2220 2006 1668 
3 1751 1969 1795 
3 2438 2560 2508 
3 1353 257 2343 
3 3866 1552 3642 
3 976 3440 1259 
3 2571 2616 2482 
3 167 200 229 
3 2524 1523 1907 
3 2048 1837 1926 
3 2015 2012 2088 
3 2426 2424 2701 
3 3536 3015 1672 
3 1974 2012 1755 
3 2663 745 3528 
3 799 1136 1676 
3 3707 1367 1949 
3 1976 2011 1766 
3 2335 799 1676 
3 2575 1630 225 
3 1846 1763 2013 
3 1976 2235 2011 
3 77 3303 3567 
3 2181 2218 2394 
3 1807 1643 2163 
3 1892 1605 1570 
3 1304 2494 34 
3 283 321 394 
3 2009 2282 3499 
3 265 275 274 
3 1937 1812 1942 
3 2661 3813 3021 
3 2062 1937 2020 
3 2020 1942 1772 
3 1898 2064 1769 
3 2077 3551 1212 
3 2259 2221 2399 
3 752 1333 2947 
3 3971 3616 1932 
3 336 1355 342 
3 2208 574 1861 
3 2210 2207 1862 
3 1825 2288 2030 
3 2022 2026 2024 
3 2172 2068 2066 
3 3257 3057 3052 
3 2274 3878 1754 
3 16 984 51 
3 2689 3913 1517 
3 2102 1958 2026 
3 2426 933 2690 
3 3250 3390 192 
3 3140 3467 1760 
3 1912 2249 1914 
3 2969 2914 3108 
3 1718 2341 1162 
3 2607 2086 3957 
3 3497 3230 946 
3 3583 3786 3974 
3 633 3795 2057 
3 2043 2107 1747 
3 1969 1751 2193 
3 1507 3802 403 
3 3873 3767 3493 
3 3238 1899 3764 
3 378 1543 3555 
3 3444 3385 3095 
3 2046 2115 2082 
3 2312 2052 2233 
3 300 3564 309 
3 2235 1889 2159 
3 3628 3249 1194 
3 1889 2010 2159 
3 2156 2119 2198 
3 1771 2382 2110 
3 1441 1717 3924 
3 972 686 353 
3 1978 1807 2163 
3 2318 2203 1938 
3 1774 1771 1791 
3 2088 2124 1984 
3 3560 1798 3980 
3 758 905 809 
3 3831 434 3461 
3 1945 1984 2124 
3 1946 2129 2091 
3 1089 3380 3950 
3 1989 2171 1947 
3 1863 1945 2132 
3 2094 2172 2171 
3 1989 2067 2094 
3 2094 2171 1989 
3 3254 1135 3255 
3 2388 2288 2132 
3 3186 10 353 
3 2096 2026 2022 
3 1828 2172 2094 
3 2210 1951 2100 
3 2069 1778 1952 
3 1995 2070 1992 
3 2920 3462 1866 
3 2105 2217 1875 
3 1840 1927 1886 
3 1955 2031 2324 
3 2072 2138 1961 
3 2294 3645 3668 
3 2848 2516 2293 
3 2149 2155 1259 
3 2501 2834 3843 
3 2102 2026 2096 
3 2039 2216 1878 
3 2231 1656 3374 
3 2039 1915 2251 
3 1918 2217 2078 
3 2180 2107 2143 
3 698 1979 3710 
3 2042 2144 1920 
3 1966 1747 1667 
3 2149 1259 3440 
3 2220 1668 1922 
3 2220 2186 2006 
3 2006 2186 2145 
3 3371 1163 1689 
3 2193 1751 2111 
3 1793 2144 2255 
3 2081 2152 1924 
3 2111 2046 2082 
3 1968 2081 1924 
3 2115 2113 2082 
3 2115 1926 2113 
3 2046 2048 2115 
3 559 618 544 
3 1926 2115 2048 
3 2008 2047 1973 
3 2119 1929 2198 
3 3483 3484 3212 
3 1930 1846 2349 
3 2618 3739 3486 
3 3212 3484 21 
3 603 1305 2370 
3 1980 2158 2160 
3 1930 2158 1980 
3 2163 2122 1978 
3 1248 2170 2080 
3 1782 61 3141 
3 1914 2249 2295 
3 3446 2362 3703 
3 1532 797 3730 
3 1977 763 1897 
3 152 3770 987 
3 2205 2064 2090 
3 2130 2062 1947 
3 2130 1947 2171 
3 3835 3782 593 
3 1946 2245 2133 
3 2064 2205 2096 
3 2064 2096 2022 
3 3991 2155 2149 
3 2066 2068 2176 
3 3123 1891 1497 
3 1952 2133 2281 
3 148 268 140 
3 1952 2281 2069 
3 2138 2176 2068 
3 2134 2102 2096 
3 2828 3406 3435 
3 1992 2070 2067 
3 2094 2067 2070 
3 1873 1913 1625 
3 2070 1828 2094 
3 2390 1956 2136 
3 2390 2031 1956 
3 2102 2135 1913 
3 602 906 605 
3 3947 3948 3912 
3 3912 3948 3950 
3 1784 2428 1963 
3 2001 2072 1661 
3 1140 2700 2963 
3 3993 2758 3352 
3 2040 2216 2365 
3 2216 2041 1878 
3 1275 3159 2340 
3 1833 1788 1918 
3 910 201 925 
3 3975 3443 613 
3 2256 1880 2219 
3 921 861 833 
3 2148 2113 2147 
3 2113 2191 2147 
3 2238 2227 1636 
3 2148 2192 2113 
3 2113 2049 2191 
3 2227 1644 1636 
3 2114 2191 2049 
3 1924 2152 2194 
3 78 1259 763 
3 2168 1692 3975 
3 501 716 390 
3 2082 2113 2192 
3 3630 2515 3645 
3 1969 2045 2008 
3 3774 1810 3670 
3 3607 3332 937 
3 3375 3618 3079 
3 1974 1973 2154 
3 1644 2227 392 
3 3949 517 516 
3 3063 3060 2765 
3 814 2689 2654 
3 260 3863 2578 
3 82 2578 3863 
3 2011 2277 1766 
3 2366 3212 21 
3 2088 2012 2346 
3 1902 2020 1772 
3 1872 1869 1041 
3 3739 3211 841 
3 1712 1774 1791 
3 2089 2243 2242 
3 476 1620 3584 
3 1898 1724 2090 
3 2164 2169 2124 
3 691 3367 2270 
3 2318 1938 2130 
3 1801 2203 2233 
3 3470 769 3992 
3 2169 2132 2124 
3 2243 2092 2422 
3 3666 3391 93 
3 1949 1681 2350 
3 2112 3361 1506 
3 3963 3687 2441 
3 2388 2132 2246 
3 2059 3301 3299 
3 3107 2823 2821 
3 2285 2207 2210 
3 1823 1995 1992 
3 381 2959 3086 
3 2203 1934 1938 
3 3583 3435 3406 
3 2506 1431 2003 
3 2135 2102 2134 
3 2923 1041 3429 
3 2467 2427 2138 
3 2078 2005 1833 
3 2138 2072 2467 
3 2300 2590 2546 
3 3301 443 3299 
3 2141 3025 3501 
3 620 1932 3616 
3 1785 2428 1784 
3 2789 1738 3618 
3 1947 2062 2020 
3 2001 1965 2180 
3 2040 2215 1785 
3 2216 2040 2041 
3 1918 1875 2217 
3 1160 2165 1950 
3 1965 2107 2180 
3 1970 2283 3441 
3 1880 2256 2044 
3 2044 2332 1966 
3 1358 599 3913 
3 2146 2187 2188 
3 2993 3599 3240 
3 2091 2245 1946 
3 3907 1957 3893 
3 3587 3401 3350 
3 3416 3939 3408 
3 2788 2252 1112 
3 675 1613 3346 
3 1901 44 27 
3 3937 3158 3678 
3 2083 807 1448 
3 3939 3416 1957 
3 3678 471 3937 
3 3893 1957 3875 
3 2054 3158 3937 
3 1779 3123 3775 
3 1596 3302 595 
3 2193 2111 2082 
3 1913 2136 1623 
3 1723 189 898 
3 1974 2517 2346 
3 1971 2407 2445 
3 2230 2008 2045 
3 1717 1975 3596 
3 2831 3111 1493 
3 999 1050 2850 
3 3424 233 3870 
3 2616 1118 1647 
3 2196 2158 2412 
3 2012 1974 2346 
3 1930 2349 2158 
3 2271 2157 2011 
3 2196 2160 2158 
3 2011 2235 2271 
3 3056 1808 3078 
3 2084 1846 2013 
3 2416 1846 2084 
3 1978 2122 2013 
3 3424 737 233 
3 3819 2678 2101 
3 2602 2271 2414 
3 1942 1936 1817 
3 3532 1631 3520 
3 421 422 277 
3 2280 3753 3368 
3 2160 2123 1980 
3 1247 697 3540 
3 2318 2273 2203 
3 3106 691 3110 
3 1969 2008 1795 
3 318 3815 2317 
3 284 396 335 
3 2912 2913 3335 
3 82 1749 2578 
3 3066 1975 2234 
3 797 3733 3730 
3 798 3039 2228 
3 2133 2245 2387 
3 1959 3678 3427 
3 2247 2175 1991 
3 3491 648 646 
3 2069 2281 2177 
3 1955 2324 2100 
3 2208 1322 2290 
3 2461 2390 2136 
3 1097 1824 1711 
3 2616 2571 243 
3 2030 2463 2325 
3 3302 1596 925 
3 2769 2770 2713 
3 1914 2295 2105 
3 385 1644 392 
3 2840 1895 1228 
3 3245 373 3258 
3 2184 316 1264 
3 2140 2467 2001 
3 2431 2542 2588 
3 2107 2181 2143 
3 2181 2107 2043 
3 2089 1982 1768 
3 2476 2559 2509 
3 3781 62 725 
3 2260 2188 2187 
3 725 62 2524 
3 2504 915 1460 
3 736 2080 3820 
3 3668 3403 1786 
3 2147 2191 2190 
3 2458 576 2197 
3 2760 2885 3019 
3 1924 2114 1967 
3 1499 348 130 
3 2404 2081 1971 
3 1864 3001 1130 
3 1529 3798 1036 
3 2312 2407 2052 
3 1053 2703 3523 
3 3461 233 3885 
3 509 1949 3042 
3 1358 2482 2141 
3 3334 3245 3258 
3 3874 3893 3875 
3 2160 2314 2240 
3 2444 1389 1053 
3 3707 1353 2940 
3 1075 2269 1865 
3 2512 2741 2756 
3 2164 2239 2016 
3 2354 2129 2123 
3 2090 2126 2205 
3 2099 2093 1847 
3 2129 2355 2091 
3 1303 3582 1072 
3 2167 2319 2318 
3 2245 2091 2320 
3 2703 1651 3523 
3 2176 2167 2066 
3 3834 3833 3934 
3 2175 2246 2169 
3 2169 2246 2132 
3 2167 2176 2386 
3 2098 2422 2092 
3 3687 3963 3428 
3 2569 3427 3678 
3 3293 1697 885 
3 1260 1518 3344 
3 2100 2359 2210 
3 2289 2176 2138 
3 2492 2286 1996 
3 2078 2042 2005 
3 2025 3906 2296 
3 2288 2463 2030 
3 1999 2325 2249 
3 1996 1963 2428 
3 2174 2977 2984 
3 2497 2498 2617 
3 1400 378 10 
3 2467 2140 2584 
3 2215 2040 2365 
3 1994 1738 2789 
3 2326 2216 2251 
3 2218 2181 2043 
3 2672 2560 2510 
3 2218 1966 2297 
3 3497 946 189 
3 2255 2144 2298 
3 1617 1451 1431 
3 2044 2256 2332 
3 3766 2419 2415 
3 401 1764 96 
3 2186 2220 2303 
3 2186 2303 2221 
3 2966 2978 840 
3 315 681 2056 
3 2820 1692 2168 
3 2073 3288 838 
3 2307 2190 2310 
3 3601 1312 3850 
3 2238 1636 747 
3 2562 2442 1969 
3 1162 2341 3180 
3 2194 2114 1924 
3 2114 2310 2191 
3 1969 2193 2562 
3 3416 3158 1957 
3 3982 348 1499 
3 2047 2230 2406 
3 2119 2267 2010 
3 1043 1987 2372 
3 1579 1691 1650 
3 3262 3795 3801 
3 2198 2631 2156 
3 824 873 2666 
3 1887 1927 1804 
3 2160 2313 2314 
3 3028 3027 3552 
3 2236 2239 2272 
3 2164 2272 2239 
3 1130 3463 3983 
3 1552 3348 3344 
3 2541 2543 3930 
3 2453 2013 2122 
3 2124 2088 2346 
3 2163 2276 2122 
3 1966 2218 1747 
3 3567 3303 3294 
3 2210 2359 2285 
3 1713 1940 1933 
3 225 553 2933 
3 1423 2021 2637 
3 2390 2324 2031 
3 2670 1601 2385 
3 3808 3594 3413 
3 1791 789 23 
3 2507 3621 518 
3 3018 1282 3245 
3 2216 2039 2251 
3 2217 2105 2295 
3 3642 1287 3866 
3 2305 2187 2401 
3 2265 90 1062 
3 2216 2326 2365 
3 2180 2329 2140 
3 2180 2143 2329 
3 1306 1551 3374 
3 2149 985 1008 
3 2078 2367 2109 
3 3737 3725 2270 
3 2368 2297 2333 
3 2258 2220 2255 
3 3681 1257 2459 
3 842 3567 2684 
3 3804 3831 3461 
3 360 2647 2032 
3 2221 2259 2219 
3 2148 2309 2192 
3 3359 3874 3363 
3 2430 2468 2429 
3 2925 2627 2179 
3 2187 2305 2260 
3 152 1248 2080 
3 1330 1451 1617 
3 2193 2082 2226 
3 1899 3238 2676 
3 2987 543 2352 
3 1853 2920 2166 
3 2081 2311 2152 
3 3204 2676 1622 
3 1253 158 2153 
3 2404 1971 2445 
3 1280 3167 3162 
3 2119 2156 2267 
3 1754 3726 2009 
3 2631 2198 2236 
3 2313 2160 2196 
3 2310 2114 2194 
3 2273 2379 2203 
3 2414 2271 2235 
3 3170 862 3672 
3 2349 1846 2416 
3 2240 2123 2160 
3 1838 2114 2049 
3 1838 1967 2114 
3 2453 2122 2276 
3 1216 1524 1844 
3 2123 2240 2354 
3 2152 2561 2194 
3 2042 2078 2109 
3 2318 2319 2273 
3 1810 3774 3109 
3 3583 3255 1765 
3 2987 633 2057 
3 2319 2167 2485 
3 2320 2091 2355 
3 2485 2167 2386 
3 2548 2284 737 
3 2175 2247 2246 
3 2422 2098 2286 
3 2285 2247 2207 
3 2611 1839 2093 
3 1632 2824 3710 
3 3437 2095 1842 
3 1816 1684 1892 
3 1682 615 612 
3 2425 2390 2461 
3 2991 2970 1872 
3 1808 2250 3289 
3 2071 2493 2104 
3 2249 2325 2687 
3 3851 3970 1321 
3 2417 2484 2521 
3 1811 2383 890 
3 2632 417 3111 
3 2578 1749 2504 
3 948 2229 1492 
3 2217 2295 2468 
3 1548 937 3332 
3 490 487 736 
3 2394 2538 2329 
3 2109 2298 2042 
3 2144 2042 2298 
3 2371 2255 2298 
3 1948 2250 1541 
3 2221 2219 2186 
3 2256 2334 2332 
3 2256 2300 2334 
3 844 1218 2183 
3 1712 1791 23 
3 2336 2303 2301 
3 3957 3697 2607 
3 2147 2338 2339 
3 832 3925 2552 
3 474 125 3926 
3 2148 2147 2339 
3 2305 2665 2619 
3 1096 232 1899 
3 1332 759 323 
3 2879 3153 158 
3 2311 2561 2152 
3 2410 2196 2448 
3 189 2328 3497 
3 2517 1974 2154 
3 2312 2233 2409 
3 2631 2411 2156 
3 2411 2267 2156 
3 2233 2379 2409 
3 2196 2412 2448 
3 1584 239 3197 
3 2159 2010 2451 
3 3407 3301 1814 
3 1536 1216 1844 
3 159 269 191 
3 2782 1994 2789 
3 3831 3804 3148 
3 2164 2346 2272 
3 3616 3690 1332 
3 2163 2242 2276 
3 2421 2354 2240 
3 2543 2541 3399 
3 2690 232 1100 
3 1810 3109 3584 
3 386 1434 3759 
3 3885 233 737 
3 2551 3860 3861 
3 2361 2359 2100 
3 528 542 1708 
3 2040 1785 1564 
3 1895 3395 1228 
3 1331 2529 3391 
3 1326 78 1977 
3 2104 2326 2251 
3 1903 1507 3661 
3 2556 2968 2731 
3 3211 818 841 
3 1915 2104 2251 
3 2277 2126 2162 
3 3095 3385 2952 
3 2181 2329 2143 
3 2329 2181 2394 
3 3346 1613 2506 
3 1355 1944 28 
3 648 904 646 
3 1782 3141 1039 
3 2369 2371 2298 
3 2333 2297 2332 
3 2690 2424 2426 
3 2300 2219 2259 
3 2299 2255 2371 
3 2300 2546 2334 
3 2219 2300 2256 
3 2399 2221 2433 
3 500 802 522 
3 342 28 634 
3 3762 1126 2645 
3 2188 2847 2146 
3 2303 2433 2221 
3 2260 2556 2696 
3 2550 2187 2146 
3 2401 2187 2550 
3 2339 2338 2337 
3 2304 2260 2696 
3 3408 3155 3416 
3 1312 1287 3850 
3 691 3106 3367 
3 1985 1981 3053 
3 2482 1358 3372 
3 1993 2923 3429 
3 2226 2082 2192 
3 2226 2192 2309 
3 3308 2902 2756 
3 3872 3774 1897 
3 2150 3188 3410 
3 3586 2253 1303 
3 3504 999 3891 
3 3364 51 93 
3 1759 1475 1748 
3 2451 2010 2267 
3 1439 2765 3060 
3 3813 228 569 
3 2159 2414 2235 
3 2271 2602 2157 
3 1932 3921 3971 
3 2675 2526 2572 
3 243 1118 2616 
3 3737 82 2035 
3 1975 1441 2234 
3 1103 1448 2613 
3 2379 2381 2417 
3 3399 2534 2034 
3 2821 1209 2278 
3 1791 1103 789 
3 2283 105 320 
3 2255 2220 1793 
3 2229 948 1715 
3 176 117 153 
3 3188 2150 3983 
3 1711 1774 1712 
3 2243 2422 2242 
3 2273 2319 2381 
3 2485 2381 2319 
3 3698 610 613 
3 2422 2528 2242 
3 1754 3878 2513 
3 2421 2355 2354 
3 2454 2205 2126 
3 3441 3699 1970 
3 2616 1647 3803 
3 2234 1697 3293 
3 482 2074 196 
3 2134 2096 2321 
3 3219 1209 1484 
3 2884 2872 3666 
3 2389 2071 2177 
3 3463 3481 3994 
3 2462 2324 2390 
3 2361 2100 2324 
3 885 2460 2729 
3 910 1220 201 
3 2465 2392 2365 
3 3603 1341 3865 
3 2468 2367 2217 
3 2368 2218 2297 
3 3334 3069 3245 
3 2430 2369 2109 
3 2333 2397 2395 
3 2213 1637 3275 
3 2840 1497 1891 
3 792 1034 1181 
3 2332 2397 2333 
3 2620 2621 2668 
3 2397 2332 2334 
3 2124 2132 1945 
3 1998 1754 2513 
3 2283 2738 3441 
3 2071 2069 2177 
3 2432 2301 2258 
3 2619 2260 2305 
3 2479 2309 2339 
3 2474 2301 2432 
3 2399 2300 2259 
3 2148 2339 2309 
3 908 852 735 
3 1699 1953 3030 
3 3353 523 3352 
3 2847 2188 2304 
3 2147 2190 2338 
3 2336 2502 2547 
3 2478 2337 2338 
3 2376 2339 2337 
3 195 129 136 
3 1350 3089 1131 
3 3598 2436 738 
3 3766 2415 1630 
3 2190 2307 2338 
3 1421 2211 1117 
3 2596 2706 2309 
3 2226 2309 2706 
3 2577 2605 2389 
3 2514 2562 2226 
3 2193 2226 2562 
3 837 828 43 
3 1333 2530 2947 
3 385 1304 34 
3 3781 3539 62 
3 3410 3188 2820 
3 3501 599 1358 
3 1604 378 3555 
3 2339 2376 2439 
3 372 2579 1498 
3 1094 1031 1147 
3 3384 1039 3141 
3 3630 1615 16 
3 856 2799 2496 
3 2412 2158 2349 
3 2626 2311 2081 
3 3916 3040 1315 
3 2186 2219 2145 
3 2087 3167 1280 
3 2277 2157 2418 
3 2454 2126 2277 
3 3012 706 3911 
3 2381 2456 2421 
3 2456 2381 2485 
3 1006 739 1256 
3 1711 1824 1797 
3 3975 1692 3443 
3 2321 2205 2457 
3 2356 2355 2456 
3 3896 166 3151 
3 1908 1321 2450 
3 1433 3300 2223 
3 2281 2387 2577 
3 2386 2176 2287 
3 51 3364 3351 
3 3552 1141 3300 
3 3523 1651 840 
3 2463 2288 2388 
3 3827 3828 3088 
3 2072 2001 2467 
3 1983 3831 3936 
3 2365 2392 2215 
3 2394 2218 2368 
3 3030 1953 2213 
3 2249 2687 2585 
3 2326 2104 2493 
3 2140 2329 2538 
3 3123 1497 3775 
3 2468 2430 2367 
3 2368 2333 2471 
3 2369 2542 2371 
3 2590 2300 2399 
3 3275 1637 3273 
3 3630 3645 56 
3 3027 1680 20 
3 3002 2873 2810 
3 2437 2376 2337 
3 2337 2478 2438 
3 2479 2596 2309 
3 2561 2310 2194 
3 2782 2774 1994 
3 2406 2154 2047 
3 3391 3666 2872 
3 3552 3811 3681 
3 2600 2409 2379 
3 3911 3817 3012 
3 3025 2183 3003 
3 2631 2236 2598 
3 2451 2267 2568 
3 2349 2949 2412 
3 2451 2414 2159 
3 3022 706 3012 
3 3022 3012 1066 
3 2176 2289 2287 
3 863 1014 1076 
3 2730 3735 3333 
3 3220 2730 2731 
3 2206 2246 2247 
3 3930 3652 3141 
3 2996 2701 3535 
3 2454 2277 2418 
3 2381 2421 2484 
3 2484 2421 2240 
3 1227 1224 1815 
3 314 1549 295 
3 2814 16 3351 
3 2528 2527 2242 
3 2940 1353 2939 
3 2599 2893 2829 
3 2205 2454 2457 
3 1796 2839 931 
3 1835 1706 1753 
3 2242 2527 2276 
3 2485 2386 2531 
3 674 3750 3018 
3 2999 1911 3527 
3 2320 2489 2642 
3 706 3540 697 
3 1734 1650 1736 
3 1691 1736 1650 
3 2646 2247 2535 
3 2103 1305 603 
3 2177 2281 2577 
3 2363 2580 2581 
3 1919 2984 133 
3 2462 2361 2324 
3 987 3824 152 
3 3348 1552 3866 
3 3652 3384 3141 
3 2325 2536 2687 
3 3509 3451 2726 
3 2984 1923 2174 
3 2392 2465 2582 
3 1996 2428 2492 
3 2363 2365 2326 
3 2365 2363 2465 
3 3913 599 1517 
3 2428 2392 2582 
3 2428 2215 2392 
3 1682 2460 1415 
3 2394 2471 2497 
3 2286 2098 1996 
3 2471 2333 2395 
3 678 1227 2976 
3 2622 2669 2668 
3 2432 2299 2544 
3 2684 3567 2693 
3 2260 2304 2188 
3 2544 2299 2431 
3 2431 2299 2371 
3 2502 2301 2474 
3 2336 2301 2502 
3 2334 2546 2473 
3 1402 3820 1404 
3 2433 2303 2336 
3 1958 2102 1913 
3 3065 3607 937 
3 3964 3022 68 
3 3065 2137 138 
3 3235 1126 3762 
3 2435 2592 2400 
3 2476 2509 2403 
3 2400 2852 2435 
3 2358 677 2364 
3 2272 2633 2236 
3 3804 3461 3885 
3 2437 2438 2403 
3 17 49 52 
3 2376 2509 2439 
3 138 2137 3057 
3 2437 2509 2376 
3 1584 3197 2925 
3 1290 763 1259 
3 3907 3893 3370 
3 2515 3630 2814 
3 1008 3932 3658 
3 2374 1774 1797 
3 3630 16 2814 
3 202 248 297 
3 2410 2711 2597 
3 3911 706 697 
3 2624 2476 2505 
3 2410 2313 2196 
3 2567 2346 2517 
3 2829 2629 2448 
3 2062 1938 1937 
3 1939 2088 1984 
3 2412 2599 2829 
3 2451 2895 2414 
3 3795 3262 2360 
3 1853 2372 2920 
3 2236 2633 2598 
3 2597 2519 2520 
3 3494 694 3513 
3 2417 2600 2379 
3 2417 2521 2600 
3 347 332 410 
3 2484 2240 2314 
3 2354 2355 2129 
3 1897 3615 3872 
3 2381 2484 2417 
3 2701 2996 2426 
3 2349 2416 2949 
3 2453 2572 2526 
3 1848 2754 3055 
3 3037 2391 3303 
3 2456 2531 2488 
3 2921 1606 2863 
3 210 179 145 
3 2917 2921 2863 
3 1657 1923 2984 
3 2405 2118 1396 
3 1071 22 11 
3 2453 2276 2572 
3 3823 3032 3813 
3 3571 311 855 
3 2612 2287 2289 
3 2286 2573 2422 
3 3428 3963 579 
3 2285 2535 2247 
3 2285 2359 2535 
3 3494 824 2342 
3 2493 2389 2605 
3 3697 1842 2607 
3 2493 2071 2389 
3 2520 2314 2313 
3 2646 2206 2247 
3 2984 1919 1657 
3 2670 2384 1601 
3 2326 2580 2363 
3 2295 2249 2585 
3 3823 3813 2661 
3 2537 2495 2468 
3 1518 1260 2800 
3 2538 2394 2540 
3 2468 2495 2429 
3 2540 2394 2497 
3 1327 1331 3107 
3 2368 2471 2394 
3 3250 192 281 
3 2499 2369 2430 
3 3985 2141 2482 
3 2395 2500 2498 
3 2065 903 416 
3 2371 2542 2431 
3 2473 2397 2334 
3 1436 175 2959 
3 2474 2432 2544 
3 2547 2433 2336 
3 2728 2475 2549 
3 2728 2553 2475 
3 2637 360 2639 
3 2591 2549 2475 
3 3910 1202 3961 
3 3764 1899 232 
3 2403 2505 2476 
3 571 2077 1212 
3 2178 2134 2321 
3 2231 227 3832 
3 2509 2437 2403 
3 2438 2437 2337 
3 1911 3250 1070 
3 3364 93 3118 
3 2310 2561 2511 
3 1194 3249 1175 
3 2626 2822 2311 
3 3615 763 1290 
3 3553 3271 3272 
3 2442 2709 2045 
3 3801 865 3262 
3 3812 2065 315 
3 2567 2517 2518 
3 2410 2448 2629 
3 2630 2411 2631 
3 1935 2710 2199 
3 2827 2519 2711 
3 1771 2374 2382 
3 2313 2597 2520 
3 2484 2520 2521 
3 2484 2314 2520 
3 1365 1072 2097 
3 3513 1247 281 
3 3730 3481 1532 
3 3907 3408 3939 
3 1548 2796 2938 
3 2531 2456 2485 
3 2642 2577 2387 
3 2178 2321 2604 
3 3462 543 2063 
3 2287 2901 2386 
3 2933 1881 571 
3 2606 2425 2461 
3 834 2032 1752 
3 2983 2053 2902 
3 1798 2383 349 
3 2614 2463 2388 
3 3567 3294 2693 
3 2086 2607 1286 
3 3218 3269 3895 
3 2363 2581 2466 
3 1969 2442 2045 
3 3644 3806 3923 
3 2605 2608 2493 
3 3601 3850 3597 
3 1114 1043 2275 
3 2468 2295 2537 
3 3711 2101 3802 
3 1798 3560 1794 
3 1824 1834 1797 
3 1322 3472 581 
3 2589 2544 2431 
3 3294 1494 234 
3 2304 2730 2847 
3 2909 587 3895 
3 3222 2592 2435 
3 1821 1902 1772 
3 2665 2305 2401 
3 3762 3230 3235 
3 2654 2689 1517 
3 3177 3178 3054 
3 571 1212 3278 
3 2626 2404 2944 
3 2738 1979 698 
3 2510 2560 2478 
3 2514 2226 2706 
3 3161 1256 739 
3 1103 2083 1448 
3 3958 1760 2530 
3 2045 2709 2230 
3 1362 2951 2674 
3 2154 2406 2628 
3 2410 2629 2711 
3 3140 1760 3961 
3 2239 2236 2198 
3 2911 3188 206 
3 2418 2157 2602 
3 2989 3594 2928 
3 2894 2567 2518 
3 704 2579 3711 
3 2670 2951 1888 
3 3972 1037 2362 
3 2453 2526 2452 
3 185 184 121 
3 2290 581 1629 
3 2527 2528 2638 
3 1765 3786 3583 
3 3024 2600 2521 
3 2356 2320 2355 
3 2289 2138 2427 
3 2057 3795 2360 
3 2061 1814 2059 
3 2897 2604 2640 
3 2618 3211 3739 
3 2580 2493 2608 
3 2610 2535 2361 
3 2388 2206 3154 
3 2366 2004 3212 
3 3082 3351 3364 
3 2140 2001 2180 
3 2390 2425 2462 
3 2462 2610 2361 
3 1589 1399 3598 
3 3733 818 3211 
3 2388 3154 2614 
3 2174 1923 2424 
3 2821 957 1209 
3 2947 2530 2293 
3 2532 2224 3937 
3 2463 2536 2325 
3 2851 1735 597 
3 2538 2903 2140 
3 2140 2903 2584 
3 3660 447 3133 
3 749 1083 1020 
3 3470 3722 774 
3 2539 2495 2537 
3 2540 2723 2538 
3 2586 2495 2539 
3 3906 2025 2835 
3 3980 1798 349 
3 1551 1832 3166 
3 2471 2395 2498 
3 2657 2397 2473 
3 1983 3936 3932 
3 2431 2588 2589 
3 2545 2474 2544 
3 2503 2400 3165 
3 2400 2592 3165 
3 2732 3044 2591 
3 3334 1461 3069 
3 1880 2044 1597 
3 665 539 557 
3 2505 2622 2624 
3 3539 1142 62 
3 2505 2403 2625 
3 2624 2622 2623 
3 3436 3849 3943 
3 2815 2625 2508 
3 2403 2438 2508 
3 2250 1808 3056 
3 1760 3958 3900 
3 2510 2478 2511 
3 2307 2511 2478 
3 2530 1760 3467 
3 2562 2514 2442 
3 733 1274 383 
3 2709 2442 2708 
3 2939 1803 1687 
3 2282 2009 681 
3 1246 3807 2268 
3 1089 534 1671 
3 1786 3450 3070 
3 1803 2929 1687 
3 2942 3486 85 
3 2949 2416 2950 
3 2452 2526 2950 
3 1647 476 3568 
3 2527 2675 2572 
3 1005 2594 3046 
3 2640 2321 2457 
3 1447 1836 1824 
3 2643 2489 2356 
3 2061 2059 457 
3 2955 2841 2586 
3 2901 2287 2612 
3 2205 2321 2096 
3 3428 2890 3687 
3 2646 3154 2206 
3 2463 2614 2536 
3 2926 2986 2739 
3 3841 2482 2616 
3 2482 3841 3985 
3 2289 2427 2612 
3 2538 2723 2903 
3 2539 2537 2585 
3 2109 2369 2298 
3 2962 2960 2591 
3 565 1248 152 
3 2692 2429 2495 
3 2265 2884 3687 
3 2151 2420 2680 
3 2800 3332 2896 
3 2617 3033 2842 
3 1242 1381 1710 
3 1518 2800 2896 
3 2588 2542 2499 
3 2397 2657 2500 
3 2658 2433 2547 
3 2728 2549 2908 
3 2728 3041 2553 
3 2550 2662 2401 
3 2475 2553 2795 
3 2435 2852 3222 
3 2224 2837 3890 
3 2556 2731 2696 
3 2621 2623 2622 
3 2621 2705 2623 
3 3612 1512 119 
3 2014 2686 3131 
3 2624 2559 2476 
3 3188 2911 2820 
3 704 3711 1819 
3 2596 2439 2595 
3 2596 2479 2439 
3 1283 986 362 
3 1008 3654 2149 
3 515 2248 1423 
3 2596 2760 2706 
3 2761 2511 2561 
3 1981 1715 3053 
3 1896 1776 1770 
3 1720 2765 361 
3 2944 2404 2945 
3 2445 2945 2404 
3 3901 3119 1779 
3 3271 3553 3550 
3 2517 2154 2628 
3 2411 2630 2568 
3 2267 2411 2568 
3 2895 2451 2568 
3 2634 2414 2895 
3 2602 2414 2634 
3 2123 2129 1980 
3 2713 2635 2454 
3 2527 2572 2276 
3 1754 2009 2274 
3 225 1630 1627 
3 2573 2638 2528 
3 3889 1306 2806 
3 2604 2321 2640 
3 2488 2531 2901 
3 2776 2643 2356 
3 3300 1433 1152 
3 1808 737 3424 
3 208 3000 2058 
3 2577 2836 2605 
3 2178 2604 2606 
3 1836 1834 1824 
3 2225 355 1699 
3 2573 2286 2492 
3 3774 3872 2832 
3 2580 2326 2493 
3 2430 2109 2367 
3 3620 1749 2264 
3 1283 362 356 
3 2687 2688 2585 
3 2539 2585 2688 
3 1671 1847 3386 
3 2097 3582 931 
3 3027 1141 3552 
3 2018 2797 23 
3 2725 2499 2653 
3 2787 2500 2657 
3 2726 2544 2589 
3 3118 2522 3117 
3 3118 93 2522 
3 3544 2710 1680 
3 2547 2694 2658 
3 3837 1629 581 
3 511 3383 3919 
3 2845 2590 2658 
3 2732 2591 2475 
3 2619 2556 2260 
3 619 3057 2137 
3 2401 2662 2665 
3 2460 1682 3280 
3 2621 2620 2667 
3 1831 1201 1195 
3 747 2274 3499 
3 2936 1677 2923 
3 2625 2669 2505 
3 3280 1682 3015 
3 2759 2623 2671 
3 2837 3363 3875 
3 2548 1808 3289 
3 2372 1853 1043 
3 1661 1662 1700 
3 2381 2379 2273 
3 3470 3992 3720 
3 2561 2311 2819 
3 2514 2707 2442 
3 2442 2707 2708 
3 2628 2406 2709 
3 612 1672 3015 
3 2312 3206 2407 
3 3144 2825 2409 
3 2518 2628 2764 
3 2628 2518 2517 
3 3370 3893 2209 
3 2397 2500 2395 
3 2819 2311 2822 
3 2541 3930 3141 
3 2488 2715 2356 
3 2519 3024 2521 
3 3874 3359 3893 
3 3052 1826 1046 
3 3831 1983 434 
3 2776 2356 2715 
3 1381 733 383 
3 2681 2604 2897 
3 2466 2581 2716 
3 2683 2425 2780 
3 2462 2425 2683 
3 3374 1656 2806 
3 349 2383 3037 
3 2465 2363 2466 
3 3294 3303 1494 
3 2719 2610 2462 
3 1264 3344 3348 
3 2910 3223 3459 
3 2793 1555 22 
3 2784 2687 2536 
3 2586 2692 2495 
3 2499 2692 2653 
3 2498 2500 3033 
3 3501 1358 2141 
3 2546 2845 2473 
3 2473 2845 2657 
3 2588 2499 2725 
3 2725 2656 2588 
3 2545 2544 2726 
3 1909 2174 2424 
3 2545 2659 2502 
3 2659 2694 2502 
3 2845 2546 2590 
3 2908 2549 2591 
3 2454 2635 2457 
3 2419 2977 1904 
3 542 528 715 
3 3333 2847 2730 
3 3043 2553 3041 
3 3258 2506 3334 
3 2093 3700 2611 
3 3315 3822 3316 
3 2736 2735 2698 
3 3467 261 1345 
3 2419 1904 2415 
3 2837 3875 3890 
3 3587 3639 3401 
3 2787 3392 2906 
3 915 2552 1460 
3 1698 3983 1701 
3 2625 2815 2882 
3 2966 840 1639 
3 2759 2595 2559 
3 2252 3053 1112 
3 1304 2515 2814 
3 2511 2761 2510 
3 1842 1557 2607 
3 547 560 331 
3 2710 1399 1680 
3 3015 1682 612 
3 3250 1911 2999 
3 2245 2642 2387 
3 2945 2445 2946 
3 3874 3875 3363 
3 2766 2711 2629 
3 2630 2631 2767 
3 3597 1396 2118 
3 2519 2597 2711 
3 2674 1639 1362 
3 2767 2631 2598 
3 2766 2827 2711 
3 2720 2153 158 
3 3105 2662 3104 
3 2567 2894 2633 
3 2058 3786 1765 
3 2713 2418 2769 
3 2770 2635 2713 
3 2673 2526 2675 
3 2527 2714 2675 
3 2640 2457 2635 
3 2833 2897 2640 
3 2640 2635 2833 
3 1733 1614 1554 
3 3093 2642 2489 
3 1491 3032 3045 
3 1675 1681 1244 
3 2577 2642 2836 
3 2604 2681 2606 
3 2608 2605 2900 
3 3109 3774 2832 
3 2535 3154 2646 
3 2608 2581 2580 
3 973 419 423 
3 3849 1027 3943 
3 3953 3946 1987 
3 2582 2721 2492 
3 2614 2784 2536 
3 1881 752 571 
3 2688 2955 2539 
3 2652 2954 2723 
3 2617 2842 2652 
3 2830 1282 2483 
3 16 51 3351 
3 2500 2787 3033 
3 2645 2959 381 
3 2589 2588 2656 
3 3348 3866 2184 
3 2958 2659 2545 
3 2796 3332 2800 
3 2658 2694 3100 
3 2213 1953 880 
3 2982 2979 2986 
3 2849 2791 2660 
3 3308 2741 2212 
3 2697 2665 2662 
3 838 3288 1303 
3 3351 2494 1304 
3 3043 2795 2553 
3 731 552 879 
3 2968 2665 2697 
3 1274 1367 1702 
3 2795 2967 2913 
3 2471 2498 2497 
3 3788 2212 2741 
3 2733 2798 2698 
3 2968 2619 2665 
3 2699 2736 2698 
3 3482 1517 599 
3 2699 2698 2985 
3 2060 3871 2632 
3 2733 2735 2739 
3 3472 2650 581 
3 2790 2398 2777 
3 2478 2338 2307 
3 2748 2747 2737 
3 2750 2748 2860 
3 2860 2748 2737 
3 2743 2749 2702 
3 2667 2755 2757 
3 2620 3007 2667 
3 2668 2621 2622 
3 2755 2667 3007 
3 2705 2667 2757 
3 2621 2667 2705 
3 3009 2620 2668 
3 2690 1100 847 
3 2671 2623 2705 
3 2705 3013 2671 
3 2166 1866 1861 
3 2596 2595 2818 
3 1639 2961 1225 
3 232 1096 1100 
3 1315 3571 2449 
3 1721 1645 1806 
3 3495 419 973 
3 2761 2561 2819 
3 2004 774 3722 
3 3206 2312 2825 
3 761 810 996 
3 2445 2407 3206 
3 988 1653 878 
3 517 1305 2103 
3 3673 2957 3266 
3 2402 3707 1949 
3 3445 516 2103 
3 2558 2564 1246 
3 1567 2362 1037 
3 3373 2999 3527 
3 3993 3352 523 
3 1044 368 1702 
3 2527 2638 2714 
3 2136 2135 2178 
3 1588 1596 2302 
3 2489 2643 3093 
3 3528 2352 2663 
3 1122 974 978 
3 1293 1847 2093 
3 2688 3157 2955 
3 2521 2520 2519 
3 2356 2456 2488 
3 1345 439 2142 
3 2721 2573 2492 
3 3272 3271 2685 
3 3781 2654 3503 
3 2898 2581 2608 
3 2428 2582 2492 
3 2716 2779 2466 
3 108 178 163 
3 2535 2781 3154 
3 2843 1507 1903 
3 2393 824 2666 
3 2901 2612 2718 
3 2779 2721 2582 
3 3444 2901 2718 
3 3503 2654 1517 
3 1993 120 575 
3 954 1077 1278 
3 2584 2612 2427 
3 3564 3598 309 
3 2905 2688 2784 
3 2418 2713 2454 
3 3788 2512 1523 
3 2688 2687 2784 
3 3445 2099 516 
3 2785 2903 2723 
3 3820 490 736 
3 2955 2586 2539 
3 2652 2497 2617 
3 2215 2428 1785 
3 2369 2499 2542 
3 2656 2957 2589 
3 863 1076 950 
3 3458 2929 1803 
3 2845 2844 2657 
3 351 2651 3655 
3 2846 3100 2694 
3 2296 2831 424 
3 2909 2393 3734 
3 2509 2559 2595 
3 2910 2695 2791 
3 2795 2732 2475 
3 2625 2403 2508 
3 2203 2379 2233 
3 2913 2732 2795 
3 2733 2698 2735 
3 2924 2737 2858 
3 2924 2860 2737 
3 1688 3949 3891 
3 1535 2137 3065 
3 3282 3342 3339 
3 2742 2801 2926 
3 2737 2740 2858 
3 2742 2743 2801 
3 2569 3678 3158 
3 2735 2736 3054 
3 1949 1367 3046 
3 2740 2737 2747 
3 2804 2750 2860 
3 2743 2742 2744 
3 3699 3441 2037 
3 3913 1854 3372 
3 2744 2749 2743 
3 2743 2702 2745 
3 2867 2753 2749 
3 2751 2748 2750 
3 1070 3250 3540 
3 2807 2702 2753 
3 3166 2074 3161 
3 2750 2808 2751 
3 2867 2870 2753 
3 2425 2606 2780 
3 733 1381 1242 
3 2753 2878 2871 
3 21 3484 1723 
3 3550 842 2684 
3 328 3076 1569 
3 2567 2272 2346 
3 2760 2596 2818 
3 3211 2618 3815 
3 2760 2818 2885 
3 2751 2998 2748 
3 3363 2837 2830 
3 3211 3815 3733 
3 2887 2514 2706 
3 2706 2760 2887 
3 2179 2627 3968 
3 2141 3985 3267 
3 1312 3634 2459 
3 1489 2892 234 
3 2272 2567 2633 
3 3080 2983 2902 
3 2822 2626 2944 
3 2944 3378 2822 
3 1095 1066 292 
3 3909 694 1385 
3 600 1195 1201 
3 2946 2445 3206 
3 2519 2827 3024 
3 158 2170 1248 
3 1775 1501 1990 
3 2568 2630 3208 
3 2568 3208 3209 
3 3209 2895 2568 
3 2447 1529 1036 
3 2634 3326 3261 
3 3926 1809 1509 
3 1917 856 1176 
3 3992 2923 3720 
3 1599 1782 1039 
3 2566 3416 3155 
3 2502 2474 2545 
3 2638 2573 2721 
3 2374 1771 1774 
3 3148 3804 2302 
3 1866 1322 2208 
3 2642 3093 2836 
3 3909 1385 3465 
3 2715 2488 2901 
3 166 1905 509 
3 3324 2893 3083 
3 2052 2407 1971 
3 1300 3969 1328 
3 3368 741 61 
3 2838 2779 2716 
3 2898 2608 2900 
3 1318 732 1631 
3 2610 2781 2535 
3 2904 2784 2614 
3 2784 2904 2905 
3 789 48 2168 
3 3934 511 1567 
3 3915 3967 1877 
3 3804 3142 2302 
3 2060 3737 2035 
3 2841 2692 2586 
3 2841 2956 2692 
3 2725 2653 3217 
3 3266 2656 2725 
3 3488 3194 3490 
3 2657 2844 3160 
3 3885 3142 3804 
3 2726 3451 2958 
3 3615 1290 3138 
3 2694 2659 2846 
3 2183 1130 3001 
3 3221 3165 2592 
3 3343 3284 3112 
3 3222 3221 2592 
3 2714 2638 2899 
3 2912 2732 2913 
3 2560 2438 2478 
3 3111 417 1493 
3 2856 2698 2798 
3 3711 3802 2843 
3 2798 2733 2979 
3 2698 2856 2985 
3 2788 1997 1748 
3 3427 2569 2269 
3 2432 2258 2299 
3 2739 2742 2926 
3 2735 2931 2739 
3 2429 2499 2430 
3 2859 2860 2924 
3 3148 2308 2583 
3 416 3753 2280 
3 2739 2931 2742 
3 2990 3179 3362 
3 3054 2931 2735 
3 2743 2745 2801 
3 2801 2745 2988 
3 2879 1537 2340 
3 3416 2566 3158 
3 2745 2861 2803 
3 2745 2807 2861 
3 2074 1256 3161 
3 2804 2808 2750 
3 2749 2753 2702 
3 1454 3868 2033 
3 2809 2861 2807 
3 2841 3449 2956 
3 3155 3408 2254 
3 2744 2867 2749 
3 2751 2935 2998 
3 2807 2871 2809 
3 2751 2808 2811 
3 2871 2868 2809 
3 2808 2810 2811 
3 2935 2751 2811 
3 2241 1196 3085 
3 2807 2753 2871 
3 2753 2870 2878 
3 490 3820 1402 
3 2810 2875 2811 
3 846 1138 1135 
3 2937 2870 2812 
3 1720 3063 2765 
3 3932 3940 3658 
3 2705 2757 3013 
3 2263 1759 1748 
3 3075 2880 2882 
3 2508 2672 2815 
3 487 2004 3722 
3 2595 2759 2881 
3 2817 2818 2881 
3 2881 2818 2595 
3 2817 2885 2818 
3 2004 3214 3212 
3 2815 2672 2816 
3 1509 1802 3926 
3 2671 2881 2759 
3 2510 3017 2672 
3 2761 2819 3020 
3 3150 739 729 
3 1935 2199 3598 
3 2027 2033 862 
3 383 11 1381 
3 1008 3658 3654 
3 2891 3319 2709 
3 2599 2412 2949 
3 2709 3319 3023 
3 2902 3308 3080 
3 702 556 2929 
3 3023 2764 2628 
3 3205 2945 2946 
3 3379 2764 3023 
3 2629 2893 2766 
3 2629 2829 2893 
3 2004 1739 774 
3 2767 2598 2948 
3 2768 1727 2778 
3 2630 2767 3208 
3 2769 2602 3261 
3 3261 2602 2634 
3 2714 3026 2675 
3 3983 3463 1701 
3 314 1245 1549 
3 1485 922 3705 
3 2681 2897 3091 
3 2534 2532 2034 
3 3370 2862 3907 
3 2638 2721 2838 
3 2581 2898 2716 
3 3063 1720 1994 
3 2605 3092 2900 
3 2812 2870 2867 
3 2149 3654 3991 
3 2898 2900 3210 
3 3092 2605 2836 
3 1388 1391 1539 
3 3146 3024 2827 
3 786 3710 1979 
3 2838 2721 2779 
3 3094 2683 2780 
3 2952 2584 2903 
3 3836 3949 534 
3 2584 2952 2612 
3 2508 2560 2672 
3 2490 1283 1281 
3 2174 3502 1648 
3 2692 2499 2429 
3 2958 2545 2726 
3 3217 2653 2956 
3 681 2009 2056 
3 3033 2787 2906 
3 2957 2726 2589 
3 3100 2845 2658 
3 3509 2726 2957 
3 2824 41 698 
3 360 2032 2639 
3 2908 3041 2728 
3 2695 2910 3102 
3 568 609 551 
3 3343 3112 3281 
3 2916 2854 3174 
3 2967 2795 3043 
3 2182 323 1877 
3 3444 2718 3385 
3 3661 1507 1235 
3 2857 2854 2916 
3 3044 2962 2591 
3 2857 2922 2854 
3 2823 957 2821 
3 260 3928 3863 
3 2924 2858 2918 
3 3351 1304 2814 
3 2857 2981 2919 
3 2167 2172 2066 
3 2740 2747 2993 
3 2736 2699 3122 
3 2801 2988 2926 
3 1836 1457 1834 
3 2744 2742 2931 
3 3114 3587 3350 
3 885 1415 2460 
3 2859 2804 2860 
3 2204 1893 3364 
3 3753 96 3368 
3 2740 2993 2930 
3 1103 48 789 
3 2747 2998 2993 
3 937 1548 3805 
3 2867 2744 3125 
3 2278 1759 2263 
3 3045 2106 930 
3 2997 2810 2808 
3 3002 2810 2997 
3 1999 2249 1912 
3 2953 2903 2785 
3 3940 2331 3658 
3 2871 2877 2868 
3 2990 2803 3179 
3 2875 2810 2873 
3 2935 2811 2875 
3 2197 1131 2458 
3 2870 2874 2878 
3 2937 2874 2870 
3 2878 2876 2877 
3 1764 1476 2003 
3 3246 2755 3247 
3 1884 1140 2185 
3 3151 166 1742 
3 3007 3247 2755 
3 3783 3722 3770 
3 3135 3013 2757 
3 1312 2459 3866 
3 1935 1399 2710 
3 2263 1748 1394 
3 2548 737 1808 
3 2669 2882 2880 
3 2815 2816 2882 
3 2816 2883 2882 
3 2465 2466 2779 
3 3486 2317 2618 
3 2201 1389 2444 
3 2883 2816 3017 
3 1863 1777 1945 
3 3017 2816 2672 
3 2540 2497 2652 
3 3376 2510 2761 
3 2534 3399 2541 
3 3565 3120 326 
3 3564 300 311 
3 2669 2622 2505 
3 3023 2628 2709 
3 3205 3318 2944 
3 2944 2945 3205 
3 1901 986 1608 
3 2599 3084 3083 
3 2766 2893 3207 
3 1266 1275 2340 
3 2599 3083 2893 
3 1735 2851 1601 
3 2633 2948 2598 
3 2889 3020 2819 
3 2526 3087 2950 
3 2769 3261 2770 
3 3698 2279 1372 
3 2526 2673 3558 
3 2722 3051 3055 
3 827 1142 1140 
3 2675 3026 2673 
3 3026 2899 2898 
3 2638 2838 2899 
3 2683 2719 2462 
3 2716 2898 2899 
3 3845 1717 3596 
3 2681 3091 2780 
3 3152 3093 2643 
3 2716 2899 2838 
3 2155 3991 2574 
3 3845 3069 1717 
3 2681 2780 2606 
3 2227 3645 2515 
3 3056 1541 2250 
3 2715 2901 3444 
3 2372 3946 3972 
3 2635 2770 2833 
3 2443 3535 2701 
3 3368 61 1782 
3 1308 3370 2209 
3 1975 1717 1441 
3 2953 2785 2954 
3 3807 2007 1962 
3 2842 3031 2954 
3 1909 2424 1646 
3 2955 3098 2841 
3 2842 3033 3034 
3 2279 613 3443 
3 3024 3144 2600 
3 1436 2959 2645 
3 2845 3100 3163 
3 2660 2695 2907 
3 3761 3366 3485 
3 2847 3104 2662 
3 2960 2908 2591 
3 292 3817 1651 
3 1046 2106 3045 
3 3893 3359 2209 
3 2731 2965 3220 
3 2391 2396 3303 
3 2791 3223 2910 
3 2791 2849 3223 
3 3513 873 824 
3 1163 1512 2464 
3 2914 2969 2968 
3 2969 2731 2968 
3 3699 3427 2269 
3 2981 2916 3286 
3 2916 2981 2857 
3 2747 2748 2998 
3 2919 3291 2918 
3 2912 3044 2732 
3 2733 2986 2979 
3 2918 2858 2919 
3 1362 1888 2951 
3 2986 2733 2739 
3 1836 1447 2423 
3 443 3301 729 
3 2859 2924 2927 
3 2901 2531 2386 
3 1893 3082 3364 
3 2323 2328 189 
3 2932 2804 3176 
3 2997 2808 2932 
3 2993 2998 3058 
3 3059 2861 2809 
3 2998 2865 3058 
3 2809 2868 3059 
3 2935 3064 2865 
3 2867 3183 2812 
3 2049 2113 1926 
3 3064 2935 3067 
3 2917 2863 2385 
3 3816 3655 2651 
3 3067 2935 2875 
3 2873 3005 2875 
3 2875 3006 3067 
3 3306 2874 3130 
3 2073 3551 2077 
3 2933 553 3457 
3 2512 3788 2741 
3 958 957 2823 
3 2878 3068 2876 
3 3907 2862 2557 
3 2878 3071 3068 
3 1312 3601 3634 
3 2941 3075 2882 
3 3199 2883 3017 
3 3016 2817 2881 
3 3139 2817 3016 
3 3408 2557 2254 
3 1787 2727 3960 
3 2817 3139 2885 
3 3297 3062 3242 
3 1635 44 3117 
3 2939 1702 2940 
3 3786 2995 3548 
3 3317 2709 2708 
3 3994 3481 1704 
3 2633 2894 2948 
3 3900 3961 1760 
3 3539 3781 3503 
3 3654 2888 3991 
3 3261 3088 2770 
3 2889 3314 3020 
3 1765 3255 1135 
3 2125 3052 3057 
3 2898 3210 3026 
3 1439 361 2765 
3 1135 3254 2351 
3 2833 3091 2897 
3 977 447 3660 
3 3092 3210 2900 
3 3092 2836 3093 
3 2776 3152 2643 
3 1818 3794 3740 
3 2780 3328 3094 
3 3500 2719 2683 
3 3442 3154 2781 
3 3029 2610 2719 
3 2952 2903 2953 
3 2718 2612 2952 
3 2905 2904 3156 
3 3031 2842 3034 
3 3699 2269 1970 
3 2787 2657 3160 
3 2957 2656 3266 
3 3673 3509 2957 
3 3698 613 2279 
3 2958 3569 2659 
3 3735 2730 3220 
3 2503 3165 3677 
3 3677 3396 2503 
3 2398 1365 2097 
3 2849 2660 3164 
3 3174 2854 3531 
3 3220 2965 3269 
3 3286 2916 3114 
3 2968 2697 3274 
3 2965 2731 2969 
3 1842 1563 1557 
3 3482 3503 1517 
3 2972 2974 2971 
3 2971 2974 3047 
3 3492 3425 956 
3 3047 2974 2973 
3 3274 3276 2968 
3 1423 2637 2639 
3 2636 3235 3230 
3 3049 2972 3115 
3 2974 2980 2973 
3 2916 3174 3048 
3 2090 2064 1898 
3 2979 2982 2980 
3 2812 3128 3130 
3 2924 2918 3050 
3 3002 3189 2873 
3 2924 3050 2927 
3 2857 2919 2922 
3 2919 2928 2922 
3 2926 2988 3360 
3 2858 2989 2928 
3 2804 2859 3176 
3 3122 3054 2736 
3 2988 2803 2990 
3 591 663 617 
3 2745 2803 2988 
3 2384 2670 1888 
3 2861 3059 3237 
3 2932 3124 2997 
3 3061 3002 3124 
3 3124 3002 2997 
3 813 2211 2330 
3 1321 753 1315 
3 3272 2685 1794 
3 2812 3130 2937 
3 1523 2524 3788 
3 3457 1881 2933 
3 3005 3006 2875 
3 2590 2433 2658 
3 317 304 854 
3 3005 3008 3006 
3 3134 3008 3005 
3 2887 2760 3019 
3 3540 706 707 
3 1590 1664 1591 
3 3008 3067 3006 
3 2874 3071 2878 
3 2522 3391 2529 
3 3253 3608 3490 
3 3136 3009 2880 
3 3075 2941 3011 
3 3137 3011 3077 
3 3011 2941 3077 
3 3014 2671 3013 
3 2879 1253 1530 
3 2883 2941 2882 
3 2881 2671 3014 
3 2051 2850 561 
3 281 2682 3513 
3 2139 1855 2455 
3 3527 1928 2197 
3 3376 3017 2510 
3 1551 2086 1286 
3 3376 2761 3020 
3 2227 2238 3645 
3 3317 2708 3316 
3 127 866 2241 
3 3590 3973 3476 
3 2709 3317 2891 
3 3000 3786 2058 
3 2986 2926 3358 
3 3023 3319 3143 
3 2360 2063 2057 
3 2131 3601 3597 
3 2827 2766 3259 
3 2766 3147 3259 
3 2766 3207 3147 
3 1151 3262 554 
3 3084 2599 2949 
3 553 3756 3899 
3 3209 3382 2895 
3 827 1677 2464 
3 3183 3181 3485 
3 3088 2833 2770 
3 1979 2738 1377 
3 1192 2496 2805 
3 2799 3568 476 
3 3091 2833 3090 
3 2781 2610 3029 
3 1985 3053 2252 
3 3499 2274 2009 
3 2953 3095 2952 
3 1904 2174 1648 
3 2979 3049 2798 
3 3458 2344 2050 
3 2350 3192 1203 
3 2954 3031 3097 
3 3157 2688 3096 
3 1228 3395 3133 
3 2840 130 1497 
3 2162 2126 2090 
3 3032 1491 3813 
3 3392 2787 3507 
3 3908 3526 1818 
3 3160 2844 3508 
3 2515 1304 392 
3 2659 3569 2846 
3 2907 2695 3102 
3 2483 3363 2830 
3 2693 3294 234 
3 2614 3154 2904 
3 1300 1928 3561 
3 1162 3180 2050 
3 3940 2886 409 
3 885 1697 32 
3 2914 3276 3108 
3 2971 3047 3169 
3 3000 2995 3786 
3 3048 3587 3114 
3 3634 3681 2459 
3 2973 2980 3116 
3 651 1799 653 
3 1493 424 2831 
3 2607 1557 1286 
3 3158 2566 2569 
3 3291 2919 2981 
3 3465 3108 3279 
3 3529 3817 30 
3 3122 2699 2985 
3 2858 2928 2919 
3 3482 599 3501 
3 1764 3368 96 
3 1500 1481 1359 
3 3122 3177 3054 
3 3308 3073 3080 
3 2989 2740 2930 
3 2744 2931 3125 
3 3124 2932 3295 
3 707 75 1258 
3 3179 2803 2861 
3 2373 1202 3910 
3 2669 2880 2668 
3 691 2270 3725 
3 80 1331 1943 
3 3183 2867 3125 
3 82 3863 2035 
3 3002 3061 3189 
3 3940 3936 2886 
3 2987 2352 3528 
3 3272 1794 3560 
3 3004 2876 3072 
3 3051 2724 2108 
3 3195 3013 3135 
3 3391 2872 1943 
3 1943 1331 3391 
3 3189 3132 3134 
3 3246 3135 2755 
3 3134 3005 2873 
3 3071 2874 3306 
3 1253 2153 3323 
3 3008 3194 3067 
3 125 3994 1704 
3 1235 1236 2855 
3 3009 3136 3310 
3 3704 3650 413 
3 2757 2755 3135 
3 2213 880 620 
3 3007 2620 3009 
3 3187 3011 3074 
3 3075 3011 3187 
3 3011 3137 3074 
3 2769 2418 2602 
3 1489 1496 3101 
3 3013 3195 3014 
3 3016 2881 3014 
3 2941 3199 3077 
3 697 1247 694 
3 2879 158 1253 
3 1496 600 3101 
3 3469 3468 3339 
3 3831 3148 2583 
3 3980 3553 3272 
3 2710 276 3537 
3 2585 2537 2295 
3 3316 2708 2707 
3 1630 2415 1369 
3 1624 2837 2224 
3 3534 3592 3362 
3 3206 2825 3432 
3 3103 2507 2805 
3 2948 2894 3663 
3 3557 3084 3087 
3 3326 2634 2895 
3 2600 3144 2409 
3 2112 3051 2391 
3 2723 2954 2785 
3 3210 3327 3026 
3 3944 477 1602 
3 2776 2715 3721 
3 1152 1727 2768 
3 3437 2248 3701 
3 2396 2391 3051 
3 2515 392 2227 
3 3500 2683 3094 
3 1781 3021 569 
3 3127 3244 3417 
3 3029 2719 3500 
3 3118 3117 1901 
3 2783 2778 1727 
3 2228 3039 1709 
3 2952 3385 2718 
3 2296 429 2025 
3 2954 3097 2953 
3 1507 2843 3802 
3 3264 2955 3157 
3 3185 2865 3064 
3 124 1658 1841 
3 2399 2433 2590 
3 3098 3449 2841 
3 3526 3908 678 
3 2424 2690 1646 
3 3507 2787 3160 
3 3756 1805 3903 
3 2846 3569 3268 
3 1096 1899 3265 
3 3268 3100 2846 
3 3266 2725 3217 
3 2344 1162 2050 
3 2982 2986 3358 
3 2284 3885 737 
3 3688 3580 3686 
3 2209 3359 2202 
3 225 1627 553 
3 2346 2164 2124 
3 125 474 1701 
3 2914 2968 3276 
3 3112 2971 3282 
3 3282 2971 3169 
3 2976 1815 3502 
3 3048 3114 2916 
3 2973 3116 3173 
3 2974 2972 3049 
3 2980 2982 3116 
3 3477 3116 2982 
3 2804 2932 2808 
3 2651 417 3816 
3 3233 2985 2856 
3 2754 2722 3055 
3 3531 2854 3292 
3 3448 3389 3099 
3 1233 1462 1296 
3 3291 3050 2918 
3 3122 2985 3233 
3 3003 2183 3001 
3 957 1484 1209 
3 3293 3814 2234 
3 2865 2998 2935 
3 2859 3121 3176 
3 85 495 1107 
3 2932 3236 3295 
3 3178 2931 3054 
3 3182 3418 3599 
3 3872 2558 2832 
3 3297 3237 3059 
3 2184 1264 3348 
3 3242 3062 3004 
3 2201 1941 1637 
3 3358 3360 3860 
3 1287 1312 3866 
3 2796 1548 3332 
3 2868 3004 3062 
3 3128 2812 3183 
3 3127 3189 3061 
3 1928 611 2197 
3 3004 3072 3191 
3 3483 3212 3214 
3 2877 3004 2868 
3 3936 3940 3932 
3 2182 1389 2201 
3 807 2593 1448 
3 3620 2504 1749 
3 3068 3071 3193 
3 1631 1628 1318 
3 3310 3007 3009 
3 2876 3068 3072 
3 431 430 266 
3 3008 3134 3194 
3 3068 3193 3252 
3 3075 3136 2880 
3 1377 786 1979 
3 3074 3137 3253 
3 3014 3195 3196 
3 3198 3014 3196 
3 3195 3545 3196 
3 1861 574 3955 
3 3313 3014 3198 
3 3014 3313 3016 
3 1467 2995 860 
3 3767 3139 3016 
3 2139 2455 2773 
3 3376 3020 3377 
3 2174 1904 2977 
3 3377 3020 3314 
3 3319 2891 3712 
3 2714 2899 3026 
3 2825 3144 3321 
3 1866 2208 1861 
3 2827 3259 3146 
3 2773 2469 1844 
3 2767 3149 3208 
3 3096 2688 2905 
3 2949 3087 3084 
3 3326 2895 3382 
3 3675 3790 3452 
3 3482 3501 3010 
3 3080 3085 2983 
3 2833 3088 3090 
3 3568 3803 1647 
3 3210 3092 3498 
3 3154 3442 3263 
3 2904 3154 3263 
3 1342 3854 1355 
3 3380 2353 3912 
3 3095 2953 3215 
3 1283 356 1281 
3 2752 2773 1844 
3 2185 3503 1884 
3 2204 3118 1901 
3 3099 3031 3034 
3 3566 3033 2906 
3 1839 1559 2093 
3 3311 3190 3706 
3 3920 1355 3854 
3 1622 2142 439 
3 3451 3569 2958 
3 3164 2907 3394 
3 712 1882 1044 
3 2908 2960 3454 
3 589 603 1649 
3 3218 3735 3220 
3 708 130 2840 
3 3140 3960 3467 
3 2660 2907 3164 
3 3102 3459 3838 
3 2530 3467 1345 
3 3676 3396 3677 
3 32 1697 1429 
3 3455 3221 3511 
3 3105 2960 2962 
3 3105 3104 2960 
3 2636 3230 3497 
3 1797 2655 2374 
3 2849 3164 3514 
3 890 3361 1811 
3 3263 3779 3563 
3 2223 3300 1141 
3 2752 2722 2754 
3 1089 3444 3095 
3 2849 3514 3223 
3 2021 3423 2637 
3 3276 3044 3464 
3 3576 3222 2852 
3 2879 2340 3159 
3 3282 3281 3112 
3 3116 3287 3171 
3 3173 3116 3171 
3 1677 2963 1872 
3 314 3821 2786 
3 2981 3286 3227 
3 873 2682 1177 
3 2648 2551 3861 
3 2858 2740 2989 
3 2980 3049 2979 
3 3115 3290 3049 
3 3082 2490 3351 
3 3049 3354 2856 
3 2972 2971 3115 
3 3232 3001 1864 
3 2616 3803 3841 
3 3233 2856 3354 
3 2496 1192 520 
3 2212 3788 1512 
3 2382 2644 2110 
3 3266 3217 3954 
3 1941 3273 1637 
3 2932 3176 3236 
3 3179 2861 3237 
3 2565 2257 2872 
3 2724 2722 2734 
3 3339 3341 3469 
3 2931 3414 3125 
3 3036 1836 2423 
3 3899 3791 3457 
3 3288 2073 226 
3 3599 2993 3058 
3 2882 2669 2625 
3 1771 2083 1791 
3 3788 2524 1512 
3 3599 3058 3182 
3 3780 3832 227 
3 3242 3004 3243 
3 3004 3248 3243 
3 3004 3191 3248 
3 3189 3127 3184 
3 3968 2627 3460 
3 3417 3187 3184 
3 1749 2270 2264 
3 3189 3184 3074 
3 3184 3187 3074 
3 3067 3190 3547 
3 1327 1635 1331 
3 3189 3074 3132 
3 3068 3252 3072 
3 3072 3251 3191 
3 1341 669 3865 
3 3312 3072 3252 
3 3051 2722 2724 
3 3074 3253 3132 
3 3253 3194 3132 
3 3775 348 922 
3 2360 3262 1458 
3 3198 3196 3251 
3 2576 1461 2003 
3 3132 3194 3134 
3 3195 3135 3545 
3 3251 3426 3198 
3 3426 3313 3198 
3 2655 2121 2641 
3 2773 2455 2469 
3 3309 3487 3369 
3 3199 3609 3077 
3 3288 3582 1303 
3 3767 3430 3139 
3 827 2524 62 
3 3430 2887 3019 
3 3320 3205 2946 
3 3502 1369 1648 
3 3320 3318 3205 
3 1228 3133 2691 
3 2673 3327 3558 
3 3320 2946 3206 
3 3292 3533 3591 
3 3379 3617 2764 
3 2894 3617 3663 
3 3146 3714 3024 
3 2893 3260 3207 
3 3051 2108 2396 
3 3083 3084 3325 
3 1811 3037 2383 
3 3320 3432 3614 
3 3558 3087 2526 
3 3439 3090 3088 
3 3091 3090 3439 
3 3562 3092 3093 
3 416 2280 2282 
3 2964 528 2038 
3 3094 3328 3213 
3 3623 3721 2715 
3 2717 1680 3027 
3 2904 3263 3329 
3 1904 1369 2415 
3 3156 3216 3096 
3 511 3919 1557 
3 3373 3667 1506 
3 3097 3215 2953 
3 3216 3157 3096 
3 2652 2842 2954 
3 3097 3031 3099 
3 3098 2955 3264 
3 3034 3033 3566 
3 3503 3482 2440 
3 3566 2906 3392 
3 615 2470 612 
3 1779 958 3901 
3 3163 2844 2845 
3 3268 3452 3100 
3 2676 3265 1899 
3 3037 3303 1016 
3 3102 2910 3459 
3 358 262 344 
3 3269 3218 3220 
3 2754 1848 2139 
3 1630 1369 1627 
3 94 102 71 
3 3037 1811 2391 
3 2131 276 3601 
3 3654 2322 2888 
3 3041 3270 3043 
3 3164 3394 3511 
3 1847 516 2099 
3 2962 3044 3274 
3 2613 48 1103 
3 3342 3341 3339 
3 251 520 629 
3 2965 2969 3337 
3 3995 3627 3840 
3 3516 3108 3276 
3 1350 1328 3852 
3 3108 3337 2969 
3 819 2593 807 
3 3465 3337 3108 
3 1931 1927 1756 
3 3497 2328 2330 
3 2396 1496 1494 
3 3342 3169 3173 
3 3224 3342 3225 
3 3993 523 3886 
3 3047 3173 3169 
3 3502 1805 1369 
3 3225 3342 3173 
3 3333 3570 3453 
3 3938 593 3782 
3 2254 2261 3155 
3 3337 1385 2965 
3 3171 3225 3173 
3 3171 3172 3225 
3 3172 3285 3226 
3 2971 3112 3284 
3 3115 3404 3290 
3 3172 3171 3287 
3 1202 1198 3140 
3 3291 2981 3227 
3 2982 3357 3477 
3 3291 3478 3050 
3 127 2241 3073 
3 1537 2879 1530 
3 3292 2922 2928 
3 3177 3122 3233 
3 2722 2752 2734 
3 3222 3576 3629 
3 925 2284 910 
3 2990 3592 2988 
3 3240 2930 2993 
3 2051 3460 2370 
3 3240 2989 2930 
3 3594 2989 3240 
3 2931 3178 3414 
3 3297 3541 3237 
3 3639 3587 3588 
3 3972 3946 1037 
3 2950 3087 2949 
3 3296 3127 3061 
3 3408 3907 2557 
3 570 676 639 
3 729 3301 3150 
3 3067 3547 3064 
3 2865 3185 3182 
3 1394 44 1110 
3 3007 3365 3247 
3 1131 3089 2214 
3 3130 3128 3366 
3 3246 3545 3135 
3 3023 3143 3379 
3 3130 3366 3306 
3 3007 3310 3651 
3 1908 2481 3851 
3 3548 1150 3786 
3 3369 3071 3306 
3 3985 106 3267 
3 3193 3071 3369 
3 3490 3194 3253 
3 1720 366 1994 
3 1005 733 994 
3 3852 1328 3848 
3 3072 3312 3251 
3 3312 3426 3251 
3 3190 3311 3547 
3 3052 2125 1826 
3 1809 2128 1509 
3 1646 678 2976 
3 3199 2941 2883 
3 3017 3610 3199 
3 1802 141 977 
3 3019 3139 3430 
3 3192 3180 2341 
3 2095 2362 1563 
3 2891 3317 3712 
3 3506 2373 1100 
3 3133 447 2691 
3 2213 3546 3030 
3 3616 3971 3690 
3 3531 3292 3591 
3 2372 1987 3946 
3 3024 3714 3144 
3 146 3851 2481 
3 3446 3972 2362 
3 3181 3183 3125 
3 3358 3860 3357 
3 1027 3993 3943 
3 3775 1497 130 
3 3433 437 762 
3 2715 3444 3623 
3 1563 1567 511 
3 429 2296 424 
3 664 1260 2189 
3 1648 1369 1904 
3 3329 3723 3156 
3 2905 3156 3096 
3 3215 3097 3724 
3 3449 3217 2956 
3 3228 3048 3174 
3 644 1805 3756 
3 3954 3217 3331 
3 1354 3151 3403 
3 3110 691 2632 
3 2908 3454 3270 
3 3221 3222 3629 
3 1293 1559 3380 
3 3223 3514 3577 
3 125 1701 3994 
3 3576 2852 3277 
3 620 1637 2213 
3 3281 3339 3468 
3 3341 3342 3224 
3 3115 2971 3284 
3 3224 3400 3340 
3 3281 3282 3339 
3 3282 3169 3342 
3 1416 3423 2021 
3 3225 3226 3347 
3 3303 2396 1494 
3 3936 3831 2583 
3 1941 2201 2444 
3 3228 3587 3048 
3 3481 844 106 
3 3350 3227 3286 
3 3350 3286 3114 
3 3116 3477 3287 
3 3600 3296 3295 
3 2927 3479 3121 
3 3227 3478 3291 
3 3570 2921 2917 
3 3173 3047 2973 
3 3533 3292 2928 
3 1581 1602 2762 
3 3592 3360 2988 
3 3658 2331 3654 
3 3411 3176 3121 
3 3214 1402 3483 
3 1236 1235 981 
3 3413 3594 3240 
3 3177 3647 3178 
3 1520 399 2677 
3 3179 3237 3362 
3 1925 1672 1919 
3 738 3918 118 
3 3920 3639 3588 
3 3125 3414 3415 
3 2308 595 1273 
3 3550 2684 564 
3 3366 3705 3309 
3 3244 3127 3296 
3 3134 2873 3189 
3 2350 2402 1949 
3 3127 3417 3184 
3 3182 3185 3420 
3 3185 3064 3547 
3 3602 3136 3187 
3 3136 3602 3310 
3 3191 3307 3248 
3 3366 3309 3306 
3 3369 3306 3309 
3 3191 3251 3307 
3 3196 3307 3251 
3 2579 372 956 
3 3422 3193 3489 
3 3253 3137 3608 
3 3058 2865 3182 
3 116 1993 3710 
3 1727 915 2783 
3 3767 3313 3426 
3 697 3909 3911 
3 3714 3321 3144 
3 1803 2939 1353 
3 3610 3017 3376 
3 1692 2820 2911 
3 1569 2786 328 
3 2944 3431 3378 
3 3315 3316 2887 
3 3763 1498 351 
3 3614 3318 3320 
3 2283 1377 2738 
3 2707 2887 3316 
3 3432 2825 3321 
3 1046 1826 2106 
3 2888 2574 3991 
3 3113 3649 1146 
3 2623 2759 2624 
3 2229 1154 355 
3 3989 234 2892 
3 2893 3324 3260 
3 3324 3083 3556 
3 3757 3178 3810 
3 3325 3556 3083 
3 3326 3382 3717 
3 3261 3827 3088 
3 1672 854 1919 
3 2161 1140 1884 
3 3092 3718 3498 
3 3669 3562 3152 
3 3776 3094 3213 
3 1141 1146 2223 
3 3351 2490 2494 
3 3095 3330 1089 
3 3237 3541 3362 
3 3097 3099 3388 
3 3264 3157 3785 
3 3448 3034 3566 
3 3494 2342 3793 
3 3027 336 1141 
3 336 342 1141 
3 3163 3100 3452 
3 3049 2980 2974 
3 3104 3453 2960 
3 3677 3792 3676 
3 3155 2261 2566 
3 2696 2731 2730 
3 3627 2967 3043 
3 3269 2965 3572 
3 1921 2424 1384 
3 3572 2965 1385 
3 3459 3223 3577 
3 3276 3274 3044 
3 1727 1152 832 
3 3464 3044 2912 
3 3279 3108 3516 
3 3279 3516 3397 
3 3338 3341 3340 
3 1764 2003 1431 
3 3224 3340 3341 
3 1399 1589 1680 
3 3468 3471 3281 
3 3471 3585 3343 
3 2524 827 2464 
3 3345 3284 3343 
3 3172 3287 3285 
3 2225 2229 355 
3 3350 3349 3227 
3 3091 3439 3328 
3 3225 3347 3400 
3 2872 2257 1943 
3 3284 3404 3115 
3 1107 2942 85 
3 2938 2796 3066 
3 674 969 3750 
3 3151 425 3896 
3 2139 2773 2752 
3 2982 3358 3357 
3 3050 3478 3479 
3 2826 2507 3103 
3 3810 862 3757 
3 2690 933 232 
3 2928 3594 3533 
3 3881 1602 1581 
3 309 2443 2701 
3 3327 3210 3498 
3 3605 3978 3307 
3 3592 2990 3362 
3 2866 3968 2051 
3 1380 1479 1575 
3 2534 1330 2532 
3 1657 854 1384 
3 2204 3364 3118 
3 3869 3310 3602 
3 3243 3541 3242 
3 3181 3125 3415 
3 175 3086 2959 
3 1950 2826 1962 
3 3182 3420 3418 
3 925 201 3298 
3 3183 3485 3128 
3 3637 3748 3473 
3 1146 1433 2223 
3 2316 2888 2869 
3 20 1589 18 
3 933 931 232 
3 3547 3420 3185 
3 3709 2627 3466 
3 3190 3194 3488 
3 719 2855 1236 
3 2163 2089 2242 
3 2923 1993 3720 
3 3349 3641 3806 
3 3421 3489 3193 
3 1698 3188 3983 
3 2976 3502 1909 
3 3608 3137 3425 
3 1798 2554 2383 
3 1856 770 2261 
3 3722 126 3770 
3 3016 3313 3767 
3 3425 3077 3609 
3 3555 1308 1604 
3 3662 1100 2373 
3 3192 2341 1203 
3 3010 2440 3482 
3 1796 226 2516 
3 3314 2889 3769 
3 393 376 432 
3 1245 1855 1549 
3 3073 3308 2212 
3 3073 2212 127 
3 1100 1096 3506 
3 3326 3717 3827 
3 3259 3147 3496 
3 2347 2358 2790 
3 2120 2108 2724 
3 3381 3207 3260 
3 2948 3149 2767 
3 2754 2139 2752 
3 2131 2118 530 
3 3855 3851 146 
3 3615 2558 3872 
3 3619 3213 3328 
3 2353 1559 1839 
3 3500 3094 3776 
3 3778 3152 3721 
3 3295 3296 3124 
3 3354 3049 3290 
3 3723 3329 3780 
3 176 213 161 
3 3215 3330 3095 
3 2161 2420 2151 
3 3723 3216 3156 
3 3216 3785 3157 
3 2265 1062 2884 
3 1699 2244 1953 
3 3449 3264 3892 
3 2342 824 2393 
3 3978 3726 2603 
3 922 3656 3705 
3 2844 3731 3508 
3 1280 2353 2087 
3 1246 583 3807 
3 3510 3628 3456 
3 587 3734 1606 
3 530 3537 2131 
3 3277 3396 3512 
3 1589 20 1680 
3 1628 1631 2862 
3 2555 2384 1888 
3 3516 3276 3515 
3 3063 1994 2774 
3 2913 2967 3335 
3 3335 3464 2912 
3 3465 1385 3337 
3 3276 3464 3515 
3 3431 3495 3877 
3 3338 3398 3341 
3 3400 3524 3635 
3 3540 1258 1070 
3 3672 862 3810 
3 3402 3473 3641 
3 3402 3401 3473 
3 1569 2477 2173 
3 3402 3349 3401 
3 3349 3350 3401 
3 3281 3471 3343 
3 1454 2278 413 
3 3525 3404 3345 
3 3226 3285 3476 
3 3476 3347 3226 
3 3174 3530 3228 
3 3806 3227 3349 
3 3227 3806 3644 
3 3759 3542 3543 
3 3644 3478 3227 
3 1215 1351 1243 
3 3486 2942 2317 
3 3177 3233 3647 
3 1402 3484 3483 
3 3176 3411 3236 
3 1039 3384 3896 
3 3696 3479 3478 
3 1735 2384 2555 
3 3455 3165 3221 
3 3879 1266 3356 
3 3242 3541 3297 
3 3929 3599 3418 
3 3067 3194 3190 
3 1322 581 2290 
3 1467 1279 2127 
3 1657 1384 1923 
3 2558 3615 2564 
3 450 296 324 
3 3817 840 1651 
3 1027 1006 482 
3 3128 3485 3366 
3 3651 3365 3007 
3 383 540 11 
3 2424 1923 1384 
3 3458 1678 2929 
3 2995 1467 3548 
3 3695 2551 2533 
3 3770 126 2076 
3 521 2051 2370 
3 1909 3502 2174 
3 1844 2469 1536 
3 3767 3426 3493 
3 3425 3137 3077 
3 3765 3493 3312 
3 1535 3805 2864 
3 3376 3377 3610 
3 3314 3554 3377 
3 937 1535 3065 
3 517 519 1305 
3 3438 2322 1301 
3 2447 1855 2139 
3 3822 3317 3316 
3 3769 3378 3431 
3 1604 1308 2209 
3 1534 3319 3712 
3 1332 3690 3689 
3 3206 3432 3320 
3 3141 61 746 
3 3263 3442 3779 
3 3146 3259 3434 
3 2583 2886 3936 
3 3208 3149 3436 
3 3434 3714 3146 
3 1498 3239 351 
3 3557 3325 3084 
3 3087 3558 3557 
3 3326 3827 3261 
3 1563 511 1557 
3 3439 3088 3828 
3 1839 2611 2353 
3 3439 3619 3328 
3 1917 3841 3803 
3 3363 2483 3359 
3 38 1699 355 
3 3964 706 3022 
3 3263 3563 3329 
3 3782 3216 3723 
3 2991 2994 3231 
3 32 1429 146 
3 3508 3507 3160 
3 3731 2844 3163 
3 3333 3735 3570 
3 262 329 344 
3 3270 3627 3043 
3 2907 3102 3838 
3 3954 3673 3266 
3 3217 3449 3331 
3 3104 3333 3453 
3 3995 3335 2967 
3 3392 3507 3505 
3 3232 1864 2644 
3 239 3201 3197 
3 2802 2189 1260 
3 3781 725 2654 
3 1942 1812 1936 
3 2886 2315 2028 
3 3588 3646 3649 
3 2724 2734 2120 
3 544 618 558 
3 3397 3465 3279 
3 3688 3398 3580 
3 3539 3503 2185 
3 476 3584 3103 
3 3400 3635 3340 
3 3469 3341 3398 
3 2868 3062 3059 
3 3471 3468 3518 
3 373 1282 2830 
3 3063 2774 3203 
3 3980 3272 3560 
3 3473 3401 3639 
3 435 3682 3856 
3 3476 3973 3347 
3 2112 2117 3055 
3 3343 3585 3345 
3 3719 3888 3619 
3 3590 3287 3477 
3 3590 3476 3287 
3 3174 3531 3530 
3 2942 1411 318 
3 2469 2173 2477 
3 3505 3729 1050 
3 3085 1196 1541 
3 2889 2822 3378 
3 3233 3409 3647 
3 3594 3591 3533 
3 3178 3647 3810 
3 3595 3295 3236 
3 1606 3475 587 
3 3240 3929 3413 
3 3599 3929 3240 
3 1384 300 1921 
3 3244 3296 3600 
3 2076 719 987 
3 2128 1809 457 
3 3812 3246 3365 
3 1918 1664 1875 
3 3857 3921 1932 
3 3602 3187 3417 
3 3243 3542 3541 
3 3605 3307 3545 
3 2701 1921 309 
3 447 977 141 
3 3226 3225 3172 
3 2121 3232 2644 
3 2141 3267 3025 
3 3369 3487 3421 
3 3252 3193 3422 
3 3745 3631 3517 
3 2331 2322 3654 
3 521 1305 519 
3 2234 2525 1697 
3 2909 2342 2393 
3 1275 1024 1280 
3 3256 708 2840 
3 234 1494 1489 
3 3317 3822 3712 
3 419 3614 3432 
3 2885 3139 3019 
3 1305 521 2370 
3 3847 3918 738 
3 769 3470 774 
3 1070 1258 75 
3 193 258 250 
3 3663 3149 2948 
3 3916 3748 3847 
3 3617 443 3663 
3 3192 2050 3180 
3 3207 3381 3496 
3 3829 3558 3327 
3 1235 1507 981 
3 3830 3669 3152 
3 3232 2680 3003 
3 3912 2353 1280 
3 3232 3003 3001 
3 3945 486 3562 
3 3780 3329 3563 
3 1666 1566 1703 
3 196 1832 1306 
3 3175 1194 2915 
3 2734 2752 1844 
3 1956 1583 2136 
3 3099 3389 3388 
3 3566 3504 3448 
3 1541 867 1653 
3 1321 1908 3851 
3 3545 3307 3196 
3 3509 3956 3626 
3 3566 3392 3505 
3 2975 3231 2994 
3 3691 3638 3749 
3 562 226 2073 
3 221 3550 564 
3 2117 1848 3055 
3 651 3456 3628 
3 3221 3629 3511 
3 460 776 2890 
3 3575 3277 3512 
3 336 3027 20 
3 3742 3464 3335 
3 3335 3905 3742 
3 3517 3631 3398 
3 1228 1520 3256 
3 3398 3340 3517 
3 3340 3635 3517 
3 3398 3338 3340 
3 3633 3469 3688 
3 3398 3688 3469 
3 3400 3347 3524 
3 3018 1975 674 
3 3521 3637 3473 
3 1141 634 1146 
3 3638 3641 3473 
3 3473 3639 3521 
3 323 759 3915 
3 3344 1264 2802 
3 3917 1315 753 
3 2021 503 1416 
3 3585 3640 3345 
3 3525 3345 3640 
3 3402 3641 3349 
3 3669 3830 1634 
3 141 407 2691 
3 3285 3287 3476 
3 3525 3589 3404 
3 1451 1330 741 
3 2184 3866 2459 
3 3590 3477 3695 
3 3589 3693 3290 
3 2455 2173 2469 
3 3923 2525 3644 
3 2302 2308 3148 
3 3646 3531 3591 
3 2490 1281 3241 
3 3121 3479 3411 
3 3534 3861 3592 
3 2342 2909 3793 
3 3595 3600 3295 
3 3791 3899 3676 
3 3414 3757 3415 
3 3417 3760 3602 
3 3929 3863 3413 
3 3627 3995 2967 
3 3244 3600 3417 
3 3878 747 1636 
3 2003 1461 2506 
3 3284 3345 3404 
3 315 3545 3812 
3 3193 3369 3421 
3 3420 3871 3418 
3 2038 2647 2964 
3 2250 1948 3289 
3 2469 1240 1536 
3 3561 75 79 
3 1921 2701 2424 
3 1436 2645 1126 
3 3145 3138 2155 
3 828 3693 3589 
3 3488 3490 3657 
3 2450 1321 1315 
3 3608 3549 3490 
3 548 449 499 
3 3252 3422 3312 
3 3549 3657 3490 
3 922 1485 700 
3 865 554 3262 
3 3492 3608 3425 
3 1834 2970 2664 
3 1834 1457 2970 
3 1315 3917 3916 
3 3610 3609 3199 
3 1263 1264 326 
3 3430 3767 3768 
3 2922 3292 2854 
3 3683 3743 3684 
3 1986 3142 3885 
3 1981 1154 1715 
3 3143 3319 1534 
3 383 368 540 
3 3545 3246 3812 
3 3259 3715 3434 
3 3798 924 1036 
3 3381 3260 3881 
3 3475 1606 2921 
3 407 414 399 
3 143 813 2328 
3 3439 3665 3619 
3 3496 3381 3990 
3 3557 3558 3826 
3 2975 2994 2161 
3 1218 1130 2183 
3 2877 2876 3004 
3 3494 3793 1385 
3 2940 1367 3707 
3 2802 1263 2189 
3 3509 3673 3956 
3 3507 3508 3625 
3 3731 3625 3508 
3 3039 2222 1709 
3 3453 3570 2917 
3 487 3214 2004 
3 706 54 707 
3 3676 3512 3396 
3 3512 3676 3899 
3 3680 3510 3456 
3 3456 651 3680 
3 3726 1754 2603 
3 2533 2523 3695 
3 3679 3838 3999 
3 2904 3329 3156 
3 3515 3742 3744 
3 3995 3905 3335 
3 3465 3397 3909 
3 3516 3515 3684 
3 3686 3580 3631 
3 3518 3633 3632 
3 2074 1006 1256 
3 3524 3848 3635 
3 2862 3370 1628 
3 2360 1458 2063 
3 3752 3585 3518 
3 3854 3521 3639 
3 3103 3584 2826 
3 3404 3589 3290 
3 3354 3693 3859 
3 3354 3290 3693 
3 3924 3696 3644 
3 3644 3696 3478 
3 3357 3695 3477 
3 2199 2443 309 
3 1634 2794 3879 
3 854 855 1384 
3 1475 3170 1748 
3 3411 3479 3809 
3 3591 3594 3808 
3 3808 3413 3928 
3 3362 1434 3534 
3 3324 3883 3944 
3 3777 1067 3889 
3 3595 3976 3600 
3 3955 3956 3673 
3 3760 3417 3600 
3 3543 3542 3248 
3 3602 3760 289 
3 3428 1372 460 
3 854 1657 1919 
3 3310 3869 3651 
3 3259 3496 3715 
3 3905 1225 2961 
3 3857 3640 3921 
3 3702 3418 3871 
3 3705 3487 3309 
3 3449 3098 3264 
3 3816 3420 3311 
3 1805 1815 1224 
3 3706 3190 3488 
3 3608 3492 3549 
3 3197 3466 2925 
3 2125 605 906 
3 3428 579 3698 
3 1970 1075 105 
3 3235 2266 1126 
3 3312 3493 3426 
3 1646 2690 847 
3 2483 2202 3359 
3 2202 2483 1890 
3 3610 3984 3609 
3 3819 3425 3609 
3 3984 3610 3377 
3 3430 3768 3659 
3 156 1541 1653 
3 3967 68 1877 
3 646 1670 2036 
3 3759 2603 386 
3 1917 3568 856 
3 1584 2925 2179 
3 3988 3379 3143 
3 3208 3436 3382 
3 1283 2490 3082 
3 2225 3126 1492 
3 3881 3260 3324 
3 3881 1581 3381 
3 1917 3803 3568 
3 3265 1202 3506 
3 3664 3556 3325 
3 3204 3265 2676 
3 3500 3776 3777 
3 3773 3327 3498 
3 3152 2776 3721 
3 3619 3776 3213 
3 3427 3699 1959 
3 3896 425 1599 
3 3950 3623 3444 
3 1743 1745 1592 
3 3782 3835 3216 
3 2734 1524 1831 
3 3985 3841 1917 
3 3264 3785 3671 
3 3624 3449 3892 
3 2862 3532 2557 
3 2524 2464 1512 
3 3566 3505 999 
3 1752 2647 2038 
3 880 1953 881 
3 3509 3626 3451 
3 3451 3626 3569 
3 3736 3511 3394 
3 2700 2994 2991 
3 2700 2991 1872 
3 954 1278 1241 
3 3455 3511 3736 
3 1877 68 3022 
3 3736 3677 3455 
3 3270 597 3627 
3 3815 1393 3733 
3 880 881 620 
3 3629 3738 3511 
3 3838 3459 3999 
3 3138 1290 2155 
3 2835 2025 3784 
3 3347 3973 3524 
3 3514 3740 3577 
3 3747 3686 3685 
3 3576 3575 3842 
3 2101 2678 3802 
3 3744 3684 3515 
3 3743 3909 3397 
3 3516 3743 3397 
3 3685 3686 3631 
3 1635 2522 2529 
3 227 2231 3383 
3 593 3671 3785 
3 2214 35 2222 
3 3517 3969 79 
3 3636 3748 3637 
3 1935 3598 1399 
3 1624 2224 1916 
3 1692 110 3443 
3 3585 3752 3640 
3 3947 3778 3948 
3 3691 3751 3641 
3 1330 2534 741 
3 3439 3828 3665 
3 799 239 1136 
3 2840 1228 3256 
3 3695 2523 3590 
3 3530 3531 3646 
3 447 141 2691 
3 3409 3233 3354 
3 3662 847 1100 
3 3809 3479 3696 
3 386 1754 1998 
3 3236 3411 3595 
3 2320 2642 2245 
3 2909 3895 3793 
3 2178 2135 2134 
3 2351 1649 846 
3 1135 2351 846 
3 3542 1434 3541 
3 3929 3418 3702 
3 3650 3181 3868 
3 2917 2851 597 
3 3249 3959 1175 
3 1075 1970 2269 
3 1246 2564 1249 
3 3543 3248 3307 
3 3501 3003 3010 
3 2859 2927 3121 
3 2792 366 1720 
3 3311 3420 3547 
3 3892 3671 2262 
3 3421 3487 3656 
3 3109 2826 3584 
3 1293 3386 1847 
3 141 414 407 
3 2023 3235 2636 
3 3792 3897 1881 
3 414 3822 3315 
3 1893 1283 3082 
3 3769 3431 3877 
3 3497 2330 1421 
3 3714 990 3321 
3 3145 1685 1249 
3 1253 3323 1530 
3 3080 3073 2241 
3 1286 1557 3919 
3 3109 2832 2826 
3 3315 3659 414 
3 3990 3715 3496 
3 1581 3990 3381 
3 3556 3883 3324 
3 3149 3663 3771 
3 3556 3664 3883 
3 3880 3382 3436 
3 3497 1421 2636 
3 3239 429 424 
3 1385 694 3494 
3 3717 3886 3827 
3 747 425 1354 
3 486 3718 3562 
3 3619 3888 3776 
3 3778 3830 3152 
3 2436 3598 3564 
3 2822 2889 2819 
3 1832 2074 3166 
3 3680 1175 3959 
3 2929 1678 702 
3 2680 2440 3010 
3 3566 999 3504 
3 3389 3448 3504 
3 439 3204 1622 
3 3360 3592 3860 
3 2297 1966 2332 
3 2357 3960 1198 
3 3331 3728 3954 
3 261 439 1345 
3 2927 3050 3479 
3 3104 2847 3333 
3 1404 2237 143 
3 3680 651 3840 
3 3469 3633 3468 
3 3570 3735 3475 
3 3793 3572 1385 
3 3164 3738 3514 
3 3573 3575 3512 
3 3688 3746 3800 
3 3796 3576 3842 
3 2224 2532 1330 
3 3575 3741 3842 
3 3800 3846 3632 
3 3969 3517 3635 
3 3633 3800 3632 
3 3690 3518 3689 
3 3636 3637 3918 
3 3518 3632 3689 
3 3848 3524 3852 
3 3690 3752 3518 
3 3473 3749 3638 
3 3433 762 2557 
3 3637 3521 3853 
3 2664 2970 3231 
3 2991 3231 2970 
3 3789 2650 2335 
3 1274 1702 368 
3 3973 3692 3524 
3 3530 3588 3587 
3 3641 3751 3806 
3 3592 3861 3860 
3 3590 2523 3754 
3 2449 2450 1315 
3 3886 523 3827 
3 3357 3860 3695 
3 2199 309 3598 
3 2975 2664 3231 
3 1066 3012 292 
3 3638 3691 3641 
3 3928 3413 3863 
3 1223 1427 3858 
3 3784 2579 2835 
3 3542 3759 1434 
3 2060 2035 3702 
3 3415 3868 3181 
3 1354 2238 747 
3 3485 3704 3761 
3 1114 2275 3728 
3 3705 3761 1484 
3 3982 3421 3656 
3 3655 3706 3818 
3 3076 328 948 
3 1041 1869 3429 
3 956 372 3492 
3 3425 3819 956 
3 3984 3377 3554 
3 2995 3000 860 
3 3495 3614 419 
3 419 3432 3713 
3 3380 1559 2353 
3 831 1011 923 
3 1888 1362 823 
3 429 3784 2025 
3 437 2261 762 
3 1286 3374 1551 
3 3771 3436 3149 
3 2108 2120 1195 
3 922 700 3775 
3 3826 3664 3557 
3 1067 3719 3353 
3 881 1932 620 
3 2511 2307 2310 
3 2125 906 1826 
3 3826 3558 3829 
3 3829 3327 3773 
3 1998 661 386 
3 3498 3718 3773 
3 38 2244 1699 
3 3938 3934 1567 
3 2680 3010 3003 
3 3669 3945 3562 
3 1779 700 958 
3 3113 3588 3649 
3 1198 3265 3204 
3 1164 1794 2685 
3 3891 3388 3389 
3 3725 2632 691 
3 3062 3297 3059 
3 3728 3624 3892 
3 1563 2362 1567 
3 3624 3728 3331 
3 681 416 2282 
3 1629 3837 3626 
3 3625 3729 3507 
3 3815 2618 2317 
3 3944 1602 3881 
3 1629 3626 3956 
3 3163 3732 3731 
3 175 1649 3086 
3 3569 3675 3268 
3 3452 3268 3675 
3 3454 3453 597 
3 3676 3792 3791 
3 3454 597 3270 
3 1496 2108 1195 
3 3792 3677 3736 
3 3735 3218 587 
3 3269 3572 3895 
3 2032 834 2639 
3 3793 3895 3572 
3 3903 3575 3573 
3 1781 569 225 
3 2173 2455 1855 
3 3796 3629 3576 
3 3138 3145 1249 
3 3631 3745 3844 
3 3844 3685 3631 
3 79 3745 3517 
3 515 1423 2639 
3 3747 3746 3688 
3 229 200 217 
3 3686 3747 3688 
3 2555 1888 3175 
3 2564 3615 3138 
3 1678 3458 2050 
3 3847 3748 3636 
3 3748 3917 3749 
3 3473 3748 3749 
3 254 199 2398 
3 3637 3853 3918 
3 1240 938 1536 
3 1476 2576 2003 
3 3521 3854 3853 
3 3855 3691 3749 
3 2794 3947 1024 
3 1646 2976 1909 
3 3854 3639 3920 
3 3751 3923 3806 
3 3582 3288 1796 
3 3318 3614 3495 
3 3589 3525 3640 
3 1794 1164 1798 
3 3754 3973 3590 
3 931 3582 1796 
3 2112 1506 2117 
3 3409 3354 3859 
3 3085 1541 2983 
3 3769 2889 3378 
3 3672 3647 3409 
3 242 409 2028 
3 309 1921 300 
3 1799 651 1194 
3 3976 3809 2576 
3 3003 3501 3025 
3 3730 1704 3481 
3 3982 3489 3421 
3 490 3214 487 
3 3655 3818 351 
3 2106 1826 906 
3 1834 2664 2655 
3 3705 3656 3487 
3 3816 3311 3655 
3 2352 543 542 
3 1467 865 3548 
3 348 3982 3656 
3 3706 3657 3818 
3 3422 3489 1499 
3 1499 3765 3422 
3 646 904 1670 
3 372 3549 3492 
3 3672 1981 1985 
3 3575 3576 3277 
3 3888 3719 1067 
3 832 3649 3646 
3 2083 1103 1791 
3 423 719 1236 
3 819 807 1864 
3 2057 543 2987 
3 1534 3712 141 
3 3822 141 3712 
3 177 1537 3323 
3 1649 2351 3086 
3 2128 3143 1534 
3 3988 3617 3379 
3 2574 2888 2316 
3 443 3771 3663 
3 1617 1613 1916 
3 1697 2525 1429 
3 3829 3773 3887 
3 3718 3887 3773 
3 110 1692 2911 
3 2036 1670 1341 
3 3665 3719 3619 
3 1998 3079 1738 
3 2083 2110 807 
3 3948 3778 3721 
3 958 2823 3901 
3 7 2781 3777 
3 2828 2315 1273 
3 342 634 1141 
3 3779 3832 3563 
3 3170 1985 2252 
3 3779 1656 3832 
3 534 3330 3724 
3 2033 3648 3757 
3 3830 3778 3947 
3 3554 3314 3769 
3 1675 2350 1681 
3 1602 477 480 
3 1327 44 1635 
3 3950 3948 3623 
3 733 1242 994 
3 2063 3981 3462 
3 2866 3729 3625 
3 1131 2214 2458 
3 3892 2262 3728 
3 3163 3790 3732 
3 3626 3837 3675 
3 3218 3895 587 
3 850 1917 1176 
3 3394 2907 3958 
3 3510 3680 3959 
3 3794 3459 3577 
3 3999 3459 3794 
3 2302 3142 1588 
3 2197 611 1131 
3 3756 3903 3573 
3 1604 2209 2202 
3 3740 3794 3577 
3 2023 2266 3235 
3 1306 3374 2806 
3 2071 2104 2000 
3 3733 1393 3730 
3 3683 3909 3743 
3 3224 3225 3400 
3 1957 3158 2054 
3 3747 3966 3746 
3 2201 323 2182 
3 3800 3746 3799 
3 3800 3799 3846 
3 3689 3632 3846 
3 3847 3636 3918 
3 1374 828 194 
3 2603 3759 3978 
3 2350 1675 3192 
3 2805 2496 2799 
3 2328 813 2330 
3 3855 3749 3970 
3 414 3659 399 
3 762 2261 2254 
3 3923 3751 3691 
3 3861 1434 1420 
3 2323 143 2328 
3 3922 3692 3973 
3 2781 3029 3777 
3 2603 1754 386 
3 2565 86 2257 
3 3530 3646 3588 
3 1404 143 2323 
3 3640 3857 194 
3 3859 3693 828 
3 2241 3085 3080 
3 3927 1461 2576 
3 3538 2649 1729 
3 1541 3056 2983 
3 3646 3591 3925 
3 3910 3794 2373 
3 2788 1748 3170 
3 3453 3454 2960 
3 1723 1402 1404 
3 3810 3647 3672 
3 3648 3415 3757 
3 3540 3250 281 
3 3214 490 1402 
3 2447 2139 1848 
3 3809 3976 3595 
3 3760 3600 3976 
3 3412 739 3150 
3 403 395 3554 
3 3675 3569 3626 
3 3736 3897 3792 
3 1796 3288 226 
3 3307 3978 3543 
3 903 3651 3869 
3 3545 315 3605 
3 3761 3704 1484 
3 3631 3580 3398 
3 3763 3657 3549 
3 126 3722 3470 
3 3763 3549 372 
3 586 632 507 
3 3321 990 3713 
3 969 674 686 
3 1916 2224 1330 
3 3873 3493 3765 
3 3767 3873 2677 
3 3767 2677 3768 
3 3984 3554 395 
3 3717 3993 3886 
3 3124 3296 3061 
3 2229 1715 1154 
3 3715 3990 2153 
3 3143 2128 3987 
3 1441 2525 2234 
3 3887 3825 3826 
3 2579 704 2835 
3 3617 3988 3299 
3 3585 3471 3518 
3 3215 3724 3330 
3 518 1192 2805 
3 3374 1286 3919 
3 1273 595 2085 
3 2325 1999 2030 
3 3825 3883 3664 
3 3899 3457 553 
3 3664 3826 3825 
3 3826 3829 3887 
3 3890 2054 3937 
3 3828 3827 523 
3 2636 3941 2023 
3 3506 1202 2373 
3 1306 1832 1551 
3 486 622 3718 
3 3518 3468 3633 
3 3985 850 106 
3 1632 3710 1993 
3 622 477 3825 
3 903 3753 416 
3 1656 3779 3442 
3 1646 847 678 
3 3832 3780 3563 
3 3723 3780 3833 
3 2340 1537 177 
3 3330 534 1089 
3 1847 1671 516 
3 1888 823 3175 
3 3892 3264 3671 
3 1415 615 1682 
3 3505 1050 999 
3 3650 3485 3181 
3 3505 3507 3729 
3 3688 3800 3633 
3 3955 3673 3954 
3 1127 2866 3625 
3 3988 2059 3299 
3 1461 1717 3069 
3 1178 1261 1336 
3 3837 3789 3675 
3 3735 587 3475 
3 3898 2727 3467 
3 3394 3958 3736 
3 3867 401 289 
3 3900 3838 3679 
3 476 3103 2799 
3 3838 3958 2907 
3 2805 2799 3103 
3 3510 3959 3249 
3 3529 1639 840 
3 3485 3650 3704 
3 2155 2574 3145 
3 3627 3680 3840 
3 3999 3794 3910 
3 3628 1194 651 
3 2727 3898 3960 
3 1881 1333 752 
3 3844 3965 3685 
3 2469 2477 1240 
3 820 177 3323 
3 79 75 3745 
3 1334 1149 1115 
3 947 882 1074 
3 1981 3672 1154 
3 1530 3323 1537 
3 2558 2268 2832 
3 3746 3966 3799 
3 2805 2507 518 
3 3917 3970 3749 
3 2771 1223 3858 
3 3916 3917 3748 
3 3851 3855 3970 
3 239 1584 1722 
3 3532 3433 2557 
3 1354 425 3151 
3 3692 2487 3852 
3 3162 2601 1280 
3 3855 3923 3691 
3 3640 3752 3921 
3 3192 3979 2050 
3 2890 3428 460 
3 3640 194 3589 
3 1944 3588 3113 
3 1672 317 854 
3 837 3409 3859 
3 1434 3362 3541 
3 3332 3607 2896 
3 1506 3361 3373 
3 3713 3432 3321 
3 958 700 1485 
3 3414 3178 3757 
3 3868 3415 3648 
3 1389 2182 1095 
3 3929 3702 2035 
3 885 2729 3293 
3 3759 3543 3978 
3 3249 3628 3510 
3 3365 3651 903 
3 2523 2533 1709 
3 399 3768 2677 
3 3099 3034 3448 
3 2161 1884 2420 
3 482 1006 2074 
3 1567 1037 3938 
3 2121 2655 2975 
3 3491 646 2036 
3 2648 1439 1709 
3 2244 38 1374 
3 2420 2440 2680 
3 3434 3715 2720 
3 395 2678 3984 
3 3717 3880 3993 
3 409 2331 3940 
3 141 1802 1509 
3 3353 3719 3665 
3 622 3887 3718 
3 3761 3705 3366 
3 3777 3776 3888 
3 1877 323 3915 
3 3950 3444 1089 
3 2405 2398 199 
3 3836 3388 3891 
3 1248 565 158 
3 2262 1114 3728 
3 3728 2275 3954 
3 1722 1127 3732 
3 1136 3732 3790 
3 3732 1127 3625 
3 3789 1676 3675 
3 1917 850 3985 
3 1629 3956 574 
3 1676 3790 3675 
3 2477 3076 3126 
3 2033 2027 1454 
3 3453 2917 597 
3 1834 2655 1797 
3 3900 3679 3961 
3 3668 1354 3403 
3 2483 969 1890 
3 3744 3683 3684 
3 2357 1787 3960 
3 1283 1893 1608 
3 2253 1670 904 
3 653 3840 651 
3 368 1044 1882 
3 3738 3908 3740 
3 1805 1224 3903 
3 2557 762 2254 
3 844 3025 3267 
3 3683 3911 3909 
3 75 707 3844 
3 3763 351 3818 
3 1750 1323 1397 
3 1306 3889 196 
3 3747 3965 3966 
3 289 3760 3867 
3 3799 3915 3846 
3 3848 1328 3969 
3 2491 1469 2402 
3 3406 2828 2085 
3 3771 3849 3436 
3 54 3965 707 
3 304 855 854 
3 828 3589 194 
3 1855 1245 2173 
3 3672 3409 837 
3 11 22 1381 
3 3924 3809 3696 
3 2002 3808 260 
3 316 2184 1257 
3 3738 3740 3514 
3 260 3808 3928 
3 3927 2576 3809 
3 1484 1485 3705 
3 126 3470 3720 
3 3832 1656 2231 
3 3976 3867 3760 
3 2576 1476 3976 
3 1649 1138 846 
3 903 3869 289 
3 2703 1389 1095 
3 1350 3852 2487 
3 3365 903 2065 
3 3605 2056 3978 
3 2798 3049 2856 
3 3816 3871 3420 
3 1520 1228 2691 
3 2680 2121 2151 
3 1832 196 2074 
3 1107 1411 2942 
3 3873 3765 1505 
3 3168 435 3957 
3 3704 3219 1484 
3 3609 3984 3819 
3 3769 3877 3554 
3 44 1901 3117 
3 3271 3550 221 
3 1475 1454 2027 
3 423 419 3713 
3 423 3713 990 
3 3299 443 3617 
3 3715 2153 2720 
3 1624 2830 2837 
3 1608 2204 1901 
3 2826 2832 1962 
3 3990 1581 820 
3 1142 827 62 
3 523 3353 3665 
3 3849 3771 3322 
3 3993 3880 3943 
3 3430 3315 2887 
3 3436 3943 3880 
3 3852 3524 3692 
3 3883 3825 3944 
3 110 2279 3443 
3 3665 3828 523 
3 3825 3887 622 
3 1499 1505 3765 
3 675 2830 1613 
3 3833 3780 227 
3 1844 1524 2734 
3 3888 1067 3777 
3 1024 3912 1280 
3 1886 1887 1845 
3 3777 3889 7 
3 366 1738 1994 
3 2204 1608 1893 
3 3724 3836 534 
3 3834 3782 3723 
3 2202 1299 1604 
3 3411 3809 3595 
3 1506 1848 2117 
3 739 1006 3322 
3 2655 2641 2374 
3 561 1050 3729 
3 574 3956 3955 
3 1416 495 2943 
3 1299 2202 1890 
3 1136 3790 1676 
3 1209 413 2278 
3 3163 3452 3790 
3 3736 3958 3897 
3 3792 1881 3791 
3 261 3467 2727 
3 1136 1722 3732 
3 1195 2120 1831 
3 3949 3836 3891 
3 3573 3899 3756 
3 2011 2157 2277 
3 342 1355 28 
3 2595 2439 2509 
3 661 1998 1738 
3 3704 413 3219 
3 401 1476 1764 
3 30 3742 2961 
3 3908 1818 3740 
3 678 3908 3796 
3 3650 3868 1454 
3 3969 3635 3848 
3 1759 1454 1475 
3 3836 3724 3388 
3 54 3966 3965 
3 707 3965 3844 
3 3967 3966 68 
3 1649 603 3708 
3 3799 3966 3967 
3 2112 2391 1811 
3 1122 978 1241 
3 2647 1752 2032 
3 3689 3846 3915 
3 3318 3495 3431 
3 759 3689 3915 
3 2110 2644 1864 
3 759 1332 3689 
3 323 2201 1637 
3 753 3970 3917 
3 118 3918 3853 
3 3504 3891 3389 
3 3971 3752 3690 
3 3920 3588 1944 
3 3301 2059 1814 
3 205 116 786 
3 2487 3692 3922 
3 3964 68 54 
3 2002 3925 3591 
3 1072 3582 2097 
3 3530 3587 3228 
3 837 3859 828 
3 3232 2121 2680 
3 719 3824 987 
3 2908 3270 3041 
3 3860 2551 3695 
3 2002 3591 3808 
3 521 2850 2051 
3 1738 366 661 
3 619 2864 3797 
3 1142 3539 2185 
3 143 144 813 
3 1454 413 3650 
3 1656 7 2806 
3 1798 1164 2554 
3 3863 3929 2035 
3 2862 1631 3532 
3 3812 3365 2065 
3 1436 1126 3977 
3 3754 3922 3973 
3 3938 3782 3834 
3 3924 1717 3927 
3 1439 2648 361 
3 1498 3763 372 
3 3515 3464 3742 
3 2678 3819 3984 
3 399 3659 3768 
3 840 3817 3529 
3 1520 407 399 
3 3111 3110 2632 
3 3818 3657 3763 
3 1499 3489 3982 
3 3702 3871 2060 
3 3877 3495 973 
3 3143 3987 3988 
3 622 486 480 
3 3714 2720 1556 
3 1980 1892 1930 
3 3322 3771 443 
3 3714 1556 990 
3 3714 3434 2720 
3 837 43 1154 
3 1434 3861 3534 
3 43 355 1154 
3 2644 2641 2121 
3 3731 3732 3625 
3 1138 2058 1765 
3 3944 3825 477 
3 477 622 480 
3 832 1152 1433 
3 1869 1872 2970 
3 2028 409 2886 
3 1634 3945 3669 
3 2083 1771 2110 
3 2033 3757 862 
3 3623 3948 3721 
3 1374 194 3857 
3 3629 3908 3738 
3 3835 593 3785 
3 2792 1420 366 
3 2850 1050 561 
3 2641 2644 2374 
3 2374 2644 2382 
3 3955 3954 2275 
3 543 2057 2063 
3 2315 2583 2308 
3 1676 3789 2335 
3 3475 2921 3570 
3 597 1175 3680 
3 3900 3958 3838 
3 3960 3898 3467 
3 855 300 1384 
3 515 2639 834 
3 1435 1577 1525 
3 1225 3905 653 
3 2961 3742 3905 
3 3657 3706 3488 
3 1227 678 3842 
3 678 3796 3842 
3 1702 2939 1044 
3 3742 30 3744 
3 694 3909 697 
3 3966 54 68 
3 3964 54 706 
3 2689 814 3913 
3 2228 1709 1439 
3 1439 3060 2763 
3 1439 2763 2228 
3 2084 2453 2452 
3 2084 2452 2416 
3 2453 2084 2013 
3 1740 1659 1778 
3 2281 2133 2387 
3 3903 1224 3741 
3 3741 3575 3903 
3 1224 3842 3741 
3 1224 1227 3842 
3 25 15 17 
3 2962 3274 2697 
3 2662 3105 2697 
3 2962 2697 3105 
3 3905 3995 653 
3 3840 653 3995 
3 601 3998 525 
3 524 3997 598 
3 524 3998 3997 
3 3999 3910 3961 
3 3679 3999 3961 
