ply
format ascii 1.0
comment VCGLIB generated
element vertex 10000
property float x
property float y
property float z
element face 19996
property list uchar int vertex_indices
end_header
4.946679 11.83883 27.20426 
-53.25156 66.62086 -57.37522 
-52.33184 67.68629 -57.76817 
-51.78732 68.18266 -56.80949 
-53.65689 68.14505 -57.29238 
-52.50983 68.62965 -56.93618 
9.320346 63.52861 37.34053 
-51.6503 67.25689 -56.70159 
-52.65556 66.36111 -56.94947 
-54.82412 66.56476 -56.15026 
-55.70237 66.70352 -55.54048 
-52.79133 66.58363 -55.56616 
-55.1635 68.55767 -56.10182 
15.35399 -31.43815 10.61971 
-54.31298 69.07027 -55.95436 
-53.28404 69.03689 -54.92593 
-57.4039 59.07553 -55.1264 
-56.45774 58.83719 -54.56408 
-54.45093 65.87933 -54.36774 
-30.26239 64.82652 6.255872 
-55.51389 67.78401 -55.99025 
-56.50169 69.28183 -54.2123 
26.92537 -7.79347 19.06653 
-45.73667 -46.2379 7.310397 
-57.07263 60.06504 -54.7346 
-20.7112 -29.45083 10.67259 
2.964733 17.68417 29.56676 
-50.26321 74.76315 -54.78569 
30.94254 -46.457 7.233088 
-58.69883 58.76864 -54.23018 
-57.13528 58.32691 -54.25431 
-58.48321 59.76096 -54.63813 
-58.00095 60.94434 -53.9172 
-56.4971 66.13459 -53.96668 
-57.53368 66.79901 -53.55538 
-31.27757 -45.80779 7.144376 
-53.08402 68.31107 -54.3312 
18.47061 -52.78874 9.784589 
-52.53021 74.58131 -54.01609 
-51.33474 75.22267 -54.54648 
-56.90975 59.38204 -53.0584 
-59.90807 59.80336 -52.99799 
28.19032 -45.54906 7.381458 
7.723261 11.83262 27.00614 
-40.57909 -28.2862 10.76474 
-56.9347 68.255 -54.49015 
-49.24158 74.16599 -53.93269 
-50.60986 73.70854 -53.71557 
-22.24605 2.948148 25.23998 
-8.424448 19.01347 30.04087 
28.59169 -6.744048 18.885 
-49.8216 75.92976 -53.98021 
32.47121 -26.97476 10.01356 
7.405867 18.99782 29.37909 
-20.51172 -6.335889 19.53589 
-56.08297 69.87285 -53.00841 
-51.95506 73.78208 -53.58805 
32.97844 -25.56917 10.74706 
22.62692 51.4946 25.2523 
-54.46904 74.63866 -52.75943 
12.88017 -24.67287 11.07342 
-49.95573 75.70131 -53.00722 
7.074614 20.93071 29.9175 
-59.91476 61.16537 -52.72627 
-12.44211 13.63189 28.05875 
-8.76443 21.44523 30.43281 
-53.50327 66.59291 -54.45406 
-53.95449 68.62145 -52.75787 
-54.27769 69.34422 -53.00743 
5.412942 13.82868 28.1013 
-50.19224 73.82682 -52.86635 
-51.1833 76.39635 -53.39939 
-57.20852 59.23823 -51.73183 
-31.67485 -5.411816 19.47135 
34.4745 -22.17234 9.874785 
-13.64251 13.05798 26.86694 
-56.81089 60.65643 -53.42966 
-59.29917 66.95916 -50.99019 
-54.99823 68.99155 -50.9365 
-50.81956 75.35589 -52.21496 
-55.10863 75.38293 -51.89825 
-53.54697 75.52779 -53.32499 
29.94108 -3.755769 18.854 
-40.65796 -43.46948 8.507585 
-51.13393 76.25132 -51.94449 
10.67617 22.56322 28.96489 
-58.16533 58.26653 -52.70919 
33.53028 -21.54587 11.03655 
-56.66597 60.2353 -51.91965 
13.41658 -3.692978 20.0736 
14.36776 -19.96551 12.3727 
-58.74726 65.83919 -50.7607 
-16.54276 -3.546171 19.29129 
-22.13429 -19.55646 10.36429 
-53.48225 76.25697 -52.62863 
3.88571 44.79167 35.12038 
-56.05047 65.3529 -51.56469 
-55.24611 65.83722 -51.67333 
-58.23366 69.14755 -51.92894 
-51.792 73.08939 -52.12067 
30.02979 -2.327908 18.96712 
-55.73961 73.9619 -51.37632 
-42.9939 -18.27635 11.25948 
-13.80073 -2.2011 19.18616 
-59.78394 58.80117 -51.28247 
-57.23624 61.92123 -52.17642 
-58.02372 62.30384 -52.08307 
11.76485 25.25053 29.00956 
30.51516 -0.786882 19.13614 
-57.45485 69.92528 -51.66971 
-56.12791 69.83584 -50.21341 
-54.34269 73.56143 -52.28971 
-24.63753 -15.77312 10.71659 
32.73938 -15.46367 9.857741 
-52.31289 73.68577 -49.7886 
-42.17442 -14.72938 9.997568 
-52.94394 76.64645 -52.05058 
-34.04549 -1.731646 19.66603 
-60.25446 62.83336 -49.84623 
-24.37255 -13.98028 11.02491 
-56.3231 65.6965 -49.22114 
-55.85361 72.74197 -50.58831 
-53.59843 72.29398 -51.04342 
-41.5929 -13.89448 10.01986 
-52.79115 72.65264 -50.58701 
-52.27279 76.65646 -51.52989 
-12.14495 15.48994 27.36244 
-60.64605 59.64639 -50.54158 
-56.51662 60.46814 -49.75188 
-40.56639 -13.08433 10.12836 
-59.8689 63.62261 -48.16207 
-58.91398 62.62079 -51.24935 
-56.91474 64.91235 -50.26931 
-15.45583 26.72537 27.74248 
32.17812 -12.94783 10.42804 
-26.66125 3.255365 25.00675 
-23.76575 -11.99176 11.14961 
-55.02743 76.10954 -50.80413 
-51.84518 75.90802 -50.20456 
-24.92152 3.903952 25.76468 
-55.03071 76.40929 -49.27038 
-54.04107 76.33256 -48.78514 
-32.00499 -38.43149 7.074329 
-58.33984 58.57656 -50.98309 
-60.65943 61.41116 -51.17776 
-13.97767 27.22226 29.15301 
-29.64629 -38.90928 7.487607 
-55.7244 66.81713 -49.7384 
-55.18995 68.19743 -50.32007 
-34.32082 -36.90515 6.868766 
-31.57949 15.14108 17.72299 
-56.48347 61.70518 -49.956 
-57.17136 62.83076 -49.40699 
-11.59847 15.48438 27.38133 
-19.50156 4.719923 25.67799 
-60.15874 66.16257 -48.79603 
-59.67259 68.45506 -48.81749 
-10.02576 2.844991 19.21949 
-58.32829 69.77402 -49.7232 
-55.92077 69.53532 -49.19741 
-54.81881 71.41166 -49.51935 
-52.04058 75.50461 -49.18192 
-26.73017 53.96033 24.5267 
0.230264 61.3181 -48.96463 
3.196728 4.145143 18.41699 
5.498879 43.55827 35.5933 
-58.57571 65.14727 -48.70292 
-55.69951 66.46128 -48.5928 
-7.841825 3.734821 17.74131 
-57.32224 72.66699 -49.25001 
-56.94528 74.53267 -49.84361 
-60.97104 59.77969 -47.43823 
-1.839542 60.43225 -48.31836 
-0.741244 60.54118 -48.69674 
1.027299 61.17393 -48.82968 
-1.274412 60.70591 -48.82583 
-1.303645 61.23346 -48.41967 
2.929837 5.478862 20.01938 
-56.30604 61.07438 -48.19569 
-56.6972 62.98577 -48.71252 
-58.97108 63.46284 -48.68988 
-58.39697 64.3932 -48.16544 
12.71697 -6.834936 12.32938 
-56.8553 63.87729 -48.55475 
-57.14898 64.93197 -49.05247 
34.28061 -7.568689 10.60268 
-36.69583 -37.13846 7.649844 
34.67988 -6.622792 9.77017 
-55.61301 70.848 -48.10582 
-52.32879 74.50018 -48.61058 
-58.78232 74.21345 -45.82198 
-15.42024 -5.295409 10.76779 
2.63778 58.99591 -47.7953 
0.827843 60.15876 -47.92534 
-57.17941 59.48761 -47.76965 
3.009938 60.39407 -48.51239 
29.30405 6.32719 19.91058 
23.04639 54.19142 25.13908 
-0.04588289 61.64909 -48.48765 
2.21454 61.39694 -48.37277 
-61.3192 62.83835 -47.75449 
11.74435 -5.543841 9.484075 
-56.17324 64.50468 -48.13039 
-60.50186 65.60735 -47.69424 
-25.30545 -35.56945 8.057073 
-59.61343 69.09493 -47.55225 
-55.99785 70.1511 -48.1206 
-57.08958 70.07653 -48.2601 
-29.90977 -49.82561 25.7015 
1.516019 58.70686 -48.12642 
-1.489198 59.63255 -48.56904 
-61.57388 61.50808 -47.60847 
-9.80827 68.06082 36.89237 
-23.98848 -32.82243 7.435417 
-34.59237 10.92518 18.89247 
-55.69058 62.09482 -47.39441 
-60.09254 64.176 -47.70035 
-56.1922 64.21672 -46.74286 
35.01034 -2.873351 10.53485 
-60.52903 66.81327 -47.70142 
-54.62464 67.13627 -47.1335 
-55.62029 68.30627 -48.27919 
-24.1695 -48.23907 16.93381 
-54.57431 70.39037 -47.26886 
-57.02811 70.92059 -47.38613 
-54.08567 71.59118 -47.65609 
-52.86698 75.03662 -47.38922 
-39.04019 -31.1729 6.981402 
-26.59936 55.50392 24.1283 
-55.78401 76.21335 -47.68273 
-33.56908 12.65024 19.05535 
-58.43422 58.9151 -47.62893 
-21.08067 24.7728 9.626555 
-61.16964 64.32519 -46.92632 
-14.4371 16.01658 27.44889 
-54.80583 66.19031 -46.73157 
-55.01595 69.74654 -47.38781 
-12.26757 16.65806 27.29115 
-10.72948 0.921329 12.1707 
-58.85117 72.25074 -46.4608 
-53.36659 73.12069 -46.81845 
-53.5475 75.58456 -47.22409 
-29.90252 15.63067 19.51943 
-0.3220567 58.66612 -48.16328 
-59.67801 58.94133 -47.3061 
-28.34115 3.940243 24.691 
-56.09694 60.10203 -46.79369 
0.6125171 61.66016 -46.0408 
-62.12933 62.30874 -46.79031 
4.421031 2.818034 10.73573 
-60.53723 69.41596 -46.47503 
13.05994 38.53777 28.7685 
-58.09563 70.37391 -46.8756 
-53.25333 74.89433 -46.19422 
-56.62647 75.91745 -48.44214 
20.60057 18.13758 16.76467 
2.010072 57.95499 -46.01011 
-25.49622 18.9156 19.05217 
-57.75993 58.70864 -46.38165 
-62.05439 60.35781 -46.41063 
3.176727 60.81682 -45.78244 
-61.37815 65.75124 -45.4946 
-61.45409 66.41376 -46.70197 
-54.09527 65.74826 -45.21513 
-21.92889 22.6139 18.7707 
-54.92957 69.56759 -46.18507 
-59.19685 70.94528 -46.06143 
-53.28335 71.68808 -46.22522 
-59.52531 58.41011 -45.9904 
-60.84724 58.69042 -45.99545 
18.0414 23.69761 19.81556 
-16.70726 40.92303 31.50912 
-28.49789 16.00524 19.36012 
-56.07177 60.56263 -45.90186 
-62.00935 62.40302 -45.72773 
-55.10898 62.04259 -45.05595 
-13.41512 18.09663 26.78334 
-52.61856 73.51323 -45.37135 
-1.130428 44.7608 34.76399 
-57.45316 75.78397 -45.34008 
-38.40165 6.531847 10.8588 
-37.32857 8.5523 11.37103 
-20.39657 27.42165 18.69701 
-1.90572 58.40621 -46.04435 
3.52078 58.70753 -45.89959 
-57.53827 58.86683 -45.2753 
-2.73289 59.68296 -46.01324 
-61.69269 59.75684 -45.27766 
7.753767 45.19872 35.39967 
-62.04564 60.83937 -45.29721 
-1.678255 61.41409 -44.51168 
-0.6943791 61.47373 -45.7956 
-61.18378 64.19208 -45.47063 
-61.28854 67.72939 -45.95373 
17.56845 31.0725 21.09637 
-60.99474 68.6559 -45.30617 
-54.35239 69.09377 -44.94302 
30.43221 11.37563 10.49547 
-59.55957 70.7424 -44.91036 
-59.8129 72.56058 -45.42791 
28.98057 -28.98729 7.136412 
-52.49614 75.06677 -45.05651 
-21.53319 -27.85229 6.822563 
15.87061 42.68131 29.37624 
-53.4481 75.22924 -45.76235 
17.92823 32.47042 18.95724 
-49.35255 83.28358 -45.96861 
-48.40613 84.05244 -45.23146 
-0.4402948 57.70478 -45.87885 
0.5829728 47.27432 35.17976 
1.068278 57.19998 -44.96162 
-2.83181 56.96359 -44.58096 
-59.94406 58.54081 -44.90499 
-24.97721 5.897232 25.68511 
-5.304775 60.25095 -43.87076 
3.819894 60.06385 -45.83638 
-41.43387 -52.89941 11.69829 
-28.64324 16.86053 10.94011 
-20.57681 38.17741 19.04014 
19.15978 38.37666 19.50156 
17.85158 -28.47552 7.267408 
-21.55102 39.68259 19.43346 
17.33201 45.42389 29.90711 
-53.78086 66.98105 -44.83299 
18.6 -27.64326 6.843884 
19.93478 39.08264 18.7394 
-54.42147 69.43473 -45.27979 
-26.79774 18.01895 11.17744 
-56.04045 75.81493 -45.47863 
-50.6565 81.71162 -45.46602 
-51.74781 83.09565 -45.17688 
-52.11253 81.56918 -45.09052 
-49.79918 84.27547 -45.45704 
-57.67092 58.51292 -44.11415 
14.66666 -39.56211 18.32968 
-3.531343 46.12119 35.14717 
18.3381 48.43602 29.79134 
-16.36427 6.770357 25.92468 
-2.153612 60.71895 -45.84727 
-20.66371 46.74912 29.41511 
-55.6306 64.10352 -45.23344 
-41.40347 -46.18469 16.90643 
18.12306 24.77589 11.79086 
-52.93861 71.29872 -44.88517 
-59.4686 74.88486 -44.68939 
-55.8138 76.76029 -44.14946 
23.61206 47.15214 19.85989 
15.44026 -31.94943 25.89247 
-0.4535468 56.89172 -43.7372 
4.566322 56.56961 -44.13128 
-13.41466 20.29006 27.90638 
-4.437662 58.79644 -44.73929 
-62.38215 59.99055 -44.10985 
-41.49287 -25.80502 7.12013 
-20.45102 31.19647 10.54907 
19.70333 48.96302 29.5469 
5.37016 60.70267 -43.90229 
-19.74232 32.90969 9.899426 
24.78293 53.93433 19.90938 
25.98267 58.22405 19.11056 
-58.34881 76.19601 -44.37771 
16.1284 -22.4593 7.88723 
-53.65452 76.16101 -44.48362 
-26.52068 6.355697 25.5333 
20.07215 52.9211 30.52043 
31.98251 -25.00761 7.655973 
-53.60001 81.14623 -44.19596 
-48.50996 83.49239 -44.46363 
3.045616 56.49217 -43.34889 
-1.31618 56.64267 -42.58387 
-60.48195 57.73943 -43.27044 
8.690273 64.56754 37.4807 
5.901114 59.09433 -44.33186 
-25.06687 41.91398 10.46484 
-62.19827 59.46633 -43.96407 
2.566086 67.87124 37.61772 
23.82988 41.5097 11.2778 
-55.72615 59.74663 -44.26122 
24.94359 61.74797 19.51629 
2.819209 61.31758 -44.54351 
-62.94544 63.05871 -44.28772 
-62.51646 67.07234 -43.98898 
-53.04155 69.93965 -44.0086 
-52.22894 71.33768 -43.20594 
-59.95333 72.62276 -44.28529 
25.62051 64.96261 19.36491 
-52.51088 79.5586 -44.28493 
-51.57603 80.20266 -44.5924 
-12.81486 -2.556337 16.86938 
26.42554 46.46395 11.11401 
20.10874 57.25483 30.65448 
-49.2305 82.22856 -44.67158 
-49.07429 82.72623 -43.71205 
27.77946 46.66635 10.46111 
-49.26369 84.33079 -44.43344 
-22.82597 56.6295 29.07017 
-51.23925 84.25774 -44.36011 
-27.63585 67.54202 19.89633 
-5.777497 58.46927 -43.3682 
34.04609 47.36573 10.55354 
-4.522526 61.13729 -43.64914 
-0.7656295 62.76877 -44.11853 
-0.1551486 62.82868 -44.36833 
-54.40259 64.76141 -43.76905 
-62.51663 66.00849 -43.31084 
-60.70086 70.32189 -42.5015 
-60.71957 71.51178 -43.33934 
-60.46137 73.29045 -43.11197 
-52.52316 73.52497 -44.00173 
-4.468119 -3.66564 36.01445 
-57.61234 76.12395 -42.55654 
58.71384 76.1525 -43.27827 
-54.1125 76.35287 -43.3656 
57.35923 76.95478 -42.85503 
33.04679 -20.98462 7.01882 
-53.89442 78.20782 -43.67952 
-5.916044 6.950574 25.2861 
52.30758 80.84402 -43.63967 
52.58524 81.63609 -43.70979 
-52.79375 83.24855 -44.12231 
-53.14933 83.11177 -42.57701 
-32.41896 52.306 11.45662 
-61.14901 58.34985 -43.00576 
6.311543 60.91885 -41.88556 
-4.230255 62.152 -41.91753 
-55.12835 63.76171 -42.74503 
1.84518 62.72144 -43.79257 
-62.92149 62.61911 -43.64384 
-61.91829 64.87669 -43.7234 
-20.71198 78.27525 18.22799 
20.27839 77.51797 18.8196 
18.1694 25.94691 15.39606 
-61.64819 69.16368 -43.31349 
-52.15657 72.26807 -43.18218 
59.53794 74.52577 -42.58201 
36.92844 53.65411 11.13949 
-53.19331 75.6138 -43.2316 
57.77254 75.19395 -43.13015 
-56.29421 76.86218 -43.00906 
-53.59003 76.75489 -43.06964 
-50.89968 80.20572 -44.11633 
-51.94861 77.09186 -42.3042 
-49.8132 81.06234 -43.29657 
52.6655 80.33492 -42.66837 
53.71523 79.9027 -42.6968 
51.75909 81.2617 -42.88774 
-23.78029 6.805649 25.49592 
53.55939 80.92372 -43.59689 
-54.31352 81.89568 -43.16572 
-50.61353 83.10501 -42.55801 
-51.24765 83.66427 -42.79056 
36.90267 55.47495 11.14322 
1.562006 55.6916 -41.68103 
-34.0062 56.21938 10.66939 
2.640908 55.10979 -42.00119 
-3.008415 56.30126 -42.92188 
0.9421869 56.88065 -43.85323 
32.40626 -19.43383 6.619017 
4.068122 56.24904 -42.77301 
5.674783 56.59143 -43.05164 
-58.33554 58.1804 -41.44628 
19.82615 19.77786 18.6813 
24.37986 59.45946 24.77746 
-54.56425 62.20988 -41.8589 
-5.644133 61.20707 -42.12835 
-24.97927 -44.36495 16.78176 
-62.63148 63.33136 -42.06052 
-0.9549679 63.04585 -42.69856 
1.740651 63.15238 -42.4272 
-42.80029 -17.79138 6.560339 
-62.52509 66.11059 -41.80808 
-53.95095 68.3723 -43.14233 
-33.43323 58.57758 10.86803 
-52.44768 69.44615 -41.61705 
-52.44167 73.85931 -42.22974 
57.51239 75.58684 -41.66868 
-59.33199 75.18839 -43.09179 
29.67307 -39.95024 19.29722 
-57.19029 77.59367 -42.05579 
54.19312 80.19255 -43.02105 
-55.09786 79.67139 -43.10477 
-14.39035 6.694863 25.20899 
53.72316 82.20093 -43.03729 
18.5073 69.97382 29.75283 
6.113169 56.75317 -41.13288 
30.50457 63.57141 11.10273 
6.854671 57.61454 -42.03433 
-60.73336 58.68237 -41.15808 
-59.42394 58.20331 -42.69372 
-6.378262 58.91386 -41.73407 
-57.29741 58.55988 -41.97694 
7.018376 60.12878 -42.36115 
18.2797 30.61261 18.7811 
-29.59665 64.16232 11.18927 
-19.99805 30.82622 18.15446 
-55.07821 60.3885 -42.16067 
-62.51053 61.44501 -42.44004 
-6.236436 67.6618 37.62928 
27.82331 65.18272 11.59985 
-53.61674 67.96722 -41.64903 
6.327318 87.62487 18.43234 
-52.39016 73.04107 -41.42062 
-59.98208 75.3379 -41.64017 
57.73307 73.88229 -40.29309 
18.13622 28.82097 11.00286 
-57.63215 76.43493 -41.89422 
-14.96111 18.36319 26.64858 
-55.56966 77.2072 -42.592 
-50.40555 79.73654 -41.6374 
-41.79574 -13.42614 7.159931 
-49.86173 81.33413 -42.47441 
53.61634 82.67531 -42.11383 
-26.04678 7.774349 25.42057 
3.381504 55.2135 -42.17964 
-0.9332829 55.35293 -41.29905 
-5.326589 57.25139 -42.66234 
-62.16893 60.15422 -42.36366 
-62.81098 60.89708 -40.99545 
-6.121588 61.94414 -40.68589 
-27.01507 61.27274 25.36809 
3.567851 62.18607 -41.53273 
-2.175222 62.45986 -41.74419 
-11.18748 48.87645 36.82183 
-61.94533 68.75159 -41.72971 
-25.02504 74.54232 10.65865 
-51.34093 74.18359 -41.17361 
-20.30498 5.630044 25.65194 
-57.84053 77.94386 -41.35233 
54.87053 79.46582 -41.917 
-55.59939 80.36066 -41.73934 
55.74248 80.92316 -42.18157 
-51.42524 80.8799 -40.64833 
-54.79325 81.46661 -41.43339 
52.1255 82.10542 -42.42466 
-37.92976 -52.83168 19.86808 
9.288657 49.54046 36.42605 
-2.235337 54.67616 -41.51002 
-34.78414 -52.78764 19.63915 
0.3177346 54.85773 -42.40635 
2.735066 54.33281 -40.86527 
4.079338 55.82603 -40.79572 
15.42235 -52.43412 17.52777 
3.092623 63.2168 -40.64043 
30.45122 -52.40281 20.00118 
-1.013599 63.94707 -41.54946 
-22.38453 -51.22939 19.32897 
-62.61615 66.38423 -40.43775 
-28.55337 70.93943 6.935198 
-52.00184 70.57802 -40.9692 
-61.03441 72.2778 -41.22939 
59.44848 76.79765 -41.27968 
13.7788 -49.1417 19.94087 
9.010117 79.17817 30.16823 
56.17196 79.65088 -41.38046 
-51.96914 82.59789 -41.48036 
3.303014 54.6879 -39.46943 
-4.029343 56.3781 -41.3961 
-5.389268 57.15606 -41.12544 
29.68929 -44.34484 15.99514 
7.31789 58.79604 -40.18229 
-39.1959 -43.53954 17.87127 
9.830008 65.80579 36.34739 
-37.56263 -48.58736 20.67206 
-23.03208 -48.29536 19.8241 
-62.88144 63.27394 -41.01772 
-53.50754 65.5126 -41.83034 
0.2560174 64.12144 -41.40391 
-62.65252 64.65533 -40.62989 
0.1780509 67.53556 37.46839 
-60.79015 73.68249 -40.15178 
-20.86648 8.531208 25.71114 
6.067898 89.11177 11.4087 
-56.30911 78.43998 -41.73298 
-51.06661 78.62077 -40.27351 
53.64955 79.73376 -40.70407 
0.4010988 89.51305 10.89858 
5.5189 81.70306 29.7334 
-40.64283 -6.14878 7.303601 
-11.98798 48.66684 36.04419 
-2.707944 54.78654 -39.5915 
-4.87062 55.69571 -40.29447 
5.695611 56.17876 -40.30189 
6.587676 57.21987 -39.81281 
-55.96458 59.1593 -39.78954 
-54.50072 60.48413 -39.6025 
6.832533 61.46983 -40.2477 
-54.0808 62.02977 -40.24753 
-54.70041 63.61494 -41.56599 
-1.333232 90.57076 11.80831 
-0.02100154 64.44353 -39.1715 
-62.65167 68.60505 -40.25491 
-21.53485 44.95751 27.9654 
59.484 73.06309 -41.31091 
-59.73438 75.02623 -40.13799 
-58.3993 75.86536 -40.82232 
60.5754 75.76284 -41.14947 
-58.21177 77.81008 -40.51241 
-51.03459 77.75097 -41.03977 
29.11479 -41.24836 20.18668 
-56.44362 79.24979 -40.59454 
-53.3384 82.26581 -40.96689 
52.96348 81.70988 -40.17898 
54.57696 82.83017 -41.52451 
1.427086 55.04753 -40.34038 
4.720571 54.24649 -39.12479 
1.81925 2.882744 28.8886 
0.9488785 82.88996 29.43336 
-1.886207 2.50146 40.7949 
7.485004 60.61343 -40.31156 
3.795057 13.63136 28.30625 
14.78999 -40.27101 19.42571 
-2.782768 63.05305 -39.01627 
1.952284 63.90118 -41.1292 
-1.866657 63.96957 -39.20623 
-52.5436 67.36796 -39.53024 
35.06887 -3.087986 7.078088 
22.97653 64.21768 24.40306 
-40.41575 -2.228467 7.249031 
58.55221 72.05834 -39.54078 
16.75299 -53.56893 29.54268 
38.50945 -53.22171 10.66339 
-50.66187 74.82468 -39.94358 
61.35382 75.35615 -39.23449 
58.13985 75.82985 -38.71081 
60.27873 76.46036 -39.19901 
-50.36589 76.86105 -39.86821 
55.48051 77.98311 -38.69124 
30.73234 -37.57107 19.95504 
-51.96977 78.92856 -38.50524 
54.40076 79.03077 -40.28239 
-57.61024 79.07854 -39.27451 
-56.24306 79.6692 -39.98511 
56.30527 82.25294 -40.78326 
48.95275 87.26102 -40.15376 
48.54198 88.14782 -39.74883 
-1.212829 54.5943 -39.0225 
-0.1245815 54.56155 -39.55256 
2.233552 54.38552 -39.5317 
31.14802 -36.02694 20.00843 
38.62698 -51.48104 10.35195 
5.277771 54.77911 -39.08122 
-57.62069 58.66122 -39.82957 
-62.39032 59.74908 -40.37681 
-55.34251 59.30462 -38.27602 
-7.031057 58.72962 -40.22758 
-7.28295 60.94882 -40.05219 
-3.558547 69.35926 37.6087 
-40.54239 -0.7319808 7.483236 
2.844955 63.90086 -38.91411 
-52.93051 65.355 -40.17479 
-62.65136 64.48943 -39.72021 
-2.316638 46.9092 35.21796 
57.4818 74.70132 -38.39086 
-58.96103 75.44621 -39.33948 
-58.69342 76.77568 -38.99769 
58.05989 76.93906 -40.78112 
35.03774 -1.654084 7.429388 
57.46742 80.84789 -40.24922 
50.62807 86.38472 -39.3838 
49.44878 87.81778 -40.27437 
-25.39615 -30.23007 20.75541 
49.48613 88.78157 -39.31072 
-3.417295 54.81956 -38.69673 
-59.68339 58.59136 -39.28096 
21.45933 -46.52216 29.42642 
-40.05366 -30.02002 19.5211 
-6.717909 62.23042 -38.998 
14.6776 -47.08341 30.20943 
32.48868 -30.34052 20.54901 
-62.02066 68.70039 -38.83193 
-51.70765 69.37956 -38.85211 
-61.42757 69.94853 -39.86284 
-61.00183 72.47388 -38.20451 
-52.17929 71.5931 -39.66504 
1.705999 57.14515 39.40374 
-61.24931 74.47544 -38.66468 
-27.35055 -45.19087 10.77697 
56.1819 78.39877 -39.7233 
-43.67928 -44.38993 11.7186 
48.70273 86.98737 -39.24052 
-29.14955 -44.31852 9.709865 
1.007673 54.59065 -38.04503 
-12.11318 57.08994 37.04836 
-4.418611 55.59413 -39.20062 
-5.252113 56.82632 -39.11815 
6.719525 3.289878 7.287319 
5.319579 56.60919 -38.14517 
-7.419725 58.77937 -37.80196 
19.59323 -40.22298 29.46724 
21.64201 -40.30618 29.19992 
33.03503 -27.46383 19.89207 
19.35294 -38.6709 30.27487 
-62.85082 62.13791 -39.49992 
0.937901 -1.40951 44.84147 
-61.55188 69.81282 -38.25639 
-61.41479 71.34733 -39.05153 
61.33305 73.30317 -39.55404 
57.1989 72.9156 -37.80207 
5.415135 3.817733 6.196613 
13.50693 -22.95024 18.07697 
-50.36586 76.68473 -37.22712 
60.09346 76.07901 -37.11869 
33.80521 3.797126 6.882367 
32.87741 -22.26581 19.83605 
-14.40817 19.0234 26.49425 
-52.37188 79.49321 -38.6069 
-38.82043 -40.26091 11.34179 
55.88237 82.75885 -39.06662 
50.13971 85.73776 -38.37723 
2.95123 54.25301 -37.66618 
4.420515 54.18369 -38.27433 
-25.71616 -19.59099 19.01454 
4.589855 55.62984 -37.90404 
-6.419753 57.85711 -38.68767 
-59.50199 58.82066 -36.90354 
7.965202 58.65394 -38.51208 
-62.34443 60.87759 -38.4731 
8.18255 60.58088 -37.17737 
32.15424 -19.14911 19.34631 
-6.556954 63.20499 -37.24892 
4.866944 62.404 -38.71866 
3.952652 62.76167 -38.3516 
-52.12403 64.95516 -37.95169 
-1.890681 65.46275 -37.84044 
25.09779 -36.40348 10.85902 
1.997892 65.63868 -38.20194 
3.29286 65.0031 -37.86679 
-0.8057516 65.80708 -38.17445 
18.75854 -36.31944 29.50035 
-62.33952 66.74382 -38.73328 
-51.23888 67.28114 -37.08353 
-62.0232 67.16656 -37.04341 
19.98776 -35.63749 10.24015 
-50.91952 72.53321 -38.31817 
17.27021 -17.96955 19.52148 
18.37791 -34.3624 10.58827 
57.28212 78.01534 -38.65158 
58.61872 80.17371 -38.27535 
-56.94423 79.58906 -38.20425 
-55.62177 79.93496 -39.00183 
26.98681 -35.31527 11.10976 
-53.9871 79.48221 -37.74036 
54.20653 79.28417 -38.13945 
53.56834 81.32145 -38.48193 
-27.69947 -18.84908 19.83369 
57.77956 81.87526 -38.2814 
54.27693 81.9148 -38.06468 
30.75555 -17.9519 19.34438 
22.13782 -35.13056 11.33713 
48.88414 87.90396 -38.43645 
51.80891 87.63596 -38.8533 
25.2552 -36.17628 29.53078 
24.52935 -34.46297 10.38606 
-6.001686 55.85912 -37.80033 
-57.52935 58.34056 -38.35623 
-61.39146 59.83004 -38.48872 
-53.76675 60.96324 -38.53807 
-29.01107 -18.28353 19.85212 
23.63759 -36.47203 30.11586 
6.670109 62.4935 -37.0042 
-5.860375 6.107886 7.125314 
-63.07626 63.56316 -38.02696 
-30.53733 -17.09641 19.95046 
-62.02721 68.57585 -37.08336 
23.47863 -33.86402 29.71938 
29.42043 -16.9084 19.37884 
57.68669 71.54218 -37.66005 
-40.02808 -32.9379 11.08853 
-37.04562 -16.05755 18.86293 
16.18958 -32.82395 10.70013 
-27.11662 46.41795 17.88439 
-50.48404 77.83353 -38.79605 
-21.61739 -31.80016 11.11125 
51.4546 84.68263 -37.1553 
17.52804 25.41866 18.01846 
-1.723012 54.33193 -37.08502 
-6.124664 48.25994 37.47195 
-40.72635 -30.82193 10.73595 
-4.242934 56.01325 -37.90342 
4.651095 56.23761 -37.23812 
11.04846 49.41304 35.63142 
6.743424 57.30204 -37.84833 
-36.54969 9.500027 7.147696 
26.0119 -15.94699 19.49936 
27.51048 -17.19509 21.14889 
-7.642929 61.10097 -38.38255 
-31.99613 -15.94908 19.58935 
-8.078269 62.02178 -36.72922 
7.34085 61.58546 -37.74301 
-2.965149 63.49942 -37.88229 
32.05533 -28.17481 10.51587 
2.44189 65.76354 -37.54868 
61.86283 72.5893 -37.69979 
57.2311 74.673 -37.3516 
61.99132 73.76476 -37.4519 
-60.01365 75.16619 -38.17417 
-60.39914 74.17818 -37.07625 
61.19077 75.51678 -36.82092 
-59.64529 75.59445 -38.03874 
-59.44158 76.62884 -37.57322 
-57.98424 78.27033 -36.22334 
56.25229 77.16185 -37.45044 
-40.99499 -27.49324 12.53387 
17.12891 81.20225 17.86002 
-57.3224 78.54875 -37.42802 
3.105584 4.088744 29.46488 
-22.16227 24.76383 18.46094 
25.12495 -12.3013 19.65078 
13.25669 -27.45397 10.83039 
-0.4481919 54.24585 -36.75749 
3.152749 54.37536 -36.74234 
2.968587 55.83394 -35.68354 
-6.416914 58.20908 -36.93761 
-57.59928 58.71336 -36.6256 
-61.97115 60.10172 -36.80495 
-60.48059 59.48963 -37.10843 
-20.78028 -24.85525 11.66007 
-8.327601 60.15981 -35.93053 
33.38204 -24.27022 11.7211 
-63.00498 62.43689 -37.95884 
-52.92315 62.75225 -38.19386 
5.530248 63.05586 -36.04066 
-62.51037 64.91194 -37.07363 
-5.215359 63.28262 -38.04313 
24.54784 50.29752 17.87439 
-0.2179651 66.16291 -36.5287 
1.851295 66.02654 -36.21288 
57.92231 70.10818 -36.79707 
60.37728 70.82468 -37.79082 
58.68803 70.75521 -37.65955 
61.50159 70.57227 -36.91821 
33.42004 -23.1485 10.93221 
-50.52177 70.59707 -36.25665 
62.46876 71.88887 -36.27776 
56.34712 74.53826 -36.8854 
-28.23036 -50.79426 10.43496 
-51.70783 77.37447 -36.27409 
-21.50107 -20.72228 11.08324 
57.62883 77.15717 -37.24012 
58.86563 78.74271 -37.54885 
-52.20801 78.30148 -37.22878 
54.8502 78.11366 -36.99385 
-56.11733 78.63821 -36.75308 
-28.40284 16.35001 8.75621 
15.05564 -19.89672 11.39136 
-25.76929 -49.75294 25.75365 
26.12976 15.471 7.792241 
29.978 -37.96006 17.95153 
50.20976 86.66218 -35.39762 
49.64727 87.1824 -37.1269 
49.99734 87.45786 -36.16597 
2.330356 54.39779 -35.98842 
24.1238 16.41831 6.481379 
32.60012 -17.69323 10.84889 
6.966007 57.69703 -36.39614 
23.99752 -10.49271 19.47221 
8.039 59.18427 -36.58625 
-60.79825 60.24026 -35.72837 
24.62311 -9.248124 20.05466 
-21.33983 24.66266 20.39771 
26.69689 -9.231943 19.15679 
-2.164145 65.50095 -36.28632 
-41.41323 -15.28335 11.48967 
17.696 -8.086257 19.50459 
-61.41963 70.40478 -37.21685 
20.31571 37.8913 10.46328 
1.61702 14.6459 29.39293 
56.40944 72.20809 -36.55123 
25.92518 -7.890996 19.79585 
-25.14463 -7.393318 19.64496 
17.05605 24.78366 20.24636 
55.69399 76.5639 -36.6265 
59.30838 76.08356 -36.21296 
58.06196 76.40456 -36.62783 
58.23021 75.72079 -36.89092 
59.2936 78.66227 -36.7003 
-57.44529 78.39366 -35.9317 
23.00276 16.59979 7.476741 
57.00198 82.27198 -36.34333 
52.71524 85.80628 -37.90124 
31.41071 -1.858277 17.4897 
-23.17365 -6.845726 20.01269 
-22.98946 70.06728 24.36214 
50.21611 88.41102 -37.37959 
-21.15257 -11.15305 10.87197 
-5.459064 55.14593 -36.70155 
-5.625051 57.52829 -36.10962 
-19.47324 -9.696627 11.17748 
31.7197 -10.70432 11.0371 
-29.60421 -6.626297 19.73082 
-53.6678 59.95803 -36.44132 
-62.22763 62.46201 -36.15466 
-51.97963 63.59731 -36.26274 
8.031451 61.66761 -36.05762 
4.204553 63.37113 -36.48734 
26.62702 -6.624465 19.80473 
-17.68811 -8.213807 10.61419 
-50.55947 66.81863 -35.40587 
-0.9135079 14.90609 29.79781 
0.1172352 66.62389 -35.94284 
-61.49449 68.67568 -35.69376 
58.58263 69.37493 -35.9962 
59.27834 69.44281 -36.19567 
-40.04884 -6.735284 9.566527 
62.21814 74.47534 -35.53897 
56.16944 73.9724 -35.28173 
54.79836 76.11739 -35.56514 
-21.502 71.21328 25.31256 
20.88135 19.41008 6.700468 
-51.0115 75.76986 -36.09722 
7.622176 7.905797 25.28548 
14.59295 -6.259066 19.12366 
58.85875 76.99021 -35.98325 
-18.81165 40.59097 25.9768 
-1.231862 15.53661 29.90249 
54.59623 78.65906 -36.04837 
54.63353 80.124 -36.32369 
54.87756 81.49658 -36.49778 
-16.43259 -6.67002 11.0379 
13.61365 8.614188 25.7687 
54.04905 86.12038 -36.78054 
51.48151 88.47465 -37.08159 
-1.933608 54.5761 -36.27063 
-1.29135 53.33714 -35.3741 
1.705129 54.28458 -36.33441 
-3.212204 55.74372 -36.34493 
6.023005 56.1953 -36.24005 
6.080863 57.65524 -35.43999 
27.9595 -5.342979 19.56491 
-60.04686 59.88354 -34.8384 
-52.64309 60.85051 -35.74403 
-61.92197 63.08736 -35.03311 
21.06563 71.99963 24.73403 
-7.370082 63.25313 -35.73405 
-4.907433 64.02448 -35.21626 
3.540341 65.25336 -35.78854 
-62.52346 65.72096 -35.76794 
2.306433 66.31796 -35.68774 
-0.7762597 66.3255 -36.06121 
10.4262 -3.543987 10.49117 
-22.17669 9.209567 25.45295 
3.425837 15.80704 29.8668 
-60.12929 74.66511 -35.85884 
-50.23108 75.18063 -37.69477 
-15.6027 -2.60693 19.8127 
-39.62218 -1.080833 12.32519 
-53.26322 77.79039 -36.29527 
-13.66548 -1.865996 10.91187 
-11.70654 10.40482 25.96565 
58.82193 80.97421 -36.62206 
55.4215 81.662 -35.77164 
57.96996 81.87108 -35.63704 
-6.077554 -9.377388 53.82121 
55.29597 85.07892 -35.13977 
55.40528 85.59926 -34.57531 
53.41978 87.49506 -36.3561 
-14.76353 -0.7662398 20.63942 
1.652109 53.11006 -34.85349 
2.172298 53.78554 -35.2561 
-2.124636 54.93509 -35.08439 
-4.497359 55.25865 -35.41254 
-6.27826 57.14109 -34.84197 
-9.150315 8.587225 25.88375 
15.88115 27.08825 7.220349 
-6.99437 58.38124 -35.73272 
-3.661763 -9.805083 53.89256 
-58.58732 58.92729 -36.10898 
-55.6467 58.77293 -35.63006 
-57.68044 58.56173 -35.34644 
-8.057817 59.35395 -35.62901 
-19.55165 28.25226 7.190701 
-51.71747 61.32881 -34.79515 
11.33124 -0.1775404 19.85116 
-51.18321 63.41458 -34.98803 
5.408662 63.84501 -34.19683 
-2.357365 65.82848 -35.73418 
-1.289327 67.44777 -35.53183 
4.734363 2.703041 11.15232 
6.316082 2.420824 10.90823 
2.107658 67.44339 -35.37637 
16.21761 28.759 8.0552 
58.18908 67.76736 -34.6921 
-28.71984 55.84624 17.94539 
59.92686 68.47517 -34.79236 
-11.0248 51.47942 37.42317 
57.22463 70.17874 -35.90395 
62.60535 72.24722 -34.85513 
56.28061 71.69035 -35.50903 
1.991459 3.873069 11.83485 
-52.06414 76.8761 -35.52411 
-50.51353 74.65248 -35.10928 
-20.06078 29.11518 7.708545 
61.09531 75.65813 -35.17945 
60.56059 76.39902 -34.96449 
-1.830839 82.7424 30.05255 
-58.37421 76.90221 -35.3815 
60.08556 77.97974 -34.94938 
-54.66942 78.56853 -36.39684 
-53.6528 77.17731 -34.80691 
54.17978 77.14624 -35.17182 
-55.39964 77.78822 -35.04806 
-38.79271 5.034859 10.64996 
6.923975 17.74728 28.90819 
53.18745 83.69279 -36.05367 
54.07741 84.15156 -36.07516 
-10.93262 2.972552 20.19449 
51.70979 87.83932 -35.33192 
-0.9692193 52.78421 -34.09958 
-17.98698 29.80011 6.876008 
-15.15087 52.08519 36.36298 
-4.506111 54.91212 -34.46612 
-2.445756 55.27139 -35.14041 
2.106873 55.37962 -35.03317 
-4.93414 56.73902 -34.36596 
-18.85893 31.07049 6.656861 
-6.567935 57.53463 -34.80229 
7.967871 58.30276 -34.85019 
-55.33979 58.88039 -34.59087 
-53.27997 59.3064 -35.20356 
-52.43123 59.79083 -34.84169 
-0.7385345 6.905324 11.05289 
-60.91897 61.11558 -34.26156 
32.25394 9.005079 11.03939 
-6.752532 63.74087 -34.19037 
3.909554 66.18449 -35.02446 
30.81057 10.11812 10.03148 
-1.0084 68.40997 -34.72626 
0.6396518 67.78755 -35.5014 
3.074483 67.91382 -34.28458 
1.03837 68.46732 -34.53707 
18.3499 35.54064 6.316617 
-35.19984 11.58873 10.83706 
56.51579 69.35049 -34.83864 
55.49437 71.23866 -34.26601 
61.65604 70.21367 -35.75779 
-61.43817 71.55103 -35.90919 
-60.48914 73.36468 -36.32191 
19.62092 36.69011 7.493396 
30.55297 -36.299 18.09782 
28.12811 13.8846 11.09988 
-51.69029 75.83997 -34.87108 
-59.02072 76.04916 -34.89655 
-5.81295 6.307283 19.71139 
-3.205859 -6.674146 46.19038 
-55.13635 76.5287 -33.54173 
54.61117 80.73408 -34.51336 
55.64497 80.84925 -34.21218 
1.20577 5.827554 19.22939 
52.35725 82.87472 -34.47038 
54.38065 82.82163 -35.16589 
51.18705 84.39989 -36.03598 
25.75151 16.72402 10.93147 
-1.568419 52.90056 -34.68011 
0.6903188 54.34684 -35.45156 
2.558513 54.72452 -33.67298 
-50.4556 56.67456 -34.02077 
-34.49072 6.448216 20.00972 
-52.85526 57.23928 -34.72818 
4.366098 56.33284 -34.0071 
-52.12283 58.38467 -34.96784 
-11.40953 22.72436 29.86538 
17.8794 -49.66701 10.71099 
-51.40555 59.54357 -33.22253 
-8.291581 59.57666 -33.54005 
2.218971 69.75653 37.69419 
-25.21294 41.98959 7.306772 
-25.34552 20.66956 12.93062 
4.308413 64.16284 -34.9545 
-29.56387 59.43324 17.67683 
-3.287824 64.90167 -34.47086 
-61.61522 66.26334 -34.53221 
28.0341 10.71235 19.63339 
26.54929 11.49082 19.64121 
-4.930201 69.07887 -34.51631 
38.50373 -50.043 9.982722 
61.35684 69.2261 -35.06679 
-49.74887 69.76871 -34.217 
-61.02127 70.29429 -34.88859 
-5.105667 70.61684 -34.63327 
-60.1795 72.0369 -33.62185 
-27.09369 44.30169 6.91316 
17.2362 27.42847 19.99513 
-50.51697 74.42908 -34.67286 
62.40472 73.71954 -34.58593 
26.27432 59.27351 17.97166 
54.12313 79.41761 -34.78938 
21.95041 14.64627 19.25001 
59.71149 79.33164 -35.63307 
-20.74849 28.3364 12.01866 
57.49136 81.34393 -33.60303 
54.55859 81.53678 -34.27511 
54.24995 82.35075 -34.71035 
-28.67702 46.03938 7.928192 
52.72475 87.78869 -35.12304 
2.131042 53.00444 -34.08664 
2.153781 54.36808 -34.36357 
3.811598 55.89211 -34.60968 
-55.27436 56.69768 -33.71192 
5.215171 56.62394 -33.41484 
-11.98201 28.59462 30.03146 
-6.063313 57.57653 -33.89453 
7.024535 57.94055 -33.94614 
-6.97778 58.61199 -33.79476 
8.84767 59.82555 -34.55509 
-20.5191 35.5172 11.20322 
-57.39219 59.1945 -33.82964 
-22.49817 48.02508 27.73824 
-8.838462 61.65712 -32.74121 
8.640113 61.94256 -33.55118 
-8.419754 62.81928 -33.27732 
-22.04058 37.24158 10.43749 
7.521398 63.23142 -34.11495 
-61.15314 63.06197 -33.90555 
5.004254 64.49352 -33.12012 
-24.60752 18.30274 21.14959 
-3.861752 67.02279 -34.09535 
4.356333 68.21098 -33.46725 
-2.686585 67.283 -34.52217 
-3.411968 69.21295 -34.06382 
-11.16113 30.18851 30.63989 
62.58057 69.23346 -33.61225 
-60.32728 70.33438 -33.08699 
-6.70218 70.83389 -34.17405 
-21.84641 23.90468 19.97047 
63.5373 71.96365 -33.07452 
-7.417863 71.52274 -33.64426 
17.15101 24.32182 20.11045 
-49.52559 73.63436 -33.58627 
54.11406 74.98567 -34.04446 
-27.2327 43.26328 12.79087 
-51.42539 74.13241 -32.76558 
-59.87072 74.03504 -33.82827 
53.94751 77.16003 -34.23648 
55.73248 82.60382 -33.91776 
53.44738 87.19291 -33.47348 
0.7232504 52.51119 -33.07706 
1.654861 52.48167 -33.6388 
0.07389048 53.83183 -34.01528 
-3.972585 54.18457 -34.23206 
-2.843982 53.27652 -33.06021 
-4.250329 54.19105 -33.23651 
-51.2354 55.8728 -34.10387 
4.188224 55.5896 -33.24517 
-49.85497 56.03248 -32.94433 
-50.17186 56.86874 -33.32618 
-55.4318 58.50979 -34.18424 
-39.66263 52.82952 7.511063 
-57.88636 59.5271 -33.48138 
-50.21825 62.22026 -34.18045 
-48.11752 64.76514 -32.33516 
-4.084255 64.52161 -34.04867 
-49.34252 65.91183 -33.63766 
-19.68565 34.24902 18.06664 
35.21012 49.12449 10.76132 
-4.313669 66.79884 -32.96945 
4.529284 66.59952 -33.40704 
13.85365 10.80736 25.72312 
58.36648 67.16353 -33.69522 
-61.79549 67.9254 -33.78402 
-20.09751 36.54672 18.57019 
4.096907 69.21481 -33.17847 
5.722789 69.16169 -33.66986 
-17.46053 56.32767 35.61461 
-22.54185 11.17253 25.47885 
36.71784 51.41248 10.76674 
2.724429 69.28724 -33.64545 
7.131413 69.64833 -33.47208 
41.39771 53.55152 6.693489 
-6.542012 69.90817 -33.18879 
-1.374798 69.71761 -33.96104 
-49.15484 70.42201 -32.84556 
-20.40591 38.72455 20.62497 
-12.87159 36.79988 29.3904 
-49.64222 71.62289 -32.3293 
-49.95006 73.23586 -35.42136 
-4.110889 71.87351 -33.30515 
40.39838 56.92063 7.975082 
-6.299005 72.17883 -33.76394 
-59.58309 72.6769 -32.72653 
-52.07665 75.76131 -32.9329 
-57.1018 76.7711 -33.8128 
-34.52036 53.34012 10.47126 
59.27797 80.48364 -33.4363 
53.6483 80.3699 -33.73522 
55.55186 81.56113 -33.56091 
41.2215 59.6687 5.362479 
-39.5856 58.17575 7.428059 
51.06332 84.87037 -34.7339 
56.10588 83.92342 -33.63737 
22.23287 42.29256 20.0925 
-25.66427 42.3803 19.18762 
-37.84558 61.445 7.057612 
-1.942354 71.91502 37.20711 
1.285178 52.0168 -32.2071 
3.789323 54.499 -33.28739 
-53.42989 55.45661 -32.96041 
-50.70562 54.9679 -32.58502 
23.30803 44.31213 19.5767 
-40.39115 -32.17659 18.09099 
-4.58479 56.97219 -33.30132 
-51.37895 58.29241 -34.05903 
-57.69361 58.87675 -32.98562 
-49.23688 62.88508 -33.00643 
8.542199 63.18313 -31.61745 
-15.18991 83.18001 18.86881 
-7.425076 63.83215 -32.95791 
24.23012 51.2271 19.32207 
14.47725 40.61192 30.75001 
-48.90327 67.2128 -33.60065 
-6.053678 68.51358 -33.25796 
6.604628 68.46796 -33.49722 
-61.73003 68.81211 -33.62675 
31.56872 -31.77553 16.95946 
-28.37954 55.45084 20.57571 
-2.627542 70.2319 -33.12821 
4.998103 70.09982 -33.23431 
15.29575 79.05251 24.62197 
54.65888 71.05527 -31.21636 
-29.63673 58.20919 19.73534 
24.43353 68.81889 17.41905 
60.6097 75.66784 -33.91502 
-55.19535 75.80484 -32.60285 
-53.08899 76.33748 -32.6225 
61.08599 77.84068 -33.76502 
-22.85366 53.16987 28.24524 
51.97427 80.8633 -32.80562 
56.5585 81.89979 -32.58879 
56.1719 84.95277 -32.43967 
55.38546 86.03706 -33.06802 
-29.78478 60.20483 19.35386 
49.63733 88.73582 -33.29645 
49.49022 89.65987 -33.34855 
-29.76 61.57265 18.82307 
-0.05116708 52.62614 -32.84169 
2.330349 53.85819 -32.04881 
-51.96042 54.73291 -31.95926 
-56.51603 57.228 -33.09993 
6.668387 58.05595 -32.46431 
-51.02311 58.59737 -32.41319 
-6.728637 58.8295 -31.90669 
8.344051 59.34331 -31.02275 
-59.38521 60.18948 -32.94134 
-49.66376 60.62436 -33.06072 
-5.520782 4.460016 28.3624 
-61.37006 64.73416 -33.11555 
-19.12945 44.12589 29.73359 
-4.179856 65.56938 -32.67677 
-27.42208 72.05119 11.48668 
-6.690349 67.17609 -32.55612 
5.550677 67.56069 -33.10875 
-60.28126 68.75506 -32.22774 
56.9062 67.54456 -32.145 
6.863346 68.27213 -32.12169 
22.05389 74.72891 11.14953 
55.81298 69.05938 -32.69095 
3.460074 70.07851 -32.22509 
-26.23839 69.08409 20.31658 
-1.819941 70.88873 -32.54591 
13.47147 -34.94963 16.96519 
20.57261 76.83577 11.10712 
55.15257 73.20499 -33.5175 
-7.539444 72.65101 -32.36971 
18.82884 78.05291 11.35844 
-20.96152 79.11459 12.18863 
-23.97728 54.93215 27.62737 
-19.72803 79.76706 11.54022 
17.74446 80.6346 11.3408 
-21.21413 49.29567 29.661 
16.54569 80.99178 11.67862 
51.83195 80.25811 -32.07714 
52.40417 82.14527 -33.55367 
57.17436 81.29681 -32.66762 
-40.02864 55.00335 7.608179 
51.80907 86.2405 -32.64303 
54.83468 86.07301 -31.53757 
20.78205 75.81284 18.67117 
51.0925 88.53505 -32.01359 
48.84996 90.15746 -32.19397 
-2.232195 52.60147 -32.38475 
-49.34832 55.0265 -31.73012 
-20.61614 77.49365 21.77038 
-25.28246 72.45405 7.068852 
19.13348 78.4595 20.28194 
4.396602 56.92171 -31.89983 
8.834769 60.22869 -31.72231 
-60.25426 63.67853 -31.78764 
31.65232 -35.00945 18.85626 
-25.66751 72.61034 17.88415 
-47.31336 63.92474 -31.31589 
9.04071 87.82097 11.14733 
-6.989633 64.08874 -31.41691 
6.822753 64.08765 -31.84505 
-6.217915 64.75549 -32.30934 
-61.15596 66.48267 -33.25704 
5.362777 66.07667 -31.66521 
-47.82721 66.72598 -32.53149 
21.41442 73.60897 6.91391 
-7.900025 68.50444 -31.91592 
59.01836 67.19803 -31.98485 
-47.87529 69.12099 -31.75874 
62.84754 69.67151 -31.55399 
8.48386 70.63798 -31.86394 
-47.34618 70.35169 -32.16475 
4.996058 16.04896 28.64295 
-23.03 74.4796 5.965561 
-1.250819 66.01288 38.70885 
0.2071007 71.40953 -31.11543 
7.783279 70.87809 -32.61949 
6.336379 70.79634 -33.13745 
-15.78686 82.88702 20.24026 
-13.74944 83.17837 20.53827 
-4.68885 72.68047 -32.30682 
23.17639 71.9571 17.58673 
-57.70972 75.49608 -32.88311 
53.33805 76.36163 -32.89956 
61.15052 75.2897 -32.38245 
53.5852 78.60177 -32.78546 
60.52539 79.31575 -32.88316 
59.63994 80.45155 -32.25771 
12.91266 51.17889 34.78331 
51.6453 83.4771 -32.5794 
51.62505 84.99109 -31.51744 
50.38895 87.50118 -32.2505 
16.51616 79.55468 6.461481 
48.56026 89.18932 -32.43066 
51.06366 89.53993 -31.62951 
49.55648 90.46647 -32.11827 
9.128782 54.67876 37.55853 
-1.291542 51.86206 -32.47233 
2.027457 52.57137 -31.77845 
-3.676131 52.99897 -32.16005 
4.111829 53.90079 -32.25266 
4.322356 54.78693 -33.03164 
-55.37635 55.71159 -32.37722 
-49.08778 55.95879 -31.39071 
-22.74999 58.02747 30.81263 
-57.34026 56.8017 -32.33421 
7.554295 58.61049 -31.73392 
-50.42435 58.01727 -31.53436 
-59.1128 58.54238 -31.64087 
-50.00168 59.30227 -31.99656 
-60.32817 59.38599 -31.3195 
-49.11097 61.73148 -32.39311 
8.877059 62.34878 -30.24869 
2.910203 82.91833 29.23495 
-6.633567 66.09941 -31.58598 
18.00395 -52.78913 11.56184 
61.38747 68.47366 -32.38968 
-3.952616 88.49243 19.53616 
-47.01841 69.89634 -31.99545 
-45.63676 70.27547 -31.72576 
-17.56212 59.2279 35.41283 
-49.6366 -52.79 11.5505 
4.68854 71.2439 -32.26712 
3.234713 4.826674 29.98246 
-50.13166 -49.66183 11.04804 
6.532461 71.98801 -32.02674 
-5.5432 -10.34921 57.66005 
-3.050617 72.35879 -31.08839 
-50.66771 72.96117 -32.03389 
-7.312369 73.22407 -30.60167 
-22.29882 64.02166 30.2489 
62.60435 73.95375 -32.29711 
-58.47367 74.12514 -32.21765 
14.27973 83.2127 7.222925 
29.27568 -53.67712 19.99206 
-54.06636 74.5946 -31.27576 
61.15904 77.63286 -32.41238 
60.75079 78.80309 -31.85497 
-37.70142 -53.35976 18.85745 
58.08121 81.32743 -31.77077 
-28.18613 -53.19131 20.48362 
35.73203 -47.66053 11.46354 
-25.08264 58.17862 27.39876 
-1.748246 50.98047 -31.34965 
24.56714 43.88902 10.82698 
3.824548 53.34169 -30.86205 
-53.42971 54.03493 -31.13389 
3.995449 55.96214 -32.01991 
-4.332396 56.285 -32.45016 
19.40481 66.06758 30.00975 
18.72636 -47.15954 11.14855 
-5.99807 55.75184 -31.63758 
-6.516494 56.95465 -32.43204 
-6.307019 57.75039 -30.9512 
6.19008 57.08884 -30.86232 
-30.69158 -52.68569 20.63242 
-7.627275 59.87379 -31.53022 
-48.86787 60.39742 -31.73283 
14.34796 -52.66613 19.66974 
-59.77154 61.10533 -32.38015 
-60.72227 61.1035 -30.58928 
-47.42212 61.39214 -30.4878 
-4.186069 0.3042148 44.99157 
17.11379 -52.87587 20.45615 
21.60586 -52.79804 18.70818 
-46.94736 65.99339 -30.90861 
-47.76575 -46.02717 11.34636 
-16.19003 60.21754 36.10427 
-26.91935 -46.13287 10.89306 
5.488755 66.46413 -31.65796 
-59.57898 68.67253 -30.42155 
-9.642896 88.11893 7.683288 
32.56732 -46.14162 11.68085 
18.26248 35.30661 17.70595 
-22.19646 -27.79766 15.68641 
8.785641 68.84782 -30.48701 
-25.73051 60.06769 27.17022 
18.90146 68.17237 29.96355 
-43.86602 69.5247 -30.04703 
8.306197 69.87388 -30.91113 
-8.625535 69.89263 -29.73878 
30.09372 -51.13943 20.72025 
30.67675 -49.60691 19.89928 
-52.60218 74.00468 -31.39364 
61.57996 75.12711 -31.64568 
29.91102 -48.56885 20.41129 
53.08316 77.00126 -31.17325 
62.03831 76.75156 -31.36264 
-17.84922 17.73372 25.29867 
61.85228 77.25329 -29.96276 
-6.046025 90.19091 9.281022 
27.22343 -43.97141 11.14258 
51.13786 82.43752 -31.6595 
57.84582 83.1739 -30.56736 
56.88333 83.62045 -31.32676 
-40.12309 57.43804 6.726908 
50.97902 86.7858 -31.67069 
49.21591 88.38313 -29.13885 
-18.87507 94.58375 -31.33501 
2.887643 51.65739 -30.55995 
-18.36929 71.97829 29.9304 
22.98596 -43.1263 11.43564 
25.53363 45.70505 10.63404 
-51.02264 54.14159 -30.86728 
-4.180614 55.00054 -31.39569 
-55.17312 54.28518 -30.36482 
-48.33358 54.62604 -30.52978 
-58.3262 57.65126 -32.2752 
28.5696 -44.10633 20.01074 
-24.95875 -39.64466 11.0949 
-8.748397 60.8768 -31.94127 
-31.77327 -53.73663 8.735819 
7.2334 64.61334 -30.81379 
6.008031 64.71718 -31.67208 
7.45029 66.22157 -30.30009 
19.36745 78.06056 16.9224 
-60.19889 65.68566 -31.0873 
59.3852 66.73666 -30.77949 
7.731938 67.36275 -31.17947 
-27.87269 -9.871302 17.75451 
-45.98803 69.45439 -31.66469 
-37.76261 -41.71635 19.48764 
-43.94755 70.11676 -30.19294 
-59.72358 70.37329 -31.35049 
-7.449333 70.63005 -32.47781 
2.354239 72.31063 -29.97878 
-21.27508 75.85967 6.852483 
-1.376683 72.15462 -30.6896 
23.62015 -35.68226 11.56432 
8.352613 71.89645 -31.05062 
-50.28402 72.37203 -31.49916 
-48.4922 72.10076 -31.19713 
38.82605 -53.82731 7.148846 
63.10053 72.45644 -30.98025 
-15.37561 74.34261 29.82282 
-51.64186 73.1759 -31.25845 
19.1809 -36.39199 11.77936 
53.17402 75.00468 -31.31404 
-56.21225 74.90195 -31.14484 
-49.89425 -53.09357 7.804727 
-24.71018 -39.57768 19.98539 
13.43197 75.79976 30.64533 
58.39124 80.64405 -30.70275 
59.611 80.01986 -31.02773 
51.34513 81.70161 -30.99712 
-46.35624 -53.28049 7.569038 
53.24152 85.36169 -30.38265 
51.30536 85.56075 -30.42584 
-3.963775 43.92015 34.76497 
-36.69723 -39.22345 20.03584 
52.86909 86.81689 -29.2263 
13.79857 -37.30125 18.49681 
-40.4613 -35.22355 11.37751 
-22.63916 -34.51851 11.71846 
17.42238 -34.66944 11.04658 
-20.2605 95.46197 -31.46523 
-24.57363 -36.84116 19.46893 
17.926 79.72506 16.90169 
-1.419872 -6.658346 46.3309 
0.8238589 51.1454 -31.38895 
-3.492846 51.62757 -30.64185 
-3.550865 52.54237 -31.58099 
13.24931 -35.7618 19.8234 
-49.22604 53.69031 -30.30351 
-4.947735 52.76551 -30.38256 
4.302894 53.9733 -30.66534 
4.768717 17.43169 29.00464 
-57.39768 54.76851 -29.54154 
-24.39224 -35.17954 19.96127 
4.079879 55.8854 -30.68531 
22.2765 -53.1892 8.085014 
6.773989 58.12211 -31.37516 
-49.56071 57.41963 -30.18704 
-17.50007 19.04298 25.90766 
31.84444 -33.63576 19.01144 
-48.84749 58.82199 -30.71671 
-7.156068 58.86278 -30.457 
-47.68373 58.90038 -29.47873 
8.498848 59.98439 -30.2397 
-16.04842 24.36701 26.59473 
-21.34726 -31.11207 11.48647 
56.17084 66.84171 -30.53557 
13.85634 -31.04722 12.29707 
7.204451 83.98383 24.21088 
-46.96403 67.89326 -30.40806 
54.97985 67.74868 -30.36094 
61.33613 67.93812 -31.12368 
-38.96794 -30.9681 20.28064 
13.59204 -29.96844 11.52805 
-17.79067 20.41241 25.39119 
8.664862 70.25443 -29.7996 
-44.21336 70.97495 -29.70789 
63.50435 70.07607 -30.35002 
-8.034101 71.82542 -32.46701 
3.403641 70.9138 -31.1896 
-47.23648 72.591 -30.10506 
13.28014 -28.42329 11.42777 
4.559516 72.72888 -29.65117 
-20.72001 -28.10295 10.34652 
-42.42204 -52.8101 6.782747 
-0.2378123 72.42104 -30.32166 
6.002738 73.25809 -28.99742 
-2.522381 72.90012 -30.62916 
-58.99205 73.07076 -30.79575 
-5.669851 73.43979 -30.10159 
1.561857 73.89445 -30.47581 
12.64024 -30.17153 19.67159 
-41.92908 -25.81203 11.91461 
-52.85199 73.70604 -30.91165 
-56.08588 73.5152 -29.76704 
-29.88374 -52.19988 8.5934 
-20.85344 -25.88244 11.9419 
62.07657 75.69172 -30.22149 
60.73509 79.09997 -30.36368 
51.47143 83.23026 -30.15892 
56.07814 84.89281 -30.28729 
-6.524927 -4.037546 52.38105 
19.86057 -53.40799 30.08245 
-39.49148 -28.92368 19.86577 
41.33344 55.25526 6.609107 
-11.97656 87.12401 -30.7489 
-13.8629 88.61752 -30.30024 
3.887582 81.7885 30.15917 
-14.69824 90.00469 -30.86356 
49.85714 90.00469 -30.49311 
-14.33407 90.30321 -30.8239 
-12.9183 90.99721 -30.40613 
-15.50949 90.68314 -30.26819 
-17.03494 92.47367 -30.87186 
-16.80777 92.97933 -31.07112 
-22.63318 -24.5711 16.9746 
-16.6749 82.64519 17.14855 
-22.74545 50.27599 27.93337 
-17.06292 95.82079 -30.31738 
-21.44012 96.098 -31.28633 
-19.26464 96.86911 -29.79028 
13.76429 -22.38075 11.16203 
4.17524 52.62642 -30.03983 
14.53763 83.46459 17.84686 
-5.745092 54.57067 -30.43354 
-39.99961 -25.23114 19.45954 
5.737813 56.48415 -29.9877 
-59.66986 57.46017 -29.90607 
-9.822679 84.01987 25.15849 
33.18139 -19.68942 11.66581 
33.72228 -51.50538 7.806717 
6.035658 58.38167 -30.03485 
6.642454 59.67607 -29.57072 
-60.69061 58.46922 -29.40541 
-41.75008 -19.87949 11.7088 
-25.7606 -22.94361 20.12896 
-61.43872 62.03128 -30.13995 
-8.780542 62.17185 -29.81361 
-60.30049 63.48223 -30.98286 
-8.630916 63.04019 -30.65083 
7.894917 64.04591 -30.16762 
-7.862446 65.86674 -30.72238 
6.900159 65.78586 -30.67203 
-46.00632 66.02575 -29.54752 
32.39553 -16.22217 12.1949 
-41.68742 -16.959 11.80867 
-23.58823 -16.45071 11.58228 
8.868978 71.37038 -30.18033 
-46.5125 71.39029 -30.65403 
3.986127 72.6489 -29.5784 
12.54182 -23.87749 16.26142 
-4.416296 -6.271429 46.53085 
-57.63592 72.75702 -29.61957 
18.75355 -48.88651 9.55634 
-50.02215 73.70445 -29.97829 
-54.07015 73.82729 -30.31245 
-51.88918 73.64888 -30.33907 
-5.588066 73.97445 -29.75091 
-4.204958 73.28381 -30.4295 
-4.481636 75.10297 -30.38612 
17.41695 -52.80735 31.76075 
-2.793782 74.42159 -30.71614 
52.83405 75.28336 -29.55386 
61.95607 74.4698 -30.56559 
-27.38381 -20.5379 20.23335 
21.64816 -53.01735 29.73093 
51.35076 79.17472 -31.12551 
50.86811 79.28589 -29.67649 
-50.35665 -47.83586 5.804569 
50.9599 85.30756 -30.10726 
14.88654 -52.12579 31.12972 
-24.30256 -52.93111 17.3413 
-10.69442 85.8661 -30.10209 
-20.75345 -10.89138 11.53699 
49.52944 86.46565 -30.51086 
-5.53945 -4.774497 45.69454 
52.48041 88.22905 -29.37298 
-39.4393 -10.27761 10.9993 
-18.26118 93.56953 -30.72917 
-18.72571 53.55228 34.48125 
-20.17573 94.76662 -30.71854 
-21.74069 95.45001 -31.0374 
-3.962182 57.68083 39.33661 
-21.97691 96.42048 -30.35168 
13.68424 -8.683723 12.17933 
-4.74041 52.90112 -29.63064 
-48.91999 -47.3102 7.984673 
-16.4217 23.83574 26.14812 
-48.40155 55.44341 -30.30507 
5.57686 55.57088 -29.25101 
-58.36504 55.37608 -28.67 
15.0815 25.16304 24.80982 
-46.57301 60.58362 -29.53489 
-38.93888 -6.085424 12.26822 
30.79594 47.28368 11.34287 
-61.60072 64.79711 -29.47991 
-9.103092 65.67653 -29.59703 
-8.116902 64.60833 -30.27348 
57.04442 66.00618 -29.33637 
-16.80083 26.10382 25.83971 
-39.37098 -4.072487 11.7462 
8.953607 68.32525 -29.95753 
-60.03984 67.00127 -30.12921 
-46.72726 68.79717 -30.49865 
-44.83561 69.05182 -30.3171 
-13.87992 -4.37168 11.44142 
-8.694462 70.83919 -29.46146 
-44.87169 71.58965 -28.75678 
-33.01333 -16.61734 19.86137 
-58.21547 71.85434 -29.25867 
18.11117 -17.65678 20.06993 
2.657047 -1.599564 39.05973 
-12.89395 -2.439375 11.554 
7.477917 72.67206 -30.21161 
-35.00827 -17.24347 20.50923 
63.31187 73.04196 -29.68793 
-53.62551 74.30579 -28.69603 
34.46685 -2.992654 11.59759 
3.428631 74.61341 -30.16427 
-5.80005 84.70236 24.62215 
0.1107936 75.27476 -29.79665 
19.30483 -16.07908 19.39038 
59.15102 80.20413 -28.94879 
58.14149 82.12092 -30.05147 
20.87726 -15.39611 20.00707 
50.87287 83.76234 -28.86106 
-44.83666 -45.19073 7.558036 
55.12633 85.21967 -29.65508 
18.16039 -46.97519 30.93533 
-30.11501 -44.94988 8.032342 
-12.05997 86.63977 -29.73119 
-5.884185 -0.9083201 41.45179 
51.07183 89.71812 -30.44499 
-14.67341 90.25566 -29.3674 
-12.00025 91.38377 -29.82926 
-14.14082 92.6248 -30.41387 
21.43985 -38.91924 30.39153 
-22.71008 95.7713 -29.78846 
19.4656 70.29517 27.2174 
-51.67405 52.74275 -28.77387 
-45.7891 -44.85947 7.712949 
-3.569421 52.96058 -28.38985 
5.174115 54.32536 -29.15789 
23.09827 -39.18261 30.08731 
-6.729208 56.32988 -29.34216 
-48.54559 56.71844 -28.75842 
6.140047 57.34348 -29.36766 
1.044657 -3.625757 45.77085 
-6.065635 -3.613196 46.32394 
20.08397 -13.78021 19.69315 
6.331293 59.00533 -29.26205 
-31.3159 -44.80959 7.429023 
11.99715 -3.687236 18.48424 
-7.385952 61.51468 -29.53797 
-61.60276 63.23423 -29.03052 
-46.56551 62.61208 -29.99081 
-9.564256 62.87677 -29.33201 
8.578506 63.75159 -28.57808 
23.56073 -38.59394 30.13634 
13.76995 -21.97425 16.42525 
8.181053 65.40739 -29.38787 
55.20373 65.72113 -29.44908 
25.3766 -44.69885 8.435232 
59.73202 65.68002 -28.50784 
-8.33436 67.78687 -30.24022 
23.0799 -12.32568 20.07593 
-4.768322 5.39696 10.61198 
-59.43945 69.49247 -29.67891 
-43.49628 -44.82338 7.534668 
53.96164 69.40067 -29.50878 
63.02843 70.41377 -27.90378 
-58.834 71.12025 -28.45758 
-0.008440418 6.550895 11.32494 
-9.020339 72.06776 -29.91149 
63.40299 71.29966 -30.72932 
23.9205 -44.63184 7.988381 
-55.88308 73.53921 -29.31404 
20.88475 -11.21304 19.63756 
-8.714417 72.75456 -29.81118 
21.42188 -37.864 30.7438 
5.284842 73.36445 -29.03837 
22.65604 -10.72279 19.7325 
-6.939444 73.81485 -29.23895 
-51.23454 74.1921 -28.87949 
-6.149513 75.15102 -29.79815 
-8.389912 75.45083 -28.62234 
-2.763863 -0.9208046 30.4219 
22.79448 -8.329326 20.34798 
33.31242 5.589144 13.41161 
2.001338 76.67936 -28.50675 
-3.420021 76.17885 -29.41071 
51.06668 79.54638 -27.84499 
59.1926 80.9939 -27.94106 
57.08024 84.29987 -29.17461 
11.79734 84.04944 -29.07789 
-32.80692 -43.89359 7.339233 
12.38004 85.59226 -29.35622 
-5.856516 43.38153 34.72485 
53.49389 85.31204 -28.80452 
-10.97601 87.90263 -30.22986 
-5.17239 88.39486 17.87432 
12.3238 86.61713 -29.46928 
13.3845 87.30313 -29.1753 
-13.20498 88.77823 -28.48539 
-34.40152 -42.94324 7.203009 
14.24945 26.07276 26.78308 
13.53242 88.77181 -29.31664 
14.00371 88.37985 -29.35177 
14.57541 89.30511 -29.25912 
-31.95825 14.82698 11.5485 
-3.472845 1.414706 29.39443 
13.36601 -47.98707 27.72502 
15.87751 91.94234 -29.10684 
-31.06745 -39.85321 7.414985 
-12.18208 93.60934 -28.22252 
2.835308 1.811711 30.74501 
-19.46818 93.63745 -28.59193 
0.8087368 -3.11771 46.99819 
-28.35574 16.9466 12.09764 
-20.5149 97.08086 -29.14668 
0.259502 51.57598 -29.0246 
2.975103 52.44027 -29.00791 
22.3339 18.27097 11.96633 
23.72169 17.53578 11.95559 
-52.87817 53.58334 -29.71913 
-47.481 54.30611 -28.69881 
-1.42589 85.9887 25.43396 
0.05919266 89.39372 17.47125 
-35.0607 -39.86711 7.909833 
-32.81873 -39.46429 7.410408 
-7.784946 59.0369 -28.90214 
-46.86786 58.20557 -28.54074 
-8.411482 61.2981 -28.1172 
-61.93925 60.99724 -28.56153 
-23.94311 22.02908 10.77357 
-5.679281 8.356187 29.4226 
-61.30286 66.611 -28.92023 
53.74556 67.46744 -28.69596 
-45.6813 68.27923 -28.6578 
60.94474 67.24049 -28.73627 
-60.73365 67.97746 -28.50049 
-34.339 -38.92057 7.420584 
62.55234 69.05116 -29.45196 
-9.503929 69.76318 -28.85644 
3.095955 8.982811 29.83938 
1.964612 9.287637 31.22022 
-52.94182 73.77296 -29.27978 
5.150365 74.49381 -29.31679 
-30.66442 -4.609445 20.02913 
4.45549 75.19827 -29.38983 
-4.02481 11.65945 30.54092 
-7.088899 76.50398 -28.79264 
51.31515 76.43375 -28.22036 
-0.08889034 76.97626 -27.57632 
-4.788355 77.24502 -28.67972 
59.3173 79.51668 -28.12165 
-28.04447 -38.17672 7.39638 
11.06956 83.55396 -29.29714 
-20.06141 33.44204 11.47786 
-18.06354 75.10487 27.77381 
55.86736 85.09114 -28.37942 
-8.861666 85.22723 -28.59067 
48.86749 87.44968 -29.8409 
-12.56994 65.93546 36.3292 
19.40792 36.2205 12.52515 
19.50463 -32.26485 28.53345 
-10.0707 88.81373 -29.77823 
3.271838 10.83473 29.1842 
15.02785 89.50072 -28.61797 
51.17627 88.89001 -28.55811 
-10.60168 91.78149 -27.79805 
14.26148 89.77558 -29.20989 
2.510706 86.18444 24.63759 
16.13087 91.21689 -29.10994 
-16.60638 92.32974 -29.33786 
-26.98718 -36.0781 7.071385 
18.3949 94.15465 -28.89088 
-21.3245 94.06676 -28.64683 
-14.12954 95.13079 -28.5908 
-17.26232 96.72643 -29.17319 
2.086818 47.64657 37.9454 
-50.09232 52.83993 -28.25135 
2.023573 53.18117 -27.38447 
-48.13011 53.43964 -28.91762 
-59.21783 55.58287 -28.11802 
-27.56708 44.55411 11.26661 
-27.6667 45.44191 10.23551 
7.119928 58.50738 -28.16678 
-8.163174 59.70839 -27.94371 
6.906963 60.58972 -28.77785 
1.382284 16.01476 30.17294 
8.641871 62.2449 -28.36387 
30.94453 1.36785 18.8993 
-10.0121 62.53292 -27.88784 
31.35542 -45.86732 9.503213 
-3.189639 16.86693 30.5234 
-45.18611 62.96944 -28.0985 
-11.26232 64.31463 -28.18859 
8.706691 64.55429 -28.12837 
-62.21562 64.10191 -27.84188 
1.720621 16.5154 30.37014 
22.5705 42.85547 18.48478 
-43.27968 69.17974 -28.54386 
11.45944 68.04707 35.58603 
26.83626 -31.26946 7.332191 
-28.96649 49.1939 12.09538 
53.87182 72.70224 -30.70494 
-0.009629264 16.77255 30.54032 
6.799706 73.56556 -28.00946 
62.55933 73.8059 -28.62347 
24.71262 -31.49883 7.538155 
-8.936646 74.11976 -27.6896 
7.066089 75.74585 -28.07056 
6.60372 3.033293 19.70689 
-1.908207 76.69957 -29.04049 
51.00293 78.09197 -27.98642 
-29.63561 -52.72866 25.63603 
-11.1145 85.05412 -29.27592 
49.884 83.902 -27.91992 
12.25994 85.08598 -28.45469 
-16.4448 75.51405 27.90607 
-10.30961 3.64501 20.4019 
4.446501 4.100995 19.99478 
-12.02476 87.04867 -28.28572 
-8.431405 88.00538 -27.81778 
-7.345523 5.117244 19.40157 
13.05389 87.61509 -27.53316 
49.97562 88.16625 -27.7836 
0.9017526 18.0861 30.13199 
13.46393 89.89812 -28.44429 
-26.13572 42.94073 18.67596 
16.66483 91.75014 -28.57552 
15.3396 77.63488 27.44646 
26.14694 -52.96924 15.6469 
36.89831 56.74106 11.18966 
-22.16601 93.78428 -27.86567 
-32.25727 55.87041 11.84817 
20.9117 -29.63219 6.663642 
-21.2919 96.27119 -27.77094 
-0.7490619 51.6371 -28.89082 
0.1006185 52.59425 -26.79119 
-52.91489 52.8279 -27.96491 
-48.92103 52.04963 -26.95795 
-4.83272 6.541607 20.20583 
1.367097 53.03019 -26.51241 
-56.48724 53.98828 -28.17131 
36.44631 47.82365 9.300063 
-5.431047 53.61337 -29.41035 
5.675953 55.63036 -28.11938 
-41.01497 -30.49118 7.761755 
-47.98677 55.99494 -27.63434 
-7.032655 57.17188 -28.60699 
-61.14487 59.74009 -28.61969 
-61.95491 60.74889 -27.71584 
7.410505 61.54192 -27.99566 
27.39151 10.51176 21.04388 
-10.98844 67.85771 35.795 
-30.07461 62.74282 11.36276 
33.07185 63.1591 10.3762 
-5.258462 18.0859 29.82387 
-33.01822 11.55958 20.188 
32.01361 61.70165 11.92226 
-11.12694 67.43549 -27.70229 
55.5147 65.1678 -27.80568 
20.65622 -44.78106 9.690057 
-1.89191 18.41374 30.31145 
54.21334 65.70252 -27.7781 
58.77999 65.33778 -28.97069 
-1.237947 -7.250206 53.6227 
8.348925 66.69453 -28.88759 
-9.710413 67.42571 -28.6655 
25.77416 12.37405 19.74501 
-32.71803 -52.68589 18.56623 
24.44771 13.28548 19.50497 
-43.59126 70.63777 -27.42155 
3.837678 18.99397 30.53504 
14.5815 79.79115 25.89479 
-58.61176 72.20272 -27.78476 
9.069506 71.6917 -28.45646 
-57.33865 72.85752 -28.49709 
-48.35196 72.96588 -29.35931 
63.13421 72.15666 -27.7958 
16.69033 38.61438 26.00195 
22.25915 13.46332 19.9956 
62.73598 75.11523 -28.68491 
5.456272 76.65317 -28.13492 
0.2707617 77.49546 -26.94916 
1.060342 77.25038 -27.63783 
19.64581 39.28405 25.07825 
50.93302 81.53242 -29.12394 
10.78478 82.17596 -28.72662 
15.92702 -28.0835 8.227492 
-10.26518 83.744 -28.70875 
-27.58798 16.79086 19.31403 
30.44573 -28.78808 8.724113 
-10.63928 82.79745 -27.47579 
-39.86684 -32.77263 19.27093 
54.11258 85.33162 -27.69901 
-11.59376 86.27889 -27.8034 
10.20499 85.5461 -28.17457 
9.008543 67.46718 36.53263 
49.15854 85.92616 -27.06792 
-17.21944 92.17168 -27.67652 
16.63849 92.1973 -27.45665 
17.66336 92.93367 -29.04687 
-22.61207 94.68953 -28.75739 
-5.354008 0.4494017 40.91383 
17.16876 93.5919 -28.84662 
19.2247 94.13258 -28.30798 
20.38484 95.42623 -28.24488 
-20.95982 96.92724 -28.48711 
-54.82327 52.94118 -27.66598 
-53.16167 52.16399 -25.77883 
-47.19199 52.31929 -27.3039 
31.55542 -25.77221 7.314716 
-46.99462 53.62672 -28.1036 
16.31376 81.32049 12.21743 
-17.70053 83.03182 10.76614 
-20.45669 25.66661 20.08964 
-20.30167 28.78309 19.79915 
17.34087 29.22953 19.39339 
50.16085 62.6129 -27.8534 
51.05633 62.67738 -27.95967 
16.63489 -16.93901 16.57658 
-45.37787 61.91189 -27.89965 
52.07975 62.12027 -27.52025 
51.60302 64.405 -27.58345 
-10.29985 23.93527 30.78818 
-11.47058 25.25504 30.25205 
9.439106 25.19674 30.51528 
-45.255 67.17805 -27.63327 
52.9221 66.6088 -27.49134 
-23.47036 -51.60367 17.50749 
60.32146 66.59523 -27.1331 
-43.72808 67.75272 -27.33602 
18.29993 34.18425 18.98986 
62.54094 68.61034 -28.19544 
8.745808 68.47484 -27.36513 
-60.12599 70.08009 -28.16135 
8.583776 70.36968 -26.50387 
9.066499 71.17854 -27.68388 
-45.9407 72.87296 -28.04856 
-55.43653 74.19553 -27.96448 
-48.77147 73.59598 -28.59538 
-22.57395 41.76886 25.80148 
19.28249 38.88397 20.41014 
62.51751 75.82873 -28.48303 
22.64344 40.34563 20.72407 
3.496578 76.54639 -27.66323 
-25.32974 -17.23225 16.01677 
1.540496 90.03245 11.08179 
-2.924997 90.62504 11.0811 
1.263074 77.71031 -26.96939 
-8.469663 77.25242 -27.89987 
-9.382029 81.62639 -26.86662 
57.7877 83.1225 -28.4031 
57.11906 83.80627 -28.17958 
-30.64708 -53.59464 11.15162 
-28.83349 -53.1082 11.35192 
18.28015 -53.24363 11.98457 
49.51584 86.00609 -25.87929 
52.85307 87.44888 -27.43692 
19.46387 42.14944 25.35945 
51.84578 87.65445 -26.61601 
-2.554541 1.670078 28.52995 
35.74426 -53.68531 12.32288 
13.86739 88.21564 -28.47389 
14.79462 89.94567 -27.75994 
14.37037 92.87646 -27.4213 
21.39472 95.33481 -27.35027 
-10.37049 32.23956 30.70762 
-17.98311 97.07037 -27.43894 
-8.749301 30.89116 31.5346 
-4.34509 49.80898 37.92508 
4.378978 54.18361 -28.08772 
-36.98635 -52.68227 12.99619 
4.780416 55.98816 -26.69872 
-60.63401 57.23125 -27.61499 
25.53466 56.61177 20.11457 
5.971102 56.82259 -26.92513 
6.74831 57.80186 -26.687 
50.1009 60.49073 -27.70378 
51.46622 59.7975 -26.95964 
53.09372 60.73956 -27.21877 
26.03853 59.50677 19.36945 
49.31449 60.8326 -27.29653 
-44.66783 60.35421 -26.66166 
-0.09557666 49.4494 38.43513 
-8.597547 61.94983 -28.19541 
31.68878 -49.14177 18.66372 
25.18256 59.96855 20.21827 
8.83238 62.50257 -27.76253 
49.91405 62.87489 -27.44748 
-27.24339 -51.47859 12.15897 
54.43718 64.53683 -27.29391 
53.22523 62.23035 -27.57503 
-22.59085 43.86663 25.1681 
-15.29472 33.68929 29.00054 
9.487646 65.89726 -27.04912 
24.79218 63.07851 20.28195 
52.2472 65.39842 -27.33833 
-28.45655 64.32196 19.31879 
36.52942 49.44395 10.376 
52.33852 66.96161 -27.11397 
-27.39519 66.22757 20.33731 
-61.03156 67.74129 -27.05579 
-42.78557 68.41403 -27.52867 
61.60475 67.98364 -27.11584 
-27.33728 -49.84212 11.79778 
-49.59141 -47.72686 11.0442 
-26.2833 -48.02856 13.08144 
8.671235 72.6557 -28.2664 
52.46752 73.189 -28.39982 
-9.576044 73.42394 -27.65445 
62.70056 73.45875 -27.17961 
15.98185 -13.37974 8.612764 
6.621618 70.76077 35.89949 
18.61263 -45.54364 12.67207 
8.844743 75.93456 -26.90844 
-11.25688 37.30413 30.35086 
-25.72055 71.57806 19.45826 
8.808729 37.59719 30.59421 
-42.75179 -14.66236 7.443067 
10.55446 37.84402 29.7031 
-2.905099 77.73695 -27.05546 
4.844359 77.24258 -27.54906 
-4.322104 78.58448 -26.79688 
32.94339 -13.6618 8.456007 
-1.659717 78.00468 -27.16863 
-24.08507 74.08498 19.05548 
8.227706 83.1316 25.69893 
59.16528 80.65585 -26.847 
-13.04603 37.83224 29.51332 
11.44507 82.78985 -28.02185 
10.62673 82.80243 -26.57501 
25.73342 -52.94536 25.07952 
-41.74665 -12.29861 7.284781 
55.84765 83.68141 -26.6193 
12.69604 -31.71656 18.82527 
31.96638 -45.48745 12.47796 
-7.60943 86.27864 -27.02913 
-41.22334 -12.06853 8.541948 
50.84595 87.59763 -26.43372 
8.143072 16.37637 28.0241 
15.80461 91.30598 -26.47479 
24.88346 -52.08341 25.59364 
-21.00938 92.17866 -26.90853 
18.93921 93.96744 -27.08815 
-42.40926 -42.9306 12.55464 
-23.49194 46.00913 25.72783 
-31.272 -52.4434 25.10126 
17.13033 95.47202 -26.77193 
-14.30383 40.00185 29.99584 
18.97642 96.51196 -26.42547 
-22.4927 -9.603067 6.751321 
14.64111 -10.04626 7.836137 
14.86964 82.01065 21.00025 
26.67209 -43.5315 11.54599 
-60.03262 56.30554 -26.87004 
-60.87305 57.94555 -26.98898 
-6.989703 59.2606 -26.06359 
-7.37305 60.07247 -25.48619 
-27.93779 49.24653 18.03134 
48.60103 59.89469 -25.9889 
48.76609 60.64529 -25.75031 
-8.876363 61.80562 -26.02777 
-19.11869 42.80752 30.5858 
-7.411917 84.5205 26.31213 
8.172176 62.09113 -26.93367 
-12.0216 63.75483 -26.54389 
-12.23169 64.79378 -26.89069 
56.82404 64.46717 -26.85829 
57.97644 65.29886 -27.31371 
-62.01303 66.11369 -26.87391 
-61.08489 68.2449 -26.27628 
-60.1646 70.35432 -26.10886 
26.54693 -28.84681 27.25796 
20.04632 -36.72264 12.31584 
52.28714 69.83849 -27.0128 
21.36523 -36.09801 11.66953 
-18.73114 47.28716 31.47812 
51.09161 72.03764 -25.72103 
-58.12035 72.69193 -26.82292 
-56.08168 73.59945 -26.23467 
-54.97631 74.16891 -26.15433 
5.205563 86.93264 20.07362 
7.232968 74.08507 -27.50242 
6.464128 86.93737 20.73857 
61.05089 77.49806 -27.54527 
22.33887 49.537 26.38841 
50.94032 75.23803 -26.88446 
2.857462 77.14194 -26.80246 
35.30411 -6.128312 8.488662 
4.17426 87.48698 21.06502 
4.888087 77.87067 -26.37097 
5.464632 77.47141 -27.16743 
-5.684152 78.48092 -26.1309 
-3.200843 79.35982 -26.83356 
-0.1045922 78.77113 -27.04895 
-41.02683 -3.816751 7.79107 
-39.72835 -27.1909 19.70678 
-2.122325 80.12318 -26.12485 
10.54808 80.22599 -27.22367 
-9.917883 81.75866 -27.11539 
-9.710703 80.40696 -26.42382 
-0.8879706 88.0822 20.65429 
49.21851 81.78073 -27.35479 
18.0072 48.58966 30.29362 
11.56472 85.36203 -26.79675 
54.04125 85.5742 -26.48013 
29.0704 -34.39135 12.61323 
29.72647 -53.53216 20.70754 
18.49047 50.51673 30.36207 
-25.09238 51.40448 25.03697 
14.01749 89.17517 -26.19713 
31.36348 -32.55818 13.12597 
19.74256 51.05461 30.15297 
-21.69652 -33.02072 12.09661 
14.62442 -32.26362 11.65524 
30.39016 -31.76876 11.27183 
-21.132 93.83658 -26.61652 
-13.60019 95.50012 -26.92087 
-15.60619 96.52683 -26.27929 
21.6743 96.11835 -27.13389 
-33.14704 -52.96616 21.39596 
-50.53006 51.45618 -26.06677 
-50.17199 50.98621 -25.0617 
-51.62775 52.25532 -26.66924 
17.0129 -43.74726 28.78463 
31.76157 -29.75162 12.13176 
-59.15504 55.67942 -26.04755 
-4.203113 54.84307 -26.75943 
-21.04316 -29.05479 12.3168 
-5.506214 56.53717 -26.25664 
-45.79015 57.83506 -26.81996 
-24.28428 -46.38255 16.43925 
52.81643 59.24219 -26.69668 
-45.09287 59.29302 -26.58158 
32.93322 -27.34941 11.49135 
13.81798 -51.4728 20.01567 
8.094788 60.69391 -26.15278 
54.68379 60.91167 -26.53073 
56.41307 62.26933 -26.7143 
-8.377337 60.96264 -25.89071 
15.309 -45.42025 17.59985 
-62.06334 62.13653 -26.94345 
-44.0498 61.80288 -26.07659 
57.765 63.06004 -25.84837 
22.44523 53.52457 26.10844 
9.518533 63.33879 -26.99199 
-44.28178 66.03394 -25.96802 
-12.70329 66.32283 -25.91149 
32.36567 -26.0316 12.8035 
-42.27389 69.07806 -26.78092 
34.47432 -0.005068164 7.772282 
62.29699 69.15612 -26.10655 
62.76693 71.41025 -26.42099 
30.05643 -47.252 20.15766 
-10.55308 69.93563 -27.53103 
8.972427 71.04617 -25.71225 
-59.11082 71.40476 -25.92244 
-41.60144 -23.36883 12.82516 
9.780372 71.89628 -24.82232 
-9.725806 71.82646 -27.62121 
-41.49278 -22.93685 10.93339 
-47.673 73.71334 -25.99772 
20.07894 59.1459 30.66395 
-49.54466 74.22833 -26.50879 
-51.9696 74.02208 -26.87455 
-9.933496 74.04335 -26.16358 
62.18639 73.3869 -25.79266 
-10.27261 75.51447 -26.71142 
13.76516 -21.38213 14.04157 
60.95217 76.28406 -25.63922 
-24.29115 -45.45116 18.78399 
8.900238 77.60587 -26.16213 
4.487879 78.21355 -26.07049 
5.86159 77.77503 -25.32582 
7.612273 76.52376 -27.31538 
-25.2177 55.98469 25.22309 
29.46702 -45.38289 20.48009 
3.057605 77.77303 -26.35392 
2.41836 79.19183 -26.62514 
9.179343 78.5676 -25.89829 
10.73163 78.98643 -25.77921 
-0.3811477 79.70485 -26.24518 
-25.10084 -44.7624 19.70713 
11.06426 80.71685 -26.98837 
-41.73246 -18.52442 12.30969 
57.49134 83.06751 -25.89101 
8.302531 82.31033 -25.71728 
10.39028 83.20137 -25.80169 
9.036918 84.51011 -27.39835 
-1.863628 84.73034 27.40817 
-31.41174 -8.578819 18.00109 
4.949304 3.05906 7.958365 
-14.11455 89.55173 -27.24737 
-36.10003 -43.82062 20.55453 
11.68889 89.51505 -27.28462 
-31.31405 -13.89461 16.78351 
28.87072 -42.50122 21.38738 
-17.33843 90.6842 -25.90081 
-20.99016 91.41943 -25.85184 
-21.32185 92.91331 -26.66745 
-28.75704 -14.59607 16.80054 
23.13132 55.96769 25.79839 
22.44572 95.84045 -26.20553 
-48.88017 51.22181 -25.52181 
24.09777 -43.93983 10.20414 
-45.48536 52.57494 -25.41328 
-56.05558 52.88536 -25.57213 
-1.481309 52.87434 -26.91429 
-46.93147 55.24681 -25.80112 
5.108479 57.64156 -24.61721 
1.110168 4.995754 7.795618 
29.9438 -39.95494 20.47457 
-61.59744 58.64272 -26.42618 
21.60619 -51.92137 29.93159 
6.137209 58.23046 -25.90563 
50.98392 58.22511 -25.61198 
-36.28015 -37.67984 21.6714 
21.91648 -53.66049 28.13287 
13.68944 -37.70579 21.06481 
56.0071 60.10646 -25.71997 
23.27456 -53.21123 27.56225 
-22.10249 -11.40411 11.93062 
-39.44498 -37.08199 18.95596 
15.05361 -11.26281 11.85806 
8.293677 62.72154 -25.66419 
50.3259 62.93692 -26.13952 
-11.44907 63.20842 -25.04408 
9.288096 62.89062 -26.21365 
-62.41221 63.72094 -26.45923 
-25.00256 56.80147 25.87182 
31.13896 -10.6733 12.13523 
23.1943 58.06634 25.70442 
18.14138 66.02486 30.36048 
51.30839 64.67384 -26.80436 
-61.97074 65.76324 -25.66724 
9.947833 69.54659 -25.35626 
-25.80774 59.10404 25.8414 
-41.98914 67.18617 -25.35294 
51.22221 68.91388 -25.76729 
-42.27138 69.49368 -24.32785 
-44.34509 71.15059 -26.70382 
62.60472 71.30501 -25.29098 
-46.8744 73.04658 -26.79243 
-57.49957 73.22247 -25.92995 
9.019775 73.74846 -25.86452 
-25.16476 -32.89397 20.59101 
-53.18559 74.41245 -26.2837 
9.153569 74.62975 -25.60568 
32.96742 -8.466605 12.26102 
-10.15126 76.76988 -26.6699 
17.66426 68.81059 30.38002 
6.569022 77.45041 -25.92173 
9.976674 77.95207 -25.79553 
50.77641 78.23597 -26.65788 
4.2116 79.57611 -25.59685 
2.087334 50.99158 38.19242 
-10.06541 78.5219 -25.80702 
-9.133156 78.98228 -26.17344 
-7.27647 79.20368 -25.94111 
-5.592773 80.0309 -26.09015 
-4.17854 80.20314 -26.28792 
-31.57742 15.37064 10.39589 
-38.84394 -5.149522 12.45998 
-7.018486 80.9859 -25.50185 
9.495742 81.21042 -26.99362 
-23.55553 -25.30718 18.82041 
58.66047 81.16689 -25.67708 
49.10756 80.02046 -26.52174 
-7.955399 81.59492 -25.97771 
16.83987 70.478 29.82289 
58.33022 82.59855 -26.5647 
-34.70235 12.38527 9.404116 
49.19043 83.46125 -26.41885 
53.29299 86.14391 -25.28881 
-7.117259 87.01954 -25.26547 
16.53422 -43.64567 17.66153 
29.63583 -44.50364 19.54575 
-20.6467 91.62968 -26.54848 
27.5163 14.38733 8.861034 
18.05187 92.74895 -25.47404 
-14.85314 31.4954 27.63235 
20.47977 96.72566 -24.92425 
13.5036 -25.2399 20.46522 
32.99589 -25.45872 20.3398 
-38.64822 -25.77923 20.40116 
28.57766 -43.49343 19.04854 
-55.63334 52.71982 -24.27538 
14.84241 73.45231 30.28347 
-2.116905 53.2528 -26.53724 
-57.64457 54.65508 -26.98545 
3.06109 55.09166 -26.05203 
34.163 -1.366942 11.89657 
-59.81832 56.88256 -25.29184 
52.53231 58.02132 -25.4938 
49.19177 59.02823 -26.28179 
54.1528 59.06292 -25.7252 
7.589181 59.94413 -25.15701 
-14.4795 76.516 29.9264 
14.16836 -24.53758 21.36232 
-38.88026 -23.18389 20.61882 
-63.20992 62.17991 -25.60819 
58.26163 61.50079 -24.2272 
49.80138 62.62733 -24.51623 
28.4057 -41.43086 17.79387 
10.92573 63.3874 -24.77396 
24.38267 16.50904 7.569947 
-62.80164 65.18709 -24.99356 
-44.30989 64.0606 -26.83451 
50.12764 66.97485 -25.06405 
-1.679471 60.68696 39.34568 
-0.6790333 -0.9511133 47.74223 
21.57796 18.37895 6.975965 
-41.72869 68.1713 -25.28844 
-60.62558 69.2263 -25.0743 
-39.31544 -21.1117 19.79709 
-43.48404 70.90108 -25.08641 
-12.80693 71.01127 -24.58213 
23.13642 61.70638 25.12704 
-40.25888 -42.51733 9.990849 
-45.25906 72.37817 -26.18237 
9.772239 72.51105 -26.22606 
-51.27832 74.14712 -24.80894 
-34.69651 -14.07434 17.62043 
10.3705 75.77065 -25.134 
15.69774 -19.57761 20.10502 
-10.2934 78.74425 -24.99705 
49.16144 78.63619 -25.18912 
59.9214 79.78277 -25.25392 
8.298643 78.51415 -25.43155 
2.7456 79.80834 -25.61847 
0.6172285 80.83753 -23.60928 
7.471485 80.2741 -24.6553 
-6.107675 81.68232 -24.5881 
-10.32398 81.85009 28.16727 
57.52754 82.04046 -24.81414 
-10.53046 82.97133 -25.47708 
10.36015 82.95156 -24.46993 
18.81385 21.40468 5.661004 
-11.27574 85.4134 -25.5167 
49.61099 85.07767 -24.72495 
-5.829076 73.20836 35.63718 
9.070672 87.14494 -25.99641 
-36.38296 9.729104 11.92977 
10.32229 90.08044 -24.84583 
-35.9011 10.97541 11.8472 
31.18086 10.10861 12.20601 
-20.10198 89.72475 -25.48311 
-24.76188 -49.03379 25.39573 
14.92804 89.6253 -24.73928 
14.25788 94.03951 -25.77762 
-19.40392 25.29878 7.236641 
-25.78131 62.75269 25.92513 
20.24331 94.06593 -25.56461 
22.22737 94.97588 -25.7478 
-40.53865 -29.55065 18.68197 
-20.1172 94.85863 -25.52596 
-18.64406 96.35004 -25.78547 
-51.12836 51.22274 -24.57702 
-44.66467 51.59045 -24.13223 
-45.90679 54.93555 -24.43765 
-3.306715 54.33952 -22.91403 
15.96715 -40.73855 18.22771 
-39.07226 -42.14011 10.31046 
49.06631 57.67147 -25.52814 
26.18091 16.07066 12.01604 
-6.169281 57.91126 -24.67518 
20.90027 -16.15507 20.51913 
-62.35784 60.91028 -26.05414 
-18.17196 27.69938 7.255614 
7.824928 61.89317 -24.14067 
8.720746 62.83566 -24.68721 
-12.74443 64.49129 -23.71871 
11.47957 64.32854 -25.11501 
50.1681 63.70002 -25.27872 
50.69322 64.60397 -25.63747 
-13.10638 65.1603 -24.45827 
-61.60632 67.09969 -24.00653 
16.39221 29.64214 7.760393 
11.13573 65.71562 -25.62583 
29.6924 -39.78196 17.5887 
17.74297 32.96713 7.634445 
21.14495 -8.313091 20.6308 
-58.55056 72.22653 -25.48767 
-57.94987 72.52304 -23.98028 
-45.88706 72.41152 -23.5358 
-44.79314 72.32077 -24.3751 
-47.5075 73.16891 -24.6336 
19.13318 -8.346363 20.27444 
61.78937 74.61217 -24.69534 
18.81579 26.82693 12.22746 
49.53285 76.10847 -24.55762 
24.21328 -8.212024 20.39511 
-11.84628 75.21313 -24.44933 
18.03954 34.24755 8.65749 
59.99535 78.41775 -26.42463 
10.55336 78.45699 -25.22929 
-7.735489 68.07012 37.43061 
-20.54153 29.64313 13.47564 
59.56625 78.43451 -23.93881 
6.336319 78.08562 -24.82205 
-10.31931 80.80355 -25.97875 
18.67055 -7.275577 20.98213 
-0.5246891 80.35857 -24.22393 
48.71738 79.05829 -24.07573 
17.74093 31.63682 10.50422 
-6.847984 82.38628 -25.11826 
48.31499 82.36983 -25.15654 
55.91282 82.9155 -25.44211 
18.24739 34.08456 12.06989 
11.81285 85.73463 -24.88118 
-23.18607 4.033926 25.92333 
-12.29871 86.98627 -25.36429 
15.12393 -49.73201 31.6923 
-14.65032 89.13834 -25.54217 
24.30638 -45.84005 27.64033 
13.67165 88.40712 -25.31171 
-21.66712 37.25753 12.87509 
20.47116 -49.01793 30.72629 
28.32839 -10.18739 16.91705 
-9.821806 91.57452 -25.99023 
-19.97447 91.36795 -24.90592 
-4.548972 73.10785 36.49165 
25.93085 -5.480151 20.40819 
-28.57239 -5.908822 20.04471 
-11.47397 93.77573 -25.51351 
-23.12927 -5.338277 21.17587 
22.08338 40.23853 11.74278 
22.3139 55.66983 28.09569 
22.32637 95.67809 -25.46185 
1.098018 61.39707 39.44283 
21.14224 39.74048 7.029723 
-16.92417 96.3729 -24.88833 
18.93124 96.30186 -23.986 
-19.53123 -5.210851 20.69467 
19.0281 -47.63587 30.89053 
-46.55146 51.71556 -25.18839 
20.00883 -46.56532 30.49436 
-7.28849 15.1433 29.39878 
17.27095 -45.59634 30.27827 
-36.39886 55.09257 10.1633 
-23.24852 69.73929 26.07492 
-4.492708 55.62258 -24.8733 
3.877152 56.49872 -24.1232 
-45.19628 56.50673 -25.04099 
25.625 45.92043 12.26884 
51.98814 57.06565 -25.03848 
26.99505 -4.395089 20.97365 
-60.7738 57.78435 -24.42845 
55.43122 58.49908 -24.86624 
57.49391 59.4692 -24.21954 
6.8536 60.21297 -24.28185 
16.51261 80.89063 8.440688 
-1.707525 -6.6566 47.44277 
49.21203 60.78862 -24.74393 
-63.06728 60.7147 -23.57547 
49.51863 61.79705 -24.64464 
-9.286528 62.25242 -25.48676 
-27.86139 47.46391 12.11122 
-63.29678 64.11566 -24.77024 
-18.19361 -3.506063 21.02046 
59.41705 63.76776 -24.76277 
34.22677 49.02116 12.01111 
58.98534 65.09723 -25.27695 
-43.44701 66.84277 -25.39425 
-5.980204 14.33226 29.12792 
61.0091 66.95217 -25.22495 
-30.8621 51.18902 11.67466 
-32.19672 -2.822585 20.37543 
61.94833 69.96451 -24.63182 
-4.535079 75.21397 35.5982 
-25.871 -10.55308 16.82613 
13.30272 -2.44817 20.25074 
-55.88572 73.45725 -23.32699 
-49.9341 74.11694 -24.68268 
-53.71303 74.1869 -23.4743 
28.49603 -2.577243 19.93041 
11.09227 76.35384 -23.90823 
-10.6644 77.45716 -25.13836 
5.955974 78.4511 -24.74844 
6.148834 79.72527 -24.75425 
6.928915 80.4577 -24.40585 
4.700281 80.24291 -24.49352 
-9.66608 81.39514 -24.00375 
-4.857022 81.32415 -24.41679 
-3.44872 81.03862 -23.57539 
58.58494 80.4223 -23.9751 
-32.44741 -1.34637 20.60999 
35.82283 56.58023 11.98966 
-11.23217 84.51894 -23.93788 
7.615229 84.45737 -24.25845 
-34.23105 0.05585022 19.65296 
7.630079 86.7012 -23.57198 
52.33413 86.32203 -24.72259 
-27.24629 -47.59618 25.29377 
-18.7832 87.60169 -24.32991 
14.66325 -37.07426 16.19882 
36.37786 46.8406 7.582193 
-8.076204 89.53902 -24.10468 
-20.10578 89.55787 -24.67361 
-0.4242293 -6.114256 47.3894 
12.15694 92.40149 -24.79379 
-12.37603 1.672866 20.88092 
21.3345 93.39622 -24.45623 
-12.36901 94.57753 -24.62733 
15.41992 95.00142 -24.57013 
34.40892 61.24503 11.28737 
-14.73565 96.14738 -24.86741 
-48.10752 51.28531 -24.77481 
-52.66508 51.23994 -24.34792 
-5.972515 3.329064 31.16189 
-46.0459 50.9948 -23.55577 
-56.92706 53.53745 -26.37016 
-45.33388 53.30708 -25.03665 
-29.7192 63.47598 11.98428 
-35.79234 2.268868 19.30362 
3.345082 3.897311 31.528 
47.40969 57.18893 -24.20492 
39.7024 50.17481 7.438249 
-29.74208 58.72801 19.06591 
-43.79929 58.37252 -24.43524 
-35.99804 49.95748 8.561619 
-6.696834 58.45067 -22.80777 
58.78486 59.73586 -22.59448 
38.05711 55.13525 9.948682 
9.008002 63.22754 -23.30141 
10.40791 63.07648 -24.22051 
-43.14651 63.92138 -24.63534 
25.05328 71.1352 11.28723 
-43.52356 65.76389 -24.50735 
-62.6591 66.5144 -23.07019 
-40.65723 66.84796 -24.36855 
22.22439 74.03567 12.80333 
11.90143 68.0564 -23.87836 
-13.22118 69.25443 -24.72267 
12.37261 69.96484 -22.58909 
-60.76224 69.42101 -23.91279 
61.52629 71.15907 -23.83575 
-59.75304 70.541 -24.18652 
3.948529 5.576777 21.32848 
-24.36508 -26.33451 19.44745 
-22.69757 77.38736 12.68047 
-10.9687 72.64953 -25.58517 
61.46721 72.26932 -24.0506 
9.751699 74.47813 -24.40031 
18.50336 78.74096 12.34835 
10.87938 77.43788 -22.51988 
-0.9640721 5.778773 20.48789 
-5.800106 -4.542667 47.98703 
-9.836926 79.74831 -23.83461 
18.2741 79.84046 11.538 
2.049396 80.25491 -23.71592 
14.66874 33.48354 26.80169 
10.16003 81.54571 -24.89652 
48.6772 81.38699 -24.71918 
56.48204 81.88102 -23.65826 
-18.26853 82.51544 13.26179 
13.15548 -47.07035 26.12277 
1.93922 13.05999 29.84521 
48.35896 83.23763 -24.66249 
55.01258 84.91283 -25.2367 
15.50147 -40.18108 26.4129 
49.80502 84.84574 -24.0031 
16.15331 82.55537 12.40883 
50.93888 85.71834 -24.01766 
24.56297 -40.48407 27.75541 
-0.4576966 12.31459 30.6785 
28.34036 8.678164 20.73951 
-14.44238 87.22474 -23.90697 
0.4423183 -4.748512 48.1282 
-19.57326 88.34625 -24.04143 
-34.12685 8.373368 20.62934 
-24.18208 -10.10039 16.88069 
-17.14621 88.61555 -24.4402 
-2.304296 11.9986 30.84836 
14.55317 81.66264 7.17223 
15.52218 88.89742 -23.39682 
8.390584 14.31056 26.76321 
13.95443 -44.98683 25.79074 
-39.99535 -34.71709 18.01106 
22.03176 94.18459 -24.70088 
25.29546 11.99635 21.14208 
-31.43894 12.61686 20.23758 
-38.07012 60.08802 8.060267 
20.98718 95.75007 -24.06345 
-49.30036 50.83161 -23.87833 
-47.20473 50.35182 -23.28631 
-39.32016 -38.96154 10.53259 
-57.24151 53.75237 -22.47443 
-44.82854 55.56877 -23.56768 
-3.990868 54.95054 -22.51464 
2.31241 54.47142 -24.27397 
3.888197 55.66025 -22.19942 
48.17018 56.38623 -24.01808 
53.09723 56.29815 -23.58986 
46.97601 57.27216 -23.79578 
53.80847 57.82393 -24.43286 
54.99987 56.6735 -23.2111 
-31.00644 14.10369 20.20195 
-61.5895 58.72391 -23.83023 
56.46397 58.06451 -23.18604 
-42.94751 59.60639 -23.31525 
6.832801 52.39197 37.59135 
25.69193 -26.63224 27.35526 
-43.35302 61.20624 -24.29246 
7.668797 62.27388 -22.6872 
1.300855 0.5017524 41.36823 
-39.36021 -37.38267 10.13712 
-36.05623 61.41603 7.788126 
60.67074 65.94068 -22.87267 
60.13059 66.26267 -24.40562 
2.497458 19.78144 30.95151 
-13.55218 67.55956 -24.3905 
-28.05538 -53.53653 13.6949 
-25.36055 -39.02081 9.938535 
5.388444 19.55881 30.51773 
26.25186 -44.57489 25.00725 
36.45502 62.41073 7.73098 
-58.9409 71.23336 -24.37099 
50.04424 72.01034 -23.88171 
-49.39854 73.48804 -23.60831 
-31.94358 63.75628 7.153417 
60.02592 77.24404 -23.45608 
-10.09429 78.94305 -23.74847 
18.66084 21.7165 20.15726 
5.589834 80.52325 -23.82924 
-1.878299 81.12223 -23.74399 
7.461712 82.89084 -23.58816 
-10.26632 82.49141 -23.09567 
10.87237 81.82555 -22.23725 
55.25875 83.97728 -23.49817 
-6.244669 85.08275 -23.98911 
54.05626 85.70172 -23.894 
33.08279 64.51531 7.466573 
-18.23223 86.16852 -23.63572 
-12.31176 84.54128 -22.9015 
-16.15925 86.36826 -23.37986 
13.63658 86.95746 -23.47929 
16.93078 -35.39087 27.99532 
8.459287 88.39181 -23.69493 
-18.67448 88.72704 -23.39017 
10.00905 90.25277 -23.98932 
-8.871248 90.6918 -23.63697 
16.70047 91.25542 -24.6938 
-18.7888 90.6488 -23.35891 
20.79497 91.72107 -23.26598 
-24.4786 -36.83625 9.959462 
-5.154475 -0.03865178 42.96911 
-18.51028 31.30419 22.5293 
13.44554 -49.14578 29.90184 
26.57483 68.00599 7.943966 
28.24069 66.50602 8.17851 
-56.16516 53.15935 -23.58012 
-43.63847 53.02131 -24.16896 
-42.52824 53.1759 -22.54384 
-42.64386 54.85386 -22.94359 
-58.74559 54.61645 -24.68124 
-59.0379 55.54326 -23.44518 
-16.20721 77.46392 26.25338 
49.62215 55.84253 -23.51815 
-29.82324 68.17644 7.227493 
50.81918 55.42775 -23.35936 
-60.51689 57.2229 -22.41821 
17.88508 36.84102 20.7575 
-43.80188 56.90642 -22.82895 
25.72226 69.60672 6.65984 
47.46775 58.479 -24.20478 
47.88043 58.79172 -23.17151 
6.573749 60.25587 -23.46725 
-7.363639 60.48594 -22.19523 
-9.036318 62.47904 -23.21403 
6.880095 22.42483 30.92552 
60.51715 62.71612 -22.54047 
11.13093 63.54741 -23.20091 
-42.7766 65.5554 -23.80026 
-40.76626 65.22411 -23.01688 
48.61117 65.80012 -23.27045 
-14.17881 67.56931 -21.48045 
-39.60509 -36.72444 10.87104 
12.33957 66.81349 -23.45755 
32.67567 -45.45537 13.46382 
8.090305 23.92919 30.52957 
-62.32389 68.45645 -22.87066 
-40.96532 68.59823 -23.60119 
12.3228 -30.6639 18.39461 
-41.72532 69.23125 -22.60559 
49.92946 69.26388 -23.60269 
-15.29746 79.58336 25.70434 
-43.36284 70.8244 -23.23301 
-13.46324 71.33244 -23.30742 
11.45142 71.60598 -23.29291 
29.99199 -45.02255 12.62178 
-24.34323 73.65775 6.861399 
-12.51805 73.33125 -23.29921 
-25.47144 42.80844 20.56408 
-27.12264 -43.85757 11.87524 
-55.05631 72.83985 -21.71135 
-52.27894 74.41306 -24.23592 
48.7029 74.6699 -22.57457 
-8.469988 47.91531 37.38344 
48.91309 77.40638 -23.61724 
4.579496 80.41604 -22.65821 
2.516948 81.00568 -22.85423 
3.068009 80.64494 -23.10222 
6.125724 81.80545 -22.08139 
-3.511071 81.40853 -23.17557 
13.46593 35.1949 26.82273 
-1.405523 81.11803 -23.56153 
56.57018 82.00758 -22.5767 
56.14677 82.7299 -22.50447 
48.44811 83.46262 -23.65332 
-5.35894 84.0887 -22.87619 
-34.99092 57.97002 10.34648 
50.14876 84.40536 -22.52903 
-18.12415 85.31481 -22.9731 
-9.414871 25.16053 31.03878 
-22.47793 76.51297 8.436874 
-18.99429 86.83574 -23.4062 
-24.59086 -40.7711 12.19286 
26.09065 -14.19868 19.15014 
-10.62267 27.19297 31.03713 
18.92043 91.66393 -23.67199 
12.20724 92.52475 -22.43186 
21.2413 92.44415 -23.29202 
-17.98143 93.08203 -23.09042 
-39.79427 -38.27556 11.83645 
-17.06466 95.07175 -23.3853 
16.158 94.75484 -22.72412 
-29.10675 56.59848 19.99478 
21.67546 93.8717 -23.90361 
-16.0817 95.62135 -23.44607 
2.211775 75.57381 35.68108 
-54.04984 51.38208 -22.17909 
0.6672293 53.52259 -23.74969 
47.37802 55.14367 -23.32958 
33.21972 -27.62975 17.80203 
-35.94283 0.9496987 18.48304 
-29.01147 63.20351 18.12279 
-40.93164 55.37866 -23.07109 
7.230422 55.72507 38.48362 
26.60507 -32.00089 27.63553 
56.72529 57.34678 -22.02 
-33.39835 -6.486879 17.6867 
59.54766 61.65357 -23.29107 
-16.96936 82.17823 8.380998 
27.88256 -35.62968 12.14347 
-42.41895 62.84316 -22.53454 
-9.348518 63.98107 -22.02911 
48.49752 63.09021 -23.26248 
-42.65946 64.55151 -23.02727 
-9.671653 63.20304 -23.43808 
60.65105 64.55434 -23.31367 
-39.27679 63.97327 -22.39012 
12.34352 64.71234 -22.66847 
25.15267 66.26689 19.98991 
-40.1041 65.98379 -23.0303 
60.70316 67.31982 -22.58018 
-40.35943 67.58295 -22.20094 
-12.00671 53.41204 37.01063 
60.79772 67.83476 -22.07179 
24.16797 66.82157 20.62919 
-26.37318 67.48093 20.95096 
15.18259 -34.10472 12.51055 
61.92392 68.9768 -23.12469 
-61.84668 69.36131 -22.69818 
-58.21479 71.97912 -22.66135 
-44.40958 71.49344 -22.61527 
-25.82546 69.85986 21.31079 
14.29008 -33.36484 13.59956 
-50.44966 73.33874 -23.1276 
-21.42648 -32.23772 12.61645 
-22.87675 -26.95622 17.89522 
10.15526 74.31145 -23.26805 
60.45687 75.28499 -23.40958 
-10.71436 56.78741 38.22005 
11.85164 76.37839 -21.90407 
-11.66832 78.32015 -22.83399 
-12.57885 33.94085 31.02424 
9.786725 79.57036 -23.00089 
22.16624 73.56213 20.88008 
-9.8229 80.50141 -23.02582 
9.174456 86.89104 8.22153 
-40.24643 -30.82019 12.14562 
6.92466 81.44462 -23.44133 
-2.422741 82.15507 -23.09436 
1.240122 82.1954 -23.17359 
7.962419 88.20869 6.546174 
-4.703972 82.58039 -23.06932 
-2.397272 82.78419 -22.82255 
-15.1669 34.73903 29.22263 
-20.98728 -27.52576 12.38054 
-17.04835 84.35048 -22.69554 
-41.38843 -26.84044 13.29472 
52.23587 85.48903 -22.62869 
8.655069 88.88076 -22.38905 
-21.27003 -24.54963 12.63306 
-0.0336352 -2.368171 49.13988 
20.24351 90.30884 -22.59541 
20.89122 91.18741 -22.86256 
-0.04185301 89.58781 8.619185 
18.98598 -28.82339 27.72289 
20.8477 92.35783 -22.70608 
-15.0494 94.24013 -22.32976 
-16.03349 82.41176 21.00532 
-49.03205 50.04895 -22.28379 
13.31823 82.02573 20.81343 
-43.58117 51.77028 -22.29387 
32.58902 -23.29734 13.15294 
-40.7909 54.36773 -22.66571 
2.506593 90.1123 8.889767 
-1.712543 53.68813 -22.89764 
0.226685 -5.897105 41.26232 
12.86775 82.53314 20.46832 
48.54439 54.63499 -22.69521 
51.94594 55.26892 -22.79907 
46.43439 55.92404 -23.369 
7.389196 37.33235 30.69193 
33.43631 -20.90998 12.21884 
-5.968113 57.05883 -22.6811 
45.68109 56.41816 -22.72474 
-22.09889 -19.63446 12.73903 
12.82679 83.77015 19.8385 
7.882969 38.39569 30.64031 
-42.96813 56.15889 -22.60409 
-62.36152 58.41376 -22.68686 
-6.296722 -10.72506 55.90337 
5.679918 57.89128 -21.6337 
58.11088 59.21302 -22.58023 
48.5107 60.40477 -22.92908 
-7.82757 61.98006 -21.80279 
-22.25177 -18.09937 12.49486 
-63.48514 61.46786 -21.58923 
-3.986015 84.94319 25.83886 
32.31948 -17.65103 12.3349 
9.325913 63.89933 -21.86116 
-42.03044 64.16466 -22.42021 
-11.73554 63.8493 -23.40658 
-23.96916 -16.39057 12.92995 
-38.92958 65.26088 -21.75351 
-62.89972 65.68303 -20.01175 
48.63113 68.3851 -22.66005 
21.41063 53.22128 28.86641 
1.344012 85.0941 26.05966 
-5.226276 87.43149 20.19591 
31.88286 -14.50598 13.00074 
60.08984 72.40274 -21.43431 
60.83925 73.08607 -23.02258 
-3.457242 -6.291438 41.54372 
-12.94991 75.09367 -22.59081 
-40.67093 -13.83342 12.36618 
11.79854 77.21458 -21.74806 
9.964312 80.87722 -22.65791 
-23.54332 -23.75442 18.13992 
-39.70292 -12.89517 11.74518 
-14.28171 80.86726 -22.1884 
-14.28076 84.07442 -22.41251 
7.059955 83.3836 -21.99445 
13.58218 -53.05424 22.20293 
49.13921 82.79183 -22.77134 
-16.15301 83.69627 -22.40291 
-18.02811 85.84579 -22.57539 
-6.964549 87.38977 -21.7537 
19.35484 90.77905 -22.92805 
-25.55942 62.72296 27.12911 
20.6051 89.90055 -22.28374 
20.9395 91.18721 -22.46014 
-9.834172 91.53654 -22.24095 
7.715137 57.93024 37.95741 
-19.45766 41.24892 29.62831 
-37.98952 -51.48462 20.13068 
-12.61721 94.1703 -23.16063 
0.5478523 -4.845422 36.56443 
-14.5303 91.87815 -20.61271 
-13.89304 95.22483 -23.64075 
14.81512 41.72918 30.62596 
-22.65397 -50.22816 20.94503 
-50.64304 50.93821 -22.98464 
-52.78751 50.97856 -21.79243 
49.89771 54.13367 -22.66137 
-41.26595 53.30123 -21.66751 
1.070916 54.34206 -20.90596 
46.79746 53.8974 -21.66634 
13.01364 -26.83029 19.73065 
2.991877 54.96893 -21.78289 
-39.78423 56.18959 -22.21306 
-40.04553 -21.84882 19.13234 
46.71698 57.5196 -23.24174 
-39.36417 57.05059 -21.53703 
-40.34232 57.87192 -22.14087 
-5.786968 58.05073 -21.18357 
-63.33707 59.96031 -22.19798 
-42.61164 58.16409 -22.19143 
-38.74866 58.51137 -21.53789 
47.75261 58.34735 -22.2506 
57.41906 58.35038 -21.73007 
-39.14154 59.93421 -22.23018 
-41.8101 60.04255 -22.08638 
40.52811 -52.53256 6.951258 
-63.49691 60.31502 -21.62901 
-51.61643 -52.49661 8.3474 
47.65204 60.23633 -22.30413 
-41.45296 61.63406 -21.84431 
-18.0514 44.44681 30.63942 
-39.833 62.08576 -21.91829 
48.01115 62.12175 -22.44775 
-23.97506 -46.18805 20.46279 
60.96856 63.42162 -21.49149 
47.5735 64.02884 -21.55381 
12.39937 65.01844 -21.11937 
-39.6422 67.19582 -21.48815 
-14.39317 69.7593 -21.98885 
48.05306 70.52924 -21.95802 
-4.616581 -5.560017 42.0293 
-58.88471 72.12128 -21.78773 
-45.57519 71.55962 -21.80163 
48.08834 72.07379 -21.71621 
12.01484 72.64248 -21.20138 
10.17515 73.46014 -23.6906 
-53.13438 73.12312 -21.69789 
-51.44535 73.53116 -22.50566 
19.13287 -34.03942 29.0274 
-13.54722 74.37994 -21.68071 
60.45751 74.52515 -21.17426 
58.77681 79.30524 -23.15815 
59.38272 76.29296 -22.02013 
-12.22121 78.33593 -22.1297 
-35.04699 -5.878077 17.01386 
58.16358 79.75974 -22.20058 
10.4669 79.48284 -21.67924 
48.75091 79.5779 -22.68476 
-13.17307 79.97055 -22.16007 
4.426457 80.87886 -22.07249 
-11.45299 81.87001 -22.34604 
57.22397 80.84518 -22.28703 
-15.04669 81.11467 -21.88502 
3.147449 82.36494 -22.19451 
5.166187 81.85949 -21.65333 
21.82926 -49.05085 29.57897 
-25.84834 -43.39282 20.9635 
-16.39801 82.70717 -21.8479 
-11.94637 -0.1094204 11.57651 
-21.56063 52.50366 30.30887 
51.41024 83.524 -21.73301 
-17.04501 84.09206 -21.84767 
18.04186 49.81848 31.13951 
53.44121 84.37585 -22.21668 
-25.31153 -40.95977 19.82986 
-15.6763 35.95303 26.7242 
17.27911 88.53261 -22.1853 
20.21206 89.06581 -22.01703 
-52.16031 -50.25595 8.093753 
-39.51864 2.084429 12.57058 
-35.78641 -39.33026 20.92185 
20.40147 90.79163 -21.87928 
18.45267 52.69495 30.77968 
17.11067 94.40005 -22.07542 
19.74398 94.58942 -22.77367 
-45.77634 50.87561 -21.75634 
18.74956 -51.15176 7.854957 
35.23178 -49.55541 8.458133 
12.88042 -52.78827 27.1266 
53.0207 55.22855 -21.75314 
3.597962 55.42683 -21.57022 
12.56198 -5.835394 17.03888 
45.06255 55.4446 -21.91523 
-38.16378 -36.52071 20.67357 
-59.73628 56.12222 -22.94556 
32.952 -49.2051 8.91095 
31.36856 -35.45824 21.04492 
-4.841734 56.29555 -22.02337 
-6.192101 -1.542913 37.11031 
-61.47601 56.93953 -20.9256 
-22.10683 55.27654 31.13088 
-6.497871 88.5865 18.02189 
58.85368 59.12931 -21.74761 
-6.472821 58.72925 -21.45749 
60.13681 60.28505 -21.21441 
46.8354 61.20752 -21.72056 
-38.69661 63.28085 -21.13367 
-8.643652 62.83945 -21.99756 
8.303684 63.56516 -20.38953 
-23.76871 -20.42093 17.93568 
-12.28554 64.63259 -21.98088 
-10.65176 64.62109 -21.93792 
9.959742 64.16207 -22.13823 
-37.53428 8.02169 13.15668 
47.3245 69.05069 -21.39962 
60.30154 68.7586 -21.14689 
-62.13556 68.78677 -21.26749 
12.99753 -32.30267 20.63094 
-38.32551 -33.00732 20.82693 
-42.47365 70.56284 -22.03862 
60.76217 70.58186 -22.10577 
-56.04621 71.9046 -20.48888 
-13.47544 72.63089 -22.09268 
-57.20823 72.26434 -21.96589 
-46.87152 73.10356 -22.84876 
-48.75692 73.40985 -22.05924 
-11.73926 76.79865 -23.53321 
48.76272 77.79776 -22.77998 
19.39701 -53.072 27.34109 
32.07766 -32.39246 20.49957 
22.40347 59.63369 27.7989 
-13.57942 79.81339 -21.55496 
27.89551 14.53999 12.04696 
-3.8121 -6.593022 47.30017 
-14.96933 80.89963 -21.35176 
24.5056 16.57988 12.04972 
-38.144 -29.57546 20.92968 
-4.597586 83.762 -22.42909 
15.09799 84.89847 -21.33302 
18.74078 61.51273 30.89051 
-15.24561 37.16357 27.50005 
25.55114 -28.05323 27.8801 
19.79292 63.21239 30.28582 
-10.27427 12.76653 28.02933 
19.14285 87.17332 -21.40815 
21.95634 19.07824 11.6896 
-38.84819 -28.24379 20.76856 
19.87862 87.96343 -21.17701 
-1.542277 -3.758574 53.68298 
-16.20468 92.1337 -21.38771 
20.93868 -46.27735 7.39783 
-10.74827 91.39774 -21.01906 
-23.77448 22.29976 14.92349 
18.46735 64.03396 30.73044 
-48.43295 -46.16264 8.534597 
-52.22747 50.3027 -20.24477 
-50.19955 50.29032 -21.61086 
-46.97721 -46.01163 7.622078 
-54.1844 51.78424 -20.83834 
-56.64949 52.85323 -21.25743 
21.44856 -45.16973 7.513383 
48.64353 53.17516 -21.39772 
45.58286 53.49556 -21.41975 
51.3253 53.76154 -21.96932 
-22.17187 23.75818 13.32869 
52.49923 53.92475 -20.89199 
43.74951 54.82616 -21.20675 
53.82887 55.23079 -21.71522 
-13.13612 53.09835 37.1284 
44.2324 55.68425 -21.08483 
55.92396 56.09163 -21.5539 
-5.057568 56.8731 -21.0546 
4.62639 56.82088 -21.65702 
-20.9422 26.83425 11.751 
-25.582 -25.08574 20.67002 
6.697402 59.86116 -21.73919 
32.67805 -24.6637 20.68043 
47.56383 59.20866 -21.37579 
21.00709 -44.7084 8.231524 
7.502197 62.45537 -20.5115 
61.74529 64.52225 -20.49054 
-9.651625 64.38869 -21.28589 
19.12106 30.6708 13.13683 
18.12234 32.6991 11.89772 
-13.74608 65.95685 -21.8087 
61.56845 66.7095 -21.14906 
12.79216 69.87276 -21.44246 
-60.39071 70.35953 -20.47612 
-43.83648 71.34361 -21.07318 
-59.60468 71.23428 -19.74364 
18.45091 35.1943 13.45535 
-58.22821 72.68423 -21.10324 
-51.59502 73.378 -20.89347 
-37.65519 -22.12415 21.21103 
11.66675 75.08493 -21.98199 
-26.28156 -52.01379 26.01846 
58.54683 77.76797 -20.75947 
-31.5738 -44.05944 8.278945 
32.59741 -22.72366 21.52855 
21.38988 39.2259 11.78476 
-23.58471 39.50204 11.24574 
49.79876 80.72195 -21.0949 
-7.16087 17.31388 29.22853 
-15.96768 82.09669 -21.35481 
-1.682349 2.334545 27.81241 
-16.20198 83.06998 -21.33341 
31.16687 -19.76834 21.11493 
-1.964904 83.63252 -21.40972 
1.016256 83.52663 -21.3854 
-29.54389 -19.85788 21.22638 
-17.56637 70.76376 30.67332 
-4.316798 84.63107 -20.42051 
-16.96337 71.41721 30.54117 
29.4328 -31.6885 25.81085 
-0.0109897 2.309771 27.89914 
-5.573054 85.58299 -20.39822 
-32.76021 -43.15305 8.102803 
24.17226 43.94856 12.35462 
-16.06933 71.94614 30.94667 
-8.201133 89.60019 -21.64559 
11.00029 90.63803 -20.48107 
19.20093 90.85426 -21.20532 
-22.41949 -33.40042 10.57004 
17.60833 91.31803 -20.13315 
-12.88182 92.97037 -21.72645 
29.95553 47.62501 12.25502 
17.31896 -18.70203 20.79515 
-38.00946 -43.12125 7.708756 
-48.02441 50.1248 -20.89573 
-45.41374 50.18574 -20.25866 
12.41841 37.26955 27.23122 
32.29746 48.38817 12.2577 
-44.32224 50.92659 -20.81831 
20.32122 -27.14314 27.48759 
29.58651 -18.01011 20.66419 
-57.04744 53.98693 -19.9191 
-0.5669143 54.2948 -20.78007 
-37.70839 -18.391 20.46843 
-58.97454 55.89702 -21.21435 
54.30735 54.98003 -20.94337 
45.43029 56.41919 -20.38058 
-29.21511 51.78085 12.90471 
32.12569 -18.80865 17.6737 
-28.24401 -40.44019 8.322067 
-29.94994 53.44724 12.57679 
-38.45395 60.69034 -21.18051 
-8.918351 69.31062 35.99852 
6.176734 59.8489 -20.40545 
-38.07985 62.71348 -20.14053 
1.761492 2.887142 37.33367 
35.79394 54.98162 11.83919 
19.6054 -17.65776 21.28509 
9.520589 65.05588 -20.45135 
11.62228 64.78227 -21.29776 
12.70603 66.6351 -20.31642 
-40.68904 68.0724 -20.87907 
46.16709 68.45208 -19.72124 
-12.45333 69.55051 35.12581 
24.18454 -16.04635 20.08954 
26.31878 -17.25032 22.02489 
59.95258 70.16203 -20.29722 
35.8964 58.33705 11.3904 
23.33039 -15.87298 20.14083 
-44.87727 71.20889 -20.14709 
-56.26901 71.60893 -19.90142 
-30.7 58.51294 12.60769 
-47.09415 72.26516 -20.69919 
-8.172 13.4931 28.78586 
58.92091 73.41972 -20.11383 
12.01489 73.77187 -20.48396 
47.69066 74.3453 -20.51756 
-6.538501 -9.620739 55.08453 
10.60875 76.91599 31.91085 
12.50024 77.19268 -20.88571 
48.5748 75.9371 -20.38731 
-4.373054 14.93925 29.67652 
34.42329 59.36456 12.48274 
12.90846 78.13595 -21.05845 
-27.07358 -50.21964 26.17174 
-12.17857 79.10414 -20.95109 
49.66774 79.19411 -20.05127 
-13.97767 81.22863 -20.55257 
13.62317 81.26188 -21.03289 
49.18095 82.27371 -22.20345 
56.78867 81.08643 -20.76092 
-14.83355 82.35532 -20.59456 
4.986026 82.73535 -20.77744 
25.61754 -6.997351 20.59546 
3.72354 88.47675 17.65326 
28.81349 63.51181 12.89522 
-24.90763 -6.479097 20.72708 
10.08723 78.9926 30.69807 
17.58397 -6.893712 20.41087 
-16.7918 86.3258 -21.83142 
-27.24387 -5.655524 20.60644 
-0.8767341 -5.699643 43.73912 
19.91343 89.24136 -21.18623 
-30.10508 65.5777 12.20838 
29.38152 -28.30846 25.73898 
23.84155 -6.65897 21.4501 
-38.39037 -34.11543 7.930099 
14.11719 92.47239 -20.7027 
15.77124 91.55745 -19.79853 
-46.72414 49.68266 -19.58999 
13.34985 -23.83821 19.06102 
-10.1517 69.49564 34.89623 
47.62123 51.69836 -20.07943 
-42.24752 52.16119 -20.09154 
44.47252 53.05989 -20.53909 
50.55522 52.73554 -20.6713 
23.68147 72.8905 12.61581 
-0.9312681 54.19422 -20.13723 
1.705595 54.73068 -20.66199 
3.452739 56.34924 -20.21883 
-3.425025 -7.037665 56.81772 
-62.0374 57.44378 -20.52843 
-5.787159 57.10463 -19.65608 
57.86182 56.97754 -19.81631 
-38.28358 58.23208 -19.49943 
46.33833 58.86915 -20.45539 
59.10659 58.94593 -19.78072 
5.34007 58.28796 -20.37069 
8.792873 59.90717 38.11933 
21.87447 75.85457 13.171 
-8.771233 60.57115 -19.00707 
24.465 -4.671116 20.71497 
26.02929 -51.51666 24.68114 
-38.15877 60.61798 -19.71672 
60.52864 61.05898 -20.33259 
-39.22384 -31.81934 7.779167 
-22.34926 -32.16761 9.441636 
-4.540672 82.60724 29.84034 
-12.50433 65.43718 -20.80518 
27.00741 -32.68821 7.862845 
-14.56261 66.93431 -19.89923 
46.72653 66.64824 -20.40292 
25.14138 -48.17799 26.39504 
-15.32291 69.45567 -20.10925 
46.76796 71.01105 -19.85131 
-16.86323 -2.688054 21.29047 
-41.46898 69.10315 -20.95732 
-58.69538 71.65522 -19.37165 
16.97121 80.47543 13.1566 
-39.95389 -31.71475 8.454601 
-49.95055 73.04333 -20.87139 
-0.06112194 82.85215 29.7461 
-31.11998 61.87938 10.83278 
58.74234 75.50662 -20.25375 
0.9048883 81.99761 30.73014 
11.90407 76.13051 -20.35204 
48.74451 75.85595 -19.38022 
27.02957 -0.8391526 22.09209 
49.25683 78.09956 -20.37092 
-11.87065 78.31634 -20.57094 
57.37533 80.07309 -20.64746 
14.56818 79.64729 -20.59586 
50.62472 79.21721 -19.42951 
13.80097 84.59159 12.26216 
-15.7591 85.18087 12.55895 
16.39536 81.32954 -20.13383 
55.89962 80.74663 -19.63174 
16.50918 82.68641 -20.3245 
29.92001 -26.4227 24.55872 
51.1314 81.96721 -20.52429 
54.43035 83.57341 -21.04311 
15.31272 -52.84634 30.80812 
22.38487 -30.10647 7.76228 
53.49409 83.06751 -20.34007 
19.86093 -52.67405 31.29543 
2.147538 83.29887 -20.12133 
6.312487 83.28999 -20.13141 
28.53331 -1.281097 20.61662 
28.27666 -31.35566 8.308908 
-1.854633 84.00098 -20.19349 
0.6368435 83.85966 -20.38498 
18.13671 85.15646 -20.83383 
-17.03541 89.06755 -21.44348 
7.953797 87.13071 -20.77835 
19.37349 -29.67092 7.627602 
9.14399 87.87229 -19.0354 
-10.31112 88.47171 12.37036 
-9.460585 89.97567 -20.35483 
-37.08932 -14.51744 17.19173 
-14.07878 0.03958464 20.49445 
-14.16094 90.3792 -19.74305 
-11.55569 90.62753 -20.07223 
20.10035 -51.04438 31.24451 
-47.94194 49.61442 -19.1036 
-49.56676 50.38958 -20.08342 
-55.69835 52.54816 -19.75051 
-40.56104 53.75272 -19.76793 
46.17638 52.62924 -20.39258 
-10.29224 60.67518 38.05611 
-34.82291 1.453949 20.00918 
-6.082745 90.04862 12.25414 
-21.42905 -28.81389 8.221108 
-2.91125 55.03214 -20.55442 
-59.30384 56.50765 -20.20135 
10.14796 2.471881 20.4264 
57.04936 56.74636 -20.35363 
9.927097 3.232268 21.20073 
-47.30893 -53.6453 12.58844 
-33.78564 4.345853 21.27673 
-40.9417 -29.10148 8.274266 
29.94186 -53.30894 11.41652 
46.47505 63.36624 -20.51414 
-47.94182 -53.10104 13.00419 
-10.2626 65.05253 -20.0879 
-39.60612 65.58443 -18.82351 
10.94736 66.09612 -19.62557 
12.12561 66.09737 -19.83994 
-14.74836 67.79742 -20.2741 
45.78045 70.66839 -19.06391 
12.80364 70.78797 -19.44917 
-14.96399 70.87112 -20.14415 
-46.04412 71.87194 -19.43887 
-14.98609 72.19692 -19.67487 
16.09722 -48.70229 31.87111 
32.20014 -27.15716 8.223436 
-49.67524 72.20111 -19.547 
47.36013 72.86904 -20.55907 
-41.49008 -26.61381 8.756089 
35.94611 -52.83054 13.2224 
12.36802 74.73161 -19.6316 
34.17767 62.6473 10.19475 
13.17877 78.01022 -20.09894 
-27.9078 -52.05328 11.31697 
56.58381 78.14788 -18.71597 
-0.8691502 -2.136945 31.19854 
-11.75024 79.91916 -19.2012 
-3.625649 -1.084882 31.26729 
15.64235 80.96391 -19.22676 
52.58084 80.32307 -19.37406 
1.162052 -1.135272 30.91479 
54.26689 81.46141 -19.5547 
-13.78069 82.70602 -18.99674 
17.37139 -15.34341 17.38264 
17.41063 83.44872 -19.79516 
-1.299789 84.6106 -19.30868 
0.9186034 84.57681 -18.80926 
-21.31169 -26.03082 7.52316 
7.214339 84.7797 -19.21537 
-15.95744 84.30726 -21.07576 
-4.128729 -0.007170456 30.66247 
-26.20074 -51.14207 13.40084 
18.45191 85.79715 -20.27283 
18.26248 86.79954 -20.10336 
-7.42865 87.98458 -20.78004 
-1.168278 4.521281 37.03296 
-7.063432 7.067127 21.1735 
17.73215 -24.07114 25.12398 
-5.940985 7.271759 21.44989 
3.714545 62.70143 38.95139 
-26.44474 -49.44765 13.33602 
36.54847 -49.42684 12.52175 
-41.62445 52.01648 -18.47932 
51.93306 52.9431 -19.39432 
32.97623 -23.81384 7.877184 
54.11787 53.61552 -19.81892 
-39.42033 55.41706 -20.16283 
-2.821414 54.76677 -19.108 
1.656618 54.61912 -19.56163 
-6.68001 43.37135 35.97002 
-5.523403 -1.260758 45.7747 
-4.747921 55.99805 -18.98151 
5.631981 57.53298 -18.65003 
45.65127 56.93541 -19.94924 
-61.96048 58.14104 -19.44586 
-10.92193 11.56861 27.70767 
-45.74635 -46.0514 12.65275 
-6.402862 58.29127 -19.65131 
33.1657 -23.52313 8.879904 
8.770195 62.82693 -18.79672 
-25.76844 -45.60552 12.3302 
34.08029 -45.95184 12.51489 
45.80413 61.1286 -19.60488 
-10.01079 63.43457 -18.81599 
-63.12917 62.27259 -20.34119 
-11.76552 -0.2502646 17.91936 
27.19176 -42.53054 24.94609 
9.019366 64.63646 -19.8524 
10.18696 65.8954 -18.91171 
45.14762 65.14001 -18.62473 
-39.5291 66.88713 -20.30253 
12.16032 66.68652 -18.75142 
-4.255297 8.349763 31.8128 
31.25115 -44.70606 13.42473 
12.78926 68.55768 -20.05375 
60.95205 69.59686 -19.01151 
-42.52183 -21.48915 7.62613 
-42.91799 -20.42491 8.675557 
-26.50811 16.70544 20.03291 
45.56105 72.97093 -19.42242 
-14.37587 73.61692 -19.06245 
19.7613 -43.66188 12.47604 
25.32343 -43.38457 12.61822 
-13.71065 75.20531 -19.92184 
-21.66245 -20.05685 8.317844 
21.69025 -43.47121 11.454 
11.89946 77.36504 -18.53818 
-40.40678 -42.01583 12.6972 
15.06595 80.10263 -19.67067 
-42.63608 -18.66679 8.449613 
23.86236 -42.45055 12.52702 
-22.48157 19.81756 21.28975 
-25.77817 -41.9286 12.77952 
-2.769788 84.95928 -18.97776 
-14.33713 85.00738 -19.24384 
-22.29839 -18.36346 7.965369 
-40.74107 -37.99614 13.29756 
-23.28147 -38.08119 12.50788 
-8.804986 63.07633 38.26722 
-42.92728 -17.13204 8.565042 
24.72182 -39.76984 13.44622 
-50.91182 50.22541 -19.10087 
14.77361 -39.16457 25.70672 
-43.83086 51.34592 -19.23324 
49.43168 50.89503 -18.5678 
-54.46486 51.484 -18.81899 
-13.26386 14.49076 27.92366 
16.72786 25.4807 21.70742 
-40.71508 53.01495 -18.2797 
-58.01344 55.10206 -18.26004 
-5.662546 19.73703 30.85261 
3.882966 56.04076 -18.62556 
42.25985 54.63038 -19.33114 
-38.96474 56.59989 -19.20766 
56.28463 55.88079 -18.99903 
16.93194 -36.33951 12.64065 
-2.971691 19.83445 30.98989 
20.21899 -37.9608 13.05669 
58.49675 57.2381 -18.69501 
24.18452 -37.17221 12.42986 
25.86016 -37.34777 12.38411 
-40.70528 -37.30166 13.39039 
-37.70452 61.65822 -18.60503 
44.77386 61.39932 -18.81292 
22.14107 -37.33859 12.82542 
-4.421915 21.16523 31.18508 
-62.00008 67.24442 -18.89322 
-31.23286 -47.46405 6.479833 
-40.41294 68.12175 -18.325 
-2.626377 -10.14561 56.06393 
12.81582 66.99136 -19.18167 
-15.36353 69.16082 -18.5462 
21.74074 -26.03329 27.04024 
-40.11518 -36.32524 12.45796 
-44.37025 70.32551 -18.5443 
-43.43189 70.37762 -19.00776 
-54.06306 72.12095 -19.26342 
-0.3614499 20.80783 31.10965 
-52.59912 72.58186 -19.72024 
-51.82927 71.83561 -18.66707 
-47.79759 71.84885 -18.50113 
-8.74677 18.06641 29.21466 
58.80721 71.60892 -18.89244 
-15.37585 71.7226 -17.33736 
-41.32512 -13.40615 8.558943 
45.44052 74.42578 -18.44015 
57.79214 75.17695 -18.56554 
46.1463 74.66248 -19.52264 
-39.96103 -34.09537 12.66375 
48.53709 75.57832 -18.67684 
57.12315 76.97953 -18.92824 
-11.62915 78.86353 -19.18346 
-10.12228 65.29387 37.48299 
27.92021 -39.20199 26.08403 
54.8332 80.25725 -18.42245 
16.26212 83.01814 -19.05116 
-4.408215 85.14349 -19.56334 
18.42763 -22.90527 25.26327 
-24.56286 41.85012 21.39573 
-37.18815 -0.3097835 17.36104 
16.75128 86.61789 -18.99367 
-24.44504 43.88996 22.02758 
21.96544 42.4487 21.1681 
29.275 -36.39085 25.46837 
-10.17607 88.56937 -18.63015 
11.88074 90.10277 -19.28843 
-25.16331 44.20639 20.48417 
43.47543 53.11609 -19.41219 
44.80964 52.16791 -18.7314 
51.8766 51.25925 -17.44993 
31.29998 -30.74311 12.57741 
-39.72602 53.70314 -18.56242 
-1.325848 54.28716 -17.76812 
29.25187 -8.877942 17.15819 
3.884794 20.89567 30.88947 
1.508913 55.04898 -17.83972 
23.92798 49.35503 21.24062 
42.28715 56.02934 -18.78688 
40.42777 56.4614 -18.16066 
23.55899 50.40442 20.18815 
-60.87777 56.92329 -18.51364 
-5.909595 57.42109 -17.96968 
44.9783 56.91139 -18.95146 
15.00478 -36.2194 26.52451 
45.25662 59.46566 -19.07922 
-38.07256 58.12203 -18.80876 
23.50499 52.14888 20.74615 
6.979222 60.0386 -18.58749 
5.933217 14.71885 27.6974 
12.62078 -28.07229 12.7133 
-9.27335 62.62268 -19.39874 
61.33352 62.26943 -19.61801 
-61.89252 60.52082 -18.44711 
-38.05524 63.3881 -18.12932 
-28.89784 54.01712 19.24457 
16.20362 -18.42623 18.48304 
-39.07645 65.15392 -19.38358 
9.417473 64.30289 -18.12042 
-30.03111 -9.033146 17.88286 
-24.1317 -22.59193 18.99593 
32.83338 -26.87086 12.07927 
61.77857 65.98314 -19.02476 
61.18022 67.79037 -19.66112 
-15.24302 70.48927 -17.90161 
12.25742 -24.98085 12.69645 
-28.94776 61.19758 21.7819 
59.99938 70.68506 -18.03064 
-53.58952 71.21855 -18.12984 
-49.19783 72.09837 -17.91364 
58.00763 72.73087 -18.48466 
25.41277 61.21257 21.37252 
-14.35208 74.65264 -18.5812 
-8.735634 22.7164 31.00478 
-13.21895 76.20433 -19.20437 
11.90252 75.78603 -18.25634 
-12.30961 77.24867 -18.53793 
12.8138 -23.12907 12.6633 
14.27313 79.79495 -18.24125 
55.55297 79.04413 -18.65267 
-11.55635 80.74596 -18.16094 
5.045296 83.12963 -19.26649 
-17.63212 -5.374474 9.704318 
24.12542 64.54897 21.18439 
-5.710333 85.91497 -18.47276 
-7.149239 87.0177 -19.1417 
-27.14414 66.32475 20.93521 
-6.642003 86.07901 -16.9969 
15.44166 88.13814 -18.48423 
-12.58437 88.5162 -18.58604 
-9.316067 88.6681 -19.10332 
22.40464 -32.70868 9.676902 
-25.7426 67.70847 21.77942 
-50.71204 49.90965 -18.14729 
-48.79179 49.8868 -18.75231 
-45.43417 50.43917 -18.40221 
-43.15265 51.05233 -18.03946 
46.56398 51.22257 -18.5487 
-2.470192 0.1039712 47.39359 
-52.47721 51.09326 -17.82136 
50.70109 51.2099 -17.7273 
7.953444 71.48577 35.88709 
16.36013 -18.59829 11.21361 
0.6024981 24.91149 31.40442 
53.63486 53.13589 -17.98576 
8.048109 0.862591 15.93956 
-56.3269 53.91307 -18.27488 
41.54992 53.38803 -18.38958 
32.02182 -17.05338 13.3963 
-38.8929 55.48286 -17.99096 
55.44421 54.44046 -18.41411 
-41.51311 -16.41616 12.55618 
57.29757 56.32396 -17.89934 
-38.67355 55.83284 -16.69621 
-14.65075 -0.4914877 6.388285 
20.98591 74.73225 20.41846 
43.957 57.45681 -17.76271 
29.3534 -33.13927 25.48452 
59.8515 59.11153 -17.64511 
43.99293 59.72128 -17.5255 
-38.2556 60.35222 -18.42992 
21.09249 73.3578 21.91538 
-40.8511 -15.59881 13.26583 
15.78592 -14.18956 11.23196 
61.80259 63.69315 -18.55014 
44.37461 66.0521 -17.75638 
61.85442 66.42833 -16.75885 
-13.31925 65.89167 -19.20329 
-40.78231 68.90175 -19.18493 
-24.68037 -13.04638 12.57495 
-24.231 -12.75148 12.86363 
-38.28722 -12.60973 13.30221 
44.8717 71.49265 -18.87704 
15.89578 -13.20284 13.30846 
-55.15687 69.99924 -16.91608 
9.955675 26.47971 30.54479 
44.41811 73.09184 -18.57162 
57.15632 73.71687 -17.78598 
7.325137 16.31992 28.45443 
50.28249 76.73315 -18.24508 
50.73893 77.74763 -18.38141 
-11.86175 78.6881 -18.09246 
54.11137 80.28772 -18.40803 
-11.92158 82.96415 -17.33985 
6.416843 83.91643 -17.78713 
-26.15807 -9.313908 17.75078 
8.764091 27.37491 31.13964 
-10.01299 28.45161 31.04371 
14.44293 84.7703 -17.78129 
-1.916783 84.69372 -17.67406 
-0.6425015 84.87479 -17.56337 
-13.56095 87.01389 -18.58884 
7.662106 85.41382 -17.85861 
8.412433 2.206393 18.247 
8.937573 86.33228 -17.33481 
-18.25216 -8.867579 11.97503 
-47.89553 50.29369 -17.13728 
-46.90767 50.17828 -17.67814 
-44.60507 50.14067 -17.4374 
-39.31643 3.896196 8.751965 
-57.29948 54.8611 -17.48928 
-39.97488 53.74537 -16.95315 
40.66836 54.42173 -17.50998 
-59.31297 55.39536 -16.61935 
8.724935 31.91026 31.0671 
-4.730937 56.28016 -17.74361 
-16.704 -7.120558 11.8886 
40.84867 57.61687 -17.32336 
-61.56853 57.9899 -17.37849 
-6.909118 87.66749 20.20787 
-4.215787 46.15443 36.94231 
6.149501 59.11094 -18.47562 
-8.211035 60.03483 -17.78536 
5.855094 59.56757 -17.45776 
34.3619 -5.83424 11.66093 
-37.98791 61.2876 -17.47485 
11.67943 -5.077782 12.33571 
60.80997 60.85698 -18.44038 
8.813001 62.28916 -17.57307 
-5.195261 70.9253 36.86468 
-9.525301 62.39725 -17.49743 
44.46978 63.25092 -17.78869 
18.22652 39.60659 27.01348 
-14.10794 66.12422 -18.40749 
-10.79901 65.94648 -17.89209 
34.09839 -4.512897 12.06566 
-15.15594 66.91623 -18.3793 
12.34119 67.68626 -17.36821 
-32.62173 -8.31716 17.51964 
61.20248 68.82872 -17.95222 
1.741147 88.02259 20.27478 
-59.24371 69.42448 -17.37374 
10.27062 -2.648779 12.58012 
-6.154196 -2.076197 40.21932 
-14.50639 72.75394 -17.09029 
57.4496 73.21618 -17.28666 
44.5339 74.11792 -17.85805 
28.27179 -33.33624 10.18542 
-14.4136 74.11285 -17.31953 
-38.28339 5.476963 9.259006 
55.65511 74.97969 -17.40448 
-13.26511 75.66766 -17.51023 
47.50341 75.86272 -17.75778 
52.05141 76.70622 -17.72655 
54.97389 77.50643 -17.67923 
5.071871 50.66263 38.02538 
53.76756 78.97171 -18.20806 
52.98251 77.06038 -17.24011 
28.61584 -29.64373 26.19727 
-39.78419 0.442647 11.27047 
2.313348 83.91244 -18.39991 
-11.13579 -1.342095 12.51104 
2.123903 84.00714 -16.92344 
28.95359 -53.05297 21.62774 
-4.343116 85.47375 -17.67224 
8.356804 -0.5499298 12.10921 
34.04997 0.7550704 12.71551 
-3.786762 5.992956 9.026621 
-36.21263 -53.06795 21.35638 
-0.1075187 5.838445 6.893971 
12.73799 88.17847 -17.95412 
12.39448 86.47423 -17.22756 
33.05201 6.319456 7.443859 
48.31198 50.54035 -17.39472 
44.77545 50.79992 -17.84084 
-9.008478 1.954744 11.73617 
43.3808 51.61712 -17.68059 
-42.50405 52.0583 -16.39126 
28.54241 -52.28188 21.74051 
53.13021 52.07891 -17.63332 
-55.42204 52.42235 -17.69029 
-22.24142 -51.5897 20.81971 
-55.74873 53.42242 -16.98321 
28.82154 -7.810385 17.77619 
56.10973 54.43358 -17.8061 
-56.47702 54.20975 -16.30628 
33.2292 3.88964 13.43756 
-3.675904 55.8514 -17.36232 
39.95845 55.45348 -17.52613 
-40.3725 -32.2177 9.628458 
-60.97288 56.88354 -16.95607 
-8.173921 58.05582 -16.6481 
-6.531276 58.41879 -18.08497 
-36.8066 9.128644 9.775057 
-35.82025 10.31785 8.526307 
30.68101 10.28184 8.270481 
-36.7874 -50.0423 21.6427 
-37.63937 60.4419 -16.8481 
6.713171 60.14867 -16.87003 
-0.4369255 -5.492243 49.01432 
61.06428 61.29684 -17.37634 
62.62565 62.85621 -16.30491 
-23.15898 -48.51588 21.12436 
-38.83022 64.68571 -17.51863 
-38.94843 65.67921 -17.33629 
-39.97657 66.6117 -17.56496 
61.84234 67.28852 -17.89994 
-42.12454 69.12108 -16.87013 
-37.60513 -44.98247 20.49824 
44.61873 69.51796 -17.51387 
60.95779 69.23453 -16.1312 
43.11053 71.21414 -17.87138 
-52.69911 71.0269 -16.63521 
-45.82765 70.98503 -17.77789 
-50.43258 71.84731 -17.22255 
59.92019 71.14607 -16.80107 
12.81457 72.86407 -18.56708 
45.87147 75.06124 -16.78905 
14.01929 -45.90397 21.10273 
48.41636 76.09939 -16.94643 
49.65843 75.78156 -17.96494 
-38.9869 -16.38012 17.77186 
54.68269 75.47498 -16.82714 
-30.02155 15.18842 7.207118 
29.69684 13.18708 12.57835 
-34.90611 12.72524 12.19646 
12.90066 79.5528 -17.13216 
-35.32793 -44.90742 21.92419 
15.12728 82.4015 -18.15558 
-34.94357 -43.73136 21.34803 
0.7432094 84.70522 -17.26838 
27.66963 15.03602 13.60748 
-19.24953 -6.366248 17.93345 
10.59677 86.8929 -17.19253 
-30.03332 16.51397 11.94848 
-50.0616 49.82879 -16.80437 
-28.95778 17.27452 13.40196 
19.76171 -23.23609 25.5491 
7.763482 39.25892 31.12799 
-24.76082 1.413216 24.94722 
23.65795 16.77423 8.366733 
-27.30084 17.7703 12.41127 
21.74229 18.16694 13.63203 
-26.08173 16.55791 7.725349 
-25.28772 17.73917 8.022498 
-2.775795 55.18915 -17.71427 
14.16214 -40.05687 21.17912 
18.79244 -24.41118 25.89579 
57.88707 56.95566 -16.88434 
-37.96952 57.19923 -16.52577 
3.387663 56.64671 -17.01059 
13.9565 -39.46344 20.95204 
-12.14293 18.81595 28.17483 
5.485989 74.72202 35.29543 
7.670312 61.30897 -16.53924 
43.77348 61.39819 -16.95284 
62.11729 61.7919 -16.38479 
-24.27255 20.25007 8.001288 
30.28328 -38.00917 23.06042 
-26.30232 2.17213 24.89313 
-26.38165 -37.29768 21.57891 
-61.66908 65.10503 -17.21223 
-13.0433 66.03356 -17.5455 
-60.31422 67.89575 -16.8102 
19.13404 28.68905 12.599 
10.81818 66.82725 -17.34511 
26.54462 -24.23075 26.67165 
13.39163 68.94653 -17.47139 
42.98082 69.25761 -16.83562 
-56.98137 69.64207 -17.04193 
-37.63948 4.564674 16.04791 
-20.14224 32.72825 12.45513 
-53.73289 70.00847 -15.93705 
-37.97221 -34.27084 21.14014 
41.65783 70.73468 -16.17488 
-16.10295 71.41745 -16.55328 
-27.17678 -48.9829 25.56563 
17.81088 22.91398 6.302774 
13.21744 42.75666 31.78442 
43.4482 73.22243 -17.03458 
12.77121 74.31638 -16.94609 
-13.99463 75.63422 -16.30434 
50.4206 76.18966 -17.02958 
50.92206 76.25154 -17.51196 
11.65474 78.12012 -16.95491 
2.01791 -0.714661 40.9912 
-25.69925 -35.18833 20.97088 
-10.72184 81.86578 -16.54471 
5.534436 83.6166 -17.19607 
-11.9398 85.69341 -17.50781 
-3.159948 85.9617 -16.4026 
-1.48762 85.50181 -16.60958 
-22.97653 38.94534 12.10829 
-11.274 87.20958 -17.73173 
14.77683 43.89792 31.43488 
-2.827903 47.27368 35.85818 
11.87852 21.61776 26.7242 
-7.962836 85.72327 -15.74453 
21.49483 -22.60736 25.88923 
-45.93132 49.8903 -16.49574 
-20.35317 25.85509 7.754783 
49.96888 50.60531 -16.17269 
43.51813 50.8228 -16.2491 
-43.80011 51.3367 -16.30436 
0.4093322 54.40792 -17.53655 
16.54372 46.38593 31.04592 
-3.180651 53.59016 -14.60917 
-19.70172 47.39906 30.91322 
6.801649 46.65969 36.09153 
-38.35392 -31.14316 20.9877 
56.98198 54.89316 -16.93774 
-12.46507 46.568 35.37803 
5.10241 58.03558 -17.08249 
27.5132 47.56163 11.91303 
58.98975 57.87029 -17.29575 
12.82504 -30.77288 21.32364 
42.79535 60.57971 -16.24379 
43.22062 63.67494 -16.69765 
13.28551 -29.01137 21.20037 
8.391995 62.66917 -15.98567 
-61.25141 64.22708 -15.80432 
-38.78078 63.2599 -16.50153 
-39.82368 66.48914 -16.02854 
-16.3141 66.33004 -16.64654 
10.19089 66.13307 -16.88317 
29.7049 -5.991458 17.73381 
10.29294 67.34776 -15.70519 
-24.94375 -27.87772 20.63061 
33.09373 50.02492 12.90623 
43.83275 68.02014 -16.52259 
13.40851 -27.42418 21.74615 
-41.33088 67.77781 -16.29741 
-21.84659 41.2549 25.74829 
13.84273 68.46108 -16.01772 
-43.69942 69.80378 -16.96614 
-47.82583 70.76707 -16.52651 
-19.80382 34.0467 7.679383 
14.07568 -26.01235 21.69724 
-37.62136 -26.27283 21.51549 
35.10184 52.08146 12.49095 
59.00322 72.74435 -16.54483 
-26.42517 -26.25411 21.20848 
44.29243 73.64343 -16.2323 
55.76556 74.63094 -16.60687 
46.93766 75.48743 -16.73723 
18.32116 55.30003 30.78582 
-13.19538 77.17928 -17.47014 
-13.23667 77.6009 -15.69563 
35.48347 54.61776 12.31977 
12.89668 81.49742 -16.7377 
11.29518 83.93121 -16.24773 
30.97745 -5.046679 16.95116 
3.544989 83.85823 -16.7071 
-9.937057 84.03497 -15.88078 
-8.562657 84.74246 -15.06793 
9.298988 84.52016 -15.80492 
27.55698 -22.29592 25.7401 
46.99491 49.75454 -16.75886 
-49.31838 50.216 -15.87474 
-47.1019 50.09584 -16.06407 
-31.57561 57.11316 12.20826 
-51.60301 50.63619 -16.53831 
14.42952 -23.0827 20.91906 
41.44815 52.10444 -16.37462 
33.1414 58.87457 13.55618 
-26.6823 -22.21569 20.67244 
31.74464 60.14953 13.06903 
26.52639 -25.89243 27.32707 
3.638448 56.11673 -15.62774 
4.942084 56.65168 -15.776 
-29.20936 69.16383 10.69932 
-29.65295 62.48113 12.78462 
18.78185 59.73874 31.19607 
-37.57998 59.39373 -15.83966 
-59.71576 58.88316 -14.03668 
60.49231 59.93116 -15.68261 
-37.59101 60.50351 -15.13091 
-60.91509 62.51385 -15.99565 
24.49254 -21.64174 26.13997 
26.47213 66.6444 12.5169 
9.04145 63.85199 -16.09728 
62.86371 64.09236 -15.74247 
9.864092 64.63686 -15.88871 
43.29594 64.98503 -16.10805 
-10.75124 64.29176 -15.83412 
18.44325 61.58076 31.2945 
-14.32975 65.8666 -16.53654 
13.27592 24.35291 26.84858 
24.20379 43.07952 8.81674 
-29.49026 67.84572 12.63165 
-42.97253 68.44349 -15.34756 
25.92978 69.42944 12.02808 
-16.34051 68.65952 -17.01979 
-1.422923 62.69456 39.31643 
41.46214 69.19482 -15.925 
-20.90657 2.168653 25.29909 
42.49614 71.87153 -16.1825 
-26.61668 73.25682 12.71131 
25.6089 44.70972 8.598255 
56.63981 74.74635 -15.15067 
53.22449 76.13317 -16.44248 
49.24765 76.2057 -16.43367 
-11.69331 78.67832 -15.07373 
-10.9934 79.53014 -16.49279 
-24.30213 75.89596 12.56218 
11.19883 80.05689 -15.52403 
2.729578 84.73479 -15.48518 
8.02327 84.72759 -16.03557 
-32.87685 -18.56111 21.1966 
-0.8396724 86.08907 -14.66404 
43.18225 49.70885 -15.03253 
31.7811 4.52468 17.1652 
45.13883 49.93324 -15.87416 
-48.29525 50.07273 -15.40046 
-45.61077 50.91158 -15.32244 
-44.44394 51.17242 -15.52664 
34.35248 46.65945 8.349477 
52.46355 51.09155 -15.83507 
40.47765 51.69515 -15.13766 
54.00232 52.57568 -16.34546 
-54.21589 52.27066 -16.24272 
-39.07074 53.89545 -16.15776 
40.54699 53.47046 -16.14884 
-54.68052 53.60258 -15.23661 
-18.15907 67.75358 31.60591 
55.74393 53.9215 -15.90622 
-5.745365 55.77226 -16.17301 
-4.57365 55.20384 -15.15207 
-17.50529 69.55801 31.33739 
-36.83027 56.52807 -15.58842 
-8.927902 57.90116 -14.88596 
58.97976 57.81116 -15.19514 
-60.68111 57.20628 -15.1479 
21.9432 -7.065832 21.14643 
38.79727 57.85032 -16.04819 
42.55109 58.56007 -16.32011 
39.64431 58.57844 -16.35206 
-10.42765 61.33985 -16.11799 
61.53001 60.18266 -13.83327 
15.9072 70.5078 30.94864 
-38.24173 62.17709 -15.60395 
37.85312 48.50694 7.66538 
42.46987 62.79799 -15.25257 
-16.55301 64.69652 -14.51685 
19.77089 -6.137704 21.53641 
-15.0267 65.50972 -15.70254 
-13.20314 66.09916 -14.28659 
-12.15127 66.49137 -16.20294 
-41.47053 67.24353 -14.46831 
-16.95604 68.41976 -15.53564 
12.60711 67.92525 -15.24934 
41.33716 68.43058 -15.36532 
9.201084 87.4962 13.27968 
-36.88124 6.413935 16.85863 
-15.66179 73.4445 30.87748 
-16.59487 69.91193 -15.55285 
-51.09499 70.16926 -15.32687 
15.5178 72.21519 31.25395 
-14.98425 73.7354 31.44661 
31.58123 -30.21568 10.33593 
13.5587 72.57856 -15.62959 
-15.61603 72.61603 -15.71826 
57.38629 73.75951 -15.60872 
-15.27057 73.81789 -16.21486 
-14.70261 75.05451 -15.64664 
-8.841218 89.17924 12.97189 
46.66424 75.44654 -15.80595 
52.98014 76.19434 -15.10959 
12.10448 76.02687 -16.18514 
11.15314 78.26662 -15.19097 
-4.46567 -0.4387705 47.86555 
12.70221 74.30964 31.1771 
15.77512 -30.45472 9.179921 
6.186286 83.60017 -14.59896 
10.46297 -1.575912 18.15047 
-10.85271 44.15581 -15.1143 
-7.683327 44.15618 -14.99795 
-9.654263 47.8324 -15.17621 
34.77714 -53.54924 13.94912 
-2.424139 6.813099 17.5257 
-14.05779 75.06339 30.64846 
-44.11491 -53.61531 14.3563 
-13.13516 48.12851 -15.35344 
-38.7646 52.64632 8.193446 
-36.07736 -0.7250283 18.33582 
48.06968 49.64779 -15.41165 
4.628307 89.60518 6.932774 
39.87717 53.21239 8.38003 
-47.04322 50.28934 -15.35675 
26.31344 -3.417214 21.56621 
-40.91251 52.32547 -15.89768 
24.53131 -44.47323 26.7676 
-52.58698 50.99766 -15.72291 
41.73221 50.89817 -15.14814 
-39.10546 52.08075 -15.08179 
54.86665 52.45757 -15.01958 
-53.25967 52.13843 -14.44189 
-30.24559 -3.824471 20.93683 
-31.39444 -53.18879 13.68821 
-56.79886 55.04484 -14.55316 
-3.911652 54.81021 -15.46984 
3.185928 54.61437 -14.25817 
17.61642 -53.02005 13.22393 
56.96423 55.23352 -14.60748 
-28.44261 -4.205698 21.46699 
-58.00919 54.96971 -16.02844 
58.59114 56.79198 -14.65843 
-14.26115 29.96089 28.55612 
-35.95506 58.4693 -14.75743 
-9.84364 59.3344 -14.80467 
-3.454498 67.73156 37.80609 
40.09458 55.24335 8.181922 
8.339715 59.88581 -15.06556 
8.871533 61.42641 -14.52745 
41.40392 61.66936 -14.33055 
-37.73443 61.46645 -15.15422 
-22.63951 5.322207 25.89901 
-9.360469 79.55593 30.35318 
11.6134 -1.66524 19.94873 
-18.08156 65.75922 -15.27856 
-12.00046 65.8847 -14.53589 
42.94261 67.38517 -15.55482 
-21.25903 4.275288 25.21464 
-58.79354 67.33964 -14.25429 
10.38813 -0.3034391 18.39367 
61.45134 67.79665 -14.94165 
-57.37524 68.93021 -15.26636 
-55.67157 68.8235 -15.82489 
-13.60322 56.54499 37.3773 
-20.11524 3.588998 25.13557 
14.03059 69.25462 -16.02666 
36.54656 -49.58857 13.86348 
-44.62599 69.79774 -15.14985 
60.49716 70.19521 -14.97092 
12.47224 0.08071364 21.09921 
-47.02594 70.01451 -14.36245 
-13.41677 50.76918 36.62938 
-48.96122 70.94324 -15.67778 
17.81921 -49.11737 12.62584 
-16.09824 72.49827 -14.154 
27.17807 1.11032 21.79673 
-8.792292 89.14088 7.856105 
17.35987 -47.32742 13.97669 
44.96735 74.31561 -14.88287 
28.48265 1.527751 21.07841 
52.07393 76.03321 -17.00741 
50.64363 76.48357 -15.46255 
-8.548561 79.77615 31.46465 
10.80733 79.63211 -14.95572 
13.01336 31.03747 27.55117 
-1.120565 69.18512 37.97285 
-14.03197 1.722218 22.49899 
36.12352 -48.08596 12.87814 
-48.43161 -48.05853 12.74079 
-8.976493 83.03573 -14.11712 
18.02084 42.54507 26.9287 
8.023791 83.7555 -14.6369 
-6.381461 80.4971 31.6893 
9.569589 0.3674722 18.12718 
38.43113 60.54965 7.475342 
-33.07147 3.04773 21.6698 
34.59981 -46.56917 13.32063 
-13.32915 42.323 -14.51105 
-10.34336 1.560087 18.02888 
-40.55319 -29.42541 11.38072 
-13.89865 44.19167 -14.79794 
-43.74515 -44.98713 13.32717 
-17.07527 47.17193 -14.36123 
10.47244 3.682846 21.89806 
-14.81876 32.22725 27.80504 
-15.99398 48.65442 -14.80224 
-14.64074 49.61629 -15.01114 
-2.32093 -6.301496 48.71031 
-39.54455 50.26192 -15.1423 
47.02223 49.65754 -14.45845 
49.8893 49.78925 -15.22802 
-35.00019 62.67965 7.604257 
29.60617 -44.58675 13.61529 
-41.68513 51.20548 -15.1126 
-11.4196 51.13798 -14.49886 
51.84096 51.20225 -14.68467 
-46.38524 51.0673 -14.38922 
-12.87886 -0.1665895 19.63782 
-1.330034 53.00248 -14.26789 
13.57326 32.66422 28.02133 
1.790621 53.56405 -14.64986 
-30.49463 63.3131 9.051908 
-5.058148 55.0487 -14.5438 
26.59668 -43.61427 13.18784 
-14.82024 50.47027 36.07591 
-32.95506 5.390261 21.6524 
-7.165661 56.41875 -14.74388 
20.5157 -42.81022 12.20392 
3.98653 55.89135 -14.21736 
-5.026607 5.882164 25.41982 
17.96577 80.2404 18.74703 
13.09179 33.95852 28.78832 
30.36414 8.623795 17.00786 
-7.61577 6.324338 20.83549 
41.74173 60.46283 -14.84071 
-59.85666 62.19738 -14.17602 
38.19564 60.83206 -14.70748 
38.56301 60.75825 -15.02697 
-39.83759 -39.57103 13.65845 
-36.48119 62.25617 -14.48087 
2.686575 5.929069 21.20241 
21.17372 -38.61025 13.05747 
-38.20047 62.91493 -14.92511 
-38.9361 64.33344 -15.49899 
20.26612 54.73764 29.72941 
-3.620809 6.257108 20.84708 
-60.13668 64.93437 -14.71842 
9.535648 64.30059 -15.04644 
18.91241 -52.2345 31.9933 
9.981231 51.87778 36.21315 
30.37574 65.30922 7.32252 
-29.03402 65.7294 6.831475 
-25.37542 72.84618 10.23844 
41.93802 65.84308 -14.46623 
39.87421 66.54548 -14.10445 
21.58944 -38.51485 13.0599 
-41.98347 67.30585 -13.84815 
10.1151 67.37043 -13.64654 
-21.86298 6.834904 26.37353 
40.20235 68.57052 -14.64618 
-29.14262 66.67623 6.961186 
41.29392 69.79643 -14.66444 
-46.04195 70.70709 -16.1 
14.89596 71.16735 -13.95288 
13.71089 71.37978 -15.30921 
-16.72606 71.27073 -14.70801 
59.13134 72.1431 -14.49546 
-15.13979 74.83718 -14.24323 
55.30258 75.1011 -15.31522 
54.35508 75.85108 -14.8547 
-14.31867 75.62828 -14.79593 
51.24685 75.7151 -14.11247 
25.81843 10.85683 21.49876 
-13.0467 77.55974 -14.81849 
27.83952 -37.05091 13.91131 
-10.38619 81.12703 -15.46177 
10.06349 81.98917 -14.87505 
-29.13398 70.00074 8.482411 
2.284417 84.89294 -13.74923 
-6.049349 85.56332 -14.98525 
-8.51705 40.08209 -14.29659 
18.22168 -49.44754 31.80925 
24.5535 71.48975 8.301074 
15.94122 -35.97747 13.20585 
9.914902 43.04672 -14.1662 
-4.33767 42.89589 -13.99691 
22.92554 72.95452 10.93185 
3.944651 44.27805 -14.28163 
-5.533421 46.63346 -14.47061 
4.469201 46.75085 -14.1219 
7.314237 46.25242 -14.55836 
-2.154359 -1.960884 31.42553 
-27.23629 15.23395 20.93226 
-4.655277 -0.5499493 31.86128 
-3.763548 -5.929814 48.67528 
-0.05702112 89.59296 6.9383 
-14.66663 36.40105 28.03246 
-40.27872 49.62799 -14.70768 
49.07594 49.28449 -14.45306 
-43.02666 50.70958 -14.02595 
11.88399 35.71767 28.30338 
31.32513 2.836163 17.25042 
-49.13904 50.2377 -14.61756 
2.317455 -0.5462573 31.73825 
-51.19658 52.11096 -12.68165 
-51.8437 51.99679 -13.66214 
-50.92278 51.09259 -15.00007 
32.13591 -29.42212 13.3795 
-14.09569 53.02633 -13.91812 
22.61001 73.47687 7.92578 
0.8463817 52.5101 -13.89392 
-21.09075 21.15811 21.44994 
-5.860625 1.860322 31.28096 
32.16952 -28.38133 12.68152 
19.99631 74.67123 7.966983 
11.78815 -26.86908 13.46715 
-5.615756 53.71727 -14.09723 
55.75138 53.21619 -14.20332 
5.337878 2.999304 17.23902 
-6.639114 54.80375 -14.05022 
39.09158 53.8325 -14.5409 
-57.46817 55.8092 -14.00878 
-16.43015 73.30343 28.7676 
-21.26006 21.94473 20.6524 
32.33555 -25.3406 13.57448 
39.1149 55.18102 -15.47563 
-34.92959 56.60688 -14.35964 
-20.68239 22.7688 22.26224 
16.25611 23.23796 21.73312 
38.29385 58.62549 -15.00072 
2.501037 7.048174 32.11718 
-17.90502 3.679869 25.03172 
19.27013 76.7198 8.083405 
-11.33507 60.33749 -14.45659 
14.5965 38.56327 27.93907 
38.31029 61.56946 -13.47708 
-19.68233 24.65631 21.99187 
39.42575 61.7757 -14.27265 
-21.3537 -22.89104 12.45596 
-18.64499 26.87691 23.12936 
-20.92326 63.20466 -14.02292 
-19.65041 64.58575 -14.59347 
-19.24622 63.94436 -14.48994 
-20.59193 78.3586 7.891547 
-14.63823 65.24931 -13.54839 
16.52405 29.23357 21.16788 
-40.29276 66.07259 -14.65764 
-42.07304 -21.4041 12.77323 
15.3139 67.51393 -14.36296 
15.72504 68.32826 -14.62934 
-23.12656 8.26337 25.91049 
-54.70729 68.65237 -15.052 
-35.52731 4.838597 19.41594 
-17.01959 69.34554 -14.40177 
1.085786 89.92529 6.267941 
15.15118 -18.99479 13.2653 
-20.05462 32.59342 20.31723 
-41.88639 -18.67104 13.65119 
43.104 71.8945 -14.37101 
14.51048 72.65924 -13.87681 
-19.03804 34.78324 20.3753 
43.54935 72.5269 -15.34458 
13.1606 75.04822 -15.30866 
-19.13303 36.46231 20.65926 
0.4253519 9.224024 32.13913 
27.74795 12.75151 16.9637 
-11.82928 79.13857 -14.10746 
-3.755887 -4.600832 36.43616 
1.185977 85.26938 -15.76565 
-25.0416 -15.48537 12.1524 
-5.050314 40.52312 -13.51289 
30.60508 -15.42334 15.61244 
-22.25584 40.81826 20.11833 
-15.51265 43.50055 -14.15797 
3.402173 41.63578 -13.88748 
9.338611 41.13895 -13.71739 
-17.60523 82.38036 17.92559 
-25.37325 -14.2906 12.4955 
-8.522808 19.89059 30.39284 
6.147501 42.55273 -14.46709 
-4.078269 1.652517 41.19798 
-38.66318 -13.41742 14.60863 
1.628106 22.60259 31.5938 
4.11973 22.6971 31.57353 
-4.911634 21.96813 31.45855 
-5.145549 48.69085 -13.41778 
-8.05978 49.85423 -14.07748 
23.07903 43.84964 20.60649 
48.47702 49.38881 -13.25056 
-37.18253 -10.76918 13.86303 
9.399671 49.01604 -14.19449 
-24.82973 8.374679 25.95312 
15.10561 -11.17531 13.26447 
-16.68012 51.90498 -13.52459 
14.21091 82.39326 19.34126 
-4.068389 -3.734892 38.37059 
-35.87823 51.26919 -13.05632 
53.1905 51.63285 -14.58727 
-20.96159 -10.06359 12.7353 
-2.405125 52.27121 -13.54603 
-36.73513 53.03804 -14.53987 
8.254168 88.30864 9.547729 
19.82662 4.173596 25.17687 
30.91574 3.607647 18.08518 
24.032 51.4072 22.46579 
-53.90644 53.27338 -13.91325 
-27.51658 50.30624 21.18841 
-55.53059 54.83264 -14.07755 
23.75699 52.56205 22.54833 
5.099268 56.01233 -13.71962 
38.74635 55.69265 -13.41357 
-19.10483 -9.081159 12.85999 
-8.028373 55.53717 -14.26993 
24.47915 55.66303 21.28928 
-59.31707 56.32041 -14.43243 
31.28364 -9.801882 12.66221 
6.327155 57.36303 -14.14947 
-9.848265 58.72855 37.65603 
-1.758498 22.38829 31.66204 
-9.719817 57.87452 -14.16011 
-18.03773 -7.423049 13.2333 
-11.76334 59.72073 -13.3661 
-59.10338 59.81707 -12.75057 
24.91808 57.69719 21.00422 
38.10273 59.79189 -13.54764 
10.05296 60.76583 -12.15738 
10.17246 62.03261 -13.75629 
1.130711 90.09446 7.920238 
-5.847935 4.038996 30.30626 
-21.12194 62.32659 -13.93868 
-12.43547 63.40268 -14.53157 
41.25501 64.12237 -13.78396 
-48.43221 -53.64686 10.10637 
39.19976 63.56697 -13.98668 
-13.77869 65.12497 -13.60432 
-20.75244 66.0796 -13.37383 
39.84762 64.99689 -13.65245 
-14.99555 -5.478792 12.48306 
19.33368 44.10355 27.28025 
11.4956 -6.571193 13.73931 
-20.62057 41.81576 28.70701 
16.76631 67.40537 -13.54292 
10.94677 67.87157 -13.93756 
-18.97323 67.43199 -14.0342 
-55.79351 68.41382 -13.96809 
39.84686 67.93489 -13.46084 
40.38582 69.14049 -14.11233 
-51.5881 69.5426 -13.79664 
-4.970875 -7.091052 57.05629 
-50.28679 70.09837 -14.30917 
-7.247821 9.235593 26.20233 
-4.963463 -10.45471 55.18933 
42.30471 70.23895 -13.41895 
-13.53124 -4.379816 12.98022 
13.70732 73.62249 -14.10931 
-12.5246 -2.937286 12.46028 
56.52057 74.33269 -13.67274 
46.12767 74.36687 -13.86142 
-6.953316 23.8422 31.63824 
13.03098 75.34017 -13.99466 
47.723 75.27411 -14.53866 
53.88178 75.31093 -12.98808 
12.05351 76.26031 -14.33587 
52.40699 75.62329 -13.09593 
10.87325 78.83513 -13.72473 
-39.48197 -2.847278 13.4877 
34.25197 -2.992033 13.07275 
-7.342887 84.91998 -14.45682 
17.1337 43.47452 27.99903 
33.57248 -1.151565 13.95012 
-2.31981 86.24423 -14.35021 
-9.502006 37.70855 -13.15804 
-12.99985 39.75803 -13.59221 
-7.276821 38.41363 -13.30353 
-22.29041 76.65094 19.51144 
9.080899 -1.212856 13.36602 
6.232905 39.12711 -13.42152 
-15.39201 40.66747 -13.04793 
4.86639 24.13019 31.48525 
11.52957 40.30828 -12.76554 
-9.980995 0.564194 13.59961 
19.29868 -53.47845 9.771951 
-21.23995 43.67694 27.02392 
-3.238922 43.06448 -13.34265 
-4.147344 24.88342 31.67873 
-18.94058 46.41934 -13.22477 
-2.934809 47.16892 -13.10116 
-0.8007712 24.51539 31.20972 
2.241561 24.65669 31.51398 
27.91471 -53.17889 9.644264 
12.08844 48.38363 -13.63277 
9.888703 46.76342 -14.43384 
-38.90322 1.53044 13.61017 
33.94686 -53.0383 8.633172 
-42.98232 49.75246 -13.08031 
-38.69691 49.18634 -13.17776 
6.036789 48.81504 -13.87107 
46.79869 49.04446 -13.04084 
6.442054 2.184881 13.08544 
11.82332 82.96607 21.49751 
-48.64405 51.17447 -13.36824 
-45.94492 50.84199 -12.91527 
-45.64021 -52.73341 8.995389 
-38.36665 3.977049 13.49232 
-10.45962 52.3874 -13.28539 
41.31072 51.51951 -13.57929 
3.119015 3.477395 12.95993 
-18.095 51.78889 -13.52847 
-38.4913 -52.81948 8.374583 
40.12939 53.04513 -13.31871 
8.815704 86.35989 19.93204 
-6.844793 52.98617 -13.26681 
4.779776 53.8079 -13.66243 
56.75922 54.75993 -12.80765 
33.20678 -52.63875 8.286517 
-55.12554 55.84227 -12.58716 
0.6128616 6.652606 15.63324 
-11.23795 55.57776 -12.98394 
-2.232135 25.88252 31.40659 
6.414093 56.99506 -13.82674 
9.947761 56.15182 -12.80523 
-58.79043 57.96736 -13.6408 
-0.5801374 24.96751 31.38447 
-34.00471 58.30859 -13.41223 
-11.81408 57.79873 -13.4952 
8.024878 58.83388 -13.49148 
8.840743 59.78414 -13.17452 
-21.13478 60.74244 -13.41431 
62.77238 62.07051 -12.78288 
-18.23782 63.38373 -13.79374 
28.74407 -53.52474 21.40584 
11.40303 57.11842 36.41698 
-9.291713 26.2895 31.4022 
38.33871 63.9283 -13.01234 
-33.18669 14.4257 12.941 
1.140426 0.5339358 29.76819 
-39.00787 64.14268 -13.84875 
-16.17122 64.04662 -12.80202 
39.22869 65.58001 -13.16547 
14.28718 -53.25565 22.60418 
0.4864193 6.285416 16.92863 
-44.19465 68.32558 -12.4879 
-18.61917 68.79372 -12.97965 
-53.1297 68.95279 -14.00232 
-46.01598 68.74847 -13.24033 
-43.9774 68.80534 -14.41683 
34.27273 -51.43184 8.177544 
-27.73021 18.00484 13.89385 
15.37868 70.44167 -14.02736 
58.87221 71.55663 -12.77211 
57.58876 72.6094 -12.83243 
-8.033341 8.721346 25.84299 
16.20582 5.267842 24.96167 
40.18023 -50.88451 7.408218 
47.2711 74.97542 -13.02262 
-14.06456 75.64204 -13.6384 
12.3049 75.8558 -13.30254 
49.36394 75.7309 -13.80021 
-29.47866 -50.21999 8.287359 
12.17205 77.49554 -12.11641 
18.67042 5.062088 25.24344 
-10.07493 80.72762 -13.91634 
-6.60258 25.33805 31.60674 
7.337646 82.80408 -12.8073 
5.247884 83.95004 -12.81902 
-8.532027 82.9508 -11.7893 
-22.857 -52.31204 23.09361 
-3.294705 26.92269 31.78688 
-4.619419 86.00509 -13.30698 
-11.34785 37.65227 -12.77451 
28.88373 -50.49422 21.85131 
19.10462 24.10486 12.62612 
2.065078 26.44804 31.7224 
4.188581 26.12266 31.84066 
4.364672 6.913165 25.32358 
-21.84169 25.67171 12.55684 
20.70045 47.45028 27.59481 
37.9441 -48.90848 8.060325 
-23.12751 -49.51073 23.30521 
-16.64815 57.50874 35.21652 
6.985286 25.69309 31.63957 
-49.93604 -48.23035 9.014763 
18.9063 27.09566 13.24887 
1.733555 43.14746 -13.55538 
0.4325747 44.76272 -12.32015 
1.602013 45.4504 -13.51829 
13.79727 45.74038 -13.21666 
-20.93133 31.97353 14.31108 
4.761761 49.22729 -13.25153 
2.587893 2.333478 36.32975 
0.669795 48.6884 -12.58665 
19.79983 -47.0051 7.883661 
45.24822 49.28463 -12.98353 
49.59882 49.31749 -13.7613 
1.913115 50.66079 -13.1705 
43.24457 50.25937 -13.04931 
51.50977 50.30538 -13.47126 
13.23886 58.38509 36.29276 
-21.98199 38.26044 14.26543 
-13.35612 58.05302 36.70456 
53.03532 51.50664 -13.01288 
-25.56241 -44.498 21.21859 
-19.75815 50.688 -13.33468 
13.59022 -45.29838 23.12353 
21.56451 39.70772 13.90644 
10.13573 52.69862 -12.86685 
-15.11798 58.75191 36.29854 
-34.67052 52.74344 -13.53018 
-26.90563 42.89447 15.69326 
20.46959 -45.57757 8.970739 
23.82232 41.31031 13.67791 
28.29498 -43.8933 21.30872 
-34.97619 53.77281 -14.11134 
5.540063 53.20476 -13.06751 
39.68497 54.05637 -12.54546 
-8.942797 54.31567 -13.25825 
6.324314 54.29333 -13.22941 
15.24948 -43.84137 21.28079 
7.969178 55.17595 -13.3441 
-35.49063 8.641812 18.25747 
29.52627 -45.2176 8.146626 
26.10571 47.44672 13.48555 
21.73713 17.21849 15.94299 
-34.62292 -41.53265 21.87286 
-14.46099 56.56158 -12.65404 
-27.2422 -44.00491 22.574 
59.81166 57.56179 -13.22536 
-13.33433 57.99566 -12.94152 
28.12209 48.63261 13.16283 
38.41476 57.92917 -13.37523 
-14.39255 8.652709 25.80322 
-12.18174 60.20803 -13.26125 
10.46409 58.9544 -12.94468 
-35.18567 60.18364 -13.12591 
-26.33305 -40.80368 21.29766 
-13.21945 61.62803 -13.50618 
10.87113 62.58318 -12.49101 
-34.6112 62.49076 -13.16 
6.480495 27.61965 31.68251 
-14.4565 62.75904 -13.11059 
-44.50449 -44.3203 9.150455 
-39.23633 -53.01825 18.76531 
-15.04194 64.21819 -12.88707 
-40.88563 65.00291 -13.19743 
-38.10358 64.77316 -12.88613 
-21.90071 64.49809 -12.97927 
22.17446 -44.92073 7.608271 
-41.18628 -26.54959 10.50129 
-41.28946 65.60435 -13.43652 
13.93897 -39.60426 22.92046 
-22.00553 66.54908 -11.79047 
-26.17099 -38.49311 21.72248 
18.06365 65.66712 -12.45604 
15.48529 66.96624 -13.60904 
13.33988 67.00571 -12.48101 
-57.36662 67.20076 -12.50963 
28.73491 11.60197 18.66388 
-30.2817 55.96861 13.19283 
16.22564 69.75663 -12.43524 
-18.37638 6.066957 25.53275 
-37.70868 -35.40555 20.88945 
-35.43584 -37.05451 22.25603 
35.09114 56.77293 12.92124 
-31.29648 -43.80675 8.602979 
-16.1882 71.85439 -12.90835 
-30.49483 -44.07186 8.717395 
44.57101 73.2508 -13.94157 
45.80068 73.42455 -12.42784 
-29.86338 59.4404 13.01103 
55.09828 74.73406 -13.70031 
13.47096 74.94405 -12.11131 
-14.15883 77.07195 -12.8585 
-23.93315 67.42506 26.74756 
-29.39789 61.15144 13.6507 
-36.40278 -33.25491 21.95358 
8.830727 81.5435 -12.94516 
1.337547 85.18106 -12.75423 
-2.729228 86.12766 -13.03747 
-0.5590816 85.85461 -13.11764 
5.179895 29.57439 31.73816 
-32.49731 -42.47936 8.558749 
-31.64502 -42.82902 8.684306 
2.769895 37.94323 -12.01327 
2.368005 39.67559 -12.84817 
13.40651 -25.01484 10.40851 
8.580196 29.28755 31.58007 
-29.69058 64.78143 13.00493 
-3.234192 41.00758 -12.49908 
1.123338 39.54039 -11.2313 
-17.70084 43.37535 -12.8357 
25.82115 67.90368 13.32929 
-1.954174 43.12166 -12.00225 
-23.96791 9.201583 25.99948 
-35.99105 -42.26054 8.365452 
14.23123 43.31922 -12.7449 
1.978006 46.69057 -13.34581 
-28.91782 67.90818 13.66579 
-34.09208 -42.12614 8.469358 
-33.94416 12.87994 17.97841 
-18.75452 8.091239 26.11385 
-28.39447 70.29371 12.7689 
-0.8073125 49.23053 -12.55212 
26.60483 13.1705 18.85844 
-26.20771 -31.02613 21.69575 
-36.92087 49.95314 -13.25925 
-36.7743 -30.54522 22.21795 
0.9663464 29.85444 31.54311 
-3.539771 51.11275 -12.49501 
2.512986 48.95634 -12.15758 
45.28753 49.74552 -12.12126 
22.76733 73.5116 13.70151 
-32.47366 13.70821 17.20574 
-36.67205 -28.8239 21.98882 
-27.10042 -28.92549 22.05079 
6.81961 31.37445 31.50444 
-49.82218 52.24592 -11.94926 
-5.047856 51.56921 -11.90576 
2.247133 49.70005 -12.16919 
4.347957 51.41565 -12.00552 
-33.24613 -40.74463 8.236633 
-5.77243 52.22565 -12.94978 
-7.674661 52.9908 -11.54061 
-29.37187 -41.42912 8.969225 
-52.01518 53.99733 -11.85405 
32.35408 -26.72493 21.93626 
7.117551 10.32631 26.69113 
-7.646177 53.77771 -13.02432 
-36.64539 -25.17134 22.06164 
24.61476 -23.92874 26.62398 
17.78681 79.54893 13.34407 
11.72256 9.840944 26.28125 
-15.60227 53.62569 -13.5873 
-13.55943 54.66386 -12.33432 
-27.39494 -24.86313 21.33878 
-33.12885 56.37804 -13.39711 
-16.69088 84.24945 13.51257 
-2.765821 49.32776 38.66034 
11.83111 57.29759 -12.43057 
-28.30279 -23.71974 21.78832 
25.02871 14.23148 18.43074 
-14.88918 58.65984 -13.04664 
-35.74247 61.5695 -13.98765 
-13.59118 86.69091 13.92214 
-58.41442 61.81998 -11.90545 
-14.44251 61.27663 -12.62054 
38.30526 61.41473 -11.96494 
-12.29779 87.40957 12.12575 
-33.994 61.71168 -13.11555 
-22.31809 60.96562 -12.77046 
-10.41902 33.62578 31.84643 
-19.28533 60.96859 -12.19181 
-41.668 -24.64403 9.752728 
19.94579 21.06148 16.83012 
-17.14949 63.0157 -12.26308 
-11.61216 87.16006 13.76753 
62.95335 63.19473 -12.84672 
-28.82772 -22.09888 21.55756 
-17.5494 10.11502 26.22567 
-36.72704 -39.15303 8.375426 
-40.00382 64.42408 -12.3433 
-22.47357 64.8225 -11.96943 
-40.75539 65.13404 -11.91249 
10.26434 64.83643 -13.73976 
11.18149 33.3807 30.80615 
-42.16178 66.27587 -12.19195 
39.20742 65.92224 -12.59292 
-30.90503 -20.51109 21.55946 
1.655366 89.96247 12.56707 
10.182 67.24271 -13.08924 
62.04974 66.71187 -13.79822 
-12.0015 35.53944 31.4086 
9.640308 35.00304 31.75232 
-50.60564 67.9566 -11.73382 
-49.48091 68.07679 -11.9844 
-48.56284 69.85118 -13.26872 
-37.39196 -20.05341 21.50618 
-17.19834 70.52477 -13.78681 
41.44774 69.41054 -12.60905 
59.57787 70.48502 -12.14209 
-17.08384 71.85624 -12.04954 
43.18428 71.53946 -12.77694 
-13.74574 10.90349 26.39761 
-17.12534 72.9761 -11.20864 
-15.54855 73.87942 -12.95585 
56.80912 73.2396 -12.01789 
33.20085 -53.80016 13.76265 
22.03035 53.9169 27.43863 
-38.32657 -36.17606 8.60806 
49.41072 74.86208 -11.80721 
12.45239 76.5498 -12.17721 
-14.5122 76.62847 -11.635 
-13.18748 78.44026 -12.86469 
10.75747 78.66932 -12.15716 
-9.785871 81.68014 -12.32794 
2.830235 84.49181 -12.1536 
18.38969 -53.36135 14.29598 
22.53224 -52.96626 11.91743 
6.241865 36.5924 31.47112 
4.264319 11.25346 27.66298 
-16.89923 40.06098 -11.66542 
17.94847 -44.36553 29.14236 
-5.109667 -12.07989 57.67241 
4.842114 37.23139 31.61702 
0.8336774 42.64607 -12.12669 
-1.37181 43.58021 -11.95611 
0.03353257 45.79359 -12.10021 
-30.01059 15.95724 18.19491 
-46.36404 -52.14742 14.10046 
2.922077 48.28266 38.20584 
1.060233 47.6749 -12.20528 
17.62251 -50.55653 12.77106 
-41.19875 48.55383 -12.5673 
-48.55162 -50.78785 12.94568 
-25.80352 -5.087719 21.43799 
-35.21803 49.65189 -12.59203 
-38.14706 49.24389 -11.74763 
-20.76654 10.48538 25.68532 
36.65519 -51.14814 12.86652 
22.6169 -5.557052 21.38184 
-28.4641 16.40174 17.76632 
3.523109 50.31984 -11.95422 
17.32242 -5.215335 21.5853 
4.873303 51.21132 -11.9613 
40.34253 52.38775 -12.71467 
-26.91691 -4.086347 21.52374 
6.622877 52.38182 -11.84536 
54.5216 52.24385 -12.63253 
-5.991903 -11.91696 56.91392 
15.92755 -3.294396 22.02287 
8.703181 53.4869 -11.81435 
-1.846652 0.997261 44.29821 
20.92198 15.89413 18.68883 
12.2682 40.52498 31.92639 
-10.54093 53.75851 -12.00156 
-8.950133 53.66527 -12.07567 
13.11017 52.31462 -12.80202 
21.55578 -30.84384 8.54681 
-19.36721 53.40213 -12.68828 
-22.04911 22.99687 17.386 
-9.870824 54.36258 -12.3257 
26.4297 -46.10857 26.02098 
11.31427 53.67379 -12.44924 
39.1842 54.9961 -12.00344 
-17.81384 54.74964 -11.82652 
-10.66072 54.59804 -11.95463 
-13.84276 64.78107 35.97664 
-16.60334 55.49768 -11.86345 
-54.10973 54.63623 -12.17444 
-12.68613 55.19353 -12.01939 
33.52105 -46.6367 14.33336 
-54.24244 56.55605 -11.36584 
-16.37324 55.99973 -12.02975 
-16.53482 56.79504 -12.79726 
-22.54233 56.47216 -12.02231 
-21.54262 59.00953 -12.63851 
-22.35709 58.48611 -12.48323 
-25.04596 -44.81082 14.60539 
-20.77112 57.24114 -11.74518 
-18.63718 57.08117 -12.50405 
-29.9845 57.34383 -10.81506 
-55.33112 57.61899 -11.98874 
-29.84279 -2.257617 21.48181 
12.72879 58.33602 -11.88819 
-17.59598 43.04516 32.16782 
18.51636 24.58083 17.63597 
-17.55378 58.40659 -12.80225 
-19.55892 59.83298 -12.04853 
28.21394 -44.01961 12.55409 
-18.33523 61.32325 -12.00244 
-32.84954 62.28389 -11.88362 
-31.45336 -1.780748 21.0017 
-23.49077 61.75266 -12.08658 
-16.84783 62.6491 -11.89791 
19.36577 -43.67728 13.753 
-22.17432 62.99577 -12.63406 
38.39658 62.81717 -12.61416 
-58.56738 65.0173 -12.33446 
-36.53101 64.19473 -12.47399 
29.36409 -30.00953 7.76741 
38.64893 64.46978 -11.72717 
-2.863853 2.862694 26.72014 
17.16796 65.65211 -12.67519 
-40.75932 -42.20891 13.59793 
-24.44593 49.76053 26.24127 
1.471648 49.53351 38.64814 
17.60314 -29.39375 7.869889 
23.96656 -41.77803 13.87436 
-19.5844 67.06846 -13.22153 
-23.58385 -40.62414 14.29471 
-45.79863 68.04868 -11.69359 
-19.29317 68.12723 -11.90034 
-47.88874 68.82588 -12.34326 
17.40291 69.1702 -11.78878 
-19.38847 69.20405 -11.10235 
15.73985 70.53628 -11.76623 
42.08869 70.13934 -11.96932 
44.90237 71.18404 -10.09765 
10.59793 0.5937806 20.27029 
11.43033 2.567802 21.63509 
-17.69518 45.85197 32.68454 
52.84814 74.43827 -10.87027 
-15.78009 75.19355 -11.59322 
-22.75503 -38.13952 13.86416 
18.43508 -37.81878 12.59068 
-15.08374 75.73875 -11.28608 
-13.30385 77.8796 -11.48109 
-11.52078 80.32961 -11.81119 
26.43672 -38.34999 12.88609 
3.196537 0.4454707 35.56287 
-6.161458 84.49244 -12.31015 
-4.93771 86.04004 -11.75336 
-9.804052 35.41172 -11.07535 
22.88073 -38.79805 13.6117 
8.779313 3.011379 20.83205 
6.681436 36.6245 -11.69028 
-7.556961 36.82984 -12.05509 
-14.15909 37.71835 -11.70933 
15.93611 -36.97223 13.80945 
-0.6536774 40.92253 -11.59329 
-18.82754 49.5727 32.46779 
17.58525 47.43099 30.82127 
16.72334 45.56332 -11.59398 
-1.65404 44.99043 -12.04105 
-1.144516 47.34601 -11.61616 
-0.1588047 47.45529 -11.5962 
-21.99567 -33.92724 13.01854 
3.368096 5.609237 26.2936 
-21.37064 46.44259 -11.23537 
-36.48066 48.76065 -12.02674 
-2.184801 48.38662 -11.8164 
-8.220442 5.471566 21.15592 
-2.862577 49.73335 -11.56979 
42.43833 48.82508 -10.52824 
-3.624811 49.82272 -11.56149 
51.59666 50.28385 -11.93887 
14.73542 -23.82264 8.507532 
-46.50993 50.52626 -9.670905 
-42.14024 -22.42904 8.81058 
17.75277 52.20308 31.95881 
-6.126986 1.264732 35.42107 
-7.396258 51.73966 -11.92805 
-6.124275 51.30713 -11.54279 
15.39941 50.68393 -12.38583 
-6.821671 52.0452 -11.646 
-40.85005 -30.97196 13.58508 
31.43267 -32.08632 14.07492 
6.329212 52.92215 -11.8991 
-31.35585 52.63449 -11.51783 
7.860041 53.80939 -11.75541 
14.30467 54.67515 -11.80275 
16.00095 53.59931 -11.13796 
-21.43438 54.9016 -11.096 
-9.319446 53.1935 -11.81243 
-40.95341 -28.93386 13.00165 
-10.92354 54.10197 -11.88902 
-5.307007 6.613015 23.72858 
28.33785 7.119461 20.61651 
17.67421 53.94648 32.50137 
-30.61878 55.8256 -11.60141 
-18.59363 55.42205 -11.35973 
9.437314 54.92243 -11.41523 
-32.70622 6.780566 22.20816 
-15.22742 55.76323 -11.86366 
-41.99281 -28.86643 14.06178 
19.35703 69.87889 28.78852 
-18.46566 55.9968 -11.42335 
33.17225 -21.71116 8.163831 
-23.80823 56.7873 -10.88665 
38.34959 57.59645 -11.04251 
14.61002 58.19585 -11.48526 
-23.21846 58.99856 -11.73475 
38.63211 60.0744 -11.07346 
-55.62283 59.96662 -11.4499 
18.57383 57.49821 31.3332 
-5.643324 6.199746 30.292 
17.49043 -18.9581 7.977761 
32.68045 -19.27608 7.881862 
-23.36351 60.10186 30.40899 
-24.08952 63.92719 -11.36001 
19.11372 62.66664 -11.30232 
-35.03893 64.1829 -11.50783 
17.0623 64.44733 -11.6648 
38.51374 63.45917 -11.69742 
-41.85424 -22.36644 13.53491 
-5.666647 50.46373 38.39768 
-38.45348 64.87141 -11.70085 
32.6377 -21.62018 13.70766 
-41.41853 65.79624 -10.81556 
18.29089 59.46534 32.42541 
21.23786 12.2462 21.74999 
13.14835 -22.66843 14.0959 
19.54615 65.31495 -11.08236 
-29.61395 14.50208 20.83513 
17.47353 6.809388 24.90325 
-52.81899 67.65324 -11.74577 
14.72972 13.83743 25.7541 
-43.88362 66.7924 -11.22187 
-54.96381 68.07897 -12.23409 
-1.979515 51.39894 38.32684 
18.6168 67.4303 -10.91855 
40.48994 67.2044 -11.80121 
-21.29204 62.02787 31.81461 
60.53957 68.43304 -11.92107 
-20.44095 63.46868 32.15691 
-24.34408 17.59943 21.99973 
-0.803933 50.55681 38.88891 
-14.9698 75.62041 -11.94779 
13.47619 75.39388 -11.52352 
7.690542 81.94859 -10.88363 
-19.93302 65.21181 31.82123 
-7.392242 83.99536 -12.40059 
1.286468 85.54438 -11.59694 
-2.726142 86.31509 -11.99093 
3.742231 36.94901 -11.30922 
9.406878 37.1216 -11.6601 
-12.78119 35.99662 -10.69681 
12.64558 38.00291 -10.90253 
17.06289 22.30992 21.9922 
-24.36034 -14.75567 8.670965 
13.52028 39.19157 -11.03968 
-1.917043 41.53802 -11.4455 
-18.56691 66.73051 31.78682 
-3.20945 50.58129 38.08482 
-18.12857 41.52636 -11.3761 
-20.20507 42.44081 -10.42312 
17.7596 66.0912 31.66092 
-42.21327 -14.54474 8.521881 
16.06865 -12.32118 14.99463 
-43.64927 48.38017 -11.37876 
-11.07756 65.38747 36.29737 
-33.28998 49.40739 -11.30984 
-44.40646 50.27083 -11.95143 
17.4827 48.59657 -11.63582 
47.77744 48.9709 -11.74498 
41.55355 50.3123 -12.22614 
41.3595 51.11252 -12.83238 
50.12476 50.36763 -11.16961 
16.34002 27.5201 22.74147 
-5.181369 50.9182 -11.34964 
13.83928 -10.42242 14.46429 
38.52522 51.81405 -10.77307 
22.66215 -26.54113 27.46514 
53.65565 51.89656 -12.09979 
17.65751 53.58981 -10.79891 
-29.84943 53.47211 -10.84978 
-16.38037 16.1005 26.12706 
-38.76632 -9.316344 11.96523 
55.55975 53.32049 -12.23097 
2.249197 72.67248 36.79061 
-23.14085 55.1438 -11.44359 
-37.83695 -8.261467 12.80606 
14.67567 70.11884 32.04875 
11.00429 55.19072 -11.33862 
12.34822 -8.343435 13.65021 
-19.71832 55.72804 -11.44074 
10.55719 55.66671 -11.37301 
-18.55486 81.45013 11.62577 
15.55464 -12.19545 8.436497 
19.51529 -44.22728 29.07478 
15.68162 81.73131 10.52711 
33.33526 -6.614363 13.4658 
13.71915 59.44019 -11.74025 
21.3937 -31.60225 28.9155 
-33.0894 59.87281 -11.75605 
-32.96585 60.68361 -11.67968 
-31.33331 61.41465 -10.92088 
11.08217 61.66692 -11.67897 
17.56148 34.29553 21.39308 
-31.37551 62.26046 -10.69741 
-28.33488 -53.12881 17.72144 
-24.11732 62.20407 29.02756 
-16.3523 -5.835364 14.11645 
11.13743 66.28791 36.24113 
11.57923 66.06979 -11.12139 
14.09654 16.35706 25.32527 
62.14022 65.64237 -11.72856 
-38.50029 -3.478366 14.46236 
39.70534 65.89776 -11.31858 
11.25965 67.48335 -12.07764 
-12.48464 -3.01682 13.36823 
9.563328 -2.821668 14.15387 
-21.87472 67.24324 -10.86076 
-13.09786 74.72836 31.51101 
17.29418 69.96613 -10.07547 
-18.55562 70.68222 -11.12836 
42.81432 69.91037 -10.36715 
-38.71924 -1.077102 14.10101 
45.1967 72.28085 -10.72298 
58.28818 71.97659 -10.64015 
15.47668 71.92439 -11.24613 
19.38649 6.388811 25.27257 
-10.39928 -0.5274354 13.78552 
13.94591 73.39214 -11.84403 
34.88031 -7.661872 7.678431 
49.79029 73.56335 -10.27759 
18.28012 71.33402 28.10794 
8.228037 0.330556 13.80041 
21.34061 43.56123 22.74412 
-11.93709 78.83139 -12.1584 
9.568528 80.11421 -12.83014 
-10.63092 81.14255 -11.35948 
4.625193 83.99212 -11.97007 
-1.04699 86.21828 -11.84367 
8.344249 35.447 -10.55675 
13.45474 17.98336 25.69659 
-23.13169 63.08145 29.45237 
5.050419 2.558107 13.57004 
-15.59803 38.39469 -11.02997 
-8.668787 1.759413 13.33374 
22.1242 5.12461 25.21925 
-6.089361 4.288999 12.07255 
-43.03313 48.48693 -11.8401 
-41.16267 47.95206 -10.36072 
-38.2732 48.43979 -10.61835 
-37.04115 47.72144 -9.950647 
-44.57986 48.82867 -10.2857 
-38.93305 48.56789 -11.08702 
-34.45881 48.40752 -10.53188 
-44.94744 49.62867 -10.38142 
28.32051 -16.6607 19.11173 
35.06244 -4.396299 8.063993 
-21.56127 49.57604 -11.90027 
49.22403 49.69476 -10.42012 
52.89958 51.12334 -10.58894 
7.932508 79.12165 31.53091 
18.70953 51.04517 -10.7229 
-6.06937 -2.613077 47.75815 
-21.12019 52.76585 -12.03564 
18.43423 73.31709 27.85049 
-31.3957 53.81932 -11.95953 
34.21767 -52.17591 16.84653 
-12.64851 24.03407 29.51362 
-28.68782 54.13705 -10.30401 
-53.14365 55.40533 -11.2071 
9.028475 56.5515 37.76752 
-40.92262 -1.32786 8.689807 
13.0504 56.48854 -10.70839 
-28.89434 63.83167 20.33002 
12.8972 57.12755 -10.82518 
0.1113857 -5.991574 42.38473 
-24.13506 58.5051 -10.5521 
-34.83735 12.56717 15.07202 
-34.08598 13.49815 15.11988 
-6.225337 -8.77711 56.91549 
61.49137 59.72598 -10.86168 
-27.591 65.80672 21.99599 
-4.390128 80.86659 31.62049 
-54.33836 61.21513 -10.78493 
24.22411 69.48252 20.6281 
-32.12272 15.89972 13.04492 
62.49203 62.62932 -9.699111 
-57.4711 63.6244 -11.43727 
-32.50823 63.87191 -9.920431 
24.57293 16.37638 14.01829 
-30.29267 16.96195 13.64639 
12.15525 64.10615 -10.92313 
-54.24174 64.64003 -10.82991 
-41.58809 -21.44202 10.76413 
-40.59685 0.255822 9.184103 
-20.69 -23.54989 10.42203 
4.747835 79.99709 31.9749 
23.34216 71.15344 21.26533 
-56.11831 66.67223 -11.40267 
-23.6956 65.62942 -10.62671 
-0.2577786 80.75016 32.08274 
-39.35179 65.80832 -11.24086 
-22.64581 65.7071 -11.19518 
-22.94698 73.85914 22.37499 
-39.62591 1.765017 8.167222 
-19.77464 34.67612 17.61252 
9.472648 6.729041 25.11949 
-47.68744 67.87394 -10.83488 
6.907589 2.69576 8.655149 
34.50912 1.073558 7.993455 
16.30298 -52.08914 32.00187 
15.8019 -53.06434 17.84596 
10.94918 17.7124 26.01795 
20.62068 75.67928 21.5451 
-21.11686 76.56525 20.69029 
14.86814 72.93741 -9.53546 
46.38473 73.43665 -11.0264 
47.94313 73.9987 -11.07162 
54.1455 74.01394 -11.33994 
55.77639 73.46413 -11.013 
51.10868 74.77364 -10.99703 
-12.28899 78.90887 -10.72078 
10.41335 79.64903 -10.94066 
-9.377896 82.94896 -8.2795 
6.324568 82.67667 -11.32579 
3.763613 84.77158 -10.8641 
17.08182 -51.63378 31.88126 
10.16479 23.94316 29.4725 
-15.52621 37.16113 -10.06202 
-16.62738 19.37115 26.09675 
-4.014429 38.05713 -11.31429 
33.93749 3.623505 8.349371 
-2.24001 38.83292 -10.27256 
-18.80659 39.36049 -9.178718 
-2.515394 39.4207 -10.65629 
0.5753401 38.71199 -10.60074 
-0.3625916 -2.285438 32.60996 
14.68921 83.62249 9.651706 
14.9391 42.09849 -11.67877 
24.08328 -25.26022 27.38616 
11.32357 55.46492 37.07576 
18.63513 48.35891 -10.82786 
16.28312 6.64535 25.09027 
-43.84867 48.54468 -10.09291 
0.3710757 52.05121 38.11266 
-7.668887 4.595044 8.760265 
20.5342 38.93525 16.55549 
46.638 49.74094 -10.71797 
50.71676 50.54271 -10.47856 
22.83782 40.31642 13.96742 
54.1993 52.69569 -10.86424 
-12.15858 84.02028 22.00992 
10.18417 84.85416 21.5839 
-24.7385 41.71429 12.23341 
33.40524 4.77806 8.738614 
-23.32243 41.31194 18.3571 
14.98793 57.31946 -10.31074 
-9.982288 85.6163 22.30747 
24.96004 46.11016 13.54963 
-53.84309 59.06285 -10.14596 
-2.006813 5.688508 8.578904 
-15.83959 77.76731 27.24778 
-31.31293 60.18239 -10.18414 
21.36742 60.44968 -10.07474 
15.41035 62.45243 -9.77585 
20.52639 62.90582 -10.717 
30.3502 49.17004 13.55259 
-33.91672 63.92555 -10.32219 
39.68324 64.34549 -10.59472 
30.83332 48.79008 13.03076 
12.58021 63.69446 -10.48026 
14.12181 65.21634 -10.21417 
1.612253 87.45022 21.98769 
-52.17796 65.92992 -10.62128 
13.15641 65.89632 -10.475 
-33.43114 -53.41622 22.57462 
-22.90124 66.74925 -9.580594 
61.64311 66.60987 -10.00019 
-27.59239 -53.7828 22.45214 
-45.28416 66.4049 -10.49024 
31.86671 51.62899 13.95241 
33.29766 51.48513 13.57751 
-15.04261 21.80633 26.54644 
-22.15803 68.29939 -9.796206 
40.88002 67.64262 -10.32962 
41.39417 68.90546 -10.83063 
18.58275 68.33714 -9.918633 
26.80193 -53.55866 21.88592 
26.23742 -53.46968 23.54557 
-29.19467 54.60502 13.63777 
-18.73026 70.74261 -9.985813 
-5.936787 -7.760015 53.27987 
-5.230965 -12.50984 56.50893 
-29.59437 -53.60762 23.23872 
15.87328 71.84708 -10.45501 
20.50078 39.43691 17.32027 
30.06659 11.79877 9.264519 
25.71783 -53.13164 20.86307 
-2.639201 10.09424 31.98838 
-14.25101 76.92352 -10.4544 
11.54242 15.63619 26.68622 
23.6261 41.60134 16.29484 
-33.31201 13.64537 9.454677 
-3.464145 86.31941 -9.53506 
-2.434882 86.1776 -9.577343 
33.27747 56.8636 14.06405 
11.66804 35.03521 -9.152923 
-6.358239 36.32568 -10.67088 
0.5837681 36.63681 -9.796861 
2.354603 37.29424 -9.907041 
-4.861361 36.73298 -8.879059 
-30.87018 14.03364 7.00288 
13.42499 -52.49099 21.4979 
-8.184006 27.25014 31.73228 
-34.54152 -51.31146 23.34434 
-23.03663 -50.96163 22.79669 
-33.09292 48.14372 -9.630045 
23.05511 40.1164 16.98757 
-23.10343 49.15958 -9.754469 
46.66048 49.49103 -8.962123 
13.2437 -48.55228 21.9592 
-5.41509 26.83427 32.01603 
38.8809 49.15553 -9.562696 
47.25096 50.09732 -10.06897 
48.16878 50.3589 -9.135794 
13.53802 77.82118 29.21213 
-30.30025 63.93393 14.27206 
29.09287 -47.41057 21.93797 
27.09539 64.30022 14.82861 
-29.53356 52.45039 -10.29049 
-22.69667 53.33219 -10.58878 
-26.22025 17.49927 9.363626 
55.96358 53.96796 -10.41488 
-51.3198 55.38403 -9.860777 
-1.979907 -8.960361 54.35859 
17.12881 55.34571 -9.571848 
-52.60762 58.93623 -9.786493 
11.3231 7.074505 25.46996 
37.36003 58.38427 -9.605851 
-7.53691 28.40827 31.72762 
-29.82345 59.73661 -9.372569 
61.20023 59.32164 -9.700212 
-24.85092 60.61868 -10.45274 
17.93659 60.0904 -9.716959 
-7.851212 69.28407 36.26408 
23.51812 72.55524 13.78361 
29.06678 -45.75671 21.99743 
18.49483 60.82486 -9.739659 
-26.33003 72.31326 13.96974 
4.127574 28.12413 31.43192 
12.56511 62.53529 -10.62937 
-25.15923 73.35563 14.36525 
39.05017 63.24783 -10.16746 
-53.3568 62.18882 -10.2399 
16.13904 63.2173 -9.802142 
27.84589 -43.89175 22.5215 
21.33652 19.98244 9.362459 
-33.24515 -43.64149 22.02465 
62.70564 63.89536 -10.42483 
22.42914 75.12547 14.0477 
-35.53127 64.50574 -10.10808 
13.9392 63.74162 -9.537935 
-3.05305 27.37022 31.87691 
-24.95904 64.6936 -9.69 
-6.127205 69.43044 36.33614 
20.01917 22.83929 9.601329 
-23.70845 66.19046 -9.670669 
-39.90096 66.31021 -9.423824 
-49.73772 66.67995 -10.04793 
-21.0674 23.15255 7.551682 
-22.36289 66.845 -9.756491 
19.75739 78.23302 12.98363 
16.28418 72.19163 29.10162 
-4.451416 28.47477 31.74858 
43.89437 70.30661 -9.033148 
-17.83137 71.5957 -9.770092 
57.68157 72.12586 -9.379441 
53.04954 72.69059 -9.691942 
-27.7754 -40.59285 22.22948 
-15.93457 74.72539 -9.503096 
15.03276 -41.31089 21.26973 
11.81369 76.56179 -10.5256 
-13.57363 78.24123 -9.706603 
-32.02984 -39.91175 22.50305 
11.41583 78.30429 -10.01556 
-12.34879 78.84196 -8.748368 
-11.18837 80.4944 -9.91859 
2.860308 52.41228 38.77432 
5.007348 84.1916 -10.73676 
21.28806 6.167973 25.4354 
4.190385 84.5238 -8.857056 
-20.5763 26.66292 8.167807 
-2.739594 35.27214 -9.490551 
-6.881001 30.62699 32.03051 
-0.6240013 34.10288 -9.74518 
-13.30778 34.7026 -8.826136 
-33.95581 -39.50568 21.84839 
-7.795732 35.15491 -9.894779 
24.15515 47.86737 17.34015 
6.061403 35.45105 -9.872142 
4.576541 35.78827 -9.08299 
-26.96189 -39.1117 22.25423 
-19.95026 31.37016 8.17567 
-1.267679 36.97255 -10.05846 
1.731346 37.36848 -9.457294 
-3.417201 37.79995 -9.540606 
18.72167 45.57976 -10.10294 
18.95713 43.80218 -8.909187 
-20.07192 32.15026 8.617826 
2.457912 3.498872 27.31167 
-10.52291 88.22527 14.43939 
-27.68648 -36.06049 22.7853 
30.9604 -36.67772 22.62946 
-35.6941 47.54148 -8.859187 
-35.83169 -35.34908 22.3878 
49.70397 50.09803 -8.972132 
-0.5861492 30.24273 31.6471 
-23.33771 51.65374 -9.876788 
51.27712 51.3951 -9.310831 
36.89128 52.24815 -9.800792 
-24.25416 53.92999 -9.965714 
13.25203 -35.04671 21.07961 
-49.44846 53.52378 -8.007806 
18.89884 35.18649 9.11342 
2.591521 88.91147 17.37501 
-21.0831 36.17414 9.632327 
-27.85012 55.3315 -9.786421 
-26.79047 54.33709 -9.421576 
-25.50068 55.17579 -9.510468 
37.04802 54.80039 -9.769019 
59.23294 56.21489 -10.73516 
-24.71616 56.62434 -10.02868 
-28.40053 57.72814 -9.524041 
16.46601 57.51574 -9.458457 
2.133018 31.81794 31.76521 
-26.96399 59.66082 -9.064908 
31.79851 -33.86706 21.72477 
20.24769 37.84401 9.085329 
-25.48713 58.96614 -9.741802 
-22.84036 38.1612 8.143721 
-30.11509 61.60934 -10.06605 
38.75964 61.44691 -10.17362 
-51.86727 62.76247 -9.370076 
39.29422 62.3301 -8.971663 
-23.88904 39.6697 8.57305 
-49.31143 64.82379 -8.854013 
-46.6497 66.44049 -9.92073 
-42.99134 65.78778 -10.09307 
-37.6442 65.49374 -10.54055 
13.86392 -30.5757 22.85344 
20.09401 66.55727 -10.11279 
-27.5728 -30.75339 22.22539 
17.91356 69.23005 -8.695747 
24.80103 -52.82825 14.23165 
-29.22155 -29.0986 22.69477 
15.37486 71.80237 -7.580656 
-9.714599 42.28304 35.10454 
54.40314 72.75043 -9.757981 
13.96092 29.41842 26.82225 
32.34951 -28.34138 22.02469 
35.89339 -52.29702 14.68718 
-14.82771 75.57623 -9.72735 
12.081 76.01669 -9.508145 
-9.410829 81.50305 -10.63749 
6.018872 83.22501 -8.290812 
-7.707413 84.43375 -8.736212 
-6.757449 85.07832 -8.954882 
2.386703 84.85864 -9.335339 
-5.260286 85.77798 -9.481112 
1.263453 85.49986 -9.684823 
1.214952 85.64229 -8.999315 
-43.92147 -53.32594 -8.833821 
-42.53904 -53.56612 -9.412704 
-42.52242 -51.48807 -8.981744 
-47.82444 -48.71629 13.64968 
0.4075524 30.82742 -9.351878 
-2.617437 30.99131 -9.431993 
-6.041712 71.27508 36.23911 
-17.08234 31.38466 25.09743 
-4.901698 33.6874 -8.740144 
2.174361 32.94164 31.92223 
2.284682 34.88042 -9.505873 
10.24753 34.08667 -8.66915 
-7.176944 35.1983 -8.355408 
-24.76695 51.85121 26.25753 
-5.909585 36.09474 -8.847718 
2.82182 36.47609 -8.985033 
29.34663 45.34561 8.25842 
-3.287701 37.24701 -9.280022 
5.687026 71.24107 36.57294 
-28.89112 -25.85625 22.15179 
30.70591 45.09252 7.630538 
-20.1925 40.95348 -7.790174 
17.4326 41.95592 -9.340631 
32.31411 45.49663 8.527672 
-7.500154 70.96347 36.45719 
-34.9859 47.1199 -8.332788 
-44.90252 48.01134 -9.03123 
37.62446 48.02715 -9.189074 
39.94021 48.30476 -9.179679 
-39.89147 48.19305 -9.021722 
-29.48697 -22.92546 21.83457 
-46.14115 48.9645 -8.254439 
36.45599 49.15176 -8.582114 
13.85716 31.28885 26.48049 
-38.2452 -24.38151 21.2709 
3.994146 34.27396 32.12733 
-32.62934 50.88824 -10.88686 
-42.79987 -44.92869 14.81123 
-23.9723 50.59285 -8.780692 
-48.55267 51.43465 -11.53853 
53.62192 51.99197 -9.305161 
-27.07472 51.65456 -8.521795 
-24.54323 59.66484 28.69329 
-6.575925 83.18611 28.61471 
-25.1178 52.64376 -9.130784 
19.71298 56.0831 -8.429133 
35.67042 56.34985 -8.684202 
-12.8379 87.1889 10.84801 
-36.34433 -23.07602 22.35405 
-27.06847 56.46693 -9.320609 
17.71021 58.63255 -10.15149 
21.5429 57.98758 -9.03019 
-14.14617 25.30918 28.07096 
-28.17101 59.06441 -8.958265 
-25.95932 -44.08087 13.46749 
24.82751 48.37034 16.378 
19.62136 59.05239 -9.485079 
20.95285 59.46772 -9.984089 
-32.29399 -20.86769 22.10888 
37.66125 59.7471 -9.476085 
-32.54909 48.34329 8.192585 
22.24268 59.12362 -8.743656 
38.07887 60.29873 -8.925267 
21.71798 -41.97738 14.26769 
61.03461 60.54248 -8.518789 
-28.61015 61.15451 -8.727401 
-25.71202 63.63582 -8.870331 
20.84143 64.59335 -9.524197 
40.23263 65.14356 -8.824254 
30.46514 -19.95582 22.39744 
38.41296 51.01541 8.462709 
-44.09291 65.60578 -8.811264 
-36.00924 65.35208 -9.717085 
10.05751 86.35506 11.8396 
60.22838 68.29144 -9.420581 
41.46947 68.07475 -9.783189 
19.70467 67.84522 -8.878128 
3.141832 36.87355 32.07405 
16.53789 -18.61786 10.06439 
17.79631 -19.10943 21.65605 
13.64719 75.19888 -9.727489 
12.17374 77.06761 -8.341034 
-40.16397 -34.13549 10.45091 
20.04918 -38.94516 13.88627 
-8.829573 37.55162 31.74505 
22.31507 -39.90355 14.21584 
29.30191 -18.67745 22.72407 
5.18302 39.16509 32.31288 
-1.038896 86.34689 -9.133116 
18.32112 -39.41707 14.28569 
-43.49899 -52.20673 -8.693265 
-42.95436 -52.66953 -9.618939 
-42.76238 -51.08179 -8.173234 
20.8558 -16.62208 21.2561 
2.243503 29.27583 -8.599836 
-17.93738 72.9372 28.17231 
4.565674 30.78496 -8.416971 
1.84445 31.96025 -9.389395 
-5.731277 31.16597 -8.669471 
6.337344 39.88601 31.96637 
-11.10298 34.2884 -9.413157 
20.56136 -4.921424 22.03154 
-9.569856 34.12041 -8.843138 
-11.8547 39.47822 30.89563 
6.789044 34.1682 -7.724698 
28.80158 -36.50373 14.42846 
4.349453 35.1721 -8.286743 
-5.527475 36.01272 -8.314351 
15.29074 38.09075 -8.351427 
26.51903 50.81048 16.38141 
9.247865 39.55628 32.11211 
28.88777 -35.91217 13.05647 
-39.90049 -35.68351 13.58846 
-0.3458651 52.47414 38.1612 
0.9756951 52.78744 38.65058 
35.82393 47.54509 -8.32073 
-21.72709 -32.71187 14.24911 
40.50524 47.57058 -7.666283 
-31.07508 48.93426 -9.643752 
30.47659 -33.79739 14.49849 
4.752942 53.90624 38.53145 
-40.22544 -32.42186 13.68089 
24.44837 -3.456827 22.22512 
26.01361 61.99604 18.31263 
-10.51509 44.13803 35.91854 
19.56717 49.51678 -9.941622 
-26.03869 52.40614 -8.810758 
-28.68407 -2.119367 22.40753 
19.45072 53.92446 -9.444642 
35.33542 53.54737 -9.198574 
-41.09282 -30.25774 14.37276 
-21.38023 -30.01851 14.23957 
17.88101 57.13156 -8.217881 
-51.34784 58.1243 -9.031434 
-26.08573 61.31877 -9.036927 
31.84405 -27.97306 13.84097 
37.21127 -53.64946 7.819404 
-26.59454 62.88734 -7.911178 
-30.67987 63.52307 -8.737293 
-10.73863 87.79156 11.13563 
25.00864 -2.034862 22.75302 
-33.22526 64.38719 -8.818213 
21.8687 64.18858 -8.472745 
5.1735 73.35236 36.0866 
-34.98888 65.03122 -9.077359 
-21.22575 -25.85561 13.79177 
15.73274 -2.259626 22.30219 
-45.67984 65.37595 -8.626214 
-40.53317 66.2455 -8.483459 
25.38022 63.00755 18.66336 
11.57198 43.75277 33.76104 
-23.80291 67.08686 -9.092331 
-41.71022 -25.0184 13.60295 
-21.7489 -22.78448 14.42488 
-18.68346 71.62775 -8.446964 
-41.90089 -23.81319 14.71091 
17.03991 70.54411 -7.736138 
56.79266 71.84151 -8.562073 
47.37743 72.76521 -9.393511 
48.603 72.73121 -9.198104 
50.20115 73.17381 -9.137917 
33.19059 -19.67817 10.30318 
-16.12632 75.34729 -8.369246 
12.61721 75.48161 -7.963836 
-15.2732 76.11554 -8.372193 
9.680761 79.79291 -9.253393 
8.845503 80.32855 -9.721963 
2.494123 85.13754 -8.476796 
-5.7183 86.21931 -8.855159 
-4.39406 86.33194 -8.7121 
32.43899 -20.15764 13.5142 
-21.86326 -20.59063 13.43216 
-2.933046 86.75926 -8.970016 
13.87273 -53.19543 28.03062 
-28.57812 54.37465 17.75079 
-0.6982276 86.90794 -8.604019 
-43.24014 -53.81556 -8.758098 
12.31044 1.295415 22.40912 
-3.24351 28.73175 -8.481424 
-22.77205 -18.00285 13.64585 
25.6552 65.88574 18.14462 
31.00774 64.62862 8.183642 
15.21285 -41.31516 26.33606 
32.62412 -18.21934 13.47365 
11.94241 3.050028 22.48233 
27.98183 2.820292 21.78886 
16.26591 -17.68166 13.46373 
-6.280482 -4.205614 49.37693 
-6.21046 34.46848 -7.921923 
4.919039 32.30248 -8.290888 
-40.92179 -16.63225 15.26069 
-8.657621 33.97523 -7.242646 
-15.97942 17.32949 26.86044 
-12.71593 3.36315 22.51762 
5.363499 34.73079 -7.845647 
20.49739 40.49065 24.76288 
-4.575967 35.31231 -8.682245 
-25.58698 -15.36691 14.07418 
-4.559864 36.40392 -8.597784 
16.66919 -16.37399 15.60184 
-40.19063 -14.86775 13.90188 
-17.86604 38.33602 -7.554164 
-29.20183 67.64828 8.695475 
17.09499 39.19302 -7.358802 
-29.21951 65.07349 17.64912 
9.671972 3.904753 21.94531 
0.3119187 2.395451 39.95018 
-22.8387 55.56784 29.2782 
19.88782 46.46466 -8.910501 
-38.46473 47.35693 -8.676753 
-20.52051 41.04408 27.79128 
16.41512 -16.46479 13.83708 
-26.06923 -14.21525 13.679 
-41.5512 48.09298 -8.978877 
7.202217 4.867822 22.87812 
-24.34456 49.14848 -8.170434 
-29.241 49.04549 -8.040793 
26.38482 53.70223 17.26906 
-11.20745 4.418789 22.03898 
-46.92414 50.65007 -8.177144 
-29.73587 50.31986 -8.741723 
33.41562 51.26736 -8.274965 
48.02231 50.92127 -8.256806 
17.057 49.35959 32.10427 
55.77452 54.11311 -7.507119 
56.9191 54.45075 -8.93749 
-50.15157 55.15305 -7.793777 
-42.3618 -19.45347 9.868032 
-28.25793 71.20007 8.22541 
59.76391 57.55505 -8.084269 
19.86241 57.39395 -8.157068 
5.855687 5.0616 21.73987 
36.48499 58.06922 -8.804548 
30.15088 -10.33032 14.46354 
34.97304 58.96831 -8.366393 
35.91978 59.29864 -8.758851 
-9.160707 7.384433 22.52364 
37.04141 60.36179 -8.272531 
-50.27374 61.23403 -8.073324 
-27.26762 61.92218 -8.250266 
21.88321 61.60571 -9.021003 
-29.08612 63.00964 -7.744464 
-33.50515 65.32346 -7.790419 
-45.17315 65.00294 -7.513587 
-37.18936 66.0933 -8.035549 
40.27832 66.71889 -9.521637 
-42.8678 66.46849 -8.253976 
-18.47179 -7.810547 14.48526 
-27.43378 69.38037 18.73824 
-21.3523 68.78677 -10.20049 
17.81094 57.56992 32.96772 
46.76692 71.23307 -8.347153 
-38.31551 -6.229634 13.88567 
-7.399873 7.581339 21.90938 
47.79376 70.99386 -7.919391 
-17.48066 72.67569 -9.430658 
-14.98747 77.15394 -7.377728 
12.53776 -50.4346 28.19462 
-5.982536 -2.351481 50.12198 
22.88763 -50.08743 28.64321 
-12.55735 79.67269 -7.495963 
25.06858 8.453184 23.66686 
-9.013868 84.55323 -8.060505 
4.293683 84.90852 -8.123086 
-25.94162 70.84576 18.66788 
-32.25538 11.03841 21.65911 
-8.344496 87.14236 -8.296576 
-6.716045 87.0447 -8.751326 
1.623366 86.11537 -8.52 
2.966256 88.20822 -7.767225 
0.970956 88.08258 -8.367438 
-41.0912 -50.85707 -8.079592 
-0.2134123 28.65018 -8.490606 
-7.28227 8.357505 25.33547 
23.71347 12.57459 21.26059 
-6.232982 29.09447 -8.07254 
-8.276073 32.62195 -6.76626 
-30.62744 13.05897 21.71495 
-28.69019 14.03307 22.10603 
13.52604 -47.61122 28.67677 
-7.101185 34.75552 -7.537155 
-6.269928 35.42123 -7.911558 
18.10022 62.71082 32.15672 
-18.27831 81.30732 8.013008 
-38.69891 1.187966 14.84576 
20.40296 14.63265 20.66927 
33.23307 -0.2074075 15.25056 
-27.98109 14.57063 21.29369 
-26.93156 13.90557 22.69288 
-21.88219 42.19383 -7.649539 
7.657051 1.262157 14.68105 
23.66307 71.85863 18.8027 
-23.95856 48.19004 -7.894978 
-25.49397 16.05026 21.46828 
-36.94871 47.10583 -7.008058 
-19.30727 64.30312 32.29922 
19.27028 17.21514 21.62581 
33.39896 1.837483 13.88765 
-43.90855 48.08294 -8.114159 
-42.71145 47.94204 -7.351908 
-27.28736 49.64133 -7.410027 
21.45125 51.8149 -7.076973 
-6.499592 3.607833 14.63426 
-14.50166 85.3155 8.057042 
18.86875 8.26046 25.14719 
32.68338 52.48298 -8.250888 
51.98701 51.76469 -7.565679 
-37.90565 2.913271 15.34581 
-47.78117 51.71274 -6.888728 
-5.555013 5.930967 26.70687 
53.80577 53.37532 -7.242196 
33.24336 -18.70335 11.19792 
34.01329 57.41143 -7.672889 
35.53887 57.7217 -8.233023 
33.49809 58.77955 -8.003777 
33.42004 59.98638 -7.4404 
35.77827 60.27697 -6.921645 
-38.47424 5.533284 13.16942 
-20.62509 23.68513 22.08385 
-0.8321536 7.44673 14.06478 
-37.34504 7.859787 14.16995 
16.79063 69.37307 31.44815 
39.31808 62.90264 -7.830866 
39.61398 64.28183 -8.164755 
-2.041571 7.465637 14.78129 
15.53967 22.85652 22.47999 
16.07785 23.75122 21.903 
-47.76814 63.94626 -7.841606 
14.71704 68.80943 33.27103 
-11.22188 87.94424 8.767648 
-31.26832 64.13654 -7.633038 
62.11172 63.6801 -8.802721 
59.7057 67.10462 -6.350617 
-19.57235 25.2588 21.8319 
-35.6969 65.63351 -8.117258 
21.7679 66.03911 -7.123934 
40.92118 66.98196 -8.586976 
-25.3122 66.35158 -8.064429 
20.70619 66.68914 -7.848693 
-40.86858 66.49979 -7.498597 
61.1907 66.50579 -8.575118 
-9.338797 89.0733 9.618319 
-22.86381 67.74364 -8.85533 
-22.26044 -17.92664 10.51086 
14.27213 70.3896 32.28907 
30.89184 11.69856 12.62906 
18.7432 69.39568 -7.347833 
22.95986 -44.43622 27.90347 
31.01367 -53.45015 20.03657 
32.58694 -53.4422 18.35166 
54.36939 70.92933 -7.858919 
-11.76115 8.803687 25.13518 
-20.15627 71.578 -6.147926 
26.10815 16.12255 13.87891 
-1.446208 90.60483 8.82027 
-0.9842649 -6.335883 40.95057 
-19.8622 33.52136 20.43612 
7.685148 82.12275 -7.813578 
-11.19247 81.05783 -7.603903 
-10.11873 81.88718 -8.043125 
-11.21644 84.44063 -8.007428 
-9.502738 86.56134 -7.340427 
3.551018 86.74478 -7.714918 
5.380337 87.09533 -7.680289 
-4.506684 88.05945 -8.085989 
-5.858796 88.84786 -8.049839 
12.26966 73.6081 32.73885 
-3.352982 88.5863 -8.505877 
-1.889886 88.74905 -8.482538 
-41.69884 -53.53972 -7.488955 
13.01649 26.40397 28.19621 
-40.02224 -52.85645 -6.013671 
-41.80578 -50.01458 -7.021196 
6.600094 56.72152 38.71018 
2.992283 28.4728 -7.938174 
21.50496 20.39623 13.33138 
5.335084 28.66071 -7.001751 
-10.47154 45.38125 35.8708 
5.797042 29.8085 -7.419995 
9.863177 75.172 32.39198 
-8.522614 30.32213 -7.198179 
7.70385 30.68209 -6.288378 
20.16801 22.6635 13.80397 
-11.532 32.7564 -5.759596 
9.147648 33.58047 -7.894575 
6.00365 33.95999 -7.324147 
12.85119 33.51002 -6.394333 
-21.59162 40.77559 21.79749 
-16.85193 36.78265 -7.856362 
32.24685 -53.53275 8.710676 
19.33529 41.70057 -6.770953 
36.11543 46.56417 -6.809264 
-31.59209 47.19393 -7.056425 
33.62756 47.45354 -7.862615 
-39.72456 47.80103 -7.122631 
-41.73755 48.32783 -6.27457 
39.6457 -53.48728 8.5696 
-24.7799 48.26506 -7.089044 
33.40742 49.08507 -7.149497 
47.219 49.8418 -7.016398 
50.97363 51.12127 -7.273041 
8.821858 77.03543 31.80411 
21.04983 54.00874 -7.706468 
-10.94826 77.14038 32.19302 
-26.88677 47.46792 20.23358 
20.8944 55.94604 -7.829666 
22.37491 55.64367 -7.338735 
22.00154 56.57278 -7.830719 
16.37113 74.442 28.24081 
-50.06896 58.11112 -7.363698 
34.41677 60.58117 -6.711478 
-24.13783 40.84955 13.39876 
59.64998 60.67599 -6.760523 
-48.81432 61.46118 -7.007467 
-26.51909 42.48414 13.33322 
60.02459 63.94929 -6.253712 
-8.19771 77.85225 33.13018 
6.407285 79.4158 31.86357 
24.59545 54.22414 22.78634 
-1.200816 -5.191425 38.2391 
-37.69237 66.01107 -6.889276 
41.99736 67.04131 -7.740765 
-23.80774 68.66393 -7.392339 
-22.82932 69.52406 -6.142931 
-22.25543 69.66165 -7.727521 
45.60175 70.05757 -7.330506 
25.91459 47.81554 14.54095 
-0.5824232 -5.843162 40.05447 
-18.72891 72.73361 -6.906178 
25.09579 59.26221 23.24676 
12.28701 75.93354 -6.638121 
-13.57842 78.37339 -7.47071 
-13.78812 79.37743 -7.286669 
25.01216 62.96542 22.1263 
-28.05824 63.32312 22.88781 
15.40199 75.22234 29.50151 
8.6792 80.89395 -7.860908 
-2.076071 80.99833 31.5605 
6.701655 83.61354 -7.571565 
8.997911 81.74164 -7.243849 
7.334859 85.69279 -7.484322 
-26.54237 10.00993 25.21807 
27.85595 49.2815 13.69895 
-20.06717 79.99113 17.96809 
-10.76323 86.30944 -7.22341 
30.42874 50.46888 13.99856 
4.227687 87.87129 -6.881619 
-4.437623 89.16017 -7.15519 
-0.1846027 89.58756 10.08915 
-0.1209834 88.60685 -7.945096 
-0.04457731 89.34681 -7.091775 
32.09914 53.29837 14.34774 
1.380876 89.42192 -7.401115 
-1.690393 90.0953 -6.656496 
-43.02499 -51.42035 -6.232917 
-0.5448796 24.98459 -6.82609 
-1.03573 27.47919 -7.061797 
2.445655 27.33637 -6.704381 
-3.38346 27.41724 -6.849025 
34.72474 53.61425 13.20081 
-4.063615 -4.335646 36.69117 
-8.182337 28.62969 -6.235871 
33.19127 55.15039 13.97707 
-29.08783 -51.31284 9.110804 
-0.1258801 0.4119994 43.9039 
1.650443 80.59934 32.02877 
-29.7496 57.13658 14.10161 
-19.27921 37.639 -4.286921 
16.8983 40.83447 -8.539417 
2.073874 -3.257535 36.32512 
-7.988461 57.60137 38.68865 
-23.33177 46.5351 -8.27239 
21.46878 47.65168 -5.785686 
38.84612 46.82515 -8.147849 
25.17747 -39.23872 28.78075 
32.09213 47.28067 -6.842052 
17.27557 -38.70922 29.16186 
43.52369 48.2028 -8.02765 
-46.75363 48.99159 -6.591949 
-45.81184 48.23601 -7.644332 
-44.16 48.67497 -5.852685 
-27.47873 48.35785 -6.004725 
30.28357 61.96337 12.78136 
31.99789 48.96573 -6.596208 
-6.174241 0.7938271 33.7968 
47.78145 50.19595 -7.654997 
-4.698864 45.03777 34.99086 
-5.945768 2.775911 33.24136 
30.28936 52.40536 -7.35077 
15.99755 80.4195 23.02862 
52.31446 53.44622 -6.575263 
-14.64126 82.42619 21.72853 
21.7401 54.10581 -7.105623 
26.99855 65.27991 13.15493 
32.45092 55.27871 -7.91804 
31.94675 56.71234 -6.953535 
34.94446 -48.39168 9.699132 
-5.442483 4.827918 32.74013 
58.99434 57.67921 -6.583578 
-42.49908 -17.51603 9.763096 
31.7553 57.82406 -6.541872 
33.56441 58.07124 -7.638742 
30.77547 59.19709 -6.816248 
32.0588 59.09206 -7.33635 
9.670895 83.77119 22.76529 
38.02459 -48.72102 8.690232 
38.85407 60.98637 -8.538524 
-27.64574 70.50728 13.88378 
-28.03071 62.87548 -7.428319 
22.56929 -40.45873 28.92159 
24.89418 69.98252 13.58044 
24.82817 71.02679 14.69368 
-31.47619 65.05235 -6.673325 
40.52713 64.83376 -6.904201 
41.79676 65.53602 -7.018184 
-7.751754 85.788 23.524 
-36.42002 65.76393 -6.535834 
-3.271535 -4.648505 38.19741 
-34.60622 65.89581 -6.587847 
8.282597 85.72184 22.12424 
-24.25557 75.17328 13.95146 
43.99649 68.4957 -6.889566 
32.08242 -48.19326 8.059241 
-29.03263 -46.97947 8.874743 
46.47092 68.76137 -5.872168 
51.4157 69.94222 -6.6745 
18.57848 -38.96191 29.67138 
49.2585 70.91636 -7.094251 
-15.18325 84.44799 17.88089 
51.86798 71.84987 -8.316965 
52.89894 70.7859 -7.410489 
58.33978 71.36547 -7.656688 
2.784723 -2.01045 36.97655 
-19.82363 79.40902 14.19705 
13.31452 74.95322 -8.194262 
21.80709 46.63951 25.34229 
11.62806 77.87869 -7.213434 
-14.05953 78.02575 -7.137348 
-15.07889 77.41876 -6.8851 
18.93159 79.24598 14.27864 
10.46201 79.68371 -7.017802 
-12.29328 80.42882 -7.13332 
-14.79757 81.41261 -6.994327 
-13.85373 82.42091 -6.687414 
-13.24611 82.97373 -7.237822 
-18.70142 80.11366 13.79083 
17.08396 80.40859 13.96357 
29.29924 -24.81435 25.46031 
16.94592 81.68329 14.24068 
-12.82434 84.57413 -6.808369 
-17.86606 81.53302 14.63987 
31.69481 -47.1256 7.635737 
16.62955 82.10668 13.55676 
-5.978521 89.51735 -6.911693 
-3.375178 89.76945 -7.267209 
1.395285 89.81161 -6.423229 
-43.42966 -53.10629 -7.090675 
0.3770586 26.71703 32.60509 
-41.92339 -49.79399 -6.141553 
0.9639173 24.04937 -6.525271 
-4.049644 -11.7679 57.15637 
-1.983077 24.49159 -6.523068 
2.253309 24.58751 -6.519618 
-5.527318 27.62229 -6.462471 
21.45654 -52.94796 21.4654 
10.86374 85.9392 17.66253 
-8.335517 33.47752 -6.743148 
7.479378 33.27687 -6.25452 
-2.094373 -5.907646 44.01252 
-42.48529 -16.11975 8.879134 
-10.95361 54.02034 37.88136 
-24.08228 46.23212 -5.668278 
0.03268777 28.97714 31.80658 
12.82829 -51.561 22.99381 
-33.27603 46.91074 -6.727026 
30.66927 47.13094 -6.287559 
31.84458 47.92859 -6.884484 
41.36304 47.46375 -6.130159 
28.07588 -50.71738 23.10989 
-45.70876 48.94985 -5.769247 
0.4063071 89.35091 14.37027 
21.38353 49.78715 -6.703331 
0.04819424 -4.90406 49.65017 
-0.07537752 89.45547 14.27022 
27.85887 -44.72477 8.253131 
49.58281 50.77861 -7.32118 
22.32055 51.64305 -6.679595 
23.65203 52.44212 -6.743133 
24.66903 54.72244 -6.599868 
-36.15568 -47.54459 22.04414 
-24.69757 10.78729 25.38887 
28.32087 54.72771 -6.43655 
23.09909 59.45232 26.81302 
-3.112792 29.05641 32.9405 
-23.66061 -46.98477 22.56413 
-46.06891 -53.3049 14.22386 
30.65268 58.13551 -6.038736 
22.86626 58.05648 -7.094581 
-42.97518 -53.25595 13.19066 
-2.003125 30.32288 33.22602 
15.30622 -53.224 19.86368 
22.88528 60.49007 -6.812946 
-6.296391 31.88484 32.25336 
39.22474 62.25747 -6.652025 
-34.4911 -45.3865 22.99977 
-22.45397 -17.52229 9.283384 
-33.26585 65.57167 -5.898386 
-1.723532 32.26404 32.28888 
-25.7368 65.5251 -7.616846 
42.12101 65.51485 -6.465508 
-12.3282 85.17322 20.67165 
-39.55754 66.02846 -7.529118 
20.23266 67.43196 -6.566855 
19.35918 68.46012 -7.672607 
28.07435 -44.36723 21.92197 
-31.55425 -43.87073 22.78056 
-30.50544 -43.23752 9.061113 
58.93419 68.82446 -6.07005 
13.1142 27.86108 27.85933 
-22.14069 71.00005 -5.316419 
-28.47472 -43.66846 23.00154 
55.71718 70.71249 -6.247213 
-19.49943 71.04205 -8.787993 
-26.27234 -52.53787 14.04263 
-30.94278 -42.19344 8.851342 
-16.31939 76.27218 -6.409181 
12.27976 78.02203 -6.43048 
-16.57184 78.76794 -6.572686 
17.16939 -33.57388 28.10477 
11.37474 79.50259 -6.251212 
-6.731228 -9.559278 56.04386 
12.25234 81.509 -6.547728 
-31.69226 -41.96893 22.83095 
10.74955 83.19662 -6.835917 
28.86582 -41.74163 22.46444 
8.808624 84.41987 -7.140645 
-8.391534 32.28209 31.44496 
7.924613 86.72013 -6.760279 
-1.761576 34.10214 32.4394 
4.578746 88.49812 -4.955561 
26.42657 -33.61692 28.33162 
3.252583 89.19389 -6.60189 
-51.35451 -53.08657 -6.475433 
-42.4116 -53.4331 -6.303814 
27.0543 -52.3345 -5.92063 
27.93938 -52.07731 -6.367736 
-42.56573 -50.99681 -4.983179 
27.80395 -50.55706 -5.782386 
28.76662 -51.81616 -5.959224 
-40.97266 -49.20065 -5.898708 
-26.45972 11.22039 24.65039 
-0.7763222 19.58351 -5.809181 
-5.445151 2.269632 36.51376 
-0.2065658 21.26507 -6.188274 
18.01322 -32.26257 28.02543 
4.875571 26.62099 -5.745027 
-35.68919 -41.51396 8.681057 
-31.13183 -41.16441 8.495276 
-29.42958 -40.1844 22.74577 
-8.759919 29.45587 -6.442888 
11.85968 32.69341 -5.67445 
-9.43444 33.07273 -5.940916 
4.831587 87.67108 17.20098 
14.49 35.18665 -6.5484 
16.2191 37.83197 -6.58776 
29.97243 -39.54153 22.96116 
-20.17388 39.16751 -6.500875 
18.82412 40.3548 -5.192728 
17.40333 -46.23119 14.5369 
20.68426 69.14339 25.71897 
20.94324 43.56083 -5.851669 
-3.863594 3.539404 37.2493 
34.43311 45.70049 -5.434875 
-35.76313 46.41089 -6.263689 
33.98933 46.33603 -6.80645 
39.25872 46.35798 -6.236682 
25.31565 66.82247 17.24641 
1.123943 33.4017 32.16156 
-37.81736 47.44548 -5.749634 
-29.66215 48.00105 -7.024073 
-42.43575 48.83408 -5.003796 
17.89274 -44.6812 13.92956 
45.99986 49.15003 -6.470581 
-29.09932 -36.74608 22.95541 
21.84692 49.4514 -6.028318 
29.05239 51.95348 -6.6389 
24.08006 49.57333 -5.874402 
-47.9043 50.02469 -5.369853 
-34.65312 -35.54153 22.60716 
48.8327 51.16472 -6.380032 
26.62518 52.42493 -6.023922 
-48.25167 53.3006 -6.032508 
-26.57939 -39.77689 9.500379 
25.91619 53.90081 -6.487735 
18.38564 -43.67693 15.23807 
27.46027 54.7283 -6.192002 
-49.30133 55.14635 -6.021477 
2.666852 34.78074 32.38285 
30.2083 55.50901 -6.894461 
27.9899 56.02285 -6.034976 
58.35349 56.36321 -6.720999 
11.61969 29.12951 29.51815 
23.75772 57.48047 -6.504976 
-27.55612 -34.69506 22.30206 
1.590699 35.44667 32.46735 
25.7042 -41.95517 14.58477 
-26.15491 -37.53967 8.458241 
-47.26545 61.95758 -5.46663 
-46.27327 63.84612 -6.476742 
40.30444 63.39486 -5.450049 
4.779176 35.62292 32.15347 
-28.32192 64.57406 -5.187886 
23.72562 63.33843 -4.870803 
-39.1891 -36.37648 9.108784 
-14.22606 46.41363 35.22243 
-40.36895 65.96204 -4.592819 
24.14993 -41.37476 14.13806 
25.9453 -41.45108 14.86848 
-27.33721 -32.63805 22.26814 
-40.30365 -41.00924 15.09841 
20.70575 -39.88147 14.48391 
-23.33638 69.60242 -5.760909 
21.65969 65.17473 27.53065 
19.83625 68.94055 -4.514682 
57.84929 70.73273 -6.74357 
54.17123 69.96632 -6.40964 
-0.06617789 -4.825558 38.2547 
16.63009 71.01012 -6.050035 
-18.42748 74.28169 -5.652899 
14.66172 73.24317 -7.044111 
13.11466 75.76421 -5.796742 
-17.23624 79.4427 -5.613125 
-15.36732 81.82495 -6.12212 
10.09687 84.8356 -6.446084 
-34.94761 -31.09683 22.50789 
-11.13169 86.66706 -5.471658 
-8.879713 88.30467 -6.535477 
32.07544 -29.63056 21.72293 
-0.01221545 89.6617 -5.399731 
-35.58925 -29.26297 22.65041 
18.3255 -30.6357 28.03571 
-0.3984532 35.9065 32.65788 
-51.03188 -51.41376 -5.997949 
-40.81496 -52.44143 -7.934403 
28.96699 -51.96897 -5.386746 
28.37284 -50.69761 -5.367287 
27.73822 -32.53286 8.303677 
1.411991 19.20589 -5.421063 
1.721338 20.55506 -5.788502 
-2.443503 21.41688 -5.914501 
1.786169 22.57445 -5.512209 
-0.4728542 22.96012 -5.745622 
3.474325 23.59715 -5.93311 
-0.4094448 36.86518 32.63707 
-3.651319 23.04005 -5.279685 
-6.880854 24.09803 -5.616618 
1.86037 36.94398 32.37025 
-8.204364 26.21933 -5.27649 
-6.48459 26.09512 -6.115131 
14.22645 -28.6951 23.47638 
-9.391298 31.877 -5.498925 
-9.388869 29.95694 -5.083669 
-23.75601 11.89341 25.12947 
-22.10973 -35.38005 14.68006 
-15.22708 34.53306 -6.204716 
30.26002 -35.08765 14.93341 
15.41374 36.03964 -6.200613 
-36.41479 -27.05069 22.38664 
-40.65532 -33.82632 14.56251 
18.50581 38.91492 -4.575952 
-0.1519567 58.71407 38.23156 
-21.56934 -31.93524 14.91354 
-27.5736 -27.4766 22.3462 
18.92008 -32.01598 8.734892 
36.51987 46.23917 -5.68666 
20.87934 -32.43546 8.704835 
32.54023 46.15982 -5.300498 
38.62457 45.56434 -4.550739 
40.67271 46.94781 -5.762971 
3.452683 39.01313 32.86512 
31.55601 -53.76417 18.21609 
18.45859 -31.01554 7.905907 
-40.59885 47.53435 -5.409635 
29.72674 47.64546 -5.855775 
-34.13688 -25.96629 23.033 
-30.48656 -26.66021 22.89765 
30.11313 49.05004 -5.630117 
48.02518 50.98866 -5.591982 
-21.83575 12.13483 25.13283 
50.49145 52.18386 -5.90479 
-48.15595 51.97957 -5.586661 
49.15514 52.45996 -5.794554 
24.88993 70.11174 16.60311 
31.64095 -29.41631 14.61906 
29.26375 57.16127 -5.693454 
-30.72493 -25.19392 23.01692 
1.554011 5.310942 35.07565 
-3.572751 -1.115397 50.93839 
28.64606 58.71857 -5.509331 
-48.6534 59.05668 -5.364719 
-21.43886 -27.47715 13.90297 
26.65162 57.45417 -6.331214 
31.60203 -24.20608 22.96469 
30.50306 60.06766 -6.352441 
-31.11822 -23.24112 22.57446 
3.242571 58.37173 38.72651 
-42.02085 -25.53345 14.90132 
23.73948 64.34504 -4.26565 
12.04503 -24.87056 14.34593 
-22.01731 -24.25628 14.94237 
-27.4007 64.4517 -5.82663 
-44.65287 65.80489 -5.838723 
-31.97563 65.77935 -5.067205 
-44.09199 66.32951 -6.710413 
-41.70107 66.30765 -5.666845 
22.0047 66.56225 -5.212955 
-38.80158 66.47316 -5.395867 
-25.40096 67.94062 -6.520587 
7.705963 40.94593 33.43742 
10.22898 41.16285 33.16128 
52.57913 68.96228 -6.420314 
-14.41207 40.71271 32.27804 
50.77973 68.35358 -5.039795 
47.86526 69.78175 -6.006133 
49.61019 69.18155 -5.792531 
23.80126 71.21589 17.02107 
-22.86614 70.09184 -5.158402 
17.36756 70.58883 -6.467806 
16.10139 72.75231 -4.212823 
-17.16854 75.35671 -6.125872 
6.035688 40.9583 32.63934 
-33.17861 -23.42835 22.6415 
-41.76313 -20.06418 13.68033 
-17.2818 77.49805 -5.720227 
14.24577 77.5251 -5.815035 
15.01112 -28.75468 9.164524 
-17.59102 78.32203 -5.369349 
15.43559 -22.17354 21.57004 
-34.49778 -23.89849 22.93166 
13.09527 80.52908 -5.800932 
19.73852 -30.67052 28.44932 
6.269317 58.29871 38.282 
-22.80932 -18.7655 14.98414 
9.17604 85.44871 -6.239018 
-9.571021 86.99561 -5.798419 
-41.33865 -27.92401 9.450188 
8.535423 86.86853 -4.562883 
21.2857 -28.33673 27.87155 
-41.64184 -19.44297 14.97867 
-7.753655 88.92773 -5.246951 
30.41201 -21.52184 23.75218 
-24.92135 -44.46902 18.0664 
12.82115 41.84864 32.03697 
-52.10622 -53.7619 -5.301517 
-35.37887 -21.13037 22.7234 
-52.0681 -52.47116 -5.94812 
-49.4208 -52.37939 -5.503242 
-49.09556 -51.19678 -5.214772 
-50.28648 -50.23943 -5.032195 
-3.494361 19.61952 -5.333984 
31.20031 -17.48727 14.99282 
-34.3984 -20.52364 22.69044 
-5.162292 21.25364 -5.33683 
-20.41901 -26.86332 9.478563 
5.517895 27.84377 -5.479134 
-7.991191 27.89475 -5.478259 
15.32534 -25.5723 8.088435 
8.816504 29.85149 -4.921643 
8.760338 32.36436 -5.143605 
-16.31244 34.37309 -4.162588 
14.34665 45.10816 32.21827 
-26.76451 -13.64512 14.95703 
-21.4079 40.62463 -4.946696 
25.32813 -17.47482 22.13208 
-29.81704 46.88368 -4.837374 
15.7936 77.54633 26.01943 
13.99245 -24.51182 9.083302 
-36.74748 -12.45903 14.67234 
24.10379 -16.73038 22.0367 
14.68465 47.05806 32.44429 
-41.97315 -25.38739 8.217815 
-7.518029 45.03627 37.02538 
18.8726 -4.424109 22.42964 
27.77199 51.17947 -5.926085 
17.00469 76.52242 26.57623 
-23.92282 -11.6805 13.97206 
-48.58834 54.69079 -5.138669 
23.13901 -4.073836 22.59441 
15.93263 -11.80799 15.36141 
-47.95116 60.47057 -5.248192 
24.42182 58.61488 -5.948683 
-1.535426 -7.357767 51.12799 
-20.48713 -24.29068 8.13614 
27.71391 60.41614 -4.975492 
29.05986 59.963 -5.703475 
29.58348 61.03719 -4.952823 
32.41086 60.67587 -5.978436 
-21.27852 -10.33711 13.98543 
-47.51189 61.58065 -5.044417 
36.68441 61.26435 -5.249811 
-22.41507 -3.665834 22.64744 
-19.44198 -9.774547 14.26868 
-5.804297 -2.476788 38.53297 
22.57919 65.63117 -5.860568 
17.6407 -2.07621 23.05183 
-33.87457 65.71798 -5.014357 
19.121 -1.804102 23.06756 
-36.43934 -8.403241 14.48785 
-36.6771 66.2591 -5.315178 
58.13353 67.11687 -4.494192 
-26.27197 67.76135 -4.367335 
43.53479 67.48553 -5.857902 
44.90895 67.36118 -5.353055 
20.45612 68.15417 -5.388855 
-20.6035 -3.667671 21.9669 
58.29733 68.46222 -5.018694 
56.09687 68.13939 -3.802681 
-36.89151 -7.040919 14.70317 
-19.67435 74.15987 -5.199792 
-19.07326 76.92614 -5.702563 
-5.643824 44.87498 36.76961 
-26.24034 -3.4551 22.12977 
-20.15519 50.34699 32.05899 
13.62792 76.12866 -5.343105 
14.17613 79.57677 -6.031154 
15.8621 78.7299 -4.926032 
14.7875 80.36224 -4.854634 
-15.23038 82.40888 -4.837786 
32.05983 -7.568856 13.86364 
-13.8011 83.17961 -5.479644 
12.78836 82.31229 -5.683194 
11.07176 84.68233 -4.534445 
9.465281 85.47287 -5.25642 
24.64787 -29.09813 28.1581 
-9.774814 86.36584 -4.444074 
5.722418 88.20929 -6.26125 
-4.523499 89.51751 -5.465223 
1.737379 89.61511 -4.357285 
-5.586675 -2.621896 36.81728 
26.90267 -52.66095 -4.416278 
28.82707 -52.63993 -5.459636 
-21.64654 -20.06955 9.169238 
26.55683 -50.33652 -4.518556 
-41.78571 -49.64244 -4.334473 
33.28661 -4.7717 13.83003 
1.200562 17.79272 -4.2918 
10.1703 -4.47999 14.04453 
-5.476359 19.47574 -4.812121 
-14.45739 -4.575078 14.2109 
-21.31548 56.62654 31.66659 
5.047531 22.98716 -4.591056 
-6.034807 22.73242 -4.812894 
6.681735 27.76347 -3.653894 
19.34186 -14.81997 19.28738 
8.075661 28.4584 -4.667868 
-16.20748 -0.4466202 22.41762 
8.944627 46.48532 35.74843 
-11.27144 -1.405023 15.36617 
-3.388515 6.508298 19.17005 
-11.07511 32.59996 -4.975743 
-16.80971 1.287007 23.09269 
31.88636 -52.03415 18.82005 
-23.02437 41.93875 -4.960426 
-24.05238 44.67531 -3.229612 
-32.72775 0.5723858 21.57036 
28.78543 46.09906 -3.901095 
27.90197 47.88501 -4.959147 
-28.07097 47.6131 -4.212209 
26.60672 47.64995 -4.156761 
-31.90248 3.110323 22.59685 
-24.53752 -16.04407 8.772557 
6.79807 44.45872 36.18149 
26.08007 49.40211 -4.797434 
-3.48363 3.015344 28.30564 
16.91719 -16.62282 8.499927 
49.43663 54.01677 -4.163032 
-48.54486 53.9695 -5.162405 
54.05193 54.64316 -5.5826 
26.31665 3.928187 22.9872 
56.19786 55.48438 -6.155264 
-48.65786 56.67542 -4.716238 
-31.51186 4.604231 22.3795 
-20.14088 61.60898 32.59175 
-48.07007 59.72161 -4.533248 
34.65012 -54.02891 10.97561 
24.80362 62.13435 -4.596687 
10.69314 4.172088 22.97114 
-24.25573 -13.70629 8.894635 
33.6485 62.19885 -3.84472 
57.29666 61.19353 -3.913101 
39.56433 62.7633 -4.925376 
7.932489 3.874391 22.24759 
2.448053 3.973747 15.01629 
-29.83517 64.83038 -5.402237 
-3.984842 6.563493 15.95418 
-39.39534 -51.05573 18.75772 
-27.79983 66.77068 -3.539465 
43.16767 66.06564 -4.935822 
0.8983889 5.220998 13.40328 
47.93134 67.3167 -4.110055 
27.01377 4.74189 22.52027 
-37.05723 7.149652 15.22987 
-25.89818 69.14353 -3.836048 
17.70571 70.27132 -4.561284 
-20.13711 73.03351 -4.88586 
14.72829 74.245 -4.949436 
-21.35696 75.16064 -4.816092 
14.11837 74.9318 -5.299872 
17.40594 76.22757 -4.363431 
15.45562 77.3372 -4.951735 
-18.53483 77.9016 -5.244075 
4.58252 6.148599 22.48579 
-13.32338 84.42389 -5.465317 
4.840904 9.145544 26.20684 
-8.824856 87.50292 -4.509988 
-7.581571 88.25827 -4.126545 
6.153253 88.26359 -4.581096 
-3.418987 89.87507 -5.126323 
-1.766215 89.85812 -4.78168 
16.93114 66.14975 32.57034 
-51.3453 -53.75972 -5.974246 
-42.17706 -53.17581 -4.571931 
27.80269 -53.09681 -5.822318 
-49.26842 -52.91294 -5.147246 
-43.38262 -52.4212 -4.994673 
-23.60365 -11.72838 8.146335 
32.67257 -10.72562 8.793859 
-43.76095 -51.8876 -5.061584 
-51.95858 -52.12499 -4.825087 
-51.30668 -50.519 -4.461231 
-23.13198 -49.47045 18.23205 
25.18796 -49.32957 -2.280586 
-49.08335 -53.62026 11.60227 
-39.73545 -49.9534 -6.264721 
-6.70483 7.725875 23.51973 
-39.78612 -48.92164 -4.81358 
26.07214 7.487189 23.21532 
-17.87459 67.09653 33.08551 
-3.650828 15.75825 -4.446376 
-1.536267 15.57263 -4.550409 
33.45148 -9.667916 9.369415 
-1.617364 16.55701 -4.877794 
-21.73923 -9.68356 9.314766 
-1.593878 18.19098 -4.651571 
-7.089662 20.13279 -4.292758 
-7.875903 24.02907 -4.931189 
5.944619 25.24915 -4.836079 
-10.65436 29.27689 -4.005495 
-10.82122 32.11367 -4.751153 
33.77748 -8.746831 8.431635 
9.611767 31.92358 -3.987764 
-11.98042 32.46814 -4.012763 
-13.04013 33.11182 -5.702019 
-13.48611 33.02907 -3.628589 
1.88002 -3.451483 39.06234 
-16.38277 71.04316 32.08297 
-30.99131 11.83256 21.80546 
-18.4746 36.06738 -3.862607 
-14.67647 71.16578 32.81629 
20.20095 11.41923 22.4892 
21.70744 46.00864 -4.724316 
-35.33863 6.981683 18.41743 
34.60495 45.58359 -4.409564 
31.36856 45.76554 -4.571738 
-36.46812 46.57257 -5.034504 
-25.18609 47.12624 -5.295687 
-15.42465 72.201 31.41547 
-26.02514 47.42792 -4.973269 
27.48378 46.7016 -3.675458 
-38.56064 47.21966 -4.24858 
19.08546 12.92398 22.7429 
-8.624339 83.44584 26.18296 
-18.29052 16.34224 25.38486 
-8.110125 46.35532 36.67056 
50.95958 53.01701 -4.952803 
52.12547 55.17615 -4.642928 
-39.05589 -49.29525 19.30569 
55.08403 57.38073 -3.558903 
57.4612 58.73602 -4.701626 
-12.4112 74.25869 33.0141 
31.08681 60.98365 -5.632515 
14.64095 -47.43773 18.99709 
10.26623 -2.506289 8.317289 
24.74786 64.06959 -3.535219 
41.13166 63.59057 -4.664319 
34.64878 -4.715891 9.67614 
-24.62552 14.90496 23.07437 
-2.285332 -6.675353 42.94622 
23.501 66.06829 -2.928196 
23.0458 18.03647 9.351888 
46.25286 67.27655 -4.052588 
-0.4935566 48.1017 35.2675 
49.0996 67.21407 -4.558174 
54.72898 68.04452 -4.217098 
8.578044 75.57156 32.4202 
18.86731 69.63947 -3.825758 
-21.93145 74.07421 -4.440555 
15.82699 75.89528 -5.122254 
-6.028337 -2.261569 43.97261 
-40.75242 -2.90163 8.571618 
-21.04972 76.47621 -3.339268 
-10.9788 75.6632 32.44415 
-16.97746 80.20535 -4.641872 
35.31137 -3.222329 8.175254 
-15.94876 76.0956 28.73641 
12.99746 82.63525 -4.089437 
23.97146 44.4001 13.20595 
-11.5759 85.36568 -4.202859 
-23.69262 -47.14454 17.53459 
-10.43432 85.89584 -3.929819 
-9.299283 77.24801 32.26976 
-6.127957 89.3357 -4.963014 
3.62534 89.19975 -4.813672 
-52.18113 -53.3704 -4.401576 
17.55221 20.35575 22.13621 
-38.57066 -53.11547 -2.873537 
16.20425 20.7795 23.41542 
-46.63604 -51.53304 -3.316891 
28.66039 -51.55989 -4.073768 
-42.04067 -51.08286 -2.361757 
-49.5935 -49.11667 -3.812944 
-13.05287 31.89244 28.85386 
-6.840171 11.15395 27.92535 
-4.16341 18.06618 -4.265811 
-28.29027 50.06968 13.7961 
3.809868 21.9699 -4.398957 
4.709697 21.88868 -3.325755 
-7.012043 22.54958 -4.248971 
-7.979592 23.48014 -3.216654 
-8.493756 25.64832 -3.336046 
-8.595205 28.09731 -4.399079 
34.94144 -0.648632 9.141589 
31.98199 55.49003 14.36713 
-20.82694 38.66679 -4.552129 
2.518904 78.1283 34.03836 
16.16833 29.99288 22.17489 
36.54222 45.71632 -4.711719 
34.88931 0.6118522 9.66552 
16.17845 32.05056 24.27948 
2.035574 47.21251 37.39728 
29.9928 46.3279 -4.610609 
5.18889 46.36514 37.37017 
-37.48267 46.40961 -3.187617 
-34.5588 46.35714 -4.431524 
-31.77363 46.23505 -3.694057 
32.10943 57.57242 14.22486 
40.28962 45.84744 -3.00338 
22.39301 46.84995 -4.410653 
8.271102 -0.2075498 9.824119 
44.4053 48.42352 -4.180735 
31.23855 58.19539 14.63298 
-41.09581 48.04596 -3.606772 
-44.73421 49.12386 -4.157978 
-43.45306 49.16753 -3.909154 
-47.61699 49.91938 -4.304366 
-48.94882 52.49223 -3.736544 
-17.95605 35.58851 22.94881 
-48.93338 54.52003 -3.774577 
-11.20308 2.3542 8.96203 
50.41624 54.30343 -4.160713 
51.54362 56.13196 -3.854734 
34.96802 62.10527 -4.431413 
17.93459 38.22585 22.07434 
-5.766396 -4.134341 54.85059 
18.6324 38.99771 22.8084 
-6.137905 -1.606981 38.75829 
-46.83614 63.85113 -4.144128 
58.2207 64.07674 -4.575398 
41.79444 64.23547 -3.948782 
-45.77893 65.37227 -4.5734 
-44.73616 65.63176 -4.786354 
44.48521 65.612 -4.339706 
-29.01504 65.69784 14.0021 
-30.65682 65.5953 -3.789053 
45.45718 65.68827 -3.592138 
6.432755 59.83503 38.65411 
-32.77121 65.95087 -3.708193 
25.9856 67.91239 14.85309 
21.70694 67.60033 -4.675786 
-14.91943 28.77636 28.08487 
-26.59474 68.10105 -3.558081 
-40.31298 -45.73774 18.2588 
51.11497 66.9166 -4.145546 
21.09531 68.46523 -2.818551 
-24.35922 69.78941 -5.001537 
17.45358 71.66672 -3.155385 
16.77741 73.25083 -3.831353 
0.856629 -1.878048 32.88003 
-26.77201 72.06573 14.68684 
18.12842 73.97649 -3.716743 
-22.06914 75.13217 -4.059181 
-12.73789 47.86674 35.71201 
-19.00743 78.12433 -3.797361 
-17.47974 78.81403 -4.161335 
15.50414 79.93253 -3.302581 
23.75605 73.19169 15.21779 
-13.46986 82.9962 -4.054029 
-4.366603 88.65139 -4.06677 
-1.86321 89.03375 -3.472222 
0.009541845 88.71317 -3.681726 
-49.17707 -53.61351 -2.082886 
-25.22383 47.59497 23.68921 
-41.21112 -53.35279 -5.031736 
-22.96553 76.50977 13.95621 
-47.06952 -52.76191 -2.951694 
27.91348 -52.71069 -3.14416 
29.03279 -52.29772 -3.861856 
-22.39819 77.59786 15.08087 
-38.2333 -49.04534 -3.672106 
-39.46959 -48.27541 -3.40463 
2.829045 5.152994 33.26637 
-2.202172 11.43015 -3.450982 
-2.973141 12.81384 -3.670627 
0.06736369 12.76931 -3.565871 
-0.341372 14.29135 -3.451706 
-3.198921 14.38433 -3.515725 
0.6333271 15.48884 -4.135029 
-6.275651 15.27853 -3.339124 
-6.371985 16.17404 -3.542839 
-22.95498 -52.62095 19.89176 
-0.1103464 6.062579 9.197361 
-5.989627 18.15647 -3.560768 
16.29185 82.60277 15.0343 
3.839242 18.77879 -4.127459 
4.214996 20.32947 -4.369392 
-2.965983 -4.595902 55.49126 
-28.51002 56.96119 22.38697 
25.12007 57.06313 22.65192 
-14.9208 85.76176 13.92483 
-0.7471941 6.14918 9.737662 
-12.78763 32.4803 -3.486738 
14.93771 34.42404 -4.575293 
32.50501 7.781918 9.551957 
12.3056 85.34967 14.57421 
20.2362 41.22544 -4.429039 
-22.85678 41.60817 -3.130627 
35.29898 44.841 -3.11528 
33.41043 45.83358 -3.935979 
33.83317 44.97522 -2.397791 
-34.77517 46.0489 -3.442082 
-33.26322 45.96872 -4.240221 
31.89899 9.031202 8.669443 
40.51836 46.05037 -3.933023 
-29.65618 46.49446 -3.859903 
41.65229 47.26772 -4.091845 
-42.47209 48.65804 -3.038311 
-46.28499 49.81453 -4.115786 
-48.17974 51.15258 -3.996398 
48.64715 53.46285 -3.703399 
-49.19816 55.92707 -2.769701 
23.94057 67.26311 22.22356 
-25.89013 67.50992 23.87129 
52.98211 56.71987 -3.294244 
-25.07105 68.66885 22.67436 
54.35999 58.30337 -2.682557 
-48.95507 58.53625 -3.105463 
-48.34175 60.23354 -3.252409 
27.57913 61.65231 -4.07594 
-47.82487 62.42689 -3.290469 
-0.696268 26.704 32.59838 
0.1570596 27.98379 32.62637 
37.31435 61.84248 -3.555719 
31.97889 62.50143 -3.803865 
41.5727 63.91338 -2.739686 
-2.137861 29.16936 33.18986 
22.38411 71.27196 22.94093 
8.536825 61.96775 37.96305 
21.31244 70.76989 23.88598 
-28.95756 65.57909 -3.579334 
-21.66654 74.42267 22.74024 
-23.0352 -11.45357 10.0912 
-7.132017 60.77715 38.77408 
-0.9221436 29.57547 32.33515 
-1.337357 90.04841 14.75239 
-21.35755 71.95734 -4.290961 
28.22434 13.44266 7.627485 
2.025 29.20649 33.07896 
16.62773 77.54584 -3.784332 
16.67438 77.50861 -2.984762 
-44.18359 -52.95572 15.24851 
-15.09879 80.96071 -3.240232 
13.69497 81.17145 -4.225719 
12.72933 82.44136 -3.051888 
3.427195 31.50475 33.27167 
1.31339 47.72725 35.87627 
-14.09377 82.67981 -3.621693 
2.900924 28.77872 32.78688 
24.39841 -52.94978 26.28755 
18.60743 77.96552 22.40025 
9.250877 84.94352 -3.3256 
11.5618 83.53668 -2.842883 
-11.92449 86.00428 -2.916222 
8.595194 85.94778 -3.032502 
5.229638 87.41756 -2.997139 
1.689807 30.38245 32.10281 
3.73405 87.95528 -3.676176 
2.416639 88.58015 -3.040056 
-5.949099 88.80634 -3.861768 
-3.769612 88.80447 -2.021208 
35.94244 -54.18538 -2.899475 
35.67015 -53.50697 -3.221127 
12.5001 -51.74492 26.06181 
-42.93195 -51.62781 -2.915302 
29.06513 -51.84447 -3.319378 
-15.30322 80.59014 23.53023 
13.97951 81.49905 21.99447 
-25.87886 -53.23276 15.75844 
5.360074 31.69897 32.98439 
26.13829 -49.16105 -2.824609 
-40.6264 -48.68964 -3.807832 
-38.11367 -8.302977 -3.102757 
-36.42946 -7.081304 -3.064476 
-25.19137 -51.54955 15.2187 
-10.20938 10.33492 27.22294 
-0.2354292 10.90931 -2.821597 
-4.303046 12.18616 -3.395644 
0.2716604 11.87806 -3.294295 
-4.30737 13.92837 -3.240577 
2.28951 13.4708 -2.216832 
3.192849 15.08889 -3.092209 
-45.09247 -52.10147 14.72853 
-7.303902 16.88173 -2.20856 
16.28654 40.03751 28.97924 
-9.818463 14.85399 27.927 
3.13044 17.31965 -3.184057 
-7.692362 21.706 -2.667719 
-46.30064 -50.71382 14.54717 
5.925845 23.31923 -2.820731 
16.75536 -50.72045 14.69749 
21.91228 18.83866 8.725401 
35.87025 -50.82911 15.01476 
7.031523 27.61589 -2.651347 
-10.8246 47.12992 36.74938 
12.14789 19.09811 25.42993 
12.84067 20.20155 24.84041 
-25.42317 45.83117 -2.910035 
36.95884 45.41511 -3.565109 
32.03345 45.43314 -3.185482 
-4.466245 86.93662 22.76612 
-30.58746 45.92328 -2.231306 
23.88381 46.18513 -3.003942 
25.70347 47.32761 -3.932479 
-27.52635 47.39482 -3.617878 
-31.44895 -53.53694 23.58275 
-48.71281 54.07975 -2.218932 
48.83131 55.28147 -2.818304 
-43.46425 -47.56508 15.2782 
50.2982 55.71476 -3.045619 
34.30726 -47.68349 15.44931 
-20.47808 24.17544 8.028817 
17.23329 23.8455 7.591854 
12.65101 84.66599 17.50022 
-10.25167 16.78792 28.55634 
-3.1714 34.19727 32.8644 
17.72787 24.2587 10.05975 
-46.29633 64.24648 -3.381078 
-46.47313 63.46816 -2.649315 
42.48026 63.99691 -2.947708 
-44.82233 64.56039 -3.280258 
-23.90532 -40.60235 18.22391 
-24.34431 -45.44867 15.77688 
-7.63306 33.77927 33.10015 
48.63307 65.86406 -3.449089 
30.9995 -45.17867 14.85708 
-38.56301 65.74718 -3.461578 
-34.67883 -53.14983 22.843 
-23.62879 -53.11385 22.44453 
-34.55849 66.24205 -3.654934 
-3.65085 -7.021062 49.97784 
-28.45241 66.23841 -2.65028 
56.53836 66.46204 -3.180834 
-21.00681 25.84633 9.737406 
-8.456298 34.73684 33.08608 
16.77793 25.97999 8.775208 
-23.35395 70.97216 -2.969311 
-22.66725 73.46032 -3.459158 
19.74102 72.54458 -2.708256 
-1.82257 48.1935 36.44256 
27.52036 -43.75995 14.02518 
-24.38783 73.59693 -3.033065 
-23.57851 74.57917 -2.420867 
-40.41451 -43.30165 16.11398 
18.3421 76.37332 -2.655518 
-20.25315 28.00249 9.890339 
-18.95179 77.75983 -2.688736 
-16.92918 79.34551 -3.357348 
-16.64297 80.50529 -2.312732 
-20.26749 30.57276 9.2237 
-35.00052 -50.05969 23.31445 
6.970329 86.83264 -2.981389 
16.77211 30.35 9.20708 
-2.76203 88.81985 -3.602869 
37.27525 -53.5036 -2.263611 
-51.33336 -52.98244 -2.617203 
-46.93201 -53.18764 -1.675253 
36.75489 -52.88126 -2.991463 
-38.52416 -51.64043 -5.095671 
-33.90267 -48.42383 23.88066 
-51.03372 -50.17139 -3.330596 
-40.94818 -49.36475 -1.719783 
27.65919 -49.67271 -3.420116 
-3.510595 35.72132 32.80738 
-37.7473 -12.55582 -2.480846 
-11.29842 18.01626 28.20853 
-39.56559 -11.4889 -2.542088 
-37.85213 -10.58287 -2.921295 
-40.87519 -9.709924 -2.195533 
8.277034 36.11851 31.89165 
-39.06497 -8.583692 -2.822871 
17.75442 33.34538 10.32524 
-37.20019 -6.402727 -2.518917 
-23.26598 -40.17516 15.08317 
26.89914 -39.2691 14.36094 
25.92029 -4.214044 -2.746336 
27.4872 -38.46007 14.19618 
-30.80611 -1.902786 -2.786942 
-40.05304 -37.6057 15.13467 
0.06588008 48.60636 35.65823 
-22.46311 -36.62508 14.60607 
6.226253 63.82254 38.35571 
1.550984 11.01524 -2.098357 
16.07284 -37.8888 14.76137 
-5.99194 12.51439 -2.62864 
-38.06734 -39.17789 18.81307 
-5.537192 14.35244 -2.932955 
-40.00167 -36.39644 14.98532 
14.95174 -44.0314 22.64206 
-29.30507 -44.14623 23.20267 
-4.549767 37.55816 33.02695 
-2.52273 36.77795 32.71371 
-9.352743 28.294 -3.302496 
21.21819 39.51376 9.371293 
-12.19118 29.49265 -2.672151 
13.98105 33.02476 -3.350571 
-15.82433 34.24958 -2.60587 
-17.47482 35.60127 -1.977483 
-18.89551 36.27473 -2.975999 
2.782778 -0.4418265 37.78839 
-20.59717 38.32438 -2.732804 
-1.85658 53.36301 39.11399 
-24.66687 40.64322 7.543137 
22.24724 45.70993 -3.322642 
30.75886 -32.22834 15.20798 
30.5206 45.69339 -2.61573 
-41.15193 -30.38303 14.81763 
42.32291 47.52203 -3.190009 
-16.68363 21.54894 24.9505 
-41.29102 48.86751 -0.2551849 
-43.81029 49.965 -2.543869 
-45.51559 50.48795 -2.859263 
-48.19061 51.77093 -2.831948 
-48.54883 52.5481 -2.467837 
-0.08809306 49.05114 37.30593 
51.03716 57.50097 -2.978337 
-29.59222 -38.37513 23.37629 
-32.11911 -38.10271 23.35686 
14.60707 -50.21424 18.46622 
-21.83966 -29.21257 15.29916 
-47.23706 63.0151 -2.645997 
27.92604 63.3219 -1.891391 
-45.87146 62.71329 -1.873106 
-34.33443 -37.81228 22.81034 
43.62237 63.67757 -2.709999 
24.36835 64.85455 -3.03696 
49.24294 63.53236 -2.306426 
-43.20902 65.4544 -3.689882 
47.11626 64.88859 -2.746883 
49.874 64.94035 -2.765318 
33.02178 -26.20489 15.06826 
1.382059 39.83607 33.64876 
23.92248 66.32719 -1.543301 
-37.64345 66.1829 -1.931064 
-36.74672 66.26214 -3.264018 
26.45748 45.67084 8.977135 
54.72117 66.18136 -2.575735 
-5.886504 0.4779789 37.47141 
22.63638 67.80254 -1.262648 
18.93121 69.29552 -2.205481 
-23.99096 70.84705 -2.828798 
-25.68188 72.3098 -2.29141 
-31.45308 -36.07795 22.88324 
19.11004 74.86151 -2.931562 
-22.38021 74.67408 -2.42297 
27.44855 45.03897 6.866119 
-20.1356 75.9696 -1.729514 
-32.77743 -36.68542 23.09807 
-32.83986 -35.11676 23.16925 
13.43804 80.67123 -2.676065 
-14.60864 82.88617 -2.746591 
13.49185 81.07079 -2.344959 
-12.72319 86.49013 16.75127 
-8.391382 88.61964 -2.981118 
40.59647 -53.36235 7.260587 
-51.4719 -53.54384 -3.685849 
13.64356 -22.1907 15.34969 
-37.86506 -52.62106 -3.117747 
34.64096 -52.04967 -2.58889 
25.95385 -51.83683 -3.837155 
-51.18472 -51.91094 -2.422325 
-36.14871 -50.59871 -1.722934 
-47.40717 -49.202 -3.117759 
25.46716 -42.42186 26.9475 
-29.86547 -34.58533 23.0381 
-35.42146 -11.71273 -2.008846 
-34.68682 -33.88524 22.57267 
12.90525 22.96724 26.6243 
-35.39947 -11.04709 -2.068883 
-36.39359 -8.866456 -3.214254 
-41.34811 -17.75377 14.19989 
-40.46191 -6.465353 -1.624779 
27.06116 -6.834617 -2.630517 
15.40726 24.09818 23.91839 
-39.00168 -6.811253 -2.509614 
-34.7228 -6.407298 -1.971233 
23.99406 -6.485405 -2.155853 
-33.03675 -6.209842 -2.371588 
26.18901 -5.350521 -2.472239 
28.63552 -4.838655 -2.104481 
-34.20466 -32.35385 22.96226 
23.07069 -5.347746 -2.423505 
24.40201 -4.505946 -2.510215 
4.406665 40.05766 33.16499 
-31.12182 -5.1394 -2.341632 
-35.61648 -2.745398 -2.162226 
-31.90037 -2.944334 -2.483816 
-30.38615 -3.806881 -2.136559 
22.18218 -3.051885 -2.570492 
9.763493 47.88534 35.0503 
-32.38861 -3.654955 -2.688536 
-34.4432 -3.991707 -2.426493 
-28.92962 -3.834423 -2.332611 
-32.24842 -33.03828 23.01894 
21.42205 -1.888688 -2.268945 
25.65493 -2.342777 -2.796169 
-34.58323 -2.094987 -2.085059 
-30.12382 -0.5666285 -2.512939 
-27.3694 -2.330629 -2.068902 
-27.13877 -0.8185484 -2.237899 
21.26391 68.09418 26.83537 
31.31761 -32.22605 22.68989 
27.81395 -1.256169 -2.212215 
-34.08552 -0.5559835 -2.593647 
25.03463 -0.9314577 -2.499213 
-32.54271 -0.9946473 -2.486607 
-29.90399 -33.06116 23.23016 
-31.01824 0.8668498 -2.260999 
-33.17887 1.422409 -2.149873 
-24.88274 0.6005272 -2.17275 
-29.20218 0.521265 -2.657385 
22.40207 -0.119926 -2.445089 
25.24773 0.6206307 -2.563627 
-30.91076 3.183666 -2.09058 
23.74679 1.804635 -2.473804 
-32.00376 -31.56126 23.11548 
-27.43907 2.623796 -2.383775 
-29.72847 -31.55141 22.82764 
-2.654842 10.26602 -1.993305 
9.929159 49.96982 35.82347 
-5.854212 11.17076 -2.320577 
-5.892175 13.85587 -2.445317 
-36.05622 51.27213 9.082934 
4.296225 17.00898 -1.749841 
-7.555183 19.25673 -2.373219 
4.967968 18.63563 -2.139592 
-23.70567 -35.08651 18.61962 
-35.94272 -13.13441 15.76109 
-10.11741 26.15443 -2.530531 
8.923018 28.53374 -2.845279 
-34.15063 -28.79846 22.92415 
11.70818 32.01354 -2.682037 
2.354544 -0.04238085 39.49879 
-25.67843 -12.83819 14.28812 
-30.61541 -28.29338 23.09154 
38.73241 53.36744 9.082296 
-25.38294 -11.51203 15.37231 
-20.51125 37.2121 -2.320738 
-22.03986 40.47273 -2.867496 
-24.34445 -11.07597 15.19921 
-23.91613 42.3315 -1.947696 
-24.31536 43.78133 -1.765044 
-22.27079 -11.40235 13.724 
32.53149 44.5875 -1.829356 
38.98416 45.43158 -1.702792 
-32.70321 46.22805 -2.630603 
41.50608 45.8404 -2.028554 
25.57777 46.15895 -1.726227 
-26.67199 46.43489 -1.927749 
13.53182 -9.379978 14.14144 
29.75789 -9.633159 15.39986 
-32.63272 -30.19593 23.0102 
-43.21375 49.61568 -1.615265 
-38.53121 55.04258 8.915411 
-46.82231 51.44242 -2.914113 
-48.76072 55.41833 -1.72152 
-4.187865 -4.762806 55.8462 
49.15512 57.49979 -2.255574 
-11.76665 51.22021 36.68713 
-16.37282 44.40485 32.62706 
50.96292 59.18157 -2.378927 
53.8187 60.51614 -1.798532 
-22.62919 -34.34591 17.47182 
-31.76345 -26.89033 22.94462 
37.91335 62.08966 -1.968321 
-19.43667 -8.109096 15.49855 
17.3929 -40.33676 28.61037 
30.43665 62.78945 -2.724263 
47.75457 63.01077 -2.211703 
48.17678 64.14186 -2.863436 
27.09764 -39.0426 27.46727 
30.65498 -8.555387 15.28643 
31.37384 -6.986205 15.99645 
52.27916 65.936 -2.449365 
-42.32933 65.27578 -3.511467 
10.01857 19.43265 28.05832 
-39.4004 65.64655 -2.261887 
-31.69444 65.97643 -0.9223706 
-37.68496 58.05276 8.96365 
-16.88317 -6.170383 15.35937 
14.62025 -26.88236 23.434 
28.51212 -34.94955 26.17082 
31.83205 -5.006135 15.75874 
-24.793 70.66842 -2.207829 
18.26784 71.48032 -2.474944 
20.48208 72.34612 -2.17695 
-21.41629 75.13556 -2.217142 
31.27572 -26.1432 23.62246 
-28.09599 -16.54042 18.75932 
14.04206 79.69791 -2.239747 
17.91736 -37.03744 28.93104 
15.18432 -40.21377 25.41839 
10.20645 84.53066 -1.63664 
-37.96547 -4.696086 14.23486 
-9.891809 87.617 -2.904154 
-14.88099 -5.20146 15.40473 
-5.536013 89.32448 -2.609831 
-7.238132 88.58572 17.54976 
26.41141 -40.6194 26.18316 
33.7931 -53.33238 -1.438128 
15.57833 -24.89852 23.7295 
24.43127 -51.19842 -1.936149 
-12.28033 50.77122 36.34251 
36.22247 -51.66508 -2.604203 
-19.66939 -9.48732 10.29965 
-50.50675 -49.91379 -1.904432 
28.03324 -50.07753 -2.409035 
9.897009 21.17539 28.54785 
37.06219 60.92049 9.094489 
-49.81777 -48.84545 -2.979361 
-37.76201 -47.76613 -1.250199 
16.50586 -21.17167 22.62646 
17.27334 -10.188 18.7474 
9.154914 -2.220553 14.95983 
-12.98588 21.65959 28.22702 
-38.14096 -13.7843 -1.718431 
28.83035 -13.64783 -1.723929 
33.35065 -2.679933 14.74929 
35.4278 62.1052 9.205667 
-19.43459 52.95714 33.08588 
25.78854 -10.01922 -1.495123 
-33.21527 62.60822 8.232681 
19.01157 -18.72996 22.92349 
-40.99354 -7.912158 -1.802623 
-34.33785 -7.720085 -2.085616 
27.67567 -8.17198 -2.365478 
8.081196 -0.1887087 15.27836 
8.528939 81.35619 28.24358 
33.02641 -1.148791 15.17993 
-20.65922 52.60822 32.40122 
20.48478 -19.08003 23.49673 
32.58597 -32.18906 19.2392 
-32.07235 -7.50066 -1.933448 
-29.02064 -6.197923 -2.083168 
28.87945 -6.021365 -2.29963 
-38.95149 -5.057966 -1.629656 
26.58079 -18.52977 23.39712 
-28.68141 -5.169343 -2.002032 
-26.32339 -4.595256 -1.703856 
28.36922 -3.39509 -2.40792 
23.58849 -17.91298 23.44107 
-25.50827 -3.54633 -1.464794 
19.62179 -4.006345 -1.842935 
18.96722 -2.816227 -1.519881 
-3.901412 89.00396 17.76885 
29.43704 -3.15308 -1.581611 
18.19231 -0.9354268 -1.67391 
-21.19174 55.07425 32.49021 
-28.95191 64.51285 8.017419 
20.78624 -0.2139034 -2.410623 
27.20978 -0.03154331 -1.808688 
-25.62839 -0.3900664 -2.005201 
-28.1335 1.42108 -2.311065 
19.76321 1.62753 -1.854755 
-25.64629 2.021845 -2.069565 
21.40485 2.277529 -1.872004 
-23.52378 2.009863 -1.980172 
20.9382 3.411104 -1.901557 
23.187 2.942286 -2.025438 
-29.3086 2.413884 -2.101094 
25.23148 3.600441 -1.561469 
-32.58982 5.310546 -1.111923 
22.76288 4.016508 -2.099868 
32.38929 -30.94888 18.64801 
-26.59513 6.005214 -1.448897 
-4.790874 1.893284 39.07806 
25.66111 -37.19404 28.9541 
11.16509 51.44863 36.08392 
15.43475 26.97588 24.82936 
26.77673 -10.53788 18.4251 
-27.07105 -2.04175 23.07346 
-13.77549 23.22736 28.4607 
-8.649764 16.42837 -1.425709 
-7.085974 18.1181 -2.263654 
-19.79532 -1.145163 23.78398 
5.410698 20.21264 -2.184907 
8.381247 21.11551 -1.610284 
-21.30153 58.84806 32.65228 
5.952147 21.39602 -1.906087 
-2.245375 7.392286 13.8844 
-10.93099 21.78022 -1.799484 
7.27958 24.19509 -1.899963 
-9.127463 22.66103 -2.010659 
13.4649 -8.338304 9.644772 
26.40843 68.17593 9.407159 
-11.4355 28.99217 -2.785238 
28.66952 -33.20392 26.34162 
10.72642 30.76111 -2.4513 
-12.70346 30.80996 -2.645556 
-15.39401 32.07046 -0.7415456 
-17.39413 27.83476 25.74627 
-36.58375 8.907842 14.39497 
13.94345 32.98972 -1.217623 
-36.1695 10.45003 14.70435 
23.17069 73.17794 9.262003 
14.41999 28.18678 26.17336 
21.00949 40.94602 -0.8715061 
-19.98416 59.15272 33.01754 
24.0306 -2.160623 22.80222 
30.7554 44.95378 -1.341815 
9.913644 80.71519 28.85866 
37.54618 45.49682 -1.445403 
-28.83553 46.51097 -2.115596 
-27.49217 0.07124127 23.79309 
11.84806 24.11568 28.26732 
42.17953 47.19222 -2.45408 
-23.81798 -29.03707 19.23993 
14.52632 -0.881109 22.75246 
29.32164 12.898 15.3306 
-6.676863 66.10732 38.24 
-47.23066 52.95784 -1.996305 
-28.55603 0.4416847 23.28333 
-19.69353 61.72409 32.82595 
48.32474 56.35643 -1.781233 
-48.81752 58.67981 -1.636928 
53.06212 58.31726 -2.259787 
25.18699 0.3260793 23.18806 
51.77614 60.69293 -1.494747 
27.69238 -32.40343 26.77074 
24.29535 15.25354 16.32296 
-47.41472 62.04064 -1.911987 
-25.2683 -53.79807 19.14821 
23.74653 17.0846 14.64081 
34.73767 62.75418 -1.800219 
40.79206 63.2055 -2.127571 
14.28589 0.5037779 23.13172 
56.05788 64.29283 -2.597191 
32.50283 63.16007 -2.455312 
42.38072 63.72132 -1.500547 
45.13067 64.38582 -2.325354 
50.64096 63.42516 -1.255354 
-42.74215 64.48333 -2.3302 
55.03577 65.05049 -2.119792 
-33.3733 66.44299 -2.276288 
-29.13287 65.97984 -2.480537 
31.94702 -47.87832 17.90823 
-26.03802 20.22456 14.11256 
-15.29208 0.9645193 22.45774 
14.28661 1.933122 23.87017 
-19.03273 78.28022 -1.417605 
15.36863 78.85844 -1.943969 
9.513767 85.99645 -1.8575 
18.67898 24.84568 13.66108 
8.200089 86.94479 -1.984411 
-22.20261 23.59582 14.86189 
3.85218 87.98853 -2.432088 
-2.362477 89.5943 -2.623699 
0.3669522 89.61694 -2.329783 
-50.2732 -53.06646 -1.217958 
-41.45289 -53.29144 -2.653727 
18.10543 28.19355 14.72128 
34.70689 -53.18509 16.94986 
31.76974 -51.01685 -0.3214127 
19.04433 29.82452 14.46297 
-23.43765 -47.21515 19.44805 
-45.71492 -49.04869 -1.748877 
15.31352 81.49131 9.068802 
27.38142 -49.29554 -0.7431622 
-45.30844 -52.74935 10.09103 
-17.01656 69.66338 32.48941 
24.96106 -48.14956 -0.334715 
-41.10413 -53.14835 16.96648 
29.60929 -16.53641 -1.340255 
-19.91893 34.17948 15.3338 
30.58607 -14.26969 -1.787139 
18.37537 34.67035 14.90465 
-0.9960875 4.62526 23.72839 
-40.16742 -14.09443 -0.8030809 
-20.41302 35.65928 14.56378 
-16.20941 83.67778 7.545839 
30.40512 -12.21512 -1.356915 
16.40569 -29.68539 26.49955 
25.98612 -11.20719 -1.395163 
27.1331 -9.779842 -1.405121 
-33.32028 -10.49571 -1.351795 
24.81978 -8.913496 -2.121023 
28.63668 -9.084495 -1.595439 
21.69471 -7.331309 -1.457533 
-24.28024 41.57232 15.67518 
-26.76691 -6.220071 -1.028515 
20.60341 -5.992407 -1.741841 
-35.4026 -5.025827 -1.578787 
-37.30622 -2.816367 -0.8881273 
-24.20443 -2.907433 -1.457808 
26.59838 6.079068 22.43421 
-23.30443 -1.992735 -1.15641 
-38.25819 -52.96989 16.25802 
-22.89747 -0.8818489 -1.443038 
17.44719 1.007508 -1.227362 
12.18804 -26.61838 17.97209 
28.33072 2.282177 -0.7577869 
10.71244 86.68641 8.142473 
-34.7083 1.850864 -1.450269 
26.39427 2.601265 -1.713868 
-32.85159 2.383594 -2.253521 
-22.28523 3.008546 -1.478683 
-33.21779 4.368181 -0.9557826 
-9.019631 81.65664 28.28584 
19.42646 3.244567 -1.959311 
-4.775678 -1.138523 50.1416 
-23.88766 4.235532 -1.49364 
-28.64758 5.684588 -1.748156 
-25.18447 4.928407 -1.833756 
-30.5853 8.982988 23.50954 
19.56421 5.662007 -1.359892 
-28.31257 7.315787 -1.03268 
21.67664 6.23279 -1.545133 
-24.76011 7.703228 -1.294626 
-24.00115 6.130311 -1.813235 
-26.17995 7.798096 -1.441242 
16.61513 -28.40106 25.99547 
-2.313346 9.070659 -1.731073 
23.91615 9.920663 23.41426 
1.618555 10.20815 -1.153976 
2.327929 12.05247 -2.035903 
30.91383 51.79605 14.65811 
-6.912443 12.51709 -1.111553 
-6.554367 14.2917 -1.743559 
-28.94142 53.24885 14.59581 
27.55465 -28.78146 26.93076 
-8.117093 14.34688 -0.9468758 
4.110165 14.56431 -1.393472 
-7.223534 15.56524 -2.069672 
5.116414 15.72968 -1.38386 
5.493824 17.29235 -1.469609 
30.9873 55.72806 14.9927 
-8.819077 18.10221 -1.427613 
7.436027 17.22791 -1.388701 
10.14006 19.22082 -1.113136 
9.710387 21.00375 -0.9310331 
-28.73075 11.52161 23.80314 
-11.34765 24.4406 -1.868702 
8.390061 25.73195 -0.7603546 
-11.14664 26.53223 -1.583851 
-11.24891 28.17457 -1.880304 
7.457962 77.03045 33.01387 
-14.31798 29.70963 -0.485905 
-8.2564 76.00517 33.51679 
13.71931 31.40502 0.5599285 
-15.02935 32.85836 -2.241413 
-25.38335 13.82109 23.5997 
-19.4402 35.31747 -1.389721 
-1.907159 -1.680196 51.18978 
-20.49375 35.80656 -1.063669 
18.93019 15.49666 22.49692 
-38.91291 -46.38018 19.54059 
29.36388 59.51018 14.4639 
-30.4129 59.42596 16.33598 
22.53004 44.87254 -1.509114 
28.72945 62.53095 14.00626 
29.48322 44.88885 -1.051113 
36.05812 44.99181 -1.040407 
23.61122 45.27376 -1.460179 
29.07709 45.50035 -1.945306 
-34.5687 45.54769 -1.588083 
-27.42852 46.3537 -0.4740203 
-40.32789 48.1719 -1.67773 
-30.52003 62.47076 14.5624 
47.10433 51.35973 -2.79561 
33.68246 -53.83889 10.08666 
18.2323 -26.63082 26.6069 
-47.47077 55.30853 -1.256613 
47.99709 57.66418 -1.345985 
48.03307 59.67164 -1.324953 
-48.10127 60.2084 -1.727933 
49.59385 60.67532 -1.509828 
-45.50526 61.75557 -0.9377562 
47.268 61.37362 -1.665964 
48.32299 61.83369 -1.479189 
49.84796 61.74715 -1.402706 
-16.97407 -6.64072 10.38345 
-44.29163 63.44469 -1.842086 
28.54177 -25.85537 26.32749 
-47.56977 -53.44584 9.915444 
44.49865 62.84253 -1.368563 
46.7934 63.64697 -1.932765 
52.91191 63.73759 -1.501444 
-41.54619 64.69968 -1.163372 
26.26132 64.31993 -2.603538 
9.86365 54.08346 36.86268 
15.83127 21.31401 23.42939 
12.76018 52.88973 35.42589 
-25.6439 69.73383 -1.686813 
19.01984 70.85113 -1.888639 
-26.21955 70.854 -1.141576 
-26.25271 72.46494 -1.128544 
14.34093 22.36358 23.65602 
19.085 75.54183 -1.77062 
16.30217 77.18071 -1.820562 
11.0645 53.37963 36.46833 
-24.41884 75.61198 15.08609 
13.55917 82.37079 -1.219634 
11.56909 83.94254 -1.703711 
3.574152 66.59531 38.2603 
2.719756 89.19341 -1.982773 
-7.858966 88.98988 -0.4773498 
34.08443 -53.94338 0.7798045 
36.44439 -53.98915 -1.214246 
-48.03812 -53.62756 -0.3066553 
-42.15786 -52.60011 -1.907233 
-36.01404 -52.15029 -0.7882589 
-30.01785 -53.07523 9.447889 
20.80481 77.41816 14.9273 
-34.6069 -51.56647 -0.6364822 
16.44146 -53.27505 17.87048 
34.03733 -50.45516 -1.571786 
-41.53969 -50.40295 -0.9553145 
-35.83254 -49.90849 -1.444498 
34.61888 -49.06169 -0.05909493 
35.9392 -50.26233 -0.7960508 
-19.24968 28.36983 22.53609 
26.32078 -48.37441 -0.7901182 
17.2951 80.35023 14.94147 
-46.3168 -47.61863 -1.167768 
-47.82732 -47.73723 -1.771117 
-38.72801 -47.62207 -1.237097 
-37.2854 -46.62465 -0.5423573 
16.66787 81.96239 15.21137 
15.65707 29.77347 23.20317 
-49.82398 -53.04029 9.683779 
28.32283 -15.50215 -1.177551 
31.66007 -11.14065 -0.7735196 
-2.091899 -2.253785 32.60922 
-42.59375 -52.78617 7.867401 
20.82397 -24.57879 26.66217 
23.70547 -11.92405 -0.8936487 
28.41256 -10.82369 -0.6850644 
-16.18797 83.80473 14.90651 
-38.03603 -52.74986 10.58414 
30.68906 -10.24472 -0.3332176 
16.2463 34.02628 23.45626 
22.39402 -9.196873 -1.4841 
10.77675 85.49876 14.59523 
-30.14866 -8.505507 -1.326624 
-27.95987 -8.128357 -1.066931 
-50.05435 -51.60183 9.772609 
20.93986 -9.410274 -0.6643177 
30.0405 -9.479946 -0.2474455 
22.40351 -24.11584 26.59785 
16.76095 36.38203 22.79445 
3.238779 1.088669 33.01124 
-19.1388 37.90395 22.42722 
31.29802 -5.363226 -0.7472337 
29.84219 -4.619571 -1.195265 
18.38742 -4.669085 -0.8481742 
31.1452 -3.864062 -0.4684947 
-11.61674 86.45619 15.20048 
-37.57037 -3.920324 -0.8197534 
8.061721 86.81651 15.76589 
-41.04149 -21.56803 17.90045 
-22.86725 -4.370589 -0.3051154 
17.79883 -2.591828 -0.9318523 
9.858375 55.65671 36.9564 
16.07582 -1.976578 -0.7289664 
-36.05519 -0.3379134 -1.658793 
21.89037 39.58889 22.25702 
17.25911 -53.31097 15.90351 
7.376709 88.1154 14.21008 
-36.5593 1.054279 -0.7356128 
-21.75953 1.283494 -1.281022 
21.72133 41.1292 22.47795 
4.940861 88.71391 14.63808 
-7.847562 89.03664 14.96838 
-3.26128 2.646875 39.20443 
16.50712 3.999647 -1.172487 
20.66788 42.17469 23.47748 
10.27208 36.69184 28.97918 
25.19534 4.856939 -1.445932 
-22.18762 5.856877 -1.150029 
-21.21144 4.820673 -1.277363 
11.90484 37.50284 28.20921 
-50.23347 -50.16002 9.829067 
-30.08613 6.872765 -1.087905 
18.39227 -50.80312 9.484589 
-22.89149 6.995635 -1.487537 
13.91142 -21.83543 18.93781 
-42.23115 -53.54361 15.42287 
-27.35969 9.291811 -0.6994883 
-20.43321 71.48539 28.01399 
-26.11274 49.65479 23.72715 
1.724399 6.784999 33.23653 
-31.5869 -52.87717 17.51209 
22.85009 -22.65608 26.21442 
-2.224081 8.17796 33.55896 
10.74683 17.33347 -0.6737954 
-28.2182 52.96369 21.18363 
-11.21293 17.62919 -0.92508 
-29.56315 -48.49639 8.625483 
-10.95785 19.58065 -1.104321 
23.32032 52.85136 23.77327 
-12.69701 22.4534 -1.218036 
8.45854 22.93133 -1.240033 
-1.378027 8.681953 33.26001 
-35.1286 -52.68819 15.55109 
-17.44231 34.46033 0.1689967 
-28.52303 58.29273 23.01751 
17.45286 36.22228 -2.16076 
17.78409 37.8035 -2.814319 
-20.99126 37.72522 -1.113866 
16.55458 -52.67568 15.07536 
19.35675 38.45652 -1.114707 
29.64299 -53.16837 17.29495 
27.87282 45.70978 -1.326494 
-33.15891 45.84317 -1.484591 
35.44057 -52.81472 15.27525 
-30.15658 46.26707 -0.8553616 
43.33525 48.28892 -1.349791 
45.77525 49.50847 -3.014135 
-44.31839 50.91392 -1.851119 
-44.90651 52.01944 -0.9459873 
46.76617 52.50891 -0.912971 
-45.79111 52.14474 -1.334621 
-45.89046 -49.57183 14.54232 
-47.36916 58.35775 -0.9114469 
23.6357 65.92996 22.49255 
22.26935 67.16093 24.00455 
44.87582 62.18426 -1.040608 
16.52903 -47.88745 15.206 
-43.4248 62.99071 -1.213846 
31.13875 63.64294 -0.6542556 
29.81701 63.43481 -1.875378 
-40.3285 64.79922 -0.7181699 
25.75298 66.48632 0.764979 
35.57596 -48.83753 15.23807 
-35.51858 66.16892 -1.553875 
-4.488563 32.07563 33.53623 
-26.98858 68.56898 -0.7539896 
19.74441 69.76021 -1.217887 
-24.9369 -47.36829 15.35951 
20.5684 71.07384 -1.023331 
20.94407 72.12928 -0.6962381 
20.25987 74.30032 -1.098883 
-22.87842 74.77649 -1.236529 
-19.44771 76.90471 -0.7044536 
35.26493 -47.4055 14.52367 
-16.37654 80.83482 0.1182152 
-15.05804 81.33292 -1.395432 
-10.36633 86.58411 -2.21402 
30.36219 -44.97245 9.544282 
-47.17325 -45.25211 9.579029 
15.15611 -20.06598 18.90056 
-15.49803 54.81002 36.39302 
-5.373714 89.35339 -0.8575948 
-4.000751 88.96478 -0.4486489 
14.63036 37.98906 25.64738 
-36.25952 -52.94909 -0.07461189 
20.80369 73.85574 23.51258 
-44.31531 -52.83791 0.8414223 
25.37358 -52.14836 -2.158762 
26.3119 -52.49593 -0.7618192 
-45.97113 -44.65181 8.458153 
-43.5047 -51.31078 -0.1446436 
-42.08809 -51.51825 -1.377759 
36.72778 -51.90026 -1.438658 
-43.92725 -50.67293 -0.546398 
-40.76668 -18.76786 17.22767 
8.686688 36.61651 30.59846 
-3.34939 66.46553 38.65536 
-20.98036 75.65803 23.4767 
-34.74609 -48.91621 -0.9598119 
-33.84367 -49.11691 0.6366329 
-41.69062 -44.23734 15.44196 
-48.34539 -47.72429 -0.9490504 
-39.44678 -48.13492 -0.7703156 
-25.09171 -43.97441 15.43015 
-45.3483 -46.72728 0.495106 
-35.65748 -47.56602 -1.095621 
8.596566 33.52512 32.52521 
-35.51074 -19.48754 -0.2313144 
-34.11181 -19.33438 -0.7604797 
-36.79518 -17.79255 -1.067924 
-31.6873 -17.40451 -0.8551283 
-35.29608 -17.985 -0.5185027 
-33.72174 -17.45197 -0.4898155 
4.29888 33.08092 33.14838 
-34.40728 -15.87163 -0.2244789 
-1.191612 2.694776 26.06729 
21.8697 -44.017 10.13139 
17.88514 -43.37279 15.98242 
31.77295 -14.96904 -1.263195 
-18.80789 40.68035 28.95872 
20.21908 -42.67643 14.59522 
28.70654 -43.99761 15.17235 
-40.24644 -42.85199 16.02355 
-34.56145 -13.06572 -1.133916 
-32.4701 -15.48729 -0.1347359 
26.86063 -14.42812 -0.502039 
-37.12974 -14.61241 -0.7056463 
-30.71478 -13.66321 0.02962822 
13.35701 55.0568 35.94004 
32.78704 -12.86106 -0.3364725 
14.85312 80.74932 22.83826 
20.26339 -40.99575 14.84117 
23.30476 -13.42034 0.05427513 
-25.79147 -8.531108 19.0246 
-40.98269 -12.21731 -1.498398 
28.15423 -12.16755 -0.7817343 
-32.00794 -11.97203 -0.3734796 
-13.83797 83.30234 22.45996 
-42.29664 -11.61082 0.04670088 
23.56689 -10.58029 -0.9644974 
-42.33864 -43.94418 8.423814 
4.456604 82.71281 28.64509 
-25.60514 -7.505316 -0.4209376 
30.27955 -7.120149 -1.106923 
17.90023 -6.357774 -0.3420328 
31.39996 -7.100736 -0.5143117 
-23.67488 -6.333382 -0.1999328 
27.97794 -39.88158 15.77349 
6.552032 34.83323 33.64069 
-1.463711 67.82117 37.74842 
-24.53634 -4.301433 -0.7752539 
30.40987 -1.46223 -0.8650007 
6.129275 35.87576 33.31707 
5.543263 85.82555 22.68853 
28.96313 -38.38645 14.68102 
-20.49448 -0.9126986 -0.1645022 
16.5313 0.5233046 -0.7181417 
28.61893 -0.07772488 -1.006687 
-22.69878 -38.09208 15.50848 
-20.91825 -0.1940315 -0.7107609 
7.121642 85.40002 23.45045 
-7.805205 35.9722 33.15283 
15.68358 1.85661 -0.6442937 
-34.70965 3.564958 -0.9564663 
-5.193597 37.16302 33.18506 
27.01888 3.835419 -0.4846425 
16.04033 5.269928 -0.5751647 
-20.74059 6.77366 -0.1910516 
-0.9017917 87.24378 22.88205 
18.14655 6.746788 -0.8722557 
-21.81711 7.929862 -0.723203 
-4.199545 7.822218 -0.8942853 
19.41269 6.931094 -0.7252797 
21.62234 7.808229 -0.6480443 
-6.406033 37.65199 32.77316 
14.10282 -35.73596 15.32393 
19.69826 8.44892 -0.7759141 
30.02419 -35.847 15.78551 
-11.26594 0.7237142 19.19633 
-0.057301 9.751713 -1.189599 
21.02108 9.492841 -0.3628637 
-24.66274 9.338638 -0.8584384 
2.205199 10.35233 -0.5876114 
-8.475098 11.96047 0.3194897 
3.234194 12.71956 -0.4522617 
-4.956576 40.15494 33.7348 
9.008413 12.6502 -0.6919273 
-41.14504 -32.05074 15.04856 
-36.60733 -40.48933 9.138137 
-8.89881 13.47125 -0.6285676 
27.19476 -52.79942 23.20351 
9.17767 15.31322 -0.5077237 
11.13438 15.8054 -0.7227589 
-13.43794 17.01062 -0.4433639 
13.0129 -31.99143 14.46686 
-13.72509 20.9409 -0.9755043 
9.789519 22.94418 0.236608 
15.82982 -8.654886 18.26658 
31.07837 -31.19181 14.69914 
15.1634 54.56062 34.60521 
10.18971 27.69367 -0.4691758 
12.23598 -29.44401 14.73659 
-12.95411 28.70909 -0.5452701 
11.69368 28.83994 -0.6127008 
-19.86266 43.91798 28.84207 
12.69286 -52.4931 24.61409 
-15.14901 30.53815 -0.2252122 
-38.0475 -38.28282 8.98924 
8.976917 57.91258 37.1803 
9.906333 57.28736 36.54179 
14.88216 -34.16409 25.68118 
-22.34111 38.95039 -1.262254 
32.74116 -28.42893 16.68828 
-23.3565 40.36553 -1.272953 
12.54222 -50.13956 23.09016 
-2.14593 -5.154247 38.26684 
27.69975 -48.97615 23.5529 
25.16341 45.16724 0.3692181 
42.12997 45.92934 -0.8822315 
-8.606808 39.04234 32.58474 
11.84604 -26.31609 15.36399 
-8.011164 38.84515 32.41293 
47.48747 54.36042 -0.8881482 
-46.64818 55.21869 -0.5491089 
-46.28445 58.18842 -0.1173133 
46.93969 59.24969 -0.7402725 
-39.20261 -35.04076 9.24214 
-23.74775 -49.24126 24.02177 
32.56307 -24.27809 14.36643 
42.3602 62.82438 0.5858265 
43.61896 62.62819 0.983795 
33.46158 -23.56966 16.11183 
25.95932 -33.32431 8.961395 
-38.20856 65.74251 0.5021158 
-34.43068 66.46877 -0.5985919 
-41.68541 -21.69959 15.73789 
27.90107 -47.23896 24.07127 
21.09945 69.07215 -0.6926441 
-25.33252 -46.36287 23.91922 
-26.26484 70.12138 -0.7165734 
-25.06749 73.72952 -1.098657 
30.14371 -17.01309 18.57104 
14.15448 -20.33516 14.77034 
18.15217 75.51974 -0.8181452 
13.65378 -45.62673 24.64751 
14.20502 79.73964 -0.6726165 
15.76344 78.96739 -0.8318664 
27.04602 -33.71036 9.929137 
14.07429 81.23726 -1.01071 
-19.46021 72.37775 27.11833 
11.07422 31.58124 29.4692 
32.03685 -18.89949 14.83204 
-26.92261 -45.36413 23.96902 
5.537919 88.26286 -1.622713 
18.20694 -51.56689 10.89536 
17.88131 45.53132 28.97396 
18.33298 -33.1526 9.48522 
-23.81635 -17.49145 15.0625 
-39.4426 -53.65261 -1.491575 
-28.4706 -8.082793 18.32177 
19.48301 -33.56534 9.731236 
32.01608 -53.11468 7.543467 
24.12061 -33.18861 9.589836 
20.37429 71.19668 26.20327 
-50.01228 -51.95734 0.1410062 
28.14071 -51.91917 -0.7798122 
-40.71334 -52.04481 17.29245 
-6.081115 8.365841 28.31688 
-49.11684 -49.91245 1.254105 
4.257328 8.214329 26.53869 
4.482443 42.56372 33.73123 
-49.32666 -48.53403 -0.8510521 
-43.7159 -47.47717 1.165234 
-40.17872 -4.414143 10.56781 
22.16552 -31.18555 8.349855 
-38.90824 -46.57452 0.1108363 
-35.11948 -47.54638 -0.05148175 
-46.57541 -46.65734 0.7186953 
-20.51319 40.78524 24.75769 
-36.48133 -19.41172 0.02407609 
15.00497 -43.7651 25.24491 
-4.954673 10.24836 30.1703 
-33.15261 -18.62249 -0.3052984 
-26.83301 -14.83924 15.34565 
30.3894 -18.9384 -0.07941796 
27.68791 -40.58556 24.79954 
29.00335 -40.88074 22.53468 
-36.43166 -15.76094 -0.07942931 
-38.93972 -13.98626 15.17035 
-38.38475 -15.55083 0.1492618 
30.03551 -12.31976 15.45878 
33.36866 -52.16573 17.39164 
25.84813 -12.64199 -0.5421795 
21.051 -12.62461 0.02678664 
20.54379 -11.21425 0.08077985 
-27.25427 -11.15431 15.54007 
-30.5107 -37.29076 23.20041 
-15.84225 10.75685 26.26753 
-42.25842 -9.060251 -0.2124687 
10.92875 42.45268 33.12896 
13.90215 -36.41945 24.57174 
-35.28266 -10.11343 15.27818 
-40.28688 -5.106325 -0.4494671 
-29.99847 -35.70984 23.27406 
-38.58063 -3.476294 0.4794683 
13.70043 -36.21447 22.98075 
12.92165 56.82781 35.69968 
-21.97271 -2.683033 -0.2557631 
13.63687 -32.55385 22.69122 
31.01139 -34.90344 22.53038 
-37.43359 -0.9996042 -0.2311434 
-37.85407 1.166996 0.1850997 
29.74775 0.4228431 -0.3944631 
-20.32898 1.19443 -0.4444411 
-23.02175 -9.993807 15.53214 
14.06279 1.892155 -0.3043696 
-18.95707 2.758243 -0.4126762 
-35.66865 2.44152 -0.3142193 
14.20281 4.067505 -0.05136084 
-20.66954 -9.827971 15.20374 
28.14148 4.479942 0.3236544 
31.23397 -9.110353 14.38176 
14.41359 5.859835 0.02394731 
26.27928 5.64046 -0.1626755 
-33.11922 -27.72494 23.36531 
14.7079 -28.29718 24.4334 
-41.10775 -50.62548 17.33028 
-1.127619 7.014135 -0.3827791 
24.18525 7.381973 -0.4835843 
18.59786 -16.41321 18.94054 
-20.55449 8.585265 -0.3616247 
14.71793 7.203781 -0.05934536 
23.41826 8.457609 0.1115284 
0.1397627 7.860303 -0.5075898 
-21.28016 9.027342 -0.44924 
-23.05135 9.053301 -0.2698219 
-22.13251 9.918351 -0.01226988 
-4.82897 9.977669 -1.047221 
1.138716 9.458242 -0.1017676 
13.17474 -8.044152 15.62278 
-9.221047 9.130771 26.61221 
-23.95374 10.03797 -0.1757156 
12.60069 -6.949443 14.94143 
-27.47205 10.99992 0.5415355 
-22.81528 11.00268 0.1182117 
-36.67102 -5.610819 15.2775 
11.70589 -6.014885 15.34924 
14.16399 47.75283 33.28459 
14.08983 11.08799 0.2447418 
12.89666 47.18408 33.63537 
4.95551 12.81288 -0.2149626 
6.784045 13.44822 -0.430096 
-35.38082 -15.04812 18.85336 
13.11553 17.09174 -0.2613594 
5.126532 10.00428 26.4444 
14.90994 -49.70679 17.7784 
21.06162 -18.26819 23.13719 
-20.59117 -25.70502 9.216047 
33.41204 -49.3234 17.07253 
32.90532 -25.47133 9.777803 
11.42128 58.85976 37.03263 
-12.75213 -2.43626 15.54618 
15.49663 34.10212 -0.1866194 
9.734186 -1.958158 16.68303 
17.33013 35.5983 -1.036999 
13.98528 50.36852 34.27147 
-6.244959 -6.974343 53.1405 
-24.45912 -2.725392 23.14866 
27.54509 45.19306 -0.2402602 
40.0032 45.60434 0.1889881 
-33.74899 45.81592 0.1478393 
-36.79137 46.4789 -0.5681495 
43.51702 47.3263 0.7053648 
15.99043 52.35918 33.07995 
-39.09636 47.18573 -1.401129 
43.55654 48.62866 -0.4837921 
9.062418 9.845063 26.57577 
18.7009 74.67699 26.3628 
-10.45011 -0.08054882 15.52439 
21.69566 -2.410911 23.3891 
45.20229 51.32205 0.4404239 
-45.3265 53.70679 -0.4238554 
-21.32606 -21.04611 9.951097 
-45.37525 55.27133 0.2037287 
47.16038 58.29075 -0.6046214 
22.23297 51.84115 27.71003 
-44.20602 61.25607 -0.1756934 
44.82965 61.49019 0.05151201 
43.81148 62.91711 -0.9792058 
38.83246 62.4616 -0.2058361 
-19.78159 -2.024653 22.9037 
35.22842 63.4388 0.6995692 
15.5993 -43.56356 19.68469 
33.749 63.65376 -0.454457 
-42.78484 63.00697 0.1478967 
28.27433 64.01749 -0.5443477 
-39.42611 64.98601 0.7849648 
-26.85666 69.37466 -0.01373297 
34.10197 -21.6331 9.408838 
22.84753 70.91019 -0.3003804 
21.50145 72.10612 -0.2304215 
-25.78097 72.97565 -0.5340157 
-24.1012 73.69651 -0.1092171 
18.77709 74.27111 0.2834309 
-21.16924 76.36243 -0.3470208 
-22.65145 51.80315 28.48412 
-17.96537 77.67399 0.4555943 
17.81495 76.41906 0.4752227 
-14.74442 82.80117 -0.3492444 
14.82385 55.72163 34.46099 
2.660406 89.46853 0.294145 
-37.27237 -43.58131 19.81488 
-2.71101 90.11806 2.359265 
-40.46791 -53.59876 0.4355257 
36.41092 -53.39651 0.03193216 
-19.69348 56.1331 32.8398 
33.43739 -19.61477 9.251971 
17.28802 55.68262 32.335 
-41.84726 -52.82814 0.5295211 
30.98526 -51.31347 0.1602974 
23.12939 -51.99128 0.7118699 
-19.50238 57.11338 32.84231 
-42.49993 -50.99442 -0.1871394 
31.32542 7.862071 15.99314 
22.68564 -0.4719471 23.2447 
23.06883 -51.17999 0.3277652 
23.87654 -48.32665 0.6080828 
23.96211 -0.2217157 23.29548 
-47.6004 -47.44859 1.513126 
-36.10809 7.84728 16.9102 
-36.1436 -46.31328 0.6334355 
-19.31423 59.19074 34.20165 
32.0346 8.5144 14.47497 
-33.86449 -22.42263 0.5311435 
31.18385 9.517154 14.59018 
-37.67686 -21.74929 1.116514 
-36.87918 -20.35925 0.189802 
-36.39151 -21.29848 0.1623487 
-32.47964 -20.36695 0.2902462 
32.63037 -18.39137 9.520783 
28.03782 -18.43565 0.2605613 
-38.048 -17.86144 0.3139071 
23.74498 0.863421 23.95303 
-30.88012 -15.84932 0.5058931 
-37.6977 -16.42408 0.3569724 
-39.25935 -16.05403 0.9738961 
-39.80569 -15.52448 1.170195 
17.2201 -14.23239 17.29616 
-19.14702 62.24018 33.69835 
-30.11083 0.9222559 23.10988 
-28.64427 2.109982 23.61814 
-32.85258 14.24305 15.30067 
28.28635 -13.16601 17.702 
19.52995 -9.827307 -0.1344139 
-26.67233 -8.746291 0.3473798 
10.14613 11.16004 26.84986 
18.0395 -8.565248 0.894827 
19.34977 -7.708151 -0.241908 
31.07508 -9.06406 0.3570144 
-41.79951 -6.933711 -0.3019352 
-30.39153 16.68407 16.6127 
16.74384 -3.826965 -0.1959787 
13.98171 -3.170541 1.233319 
-27.94952 -7.352638 19.57059 
17.30606 -12.96287 17.24837 
-38.29008 -1.949959 0.1358412 
14.59424 56.34635 34.48061 
31.50582 -1.609716 0.5393572 
-19.87189 -1.990823 0.1864484 
15.03479 0.1246847 -0.2635191 
-19.49597 0.1604354 0.3801981 
-18.58887 64.80981 33.38533 
30.5652 0.5694692 0.794121 
-18.10923 0.8750958 0.4959148 
37.02742 -49.21899 11.14764 
-37.19683 2.902431 0.6969196 
20.91542 43.87701 25.3238 
12.17916 3.425297 0.8272785 
-18.43802 4.766855 0.03482657 
-39.49057 -19.25725 19.29692 
-35.41542 3.764375 -0.1989512 
-18.61876 6.099908 -0.1398184 
12.70995 5.76963 0.2797277 
27.6192 5.570882 0.3269536 
13.68339 3.7183 23.75887 
-33.75109 5.961074 0.2039042 
-11.56194 59.16006 36.79699 
-30.98006 7.746631 -0.2172125 
-5.220532 -7.090212 51.24116 
25.02285 7.691024 0.488909 
15.86041 9.683229 0.5468104 
-21.25047 26.72094 14.39064 
-30.95748 3.9274 22.86212 
22.82642 9.203889 -0.06424233 
-29.97539 8.812872 0.3708262 
-19.19354 10.69507 0.6056278 
17.12726 8.988858 -0.1438508 
8.874763 5.478398 24.22079 
5.817626 9.082246 1.144838 
13.58954 68.87113 33.92978 
-6.594516 10.70258 0.2471961 
-20.85154 32.46667 16.8908 
9.526412 9.096913 0.1432796 
19.27268 10.06401 -0.1966493 
-23.80184 11.64163 0.3787448 
4.489507 10.40428 1.028294 
13.03511 69.71593 33.31144 
14.02445 15.15987 0.2074222 
19.76661 37.53121 14.79184 
-12.77854 71.01561 33.48506 
-13.33733 23.57008 0.1269644 
35.01794 -52.54595 7.967697 
-10.63639 7.464618 23.898 
3.161322 6.019281 23.23683 
5.291376 6.701931 23.37559 
12.85038 71.32668 33.59789 
-23.44757 39.81121 1.600025 
22.11838 43.40826 -1.798194 
-14.1707 73.12714 32.43504 
29.70643 44.49552 0.5841038 
33.16287 44.56466 0.1675571 
36.54381 44.8065 0.2410521 
38.46124 45.61888 0.2904171 
10.00626 74.44168 33.58083 
-34.65685 46.17034 1.087828 
-30.89844 45.84169 -0.6669732 
23.68683 44.5969 16.40952 
-30.07934 7.575944 23.74644 
-40.52233 48.08339 0.6499383 
-41.60633 49.57405 0.461082 
44.22165 49.70316 -0.1068087 
-45.08025 54.40111 0.4141546 
-27.9846 47.73434 14.69715 
-7.922295 8.000299 22.90343 
45.69057 58.13718 1.415775 
-45.10719 58.97192 0.1132573 
-43.1775 61.53517 1.079172 
36.71549 63.11557 -0.03543685 
-41.43941 63.13486 1.002405 
-34.86207 8.475709 19.15856 
28.64225 50.53348 14.43706 
-28.25604 66.35599 -0.3432119 
22.41221 11.08599 23.13687 
23.68249 69.57323 1.191264 
21.62846 69.44276 -0.1760556 
-26.47264 71.64603 0.0622575 
-25.65652 72.36194 0.6977114 
-22.74835 75.18524 -0.1754139 
-10.86578 75.3314 32.69279 
28.76994 53.68329 15.54041 
18.5532 10.62498 23.66466 
31.14994 53.99314 15.06074 
9.852674 85.84193 0.8451586 
-11.83343 86.12462 0.2089097 
-29.36704 56.50968 15.15406 
29.26185 56.74785 15.35173 
4.229536 88.37824 1.221084 
-34.8541 -52.81608 0.3762416 
32.42141 -52.36692 -0.8022501 
24.80699 -52.82322 1.424391 
27.12704 -52.27659 0.1796853 
-29.50624 59.15732 14.65389 
-32.95802 -51.07987 1.357345 
28.17686 58.30431 15.8836 
-42.4089 -50.27569 0.469523 
32.53091 -49.41648 -0.001799379 
22.33463 49.52642 24.98037 
30.90332 -48.54721 1.710881 
32.07036 -48.20205 1.489096 
-42.88155 -47.29087 1.785899 
26.95033 62.51745 16.29518 
-29.86042 61.1669 15.68772 
-35.66583 -23.06107 1.017327 
-33.44364 -20.95619 0.2998874 
-30.04518 -20.65379 0.525993 
-40.6576 -4.524072 9.703178 
-29.73612 -19.59671 0.4243043 
-28.40095 -20.00304 1.258667 
-31.55766 -19.1264 0.5999112 
15.73208 -47.95253 16.79144 
-30.60489 -17.97858 0.7855535 
-29.6513 -17.72659 1.240763 
26.22834 -16.26486 0.01147234 
33.50163 -17.64678 1.710954 
33.46836 -15.61918 0.5660698 
-29.83794 -16.53237 0.7872667 
-30.03233 -15.3946 0.8427833 
24.32411 -15.008 0.08433433 
34.04841 -12.72836 2.020759 
-49.69425 -47.27927 10.13939 
-42.56203 -11.45127 1.461942 
31.92385 -9.430308 1.581551 
16.19085 -6.690135 1.097019 
-40.85749 -5.579495 0.7949314 
-39.64227 -4.322788 1.934482 
-22.09021 -5.149203 0.6709952 
32.21696 -5.172552 0.4481485 
-21.27138 -4.022786 0.2723736 
31.72696 -3.799166 0.4500438 
-5.132954 -4.50043 40.51847 
-39.2528 -1.111247 1.593194 
-18.5835 -0.8220482 0.8837401 
-18.09312 -0.4577063 0.9439515 
-3.12898 -3.900851 34.78004 
11.524 4.858345 0.8369122 
-1.617165 -4.645263 35.06411 
-36.95795 4.46098 1.139395 
29.22692 5.07451 1.670739 
-35.13525 5.243034 0.7328949 
-34.32201 6.765434 0.6891546 
-16.66985 7.779351 0.8287388 
11.98799 6.924553 1.00948 
26.61716 7.787379 1.02926 
-5.061144 7.523082 -0.01656524 
13.35141 7.915331 0.9976645 
11.74697 7.658068 1.009238 
27.95911 -8.657903 17.98447 
-32.08685 8.033694 0.7609828 
9.340729 8.040797 0.7336833 
24.45131 8.625937 0.9183886 
-18.62062 29.9255 22.8159 
14.19941 8.446779 0.6738854 
-18.6312 8.765088 0.5310626 
13.40154 9.240309 0.7216505 
23.95168 10.07033 1.114384 
-14.49851 8.973952 1.137851 
-4.05722 -0.9135275 33.35039 
-20.7551 10.8288 0.5287731 
-16.11273 8.650648 0.7274097 
-18.64054 33.32045 23.97141 
2.89832 10.78213 0.5873797 
18.15743 10.90154 0.7002993 
-26.42227 11.98507 2.20353 
-20.0118 11.2419 0.6422133 
-17.59855 12.68465 0.6204989 
-9.845272 11.09445 0.7451484 
20.63823 11.14291 0.459709 
22.10285 11.08438 0.6920186 
-25.21008 11.22825 0.7418184 
-21.04067 12.25517 0.9241164 
-10.53345 13.09527 0.2981724 
-17.24815 35.08679 24.65952 
16.39173 12.02127 0.806012 
-11.59129 12.92685 0.5086696 
15.8785 13.97222 0.5517992 
-18.63295 13.51998 0.7820762 
-13.27234 85.73679 15.33697 
9.675571 86.08598 15.76028 
-16.0473 15.34144 0.3300139 
-14.0476 16.22348 0.4456236 
-15.22163 17.49631 0.7067873 
6.206882 3.047642 9.109265 
12.13815 19.14986 0.7044768 
-14.77123 19.6314 0.05536095 
11.30344 20.79255 0.7380102 
-12.73139 11.86604 26.69193 
-10.7879 61.9218 37.72709 
14.01657 60.75039 35.84075 
5.506393 87.51484 15.8528 
-3.429606 52.51146 38.87399 
-23.57177 -9.385205 17.75348 
-22.42791 -8.3513 17.87468 
36.46632 -48.26306 10.08226 
-19.73419 34.76198 0.4174967 
-18.365 34.81036 0.3803305 
-20.21618 35.13945 0.8283164 
16.50953 35.15935 1.449328 
17.58779 35.93975 0.3886381 
18.10893 37.24977 0.3031502 
-20.07552 40.39226 23.92874 
19.74646 39.90722 -0.7610077 
-8.85655 3.816489 8.993108 
-25.1081 43.87949 0.2139456 
22.52752 43.50996 0.6836169 
0.1894026 88.86322 15.72846 
28.22016 44.81023 1.031437 
1.704986 89.62118 14.87739 
27.0039 44.77709 1.720995 
34.81587 44.98301 0.07820568 
35.48727 45.13017 1.619942 
-36.6903 46.27526 1.645997 
-38.48284 46.9555 0.394438 
-4.937365 89.65942 15.11364 
44.3543 50.44337 1.00513 
45.58478 54.00552 1.732906 
47.27444 56.31017 0.2205219 
45.4253 60.61285 -0.3454416 
-23.98154 46.073 24.01662 
21.69773 45.56935 23.6368 
-40.66283 63.90065 1.702096 
22.89025 45.76554 22.64494 
33.64022 5.70223 10.46587 
23.79463 70.61194 1.254457 
22.68273 72.30582 0.8796517 
-23.80032 74.13957 1.429575 
-14.66761 82.96016 1.262711 
-9.859125 87.96201 -0.2538096 
5.908776 88.28443 -0.3862566 
31.82558 -53.35853 14.66924 
-27.68978 54.13277 23.18873 
-36.96542 -53.66294 1.315027 
-33.97634 -53.66562 2.269019 
-23.89322 64.85101 28.07386 
-48.84294 -52.99886 1.208699 
-43.27091 -52.67711 1.501178 
-38.0141 7.109897 8.843257 
35.44987 -52.20028 2.128886 
-34.01895 -51.29363 0.1848729 
23.01278 -49.65675 0.8304584 
27.36304 -50.32627 1.461675 
26.8148 -48.48805 0.6084094 
-21.69656 65.92827 29.57741 
34.33662 -48.65823 0.7950866 
-40.29546 -2.153938 11.2135 
-30.52719 -23.12865 1.363643 
-28.89362 -24.11468 1.065703 
11.65804 13.64755 26.48089 
-28.7509 -22.07762 1.297157 
-32.72701 -22.45333 1.249381 
-43.92086 -51.49288 15.69306 
24.09318 62.24442 24.33553 
-26.71202 -21.17237 0.9887742 
-25.89687 -20.83435 1.328468 
-31.69527 -21.18264 1.226396 
31.8505 -19.4831 1.779709 
24.16144 -18.92169 1.469014 
33.0509 -19.06126 2.721103 
32.07856 -17.32768 -0.1910626 
-39.48312 -17.56908 0.8462988 
-3.791071 -9.341915 57.53926 
-24.28235 -45.25061 17.65273 
22.8749 65.88076 23.59483 
5.384484 33.51328 33.69693 
-24.50117 -49.91625 15.78262 
-25.3865 53.94252 25.29918 
-3.692683 33.57066 33.80827 
-32.1534 14.43574 10.10825 
-41.88312 -13.58401 1.110363 
-42.86591 -49.12952 16.1362 
19.91677 -12.54381 1.2862 
-30.64086 -7.526779 18.53053 
22.59947 54.12977 25.64112 
-42.12309 -8.371733 1.424198 
32.4796 -7.049758 0.7984187 
-41.64168 -6.378643 1.339954 
23.22393 68.87151 23.22849 
-15.77301 12.38788 26.39983 
14.98829 -4.559373 1.4583 
33.11866 -4.034084 1.695858 
-19.13963 -2.526209 0.913561 
33.38049 -47.1146 16.72156 
-4.469542 34.67387 34.14598 
33.20094 -2.794952 1.633082 
25.34771 16.71321 9.013687 
32.75406 -0.7166004 1.875043 
-18.2777 -1.332679 1.618949 
-11.61492 62.1081 36.94619 
15.22385 -40.8914 20.25893 
-16.36086 1.287011 1.548351 
-21.21269 -7.643465 18.72598 
-0.8009681 3.011712 39.43801 
-17.40099 2.957955 0.8420331 
-16.40835 3.818207 1.033743 
10.60789 3.501011 1.828187 
14.57655 -7.881908 18.07483 
-3.573471 6.121487 0.7579463 
-1.841594 6.168691 0.3619765 
-35.80133 5.707169 1.612176 
-24.75823 -43.24443 18.3137 
-35.37704 6.9881 1.733731 
-15.59359 6.338213 1.185453 
27.7352 7.99622 2.140164 
1.047416 8.002677 0.6484271 
20.35015 67.7196 28.56536 
10.78595 6.873549 1.507591 
-21.26161 73.51522 25.14705 
-53.17351 -52.37736 6.868151 
11.29195 63.25642 36.83966 
25.79192 8.995012 1.616399 
28.10507 -42.89836 17.3162 
27.15889 -42.04372 15.86616 
-0.755937 39.31944 33.56787 
-6.448161 9.083818 1.327113 
1.818805 9.562603 1.367786 
-24.54908 -41.59134 14.9013 
18.86355 -41.23293 15.42744 
-14.29508 11.16911 0.8604918 
19.3363 11.61248 0.8626352 
-24.86234 12.99262 1.583664 
19.9993 12.2594 1.142854 
-21.96521 13.56861 1.576743 
16.89007 12.50967 0.8976673 
17.29878 13.33638 1.32841 
-16.73178 80.81187 22.71015 
15.89989 80.04627 23.75773 
-17.57568 16.84234 0.7724258 
15.29067 16.77591 0.6359317 
14.95568 80.03725 23.71303 
-15.94102 21.44653 1.767901 
-31.60065 -6.947514 18.53517 
-8.156032 41.46172 34.76203 
-22.81118 -40.17515 16.53789 
12.49199 82.6387 23.16887 
-22.12743 23.31859 10.59547 
15.39001 -38.20638 27.40461 
18.99973 37.76017 1.385017 
14.08249 -6.637013 18.17109 
30.56856 44.57259 1.877321 
31.49492 44.89113 0.8977104 
34.31871 44.48851 1.846334 
37.0803 45.14819 1.51392 
17.98284 70.97958 28.67243 
-44.301 52.10812 0.6767508 
45.62099 55.65089 2.117117 
-44.14515 56.45099 1.896958 
-45.18402 57.79508 0.3369693 
44.83009 61.26649 1.678663 
-5.700711 86.18835 23.00573 
40.16725 62.32073 2.533097 
-40.52612 -33.77192 17.31397 
-27.47876 68.11618 1.276656 
22.65871 68.37073 1.119769 
-19.85864 29.44746 10.3323 
19.88762 73.28036 0.4935318 
17.92669 75.79643 1.987874 
-19.96061 77.25491 0.8953134 
34.2647 -46.76662 11.62949 
14.35502 79.18755 1.891928 
-16.79926 79.75538 0.7960081 
-15.08853 81.55301 0.6254103 
-12.54 85.48966 1.636742 
-41.38707 -29.60576 15.45789 
-11.61945 40.45568 33.20064 
-1.471946 90.20161 3.893221 
35.68284 -53.66869 1.219297 
3.173427 41.48833 33.967 
12.0281 -29.22669 16.53211 
35.93308 -52.99426 1.929829 
-32.86734 -52.58102 2.11896 
30.12216 -52.51323 1.950199 
11.89828 -27.94801 15.16925 
-49.63917 -52.24177 1.314852 
-26.06164 -53.82656 22.41283 
-24.65817 -52.4307 25.44205 
-42.11773 -28.36597 14.53366 
35.52993 -50.40921 1.430608 
18.91072 -52.77147 22.90377 
-41.01119 -49.01944 1.042475 
25.52509 -47.68284 1.873038 
-41.73579 -27.00488 15.14938 
-40.61824 -47.40359 1.575432 
23.93043 -47.76129 2.037268 
16.81749 -52.77782 25.61703 
-38.25004 -46.12633 1.096408 
-37.60688 -44.88321 1.769775 
9.165086 52.29734 37.07773 
-21.91134 -26.22788 15.57238 
1.135722 54.24517 39.18068 
5.230307 42.7321 33.84911 
12.25119 -25.95738 16.30209 
-36.17393 -24.27687 1.474791 
-33.82094 -23.56349 1.419157 
9.81173 15.89511 26.61104 
-22.88035 -52.00224 23.24565 
-37.36622 -22.53949 1.515896 
33.16581 -25.35323 16.79547 
-39.51472 -22.10201 1.489401 
-28.5981 -21.34995 1.336561 
-38.73902 -20.4037 1.591122 
-26.24368 -19.50832 1.339246 
27.33316 -17.80197 0.2897373 
-28.3969 -18.75046 1.796937 
26.79834 -51.90277 23.64321 
16.0859 60.43105 34.38648 
9.354628 43.349 33.86031 
-40.5839 -16.29746 2.058979 
-29.06219 -16.66911 1.361411 
33.31723 -20.67465 15.47763 
34.31349 -15.19261 2.785984 
22.38115 -13.93248 0.4631631 
18.90935 -12.65014 2.122763 
9.750444 17.48989 26.85386 
19.06411 -11.38908 1.486318 
33.43689 -11.03424 2.442039 
9.80015 63.67849 36.72117 
14.23522 -20.54436 16.8324 
-22.43461 -21.08549 15.53409 
33.59846 -6.763927 2.075253 
-27.13996 57.15494 24.77034 
33.58625 -5.403829 1.775641 
15.29229 -18.52269 15.29175 
-19.14195 -2.55467 1.833791 
-33.81017 -46.69583 23.50104 
13.11289 -0.9935302 1.269669 
20.71839 -35.97269 30.00337 
11.76517 0.511982 1.442687 
-17.00438 -0.2459378 1.64715 
13.11208 -47.30601 23.5211 
31.95103 0.5453109 1.8814 
-15.84689 40.07239 28.73011 
17.98674 72.92042 28.34845 
31.08624 3.538763 2.080983 
-15.20459 44.99117 33.6601 
-15.52805 2.563 1.48409 
-26.65378 42.75601 9.103803 
29.72708 3.64396 1.313477 
16.23639 -17.72934 15.06496 
-14.08309 5.575012 2.151633 
-37.37337 4.666047 1.923157 
30.89247 -17.40831 16.07492 
-27.22791 44.05923 8.623621 
16.0129 76.02188 27.62755 
-34.92642 -4.700746 17.96044 
-31.9738 -45.03375 23.65491 
-17.79219 -5.086163 18.87746 
-6.023212 7.225106 3.22352 
0.1206832 6.413198 1.665683 
-0.09249447 54.71173 38.79479 
-5.002733 46.84838 37.97147 
0.7949463 -4.588365 44.52428 
1.79267 8.431303 2.376599 
-24.21318 -42.23546 17.87321 
-30.87282 8.838741 1.256394 
-11.65612 8.769861 2.049555 
11.35878 47.7654 34.85939 
-7.923357 8.66038 1.794611 
-32.2006 9.663853 2.320228 
24.41152 56.32829 24.76145 
2.542201 9.040173 2.114231 
25.41158 10.14335 1.642562 
24.23369 11.94675 2.17426 
32.17041 46.84261 10.43661 
-20.98084 14.64198 1.740795 
-19.03147 17.324 1.542289 
14.14714 19.22681 1.102663 
-15.97265 18.74791 1.415825 
33.26707 46.59429 9.499385 
-27.63026 -12.29424 15.583 
14.53385 29.299 2.871373 
-16.7875 30.55361 2.282871 
-17.03638 32.68931 1.203048 
-17.92506 34.44325 1.505913 
18.09097 35.8959 1.246238 
-20.56644 36.69751 0.8957686 
19.36431 37.44377 1.840732 
21.66405 42.31828 1.685791 
24.79895 44.81624 0.5902542 
-28.50176 46.70209 9.976514 
34.8419 47.67983 9.830619 
14.46598 49.2567 33.41273 
-32.71381 45.85656 2.766909 
-31.89046 45.48426 -0.1210844 
-34.50383 46.22585 2.068855 
-28.43938 46.32917 1.550037 
39.02617 46.35646 2.074301 
40.84913 46.51886 2.198138 
41.80793 46.25534 0.6477003 
43.31156 46.77309 2.18578 
-30.46827 47.86598 9.82344 
-40.13195 48.06649 1.617643 
-42.54067 50.54149 1.154446 
44.7807 51.70736 1.407279 
-4.17805 54.06739 38.99615 
-44.53718 54.90937 1.780306 
-39.50503 -41.58157 17.31117 
45.1477 60.3742 1.992669 
-41.92177 62.01085 1.724696 
38.50019 62.7802 1.803584 
36.58709 63.14597 3.187995 
-34.11693 49.95575 9.270347 
34.23548 64.2098 1.746371 
32.52458 64.45532 1.892475 
-38.50512 64.41289 2.904663 
37.63316 49.34229 9.315145 
29.17462 64.59044 1.2802 
27.74434 65.3004 1.798474 
14.66302 -25.8366 23.35106 
-37.05546 65.78278 1.284334 
-31.28933 65.90461 1.405584 
32.75272 -47.90441 9.863843 
26.23434 66.9047 2.197825 
25.17247 67.57685 2.190713 
-27.74785 70.27593 0.7243548 
25.09656 69.6161 2.36574 
-15.63397 20.42125 25.85111 
-27.47368 71.31702 0.8505608 
23.66067 70.79423 2.25342 
-35.38984 -8.829795 15.3203 
-18.22928 77.67104 1.249461 
-33.7629 -3.506016 18.84595 
15.75552 78.85056 1.188738 
-17.51114 79.72117 1.973622 
-14.60839 81.94183 1.932271 
17.17408 -22.39304 24.05682 
30.67486 -24.51268 23.89482 
-18.08269 -6.793429 16.43373 
-38.96323 -53.8518 1.635457 
-37.43645 52.62583 8.832748 
-55.36277 -52.29378 1.996566 
26.68714 -52.16184 2.086319 
13.22943 -6.66793 16.33467 
29.73814 -49.94316 2.145511 
-35.36046 -2.83687 17.67456 
38.01954 52.40028 9.874377 
19.78893 -20.3861 24.36535 
22.73384 -48.28867 2.758399 
-45.35144 -46.54433 3.150083 
-3.154742 -10.61546 55.75793 
-42.3323 -45.7413 2.515497 
-39.17493 -46.26474 2.361907 
-34.47266 -46.19286 0.9830769 
-36.2056 -45.65317 1.539903 
-29.86256 -27.74674 1.944943 
-33.92765 -25.48169 1.535727 
-30.27839 -25.68605 2.001806 
10.65139 -3.89675 15.75987 
32.408 -4.331965 15.00536 
-6.634625 -4.975159 51.9326 
-27.91687 -26.24002 2.144352 
-32.15989 -25.10415 2.149425 
-31.81815 -24.31604 2.128232 
-25.52767 -24.02645 1.895455 
-38.88862 -22.98709 1.602754 
-39.3852 -23.09879 2.171617 
24.77929 -18.80357 23.80495 
-25.40988 -22.72463 1.913465 
-40.02436 -20.94296 2.702315 
10.39844 -2.842308 15.79414 
-25.04597 -21.56489 2.424176 
26.41433 -19.41545 24.6549 
24.63606 -20.46127 2.489357 
26.95876 -20.03065 1.889065 
-23.02166 -1.337687 23.67127 
22.95524 -20.4101 3.13056 
-37.40462 55.03174 9.400278 
38.72985 55.84204 8.981461 
-24.53609 -0.3661686 23.73873 
-27.39684 -17.01236 2.150879 
21.56797 -15.71062 1.607912 
-38.22571 56.92993 8.616769 
-40.79948 -14.70788 2.235568 
-36.33653 58.14602 9.82527 
38.76849 57.16895 8.942286 
33.72657 -14.40586 0.891315 
-26.79718 -12.44248 2.853988 
-28.77171 -12.08982 1.098909 
11.82745 -2.729048 18.50001 
21.11675 -1.163027 23.53944 
17.35257 -10.58582 2.412215 
-27.47499 -9.801214 0.6899155 
18.32002 -10.16049 1.137372 
-25.06867 -0.8218247 23.63162 
-41.44032 -6.90524 2.452622 
-24.53659 -38.44675 19.92565 
-22.68986 -5.590449 1.760754 
-22.04394 -5.149792 2.129388 
-20.64858 -3.758723 1.928817 
13.11038 -2.967018 2.487485 
-18.21137 -1.296688 2.671566 
4.290422 15.05519 29.0752 
16.5349 -0.4248623 23.73174 
-14.79366 2.705698 2.191335 
22.11462 0.5664166 24.0107 
-26.762 1.232598 24.12581 
-1.963469 5.284656 2.103296 
-18.38954 0.09260271 23.83125 
30.3871 6.301299 2.792607 
-33.3831 9.10982 1.858512 
16.55628 1.486409 23.79656 
-4.01884 3.56058 27.16646 
20.50697 -34.53696 29.65628 
32.45512 4.809371 15.26017 
1.440031 4.823712 16.75944 
-30.4339 10.15445 1.478154 
-28.62747 11.29133 1.738894 
25.74179 2.060129 23.54202 
23.27818 12.43414 2.341332 
21.73476 12.50933 2.200851 
17.40461 40.90986 28.33723 
-6.021846 46.59438 37.73212 
20.19558 13.48108 1.789463 
18.35223 14.7902 2.505484 
33.1128 63.72941 8.84283 
-23.346 -37.59829 18.0272 
-36.12495 9.019127 16.48287 
-29.25812 65.00426 10.03535 
-12.92347 -1.543132 18.54625 
10.96264 25.29164 0.7286264 
12.6637 27.87469 1.730036 
-14.1683 28.87923 0.7219701 
-0.3795626 -5.352831 43.82204 
15.37048 33.07585 1.372627 
-35.26691 11.28781 16.12013 
17.47317 35.43795 1.426221 
-15.57905 2.175137 23.13033 
19.75909 37.20875 2.235405 
19.66349 39.04321 1.568798 
30.66255 10.71825 15.73368 
20.88295 40.4411 1.940024 
-24.86062 41.57336 2.761115 
-24.72709 42.77367 0.9413791 
26.81474 67.41934 9.923701 
-2.982036 -5.861941 39.77448 
25.71767 44.62328 2.816077 
-27.54504 45.52881 2.206702 
28.82542 44.99034 2.156327 
-29.58888 -15.69497 18.93831 
35.92739 45.69734 2.905095 
37.76103 45.74555 2.460937 
-38.76664 47.55597 2.345204 
-40.73945 49.51641 3.04544 
-42.57931 51.57729 2.133467 
-28.71426 69.11102 9.420836 
1.314825 5.278468 22.83132 
45.40411 53.92824 2.225483 
25.77344 15.45323 15.91733 
-27.48837 71.26675 9.323443 
11.91858 4.889359 23.77163 
-44.02095 58.10376 2.008942 
-43.6935 59.89934 1.29486 
-32.2621 15.6571 16.06627 
-0.05659974 84.23798 28.25318 
-39.91267 63.99633 2.902282 
23.2958 67.95218 1.597049 
24.66146 70.59973 9.596943 
-27.98796 71.40008 4.294475 
22.43575 71.5482 2.564764 
-26.25292 72.49754 2.071688 
-24.54391 72.943 2.034302 
21.35571 72.53869 1.404107 
31.91425 -0.07276732 17.19122 
11.97227 80.74702 27.32342 
19.1148 75.19872 2.203278 
-26.82126 18.46002 17.18312 
16.76136 76.24696 2.475966 
-20.52449 76.66201 2.214481 
31.47615 -46.24208 10.65466 
-24.09585 -38.70835 18.75224 
-13.80345 70.0518 34.25888 
-26.29331 72.74797 8.822079 
-30.24748 5.906122 23.94245 
11.57808 83.89672 2.164378 
10.55208 84.24081 1.466672 
-10.68133 86.59023 0.8859586 
6.238909 67.1825 37.76285 
7.693703 87.44183 0.4394267 
14.86495 -38.29379 16.68047 
31.4209 -53.629 2.219949 
-54.90756 -52.87794 2.42572 
-22.36135 25.28757 15.77139 
9.43299 1.369436 18.15093 
-54.16051 -51.48008 2.485254 
28.89769 -51.07556 2.451121 
22.08718 -51.81713 2.772664 
4.178193 55.12109 38.99249 
28.42796 -51.32248 -0.8679376 
-33.10226 -48.77542 2.591125 
33.9021 -48.09345 2.818483 
-20.56206 30.36457 14.08461 
4.411019 6.607675 24.39688 
30.05203 -47.40589 3.587628 
-40.33968 -46.74619 2.749329 
-38.71891 -45.45787 2.664445 
-30.62105 -29.27427 2.884924 
-28.61387 -28.73467 2.741466 
6.615211 6.939057 24.31517 
-31.31899 -27.60247 2.60612 
18.50085 35.90915 17.11353 
-36.19362 -25.05131 1.965869 
-32.9268 -26.56121 2.823232 
-27.28251 -24.10014 1.734462 
-21.02191 77.14721 8.564879 
-37.73048 -23.76537 2.235559 
27.32267 -22.41533 2.285333 
-40.04633 -22.62667 3.450064 
24.44724 -22.16569 2.190203 
26.66435 -21.07061 2.539181 
27.85888 -20.63471 2.43211 
-4.202231 47.87331 38.35442 
-8.647531 8.608243 23.83849 
-41.12613 -19.61445 2.561024 
-9.883732 74.85453 34.02847 
-39.85914 -18.98958 2.085351 
-40.83345 -17.89356 2.761716 
-27.52019 -18.40325 2.140535 
-24.8025 65.68771 25.47825 
9.905725 81.61085 27.74833 
-41.29045 -16.7135 2.914436 
19.65677 -13.68007 2.595499 
-27.24672 44.77902 15.32661 
22.97749 8.662101 23.80499 
-41.54636 -13.4787 3.562365 
-25.98862 -10.73844 2.927997 
-16.48466 29.18172 26.46145 
6.073268 75.68931 33.42289 
-28.86007 9.929955 23.7379 
24.26044 46.4881 14.77185 
7.490214 75.76863 33.0102 
-24.85368 -9.782065 2.983875 
-41.56861 -8.700728 3.868365 
16.02674 -7.731258 2.431114 
14.41425 -4.862488 2.755089 
-28.84678 52.43989 16.27261 
33.87752 -4.45815 3.196037 
22.02036 10.00222 23.75944 
-39.84612 -2.424366 1.946019 
-39.14201 1.058195 1.917569 
-38.33888 2.778165 2.975787 
20.71939 9.830332 24.4731 
9.896192 5.418025 2.110396 
-13.44749 5.521925 2.806358 
9.448966 5.8988 2.277923 
30.88375 4.557845 2.607752 
30.28164 2.504349 19.13594 
-10.77314 8.131257 2.348084 
-3.557624 -5.614336 44.0317 
4.922806 76.21418 33.909 
28.99882 8.566671 3.042586 
4.406875 7.718635 2.451442 
20.0092 -45.80284 10.20011 
-27.71343 12.40209 23.77393 
-1.303249 -5.588121 54.30832 
-5.974355 77.98566 33.84196 
22.57061 66.39555 25.34442 
17.6496 13.77748 23.83908 
-28.06199 12.33558 2.758028 
-24.95243 14.05598 2.98884 
-26.49479 64.41994 24.8866 
11.15708 60.16238 37.20805 
17.1993 18.435 2.13587 
-17.85241 18.05455 1.384633 
16.81229 15.40836 23.70407 
13.85298 20.71459 1.878489 
-30.46004 62.78399 15.14552 
-23.01998 15.62154 23.84696 
15.3485 32.64574 25.88127 
-14.94226 25.52429 1.51787 
21.23901 -42.25567 29.26506 
-19.81786 34.36287 2.056774 
16.56663 34.93273 2.71351 
18.91346 35.4636 2.261739 
19.60469 36.14299 3.090576 
20.07702 38.64753 2.667102 
21.42573 39.80994 3.265716 
22.59361 42.42511 3.073389 
29.77351 9.652045 18.5029 
25.83348 67.52662 16.31496 
24.49594 44.09206 2.772335 
28.31148 44.7596 3.420668 
7.375159 82.37315 28.43129 
-35.73097 46.78585 4.052303 
42.2174 47.47061 2.692438 
43.1151 47.25312 2.873239 
14.76479 21.84831 23.39595 
-27.04256 71.39634 16.77104 
-8.187519 82.27491 29.00734 
-42.30146 60.26719 2.329422 
-5.732015 68.65701 36.64362 
13.36261 21.66008 24.56622 
23.8341 72.71581 16.24178 
37.84094 63.03188 3.453233 
-19.29862 22.40695 23.65264 
-34.99427 66.08214 2.495589 
21.91215 76.11806 15.74954 
-23.86152 68.46972 24.94883 
-28.64643 66.23782 1.954206 
-18.48789 23.27837 23.39215 
-27.94777 66.69636 2.008777 
-18.15182 23.70654 23.51012 
25.80467 67.97701 2.746788 
20.00679 78.37061 15.85085 
-21.47458 78.77041 15.834 
-3.070517 -7.771814 52.0183 
20.4966 74.07622 1.778026 
18.50831 79.61211 15.57563 
-4.748667 -1.784321 34.74599 
15.6163 78.23584 2.41744 
-16.72591 80.50427 2.827449 
-15.55549 80.70651 1.783702 
-14.78996 81.71479 2.509413 
13.08115 82.61493 2.244168 
-7.614359 11.86905 27.86729 
16.33837 81.21181 16.0265 
-5.384139 89.84072 2.957691 
2.219312 89.75731 4.090168 
-41.50235 -53.6905 3.116286 
-47.69102 -52.89539 3.937567 
-46.58425 -53.42294 2.971967 
-17.23816 82.00064 15.44325 
26.16852 -52.61045 3.602394 
29.42131 -53.43529 3.919907 
-53.16695 -52.20042 3.160596 
27.96698 -52.33347 3.802245 
-52.62253 -50.81853 2.944875 
19.95701 -53.50635 11.16556 
15.0495 30.90293 24.62804 
-55.40219 -51.00661 2.460115 
3.01621 0.1062129 34.54738 
-17.05705 31.95592 25.41456 
-54.56359 -50.4975 2.532227 
-47.82722 -49.68135 3.43056 
3.213803 1.914324 33.67841 
34.53107 -48.80573 2.462187 
13.77016 84.50166 14.69722 
6.320597 68.69401 36.27515 
-16.22477 84.144 16.21049 
-46.3362 -47.71988 3.77637 
-17.14742 35.57703 24.60069 
12.99653 84.1984 16.2081 
-43.83094 -46.27186 2.632003 
31.8353 -53.85816 10.40458 
-35.74471 -45.3325 2.88707 
-37.17583 -44.84607 3.685365 
11.30238 84.84262 15.86604 
36.96149 -53.84935 9.86048 
-36.41214 -27.19905 2.792317 
-34.71486 -26.71719 2.768162 
16.9503 38.64849 24.13842 
-25.63674 -25.56015 2.600887 
-37.98845 -25.22426 2.425828 
-38.46621 -23.97115 2.698108 
-6.960744 56.23822 38.93661 
-9.507148 87.58347 16.04271 
14.29158 36.73884 25.65903 
30.46926 3.877626 19.06811 
24.99912 -23.16719 2.681081 
25.84691 -22.73326 2.621695 
-0.1416638 56.89013 38.91959 
-33.87 -53.12463 9.370823 
-21.5003 40.89603 22.9534 
-23.90647 -21.1813 3.179924 
-25.43359 -18.9143 2.960729 
-6.3908 88.69476 16.20432 
33.79434 -17.60653 3.709932 
-28.13382 -15.48497 2.233627 
-27.98494 -14.2286 1.720025 
21.48548 43.85306 24.13317 
-23.64744 44.05077 23.0516 
18.91643 -13.07494 3.287399 
-3.329254 89.23065 16.0472 
17.10722 -10.67022 2.995665 
16.98562 -8.67124 2.347142 
-1.218378 89.36118 15.85898 
-24.45554 -7.320116 1.394216 
33.01212 -7.861229 1.990661 
-17.46175 40.29779 27.15969 
-2.793931 38.51655 33.50054 
33.8044 -2.692965 3.110373 
-39.969 -4.372798 2.725992 
-40.14307 -2.489019 3.212171 
-2.585099 40.37123 34.22797 
12.20375 -1.370252 2.840217 
12.86173 37.96309 27.11242 
11.20473 0.1386086 2.581426 
-42.16555 -53.03289 16.33573 
21.36469 -33.50551 29.35069 
-4.01856 41.40884 34.43568 
-36.01133 5.572055 18.14958 
23.24678 48.50925 23.40243 
-37.02906 5.313414 2.940471 
-0.4929151 5.647042 2.631079 
23.86419 50.79253 23.34997 
19.8834 -52.8699 16.90212 
-35.87624 6.90343 3.022091 
-26.29062 51.85043 24.37726 
1.015513 7.265084 3.1086 
27.59405 -15.97866 18.55087 
39.24968 -52.8362 9.387188 
24.82337 12.51183 3.492851 
-30.08904 12.48289 3.41705 
22.97755 13.29295 3.124444 
-27.24217 13.61374 3.277868 
21.35567 13.77066 2.672244 
19.49581 -53.55052 29.0806 
-22.54012 14.35445 2.330554 
-21.21762 16.09593 2.379385 
-21.58026 18.1843 3.336368 
18.98092 16.8669 3.100975 
-20.22326 20.46391 3.435962 
37.4872 -51.21568 6.39669 
-28.73693 -49.29319 9.617898 
-13.40158 59.85484 37.19118 
18.54546 34.32189 4.392002 
-21.55331 37.11682 2.046699 
35.15726 -49.71325 15.81751 
32.42507 44.50359 2.812478 
-33.65619 45.96835 3.677933 
16.56147 38.7415 27.28431 
44.3047 48.70679 2.98492 
24.27262 64.69991 23.2394 
-43.2354 54.78825 2.966096 
45.75639 56.19757 3.983442 
45.62069 58.78563 3.027306 
42.90718 61.99223 2.054698 
44.28126 60.71509 2.889185 
-41.04714 62.38083 3.486624 
-4.821886 6.51828 17.3732 
-37.42751 64.99326 2.475452 
-6.976584 41.25279 33.72668 
20.9891 -44.87077 10.67868 
-33.58856 65.68793 3.064249 
-28.14824 66.089 3.855361 
-27.85157 67.57426 2.11845 
-27.95899 68.51025 2.098308 
-25.3655 67.87247 24.275 
24.72691 70.55405 3.353118 
-6.203334 -5.866441 50.78998 
22.12608 72.86225 3.173961 
-27.99302 -47.2823 10.13685 
1.127071 43.48643 34.53391 
19.44735 -47.41052 9.803001 
16.22987 77.59104 3.000031 
14.95435 78.92075 3.063653 
12.097 83.19743 3.419859 
31.77971 -46.73501 10.38994 
10.81487 84.07428 3.104619 
-10.81937 86.23664 2.916809 
10.23477 85.9907 2.516609 
-10.13301 87.77178 2.266796 
-8.52157 88.75569 3.049926 
-43.13711 -53.49376 2.986902 
22.60629 -53.04909 3.45647 
-55.42807 -53.01605 3.008469 
-56.00615 -52.61491 3.176781 
-23.39836 71.76727 23.77567 
20.68306 -50.0909 3.357821 
-51.91446 -51.45193 3.357023 
28.06891 -50.84254 1.590085 
27.86002 -50.63928 2.929248 
34.37457 -49.69054 3.821253 
8.433389 42.45405 34.37031 
-15.66665 43.21177 33.43376 
21.98841 -49.17609 2.972872 
-28.85131 -45.1633 9.102811 
24.11078 -47.55631 2.945908 
16.79331 -41.08837 17.06295 
32.03769 -47.07856 3.224712 
27.47401 -40.9663 15.86241 
-41.32804 -45.4353 3.16173 
-39.5139 -45.44808 3.521728 
-38.34766 -44.73441 3.139326 
-31.68077 -30.91513 3.032796 
-28.6653 -30.29401 3.194937 
16.02208 -40.28756 16.55004 
-26.47734 -30.1839 3.921633 
-31.27925 -28.49152 2.947268 
-21.85656 42.36457 27.06384 
-25.2088 -27.03726 2.893039 
-37.89369 -27.81225 3.87202 
-41.24448 -30.99962 17.16043 
29.97146 6.283232 18.75764 
28.29181 -25.20172 3.28988 
-23.15693 -25.24529 4.107602 
25.30192 -24.49489 2.854008 
26.55581 -24.4472 3.237514 
29.13108 -38.84851 16.36113 
-39.42809 -39.36354 16.59333 
-23.28836 -23.81947 3.532339 
-39.83264 -38.18505 16.78949 
-23.3077 -38.64972 17.14754 
22.43085 -22.57401 3.284161 
-40.8486 -21.87045 3.974569 
22.61245 -21.63914 3.080947 
4.41465 70.08047 37.29078 
-4.559565 6.818155 18.90246 
-41.84623 -20.5888 3.409274 
29.46169 -37.35816 15.80654 
29.36399 -20.42647 2.205915 
26.87482 -43.9706 9.049752 
-22.3344 -36.95671 15.79397 
-42.06782 -19.67273 3.356788 
-14.62958 81.58829 24.09552 
-43.00534 -43.63351 9.769002 
34.02744 -16.65737 3.723995 
-22.27294 -34.48876 15.50923 
-26.36441 -14.61424 3.792586 
-41.30264 -14.41963 3.664075 
34.37087 -13.19638 3.42991 
-41.91757 -11.59715 3.734939 
29.48147 7.737556 18.76296 
33.09108 -10.93703 4.100411 
32.56974 -9.945802 2.765281 
-25.23473 -8.122416 1.533317 
13.5523 66.04907 35.1158 
-22.29851 -7.314435 3.906064 
30.46979 -34.71647 16.82228 
13.0278 -33.44224 16.61481 
31.4476 -33.35458 17.20655 
12.59429 -32.02673 16.35901 
12.30002 -3.60745 4.00977 
-1.366451 57.59236 39.3175 
3.808211 44.36563 34.44356 
-29.18276 -41.96517 9.327999 
-16.37218 0.7505397 3.283461 
10.30989 -0.4489398 4.040704 
-39.60334 -0.573624 2.927088 
5.699359 84.69168 23.86785 
-39.28847 1.380492 3.303432 
-22.55861 -32.05991 17.06815 
-14.54623 3.269721 3.588384 
32.15054 3.386781 3.566452 
-13.20766 4.902549 3.845704 
32.73826 -30.25739 16.23955 
-1.52424 5.171793 4.705596 
-28.1511 -41.53494 10.07612 
10.81547 45.4729 34.46802 
-9.838647 7.731572 3.019507 
13.19654 -52.35635 28.79596 
-6.636194 7.982541 2.488122 
-34.42999 9.211584 3.662758 
-41.31352 -25.93813 17.31769 
33.06711 -27.19954 16.28732 
27.04201 9.259442 2.809215 
26.40704 10.5082 2.83985 
4.302998 86.21148 23.93959 
0.6998003 86.21684 24.96238 
8.934943 44.45187 34.22941 
20.2849 15.74267 4.402556 
-27.70317 -53.58021 24.4155 
-21.0117 72.48771 25.70918 
24.14673 -53.57212 24.53354 
33.2645 -21.52579 16.38047 
-27.17941 -53.05065 25.25466 
15.05234 28.45892 5.430247 
-5.683427 -3.647688 42.80408 
22.38584 -53.07364 23.73232 
28.84396 -3.989385 19.49404 
-33.35808 -53.02707 24.14318 
34.29447 44.90393 3.99242 
-37.41637 47.01279 3.737108 
41.18499 47.12397 3.433035 
45.03087 50.50219 3.219817 
12.90168 48.80136 34.37754 
45.68444 53.61474 3.778526 
-42.75566 57.65326 3.229738 
-23.83613 -34.99639 8.679379 
32.96355 -29.56498 18.57082 
-23.7823 -19.15246 16.41304 
-23.7845 -51.66875 24.99439 
-23.49213 -35.54002 10.21638 
-40.06545 -33.42016 8.630737 
40.23914 62.10394 3.254943 
-39.72063 -16.10199 16.33377 
-35.26687 64.90905 4.257964 
-28.80675 69.22401 3.277431 
25.42465 -34.90419 10.2862 
12.33273 -49.84918 25.52256 
29.47097 -16.14731 17.16944 
26.78769 -48.51106 24.50535 
-11.77387 79.96596 29.12141 
-19.14657 77.13071 2.861693 
14.21947 80.21602 2.986351 
12.89515 81.50187 3.917777 
-32.72247 -49.47193 24.49615 
-18.28821 50.65519 33.96457 
-12.29928 85.1441 3.188576 
9.548882 86.35891 4.530504 
4.283208 88.6439 3.202838 
-3.967246 89.49441 2.63444 
-38.43975 -53.22076 3.531178 
21.14088 -33.71554 10.06601 
-54.02034 -52.65202 3.124678 
-28.86653 -13.8258 16.24726 
2.380143 -2.747076 39.46238 
20.20214 -51.68031 4.005137 
21.49259 -51.66648 3.189997 
27.50084 -51.46652 3.214822 
-32.48508 -50.81448 3.361799 
35.01556 -52.547 3.091246 
-31.72411 -49.65964 4.085739 
-54.62357 -49.75474 3.300487 
20.34952 -48.96564 3.951307 
-52.22436 -48.69511 4.036526 
1.520601 -2.443772 43.74255 
-34.6278 -12.96338 15.83792 
-33.18342 -47.54199 2.975945 
21.35085 -47.72334 3.582748 
-33.31537 -46.73191 3.186769 
24.46214 -46.99327 4.122028 
25.47662 -47.72625 3.894219 
33.15996 -47.63393 2.503833 
27.5743 12.5016 18.0849 
-0.1497706 -4.051629 50.73984 
-32.32114 -30.45038 3.168679 
-37.57229 -29.87774 3.870101 
-30.55329 -11.95746 16.5237 
27.3288 -46.41819 24.55623 
-35.05274 -28.58262 3.158937 
34.17096 3.009717 11.57921 
-33.3219 -29.30475 3.937685 
-19.24963 55.65936 34.35257 
-32.98586 -28.37593 3.628977 
9.196073 83.53429 25.03713 
-32.28656 13.33609 19.04829 
-29.38315 -11.4979 16.09559 
-18.27103 57.28574 34.29453 
-39.28706 -23.82079 3.655562 
-40.88396 -23.33769 4.135314 
16.52736 57.52457 34.05399 
23.57221 -47.07937 28.17202 
29.18118 -21.08665 3.27677 
31.18481 -20.78093 4.785614 
14.88297 -40.80316 23.89479 
-41.93439 -18.4673 3.970399 
-33.0228 -11.36907 16.41276 
-25.08684 -17.27913 3.72861 
-26.30486 -15.90155 4.076424 
-5.783154 -2.689012 52.53062 
34.35014 -14.67274 3.957553 
1.425931 -4.265556 42.75802 
-28.06104 -10.90689 16.08402 
32.93073 -9.890284 3.709826 
16.37381 -9.379666 3.704258 
-23.84284 -9.182718 4.116945 
-22.36736 -8.551274 4.901353 
17.01913 -31.75811 9.700984 
-31.96828 -10.22301 16.21472 
14.92919 -7.511069 3.635352 
29.73062 -35.33221 24.70621 
34.00149 -6.743238 3.299228 
13.82639 -5.522344 4.005418 
-21.27274 -6.263886 4.035073 
-19.19613 -4.941077 4.901442 
23.60402 14.63047 18.07089 
-32.9296 -9.727826 16.16612 
34.66931 -2.822123 4.152193 
16.05772 -10.6809 17.23239 
-40.45481 -1.842078 4.338743 
30.38599 -34.19748 24.22338 
33.75591 -0.4487458 3.824584 
29.40704 -32.08433 9.890522 
14.16921 -32.74419 24.57812 
32.85139 0.4211196 3.499243 
-15.21686 2.002713 3.77856 
30.11083 -30.21985 9.238403 
8.838396 2.717221 3.482002 
-21.30102 -30.37316 9.187496 
31.22227 -30.08176 23.78942 
-21.83289 -9.52835 16.00286 
8.135009 4.811305 3.488426 
6.371903 5.734884 2.752095 
-40.56298 -30.55626 9.338174 
16.45151 78.97712 24.55473 
30.71581 -27.69488 23.89603 
1.71958 6.89302 4.105918 
13.27808 -50.85713 29.90621 
9.839886 13.69505 26.97883 
-8.661988 6.218789 5.546037 
-7.106588 6.990952 4.662534 
-2.543693 -2.538384 53.08646 
22.72131 52.1152 26.85791 
-35.75122 -6.869301 16.37081 
16.86213 -26.6293 25.37731 
-32.95704 10.03351 3.927533 
-31.98524 11.2665 3.262543 
-25.31431 14.80444 3.618184 
16.55801 -24.78466 24.8333 
19.08698 14.93929 2.954428 
-23.61907 15.57034 4.250985 
-22.76021 16.75981 3.886252 
30.64088 -45.16802 11.71154 
17.19601 21.08571 3.594868 
1.946976 -2.676493 42.10537 
-17.44075 21.03891 3.207253 
14.27407 24.05271 3.776867 
12.32791 24.40625 2.031121 
-15.3585 29.41377 2.216681 
-25.03235 54.63377 26.52346 
16.20478 32.47353 3.835107 
16.85744 43.92973 29.54538 
1.225474 59.30511 38.82125 
18.47848 -21.07429 24.15264 
19.21977 34.87888 4.143074 
-12.51621 68.16254 35.49238 
-41.10217 -27.02338 10.2217 
-40.8911 -24.35835 18.23957 
-25.47523 43.09891 4.700496 
-25.6518 43.29678 2.679943 
-14.15136 -3.621759 16.54297 
19.94257 -44.57997 29.11391 
-30.62535 46.3547 3.388436 
-41.32309 -26.08208 9.682249 
11.32779 -2.874791 17.05273 
41.6746 48.55542 4.50281 
1.918695 58.66876 38.82928 
3.898015 58.95688 38.6739 
22.42933 53.96576 26.585 
44.80934 49.88947 4.405282 
21.84234 -44.43882 28.40925 
3.741071 60.08978 39.19941 
22.29564 -19.85022 24.6571 
-41.76237 60.47161 3.487111 
23.04286 55.96336 27.02084 
41.77792 62.02727 2.939717 
-5.075837 59.19617 38.51068 
32.09763 -1.752034 16.09119 
-29.25294 -43.66938 9.85638 
-24.43066 56.0356 26.48769 
-11.65023 0.1325327 16.95932 
-30.73104 65.25278 4.179675 
-30.27617 -50.14691 7.448435 
9.519249 -0.874121 16.5796 
29.14412 65.44869 3.698191 
-28.42647 66.56111 4.780692 
-28.73079 70.3811 3.310736 
-22.71193 73.76497 4.269591 
-21.64737 75.37719 3.960735 
17.20823 76.1791 3.670767 
-19.8557 76.37563 3.646411 
20.89871 0.1187418 24.28674 
-16.10581 81.72668 3.566701 
-37.75161 0.1615249 16.09165 
11.63124 83.69772 4.02694 
6.360567 2.191386 15.15288 
10.36879 85.61973 4.228409 
5.563139 88.74075 3.76675 
-5.796123 89.17387 4.510187 
32.22171 3.314511 16.12476 
-47.52524 -52.91319 5.887165 
-31.84428 -52.5635 3.966991 
-54.42108 -52.8146 3.978243 
-54.2614 -52.16183 5.446179 
-48.43839 -51.45717 4.510119 
-55.59914 -51.2347 3.40608 
-49.06024 -49.1688 5.076045 
28.11879 -49.87024 4.017097 
9.787349 67.1144 35.97742 
-50.16731 -49.10775 4.467754 
21.26455 2.019305 24.48166 
26.63389 -49.02077 3.836823 
32.87165 -47.35088 4.468375 
-18.5416 2.322795 24.18396 
22.83574 -47.16364 3.726417 
-34.51352 -45.88354 3.169567 
-35.79769 -44.47936 4.878959 
-29.96687 -32.18118 3.915267 
9.010573 15.13362 26.7588 
-28.61806 -31.53422 3.983132 
-38.61765 -29.70889 4.533276 
-36.24195 -29.19514 3.922247 
33.41701 -25.37771 18.21959 
-38.4923 -27.35557 4.43292 
-24.61354 -27.91364 4.063502 
14.53925 -21.41571 10.05541 
24.6804 -26.54986 4.218002 
25.82134 -27.61088 4.130764 
26.66447 -26.01204 4.077242 
-39.16801 -25.83212 4.092557 
23.85441 -25.21698 3.773732 
33.4987 -20.6694 9.353412 
-42.0715 -19.88486 10.34261 
21.98138 -24.25245 3.461242 
22.50537 -24.37831 3.261161 
27.85955 -23.48369 3.182627 
25.26236 -44.16538 9.934254 
23.02942 63.36917 26.12408 
15.5435 2.784997 24.30203 
-41.46661 -21.45459 4.784706 
21.26648 -21.64272 3.965257 
21.70351 -20.26923 4.022965 
32.5301 -19.64437 3.890573 
25.8192 -22.59324 26.17 
23.07803 -42.53942 28.51979 
19.72204 -17.65278 4.77963 
33.27244 -16.88364 5.644526 
-16.32609 2.870099 24.2522 
-41.74353 -14.06444 5.176679 
-11.22746 72.76823 34.45808 
-13.99013 4.359418 23.95567 
33.26972 -12.84087 5.494892 
-2.53987 5.294083 22.93195 
-40.88397 -6.685372 3.500739 
28.06657 13.50128 15.80523 
34.83422 -4.142208 5.062239 
-40.78488 -2.871758 4.309275 
-19.81186 -3.235 2.853579 
11.29743 -1.801083 4.121712 
-16.17078 -1.191483 4.961833 
-40.66846 -0.4234053 4.726635 
16.64512 -17.49294 10.18674 
-4.210431 -7.63759 52.60706 
24.86818 4.719176 24.01072 
9.484487 1.568127 3.795518 
-1.674224 -5.491033 37.05461 
33.02384 -17.28586 8.7236 
16.36718 -42.41072 28.28411 
-38.64402 4.636352 3.57787 
10.05457 73.563 34.16206 
-23.70347 21.73475 17.16736 
-5.591434 6.547895 5.718061 
16.3953 -16.79799 10.79062 
0.4672136 6.243784 4.852938 
2.732297 4.832209 25.27578 
-2.228781 -7.71542 52.84885 
30.11201 8.88459 4.87173 
28.64021 9.805717 4.221218 
-5.935166 75.57388 34.18745 
25.94606 13.15644 4.488431 
-29.8492 13.27921 5.293817 
-26.82005 14.7394 4.651608 
19.04172 22.57183 18.30194 
22.08526 15.2171 4.165906 
20.51416 18.73335 5.47367 
-5.361373 76.26389 34.16655 
13.64464 6.5655 24.72811 
-17.65026 23.35549 3.891853 
-22.3643 -23.08148 16.79415 
-15.86963 28.40967 3.353321 
-17.08579 29.94566 5.117246 
-20.89592 27.90222 15.56172 
17.89559 28.61636 16.79112 
-17.88243 30.88492 4.149413 
-20.0412 35.32101 4.205474 
-22.24577 37.3614 4.427496 
24.27158 5.941661 24.14748 
18.66164 30.23647 16.69962 
-24.68624 40.82174 4.520418 
28.87637 -44.34249 10.18496 
-34.4172 46.81903 5.399338 
-29.01515 46.1977 3.690054 
38.54718 46.48634 4.564032 
43.80267 48.75598 4.277991 
42.97507 49.2725 4.296061 
-20.87155 37.43019 16.97871 
-40.16599 51.37519 5.220962 
45.10035 51.53723 4.306671 
5.656302 7.560553 25.10494 
-41.49702 57.33189 5.153435 
24.41259 7.195299 23.95424 
-28.24851 8.024573 24.80432 
-23.32352 -33.18 18.48326 
11.49305 -4.040487 16.89648 
-10.12658 8.597717 24.82645 
-42.34313 -43.38956 10.9655 
37.32023 62.64575 4.947805 
-38.94687 63.53492 3.929498 
5.213974 77.68259 33.64387 
33.31648 -23.37623 17.84447 
-25.89623 42.22781 16.50885 
-28.78373 69.12081 4.404347 
24.80006 70.65411 4.586916 
14.29005 -10.31005 10.42284 
22.90239 71.40515 3.484933 
-12.77399 61.6413 37.13411 
12.73759 -33.72363 19.85831 
-20.67841 77.02238 5.438831 
23.06921 7.32758 24.82509 
-17.7393 79.57291 4.394524 
15.05539 80.35794 3.962664 
-14.3223 82.2881 3.619323 
-13.48782 83.60069 2.82194 
10.76596 85.05138 4.063486 
-40.85883 -9.329407 8.126194 
-9.894335 87.28809 3.864854 
-0.7158595 78.34738 34.21057 
4.80911 88.32901 4.916774 
-1.697138 59.21154 38.88155 
-27.77703 50.92424 17.05485 
3.271601 89.49052 3.453803 
-3.200385 89.43314 4.8355 
-2.986229 78.22252 34.2347 
20.74757 -53.35124 4.504163 
31.77023 -53.75842 3.254882 
-41.05656 -53.0851 5.363763 
25.31498 -53.09075 3.715401 
17.08359 10.42581 24.20839 
-51.67535 -52.13726 4.588466 
34.771 -52.39724 4.880062 
-49.18071 -51.75746 5.500949 
-14.52819 37.43878 28.33504 
-53.42831 -50.63762 6.630727 
19.38328 -48.64197 4.985033 
-21.0143 26.21166 17.7728 
9.832353 68.63476 34.92485 
19.7712 -47.59513 5.076413 
33.43272 -21.81008 18.49189 
-27.53141 9.65494 24.52146 
20.73145 -47.13988 4.46347 
22.08256 -45.93188 4.738131 
24.33529 -46.31315 4.524678 
-33.12344 -46.14443 4.852453 
-29.17824 55.06932 16.79658 
-39.45361 -44.06142 5.38928 
-40.22569 -44.53608 3.824336 
19.16466 -11.46292 18.80857 
-32.40302 -34.04816 4.488613 
-31.10922 -33.47228 4.582744 
-29.17685 -33.26993 4.504859 
-26.44844 -31.76942 4.485583 
-31.65174 -32.39524 4.351928 
-18.9577 -6.967979 9.415186 
-25.53954 12.08577 24.16501 
-2.129009 -8.393381 56.04245 
-35.48931 -30.38786 4.596094 
-33.70484 -30.75439 4.76872 
-37.80717 -30.83311 5.552423 
-25.92883 -28.51455 3.59575 
-39.13822 -28.09052 4.999195 
-23.98933 13.53924 23.96827 
-40.56402 -27.46069 5.175754 
-24.03685 -26.15501 3.811998 
-41.18782 -26.21166 5.330176 
-40.49415 -24.62322 4.714174 
22.52931 -25.63938 4.64048 
16.37895 12.78965 24.62188 
20.85709 -23.56654 4.608341 
-29.20716 61.89171 17.17316 
0.8996895 -3.195308 34.31688 
29.55032 -22.30364 3.583148 
-22.73181 -23.06539 4.37174 
-22.26478 -22.16009 4.952318 
-22.46777 -21.10619 5.195455 
-20.88308 29.09623 16.5176 
-24.1579 -18.75206 4.50189 
-42.69909 -16.90474 4.184989 
25.6259 64.02749 17.4572 
-25.21472 -13.86571 5.723083 
17.16179 -11.06584 4.481318 
-41.90913 -12.18341 4.459197 
-6.112711 -0.05413827 34.73572 
26.26861 65.61562 15.9858 
-29.39973 66.66227 15.24082 
-41.71528 -10.23607 5.5455 
-19.79086 19.93199 23.49407 
15.81542 18.50991 24.27463 
-28.31556 69.87955 15.12869 
25.0024 70.49133 15.98289 
-16.03593 -4.188908 10.10419 
-18.96511 20.93459 24.48971 
7.211918 83.73092 26.21846 
-25.71638 72.56574 16.32693 
-25.35229 74.25236 15.92931 
32.82549 4.997057 5.893439 
-23.90864 76.03491 16.30465 
-37.34792 6.162246 4.122694 
-40.87403 -20.08993 17.48654 
31.38642 6.146339 4.280959 
-12.32244 82.44003 25.69189 
-4.071531 5.612822 2.863408 
21.82301 75.71983 16.49383 
-33.3904 -15.93339 19.52187 
29.40871 9.687268 5.337176 
28.02781 11.39744 4.560372 
-32.51484 11.32119 4.345992 
-31.27514 12.66558 5.11313 
23.95946 13.55237 4.175928 
-3.901452 5.742923 34.61981 
-18.59213 25.75104 23.49281 
-24.00471 16.7702 5.747496 
16.79991 80.38774 16.19801 
7.868495 69.04502 35.89169 
15.53075 81.76513 17.16691 
14.87761 82.90955 16.11885 
14.96476 28.53917 25.07097 
15.70176 31.39752 4.090461 
20.977 21.93794 11.08889 
-19.8451 34.04945 3.876445 
19.65729 37.63643 3.700867 
20.49518 38.01837 4.945353 
23.18096 42.11344 5.312645 
25.47516 44.37174 5.383829 
30.44202 44.33998 4.065495 
17.60673 74.82485 27.68031 
-0.1175597 6.431668 34.99333 
-13.89476 85.81306 16.80033 
-38.24259 48.03337 4.560992 
-39.73374 49.48827 4.128997 
44.64492 50.4878 4.779391 
43.62236 59.07944 4.442927 
44.94664 59.30536 4.104433 
-16.91096 36.96616 25.32315 
42.44614 59.55972 4.983381 
-41.12669 59.85378 4.813221 
16.31455 37.88984 23.79578 
35.45231 64.01054 4.379485 
30.12902 64.98207 3.820301 
3.423728 88.49255 15.94833 
-40.06824 1.299318 9.808242 
25.59121 69.52932 3.832055 
20.7266 39.33742 23.29896 
-27.17266 71.97536 4.741597 
21.73565 73.43789 4.357616 
-22.03665 74.3101 4.961705 
-18.75583 78.1839 2.851331 
-4.651113 88.60319 16.47411 
-1.112144 89.18947 16.40522 
33.72387 4.583658 10.42716 
-15.46608 82.16363 5.191131 
1.101105 88.85789 16.36967 
-9.823978 2.47749 10.16289 
1.810138 88.89834 16.09208 
-14.96071 83.49756 5.162828 
12.4791 82.97281 4.143278 
11.37577 85.29376 4.844447 
-23.44157 41.47179 23.69416 
5.498278 84.38604 26.15093 
-11.2939 87.20126 4.661705 
-24.10787 42.42179 23.56042 
6.918279 88.38654 3.836589 
7.138905 87.72954 4.971084 
-23.11229 42.35786 25.32677 
-0.4398064 59.92486 38.54711 
-28.22029 -53.55799 15.53636 
2.916858 89.26638 5.252498 
-26.49137 -53.76184 16.04568 
-34.6016 -53.78556 3.507838 
23.25559 -53.47182 4.518532 
29.6121 -53.68864 5.248923 
-45.85849 -53.30473 6.713871 
26.40885 -53.33343 5.583484 
27.04356 -53.1573 4.754469 
-39.54484 3.97119 10.13396 
-36.01152 -4.188443 17.02211 
-31.68617 -51.1865 5.526212 
-31.58375 -50.0204 5.594731 
-39.70448 -53.40976 16.78609 
34.20539 3.445269 9.574286 
28.08541 -48.24517 4.740566 
-24.40602 48.1833 24.6207 
30.82662 -46.40103 4.833838 
20.65784 -46.00259 5.040084 
-23.86168 -31.27489 19.40092 
21.97437 47.76891 24.26323 
-43.67984 -45.35554 4.21805 
-39.0053 -45.10676 4.590248 
-34.87322 -44.89392 4.885302 
-37.95254 -44.42064 5.249938 
-42.39447 -44.28815 4.641159 
-29.80679 -35.02404 4.934645 
23.5261 51.13506 24.33416 
-31.61416 -35.59595 5.542128 
-28.03361 -34.42384 5.51904 
-25.44968 -33.28101 6.123026 
-35.36079 -32.73713 4.779034 
-33.47776 -32.98271 5.212127 
-2.392977 43.22537 34.80908 
-0.1817826 41.68388 34.47725 
22.63813 52.43546 24.87668 
-23.88645 -29.13985 4.826344 
24.4699 -28.20414 5.377356 
23.82458 -27.96421 5.421366 
27.18321 -27.67161 5.195781 
21.43796 -25.07145 4.929474 
19.46617 -9.996829 19.81909 
19.15923 -22.99693 5.389393 
19.77537 -21.87743 4.235878 
-41.10486 -23.46441 4.998556 
0.8532606 5.025307 10.93962 
34.78656 -50.57211 16.74055 
24.19158 54.96625 24.64759 
32.48653 -19.51037 4.817605 
-42.55788 -17.76882 5.455548 
-24.22066 -17.53238 5.461531 
18.54524 -15.02953 4.782225 
-5.606265 43.02707 34.51159 
-42.62238 -15.94785 4.282725 
26.20751 -35.16237 28.43421 
18.93503 -49.72971 6.902083 
34.13132 -8.449855 4.89735 
18.5999 -34.78603 28.81967 
-41.02182 -3.645859 5.904424 
-8.611201 69.90332 35.92331 
-0.2072714 61.99809 38.86595 
-13.65185 1.574296 5.69046 
33.52046 1.805291 4.514897 
-39.92174 1.813786 4.595613 
-39.3568 2.92667 4.835676 
-13.67974 2.759445 4.882985 
7.967495 4.049865 4.408176 
-39.04913 5.139105 6.126434 
32.19796 6.360059 5.42105 
-5.652204 16.29452 29.8657 
-38.12509 6.099744 6.009424 
-36.48641 7.936712 4.10217 
6.674929 84.19233 24.54122 
26.84408 13.4433 5.64773 
-35.50476 11.27718 9.677364 
25.18333 14.49574 5.291673 
21.77553 67.90692 24.43153 
16.33757 -45.58987 15.86185 
21.74303 16.38397 5.665032 
31.409 -46.16154 16.8896 
-22.57758 19.31529 4.74369 
18.84156 20.07326 4.948991 
-0.3194568 -5.83145 51.36992 
16.88157 -44.54185 15.7077 
-18.42707 22.24222 4.542819 
19.2187 46.90673 29.0424 
-16.90565 27.01081 4.658754 
15.90399 29.96419 5.578594 
-3.1219 6.202638 10.71616 
-19.9643 33.05749 6.391704 
16.80585 34.43254 4.486668 
-21.89234 72.44726 24.24564 
18.93493 36.7331 4.488277 
22.25267 39.66501 19.74611 
-30.16109 46.75799 6.165766 
28.85981 13.43221 9.570946 
16.85093 -41.61712 17.32949 
39.57994 47.30374 4.1333 
40.04581 47.96134 4.267512 
27.36234 15.39752 10.26519 
43.62252 50.72676 5.068204 
45.50061 53.47391 4.936077 
45.10841 57.3042 4.819582 
-14.45728 61.5885 36.7021 
3.283699 7.675687 29.47223 
-39.43402 61.86304 4.842538 
-17.47416 78.00974 25.38006 
-30.172 16.42241 10.46999 
-36.91756 64.68833 4.651879 
16.53799 -39.91371 15.81275 
-35.22411 64.29379 5.508405 
-33.97657 64.44076 5.921439 
31.66813 64.87263 3.549521 
33.78706 64.41111 5.081645 
-28.88186 65.51704 5.434332 
28.81848 66.05787 5.326964 
-28.36357 67.92415 4.468937 
-15.79558 79.38331 24.49557 
-28.79129 69.71871 4.783205 
23.94787 71.6181 5.469634 
2.672881 45.48066 34.85841 
22.4119 72.3595 5.01915 
-24.00933 73.43887 4.6513 
23.14771 40.67982 19.33754 
18.73864 75.84653 3.674153 
24.43044 17.10927 10.46747 
-20.46055 75.74628 4.761287 
4.141453 84.76258 25.30196 
-16.89878 81.31331 5.400741 
-15.79465 82.20285 6.400007 
13.25303 83.54748 5.410545 
25.01105 -33.59428 28.77235 
13.95964 81.17174 24.34946 
-40.22508 -35.34065 16.87361 
-8.615209 87.75494 4.368551 
-23.05042 -36.42483 16.83987 
9.716401 45.75408 34.43736 
-1.509123 89.99722 6.105771 
-1.451814 89.55914 5.193397 
0.6960651 89.49631 5.262481 
-44.24102 -53.5061 4.696943 
-32.91014 -53.91127 6.701934 
-31.68273 -53.2303 5.757555 
-26.04732 -17.95769 18.25784 
20.46005 -53.59727 7.457057 
24.26665 -53.5098 5.369624 
19.79961 -52.95755 5.153517 
39.88768 -52.49884 5.059553 
-12.87652 45.19062 34.83792 
-11.53997 84.04145 23.93446 
-24.67621 20.87276 9.859833 
19.53488 -49.66506 5.05776 
33.21689 -49.68557 6.142867 
-31.96141 -48.85012 5.510909 
32.03734 -47.50728 6.515244 
-52.81354 -48.62131 4.82232 
-9.747776 84.45501 23.55004 
27.05654 -48.6468 4.582561 
27.38875 -47.64621 5.453866 
-32.56558 -47.48114 4.995603 
-8.048719 84.26634 24.42023 
24.7507 -45.92792 5.426983 
24.31679 -44.73642 6.164166 
-28.01865 -36.09917 6.122305 
-39.26792 -41.69111 11.16676 
12.25857 -29.95157 17.1793 
-22.42924 -30.04723 17.30784 
-33.73395 -34.00723 5.86353 
-36.52513 -33.39614 6.314824 
-36.56435 -30.95077 5.090717 
-38.63121 -30.08233 6.126628 
-41.28777 -27.99851 16.91415 
22.71672 -27.04609 5.277164 
-4.140205 85.99964 24.87775 
21.75585 -26.57673 5.132266 
17.2652 26.73957 10.86775 
29.94684 -24.26849 4.958065 
-21.80544 -23.90439 5.723328 
23.47803 -31.57473 28.79527 
-29.30897 -53.52948 24.71039 
25.65362 -21.03841 25.52007 
-15.80052 46.23883 34.3796 
31.86137 -21.03105 5.88008 
9.22567 70.52544 35.71551 
-42.1354 -19.77414 4.965572 
-23.13781 -19.76481 4.651986 
13.03388 -24.82869 18.36103 
20.27025 -19.97432 5.002231 
-31.50472 -53.30743 24.47973 
16.94638 27.60927 10.10715 
-25.27045 -15.65252 6.556631 
-26.33872 45.05388 16.99284 
-41.5841 -22.91916 16.47792 
0.01595758 6.032184 10.33062 
-19.11438 69.70921 30.73358 
34.91808 -6.775302 4.700399 
15.03966 -7.844993 5.240875 
-20.40474 -6.41146 5.359464 
-22.79916 -21.53556 16.85362 
-40.60186 -5.291935 4.816218 
-17.78617 -3.841381 5.555624 
10.77259 -1.139533 5.782989 
0.4410089 3.776484 37.47029 
32.40699 -19.84836 16.6538 
34.40854 1.265456 6.353817 
-39.82976 2.314818 6.747623 
-33.01821 -51.27024 24.58938 
7.400995 4.404613 4.588089 
-12.08525 4.396878 5.103461 
-2.931131 5.117932 3.847282 
1.182063 6.122556 5.545561 
-31.02128 -51.06111 25.29302 
-23.95564 -51.05098 24.20003 
12.48255 -51.06976 23.61224 
-8.684062 71.85326 35.86854 
15.33285 -18.36869 17.03599 
25.10359 -31.25877 28.4693 
-25.85241 45.42405 21.19143 
29.3236 11.38133 6.564206 
23.06844 44.32065 17.69329 
-37.79789 -41.51578 10.0697 
-28.46377 14.47947 4.815299 
23.80371 15.59714 5.067521 
-26.95363 -41.62898 10.93582 
-31.64813 -49.46027 25.29576 
15.89218 22.37293 4.279268 
16.22274 23.57772 5.687987 
23.45308 47.84426 18.88942 
-27.132 -16.36187 17.59064 
-18.23943 26.3889 6.851942 
-31.4037 -48.1246 24.92228 
-18.4248 33.30511 3.872475 
-19.82459 34.33424 6.164487 
-20.19179 35.10144 6.355659 
-37.88071 -14.72367 16.60622 
12.61902 -48.90462 25.70768 
14.34266 52.64773 34.41407 
-28.12438 45.55062 5.129255 
27.84166 44.78186 4.611153 
22.75509 41.00526 9.021593 
-31.65041 -46.73981 24.63952 
-31.72908 47.12238 5.796777 
39.08082 47.97084 5.896922 
40.64663 49.28598 5.505295 
43.6152 53.33789 5.675336 
44.83445 52.30698 5.267948 
44.82691 53.93973 5.476522 
-41.87056 53.85996 4.941569 
-42.23544 55.72571 4.83515 
45.18597 56.33793 5.233149 
-34.0134 -13.33898 16.25262 
-39.86413 60.03915 5.928835 
37.48626 62.28113 5.463717 
36.08625 63.40507 6.07629 
6.519242 73.88387 34.73131 
32.29621 64.99856 5.989017 
-31.10016 -13.174 16.43314 
-29.51467 -45.58624 24.60451 
-29.60569 68.56553 5.597446 
26.08238 67.87284 3.337178 
-27.52345 71.18179 5.784327 
-25.27776 72.81316 5.915809 
-5.302337 84.77532 26.82404 
-21.43824 74.68681 5.633803 
20.22705 75.11894 6.301354 
26.86636 -44.87926 24.21272 
17.03574 77.6621 4.122289 
14.04653 81.61272 5.70634 
12.09604 85.06597 5.810194 
-13.06367 85.56972 4.687195 
10.21338 86.72851 6.063186 
14.87672 -41.62149 24.46604 
15.98085 -32.35431 26.39917 
-7.954581 89.10351 5.592404 
17.06153 -11.39459 17.22042 
-5.845597 89.81975 5.599031 
-4.096267 90.30547 6.144452 
29.4246 -53.70941 8.101311 
-36.19514 -53.16821 5.285724 
17.75768 -41.65007 29.03475 
34.11169 -53.25399 4.158856 
29.10447 -39.16659 25.18149 
14.54383 -39.52544 24.24742 
-53.03537 -52.65835 5.608538 
1.130839 -4.871847 41.11821 
40.756 -52.34613 5.822743 
17.7481 -16.20741 18.12839 
34.72565 -51.25777 5.146628 
-29.4739 -10.42509 16.43266 
32.68686 -49.681 7.378369 
-48.80354 -50.49432 4.487758 
-47.97288 -48.18442 6.015432 
-4.198805 84.82872 26.69582 
-44.99202 -46.3752 5.946849 
-13.99078 44.14979 34.39019 
22.15898 -44.84417 6.093957 
27.47231 -30.45239 27.35788 
-39.26057 -43.61157 6.263945 
14.19945 -34.2276 24.29412 
-30.36651 -36.51311 5.919147 
-28.47663 -37.56054 7.015621 
24.66058 52.65122 18.5846 
-1.123613 84.99642 26.40697 
14.40295 -8.955442 15.42023 
30.16997 -31.74916 24.78641 
-20.50068 -7.943152 16.54475 
-38.15729 -31.93192 6.14946 
-24.5865 -30.60048 5.419154 
26.45557 -30.37178 5.93394 
26.11621 -28.77721 5.66305 
-23.40542 -27.47213 5.334606 
-32.89656 49.39556 9.987917 
30.40707 -28.89389 24.4659 
-28.23308 -52.82196 25.66958 
-22.47979 -26.61337 5.372066 
19.26936 -26.97872 5.955625 
20.58747 -26.54309 5.95311 
-21.7098 -25.55791 5.801484 
19.50471 -25.61412 5.817242 
28.67077 -26.20881 5.264919 
31.14898 -25.0818 6.106363 
19.87809 -24.97011 5.276289 
17.65848 -24.05391 5.912139 
-28.55919 55.58143 18.4719 
-21.65189 -22.40439 5.533167 
6.285234 12.39559 27.60288 
-16.58971 64.43631 34.93118 
17.50228 -22.03544 6.661376 
-42.36732 -20.87192 6.166721 
13.40529 -53.22535 25.23656 
-4.399036 -2.306794 53.52682 
33.01679 -16.5786 6.394905 
-16.80263 -5.527393 17.58673 
-41.9696 -14.41234 5.973386 
33.11981 -14.08088 6.424912 
-23.48389 -10.48583 5.872723 
29.4984 -23.37022 25.14325 
-21.14967 -8.382519 7.34173 
23.12051 -29.62273 28.65413 
-19.19397 -6.029621 6.826089 
35.07768 -5.5707 4.846947 
12.94845 -4.511712 5.679541 
22.98816 -53.65644 26.52686 
-36.29416 52.48237 9.711246 
35.02438 -0.944245 6.166231 
-37.50911 -3.892308 15.97861 
25.16504 55.43261 17.97844 
15.09442 -45.7193 29.17249 
-40.6456 0.7201756 6.397976 
28.59206 -20.94792 24.78865 
7.164952 3.293594 6.895586 
20.64794 -21.40312 25.44062 
7.941296 3.725779 5.354323 
32.18298 -3.583786 16.17673 
-39.68204 3.72823 6.414075 
3.316984 5.594419 5.263684 
33.04268 3.87921 4.960147 
-9.793873 4.73271 6.85758 
-4.252672 5.947539 7.301012 
-37.1545 -2.209559 16.47416 
9.842879 60.22488 37.09605 
14.6715 -53.27474 26.52875 
23.28502 -20.51551 25.19381 
30.84159 8.980057 5.86563 
-15.10573 67.58579 34.63117 
-33.55938 11.73498 5.472417 
26.19865 14.14617 6.613132 
-23.51398 0.5185875 24.52671 
-25.09813 16.65882 6.655866 
22.403 16.85917 6.356197 
25.62653 57.29232 18.18042 
-22.80198 22.17599 7.740731 
18.73117 -0.3910603 24.06635 
-21.11229 22.06014 5.721609 
18.78065 1.455782 24.68221 
-36.83609 2.056737 17.02186 
-6.516792 -5.72773 54.70176 
-15.59854 -3.990514 18.10051 
16.68262 33.37329 5.882259 
-8.900424 1.899959 16.74738 
3.582443 45.83189 37.21455 
-29.44256 58.6195 18.09455 
37.14638 58.3707 10.38205 
7.438383 2.487221 17.45077 
30.68816 44.64078 6.016411 
33.37082 45.0399 5.748011 
24.60351 -53.47683 25.5304 
36.84882 46.50883 5.304013 
-35.06358 47.69313 6.145034 
-38.7016 48.51394 5.3543 
39.35625 48.69916 6.761644 
-1.893393 -6.54029 55.50701 
42.05418 50.27113 5.731563 
-4.905995 63.48898 38.96853 
-39.47831 51.82236 6.826625 
10.93985 69.31658 34.51173 
-40.4146 52.41311 5.504224 
18.70831 2.047448 24.68126 
18.54778 3.201208 25.19348 
-40.67725 53.37702 6.054897 
-5.713861 4.829329 16.21386 
-40.69452 55.53746 6.503326 
43.70274 56.5184 5.401592 
42.5379 55.3824 6.256135 
-35.77692 60.13339 9.205695 
41.51217 57.03112 6.41464 
42.73338 57.07187 6.004085 
31.07504 7.004926 17.57676 
-38.52333 62.67252 5.731561 
-37.3542 63.22789 6.248513 
-34.00014 60.89642 9.215991 
-29.40849 69.44748 5.779817 
-11.1689 70.16689 34.48073 
16.73792 3.339472 25.03848 
18.19237 75.86146 5.437843 
18.66514 76.72906 6.803741 
-18.38624 79.58973 5.964968 
-11.2807 71.67572 34.68376 
14.739 81.09702 4.716237 
-35.35831 11.01275 17.39475 
-31.83121 -14.59631 18.18006 
21.72657 3.254135 24.77826 
4.759923 89.30899 6.041354 
30.12766 10.13969 16.82361 
22.79033 -51.96961 27.7809 
40.13296 -53.97728 6.860662 
-30.66871 -52.95341 7.027703 
7.530264 13.81672 26.71169 
-2.898459 4.268314 25.06343 
24.996 -53.11915 7.026446 
39.87171 -53.59429 5.664557 
35.39834 61.04609 10.29586 
28.99281 12.01755 16.94987 
19.32223 -52.83989 6.64678 
32.35183 -53.01713 6.675677 
41.21632 -53.49922 6.322776 
-33.87522 13.01151 16.58835 
14.717 4.741783 24.20646 
-30.86991 -50.54322 6.420005 
26.58257 14.08814 17.03434 
39.3963 -50.23669 6.448895 
-54.13017 -49.70534 5.019274 
-40.56681 -27.62233 18.82369 
-36.0327 9.786623 10.49285 
20.30835 -47.03434 5.874942 
24.67902 -50.54968 26.56755 
-46.55423 -47.7119 6.424371 
26.70034 -46.95261 6.267831 
31.56065 63.27876 10.25378 
29.56436 -46.55764 6.319631 
22.84008 15.68951 17.43598 
28.35927 -46.31385 6.471697 
23.14326 4.107032 24.64581 
26.26431 -45.86707 7.121535 
-34.35282 -44.20289 6.454428 
-33.21501 -44.92117 5.657647 
-32.05059 -44.7043 6.624403 
-37.21854 -43.70515 6.455134 
31.93071 -48.99381 7.620036 
-40.71971 -43.93827 6.05802 
-35.80949 -43.18375 6.899766 
0.9359708 3.183793 26.09231 
29.66374 65.52719 9.347826 
-28.83582 16.98444 16.26286 
-35.46406 -34.21577 6.333067 
-2.939206 47.50245 37.39209 
-3.776188 84.47139 27.43178 
-24.19834 -32.10603 6.32429 
-37.6921 -33.25879 6.874284 
-28.70895 64.13114 18.45971 
24.48781 -30.11602 6.693338 
27.54598 -28.93849 6.125798 
23.79076 -29.21039 5.931576 
-39.5766 -28.93915 6.316471 
22.57861 -28.95428 6.724346 
22.67299 -27.80321 6.144665 
28.61244 -28.05995 5.677524 
-29.96993 66.86828 10.03775 
15.83734 -44.43964 28.24536 
7.820318 74.97031 34.26646 
32.01481 -23.50771 6.683486 
18.83787 23.44072 16.5509 
31.14373 -22.35945 4.999405 
-21.08245 -22.05584 7.588757 
18.6615 25.41118 14.46177 
-42.67318 -22.76773 6.440681 
18.36086 -20.74391 5.952013 
-22.249 -19.40977 7.129625 
18.56056 -19.37452 6.454583 
18.08761 27.11775 16.58885 
-25.11793 -16.46645 6.030572 
-24.29994 -11.29959 5.743368 
32.9506 -11.67583 7.432883 
16.15593 -11.76544 6.150467 
33.19193 -10.28007 7.007546 
33.36175 -10.12972 5.448677 
-27.6248 70.54223 10.00017 
18.6634 32.78514 15.34865 
-20.09893 33.33261 15.12462 
13.40969 -6.901285 7.121923 
35.02445 -5.547537 6.567585 
34.76408 -4.448585 6.829602 
-16.32845 -2.960294 6.851741 
35.19447 -2.997428 5.739931 
34.0075 0.4498744 5.040875 
5.028442 7.273663 24.87551 
-11.99377 2.532843 7.184787 
-22.17639 39.11611 16.80115 
-3.147815 76.64207 34.58007 
-22.81164 39.65588 15.37255 
21.10892 39.5932 15.29153 
-37.55232 7.4174 5.966675 
-23.82609 41.48491 16.61687 
3.579545 6.166803 27.60038 
-34.42113 10.43803 5.222506 
-29.07976 14.75602 6.093732 
-26.25794 15.94656 5.812305 
25.05652 68.09512 18.77884 
-1.088917 75.65279 35.59414 
0.04242362 65.73777 38.23663 
-24.57443 73.57872 9.074739 
-19.35082 24.03778 6.709053 
-26.77067 46.64537 16.37271 
2.006017 76.65559 34.38853 
14.91731 7.855255 24.5613 
16.85514 32.93528 6.684379 
-24.36014 74.81164 9.058569 
21.13064 75.59668 9.7859 
23.12827 41.96748 7.50237 
20.68343 7.376645 25.03148 
31.796 44.4947 5.865776 
0.4966954 76.96546 34.38476 
24.00689 68.84196 19.24841 
-5.895752 -3.591214 41.06597 
-37.80014 49.06058 6.736537 
40.86963 50.54702 6.100545 
42.48742 53.1903 6.422251 
23.54272 70.1373 17.81414 
12.35276 -27.9462 18.56748 
21.042 7.914721 24.8942 
39.71846 60.34156 6.711066 
15.36969 9.438819 24.9326 
16.62603 8.516294 24.44258 
-21.99441 77.95555 10.67841 
-20.73453 77.91026 9.573181 
34.39497 63.86793 6.944379 
-29.93832 56.80861 16.65862 
30.64421 65.00101 6.522724 
-5.771833 7.209194 28.34462 
19.53857 76.23096 8.989745 
26.56489 67.49117 6.37926 
27.37761 56.65728 16.65971 
18.69064 78.16942 8.946312 
19.23034 75.3171 7.221144 
-17.24792 81.64967 6.48173 
-1.16837 56.10199 39.39356 
-19.55454 80.75437 10.57348 
-14.15194 85.06891 6.15756 
-11.85692 87.42788 7.367753 
8.715052 86.91461 6.408841 
-10.8756 87.96434 6.456939 
-9.150536 87.91579 5.458726 
-29.30749 63.83912 16.15856 
2.145866 89.96763 6.181716 
0.152439 -5.05372 36.19284 
30.442 -53.58219 6.893796 
-51.30945 -52.65879 6.169799 
37.31297 -52.3998 6.539457 
15.94991 -43.54217 27.58956 
15.28555 82.76889 9.617175 
33.76765 -51.54004 7.126706 
4.864397 48.59848 37.14273 
-52.1089 -49.06937 7.341091 
39.09174 -49.51027 7.511808 
-47.83291 -47.1071 7.155015 
20.69747 -46.4064 6.594819 
15.45997 16.44552 24.92905 
-6.150732 -0.6950403 35.43492 
1.389194 84.52354 27.58522 
-43.53904 -44.79762 5.578603 
-19.93646 13.22821 25.18047 
-41.98988 -44.09702 6.086069 
-35.81283 -38.43531 6.581924 
-28.04941 -51.10163 26.07524 
-30.26408 -37.95924 6.620991 
-32.455 -37.18474 6.115841 
-33.96589 -35.72795 6.204631 
-35.66749 -36.32384 7.172079 
-26.09314 -34.75316 6.440701 
-37.48339 -35.50723 6.614633 
-14.9192 85.59106 10.3771 
-20.36488 17.14751 24.45804 
-2.185954 48.5909 38.21842 
14.60557 -45.11628 19.88873 
11.48335 86.2851 11.17783 
-40.52775 -30.38652 6.676435 
22.56061 73.30603 17.17066 
27.96101 -29.69963 6.965914 
-23.07304 -29.90348 6.643335 
-40.48132 -28.61149 6.916766 
21.25383 75.38012 17.20947 
20.76031 -27.49487 6.497411 
-41.05979 -27.64889 7.206278 
29.87311 -27.22378 6.77741 
16.57937 -26.58719 7.01051 
17.28721 -25.54861 6.595557 
30.19653 -45.39145 18.7324 
-41.80095 -24.28188 6.905419 
14.84665 19.76154 24.67815 
-42.81404 -19.49322 5.980035 
-20.17984 79.49157 15.61727 
-23.54431 -18.76781 5.943839 
-42.52137 -15.9362 6.561156 
-23.78235 -16.99856 7.290504 
-42.65003 -14.63718 6.937316 
16.89165 -14.64635 7.288112 
-19.18571 81.36376 15.85093 
33.95684 -8.810424 7.292587 
3.418183 84.56738 26.75024 
-17.18979 22.35902 24.39172 
7.022639 48.39801 36.93057 
9.82348 -0.8969885 7.141819 
-40.79299 -1.918012 6.100933 
-12.81985 0.1766633 8.693227 
21.8796 75.01218 18.76558 
-2.566851 1.514197 42.75652 
-10.95864 3.856734 7.712693 
25.95998 -40.47451 26.72916 
-0.6948209 -0.5636545 29.75965 
-24.91461 -50.98372 25.13253 
-35.39137 10.79203 7.845994 
-51.45126 -48.1314 6.366578 
-10.82228 87.3035 17.28372 
-27.51052 15.49698 7.052378 
14.75383 30.52532 24.93868 
7.195699 87.57219 17.32673 
27.91062 -36.17801 27.27256 
-7.298667 41.745 34.38281 
-17.57239 33.45937 26.12391 
14.95586 25.55775 5.345006 
6.353554 42.91305 35.22512 
-13.56655 43.39295 34.49461 
1.132737 65.84412 38.83284 
16.67474 31.79669 8.268484 
18.20109 33.41916 7.922849 
14.4991 34.91043 25.80651 
18.75883 34.53164 5.677354 
-20.6535 35.23396 8.100771 
-22.25378 37.08148 7.375453 
-23.42141 38.7125 6.615219 
-24.57441 40.61496 6.262991 
21.92549 41.05164 6.089603 
-41.12614 -47.68187 17.13065 
-26.41464 42.84591 7.373481 
26.18699 44.79746 7.451369 
-26.25341 -53.81988 17.48442 
15.60493 36.94636 24.46038 
35.89095 45.97256 6.743973 
33.3523 -53.8781 16.83879 
-7.47537 74.61424 35.15297 
-36.08114 48.35292 7.126156 
37.61717 48.00727 6.942461 
-33.46114 13.42205 11.11979 
16.21269 38.20798 25.06569 
-39.06558 50.73492 6.89793 
-18.23714 38.48378 24.32269 
-50.4119 -50.53807 3.728498 
-47.61253 -49.5007 4.095097 
-46.68281 -48.38312 4.553587 
-49.17153 -52.19429 2.59292 
51.87005 86.31932 -30.44651 
51.37321 85.57021 -32.37333 
51.09558 86.4954 -33.89904 
52.75925 85.14072 -29.43234 
51.68668 84.69757 -30.23978 
34.0648 -50.60455 4.774383 
3 8 1 2 
3 36 3 15 
3 7 2 3 
3 5 3 2 
3 2 1 4 
3 3789 2652 3890 
3 3931 3130 762 
3 1 9 20 
3 5 2 4 
3 2 7 8 
3 20 4 1 
3 159 207 206 
3 9880 2793 5606 
3 1400 1294 1155 
3 7577 322 8991 
3 12 4 20 
3 36 7 3 
3 10 20 9 
3 5446 378 2036 
3 1656 1667 7651 
3 527 599 572 
3 1003 1004 1049 
3 12 21 14 
3 15 5 14 
3 1369 7147 537 
3 751 9455 764 
3 856 1103 1016 
3 11 66 18 
3 4689 8051 1357 
3 4289 4009 571 
3 7 36 11 
3 5638 5826 6219 
3 30 29 16 
3 17 30 16 
3 46 47 27 
3 9924 1275 9948 
3 5038 5032 4416 
3 16 24 17 
3 76 17 24 
3 36 66 11 
3 1 8 9 
3 500 4398 9959 
3 34 10 33 
3 12 20 45 
3 9378 751 7027 
3 1704 5797 7027 
3 55 14 21 
3 1832 1851 8269 
3 2786 5025 2047 
3 31 32 24 
3 4715 1357 5031 
3 6958 9956 3642 
3 7401 7336 3885 
3 10 9 18 
3 5644 4913 2300 
3 33 18 96 
3 20 34 45 
3 36 15 67 
3 55 15 14 
3 38 39 27 
3 46 27 51 
3 18 8 11 
3 51 39 71 
3 27 39 51 
3 29 30 86 
3 81 94 71 
3 71 39 81 
3 31 29 41 
3 21 12 45 
3 3725 563 2954 
3 18 33 10 
3 4689 5144 5883 
3 105 24 32 
3 1357 4336 5031 
3 539 603 454 
3 97 66 67 
3 36 67 66 
3 5883 8051 4689 
3 1682 5832 1689 
3 81 39 38 
3 21 45 98 
3 3235 4336 8051 
3 5275 2458 2443 
3 7265 8684 1394 
3 45 77 98 
3 6671 7395 4737 
3 4944 2793 9880 
3 8559 689 688 
3 584 586 756 
3 15 68 67 
3 17 40 30 
3 88 72 40 
3 1309 1204 1562 
3 18 66 97 
3 1266 2501 7117 
3 6189 6158 6199 
3 78 148 67 
3 5671 6103 5672 
3 98 109 21 
3 38 27 47 
3 5766 2852 4264 
3 4282 803 9273 
3 59 81 38 
3 1347 1120 1300 
3 8216 9381 728 
3 364 3868 3003 
3 72 30 40 
3 76 88 40 
3 143 86 72 
3 3 5 15 
3 3053 3747 1039 
3 131 106 63 
3 79 70 61 
3 111 38 56 
3 1232 5025 2786 
3 55 21 109 
3 8559 688 4946 
3 20 10 34 
3 9793 2050 5527 
3 9273 1569 4282 
3 454 513 539 
3 15 55 68 
3 6103 5671 1365 
3 1609 1362 1415 
3 5849 6927 688 
3 31 41 63 
3 9914 7130 1963 
3 4688 9001 4946 
3 1326 1555 1678 
3 106 105 32 
3 1263 1265 9868 
3 118 131 63 
3 8051 9214 3235 
3 2488 9802 9671 
3 99 56 47 
3 1262 9876 2599 
3 70 79 99 
3 194 143 72 
3 47 70 99 
3 727 613 723 
3 80 94 81 
3 9001 2486 664 
3 9026 8307 8304 
3 3639 918 4325 
3 2267 1611 1548 
3 4336 3235 6917 
3 5611 7201 5616 
3 9841 1219 9856 
3 132 184 166 
3 132 166 91 
3 144 63 41 
3 84 51 71 
3 41 29 104 
3 94 137 116 
3 1229 2568 1218 
3 9873 1259 9851 
3 2174 9802 4688 
3 2986 2263 5582 
3 77 34 91 
3 5036 9861 5614 
3 97 148 147 
3 603 539 637 
3 5849 688 691 
3 6951 5799 5849 
3 84 71 116 
3 5310 4072 6024 
3 8434 5525 3893 
3 86 30 72 
3 127 144 41 
3 3463 8051 5883 
3 105 151 76 
3 5031 5953 4715 
3 88 76 151 
3 118 63 144 
3 6671 8706 7384 
3 111 122 160 
3 67 148 97 
3 4696 9895 2305 
3 110 78 68 
3 9861 5036 9856 
3 291 338 290 
3 124 122 99 
3 101 111 121 
3 59 111 101 
3 137 80 170 
3 8489 319 1404 
3 494 2697 4244 
3 5580 2698 5602 
3 127 41 104 
3 8438 8461 5551 
3 125 84 116 
3 152 151 105 
3 6548 6917 3235 
3 9214 9715 3235 
3 9880 5606 4231 
3 9431 317 843 
3 72 88 128 
3 110 55 109 
3 3908 3895 3060 
3 8736 1403 8301 
3 1005 1867 5516 
3 137 94 80 
3 80 59 101 
3 8571 576 5012 
3 359 9694 1084 
3 8684 1395 1394 
3 5953 2874 4715 
3 128 88 151 
3 138 125 141 
3 91 96 132 
3 96 97 132 
3 5496 3286 8829 
3 1126 270 774 
3 8829 1616 8967 
3 9705 2568 1232 
3 359 1084 2030 
3 4715 4689 1357 
3 124 99 114 
3 101 169 170 
3 7463 9942 1344 
3 128 178 194 
3 138 114 79 
3 5496 619 3286 
3 3471 4270 4306 
3 1626 1823 1627 
3 125 138 84 
3 2457 2609 2758 
3 125 116 140 
3 104 143 244 
3 211 144 127 
3 8829 3286 1616 
3 6543 9517 6552 
3 7695 5546 4826 
3 106 131 152 
3 140 141 125 
3 120 97 147 
3 9541 770 9515 
3 5601 5600 7191 
3 3513 9551 1206 
3 121 169 101 
3 9205 9346 8761 
3 1206 9551 5250 
3 111 160 121 
3 6557 5993 7057 
3 170 254 137 
3 140 116 137 
3 1592 5928 112 
3 6796 389 1433 
3 189 114 161 
3 86 143 104 
3 669 763 694 
3 180 131 130 
3 1791 2607 4252 
3 120 184 132 
3 648 725 726 
3 7342 4957 1386 
3 1526 1987 1594 
3 97 120 132 
3 77 156 98 
3 148 78 221 
3 221 78 159 
3 159 78 110 
3 207 110 109 
3 124 160 122 
3 9715 6548 3235 
3 124 225 160 
3 114 138 161 
3 244 143 231 
3 5671 6284 543 
3 104 244 127 
3 8772 9731 8801 
3 152 131 180 
3 5582 8921 2986 
3 5107 321 4260 
3 5321 5319 4682 
3 241 141 229 
3 155 77 91 
3 9813 9132 774 
3 708 1187 848 
3 207 109 158 
3 181 184 183 
3 223 225 267 
3 4983 8222 5224 
3 80 101 170 
3 6988 552 7061 
3 178 128 151 
3 173 175 163 
3 200 144 211 
3 151 152 179 
3 1782 1845 2119 
3 176 172 338 
3 144 200 118 
3 681 636 603 
3 241 226 161 
3 4682 4899 5321 
3 166 155 91 
3 1866 1465 6427 
3 322 7577 336 
3 147 148 221 
3 167 147 221 
3 257 1939 3412 
3 155 156 77 
3 9706 6969 9755 
3 205 207 158 
3 121 160 188 
3 114 225 124 
3 239 170 169 
3 138 141 161 
3 254 170 190 
3 285 246 273 
3 210 173 243 
3 172 175 210 
3 210 175 173 
3 194 231 143 
3 7993 3698 9311 
3 175 176 198 
3 2025 2026 2264 
3 4336 6917 6486 
3 176 175 172 
3 147 167 120 
3 2557 2253 2485 
3 1973 1060 3546 
3 200 130 118 
3 3197 9755 2555 
3 492 1966 9137 
3 4210 1465 1866 
3 152 181 183 
3 180 130 216 
3 202 215 178 
3 766 697 503 
3 166 203 155 
3 155 203 219 
3 181 152 180 
3 68 78 67 
3 159 206 221 
3 205 158 156 
3 3487 9951 6959 
3 4240 2564 3323 
3 225 189 240 
3 229 141 140 
3 624 622 595 
3 283 210 243 
3 3463 5883 8329 
3 192 209 195 
3 774 870 1126 
3 209 193 195 
3 72 128 194 
3 206 188 223 
3 209 243 193 
3 174 173 163 
3 174 198 199 
3 202 178 179 
3 4719 255 461 
3 151 179 178 
3 202 179 183 
3 181 180 216 
3 120 202 183 
3 336 7577 9409 
3 194 178 246 
3 221 220 167 
3 155 219 156 
3 7796 1074 5828 
3 6427 2347 5113 
3 160 225 223 
3 7038 1335 6272 
3 489 398 515 
3 225 114 189 
3 874 623 652 
3 189 161 226 
3 206 224 188 
3 141 241 161 
3 628 705 840 
3 7130 5626 9881 
3 5602 2698 667 
3 181 203 166 
3 2075 1287 2066 
3 215 202 217 
3 130 200 216 
3 1090 1045 1183 
3 5085 4911 4687 
3 121 188 169 
3 8379 8215 7784 
3 8329 5186 3463 
3 169 224 239 
3 174 195 193 
3 160 223 188 
3 224 169 188 
3 870 774 1081 
3 7444 8286 6042 
3 4694 150 242 
3 190 170 239 
3 5953 5031 9700 
3 229 140 254 
3 243 209 256 
3 291 176 338 
3 138 79 84 
3 258 231 194 
3 150 2647 242 
3 223 326 265 
3 4752 774 270 
3 215 246 178 
3 199 260 195 
3 171 269 259 
3 7996 9307 9310 
3 211 248 200 
3 233 200 248 
3 244 269 171 
3 965 8329 4339 
3 220 235 202 
3 250 262 293 
3 252 207 205 
3 252 206 207 
3 223 236 206 
3 1921 1002 2664 
3 224 206 252 
3 239 252 266 
3 189 226 240 
3 5926 5645 5295 
3 2511 1153 3862 
3 1039 3747 297 
3 806 859 9194 
3 283 243 308 
3 1642 1643 1702 
3 244 231 258 
3 4957 1371 1386 
3 285 258 246 
3 6896 8357 2573 
3 315 192 195 
3 193 173 174 
3 4030 6502 1099 
3 246 215 273 
3 259 248 211 
3 2890 364 7707 
3 273 215 217 
3 203 216 233 
3 4689 4715 5144 
3 4339 8329 5144 
3 9836 5107 9160 
3 233 248 274 
3 216 200 233 
3 6384 1056 7861 
3 266 205 250 
3 8871 2347 5726 
3 266 252 205 
3 9667 2489 8356 
3 5031 4336 9700 
3 240 226 253 
3 279 254 190 
3 328 229 254 
3 229 304 241 
3 8594 6691 6214 
3 34 33 91 
3 258 268 244 
3 284 192 315 
3 203 233 262 
3 679 849 749 
3 283 286 210 
3 286 172 210 
3 99 79 114 
3 259 287 289 
3 172 286 338 
3 195 260 315 
3 269 287 259 
3 274 248 259 
3 291 247 176 
3 176 247 198 
3 247 199 198 
3 1181 2489 9667 
3 273 217 275 
3 340 275 217 
3 261 262 233 
3 261 233 292 
3 202 235 217 
3 5446 2030 1084 
3 217 235 340 
3 746 707 602 
3 7595 7897 903 
3 262 250 219 
3 220 236 265 
3 2732 2580 2362 
3 6347 7110 7260 
3 239 224 252 
3 3768 3506 3829 
3 323 296 471 
3 4200 4316 1756 
3 244 268 269 
3 240 267 225 
3 2230 2827 2445 
3 304 253 241 
3 229 328 304 
3 2326 2335 1439 
3 7727 2990 1224 
3 284 256 192 
3 304 301 277 
3 4356 7577 8991 
3 9667 6883 1181 
3 256 209 192 
3 289 274 259 
3 338 286 314 
3 8051 3463 9214 
3 355 9409 4464 
3 1106 339 1267 
3 293 262 261 
3 323 235 220 
3 340 235 263 
3 265 296 220 
3 250 293 295 
3 235 323 263 
3 343 267 277 
3 239 266 299 
3 240 253 277 
3 279 328 254 
3 1229 1232 2568 
3 308 311 283 
3 1549 9766 2404 
3 5608 6393 4877 
3 9160 1190 1876 
3 269 268 312 
3 377 273 275 
3 6032 5837 5836 
3 8859 9467 3030 
3 106 152 105 
3 379 260 247 
3 263 403 340 
3 6098 8882 7582 
3 289 380 274 
3 402 247 291 
3 364 2890 4132 
3 8452 1838 108 
3 8452 108 880 
3 285 273 377 
3 5144 2874 4339 
3 2119 2284 2120 
3 7441 8667 271 
3 266 250 295 
3 266 295 298 
3 382 343 383 
3 3299 9925 1883 
3 7526 4328 2112 
3 4282 2870 2861 
3 396 330 419 
3 2048 1153 1892 
3 3399 4105 8408 
3 329 330 306 
3 1918 7342 1386 
3 236 220 221 
3 633 658 708 
3 283 311 351 
3 283 351 286 
3 268 285 312 
3 285 268 258 
3 7707 364 2162 
3 352 289 287 
3 206 236 221 
3 8419 9756 9747 
3 2190 6404 9917 
3 7785 8062 7581 
3 4206 9707 1859 
3 315 372 284 
3 459 372 486 
3 326 296 265 
3 402 291 401 
3 426 379 247 
3 2487 6646 3188 
3 5311 6060 690 
3 330 332 306 
3 5724 3212 552 
3 2451 3967 3213 
3 4132 2890 4674 
3 381 293 261 
3 8567 2616 8801 
3 295 293 381 
3 428 261 292 
3 343 382 326 
3 384 299 298 
3 298 299 266 
3 343 223 267 
3 240 277 267 
3 123 2902 129 
3 2838 1172 4184 
3 4140 9820 1247 
3 331 330 329 
3 8295 8325 2048 
3 306 307 391 
3 330 396 332 
3 241 253 226 
3 306 332 307 
3 8627 7288 8610 
3 2971 2822 2973 
3 1414 1179 1222 
3 256 310 308 
3 9213 5973 5913 
3 310 348 308 
3 889 8062 7785 
3 286 351 314 
3 251 1207 4720 
3 5186 9214 3463 
3 2791 73 8234 
3 1695 7769 6276 
3 1695 9206 7786 
3 100 3292 2525 
3 3690 9412 1712 
3 1028 1024 979 
3 4126 3430 2774 
3 377 333 285 
3 7727 1267 2990 
3 5098 8489 7830 
3 4838 5108 5187 
3 2476 6754 9563 
3 374 352 287 
3 5684 5589 5585 
3 62 53 6968 
3 8024 1361 8033 
3 4645 7619 8068 
3 5114 4952 4953 
3 7588 8041 8676 
3 1047 6281 4428 
3 1809 1902 8995 
3 3444 65 4266 
3 9654 6486 6917 
3 299 344 190 
3 1547 8339 9700 
3 384 344 299 
3 343 277 408 
3 5533 7441 2917 
3 408 277 301 
3 7581 7455 7785 
3 279 360 345 
3 3423 5550 5822 
3 328 345 362 
3 304 328 362 
3 391 442 440 
3 331 329 387 
3 3354 6510 3349 
3 9629 8317 3755 
3 366 330 331 
3 1408 8095 483 
3 9831 9833 4486 
3 307 367 391 
3 396 419 420 
3 380 428 292 
3 367 307 394 
3 394 307 332 
3 396 394 332 
3 4266 65 6975 
3 310 456 348 
3 3625 3617 3930 
3 610 8079 3774 
3 8062 889 8121 
3 311 398 351 
3 349 310 256 
3 285 333 312 
3 7030 855 807 
3 8236 2483 54 
3 3429 9937 5928 
3 3069 6548 9715 
3 565 587 403 
3 260 379 356 
3 551 9917 6404 
3 3069 8971 6548 
3 427 289 352 
3 6174 8090 2987 
3 427 380 289 
3 400 338 314 
3 463 275 340 
3 9247 5830 9243 
3 467 401 290 
3 7422 5360 341 
3 8471 7105 4726 
3 271 2917 7441 
3 404 428 470 
3 4336 6486 9700 
3 264 257 1114 
3 404 261 428 
3 381 261 404 
3 1037 5289 5275 
3 295 432 298 
3 4339 3192 952 
3 433 343 408 
3 6603 6708 6709 
3 5183 9474 3780 
3 9510 3225 699 
3 772 3251 8958 
3 1431 5418 7339 
3 1847 9543 1197 
3 1666 1860 1799 
3 2030 2036 4311 
3 865 6754 2476 
3 304 362 301 
3 5941 6024 3608 
3 440 387 329 
3 448 419 330 
3 345 328 279 
3 329 306 391 
3 9976 6399 562 
3 367 392 391 
3 386 366 331 
3 350 4266 6975 
3 9214 1914 9715 
3 368 456 310 
3 310 349 368 
3 9528 702 5083 
3 329 391 440 
3 1394 8168 8174 
3 7688 952 3192 
3 3012 8322 8128 
3 333 488 312 
3 2283 2046 1972 
3 402 426 247 
3 458 349 459 
3 1698 8128 89 
3 374 287 312 
3 793 697 834 
3 315 356 372 
3 4222 6645 251 
3 1338 1238 1340 
3 107 5079 7065 
3 495 275 463 
3 1104 9971 1804 
3 7982 7455 3618 
3 290 338 424 
3 463 340 425 
3 4356 4078 4326 
3 403 425 340 
3 1197 9543 346 
3 8325 6896 2573 
3 7137 7287 7134 
3 5007 8869 8688 
3 784 8688 783 
3 405 406 298 
3 223 343 326 
3 384 298 406 
3 734 7651 9610 
3 408 474 433 
3 3796 1942 2628 
3 476 344 384 
3 476 384 407 
3 3038 5273 7630 
3 9662 9540 6256 
3 1333 1195 1377 
3 2512 2118 2659 
3 6548 9654 6917 
3 412 345 438 
3 412 362 345 
3 436 362 412 
3 357 1804 9971 
3 366 386 415 
3 439 415 386 
3 5554 2588 1859 
3 480 448 366 
3 442 391 392 
3 6502 145 1099 
3 330 366 448 
3 9598 7786 9206 
3 1328 1007 1233 
3 362 436 301 
3 3220 4706 3956 
3 455 311 369 
3 9700 7688 3192 
3 311 348 369 
3 5186 1914 9214 
3 747 718 3163 
3 7774 807 2768 
3 9262 1654 786 
3 274 380 292 
3 6103 1365 7362 
3 3205 3275 2976 
3 9700 3192 5953 
3 3163 718 9197 
3 2335 598 2246 
3 275 495 377 
3 6646 2487 3123 
3 3051 6045 3063 
3 7416 2364 7801 
3 9071 7720 4854 
3 403 263 565 
3 5977 9381 2969 
3 8903 9756 4253 
3 3192 4339 2874 
3 433 383 343 
3 474 408 436 
3 4081 4047 4785 
3 360 476 410 
3 8632 7220 6307 
3 360 438 345 
3 2514 2487 3188 
3 1133 1184 1090 
3 6751 7496 7486 
3 441 440 442 
3 3125 3135 9952 
3 4489 2232 2987 
3 417 418 447 
3 445 418 417 
3 445 533 418 
3 8603 2514 3188 
3 4316 1243 6296 
3 419 448 420 
3 2934 9516 8997 
3 532 600 420 
3 1942 1198 2628 
3 985 827 901 
3 1506 1340 1388 
3 368 452 456 
3 455 515 311 
3 515 398 311 
3 8329 965 5186 
3 349 458 368 
3 2315 2901 3533 
3 370 312 488 
3 2250 6949 9552 
3 377 490 333 
3 400 424 338 
3 8882 3564 752 
3 9715 8543 3069 
3 423 356 379 
3 6404 6779 551 
3 6710 8144 354 
3 468 402 467 
3 400 464 424 
3 768 7674 3303 
3 400 314 464 
3 294 492 305 
3 3893 9801 3912 
3 468 426 402 
3 7983 881 869 
3 499 323 471 
3 6713 2454 504 
3 3475 6675 3123 
3 432 381 470 
3 477 598 2353 
3 549 407 406 
3 1354 9837 9428 
3 952 965 4339 
3 434 437 411 
3 436 412 439 
3 441 436 439 
3 507 439 412 
3 415 507 480 
3 415 439 507 
3 360 344 476 
3 264 9110 257 
3 6296 1756 4316 
3 441 439 440 
3 4113 4083 6304 
3 417 444 443 
3 479 417 447 
3 965 9115 5186 
3 5999 5503 9237 
3 872 874 873 
3 479 444 417 
3 1098 1237 1283 
3 510 392 449 
3 450 396 420 
3 1620 1324 1230 
3 556 557 515 
3 514 369 348 
3 556 536 579 
3 538 456 452 
3 538 348 456 
3 5760 994 3252 
3 455 369 536 
3 9625 358 1206 
3 368 458 513 
3 6487 8639 6485 
3 5426 2065 5407 
3 333 490 460 
3 3125 9952 2010 
3 8033 9518 4560 
3 2333 9062 9159 
3 7216 7994 8426 
3 490 377 495 
3 464 314 398 
3 821 759 720 
3 491 356 423 
3 496 352 516 
3 521 290 424 
3 7688 9700 8339 
3 611 521 424 
3 468 467 544 
3 466 428 380 
3 612 468 566 
3 2212 2477 3051 
3 565 263 323 
3 467 290 521 
3 8667 8221 271 
3 1780 8125 9695 
3 473 471 382 
3 501 433 474 
3 405 523 671 
3 468 520 379 
3 1024 935 937 
3 9502 764 9455 
3 592 437 434 
3 937 935 826 
3 1102 1100 1383 
3 413 411 437 
3 6367 6544 6885 
3 909 989 990 
3 505 478 410 
3 7680 8706 6671 
3 438 410 478 
3 6168 8996 9003 
3 7147 1918 537 
3 5224 8222 9284 
3 572 480 507 
3 657 530 632 
3 479 447 530 
3 572 529 480 
3 8677 2969 8392 
3 439 386 440 
3 417 443 445 
3 482 511 602 
3 511 482 533 
3 533 482 418 
3 1219 9861 9856 
3 3731 560 6504 
3 7024 8858 668 
3 734 9610 3529 
3 368 454 452 
3 3135 4423 9952 
3 3135 605 4423 
3 458 459 484 
3 3372 1042 1889 
3 484 459 486 
3 8181 8162 8158 
3 488 333 460 
3 372 356 491 
3 609 8381 866 
3 352 496 427 
3 427 496 466 
3 6682 8459 1471 
3 466 380 427 
3 2477 2212 390 
3 4950 9502 9662 
3 566 468 544 
3 470 381 404 
3 565 323 499 
3 946 989 836 
3 53 1002 8203 
3 523 432 470 
3 2483 6237 2475 
3 4651 7572 4107 
3 2906 5164 1389 
3 549 406 405 
3 2353 2335 8101 
3 7714 8079 9420 
3 6163 1811 4950 
3 475 437 503 
3 437 592 618 
3 847 1038 627 
3 361 4863 9651 
3 458 540 513 
3 2673 461 9122 
3 550 411 413 
3 474 436 525 
3 438 507 412 
3 8899 9202 9483 
3 598 2335 2353 
3 531 508 510 
3 688 6927 9603 
3 5644 2319 3962 
3 442 508 441 
3 1042 3372 3370 
3 523 470 546 
3 478 572 507 
3 1362 1315 1415 
3 480 529 448 
3 510 508 442 
3 479 528 444 
3 2969 8677 1811 
3 6486 1547 9700 
3 9406 8904 8543 
3 3069 8543 8904 
3 569 593 502 
3 510 449 531 
3 554 450 420 
3 7077 3272 4063 
3 24 16 31 
3 554 449 450 
3 16 29 31 
3 2429 847 477 
3 1487 8375 8459 
3 514 536 369 
3 4701 3215 3211 
3 6564 1025 6555 
3 1141 1195 1057 
3 2292 1926 1989 
3 487 516 422 
3 3194 2899 3198 
3 751 9378 9455 
3 8392 9381 8216 
3 564 496 517 
3 464 489 645 
3 1038 8807 1286 
3 2863 3010 3086 
3 424 464 518 
3 146 9908 9624 
3 9403 9930 7096 
3 4027 2473 3215 
3 586 463 587 
3 520 468 542 
3 567 428 466 
3 2555 1904 1907 
3 473 383 548 
3 548 383 433 
3 433 501 673 
3 5819 1372 7984 
3 434 411 595 
3 731 900 763 
3 1145 1097 1236 
3 1039 2328 9423 
3 437 475 413 
3 1051 3056 2414 
3 478 505 527 
3 3977 3139 6389 
3 965 9102 9115 
3 1025 1022 6555 
3 549 502 407 
3 9084 689 8559 
3 448 529 532 
3 387 440 386 
3 533 443 601 
3 2801 2804 2887 
3 514 348 538 
3 2260 249 988 
3 540 539 513 
3 368 513 454 
3 9084 8559 9010 
3 7206 3731 6504 
3 458 484 540 
3 455 556 515 
3 515 557 644 
3 488 460 487 
3 515 644 489 
3 3672 280 8027 
3 488 487 370 
3 5606 2793 9878 
3 487 422 370 
3 9632 1850 1856 
3 642 516 487 
3 583 490 495 
3 517 496 516 
3 642 517 516 
3 1978 6353 545 
3 542 468 612 
3 586 495 463 
3 1031 9398 9767 
3 9001 9010 4946 
3 1595 1726 1528 
3 520 585 423 
3 9406 8543 1914 
3 521 613 544 
3 4946 9010 8559 
3 606 8443 3266 
3 411 550 595 
3 9802 2488 4688 
3 567 470 428 
3 1547 6486 8929 
3 1978 545 6542 
3 9152 1499 6887 
3 548 433 673 
3 689 9084 5832 
3 4594 5895 6583 
3 772 2163 3143 
3 525 501 474 
3 5143 9102 952 
3 9152 6887 6923 
3 594 505 410 
3 479 553 528 
3 525 436 441 
3 61 46 51 
3 677 528 553 
3 476 502 410 
3 3431 8861 1484 
3 479 530 553 
3 774 9132 1081 
3 574 444 629 
3 527 505 596 
3 574 601 443 
3 572 599 529 
3 631 529 599 
3 530 657 553 
3 8339 8728 7688 
3 366 415 480 
3 444 528 629 
3 443 533 445 
3 6931 5797 2614 
3 511 533 601 
3 2174 4688 4946 
3 554 531 449 
3 632 482 602 
3 450 449 394 
3 511 601 602 
3 514 538 636 
3 5799 6927 5849 
3 580 557 556 
3 487 460 663 
3 579 536 635 
3 491 608 559 
3 564 466 496 
3 8035 5023 6422 
3 3246 3220 2472 
3 1369 534 4529 
3 4946 9603 2174 
3 3051 3063 2212 
3 5366 9790 9586 
3 423 585 608 
3 5582 2263 9748 
3 478 527 572 
3 8967 5580 8829 
3 546 470 567 
3 590 523 546 
3 1950 1954 2093 
3 527 630 599 
3 671 523 590 
3 549 405 671 
3 569 502 549 
3 503 437 618 
3 9654 8929 6486 
3 434 696 592 
3 3663 5276 1773 
3 3209 2131 5985 
3 2241 249 2260 
3 594 502 593 
3 441 597 525 
3 594 410 502 
3 7203 6120 8971 
3 597 508 573 
3 630 631 599 
3 8695 2267 1548 
3 508 531 573 
3 7901 7677 6404 
3 2158 3003 2993 
3 631 739 532 
3 9979 7082 4957 
3 7160 9654 6120 
3 5672 7613 6284 
3 635 536 514 
3 1879 7362 5149 
3 8443 606 9902 
3 603 538 452 
3 9603 9107 2174 
3 5602 1757 5580 
3 7688 9102 5143 
3 500 5985 2131 
3 484 581 540 
3 4865 1335 7038 
3 644 557 713 
3 582 486 559 
3 490 641 460 
3 484 486 582 
3 490 583 641 
3 5874 7399 1840 
3 584 495 586 
3 692 564 517 
3 7463 9317 9942 
3 9959 4398 5888 
3 423 608 491 
3 424 518 666 
3 650 564 692 
3 3663 1773 2151 
3 564 650 567 
3 466 564 567 
3 589 612 566 
3 589 566 613 
3 566 544 613 
3 766 503 618 
3 565 499 614 
3 670 614 473 
3 473 548 670 
3 716 642 755 
3 9671 5602 667 
3 1553 576 7463 
3 525 733 501 
3 8357 8364 2573 
3 696 434 595 
3 4291 8646 8535 
3 3394 2056 1399 
3 475 503 652 
3 5923 7265 1394 
3 653 594 593 
3 988 9369 2260 
3 525 597 625 
3 576 8571 7463 
3 413 655 550 
3 655 624 550 
3 1344 1553 7463 
3 505 594 596 
3 7083 4510 9774 
3 5503 5472 9237 
3 630 527 596 
3 600 532 739 
3 1309 1562 4264 
3 1213 9647 5497 
3 5060 6471 978 
3 7136 7292 6837 
3 8677 4950 1811 
3 604 540 581 
3 8594 9115 9102 
3 1866 1805 4210 
3 557 684 713 
3 579 580 556 
3 557 580 684 
3 582 581 484 
3 580 683 684 
3 1275 9924 1446 
3 559 608 715 
3 683 778 684 
3 5527 5571 9243 
3 517 642 716 
3 495 584 583 
3 644 645 489 
3 7911 4469 7332 
3 756 586 820 
3 720 585 520 
3 823 424 666 
3 542 721 720 
3 3039 1518 1942 
3 721 542 648 
3 1446 4118 430 
3 546 567 650 
3 1010 960 1138 
3 5224 8133 4983 
3 649 565 614 
3 473 614 499 
3 820 586 587 
3 695 549 671 
3 569 549 695 
3 5923 1394 4427 
3 4685 6730 2865 
3 7339 4560 9518 
3 1269 1612 1475 
3 9654 7160 8929 
3 675 653 593 
3 652 623 655 
3 652 655 475 
3 654 596 594 
3 621 525 625 
3 190 344 279 
3 624 595 550 
3 625 597 573 
3 1159 5057 1152 
3 626 629 528 
3 1344 606 1553 
3 553 657 839 
3 553 736 677 
3 5569 5299 5394 
3 1325 1231 1326 
3 679 634 633 
3 183 184 120 
3 8233 5758 5731 
3 389 393 3836 
3 538 603 636 
3 640 604 581 
3 2243 3001 1480 
3 683 580 662 
3 649 587 565 
3 713 687 644 
3 806 4726 1123 
3 5999 1219 9841 
3 8116 8964 5812 
3 1232 9228 1068 
3 1381 8541 8732 
3 584 643 583 
3 785 645 644 
3 692 517 716 
3 487 663 642 
3 641 663 460 
3 8013 6555 1022 
3 645 785 666 
3 2024 2030 4311 
3 666 518 645 
3 5581 1547 8929 
3 611 424 823 
3 6422 7595 8035 
3 5418 7571 7339 
3 648 542 612 
3 648 612 589 
3 820 587 649 
3 729 546 650 
3 590 546 729 
3 163 198 174 
3 670 548 673 
3 828 618 592 
3 9132 1966 1081 
3 1553 606 3269 
3 5503 5999 9841 
3 652 503 697 
3 622 624 797 
3 1005 5516 2551 
3 794 696 622 
3 622 696 595 
3 592 696 828 
3 653 654 594 
3 5614 1312 9948 
3 797 624 701 
3 628 573 531 
3 4852 8095 6861 
3 9603 4946 688 
3 1769 1768 3765 
3 528 677 626 
3 634 659 633 
3 1878 5177 5758 
3 9115 6214 9406 
3 5164 2185 1389 
3 4434 3008 8701 
3 542 720 520 
3 1365 5149 7362 
3 602 601 746 
3 220 202 167 
3 659 658 633 
3 707 745 632 
3 883 634 749 
3 1130 1359 1127 
3 750 659 661 
3 636 635 514 
3 223 265 236 
3 555 540 604 
3 579 635 662 
3 707 632 602 
3 4562 4548 5266 
3 658 659 750 
3 1906 214 7861 
3 754 663 641 
3 1232 1068 9705 
3 9406 5905 8904 
3 9861 1312 5614 
3 581 582 640 
3 4694 242 272 
3 754 583 643 
3 754 641 583 
3 8594 6214 9115 
3 715 608 717 
3 1214 1118 1078 
3 720 788 585 
3 715 781 582 
3 761 692 819 
3 761 650 692 
3 559 715 582 
3 894 721 648 
3 9647 982 5497 
3 650 761 729 
3 2441 3220 1733 
3 590 669 671 
3 727 589 613 
3 3775 350 704 
3 1878 5758 8233 
3 9212 3555 7231 
3 672 569 695 
3 5619 4719 461 
3 864 1036 672 
3 733 525 621 
3 675 569 672 
3 1380 3063 6045 
3 6720 562 3719 
3 230 4599 4586 
3 569 675 593 
3 701 655 623 
3 657 737 839 
3 5046 5023 8035 
3 625 573 771 
3 712 710 640 
3 9625 1206 824 
3 573 628 771 
3 2898 2902 123 
3 739 631 738 
3 606 3266 3269 
3 9918 3278 5089 
3 413 475 655 
3 804 630 596 
3 6627 5814 2852 
3 554 705 531 
3 705 628 531 
3 1905 1911 3450 
3 793 874 652 
3 745 657 632 
3 7810 9102 7688 
3 745 707 878 
3 8750 8323 8474 
3 8323 8750 9047 
3 2258 1771 1896 
3 1281 8461 9844 
3 603 637 924 
3 603 924 681 
3 604 710 709 
3 4336 1357 8051 
3 2786 9228 1232 
3 2225 2279 2286 
3 662 580 579 
3 1287 5587 2066 
3 582 686 640 
3 3907 3653 3960 
3 686 582 781 
3 7243 7387 7561 
3 9212 7231 896 
3 709 555 604 
3 644 687 785 
3 7262 2003 1442 
3 642 663 755 
3 9447 5153 1847 
3 4184 1172 9191 
3 5527 2050 397 
3 3069 7203 8971 
3 611 723 613 
3 589 725 648 
3 7861 4507 6384 
3 761 822 729 
3 649 614 730 
3 709 637 555 
3 2623 1796 5150 
3 9179 3528 5497 
3 694 695 671 
3 729 669 590 
3 766 618 829 
3 7727 1563 1267 
3 7707 355 2135 
3 292 233 274 
3 4726 264 1123 
3 798 653 795 
3 943 621 700 
3 1318 1370 1473 
3 258 194 246 
3 654 804 596 
3 8904 2845 3069 
3 694 671 669 
3 9061 8637 8909 
3 319 5098 325 
3 839 736 553 
3 631 630 738 
3 741 600 739 
3 8339 1547 5510 
3 745 737 657 
3 743 746 601 
3 9474 327 1066 
3 662 635 775 
3 637 709 924 
3 506 704 5081 
3 779 712 686 
3 668 3050 6992 
3 6126 6218 6403 
3 662 778 683 
3 700 625 771 
3 171 211 127 
3 8455 4707 1939 
3 663 714 755 
3 697 793 652 
3 8594 9102 7810 
3 814 716 755 
3 2319 483 8133 
3 717 608 585 
3 4924 4276 4481 
3 9234 9131 1965 
3 821 721 894 
3 348 311 308 
3 8728 7810 7688 
3 1217 1260 1033 
3 6063 6163 2849 
3 648 726 894 
3 649 722 820 
3 8768 4328 7526 
3 1964 282 9194 
3 1571 8832 2146 
3 3555 191 7231 
3 1050 708 773 
3 727 723 825 
3 614 670 730 
3 763 669 731 
3 9766 2146 8832 
3 669 729 731 
3 695 694 864 
3 864 672 695 
3 5147 9834 9417 
3 653 798 654 
3 1585 1205 1109 
3 700 621 625 
3 461 4640 9122 
3 801 677 736 
3 626 677 801 
3 3307 2467 4169 
3 1159 318 9145 
3 574 629 742 
3 552 3212 7061 
3 741 840 705 
3 879 773 658 
3 750 879 658 
3 1223 1220 993 
3 9799 9496 9362 
3 658 773 708 
3 708 679 633 
3 9191 2098 8221 
3 690 9062 2333 
3 679 708 849 
3 2931 2332 9510 
3 775 635 809 
3 635 636 809 
3 636 681 809 
3 778 753 684 
3 710 712 810 
3 812 713 753 
3 4356 303 4078 
3 834 905 906 
3 715 856 854 
3 713 812 687 
3 729 822 731 
3 755 714 815 
3 714 663 754 
3 4120 8567 8801 
3 9877 4202 9588 
3 822 936 731 
3 684 753 713 
3 9563 3911 376 
3 819 692 716 
3 1248 1209 1154 
3 585 788 717 
3 787 666 785 
3 819 716 814 
3 666 787 719 
3 719 823 666 
3 723 611 789 
3 730 722 649 
3 861 825 723 
3 807 7774 7030 
3 4240 8679 3793 
3 73 8311 8234 
3 1047 164 177 
3 4370 8768 7526 
3 792 696 794 
3 733 621 943 
3 672 796 675 
3 800 804 799 
3 5581 8929 7160 
3 2484 4169 2467 
3 230 8915 4599 
3 7810 6691 8594 
3 4726 9110 264 
3 8567 4544 1071 
3 2185 6779 541 
3 250 205 219 
3 736 839 838 
3 629 841 742 
3 1087 875 737 
3 85 7065 5079 
3 701 624 655 
3 949 737 745 
3 746 743 917 
3 949 1087 737 
3 6063 1811 6163 
3 9743 214 230 
3 9762 9335 9336 
3 9562 9283 9708 
3 709 810 924 
3 7455 7982 869 
3 778 885 753 
3 810 712 811 
3 4507 7861 214 
3 3338 667 2462 
3 1037 2480 5289 
3 854 781 715 
3 754 643 813 
3 7115 2220 2954 
3 4507 7751 6384 
3 856 715 717 
3 788 893 717 
3 720 759 788 
3 4182 6691 7810 
3 6691 4182 4095 
3 87 74 7720 
3 4240 3793 9699 
3 720 721 821 
3 1334 1503 1634 
3 7327 7331 2069 
3 5953 3192 2874 
3 2517 8311 1794 
3 6365 884 6593 
3 892 722 730 
3 825 725 727 
3 725 589 727 
3 1086 9774 4719 
3 829 902 827 
3 1794 4020 2517 
3 93 5928 5666 
3 828 696 792 
3 5147 9417 325 
3 5634 7761 853 
3 867 697 766 
3 796 672 1036 
3 6199 1567 4823 
3 2069 2067 7417 
3 827 987 867 
3 905 834 867 
3 798 795 796 
3 874 701 623 
3 1149 1151 1295 
3 3910 107 7065 
3 9834 5169 9417 
3 4586 4599 9760 
3 654 799 804 
3 873 839 912 
3 9470 9468 9757 
3 873 801 838 
3 875 996 912 
3 873 871 801 
3 93 7704 6264 
3 9878 9452 9740 
3 738 842 739 
3 916 742 915 
3 949 745 951 
3 707 746 878 
3 6027 6020 5400 
3 8437 7080 9763 
3 6416 6143 6934 
3 879 750 920 
3 837 7704 93 
3 681 924 1053 
3 810 709 710 
3 2203 1413 2035 
3 778 925 885 
3 886 753 885 
3 6024 4072 7572 
3 686 926 779 
3 4120 9731 7745 
3 812 753 886 
3 754 966 714 
3 754 813 966 
3 813 643 967 
3 890 643 756 
3 687 969 817 
3 714 966 857 
3 817 785 687 
3 787 785 817 
3 4189 4291 1838 
3 3550 2218 1567 
3 1404 319 2712 
3 820 722 892 
3 9802 2627 9671 
3 1643 1642 1587 
3 861 723 789 
3 494 9234 1965 
3 6269 3649 4327 
3 6968 53 6936 
3 826 725 825 
3 826 791 725 
3 4132 2477 390 
3 733 832 673 
3 875 839 737 
3 766 829 827 
3 828 902 829 
3 9399 9690 9119 
3 4852 483 8095 
3 1547 5581 5510 
3 830 792 833 
3 2162 355 7707 
3 4240 6384 8679 
3 831 74 87 
3 4291 8772 8646 
3 942 798 796 
3 1376 1568 1430 
3 622 797 794 
3 3534 2198 4201 
3 9790 3252 994 
3 9558 768 3303 
3 839 873 838 
3 6675 3475 6726 
3 3464 3405 3331 
3 836 700 771 
3 9262 9744 2372 
3 6444 2330 4030 
3 6281 8786 4002 
3 842 997 741 
3 946 840 997 
3 801 736 838 
3 738 804 842 
3 917 878 746 
3 1336 1236 1333 
3 6675 6726 153 
3 848 849 708 
3 955 920 750 
3 850 883 849 
3 1732 1756 2010 
3 883 921 661 
3 809 681 1053 
3 924 810 851 
3 922 662 775 
3 921 955 750 
3 857 815 714 
3 5527 397 5571 
3 686 781 926 
3 5724 552 5012 
3 2511 3851 3152 
3 6646 3123 6675 
3 6445 7589 7603 
3 818 7681 3392 
3 1303 8381 3522 
3 891 761 819 
3 719 787 933 
3 5296 3121 373 
3 891 822 761 
3 1150 789 934 
3 830 1034 902 
3 931 822 891 
3 823 934 789 
3 821 974 1111 
3 823 719 934 
3 69 8381 609 
3 4913 6342 5605 
3 791 935 726 
3 2360 3571 7203 
3 8996 4535 9003 
3 828 792 830 
3 8820 7067 9343 
3 670 832 730 
3 827 985 987 
3 766 827 867 
3 3755 54 8081 
3 792 794 904 
3 833 792 904 
3 942 796 1036 
3 4572 6199 6158 
3 834 697 867 
3 799 798 942 
3 872 701 874 
3 834 871 873 
3 763 864 694 
3 909 700 836 
3 912 872 873 
3 1569 2870 4282 
3 840 946 836 
3 989 998 1222 
3 841 801 871 
3 1674 2488 3338 
3 800 876 804 
3 6120 7203 3571 
3 997 842 1000 
3 4182 7810 8728 
3 901 902 983 
3 840 741 997 
3 823 789 611 
3 745 878 951 
3 879 1003 773 
3 1004 1003 879 
3 3993 5581 7160 
3 2514 8603 6445 
3 9790 994 2239 
3 1060 7032 6975 
3 5905 2618 8904 
3 643 890 967 
3 2319 8133 5224 
3 7938 3706 22 
3 1567 6199 4572 
3 7786 7769 1695 
3 609 1813 4686 
3 811 779 1096 
3 813 967 968 
3 886 964 812 
3 687 812 964 
3 961 964 886 
3 814 815 857 
3 790 52 2184 
3 584 756 643 
3 1103 717 893 
3 788 759 893 
3 861 789 1069 
3 892 756 820 
3 821 893 759 
3 3520 5741 4296 
3 915 742 841 
3 7581 8062 3532 
3 935 894 726 
3 4576 4471 4571 
3 936 822 931 
3 995 800 799 
3 897 892 730 
3 899 826 825 
3 861 975 938 
3 6214 6691 4095 
3 1286 8809 1505 
3 763 900 864 
3 50 3848 928 
3 928 3848 8848 
3 7283 4179 3349 
3 9020 4086 3399 
3 990 943 909 
3 905 867 987 
3 153 6646 6675 
3 794 797 904 
3 872 992 701 
3 993 872 912 
3 799 1041 995 
3 4749 4758 4020 
3 834 906 871 
3 605 5261 805 
3 9406 3722 5905 
3 1002 3611 2089 
3 29 86 104 
3 673 832 670 
3 875 912 839 
3 9139 4508 5907 
3 1251 1448 1512 
3 4087 8963 777 
3 473 382 383 
3 8921 664 2986 
3 850 849 848 
3 2250 8428 6949 
3 871 915 841 
3 1006 921 850 
3 790 3339 52 
3 955 921 1093 
3 775 923 922 
3 1053 1137 809 
3 7439 9407 2325 
3 925 960 885 
3 925 922 1011 
3 959 1011 922 
3 100 2525 82 
3 886 885 960 
3 9526 5529 3170 
3 2789 9455 5963 
3 856 1016 854 
3 813 968 966 
3 1303 3611 1497 
3 857 966 929 
3 7582 732 735 
3 8270 1892 1153 
3 1018 890 930 
3 930 756 892 
3 814 857 891 
3 1059 1018 1019 
3 6276 7769 3357 
3 5581 5014 5510 
3 9502 9540 9662 
3 894 935 1067 
3 5580 1757 8868 
3 825 861 938 
3 937 826 899 
3 8428 2250 9744 
3 2687 5799 6951 
3 938 1027 899 
3 1027 937 899 
3 8832 9495 9766 
3 4639 9003 4535 
3 825 938 899 
3 1029 1027 1026 
3 897 730 832 
3 1004 879 920 
3 1032 985 981 
3 8611 7881 7882 
3 1847 5153 9543 
3 1077 1035 864 
3 401 467 402 
3 9837 1354 805 
3 985 901 981 
3 1470 1476 4320 
3 3030 711 3533 
3 4709 3967 6205 
3 1852 1715 2124 
3 3522 8381 69 
3 1033 987 985 
3 1041 799 942 
3 943 990 1174 
3 965 952 9102 
3 959 922 1052 
3 7680 7096 2035 
3 993 992 872 
3 9378 5963 9455 
3 7554 7569 8867 
3 999 871 906 
3 406 407 384 
3 9467 9552 6949 
3 1634 1691 1771 
3 996 875 1087 
3 1085 916 915 
3 4499 2335 2246 
3 1003 1048 773 
3 7578 735 8937 
3 7596 3564 8882 
3 1004 920 953 
3 954 953 920 
3 955 954 920 
3 767 3712 5405 
3 3817 6193 5473 
3 1052 922 923 
3 957 1053 924 
3 924 851 958 
3 958 851 1012 
3 1137 1007 923 
3 1006 1093 921 
3 6296 3125 2010 
3 886 1013 961 
3 1012 851 811 
3 1096 926 927 
3 1013 886 960 
3 779 926 1096 
3 6120 3571 3993 
3 2146 3067 3861 
3 927 926 854 
3 967 1018 1017 
3 717 1103 856 
3 9662 6170 4950 
3 3324 8963 6168 
3 1018 930 1019 
3 1109 787 817 
3 1109 933 787 
3 8236 3755 9656 
3 1585 1643 1290 
3 971 892 973 
3 971 930 892 
3 9010 664 5670 
3 448 532 420 
3 974 821 894 
3 934 933 1023 
3 1449 1400 1252 
3 934 719 933 
3 1067 935 1024 
3 9381 6951 728 
3 4210 3977 1465 
3 1069 789 1150 
3 6069 8952 3670 
3 5822 102 1591 
3 8126 5799 2687 
3 936 1070 731 
3 5510 2597 8728 
3 2934 2364 9257 
3 9542 5148 3718 
3 937 979 1024 
3 1070 900 731 
3 732 7582 8882 
3 5014 5581 3993 
3 9890 1470 2948 
3 937 1027 979 
3 1075 983 902 
3 7582 735 7578 
3 1431 3133 5418 
3 699 7336 1705 
3 4095 3722 6214 
3 9892 9802 2174 
3 1034 833 986 
3 1079 1036 1035 
3 7581 3532 1450 
3 2290 1653 2369 
3 2411 610 334 
3 7416 3744 8864 
3 906 1132 999 
3 999 915 871 
3 1000 998 997 
3 2525 3292 3272 
3 997 998 946 
3 950 1046 1089 
3 1049 1091 1003 
3 574 742 743 
3 1050 773 1048 
3 1091 1048 1003 
3 2696 3384 1393 
3 9996 850 848 
3 9115 1914 5186 
3 9406 1914 9115 
3 1137 1053 1135 
3 958 1012 1095 
3 1013 960 1010 
3 925 1011 960 
3 850 9996 1006 
3 961 1015 964 
3 9610 1969 3529 
3 2270 1611 2267 
3 2240 8062 8121 
3 1011 1138 960 
3 1101 1058 927 
3 1102 964 1015 
3 678 4528 7411 
3 927 854 1101 
3 854 1016 1101 
3 1145 1059 1057 
3 968 967 1017 
3 968 1017 1105 
3 1145 1018 1059 
3 1018 1145 1017 
3 7859 8289 7711 
3 5190 5281 5369 
3 1147 929 968 
3 5750 5742 6049 
3 9381 2687 6951 
3 5507 5500 7806 
3 1111 1108 893 
3 8832 1571 8997 
3 3993 7160 6120 
3 8730 2056 8702 
3 385 5472 5503 
3 4663 2364 3114 
3 897 1151 973 
3 9539 3529 1969 
3 7020 6871 6868 
3 931 1070 936 
3 7336 7401 8207 
3 9262 786 9744 
3 9257 2364 7416 
3 983 1075 1347 
3 1028 1027 1029 
3 7557 9516 7310 
3 893 821 1111 
3 4199 4211 3425 
3 734 1656 7651 
3 453 2761 2489 
3 9197 9527 3163 
3 8904 2618 2845 
3 1179 1130 1040 
3 2845 2618 1763 
3 2749 3048 2453 
3 953 1133 1049 
3 1188 1133 953 
3 6931 9378 7027 
3 9384 3916 2359 
3 986 1124 1034 
3 1004 953 1049 
3 1082 1174 990 
3 1260 987 1033 
3 1128 906 905 
3 1040 1130 1082 
3 1486 1565 1564 
3 9455 9540 9502 
3 1220 1083 992 
3 1534 1598 1363 
3 992 993 1220 
3 912 996 993 
3 1000 876 995 
3 5014 1694 5510 
3 1000 1180 1044 
3 2597 5510 1694 
3 555 637 539 
3 5787 3571 2360 
3 2512 2658 2800 
3 1085 915 999 
3 9107 9603 6927 
3 1045 1046 950 
3 2084 8808 9166 
3 3993 3384 5014 
3 2975 8234 9334 
3 1135 957 1136 
3 1268 7117 4947 
3 1053 957 1135 
3 1136 957 1094 
3 9892 2174 9107 
3 1094 958 1095 
3 924 958 957 
3 1095 1012 1054 
3 1278 959 1052 
3 8781 8405 8459 
3 2549 3722 4095 
3 1183 1225 1270 
3 1141 1057 1055 
3 1058 1096 927 
3 1057 1059 1055 
3 5977 5951 9381 
3 1100 961 1013 
3 1306 1458 1531 
3 1200 1059 1019 
3 1147 968 1105 
3 966 968 929 
3 969 1102 1063 
3 6684 5959 5925 
3 4182 2597 3054 
3 1107 817 969 
3 1021 929 1241 
3 2687 9381 5951 
3 857 1021 931 
3 1062 971 1242 
3 1062 1019 971 
3 1148 971 973 
3 3292 4063 3272 
3 363 512 9151 
3 994 3266 2239 
3 1019 930 971 
3 979 1027 1028 
3 1070 931 1112 
3 1202 973 1149 
3 974 1067 1113 
3 1149 973 1151 
3 5670 664 8921 
3 2315 2589 2820 
3 5260 357 3859 
3 897 1208 1151 
3 1067 974 894 
3 861 1069 975 
3 1158 900 1070 
3 3706 50 22 
3 1027 938 976 
3 1244 1293 1070 
3 1117 976 975 
3 1076 1208 897 
3 1622 1481 1276 
3 1211 900 1158 
3 2820 1561 2315 
3 2496 4012 2472 
3 1115 1168 1073 
3 1038 638 627 
3 6682 8781 8459 
3 1423 1320 1270 
3 8033 4560 8024 
3 900 1211 1077 
3 1118 1073 1078 
3 1808 1428 1324 
3 1075 1034 1120 
3 3069 2845 7203 
3 1173 1076 1174 
3 4591 2295 660 
3 1131 1036 1079 
3 905 987 1260 
3 1131 942 1036 
3 40 17 76 
3 1082 1127 1174 
3 992 1083 904 
3 1128 905 1260 
3 1128 1132 906 
3 1183 1085 1316 
3 1040 1222 1179 
3 375 9966 7254 
3 1041 1180 995 
3 1000 995 1180 
3 8789 8922 8499 
3 701 992 797 
3 1693 1763 2618 
3 6284 7613 2035 
3 8593 429 9934 
3 6746 8286 1452 
3 9343 9152 8820 
3 972 4057 4785 
3 8286 7733 1452 
3 5553 5455 5373 
3 1182 949 951 
3 1422 8790 9076 
3 8453 8508 7061 
3 8243 6682 2995 
3 1091 1133 1090 
3 6505 6415 6685 
3 953 954 1188 
3 5496 8829 3009 
3 848 1187 9996 
3 1811 5977 2969 
3 9420 2325 7714 
3 8428 762 6949 
3 4181 3364 3351 
3 1012 1096 1054 
3 2502 2549 4095 
3 1010 1379 1199 
3 1199 1013 1010 
3 1196 1141 1143 
3 1194 1054 1096 
3 1058 1101 1098 
3 1100 1102 1015 
3 7301 1761 2565 
3 1061 1599 7334 
3 7005 1746 1348 
3 1097 1145 1057 
3 857 931 891 
3 3054 4095 4182 
3 1107 969 1063 
3 1284 1103 1108 
3 1107 1109 817 
3 1021 1112 931 
3 2342 2104 2176 
3 1202 1148 973 
3 1148 1242 971 
3 740 7569 3670 
3 1320 1050 1048 
3 5016 9284 8222 
3 1023 1150 934 
3 6504 341 9976 
3 9976 7206 6504 
3 9502 4950 764 
3 1117 1069 1115 
3 1069 1246 1115 
3 1113 1024 1155 
3 1113 1067 1024 
3 1117 975 1069 
3 1506 1691 1503 
3 9284 5731 5224 
3 2903 2983 2908 
3 1073 1118 1115 
3 1115 1118 1117 
3 983 1157 981 
3 3183 2768 807 
3 1165 1160 1028 
3 4706 3220 3246 
3 2827 2977 2595 
3 5891 1489 1043 
3 1169 1026 1117 
3 1608 1798 1417 
3 1157 1251 1032 
3 1032 981 1157 
3 1840 8736 5874 
3 9317 7463 8571 
3 1079 1077 1121 
3 640 710 604 
3 1124 1120 1034 
3 976 1117 1026 
3 1035 1077 1079 
3 9489 2733 1537 
3 1587 1710 1345 
3 1122 1125 1177 
3 1078 1122 1177 
3 1261 1125 1524 
3 1175 1078 1177 
3 1083 1124 986 
3 1131 1079 1178 
3 8571 2076 9251 
3 6988 2076 8571 
3 1040 1082 990 
3 1994 2137 2222 
3 1044 1222 998 
3 4539 2995 1471 
3 374 516 352 
3 1223 1367 1220 
3 993 996 1223 
3 1621 1597 2597 
3 1223 996 1317 
3 5587 9252 8576 
3 7733 8286 560 
3 996 1087 1317 
3 2597 1694 1621 
3 1184 1045 1090 
3 675 795 653 
3 1339 1438 1636 
3 1091 1090 1270 
3 951 878 1089 
3 8269 8280 9418 
3 1187 1050 1320 
3 1006 1273 1134 
3 1273 1006 9996 
3 1093 1006 1134 
3 1052 1007 1328 
3 5665 5745 5746 
3 6542 7082 1617 
3 1278 1052 1328 
3 9979 9326 1617 
3 2502 1489 2549 
3 990 989 1040 
3 2618 3722 2549 
3 1094 1095 1234 
3 1010 1138 1140 
3 1139 959 1278 
3 1054 1234 1095 
3 3054 2502 4095 
3 7576 7334 37 
3 6342 4913 5644 
3 1143 1141 1055 
3 202 120 167 
3 6284 5671 5672 
3 5493 4874 2866 
3 7563 747 3163 
3 1333 1097 1195 
3 5828 7984 7796 
3 1141 1235 1195 
3 1144 1143 1055 
3 1852 1128 1260 
3 969 964 1102 
3 1055 1200 1144 
3 2220 8052 6174 
3 1379 1010 1140 
3 1624 1626 1429 
3 1103 1240 1337 
3 1337 1016 1103 
3 1059 1200 1055 
3 1342 1242 1148 
3 4061 1061 7576 
3 1258 1482 1493 
3 1354 9428 4218 
3 222 6431 7115 
3 1107 1063 1441 
3 1109 1205 933 
3 1107 1585 1109 
3 1866 6427 5113 
3 1150 1023 1205 
3 1070 1112 1244 
3 4023 3710 3768 
3 2540 4007 117 
3 2785 3493 4007 
3 1246 1150 1292 
3 2051 1782 2119 
3 1158 1070 1293 
3 1208 1295 1151 
3 2095 591 1106 
3 1859 2588 1868 
3 7265 7317 8684 
3 1249 1116 1210 
3 2768 3183 3179 
3 1029 1169 1165 
3 9409 4326 4464 
3 1383 1100 1199 
3 1116 1161 1210 
3 1347 1075 1120 
3 1073 1168 1122 
3 1168 1115 1209 
3 983 1347 1157 
3 1617 7082 9979 
3 1161 1166 1210 
3 409 5783 6261 
3 5418 4210 1805 
3 1122 1168 1455 
3 1214 1117 1118 
3 1235 1141 1196 
3 1208 1076 1170 
3 3508 2720 4271 
3 1211 1121 1077 
3 3054 2597 1597 
3 1250 1454 1121 
3 563 6353 7115 
3 1170 1076 1173 
3 1254 1033 1032 
3 1122 1455 1125 
3 5530 9019 1264 
3 3796 2628 3014 
3 1173 1174 1127 
3 2098 9191 2078 
3 1043 1489 3054 
3 654 798 799 
3 1083 1362 1124 
3 9019 5530 395 
3 1373 395 1335 
3 5907 8790 9139 
3 5250 7848 8518 
3 999 1132 1085 
3 1316 1085 1132 
3 1044 998 1000 
3 1182 1089 1271 
3 1182 951 1089 
3 4218 9428 1791 
3 9428 1790 1791 
3 3571 1393 3993 
3 1270 1090 1183 
3 2325 9407 9401 
3 2353 8102 8759 
3 8603 3188 6636 
3 1269 1225 1183 
3 5985 500 9959 
3 9995 9996 1187 
3 5905 3722 2618 
3 916 743 742 
3 954 1227 1188 
3 1134 955 1093 
3 1233 1137 1135 
3 1966 9132 9137 
3 1094 1329 1136 
3 1330 1139 1278 
3 1140 1138 1330 
3 1139 1330 1138 
3 1194 1332 1331 
3 4184 9191 3061 
3 1201 1145 1236 
3 1331 1234 1054 
3 3266 8443 2239 
3 1097 1057 1195 
3 1122 1078 1073 
3 1142 1332 1194 
3 7284 7289 316 
3 1200 1238 1144 
3 1019 1062 1200 
3 2996 7963 9962 
3 1340 1238 1062 
3 1241 929 1147 
3 5014 3384 1694 
3 2360 2845 1763 
3 8133 483 4852 
3 1130 1127 1082 
3 4771 1106 1563 
3 1291 1111 974 
3 1292 1150 1205 
3 1143 1144 1334 
3 1254 1032 1251 
3 1196 1143 1279 
3 2917 4751 2112 
3 1763 1693 693 
3 9142 9421 9566 
3 1249 1155 1116 
3 1161 1116 1160 
3 1154 1209 1115 
3 1183 1045 1085 
3 4188 4119 2755 
3 1160 1165 1255 
3 7417 2067 2865 
3 1597 1043 3054 
3 2549 8241 2618 
3 1252 1249 1210 
3 1352 7280 6355 
3 1488 803 4118 
3 1161 1308 1166 
3 2922 2919 2553 
3 1217 1033 1254 
3 9670 9875 9694 
3 5154 9986 8058 
3 1489 2502 3054 
3 1311 1175 1177 
3 4078 303 8400 
3 1924 1986 1521 
3 9601 8632 3325 
3 1300 1124 1720 
3 1180 1221 1044 
3 4391 9333 3000 
3 1131 1180 1041 
3 8905 9216 8911 
3 1062 1238 1200 
3 627 5264 3781 
3 5378 824 5250 
3 1054 1194 1331 
3 1226 1184 1133 
3 3821 3760 7285 
3 9491 9207 9352 
3 1089 1046 1271 
3 1226 1133 1188 
3 9995 1187 1320 
3 1045 1184 1046 
3 4244 7823 494 
3 1228 1134 1274 
3 1193 1233 1135 
3 1277 1326 1231 
3 2467 2986 664 
3 1329 1094 1234 
3 1007 1137 1233 
3 7158 8577 6394 
3 668 6992 7024 
3 1287 9252 5587 
3 2360 693 5787 
3 1316 1132 1314 
3 1142 1098 1378 
3 783 3180 784 
3 1283 1500 1378 
3 1058 1142 1096 
3 1098 1142 1058 
3 1382 1383 1199 
3 1194 1096 1142 
3 6586 6407 6313 
3 1101 1237 1098 
3 1333 1236 1097 
3 1237 1101 1337 
3 5018 7613 7112 
3 1201 1105 1145 
3 1284 1240 1103 
3 1337 1101 1016 
3 6933 3874 3848 
3 1062 1242 1340 
3 1239 1387 1063 
3 1112 1390 1285 
3 355 4464 2135 
3 5012 6988 8571 
3 3151 7331 4188 
3 1203 1108 1111 
3 1291 974 1113 
3 1112 1285 1244 
3 1113 1155 1294 
3 1244 1447 1293 
3 1345 1248 1154 
3 1246 1345 1154 
3 1208 1299 1295 
3 6394 2383 7158 
3 1155 1024 1028 
3 1942 1518 1198 
3 8627 1562 1204 
3 1157 1347 1298 
3 1028 1116 1155 
3 1161 1215 1308 
3 1249 1252 1400 
3 6591 6692 6319 
3 1211 1158 1293 
3 1297 1168 1209 
3 1166 1252 1210 
3 1166 1301 1252 
3 5766 4264 9940 
3 9699 2564 4240 
3 1257 1255 1169 
3 5771 575 2848 
3 1215 1160 1353 
3 1308 1307 1166 
3 1307 1301 1166 
3 752 724 1459 
3 5641 859 1123 
3 1078 1175 1214 
3 1257 1306 1255 
3 9880 9868 1265 
3 1393 4718 9949 
3 1489 8241 2549 
3 9647 9705 982 
3 3571 4718 1393 
3 1177 1125 1261 
3 430 1275 1446 
3 1127 1359 1173 
3 1690 1893 2179 
3 3688 6471 939 
3 1313 1180 1131 
3 3209 2139 2131 
3 1468 1128 1852 
3 1128 1468 1314 
3 9540 9455 2789 
3 1046 1184 1271 
3 1180 1313 1221 
3 4785 8472 4081 
3 1393 3384 3993 
3 1315 1220 1367 
3 1287 2075 9253 
3 1367 1223 1368 
3 1368 1223 1317 
3 1182 1318 1317 
3 4072 5356 4107 
3 327 9474 5183 
3 4752 9808 431 
3 1184 1226 1271 
3 1270 1320 1048 
3 1425 1188 1227 
3 947 9947 2989 
3 1477 1134 1273 
3 7276 6971 6532 
3 1231 1230 1324 
3 8736 8458 1403 
3 5150 2615 2623 
3 1193 1136 1329 
3 1193 1490 1328 
3 1277 1324 1428 
3 1278 1492 1330 
3 4083 6287 6292 
3 5250 9551 7848 
3 1193 1135 1136 
3 85 6968 3819 
3 5533 2917 4328 
3 1435 1379 1140 
3 6458 1966 294 
3 3458 4143 4129 
3 464 645 518 
3 3783 1487 3809 
3 9625 824 5432 
3 9841 9856 2803 
3 1378 1098 1283 
3 705 600 741 
3 1829 1494 1437 
3 1332 1142 1378 
3 1144 1238 1338 
3 1382 1199 1379 
3 1201 1438 1339 
3 1502 1237 1337 
3 237 153 6726 
3 2069 7331 251 
3 5169 5153 9447 
3 1102 1383 1239 
3 1105 1201 1147 
3 350 3775 4266 
3 349 284 372 
3 107 3910 1751 
3 5693 107 1751 
3 349 256 284 
3 1441 1063 1387 
3 1284 1108 1343 
3 1342 1388 1242 
3 1390 1241 1341 
3 1701 1288 1589 
3 1111 1586 1203 
3 1585 1290 1205 
3 1205 1290 1292 
3 3113 2967 3472 
3 1390 1391 1584 
3 1621 8537 1597 
3 1444 1113 1294 
3 93 6264 5928 
3 1246 1292 1345 
3 5019 5375 1510 
3 1250 1293 1447 
3 8241 1489 8412 
3 5098 319 8489 
3 1248 1345 1297 
3 1293 1250 1211 
3 1155 1249 1400 
3 1157 1298 1251 
3 1209 1248 1297 
3 8412 1489 5891 
3 318 9831 9145 
3 1396 1149 1295 
3 5671 543 3686 
3 1170 1299 1208 
3 8945 1919 4627 
3 1255 1165 1169 
3 1515 1295 1299 
3 1279 1143 1334 
3 1935 1671 1545 
3 8636 5719 620 
3 1217 1254 1715 
3 1310 5851 1204 
3 880 100 82 
3 5617 6001 5532 
3 1198 2404 8771 
3 4947 7117 9893 
3 6131 8181 1596 
3 1302 1299 1170 
3 1178 1079 1121 
3 1389 2185 541 
3 1152 7823 5679 
3 1594 1302 1170 
3 4539 1471 8375 
3 1297 1411 1455 
3 1524 1125 1455 
3 9877 9873 4202 
3 1175 1358 1214 
3 69 609 0 
3 9477 9762 9336 
3 6378 6381 3139 
3 1359 1461 1173 
3 1257 1169 1214 
3 1261 1360 1177 
3 1360 1311 1177 
3 5302 4879 4887 
3 1455 1168 1297 
3 6636 3188 3064 
3 1460 1593 1301 
3 5540 9670 9625 
3 4634 5652 5370 
3 1316 1314 1417 
3 1367 1368 1544 
3 1269 1183 1316 
3 3188 6646 3064 
3 774 431 9813 
3 1994 2071 1931 
3 1474 1368 1318 
3 8493 2765 9867 
3 1423 1225 1269 
3 1423 1270 1225 
3 1829 1771 1961 
3 1322 1230 1276 
3 1276 1231 1325 
3 9365 9206 1723 
3 840 771 628 
3 1763 693 2360 
3 824 1206 5250 
3 3384 6421 1694 
3 56 99 111 
3 1235 1377 1195 
3 9709 9854 9283 
3 9872 5632 1243 
3 1332 1496 1331 
3 3063 3074 3060 
3 8683 3510 4292 
3 9601 3325 4377 
3 1431 7339 9518 
3 4002 4428 6281 
3 738 630 804 
3 2765 9850 9867 
3 1338 1334 1144 
3 1385 1283 1237 
3 1236 1336 1438 
3 6178 6065 5965 
3 1017 1145 1105 
3 5659 5837 5744 
3 1339 1241 1147 
3 1825 1564 1566 
3 1584 1285 1390 
3 1343 1108 1203 
3 8455 1939 257 
3 6645 4222 8709 
3 791 826 935 
3 1587 1292 1290 
3 1113 1444 1291 
3 1244 1285 1447 
3 5007 784 3155 
3 1667 3172 2416 
3 8997 1571 2934 
3 1115 1246 1154 
3 1111 1291 1586 
3 1211 1250 1121 
3 7400 7911 1397 
3 1299 1302 1349 
3 1451 1349 1350 
3 3698 7993 4998 
3 1660 6184 3931 
3 1649 1349 1451 
3 1670 2416 3183 
3 1523 1300 1720 
3 902 828 830 
3 1350 1349 1302 
3 4627 7080 8945 
3 1517 1448 1347 
3 4356 4326 7577 
3 3885 7336 699 
3 9625 5432 5540 
3 0 9649 69 
3 1120 1124 1300 
3 1178 1454 1534 
3 1720 1124 1464 
3 1460 1307 1356 
3 6170 2849 6163 
3 305 492 9821 
3 982 9705 1068 
3 1464 1124 1362 
3 1308 1215 1353 
3 1170 1173 1462 
3 6444 4092 2330 
3 1179 1414 1130 
3 1420 1367 1544 
3 3976 6384 7751 
3 1221 1366 1222 
3 6079 6076 6064 
3 4627 9763 7080 
3 1131 1178 1363 
3 1222 1366 1414 
3 1221 1313 1469 
3 1417 1314 1468 
3 9740 5606 9878 
3 5484 9071 7738 
3 1318 1182 1370 
3 1318 1473 1474 
3 1425 1370 1226 
3 2278 2356 2284 
3 3528 9179 2108 
3 1425 1227 1546 
3 4604 4926 4829 
3 6532 6971 6531 
3 954 1228 1227 
3 1324 1277 1231 
3 8895 693 1693 
3 5937 4499 5207 
3 1374 1328 1490 
3 5475 6129 5478 
3 1193 1328 1233 
3 3976 8679 6384 
3 1278 1328 1374 
3 1911 2660 3450 
3 1329 1234 1376 
3 1496 1376 1331 
3 3980 7837 5667 
3 1377 1436 1333 
3 2647 150 8915 
3 555 539 540 
3 864 900 1077 
3 9746 9325 9887 
3 8234 8311 8324 
3 1491 1492 1374 
3 1382 1379 1570 
3 1382 1384 1383 
3 1487 8459 8405 
3 1384 1239 1383 
3 1385 1237 1502 
3 1336 1498 1438 
3 6314 5554 1859 
3 3934 4291 4189 
3 3611 1303 3522 
3 3097 9159 703 
3 9801 3893 5525 
3 1506 1338 1340 
3 5139 1365 4418 
3 6950 6517 6604 
3 1341 1391 1390 
3 9831 318 321 
3 921 750 661 
3 1447 1285 1584 
3 4328 2917 2112 
3 1444 1443 1291 
3 1345 1292 1587 
3 1403 2729 3395 
3 8044 8350 8347 
3 8537 6410 5891 
3 950 878 917 
3 5797 6931 7027 
3 1043 1597 8537 
3 1406 1449 1252 
3 1392 1288 1701 
3 1517 1300 1788 
3 168 157 4086 
3 3003 2158 2162 
3 3051 9077 6045 
3 1454 1250 1401 
3 1517 1347 1300 
3 4955 1981 2712 
3 1252 1410 1406 
3 662 922 925 
3 1410 1252 1301 
3 4586 9743 230 
3 153 64 3064 
3 1255 1306 1525 
3 9140 9565 9712 
3 6256 2122 3062 
3 1170 1462 1594 
3 1393 9949 4268 
3 2601 4119 4107 
3 1525 1353 1255 
3 1525 1306 1456 
3 4590 8903 4253 
3 9132 7111 7114 
3 1301 1307 1460 
3 1261 1524 1724 
3 1311 1358 1175 
3 1528 1356 1353 
3 2700 8423 9786 
3 1356 1308 1353 
3 2420 2419 2274 
3 1363 1469 1313 
3 1274 1546 1228 
3 1418 1367 1420 
3 1418 1543 1415 
3 1469 1366 1221 
3 1893 1690 1570 
3 1687 1885 2257 
3 1315 1367 1418 
3 678 7400 3390 
3 1130 1414 1466 
3 64 3389 3064 
3 8438 9820 4140 
3 4507 214 9743 
3 9873 4220 9876 
3 3389 6636 3064 
3 5405 8862 7548 
3 7045 8446 2577 
3 1134 1477 1274 
3 1320 1321 9995 
3 6318 6399 7648 
3 1615 1322 1427 
3 9772 1904 8404 
3 6168 44 8996 
3 1324 1620 1808 
3 1555 1326 1277 
3 1678 1325 1326 
3 8772 3934 9731 
3 8846 1621 1694 
3 1430 1193 1329 
3 1490 1193 1430 
3 1330 1492 1495 
3 1435 1330 1495 
3 1376 1430 1329 
3 1279 1494 1434 
3 1377 1235 1434 
3 945 3682 5046 
3 2761 472 9728 
3 1334 1437 1279 
3 1498 1336 1333 
3 1949 1950 2093 
3 2177 1687 2338 
3 3545 3674 3547 
3 1693 8241 8895 
3 4007 8324 8311 
3 1385 1572 1500 
3 1570 1379 1435 
3 82 3874 9677 
3 1572 1635 1500 
3 1688 1500 1635 
3 8588 8590 4224 
3 4473 4583 4177 
3 1450 3618 7581 
3 1835 1578 1509 
3 8412 8931 8241 
3 1387 1239 1507 
3 1385 1500 1283 
3 883 749 849 
3 1546 1274 1673 
3 1391 1341 1579 
3 2431 2437 9365 
3 1284 1509 1240 
3 1279 1434 1196 
3 1284 1343 1509 
3 827 902 901 
3 857 929 1021 
3 1584 1391 1582 
3 1585 1107 1441 
3 164 4206 1859 
3 1087 949 1182 
3 1342 1202 1392 
3 1298 1448 1251 
3 1586 1291 1443 
3 2762 2991 2842 
3 1444 1294 1588 
3 5162 5337 5159 
3 1443 1588 1706 
3 3444 3450 3459 
3 1908 2116 2197 
3 1400 1445 1588 
3 1251 1512 1516 
3 9629 3755 8081 
3 5891 1043 8537 
3 1187 708 1050 
3 1308 1356 1307 
3 744 711 9467 
3 6741 8791 7480 
3 5104 5888 4398 
3 1649 1515 1299 
3 7908 8198 7907 
3 1297 1710 1411 
3 3532 8062 2240 
3 1915 1445 1647 
3 2660 3508 3471 
3 112 119 4257 
3 1410 1301 1593 
3 7714 5232 8079 
3 1594 1522 1350 
3 2263 1611 9748 
3 5587 5571 1256 
3 6256 9540 2789 
3 1411 1652 1455 
3 8236 9656 9701 
3 1086 1929 8945 
3 5832 9084 2614 
3 4070 8577 4040 
3 8620 4092 2043 
3 1931 1795 1994 
3 1409 1451 1350 
3 560 3731 7733 
3 1719 1724 1524 
3 5787 693 2655 
3 1356 1532 1659 
3 3635 3512 3580 
3 1359 1466 1461 
3 1528 1525 1595 
3 1604 1311 1535 
3 1414 1366 1539 
3 1414 1539 1602 
3 1539 1366 1601 
3 3444 3459 4272 
3 1598 1469 1363 
3 4086 7500 3399 
3 9084 9010 5670 
3 9078 9761 7806 
3 9010 9001 664 
3 2696 6421 3384 
3 6170 6163 4950 
3 2109 2413 2566 
3 5670 2464 4014 
3 1276 1230 1231 
3 1423 1545 1321 
3 1321 1320 1423 
3 1612 1417 1798 
3 2004 2662 2003 
3 3364 4181 4200 
3 1673 1274 1477 
3 1622 1276 1325 
3 3775 276 6726 
3 8584 8719 8865 
3 1559 1554 1558 
3 691 8216 728 
3 1325 1678 1622 
3 1559 1560 1556 
3 1554 1559 1556 
3 6492 6681 6493 
3 44 8963 4087 
3 1429 1564 1560 
3 1565 1627 1683 
3 1681 1556 1560 
3 6887 8405 9459 
3 5892 862 115 
3 1246 1069 1150 
3 1875 2014 1758 
3 9944 535 8177 
3 1374 1490 1766 
3 4007 9683 8324 
3 1437 1494 1279 
3 1377 1434 1770 
3 1610 1581 711 
3 2267 8695 3049 
3 1568 1376 1496 
3 5891 3216 8412 
3 4294 7346 2108 
3 1492 1278 1374 
3 1690 1384 1382 
3 1690 1382 1570 
3 3533 2901 9128 
3 9685 619 5496 
3 992 904 797 
3 2250 2245 9744 
3 6405 939 6471 
3 1387 1699 1441 
3 2347 8871 5113 
3 6296 1243 8391 
3 1441 1699 1583 
3 1636 1573 1339 
3 1507 1239 1384 
3 2468 7030 7774 
3 324 9929 9639 
3 1339 1147 1201 
3 8356 8319 9667 
3 1388 1508 1506 
3 1240 1578 1337 
3 1578 1577 1502 
3 7049 7528 7050 
3 1585 1441 1583 
3 1288 1149 1396 
3 2830 4289 1289 
3 1290 1643 1587 
3 1584 1641 1648 
3 1589 1396 1515 
3 1443 1444 1588 
3 2820 1405 1561 
3 2111 1834 2189 
3 1644 1512 1448 
3 1396 1295 1515 
3 2239 8443 9902 
3 1648 1401 1447 
3 2660 3471 3450 
3 1400 1588 1294 
3 7774 2768 8688 
3 2696 1393 4268 
3 5468 2844 5476 
3 1649 1299 1349 
3 1650 1451 1409 
3 4707 272 1939 
3 2610 6927 5799 
3 9662 6256 4929 
3 1521 1410 1593 
3 1653 1522 1594 
3 1925 1540 1598 
3 2129 1988 1925 
3 1788 1300 1523 
3 1525 1456 1595 
3 1086 8945 9774 
3 1461 1462 1173 
3 1594 1462 1526 
3 8858 8824 7534 
3 1652 1719 1524 
3 1474 1544 1368 
3 3444 4272 65 
3 1533 1458 1358 
3 1533 1531 1458 
3 1604 1533 1358 
3 9259 8871 2383 
3 7563 8869 765 
3 1353 1525 1528 
3 7316 9417 1993 
3 1533 1607 1531 
3 1602 1600 1466 
3 1724 1719 2059 
3 1604 1607 1533 
3 1607 1536 1531 
3 1852 2058 1468 
3 1360 1261 1724 
3 6218 6928 6403 
3 1414 1602 1466 
3 1415 1315 1418 
3 1605 1607 1604 
3 4507 9743 8406 
3 8824 8858 1212 
3 1013 1199 1100 
3 1468 1608 1417 
3 1303 1497 26 
3 7276 6532 7424 
3 1475 1612 1613 
3 1370 1424 1669 
3 9998 1321 1545 
3 5929 6135 5835 
3 950 917 916 
3 8931 8984 8895 
3 8241 8931 8895 
3 1694 6421 8846 
3 1620 1322 1615 
3 2869 2879 5502 
3 6063 5977 1811 
3 691 6951 5849 
3 1551 1552 1554 
3 1554 1745 1551 
3 8846 8537 1621 
3 1554 1556 1745 
3 4634 5462 5652 
3 1681 1557 1556 
3 2934 9257 7310 
3 1429 1560 1624 
3 1559 1624 1560 
3 7051 6502 8515 
3 1560 1564 1681 
3 7547 7856 7706 
3 1643 1585 1702 
3 8363 8356 2489 
3 1626 1486 1429 
3 917 743 916 
3 7685 9004 3997 
3 1235 1196 1434 
3 8829 5580 6624 
3 916 1045 950 
3 8233 6198 1878 
3 6645 8709 3655 
3 6296 8391 4768 
3 1564 1565 1566 
3 1374 1885 1491 
3 1495 1492 1491 
3 1491 1631 1495 
3 1570 1495 1893 
3 92 2483 8236 
3 7674 1660 9262 
3 8400 6645 3655 
3 1436 1377 1770 
3 1495 1570 1435 
3 878 950 1089 
3 1554 1552 1558 
3 1577 1385 1502 
3 1558 1552 1679 
3 1316 1612 1269 
3 2007 1481 1622 
3 1385 1692 1572 
3 1385 1577 1692 
3 1339 1573 1341 
3 1777 1508 1638 
3 356 315 260 
3 1502 1337 1578 
3 2328 9419 6598 
3 6410 3216 5891 
3 8253 8258 399 
3 1387 1507 1699 
3 1638 1701 1970 
3 1583 1702 1585 
3 4029 5282 4401 
3 1630 7044 9163 
3 2270 9748 1611 
3 1691 1634 1503 
3 1648 1447 1584 
3 7030 2468 7938 
3 1224 1264 5336 
3 1875 2244 2014 
3 5016 8222 4983 
3 1644 1448 1913 
3 9685 8174 619 
3 4674 2890 8972 
3 1516 1512 1707 
3 1517 1785 1448 
3 6796 6806 393 
3 1449 1406 1647 
3 1516 1715 1254 
3 1713 1401 1648 
3 1640 5339 8253 
3 1406 1410 1521 
3 6235 6234 6320 
3 1401 1713 1454 
3 9340 7340 6524 
3 1454 1713 1655 
3 8695 1548 619 
3 4686 0 609 
3 7341 4218 1791 
3 1846 941 26 
3 7339 2490 4560 
3 3005 2633 2482 
3 959 1139 1011 
3 2655 3170 5529 
3 8121 2791 3661 
3 1460 2057 1593 
3 7727 5336 1563 
3 1390 1112 1021 
3 9369 1718 9517 
3 2164 769 2811 
3 1350 1453 1409 
3 1531 1536 1456 
3 1540 1469 1598 
3 1677 6421 2696 
3 2839 1529 6186 
3 393 389 6796 
3 4710 4476 4708 
3 5277 9971 1104 
3 2059 1857 1724 
3 1536 1664 1456 
3 1464 1609 1661 
3 6293 112 5928 
3 1792 1539 1601 
3 1792 1602 1539 
3 1604 1535 1603 
3 7024 1212 8858 
3 1603 1605 1604 
3 2058 1608 1468 
3 1831 8232 1129 
3 1609 1415 1543 
3 3026 3396 3326 
3 1666 1607 1860 
3 1420 1992 1543 
3 1423 1269 1475 
3 5343 5346 8253 
3 1473 1370 1669 
3 1666 1536 1607 
3 1425 1546 1424 
3 4616 5091 2652 
3 8412 3216 5027 
3 1739 1424 1546 
3 607 4268 9949 
3 7332 2948 7296 
3 8931 8412 5027 
3 1493 9166 1258 
3 1551 1745 1618 
3 1482 1258 2545 
3 711 3030 9467 
3 1552 1551 1676 
3 2294 2057 1659 
3 8809 1286 8807 
3 109 98 158 
3 1745 1557 1812 
3 1680 1812 1557 
3 1681 1680 1557 
3 8537 2961 6410 
3 7487 7154 7021 
3 1626 1627 1486 
3 1429 1486 1564 
3 2272 9457 8780 
3 1823 1951 1627 
3 1893 1495 1631 
3 5289 6754 865 
3 1335 5365 1373 
3 2242 1948 1820 
3 5906 575 5771 
3 1770 1434 1685 
3 1434 1827 1685 
3 1494 1827 1434 
3 4306 3459 3471 
3 1488 9271 803 
3 3108 3110 2962 
3 1568 1496 1688 
3 6806 6796 9978 
3 2934 7310 9516 
3 1893 1631 1687 
3 1771 1829 1437 
3 8780 8778 6746 
3 1771 1437 1634 
3 6677 6696 9499 
3 1866 2707 1805 
3 2308 1999 2307 
3 1131 1041 942 
3 1679 1552 1749 
3 1776 1507 1690 
3 1692 1577 1696 
3 1579 1341 1573 
3 1696 1577 1578 
3 1898 1391 1579 
3 1392 1638 1508 
3 1679 1820 1558 
3 5418 1805 7571 
3 1582 1391 1898 
3 1578 1240 1509 
3 1509 1343 1837 
3 8674 7331 3151 
3 8174 3049 8695 
3 2545 8468 1482 
3 2411 8757 9420 
3 1586 1343 1203 
3 1288 1396 1589 
3 5289 865 5275 
3 1264 1224 5530 
3 8339 5510 8728 
3 7327 4188 7331 
3 1782 1648 1641 
3 3260 944 956 
3 1823 1762 2092 
3 1449 1647 1445 
3 1707 1783 1516 
3 7727 1224 5336 
3 8090 465 8243 
3 1785 1709 1448 
3 1790 1813 1791 
3 1217 1715 1852 
3 1401 1250 1447 
3 465 6174 8052 
3 1517 1788 1785 
3 2325 9401 2190 
3 6421 1677 3666 
3 1716 1788 1523 
3 1730 1603 1728 
3 1138 1011 1139 
3 690 2784 9062 
3 3157 3317 2859 
3 1521 1593 1924 
3 9986 1755 8058 
3 1655 1598 1534 
3 1461 1926 1462 
3 1927 1720 1661 
3 6861 1684 4852 
3 6989 6978 4357 
3 1528 1532 1356 
3 1460 1659 2057 
3 1600 1989 1926 
3 1926 1461 1600 
3 1728 1535 1360 
3 1595 1456 1664 
3 1362 1609 1464 
3 1722 1601 1540 
3 1722 1662 1601 
3 1662 1792 1601 
3 1729 1602 1792 
3 1535 1728 1603 
3 1330 1435 1140 
3 1730 1605 1603 
3 8649 9006 6093 
3 1664 1536 1666 
3 357 5260 354 
3 1855 1661 1609 
3 1605 1736 1607 
3 1711 1723 1695 
3 1930 1609 1543 
3 1860 1607 1736 
3 956 944 103 
3 82 3848 3874 
3 1797 1605 1730 
3 1241 1390 1021 
3 7648 6399 9976 
3 1798 1613 1612 
3 1473 1668 1474 
3 1668 1473 1738 
3 1935 1475 1613 
3 1935 1545 1475 
3 1445 1915 1706 
3 1669 1424 2001 
3 6353 222 7115 
3 601 574 743 
3 1616 2462 8967 
3 1174 832 733 
3 1478 9998 1615 
3 2741 9844 9850 
3 9997 1673 1477 
3 2707 1866 5113 
3 8141 2628 1198 
3 2961 9857 7921 
3 691 728 6951 
3 1863 1676 1551 
3 3213 863 2451 
3 3112 3185 3042 
3 605 1761 4423 
3 1667 6276 7651 
3 3216 6410 5027 
3 4707 8455 9787 
3 8948 9598 6973 
3 1266 2599 9876 
3 2553 2474 2167 
3 6713 2427 9967 
3 913 8667 7441 
3 2868 3013 3161 
3 1629 1765 1565 
3 1631 1491 1885 
3 8002 8431 8003 
3 8859 3030 9522 
3 1765 1566 1565 
3 1568 1767 1430 
3 8780 6746 2272 
3 1234 1331 1376 
3 9499 6696 9513 
3 1636 1891 2339 
3 9902 1344 9942 
3 2283 2358 2049 
3 2482 2099 2554 
3 2996 3061 9292 
3 2596 9092 4133 
3 9998 1671 1615 
3 2315 1561 2901 
3 1830 1573 1636 
3 9982 7112 5672 
3 1438 1201 1236 
3 1506 1508 1691 
3 1584 1700 1641 
3 1692 1696 1833 
3 2119 1845 2278 
3 5702 5689 3994 
3 1779 1582 1898 
3 2870 6674 5888 
3 1700 1582 1779 
3 1776 1778 1699 
3 1699 1507 1776 
3 1837 1343 1703 
3 7005 9306 1746 
3 251 7331 8674 
3 1343 1586 1703 
3 1288 1392 1202 
3 1843 1908 1642 
3 1952 2696 4268 
3 955 1134 1228 
3 232 6672 8125 
3 1706 1703 1586 
3 1445 1706 1588 
3 7707 8972 2890 
3 7600 3855 8651 
3 1443 1706 1586 
3 1783 1912 1977 
3 1710 1587 1642 
3 3209 5985 9298 
3 1642 1916 1710 
3 8216 8677 8392 
3 1832 1092 1080 
3 1715 1516 1783 
3 1788 1982 1785 
3 693 8895 2655 
3 1649 1650 1784 
3 1650 1409 1848 
3 8984 3808 8895 
3 1789 1411 1710 
3 1411 1789 1652 
3 31 63 32 
3 2209 1719 1652 
3 6421 3666 9857 
3 1724 1728 1360 
3 9852 3911 9563 
3 3163 8231 7563 
3 2601 2755 4119 
3 1887 1770 1685 
3 765 747 7563 
3 1508 1777 1691 
3 8557 2601 4107 
3 6421 9857 8846 
3 1722 1925 1988 
3 765 3155 747 
3 1987 1526 1926 
3 1927 1716 1720 
3 1532 1854 1659 
3 1526 1462 1926 
3 1528 1726 1532 
3 982 9203 5497 
3 1729 1989 1600 
3 9972 5277 1110 
3 6431 2181 2220 
3 3022 8654 6958 
3 53 8203 6936 
3 1083 986 904 
3 1855 1609 1930 
3 1797 1730 1731 
3 1930 1543 1992 
3 3357 1969 9610 
3 1735 1795 1664 
3 3921 1375 3911 
3 1797 1800 1605 
3 2190 7901 6404 
3 1800 1736 1605 
3 6410 2860 5027 
3 1948 1624 1820 
3 2961 2896 6410 
3 1935 1613 1737 
3 184 181 166 
3 2001 1424 2002 
3 1668 1801 1544 
3 1671 9998 1545 
3 2002 1424 1739 
3 2824 2526 2595 
3 2786 9886 9228 
3 2628 8141 9457 
3 1676 1869 1749 
3 1744 1673 9997 
3 1739 1546 1806 
3 9360 9634 9922 
3 8270 2546 1892 
3 1745 1807 1618 
3 1102 1239 1063 
3 9237 7892 5180 
3 1748 1742 1747 
3 1752 1753 1748 
3 1620 1615 1671 
3 8095 1380 6045 
3 1748 1747 1752 
3 85 3819 6828 
3 327 5183 843 
3 5533 913 7441 
3 1676 1863 1869 
3 1865 2012 1872 
3 1748 1753 2012 
3 2194 9008 4674 
3 9538 9089 9741 
3 1753 1817 1754 
3 9522 3533 9128 
3 34 77 45 
3 1556 1557 1745 
3 5484 7761 5634 
3 1430 1766 1490 
3 1754 1819 1814 
3 1817 1819 1754 
3 6674 1569 9274 
3 1552 1676 1749 
3 1051 8075 9449 
3 1760 1680 1824 
3 591 3830 339 
3 7065 85 6828 
3 1877 1758 1950 
3 75 3389 64 
3 1624 1762 1626 
3 9457 2272 2628 
3 1823 1626 1762 
3 7061 3212 8453 
3 1564 1824 1681 
3 1559 1820 1624 
3 7293 8635 6556 
3 7588 6318 7648 
3 2237 2154 2459 
3 1828 1766 1767 
3 276 3775 704 
3 1482 8468 334 
3 1827 1494 1829 
3 1498 1436 1891 
3 1688 2020 1568 
3 1653 1594 1987 
3 1896 1771 1691 
3 833 904 986 
3 995 876 800 
3 667 2488 9671 
3 1692 1635 1572 
3 1635 1692 1833 
3 1834 1776 1897 
3 3172 5402 6983 
3 1691 1777 1896 
3 1835 1833 1696 
3 1680 1681 1824 
3 1894 1635 1833 
3 276 234 126 
3 2341 6454 6460 
3 2191 1700 1779 
3 1842 1970 1701 
3 5678 2860 6410 
3 4362 9255 2075 
3 1842 1701 1589 
3 6121 5919 6117 
3 7024 6992 8809 
3 126 153 237 
3 9837 805 4814 
3 6502 7051 145 
3 7180 2122 9620 
3 6479 7302 4251 
3 1844 1703 1706 
3 2010 9952 1732 
3 1709 1913 1448 
3 1784 1589 1515 
3 4864 9071 4854 
3 7474 4685 6033 
3 2670 9435 6982 
3 6923 6887 9459 
3 3718 5148 297 
3 1784 1650 1848 
3 1648 1786 1713 
3 1729 1600 1602 
3 2124 1715 1783 
3 1436 1498 1333 
3 8434 3893 9820 
3 1409 1453 1848 
3 1647 1406 1521 
3 1717 1713 1984 
3 9403 6686 9930 
3 9398 3717 9767 
3 2057 1924 1593 
3 1579 1573 2023 
3 5840 8424 4283 
3 2059 1719 2209 
3 1925 1722 1540 
3 3062 2652 5091 
3 6256 5091 4929 
3 1988 1662 1722 
3 2961 8537 8846 
3 7572 4072 4107 
3 153 126 64 
3 64 126 3440 
3 1608 2136 1798 
3 1999 1797 1731 
3 1735 1666 1933 
3 7572 7428 3637 
3 1793 1795 1858 
3 126 234 3440 
3 6779 2185 551 
3 5529 4718 5787 
3 1669 1738 1473 
3 9793 5527 9886 
3 9149 9013 8856 
3 1938 1863 1618 
3 9107 2610 5505 
3 3440 75 64 
3 2555 3345 1904 
3 1298 1347 1448 
3 3559 2050 2047 
3 9580 8896 9574 
3 607 4718 5529 
3 7389 222 8055 
3 392 510 442 
3 9994 1481 9997 
3 1190 5107 3492 
3 2849 3154 7221 
3 1215 1161 1160 
3 2012 1865 1748 
3 2961 7921 2896 
3 2705 2176 2339 
3 1466 1359 1130 
3 1748 1865 1742 
3 3846 3966 4042 
3 5112 6552 9412 
3 133 1645 5375 
3 9608 5027 2860 
3 1807 1745 1812 
3 6262 7409 6820 
3 1870 1812 1816 
3 2242 1820 1679 
3 9870 1068 7208 
3 1683 1627 1951 
3 1795 1793 1664 
3 1950 1758 1953 
3 1758 1877 1819 
3 3450 3471 3459 
3 6174 465 8090 
3 4528 9155 8794 
3 1922 8453 5177 
3 1950 1953 1822 
3 1920 1848 1522 
3 1683 1956 1629 
3 1884 1956 1683 
3 1564 1825 1824 
3 1677 2696 1952 
3 1956 1765 1629 
3 1373 5365 1407 
3 3981 6402 4970 
3 1887 1957 1770 
3 2177 1893 1687 
3 1072 1071 8903 
3 700 909 943 
3 1688 1894 2020 
3 6377 9608 2860 
3 1827 2173 1685 
3 7589 6445 4338 
3 9338 5106 9308 
3 1498 1891 1636 
3 9428 7591 1790 
3 1635 1894 1688 
3 1436 1770 1891 
3 1620 1671 1864 
3 1690 2179 1897 
3 770 2108 9846 
3 1315 1083 1220 
3 1894 2026 2025 
3 1834 1778 1776 
3 9960 5963 9378 
3 3632 9333 1001 
3 1898 2105 2262 
3 1638 1970 2183 
3 2279 9019 395 
3 395 1373 2279 
3 2034 1583 1699 
3 1972 1967 2038 
3 4529 6318 7588 
3 1583 2034 1839 
3 8931 5027 9608 
3 1638 2183 1777 
3 1837 1703 2037 
3 2034 1699 1778 
3 1392 1701 1638 
3 2896 5678 6410 
3 2037 1703 1844 
3 1845 1641 1700 
3 1001 3672 3632 
3 1845 1782 1641 
3 1642 1702 1843 
3 1707 1644 1909 
3 5261 605 3135 
3 2044 1706 1915 
3 8984 1657 3808 
3 8511 1876 9515 
3 2044 1844 1706 
3 9677 880 82 
3 7401 3529 9539 
3 1915 1647 1983 
3 1789 1916 2204 
3 1515 1649 1784 
3 1713 1786 1984 
3 1982 1788 1716 
3 809 923 775 
3 1647 1521 1985 
3 1522 1848 1453 
3 2793 4944 1963 
3 1717 1655 1713 
3 1793 1726 1664 
3 1664 1726 1595 
3 3947 6360 3951 
3 5098 5147 325 
3 7455 869 7785 
3 1925 1598 1655 
3 1661 1855 1927 
3 1618 1807 1938 
3 1926 2292 1987 
3 1724 1857 1728 
3 1817 1875 1758 
3 1793 1858 1854 
3 2058 2136 1608 
3 6460 9338 8910 
3 1858 2132 1854 
3 4120 9747 8567 
3 3062 5091 6256 
3 1795 1931 1858 
3 2247 2622 2327 
3 1933 1799 1932 
3 7595 6422 7897 
3 2614 9951 6931 
3 5674 948 4669 
3 8424 5678 2896 
3 1795 1735 1994 
3 1735 1664 1666 
3 2134 1420 1544 
3 9935 3429 9811 
3 1861 1613 1798 
3 3365 5946 2039 
3 7327 2069 7417 
3 3062 2122 2652 
3 1861 1737 1613 
3 1860 1736 2070 
3 2148 2314 1936 
3 1671 1935 2152 
3 1803 1936 2238 
3 2079 1740 1865 
3 1803 1740 1936 
3 1891 1770 1957 
3 1781 7589 9872 
3 2645 2345 2498 
3 1738 1669 2001 
3 1159 9145 5057 
3 6170 3154 2849 
3 2083 2002 1806 
3 1808 1620 1864 
3 6655 522 3834 
3 1740 1742 1865 
3 1739 1806 2002 
3 1084 7892 5446 
3 1872 2154 1865 
3 9997 1481 1744 
3 2264 2259 2025 
3 1871 168 9724 
3 130 131 118 
3 1622 1815 2007 
3 1622 1678 1815 
3 2773 2775 2405 
3 1875 1817 1752 
3 441 508 597 
3 282 9131 9194 
3 1388 1340 1242 
3 1680 1760 1816 
3 5134 7032 1633 
3 961 1100 1015 
3 1682 689 5832 
3 44 6168 8963 
3 1980 1784 1848 
3 8128 1698 3012 
3 5497 9203 8524 
3 1668 1544 1474 
3 1762 1624 1948 
3 806 8471 4726 
3 2789 9620 2122 
3 1951 1823 1881 
3 8730 5846 8755 
3 1955 1954 1822 
3 1824 1825 2167 
3 1765 2017 1566 
3 2017 1825 1566 
3 7982 3618 2621 
3 257 9110 8455 
3 1887 1958 1957 
3 4029 3954 4514 
3 1565 1486 1627 
3 2554 2099 2097 
3 1727 1711 855 
3 1885 1766 1886 
3 1829 1961 1959 
3 1766 1828 1890 
3 9608 8885 8931 
3 9612 1450 3532 
3 1885 1886 2257 
3 7605 1995 5520 
3 7534 2784 8858 
3 9714 3964 9985 
3 770 9846 9515 
3 2104 2023 1830 
3 2089 8203 1002 
3 1898 1579 2023 
3 5963 7079 2789 
3 8082 7324 607 
3 1835 1696 1578 
3 1899 1779 1898 
3 2849 7171 6063 
3 1839 2034 2506 
3 2191 1779 1899 
3 8126 2610 5799 
3 2896 7921 8424 
3 1900 1837 2037 
3 4707 7782 4694 
3 1845 1700 2191 
3 860 22 868 
3 6115 1219 5999 
3 1213 5497 3528 
3 2116 1908 1843 
3 2040 1977 1912 
3 2217 1731 2215 
3 5632 9872 416 
3 1644 1913 2118 
3 9837 7591 9428 
3 1785 1979 1709 
3 2051 1786 1782 
3 1977 2049 1783 
3 1799 1933 1666 
3 1979 1785 2053 
3 919 4618 5189 
3 2053 2515 1979 
3 4346 2764 1973 
3 2053 1785 1982 
3 9766 9495 2404 
3 8885 8984 8931 
3 1983 1647 1985 
3 3158 768 3744 
3 2204 2209 1789 
3 1655 1717 1923 
3 1985 1521 1986 
3 1717 2206 1923 
3 1852 2124 2058 
3 3429 5928 6264 
3 6374 6376 6282 
3 3716 9767 3717 
3 7017 7156 7320 
3 153 3064 6646 
3 2294 1659 1854 
3 1927 1855 2060 
3 6377 8885 9608 
3 2296 2214 1662 
3 1780 9695 9474 
3 1662 2214 1792 
3 2060 1855 1930 
3 6405 201 939 
3 7823 4244 5679 
3 2610 9107 6927 
3 4685 2865 4690 
3 1992 1420 2134 
3 1857 1730 1728 
3 3618 7455 7581 
3 1857 2215 1731 
3 1986 2370 2208 
3 2655 3808 6893 
3 2071 2141 1931 
3 1857 1731 1730 
3 1205 1023 933 
3 4929 3466 6170 
3 2072 1800 1797 
3 2074 1799 1860 
3 1801 2134 1544 
3 7537 5750 8424 
3 2233 2148 1936 
3 4958 4993 8024 
3 2233 1936 2079 
3 4014 6824 5670 
3 1657 6893 3808 
3 9793 9886 2786 
3 607 7324 4268 
3 7823 1152 9822 
3 9365 2437 863 
3 2154 2079 1865 
3 1944 1863 1941 
3 1740 2079 1936 
3 1941 1863 1938 
3 1808 1864 1947 
3 133 145 7051 
3 1744 1943 1673 
3 2706 3159 3015 
3 7026 4268 7324 
3 1029 1165 1028 
3 2606 9671 2627 
3 1688 1496 1500 
3 1266 7117 1268 
3 1803 1945 1747 
3 1808 1947 1428 
3 1812 1870 1807 
3 2142 1797 1999 
3 9857 3666 6225 
3 2088 2009 1815 
3 1428 1873 1555 
3 2009 2007 1815 
3 1753 1814 2012 
3 1388 1392 1508 
3 322 3828 8991 
3 1815 1555 1873 
3 8280 421 9635 
3 2248 2470 2249 
3 1679 1749 2242 
3 4752 431 774 
3 1953 1758 2014 
3 9748 9769 5582 
3 9160 5107 1190 
3 2860 5750 6049 
3 5016 4983 7585 
3 6201 6196 3179 
3 4752 9122 9805 
3 928 2496 2472 
3 1884 1951 2166 
3 1830 2023 1573 
3 1955 2097 2099 
3 8885 1657 8984 
3 4640 9805 9122 
3 1956 2017 1765 
3 1959 1888 1829 
3 1886 1766 1890 
3 1767 1568 2020 
3 9194 8471 806 
3 2258 1961 1771 
3 2255 1959 1961 
3 7809 7166 7333 
3 2214 1729 1792 
3 2022 2020 1894 
3 9513 6696 963 
3 2179 2106 1897 
3 390 4861 3868 
3 1961 2258 2562 
3 1399 8755 676 
3 1896 1777 2180 
3 2026 1894 1833 
3 2105 1898 2023 
3 1834 1897 2106 
3 7510 9544 706 
3 1899 1898 2262 
3 2183 2180 1777 
3 1823 2092 1881 
3 6229 6227 6205 
3 1900 2186 1833 
3 1313 1131 1363 
3 2027 1968 1971 
3 1967 1968 2027 
3 2012 1814 2013 
3 1835 1900 1833 
3 2031 1967 2027 
3 1900 2037 2114 
3 1900 1835 1837 
3 3357 7651 6276 
3 8300 9021 8723 
3 1845 2191 2278 
3 1972 2038 2283 
3 5366 2113 8577 
3 1689 1704 1725 
3 1968 1967 1972 
3 1968 1972 1971 
3 8577 2113 6394 
3 2195 2037 1844 
3 2915 2553 2919 
3 3225 3885 699 
3 1972 2046 1971 
3 8557 4107 5356 
3 2787 2704 2872 
3 3755 8317 9656 
3 9384 9843 3916 
3 2046 2041 1971 
3 2404 9495 8771 
3 1843 2115 2116 
3 3997 9004 8368 
3 2196 2357 1976 
3 2357 1589 1976 
3 1913 1709 2118 
3 1644 1707 1512 
3 2620 5588 1906 
3 2465 2160 2398 
3 2036 2030 5446 
3 1677 6488 3666 
3 1976 1589 1784 
3 1784 1980 1976 
3 1219 6115 6148 
3 5472 5446 9237 
3 2287 2513 1980 
3 911 8086 3213 
3 2370 1924 2057 
3 1984 2121 1717 
3 2265 2495 2708 
3 9023 4047 4081 
3 1522 1653 1920 
3 1923 1925 1655 
3 2211 2292 1989 
3 9677 3874 6943 
3 2215 2059 2209 
3 9153 3012 1698 
3 7983 8081 881 
3 2213 1989 1729 
3 1988 2296 1662 
3 6468 6455 5157 
3 1858 2064 2132 
3 2614 9084 9951 
3 2224 1931 2141 
3 4507 8406 7751 
3 1674 2486 9001 
3 9001 4688 1674 
3 1731 2299 1999 
3 606 1344 9902 
3 8820 9490 7067 
3 2299 1731 2217 
3 1998 1735 1933 
3 1007 1052 923 
3 2134 2060 1992 
3 1801 2444 2134 
3 2142 2072 1797 
3 1994 1735 1998 
3 1998 2137 1994 
3 9004 9153 1698 
3 2860 6049 6377 
3 2028 2182 2265 
3 4877 1929 5608 
3 901 983 981 
3 5473 3801 3817 
3 2317 1737 2303 
3 8207 7401 9539 
3 6593 136 6348 
3 2320 1738 2001 
3 2238 1936 2236 
3 2792 2351 2510 
3 9430 1805 2707 
3 6561 6385 6559 
3 2322 1947 1864 
3 1418 1420 1543 
3 327 843 317 
3 5731 9284 6207 
3 5731 6207 8233 
3 6189 1937 6158 
3 2073 134 113 
3 8973 3661 2791 
3 1943 1481 2007 
3 9522 3030 3533 
3 1870 2086 1807 
3 784 5007 8688 
3 6225 7921 9857 
3 1875 1945 2244 
3 1875 1747 1945 
3 47 56 38 
3 2138 6408 187 
3 1754 1814 1753 
3 1815 1873 2088 
3 2009 2323 2007 
3 1174 1076 832 
3 2443 9968 9970 
3 1680 1816 1812 
3 2013 1877 1949 
3 1848 2052 1980 
3 2092 1762 2327 
3 1814 1877 2013 
3 1814 1819 1877 
3 1033 985 1032 
3 2240 8121 3661 
3 1580 5045 4235 
3 7585 4983 1684 
3 1217 1852 1260 
3 5666 1592 2879 
3 1465 2347 6427 
3 8946 2240 3661 
3 2891 9902 9942 
3 1822 1953 2097 
3 2093 1954 1955 
3 4906 6310 119 
3 889 73 8121 
3 2520 2621 3618 
3 5724 7196 6417 
3 2212 3895 390 
3 2168 1825 2017 
3 2318 1807 2455 
3 2252 2015 2169 
3 1888 1827 1829 
3 2017 1956 2406 
3 2406 2481 2017 
3 9626 2239 9902 
3 8452 9017 5609 
3 8932 1450 9612 
3 1957 2561 1891 
3 1828 1767 2340 
3 4291 3934 8772 
3 1830 1636 2339 
3 1887 2173 1958 
3 2020 2340 1767 
3 2177 2179 1893 
3 2302 2064 2221 
3 755 815 814 
3 7026 1952 4268 
3 3373 9966 2479 
3 1555 1277 1428 
3 9072 5045 1580 
3 3285 3205 2758 
3 1618 1863 1551 
3 2183 1970 2032 
3 2029 1971 2041 
3 2109 2031 2344 
3 2040 2187 2041 
3 2028 1971 2029 
3 2111 1778 1834 
3 2186 1900 2114 
3 2027 1971 2028 
3 2191 1899 2417 
3 9755 3197 3182 
3 2111 2034 1778 
3 2038 1967 2031 
3 2041 2187 2029 
3 9984 8291 2570 
3 6888 3303 2372 
3 2117 2188 2040 
3 2320 2384 2316 
3 4891 4889 6305 
3 2046 2040 2041 
3 2040 1909 2117 
3 8649 8812 9879 
3 1909 1644 2118 
3 1844 2044 2195 
3 2283 2049 2046 
3 1977 2040 2046 
3 2118 2117 1909 
3 2049 1977 2046 
3 2118 1709 1979 
3 6365 9212 6965 
3 1932 1799 2074 
3 18 9 8 
3 2118 1979 2659 
3 2053 1982 2201 
3 3666 6488 6225 
3 5792 2920 9229 
3 977 978 4386 
3 9879 8812 1628 
3 2049 2124 1783 
3 2197 2204 1908 
3 1982 1716 2201 
3 7231 918 896 
3 2631 8915 1906 
3 2121 1984 2120 
3 1927 2202 1716 
3 1716 2202 2201 
3 2370 1986 1924 
3 9861 1219 6148 
3 1653 2290 1920 
3 4586 9760 8414 
3 8324 9334 8234 
3 2343 2495 2265 
3 1264 9019 8989 
3 4674 9014 2477 
3 1334 1634 1437 
3 2215 1857 2059 
3 2296 1988 2130 
3 2214 2213 1729 
3 1433 2494 1375 
3 9669 2975 9334 
3 1858 2224 2064 
3 2060 1930 1992 
3 4674 9008 9014 
3 2252 2169 2331 
3 2076 8508 8914 
3 1318 1368 1317 
3 1798 2303 1861 
3 2222 2071 1994 
3 781 854 926 
3 2074 1860 2070 
3 2918 3691 5166 
3 3706 3848 50 
3 2653 2569 2183 
3 2070 2143 2074 
3 2070 1800 2072 
3 9011 3373 2479 
3 1668 1738 2077 
3 1801 1668 2077 
3 2314 2236 1936 
3 2444 2377 2448 
3 7056 5310 5941 
3 1738 2320 2077 
3 1935 1737 2317 
3 2000 2149 1938 
3 2152 2322 1864 
3 2002 2320 2001 
3 1042 8718 8786 
3 3411 4825 5045 
3 2385 1944 1941 
3 2086 2680 2455 
3 2083 1806 1943 
3 6103 9982 5672 
3 1671 2152 1864 
3 1565 1683 1629 
3 1749 1869 2461 
3 6310 6348 136 
3 1943 1806 1673 
3 2969 9381 8392 
3 2006 1428 1947 
3 5529 5787 2655 
3 9197 9159 8843 
3 1945 2391 2244 
3 4231 8493 9868 
3 13 3995 8937 
3 2007 2155 1943 
3 9409 7577 4326 
3 2012 2160 1872 
3 115 862 123 
3 185 6372 187 
3 1667 1670 6276 
3 3025 3241 3023 
3 4396 8650 7289 
3 2795 2192 2576 
3 9090 5541 7834 
3 2468 3507 7938 
3 2090 2013 1949 
3 1881 2092 2249 
3 1950 1949 1877 
3 8187 9159 9062 
3 7679 6215 5047 
3 2097 1953 2014 
3 4740 4628 4512 
3 9128 2901 1561 
3 385 5503 9841 
3 2785 2564 9699 
3 5644 4939 5651 
3 1955 2015 2093 
3 4067 5508 4063 
3 3819 6936 6656 
3 2481 2168 2017 
3 4064 1402 5664 
3 2171 2173 1827 
3 1827 1888 2171 
3 2479 8992 9011 
3 2561 1957 2256 
3 9902 2891 9626 
3 1891 2561 2339 
3 5626 9914 9882 
3 2256 1957 1958 
3 2253 2172 1888 
3 816 1542 7679 
3 9913 9911 186 
3 4328 3855 5533 
3 7901 2190 9401 
3 1890 1828 2340 
3 1996 2848 575 
3 7150 8158 9862 
3 2020 2022 2340 
3 2104 1830 2176 
3 9148 7676 6336 
3 2105 2023 2104 
3 897 973 892 
3 2180 2183 2569 
3 3508 4271 4270 
3 9015 7551 8140 
3 1786 2051 1984 
3 2028 2344 2027 
3 2027 2344 2031 
3 783 2768 3179 
3 1899 2262 2417 
3 2176 1830 2339 
3 2029 2187 2182 
3 2182 2028 2029 
3 7422 341 6504 
3 2192 2032 1970 
3 2038 2031 2110 
3 2334 3861 5357 
3 2187 2040 2188 
3 4184 2996 2838 
3 2195 2277 2114 
3 2114 2037 2195 
3 2269 2187 2188 
3 8674 4222 251 
3 7096 7680 8072 
3 2372 9744 2245 
3 2193 2188 2117 
3 2119 2278 2284 
3 2276 2115 1839 
3 8571 9251 9317 
3 2631 6379 2647 
3 2040 1912 1909 
3 2351 2193 2510 
3 2338 1687 2257 
3 8366 8514 9815 
3 3316 6186 1529 
3 2051 2119 2120 
3 9152 6923 8820 
3 2372 3303 7674 
3 3916 9717 2359 
3 3061 2996 4184 
3 1980 2513 1976 
3 2288 2049 2358 
3 2288 2124 2049 
3 2112 2951 1245 
3 1908 2204 1916 
3 758 764 8677 
3 4590 4253 9763 
3 388 103 9701 
3 9016 5793 1628 
3 2363 2587 2121 
3 2205 1985 1986 
3 2712 1981 1404 
3 1628 5793 8643 
3 1875 1752 1747 
3 2208 2205 1986 
3 1358 1257 1214 
3 1653 1987 2369 
3 7662 8603 6636 
3 8646 8772 196 
3 8243 2995 8090 
3 2058 2124 2127 
3 2057 2294 2370 
3 2213 2211 1989 
3 1988 2129 2130 
3 2127 2136 2058 
3 2578 2196 2513 
3 5025 5033 3559 
3 2129 1925 2128 
3 2210 4825 4639 
3 2060 2134 2216 
3 2132 2064 2297 
3 2251 5915 9014 
3 790 3982 1940 
3 2359 9717 6594 
3 2064 2224 2221 
3 2301 2224 2141 
3 2221 2224 2378 
3 9492 9913 9792 
3 2142 1999 2308 
3 2227 2137 1998 
3 3252 5366 5034 
3 2469 2547 1870 
3 2140 2141 2071 
3 9597 9458 9885 
3 2265 2708 2413 
3 8179 674 8649 
3 2306 2307 1999 
3 1998 2228 2227 
3 43 9649 0 
3 7339 7571 907 
3 2072 2143 2070 
3 1932 2074 2144 
3 1932 2144 1998 
3 1998 2144 2228 
3 891 819 814 
3 1794 8311 73 
3 54 881 8081 
3 2144 2147 2231 
3 2143 2072 2309 
3 4338 6445 8603 
3 2589 2315 1581 
3 3559 2810 2050 
3 2309 2142 2313 
3 2144 2231 2228 
3 2148 2229 2314 
3 2376 2317 2303 
3 6024 5941 5310 
3 2148 2233 2230 
3 2429 8777 847 
3 2450 2149 2150 
3 2000 2150 2149 
3 1801 2377 2444 
3 8746 2816 6576 
3 2080 2233 2079 
3 2320 2316 2077 
3 2317 2152 1935 
3 8123 8781 6682 
3 6949 762 757 
3 7623 6200 8896 
3 4030 2330 8515 
3 2433 2667 2814 
3 2388 1944 2385 
3 2086 2455 1807 
3 8207 1705 7336 
3 777 8963 3712 
3 6828 3910 7065 
3 8284 1628 8643 
3 32 63 106 
3 3229 3446 3087 
3 1870 1816 2469 
3 9625 9670 358 
3 1885 1374 1766 
3 3571 5787 4718 
3 2166 2249 2470 
3 1817 1758 1819 
3 5768 5121 5132 
3 8992 2479 9323 
3 6515 6333 6423 
3 2752 2600 2751 
3 2329 1949 2093 
3 6963 2807 3089 
3 2252 2403 2015 
3 4010 4034 6896 
3 9371 4296 5741 
3 2648 2417 2497 
3 2015 2402 2093 
3 482 632 530 
3 3962 4939 5644 
3 560 6704 6504 
3 1825 2168 2167 
3 6968 6936 3819 
3 8284 9879 1628 
3 1245 7526 2112 
3 1888 1959 2485 
3 2166 1951 1881 
3 2197 2425 2661 
3 3297 2773 2693 
3 9489 9862 8158 
3 6418 6046 6150 
3 2259 2492 2022 
3 1776 1690 1897 
3 2105 2104 2342 
3 2089 8184 8203 
3 2089 9058 8184 
3 9323 9178 6093 
3 7309 9959 5888 
3 6762 9879 8284 
3 1896 2180 2258 
3 2120 1984 2051 
3 2247 2617 2622 
3 8476 674 8179 
3 1072 1917 4160 
3 2357 1842 1589 
3 1650 1649 1451 
3 2186 2114 2274 
3 4994 9035 6315 
3 2038 2505 2275 
3 6158 808 4572 
3 2111 2506 2034 
3 2283 2038 2275 
3 2186 2026 1833 
3 626 841 629 
3 8239 9879 6762 
3 2505 2352 2275 
3 2456 2608 2322 
3 8988 9133 8261 
3 2277 2274 2114 
3 1842 2357 2192 
3 2192 1970 1842 
3 4774 6039 6028 
3 2538 2677 2684 
3 9006 9007 9011 
3 2195 2354 2277 
3 9014 3051 2477 
3 9937 9935 9374 
3 1869 1863 1944 
3 9011 8992 9006 
3 1976 2513 2196 
3 8179 5239 8476 
3 1979 2515 2659 
3 1980 2052 2287 
3 2044 1983 2285 
3 7680 7613 5018 
3 1389 5063 5923 
3 1985 2285 1983 
3 9751 3522 69 
3 2701 2561 2256 
3 2288 2127 2124 
3 9000 388 9701 
3 2771 3222 2776 
3 3032 2885 2799 
3 9018 8814 8826 
3 6813 9286 5933 
3 2128 2293 2129 
3 1497 1921 26 
3 2951 2112 4751 
3 2291 2202 2060 
3 5484 7738 7761 
3 2553 2167 2556 
3 7571 1805 8097 
3 9751 9649 43 
3 7070 9717 7418 
3 2216 2134 2219 
3 3863 4154 3738 
3 2047 9793 2786 
3 7584 7554 8867 
3 2137 2227 2222 
3 2140 2223 2141 
3 2223 2301 2141 
3 2378 2229 2221 
3 2303 1798 2136 
3 537 1918 2170 
3 2142 2309 2072 
3 43 0 4613 
3 6502 4030 8515 
3 2303 1737 1861 
3 6063 9596 5977 
3 2306 2299 2527 
3 4197 9851 7055 
3 2147 2143 2310 
3 2377 2077 2316 
3 2377 1801 2077 
3 2080 2237 2602 
3 7354 1918 7147 
3 8476 5696 674 
3 3018 2938 2867 
3 6336 4686 1813 
3 3780 9474 9695 
3 201 7044 182 
3 8956 8952 3293 
3 2083 2235 2002 
3 2154 2237 2080 
3 2656 6036 7529 
3 2006 1947 2322 
3 2754 2382 2836 
3 103 388 8408 
3 1943 2155 2083 
3 563 7115 2954 
3 2461 1944 2388 
3 2267 9666 2270 
3 2727 6036 2656 
3 1720 1716 1523 
3 6336 1813 7591 
3 1813 1790 7591 
3 9952 4423 3354 
3 4347 4342 4250 
3 6349 888 134 
3 8963 3264 3712 
3 4646 7510 7529 
3 4326 5858 4464 
3 2850 2778 3005 
3 1378 1500 1496 
3 2325 9420 7439 
3 435 3171 3871 
3 1496 1332 1378 
3 2641 2492 3093 
3 2160 2012 2013 
3 7589 416 9872 
3 271 2098 6144 
3 2655 6893 3170 
3 2550 2014 2244 
3 2469 1816 2474 
3 8765 334 8468 
3 6629 6635 1617 
3 8654 3022 1746 
3 6958 8654 8644 
3 5276 3209 9298 
3 2248 2092 2327 
3 2146 9766 1549 
3 703 9197 718 
3 2933 2857 2787 
3 2692 2090 2329 
3 9623 9487 9624 
3 7553 9159 8187 
3 1760 2167 2474 
3 712 640 686 
3 2554 2097 2399 
3 2629 2403 2478 
3 627 638 3017 
3 3135 9785 5261 
3 3125 7437 3135 
3 2169 2099 2331 
3 4768 3125 6296 
3 1958 2173 2558 
3 1886 2782 2257 
3 2171 1888 2172 
3 1890 2782 1886 
3 8581 9920 6148 
3 1698 8368 9004 
3 1174 733 943 
3 2562 2258 2409 
3 7356 8210 519 
3 7980 9959 7309 
3 1056 4849 2620 
3 2340 2022 2492 
3 2180 2493 2258 
3 2708 2642 2413 
3 3404 2887 2958 
3 2637 2561 2701 
3 2344 2265 2413 
3 504 3787 2439 
3 2417 2262 2497 
3 2717 2259 2500 
3 9308 8910 9338 
3 2343 2345 2645 
3 2182 2345 2343 
3 8627 1204 5851 
3 769 8937 735 
3 2350 2191 2417 
3 2973 2822 2671 
3 6028 6039 6040 
3 1868 164 1859 
3 5888 8635 7969 
3 2350 2508 2278 
3 2423 2424 2275 
3 8630 6674 9274 
3 6377 6049 5792 
3 2428 2422 2044 
3 8630 8635 6674 
3 3142 3494 3367 
3 8408 4105 103 
3 9751 2626 3522 
3 7537 8424 5840 
3 8829 6624 3009 
3 4264 1562 8610 
3 2285 2428 2044 
3 4047 9023 3997 
3 896 918 3639 
3 2287 2199 2362 
3 2515 2053 2201 
3 2910 3136 2760 
3 9843 1305 3916 
3 9924 8592 1446 
3 4933 234 5515 
3 9384 2479 9966 
3 2362 2199 2289 
3 1920 2289 2199 
3 7677 541 6779 
3 2365 2289 2290 
3 2204 2366 2591 
3 2206 1717 2121 
3 2667 2432 2206 
3 2128 2206 2432 
3 9558 8864 3744 
3 2128 2432 2293 
3 2291 2060 2216 
3 51 84 61 
3 8400 1207 6645 
3 1207 8400 2923 
3 2297 2294 2132 
3 6555 8013 5106 
3 2296 2371 2214 
3 2371 2213 2214 
3 2209 2591 2215 
3 1198 1518 665 
3 907 2490 7339 
3 2217 2442 2299 
3 9155 83 7462 
3 3047 2527 2442 
3 2440 2376 2303 
3 4901 5251 5252 
3 3921 3911 9978 
3 2442 2527 2299 
3 65 4272 3546 
3 2701 2781 3080 
3 2025 2259 2022 
3 1950 1822 1954 
3 2302 2373 2064 
3 9920 9261 9924 
3 2108 9179 9846 
3 2221 2229 2302 
3 3389 75 7977 
3 4909 5618 7793 
3 9261 8592 9924 
3 2148 2302 2229 
3 2219 2134 2444 
3 2152 2317 2456 
3 3389 7977 6636 
3 2228 2304 2227 
3 2148 2230 2302 
3 8646 5508 8535 
3 2150 2307 2306 
3 2150 2313 2307 
3 2307 2313 2308 
3 2379 2304 2228 
3 2228 2231 2379 
3 3318 3514 3020 
3 2309 2310 2143 
3 7047 5963 6942 
3 2313 2382 2310 
3 2531 2304 2379 
3 2889 2960 2735 
3 7628 5092 7450 
3 5107 9831 321 
3 8284 7981 6762 
3 2450 2532 2385 
3 2149 2450 1941 
3 2320 2235 2384 
3 2385 1941 2450 
3 6298 6571 6114 
3 55 110 68 
3 3916 1305 7418 
3 9384 9966 9843 
3 6732 2458 3104 
3 2155 2457 2083 
3 4719 9774 4510 
3 2680 2086 2324 
3 2391 2238 2541 
3 2155 2007 2323 
3 3164 8826 4610 
3 2006 2389 2613 
3 2695 3431 1440 
3 2009 2542 2323 
3 1872 2459 2154 
3 1540 1366 1469 
3 9620 2789 7079 
3 2242 2461 2463 
3 1916 1642 1908 
3 8126 2687 3517 
3 1510 1633 7032 
3 9734 4099 2657 
3 2618 8241 1693 
3 2405 1884 2166 
3 5869 4617 3263 
3 4617 5869 7273 
3 2692 2625 2398 
3 2219 2438 2216 
3 2399 2014 2550 
3 8174 8695 619 
3 318 1171 321 
3 8541 4497 8732 
3 1725 758 8216 
3 2099 2169 1955 
3 2150 2318 2313 
3 342 6677 9499 
3 2403 2252 2478 
3 2326 9930 558 
3 1956 1884 2406 
3 3002 3142 3217 
3 2481 2556 2168 
3 2387 5217 5208 
3 2558 2173 2407 
3 2478 2331 2633 
3 3497 3487 9605 
3 2485 2253 1888 
3 9717 3916 7418 
3 1786 1648 1782 
3 2955 2800 2658 
3 9107 5505 9892 
3 6824 9084 5670 
3 9084 6824 9951 
3 2635 2557 2560 
3 2640 1890 2340 
3 89 2521 1698 
3 3373 7254 9966 
3 1559 1558 1820 
3 2497 2262 2342 
3 2569 2493 2180 
3 2344 2413 2109 
3 7243 7561 7245 
3 6060 3050 668 
3 1757 9671 2606 
3 1757 5602 9671 
3 2294 1854 2132 
3 8024 4560 2912 
3 9769 3257 5582 
3 2715 2716 2110 
3 5750 5678 8424 
3 2274 2419 2186 
3 2110 2505 2038 
3 2505 2110 2503 
3 1839 2506 2276 
3 6460 3689 2341 
3 2575 2277 2354 
3 2423 2275 2352 
3 7716 7379 7708 
3 2322 2152 2456 
3 2422 2354 2195 
3 2422 2195 2044 
3 2800 2510 2512 
3 2117 2512 2193 
3 7428 7572 4651 
3 2117 2118 2512 
3 2465 1872 2160 
3 2461 1869 1944 
3 9670 5540 9875 
3 2488 1674 4688 
3 2578 2513 2723 
3 2360 7203 2845 
3 3127 3119 718 
3 2513 2287 2723 
3 2284 2426 2120 
3 5497 8524 9179 
3 3049 9666 2267 
3 8702 5786 4446 
3 2436 3045 2434 
3 2879 1592 2886 
3 2366 2204 2583 
3 2201 2291 2518 
3 2201 2202 2291 
3 2290 2369 2365 
3 2667 2206 2121 
3 2587 2667 2121 
3 7683 9020 3399 
3 9558 3744 768 
3 4081 8472 3578 
3 2674 2750 2753 
3 2434 2369 2292 
3 2432 2433 2293 
3 164 8394 6315 
3 4140 8461 8438 
3 2293 2522 2129 
3 2130 2129 2522 
3 2746 2371 2296 
3 2523 2213 2371 
3 2370 2294 2593 
3 2136 2127 2668 
3 835 5786 8702 
3 2593 2297 2373 
3 2303 2136 2440 
3 2445 2373 2302 
3 2239 9626 9790 
3 2378 2224 2301 
3 2375 2306 2527 
3 150 4694 7782 
3 2301 2449 2378 
3 6336 7676 4686 
3 2450 2306 2375 
3 2230 2445 2302 
3 8710 9143 8574 
3 2453 2376 2749 
3 2528 2304 2529 
3 2785 2540 3314 
3 2309 2313 2310 
3 2230 2080 2602 
3 2318 2382 2313 
3 2603 2456 2317 
3 1922 5177 1878 
3 2602 2237 2386 
3 2052 1848 2199 
3 1601 1366 1540 
3 8991 3817 303 
3 2541 2238 2539 
3 2457 2235 2083 
3 2155 2323 2681 
3 2539 2238 2236 
3 2110 2031 2109 
3 2465 2459 1872 
3 2088 1873 2613 
3 2088 2542 2009 
3 2613 1873 2006 
3 2388 2538 2461 
3 2542 2088 2613 
3 5061 9528 5083 
3 835 2004 5786 
3 2461 2242 1749 
3 9831 5107 9833 
3 7032 5019 1510 
3 2393 2244 2391 
3 2080 2230 2233 
3 2548 2248 2396 
3 4139 9025 9438 
3 2403 2552 2402 
3 2248 2249 2092 
3 2474 2691 2469 
3 2358 2889 2735 
3 9822 1152 5057 
3 2406 2405 2775 
3 2291 2586 2518 
3 1407 2279 1373 
3 3649 201 182 
3 7124 9822 5057 
3 9323 2479 9384 
3 7408 7412 8026 
3 3964 2546 9985 
3 2173 2171 2407 
3 2212 3060 3895 
3 6317 8718 9724 
3 2060 2202 1927 
3 9058 2089 3611 
3 1958 2336 2256 
3 14 5 4 
3 2705 2561 2637 
3 3397 3524 3653 
3 1204 1309 1310 
3 350 8306 704 
3 2492 2640 2340 
3 9006 6128 9007 
3 2179 2177 2491 
3 3200 2974 3274 
3 2701 2336 2781 
3 6093 9178 8812 
3 1501 9753 4684 
3 2419 2500 2346 
3 2722 2575 2354 
3 2343 2645 2495 
3 9468 1501 8616 
3 2566 2715 2109 
3 1222 1044 1221 
3 1228 954 955 
3 2346 2264 2026 
3 2107 2106 2571 
3 2032 2653 2183 
3 2269 2498 2345 
3 2504 2350 2417 
3 2186 2419 2346 
3 2192 2653 2032 
3 9805 9808 4752 
3 5625 168 9703 
3 674 9006 8649 
3 6506 6799 6501 
3 2191 2350 2278 
3 521 544 467 
3 2606 9559 1757 
3 1805 9430 7419 
3 2192 2357 2576 
3 9384 2359 9323 
3 2277 2575 2420 
3 2277 2420 2274 
3 2506 2719 2799 
3 3425 8556 4199 
3 2424 2283 2275 
3 2357 2578 2576 
3 2578 2357 2196 
3 1338 1503 1334 
3 2193 2512 2510 
3 3003 4826 2993 
3 2725 2424 2423 
3 2426 2284 2356 
3 2278 2508 2356 
3 4659 7417 6730 
3 9323 2359 9178 
3 2428 2285 2582 
3 7233 3890 7180 
3 2122 7180 3890 
3 2515 2201 2518 
3 2127 2288 2735 
3 2739 2285 2208 
3 2205 2208 2285 
3 9653 9685 5496 
3 2434 2435 2369 
3 2369 2435 2365 
3 2208 2370 2966 
3 5609 9039 8452 
3 2213 2523 2211 
3 3417 3047 2897 
3 2524 2296 2130 
3 2524 2746 2296 
3 9940 4264 8610 
3 2297 2593 2294 
3 4369 9468 8616 
3 2064 2373 2297 
3 2442 2217 2215 
3 8992 9323 6093 
3 2822 2219 2671 
3 2822 2438 2219 
3 2449 2223 2528 
3 2449 2301 2223 
3 2223 2222 2528 
3 2222 2304 2528 
3 2378 2381 2314 
3 7283 7948 4181 
3 4260 3492 5107 
3 2600 2379 2380 
3 2359 9016 9178 
3 2381 2378 2449 
3 2229 2378 2314 
3 2532 2450 2598 
3 2160 2013 2090 
3 8286 6746 8778 
3 2452 2231 2147 
3 2452 2380 2231 
3 8545 6861 6045 
3 5091 3466 4929 
3 2534 2147 2310 
3 674 5696 6128 
3 2222 2227 2304 
3 4998 7993 5097 
3 9616 9586 9790 
3 2318 2455 2382 
3 2236 2314 2381 
3 5963 9960 6942 
3 2113 5366 9586 
3 3609 3734 3802 
3 6498 9011 6164 
3 2235 2457 2384 
3 2538 2388 2385 
3 1965 9131 282 
3 1081 4925 3441 
3 9747 4544 8567 
3 1684 4983 8133 
3 1651 918 191 
3 8667 3061 8221 
3 2151 1773 1348 
3 2912 2401 1407 
3 5515 1419 4933 
3 5515 1504 1419 
3 2329 2090 1949 
3 2611 2762 2613 
3 2465 2686 2459 
3 2688 2393 2391 
3 2396 2622 2544 
3 8812 8649 6093 
3 2396 2544 2548 
3 1407 2401 2286 
3 2324 1870 2547 
3 2538 2684 2461 
3 8801 196 8772 
3 2941 2944 3166 
3 5453 6767 8153 
3 2548 2689 2470 
3 4542 3973 4236 
3 758 1704 751 
3 2470 2405 2166 
3 2843 2771 2690 
3 2587 2813 2962 
3 9011 6742 3373 
3 3664 3262 3110 
3 3777 4035 3721 
3 2406 1884 2405 
3 2482 2331 2099 
3 2775 2481 2406 
3 2172 2253 2634 
3 2253 2557 2634 
3 8736 5845 5874 
3 2557 2485 2560 
3 2128 1925 1923 
3 2701 2256 2336 
3 2791 2975 8973 
3 2702 2408 2255 
3 494 8480 9234 
3 3934 4189 9039 
3 9014 9008 8063 
3 1890 2640 2782 
3 2491 2338 2410 
3 2090 2692 2398 
3 2492 2641 2640 
3 2493 2713 2638 
3 3793 8679 3976 
3 1428 2006 1873 
3 2258 2493 2409 
3 2413 2642 2566 
3 2706 2342 2176 
3 7519 8086 9627 
3 1906 230 214 
3 8850 8131 8001 
3 2264 2346 2500 
3 2723 2287 2724 
3 8812 9178 9016 
3 2499 2649 2498 
3 2269 2499 2498 
3 8972 7707 2135 
3 3608 3619 4468 
3 3314 3323 2564 
3 2571 2718 2107 
3 2499 2351 2572 
3 9039 4189 8452 
3 2188 2351 2269 
3 2899 2595 2977 
3 2506 2189 2719 
3 8649 9879 8239 
3 2718 2719 2189 
3 3236 2873 3020 
3 2719 2718 2878 
3 2327 1948 2247 
3 1948 2327 1762 
3 4877 5597 1929 
3 2885 2421 2276 
3 2421 2115 2276 
3 3217 3142 3367 
3 4086 9020 7700 
3 2356 2508 2579 
3 127 244 171 
3 9016 1628 8812 
3 7700 9703 4086 
3 1042 8786 1889 
3 2504 2417 2648 
3 140 137 254 
3 2425 2726 2661 
3 5793 9016 4305 
3 2580 2724 2287 
3 1126 870 5649 
3 2518 2812 2515 
3 234 4933 3440 
3 7500 4086 157 
3 2587 2363 2585 
3 2804 2580 2806 
3 2426 2363 2120 
3 2363 2121 2120 
3 1940 3339 790 
3 2435 2737 2365 
3 9312 7998 5903 
3 3939 2546 8270 
3 880 9017 8452 
3 4707 9787 7782 
3 2523 2436 2211 
3 591 2042 4370 
3 2966 2370 2593 
3 2522 2524 2130 
3 255 4640 461 
3 195 174 199 
3 7014 7007 7149 
3 2592 2586 2291 
3 2668 2440 2136 
3 2223 2140 2222 
3 3075 7911 7400 
3 2638 2872 2704 
3 2872 2638 2713 
3 2527 2672 2375 
3 2529 2381 2449 
3 2528 2529 2449 
3 2529 2530 2381 
3 2598 2450 2375 
3 2598 2375 2672 
3 3234 3093 3242 
3 5696 6164 6128 
3 9574 2372 2245 
3 5089 9893 1364 
3 2832 2676 2381 
3 2008 4078 8400 
3 9683 9669 8324 
3 8650 1442 2003 
3 2317 2376 2453 
3 6488 3019 6261 
3 9707 3578 3626 
3 2457 2604 2384 
3 9334 8324 9669 
3 9989 7302 6479 
3 2603 2759 2456 
3 3134 7047 3590 
3 2539 2236 2676 
3 2379 2752 2531 
3 2613 2389 2611 
3 2008 8400 5518 
3 2389 2608 2611 
3 2316 2384 2535 
3 2535 2384 2982 
3 2237 2459 2386 
3 3508 4270 3471 
3 3995 13 6158 
3 2681 2323 2542 
3 2155 2609 2457 
3 2688 2391 2541 
3 1258 9166 8808 
3 1955 1822 2097 
3 9763 4627 4590 
3 8667 9292 3061 
3 2691 2547 2469 
3 2689 2619 2766 
3 7687 7695 9560 
3 2461 2684 2463 
3 2248 2548 2470 
3 6317 4002 8786 
3 751 1704 7027 
3 2984 2980 2751 
3 2692 2329 2770 
3 2470 2773 2405 
3 9337 7147 1369 
3 9656 9000 9701 
3 2694 2911 2770 
3 2255 2485 1959 
3 2556 2922 2553 
3 3539 1232 1229 
3 8992 6093 9006 
3 2556 2167 2168 
3 2556 2481 2779 
3 2556 2779 2922 
3 2171 2172 2407 
3 1906 7861 2620 
3 758 8677 8216 
3 2558 2336 1958 
3 2338 2257 2859 
3 9627 8948 7519 
3 5625 9724 168 
3 6164 9011 9007 
3 7567 7101 6950 
3 1449 1445 1400 
3 2409 2638 2562 
3 2702 2255 2562 
3 8972 2194 4674 
3 6363 888 6349 
3 2409 2493 2638 
3 2867 2179 2491 
3 9555 1014 9413 
3 2713 2493 2569 
3 8493 9867 9868 
3 2710 2708 2495 
3 4010 6896 5393 
3 2179 2867 2415 
3 2716 2935 2942 
3 8968 8184 9058 
3 2497 3015 2711 
3 2716 2715 2935 
3 1305 9843 7471 
3 1402 5462 5664 
3 2790 2646 2649 
3 8187 6791 7550 
3 4491 4505 9917 
3 7777 43 7698 
3 8580 6834 6828 
3 2344 2028 2265 
3 8620 2043 9962 
3 2653 2650 2569 
3 2330 8620 5330 
3 2877 2797 2505 
3 2718 2189 2107 
3 2877 2503 2716 
3 6334 2588 5554 
3 2716 2503 2110 
3 2189 2506 2111 
3 8452 4189 1838 
3 2799 2276 2506 
3 2500 2419 2717 
3 2784 7534 8833 
3 3611 2626 9058 
3 2420 2575 2574 
3 3668 3610 3673 
3 8997 5478 8832 
3 2722 2574 2575 
3 5164 7536 2185 
3 2725 2423 2352 
3 2422 2728 2802 
3 6000 5332 6020 
3 8932 7617 1450 
3 5370 5652 9882 
3 2653 2192 2795 
3 2135 4464 5858 
3 9033 3493 9699 
3 1889 8786 6281 
3 5937 5207 2665 
3 2812 2805 2659 
3 2287 2362 2580 
3 2520 6897 2621 
3 2362 2289 2732 
3 8788 847 8777 
3 4041 3997 8368 
3 2358 2424 2725 
3 2668 2127 2735 
3 5941 5693 1751 
3 2353 8101 8102 
3 6211 7786 9598 
3 2592 2291 2216 
3 6936 5064 6656 
3 8968 7777 8038 
3 3115 2821 2593 
3 472 9734 9728 
3 1684 6861 5992 
3 8895 3808 2655 
3 2523 2669 2436 
3 2966 2593 2821 
3 2434 2292 2436 
3 1510 5375 1645 
3 4955 294 305 
3 1084 9875 7885 
3 880 9677 9017 
3 4508 7399 28 
3 7032 5134 6975 
3 2526 2445 2595 
3 1178 1534 1363 
3 2014 2399 2097 
3 2671 2219 2444 
3 2750 2674 2531 
3 2230 2602 2827 
3 2752 2379 2600 
3 2530 2529 2531 
3 5436 5096 5437 
3 2675 2756 2452 
3 2531 2674 2530 
3 2304 2531 2529 
3 2533 2754 2534 
3 9525 6405 9945 
3 6590 5992 9400 
3 3676 3680 3353 
3 2310 2533 2534 
3 2382 2455 2760 
3 1884 1683 1951 
3 2236 2381 2676 
3 3320 3238 3448 
3 2608 2389 2322 
3 5843 5203 7251 
3 8179 8239 5437 
3 2681 2679 2609 
3 4439 4338 8603 
3 9649 9751 69 
3 506 5081 5515 
3 129 9174 2087 
3 1885 1687 1631 
3 5522 1969 3357 
3 1919 4590 4627 
3 276 704 506 
3 4305 6594 3313 
3 2548 2544 2619 
3 7989 8264 8415 
3 2688 2690 2393 
3 276 237 6726 
3 8511 7854 1129 
3 2327 2622 2396 
3 9242 8568 5999 
3 887 1619 884 
3 8148 1403 3395 
3 2684 2617 2463 
3 2617 2247 2463 
3 8407 9801 5525 
3 2691 2474 2915 
3 2629 2552 2403 
3 2552 2629 2778 
3 4468 2730 1975 
3 2399 2550 2554 
3 2778 2629 2478 
3 2776 2554 2771 
3 425 403 587 
3 2583 2197 2661 
3 9072 3411 5045 
3 2779 2481 2775 
3 3302 3072 3563 
3 2634 2557 2635 
3 2514 7603 1796 
3 7114 9137 9132 
3 764 4950 8677 
3 2633 2331 2482 
3 1934 3655 8709 
3 2172 2634 2925 
3 2172 2925 2407 
3 3176 2958 2806 
3 3743 3805 3806 
3 2408 2560 2485 
3 5152 5064 8184 
3 2704 2702 2562 
3 5443 8476 5239 
3 8212 8207 9539 
3 2859 2410 2338 
3 3888 4621 1581 
3 4253 9094 9763 
3 3706 3507 6932 
3 3848 3706 6932 
3 2706 3015 2342 
3 2864 2566 2783 
3 2566 2642 2783 
3 2491 3018 2867 
3 8968 5152 8184 
3 2570 9858 9984 
3 2495 2645 2643 
3 2644 2566 2864 
3 2429 2353 8759 
3 2864 2868 2644 
3 7119 7284 316 
3 2639 3018 2491 
3 1289 5396 2830 
3 5436 8239 6762 
3 2644 2935 2715 
3 3297 3070 2773 
3 2711 2648 2497 
3 5063 7317 7265 
3 8968 9058 2626 
3 8038 5152 8968 
3 9419 1039 297 
3 2648 2873 2504 
3 7548 6036 2727 
3 8181 7150 9510 
3 3964 5393 8295 
3 3096 2875 2717 
3 3025 3023 2572 
3 2792 2572 2351 
3 2877 2505 2503 
3 5437 5239 8179 
3 1928 8709 4222 
3 2798 2576 2578 
3 2352 2505 2797 
3 2802 2354 2422 
3 3105 2425 2421 
3 2425 3105 2726 
3 2354 2802 2722 
3 3023 3241 2943 
3 7981 8284 4872 
3 1370 1271 1226 
3 2812 2659 2515 
3 7150 8181 8158 
3 7395 4084 4737 
3 3466 7285 3770 
3 7506 7175 6641 
3 2585 2363 2426 
3 2738 2366 2583 
3 2518 2586 2812 
3 558 9930 6686 
3 2998 3217 3068 
3 2365 2737 2289 
3 2005 1346 4369 
3 2734 2289 2737 
3 2738 2583 2959 
3 4862 4316 2559 
3 1350 1302 1594 
3 2592 2895 2586 
3 1834 2106 2107 
3 2742 2591 2738 
3 8291 6883 2570 
3 7990 8264 7989 
3 2592 2216 2438 
3 2591 2366 2738 
3 2968 2818 2371 
3 2371 2818 2523 
3 2818 2669 2523 
3 2822 2895 2592 
3 2438 2822 2592 
3 3115 2593 2373 
3 2746 2968 2371 
3 3678 5443 5239 
3 2813 2585 2731 
3 4686 7676 0 
3 7326 8658 7798 
3 1744 1481 1943 
3 2603 2453 2978 
3 2448 2535 2972 
3 2535 2448 2377 
3 2829 2532 2598 
3 2182 2187 2345 
3 3648 3527 3844 
3 2827 2602 2900 
3 1198 7509 8141 
3 3564 1856 7584 
3 2380 2452 2756 
3 2674 2753 2832 
3 2675 2534 2833 
3 8135 8006 8007 
3 4328 8768 1990 
3 2982 2384 2604 
3 7883 4556 5789 
3 8604 9274 9273 
3 2678 2386 2459 
3 2455 2680 2760 
3 8643 2823 5893 
3 2533 2310 2382 
3 2410 2639 2491 
3 7698 43 4613 
3 4613 0 7676 
3 1920 2290 2289 
3 2177 2338 2491 
3 2900 2678 2977 
3 2544 2622 2683 
3 2764 4420 2769 
3 2680 2324 2910 
3 2542 2842 2681 
3 2842 2542 2613 
3 2766 2619 2544 
3 2622 2617 2685 
3 2619 2689 2548 
3 2710 2927 2708 
3 276 126 237 
3 6173 6125 3119 
3 276 506 234 
3 4033 497 7418 
3 698 9679 8962 
3 2063 3415 8541 
3 5750 2860 5678 
3 2693 2773 2470 
3 2329 2402 2770 
3 2902 1623 129 
3 2550 2690 2771 
3 2554 2550 2771 
3 2552 2694 2402 
3 2644 2868 2935 
3 2772 2694 2552 
3 2778 2772 2552 
3 9793 2047 2050 
3 2927 2862 2708 
3 6636 948 7662 
3 2033 4893 4624 
3 2408 2702 2703 
3 5515 234 506 
3 2015 2403 2402 
3 9960 3497 6942 
3 2558 2407 2925 
3 2336 2558 2781 
3 8424 7921 4283 
3 8082 5994 7324 
3 2257 2782 2859 
3 2704 2703 2702 
3 3047 2442 2897 
3 5261 9114 4814 
3 7557 7310 9257 
3 4616 2652 3789 
3 7588 7122 4529 
3 2862 2783 2708 
3 8391 5632 4117 
3 2495 2643 2710 
3 2643 2863 2710 
3 1123 264 4211 
3 2299 2306 1999 
3 2571 2415 2867 
3 2873 2648 2711 
3 8357 4034 1176 
3 2571 2106 2415 
3 2649 2645 2498 
3 2650 2713 2569 
3 2066 5587 1256 
3 2717 2875 2259 
3 5037 3757 1755 
3 9785 3135 7437 
3 2649 2499 2876 
3 2939 2504 2873 
3 2876 2499 2572 
3 5988 2261 3781 
3 2880 2350 2504 
3 3297 3305 3070 
3 5405 7548 2727 
3 2508 2350 2880 
3 4969 4778 4775 
3 2884 2795 2798 
3 2276 2799 2885 
3 2795 2576 2798 
3 560 8286 7444 
3 2578 2723 2798 
3 378 5446 5472 
3 2803 385 9841 
3 2724 2580 2804 
3 2222 2140 2071 
3 2358 2725 2889 
3 2658 2512 2659 
3 8466 7254 6742 
3 7444 6704 560 
3 2356 2579 2426 
3 2806 2580 2732 
3 5276 9298 9312 
3 2358 2735 2288 
3 1773 5276 9310 
3 2289 2734 2732 
3 6760 6893 1657 
3 2739 2584 2285 
3 2661 2959 2583 
3 3232 3381 3317 
3 7509 5444 6091 
3 2826 6695 4658 
3 2285 2584 2582 
3 3789 3890 7233 
3 2964 2668 2735 
3 2522 2293 2433 
3 3466 3770 3154 
3 2435 2434 2963 
3 8203 5064 6936 
3 2329 2093 2402 
3 2189 1834 2107 
3 2742 2738 3043 
3 4790 1484 6741 
3 9023 7685 3997 
3 3045 2436 3046 
3 2524 2522 2745 
3 6610 9769 9748 
3 2968 2746 2524 
3 2739 2208 2966 
3 5939 9018 680 
3 2442 2742 2897 
3 3217 3367 3068 
3 6225 4283 7921 
3 3047 2825 2672 
3 2595 2445 2827 
3 2972 2671 2448 
3 8060 9976 341 
3 2832 2381 2530 
3 2751 2600 2380 
3 2035 7613 7680 
3 2752 2750 2531 
3 982 9870 9203 
3 4294 2108 5727 
3 2833 2534 2754 
3 2833 2756 2675 
3 2849 7221 7171 
3 2756 2834 2380 
3 3204 2907 2603 
3 3005 2778 2633 
3 2834 2756 2837 
3 2073 9658 9816 
3 2757 2604 2758 
3 2832 2905 2676 
3 3333 3605 3413 
3 8883 8473 8613 
3 2539 2676 2905 
3 5766 9934 429 
3 898 914 3196 
3 5742 5750 7537 
3 7462 8794 9155 
3 5374 5379 5380 
3 3919 3802 3734 
3 2459 2686 2678 
3 2763 2683 2840 
3 2904 2617 2684 
3 2685 2840 2683 
3 2685 2683 2622 
3 2681 2842 2994 
3 2541 2843 2688 
3 3004 2776 3222 
3 2689 2693 2470 
3 2911 2998 3065 
3 2690 2550 2393 
3 2911 2694 2846 
3 2454 6713 9967 
3 2688 2843 2690 
3 5109 3642 9956 
3 2914 2850 3002 
3 2914 2913 2846 
3 5346 9709 3939 
3 7628 4419 5092 
3 2694 2847 2846 
3 847 7499 1038 
3 8356 8361 6914 
3 7418 497 7070 
3 866 914 898 
3 2687 5951 9596 
3 5888 6674 8635 
3 2755 8645 3151 
3 2474 2553 2915 
3 8253 5339 5343 
3 8585 9261 8581 
3 2547 2910 2324 
3 5170 5538 5361 
3 1879 1395 5305 
3 8859 1995 9467 
3 2910 2547 3140 
3 7360 5063 541 
3 2853 2925 2634 
3 8684 5305 1395 
3 2558 2926 2781 
3 2558 2925 2926 
3 3005 2482 3004 
3 2855 2560 2408 
3 9253 9252 1287 
3 2703 2787 2857 
3 3466 5091 7299 
3 2868 2864 3013 
3 2710 3084 2927 
3 2675 2452 2147 
3 1129 8232 8226 
3 2638 2704 2562 
3 2642 2708 2783 
3 2641 2932 2640 
3 3436 2610 8126 
3 7233 7180 3681 
3 2631 2647 8915 
3 4428 8394 1047 
3 3088 2643 2646 
3 2646 2645 2649 
3 2943 2790 2649 
3 3024 2571 2938 
3 2876 2572 3023 
3 2054 835 8702 
3 4616 7343 7299 
3 2150 2306 2450 
3 2716 3098 2949 
3 9699 3793 5630 
3 6974 4363 4968 
3 2810 3565 1256 
3 2797 2877 2953 
3 2721 3249 2792 
3 2574 2419 2420 
3 1381 8732 1061 
3 7834 5541 5559 
3 9826 3555 9524 
3 1467 732 2123 
3 7680 6671 8072 
3 2799 2719 2796 
3 8964 6207 7699 
3 3033 2574 2722 
3 2255 2408 2485 
3 2888 2579 2508 
3 3105 2421 3031 
3 2956 2889 2725 
3 2658 2659 2805 
3 6982 9734 3267 
3 8125 5221 9695 
3 1867 168 1871 
3 5276 9312 9310 
3 9306 7005 8661 
3 2426 2579 2731 
3 2958 2887 2804 
3 1056 3323 4113 
3 2339 2561 2705 
3 2728 2582 2584 
3 3313 6594 3432 
3 2610 3436 6952 
3 4068 3680 3676 
3 2970 2742 3043 
3 7480 8781 8123 
3 4201 790 2184 
3 397 1256 5571 
3 2734 3040 3261 
3 8921 3257 2464 
3 3040 2737 3109 
3 5089 1364 9592 
3 2964 2735 2960 
3 2441 868 3208 
3 2737 2435 2815 
3 6046 6236 5936 
3 8383 8532 8821 
3 2266 1480 3001 
3 2815 2435 2963 
3 1757 9559 8868 
3 1615 1427 1478 
3 3500 9515 1876 
3 7221 3154 3770 
3 3265 2818 2968 
3 1346 2005 4025 
3 2818 3046 2669 
3 5412 6744 4805 
3 866 1836 914 
3 2345 2187 2269 
3 4669 75 8068 
3 2968 2524 2967 
3 2749 2440 2747 
3 5963 7047 7079 
3 8868 6624 5580 
3 2899 2824 2595 
3 9137 9821 492 
3 3115 2526 2824 
3 75 3440 4933 
3 6076 6079 8103 
3 5224 2337 3980 
3 2527 3047 2672 
3 2249 2166 1881 
3 2453 3048 2978 
3 2598 2672 2829 
3 7070 3486 3432 
3 4098 4186 3824 
3 2825 2979 2829 
3 2186 2346 2026 
3 2672 2825 2829 
3 1874 1846 26 
3 3204 2603 2978 
3 9506 9804 9806 
3 2834 2751 2380 
3 6762 7981 4886 
3 1397 3390 7400 
3 6148 9920 1312 
3 2754 2836 2833 
3 2833 2837 2756 
3 6742 7254 3373 
3 2535 2982 2972 
3 7798 4326 2008 
3 2760 2836 2382 
3 6353 8055 222 
3 2836 2837 2833 
3 8846 9857 2961 
3 2834 2837 3129 
3 4110 3829 4204 
3 1672 4528 1714 
3 2760 3058 2836 
3 2837 2836 3058 
3 1910 8541 8721 
3 4362 5066 429 
3 5505 2610 6952 
3 2910 2760 2680 
3 357 9971 3859 
3 8545 6045 9077 
3 2759 2762 2611 
3 2611 2608 2759 
3 3285 2679 2994 
3 2018 1119 3620 
3 2908 2685 2904 
3 2994 2679 2681 
3 2617 2904 2685 
3 2909 2766 2683 
3 2909 2683 2763 
3 2763 2840 2909 
3 5354 5802 5801 
3 1836 866 941 
3 2840 2685 2908 
3 2625 3059 2686 
3 3298 2843 2541 
3 1773 9307 7005 
3 9616 9790 2881 
3 2398 2625 2686 
3 3656 3846 3659 
3 2693 2689 3297 
3 3140 2547 2691 
3 7563 8231 8869 
3 2692 2997 2625 
3 9154 962 948 
3 2080 2079 2154 
3 9843 9966 375 
3 2846 2847 2914 
3 2898 5523 4269 
3 7251 9253 9255 
3 2251 2281 5915 
3 2778 2850 2772 
3 3070 2921 2775 
3 2160 2090 2398 
3 6029 1821 204 
3 7474 6730 4685 
3 4400 4504 4501 
3 305 9821 1981 
3 3004 2482 2776 
3 2779 2775 2851 
3 2739 2966 2965 
3 2853 3077 2925 
3 2853 2634 2635 
3 3072 2915 2919 
3 3006 2635 2560 
3 2408 2703 2855 
3 9596 5951 5977 
3 2855 2703 2928 
3 2863 3084 2710 
3 7774 4259 7612 
3 2703 2857 2928 
3 2787 2703 2704 
3 9717 3432 6594 
3 2640 2932 2782 
3 5529 9526 8082 
3 805 5261 4814 
3 371 6742 6589 
3 3013 2864 2783 
3 8468 9433 8765 
3 3010 2863 2643 
3 3161 2935 2868 
3 2707 5113 2736 
3 1532 1726 1854 
3 3091 2646 2790 
3 84 79 61 
3 3161 3387 2935 
3 2742 2442 2215 
3 2149 1941 1938 
3 3098 2716 2942 
3 6498 6589 6742 
3 2940 2872 2713 
3 768 3158 1660 
3 2880 2504 2939 
3 2877 2716 2949 
3 2737 2815 3109 
3 2650 2653 2945 
3 2883 3029 2654 
3 1404 7126 8489 
3 2796 2719 3028 
3 9237 5180 9242 
3 2945 2653 2795 
3 9284 7699 6207 
3 6504 6704 7422 
3 2722 2802 2957 
3 2800 2955 2721 
3 2574 2883 2654 
3 3198 3276 3346 
3 4118 803 2102 
3 3105 3255 2726 
3 2725 2797 2956 
3 2723 2884 2798 
3 4057 972 4041 
3 5784 5703 5598 
3 2884 2723 2724 
3 9062 8833 8187 
3 6893 4477 3170 
3 4047 972 4785 
3 4728 4014 2464 
3 2731 2579 2888 
3 2425 2197 2116 
3 37 4369 1346 
3 1805 7419 8097 
3 2726 2959 2661 
3 3333 3732 3605 
3 3043 2738 2959 
3 7892 1084 7885 
3 2586 3041 2812 
3 2805 2812 2808 
3 2585 2813 2587 
3 3040 2734 2737 
3 2965 2584 2739 
3 8950 5264 7631 
3 9277 5208 5217 
3 7699 5016 932 
3 6207 6198 8233 
3 5726 4040 2383 
3 2667 2587 2814 
3 2434 3187 2963 
3 2441 3208 3220 
3 2962 2814 2587 
3 2894 3041 2895 
3 2964 2747 2668 
3 2745 2522 3044 
3 2524 2745 2967 
3 2264 2500 2259 
3 3043 3337 2970 
3 3045 3187 2434 
3 7983 9629 8081 
3 2895 2822 2971 
3 3377 3379 3577 
3 2747 2440 2668 
3 2749 2376 2440 
3 2972 2973 2671 
3 4716 2521 89 
3 5491 5590 5688 
3 7070 3432 9717 
3 2977 2827 2900 
3 3953 4307 4032 
3 2750 2752 2980 
3 5666 5928 1592 
3 2972 2982 2976 
3 8072 9403 7096 
3 2752 2751 2980 
3 2753 2750 2980 
3 2753 2980 2985 
3 9666 6610 2270 
3 8629 2996 9292 
3 3763 6412 9449 
3 5651 4939 7828 
3 1342 1392 1388 
3 2903 2904 2981 
3 5183 3780 3767 
3 2903 2908 2904 
3 2684 2677 2981 
3 2684 2981 2904 
3 2762 2907 2991 
3 1060 5019 7032 
3 3328 3253 3031 
3 429 5066 1280 
3 2905 2541 2539 
3 2760 3132 3058 
3 6606 6609 6630 
3 2678 2686 3059 
3 3021 5530 1224 
3 2992 2909 2840 
3 3011 3093 3234 
3 2766 3214 2689 
3 2900 2602 2386 
3 1905 3123 9393 
3 8221 3061 9191 
3 3297 2689 3214 
3 9790 9626 2881 
3 2997 3059 2625 
3 3583 3160 3448 
3 3368 2910 3140 
3 9393 2514 3196 
3 3546 4346 1973 
3 2911 2846 2998 
3 2998 2846 2913 
3 3141 2843 3300 
3 3160 3583 3379 
3 5615 5538 5170 
3 2915 3140 2691 
3 2843 3141 2771 
3 5260 6710 354 
3 3697 3570 3880 
3 2850 2914 2847 
3 2402 2694 2770 
3 2772 2850 2847 
3 9094 3754 8437 
3 2286 2279 1407 
3 2773 3070 2775 
3 2204 2197 2583 
3 8063 2251 9014 
3 4496 9160 1876 
3 2853 2635 3149 
3 8056 5336 8989 
3 4248 1159 1152 
3 8329 5883 5144 
3 4 12 14 
3 2855 3153 3006 
3 8056 2159 5336 
3 6164 3243 6498 
3 3087 3013 3083 
3 3230 2927 3084 
3 7418 1305 7471 
3 2859 2782 3157 
3 1381 1061 4061 
3 3761 5422 2871 
3 2930 2783 2862 
3 5406 5412 4791 
3 4153 3978 4664 
3 2342 3015 2497 
3 2248 2327 2396 
3 1563 5336 4771 
3 3466 3154 6170 
3 1507 1384 1690 
3 1841 9393 914 
3 2643 3088 3010 
3 4929 6170 9662 
3 2646 3091 3088 
3 3380 2857 2933 
3 2641 3093 3011 
3 9153 8337 3012 
3 2711 3015 3159 
3 2000 1807 2318 
3 2940 2937 2872 
3 2933 2787 2937 
3 4547 570 526 
3 2937 2936 2933 
3 2938 2571 2867 
3 2126 3830 1245 
3 2872 2937 2787 
3 2937 2944 2936 
3 2287 2052 2199 
3 2940 2945 2937 
3 2945 2944 2937 
3 2943 2876 3023 
3 2649 2876 2943 
3 2718 2571 3024 
3 9257 6171 7557 
3 2945 2950 2944 
3 2877 2949 2953 
3 5063 7360 7317 
3 2947 2880 2939 
3 2950 2945 2795 
3 3245 2718 3024 
3 2950 2952 2944 
3 5873 5868 9940 
3 2878 3028 2719 
3 3249 3025 2792 
3 2795 2884 2950 
3 3376 3569 3437 
3 3174 2957 3331 
3 2950 2884 2952 
3 3096 2654 3100 
3 2715 2110 2109 
3 651 278 6414 
3 277 253 304 
3 2952 2801 3027 
3 1981 7126 1404 
3 9016 2359 6594 
3 2953 2956 2797 
3 3033 2883 2574 
3 3032 2799 2796 
3 2722 3174 3033 
3 2957 3174 2722 
3 9910 9352 9909 
3 3032 3031 2885 
3 5618 6305 7073 
3 6115 5999 8568 
3 1399 2056 8730 
3 8626 375 8466 
3 7823 8480 494 
3 2802 2728 3175 
3 1617 1978 6542 
3 3106 2658 2805 
3 3037 2731 2888 
3 2241 7973 249 
3 3175 2728 3107 
3 2728 2584 3107 
3 3037 3108 2813 
3 6164 9007 6128 
3 8654 1746 9306 
3 2963 3109 2815 
3 9039 8393 3934 
3 2445 2526 2373 
3 1990 3855 4328 
3 2894 2895 2971 
3 3113 3265 2968 
3 3265 3046 2818 
3 4023 3950 3710 
3 3042 2745 3044 
3 8269 1851 8280 
3 6045 6861 8095 
3 6521 6340 6714 
3 2916 6164 5696 
3 2644 2715 2566 
3 3052 2974 3200 
3 3052 2979 2974 
3 3052 2903 2979 
3 1928 1934 8709 
3 2753 2985 3207 
3 9875 5540 7871 
3 334 8757 2411 
3 2980 2984 2985 
3 2979 2825 2974 
3 2153 2993 4808 
3 7180 9620 3681 
3 2908 2983 2988 
3 9987 1928 4222 
3 6600 6331 6332 
3 9110 4726 7105 
3 3243 6589 6498 
3 2988 2840 2908 
3 2988 2992 2840 
3 2907 3204 2991 
3 429 8593 4362 
3 2985 2984 3207 
3 2603 2907 2759 
3 1488 1446 8596 
3 3129 2984 2834 
3 2994 2842 2991 
3 3214 2909 2992 
3 4772 2305 4893 
3 919 9126 9848 
3 3668 3673 3866 
3 181 216 203 
3 4544 9747 9756 
3 3214 2766 2909 
3 2784 8833 9062 
3 5046 8035 945 
3 4785 3319 8472 
3 8371 8367 7294 
3 8030 6354 6962 
3 6962 7747 8030 
3 2911 3065 2997 
3 312 422 374 
3 3002 3217 2913 
3 4981 2138 187 
3 3002 2913 2914 
3 3002 2850 3142 
3 2911 2997 2770 
3 3005 3142 2850 
3 2468 6911 3507 
3 2919 3145 3072 
3 3273 3048 3195 
3 2419 2654 2717 
3 1807 2000 1938 
3 388 7683 3399 
3 1316 1417 1612 
3 2921 2851 2775 
3 2922 2851 3145 
3 2779 2851 2922 
3 4045 526 4146 
3 2927 3082 2862 
3 3077 2853 3309 
3 3286 1606 5062 
3 2925 3076 2926 
3 2781 3079 3080 
3 2926 3079 2781 
3 846 8075 9423 
3 3751 3749 3551 
3 2927 3230 3082 
3 7848 9543 5153 
3 6286 6902 6658 
3 2782 2932 2929 
3 2782 2929 3157 
3 3083 3312 3229 
3 9836 9160 7139 
3 2862 3082 2930 
3 7471 4033 7418 
3 7234 4390 7119 
3 3046 2436 2669 
3 2965 3107 2584 
3 2932 2641 3011 
3 2933 2936 3380 
3 3092 2639 3317 
3 3018 2639 3092 
3 1259 1262 5223 
3 1850 3254 1856 
3 3018 3092 2938 
3 259 211 171 
3 534 6318 4529 
3 4669 8068 7619 
3 2711 3318 3020 
3 2938 3391 3024 
3 3033 3173 2883 
3 2942 2935 3387 
3 1821 9487 9353 
3 1114 257 3412 
3 3320 2790 2943 
3 1106 4771 2095 
3 2650 2945 2940 
3 2713 2650 2940 
3 751 764 758 
3 3026 3098 3240 
3 2939 3236 2947 
3 9447 1847 1189 
3 3112 3042 3044 
3 1796 3196 2514 
3 2838 9962 2043 
3 2873 3236 2939 
3 8973 2975 7667 
3 3026 2949 3098 
3 183 179 152 
3 2878 3524 3028 
3 2758 2604 2457 
3 2721 2955 3249 
3 2888 2508 2880 
3 9821 7126 1981 
3 2953 3326 2956 
3 3102 2796 3028 
3 5702 3193 5724 
3 3027 2801 2887 
3 3169 3166 3027 
3 2131 2133 500 
3 2658 3101 2955 
3 2953 3026 3326 
3 3105 3031 3253 
3 4015 3943 3572 
3 2957 2802 3175 
3 3332 2726 3255 
3 962 7662 948 
3 4910 4872 2019 
3 8306 350 5134 
3 3041 3036 2812 
3 2959 2726 3258 
3 2960 2889 3035 
3 4910 4886 7981 
3 2812 3036 2808 
3 5443 2651 2788 
3 2959 3335 3043 
3 2964 2960 3341 
3 8052 6683 465 
3 8915 230 1906 
3 8284 8643 5893 
3 4259 7774 8869 
3 3044 2814 2962 
3 3112 3044 2962 
3 8104 8237 8830 
3 4275 346 3510 
3 4933 1419 6395 
3 3100 3168 3096 
3 9447 1189 1993 
3 3191 2964 3341 
3 3113 2968 2967 
3 2966 3190 2965 
3 2321 9398 1031 
3 3452 3837 3585 
3 3195 2749 2747 
3 2333 9159 3097 
3 3274 2825 3047 
3 2821 3190 2966 
3 245 8462 7814 
3 2973 2976 3117 
3 3274 2974 2825 
3 3268 2973 3117 
3 3270 3115 2824 
3 2977 3198 2899 
3 3513 3520 4296 
3 3273 2978 3048 
3 4522 2995 4539 
3 5239 5437 2305 
3 3052 3055 2903 
3 2978 3122 3204 
3 9805 4640 5705 
3 7537 5840 9105 
3 3171 4550 3871 
3 2070 1736 1800 
3 9194 7813 8471 
3 9707 9035 3578 
3 5064 8203 8184 
3 8968 43 7777 
3 2832 2753 2905 
3 3285 2758 2679 
3 3128 3129 2837 
3 8674 7405 4222 
3 4897 5618 4909 
3 486 372 491 
3 3122 3284 3204 
3 5793 2823 8643 
3 9969 8645 2755 
3 8179 8649 8239 
3 8781 9459 8405 
3 2541 2905 3362 
3 2762 2759 2907 
3 2269 2351 2499 
3 75 4669 7977 
3 75 4933 8068 
3 2998 3068 3065 
3 3399 8408 388 
3 3511 3090 3087 
3 3690 5112 9412 
3 7988 7686 7989 
3 7572 3637 4573 
3 8284 5893 984 
3 4814 4462 7591 
3 2279 2225 9019 
3 3142 3005 3144 
3 3493 9683 4007 
3 2851 2921 3145 
3 9308 5106 8013 
3 2853 3149 3309 
3 3186 4556 3267 
3 3065 3296 2997 
3 3134 3681 7079 
3 3006 3153 3150 
3 2245 9580 9574 
3 3080 3079 3310 
3 2159 4771 5336 
3 1405 8178 1561 
3 8968 2626 9751 
3 9408 9127 8985 
3 3312 3082 3227 
3 3312 3083 2930 
3 3082 3312 2930 
3 3087 3083 3229 
3 2857 3380 2928 
3 3032 3328 3031 
3 2932 3011 3233 
3 8338 9677 6943 
3 3161 3013 3090 
3 2305 5437 5096 
3 4618 8038 7777 
3 8579 4033 646 
3 4886 5436 6762 
3 3159 3318 2711 
3 9669 7667 2975 
3 3391 2938 3092 
3 2944 2941 2936 
3 6964 6718 6623 
3 9249 9826 947 
3 2788 8476 5443 
3 2718 3245 2878 
3 3254 7554 1856 
3 4016 3825 3933 
3 6317 5647 4002 
3 60 1567 4572 
3 3026 2953 2949 
3 9795 9632 9633 
3 3169 3248 3166 
3 4872 8284 984 
3 3176 3404 2958 
3 3330 3033 3174 
3 4669 948 7977 
3 3032 3102 3328 
3 2658 3106 3101 
3 4910 2019 4624 
3 7044 201 9823 
3 9481 9485 9771 
3 3175 3107 3408 
3 8958 3316 1529 
3 3176 2734 3261 
3 2813 3108 2962 
3 1465 3981 4003 
3 8317 9629 6926 
3 8363 8361 8356 
3 4550 3171 2537 
3 2962 3110 3112 
3 4705 1074 7796 
3 2963 3336 3184 
3 3187 3046 3265 
3 8086 7661 9627 
3 4994 4386 9035 
3 7982 8960 7983 
3 3417 3547 3047 
3 3115 3190 2821 
3 4618 7777 7698 
3 3195 3048 2749 
3 3270 3190 3115 
3 3194 3270 2824 
3 2240 8946 8938 
3 3547 3274 3047 
3 2824 2899 3194 
3 3273 3201 2978 
3 3276 3198 3203 
3 2646 2643 2645 
3 2978 3201 3122 
3 9280 8564 8565 
3 4612 690 2333 
3 2903 3055 2983 
3 2305 5096 4893 
3 3206 3124 3055 
3 2982 2757 3205 
3 3052 3202 3055 
3 3202 3052 3200 
3 4770 7444 6042 
3 3202 3206 3055 
3 2188 2193 2351 
3 9333 3632 9299 
3 6549 1218 2777 
3 2981 2979 2903 
3 2468 7774 7612 
3 8810 8808 2733 
3 2983 3124 2988 
3 7751 7052 6324 
3 3129 3290 2984 
3 2905 2753 3291 
3 2994 2991 3288 
3 2753 3207 3291 
3 3041 2586 2895 
3 3363 2992 3126 
3 3006 2560 2855 
3 7782 8442 150 
3 4872 4910 7981 
3 2530 2674 2832 
3 2541 3362 3298 
3 3065 3366 3296 
3 62 85 2720 
3 4317 4762 4228 
3 1092 8269 9418 
3 3300 2843 3298 
3 2915 3302 3140 
3 2573 8364 1880 
3 3673 3610 3480 
3 9580 8907 8926 
3 4624 4886 4910 
3 3306 3072 3145 
3 3222 2771 3141 
3 3223 3144 3004 
3 3149 3150 3224 
3 3149 3006 3150 
3 9770 9615 9898 
3 3228 3153 2855 
3 3079 2926 3076 
3 9574 6888 2372 
3 3076 2925 3077 
3 3228 2855 2928 
3 5836 5568 5391 
3 3442 3505 3634 
3 4229 4533 4323 
3 3921 9978 6796 
3 3086 3010 3160 
3 2701 3080 2637 
3 568 4073 7471 
3 2245 8884 9580 
3 7069 9756 8419 
3 3159 2637 3156 
3 2731 2585 2426 
3 1413 6284 2035 
3 3380 3311 2928 
3 3317 3157 3232 
3 2932 3233 2929 
3 5261 9785 9114 
3 3013 3087 3090 
3 3091 3160 3088 
3 2492 2875 3093 
3 2633 2778 2478 
3 2772 2847 2694 
3 4659 4119 4188 
3 1918 1386 2170 
3 3391 3092 3237 
3 2943 3241 3238 
3 3239 3447 2936 
3 3388 2947 3236 
3 2744 3426 5377 
3 1365 5139 5149 
3 3096 3168 2875 
3 2875 3168 3242 
3 3224 3150 3568 
3 3093 2875 3242 
3 3814 3622 3813 
3 6943 3874 6933 
3 3245 3524 2878 
3 9656 8317 6940 
3 9021 9438 8723 
3 9163 7044 2101 
3 4544 8903 1071 
3 8604 9273 9271 
3 3100 2654 3029 
3 3736 3857 3468 
3 3539 1229 1218 
3 3102 3524 3397 
3 3101 3525 2955 
3 2947 3398 2880 
3 3397 3328 3102 
3 3149 2635 3006 
3 2883 3173 3029 
3 3027 2887 3530 
3 3486 7978 3432 
3 3091 2790 3320 
3 3530 2887 3404 
3 3101 3106 3535 
3 9552 7605 2250 
3 9470 9475 8886 
3 4326 4078 2008 
3 1555 1815 1678 
3 2808 3036 3106 
3 3256 3035 2889 
3 3109 2963 3184 
3 4772 2033 1826 
3 3109 3468 3469 
3 3035 3259 2960 
3 3259 3341 2960 
3 2865 2871 5410 
3 3239 2936 2941 
3 3181 3036 3041 
3 3334 3107 2965 
3 4248 1152 5679 
3 5626 7130 9914 
3 3469 3261 3040 
3 3472 2967 2745 
3 9083 4616 3789 
3 3187 3265 3340 
3 2971 3189 2894 
3 5437 8239 5436 
3 9105 7927 9888 
3 3417 2897 2970 
3 3191 2747 2964 
3 4387 2870 5104 
3 6165 8859 8208 
3 3268 2971 2973 
3 3484 3268 3117 
3 2220 6174 2232 
3 2305 3678 5239 
3 855 858 1733 
3 8595 8729 8451 
3 2591 2742 2215 
3 9522 8208 8859 
3 3117 2976 3275 
3 2766 2544 2683 
3 9816 134 2073 
3 4772 1826 4696 
3 3557 3136 2910 
3 9892 7602 9802 
3 2977 3203 3198 
3 3336 3474 3736 
3 2572 2792 3025 
3 9012 7001 7678 
3 3276 3203 3280 
3 5096 5436 4893 
3 4956 4757 5040 
3 3203 3282 3280 
3 1369 4529 7122 
3 3285 2994 3288 
3 3203 3059 3282 
3 7122 9337 1369 
3 3277 3284 3122 
3 3288 2991 3284 
3 3126 3124 3206 
3 8781 7480 8791 
3 3013 2783 2930 
3 7553 8843 9159 
3 2992 3363 3214 
3 3296 3059 2997 
3 3059 3296 3282 
3 3058 3128 2837 
3 4861 390 3895 
3 7977 948 6636 
3 4462 6336 7591 
3 5553 5379 5374 
3 1422 9139 8790 
3 2061 6297 9101 
3 6063 7132 9596 
3 1317 1087 1182 
3 3452 3591 3837 
3 8286 8778 6042 
3 2692 2770 2997 
3 3957 3711 4213 
3 4186 4276 4008 
3 115 4914 5892 
3 416 4117 5632 
3 6488 1952 6798 
3 4035 3892 3835 
3 3070 3305 2921 
3 3305 3306 2921 
3 8824 6116 7534 
3 7704 837 5047 
3 3305 3562 3306 
3 3144 3005 3004 
3 3308 3149 3224 
3 3222 3223 3004 
3 9596 7132 347 
3 9620 7079 3681 
3 3311 3228 2928 
3 3086 3160 3379 
3 2929 3233 3157 
3 9274 6545 8625 
3 4586 8414 9743 
3 3080 3156 2637 
3 6225 6488 6261 
3 3522 2626 3611 
3 2176 2705 2706 
3 3617 3811 3930 
3 2024 359 2030 
3 3234 3233 3011 
3 6629 1617 9326 
3 3516 3161 3090 
3 1405 2820 9490 
3 375 568 9843 
3 9495 8171 8153 
3 6377 5792 8885 
3 4772 4893 2033 
3 2942 3387 3098 
3 2687 9596 7532 
3 4085 4360 4365 
3 3852 4044 3791 
3 3248 3239 3166 
3 3452 3238 3241 
3 8844 3116 9637 
3 3396 3026 3240 
3 117 2536 2540 
3 9417 5169 9447 
3 9489 7516 8810 
3 2955 3525 3249 
3 8126 3517 3436 
3 3730 3857 3913 
3 3452 3585 3448 
3 3169 3027 3530 
3 3173 3401 3029 
3 3173 3033 3330 
3 3255 3105 3600 
3 3405 3660 3788 
3 3789 3879 9083 
3 3956 1733 3220 
3 6081 6188 5886 
3 7993 9681 5097 
3 2224 1858 1931 
3 5726 2347 4003 
3 454 603 452 
3 8706 7680 9370 
3 3035 3256 3177 
3 1826 2033 6775 
3 1192 646 4073 
3 646 1192 2471 
3 1192 4073 1064 
3 3035 3177 3259 
3 9083 3901 4616 
3 3408 3107 3334 
3 7299 5091 4616 
3 3109 3469 3040 
3 359 2024 358 
3 42 4508 9775 
3 9807 6264 7704 
3 7602 9892 5505 
3 5400 6792 6079 
3 358 9670 359 
3 4616 3901 7343 
3 2510 2800 2721 
3 8446 4170 7055 
3 7299 3821 7285 
3 3110 3262 3112 
3 2963 3187 3336 
3 4823 9065 361 
3 1998 1933 1932 
3 3113 3472 3265 
3 2965 3190 3739 
3 3045 3046 3187 
3 3341 3481 3191 
3 3268 3189 2971 
3 2744 676 680 
3 3190 3270 3344 
3 3414 3417 2970 
3 837 4226 5047 
3 3195 2747 3191 
3 1430 1767 1766 
3 3485 3200 3274 
3 7602 2627 9802 
3 7499 847 8788 
3 2045 385 2803 
3 6498 6742 9011 
3 3970 3785 3657 
3 678 9155 4528 
3 3422 3276 3280 
3 3074 4913 3908 
3 3280 3352 3422 
3 3275 3205 3281 
3 3122 3201 3277 
3 3356 3363 3206 
3 3353 3288 3284 
3 3291 3207 3554 
3 3203 2678 3059 
3 57 52 7681 
3 3126 3206 3363 
3 3554 3207 3290 
3 4707 4694 272 
3 8363 9728 6939 
3 3296 3358 3282 
3 3295 3128 3294 
3 3359 3295 3294 
3 3128 3132 3294 
3 3132 3128 3058 
3 3437 3150 3153 
3 2147 2144 2143 
3 1665 9586 9616 
3 3296 3366 3358 
3 9594 9592 9315 
3 3214 3428 3297 
3 699 1596 9510 
3 3367 3366 3068 
3 7234 4004 3322 
3 4234 4531 4424 
3 8106 8123 6682 
3 9907 208 9535 
3 3367 3494 3366 
3 2484 1674 4169 
3 43 8968 9751 
3 373 6763 5296 
3 3368 3140 3302 
3 3869 3614 3549 
3 5431 4904 4907 
3 4865 4889 4993 
3 4308 3639 4959 
3 465 7425 8243 
3 3141 3499 3222 
3 3561 3494 3144 
3 876 1000 842 
3 7471 9843 568 
3 3306 3145 2921 
3 3076 3077 3435 
3 3077 3309 3435 
3 3149 3308 3309 
3 3222 3499 3223 
3 93 5666 2879 
3 3438 3227 3230 
3 3009 9653 5496 
3 4639 3342 9003 
3 3376 3437 3228 
3 3437 3153 3228 
3 2981 2829 2979 
3 7530 3243 2916 
3 3082 3230 3227 
3 3229 3312 3501 
3 3086 3377 3230 
3 3339 7681 52 
3 776 2019 4872 
3 3157 3382 3232 
3 3157 3233 3382 
3 808 6158 1527 
3 3423 5822 3433 
3 3501 3446 3229 
3 3511 3087 3446 
3 3443 3159 3156 
3 3318 3159 3443 
3 9003 3342 6168 
3 3382 3233 3234 
3 3385 3092 3317 
3 3156 3579 3443 
3 1876 8511 4496 
3 3521 3646 3644 
3 3317 3381 3385 
3 4019 4015 4193 
3 3517 2687 7532 
3 1961 2562 2255 
3 7437 3125 4768 
3 9942 9451 2891 
3 3160 3091 3320 
3 3320 3448 3160 
3 4291 8535 1838 
3 7924 8077 7923 
3 3387 3240 3098 
3 3519 3239 3248 
3 62 2664 53 
3 2947 3388 3526 
3 2947 3526 3398 
3 8055 1978 6635 
3 2047 5025 3559 
3 3432 7978 3313 
3 3777 3721 3521 
3 3029 3393 3100 
3 1574 2383 6394 
3 1181 453 2489 
3 9473 2383 1574 
3 3249 3650 3241 
3 7171 7132 6063 
3 7509 6091 8141 
3 9930 2326 2226 
3 9237 5446 7892 
3 3530 3404 3329 
3 3105 3253 3600 
3 2604 2757 2982 
3 2204 2591 2209 
3 3535 3106 3536 
3 9259 2383 9473 
3 4114 3950 4110 
3 2383 8871 5726 
3 3037 2888 3460 
3 3536 3106 3036 
3 6591 6133 6034 
3 3043 3335 3337 
3 9942 9317 9451 
3 3259 3177 3333 
3 9251 1514 9396 
3 9686 3821 7343 
3 3335 2959 3258 
3 4637 5959 6684 
3 8871 9259 8793 
3 6444 4030 1119 
3 7883 9870 7208 
3 8871 8793 2736 
3 7070 497 2446 
3 2745 3042 3470 
3 2446 212 7070 
3 2894 3189 3181 
3 3470 3472 2745 
3 8938 9612 2240 
3 3472 3340 3265 
3 4304 4297 4116 
3 3545 3671 3674 
3 7595 1646 8035 
3 3481 3341 3413 
3 5113 8871 2736 
3 5098 9834 5147 
3 3480 3189 3268 
3 3420 3270 3194 
3 3612 3273 3743 
3 3348 3484 3117 
3 3346 3420 3194 
3 1553 3269 5788 
3 1978 1617 6635 
3 3549 3274 3547 
3 5921 7119 316 
3 6115 8581 6148 
3 2919 2922 3145 
3 3350 3200 3485 
3 3422 3346 3276 
3 3332 3258 2726 
3 3317 2410 2859 
3 4080 4070 8544 
3 7583 4402 5712 
3 8466 6742 371 
3 3428 3363 3356 
3 6883 8291 1181 
3 3992 3991 3807 
3 6096 7578 8937 
3 3355 3288 3353 
3 3355 3285 3288 
3 3615 3355 3353 
3 5047 6215 7704 
3 3358 3280 3282 
3 8993 5402 6972 
3 3362 2905 3291 
3 3331 2957 3175 
3 3490 3294 3132 
3 6402 9089 8503 
3 7354 7342 1918 
3 3490 3132 3136 
3 3490 3427 3294 
3 2910 3368 3558 
3 1596 699 6817 
3 7695 4826 4845 
3 213 3251 8857 
3 4825 6203 4639 
3 2792 2510 2721 
3 6828 1637 3910 
3 2482 2554 2776 
3 8896 6200 6888 
3 3494 3142 3144 
3 3441 5649 870 
3 429 1280 5766 
3 3552 3281 3488 
3 7776 7464 8804 
3 8124 8914 8508 
3 222 2181 6431 
3 7578 6096 7582 
3 9006 674 6128 
3 5551 4165 8438 
3 4772 4696 2305 
3 7585 932 5016 
3 5357 3114 2349 
3 3502 3501 3312 
3 3228 3311 3376 
3 2923 3801 6175 
3 4011 4104 4388 
3 3376 3311 3442 
3 3086 3379 3377 
3 1657 8885 5855 
3 3505 3442 3311 
3 907 882 2490 
3 9982 6103 8020 
3 6692 7095 7863 
3 1453 1350 1522 
3 8604 6545 9274 
3 3445 3382 3234 
3 3092 3385 3237 
3 3234 3242 3386 
3 3391 3515 3715 
3 3556 2803 2809 
3 3240 3387 3518 
3 2115 2421 2425 
3 3245 3024 3391 
3 2700 2699 8423 
3 4514 3954 3898 
3 5326 4076 4700 
3 3596 2061 9112 
3 8495 8498 8922 
3 3241 3025 3249 
3 3168 3644 3242 
3 3521 3168 3393 
3 4019 3946 3943 
3 944 92 103 
3 3051 5915 9077 
3 3597 3525 3101 
3 3256 3326 3403 
3 5915 2367 9077 
3 177 164 1868 
3 3253 3657 3600 
3 5396 7152 2830 
3 3402 3173 3330 
3 6444 2043 4092 
3 3405 3330 3331 
3 3402 3401 3173 
3 6245 3830 4807 
3 3601 3404 3176 
3 3331 3175 3464 
3 3462 3404 3601 
3 6444 2826 2043 
3 1948 2463 2247 
3 3409 3662 3536 
3 2637 3159 2706 
3 3168 3521 3644 
3 3258 3332 3465 
3 1148 1202 1342 
3 3465 3335 3258 
3 3469 3601 3261 
3 3259 3413 3341 
3 3184 3468 3109 
3 752 7584 8867 
3 3336 3468 3184 
3 7673 7824 7820 
3 3185 3470 3042 
3 3474 3187 3340 
3 3474 3336 3187 
3 4118 1282 430 
3 1922 9456 8453 
3 3181 3189 3476 
3 3181 3409 3036 
3 2665 4014 4728 
3 3621 3872 3751 
3 824 5378 5432 
3 3545 3417 3414 
3 3476 3189 3543 
3 3548 3344 3270 
3 2828 5614 9948 
3 4077 3876 3810 
3 9203 7179 8524 
3 3485 3274 3549 
3 3806 3612 3743 
3 58 8972 7888 
3 3083 3013 2930 
3 2135 7888 8972 
3 1878 6198 1922 
3 3350 3553 3356 
3 2663 1802 6029 
3 8604 7278 6545 
3 3489 3280 3358 
3 4239 4431 3795 
3 5515 5081 1504 
3 9023 4081 6987 
3 7564 6817 8207 
3 3360 3683 3295 
3 3488 3281 3355 
3 3617 3362 3291 
3 2335 558 8101 
3 3358 3366 3489 
3 3363 3428 3214 
3 81 59 80 
3 3136 3557 3490 
3 3280 3489 3352 
3 2910 3558 3557 
3 2654 3096 2717 
3 5069 4676 4442 
3 6817 699 1705 
3 7080 9774 8945 
3 3300 3298 3625 
3 5079 2720 85 
3 6777 5253 6006 
3 8306 6769 5081 
3 2663 6029 2695 
3 3297 3624 3305 
3 909 836 989 
3 3306 3498 3072 
3 8585 7263 8592 
3 4148 9025 4139 
3 4352 3992 4071 
3 2916 3243 6164 
3 4157 3745 3923 
3 1520 5081 6769 
3 7208 9228 7893 
3 3256 2889 2956 
3 9261 9920 8581 
3 4443 4671 4894 
3 3568 3150 3437 
3 3439 3079 3076 
3 83 2412 3148 
3 7332 4469 2999 
3 3050 1505 6992 
3 3570 3697 3502 
3 3439 3703 3310 
3 8581 6518 8585 
3 2431 2451 2437 
3 8768 4370 9322 
3 5793 4305 2823 
3 2042 9322 4370 
3 7674 768 1660 
3 3381 3232 3506 
3 3501 3580 3446 
3 3582 3505 3380 
3 3366 3065 3068 
3 913 5533 7600 
3 7660 8105 8094 
3 1684 5992 7585 
3 4320 7234 3322 
3 7337 9337 7122 
3 3585 3837 3771 
3 2679 2758 2609 
3 6589 3243 6 
3 6174 2987 2232 
3 8293 7715 7380 
3 3234 3386 3445 
3 3273 3271 3743 
3 3515 3391 3237 
3 1590 9106 113 
3 7648 9976 8060 
3 3387 3516 3518 
3 9307 7996 8664 
3 5022 7530 2916 
3 3715 3245 3391 
3 6110 7368 6005 
3 3645 3245 3715 
3 5079 107 2730 
3 3519 3248 3593 
3 2330 4092 8620 
3 9242 5999 9237 
3 2952 2884 2724 
3 3593 3248 3456 
3 3388 3236 3514 
3 7405 9987 4222 
3 7500 157 1005 
3 9288 8431 9287 
3 9310 9312 7996 
3 2199 1848 1920 
3 9561 8426 8999 
3 3525 3650 3249 
3 3401 3393 3029 
3 551 3741 9917 
3 2888 3398 3784 
3 3401 3531 3393 
3 9228 9886 8555 
3 3953 4032 3714 
3 5022 2788 1327 
3 3597 3101 3535 
3 9544 4581 2412 
3 8555 7893 9228 
3 3329 3404 3462 
3 3402 3330 3405 
3 8645 7405 8674 
3 6813 9956 7307 
3 4581 3148 2412 
3 3790 3408 3334 
3 3108 3460 3786 
3 3702 3940 3503 
3 3537 3335 3465 
3 3333 3413 3259 
3 9018 5939 8814 
3 8888 8321 8750 
3 7207 7885 7877 
3 7877 7885 9875 
3 4705 639 1074 
3 3106 2805 2808 
3 3112 3262 3185 
3 3473 3472 3470 
3 3340 3472 3473 
3 3340 3473 3542 
3 3470 3185 3541 
3 5392 3119 3127 
3 9019 2225 8989 
3 3610 3189 3480 
3 3951 3133 3131 
3 3413 3479 3481 
3 8786 8718 6317 
3 3413 3609 3479 
3 3326 3457 3403 
3 3481 3483 3191 
3 3191 3271 3195 
3 3271 3191 3483 
3 8177 1327 2788 
3 3273 3612 3201 
3 2742 2970 2897 
3 3549 3547 3674 
3 3612 3613 3201 
3 3613 3353 3277 
3 5356 4072 9958 
3 5310 9958 4072 
3 9194 859 1964 
3 7531 9684 7530 
3 3492 2743 1190 
3 2970 3337 3414 
3 8557 5356 6461 
3 5336 1264 8989 
3 3350 3356 3202 
3 9076 8790 1708 
3 9769 6610 2091 
3 3488 3355 3615 
3 4503 4727 4405 
3 3352 3751 3551 
3 3920 5830 5200 
3 3617 3291 3554 
3 2788 5696 8476 
3 5443 3678 2651 
3 3362 3625 3298 
3 7942 1965 7271 
3 3624 3562 3305 
3 5197 3914 3231 
3 3499 3141 3300 
3 3368 3302 3563 
3 3499 3693 3223 
3 3223 3561 3144 
3 5081 1520 1504 
3 8014 7865 7721 
3 1421 1997 9600 
3 3435 3572 3076 
3 3439 3076 3572 
3 3569 3568 3437 
3 3569 3631 3568 
3 3204 3284 2991 
3 9763 9094 8437 
3 3503 3377 3702 
3 2801 2952 2724 
3 3227 3570 3312 
3 4105 3399 7500 
3 3570 3502 3312 
3 704 8306 5081 
3 3230 3573 3438 
3 2733 8808 2084 
3 6850 780 6880 
3 3311 3380 3505 
3 3855 7600 5533 
3 3827 3382 3509 
3 3156 3310 3579 
3 3136 3132 2760 
3 9247 9243 5571 
3 8973 8309 3661 
3 3382 3445 3509 
3 3512 3446 3580 
3 3511 3446 3512 
3 2830 7152 9594 
3 2916 5696 5022 
3 3707 3583 3448 
3 3514 3443 3636 
3 3833 3707 3585 
3 3527 3648 3456 
3 3511 3589 3090 
3 2881 1772 9497 
3 3447 3582 3380 
3 4077 4449 4681 
3 3515 3237 3385 
3 3515 3385 3638 
3 7262 1541 5786 
3 3641 3388 3514 
3 3448 3585 3707 
3 3644 3835 3386 
3 3589 3518 3516 
3 3090 3589 3516 
3 1975 2730 107 
3 3386 3242 3644 
3 3396 3518 3457 
3 3592 3457 3518 
3 3593 3456 3648 
3 3245 3653 3524 
3 7980 9298 5985 
3 3456 3169 3527 
3 3398 3526 3784 
3 3393 3651 3521 
3 219 205 156 
3 1990 8768 9322 
3 3726 3530 3329 
3 3401 3402 3531 
3 3784 3460 2888 
3 5064 5152 4992 
3 4962 4992 5152 
3 1327 7240 5022 
3 3656 3600 3785 
3 3476 3540 3181 
3 520 423 379 
3 8060 8041 7648 
3 4962 5152 8038 
3 7871 5540 5432 
3 3700 3442 3634 
3 3598 3177 3403 
3 3729 3535 3536 
3 3659 3465 3332 
3 3408 3464 3175 
3 3464 3660 3405 
3 9699 3493 2785 
3 6310 136 119 
3 6676 5930 5961 
3 4624 4893 4886 
3 4886 4893 5436 
3 4216 4905 270 
3 3540 3409 3181 
3 3537 3337 3335 
3 6987 4081 3578 
3 3336 3736 3468 
3 5107 9836 9833 
3 9833 9836 7139 
3 3737 3542 3473 
3 3542 3474 3340 
3 3481 3675 3483 
3 3541 3185 3607 
3 3484 3348 3677 
3 1975 107 3608 
3 3337 3477 3414 
3 3189 3610 3543 
3 3344 3739 3190 
3 3479 3669 3740 
3 3867 3481 3479 
3 3803 3344 3548 
3 3133 3139 4210 
3 3348 3552 3677 
3 3483 3743 3271 
3 7984 4465 5819 
3 8455 9110 3073 
3 9310 9307 1773 
3 3549 3614 3485 
3 334 610 3774 
3 4206 9035 9707 
3 3676 3353 3613 
3 3613 3277 3201 
3 3548 3270 3420 
3 8068 6395 9904 
3 3381 3768 3385 
3 3615 3353 3679 
3 3960 4221 4523 
3 4125 3957 4217 
3 5484 87 9071 
3 3552 3348 3275 
3 8068 9904 4645 
3 3353 3680 3679 
3 8592 8596 1446 
3 7584 1856 7554 
3 2788 2651 8177 
3 282 1964 4227 
3 3554 3683 3811 
3 1542 2839 6186 
3 3362 3617 3625 
3 3622 3359 3427 
3 3359 3294 3427 
3 2988 3126 2992 
3 3623 3360 3359 
3 3687 3427 3490 
3 9179 8524 7854 
3 3557 3687 3490 
3 6468 3887 3889 
3 3889 6473 6468 
3 1156 4883 8038 
3 9033 5630 5607 
3 3624 3297 3428 
3 3625 3627 3300 
3 3320 2943 3238 
3 5764 5913 5973 
3 1156 8038 4618 
3 3562 3816 3498 
3 3562 3498 3306 
3 4264 2852 1309 
3 1720 1464 1661 
3 3816 3562 3624 
3 919 1156 4618 
3 6530 9255 8593 
3 3693 3561 3223 
3 3369 8082 9526 
3 3566 3567 3758 
3 3630 3629 3308 
3 3224 3568 3308 
3 2391 1945 2238 
3 3566 3435 3309 
3 3886 3580 3699 
3 6931 9960 9378 
3 3020 2873 2711 
3 7685 8349 9004 
3 7324 5994 7026 
3 3580 3501 3699 
3 3502 3697 3699 
3 8972 58 2194 
3 49 3475 1905 
3 3475 3123 1905 
3 941 8381 1303 
3 3708 3633 3579 
3 3156 3080 3310 
3 9872 4862 1781 
3 7280 7296 2948 
3 8845 9411 2427 
3 405 298 432 
3 7698 5058 4618 
3 3582 3447 3586 
3 4992 6656 5064 
3 3713 3514 3636 
3 9743 8414 8406 
3 3356 3553 3616 
3 3514 3318 3443 
3 3445 3386 3835 
3 3512 3640 3511 
3 7677 6779 6404 
3 3514 3713 3641 
3 3448 3238 3452 
3 9194 9131 7813 
3 3519 3586 3447 
3 3641 3526 3388 
3 3772 3586 3519 
3 3518 3589 3592 
3 3958 3511 3640 
3 3591 3452 3241 
3 501 733 673 
3 2116 2115 2425 
3 9145 7129 7124 
3 5712 7220 8632 
3 6657 3819 6656 
3 4580 5913 4279 
3 3650 3591 3241 
3 4624 2019 8500 
3 3650 3597 3724 
3 5719 8689 620 
3 7815 7941 7654 
3 3651 3393 3531 
3 9747 4120 7756 
3 3527 3169 3530 
3 3597 3535 3599 
3 9714 9566 9422 
3 3726 3329 3727 
3 4428 4404 8394 
3 3774 1482 334 
3 3402 3405 3788 
3 3599 3535 3729 
3 3728 3845 3727 
3 3417 3545 3547 
3 3858 3736 3474 
3 3660 3464 3790 
3 3662 3729 3536 
3 3659 3915 3465 
3 3705 3708 3579 
3 3037 3460 3108 
3 9864 1176 1185 
3 8645 8674 3151 
3 3465 3915 3537 
3 3110 3786 3664 
3 4768 8391 9752 
3 3786 3110 3108 
3 3732 3333 3177 
3 3469 3730 3601 
3 3664 3792 3262 
3 526 570 4146 
3 4037 4122 4125 
3 5893 2807 984 
3 682 2807 5893 
3 840 836 771 
3 3477 3337 3537 
3 3207 2984 3290 
3 3691 5127 6688 
3 3262 3607 3185 
3 3939 399 8258 
3 3464 3408 3790 
3 3545 3414 3667 
3 4314 4135 4650 
3 3414 3477 3667 
3 3739 3344 3803 
3 3609 3605 3734 
3 776 8500 2019 
3 3609 3413 3605 
3 588 5677 1997 
3 2892 1348 1746 
3 6989 5609 9017 
3 5029 7054 8414 
3 8152 7730 8017 
3 4206 6315 9035 
3 3743 3483 3742 
3 2777 9647 1213 
3 3867 3675 3481 
3 3673 3484 3677 
3 3869 3549 3674 
3 2796 3102 3032 
3 9105 5742 7537 
3 3420 3346 3807 
3 4872 984 2748 
3 3346 3551 3807 
3 3552 3488 3679 
3 3230 3084 3086 
3 3488 3615 3679 
3 3553 3350 3614 
3 3951 6378 3133 
3 2312 7595 1639 
3 7284 4396 7289 
3 6911 6932 3507 
3 3575 9101 5401 
3 3812 3428 3616 
3 8500 9789 9916 
3 9789 8500 3643 
3 776 8240 8500 
3 8401 8240 776 
3 3811 3617 3554 
3 2251 197 8249 
3 3360 3753 3683 
3 3624 3428 3812 
3 3622 3623 3359 
3 3753 3360 3623 
3 3685 3683 3753 
3 3561 3621 3494 
3 6549 228 8210 
3 3038 2084 9166 
3 9699 5630 9033 
3 3816 3624 3812 
3 3560 3558 3563 
3 3977 7840 3981 
3 7840 3977 6389 
3 4437 4056 4154 
3 7221 3770 3371 
3 3300 3627 3499 
3 3295 3129 3128 
3 2990 6990 3021 
3 3758 3567 3629 
3 3732 3734 3605 
3 3630 3568 3631 
3 3804 3674 3671 
3 9760 4599 7773 
3 3756 3693 3499 
3 3309 3567 3566 
3 3570 3438 3696 
3 3569 3376 3700 
3 6518 9248 5834 
3 4669 7619 4518 
3 3699 3501 3502 
3 9753 4377 4684 
3 3621 3751 3494 
3 4439 8501 5596 
3 8581 9248 6518 
3 3579 3310 3705 
3 5101 5169 9834 
3 7619 337 4518 
3 3379 3583 3577 
3 3825 3699 3697 
3 3948 3577 3583 
3 6974 7685 9023 
3 6280 9020 7683 
3 9760 7773 5030 
3 3579 3633 3443 
3 3640 3512 3959 
3 7756 8419 9747 
3 7756 7745 7754 
3 1369 537 5127 
3 3506 3768 3381 
3 1463 5719 8636 
3 6965 887 884 
3 6656 4992 6657 
3 3772 3519 3720 
3 3519 3593 3720 
3 3835 3773 3445 
3 7527 9653 3009 
3 3721 3835 3646 
3 4041 7068 4057 
3 3019 6488 6798 
3 3645 3653 3245 
3 3907 3397 3653 
3 8325 2573 435 
3 3651 3531 3903 
3 7668 3012 8337 
3 337 4645 4587 
3 3525 3597 3650 
3 3527 3530 3726 
3 7698 910 5058 
3 3328 3397 3657 
3 256 308 243 
3 3651 3777 3521 
3 3600 3657 3785 
3 3403 3654 3598 
3 3728 3727 3329 
3 5276 3663 2139 
3 3847 3531 3788 
3 3012 7668 8322 
3 3788 3531 3402 
3 5855 8885 5792 
3 9656 6940 6956 
3 3660 3790 3973 
3 3332 3255 3659 
3 8732 4497 4479 
3 3730 3462 3601 
3 4957 9324 9979 
3 3537 3915 3978 
3 8038 4883 4962 
3 269 312 287 
3 4320 6355 7280 
3 4957 7082 1371 
3 3735 3541 3795 
3 3791 3734 3732 
3 3735 3473 3541 
3 910 7698 4613 
3 1395 1879 5149 
3 3730 3913 3854 
3 3863 3476 3543 
3 3669 3609 3802 
3 4781 4430 4778 
3 3671 3545 3667 
3 3669 3479 3609 
3 3740 3867 3479 
3 3166 2944 2952 
3 3673 3745 3866 
3 3675 3742 3483 
3 6395 8068 4933 
3 5310 7056 9275 
3 3551 3346 3422 
3 5698 5705 4640 
3 3676 3613 3806 
3 2695 8861 3431 
3 3749 3807 3551 
3 375 1064 4073 
3 3552 3275 3281 
3 3001 5248 2266 
3 3382 3827 3232 
3 4039 4146 446 
3 3810 3616 3553 
3 4987 4071 4563 
3 9629 8960 7641 
3 9865 4883 1156 
3 4432 4433 4055 
3 4058 4432 4055 
3 570 4587 4704 
3 1045 916 1085 
3 3621 3561 3694 
3 3616 3428 3356 
3 3687 3622 3427 
3 3557 3558 3560 
3 3661 8309 8946 
3 2004 7262 5786 
3 3840 3839 3965 
3 2467 2486 2484 
3 3499 3627 3756 
3 7083 9774 7080 
3 3561 3693 3694 
3 3630 3631 3822 
3 8228 9539 1969 
3 8771 8153 6767 
3 3569 3826 3631 
3 3568 3630 3308 
3 4490 4090 4373 
3 3696 3438 3573 
3 4015 3572 3884 
3 2806 2958 2804 
3 3438 3570 3227 
3 5596 4338 4439 
3 7980 5985 9959 
3 1563 1106 1267 
3 6672 5221 8125 
3 2621 7636 7982 
3 2471 3652 646 
3 3741 551 5172 
3 7619 4645 337 
3 3946 3705 3943 
3 4003 4970 6424 
3 8634 8762 9348 
3 2460 313 139 
3 190 239 299 
3 3638 3949 3515 
3 2460 4039 313 
3 3349 6510 5088 
3 4045 4146 4039 
3 3443 3633 3636 
3 3771 3833 3585 
3 7476 8788 8777 
3 2101 9823 9520 
3 3447 3239 3519 
3 3773 3509 3445 
3 4217 4213 4517 
3 3589 3511 3958 
3 3714 3515 3949 
3 8916 9612 8938 
3 3896 3772 3720 
3 3994 1472 5702 
3 3589 3958 3592 
3 7643 6251 6932 
3 3835 3644 3646 
3 1917 1072 4590 
3 7612 5556 2468 
3 9612 8916 8932 
3 4888 4665 4333 
3 3255 3656 3659 
3 3863 3540 3476 
3 3778 3457 3592 
3 8757 9433 8107 
3 3654 3457 3778 
3 3255 3600 3656 
3 8055 6353 1978 
3 7745 9731 8393 
3 3599 3904 3597 
3 3905 3531 3847 
3 9882 9914 5370 
3 3846 3656 3909 
3 3598 3654 3906 
3 3730 3469 3857 
3 3598 3852 3177 
3 4238 4580 4279 
3 8259 8916 8907 
3 3943 3703 3439 
3 6775 6462 1826 
3 9580 8926 8896 
3 8690 9119 8835 
3 3732 3177 3852 
3 5819 4465 3008 
3 3733 3662 3540 
3 7152 5089 9592 
3 3857 3469 3468 
3 3856 3973 3790 
3 3792 3607 3262 
3 3662 3409 3540 
3 2888 2880 3398 
3 3789 7233 5870 
3 3858 3474 3542 
3 3858 4150 3736 
3 3537 3798 3477 
3 3543 3668 3863 
3 3797 3919 3734 
3 9012 3821 9686 
3 1652 1789 2209 
3 4152 2965 3739 
3 7605 8259 8884 
3 4152 3334 2965 
3 9495 8153 8771 
3 3802 3919 4249 
3 8884 2245 2250 
3 4321 4426 4324 
3 5513 7416 8864 
3 3677 3745 3673 
3 7097 3764 4435 
3 3548 3420 3807 
3 3745 3677 3680 
3 2260 9534 9679 
3 3753 3623 3814 
3 3806 3613 3612 
3 2677 2385 2532 
3 1192 1064 4936 
3 7769 5522 3357 
3 4337 3979 4335 
3 4068 3923 3680 
3 2337 1472 3994 
3 3875 3811 3683 
3 4259 8869 6183 
3 6813 5933 9956 
3 7419 9430 1280 
3 3621 3694 3873 
3 2545 1258 7497 
3 3687 3557 3560 
3 3273 3195 3271 
3 2501 1266 9876 
3 3816 3812 3876 
3 3369 5994 8082 
3 9931 9809 9368 
3 3563 3820 3560 
3 3841 3853 2931 
3 3962 2319 3980 
3 3816 3820 3498 
3 3629 3630 3882 
3 3822 3882 3630 
3 3879 3789 5870 
3 3219 7233 3681 
3 3631 3826 3822 
3 1042 1871 8718 
3 3825 3697 3935 
3 3696 3573 3824 
3 9880 4231 9868 
3 3696 3880 3570 
3 375 4073 568 
3 7636 8960 7982 
3 1245 591 7526 
3 3943 3439 3572 
3 3825 3886 3699 
3 8926 8938 8946 
3 7416 6831 9257 
3 3376 3442 3700 
3 1369 3691 534 
3 3577 3942 3702 
3 3622 3814 3623 
3 3945 3711 3635 
3 9033 9683 3493 
3 3948 3707 3833 
3 9861 6148 1312 
3 3636 3633 4028 
3 3708 4028 3633 
3 6617 6606 5286 
3 4023 3768 3829 
3 3827 3509 4024 
3 3943 3705 3703 
3 3210 7210 5805 
3 947 191 9249 
3 4511 3001 2243 
3 7069 4253 9756 
3 3512 3711 3957 
3 3955 3641 3713 
3 3957 3959 3512 
3 4192 4603 4611 
3 3645 3715 3714 
3 6861 8545 5992 
3 3512 3635 3711 
3 5476 9522 9128 
3 7938 860 7030 
3 6318 2918 6399 
3 5401 9101 4863 
3 3960 3653 3645 
3 3778 3592 3839 
3 3779 3723 3724 
3 3650 3723 3591 
3 3403 3457 3654 
3 3726 3844 3527 
3 3842 3651 3903 
3 3657 3397 3907 
3 3723 3650 3724 
3 3526 3900 3784 
3 1596 8181 9510 
3 3656 3785 3909 
3 9723 9720 9718 
3 6651 541 7677 
3 3784 3786 3460 
3 4090 4261 4373 
3 3732 3852 3791 
3 4098 3824 4103 
3 3608 6024 3619 
3 4863 361 5401 
3 3901 9083 9504 
3 8824 1212 7520 
3 9552 1995 7605 
3 4305 682 2823 
3 3537 3978 3798 
3 3917 3797 3734 
3 8771 7509 1198 
3 3917 3734 3791 
3 4397 4208 3941 
3 4221 4309 4519 
3 9574 8896 6888 
3 4238 4279 446 
3 3473 3735 3737 
3 4053 3334 4152 
3 3858 3542 3737 
3 2588 6334 4128 
3 3798 3984 3477 
3 2270 6610 9748 
3 2250 7605 8884 
3 375 7254 8466 
3 3667 3986 3671 
3 3865 3740 3669 
3 8820 6780 9490 
3 3607 3795 3541 
3 3867 3742 3675 
3 3742 3805 3743 
3 4970 4003 3981 
3 3601 3176 3261 
3 7343 3901 9686 
3 9876 1262 9873 
3 7299 7343 3821 
3 3924 3742 3867 
3 3925 3926 3870 
3 3614 3869 3870 
3 2660 2664 3508 
3 3926 3553 3614 
3 8809 6765 1212 
3 2538 2385 2677 
3 4170 8446 7045 
3 3749 3872 3928 
3 9969 2755 2601 
3 3621 3873 3872 
3 3616 3876 3812 
3 3813 3622 3687 
3 7833 8701 9891 
3 3685 3753 4256 
3 4256 3929 3685 
3 2665 4728 9589 
3 323 220 296 
3 3685 3929 3875 
3 3932 3814 4358 
3 3813 4358 3814 
3 3257 4728 2464 
3 6198 1216 1922 
3 8981 8697 8980 
3 3753 3814 4256 
3 3657 3253 3328 
3 4427 9685 9653 
3 3756 3930 3878 
3 9459 8796 6923 
3 375 8785 1064 
3 4287 4106 4198 
3 2664 2660 1921 
3 3758 3629 3881 
3 5955 5235 5209 
3 4016 3886 3825 
3 3824 3573 3503 
3 154 4547 526 
3 3940 3824 3503 
3 3569 3700 3826 
3 3824 3940 4103 
3 1365 5671 2157 
3 5888 7969 7309 
3 5494 5502 6165 
3 1386 5145 6666 
3 3945 3635 3580 
3 3577 3948 3942 
3 7471 646 4033 
3 1466 1600 1461 
3 3509 3891 4024 
3 9864 4082 1176 
3 9844 8461 4140 
3 4033 8579 497 
3 3773 3891 3509 
3 9907 3199 208 
3 7714 2190 9917 
3 3958 3839 3592 
3 4485 8550 7682 
3 4917 212 1902 
3 4485 7979 8550 
3 3720 3648 3963 
3 4192 4611 4193 
3 3591 3723 3898 
3 3292 100 108 
3 6598 9419 5148 
3 7708 7232 7227 
3 2259 2875 2492 
3 3842 3777 3651 
3 3963 3899 3720 
3 3779 3898 3723 
3 4611 5185 5021 
3 3517 7532 9622 
3 4987 4680 4352 
3 3742 3924 3805 
3 3724 3597 3904 
3 3779 3961 3898 
3 8165 9953 3116 
3 1110 3121 5296 
3 271 4751 2917 
3 3784 3900 3843 
3 3854 3845 3728 
3 2235 2320 2002 
3 7769 7786 4915 
3 3116 9907 9637 
3 3846 3909 3968 
3 3785 3970 3909 
3 3763 6652 6412 
3 3498 3563 3072 
3 3788 3660 3849 
3 3598 4044 3852 
3 4426 4421 4653 
3 3462 3730 3854 
3 3849 3660 3973 
3 3788 3849 3847 
3 8832 8171 9495 
3 3792 3664 4049 
3 6624 7527 3009 
3 3079 3439 3310 
3 4049 4050 3792 
3 4050 3607 3792 
3 6207 8964 6198 
3 3738 3733 3540 
3 3492 5710 9316 
3 446 512 313 
3 9407 7439 6017 
3 4153 3798 3978 
3 3334 4053 3790 
3 9666 9710 6610 
3 8868 9537 6624 
3 3802 3865 3669 
3 3987 3804 3986 
3 4342 3803 4250 
3 3803 3548 3991 
3 3869 3674 3804 
3 1983 2044 1915 
3 3487 6931 9951 
3 4013 3700 3634 
3 665 1518 1549 
3 3536 3036 3409 
3 3378 9804 4854 
3 3400 6824 4014 
3 7425 465 6683 
3 3810 3926 4163 
3 3553 3926 3810 
3 1711 1727 1723 
3 3875 3996 3811 
3 7337 7122 8676 
3 3659 3972 3915 
3 3051 9014 5915 
3 3846 3972 3659 
3 8884 8259 8907 
3 3134 9628 3681 
3 3268 3484 3480 
3 3683 3685 3875 
3 3806 4068 3676 
3 3948 3833 4026 
3 3878 3873 3694 
3 6965 884 6365 
3 7365 5018 7112 
3 6171 9257 6831 
3 3932 4256 3814 
3 2891 8837 1772 
3 3878 3694 3756 
3 4167 3687 3560 
3 4443 4155 4671 
3 865 1810 5275 
3 1569 6674 2870 
3 6357 5596 8501 
3 9783 9621 9204 
3 3629 3936 3881 
3 3629 3882 3936 
3 3884 3758 4194 
3 2181 8052 2220 
3 3882 3822 4011 
3 8870 3257 3247 
3 3232 3827 3506 
3 2810 3559 3565 
3 7233 3219 5870 
3 3937 3826 3938 
3 3826 3700 3938 
3 9586 1665 9484 
3 5614 5049 5036 
3 3627 3625 3930 
3 3942 3940 3702 
3 3941 3945 3886 
3 3945 3580 3886 
3 9251 9396 9317 
3 3368 3563 3558 
3 1355 7296 1352 
3 4108 3506 3827 
3 3251 772 3143 
3 4208 4213 3945 
3 7313 7530 5022 
3 3257 9769 3247 
3 9777 9771 9485 
3 845 3799 3199 
3 8325 8295 5393 
3 8078 3313 7978 
3 5694 6719 6818 
3 4302 3636 4028 
3 8368 1698 2521 
3 4026 3833 3771 
3 9522 5476 8208 
3 8777 7469 7476 
3 3953 3714 3949 
3 4387 2854 2861 
3 5903 7996 9312 
3 4114 3949 3950 
3 8706 9370 6653 
3 8401 6396 6204 
3 2823 682 5893 
3 3591 3898 3954 
3 3897 3526 3641 
3 3896 3720 3899 
3 3958 3959 4122 
3 2281 2367 5915 
3 5868 9934 9940 
3 3957 4125 3959 
3 2478 2252 2331 
3 3840 3965 3906 
3 2430 9968 2454 
3 9190 9044 9040 
3 3900 3526 3897 
3 3654 3778 3840 
3 2918 534 3691 
3 4221 3960 4032 
3 3963 3844 4130 
3 8956 3982 2165 
3 4032 3960 3645 
3 4583 4596 4476 
3 3844 3726 4131 
3 7798 2008 7326 
3 3903 3531 3905 
3 4131 3727 3845 
3 3846 3968 3966 
3 6979 6969 2666 
3 3662 3733 3729 
3 4030 1099 1119 
3 3907 4043 3657 
3 3847 3849 3905 
3 4196 4620 4842 
3 4131 3726 3727 
3 9739 1323 4220 
3 1542 6186 7679 
3 4048 3599 3729 
3 3854 3971 3845 
3 7056 7029 9275 
3 1426 8361 1186 
3 3854 3728 3462 
3 2153 4808 336 
3 3913 3971 3854 
3 1416 1413 2203 
3 2537 9706 3182 
3 3664 3786 4046 
3 6939 8361 8363 
3 3770 7285 3760 
3 3972 3846 4042 
3 7240 1327 8177 
3 3791 4044 3974 
3 7664 7661 8322 
3 4048 3729 3733 
3 7699 9284 5016 
3 3974 3917 3791 
3 3856 3790 4053 
3 9179 7854 9846 
3 4150 3857 3736 
3 4150 4055 3857 
3 3737 3979 4060 
3 4152 3739 3983 
3 3667 3984 3986 
3 3983 3739 3803 
3 3865 4066 3989 
3 4250 3803 3991 
3 690 668 8858 
3 3985 3668 3866 
3 907 8841 9415 
3 3989 3867 3740 
3 4348 3867 3989 
3 6214 3722 9406 
3 4069 3805 3924 
3 4069 3806 3805 
3 4069 4068 3806 
3 3680 3923 3745 
3 5873 9940 8610 
3 3992 3807 3928 
3 3869 3804 4158 
3 3923 4068 3990 
3 5177 3212 3193 
3 9423 1051 2414 
3 2803 9856 2809 
3 3928 3872 3873 
3 3616 3810 3876 
3 4029 4514 5282 
3 1633 9943 5134 
3 3929 3996 3875 
3 9982 4001 7112 
3 4432 4058 4779 
3 4167 3813 3687 
3 3877 3816 3876 
3 8661 9307 8664 
3 3935 3880 4008 
3 4194 3758 3881 
3 3881 3936 4190 
3 3936 3882 4011 
3 932 5992 6590 
3 8453 8124 8508 
3 7047 3134 7079 
3 3884 3572 3566 
3 3930 4079 3878 
3 3884 4194 4015 
3 3937 4011 3822 
3 4194 3881 4190 
3 4034 8357 6896 
3 4013 4101 3700 
3 5992 8545 9400 
3 5980 1759 3164 
3 3937 3822 3826 
3 8807 7499 6088 
3 9018 2744 680 
3 3944 4013 3634 
3 6394 9484 1574 
3 1394 1395 5887 
3 3614 3870 3926 
3 3638 3710 3949 
3 6433 4070 4040 
3 3935 3933 3825 
3 3946 4295 3708 
3 3403 3177 3256 
3 4028 3708 4022 
3 9251 2076 1514 
3 616 8545 9077 
3 7874 7102 7104 
3 6596 8661 8664 
3 4645 4704 4587 
3 9077 2367 616 
3 4302 3713 3636 
3 9895 3678 2305 
3 1772 2881 9626 
3 1182 1271 1370 
3 3955 3713 4302 
3 4029 4026 3771 
3 4029 3771 3954 
3 7376 9400 8545 
3 9370 5018 7365 
3 2410 3317 2639 
3 262 219 203 
3 2095 2042 591 
3 3714 4032 3645 
3 9944 2651 3678 
3 3839 3958 4122 
3 3278 8625 6545 
3 2892 3642 8139 
3 2286 519 8210 
3 3899 3963 4038 
3 2251 8249 2281 
3 3777 3842 4036 
3 4036 4035 3777 
3 3844 3963 3648 
3 5163 2311 3746 
3 3779 3724 4416 
3 3828 322 4808 
3 4123 3843 3900 
3 4645 9904 4704 
3 3903 4135 3842 
3 3246 2472 4012 
3 3867 4348 3924 
3 4514 3898 3961 
3 4044 3906 4141 
3 4846 4932 5017 
3 5478 6129 8832 
3 7263 5862 8596 
3 3784 4134 3786 
3 3843 4134 3784 
3 3906 4044 3598 
3 5220 4660 5125 
3 3909 3970 3969 
3 4134 4046 3786 
3 6883 9988 2570 
3 228 162 8056 
3 2212 3063 3060 
3 4043 3970 3657 
3 3849 3973 4330 
3 4433 4144 3913 
3 3913 4144 3971 
3 8349 9153 9004 
3 8401 776 6396 
3 3972 4241 3915 
3 3831 9895 6464 
3 4589 4478 4812 
3 3978 3915 4241 
3 3733 4056 4048 
3 8107 7439 9420 
3 2401 519 2286 
3 3541 3473 3470 
3 3979 3795 4431 
3 3857 4055 3913 
3 3976 7751 6324 
3 3678 9895 9944 
3 3797 3917 4149 
3 3735 3795 3979 
3 3735 3979 3737 
3 8627 8610 1562 
3 627 3781 2261 
3 3858 3737 4060 
3 4058 3858 4060 
3 3795 3607 4239 
3 4436 4053 4151 
3 4151 4053 4152 
3 4062 3984 3798 
3 3804 3671 3986 
3 4154 3863 3985 
3 3983 3803 4342 
3 3922 3985 3866 
3 3865 3989 3740 
3 2135 5858 7888 
3 8796 8820 6923 
3 4156 3922 3866 
3 3987 4158 3804 
3 2095 4771 9340 
3 4570 4571 4364 
3 3745 4157 4156 
3 4344 4156 4557 
3 4158 3870 3869 
3 4445 4069 3924 
3 8757 8107 9420 
3 2870 5888 5104 
3 9626 2891 1772 
3 3290 3295 3683 
3 7273 8604 9271 
3 3949 4114 3953 
3 4617 7273 5862 
3 3873 4164 3928 
3 4355 3877 4077 
3 7334 3007 37 
3 6769 8306 5134 
3 5134 9943 6769 
3 3923 3990 4157 
3 3230 3377 3573 
3 9940 9934 5766 
3 3503 3573 3377 
3 4355 4167 3560 
3 4002 4404 4428 
3 3816 3877 3820 
3 2282 2300 4913 
3 3998 4000 3999 
3 4005 4000 3998 
3 3996 3930 3811 
3 4385 3933 3935 
3 2900 2386 2678 
3 5737 7139 9160 
3 9255 6530 7251 
3 5765 5432 5378 
3 3935 4008 4097 
3 9306 8661 8004 
3 4187 3700 4101 
3 2162 2158 336 
3 665 1549 2404 
3 4522 2987 2995 
3 3928 3807 3749 
3 4388 4190 4011 
3 87 5484 1575 
3 9252 6511 8576 
3 3655 5518 8400 
3 7011 7151 7479 
3 4013 4185 4101 
3 913 9989 8667 
3 3942 4285 3940 
3 3302 2915 3072 
3 4013 3944 4017 
3 4208 3945 3941 
3 5286 5930 5268 
3 3506 4108 4106 
3 4018 3948 4205 
3 133 1974 145 
3 3829 4287 4204 
3 3952 3944 3586 
3 4110 3950 4023 
3 4504 4836 4834 
3 3708 3705 3946 
3 4028 4022 4209 
3 4401 4205 4026 
3 8654 8004 7323 
3 4207 4114 4110 
3 3891 3892 4116 
3 1657 5855 6760 
3 3116 9953 845 
3 4142 4147 3974 
3 4214 3952 4031 
3 4217 3957 4213 
3 279 344 360 
3 9822 4475 7823 
3 6989 9017 6978 
3 4035 4304 3892 
3 3641 3955 3897 
3 9326 2662 6629 
3 2045 3544 2036 
3 3772 3952 3586 
3 7648 8041 7588 
3 4138 9786 5504 
3 3900 3897 4123 
3 3865 3802 4249 
3 4037 3965 3839 
3 4130 3844 4131 
3 4130 4038 3963 
3 4314 3842 4135 
3 1610 3888 1581 
3 4643 3724 3904 
3 735 1485 769 
3 4123 4134 3843 
3 355 336 9409 
3 3117 3275 3348 
3 4319 4141 3906 
3 2226 1416 2203 
3 9704 6464 4696 
3 6230 8309 8973 
3 3904 3599 4657 
3 2480 9975 9563 
3 3968 3909 3969 
3 4043 3969 3970 
3 4145 3905 3849 
3 9870 7883 7876 
3 4044 4142 3974 
3 4236 3856 4237 
3 6102 5400 4690 
3 7056 1751 7029 
3 5790 6761 6456 
3 3856 4236 3973 
3 4048 4056 4890 
3 3664 4046 4049 
3 7871 7877 9875 
3 8876 6980 4807 
3 8600 9032 8601 
3 4658 1172 2838 
3 3910 1637 1751 
3 1375 376 3911 
3 4060 3979 4337 
3 3858 4058 4150 
3 4055 4150 4058 
3 7179 6447 8524 
3 7862 7871 5432 
3 4154 4056 3738 
3 3797 4149 3919 
3 3986 3984 4062 
3 4554 4066 4249 
3 3668 3985 3863 
3 940 1163 6085 
3 5862 7273 8596 
3 4159 4068 4069 
3 3990 4068 4159 
3 3924 4348 4445 
3 3992 3928 4071 
3 9981 2546 3939 
3 251 4720 2069 
3 3418 3429 6264 
3 4909 3947 9518 
3 4077 3877 3876 
3 3477 3984 3667 
3 6653 9370 7365 
3 6657 8580 3819 
3 6828 3819 8580 
3 6710 5254 991 
3 3820 3877 4355 
3 3560 3820 4355 
3 5144 4715 2874 
3 2813 2731 3037 
3 5426 2098 2078 
3 4733 9165 1809 
3 4456 3813 4167 
3 3998 3999 4168 
3 4085 4088 3998 
3 4423 4191 3354 
3 3350 3485 3614 
3 4102 4274 4000 
3 4090 4093 4088 
3 4088 4093 4005 
3 4176 4000 4274 
3 4093 4094 4005 
3 4190 4388 4192 
3 4000 4005 4102 
3 4385 3935 4097 
3 5994 5975 7026 
3 4281 4094 4093 
3 4094 4196 4102 
3 4098 4481 4186 
3 7877 6473 7207 
3 4276 4097 4008 
3 3936 4011 4190 
3 8309 7623 8946 
3 3628 3639 4308 
3 7026 5975 6798 
3 4094 4102 4005 
3 6324 3793 3976 
3 2157 3686 4418 
3 4497 8541 1910 
3 5217 2387 3800 
3 2490 882 8586 
3 3937 3938 4104 
3 4187 3938 3700 
3 3655 1934 5518 
3 2490 8586 4560 
3 5906 7996 5903 
3 4015 4194 4193 
3 4013 4017 4096 
3 9831 4486 9145 
3 3944 3634 3586 
3 8258 5346 3939 
3 154 4052 4219 
3 7053 6756 7686 
3 359 9670 9694 
3 4017 3944 4288 
3 4293 3946 4019 
3 2727 2656 2774 
3 570 940 4146 
3 9968 2443 6732 
3 4500 4288 3952 
3 3940 4285 4103 
3 4238 4146 940 
3 3506 4106 3829 
3 3251 9791 9922 
3 4108 4482 4198 
3 7169 7163 7025 
3 9248 6115 6500 
3 7129 9145 4486 
3 1839 1702 1583 
3 9921 9632 9795 
3 9900 4962 4883 
3 4205 3948 4026 
3 6612 6615 7102 
3 3829 4110 4023 
3 3196 914 9393 
3 8732 4479 1599 
3 4862 5820 3406 
3 3952 4214 4500 
3 3892 4304 4116 
3 8626 8785 375 
3 680 4553 5939 
3 4551 5939 4553 
3 3176 2806 2734 
3 4502 4298 4208 
3 4520 4407 4413 
3 9704 4696 1826 
3 7530 9684 3243 
3 4409 3897 3955 
3 4031 3896 3899 
3 4124 4217 4312 
3 9813 7111 9132 
3 3899 4038 4521 
3 3763 2355 877 
3 8644 7307 9956 
3 431 7111 9813 
3 6732 2454 9968 
3 4993 1361 8024 
3 3839 4122 4037 
3 4523 4318 3960 
3 5243 6694 6706 
3 4038 4130 4127 
3 4416 3724 4643 
3 5783 5840 4283 
3 5452 5281 5271 
3 4131 4424 4130 
3 3906 3965 4319 
3 6706 991 5243 
3 4229 4042 4230 
3 2734 2806 2732 
3 4421 4426 4321 
3 4775 4042 4229 
3 4322 4232 3969 
3 3971 4234 3845 
3 5742 2920 6049 
3 7808 4487 682 
3 6461 5356 8617 
3 4331 3972 4042 
3 425 587 463 
3 6462 9704 1826 
3 2243 1452 7733 
3 2574 2654 2419 
3 477 2261 598 
3 3849 4330 4145 
3 5291 9972 1110 
3 7389 3394 4744 
3 882 907 9415 
3 4022 4295 4403 
3 8625 6556 8630 
3 4141 4142 4044 
3 232 6694 3823 
3 4147 3917 3974 
3 4332 4050 4049 
3 4332 4239 4050 
3 4704 6111 1163 
3 945 4353 4974 
3 3913 4055 4433 
3 7901 7378 7677 
3 536 556 455 
3 4436 4237 4053 
3 4664 3978 4241 
3 4060 4662 4058 
3 7045 2714 4170 
3 4149 4246 3919 
3 4154 3985 4438 
3 476 407 502 
3 4249 3919 4246 
3 8644 9956 6958 
3 4152 3983 4247 
3 4247 3983 4342 
3 4419 7682 7531 
3 5375 5019 1974 
3 2520 3618 1450 
3 4008 3880 3696 
3 313 512 363 
3 5013 4920 4830 
3 4438 3985 3922 
3 4704 1163 940 
3 3990 4351 4157 
3 4155 4158 3987 
3 4157 4349 4557 
3 4161 4679 4254 
3 3870 4161 3925 
3 639 4441 1074 
3 1645 133 7051 
3 8406 8414 7054 
3 3529 2374 734 
3 5593 5775 5592 
3 4936 2780 1192 
3 4599 8442 7773 
3 8511 9515 9846 
3 3930 3996 4079 
3 3873 3878 4164 
3 940 6085 4580 
3 4456 4358 3813 
3 4155 3986 4062 
3 8810 2733 9489 
3 795 675 796 
3 8848 82 2525 
3 5921 4004 7119 
3 3999 4173 4168 
3 570 4704 940 
3 4238 940 4580 
3 8414 9760 5029 
3 4175 4267 4262 
3 4365 4261 4085 
3 5596 416 4338 
3 2292 2369 1987 
3 4261 4088 4085 
3 4267 4379 4172 
3 3999 4176 4173 
3 4205 4714 4018 
3 4175 4178 4267 
3 4090 4088 4261 
3 8937 4773 6104 
3 4175 4177 4178 
3 4279 5913 5764 
3 4178 4379 4267 
3 4518 5674 4669 
3 4176 3999 4000 
3 7745 7756 4120 
3 8785 4936 1064 
3 5764 512 4279 
3 4177 4384 4178 
3 3494 3489 3366 
3 7052 5643 6324 
3 4178 4278 4379 
3 4274 4273 4176 
3 4384 4278 4178 
3 8907 9580 8884 
3 8481 4462 4814 
3 6393 5608 7205 
3 3933 4385 4480 
3 4096 4185 4013 
3 9552 9467 1995 
3 9932 4992 9246 
3 3767 3780 9270 
3 6775 6607 6462 
3 4192 4194 4190 
3 8501 4439 962 
3 6160 7401 3885 
3 9731 3934 8393 
3 4329 4546 4780 
3 4281 4619 4094 
3 9724 5625 6317 
3 91 33 96 
3 6760 4477 6893 
3 5661 6138 5658 
3 3677 3679 3680 
3 48 4045 4039 
3 4619 4196 4094 
3 4391 5630 3793 
3 4285 4488 4103 
3 4927 6211 8948 
3 9927 3339 1940 
3 4349 4788 5070 
3 4288 4284 4017 
3 5153 4498 7848 
3 3767 3766 5183 
3 2727 1483 5405 
3 9252 9253 5203 
3 8579 646 3652 
3 5341 8785 8626 
3 4207 4110 4204 
3 9449 8075 3763 
3 7808 9165 8703 
3 3891 4116 4024 
3 8938 8926 8907 
3 4482 4400 4501 
3 4114 4207 4300 
3 4298 4213 4208 
3 4300 4307 4114 
3 2924 3704 545 
3 6769 9943 1520 
3 4411 4214 4031 
3 4302 4409 3955 
3 3953 4114 4307 
3 6710 5260 5254 
3 6629 2662 5946 
3 4312 4217 4517 
3 6987 6974 9023 
3 4521 4031 3899 
3 2446 497 5196 
3 3663 5124 2139 
3 7808 3313 8078 
3 4413 4304 4035 
3 3954 3771 3837 
3 7617 2520 1450 
3 2446 3167 212 
3 4036 4314 4313 
3 4309 4221 4032 
3 2322 2389 2006 
3 4314 4036 3842 
3 8639 9295 6485 
3 5783 4255 5840 
3 7682 9684 7531 
3 9862 1537 3841 
3 7682 8550 9684 
3 4228 4229 4230 
3 4317 4228 4230 
3 9033 4974 9683 
3 4225 4124 4223 
3 4130 4424 4532 
3 8515 2330 5330 
3 4232 3968 3969 
3 3966 4230 4042 
3 4135 3905 4650 
3 3821 9675 3760 
3 1616 3286 5062 
3 8232 9977 8226 
3 4042 4775 4331 
3 2429 477 2353 
3 5400 6079 6027 
3 3634 3505 3582 
3 6269 8349 4968 
3 4763 4421 4223 
3 9787 8455 4435 
3 4147 4334 4149 
3 4966 3973 4542 
3 4541 4542 4236 
3 9622 7532 8953 
3 3917 4147 4149 
3 5216 3652 5329 
3 4836 4504 4506 
3 4332 4049 4046 
3 4053 4237 3856 
3 4739 4512 4850 
3 4329 4237 4546 
3 2295 6041 3809 
3 3798 4153 4062 
3 3979 4431 4335 
3 6859 6858 6860 
3 4125 4217 4124 
3 4056 4666 4890 
3 4481 4098 4484 
3 4784 4668 4783 
3 1960 9644 365 
3 4136 3289 3307 
3 4039 446 313 
3 44 802 4535 
3 3989 4066 4345 
3 4337 4662 4060 
3 3922 4156 4344 
3 2358 2283 2424 
3 4557 4156 4157 
3 3696 3824 4008 
3 4351 3990 4159 
3 4349 4157 4351 
3 4443 4158 4155 
3 371 1946 8466 
3 3992 4447 4350 
3 3925 4161 4254 
3 4350 4447 4677 
3 3945 4213 3711 
3 4163 4449 4077 
3 4254 4449 4163 
3 4164 3878 4079 
3 1946 371 561 
3 3718 297 1025 
3 1419 9915 6395 
3 3751 3352 3489 
3 4565 4566 4358 
3 4360 4168 4359 
3 5241 4978 4290 
3 6372 4981 187 
3 6134 6136 5566 
3 561 371 8206 
3 4360 4085 4168 
3 4262 4267 4364 
3 4085 3998 4168 
3 5184 4401 5282 
3 4177 4476 4384 
3 4168 4173 4258 
3 4582 4367 4172 
3 4267 4263 4364 
3 4848 4408 4943 
3 313 363 135 
3 4471 4175 4262 
3 135 363 245 
3 3692 2260 6543 
3 6 371 6589 
3 4003 2347 1465 
3 3695 6564 6555 
3 4209 4302 4028 
3 9752 8391 4117 
3 4473 4175 4471 
3 8833 6791 8187 
3 9431 843 3746 
3 4810 4579 4371 
3 4379 4474 4172 
3 182 7044 1630 
3 4176 4374 4173 
3 4473 4177 4175 
3 1620 1230 1322 
3 7589 4338 416 
3 4374 4176 4273 
3 4278 4378 4379 
3 154 526 4052 
3 4052 526 4045 
3 4462 9829 6336 
3 4613 9148 910 
3 9829 9148 6336 
3 4185 4187 4101 
3 7064 5450 7031 
3 4185 4096 4383 
3 8162 7523 8158 
3 4090 4490 4093 
3 4159 4445 4676 
3 8550 8099 8206 
3 9684 8206 3243 
3 3938 4187 4104 
3 4104 4389 4388 
3 6959 6824 7607 
3 4595 4204 4287 
3 4962 9246 4992 
3 5153 5169 4498 
3 4483 4393 3941 
3 7059 6210 5445 
3 2520 7617 6897 
3 3540 3863 3738 
3 7623 8926 8946 
3 9598 8948 6211 
3 8550 8206 9684 
3 2295 4591 6041 
3 4777 5059 5298 
3 7127 9785 7437 
3 4595 4608 4204 
3 1919 5597 2630 
3 8807 6765 8809 
3 4293 4295 3946 
3 7576 37 1346 
3 4207 4204 4399 
3 4024 4400 4108 
3 208 2543 9581 
3 4106 4287 3829 
3 4603 4192 4388 
3 4622 4500 4214 
3 9165 9427 8703 
3 4116 4400 4024 
3 4207 4503 4300 
3 4735 4295 4293 
3 4116 4297 4400 
3 7808 8078 9165 
3 3762 2460 139 
3 5620 9039 5609 
3 3578 9035 5613 
3 4297 4304 4407 
3 4517 4213 4298 
3 4209 4409 4302 
3 4411 4622 4214 
3 5052 3269 3266 
3 6888 4269 3303 
3 2170 1386 6666 
3 7069 3053 9094 
3 9701 103 92 
3 4629 4038 4127 
3 3750 2243 3731 
3 4309 4032 4307 
3 6317 7040 5647 
3 3194 3198 3346 
3 3897 4310 4123 
3 4519 4523 4221 
3 4547 4587 570 
3 3965 4037 4319 
3 8423 2699 7045 
3 4414 4035 4036 
3 3582 3586 3634 
3 5783 4283 6261 
3 4312 4223 4124 
3 4038 4629 4521 
3 4523 4527 4318 
3 5262 8644 7323 
3 4415 4317 4230 
3 9286 8627 5851 
3 3412 1939 4180 
3 4421 4321 4223 
3 4223 4321 4225 
3 5043 4650 4961 
3 4321 4324 4319 
3 4130 4532 4765 
3 4560 8586 8507 
3 446 4279 512 
3 4318 4527 4322 
3 4424 4131 4234 
3 7610 5513 8864 
3 4229 4323 4775 
3 5061 5083 9338 
3 4324 4141 4319 
3 4043 4322 3969 
3 8058 5163 5154 
3 6115 9248 8581 
3 4324 4142 4141 
3 4324 4426 4142 
3 4888 5137 4665 
3 4142 4426 4653 
3 8060 341 6669 
3 481 4518 337 
3 4348 4345 4442 
3 4650 3905 4145 
3 3904 4657 4963 
3 5610 272 242 
3 5742 9105 9888 
3 4330 4656 4145 
3 7579 8859 6165 
3 762 786 1654 
3 4329 4236 4237 
3 8796 6094 8820 
3 1862 9535 2096 
3 9299 3632 5056 
3 9870 7876 9203 
3 4332 4431 4239 
3 4241 3972 4430 
3 5015 5182 4839 
3 9338 6460 5061 
3 1025 6564 3718 
3 4431 4882 4335 
3 7416 5513 6831 
3 9807 6215 9501 
3 4155 4062 4671 
3 4665 4340 4334 
3 4340 4149 4334 
3 337 4587 4547 
3 9886 5527 9243 
3 4668 4246 4340 
3 4552 4062 4153 
3 6545 5871 5875 
3 9661 9212 6365 
3 4964 9669 9683 
3 4246 4668 4554 
3 4249 4246 4554 
3 6954 7667 9669 
3 4437 4154 4438 
3 4362 8593 9255 
3 7573 9527 8199 
3 2332 3860 2348 
3 6471 5060 9945 
3 28 7399 5874 
3 4444 4350 4677 
3 4443 4559 4161 
3 3205 3285 3355 
3 4449 4986 4794 
3 426 468 379 
3 4443 4161 3870 
3 4987 4352 4071 
3 3281 3205 3355 
3 4258 4361 4168 
3 4452 3929 4166 
3 4452 3996 3929 
3 3929 4256 4166 
3 4739 4734 4853 
3 769 13 8937 
3 3932 4566 4564 
3 4564 4256 3932 
3 4565 4358 4456 
3 1862 2096 9512 
3 1711 807 855 
3 8454 8595 8145 
3 7897 6422 2145 
3 9628 3134 3590 
3 4263 4902 4364 
3 1561 5476 9128 
3 4367 5090 4907 
3 9596 347 7532 
3 4471 4262 4571 
3 6942 3590 7047 
3 4263 4172 4367 
3 4263 4267 4172 
3 4687 4261 4365 
3 4577 4373 4261 
3 7373 8060 6669 
3 7911 2055 1397 
3 545 6353 563 
3 8777 2429 7469 
3 4474 4582 4172 
3 3517 7622 3436 
3 4371 4374 4810 
3 2881 9497 1665 
3 3860 2332 3853 
3 313 135 139 
3 4177 4583 4476 
3 4379 4378 4474 
3 347 8953 7532 
3 1921 1497 1002 
3 4097 4276 4385 
3 4383 4699 4185 
3 4490 4395 4093 
3 4723 4378 4278 
3 4476 4596 4708 
3 3758 3884 3566 
3 3933 4480 4483 
3 7313 5022 7240 
3 4592 4383 4096 
3 3914 2577 3231 
3 3089 682 4051 
3 4104 4187 4919 
3 4814 9114 8481 
3 4783 4973 4784 
3 6824 3400 7607 
3 3089 4051 7402 
3 4104 4919 4389 
3 2555 9755 3345 
3 4884 4777 5131 
3 4278 4493 4723 
3 4039 2460 48 
3 6408 2138 5008 
3 2665 3400 4014 
3 4278 4384 4493 
3 4288 4495 4284 
3 4035 3835 3721 
3 9441 9430 2707 
3 4285 4018 4714 
3 4392 4102 4196 
3 6424 5726 4003 
3 7897 577 903 
3 4397 3941 4393 
3 8259 7617 8916 
3 5286 7435 5332 
3 4729 4723 4493 
3 2807 682 3089 
3 7240 7250 7313 
3 8676 8041 6602 
3 3577 3702 3377 
3 5892 3433 5822 
3 4614 4503 4207 
3 4614 4722 4503 
3 6602 7337 8676 
3 4295 4022 3708 
3 4864 7738 9071 
3 4300 4503 4405 
3 3799 2543 208 
3 7683 4967 6280 
3 5428 6088 7499 
3 4504 4407 4506 
3 9268 5975 5994 
3 6401 6400 6023 
3 845 2397 3799 
3 4022 4403 4209 
3 4412 4300 4405 
3 4504 4297 4407 
3 1056 4240 3323 
3 6748 6739 9457 
3 5357 2349 2334 
3 4407 4304 4413 
3 4310 3897 4409 
3 9950 7993 9311 
3 208 3199 3799 
3 6091 9457 8141 
3 4307 4412 4309 
3 4413 4414 4520 
3 4571 4570 4576 
3 4035 4414 4413 
3 4317 4415 4636 
3 9083 3879 9504 
3 4631 4123 4310 
3 6225 6261 4283 
3 4417 4230 3966 
3 4125 4124 4225 
3 1599 1061 8732 
3 9298 7998 9312 
3 1670 1711 1695 
3 4629 4525 4635 
3 4254 3926 3925 
3 2807 6919 984 
3 4629 4127 4525 
3 4631 4310 4860 
3 4415 4638 4742 
3 3116 3199 9907 
3 4127 4765 4525 
3 4415 4417 4638 
3 4123 4631 4764 
3 4532 4424 4647 
3 8401 6243 8240 
3 3516 3387 3161 
3 7643 6911 5556 
3 4527 4530 4322 
3 4765 4127 4130 
3 4421 4767 4653 
3 4228 4533 4229 
3 4643 3904 4963 
3 65 3546 1060 
3 6363 6372 185 
3 3607 4050 4239 
3 7808 4305 3313 
3 4536 3971 4652 
3 4649 4531 4536 
3 9637 9907 1862 
3 1862 9907 9535 
3 4656 4650 4145 
3 4541 5123 4542 
3 9443 8727 9164 
3 4332 4046 4543 
3 4433 4429 4144 
3 6040 8759 8102 
3 4775 4430 4331 
3 5967 6820 6265 
3 5467 5464 5212 
3 3972 4331 4430 
3 1335 4865 5365 
3 7278 5871 6545 
3 8364 1176 4082 
3 4333 4665 4334 
3 6078 6080 6081 
3 3039 4562 3832 
3 4664 4241 4430 
3 3944 3952 4288 
3 8628 9992 9617 
3 4546 4237 4436 
3 2081 2091 6610 
3 7617 6894 6897 
3 7676 9148 4613 
3 4046 4134 4764 
3 8337 6269 7668 
3 4665 4783 4340 
3 4484 4098 4103 
3 4437 4666 4056 
3 9484 6394 2113 
3 682 4305 7808 
3 8507 2912 4560 
3 3497 6931 3487 
3 4345 4554 4555 
3 3497 9960 6931 
3 9851 4197 4202 
3 9934 5868 5856 
3 6643 6649 4695 
3 4548 4562 3796 
3 5070 5071 4557 
3 5887 1395 5149 
3 4442 4445 4348 
3 4350 4444 4347 
3 522 984 6919 
3 6297 2061 9939 
3 4559 4792 4678 
3 4449 4254 4986 
3 4158 4443 3870 
3 3252 9790 5366 
3 9586 9484 2113 
3 3277 3353 3284 
3 4070 6433 5739 
3 4451 4079 3996 
3 4563 4079 4451 
3 4341 4967 6271 
3 2906 4427 9653 
3 2748 984 522 
3 4169 1674 3338 
3 3932 4358 4566 
3 6760 4796 4477 
3 7378 7901 9401 
3 8844 9637 8840 
3 6439 9932 9246 
3 5687 5690 5492 
3 2286 228 2225 
3 9371 8249 197 
3 4878 1596 6817 
3 1887 1685 2173 
3 7516 9489 7523 
3 4764 4543 4046 
3 6132 5476 1561 
3 4186 4008 3824 
3 4007 8311 117 
3 8948 9627 4927 
3 3861 2334 2146 
3 1075 902 1034 
3 5123 5126 4542 
3 9359 8063 2194 
3 5262 7307 8644 
3 4577 4261 4687 
3 6129 8171 8832 
3 8041 8060 7373 
3 1571 2334 2349 
3 4373 4577 4912 
3 4691 4472 4471 
3 2881 1665 9616 
3 6655 2748 522 
3 4173 4374 4371 
3 4810 4374 4811 
3 2931 3853 2332 
3 3948 4018 3942 
3 591 1245 3830 
3 9701 92 8236 
3 4378 4830 4474 
3 9916 9789 6700 
3 4473 4471 4472 
3 8555 7218 7893 
3 4481 4484 4822 
3 4273 4274 4829 
3 6596 8664 7996 
3 7389 2181 222 
3 541 6651 7360 
3 9895 4696 6464 
3 4483 4480 4597 
3 5321 4899 4990 
3 4836 4717 4713 
3 4276 4186 4481 
3 5012 552 6988 
3 2589 3095 3850 
3 4589 4482 4478 
3 3773 3892 3891 
3 4589 4198 4482 
3 3872 3749 3751 
3 4378 4723 4830 
3 4388 4389 5362 
3 4919 4187 4382 
3 4589 4287 4198 
3 1725 8216 691 
3 4931 5368 5451 
3 4193 4611 4293 
3 4096 4284 4592 
3 4483 4923 4393 
3 4103 4488 4484 
3 7509 8771 6767 
3 690 6060 668 
3 1216 8119 1922 
3 4192 4193 4194 
3 4395 4490 4725 
3 5015 4490 5009 
3 2748 6396 776 
3 4476 4713 4384 
3 4493 4384 4713 
3 7520 1212 6765 
3 4488 4285 4714 
3 4714 4930 4488 
3 3841 1537 3838 
3 4863 9101 6297 
3 3551 3422 3352 
3 8810 7516 8808 
3 8055 2056 7389 
3 6099 5798 5997 
3 5669 5936 5304 
3 4609 4614 4399 
3 4500 5017 4495 
3 4614 4207 4399 
3 5058 5189 4618 
3 4608 4399 4204 
3 4401 4935 4205 
3 4619 4281 4731 
3 4108 4400 4482 
3 8661 6596 8004 
3 3548 3807 3991 
3 7571 8097 8841 
3 4500 4622 5017 
3 6211 4915 7786 
3 9529 9672 5056 
3 4397 4711 4502 
3 4295 4735 4403 
3 4902 4904 5158 
3 9807 7704 6215 
3 2194 8063 9008 
3 8788 5428 7499 
3 4400 4297 4504 
3 4409 4209 4748 
3 9366 9646 9651 
3 4512 4412 4405 
3 4515 4412 4512 
3 4625 4408 4520 
3 4408 4407 4520 
3 4407 4408 4506 
3 8841 8097 9415 
3 7285 3466 7299 
3 4628 4515 4512 
3 5265 5002 5005 
3 3097 4612 2333 
3 4951 4747 4411 
3 4740 4739 4746 
3 4628 4519 4515 
3 7569 3254 6069 
3 9298 7980 7322 
3 2433 2814 3044 
3 4519 4628 4632 
3 5289 2480 6754 
3 5032 4514 3961 
3 9326 9979 9324 
3 4633 4223 4312 
3 3411 5550 3423 
3 4632 4523 4519 
3 1580 5550 9072 
3 4763 4223 4633 
3 4313 4414 4036 
3 4530 4527 4760 
3 4314 4524 4313 
3 2537 1880 9706 
3 4757 4635 4525 
3 8240 6243 3643 
3 4425 4760 4641 
3 8586 8726 8507 
3 4527 4523 4632 
3 3183 1711 1670 
3 8507 8726 8549 
3 4636 4762 4317 
3 9704 6294 6464 
3 9807 3418 6264 
3 4123 4764 4134 
3 6363 2298 888 
3 4524 4314 4650 
3 4322 4530 4232 
3 2401 2912 8507 
3 4704 9904 6111 
3 4767 4421 4763 
3 4763 4870 4767 
3 7103 9808 9805 
3 4329 4540 4769 
3 4329 4769 4541 
3 4890 4963 4657 
3 4322 4043 4318 
3 4538 4775 4323 
3 4966 4656 4330 
3 4543 4885 4332 
3 4966 4330 3973 
3 4332 4885 4431 
3 4775 4778 4430 
3 2401 8549 519 
3 5119 5212 5464 
3 4727 4722 4840 
3 8295 1892 3964 
3 4657 4048 4890 
3 4174 2577 8446 
3 9869 6979 2666 
3 5523 5513 7610 
3 3880 3935 3697 
3 4552 4671 4062 
3 4247 4342 4980 
3 6100 6097 5998 
3 5869 5871 7278 
3 5291 1110 5296 
3 9518 4897 4909 
3 3200 3350 3202 
3 4444 4895 4558 
3 4344 4557 5071 
3 4742 4636 4415 
3 1575 5484 5634 
3 4351 4788 4349 
3 4558 4347 4444 
3 3992 4352 4447 
3 4445 4442 4676 
3 4161 4559 4679 
3 4048 4657 3599 
3 4681 4449 4794 
3 3996 5076 4451 
3 4896 4563 4451 
3 4797 4167 4355 
3 4898 4797 4355 
3 4989 4452 4166 
3 6643 6602 8041 
3 744 757 1610 
3 3392 7681 365 
3 9151 245 363 
3 4989 4166 4682 
3 4361 4803 4359 
3 7365 7112 4001 
3 5045 4825 2210 
3 4361 4359 4168 
3 9253 7251 5203 
3 9503 9637 1862 
3 4969 5054 5222 
3 4360 4804 4365 
3 5307 5067 6052 
3 9110 7105 3073 
3 4804 4360 4457 
3 4263 4367 4902 
3 4258 5082 4361 
3 5082 4803 4361 
3 4687 4365 4804 
3 8056 2225 228 
3 5414 5324 5323 
3 4576 4691 4471 
3 8989 2225 8056 
3 5249 5159 5337 
3 57 7681 818 
3 4173 4371 4575 
3 6979 3345 9755 
3 7350 9359 9351 
3 3748 5029 5030 
3 846 9423 2328 
3 7574 2543 2397 
3 8466 1946 8626 
3 4583 4473 4693 
3 4743 4636 4742 
3 3801 2923 303 
3 3710 3950 3949 
3 7893 7218 4561 
3 4373 4815 5009 
3 4921 5099 4480 
3 4480 4385 4921 
3 9886 5178 8555 
3 4699 4383 5004 
3 2159 9340 4771 
3 146 3164 1759 
3 3896 3952 3772 
3 4383 4592 4703 
3 889 2473 73 
3 4999 4916 4382 
3 4385 4276 4921 
3 3342 3324 6168 
3 4478 4482 4605 
3 4819 4595 4589 
3 8841 907 7571 
3 4509 3836 4516 
3 4284 4702 4592 
3 4483 4597 4922 
3 4021 7342 7354 
3 3995 6158 1937 
3 2709 9735 9582 
3 7893 4561 7883 
3 3487 7607 9605 
3 7250 5092 7313 
3 4284 4096 4017 
3 3378 3392 365 
3 4388 5362 4603 
3 4606 4605 4501 
3 4828 4829 4274 
3 9888 2920 5742 
3 4482 4501 4605 
3 884 1619 2271 
3 4604 4608 4595 
3 7186 6473 7877 
3 5015 4725 4490 
3 3738 4056 3733 
3 4839 4725 5015 
3 4930 4822 4488 
3 1439 2226 2326 
3 1163 6111 6085 
3 7873 7877 7871 
3 5111 4860 4748 
3 4835 4495 5017 
3 6198 8964 1216 
3 2397 2543 3799 
3 2475 54 2483 
3 4196 4842 4392 
3 4609 4399 4608 
3 341 5360 6669 
3 9903 9905 9349 
3 4731 4395 4725 
3 4721 4392 4842 
3 4340 4246 4149 
3 1879 8020 7362 
3 9842 2471 1192 
3 4179 4181 3351 
3 1922 8119 9456 
3 8530 5627 9863 
3 481 337 9087 
3 8796 9459 8791 
3 760 5097 8969 
3 978 7973 5060 
3 4862 2559 5820 
3 4503 4722 4727 
3 4620 4619 4734 
3 1026 1169 1029 
3 3643 8500 8240 
3 7405 8645 9980 
3 4401 4026 4029 
3 4521 4629 4952 
3 2941 3166 3239 
3 4748 4209 4403 
3 1818 8837 2891 
3 4746 4753 4740 
3 336 355 2162 
3 5506 6183 7573 
3 2167 1760 1824 
3 4747 4846 4622 
3 895 928 2472 
3 7069 9094 4253 
3 8020 6103 7362 
3 7531 7530 7313 
3 4411 4747 4622 
3 2565 1354 4218 
3 4412 4515 4309 
3 6245 1267 3830 
3 4059 3089 1009 
3 4753 4746 4754 
3 5466 4936 8785 
3 4547 154 4219 
3 5765 5378 5749 
3 3456 3248 3169 
3 4756 4632 4628 
3 4753 4756 4628 
3 7854 8511 9846 
3 4414 4313 4520 
3 8231 6183 8869 
3 6735 6737 7469 
3 4629 4635 4952 
3 9853 9863 5627 
3 5760 3252 5034 
3 4773 8937 3995 
3 4699 4382 4185 
3 5901 8194 7512 
3 7201 5611 9213 
3 4425 4530 4760 
3 4425 4641 4417 
3 853 9106 1590 
3 7201 9213 9220 
3 4524 4650 5043 
3 6094 5454 6780 
3 4647 4424 4531 
3 2522 2433 3044 
3 4531 4649 4647 
3 4873 4532 4647 
3 6551 7288 7968 
3 3966 4232 4425 
3 4530 4425 4232 
3 7139 5734 9833 
3 208 9548 9535 
3 4656 4961 4650 
3 4541 4236 4329 
3 8937 6104 6096 
3 9383 5196 5347 
3 2401 8507 8549 
3 1358 1458 1257 
3 8459 8375 1471 
3 4333 4653 4888 
3 4271 4376 4270 
3 4668 4784 4975 
3 4431 4885 4882 
3 3744 7801 3158 
3 4652 4875 4649 
3 4337 4335 4660 
3 6834 1637 6828 
3 2390 3652 2471 
3 7830 9834 5098 
3 7566 2627 7602 
3 4337 4660 4661 
3 4781 4664 4430 
3 1510 1645 1633 
3 4337 4661 4662 
3 4668 4340 4783 
3 4531 4234 4536 
3 4247 4977 4151 
3 4782 4151 4977 
3 2078 9191 1172 
3 6189 9929 9928 
3 4555 4554 4668 
3 4670 4671 4552 
3 7823 4475 8480 
3 9783 83 9621 
3 6596 7996 5906 
3 5018 9370 7680 
3 9302 9584 9585 
3 4775 4538 4969 
3 4980 4342 4558 
3 4442 4345 4555 
3 7582 6096 6098 
3 4789 4894 4671 
3 4344 4672 4438 
3 4351 4159 4676 
3 4938 903 4934 
3 4442 4555 5069 
3 1028 1160 1116 
3 49 3775 3475 
3 4895 4444 4677 
3 6726 3475 3775 
3 4792 4559 4894 
3 9932 6657 4992 
3 5378 8518 5749 
3 3996 4452 5076 
3 4682 4166 4564 
3 4797 4456 4167 
3 4798 4565 4456 
3 4900 4990 4565 
3 4803 4799 4359 
3 4566 4565 4990 
3 9905 1714 7462 
3 4126 2774 706 
3 5216 8579 3652 
3 4364 4802 4570 
3 3038 9166 5273 
3 2286 8210 228 
3 3326 3396 3457 
3 2364 2934 2349 
3 9675 3821 9012 
3 4907 4904 4367 
3 4673 4001 9982 
3 9901 3019 4827 
3 4433 4432 4429 
3 4448 4978 4881 
3 4579 4908 4575 
3 4691 4806 4692 
3 4687 4911 4577 
3 9359 7350 8063 
3 9359 2194 58 
3 4692 4472 4691 
3 4579 4810 4692 
3 4692 4810 4472 
3 4810 4693 4472 
3 9112 9101 3575 
3 8056 8686 2159 
3 3264 8862 3712 
3 4472 4693 4473 
3 2300 2282 1408 
3 4490 4373 5009 
3 4583 4697 4596 
3 4809 4582 4474 
3 5037 7773 8442 
3 4448 4290 4978 
3 6347 5879 6344 
3 4478 4596 4697 
3 4478 4605 4596 
3 4225 4037 4125 
3 4816 4703 4592 
3 4051 1162 7402 
3 4816 4592 4702 
3 4821 4374 4273 
3 8730 8755 1399 
3 4478 4697 4812 
3 4699 4999 4382 
3 4276 5010 4921 
3 4605 4708 4596 
3 4480 5099 4597 
3 2952 3027 3166 
3 4922 4597 4820 
3 4824 4389 4919 
3 4606 4710 4708 
3 4287 4589 4595 
3 7548 3221 4675 
3 4484 4488 4822 
3 3114 2364 2349 
3 1910 3099 4497 
3 5913 6085 9213 
3 4483 4922 4923 
3 4476 4710 4713 
3 4926 4273 4829 
3 1946 561 9048 
3 8406 7052 7751 
3 6900 7636 2621 
3 9875 1084 9694 
3 4605 4606 4708 
3 4710 4834 4713 
3 4608 4604 4831 
3 7798 5858 4326 
3 4831 4609 4608 
3 868 2441 860 
3 5647 4404 4002 
3 4501 4504 4834 
3 8703 4494 4487 
3 2519 2471 9842 
3 4935 5102 4714 
3 3958 3640 3959 
3 3886 4016 3941 
3 9348 9204 9621 
3 7526 591 4370 
3 3793 6324 4391 
3 4723 4837 4830 
3 2780 9842 1192 
3 9816 9818 6349 
3 8099 4960 8206 
3 4502 4711 4928 
3 5663 5129 5397 
3 4835 5017 4932 
3 4646 7529 4675 
3 2906 7527 5164 
3 4729 4837 4723 
3 2535 2377 2316 
3 5102 4930 4714 
3 4734 4619 4731 
3 9298 7322 7998 
3 5286 6000 5930 
3 3486 4917 8078 
3 303 2923 8400 
3 4515 4519 4309 
3 5674 9154 948 
3 4928 5281 4730 
3 4842 4732 4721 
3 4735 4738 4403 
3 4620 4734 4850 
3 5006 5003 5354 
3 4727 4721 4732 
3 4836 4848 4717 
3 6321 6315 8394 
3 9916 2033 4624 
3 4740 4512 4739 
3 3095 1581 4621 
3 7176 7871 7862 
3 9722 4290 4448 
3 4942 4745 4746 
3 4856 4298 4730 
3 4743 4742 4741 
3 8206 6 3243 
3 3679 3677 3552 
3 9306 8004 8654 
3 4742 4745 4741 
3 9980 8645 9969 
3 4856 4517 4298 
3 4742 4754 4745 
3 4745 4754 4746 
3 5764 9198 512 
3 4411 4521 4951 
3 4859 4517 4856 
3 4860 4310 4748 
3 5341 5466 8785 
3 4769 5123 4541 
3 4517 4859 4312 
3 5151 5487 5579 
3 757 762 3130 
3 4742 4638 4754 
3 4768 9752 7437 
3 1538 4535 802 
3 4754 4756 4753 
3 512 9198 9151 
3 4649 4536 4652 
3 4952 4951 4521 
3 4859 4633 4312 
3 4978 5627 4881 
3 4754 4638 4756 
3 4438 3922 4344 
3 897 832 1076 
3 4953 4952 4635 
3 4185 4382 4187 
3 4965 4888 4653 
3 4866 4762 4759 
3 9273 9274 1569 
3 4762 4866 4648 
3 4762 4648 4533 
3 4765 4868 4525 
3 3578 5613 6987 
3 547 5551 8461 
3 4873 4765 4532 
3 5420 5419 5417 
3 4769 4540 4869 
3 4997 9136 9168 
3 3966 4425 4417 
3 4533 4648 4538 
3 3213 7519 863 
3 4656 4966 4961 
3 8087 8088 8386 
3 5356 9958 8617 
3 9427 9165 4733 
3 4538 5054 4969 
3 4879 4540 4887 
3 5406 5408 6043 
3 9781 3148 9784 
3 4872 2748 776 
3 6379 8517 7191 
3 4429 4432 4777 
3 5426 5407 7541 
3 3725 2954 5917 
3 8703 4487 7808 
3 2791 8121 73 
3 4882 4660 4335 
3 3648 3720 3593 
3 4777 4432 4779 
3 4546 4971 4780 
3 3137 4568 4569 
3 4429 4884 4144 
3 4661 4779 4662 
3 5137 4783 4665 
3 4664 4972 4667 
3 3089 7402 1009 
3 4711 4397 4393 
3 3971 4536 4234 
3 4781 4972 4664 
3 9137 7114 9821 
3 4976 4666 4437 
3 8577 7158 4040 
3 4551 3137 4569 
3 4555 4668 4975 
3 4247 4980 4977 
3 4975 5068 4555 
3 8349 6269 8337 
3 6267 8338 4948 
3 9000 9656 6956 
3 4569 5947 5939 
3 4664 4667 4552 
3 5070 4557 4349 
3 4462 8481 9829 
3 8099 8550 7979 
3 4569 5939 4551 
3 5236 4680 5074 
3 4997 9168 5241 
3 3879 5870 9660 
3 7318 7322 7980 
3 8357 1176 8364 
3 3930 3756 3627 
3 4978 5241 9853 
3 4989 5077 5240 
3 4564 4566 4899 
3 4798 4456 4797 
3 4990 4899 4566 
3 255 5698 4640 
3 8703 9427 1398 
3 4798 4900 4565 
3 4077 4681 4453 
3 4256 4564 4166 
3 9126 5189 8439 
3 7009 19 2670 
3 7462 1714 8794 
3 9245 1419 1504 
3 5455 5187 5285 
3 3532 2240 9612 
3 4803 5159 4799 
3 7097 8455 3073 
3 4902 4802 4364 
3 6511 9247 8576 
3 660 9343 7067 
3 8592 9261 8585 
3 4440 4881 5094 
3 3167 2446 5196 
3 4020 4027 4749 
3 4883 9226 9900 
3 5300 5053 5219 
3 3016 8301 5819 
3 5090 4367 4582 
3 4576 5087 4806 
3 3765 4510 7083 
3 4962 9900 9246 
3 6714 6340 6259 
3 4806 4691 4576 
3 4908 4692 4806 
3 4448 4881 4440 
3 4510 3765 255 
3 4908 4579 4692 
3 4575 4371 4579 
3 9558 7610 8864 
3 3715 3515 3714 
3 5936 5669 6046 
3 398 314 351 
3 8807 5442 6765 
3 2720 2730 4366 
3 9242 5816 8568 
3 6911 7643 6932 
3 4812 4693 4811 
3 4415 4230 4417 
3 9915 9904 6395 
3 4736 4405 4732 
3 3088 3160 3010 
3 4679 4986 4254 
3 8585 6518 5211 
3 4817 4812 4811 
3 5469 2521 4716 
3 4816 5001 4703 
3 5000 4699 5004 
3 4699 5000 4999 
3 4374 4817 4811 
3 4816 5002 5001 
3 4817 4821 4819 
3 4817 4819 4812 
3 4920 4474 4830 
3 4382 4916 4919 
3 8166 8153 8171 
3 8178 6132 1561 
3 5001 5004 4703 
3 4059 1009 4112 
3 4485 7682 4419 
3 4534 3099 7438 
3 4481 4822 4924 
3 4824 5362 4389 
3 4821 4595 4819 
3 4831 4829 4828 
3 3931 4654 3130 
3 6258 6339 5960 
3 8916 7617 8932 
3 4469 7911 1632 
3 4558 4342 4347 
3 4079 4563 4164 
3 4831 4828 4609 
3 4495 5359 4284 
3 4831 4604 4829 
3 4838 4931 4830 
3 858 860 2441 
3 1516 1254 1251 
3 4108 3827 4024 
3 187 6408 3658 
3 5359 4495 4835 
3 7873 7871 7176 
3 1632 7911 3075 
3 8988 9130 9133 
3 3057 3067 1549 
3 4834 4836 4713 
3 4722 4609 4840 
3 5921 9337 7337 
3 7617 8259 6894 
3 7529 6036 4675 
3 4590 1072 8903 
3 4614 4609 4722 
3 4839 4942 4725 
3 8996 44 4535 
3 9722 4448 9737 
3 4717 4848 4940 
3 4838 4830 4837 
3 4603 5185 4611 
3 1652 1524 1455 
3 4840 4721 4727 
3 4942 4847 4725 
3 4547 4219 337 
3 5150 1796 3406 
3 4842 4736 4732 
3 4636 4759 4762 
3 8814 5947 4610 
3 4736 4512 4405 
3 4717 4729 4493 
3 3908 3060 3074 
3 4355 4077 4453 
3 8078 4917 1809 
3 8078 1809 9165 
3 4219 9087 337 
3 4453 4898 4355 
3 1575 5634 2882 
3 4853 4942 4746 
3 5106 3695 6555 
3 4739 4853 4746 
3 4467 4051 4487 
3 4741 4745 4839 
3 4731 4847 4734 
3 4855 4743 4741 
3 173 193 243 
3 5184 5633 5102 
3 4951 5114 4747 
3 4408 4625 5026 
3 5389 5457 5460 
3 9539 8228 8212 
3 9605 3781 3497 
3 4750 4949 4857 
3 4748 4310 4409 
3 5980 4610 5947 
3 4514 5032 5282 
3 4306 4272 3459 
3 4520 4313 4750 
3 5092 4419 7531 
3 6194 6894 8259 
3 4750 4954 4949 
3 4750 4313 4954 
3 4952 5114 4951 
3 3770 3491 3371 
3 3447 3380 2936 
3 4956 4953 4757 
3 4524 4954 4313 
3 7313 5092 7531 
3 3608 5693 5941 
3 4870 4763 4633 
3 5122 4954 4524 
3 4764 4631 5039 
3 9962 7963 7951 
3 5737 9160 4496 
3 4858 4759 4636 
3 4641 4756 4638 
3 9834 7830 4492 
3 4926 4821 4273 
3 732 8882 2125 
3 4540 4867 4869 
3 1783 1707 1912 
3 4873 4868 4765 
3 1499 9152 2295 
3 4505 7714 9917 
3 9635 421 8291 
3 4647 5053 4873 
3 7442 7439 7453 
3 4867 4540 5117 
3 4281 4395 4731 
3 4270 4376 4375 
3 3918 4052 4045 
3 9527 7573 3163 
3 4045 48 3918 
3 660 3864 4601 
3 5039 5050 4764 
3 5210 4643 4963 
3 5359 4702 4284 
3 5123 4769 4869 
3 8364 4082 9706 
3 4568 5947 4569 
3 9721 9722 9737 
3 4329 4887 4540 
3 4882 4885 5050 
3 5568 4888 4965 
3 139 135 3782 
3 5050 4885 4543 
3 6952 8924 5505 
3 9897 5828 1074 
3 4780 4887 4329 
3 4966 4542 5126 
3 4621 3864 3095 
3 5059 4777 4779 
3 2545 6744 8468 
3 9677 6978 9017 
3 4887 4780 5138 
3 6049 2920 5792 
3 7605 6194 8259 
3 5939 5947 8814 
3 9714 9422 9567 
3 6978 8338 6267 
3 4667 4972 5227 
3 4972 5142 5227 
3 4437 4438 4976 
3 3008 3016 5819 
3 4438 4672 4976 
3 5189 9126 919 
3 4117 416 4843 
3 3705 3310 3703 
3 5344 4911 5085 
3 7683 9000 6271 
3 54 3755 8236 
3 4894 4789 4792 
3 5072 4351 4676 
3 5072 4788 4351 
3 5233 4677 4447 
3 5229 5070 4788 
3 5233 4895 4677 
3 4678 4793 4679 
3 4447 4680 5233 
3 4794 4986 5073 
3 9918 7152 5396 
3 4899 4682 4564 
3 8978 8974 3371 
3 1806 1546 1673 
3 5077 4989 4682 
3 4453 4681 5315 
3 4359 4799 4457 
3 2657 9728 9734 
3 5159 4803 5082 
3 3731 562 5912 
3 7250 7240 4137 
3 3701 3686 543 
3 5992 932 7585 
3 4902 4991 4802 
3 5618 4897 4891 
3 9172 8314 9171 
3 7534 6116 5458 
3 4995 4687 4804 
3 6780 8820 6094 
3 5864 5681 5583 
3 5159 5249 4799 
3 8158 7523 9489 
3 5086 5082 4575 
3 4575 5082 4258 
3 5524 5085 4995 
3 6919 2807 6963 
3 4577 4911 4912 
3 8016 9027 9028 
3 7332 2999 2948 
3 1997 5677 9600 
3 5090 4809 5258 
3 5076 4896 4451 
3 3770 3760 3491 
3 4816 5005 5002 
3 5870 8316 9660 
3 2946 4441 639 
3 4820 5351 4922 
3 7636 7641 8960 
3 6963 3089 4059 
3 5917 2954 2232 
3 4553 8755 1675 
3 2397 845 9953 
3 4702 5359 4918 
3 1002 1497 3611 
3 9441 8115 9430 
3 5712 4402 4381 
3 9226 4883 9865 
3 8808 2817 1258 
3 4276 4924 5010 
3 4926 4595 4821 
3 8807 6088 5442 
3 8833 5458 6791 
3 4923 4928 4711 
3 734 2374 3147 
3 4604 4595 4926 
3 5274 4603 5362 
3 8774 9641 9638 
3 8950 7631 9628 
3 4930 5102 5011 
3 8965 3283 9636 
3 4606 4501 4834 
3 4392 4721 4840 
3 9666 3049 8842 
3 1258 2817 7497 
3 4997 5241 4290 
3 4710 4606 4834 
3 6682 8243 8106 
3 3681 9628 9636 
3 1616 5078 2462 
3 4928 4730 4502 
3 4181 4179 7283 
3 9737 4448 4440 
3 4652 3971 4144 
3 8791 6086 8796 
3 6015 1802 2663 
3 1581 2315 3533 
3 4506 4408 4848 
3 4850 4736 4620 
3 9636 3219 3681 
3 4360 4359 4457 
3 1518 3057 1549 
3 4848 4943 4940 
3 5024 4837 4940 
3 4937 4741 4839 
3 3997 4041 972 
3 7480 8123 6734 
3 5024 4940 4943 
3 5021 4738 4735 
3 4747 5020 4846 
3 7263 8596 8592 
3 4051 682 4487 
3 4942 4853 4847 
3 4853 4734 4847 
3 4739 4850 4734 
3 4855 4741 4937 
3 4730 5281 4856 
3 9433 6744 5412 
3 4403 4738 4748 
3 5026 4750 4857 
3 6973 7519 8948 
3 5653 5565 5835 
3 8177 2651 9944 
3 4860 5035 4631 
3 4757 4868 5119 
3 4633 4859 5293 
3 4949 4954 5202 
3 5351 4820 5440 
3 4759 5194 4866 
3 9268 5994 3369 
3 4633 5293 4870 
3 4953 4635 4757 
3 4416 4643 5038 
3 8145 7725 8454 
3 8940 6942 3497 
3 4525 4868 4757 
3 4483 3941 4016 
3 8102 6028 6040 
3 5986 5158 5431 
3 4920 5013 5093 
3 1549 3067 2146 
3 9286 7968 8627 
3 5300 5212 4873 
3 5212 4868 4873 
3 462 2367 2281 
3 1576 3016 4434 
3 4648 5054 4538 
3 8842 5140 9710 
3 5044 5050 5039 
3 9053 4219 4052 
3 7127 7437 9752 
3 4163 4077 3810 
3 5215 4866 5389 
3 4767 4965 4653 
3 5122 4524 5043 
3 4879 5117 4540 
3 9601 4377 9753 
3 5051 4866 5215 
3 4647 4649 5053 
3 4649 4875 5053 
3 5044 4882 5050 
3 4652 5299 4875 
3 6652 1768 6412 
3 4652 4884 5299 
3 8301 8148 5819 
3 3221 9792 9913 
3 6653 4054 7384 
3 6084 6083 5982 
3 5474 5128 5218 
3 9895 3831 9944 
3 5556 6911 2468 
3 6098 4724 7596 
3 5074 4987 5489 
3 9927 1960 3339 
3 8199 8843 4874 
3 6952 3436 9606 
3 1470 4320 7280 
3 8924 9595 5505 
3 5059 4779 4661 
3 4533 4538 4323 
3 3762 139 3782 
3 5958 6166 6056 
3 5315 4681 4988 
3 4971 4546 4782 
3 4973 5226 4784 
3 7425 4744 5377 
3 5067 4977 4980 
3 4558 4895 4980 
3 5332 7435 5358 
3 7103 9805 5705 
3 1288 1202 1149 
3 2627 7566 2606 
3 5292 5461 5564 
3 2666 6969 4082 
3 8843 7550 4874 
3 4935 4714 4205 
3 4793 4678 5151 
3 7425 6683 4744 
3 9897 1074 4441 
3 9789 3643 3818 
3 5318 4797 4898 
3 2777 2568 9647 
3 6224 6926 9629 
3 2568 2777 1218 
3 5155 4900 4798 
3 5156 4990 4900 
3 5390 5563 5117 
3 4799 4903 4457 
3 9065 844 5401 
3 5465 6130 6035 
3 8181 6131 7542 
3 1914 8543 9715 
3 989 1222 1040 
3 8926 7623 8896 
3 5080 4995 4804 
3 6669 5360 4089 
3 6075 6369 6273 
3 4575 4908 5086 
3 4137 7240 8177 
3 8082 607 5529 
3 9673 9504 3879 
3 497 8579 5196 
3 8349 6974 4968 
3 6396 5700 6204 
3 418 482 447 
3 6294 288 6464 
3 5086 4908 4806 
3 5015 5009 5269 
3 941 1846 1836 
3 4258 4173 4575 
3 9627 7661 6910 
3 6040 3434 6735 
3 8808 7516 2817 
3 4434 7833 4381 
3 6627 9441 2736 
3 4958 4865 4993 
3 334 8765 8757 
3 4740 4753 4628 
3 2564 2785 3314 
3 4912 4815 4373 
3 9441 2707 2736 
3 1996 2858 4315 
3 9268 3406 5820 
3 777 3712 767 
3 4916 5006 4919 
3 2848 1996 4315 
3 7677 7378 6651 
3 5175 4921 5010 
3 4999 5000 5095 
3 6903 7636 6900 
3 208 9581 9554 
3 5100 5010 4924 
3 3374 2056 8055 
3 9609 2946 6815 
3 7307 7968 9286 
3 5404 5488 5859 
3 4822 4930 5011 
3 4483 4016 3933 
3 2509 2483 92 
3 778 662 925 
3 4998 7040 6317 
3 7365 5312 6653 
3 634 661 659 
3 4837 4729 4940 
3 6624 9537 7527 
3 4846 5020 4932 
3 4987 5074 4680 
3 5108 4837 5024 
3 1530 4396 7284 
3 4390 7284 7119 
3 5026 4943 4408 
3 4533 4228 4762 
3 5024 4943 5026 
3 8206 371 6 
3 4942 4839 4745 
3 3290 3129 3295 
3 8174 8168 3049 
3 4738 5111 4748 
3 4632 4756 4760 
3 3247 2091 2081 
3 4858 4855 5028 
3 5192 4747 5114 
3 3796 3014 4548 
3 8847 8842 3049 
3 5593 5772 5775 
3 7210 3210 5180 
3 5187 5455 5368 
3 4631 5035 5039 
3 1879 3325 8020 
3 6203 3342 4639 
3 818 3392 831 
3 8940 3590 6942 
3 5462 1402 5652 
3 5119 5040 4757 
3 4648 4866 5051 
3 5035 5044 5039 
3 3022 6958 3642 
3 4683 8684 7317 
3 4867 5117 5115 
3 5038 4643 5210 
3 3517 9622 7622 
3 4954 5122 5202 
3 9972 5291 9973 
3 4818 5541 1867 
3 9637 9503 8840 
3 5921 7147 9337 
3 4703 5004 4383 
3 5625 9703 4996 
3 1919 1917 4590 
3 48 2460 3762 
3 4965 4767 5120 
3 6700 9789 3818 
3 5125 4882 5044 
3 5053 4875 5219 
3 8102 8101 7443 
3 9451 8836 1818 
3 8106 8243 7425 
3 4963 4890 5129 
3 9348 8762 9346 
3 4966 5126 4961 
3 5125 4660 4882 
3 7833 5459 4381 
3 5182 5269 5272 
3 8842 9710 9666 
3 5855 4796 6760 
3 5828 9897 4465 
3 6798 4827 3019 
3 4890 5397 5129 
3 5220 4661 4660 
3 9677 8338 6978 
3 4778 5572 4781 
3 4890 4666 5397 
3 5142 4972 4781 
3 7427 7277 7752 
3 1463 8636 5459 
3 5840 4255 9105 
3 6495 5178 9886 
3 8042 616 2367 
3 1804 357 3794 
3 5227 4670 4667 
3 807 1711 3183 
3 5071 5228 4672 
3 9848 4440 5094 
3 4975 5481 5068 
3 5228 4976 4672 
3 5069 4982 4676 
3 5072 4676 4982 
3 5671 3686 2157 
3 9396 9451 9317 
3 6655 6396 2748 
3 5229 5309 5070 
3 1574 9484 9480 
3 5234 4793 5151 
3 5236 5233 4680 
3 5319 5077 4682 
3 7459 8793 9259 
3 8908 8870 7558 
3 4798 5320 5155 
3 5411 4990 5156 
3 9926 9923 3324 
3 2996 8629 7963 
3 4903 4799 5423 
3 504 9499 9513 
3 9697 9408 8700 
3 8072 4737 9403 
3 5255 5246 5244 
3 3848 82 8848 
3 8303 8445 7865 
3 6701 7443 4755 
3 2246 598 7608 
3 8124 8453 9456 
3 5082 5257 5162 
3 6907 7066 7540 
3 6142 5433 4720 
3 7968 4630 6551 
3 5825 6121 6217 
3 5160 5255 5087 
3 3283 5870 3219 
3 5673 5309 5229 
3 9530 2096 9535 
3 5345 5090 5258 
3 994 5052 3266 
3 5693 3608 107 
3 724 8867 740 
3 5000 5004 5352 
3 9192 8098 2999 
3 5003 4916 5095 
3 4999 5095 4916 
3 4921 5175 5099 
3 5004 5001 5352 
3 5168 5005 4918 
3 5214 5916 5925 
3 5655 5738 5654 
3 4597 5099 5171 
3 5869 7278 7273 
3 4559 4678 4679 
3 5441 4918 5359 
3 4815 5170 5009 
3 3596 2273 4945 
3 2091 3247 9769 
3 858 855 7030 
3 5100 4822 5011 
3 2788 5022 5696 
3 9873 9877 4220 
3 4580 6085 5913 
3 4835 4932 5181 
3 5451 5013 4931 
3 4375 4406 4372 
3 8833 7534 5458 
3 4932 5020 5181 
3 5351 5174 4922 
3 5856 6530 8593 
3 5182 5272 4937 
3 8860 9536 9953 
3 2100 8936 9661 
3 5973 9198 5764 
3 5282 5548 5184 
3 1894 2025 2022 
3 6850 6880 535 
3 5413 5777 5415 
3 6507 6325 6801 
3 5020 4747 5278 
3 3776 5341 2062 
3 4855 4937 5283 
3 5341 3776 5466 
3 4856 5281 5190 
3 741 739 842 
3 5024 5026 5108 
3 8309 6230 7623 
3 3383 6243 6204 
3 7373 6643 8041 
3 2714 7045 2699 
3 4949 5373 4857 
3 3776 2062 9578 
3 841 626 801 
3 9642 9639 9929 
3 8858 2784 690 
3 6510 3354 4191 
3 4417 4641 4638 
3 5194 5028 5290 
3 6475 6772 6569 
3 5075 5317 4898 
3 4759 4858 5194 
3 5350 5438 5355 
3 5199 5380 5379 
3 4949 5116 5195 
3 5195 5373 4949 
3 485 5504 9786 
3 4867 5380 5199 
3 6511 9252 5200 
3 8119 7452 9456 
3 5202 5116 4949 
3 5389 4866 5194 
3 7938 22 860 
3 5205 5044 5035 
3 4760 4756 4641 
3 9220 6085 6111 
3 5204 4870 5293 
3 4869 4867 5199 
3 4956 5040 5461 
3 1207 2923 6175 
3 5119 4868 5212 
3 4552 4153 4664 
3 4879 5390 5117 
3 5218 5051 5215 
3 5120 4767 4870 
3 5395 5212 5300 
3 4961 5126 5122 
3 281 3034 2392 
3 5054 4648 5051 
3 5129 5210 4963 
3 7288 8627 7968 
3 5578 5231 4670 
3 6027 6000 6020 
3 8908 7558 5198 
3 5131 4777 5298 
3 4810 4811 4693 
3 22 895 868 
3 5216 5329 5347 
3 5136 4888 5568 
3 7576 1061 7334 
3 5300 5219 5567 
3 3319 4801 3626 
3 5138 5302 4887 
3 5674 9090 7834 
3 4971 5304 5138 
3 5850 5577 6146 
3 7893 7883 7208 
3 7112 7613 5672 
3 6261 3019 9901 
3 5138 4780 4971 
3 5995 6099 5997 
3 2454 6732 3104 
3 5137 4973 4783 
3 5216 5347 5196 
3 5146 4782 4977 
3 4980 4895 5067 
3 6256 2789 2122 
3 5125 5044 5205 
3 5070 5309 5071 
3 6752 6751 6724 
3 5069 5482 4982 
3 5069 5481 5482 
3 5525 4148 8407 
3 5481 4784 5574 
3 4067 1838 8535 
3 5313 5487 5151 
3 5234 5073 4793 
3 5151 4678 5313 
3 4792 5313 4678 
3 4554 4345 4066 
3 5403 5233 5314 
3 7029 4925 9275 
3 7883 5789 7876 
3 5237 5238 5073 
3 5238 4794 5073 
3 5238 5315 4988 
3 4896 4987 4563 
3 5216 5196 8579 
3 4681 4794 4988 
3 7186 6468 6473 
3 5320 4798 4797 
3 5155 5156 4900 
3 4990 5411 5321 
3 6645 1207 251 
3 5425 4799 5249 
3 9203 7876 7179 
3 4453 5315 5075 
3 5440 5998 5796 
3 5161 4570 4901 
3 5247 4804 4903 
3 4272 4306 4372 
3 1946 9272 8626 
3 3903 3905 4135 
3 5158 5334 4991 
3 162 8686 8056 
3 7350 197 8063 
3 5987 5526 6092 
3 5159 5082 5162 
3 4809 4920 5093 
3 5774 6455 7873 
3 4901 5252 5161 
3 7873 7176 5774 
3 4902 5158 4991 
3 5084 5255 5340 
3 1088 8144 6706 
3 2251 8063 197 
3 5084 4806 5255 
3 5222 5135 4969 
3 3507 3706 7938 
3 5082 5086 5257 
3 1360 1535 1311 
3 4806 5084 5086 
3 5340 5257 5084 
3 2068 4914 3478 
3 4995 5085 4687 
3 5005 4702 4918 
3 9101 9112 2061 
3 5358 6033 6020 
3 6815 9759 9609 
3 5448 5258 5093 
3 5000 5352 5536 
3 7340 9340 2159 
3 5006 4916 5003 
3 8680 9351 9344 
3 4820 4597 5800 
3 7340 2159 8686 
3 9344 9351 7888 
3 8604 7273 7278 
3 5536 5095 5000 
3 5013 5448 5093 
3 7798 8658 5858 
3 4928 5174 5355 
3 4922 5174 4928 
3 5363 5270 5011 
3 5011 5270 5100 
3 212 4917 3486 
3 6429 8518 7848 
3 869 881 3211 
3 5181 5020 5364 
3 2632 6939 2657 
3 8393 3709 1734 
3 4935 5184 5102 
3 5279 5020 5278 
3 1047 177 4128 
3 4766 8956 3293 
3 5142 5572 5945 
3 9274 8625 8630 
3 1733 1727 855 
3 6530 6526 7251 
3 3121 1110 3815 
3 3855 1990 9316 
3 4917 1902 1809 
3 4498 5169 5101 
3 5021 5185 5188 
3 5456 5188 5185 
3 6983 6991 3172 
3 5284 5278 4747 
3 5188 5111 5021 
3 5290 5028 5283 
3 8300 7556 8584 
3 5384 5374 5115 
3 5285 5108 4857 
3 6592 8097 7419 
3 5455 5285 5373 
3 5285 4857 5373 
3 5195 5379 5373 
3 4858 5028 5194 
3 5050 4543 4764 
3 9587 1304 1457 
3 4856 5382 4859 
3 5111 5188 5205 
3 5385 4859 5382 
3 5111 5205 5035 
3 5188 5456 5294 
3 9983 5347 5329 
3 7452 6628 9456 
3 5115 5117 5563 
3 5193 5032 5038 
3 8099 8805 4960 
3 2466 7129 4486 
3 7830 7126 3111 
3 2474 1816 1760 
3 7782 9787 3759 
3 5115 5380 4867 
3 5220 5125 5297 
3 1345 1710 1297 
3 5583 5755 5864 
3 5204 5293 5295 
3 422 516 374 
3 9249 191 3555 
3 5206 4869 5199 
3 5204 5646 5120 
3 4870 5204 5120 
3 6000 6027 6064 
3 3752 4511 2243 
3 5213 5202 5122 
3 5294 5125 5205 
3 5302 5390 4879 
3 5297 5125 5294 
3 7061 8508 6988 
3 4216 1126 5649 
3 5126 5123 5213 
3 5122 5126 5213 
3 5206 5213 5123 
3 9226 9865 9187 
3 5816 6500 8568 
3 4662 4779 4058 
3 2062 5341 8626 
3 8480 2447 9234 
3 2601 7291 9969 
3 5123 4869 5206 
3 5471 4875 5299 
3 5471 5219 4875 
3 5218 5128 5051 
3 5054 5051 5128 
3 5220 5298 5059 
3 2451 863 2437 
3 5299 4884 5131 
3 1482 2268 1493 
3 7210 7885 7207 
3 5137 5136 5398 
3 8404 5504 9772 
3 4781 5572 5142 
3 9786 4138 2700 
3 4666 5854 5397 
3 5146 4971 4782 
3 2865 6730 7417 
3 5627 7872 9866 
3 4006 8356 6914 
3 1146 4006 6914 
3 8356 4006 8319 
3 5483 4982 5482 
3 4570 4802 4901 
3 5229 5483 5852 
3 5578 4670 5227 
3 5069 4555 5068 
3 5483 5072 4982 
3 5157 6455 5785 
3 5313 4792 5231 
3 4559 4443 4894 
3 2300 483 2319 
3 5320 5492 5155 
3 9943 8588 1520 
3 3647 187 3658 
3 4730 4298 4502 
3 7186 6455 6468 
3 5242 5077 5319 
3 5323 5324 5499 
3 2143 2144 2074 
3 5328 5246 5327 
3 5246 5420 5327 
3 5541 5516 1867 
3 5328 5244 5246 
3 5246 5333 5420 
3 5246 5160 5333 
3 2551 7500 1005 
3 8542 5601 7191 
3 5246 5255 5160 
3 5338 5333 5160 
3 4991 5427 5251 
3 4991 5707 5427 
3 212 3167 1902 
3 9674 9945 5060 
3 1645 9269 1633 
3 4644 4626 3888 
3 5334 5707 4991 
3 1228 1546 1227 
3 5087 5256 5160 
3 895 22 50 
3 5340 5255 5244 
3 9053 6283 9087 
3 5247 5080 4804 
3 1398 4494 8703 
3 8978 8315 6961 
3 6741 6086 8791 
3 9853 5241 9168 
3 388 9000 7683 
3 4912 4911 5344 
3 4105 2551 3304 
3 4137 8177 535 
3 9873 1262 1259 
3 5259 5345 5258 
3 7641 7636 6220 
3 1665 5838 9484 
3 5349 5003 5095 
3 6775 6740 6607 
3 6963 578 6919 
3 5008 6426 6408 
3 218 6408 6426 
3 7788 4485 7628 
3 4467 4487 4494 
3 2319 5224 3980 
3 5006 4824 4919 
3 5099 5175 5171 
3 5858 9344 7888 
3 5269 5009 5170 
3 5267 5010 5100 
3 4750 5026 4625 
3 5361 5269 5170 
3 2632 2657 1191 
3 4659 4651 4119 
3 2295 9152 9343 
3 8670 8671 8527 
3 9340 8009 2095 
3 5011 5102 5363 
3 5367 5449 5280 
3 5451 5448 5013 
3 2281 8249 462 
3 8010 8012 9344 
3 5021 4735 4611 
3 4021 4957 7342 
3 4306 4375 4372 
3 5017 4622 4846 
3 191 947 1658 
3 5184 5548 5547 
3 5280 5272 5367 
3 1162 4051 4467 
3 4931 4838 5187 
3 5283 4937 5272 
3 4735 4293 4611 
3 5278 5372 5279 
3 5279 5372 5280 
3 3709 9039 5620 
3 5284 5372 5278 
3 5331 5328 5421 
3 5368 4931 5187 
3 5372 5283 5280 
3 6981 7461 7292 
3 6365 6593 6348 
3 9319 9316 9322 
3 4474 4920 4809 
3 8639 1928 9987 
3 4272 4346 3546 
3 5372 5287 5283 
3 5290 5283 5287 
3 5548 5282 6023 
3 5282 5193 5552 
3 2266 3014 2272 
3 4743 4855 4858 
3 9151 8462 245 
3 5284 5192 5376 
3 975 976 938 
3 8654 7323 8644 
3 5190 5555 5558 
3 5193 5282 5032 
3 5820 2559 5810 
3 4539 8375 3783 
3 7600 7991 913 
3 9904 9220 6111 
3 5292 5192 5114 
3 7179 7876 5141 
3 5195 5199 5379 
3 5292 4953 4956 
3 5294 5205 5188 
3 5293 4859 5385 
3 5388 5192 5292 
3 7291 9980 9969 
3 5389 5194 5457 
3 5116 5206 5195 
3 8280 9635 5383 
3 5206 5199 5195 
3 4956 5461 5292 
3 3441 870 1081 
3 5210 5654 5038 
3 7700 6280 4979 
3 5213 5206 5116 
3 373 1129 8226 
3 8406 7054 7052 
3 1119 2018 2016 
3 5119 5464 5040 
3 5470 5131 5298 
3 5653 5040 5464 
3 5043 4961 5122 
3 4460 4376 4461 
3 2486 1674 2484 
3 932 7407 7699 
3 5013 4830 4931 
3 5467 5212 5395 
3 5663 5210 5129 
3 2076 6988 8508 
3 6704 7444 4770 
3 6974 6987 4363 
3 5298 5220 5297 
3 6729 7456 7460 
3 9865 9866 9187 
3 5222 5054 5128 
3 7291 2601 8557 
3 7250 4137 7028 
3 4581 4585 1750 
3 4964 4974 4353 
3 5659 5136 5568 
3 4979 4967 3684 
3 9683 4974 4964 
3 5304 5936 5399 
3 4793 4986 4679 
3 5399 5138 5304 
3 4518 481 5674 
3 5769 5962 6258 
3 1596 4878 6131 
3 8232 1080 9977 
3 8122 7541 8720 
3 1538 4639 4535 
3 4976 5854 4666 
3 8446 7055 4174 
3 6956 6271 9000 
3 4857 5108 5026 
3 8226 1065 373 
3 5481 4975 4784 
3 5480 5071 5309 
3 5067 4895 5403 
3 8857 3143 8861 
3 5071 5480 5228 
3 5106 5083 702 
3 5483 5229 4788 
3 4789 4670 5231 
3 5231 4792 4789 
3 4865 4958 5365 
3 2912 5365 4958 
3 6314 5528 6309 
3 3167 5196 9383 
3 7071 6773 6915 
3 1472 2337 5758 
3 4895 5233 5403 
3 5682 5238 5681 
3 4905 5648 7241 
3 5240 5242 5076 
3 6754 2480 9563 
3 8269 1092 1832 
3 5076 5316 4896 
3 6243 5809 3643 
3 5323 5413 5414 
3 5413 5325 5414 
3 7473 7794 7789 
3 5190 5382 4856 
3 4997 4290 9745 
3 8922 8498 8499 
3 5327 5501 5328 
3 5327 5417 5595 
3 9863 9168 8512 
3 7667 6240 8973 
3 347 7132 6082 
3 6932 6251 6933 
3 2521 4041 8368 
3 4250 4350 4347 
3 5519 5244 5331 
3 2517 117 8311 
3 9848 9866 9865 
3 5247 4903 5423 
3 8950 9628 3590 
3 8489 7126 7830 
3 5191 2018 3620 
3 9853 5627 4978 
3 5599 5703 6083 
3 5519 5340 5244 
3 9050 9745 4290 
3 9865 919 9848 
3 5711 5080 5247 
3 5335 5249 5337 
3 4936 5466 2780 
3 9050 4290 9721 
3 5094 9866 9848 
3 5037 8442 5042 
3 4372 4450 4346 
3 5257 5340 5162 
3 7624 6996 6832 
3 2337 5731 5758 
3 5425 5249 5335 
3 4777 4884 4429 
3 7350 9371 197 
3 4902 4367 4904 
3 4912 5612 5794 
3 4907 5791 5526 
3 5524 4995 5080 
3 4280 6211 4927 
3 578 522 6919 
3 6036 7548 4675 
3 7069 8419 5668 
3 5531 5259 5258 
3 2603 2317 2453 
3 5259 5713 5345 
3 4815 5794 5170 
3 5531 5258 5448 
3 2501 2624 7117 
3 4844 8801 2616 
3 4960 561 8206 
3 5265 5168 5348 
3 6514 6963 4059 
3 5350 5174 5796 
3 5174 5351 5796 
3 4527 4632 4760 
3 4815 4912 5794 
3 4820 5800 5440 
3 9078 9721 9737 
3 5621 5349 5095 
3 5350 5355 5174 
3 5095 5536 5621 
3 5171 5800 4597 
3 7628 4485 4419 
3 5176 5175 5010 
3 4824 5006 5542 
3 6279 535 9944 
3 5176 5010 5267 
3 5808 5175 5176 
3 5100 5270 5267 
3 4960 1849 9048 
3 3800 6673 5217 
3 5537 910 8487 
3 5803 5622 6003 
3 4848 4836 4506 
3 196 5508 8646 
3 1035 1036 864 
3 5367 5272 5269 
3 4404 6321 8394 
3 5355 5271 4928 
3 5362 5542 5631 
3 5544 5452 5271 
3 5020 5279 5364 
3 4440 9848 9126 
3 5947 4568 5980 
3 5451 5725 5448 
3 5273 2268 7627 
3 8526 8512 7864 
3 7745 1734 7754 
3 910 7819 5058 
3 5189 5058 7819 
3 2893 7612 4259 
3 1725 1682 1689 
3 5067 5146 4977 
3 4903 4804 4457 
3 5547 5633 5184 
3 863 7519 6973 
3 5283 5272 5280 
3 770 9541 5727 
3 5369 5281 5452 
3 687 964 969 
3 7426 7599 8328 
3 218 1663 6408 
3 4420 5165 2769 
3 8439 9761 9126 
3 6981 7292 7136 
3 7769 4915 5522 
3 2507 1851 1832 
3 1990 9322 9316 
3 1995 7579 5520 
3 5284 5376 5372 
3 5372 5376 5287 
3 4697 4693 4812 
3 5382 5190 5558 
3 5522 5534 5509 
3 5048 6457 9158 
3 6219 5733 5638 
3 9136 4997 9103 
3 4996 7700 4368 
3 5293 5385 5829 
3 5561 5294 5456 
3 9900 9226 8553 
3 5038 5387 5193 
3 5564 5388 5292 
3 619 1548 1606 
3 5645 5204 5295 
3 5204 5645 5646 
3 7126 9821 3103 
3 5213 5116 5202 
3 9103 4997 9776 
3 6464 288 3831 
3 6831 4245 6171 
3 4728 3257 8870 
3 5120 5646 5391 
3 5300 5567 5395 
3 5567 5657 5395 
3 5462 3301 5664 
3 5215 5660 5218 
3 5218 5660 5474 
3 5569 5471 5299 
3 2720 4366 4271 
3 5700 6396 6655 
3 5474 6140 5745 
3 4827 6798 5975 
3 5731 2337 5224 
3 5137 5398 4973 
3 4196 4619 4620 
3 335 3643 5809 
3 8326 9675 6991 
3 4667 4670 4552 
3 9229 2920 9888 
3 7071 6667 6774 
3 4620 4736 4842 
3 5142 5945 5477 
3 103 4105 3304 
3 4809 5093 5258 
3 3073 7105 3085 
3 911 3213 4709 
3 9535 8875 9530 
3 7557 5478 9516 
3 5618 7073 7793 
3 7279 9958 9275 
3 9745 9776 4997 
3 6204 5700 5447 
3 8086 911 8128 
3 7127 9752 9092 
3 5409 3155 784 
3 5307 5479 5146 
3 5854 4976 5228 
3 5485 5231 5578 
3 3371 8315 8978 
3 6058 6335 6430 
3 6780 1405 9490 
3 5233 5404 5314 
3 5404 5233 5236 
3 5468 6132 8178 
3 5184 4935 4401 
3 4109 6982 3267 
3 7550 6791 4212 
3 5488 5236 5074 
3 8153 4851 5453 
3 7527 2906 9653 
3 6270 6367 6185 
3 5495 5155 5492 
3 4137 535 6880 
3 5322 5319 5321 
3 5318 5320 4797 
3 2390 5329 3652 
3 95 165 9704 
3 5594 5414 5325 
3 2826 4658 2838 
3 9704 165 6294 
3 6267 4948 3647 
3 9543 7848 9551 
3 5501 5327 5595 
3 9154 8501 962 
3 5474 5745 5665 
3 6652 3763 877 
3 5598 5328 5501 
3 5327 5420 5417 
3 5598 5421 5328 
3 5417 5419 5697 
3 9737 9761 9078 
3 5420 5512 5419 
3 5333 5512 5420 
3 6123 6780 5454 
3 1408 1380 8095 
3 7195 7194 7524 
3 5333 5338 5429 
3 5251 5429 5252 
3 5521 5340 5519 
3 5338 5252 5429 
3 5430 5162 5521 
3 3766 843 5183 
3 5795 6007 6470 
3 5338 5161 5252 
3 5256 5161 5338 
3 5192 5284 4747 
3 5431 5158 4904 
3 5796 5438 5350 
3 6695 7483 4658 
3 5711 5524 5080 
3 2045 2803 3556 
3 1243 4316 9872 
3 4816 4702 5005 
3 3850 7067 2589 
3 880 108 100 
3 5345 5791 5090 
3 3383 1743 6243 
3 9776 9745 7764 
3 4880 5600 5601 
3 7636 6903 6220 
3 3017 1286 5288 
3 9457 6739 8780 
3 4698 7576 1346 
3 6573 3556 2809 
3 6953 6613 6612 
3 5553 5368 5455 
3 5351 5440 5796 
3 5002 5617 5532 
3 5170 5794 5615 
3 5447 5308 6204 
3 9272 1946 9195 
3 5265 5005 5168 
3 561 4960 9048 
3 8953 347 5301 
3 6204 5308 8122 
3 4316 4862 9872 
3 3383 6204 8122 
3 1423 1475 1545 
3 5802 5354 5349 
3 9069 9221 9223 
3 9050 9721 9698 
3 8322 8086 8128 
3 9433 8468 6744 
3 2311 5163 8058 
3 9954 782 3717 
3 9031 9050 9698 
3 9954 3717 9398 
3 4873 5053 5300 
3 5355 5721 5544 
3 6091 5435 9457 
3 3182 9706 9755 
3 6021 5811 5914 
3 4412 4307 4300 
3 5361 5449 5367 
3 9457 5435 6748 
3 9268 3369 7344 
3 2673 5619 461 
3 2743 1876 1190 
3 6279 6850 535 
3 5364 5279 5449 
3 5628 5452 5544 
3 5364 5543 5181 
3 6194 5535 6894 
3 5280 5449 5279 
3 5728 5725 5451 
3 5728 5451 5368 
3 5636 5637 5557 
3 9031 9698 9696 
3 5817 5369 5452 
3 5552 6023 5282 
3 4805 6744 2545 
3 5185 5549 5456 
3 6518 5197 4598 
3 8358 9691 3762 
3 5369 5635 5636 
3 4477 6533 3170 
3 4728 8908 9589 
3 5617 6387 6001 
3 5369 5555 5190 
3 5384 5730 5374 
3 2156 5442 6088 
3 6021 5914 6022 
3 5374 5730 5553 
3 5558 5555 5557 
3 5560 5382 5558 
3 6739 4126 8778 
3 5563 5384 5115 
3 2741 1281 9844 
3 5560 5385 5382 
3 5379 5553 5373 
3 5388 5562 5376 
3 5376 5562 5287 
3 5457 5287 5562 
3 5084 5257 5086 
3 5384 5563 5924 
3 9548 8875 9535 
3 5387 5552 5193 
3 9563 9975 9852 
3 9987 7405 9295 
3 9220 9904 8556 
3 1412 3701 543 
3 9980 9295 7405 
3 8546 8553 9226 
3 5056 9672 647 
3 8212 4243 7564 
3 5297 5294 5561 
3 5297 5561 5650 
3 4352 4680 4447 
3 9241 9901 4827 
3 6671 7384 7395 
3 4453 5075 4898 
3 5389 5931 5215 
3 5650 5298 5297 
3 6991 9675 9012 
3 5657 5565 5467 
3 5390 5658 5465 
3 5661 5390 5302 
3 5470 5566 5394 
3 5655 5654 5663 
3 4793 5073 4986 
3 9686 3901 8346 
3 5041 7080 5676 
3 4375 4410 4406 
3 6655 3834 5700 
3 4731 4725 4847 
3 5660 6140 5474 
3 6171 6155 7557 
3 5128 5474 5665 
3 9324 2662 9326 
3 5222 5128 5665 
3 5572 5135 5747 
3 5135 5665 5747 
3 5663 5397 5854 
3 5669 5479 6150 
3 5386 7442 7453 
3 6248 6249 6517 
3 4945 9939 2061 
3 50 928 895 
3 5479 5307 6050 
3 4376 3576 4375 
3 5673 5229 5853 
3 5227 5142 5477 
3 7443 6701 8102 
3 6330 6053 6246 
3 4959 6271 6956 
3 7442 6017 7439 
3 5850 5482 5577 
3 5480 5309 5673 
3 2190 7714 2325 
3 5482 5850 5483 
3 3692 6543 6552 
3 4959 4341 6271 
3 4788 5072 5483 
3 9558 4269 7610 
3 5488 5404 5236 
3 5234 5151 5579 
3 6650 6369 6275 
3 5489 4896 5759 
3 760 3690 1712 
3 4455 5214 5225 
3 5680 5759 4896 
3 8042 2367 462 
3 5075 5315 5682 
3 4822 5100 4924 
3 6059 6167 6337 
3 8472 3626 3578 
3 5586 5242 5319 
3 5490 5586 5319 
3 1405 6123 8178 
3 5076 5242 5316 
3 5590 5491 5318 
3 9311 238 6481 
3 9407 6017 6004 
3 5320 5491 5492 
3 5077 5242 5240 
3 5495 5498 5411 
3 5591 5490 5322 
3 5411 5156 5495 
3 978 977 249 
3 5320 5318 5491 
3 5156 5155 5495 
3 5562 5460 5457 
3 5495 5492 5690 
3 4255 5783 409 
3 5690 5691 5495 
3 5495 5691 5498 
3 7422 6704 4770 
3 5324 5692 5499 
3 5413 5323 5879 
3 6941 7171 8974 
3 760 1712 5097 
3 5595 5779 5501 
3 6066 5324 5414 
3 5695 5325 5415 
3 7051 4227 1645 
3 5140 7512 2081 
3 5419 5512 5701 
3 5701 5697 5419 
3 8959 8965 9636 
3 5331 5421 5511 
3 4818 1867 1871 
3 5971 6263 6345 
3 6375 6087 5247 
3 9105 4255 7927 
3 9365 863 6973 
3 5511 5519 5331 
3 5517 5429 5251 
3 5429 5512 5333 
3 5844 5398 5744 
3 5247 5423 6375 
3 5427 5517 5251 
3 5627 9866 4881 
3 7480 6734 6741 
3 9957 843 3766 
3 4290 9722 9721 
3 5521 5162 5340 
3 5521 5519 5430 
3 5337 5430 5604 
3 5335 5337 5604 
3 5337 5162 5430 
3 3370 4121 1042 
3 5085 5524 5989 
3 4948 8338 6943 
3 5265 5617 5002 
3 2605 4944 5868 
3 5348 5168 5897 
3 3959 4125 4122 
3 8139 1665 9497 
3 5621 5536 5622 
3 5441 5715 5168 
3 3374 8055 6635 
3 4812 4819 4589 
3 5355 5716 5721 
3 6649 6643 7373 
3 5505 9595 7602 
3 7553 7550 8843 
3 5539 5543 5623 
3 5175 5808 5171 
3 5808 5722 5171 
3 5364 5623 5543 
3 2838 2996 9962 
3 9504 8351 8346 
3 7836 9829 8481 
3 9148 9829 7836 
3 9245 9915 1419 
3 5176 5545 5808 
3 5723 5267 5270 
3 5367 5269 5361 
3 5545 5176 5267 
3 5363 5629 5270 
3 5185 5274 5549 
3 7476 5428 8788 
3 9605 7608 5988 
3 5740 576 5048 
3 4896 5489 4987 
3 1537 2733 2084 
3 9126 9761 4440 
3 5368 5553 5728 
3 6023 5552 5821 
3 6788 6681 7232 
3 5369 5636 5555 
3 8460 8995 3178 
3 3834 522 578 
3 5636 5557 5555 
3 8387 3918 7035 
3 5561 5456 5732 
3 5552 5387 5821 
3 212 3486 7070 
3 5290 5287 5457 
3 7574 2397 7560 
3 8530 9863 8512 
3 9554 9581 9564 
3 4265 4257 119 
3 4025 4683 7317 
3 5464 5565 5653 
3 4274 4840 4828 
3 4131 3845 4234 
3 9728 2657 6939 
3 7360 4025 7317 
3 772 1511 2163 
3 3565 5033 6574 
3 4015 4019 3943 
3 8502 8792 8505 
3 5464 5467 5565 
3 8619 4796 5855 
3 5931 5660 5215 
3 5934 5219 5471 
3 5934 5567 5219 
3 6622 6623 6718 
3 6602 4004 7337 
3 5661 5302 5399 
3 9519 8941 8525 
3 4450 2764 4346 
3 5935 5661 5399 
3 3817 3828 6193 
3 9983 9538 5347 
3 6272 395 5530 
3 5479 5669 5304 
3 2200 5061 6460 
3 7519 3213 8086 
3 9548 9554 8875 
3 8009 8659 2042 
3 5459 8636 7220 
3 5574 5577 5482 
3 3208 868 895 
3 5482 5481 5574 
3 5853 5229 5852 
3 5485 5578 5751 
3 5023 5046 647 
3 3879 9660 9673 
3 5477 5578 5227 
3 5610 5611 4180 
3 5881 5415 5777 
3 5610 242 4880 
3 5483 5850 5852 
3 5403 5857 6052 
3 7323 8004 3315 
3 5403 5314 5857 
3 5314 5486 5857 
3 978 249 7973 
3 5485 5487 5313 
3 4109 1903 493 
3 2390 2471 2519 
3 5234 5579 5237 
3 5948 5487 5485 
3 6460 8910 3689 
3 3116 845 3199 
3 5489 5759 5488 
3 5683 5682 5681 
3 5759 5680 5762 
3 5850 6147 5848 
3 8952 2165 3670 
3 5316 5761 5680 
3 5863 5759 5762 
3 5075 5683 5585 
3 5879 5323 5499 
3 5589 5318 5317 
3 703 718 3119 
3 5585 5589 5317 
3 5586 5490 5685 
3 5318 5589 5590 
3 5490 5591 5685 
3 2096 9530 8849 
3 4372 5173 4450 
3 5491 5687 5492 
3 8194 3247 2081 
3 5491 5688 5687 
3 5498 5772 5593 
3 3574 9578 2062 
3 5589 5688 5590 
3 2383 4040 7158 
3 882 9415 8746 
3 9512 2096 8849 
3 5591 5322 5593 
3 5498 5593 5322 
3 5598 5703 5421 
3 8369 9696 6229 
3 5950 5948 6156 
3 6195 6285 5612 
3 7307 4630 7968 
3 7293 6556 5396 
3 5421 5703 5511 
3 5325 5695 5594 
3 9427 9650 1398 
3 4498 6429 7848 
3 3319 3626 8472 
3 5703 5599 5511 
3 4851 8153 8166 
3 5425 5335 5514 
3 4737 8072 6671 
3 7459 1310 5814 
3 5604 5511 5603 
3 5519 5511 5604 
3 4623 7288 6551 
3 5708 5512 5517 
3 5158 5709 5334 
3 4075 7384 4054 
3 9804 365 9644 
3 1640 393 5339 
3 5431 4907 5526 
3 7210 7892 7885 
3 9272 9507 3574 
3 5508 4067 8535 
3 5485 5313 5231 
3 9272 2062 8626 
3 5265 5348 5617 
3 5612 5344 6195 
3 5612 6285 5794 
3 4996 3698 4998 
3 9249 3555 9826 
3 5997 5798 5716 
3 4059 4112 6514 
3 6734 8123 8106 
3 5802 5349 5621 
3 5715 5441 5539 
3 5716 5355 5438 
3 9150 8512 9168 
3 5512 5429 5517 
3 5624 5904 5448 
3 5718 5622 5536 
3 5571 8576 9247 
3 5972 5695 5881 
3 5623 6002 5539 
3 5642 4404 5647 
3 7897 2145 577 
3 5800 5171 6005 
3 8818 9396 1514 
3 9451 9396 8818 
3 5544 5271 5355 
3 8585 3244 7263 
3 4576 5256 5087 
3 4576 4570 5161 
3 8249 5752 462 
3 3444 49 1905 
3 9810 4863 9812 
3 6526 5843 7251 
3 5723 5270 5629 
3 8938 8907 8916 
3 5448 5725 5624 
3 3057 3832 4593 
3 5811 5817 5628 
3 5452 5628 5817 
3 5707 6191 5890 
3 6121 6124 6216 
3 5073 5234 5237 
3 5728 5729 5815 
3 4494 1398 1351 
3 5829 5385 5560 
3 6216 6308 6580 
3 8914 8124 5827 
3 5824 5636 5635 
3 9473 1574 9480 
3 5730 5384 5920 
3 5637 5636 5824 
3 5920 5384 5924 
3 1725 691 1682 
3 4366 2730 4468 
3 5638 5557 5637 
3 5470 5650 5566 
3 9548 208 9554 
3 5639 5560 5558 
3 6342 5651 8805 
3 5733 5558 5557 
3 4495 4288 4500 
3 6237 6223 2475 
3 5388 5831 5562 
3 5654 5387 5038 
3 5738 5387 5654 
3 5735 5387 5738 
3 5653 5564 5461 
3 6500 4578 5834 
3 8793 6627 2736 
3 5388 5564 5831 
3 9958 5310 9275 
3 4728 8870 8908 
3 9247 6511 5830 
3 7296 7280 1352 
3 5650 6031 5566 
3 4502 4208 4397 
3 5569 5394 6136 
3 3523 1519 1513 
3 9873 9851 4202 
3 5568 5836 5659 
3 5467 5395 5657 
3 8950 3590 8940 
3 5743 5567 5934 
3 5662 5471 5569 
3 8555 5178 7218 
3 2473 889 7785 
3 7470 7428 4659 
3 4423 1761 4191 
3 9791 213 9354 
3 9818 9941 6372 
3 7979 8920 8195 
3 9351 58 7888 
3 5744 6234 5844 
3 5748 5226 5844 
3 7030 860 858 
3 5747 5665 5746 
3 6611 7699 7407 
3 324 9925 3299 
3 6009 6013 6295 
3 4489 5917 2232 
3 7550 7553 8187 
3 6235 5847 5748 
3 1022 2395 7756 
3 6408 1663 3658 
3 4979 6280 4967 
3 3303 4269 9558 
3 5332 6000 5286 
3 4275 1189 1197 
3 9826 3587 947 
3 5949 6246 6053 
3 5485 5751 6152 
3 6160 6961 8315 
3 2101 4945 9163 
3 1197 1189 1847 
3 5949 6053 5753 
3 5238 5237 5583 
3 5583 5681 5238 
3 5315 5238 5682 
3 5683 5075 5682 
3 5316 5586 5761 
3 6279 3831 288 
3 4861 5573 3868 
3 5498 5322 5411 
3 5586 5763 5761 
3 5586 5686 5763 
3 4165 8434 8438 
3 5322 5490 5319 
3 6574 8549 8726 
3 6939 1186 8361 
3 5591 5592 5685 
3 5426 2078 2065 
3 4272 4372 4346 
3 2081 7512 8194 
3 5592 5591 5593 
3 5461 5040 5653 
3 5691 5772 5498 
3 5035 4860 5111 
3 5877 5690 5770 
3 9886 9243 6495 
3 5499 5692 5966 
3 5774 5785 6455 
3 5501 5779 5781 
3 134 9816 6349 
3 1769 3765 7083 
3 4807 2126 4787 
3 5695 5415 5881 
3 5057 9145 7124 
3 5595 5417 5697 
3 5886 5598 5781 
3 5598 5501 5781 
3 5881 6266 5972 
3 9252 5203 5200 
3 2729 6686 4737 
3 5580 8967 2698 
3 3324 1895 8963 
3 5118 5768 5765 
3 4591 660 4601 
3 5221 6672 9697 
3 5118 5765 4516 
3 5075 5585 5317 
3 5398 5136 5659 
3 5604 5603 5335 
3 7957 8108 7965 
3 5983 6191 5707 
3 5604 5430 5519 
3 5997 5438 5714 
3 6545 5875 2612 
3 5757 8549 6574 
3 462 5752 8042 
3 6293 9514 4906 
3 4133 3372 1889 
3 5612 4912 5344 
3 9272 3574 2062 
3 5259 5531 5993 
3 5715 5897 5168 
3 5998 5714 5796 
3 5996 5617 5348 
3 5996 5348 5897 
3 3392 7720 74 
3 5531 5795 5993 
3 5438 5796 5714 
3 5615 5794 5894 
3 577 9174 903 
3 8074 8076 8951 
3 3975 7318 7969 
3 5352 5532 5717 
3 5539 6002 5715 
3 8511 1129 4496 
3 3067 3057 4600 
3 5902 5801 5802 
3 5806 5721 5899 
3 398 489 464 
3 8689 639 620 
3 5716 5899 5721 
3 5171 5722 6005 
3 5161 5256 4576 
3 3167 9383 3226 
3 1868 2588 177 
3 6940 4959 6956 
3 8234 2975 2791 
3 9578 3574 9803 
3 5364 5538 5623 
3 5631 5542 5354 
3 5544 5806 5628 
3 5806 5811 5628 
3 5908 5267 5723 
3 3342 9926 3324 
3 4600 3057 4593 
3 5629 5633 5813 
3 5363 5633 5629 
3 7005 9307 8661 
3 2948 1470 7280 
3 6021 5817 5811 
3 9148 7836 8487 
3 6300 5633 5547 
3 5815 5725 5728 
3 7443 558 4100 
3 5728 5730 5729 
3 4494 1351 4467 
3 5101 9834 4492 
3 5730 5728 5553 
3 5920 6025 5730 
3 5824 5823 5919 
3 5826 5638 5637 
3 8686 162 8021 
3 5823 5635 5818 
3 947 3587 9947 
3 5639 5558 5733 
3 5733 5557 5638 
3 9195 9048 1849 
3 6348 9659 2100 
3 8683 4292 9351 
3 6027 6079 6064 
3 5399 5302 5138 
3 3103 9821 7114 
3 6133 5389 5460 
3 4069 4445 4159 
3 4609 4828 4840 
3 5839 5841 5657 
3 5841 5565 5657 
3 4864 9106 7761 
3 1280 8115 5766 
3 5071 4672 4344 
3 7105 8471 4463 
3 4113 6304 8462 
3 7978 3486 8078 
3 5810 4827 5975 
3 5226 5748 5574 
3 2382 2754 2533 
3 431 4470 7111 
3 6531 6971 7268 
3 5748 5577 5574 
3 7344 5150 3406 
3 8009 2042 2095 
3 5945 5572 5747 
3 5864 5866 5867 
3 4784 5226 5574 
3 5631 5274 5362 
3 7865 8143 7866 
3 6943 6251 4948 
3 4960 8805 1849 
3 9344 5858 8010 
3 4733 1809 8995 
3 387 386 331 
3 5290 5457 5194 
3 1319 7687 9560 
3 5753 5857 5486 
3 5404 5753 5486 
3 5753 5404 5859 
3 8349 7685 6974 
3 3392 4854 7720 
3 2439 4470 7103 
3 5754 5755 5583 
3 5754 5583 5237 
3 5543 5441 5359 
3 5108 5285 5187 
3 1611 2263 3289 
3 4381 7220 5712 
3 8651 7991 7600 
3 7250 7242 7450 
3 1047 4128 2596 
3 5867 5683 5681 
3 5762 5680 5761 
3 5867 5872 5683 
3 5973 8542 7191 
3 5704 5701 5512 
3 5586 5316 5242 
3 5973 9213 8542 
3 6701 6028 8102 
3 5683 5872 5767 
3 5769 5685 5592 
3 5767 5585 5683 
3 5686 5960 5763 
3 8639 6487 1934 
3 4959 5570 4308 
3 5686 6258 5960 
3 5685 5686 5586 
3 1531 1456 1306 
3 5292 5114 4953 
3 5775 5772 5773 
3 1425 1424 1370 
3 5691 5690 5877 
3 6479 9292 9989 
3 87 7720 9071 
3 6479 8629 9292 
3 9400 6588 6590 
3 5499 5966 5879 
3 5691 5773 5772 
3 5594 6356 6719 
3 5692 6066 5694 
3 5773 5878 5775 
3 6347 5413 5879 
3 5777 5413 6347 
3 8437 3754 5676 
3 7028 7242 7250 
3 5970 6723 6068 
3 5781 5779 5778 
3 6066 5594 6719 
3 5700 3834 9472 
3 8512 8526 8530 
3 3283 3219 9636 
3 1734 7745 8393 
3 7773 5037 4422 
3 5481 5069 5068 
3 9691 8354 7035 
3 4845 3868 7739 
3 5779 5595 5780 
3 4938 4934 6230 
3 4941 6910 7661 
3 6204 6243 8401 
3 6461 7291 8557 
3 5699 5697 5701 
3 7028 4137 6880 
3 5708 5704 5512 
3 6716 7586 6821 
3 5707 5890 5427 
3 5706 6375 5423 
3 5983 5334 5709 
3 5984 5425 5514 
3 5514 5889 5984 
3 2087 2082 3478 
3 5889 5603 5511 
3 5603 5889 5514 
3 5146 5067 5307 
3 5889 5511 5599 
3 780 7028 6880 
3 9650 9427 4733 
3 5517 5427 5708 
3 6933 6251 6943 
3 5331 5244 5328 
3 5330 7942 8515 
3 6089 5986 5431 
3 8921 5582 3257 
3 6552 9517 1718 
3 5524 5711 5790 
3 9590 1323 9739 
3 8385 3782 135 
3 9035 4386 5613 
3 2720 3508 62 
3 5993 5713 5259 
3 780 6850 8246 
3 9269 1645 4227 
3 4380 3682 4974 
3 6096 6104 4724 
3 5428 5434 6088 
3 5717 5532 6001 
3 6208 6903 6900 
3 5716 5798 5899 
3 5440 6101 5998 
3 5172 551 2185 
3 5573 8920 7739 
3 5352 5718 5536 
3 5803 5621 5622 
3 5621 5803 5802 
3 4140 524 9844 
3 5717 6105 5718 
3 4825 9809 9931 
3 5806 5899 6106 
3 6482 6298 6397 
3 578 6963 6514 
3 6460 6454 2200 
3 6203 9931 353 
3 5823 5824 5635 
3 725 791 726 
3 8583 1520 8588 
3 3966 3968 4232 
3 5538 5615 5720 
3 4915 3606 5534 
3 2769 3620 1099 
3 6007 5909 6009 
3 910 5537 7819 
3 5643 3034 5640 
3 4450 4420 2764 
3 4216 270 1126 
3 4970 7870 6424 
3 5317 5318 4898 
3 5623 5720 5804 
3 4269 6888 6200 
3 9253 2075 9255 
3 432 295 381 
3 2697 8620 9962 
3 5549 5274 6019 
3 5725 5815 5624 
3 5624 5815 5909 
3 5815 5910 5909 
3 4270 4375 4306 
3 7344 3369 9285 
3 5729 5911 5910 
3 5548 6023 5547 
3 5815 5729 5910 
3 1520 9250 1504 
3 6213 5911 6025 
3 9245 1504 9250 
3 6023 6302 5547 
3 2473 1794 73 
3 4996 9703 7700 
3 5730 6025 5729 
3 6021 5818 5817 
3 6019 5732 5549 
3 7241 9932 6439 
3 6013 6016 6018 
3 5919 5826 5824 
3 6119 3369 9526 
3 2076 8914 1514 
3 6514 4112 6037 
3 5825 6126 5826 
3 7983 869 7982 
3 5522 5509 8228 
3 4984 4363 6987 
3 1181 1882 453 
3 6381 6389 3139 
3 5924 5563 6035 
3 5563 5465 6035 
3 5646 5645 5926 
3 5650 5561 5736 
3 8027 280 3716 
3 9207 9491 9356 
3 5836 5391 5646 
3 2395 1022 1025 
3 5929 5835 5565 
3 9198 8517 9151 
3 5837 5659 5836 
3 3831 6279 9944 
3 9292 8667 9989 
3 6139 5743 5934 
3 5567 5743 5839 
3 5839 5657 5567 
3 2218 4878 6817 
3 6137 5662 5569 
3 5471 5662 5934 
3 5655 5663 5940 
3 2300 1408 483 
3 5418 3133 4210 
3 5577 5748 5847 
3 6050 6150 5479 
3 5942 5746 6149 
3 5853 5852 5848 
3 6143 6048 5853 
3 5675 5751 5477 
3 7650 7654 7811 
3 5751 5578 5477 
3 8759 6735 7469 
3 2698 2462 667 
3 5314 5404 5486 
3 5487 5861 5579 
3 5394 5566 6136 
3 5948 5861 5487 
3 6053 5857 5753 
3 9090 481 9087 
3 5861 5950 5860 
3 5950 5755 5860 
3 5754 5860 5755 
3 9187 8546 9226 
3 5863 5488 5759 
3 1548 1611 3289 
3 5950 5865 5755 
3 8322 7661 8086 
3 6085 9220 9213 
3 5865 5866 5864 
3 5762 5956 5954 
3 6129 2841 8171 
3 7097 4435 8455 
3 6054 5865 5950 
3 5762 5958 5956 
3 9198 5973 7191 
3 8978 6961 8974 
3 2432 2667 2433 
3 5761 5958 5762 
3 6536 6537 6641 
3 5763 5960 6166 
3 9951 6824 6959 
3 5958 5761 5763 
3 7991 9989 913 
3 3293 6069 3254 
3 5283 5028 4855 
3 4979 4368 7700 
3 7247 6834 8580 
3 2606 8219 9559 
3 8530 7872 5627 
3 5568 4965 5391 
3 9383 9538 9741 
3 5686 5769 6258 
3 6059 5688 5589 
3 5972 5594 5695 
3 6188 5784 5886 
3 6940 5570 4959 
3 5876 5688 6059 
3 5964 5769 5592 
3 5598 5886 5784 
3 1839 2115 1702 
3 6155 4871 7557 
3 8361 1272 6914 
3 5324 6066 5692 
3 6525 5692 5694 
3 5595 5697 5780 
3 3406 7603 1781 
3 8517 9198 7191 
3 4460 3576 4376 
3 6529 6263 6067 
3 5884 5778 5882 
3 5877 6259 6340 
3 3118 3137 4551 
3 5978 5885 5780 
3 5884 5781 5778 
3 5779 5780 5778 
3 5778 5780 5885 
3 6071 5974 5976 
3 471 296 382 
3 7679 5047 816 
3 8952 6069 3293 
3 9401 5991 7378 
3 5697 5699 5780 
3 6240 6954 5575 
3 2045 5472 385 
3 6235 6494 6497 
3 9610 7651 3357 
3 1710 1916 1789 
3 6453 6084 5982 
3 5982 5703 5784 
3 9187 9866 7872 
3 5984 5599 6083 
3 6407 6491 5932 
3 6282 5706 5984 
3 5425 5984 5706 
3 3478 4914 123 
3 1756 1732 3364 
3 5427 5890 5708 
3 9627 6910 4927 
3 3325 4673 8020 
3 944 3260 92 
3 3034 5643 7052 
3 5987 5431 5526 
3 7664 8322 7668 
3 95 8813 165 
3 7186 7873 6455 
3 8515 7942 7051 
3 9964 6294 165 
3 5990 5791 5713 
3 8545 616 8053 
3 1743 5809 6243 
3 5042 8442 7782 
3 2496 928 8848 
3 7384 8706 6653 
3 5781 5884 6081 
3 5714 5998 6097 
3 2361 6652 877 
3 2724 2804 2801 
3 8435 2596 4128 
3 9053 4052 3918 
3 5900 6101 5440 
3 4807 6980 6245 
3 5898 5899 5798 
3 6510 9229 5088 
3 5900 5440 5800 
3 5791 5345 5713 
3 5986 5709 5158 
3 5765 7862 5432 
3 5873 8610 7288 
3 5802 5803 5902 
3 6388 5720 5894 
3 1856 3564 7596 
3 5411 5322 5321 
3 5180 7892 7210 
3 5631 5354 6010 
3 7450 7731 7628 
3 5623 5538 5720 
3 5721 5806 5544 
3 8580 6657 8575 
3 5904 5909 6007 
3 5894 5720 5615 
3 5811 5806 6008 
3 5910 6009 5909 
3 6197 6290 6566 
3 5269 5182 5015 
3 6112 6012 5908 
3 685 2241 698 
3 3602 3603 6894 
3 6112 5629 5813 
3 8228 4243 8212 
3 6014 5274 5631 
3 5003 5349 5354 
3 7510 1774 5979 
3 5911 6124 6016 
3 5979 1774 4607 
3 7046 7195 7524 
3 6124 5911 6213 
3 5729 6025 5911 
3 5140 2081 9710 
3 481 9090 5674 
3 2516 1851 3162 
3 4271 4366 4376 
3 1633 9269 8590 
3 5736 5732 6122 
3 8680 8683 9351 
3 5825 5919 6121 
3 9544 9488 706 
3 5173 5191 5165 
3 9752 4117 4843 
3 6222 5926 5829 
3 4773 3299 6104 
3 2871 2067 3761 
3 3834 578 6514 
3 5751 5675 6327 
3 3581 6183 5506 
3 5646 5926 6032 
3 3782 8373 3762 
3 4773 3995 1937 
3 6236 5935 5936 
3 6130 5465 6226 
3 5389 6133 5931 
3 4099 9734 6982 
3 4405 4727 4732 
3 3762 8373 8358 
3 5841 5929 5565 
3 8199 5493 7573 
3 6139 6231 5743 
3 8778 4126 6042 
3 2170 5127 537 
3 3148 4581 9784 
3 6140 5660 5931 
3 2036 378 2045 
3 5847 6146 5577 
3 8433 8712 8285 
3 4971 5146 5479 
3 5745 6044 5746 
3 2780 3776 8538 
3 3425 264 1114 
3 5853 6048 5673 
3 5859 5488 5863 
3 6040 6735 8759 
3 7557 4871 5478 
3 5940 5854 6047 
3 5747 5746 5942 
3 5465 5563 5390 
3 5685 5769 5686 
3 5944 6047 5854 
3 5944 5673 6048 
3 1262 2594 5223 
3 8868 7536 9537 
3 5748 5844 6235 
3 5673 5944 5480 
3 6052 5857 6053 
3 7782 3759 5042 
3 6051 5751 6327 
3 5307 6052 6050 
3 5863 5949 5859 
3 9867 2590 1263 
3 5948 5950 5861 
3 5860 5579 5861 
3 2397 9953 7549 
3 5863 5762 5952 
3 8298 6941 8974 
3 8178 6123 5468 
3 5470 5394 5299 
3 4971 5479 5304 
3 5867 6335 5872 
3 6056 6253 5956 
3 6954 6240 7667 
3 5958 5763 6166 
3 5956 5958 6056 
3 4376 4366 4461 
3 8546 9187 6393 
3 4758 2536 2517 
3 5962 5769 5964 
3 5964 6435 5962 
3 8171 2841 8166 
3 1708 8790 5907 
3 7394 6707 6807 
3 9667 8319 6883 
3 5775 5878 5964 
3 5876 5770 5688 
3 5029 9760 5030 
3 6061 5878 5773 
3 5876 6059 6172 
3 5966 5692 6525 
3 5969 5777 6350 
3 6345 5967 5968 
3 9053 9087 4219 
3 7575 6616 7106 
3 2198 5458 4201 
3 3918 48 9691 
3 5391 4965 5120 
3 6065 6179 5965 
3 7325 7165 7159 
3 4833 7520 6765 
3 5882 6075 6073 
3 7389 4744 6683 
3 6074 5884 5882 
3 7834 9154 5674 
3 5882 5885 6075 
3 5882 5778 5885 
3 5885 5978 6075 
3 6078 6081 5884 
3 8325 5393 6896 
3 7664 4941 7661 
3 232 3823 6672 
3 5997 5714 5995 
3 5886 5781 6081 
3 1153 2511 399 
3 6767 4832 7509 
3 6188 6453 5982 
3 9371 7350 4296 
3 4923 4711 4393 
3 7764 9745 8384 
3 5434 2156 6088 
3 5814 1309 2852 
3 8390 9698 9721 
3 6191 5704 5890 
3 4180 1939 272 
3 2673 9122 270 
3 7840 6402 3981 
3 6940 6926 5570 
3 4468 4526 4461 
3 6091 3482 5435 
3 6087 6375 6192 
3 5524 5790 5989 
3 9050 9031 8384 
3 5989 5344 5085 
3 545 563 3725 
3 5526 5791 5990 
3 8462 9151 7849 
3 8373 3782 8385 
3 8843 9527 9197 
3 6383 5993 5795 
3 5979 9544 7510 
3 5996 6387 5617 
3 6463 5898 6386 
3 2817 2811 4171 
3 7543 5407 7496 
3 9934 5856 8593 
3 5715 6002 6197 
3 5717 6392 6105 
3 5717 6001 6392 
3 4824 5542 5362 
3 5898 6106 5899 
3 5622 5718 6003 
3 7307 4642 4630 
3 5800 6768 5900 
3 5720 6388 6390 
3 5717 5718 5352 
3 4646 1774 7510 
3 7529 7510 2636 
3 7116 7886 7415 
3 5448 5904 5795 
3 5619 5608 4719 
3 5801 6010 5354 
3 6005 5722 6110 
3 5722 5808 6110 
3 5390 5661 5658 
3 2147 2534 2675 
3 2545 7497 4805 
3 5806 6109 6008 
3 6438 8022 7580 
3 7261 6818 6822 
3 8210 7356 6549 
3 5460 5562 5831 
3 8481 9114 7835 
3 5808 6012 6110 
3 7476 4162 5428 
3 6113 5631 6010 
3 6112 6114 6012 
3 6114 6110 6012 
3 5911 6016 6013 
3 6206 6013 6008 
3 7605 5535 6194 
3 6013 6018 6008 
3 5274 6014 6019 
3 3081 3071 4497 
3 744 1610 711 
3 6008 6018 5914 
3 9547 2663 1440 
3 7076 6575 6577 
3 6019 6209 6303 
3 7035 3918 9691 
3 6302 6300 5547 
3 9285 3369 6119 
3 9710 2081 6610 
3 6469 6905 6100 
3 5732 6019 6122 
3 5823 5818 6117 
3 6022 6018 6124 
3 2203 7096 9930 
3 3747 7069 5668 
3 6099 5898 5798 
3 3901 9504 8346 
3 4571 4262 4364 
3 5825 6217 6126 
3 4450 5165 4420 
3 5633 6300 5813 
3 5920 5924 6308 
3 6308 6213 5920 
3 9206 9365 6973 
3 6122 6212 5736 
3 4316 4200 2559 
3 6219 5826 6403 
3 6401 5735 6312 
3 6734 4790 6741 
3 4585 4607 4568 
3 5733 6484 6222 
3 4607 5980 4568 
3 6126 6403 5826 
3 4319 4037 4321 
3 5776 5877 6340 
3 9983 5329 2390 
3 5736 6212 6030 
3 4225 4321 4037 
3 6221 6030 6212 
3 2218 6817 7564 
3 6034 5564 6316 
3 8596 7273 9271 
3 6135 6316 5835 
3 5836 5646 6032 
3 6147 6322 6415 
3 5412 8107 9433 
3 6226 5658 6138 
3 6493 6134 6492 
3 5926 6313 6032 
3 6231 5839 5743 
3 6228 5841 5839 
3 5658 6226 5465 
3 1020 9412 6552 
3 6136 6137 5569 
3 6320 6234 5744 
3 2476 9563 376 
3 8351 9504 9673 
3 5166 9530 8875 
3 8199 9527 8843 
3 5831 5564 6034 
3 9114 8435 7835 
3 5745 6507 6044 
3 8018 7256 6814 
3 7453 6043 5386 
3 6048 6143 6416 
3 6149 5746 6044 
3 2695 204 8857 
3 5663 5854 5940 
3 5848 5852 5850 
3 5853 5848 6143 
3 5949 5753 5859 
3 1675 1697 3118 
3 1929 1086 5608 
3 1086 4719 5608 
3 3643 335 3818 
3 6047 5944 6239 
3 6173 9673 9660 
3 6051 6241 6242 
3 5854 5480 5944 
3 6146 6147 5850 
3 4203 6131 3538 
3 6052 6053 6330 
3 1741 3137 3118 
3 6333 6159 6156 
3 5952 6162 5949 
3 5949 6162 6247 
3 6252 5867 5866 
3 5654 5210 5663 
3 5952 5762 5954 
3 6425 6055 6054 
3 1721 4534 7438 
3 6055 5866 5865 
3 5952 5954 6162 
3 6335 5867 6252 
3 8316 5870 3283 
3 6539 6642 6641 
3 5945 5675 5477 
3 9704 6462 95 
3 6058 5684 5767 
3 6059 5684 6167 
3 8849 9530 5166 
3 5594 6066 5414 
3 4551 4553 3118 
3 6167 5684 6058 
3 6058 5767 5872 
3 8208 5494 6165 
3 3491 8315 3371 
3 6125 8316 6948 
3 1472 5758 5177 
3 6259 5770 5876 
3 5877 5770 6259 
3 5773 5776 6061 
3 5960 6339 6169 
3 6172 6338 6434 
3 3510 9551 3513 
3 5773 5691 5776 
3 4661 5220 5059 
3 6123 1405 6780 
3 7647 7171 6941 
3 6345 5968 5971 
3 9906 4646 186 
3 6347 6350 5777 
3 6180 6179 6065 
3 5393 2567 4010 
3 5694 6066 6719 
3 6068 5971 5970 
3 6082 5301 347 
3 6068 6067 5971 
3 5974 6070 6268 
3 5157 3887 6468 
3 4427 8174 9685 
3 8067 6588 9400 
3 6351 6352 6178 
3 5970 5971 5968 
3 7649 7493 7172 
3 6072 5974 6182 
3 6072 5976 5974 
3 6182 6185 6072 
3 6242 6423 6333 
3 5967 6265 5970 
3 6185 6077 6072 
3 688 1682 691 
3 1682 688 689 
3 6072 6074 5976 
3 5804 6290 6002 
3 9507 9272 9195 
3 6074 6073 5976 
3 6537 6362 6539 
3 71 94 116 
3 9419 2328 1039 
3 5976 6073 6071 
3 5884 6077 6078 
3 4553 1675 3118 
3 8953 5301 7630 
3 6074 6077 5884 
3 3975 7969 7293 
3 3226 1902 3167 
3 6081 6080 6188 
3 9776 7764 8397 
3 9721 9078 8390 
3 6283 9053 8387 
3 7171 7647 7132 
3 6188 5982 5784 
3 6277 5699 5701 
3 6083 5703 5982 
3 6577 6922 7076 
3 2519 9842 9832 
3 5880 4410 3576 
3 5984 5889 5599 
3 5959 4637 2016 
3 9503 1862 9512 
3 9053 3918 8387 
3 486 491 559 
3 5995 6560 6099 
3 6230 4277 7623 
3 6554 5986 6089 
3 5979 4607 4585 
3 8384 9745 9050 
3 5990 6092 5526 
3 3781 9605 5988 
3 5344 5989 6195 
3 6446 6182 6366 
3 5997 5716 5438 
3 5894 5794 6285 
3 6100 6459 6097 
3 5996 5897 6466 
3 3178 8995 1902 
3 5108 4838 4837 
3 4839 5182 4937 
3 7497 2817 4171 
3 5998 6565 6100 
3 6105 6474 6003 
3 1665 8139 5838 
3 9407 5991 9401 
3 4623 5873 7288 
3 1576 7583 9894 
3 6002 6290 6197 
3 5900 6567 6101 
3 5806 6106 6109 
3 5640 6324 5643 
3 6463 6288 6289 
3 5846 1675 8755 
3 1520 8583 9250 
3 6009 6470 6007 
3 6009 6664 6470 
3 842 804 876 
3 7209 6764 6663 
3 9371 5741 8249 
3 6206 6008 6109 
3 7623 4277 6200 
3 9967 2430 2454 
3 5817 5635 5369 
3 980 6713 9513 
3 4733 8995 9688 
3 5911 6013 5910 
3 9581 6750 8235 
3 5735 5821 5387 
3 5910 6013 6009 
3 6013 6206 6295 
3 6737 7476 7469 
3 5535 7605 5520 
3 5800 6005 6472 
3 5629 6112 5723 
3 6737 4162 7476 
3 6299 6014 6113 
3 6112 6397 6298 
3 6209 6014 6299 
3 3750 3752 2243 
3 5575 4938 6240 
3 9020 6280 7700 
3 6300 6398 5813 
3 6041 6867 6825 
3 7574 6750 9581 
3 6021 6117 5818 
3 5821 5735 6401 
3 6022 6121 6117 
3 5388 5376 5192 
3 6019 6303 6122 
3 6018 6022 5914 
3 5818 5635 5817 
3 6022 6124 6121 
3 6786 6411 6793 
3 4733 9688 9650 
3 4621 3888 4626 
3 6124 6308 6216 
3 2021 4021 7354 
3 410 438 360 
3 3781 8940 3497 
3 7087 6232 6693 
3 2021 7354 7147 
3 316 2021 7147 
3 342 9499 2439 
3 5789 4545 5141 
3 5406 6043 7453 
3 3781 5264 8940 
3 1921 2660 1874 
3 6602 6643 4695 
3 6602 4695 5918 
3 1226 1188 1425 
3 6112 5813 6397 
3 6734 4776 4790 
3 7674 9262 2372 
3 8619 5855 5792 
3 2606 7566 8219 
3 8882 748 2125 
3 6501 6138 5935 
3 5738 6490 5735 
3 8556 9904 9915 
3 5653 6316 5564 
3 8181 7542 8162 
3 7678 6991 9012 
3 5653 5835 6316 
3 8107 5412 7453 
3 8702 2056 2054 
3 6320 5932 6491 
3 9243 4584 6495 
3 6136 6134 6788 
3 6320 5744 5932 
3 6289 6109 6106 
3 6137 6038 5662 
3 5662 6038 5934 
3 6231 6228 5839 
3 6238 5655 5940 
3 5655 6238 6232 
3 5929 5841 6228 
3 4461 5201 4460 
3 6034 6133 5831 
3 8875 9554 6720 
3 7453 5412 5406 
3 6602 5918 4004 
3 6146 6322 6147 
3 5940 6047 6238 
3 9970 2430 8704 
3 3482 5405 1483 
3 5945 5747 5942 
3 9559 7536 8868 
3 8315 3491 8993 
3 6328 6052 6330 
3 6144 5426 8154 
3 6051 6242 6152 
3 8326 6991 6983 
3 6048 6416 5944 
3 6246 5949 6157 
3 6420 6330 6332 
3 6152 6242 6156 
3 5948 6152 6156 
3 6333 6156 6242 
3 9896 9765 9192 
3 6157 5949 6247 
3 4240 1056 6384 
3 4655 7998 7322 
3 6162 6604 6249 
3 5863 5952 5949 
3 8106 7425 5377 
3 7422 4770 2094 
3 6250 5866 6055 
3 5865 6054 6055 
3 9965 5308 5447 
3 6253 6428 6604 
3 1742 1803 1747 
3 6659 6459 6100 
3 6056 6166 6255 
3 1599 3007 7334 
3 5112 3692 6552 
3 5872 6335 6058 
3 8702 4446 7348 
3 6169 6255 5960 
3 1275 430 5065 
3 6172 6059 6337 
3 6434 6259 5876 
3 6260 5878 6061 
3 5876 6172 6434 
3 6341 5776 6340 
3 6341 6061 5776 
3 8689 2946 639 
3 6179 6346 6343 
3 6179 6343 5965 
3 5179 1416 5198 
3 3688 978 6471 
3 5811 6008 5914 
3 6263 5971 6067 
3 6345 6262 5967 
3 6176 5965 6343 
3 6176 6178 5965 
3 7522 8410 8409 
3 8726 8586 6576 
3 6440 6346 6180 
3 9139 7399 4508 
3 9613 3016 1576 
3 9403 4737 6686 
3 6268 6366 5974 
3 5974 6366 6182 
3 7657 7492 7168 
3 5887 8847 3049 
3 6270 6185 6182 
3 6031 5650 5736 
3 5972 6358 6356 
3 6274 6077 6185 
3 5525 4165 2709 
3 6453 6188 6080 
3 6078 6077 6274 
3 6077 6074 6072 
3 9538 9383 5347 
3 6073 6074 5882 
3 245 7772 135 
3 4776 3426 2767 
3 2181 7389 6683 
3 7630 9622 8953 
3 5704 6190 6277 
3 7739 3868 5573 
3 8385 135 7772 
3 5704 6191 6190 
3 3830 2126 4807 
3 8711 8042 5756 
3 7628 7731 7788 
3 9048 9195 1946 
3 2999 8098 2948 
3 8974 6961 8298 
3 6554 6756 5709 
3 3178 1902 9736 
3 8844 8164 8165 
3 6087 6380 5711 
3 7066 6768 7367 
3 5987 7357 6089 
3 1772 8837 6661 
3 4195 6116 3504 
3 9533 5112 9682 
3 6195 5989 6456 
3 3137 4585 4568 
3 9497 1772 6661 
3 6557 5713 5993 
3 5894 6285 6286 
3 5995 6097 6385 
3 6466 5897 6563 
3 4833 6765 5442 
3 6286 6388 5894 
3 7247 8580 8575 
3 7214 6288 6766 
3 7482 8818 1514 
3 5998 6101 6565 
3 3769 4537 3774 
3 6563 6197 6467 
3 1625 1162 8912 
3 5214 6582 5916 
3 7402 1162 1625 
3 5326 6649 7373 
3 7622 9606 3436 
3 6463 6106 5898 
3 9444 8813 95 
3 6106 6463 6289 
3 6003 5718 6105 
3 5181 5359 4835 
3 6885 6544 7034 
3 5902 5803 6475 
3 6206 6291 6295 
3 6388 6658 6390 
3 5687 5770 5690 
3 6206 6289 6291 
3 6206 6109 6289 
3 3400 2665 5207 
3 5659 5744 5398 
3 8755 4553 680 
3 2581 5211 4598 
3 9316 8651 3855 
3 4823 361 6189 
3 6209 6019 6014 
3 5688 5770 5687 
3 7411 1686 3078 
3 5240 5076 4989 
3 6022 6117 6021 
3 1216 8964 8116 
3 9136 9150 9168 
3 5919 5823 6117 
3 6160 2374 7401 
3 6308 6124 6213 
3 6218 6217 6216 
3 7459 9259 9473 
3 6222 6313 5926 
3 5834 5833 5197 
3 6308 5924 6035 
3 6312 5735 6490 
3 6031 6030 6489 
3 5830 4584 9243 
3 5851 1310 5933 
3 9901 409 6261 
3 6226 6411 6130 
3 4683 4684 8684 
3 2769 5165 3620 
3 6228 6135 5929 
3 6788 6137 6136 
3 2075 5055 4362 
3 8687 8682 8238 
3 7450 5092 7250 
3 4843 9092 9752 
3 4466 5917 7549 
3 6233 6140 5931 
3 1216 8116 8119 
3 6611 8964 7699 
3 9554 8214 6720 
3 2464 5670 8921 
3 5132 3152 3851 
3 6234 6235 5844 
3 3608 4468 1975 
3 5178 6495 4574 
3 7210 7207 5805 
3 3147 2374 6972 
3 9923 9919 1895 
3 8023 9041 9466 
3 6147 6415 6145 
3 5247 6087 5711 
3 7353 4252 2615 
3 9085 9511 9812 
3 6501 5935 6236 
3 6680 6494 6320 
3 8959 9636 9628 
3 6253 6162 5954 
3 6150 6326 6418 
3 2793 1963 7130 
3 4004 5921 7337 
3 6051 6327 6241 
3 8004 6596 1997 
3 6152 5751 6051 
3 8301 3016 5845 
3 6160 6972 2374 
3 9277 5217 4459 
3 6513 6423 6329 
3 6332 6330 6246 
3 6246 6157 6332 
3 8097 6592 9415 
3 6332 6157 6248 
3 9536 8860 8185 
3 4526 5201 4461 
3 3988 7323 3315 
3 5413 5415 5325 
3 6257 6167 6058 
3 5960 6255 6166 
3 6519 6430 6335 
3 7106 6616 6618 
3 6339 6258 5962 
3 4112 9505 6037 
3 8214 5927 5912 
3 6520 6259 6434 
3 443 444 574 
3 6436 6178 6176 
3 5966 6525 6344 
3 5694 6438 6525 
3 2609 2155 2681 
3 6178 6436 6351 
3 7262 1442 9750 
3 2769 1974 2764 
3 5157 5785 4550 
3 4522 5230 4513 
3 3619 4526 4468 
3 309 6607 6740 
3 6967 6441 6068 
3 6179 6180 6346 
3 4520 4750 4625 
3 6266 5881 5969 
3 312 370 422 
3 9400 7376 8067 
3 6067 6068 6441 
3 6352 6065 6178 
3 6632 6358 5972 
3 7764 7746 7749 
3 6414 6700 651 
3 6071 6448 6547 
3 7915 7916 7624 
3 6367 6274 6185 
3 6073 6273 6448 
3 616 8711 8053 
3 6075 6273 6073 
3 5887 3049 8168 
3 5862 7263 5223 
3 6554 6089 7357 
3 1637 4925 7029 
3 493 8407 4109 
3 6368 6080 6078 
3 6275 6369 5978 
3 883 850 921 
3 6275 5978 6187 
3 5757 519 8549 
3 2764 1974 1973 
3 6371 5984 6083 
3 7179 3162 6447 
3 6191 5983 6373 
3 5456 5549 5732 
3 5706 6376 6375 
3 6554 5709 5986 
3 8042 8711 616 
3 5165 5191 3620 
3 9889 8632 9601 
3 5706 6282 6376 
3 9889 5712 8632 
3 1923 2206 2128 
3 9606 8924 6952 
3 8416 9090 9087 
3 5711 6380 5790 
3 3818 335 651 
3 3390 7373 6669 
3 9905 83 9783 
3 6195 6456 6899 
3 5995 6385 6560 
3 6385 6097 6459 
3 6387 5996 6466 
3 6466 6563 6562 
3 7647 6082 7132 
3 7521 7731 7450 
3 8575 9932 7241 
3 6383 5795 6470 
3 6383 6470 6764 
3 4434 4402 1576 
3 5543 5539 5441 
3 6575 6483 6398 
3 1965 7942 494 
3 7197 7528 6755 
3 6477 5801 5902 
3 6009 6295 6664 
3 5803 6003 6476 
3 5803 6476 6475 
3 6665 6290 6390 
3 5902 6569 6477 
3 7467 8065 7913 
3 1991 319 325 
3 6658 6388 6286 
3 6477 6010 5801 
3 8908 5198 9589 
3 2321 9954 9398 
3 3066 5208 9277 
3 6759 6898 6761 
3 3425 4211 264 
3 4695 6649 4700 
3 7350 9351 4292 
3 6478 6299 6113 
3 5856 2590 6526 
3 6571 6110 6114 
3 6112 6298 6114 
3 394 392 367 
3 5664 1421 4064 
3 6518 5834 5197 
3 6300 6302 6575 
3 5827 1514 8914 
3 6908 6663 6664 
3 5826 5637 5824 
3 5935 5399 5936 
3 6186 3361 7679 
3 6122 6303 6306 
3 6306 6212 6122 
3 9480 9484 5838 
3 7139 5737 5105 
3 6306 6221 6212 
3 5932 5744 5837 
3 8317 6926 6940 
3 6684 6695 4637 
3 2220 2232 2954 
3 6030 6221 6489 
3 9682 3690 760 
3 1876 2743 3500 
3 6781 6489 6581 
3 5881 5777 5969 
3 5733 6219 6484 
3 4293 4019 4193 
3 7937 7940 7824 
3 6524 8009 9340 
3 6492 5566 6031 
3 6413 6235 6497 
3 6591 6034 6496 
3 9564 8214 9554 
3 6032 6313 6407 
3 6499 6135 6228 
3 6135 6496 6316 
3 5931 6133 6319 
3 7830 3111 1810 
3 5738 5655 6232 
3 8658 7326 4985 
3 8658 4985 8010 
3 6135 6499 6496 
3 7689 8358 8373 
3 6052 5067 5403 
3 5934 6038 6139 
3 6231 6690 6228 
3 3982 3504 2165 
3 8659 9319 9322 
3 9322 2042 8659 
3 5931 6319 6233 
3 5386 6043 6039 
3 4561 7218 3894 
3 7126 2458 3111 
3 6097 5995 5714 
3 7103 4470 9808 
3 6146 5847 6322 
3 6151 6326 6050 
3 8998 1065 9977 
3 5518 7321 7326 
3 7052 2392 3034 
3 8859 7579 1995 
3 8020 4673 9982 
3 2416 1670 1667 
3 8439 7806 9761 
3 7279 8617 9958 
3 6140 6507 5745 
3 1038 7499 8807 
3 8435 9785 7127 
3 5775 5964 5592 
3 1934 9301 5518 
3 6149 6044 6507 
3 9234 1088 9131 
3 6241 6327 6329 
3 4390 7234 1476 
3 6328 6151 6052 
3 6052 6151 6050 
3 9131 1088 7813 
3 6330 6420 6328 
3 2244 2393 2550 
3 6487 9301 1934 
3 6329 6242 6241 
3 6054 5950 6159 
3 6332 6331 6420 
3 6423 6242 6329 
3 8115 9441 6627 
3 6248 6157 6247 
3 7080 5041 7083 
3 9953 9536 7549 
3 4561 4556 7883 
3 6162 6253 6604 
3 6247 6249 6248 
3 1439 5937 5198 
3 6259 6520 6714 
3 7300 9295 9980 
3 6612 6255 6169 
3 2780 9847 9842 
3 1742 1740 1803 
3 6058 6430 6432 
3 6338 6172 6337 
3 8122 9961 3383 
3 6167 6257 6337 
3 6435 5964 5878 
3 4545 3186 3883 
3 6176 6816 6436 
3 6344 6525 7110 
3 6262 6345 6528 
3 6345 6263 6529 
3 6345 6529 6528 
3 6529 6067 6441 
3 5694 6818 6438 
3 6180 6181 6823 
3 8851 8572 9287 
3 5707 5334 5983 
3 6065 6352 6181 
3 5105 373 3121 
3 6823 7116 6440 
3 6632 5972 6266 
3 7664 4327 4941 
3 4327 182 4941 
3 4989 5076 4452 
3 6361 6362 6538 
3 6364 6268 6539 
3 6364 6366 6268 
3 3349 1732 9952 
3 1110 5277 1104 
3 6446 6541 6544 
3 3208 2472 3220 
3 6446 6364 6361 
3 1659 1460 1356 
3 6366 6364 6446 
3 6153 3761 6141 
3 1704 758 1725 
3 6268 6070 6546 
3 6446 6361 6541 
3 6546 6070 6071 
3 9712 5383 9984 
3 7036 6546 6547 
3 6414 309 6740 
3 6071 6073 6448 
3 6449 6448 6273 
3 8920 4485 7788 
3 5712 9889 7583 
3 8501 9154 7834 
3 6371 6084 6370 
3 3620 1119 1099 
3 6275 6187 6277 
3 5699 6277 6187 
3 7220 4381 5459 
3 6191 6373 6190 
3 6282 6371 6374 
3 6375 6376 6192 
3 6451 6648 7043 
3 1841 914 1853 
3 6380 6192 6758 
3 7178 6747 6882 
3 291 290 401 
3 8893 9475 9193 
3 8419 7756 5668 
3 7077 8397 7764 
3 6119 3170 6533 
3 9246 6437 6439 
3 8590 8588 9943 
3 5713 6557 5990 
3 2892 8139 6661 
3 2241 685 7973 
3 3839 3840 3778 
3 7040 4998 1712 
3 3131 9518 3947 
3 5890 5704 5708 
3 9443 4197 4170 
3 8796 5439 6094 
3 1780 9474 1066 
3 6001 6465 6392 
3 4381 4402 4434 
3 4439 8603 7662 
3 6566 6290 6665 
3 4477 8623 6533 
3 8702 7348 8730 
3 5900 6768 6567 
3 8021 162 228 
3 6768 5800 6472 
3 6291 6391 6664 
3 6472 6005 7368 
3 5640 4391 6324 
3 9472 3834 6037 
3 4599 150 8442 
3 6478 6570 6773 
3 3823 6694 5243 
3 6518 4598 5211 
3 6110 7219 7368 
3 6480 6209 6299 
3 1009 7402 1625 
3 6664 6295 6291 
3 5919 5825 5826 
3 6398 6482 6397 
3 6482 6398 6483 
3 9923 1895 3324 
3 2514 6445 7603 
3 6492 6134 5566 
3 6579 6221 6306 
3 6579 6581 6221 
3 3619 4573 4526 
3 6222 5829 5560 
3 6311 6484 6219 
3 6585 6219 6403 
3 6218 6216 6580 
3 7139 5105 5734 
3 7394 7100 6707 
3 6406 6035 6130 
3 7048 6892 7199 
3 6407 5932 5837 
3 4255 7925 7927 
3 6411 6138 6501 
3 5732 5736 5561 
3 6935 6038 6137 
3 8556 6409 9220 
3 4492 7830 1810 
3 2517 2536 117 
3 6788 6134 6493 
3 3351 3364 1732 
3 6591 6319 6133 
3 6400 6302 6023 
3 5237 5579 5754 
3 6494 6235 6320 
3 6687 6231 6139 
3 8583 8588 5641 
3 6337 6955 6814 
3 8116 5812 8119 
3 3815 5734 3121 
3 6140 6233 6325 
3 6993 7135 6985 
3 5954 5956 6253 
3 6138 6411 6226 
3 9618 5447 9472 
3 7124 3794 9822 
3 6409 7201 9220 
3 6147 6145 5848 
3 5447 9618 9965 
3 2892 1746 3022 
3 6239 5944 6416 
3 6505 6143 6145 
3 6140 6325 6507 
3 6236 6046 6506 
3 6219 6585 6311 
3 6149 6507 6697 
3 6597 5675 5942 
3 6419 6327 6597 
3 6328 6509 6151 
3 6328 6420 6509 
3 6420 6512 6509 
3 6329 6327 6419 
3 6420 6331 6512 
3 5864 5867 5681 
3 7412 7408 6527 
3 4526 4567 5201 
3 6697 5942 6149 
3 6597 5942 6697 
3 1375 3138 376 
3 6516 6159 6333 
3 5611 8542 9213 
3 6000 6064 5961 
3 8993 3491 3760 
3 6517 6249 6604 
3 3567 3308 3629 
3 6517 6950 7101 
3 9645 9646 9366 
3 1905 3450 3444 
3 8326 8993 3760 
3 6519 6252 6250 
3 6252 6519 6335 
3 6255 6612 6254 
3 6915 6569 6772 
3 1846 1874 1853 
3 9585 1281 2741 
3 6620 6434 6338 
3 6970 6352 6721 
3 6358 6632 6532 
3 5962 6435 6618 
3 6522 6061 6341 
3 6176 6343 6523 
3 6527 6343 6346 
3 6436 6716 6351 
3 6347 6344 7110 
3 6346 6440 6527 
3 6350 6442 5969 
3 6352 6351 6721 
3 6811 6519 6608 
3 1072 1901 1071 
3 5338 5160 5256 
3 3250 3264 227 
3 6181 6352 6443 
3 5970 6265 6723 
3 7806 7099 9078 
3 6822 6356 6531 
3 6356 6822 6719 
3 6723 6967 6068 
3 3750 5912 5927 
3 6820 5967 6262 
3 7664 7668 4327 
3 6532 6531 6358 
3 6538 6540 6361 
3 6538 6747 6540 
3 783 8688 2768 
3 3817 3801 303 
3 5776 5691 5877 
3 6187 5978 5780 
3 6361 6540 6541 
3 134 888 2280 
3 2597 4182 8728 
3 5584 7173 8512 
3 7478 7484 7149 
3 5584 8512 9150 
3 6182 6544 6270 
3 6544 6182 6446 
3 8517 7164 7849 
3 6544 6367 6270 
3 7942 7271 7051 
3 6224 4308 5570 
3 6449 6547 6448 
3 9688 8995 8460 
3 5970 5968 5967 
3 3765 5698 255 
3 6452 6368 6451 
3 7058 6305 7038 
3 6452 6080 6368 
3 6453 6080 6452 
3 3215 2473 7785 
3 2519 9118 2390 
3 2810 397 2050 
3 6453 6753 6370 
3 6890 6190 6373 
3 7855 6357 8501 
3 4934 4277 6230 
3 4850 4512 4736 
3 6580 6406 7239 
3 5556 2280 4303 
3 7849 9151 8517 
3 4537 2268 3774 
3 4286 6220 2271 
3 6899 6558 6285 
3 752 1459 748 
3 7357 5987 7358 
3 6092 7358 5987 
3 5030 7773 4422 
3 8164 8844 8840 
3 6285 6195 6899 
3 6716 6816 7109 
3 5623 5804 6002 
3 2893 5556 7612 
3 5504 8404 2682 
3 6485 2712 1991 
3 6766 6386 6660 
3 6660 6386 6099 
3 6099 6560 6660 
3 6357 4843 416 
3 6387 6466 6465 
3 6197 6566 6467 
3 7370 7853 7703 
3 5908 5723 6112 
3 1632 3075 9898 
3 6001 6387 6465 
3 6289 6288 6391 
3 6474 6105 6392 
3 6568 6003 6474 
3 5631 6113 6014 
3 6476 6003 6568 
3 6771 6475 6476 
3 5271 5281 4928 
3 6478 6480 6299 
3 6571 7219 6110 
3 9744 786 762 
3 6398 6397 5813 
3 4996 4998 5625 
3 6572 6209 6480 
3 3610 3668 3543 
3 6651 4065 4698 
3 6401 6577 6400 
3 2670 4109 7009 
3 7862 5768 7176 
3 2318 2150 2000 
3 6584 6222 6484 
3 6489 6221 6581 
3 6580 6308 6406 
3 7085 6586 6313 
3 7819 6309 5189 
3 6928 6585 6403 
3 6183 3581 4259 
3 8369 9031 9696 
3 7979 8805 8099 
3 4357 3689 5609 
3 500 2133 4398 
3 6407 6586 6491 
3 6494 7090 6497 
3 7092 6935 6788 
3 6316 6496 6034 
3 6031 6489 6492 
3 6411 6786 6130 
3 4573 4602 4526 
3 1817 1753 1752 
3 5513 3595 6831 
3 5860 5754 5579 
3 6499 6228 6690 
3 7579 6165 2886 
3 6490 5738 6232 
3 6514 6037 3834 
3 6685 6415 6322 
3 3430 6739 3455 
3 6319 6503 6233 
3 6505 6145 6415 
3 3574 9507 9109 
3 1398 9650 7770 
3 6239 6232 6238 
3 6413 5847 6235 
3 8568 6500 6115 
3 5865 5864 5755 
3 6325 6233 6503 
3 6236 6506 6501 
3 8011 8444 8294 
3 5945 5942 5675 
3 6978 4354 4357 
3 3215 7785 869 
3 6697 6698 6597 
3 7946 8398 8252 
3 6513 6419 6698 
3 7517 7347 7975 
3 4526 4602 4567 
3 5275 2443 1037 
3 7055 1253 4174 
3 6516 6707 6708 
3 6425 6054 6159 
3 6516 6425 6159 
3 9736 9383 9741 
3 1439 5198 2226 
3 4874 5493 8199 
3 1060 6975 65 
3 6608 6250 6603 
3 3127 3155 5409 
3 3316 302 6186 
3 5145 1386 1371 
3 6613 6254 6612 
3 1206 3520 3513 
3 6955 6337 6257 
3 7772 7814 7771 
3 6255 6254 6056 
3 7772 245 7814 
3 8824 7520 6116 
3 6521 6341 6340 
3 6341 6521 6522 
3 9599 4064 1421 
3 1247 9820 3893 
3 6618 6435 6619 
3 4915 6211 4280 
3 3956 3967 2451 
3 2999 9896 9192 
3 6816 6716 6436 
3 6351 6716 6821 
3 6823 6440 6180 
3 2698 8967 2462 
3 6721 6351 6821 
3 7409 6262 6528 
3 5972 6356 5594 
3 3038 7630 3838 
3 5969 6442 6266 
3 6626 6441 6967 
3 6970 6443 6352 
3 6632 6266 6722 
3 6356 6358 6531 
3 6131 4203 7542 
3 6638 6535 6534 
3 6535 6536 6534 
3 9719 9195 1849 
3 4548 3014 2266 
3 6535 6537 6536 
3 6640 6538 6535 
3 6535 6538 6537 
3 9195 9719 9507 
3 4065 6651 7378 
3 5468 5476 6132 
3 6362 6537 6538 
3 2632 1191 9575 
3 1871 9724 8718 
3 1257 1458 1306 
3 7656 7658 7949 
3 3151 4188 2755 
3 6647 6642 6268 
3 4406 4455 4372 
3 4366 4468 4461 
3 8162 3523 7523 
3 6648 6450 6367 
3 6268 6546 6647 
3 5790 6456 5989 
3 6116 4195 5458 
3 7712 8387 7035 
3 7034 6541 6644 
3 7086 8382 8390 
3 6099 6386 5898 
3 3951 3131 3947 
3 6342 7979 8195 
3 6753 7046 6370 
3 5873 4623 2605 
3 6453 6370 6084 
3 4151 4152 4247 
3 6890 6277 6190 
3 5909 5904 5624 
3 7049 6374 6370 
3 8639 9987 9295 
3 6370 6755 7049 
3 2565 805 1354 
3 6453 6452 6753 
3 7048 6373 6892 
3 6373 5983 6892 
3 6553 6374 7049 
3 6376 6757 6192 
3 7450 7242 7521 
3 7641 6220 6224 
3 7516 7523 3523 
3 5366 8577 4080 
3 5478 2207 5475 
3 2125 748 1459 
3 5453 4832 6767 
3 6192 6757 6758 
3 6380 6759 5790 
3 6094 2819 5454 
3 6899 6456 6761 
3 1513 2817 7516 
3 9698 8390 9696 
3 6557 7992 5990 
3 7839 7057 5993 
3 2067 5433 3761 
3 6286 6558 6901 
3 8319 4006 9988 
3 6558 6286 6285 
3 6459 6659 6559 
3 7077 7764 7749 
3 6904 6560 6561 
3 7064 8385 7772 
3 6660 6560 6904 
3 6056 6254 6253 
3 6463 6386 6766 
3 6465 6466 6562 
3 6563 5715 6197 
3 6892 5983 6756 
3 6559 6385 6459 
3 7836 8481 7835 
3 9206 1695 1723 
3 7244 6699 6946 
3 6580 7381 6218 
3 6470 6663 6764 
3 6391 6908 6664 
3 6567 6565 6101 
3 3927 9850 524 
3 6568 6474 6770 
3 6570 6915 6773 
3 6478 6113 6570 
3 7384 4075 7395 
3 6472 7368 7367 
3 6771 6476 6568 
3 6200 3604 4269 
3 6298 6668 6571 
3 7608 9605 7607 
3 4915 5534 5522 
3 9031 8369 8384 
3 6578 6303 6572 
3 7622 4537 9606 
3 9718 1146 9723 
3 3776 2780 5466 
3 6312 6577 6401 
3 7209 7839 6764 
3 270 9122 4752 
3 7687 1319 8854 
3 6413 6789 6322 
3 7381 6580 6782 
3 6928 6218 7381 
3 6678 6781 6679 
3 1911 1841 1853 
3 7089 7710 6680 
3 6390 6658 6909 
3 7088 6311 6585 
3 7602 6749 7566 
3 6678 6489 6781 
3 6680 6491 6586 
3 8435 9114 9785 
3 6493 6681 6788 
3 6678 6681 6492 
3 6505 6685 6790 
3 6937 6038 6935 
3 6139 6038 6687 
3 6690 7094 6499 
3 3756 3694 3693 
3 8407 4139 7009 
3 2397 5917 7560 
3 6143 5848 6145 
3 8214 8235 5927 
3 6795 6690 6231 
3 6196 8346 6997 
3 7270 7269 8624 
3 5406 4129 5408 
3 6797 6239 6416 
3 6968 85 62 
3 6418 6326 6800 
3 8346 7001 9686 
3 6800 6326 6508 
3 6801 6697 6507 
3 5214 4455 4406 
3 6508 6151 6509 
3 4574 6495 3218 
3 6201 2416 5416 
3 2205 2285 1985 
3 6515 6707 6516 
3 6515 6516 6333 
3 6305 5618 4891 
3 6250 6708 6603 
3 1160 1255 1353 
3 4511 5248 3001 
3 6428 6605 6604 
3 6516 6708 6425 
3 6604 6605 6810 
3 7689 8354 8358 
3 6428 6613 6605 
3 6254 6428 6253 
3 1743 3383 9961 
3 6614 6430 6519 
3 6039 5408 4800 
3 6339 6712 6169 
3 6152 5948 5485 
3 6169 6712 6615 
3 6070 5974 6071 
3 9383 9736 3226 
3 6519 6250 6608 
3 5377 3426 8106 
3 6811 6614 6519 
3 3426 4776 8106 
3 6618 6616 5962 
3 6338 6337 6814 
3 4774 5386 6039 
3 6371 6282 5984 
3 6620 6621 6520 
3 6621 6714 6520 
3 6616 6339 5962 
3 6513 6698 6805 
3 6619 6260 6061 
3 4467 1351 8917 
3 6343 6717 6523 
3 6525 7580 7110 
3 6717 6343 6527 
3 9324 4021 2003 
3 5133 5774 5132 
3 2164 13 769 
3 6303 6578 6306 
3 6017 7442 4761 
3 1813 2607 1791 
3 8115 1280 9430 
3 6625 6442 6350 
3 6528 6529 6626 
3 7580 6525 6438 
3 6966 6721 6821 
3 6441 6626 6529 
3 4572 808 60 
3 7668 6269 4327 
3 5834 9248 6500 
3 6631 6265 6354 
3 9921 9795 300 
3 2841 6129 5475 
3 6723 7118 6967 
3 5619 9246 7205 
3 5834 4578 5833 
3 9133 9555 8262 
3 6633 6830 6728 
3 9357 278 651 
3 6830 6633 6634 
3 6639 6637 6534 
3 6638 6534 6881 
3 6728 6731 6633 
3 7178 6882 6745 
3 309 6414 278 
3 6535 6638 6640 
3 8316 3283 6948 
3 8636 620 2011 
3 6017 4761 6004 
3 6747 6538 6640 
3 7086 8390 9078 
3 8922 9230 8495 
3 7253 8463 7252 
3 2298 6363 185 
3 5679 7951 4248 
3 6617 5286 4594 
3 6220 6903 2271 
3 6546 7036 6886 
3 9125 2519 9832 
3 7422 2094 5360 
3 6885 6648 6367 
3 6380 6087 6192 
3 6546 6886 6647 
3 6451 6368 6450 
3 6240 6230 8973 
3 7712 6278 8387 
3 802 8166 2841 
3 6650 6275 6654 
3 5831 6133 5460 
3 6277 6890 6275 
3 4584 3912 6495 
3 6755 6370 7046 
3 7099 7086 9078 
3 956 103 3304 
3 7490 6661 8837 
3 2087 3478 129 
3 1315 1362 1083 
3 7520 3504 6116 
3 7516 3523 1513 
3 3871 1164 435 
3 8106 4776 6734 
3 6229 7701 8369 
3 7202 6898 6759 
3 9926 3342 353 
3 5639 6222 5560 
3 7202 7204 6898 
3 7358 6092 7361 
3 9696 8390 8382 
3 7839 6383 6764 
3 6561 6560 6385 
3 6450 6648 6451 
3 6885 7034 7187 
3 6562 6906 7215 
3 6562 6563 6906 
3 8950 8940 5264 
3 6288 6463 6766 
3 6669 4089 3390 
3 6906 6563 6467 
3 6904 7060 6660 
3 6662 6467 6566 
3 4833 5442 2161 
3 7873 7186 7877 
3 6806 5339 393 
3 7413 7260 7740 
3 6390 6909 6665 
3 7063 6665 6909 
3 6566 6665 7063 
3 6663 6470 6664 
3 7066 6567 6768 
3 5104 1514 5827 
3 7242 7028 1319 
3 6478 6773 6774 
3 7219 6571 7371 
3 6667 6478 6774 
3 6570 6477 6915 
3 6667 6480 6478 
3 6209 6572 6303 
3 8373 8385 7064 
3 6670 6298 6482 
3 6668 6298 6670 
3 6483 6776 6670 
3 6482 6483 6670 
3 6577 6575 6400 
3 6575 7076 6776 
3 9720 9571 8433 
3 660 2295 9343 
3 6579 6306 6578 
3 7075 7225 6579 
3 6579 6578 7075 
3 4318 4043 3907 
3 6925 6584 6484 
3 5920 6213 6025 
3 6575 6302 6400 
3 6484 6311 7084 
3 4491 7566 6749 
3 3364 4200 1756 
3 6313 6584 7085 
3 9850 2765 2741 
3 6312 6490 7087 
3 9922 302 3316 
3 5873 2605 5868 
3 5352 5001 5532 
3 7305 7004 7003 
3 6406 6130 6786 
3 6489 6678 6492 
3 4489 7574 7560 
3 6494 6680 6785 
3 1351 1398 7770 
3 6496 7095 6591 
3 7279 9275 4233 
3 7746 7701 7059 
3 6789 6413 6497 
3 6789 6685 6322 
3 8235 9564 9581 
3 2443 1030 1037 
3 5383 8291 9984 
3 8246 1319 780 
3 9880 1265 4944 
3 7109 8025 7586 
3 3566 3572 3435 
3 5918 4695 3327 
3 6693 6239 6797 
3 6239 6693 6232 
3 6503 7243 6325 
3 9973 5296 9974 
3 6406 6786 7239 
3 6030 6031 5736 
3 2352 2797 2725 
3 6326 6151 6508 
3 6418 6800 6046 
3 7173 5584 4160 
3 9686 7001 9012 
3 4684 5305 8684 
3 6702 6698 6697 
3 6509 6945 6508 
3 6509 6512 6945 
3 6801 6325 7243 
3 6805 6947 6513 
3 6699 6512 6804 
3 6705 6804 6331 
3 6600 6601 6705 
3 6600 6705 6331 
3 3988 5262 7323 
3 6043 5408 6039 
3 6517 7249 6601 
3 4716 4709 6205 
3 48 3762 9691 
3 6810 6950 6604 
3 6605 6613 6812 
3 6428 6254 6613 
3 6590 7407 932 
3 6432 6430 6614 
3 6997 9673 5409 
3 6618 6619 7106 
3 6616 6712 6339 
3 6814 6620 6338 
3 6957 6621 6620 
3 7538 8194 5901 
3 6972 8315 8993 
3 6522 6521 7108 
3 4021 9324 4957 
3 9638 9222 8774 
3 6619 6061 6522 
3 5166 8875 6711 
3 8326 6983 8993 
3 5478 4871 2207 
3 2122 3890 2652 
3 7449 7445 7458 
3 6314 7819 5537 
3 6718 6715 6622 
3 175 198 163 
3 6042 4126 4770 
3 8993 6983 5402 
3 6819 6964 6623 
3 7549 9536 4466 
3 8246 6850 8827 
3 6623 6622 6960 
3 7267 6266 6442 
3 3247 8194 8870 
3 4455 5225 5173 
3 8354 6237 7712 
3 7593 6970 6721 
3 1835 1509 1837 
3 6743 6637 6639 
3 6631 6723 6265 
3 7424 6632 6722 
3 4623 6551 3279 
3 7272 6723 6631 
3 3196 1796 2623 
3 1275 3588 9948 
3 6970 7275 6443 
3 6727 6728 6725 
3 6970 7423 7275 
3 6162 6249 6247 
3 9460 8827 6850 
3 6829 6725 6728 
3 9796 9794 9798 
3 7424 6532 6632 
3 6729 6731 6727 
3 6727 6731 6728 
3 9357 651 335 
3 6729 6727 7456 
3 3695 9687 6564 
3 9357 335 1479 
3 6829 6830 6985 
3 6596 588 1997 
3 6513 6329 6419 
3 6995 7137 6986 
3 6634 6633 6733 
3 2615 898 2623 
3 6633 6731 6835 
3 6851 6838 6852 
3 8004 1997 3315 
3 6959 7607 3487 
3 6187 5780 5699 
3 3539 7356 519 
3 6736 6839 6843 
3 6856 7000 6736 
3 6849 6856 6843 
3 6843 6856 6736 
3 6830 6634 6985 
3 6847 6866 6738 
3 6865 6863 6856 
3 6873 6872 6875 
3 2761 8363 2489 
3 6534 6879 6881 
3 6637 7501 6534 
3 9849 2430 9967 
3 6641 6537 6539 
3 6879 6534 7501 
3 6745 6638 6881 
3 6882 6640 6745 
3 6640 6638 6745 
3 7175 6536 6641 
3 6948 3283 8965 
3 7443 4100 4755 
3 6747 6640 6882 
3 6536 7175 6639 
3 7183 6540 6747 
3 8815 8380 8218 
3 5145 5130 9503 
3 6747 7178 7183 
3 7659 6881 6879 
3 5145 9503 9512 
3 6666 5145 9512 
3 4294 5727 7340 
3 4630 4642 4634 
3 615 5008 9825 
3 6452 6451 7043 
3 678 7411 7400 
3 6686 3407 4100 
3 558 6686 4100 
3 6889 6753 6452 
3 7195 6753 6889 
3 7596 8882 6098 
3 4106 4108 4198 
3 6039 3434 6040 
3 9970 1030 2443 
3 7200 6376 6553 
3 8200 8365 7910 
3 6890 6373 7048 
3 664 2486 2467 
3 2826 2838 2043 
3 6761 5790 6759 
3 7321 5518 7316 
3 3075 7400 7411 
3 980 2427 6713 
3 7992 6557 7057 
3 7631 6862 9628 
3 5444 7509 4832 
3 6286 6901 6902 
3 8361 1426 1272 
3 97 96 18 
3 2262 2105 2342 
3 6092 5990 7992 
3 2477 4132 4674 
3 6659 6100 7062 
3 6100 6905 7062 
3 6469 6100 6565 
3 2594 4617 5862 
3 5862 5223 2594 
3 8831 8389 8091 
3 6659 7062 7212 
3 6571 6668 7544 
3 6391 7214 7363 
3 8465 7398 7875 
3 9473 9480 5103 
3 6568 6913 6771 
3 6768 6472 7367 
3 6673 6696 6677 
3 6771 6772 6475 
3 5821 6401 6023 
3 5975 9268 5820 
3 7263 3244 5223 
3 7120 6378 3951 
3 3927 6526 2590 
3 9459 8781 8791 
3 6572 6480 6667 
3 1146 6914 1272 
3 6918 6668 6670 
3 6670 6776 6918 
3 2607 898 2615 
3 6483 6575 6776 
3 5299 5131 5470 
3 6631 6354 7121 
3 2501 9876 1323 
3 6032 6407 5837 
3 6572 7075 6578 
3 3980 3994 5689 
3 6484 7084 6925 
3 6748 5435 3455 
3 8793 5814 6627 
3 8124 9456 6628 
3 2671 2444 2448 
3 3231 4598 5197 
3 6175 6142 4720 
3 6679 6783 6681 
3 4454 8185 8860 
3 9832 9182 9125 
3 7068 2521 5469 
3 7093 7087 6693 
3 6805 7393 6947 
3 6291 6289 6391 
3 6217 6121 6216 
3 6930 6685 6789 
3 3343 4705 5312 
3 7087 6490 6232 
3 6313 6222 6584 
3 4800 5408 4143 
3 6494 6785 7090 
3 8165 8164 6689 
3 6790 6787 6934 
3 9444 309 8731 
3 4129 4143 5408 
3 7236 6789 7090 
3 3956 4706 3967 
3 9420 8079 2411 
3 6937 6687 6038 
3 6929 6930 6789 
3 6047 6239 6238 
3 6790 6934 6505 
3 301 436 408 
3 6794 6795 6687 
3 6496 6499 7094 
3 6687 6937 6794 
3 6496 6938 7095 
3 6693 6797 7093 
3 4112 1009 8876 
3 9808 4470 431 
3 6690 6795 7094 
3 5946 3365 6635 
3 3365 3374 6635 
3 6411 6501 6799 
3 6934 6797 6416 
3 7383 6786 6793 
3 8731 309 278 
3 6218 6126 6217 
3 4955 305 1981 
3 2757 2758 3205 
3 6800 6506 6046 
3 8867 7569 740 
3 6802 6702 6801 
3 6010 6570 6113 
3 8838 6279 288 
3 6702 6697 6801 
3 7247 5648 6834 
3 1479 335 5809 
3 6945 6800 6508 
3 8585 5211 3244 
3 6699 6945 6512 
3 6804 6512 6331 
3 3508 2664 62 
3 9551 346 9543 
3 6947 6423 6513 
3 6515 6423 6807 
3 7249 6517 7101 
3 9461 5677 2848 
3 6600 6248 6517 
3 6600 6517 6601 
3 5480 5854 5228 
3 5866 6250 6252 
3 4126 3421 4770 
3 6169 6615 6612 
3 6614 7398 6432 
3 2231 2380 2379 
3 4796 8623 4477 
3 6712 7104 6615 
3 6703 6805 6698 
3 8219 7536 9559 
3 846 2328 9690 
3 7107 7108 6521 
3 7107 6521 6714 
3 3894 7218 5178 
3 2361 908 6652 
3 3754 9094 3053 
3 6622 6715 7258 
3 6176 6523 6816 
3 1575 5493 2866 
3 2004 5946 2662 
3 6274 6367 6450 
3 1670 1695 6276 
3 6715 6718 7414 
3 7420 7427 7598 
3 7413 6625 7260 
3 7414 6718 6964 
3 6398 6300 6575 
3 7660 7655 7501 
3 6443 6823 6181 
3 7409 6962 6820 
3 7593 6721 6966 
3 7268 6822 6531 
3 6688 8849 5166 
3 3555 9663 9524 
3 6546 6071 6547 
3 5365 2912 1407 
3 6819 7266 6964 
3 5448 5795 5531 
3 7275 6823 6443 
3 6829 6728 6830 
3 5383 9635 8291 
3 6986 7137 7134 
3 6984 6731 6729 
3 7136 6833 6986 
3 6731 6984 6832 
3 2892 3022 3642 
3 7136 6837 6833 
3 4220 9877 9739 
3 3841 5301 6082 
3 6985 6634 6836 
3 9300 8305 8727 
3 8183 8342 8335 
3 6832 6835 6731 
3 6294 9964 8752 
3 6833 6995 6986 
3 6083 6084 6371 
3 7003 7004 6855 
3 6837 6839 6833 
3 1051 9423 8075 
3 6838 6845 6993 
3 6993 6845 6994 
3 7615 7454 8201 
3 6839 6840 6995 
3 6833 6839 6995 
3 6838 6851 6845 
3 6842 6843 6837 
3 6837 6843 6839 
3 6845 6998 6994 
3 1633 8590 9943 
3 7142 6852 6838 
3 6393 9187 7872 
3 7142 6733 7308 
3 6733 6633 6835 
3 6845 6848 6998 
3 4862 3406 1781 
3 6840 6736 7000 
3 7141 6849 6842 
3 6842 7138 7141 
3 6851 6847 6845 
3 6845 6847 6848 
3 6998 6848 6853 
3 7003 6849 7141 
3 6843 6842 6849 
3 6738 6853 6848 
3 6736 6840 6839 
3 6855 6849 7003 
3 6851 6852 6857 
3 6857 6847 6851 
3 9932 8575 6657 
3 6856 6849 6855 
3 9916 4624 8500 
3 6852 6846 6857 
3 6857 6866 6847 
3 6853 6858 6859 
3 6864 6866 6857 
3 6738 6858 6853 
3 4808 5546 3828 
3 6855 6865 6856 
3 6598 9690 2328 
3 6294 8752 288 
3 7010 6872 6855 
3 6872 6865 6855 
3 8174 4427 1394 
3 6858 6871 6860 
3 6869 6868 6866 
3 6864 6869 6866 
3 7980 7309 7318 
3 6871 7013 6860 
3 9837 4814 7591 
3 6869 7155 6868 
3 9566 9985 9142 
3 6873 6865 6872 
3 6015 9547 8826 
3 3124 3126 2988 
3 6871 6858 6868 
3 5789 5141 7876 
3 7020 7013 6871 
3 6872 7016 6875 
3 7016 7010 7014 
3 7155 6874 6868 
3 9728 8363 2761 
3 7020 6877 7013 
3 6137 6788 6935 
3 6481 9947 9830 
3 1841 1911 1905 
3 6877 7025 7163 
3 6738 6866 6858 
3 3719 6399 2918 
3 9595 6749 7602 
3 7025 6877 7020 
3 58 9351 9359 
3 7174 6637 6743 
3 9124 9405 908 
3 5768 5118 5121 
3 6447 1851 2507 
3 8836 5124 1818 
3 7542 4203 8162 
3 5767 5684 5585 
3 5130 8840 9503 
3 7494 7165 7491 
3 7046 6753 7195 
3 6743 6639 7175 
3 7183 6644 6541 
3 6666 9512 8849 
3 5785 5774 5782 
3 6884 6886 7185 
3 1654 1660 3931 
3 6390 5804 5720 
3 7039 7036 6449 
3 1479 5809 1743 
3 7039 6449 6650 
3 1493 5273 9166 
3 6889 6452 7043 
3 5906 588 6596 
3 8009 6524 3495 
3 6889 7043 7192 
3 1836 1853 914 
3 6979 9755 6969 
3 6183 8231 3163 
3 6873 7011 6865 
3 8382 7086 7068 
3 7194 7195 6889 
3 8659 3495 9319 
3 7528 7049 6755 
3 3851 5133 5132 
3 6755 7046 7197 
3 5396 6556 9918 
3 1836 1846 1853 
3 5308 9965 8154 
3 3165 3162 5141 
3 6948 3097 6125 
3 5001 5002 5532 
3 7050 7200 6553 
3 1919 8945 1929 
3 3731 7206 562 
3 6892 6756 7053 
3 5804 6390 6290 
3 9560 7521 7242 
3 6756 6554 7686 
3 7686 7684 7053 
3 5065 430 1282 
3 2774 2636 706 
3 9347 9779 9202 
3 7686 6554 7357 
3 1480 2266 2272 
3 7764 8384 7746 
3 7361 6092 7992 
3 6694 232 3085 
3 6391 7363 6908 
3 5749 8518 5110 
3 782 3716 3717 
3 4411 4031 4521 
3 844 9065 90 
3 7213 7209 6663 
3 8358 8354 9691 
3 6660 7060 6766 
3 4486 3815 2466 
3 6907 7691 6469 
3 6907 6469 6565 
3 6465 6562 7693 
3 6050 6326 6150 
3 6465 7693 7696 
3 3260 2509 92 
3 4075 4084 7395 
3 6662 6566 7063 
3 9560 7242 1319 
3 6474 6392 7217 
3 7696 7217 6392 
3 3864 3850 3095 
3 6568 6770 6913 
3 8134 7370 7369 
3 7369 8282 8134 
3 6773 7071 6774 
3 7124 7129 1804 
3 7124 1804 3794 
3 4600 3861 3067 
3 7544 7371 6571 
3 4787 2126 2951 
3 7074 6918 7223 
3 9980 7291 7300 
3 6281 1047 2596 
3 6776 6921 6918 
3 6382 8530 8526 
3 6668 6918 7074 
3 7074 7544 6668 
3 7225 6581 6579 
3 6520 6434 6620 
3 3787 3103 7114 
3 6922 6577 6312 
3 7225 7081 6581 
3 6922 6312 7087 
3 6582 4406 4410 
3 9803 3574 9109 
3 4642 3301 5462 
3 6584 6925 7085 
3 6585 6928 7088 
3 1487 8405 6887 
3 9347 9202 9055 
3 1487 6887 1499 
3 7084 6311 7088 
3 9212 9663 3555 
3 6782 6580 7239 
3 6086 5439 8796 
3 5632 8391 1243 
3 6798 1952 7026 
3 8276 7844 7691 
3 6782 7717 7381 
3 8488 8334 8485 
3 5090 5791 4907 
3 6374 6553 6376 
3 6165 5502 2886 
3 3251 9922 8958 
3 6790 6930 6787 
3 9415 5055 8746 
3 6315 4206 164 
3 7895 7430 7760 
3 6790 6685 6930 
3 7091 6934 6787 
3 9254 3695 5106 
3 6789 6497 7090 
3 4544 9756 8903 
3 6929 6789 7236 
3 7385 7094 6795 
3 108 1838 4067 
3 7094 6938 6496 
3 7360 6651 4698 
3 53 2664 1002 
3 1974 5019 1973 
3 7387 7243 6503 
3 6800 6945 7244 
3 6944 7245 6802 
3 6802 6801 6944 
3 6699 7244 6945 
3 1974 133 5375 
3 4140 1247 524 
3 7081 6781 6581 
3 3221 9913 4675 
3 9507 7837 9109 
3 5106 9338 5083 
3 7200 7050 6757 
3 6946 6699 6804 
3 6423 6947 6807 
3 7100 6708 6707 
3 7100 6709 6708 
3 8145 7392 7725 
3 9451 8818 8836 
3 6950 6810 6812 
3 6811 6603 7397 
3 6812 6810 6605 
3 6603 6811 6608 
3 6613 7253 7252 
3 5959 2016 2018 
3 7875 6614 6811 
3 6702 6703 6698 
3 8399 8111 8402 
3 7936 7937 7945 
3 6615 7104 7102 
3 7104 6712 7575 
3 238 9311 3698 
3 6955 8018 6814 
3 7828 7837 9507 
3 6095 3864 4621 
3 6814 7256 6957 
3 3178 9736 7831 
3 6714 6621 7107 
3 7295 7776 8371 
3 2065 4658 7483 
3 4215 4199 9245 
3 6819 6623 6960 
3 7409 6528 7410 
3 7587 6528 6626 
3 4827 5807 9241 
3 8188 8190 7757 
3 6967 8477 6626 
3 4545 1882 3165 
3 6722 6266 7267 
3 6921 7076 7078 
3 7274 6823 7275 
3 409 9901 8597 
3 9277 4459 5705 
3 6369 6075 5978 
3 7756 2395 5668 
3 7128 6727 6976 
3 5705 4459 7103 
3 6976 6727 6725 
3 6678 6679 6681 
3 6725 6826 7448 
3 6727 7128 7456 
3 5597 1919 1929 
3 6954 4964 4353 
3 6826 6725 6829 
3 9696 8382 6227 
3 8553 8546 7205 
3 8439 5189 6309 
3 6986 7134 6981 
3 4404 5642 1718 
3 3928 4164 4071 
3 6059 5589 5684 
3 6836 6838 6993 
3 6985 6836 6993 
3 2615 4252 2607 
3 6733 7142 6836 
3 6425 6250 6055 
3 3887 5157 3197 
3 7138 6837 7292 
3 7845 5702 6417 
3 4799 5425 5423 
3 6733 6835 6996 
3 1718 6321 4404 
3 6836 7142 6838 
3 6832 6996 6835 
3 6995 7304 7465 
3 7468 7917 8376 
3 772 25 1511 
3 5060 7973 685 
3 6996 7308 6733 
3 6853 6999 6998 
3 6998 6999 7140 
3 6859 7002 6999 
3 5133 3862 5782 
3 8530 6382 7872 
3 3850 3864 660 
3 5782 3871 5785 
3 7261 7268 7264 
3 6859 7144 7002 
3 6848 6847 6738 
3 6860 7012 7144 
3 6859 6860 7144 
3 7006 7000 6863 
3 5141 3162 7179 
3 7007 7010 6855 
3 7004 7007 6855 
3 1550 1176 4034 
3 9613 9782 3016 
3 7315 6864 6857 
3 6866 6868 6858 
3 3632 9529 5056 
3 7146 6870 7148 
3 6870 7146 7012 
3 6870 7017 7148 
3 7100 8150 7396 
3 7864 8512 7173 
3 7012 6860 7013 
3 4380 5607 5630 
3 7315 7153 6864 
3 7010 7007 7014 
3 393 1640 3146 
3 7013 7015 7012 
3 7015 6870 7012 
3 4969 5135 5572 
3 7010 7016 6872 
3 7017 6870 7015 
3 7013 6877 7015 
3 6873 7154 7011 
3 895 2472 3208 
3 7153 7155 6869 
3 5768 5132 7176 
3 6874 7020 6868 
3 7015 7161 7017 
3 6873 6875 7154 
3 6875 7016 7019 
3 7163 7161 7015 
3 7161 7156 7017 
3 8685 8089 8681 
3 7159 7018 7014 
3 7014 7018 7016 
3 7018 7023 7019 
3 7016 7018 7019 
3 7154 6875 7019 
3 4826 3003 4845 
3 7015 6877 7163 
3 7021 7154 7019 
3 9855 9176 9832 
3 7019 7023 7021 
3 7022 7162 6874 
3 6874 7162 7020 
3 7020 7162 7025 
3 346 9551 3510 
3 7018 7167 7023 
3 6886 7036 7188 
3 2102 4282 2854 
3 7333 7162 7022 
3 3434 6039 4800 
3 6886 6884 6647 
3 4286 6224 6220 
3 9842 9855 9832 
3 393 3146 3836 
3 6745 7177 7178 
3 6745 6881 7177 
3 5607 4380 4974 
3 7673 7184 7188 
3 6644 7033 7034 
3 6273 6650 6449 
3 1189 7321 1993 
3 6648 6885 7187 
3 8625 3278 6556 
3 7041 7043 7187 
3 7187 7043 6648 
3 7036 7039 7037 
3 5765 5749 4509 
3 3665 6269 4968 
3 7041 7192 7043 
3 2156 2161 5442 
3 4985 8012 8010 
3 7039 7042 7352 
3 2871 5422 5410 
3 3794 4475 9822 
3 4509 5749 5110 
3 7033 7187 7034 
3 453 472 2761 
3 6654 7193 7042 
3 2697 9962 7951 
3 6890 7048 7525 
3 7854 6447 2507 
3 7049 7050 6553 
3 2161 2156 3670 
3 5023 647 617 
3 5023 617 6422 
3 6426 656 6454 
3 1853 1874 1911 
3 6380 6758 6759 
3 2519 9125 9118 
3 6898 7359 6761 
3 6907 6567 7066 
3 7535 6899 7533 
3 6371 6370 6374 
3 6761 7359 7533 
3 7028 780 1319 
3 1761 805 2565 
3 3975 571 7318 
3 7535 6901 6899 
3 7990 7358 7361 
3 8422 6901 7535 
3 4968 4363 3665 
3 6558 6899 6901 
3 6559 7212 6561 
3 6559 6659 7212 
3 7326 2008 5518 
3 3815 4486 9833 
3 7214 6766 7060 
3 7215 7364 7692 
3 7215 6906 7364 
3 6906 6662 7847 
3 5556 4303 7643 
3 7539 6663 6908 
3 6771 6913 7369 
3 6562 7215 7693 
3 4510 255 4719 
3 5141 4545 3165 
3 6474 7217 6770 
3 7370 7372 7369 
3 6915 6772 7372 
3 7372 6772 7369 
3 7071 6915 7372 
3 2826 4637 6695 
3 7071 7222 6667 
3 6921 7224 6918 
3 1351 7753 8917 
3 7951 7963 4248 
3 7369 6772 6771 
3 4454 6689 6542 
3 9673 6997 8351 
3 4854 414 4864 
3 3462 3728 3329 
3 757 3130 1610 
3 7076 6922 7078 
3 2321 5154 9689 
3 6783 7081 7227 
3 6314 6309 7819 
3 8397 6301 9103 
3 9285 6119 7341 
3 7236 7228 6929 
3 6922 7087 7237 
3 7711 7085 6925 
3 6930 6929 6787 
3 6224 4299 4308 
3 6680 7710 6785 
3 7090 7235 7236 
3 9538 8503 9089 
3 7157 6874 7155 
3 2390 9118 9983 
3 7228 7236 8008 
3 7089 6680 6586 
3 3480 3484 3673 
3 7690 6908 7363 
3 3823 2400 6672 
3 7087 7093 7237 
3 6611 5812 8964 
3 7238 7092 7379 
3 4233 9275 4925 
3 7237 7093 6934 
3 7238 6937 6935 
3 2273 4280 1630 
3 1361 4889 4891 
3 7385 6795 6794 
3 6319 6692 7863 
3 6692 6591 7095 
3 4774 3424 5386 
3 7388 6800 7244 
3 1637 6834 3441 
3 7243 6944 6801 
3 9588 4202 1296 
3 5709 6756 5983 
3 6800 7559 6506 
3 6944 7243 7245 
3 6802 7245 7246 
3 7200 6757 6376 
3 6273 6369 6650 
3 2475 4701 3211 
3 7390 6946 7391 
3 7072 7772 7771 
3 6372 9941 4981 
3 6702 7562 6703 
3 6515 6807 6707 
3 5386 3419 4115 
3 6708 6250 6425 
3 6957 6620 6814 
3 7397 6603 6709 
3 7483 5407 2065 
3 1712 4998 5097 
3 6812 6613 7252 
3 8583 5641 4215 
3 6613 6953 7253 
3 7398 6955 6432 
3 7255 7106 6619 
3 8018 6955 7398 
3 7828 9507 9719 
3 7256 7403 6957 
3 9949 4718 607 
3 6616 7575 6712 
3 7056 5941 1751 
3 882 8746 6576 
3 6523 7109 6816 
3 7736 7258 6715 
3 5648 7247 8575 
3 6715 7414 7736 
3 5520 4265 5535 
3 7586 6716 7109 
3 6215 7679 3361 
3 6528 7882 7410 
3 6528 7587 7882 
3 1506 1503 1338 
3 8188 7757 8186 
3 6966 6821 7590 
3 3584 6831 3595 
3 3178 7831 8460 
3 7579 2886 5520 
3 7123 7440 8049 
3 9818 6372 6349 
3 1296 4202 4197 
3 9702 9414 2430 
3 7121 7272 6631 
3 6723 7272 7118 
3 7423 6970 7593 
3 5335 5603 5514 
3 5405 3712 8862 
3 7383 6793 8445 
3 7111 4470 7114 
3 7281 6977 7123 
3 7123 7125 7440 
3 6977 7125 7123 
3 1856 7596 9794 
3 5361 5538 5449 
3 7125 7282 7440 
3 7116 7415 6440 
3 6491 6680 6320 
3 6977 7131 7125 
3 6725 7448 6976 
3 7131 7282 7125 
3 2165 8952 8956 
3 7054 2392 7052 
3 615 9827 656 
3 6826 7445 7448 
3 7701 7746 8369 
3 7133 7614 7286 
3 7821 9719 1849 
3 7457 7614 7287 
3 7287 7614 7133 
3 6981 7134 7133 
3 9541 9515 3500 
3 8354 7712 7035 
3 6977 7447 7457 
3 5374 5380 5115 
3 7135 6993 7294 
3 7304 7000 7006 
3 7141 7305 7003 
3 6984 6729 7620 
3 5789 3186 4545 
3 6994 7295 7294 
3 9823 2101 7044 
3 4573 3637 4602 
3 7140 7295 6994 
3 8214 9564 8235 
3 5706 5423 5425 
3 6995 7465 7137 
3 7012 7146 7144 
3 6994 6998 7140 
3 6846 6852 7142 
3 7762 8789 8499 
3 7550 2856 4874 
3 2516 421 8280 
3 2218 3550 4878 
3 7779 7305 7141 
3 7138 6842 6837 
3 7031 6244 8373 
3 6853 6859 6999 
3 8854 1319 8246 
3 6321 4394 6315 
3 7304 7006 7306 
3 6994 7294 6993 
3 2769 145 1974 
3 6857 6846 7315 
3 7143 7315 6846 
3 7479 7473 7006 
3 5476 2844 4226 
3 6863 7479 7006 
3 3760 9675 8326 
3 6822 7268 7261 
3 7779 7297 7775 
3 4766 9921 300 
3 7017 7320 7148 
3 2348 3885 3225 
3 7772 7072 7064 
3 3225 2332 2348 
3 9510 2332 3225 
3 7611 7448 7609 
3 7153 7315 7319 
3 7011 7479 6863 
3 4391 4380 5630 
3 7781 8064 8066 
3 4505 5232 7714 
3 7149 7159 7014 
3 7282 7290 7913 
3 7325 7159 7149 
3 4969 5572 4778 
3 5458 2198 4212 
3 7390 7244 6946 
3 7165 7018 7159 
3 7161 7330 7156 
3 7157 7022 6874 
3 9176 9182 9832 
3 6635 6629 5946 
3 7161 7329 7330 
3 3998 4088 4005 
3 9847 2780 8538 
3 7468 7311 7917 
3 7167 7018 7165 
3 2178 2839 5454 
3 8870 8194 7538 
3 3164 4610 5980 
3 7644 7653 7488 
3 9658 2073 113 
3 7328 7023 7167 
3 7925 4255 409 
3 5454 2839 6123 
3 7161 7169 7329 
3 8166 802 4851 
3 6886 7188 7185 
3 7162 7166 7025 
3 7169 7335 7329 
3 7165 7325 7491 
3 9673 6173 5392 
3 7645 7805 7487 
3 7333 7166 7162 
3 7025 7168 7169 
3 9688 6360 9650 
3 4851 4841 5453 
3 7166 7170 7025 
3 2398 2686 2465 
3 7025 7170 7168 
3 7335 7169 7168 
3 7169 7161 7163 
3 4386 3688 4984 
3 7493 7659 7172 
3 4690 2865 5410 
3 6879 7172 7659 
3 7172 7501 7655 
3 6357 416 5596 
3 7501 7172 6879 
3 765 8869 5007 
3 5453 4841 4832 
3 9447 1993 9417 
3 7822 7177 6881 
3 7567 6812 7570 
3 8316 6125 6173 
3 7183 7178 7181 
3 7770 9650 7793 
3 4833 3504 7520 
3 5607 4974 9033 
3 6342 8805 7979 
3 6642 6884 7182 
3 2161 3504 4833 
3 4849 7849 7164 
3 9158 9847 8538 
3 4690 5410 6102 
3 7184 7185 7188 
3 4594 5286 5268 
3 7041 7187 7349 
3 7036 7037 7188 
3 7037 7190 7188 
3 7188 7190 7189 
3 6143 6505 6934 
3 8686 4294 7340 
3 7352 7037 7039 
3 7192 7041 7351 
3 5444 3482 6091 
3 7190 7352 7518 
3 3588 1275 5065 
3 4636 4743 4858 
3 7193 7352 7042 
3 6332 6248 6600 
3 5366 4080 5034 
3 7647 6941 6082 
3 7522 6654 6890 
3 6654 6275 6890 
3 5537 8487 7836 
3 8869 7774 8688 
3 8867 724 752 
3 8676 7122 7588 
3 6642 6539 6268 
3 3433 469 3423 
3 7989 7686 7357 
3 9103 6301 9136 
3 7533 6899 6761 
3 7990 7989 7357 
3 7357 7358 7990 
3 4020 2473 4027 
3 4805 7497 4171 
3 7540 7694 8278 
3 3418 9811 3429 
3 7842 6904 6561 
3 7631 5288 6862 
3 6561 7212 8000 
3 3182 3197 4550 
3 6469 7691 6905 
3 6906 7847 8273 
3 7847 6662 7366 
3 6432 6257 6058 
3 6662 6906 6467 
3 7234 7119 4004 
3 7066 7367 7697 
3 7063 6909 7216 
3 7214 7060 7211 
3 7843 7212 7062 
3 7063 7366 6662 
3 7540 7066 7697 
3 6171 4245 6155 
3 782 8027 3716 
3 9622 7630 7627 
3 2004 2003 7262 
3 7199 7525 7048 
3 7219 7702 7368 
3 7071 7372 7222 
3 7690 7363 7211 
3 6667 7222 6916 
3 4274 4392 4840 
3 2918 6318 534 
3 8195 8920 5573 
3 4199 4215 4211 
3 7544 7074 8007 
3 7625 7618 6006 
3 8314 9172 8017 
3 6803 7618 7625 
3 2067 2871 2865 
3 6918 7224 7223 
3 3411 3410 4825 
3 6251 2298 4948 
3 7738 4864 7761 
3 7224 7229 7228 
3 7226 7229 7224 
3 7078 7230 7226 
3 3226 9736 1902 
3 6006 7618 6777 
3 7225 7227 7081 
3 6922 7091 7078 
3 6687 6795 6231 
3 6787 6929 7229 
3 7081 6783 6781 
3 6783 6679 6781 
3 8396 7665 8395 
3 7078 7091 7230 
3 6922 7237 7091 
3 7229 7226 7230 
3 3094 6706 6694 
3 6910 1630 4927 
3 7232 7708 7379 
3 7223 7224 7547 
3 4387 5827 8124 
3 7859 6925 7084 
3 6785 7235 7090 
3 5370 6551 4630 
3 6787 7230 7091 
3 6929 7228 7229 
3 9538 9983 8503 
3 6910 4941 1630 
3 7232 7092 6788 
3 7381 7380 6928 
3 4074 9090 8416 
3 9433 8757 8765 
3 7710 7089 7552 
3 6783 7232 6681 
3 7092 7232 7379 
3 6997 8346 8351 
3 5330 2697 7942 
3 6777 7618 6778 
3 6702 6802 7246 
3 7788 7739 8920 
3 7091 7237 6934 
3 7089 6586 7085 
3 5917 2397 7549 
3 7717 7239 7383 
3 5868 1265 5856 
3 6572 6916 7075 
3 5434 5428 4162 
3 8394 164 1047 
3 6547 6449 7036 
3 7387 6319 7863 
3 6799 6793 6411 
3 6565 6567 6907 
3 3290 3683 3554 
3 3272 7077 5463 
3 3392 3378 4854 
3 4915 4280 3606 
3 7391 6946 7392 
3 884 2271 6593 
3 9518 8033 4897 
3 6804 7248 7392 
3 7866 7559 7388 
3 600 554 420 
3 4212 2856 7550 
3 7392 7248 7565 
3 7249 7565 7248 
3 4774 6028 4111 
3 7153 6869 6864 
3 6703 7393 6805 
3 7394 7728 7100 
3 7101 7567 7568 
3 6950 6812 7567 
3 7396 7397 6709 
3 7730 6811 7397 
3 4215 9250 8583 
3 7100 7396 6709 
3 185 187 3647 
3 4277 3604 6200 
3 5937 1439 4499 
3 8268 7995 7213 
3 1702 2115 1843 
3 3594 7407 6590 
3 7106 7255 7878 
3 8019 7104 7575 
3 7732 7255 7108 
3 6622 7258 7257 
3 6523 6717 7259 
3 7110 7580 7735 
3 6818 7261 6438 
3 6622 7257 6960 
3 7406 7261 7879 
3 7719 7387 8142 
3 9395 8831 8685 
3 7110 7740 7260 
3 7408 6717 6527 
3 706 9488 4126 
3 9595 5232 6749 
3 8384 8369 7746 
3 5509 3575 4243 
3 3075 7411 3078 
3 6288 7214 6391 
3 7268 7420 7264 
3 6750 5938 8235 
3 7267 8169 6722 
3 6964 7269 7270 
3 6964 7266 7269 
3 7732 7108 8155 
3 9993 7590 8163 
3 8597 9901 9241 
3 3394 7389 2056 
3 7076 6921 6776 
3 1207 6175 4720 
3 7277 7427 6971 
3 7427 7268 6971 
3 5200 5830 6511 
3 3893 3912 4588 
3 9725 1272 1426 
3 6749 4505 4491 
3 9246 8553 7205 
3 7281 7123 8192 
3 7904 7281 8192 
3 6229 9696 6227 
3 8658 8010 5858 
3 6846 7142 7143 
3 2024 4301 358 
3 7281 7447 6977 
3 5253 4522 4539 
3 7445 7135 7458 
3 6863 6865 7011 
3 7723 7724 7562 
3 7614 7454 7286 
3 7274 7116 6823 
3 7131 6977 7457 
3 1841 1905 9393 
3 6826 7135 7445 
3 3606 3596 5534 
3 7286 7461 7133 
3 6829 7135 6826 
3 7133 7134 7287 
3 7461 7297 7292 
3 4197 9445 1296 
3 7131 7290 7282 
3 7135 7294 7458 
3 3390 5326 7373 
3 7135 6829 6985 
3 4573 3619 6024 
3 1080 8232 1832 
3 6840 7000 7304 
3 7042 6650 6654 
3 7779 7138 7297 
3 7776 7295 7464 
3 7138 7292 7297 
3 6406 6308 6035 
3 7759 7894 7757 
3 6244 7689 8373 
3 5741 6550 8249 
3 6984 7781 6832 
3 2198 2856 4212 
3 4394 988 249 
3 8875 6720 6711 
3 7783 7305 7466 
3 7143 7308 7626 
3 7002 7144 7472 
3 7624 7308 6996 
3 9227 9080 8782 
3 7305 7312 7004 
3 7142 7308 7143 
3 7146 7311 7144 
3 7478 7007 7312 
3 7632 7143 7787 
3 9536 5167 4466 
3 5167 9536 8185 
3 7473 7479 7634 
3 7320 7481 7148 
3 7481 7629 7148 
3 7149 7007 7478 
3 6265 6962 6354 
3 7479 7151 7634 
3 8720 8678 9376 
3 7320 7156 7635 
3 1439 2335 4499 
3 7154 7487 7151 
3 7485 7155 7153 
3 7638 7156 7330 
3 156 158 98 
3 7155 7485 7157 
3 7157 7807 7022 
3 7491 7325 7488 
3 5087 5255 4806 
3 7645 7328 7650 
3 6257 6432 6955 
3 316 7147 5921 
3 9542 9397 6598 
3 7650 7328 7167 
3 9655 9658 113 
3 7165 7494 7167 
3 7167 7495 7650 
3 8064 8374 8066 
3 7816 7166 7809 
3 5139 8842 8847 
3 8088 7493 7649 
3 4683 2005 8616 
3 6279 9460 6850 
3 2394 2392 7054 
3 8246 7671 8854 
3 3449 4805 4171 
3 7172 7655 7649 
3 7170 7503 7168 
3 7935 7659 7493 
3 9136 7145 6359 
3 5139 5140 8842 
3 7170 7338 7503 
3 7501 6637 7174 
3 7338 7816 7665 
3 7178 7177 7181 
3 6641 7182 7506 
3 7033 6644 7183 
3 5046 5056 647 
3 7183 7181 7033 
3 6948 4612 3097 
3 7513 7673 7188 
3 6884 7185 7184 
3 7181 7347 7033 
3 7347 7349 7033 
3 7033 7349 7187 
3 90 9065 1567 
3 6743 7175 7504 
3 7976 7190 7518 
3 7517 7349 7347 
3 7517 7351 7349 
3 7832 7351 7517 
3 3492 4260 5710 
3 9150 6359 5584 
3 7922 7787 8527 
3 7321 7316 1993 
3 4441 9609 9764 
3 7192 7832 7194 
3 7300 6485 9295 
3 2984 2751 2834 
3 7351 7832 7192 
3 7194 6889 7192 
3 8218 7795 8080 
3 8411 7197 7524 
3 6912 6924 7646 
3 4655 7322 571 
3 4083 2540 6287 
3 7341 4252 9285 
3 7050 7355 6757 
3 8976 8691 8395 
3 8818 7475 8836 
3 7986 6759 6758 
3 7359 7204 8265 
3 705 554 600 
3 6004 5991 9407 
3 1171 7991 5710 
3 8397 9103 9776 
3 8422 6902 6901 
3 7995 7209 7213 
3 6909 7994 7216 
3 5489 5488 5074 
3 5435 3467 3455 
3 1850 3293 3254 
3 6748 3455 6739 
3 5396 1289 3975 
3 7539 8268 7213 
3 5406 3451 4129 
3 7691 6907 7540 
3 7063 7216 7366 
3 7583 1576 4402 
3 7008 3021 6990 
3 4673 8632 6307 
3 3848 6932 6933 
3 3263 4617 1266 
3 8071 7790 7923 
3 5904 6007 5795 
3 2607 866 898 
3 8813 9444 8731 
3 9118 7198 9983 
3 7372 7545 7222 
3 7199 8260 7525 
3 4387 8124 6628 
3 7545 7372 7703 
3 7222 7374 6916 
3 7074 7223 7706 
3 7627 7622 9622 
3 3066 1768 6652 
3 7228 8008 7547 
3 5810 5807 4827 
3 7225 7075 7374 
3 6208 2271 6903 
3 1962 1268 4947 
3 3250 227 9630 
3 7452 8119 5812 
3 7374 7227 7225 
3 2447 1088 9234 
3 7710 7709 7377 
3 7230 6787 7229 
3 7377 8008 7236 
3 7959 7958 8111 
3 7236 7235 7377 
3 7084 7713 7859 
3 7227 7232 6783 
3 7551 7085 7711 
3 7085 7551 7089 
3 7717 6782 7239 
3 3343 5312 7365 
3 7380 7715 7088 
3 7089 7551 7552 
3 4508 28 9773 
3 7382 6937 7238 
3 7379 7716 7238 
3 7092 7238 6935 
3 7559 6800 7388 
3 7555 6794 6937 
3 6786 7383 7239 
3 6639 6534 6536 
3 213 9791 3251 
3 8299 7385 6794 
3 1372 4075 3375 
3 7621 6175 3801 
3 6934 7093 6797 
3 8587 7095 6938 
3 3309 3308 3567 
3 7556 7094 7385 
3 7388 7244 7390 
3 7595 2312 1646 
3 3606 4280 2273 
3 7390 7866 7388 
3 6799 6506 7559 
3 4584 5830 4588 
3 7246 7245 7867 
3 9741 9089 7840 
3 9911 9906 186 
3 9025 8724 8723 
3 7393 6807 6947 
3 7393 7726 6807 
3 7565 7249 7568 
3 9246 5619 6437 
3 4018 4285 3942 
3 8800 7912 8513 
3 6953 6612 7102 
3 4089 5360 2094 
3 5312 4054 6653 
3 7398 6614 7875 
3 8465 8018 7398 
3 7610 4269 5523 
3 9245 9250 4215 
3 7403 7404 6957 
3 6957 7404 6621 
3 6144 2098 5426 
3 6526 3927 5843 
3 3343 4001 2011 
3 7607 5957 7608 
3 8156 7258 7736 
3 7406 6438 7261 
3 3920 5200 5203 
3 7412 6440 7415 
3 7409 7410 7881 
3 7590 6821 7586 
3 8015 8014 7721 
3 7881 7742 7409 
3 5957 3400 5207 
3 6819 6960 7880 
3 9376 1479 1743 
3 4343 4967 4341 
3 7906 7451 8365 
3 8029 7421 7884 
3 8192 7123 7762 
3 7269 7266 7887 
3 7821 7828 9719 
3 7118 7272 8032 
3 8273 7692 7364 
3 6966 7590 7593 
3 7424 6722 8169 
3 7420 7268 7427 
3 5042 3757 5037 
3 7693 8002 8003 
3 5830 3920 4588 
3 2647 6379 5600 
3 7427 7752 7598 
3 5509 4243 8228 
3 7748 7121 6354 
3 7599 7275 7423 
3 4513 5943 6750 
3 9358 278 9357 
3 7376 8545 8053 
3 7597 7276 7424 
3 9358 8731 278 
3 7277 7276 7597 
3 4578 3914 5833 
3 7431 7433 7429 
3 7429 7433 7430 
3 7434 7604 7430 
3 8699 8551 9405 
3 6364 6362 6361 
3 7604 7434 7432 
3 7555 8719 8299 
3 8169 8172 7424 
3 7430 7433 7434 
3 3565 8726 6576 
3 6573 8067 7376 
3 7433 7436 7434 
3 8053 7375 7376 
3 7609 7431 7766 
3 7434 7446 7432 
3 7609 7766 7611 
3 7868 7867 8307 
3 7447 7281 7904 
3 7176 5132 5774 
3 7445 7446 7436 
3 8861 2695 8857 
3 9155 9488 2368 
3 7906 7440 7451 
3 7123 8049 7606 
3 5021 5111 4738 
3 7609 7448 7445 
3 7445 7449 7446 
3 4813 6086 6741 
3 5765 5768 7862 
3 7447 7614 7457 
3 7593 7590 7750 
3 5494 8208 5476 
3 8752 9964 6141 
3 7615 7616 7286 
3 3211 881 2475 
3 7022 7807 7809 
3 7461 7286 7616 
3 7133 7461 6981 
3 7325 7644 7488 
3 4074 5516 9090 
3 4427 2906 5923 
3 4061 4698 4065 
3 7461 7616 7297 
3 7131 7457 7290 
3 7290 7457 7287 
3 7287 7298 7290 
3 7297 7616 7775 
3 7207 3889 5805 
3 1123 859 806 
3 7558 5179 5198 
3 7294 7295 8371 
3 6155 4235 4871 
3 8710 8574 8279 
3 7465 7467 7298 
3 8249 6550 5752 
3 7465 7303 7467 
3 7141 7138 7779 
3 7536 8219 5172 
3 7464 7140 7468 
3 7305 7779 7466 
3 7781 7624 6832 
3 7140 7472 7468 
3 1454 1655 1534 
3 7780 7467 7913 
3 7303 7918 8065 
3 6999 7472 7140 
3 7468 7472 7311 
3 7312 7305 7783 
3 7303 7306 7920 
3 3327 4695 4700 
3 7311 7146 7629 
3 7143 7626 7787 
3 7629 7477 7790 
3 7146 7148 7629 
3 9357 9376 8678 
3 9948 9920 9924 
3 7312 7314 7478 
3 1312 9920 9948 
3 7314 7791 7478 
3 7315 7632 7319 
3 7335 7168 7492 
3 7637 7484 7791 
3 8623 2565 6533 
3 5576 3372 6357 
3 7791 7484 7478 
3 7639 7153 7319 
3 8855 9425 9147 
3 7797 7639 7633 
3 7484 7637 7640 
3 7485 7153 7802 
3 7149 7484 7325 
3 7021 7328 7487 
3 3138 5110 6429 
3 4311 2036 3544 
3 8567 1071 2616 
3 6438 7406 8022 
3 3299 1883 4724 
3 7645 7487 7328 
3 8165 6689 4454 
3 7022 7809 7333 
3 9778 1741 9779 
3 8103 9357 8672 
3 7800 7330 7489 
3 288 8752 8838 
3 8672 9357 8678 
3 7488 7653 7491 
3 7652 7489 7492 
3 8616 4684 4683 
3 3322 5918 3327 
3 7494 7495 7167 
3 6435 6260 6619 
3 735 732 1467 
3 7494 7498 7495 
3 3014 2628 2272 
3 7656 7652 7492 
3 5127 8849 6688 
3 7655 7660 8094 
3 7818 7498 7494 
3 7197 7046 7524 
3 7503 7657 7168 
3 5980 4607 1759 
3 3986 4155 3987 
3 7498 7815 7495 
3 7166 7338 7170 
3 7814 8462 6304 
3 3684 4967 4343 
3 7825 7502 7498 
3 7498 7502 7815 
3 7503 7663 7657 
3 8114 8403 8402 
3 8024 2912 4958 
3 7660 7501 7174 
3 6606 6599 6609 
3 7175 7952 7504 
3 1031 2394 3748 
3 6743 7504 7174 
3 7952 7175 7506 
3 7177 7505 7511 
3 2312 6954 1646 
3 6362 6364 6539 
3 7182 7672 7506 
3 7991 8651 5710 
3 7177 7511 7181 
3 2123 3451 1467 
3 2364 3158 7801 
3 7673 7513 7508 
3 7829 7508 7514 
3 7182 7184 7672 
3 7184 7673 7672 
3 7508 7513 7514 
3 7515 7181 7511 
3 5508 6323 6301 
3 5132 5121 3152 
3 7189 7345 7188 
3 8510 9375 8660 
3 7347 7181 7515 
3 7513 7345 7514 
3 2612 4947 9893 
3 7345 7675 7514 
3 7188 7345 7513 
3 5377 4744 3394 
3 7976 7189 7190 
3 7991 7302 9989 
3 6108 5342 6118 
3 7353 7344 9285 
3 8838 9460 6279 
3 7675 7974 8256 
3 6086 4813 5439 
3 4585 3137 1750 
3 6661 8139 9497 
3 49 3444 4266 
3 7522 7193 6654 
3 8617 7279 6458 
3 2563 5178 4574 
3 7522 6890 7525 
3 4955 7291 6461 
3 5516 5541 9090 
3 6928 7380 7088 
3 7986 6758 7355 
3 4808 2993 5546 
3 8927 9235 8653 
3 615 6426 5008 
3 6759 7986 7202 
3 7482 1514 5104 
3 7458 7294 8367 
3 7533 7359 8705 
3 5838 5109 9480 
3 6862 8959 9628 
3 7060 6904 8130 
3 6904 7842 8130 
3 6561 8000 7842 
3 9833 5734 3815 
3 4251 1159 4248 
3 4634 5370 4630 
3 7211 7841 7690 
3 8000 7212 7843 
3 9762 9022 1541 
3 4363 3688 3665 
3 7062 6905 7844 
3 6905 7691 7844 
3 1697 1741 3118 
3 7852 7697 7367 
3 2892 6661 1348 
3 7696 7693 8003 
3 7366 8275 7847 
3 7694 7540 7697 
3 37 3007 9757 
3 7696 7850 7217 
3 7368 7702 7852 
3 5433 2069 4720 
3 8089 8230 8681 
3 6572 6667 6916 
3 7545 7374 7222 
3 4925 1637 3441 
3 7363 7214 7211 
3 2990 6245 6990 
3 3430 4126 6739 
3 4623 1963 2605 
3 4892 1114 5616 
3 6980 1625 8912 
3 7227 7374 7857 
3 8564 8418 8420 
3 7235 7710 7377 
3 7859 7711 6925 
3 5450 7064 7072 
3 7084 7715 7713 
3 7301 8623 4796 
3 4318 3907 3960 
3 5869 3263 5871 
3 7380 7381 7717 
3 7262 9750 1541 
3 7241 6439 4905 
3 8619 7301 4796 
3 7382 7238 7716 
3 7795 7638 8083 
3 8299 6794 7555 
3 6938 7094 7556 
3 2835 4009 4289 
3 6793 6799 8445 
3 6964 7270 7414 
3 4938 6230 6240 
3 1686 7411 4528 
3 6317 5625 4998 
3 9521 8944 9663 
3 7390 7721 7866 
3 4761 5386 4115 
3 9544 5979 4581 
3 7448 7611 6976 
3 7867 7245 7561 
3 7390 7722 7721 
3 6293 5928 9937 
3 9229 8619 5792 
3 7681 1960 365 
3 7390 7391 7722 
3 8619 9229 6510 
3 4546 4436 4782 
3 7925 409 8597 
3 5807 7948 9241 
3 6777 6778 5981 
3 7392 7565 7725 
3 7562 7724 7393 
3 7393 6703 7562 
3 4463 8471 7813 
3 7097 327 3764 
3 4603 5274 5185 
3 7566 4491 8219 
3 7749 5463 7077 
3 3500 2743 3495 
3 7568 7249 7101 
3 6393 7205 8546 
3 8862 3250 3221 
3 8151 7397 7396 
3 8018 8741 7256 
3 6812 7252 7570 
3 8463 7253 8464 
3 7438 3419 1432 
3 8527 7626 7916 
3 9777 5907 42 
3 7874 7104 8467 
3 6278 3260 956 
3 6227 8382 5469 
3 1314 1132 1128 
3 6621 7404 7107 
3 7257 7258 8156 
3 6205 6227 4716 
3 7726 7393 7869 
3 8163 7586 8025 
3 6981 7136 6986 
3 3071 9899 4479 
3 7261 7264 7879 
3 7870 4970 6402 
3 6962 7409 7742 
3 7097 3073 1066 
3 8801 9731 4120 
3 6720 8214 5912 
3 5925 5959 5245 
3 6503 6319 7387 
3 3759 3757 5042 
3 8029 7264 7420 
3 7412 7415 7744 
3 3251 3143 8857 
3 6409 5616 7201 
3 2063 5991 6004 
3 8180 9964 165 
3 8805 7821 1849 
3 7886 7116 7594 
3 6274 6368 6078 
3 9888 7927 5088 
3 7598 7421 7420 
3 3075 3078 9898 
3 9176 6457 5788 
3 7564 4243 90 
3 3912 4584 4588 
3 7597 8172 8175 
3 7429 7430 7895 
3 7482 7475 8818 
3 7606 8789 7762 
3 1123 4215 5641 
3 7758 7763 7601 
3 3748 2394 5029 
3 3097 703 3119 
3 309 9444 6607 
3 7766 7431 7763 
3 7432 7446 7765 
3 1614 4469 1632 
3 3747 3053 7069 
3 6495 3912 3218 
3 7909 7447 7904 
3 8049 7440 7906 
3 3654 3840 3906 
3 7872 6382 6393 
3 7909 7614 7447 
3 7454 7614 7909 
3 7654 7650 7495 
3 7909 8201 7454 
3 7040 5642 5647 
3 8333 7752 8176 
3 9155 2368 83 
3 7620 6729 7460 
3 7137 7298 7287 
3 9357 1479 9376 
3 5473 6193 8827 
3 4994 6315 4394 
3 7298 7467 7780 
3 6863 7000 6856 
3 8065 7467 7303 
3 3768 3710 3385 
3 7781 7915 7624 
3 1060 1973 5019 
3 8854 7671 8271 
3 7472 6999 7002 
3 7624 7916 7626 
3 7303 7304 7306 
3 7783 7314 7312 
3 6457 9176 9855 
3 7315 7143 7632 
3 7314 7783 7784 
3 7306 7006 7473 
3 146 1802 3164 
3 7314 8215 7791 
3 7477 7629 7481 
3 7919 7311 7629 
3 7481 7635 7477 
3 7792 7477 7635 
3 4292 4296 7350 
3 7320 7635 7481 
3 5845 3016 9782 
3 7527 9537 5896 
3 7319 7633 7639 
3 2443 2458 6732 
3 6642 7182 6641 
3 5049 5614 2828 
3 6357 3372 4843 
3 3709 3689 8910 
3 7861 1056 2620 
3 1940 3982 8956 
3 7802 7639 7797 
3 7039 6650 7042 
3 6454 656 2200 
3 7325 7640 7644 
3 6357 7855 5576 
3 9855 9847 6457 
3 7805 7642 7487 
3 7800 7489 7803 
3 7459 5814 8793 
3 945 4974 3682 
3 6541 6540 7183 
3 9673 5392 5409 
3 4465 9897 9764 
3 8520 9659 8514 
3 7489 7944 7803 
3 7939 7809 7807 
3 8087 7935 7493 
3 5157 4550 3197 
3 7197 8261 7528 
3 8165 4454 8860 
3 7489 7652 7944 
3 5847 6413 6322 
3 5439 4813 2163 
3 5981 6778 5235 
3 7505 7177 7822 
3 7349 7351 7041 
3 8462 7849 4849 
3 8659 8009 3495 
3 6296 2010 1756 
3 4849 4113 8462 
3 7943 7812 7818 
3 4354 2341 4357 
3 7935 8104 7659 
3 7818 7494 7491 
3 7338 7166 7816 
3 7657 7656 7492 
3 8253 5346 8258 
3 376 5101 2476 
3 7657 7658 7656 
3 8104 7822 7659 
3 7818 7825 7498 
3 7502 7959 7815 
3 7665 7503 7338 
3 7663 7658 7657 
3 321 1171 5710 
3 3103 3104 7126 
3 7666 7961 7658 
3 7663 7503 7960 
3 7504 7952 8105 
3 9394 9391 3672 
3 6881 7659 7822 
3 5475 2207 1538 
3 6292 7814 6304 
3 7660 7174 7504 
3 3774 8079 3769 
3 6447 3162 1851 
3 2656 7529 2636 
3 7824 7508 7670 
3 7372 7370 7703 
3 7673 7508 7824 
3 6201 7001 6196 
3 9917 3741 4491 
3 7508 7829 7670 
3 7962 7511 7505 
3 6915 6477 6569 
3 3731 2243 7733 
3 6663 7539 7213 
3 7511 7962 7515 
3 3322 4004 5918 
3 9624 1821 6029 
3 7975 7347 7515 
3 7972 8257 7975 
3 7345 7974 7675 
3 1750 3137 1741 
3 7832 7517 7975 
3 5118 4516 3146 
3 2243 1480 1452 
3 8409 7518 7193 
3 6796 1433 3921 
3 7352 7193 7518 
3 8638 8490 8335 
3 9578 9803 8519 
3 529 631 532 
3 8516 9578 8519 
3 3116 8844 8165 
3 5554 5537 7836 
3 6154 6118 6127 
3 1212 7024 8809 
3 3524 3102 3028 
3 2494 5110 3138 
3 7202 7985 7204 
3 6597 6327 5675 
3 7355 6758 6757 
3 7226 6921 7078 
3 4065 5991 2063 
3 5500 7099 7806 
3 5922 8057 7386 
3 8806 8665 8376 
3 7992 7057 8420 
3 8422 7994 6902 
3 7995 7839 7209 
3 7211 7060 7841 
3 7737 6272 7008 
3 7771 7814 6292 
3 9217 9493 9630 
3 7539 6908 7690 
3 7692 7846 7215 
3 7843 7062 7844 
3 7691 7540 8278 
3 7366 7216 8275 
3 6283 7098 8416 
3 7850 6770 7217 
3 8710 7694 8005 
3 7851 6913 6770 
3 2415 2106 2179 
3 1733 858 2441 
3 7084 7088 7715 
3 7219 7371 7702 
3 7853 7370 8134 
3 6383 7839 5993 
3 5230 5981 5943 
3 7851 7369 6913 
3 7544 8006 7371 
3 7703 7853 7705 
3 8137 7545 7705 
3 7546 7374 7545 
3 4109 2670 6982 
3 6804 7392 6946 
3 6189 6199 4823 
3 7228 7547 7224 
3 8008 7856 7547 
3 5616 1114 3412 
3 9859 1167 4010 
3 7857 7374 7546 
3 7380 7717 8296 
3 2893 2280 5556 
3 2004 835 3347 
3 8813 8180 165 
3 8576 5571 5587 
3 5955 5943 5981 
3 7709 8008 7377 
3 6278 956 7098 
3 8587 7863 7095 
3 7555 6937 7718 
3 5923 2906 1389 
3 7926 8085 8531 
3 7556 7385 8299 
3 7072 7771 4749 
3 6251 7643 4303 
3 5520 2886 4257 
3 7559 8143 6799 
3 296 326 382 
3 7561 7387 7719 
3 6283 8416 9087 
3 7866 7721 7865 
3 2439 3787 4470 
3 5676 2414 3056 
3 7765 7907 7902 
3 7948 8597 9241 
3 7392 8145 7391 
3 7082 6542 6689 
3 2439 7103 342 
3 7059 7749 7746 
3 4470 3787 7114 
3 8147 7394 7726 
3 7642 7151 7487 
3 7559 7866 8143 
3 446 4146 4238 
3 5878 6260 6435 
3 7729 7568 8312 
3 7802 7153 7639 
3 7728 8150 7100 
3 5907 9777 1708 
3 6028 6701 4111 
3 9043 9607 8098 
3 157 168 1867 
3 8464 6953 7874 
3 1686 4528 1672 
3 6953 7102 7874 
3 2893 4259 3581 
3 6862 3050 6060 
3 38 111 59 
3 9379 4479 9768 
3 7732 7878 7255 
3 7107 7404 7734 
3 7403 7256 8605 
3 4642 7307 5262 
3 2729 4737 3395 
3 7734 7108 7107 
3 8740 8018 8465 
3 6523 7259 8025 
3 7875 6811 7730 
3 7594 7891 7886 
3 7820 8540 7827 
3 5049 2828 6588 
3 3343 7365 4001 
3 7880 7741 7113 
3 4100 3407 2740 
3 3584 3595 862 
3 6962 7742 7747 
3 3343 620 639 
3 6876 6912 6841 
3 6841 6912 6057 
3 6831 3584 2234 
3 9229 9888 5088 
3 7113 7887 7266 
3 7449 7458 8367 
3 7744 7415 7886 
3 5651 7821 8805 
3 8034 7269 7887 
3 9216 8905 9211 
3 7059 7701 6210 
3 7360 4698 4025 
3 5538 5364 5449 
3 9269 5656 8590 
3 7277 6971 7276 
3 5656 4224 8590 
3 8175 7277 7597 
3 318 1159 4251 
3 7597 7424 8172 
3 7759 7429 7755 
3 7755 7429 7895 
3 7599 7426 7275 
3 7275 7426 7274 
3 7743 6272 7737 
3 7564 90 2218 
3 7438 1910 8721 
3 7606 7762 7123 
3 6237 2509 7712 
3 9480 5109 5103 
3 2951 2126 1245 
3 7432 7902 7900 
3 6854 6876 6841 
3 7433 7431 7609 
3 2061 3596 4945 
3 2663 9547 6015 
3 3962 3980 5667 
3 7446 7449 7765 
3 7908 7765 7449 
3 7004 7312 7007 
3 6598 5148 9542 
3 9517 6543 9369 
3 8059 7456 7128 
3 6867 6854 6825 
3 8365 7451 7910 
3 7460 8059 7912 
3 7910 7451 8205 
3 6382 7864 4877 
3 4567 4602 6630 
3 1542 816 2844 
3 8598 8456 7729 
3 3100 3393 3168 
3 7766 8050 7767 
3 7454 7615 7286 
3 7620 7460 7912 
3 8146 9448 8454 
3 7496 5407 7483 
3 9767 3716 281 
3 5468 2839 1542 
3 8890 8159 8028 
3 8064 7781 7620 
3 8228 1969 5522 
3 7151 7011 7154 
3 7779 7778 7466 
3 7914 7466 7778 
3 7234 4320 1476 
3 7926 7799 8085 
3 4195 4201 5458 
3 228 6549 1213 
3 7789 7920 7306 
3 7466 7914 7783 
3 3709 5620 3689 
3 7783 8069 7784 
3 7626 7308 7624 
3 7311 7919 7917 
3 8227 8223 7794 
3 9650 6360 7793 
3 7116 7274 7594 
3 7923 7790 7477 
3 7632 7633 7319 
3 7923 7477 7792 
3 7792 7924 7923 
3 7328 7021 7023 
3 5409 784 6997 
3 2924 545 3725 
3 2819 2178 5454 
3 8083 7638 7800 
3 2831 4841 4087 
3 8227 7929 8223 
3 8367 8371 8514 
3 7485 7802 7157 
3 9660 8316 6173 
3 7930 7157 7802 
3 6972 6160 8315 
3 7926 7804 7640 
3 7640 7799 7926 
3 8230 7930 7928 
3 7330 7800 7638 
3 7807 7157 7930 
3 7804 7644 7640 
3 8933 9819 8802 
3 7807 7930 7931 
3 7805 7645 7934 
3 9125 9182 8544 
3 2163 2819 5439 
3 7803 7944 7932 
3 7688 5143 952 
3 4673 6307 4001 
3 1937 320 4773 
3 3000 4380 4391 
3 8680 9344 8012 
3 7329 7489 7330 
3 7807 7931 7939 
3 1440 3431 2767 
3 2858 9887 4315 
3 7935 8087 9260 
3 2811 1485 4171 
3 9847 9855 9842 
3 767 3482 5444 
3 7495 7815 7654 
3 2016 6444 1119 
3 7943 7818 7653 
3 6978 6267 4354 
3 4785 4057 5500 
3 7652 7656 7817 
3 7654 7941 7811 
3 4315 4183 2848 
3 7503 7665 7960 
3 4067 4063 3292 
3 8105 7660 7504 
3 5166 6711 3719 
3 7770 7753 1351 
3 7656 7949 7817 
3 1137 923 809 
3 7666 7658 7663 
3 1484 4790 3431 
3 3458 3453 4800 
3 7502 7825 7958 
3 7958 7959 7502 
3 3115 2373 2526 
3 7663 7960 7826 
3 6107 6154 6161 
3 7672 7952 7506 
3 3759 4435 3764 
3 1081 4233 4925 
3 4549 6011 5266 
3 7673 7827 7672 
3 7825 7818 7953 
3 6891 6062 6057 
3 7075 6916 7374 
3 7670 7829 7966 
3 4076 5326 3390 
3 7971 7965 7970 
3 7515 7962 7965 
3 7971 7515 7965 
3 7505 8247 7957 
3 5652 1402 9884 
3 7829 7514 7675 
3 4776 3431 4790 
3 8255 8117 7967 
3 7972 7515 7971 
3 6924 6154 7646 
3 7646 6154 6107 
3 7515 7972 7975 
3 2139 7475 2131 
3 7902 7432 7765 
3 8120 7832 7975 
3 6108 6118 6924 
3 6183 3163 7573 
3 7522 7525 8410 
3 685 9674 5060 
3 5386 4761 7442 
3 7684 8413 7199 
3 3301 3988 5664 
3 7684 8561 8413 
3 7985 7202 7986 
3 5110 2494 4509 
3 8410 7525 8260 
3 8265 7204 7987 
3 8264 8562 8415 
3 7596 4724 3287 
3 6921 7226 7224 
3 6224 4286 4299 
3 7057 7839 8267 
3 5137 4888 5136 
3 4642 5462 4634 
3 8267 7839 7995 
3 6895 6108 6924 
3 7060 8130 7841 
3 8298 3860 6941 
3 7690 7997 7999 
3 7841 7997 7690 
3 5101 4492 2476 
3 7646 6107 6891 
3 7215 7846 7693 
3 7289 8650 2021 
3 6895 5306 6108 
3 8003 7850 7696 
3 7562 6702 7246 
3 7697 8005 7694 
3 7851 6770 7850 
3 9462 9463 8606 
3 7703 7705 7545 
3 4845 7521 7695 
3 8678 8720 7507 
3 9560 7695 7521 
3 7546 7545 8137 
3 8876 9505 4112 
3 7857 7708 7227 
3 2793 7130 9453 
3 7709 7710 7552 
3 8137 7857 7546 
3 2254 7438 1432 
3 5250 8518 5378 
3 8726 3565 6574 
3 7382 7716 7860 
3 8933 9380 9819 
3 1625 6980 8876 
3 7382 7718 6937 
3 3809 1499 2295 
3 3419 7438 8721 
3 805 1761 605 
3 7863 8589 8142 
3 7387 7863 8142 
3 7440 7282 7451 
3 3339 1960 7681 
3 7964 7966 8113 
3 8423 498 9786 
3 7721 7722 8015 
3 3215 869 3211 
3 8451 8015 7722 
3 7723 7868 7724 
3 7391 8145 7722 
3 8016 7724 8450 
3 5463 7749 7059 
3 7394 6807 7726 
3 6057 7646 6891 
3 6102 6792 5400 
3 5450 7072 4749 
3 7729 7565 7568 
3 8149 7567 7570 
3 6876 6895 6912 
3 5833 3914 5197 
3 3221 3250 9792 
3 9801 8407 493 
3 6619 6522 7108 
3 8578 8441 8440 
3 1590 2893 3581 
3 8019 7575 7106 
3 9961 9376 1743 
3 8835 8252 8690 
3 9804 3378 365 
3 4054 5312 4705 
3 8605 7404 7403 
3 7735 7580 8318 
3 7880 7257 8469 
3 1813 609 2607 
3 6717 8609 7259 
3 6717 7408 8609 
3 1446 1488 4118 
3 2989 6481 238 
3 8023 7406 7879 
3 8018 8740 8741 
3 1066 327 7097 
3 7833 9891 5459 
3 6960 7257 7880 
3 7736 8028 8159 
3 6307 8636 2011 
3 8029 7879 7264 
3 8743 7742 7881 
3 7413 7740 7744 
3 844 4243 3575 
3 7587 8477 8749 
3 8321 7587 8749 
3 7744 8026 7412 
3 7744 7740 8026 
3 7375 8053 8711 
3 4460 6609 5880 
3 4031 3952 3896 
3 7414 7270 8167 
3 7601 7759 7758 
3 8030 7748 6354 
3 7887 7741 7889 
3 7601 7431 7429 
3 8167 7270 8624 
3 8090 2995 2987 
3 8725 9440 8866 
3 5506 7573 5493 
3 6876 6854 6867 
3 8305 8303 7865 
3 7887 7890 8034 
3 5033 5757 6574 
3 6909 6658 6902 
3 8172 7891 8330 
3 8170 7272 7121 
3 8170 8032 7272 
3 8574 9143 9144 
3 7750 7423 7593 
3 3889 3197 1907 
3 5133 5782 5774 
3 9045 8892 8618 
3 7755 7894 7759 
3 8040 7895 7760 
3 7760 7900 8045 
3 7900 7898 7896 
3 8045 7900 7896 
3 4562 6827 6057 
3 8189 7896 7898 
3 7903 8193 7898 
3 4226 5494 5476 
3 6867 6878 6876 
3 7604 7900 7760 
3 7900 7902 7898 
3 7902 7903 7898 
3 7327 7417 4659 
3 9171 8314 8601 
3 744 9467 6949 
3 7904 8192 8047 
3 2181 6683 8052 
3 6365 6348 2100 
3 1371 7082 8164 
3 7766 7763 8050 
3 8048 8049 7905 
3 4235 2207 4871 
3 7465 7304 7303 
3 7436 7609 7445 
3 7765 7908 7907 
3 7766 7767 7611 
3 6750 7574 4513 
3 7689 6223 8354 
3 7611 7768 7128 
3 7431 7601 7763 
3 9800 9363 9643 
3 8073 7483 6695 
3 9472 6037 8224 
3 6037 9505 8224 
3 8204 8061 8202 
3 1371 8164 5130 
3 4025 2005 4683 
3 8059 7128 7768 
3 3962 5667 4939 
3 6245 2990 1267 
3 8827 9460 8196 
3 5916 7386 5925 
3 9583 9024 8297 
3 8152 8017 8877 
3 5473 8827 8196 
3 5288 1505 3050 
3 7917 8377 8376 
3 7781 8066 7915 
3 8211 8065 7918 
3 7780 7290 7298 
3 4841 4851 802 
3 7592 8813 8157 
3 7783 7914 8069 
3 8461 1281 547 
3 7919 7629 7790 
3 6379 5588 8517 
3 6809 6854 6827 
3 1365 2157 4418 
3 5305 3325 1879 
3 8335 8491 8638 
3 6854 6809 6803 
3 7922 7633 7632 
3 7787 7922 7632 
3 7572 4573 6024 
3 6533 7341 6119 
3 9757 9468 4369 
3 9182 5760 5034 
3 7512 5140 3686 
3 7794 7473 7634 
3 6884 6642 6647 
3 7322 7318 571 
3 4455 5173 4372 
3 8838 8752 8196 
3 7794 7634 8227 
3 9735 2709 4165 
3 8083 7800 8084 
3 7803 8092 8084 
3 5263 6026 6825 
3 6673 6677 5217 
3 7803 7932 8092 
3 1488 8596 9271 
3 7644 7804 7936 
3 8088 7649 8238 
3 7493 8088 8087 
3 2931 9510 7150 
3 9918 6556 3278 
3 9577 9869 2666 
3 2063 8541 1381 
3 8096 7940 7937 
3 7811 7941 8100 
3 1727 1733 2431 
3 7936 7943 7653 
3 8982 7399 9139 
3 5121 1640 3152 
3 7939 8244 7809 
3 2341 3689 4357 
3 8077 8218 8380 
3 7933 7936 7804 
3 7655 8094 8238 
3 7934 7811 8100 
3 6808 6809 6011 
3 6006 5263 6825 
3 7943 7936 7945 
3 7937 7824 7945 
3 7815 7946 7941 
3 7944 7950 7932 
3 3314 4083 3323 
3 7943 7945 7812 
3 6803 6809 6808 
3 7944 7817 7950 
3 4266 3775 49 
3 7817 7944 7652 
3 7663 7826 7666 
3 7949 7955 7817 
3 7817 7956 7950 
3 7945 7670 7812 
3 7812 7964 7953 
3 3338 2488 667 
3 7960 7665 7954 
3 3095 2589 1581 
3 8112 7666 7826 
3 7961 7955 7949 
3 7955 7956 7817 
3 7950 7956 7947 
3 3147 1656 734 
3 5262 3988 3301 
3 6808 6778 7618 
3 1571 2146 2334 
3 4020 1794 2473 
3 2700 4138 9439 
3 7826 7960 8110 
3 7958 7825 8109 
3 7618 6803 6808 
3 7956 8108 7947 
3 7670 7964 7812 
3 7964 8113 7953 
3 8113 8109 7953 
3 8112 7961 7666 
3 9965 6144 8154 
3 7827 7952 7672 
3 9431 3746 2311 
3 8753 6144 9965 
3 7956 7955 7967 
3 7957 7962 7505 
3 7845 9803 9109 
3 7965 7962 7957 
3 7670 7966 7964 
3 5838 8139 3642 
3 7956 7970 8108 
3 7970 7965 8108 
3 939 3649 3665 
3 7561 7719 8304 
3 7956 7967 7970 
3 3272 4012 2496 
3 6778 6808 6784 
3 7953 8109 7825 
3 1361 4891 4897 
3 7505 8104 8247 
3 7967 8117 7970 
3 1537 2084 3038 
3 7223 7547 7706 
3 7966 7829 8118 
3 2934 1571 2349 
3 8157 8813 8731 
3 8117 7972 7970 
3 2830 9883 2835 
3 8439 5507 7806 
3 1162 4467 8917 
3 8552 7972 8117 
3 5907 4508 42 
3 6599 6617 6583 
3 6924 6118 6154 
3 8248 8976 8395 
3 7974 8554 8256 
3 3453 3458 2125 
3 6551 5370 3279 
3 7189 7976 7974 
3 7538 7558 8870 
3 3074 2282 4913 
3 576 1553 5048 
3 8120 8558 7832 
3 9376 9961 8720 
3 5433 8752 6141 
3 8880 7734 7404 
3 8157 8731 9358 
3 8321 8888 8611 
3 5063 7265 5923 
3 8988 7197 8411 
3 8000 8131 7842 
3 8263 8560 7986 
3 7988 8561 7684 
3 8458 8982 2085 
3 8262 8263 7355 
3 8127 7990 7361 
3 3419 3415 4115 
3 8127 8264 7990 
3 8122 8720 9961 
3 4463 7813 3094 
3 7706 7856 8007 
3 8127 7361 7992 
3 8205 8803 8802 
3 7838 7535 7533 
3 6909 6902 7994 
3 6360 7120 3951 
3 8422 8999 7994 
3 7325 7484 7640 
3 2421 2885 3031 
3 7216 8426 8275 
3 2657 9733 1191 
3 7690 7999 7539 
3 8000 7843 8001 
3 7843 8132 8001 
3 8157 9358 6792 
3 7847 8275 8273 
3 8562 8704 8415 
3 5981 5235 5955 
3 8278 7694 8279 
3 1658 1651 191 
3 7850 8003 8281 
3 3421 2094 4770 
3 4489 7560 5917 
3 9357 8103 9358 
3 7852 8283 8005 
3 8418 8564 8417 
3 7822 8104 7505 
3 8283 7852 7702 
3 8029 7884 8160 
3 7067 3850 660 
3 8006 7702 7371 
3 7544 8007 8006 
3 7705 7853 8285 
3 8136 7705 8285 
3 7857 8137 8441 
3 8137 8136 8440 
3 8008 7709 8287 
3 7708 7857 8441 
3 7708 7858 7716 
3 4245 2234 6155 
3 8138 7709 7552 
3 8140 7551 7711 
3 1020 5642 7040 
3 2581 1253 5211 
3 7419 1280 5066 
3 7718 7860 8011 
3 4151 4782 4436 
3 8297 8296 7717 
3 6309 5507 8439 
3 6791 5458 4212 
3 6090 6062 6891 
3 9577 9296 9869 
3 4914 2068 5892 
3 8300 6938 7556 
3 8584 7556 8299 
3 7795 7635 7638 
3 6750 5955 5938 
3 7719 8725 8304 
3 6750 5943 5955 
3 9158 8516 7196 
3 4761 2063 6004 
3 7868 8450 7724 
3 1247 3893 4588 
3 1487 1499 3809 
3 8145 8451 7722 
3 8016 7869 7724 
3 9847 9158 6457 
3 6305 4889 7038 
3 7393 7724 7869 
3 6601 7249 7248 
3 7248 6705 6601 
3 6912 7646 6057 
3 7725 7565 7729 
3 7728 7394 8147 
3 8312 7567 8149 
3 7567 8312 7568 
3 6792 9358 8103 
3 8873 7570 8602 
3 7570 7252 8602 
3 1519 6158 13 
3 8017 7730 8151 
3 4422 3748 5030 
3 8314 8151 8601 
3 5062 1606 4136 
3 9972 9971 5277 
3 7878 8019 7106 
3 6878 5306 6895 
3 8155 8606 7732 
3 2729 3407 6686 
3 8155 7108 7734 
3 8271 7671 7669 
3 7580 8022 8318 
3 9184 8469 7257 
3 4705 3375 4054 
3 8156 7736 8159 
3 4084 3395 4737 
3 8023 8022 7406 
3 7574 9581 2543 
3 7359 6898 7204 
3 7736 7414 8028 
3 5785 3871 4550 
3 4006 1146 9718 
3 873 874 834 
3 8161 7741 7880 
3 8313 8599 8600 
3 8160 8023 7879 
3 6878 5303 5306 
3 4065 2063 4061 
3 2496 8848 2525 
3 7750 7599 7423 
3 247 260 199 
3 8474 8323 7741 
3 7574 4489 4513 
3 8475 7747 7742 
3 8749 8750 8321 
3 6862 6060 8959 
3 9118 5739 7198 
3 8030 7747 8475 
3 7586 8163 7590 
3 7741 8161 8474 
3 1253 3244 5211 
3 8160 7879 8029 
3 7113 7741 7887 
3 7886 7891 8169 
3 6123 2839 5468 
3 1099 145 2769 
3 8342 8341 8335 
3 8173 7121 7748 
3 591 339 1106 
3 7421 7598 8332 
3 9991 9044 9614 
3 8483 8175 8172 
3 7426 7594 7274 
3 3361 302 9641 
3 8598 8733 8456 
3 7752 8332 7598 
3 2826 6444 2016 
3 8333 8332 7752 
3 7752 8175 8176 
3 7277 8175 7752 
3 8642 8345 8344 
3 4821 4817 4374 
3 8042 5752 5756 
3 7755 8040 8183 
3 8668 8672 8678 
3 7894 8183 8182 
3 5938 5209 3750 
3 8036 8040 8045 
3 8037 8036 8039 
3 7757 7894 8186 
3 6550 3544 5752 
3 1146 1272 9723 
3 7760 8045 8040 
3 8503 7198 7870 
3 8721 8541 3415 
3 7755 7895 8040 
3 8039 8036 8045 
3 8318 8881 8607 
3 3349 4179 1732 
3 2765 1457 1304 
3 7173 5597 7864 
3 8332 8897 7421 
3 7896 8039 8045 
3 7896 8189 8039 
3 8189 7899 8043 
3 3776 9578 8538 
3 8656 8198 7908 
3 7898 7899 8189 
3 7899 8191 8043 
3 7758 7757 8190 
3 8046 8049 8048 
3 7763 8504 8050 
3 4025 4698 1346 
3 7899 7898 8193 
3 8360 8047 8355 
3 3016 3008 4434 
3 7907 8198 7903 
3 8049 7906 7905 
3 7352 7190 7037 
3 7904 8047 7909 
3 8201 7909 8360 
3 576 5740 5012 
3 7449 8657 7908 
3 5950 6156 6159 
3 2993 2153 2158 
3 5700 9472 5447 
3 238 4996 4368 
3 13 2164 1513 
3 7780 7913 7290 
3 336 2158 2153 
3 8201 8061 7615 
3 3828 5546 6202 
3 7795 7792 7635 
3 7851 8281 8282 
3 3862 5133 3851 
3 8205 7282 7913 
3 8196 9460 8838 
3 8064 7620 7912 
3 6854 6841 6827 
3 7311 7472 7144 
3 8032 8170 9051 
3 9472 8224 9618 
3 2319 5644 2300 
3 7468 8665 7464 
3 3851 2511 3862 
3 7789 7306 7473 
3 8523 8069 7914 
3 8211 8941 8209 
3 2612 3278 6545 
3 4102 4392 4274 
3 8070 7918 7920 
3 7919 8378 7917 
3 8093 7805 7934 
3 8211 7918 8070 
3 7787 7626 8527 
3 8074 8070 7920 
3 3888 1610 4644 
3 8077 8213 8071 
3 7789 8076 8074 
3 7784 8215 7314 
3 9230 8922 8923 
3 1640 5121 3146 
3 7789 7794 8076 
3 5856 1265 1263 
3 9565 9418 5383 
3 7368 7852 7367 
3 7633 8528 7797 
3 7845 9109 5689 
3 8217 7799 7637 
3 9150 9136 6359 
3 7837 5689 9109 
3 8814 4610 8826 
3 6011 6809 6827 
3 1582 1700 1584 
3 7803 8084 7800 
3 2507 1831 7854 
3 7642 7929 8227 
3 7650 7811 7645 
3 8531 7804 7926 
3 7930 8091 7931 
3 8083 8084 8225 
3 7151 7642 8227 
3 4007 2540 2785 
3 9301 7316 5518 
3 7854 1831 1129 
3 7932 7950 8092 
3 9689 5163 9266 
3 8096 7937 7933 
3 7655 8238 7649 
3 7936 7933 7937 
3 2918 5166 3719 
3 816 5047 4226 
3 7939 7931 8389 
3 7935 8237 8104 
3 3451 5406 4791 
3 5130 8164 8840 
3 6527 6440 7412 
3 7535 7838 8421 
3 7939 8389 8244 
3 8094 8105 8242 
3 3828 3817 8991 
3 7816 8244 8395 
3 1937 6189 9928 
3 7941 7946 8100 
3 7998 4655 5903 
3 7490 2151 6661 
3 111 99 122 
3 8250 8105 7952 
3 7952 7827 8250 
3 2364 4663 3158 
3 1818 2891 9451 
3 8395 7665 7816 
3 2133 7482 5842 
3 7359 8265 8705 
3 3155 765 5007 
3 8753 271 6144 
3 7475 7482 2133 
3 5816 3210 498 
3 6283 8387 6278 
3 7954 7665 8396 
3 1870 2324 2086 
3 7673 7820 7827 
3 930 890 756 
3 3221 7548 8862 
3 8111 7958 8109 
3 4354 6267 3658 
3 8402 8111 8114 
3 4299 3628 4308 
3 7961 7967 7955 
3 9652 9508 9079 
3 2514 9393 2487 
3 9638 302 9634 
3 7961 8254 7967 
3 1080 1092 9561 
3 8254 8255 7967 
3 7946 8251 8100 
3 5719 6815 2946 
3 7622 7627 4537 
3 5343 9854 5346 
3 8689 5719 2946 
3 7129 1104 1804 
3 6429 5110 8518 
3 7971 7970 7972 
3 3416 2254 1432 
3 7974 7345 7189 
3 8161 7880 8469 
3 57 2184 52 
3 7976 8554 7974 
3 5679 4244 7951 
3 7518 8987 7976 
3 4475 354 8480 
3 8270 1153 399 
3 7524 7832 8558 
3 7283 7927 7925 
3 7524 8558 8411 
3 5203 5843 3920 
3 7355 8263 7986 
3 7985 7986 8560 
3 8458 1840 8982 
3 7813 1088 3094 
3 8262 7355 7050 
3 5478 8997 9516 
3 9556 9134 9278 
3 3342 6203 353 
3 4463 3085 7105 
3 8127 7992 8418 
3 7533 8705 7838 
3 8799 8205 8802 
3 7471 4073 646 
3 8588 4224 5641 
3 3120 865 2476 
3 7997 7841 8129 
3 7841 8130 8129 
3 4006 9718 9988 
3 8132 7843 7844 
3 5868 4944 1265 
3 8425 8268 7539 
3 8268 8569 7995 
3 7997 8427 7999 
3 361 9929 6189 
3 9595 8924 5232 
3 6530 5856 6526 
3 7693 7846 8002 
3 7928 7802 7797 
3 9869 8404 6979 
3 7246 7723 7562 
3 8281 7851 7850 
3 9421 8277 9422 
3 8367 8514 8366 
3 2570 9988 9858 
3 9413 3859 9556 
3 8143 8445 6799 
3 317 1764 327 
3 7625 6854 6803 
3 7853 8134 8285 
3 2616 1071 1901 
3 3765 3066 5698 
3 3172 1656 5402 
3 8137 7705 8136 
3 2590 5856 1263 
3 8425 8569 8268 
3 5648 4216 5649 
3 7858 7860 7716 
3 7711 8289 8140 
3 8289 7859 7713 
3 5943 4513 5230 
3 1769 5041 3056 
3 5957 5207 4499 
3 8573 8277 8278 
3 7713 8292 8290 
3 7717 7383 8297 
3 7382 7860 7718 
3 3920 524 1247 
3 2414 3754 3053 
3 3759 1764 3757 
3 1656 3172 1667 
3 1103 893 1108 
3 4115 3415 4761 
3 5676 3754 2414 
3 8300 8587 6938 
3 8516 8519 7196 
3 3416 4774 4111 
3 7863 8587 8589 
3 7587 6626 8477 
3 8297 7383 8302 
3 8724 8142 8589 
3 5296 6763 9974 
3 5371 4663 3114 
3 5041 5676 3056 
3 8724 8725 8142 
3 8142 8725 7719 
3 4826 5546 2993 
3 8307 8449 7868 
3 7246 7867 7723 
3 7868 7723 7867 
3 8451 8145 8595 
3 757 744 6949 
3 6475 6569 5902 
3 6598 9397 9690 
3 8149 7570 8873 
3 8600 8151 7396 
3 9305 8310 8872 
3 4215 1123 4211 
3 8046 7606 8049 
3 1599 4479 9379 
3 8877 8017 9172 
3 5559 7855 8501 
3 8151 7730 7397 
3 8465 8738 8740 
3 7754 1734 1022 
3 4617 2599 1266 
3 8719 8584 8299 
3 7259 8609 8025 
3 5178 2563 3894 
3 5805 485 3210 
3 8743 8475 7742 
3 3709 8393 9039 
3 8023 8160 9041 
3 26 1921 1874 
3 2260 698 2241 
3 5805 3889 1907 
3 8031 8032 9051 
3 2581 4598 3231 
3 4224 859 5641 
3 8336 8342 8036 
3 7889 7890 7887 
3 8902 8479 8034 
3 2577 3914 7045 
3 8034 7890 8902 
3 318 4251 1171 
3 8170 7121 8173 
3 1538 2841 5475 
3 8633 8332 8333 
3 8182 8335 8490 
3 8336 8036 8037 
3 7763 7758 8190 
3 8037 8492 8340 
3 8030 8327 7748 
3 8182 8183 8335 
3 3752 3750 5209 
3 7755 8183 7894 
3 8183 8040 8342 
3 3539 5757 5025 
3 8388 8093 8539 
3 8490 8494 8186 
3 7108 7255 6619 
3 8188 8186 8344 
3 8039 8043 8347 
3 7558 7538 5179 
3 8235 5938 5927 
3 8538 9578 8516 
3 4841 2831 4832 
3 4659 4188 7327 
3 4849 1056 4113 
3 8499 8353 7762 
3 9315 9592 9454 
3 8191 8044 8043 
3 1732 4179 3351 
3 5260 9413 5254 
3 4394 249 977 
3 8046 8789 7606 
3 8186 7894 8182 
3 8221 2098 271 
3 8191 8193 8506 
3 5444 2831 767 
3 7903 8506 8193 
3 8353 8047 8192 
3 8353 8192 7762 
3 4434 8701 7833 
3 8050 8504 8197 
3 7903 8198 8506 
3 7907 7903 7902 
3 8198 8359 8506 
3 8198 8656 8359 
3 7767 8050 8197 
3 8816 8675 8673 
3 8372 8370 8663 
3 7906 8365 8200 
3 6785 7710 7235 
3 8360 8510 8201 
3 8881 4396 9185 
3 8657 8367 8366 
3 5468 1542 2844 
3 2630 7173 4160 
3 7836 7835 6334 
3 7900 7604 7432 
3 8111 8399 7959 
3 3716 280 281 
3 8803 8205 7913 
3 8370 8372 8204 
3 7775 8372 7778 
3 3964 2567 5393 
3 8663 7914 7778 
3 7987 7204 7985 
3 8665 8804 7464 
3 9125 8544 9118 
3 8065 8211 8209 
3 8522 7914 8663 
3 8012 3510 8680 
3 3104 3103 2454 
3 8209 8666 8065 
3 7068 5469 8382 
3 8525 8211 8070 
3 7915 9093 7916 
3 3690 9682 5112 
3 8377 7917 8378 
3 7919 7790 8071 
3 9097 8943 8377 
3 3823 970 2400 
3 7919 8071 8378 
3 4805 3449 5412 
3 1651 1658 4343 
3 3293 9921 4766 
3 8473 8883 8470 
3 8213 8077 8380 
3 9806 9230 8923 
3 7633 7922 8528 
3 5702 1472 3193 
3 7924 7795 8218 
3 6666 8849 5127 
3 4136 5078 5062 
3 4353 1646 6954 
3 8083 8080 7795 
3 8831 9838 8975 
3 8085 7799 8217 
3 7818 7491 7653 
3 9158 5740 5048 
3 8084 8229 8225 
3 8531 8096 7804 
3 8225 8229 8383 
3 9819 9380 9941 
3 5810 5975 5820 
3 8386 8088 8682 
3 4418 5140 5139 
3 7804 8096 7933 
3 7929 7805 8093 
3 2312 5575 6954 
3 8682 8088 8238 
3 7934 7645 7811 
3 3017 638 1286 
3 8962 7820 7940 
3 7931 8091 8389 
3 7820 8962 8540 
3 7947 8245 8092 
3 2065 2078 1172 
3 5734 5105 3121 
3 2509 3260 7712 
3 5575 1639 4938 
3 5737 4496 1129 
3 9697 9695 5221 
3 7295 7140 7464 
3 8389 8248 8244 
3 9201 8900 9054 
3 8395 8244 8248 
3 8830 8247 8104 
3 7793 7073 7770 
3 7936 7653 7644 
3 7760 7430 7604 
3 6381 8460 7831 
3 9891 1463 5459 
3 8595 9448 9303 
3 8965 4612 6948 
3 8251 7946 8252 
3 7947 8108 8245 
3 7957 8245 8108 
3 5208 908 2387 
3 3721 3646 3521 
3 2573 451 435 
3 8548 7954 8693 
3 9727 9729 1550 
3 1186 6939 2632 
3 7759 7601 7429 
3 8114 7966 8118 
3 3860 3853 6941 
3 8113 7966 8114 
3 7961 8112 8254 
3 9930 2226 2203 
3 8114 8118 8403 
3 9064 8769 9634 
3 7634 7151 8227 
3 1637 7029 1751 
3 294 6461 6458 
3 4303 2298 6251 
3 3956 2451 2431 
3 8985 8257 8552 
3 846 2355 8075 
3 1750 9778 9784 
3 6500 5816 3902 
3 3055 3124 2983 
3 8569 8566 7995 
3 3170 6119 9526 
3 9537 7536 5896 
3 8987 7518 8409 
3 4227 7051 7271 
3 9688 7120 6360 
3 3931 762 1654 
3 2458 7126 3104 
3 7686 7988 7684 
3 8261 8262 7528 
3 6834 5648 5649 
3 8422 7535 8421 
3 9693 877 2355 
3 7985 8560 7987 
3 8417 8264 8266 
3 8266 8264 8127 
3 5649 3441 6834 
3 7050 7528 8262 
3 8724 8589 8723 
3 8420 7057 8267 
3 8267 7995 8566 
3 1768 3066 3765 
3 8924 4537 5232 
3 7198 8503 9983 
3 7761 9106 853 
3 8131 8000 8001 
3 6541 7034 6544 
3 5523 2898 3595 
3 9277 5705 5698 
3 9976 562 7206 
3 7844 8276 8430 
3 4257 4265 5520 
3 7846 8274 8002 
3 8276 7691 8277 
3 7691 8278 8277 
3 4422 5037 1755 
3 9096 8670 9523 
3 4861 3895 4876 
3 8279 8573 8278 
3 8282 8281 8432 
3 8134 8433 8285 
3 843 9957 3746 
3 9681 9950 9532 
3 9245 4199 9915 
3 3449 1467 4791 
3 8008 8287 7856 
3 5377 3394 676 
3 3759 3764 1764 
3 7858 8578 8288 
3 6033 4685 4690 
3 5842 7482 5104 
3 7860 8288 8011 
3 7551 9015 8715 
3 7860 7858 8288 
3 8290 8289 7713 
3 7551 8715 7552 
3 8292 7713 7715 
3 8294 7718 8011 
3 5493 2882 5506 
3 7555 7718 8719 
3 8292 7715 8293 
3 8722 8300 8584 
3 8354 6223 6237 
3 9477 9483 3461 
3 8143 7865 8445 
3 8014 8308 8305 
3 8071 8213 8378 
3 862 1591 3584 
3 8297 9297 8296 
3 4913 5605 3908 
3 8118 7829 7675 
3 7725 7729 8146 
3 8147 8310 7728 
3 8147 7726 8457 
3 8598 8312 8149 
3 8600 8150 8313 
3 7407 3594 5065 
3 8600 7396 8150 
3 7348 4446 9022 
3 8017 8151 8314 
3 4874 2856 2866 
3 2856 87 2866 
3 7875 8152 8465 
3 7878 7732 9180 
3 7609 7436 7433 
3 7191 5600 6379 
3 8607 8742 7735 
3 7735 8318 8607 
3 8605 8880 7404 
3 6160 2348 6961 
3 7740 8742 8026 
3 8229 8092 8245 
3 818 2856 2198 
3 7881 8611 9186 
3 8195 5573 4876 
3 7881 9328 8743 
3 7864 5597 4877 
3 5757 3539 519 
3 2321 9689 9954 
3 6719 6822 6818 
3 8028 7414 8167 
3 5359 5181 5543 
3 8622 7750 7590 
3 7884 7421 8889 
3 4795 3434 3453 
3 8478 7421 8897 
3 8624 8034 8479 
3 8172 8169 7891 
3 8758 8902 7890 
3 2280 2893 134 
3 8173 8327 8756 
3 8631 7594 7426 
3 8331 8175 8483 
3 8897 8332 8899 
3 3279 9914 1963 
3 9136 6301 7145 
3 9146 8432 9288 
3 6737 4795 4162 
3 9055 8332 8633 
3 9028 9587 9450 
3 8488 8491 8336 
3 8176 8175 8331 
3 8176 8331 8484 
3 8483 8761 8331 
3 8334 8336 8340 
3 5613 4984 6987 
3 8490 8637 8641 
3 7737 8917 7743 
3 8037 8340 8336 
3 8492 8347 8343 
3 8341 8342 8336 
3 3504 2175 4195 
3 8490 8641 8494 
3 8186 8494 8344 
3 8668 8678 7507 
3 8345 8496 8188 
3 6549 2777 1213 
3 201 6405 9823 
3 8752 5433 6142 
3 8348 8190 8188 
3 8470 8320 8473 
3 7899 8193 8191 
3 5513 5523 3595 
3 8353 8352 8047 
3 7708 8441 7858 
3 8039 8347 8492 
3 7164 5588 4849 
3 8190 8504 7763 
3 1213 8021 228 
3 7401 2374 3529 
3 8505 8197 8504 
3 2817 1513 2164 
3 3689 5620 5609 
3 7909 8047 8360 
3 7905 7906 8200 
3 7908 8657 8656 
3 1723 2431 9365 
3 4843 3372 9092 
3 8197 8362 7768 
3 8201 8510 8061 
3 5078 3338 2462 
3 7912 8059 8513 
3 6895 6924 6912 
3 7184 7182 6884 
3 7449 8367 8657 
3 7615 8204 7616 
3 7615 8061 8204 
3 6611 7407 5065 
3 6360 3947 4909 
3 7038 6272 7743 
3 4363 4984 3688 
3 1625 8876 1009 
3 9523 2145 9382 
3 7443 8101 558 
3 3415 3419 8721 
3 8372 8663 7778 
3 7913 8666 8803 
3 9714 2567 3964 
3 2794 5434 4162 
3 8287 7709 8138 
3 8409 7193 7522 
3 7364 6906 8273 
3 8969 9681 8828 
3 5296 9973 5291 
3 6524 7340 5727 
3 8665 7468 8376 
3 7152 9918 5089 
3 3583 3707 3948 
3 7241 5648 8575 
3 8379 7784 8069 
3 8074 8669 8070 
3 7592 8180 8813 
3 6314 4801 5528 
3 3451 2123 3458 
3 1485 3449 4171 
3 4988 4794 5238 
3 8437 5676 7080 
3 8624 7269 8034 
3 6524 9541 3495 
3 6672 2400 9845 
3 5232 3769 8079 
3 7031 8373 7064 
3 9679 8540 8962 
3 8080 8225 8383 
3 4585 4581 5979 
3 8383 8815 8080 
3 8529 7797 8528 
3 1282 6611 5065 
3 4795 3454 4162 
3 4865 7038 4889 
3 7797 8230 7928 
3 8083 8225 8080 
3 8615 8621 8894 
3 8223 7929 8534 
3 5937 2665 9589 
3 3003 2162 364 
3 8157 6102 6844 
3 8533 8096 8531 
3 8534 7929 8388 
3 5966 6344 5879 
3 8092 8229 8084 
3 3451 3458 4129 
3 5507 4091 4786 
3 7929 8093 8388 
3 8133 4852 1684 
3 8089 8685 8091 
3 2312 1639 5575 
3 8533 7940 8096 
3 8092 7950 7947 
3 9068 9066 9070 
3 2882 3581 5506 
3 5726 6433 4040 
3 4201 2175 790 
3 2335 2326 558 
3 9876 4220 1323 
3 3454 4795 3453 
3 7827 8540 8250 
3 8834 8093 7934 
3 6292 6287 7771 
3 9985 9711 9142 
3 4368 4979 3684 
3 8247 8828 8536 
3 1259 5223 3244 
3 8630 6556 8635 
3 4074 8416 7098 
3 6867 5303 6878 
3 8936 8935 8665 
3 8245 7957 8536 
3 2431 1733 3956 
3 8804 8665 8935 
3 7852 8005 7697 
3 8398 7959 8399 
3 1810 3111 2458 
3 5363 5102 5633 
3 9080 9081 8784 
3 7291 4955 7300 
3 8355 8784 9081 
3 8547 8693 7954 
3 1027 976 1026 
3 5445 6210 4706 
3 8696 8112 7826 
3 4244 2697 7951 
3 8980 8697 8696 
3 9547 2767 3426 
3 1432 3419 3424 
3 8403 8118 8551 
3 4466 3725 5917 
3 1917 1919 2630 
3 9159 9197 703 
3 1619 887 4286 
3 5500 7086 7099 
3 1630 4280 4927 
3 6283 6278 7098 
3 7316 1991 9417 
3 2069 5433 2067 
3 7975 8257 8985 
3 962 4439 7662 
3 8983 8256 8554 
3 8120 7975 8985 
3 8965 8959 5311 
3 2525 3272 2496 
3 3360 3295 3359 
3 7399 8982 1840 
3 7948 7925 8597 
3 8411 9129 8988 
3 8622 9991 8628 
3 8668 8103 8672 
3 1412 543 6284 
3 8260 7199 9276 
3 8935 9659 8520 
3 957 958 1094 
3 3130 4644 1610 
3 6592 5055 9415 
3 8264 8417 8562 
3 8562 8417 8563 
3 4758 7771 6287 
3 7671 8246 8827 
3 1850 9921 3293 
3 7671 8827 6193 
3 3741 8219 4491 
3 8420 8565 8564 
3 8427 7997 8129 
3 8982 3407 2085 
3 8282 8432 8433 
3 8130 7842 8707 
3 7842 8131 8707 
3 1962 5875 5871 
3 1689 5832 2614 
3 6784 5248 6778 
3 8429 8001 8132 
3 7539 7999 8425 
3 8429 8132 8430 
3 7692 8272 8274 
3 8273 8275 9002 
3 8273 8272 7692 
3 7692 8274 7846 
3 4174 3231 2577 
3 8629 6479 7963 
3 8574 8573 8279 
3 6878 6895 6876 
3 8431 8432 8281 
3 3581 2882 1590 
3 3017 5264 627 
3 8853 8005 8283 
3 1454 1178 1121 
3 3550 3538 6131 
3 9646 9929 361 
3 8283 8006 8436 
3 3289 1606 1548 
3 509 3478 2082 
3 8006 8283 7702 
3 8289 8863 8140 
3 1438 1498 1636 
3 7856 8287 8714 
3 8441 8578 7858 
3 2085 3407 2729 
3 4277 2902 3604 
3 8287 8138 8716 
3 8460 7120 9688 
3 8717 8011 8288 
3 3902 3914 4578 
3 9394 9256 9391 
3 8719 7718 8294 
3 3757 9431 2311 
3 9436 8293 8296 
3 2234 4245 6831 
3 7607 3400 5957 
3 9583 8297 8302 
3 8215 8217 7791 
3 7768 7611 7767 
3 8449 8307 8447 
3 432 523 405 
3 7865 8014 8305 
3 8307 9026 8447 
3 8015 8308 8014 
3 5358 6020 5332 
3 8449 8450 7868 
3 7918 7303 7920 
3 8015 8448 8308 
3 8016 9028 7869 
3 3518 3396 3240 
3 5611 5601 8542 
3 9028 8457 7869 
3 8032 8031 7118 
3 8457 7726 7869 
3 9385 9947 3587 
3 6155 1580 4235 
3 8146 8454 7725 
3 7118 8477 6967 
3 9305 8313 8310 
3 8313 9305 9169 
3 2039 3374 3365 
3 8152 8738 8465 
3 9950 9311 6481 
3 615 656 6426 
3 2068 9936 5892 
3 9946 8949 9096 
3 5154 5163 9689 
3 8019 9320 8467 
3 3210 5816 5180 
3 8318 8022 9327 
3 8022 8023 9327 
3 7929 7642 7805 
3 7408 8026 8742 
3 8025 9993 8163 
3 8161 8469 8612 
3 3131 1431 9518 
3 1707 1909 1912 
3 8320 8470 8744 
3 8745 8618 8320 
3 8114 8109 8113 
3 2145 6422 617 
3 8614 8161 8612 
3 7616 8372 7775 
3 8618 8621 8473 
3 8320 8618 8473 
3 2003 2662 9324 
3 1286 1505 5288 
3 8028 8167 8751 
3 8030 8475 8754 
3 8618 8892 8621 
3 5034 8544 9182 
3 8754 8327 8030 
3 2175 4201 4195 
3 4063 5508 6301 
3 1352 3327 4700 
3 8483 8172 8760 
3 2039 5946 3347 
3 6224 5570 6926 
3 2268 1482 3774 
3 8756 8170 8173 
3 4203 3538 3523 
3 7889 8482 7890 
3 9377 9236 9936 
3 8207 6817 1705 
3 9054 8754 8898 
3 7599 7750 8328 
3 8328 8631 7426 
3 7304 6995 6840 
3 9055 8899 8332 
3 9219 9797 9221 
3 8172 8330 8760 
3 1162 8917 8912 
3 9414 8704 2430 
3 8334 8340 8486 
3 8334 8488 8336 
3 8640 9222 8769 
3 8826 3164 6015 
3 4203 3523 8162 
3 8491 8341 8336 
3 8491 8335 8341 
3 6153 7592 6844 
3 7637 7799 7640 
3 7928 7930 7802 
3 8340 8492 8640 
3 3523 1527 1519 
3 8327 8173 7748 
3 577 2145 9523 
3 8497 8647 8782 
3 8944 9524 9663 
3 8647 8497 8648 
3 2774 2656 2636 
3 8044 8347 8043 
3 8497 8498 8648 
3 3931 6184 5381 
3 8497 8352 8498 
3 8648 8498 8495 
3 4700 6649 5326 
3 8352 8353 8498 
3 8494 8642 8344 
3 9964 8180 6141 
3 8047 8352 8355 
3 8353 8499 8498 
3 9333 4391 1001 
3 8502 8504 8348 
3 8044 8191 8653 
3 8653 8350 8044 
3 8036 8342 8040 
3 8505 8504 8502 
3 1854 1726 1793 
3 7905 8655 8048 
3 9081 8360 8355 
3 8360 9081 9085 
3 7905 8795 8655 
3 8510 8202 8061 
3 3859 9413 5260 
3 9830 9389 9532 
3 8509 8197 8505 
3 8797 8657 8366 
3 9085 8510 8360 
3 8510 8660 8202 
3 3202 3356 3206 
3 9328 9186 9469 
3 3416 3424 4774 
3 8686 7346 4294 
3 8064 7912 8521 
3 8371 7776 8520 
3 4458 3701 1412 
3 8374 8064 8521 
3 8202 8662 8370 
3 6154 6184 6161 
3 3510 8683 8680 
3 2699 9874 2714 
3 6177 6161 6184 
3 8029 7420 7421 
3 8519 7845 6417 
3 7824 7940 7820 
3 7914 8522 8523 
3 8666 8209 8941 
3 2596 7127 9092 
3 7922 8527 8671 
3 9239 8202 8660 
3 8817 8528 7922 
3 8819 8528 8817 
3 4320 3322 6355 
3 8321 7882 7587 
3 9706 1880 8364 
3 8608 9993 8025 
3 8217 8675 8085 
3 8076 8220 8954 
3 8080 8815 8218 
3 8822 8220 8223 
3 8085 9104 8957 
3 571 3975 1289 
3 8218 8077 7924 
3 911 89 8128 
3 7815 7959 7946 
3 3988 3315 5664 
3 2139 3209 5276 
3 4143 3458 4800 
3 4876 5573 4861 
3 9260 8087 9533 
3 6127 6118 5353 
3 7120 8460 6378 
3 811 712 779 
3 8245 8536 8532 
3 8245 8532 8229 
3 7687 8854 8271 
3 9488 3421 4126 
3 8291 421 1181 
3 2411 8079 610 
3 8687 8238 8242 
3 8091 8685 8831 
3 8242 8238 8094 
3 941 1303 26 
3 7621 6142 6175 
3 3434 4800 3453 
3 8250 8242 8105 
3 7882 7881 7410 
3 8619 4191 7301 
3 8251 8252 8835 
3 5922 5268 5930 
3 8154 8122 5308 
3 7475 2139 8836 
3 9238 6348 6310 
3 9417 1991 325 
3 8693 9121 8977 
3 8112 8696 8254 
3 150 4599 8915 
3 3632 9678 9529 
3 8403 8551 8979 
3 1962 2612 5875 
3 8698 8255 8697 
3 7960 7954 8110 
3 3424 3419 5386 
3 8552 8255 8700 
3 8117 8255 8552 
3 6090 6107 4615 
3 9267 9546 9399 
3 9254 9680 8534 
3 8985 8552 8700 
3 8551 8118 8256 
3 8551 8256 8983 
3 9404 8700 8698 
3 3841 2931 9862 
3 2631 1906 5588 
3 8554 8987 8986 
3 2101 9817 4945 
3 8409 8410 8987 
3 5306 5342 6108 
3 8260 8845 8410 
3 8558 9410 9129 
3 6941 3853 6082 
3 2594 2599 4617 
3 8577 4070 4080 
3 2400 2418 9553 
3 1065 8226 9977 
3 5311 4612 8965 
3 3143 1484 8861 
3 6095 5342 5306 
3 9555 8263 8262 
3 8990 8413 8561 
3 9134 7987 8560 
3 7988 8415 8561 
3 8616 2005 4369 
3 4012 3272 5463 
3 9134 8265 7987 
3 7838 8705 9135 
3 9923 9221 9797 
3 8127 8418 8266 
3 7992 8420 8418 
3 4128 177 2588 
3 8724 9025 9440 
3 8307 7561 8304 
3 3066 9277 5698 
3 8267 8566 8565 
3 8427 8129 8570 
3 8129 8130 8707 
3 7436 7446 7434 
3 8516 9158 8538 
3 9141 8275 8426 
3 8002 8274 8572 
3 8570 7999 8427 
3 8282 7369 7851 
3 3763 8075 2355 
3 8710 8279 7694 
3 9288 8432 8431 
3 8283 8436 8853 
3 8282 8433 8134 
3 3920 1247 4588 
3 7934 8100 8834 
3 8135 7856 8714 
3 8136 8285 8712 
3 8856 8578 8440 
3 4578 6500 3902 
3 6227 5469 4716 
3 8578 8717 8288 
3 8582 8289 8290 
3 4231 1457 8493 
3 4787 8224 9505 
3 6229 5424 7701 
3 8297 9024 9297 
3 102 2234 1591 
3 9906 1774 4646 
3 7383 8303 8302 
3 8591 8302 8303 
3 8725 8866 8304 
3 4201 2184 3534 
3 9302 9446 8449 
3 2568 9705 9647 
3 9446 8450 8449 
3 7625 6825 6854 
3 3301 4642 5262 
3 3321 3319 4786 
3 2563 1903 3894 
3 5473 8196 7621 
3 7470 7474 8054 
3 8457 8310 8147 
3 8310 8457 8872 
3 8313 8150 8310 
3 7005 1348 1773 
3 6724 8057 6676 
3 8057 6724 8073 
3 9146 8433 8432 
3 5727 2108 770 
3 8737 8464 8739 
3 9065 5401 361 
3 8739 8464 7874 
3 8735 8602 8463 
3 4113 3323 4083 
3 9037 8019 8879 
3 2705 2637 2706 
3 8073 6695 6684 
3 336 4808 322 
3 8318 9327 8881 
3 874 793 834 
3 9993 8622 7590 
3 7257 9604 9184 
3 7257 8156 9604 
3 8303 7383 8445 
3 9320 8019 9037 
3 4180 5616 3412 
3 6883 8319 9988 
3 9034 9314 8735 
3 8196 6142 7621 
3 8156 8159 8890 
3 8877 8738 8152 
3 9189 9604 8890 
3 8753 9965 9618 
3 8613 8473 8615 
3 8151 8600 8601 
3 6293 9814 9514 
3 3883 3186 472 
3 8475 8887 8754 
3 5892 9936 3433 
3 977 4994 4394 
3 8745 9045 8618 
3 7740 7735 8742 
3 8628 8328 7750 
3 8160 7884 8889 
3 8621 8615 8473 
3 8463 8737 8735 
3 1718 5642 1020 
3 9188 8613 8748 
3 8073 6684 7386 
3 8167 8624 8751 
3 9313 9172 9171 
3 7318 7309 7969 
3 7001 5416 7678 
3 95 6462 6607 
3 6321 1718 9369 
3 6682 1471 2995 
3 4940 4729 4717 
3 8901 9051 8170 
3 7196 5724 5012 
3 8756 8901 8170 
3 8656 8797 8928 
3 1518 3039 3832 
3 457 9655 9106 
3 8758 7890 8482 
3 6011 6827 5266 
3 7490 8837 5124 
3 8897 9483 8478 
3 7678 5416 6991 
3 1311 1604 1358 
3 8484 8331 8761 
3 8484 8762 8176 
3 8762 8634 8176 
3 8634 8633 8176 
3 8905 8767 8763 
3 8763 8767 8485 
3 6006 6825 7625 
3 8911 8767 8905 
3 8767 8488 8485 
3 7592 8157 6844 
3 6323 7145 6301 
3 8912 8917 7737 
3 8767 8913 8488 
3 1614 9049 8894 
3 8640 8769 8486 
3 8340 8640 8486 
3 8913 8491 8488 
3 7156 7638 7635 
3 8641 8637 8770 
3 6011 6784 6808 
3 9192 9043 8098 
3 7993 9950 9681 
3 89 4709 4716 
3 9069 8642 8641 
3 8960 9629 7983 
3 6784 6011 4549 
3 7845 8519 9803 
3 8642 8494 8641 
3 8647 8775 9070 
3 8647 8648 8775 
3 9953 8165 8860 
3 9148 8487 910 
3 8496 8918 8919 
3 8343 8347 8779 
3 8784 8497 8782 
3 8648 8495 9075 
3 1068 9870 982 
3 8784 8355 8352 
3 8653 8652 8350 
3 5253 5263 6006 
3 8188 8496 8348 
3 3494 3751 3489 
3 9294 9429 8717 
3 5121 5118 3146 
3 8927 8506 8359 
3 8927 8653 8506 
3 7905 8200 8795 
3 7346 3528 2108 
3 6154 5381 6184 
3 8798 8362 8197 
3 9314 9454 9591 
3 8513 8362 8798 
3 4845 3003 3868 
3 8200 7910 8799 
3 7199 7053 7684 
3 3994 3980 2337 
3 4252 7353 9285 
3 2507 1832 1831 
3 7910 8205 8799 
3 7912 8800 8521 
3 8370 8204 8202 
3 8370 8662 8663 
3 8463 8602 7252 
3 9239 8662 8202 
3 8666 8933 8803 
3 9606 4537 8924 
3 8670 9093 9523 
3 471 473 499 
3 4498 3138 6429 
3 8942 8379 8523 
3 5230 5253 5981 
3 8523 8522 8939 
3 8941 8211 8525 
3 8213 8380 9097 
3 8806 8376 8943 
3 3719 6711 6720 
3 8943 8376 8377 
3 8069 8523 8379 
3 8378 9097 8377 
3 8525 8070 8669 
3 2700 9874 2699 
3 4021 8650 2003 
3 8074 8951 8669 
3 8817 7922 8671 
3 8215 8379 8673 
3 8816 8673 9098 
3 8954 8951 8076 
3 9815 8514 9659 
3 3453 724 3454 
3 2048 1892 8295 
3 8954 8220 8822 
3 8085 8675 9104 
3 4492 1810 3120 
3 9479 8892 9765 
3 8822 8223 8534 
3 8681 8230 8529 
3 1104 2466 1110 
3 8961 8531 8085 
3 9533 8087 8386 
3 3514 3236 3020 
3 4020 4758 2517 
3 4789 4671 4670 
3 3410 9809 4825 
3 8687 8966 9113 
3 8962 7940 8533 
3 8383 8821 8815 
3 8736 1840 8458 
3 8969 8828 8247 
3 8830 8970 8247 
3 4162 3454 2794 
3 8144 8480 354 
3 2169 2015 1955 
3 3759 9787 4435 
3 5311 690 4612 
3 4825 9931 6203 
3 8834 8251 8835 
3 8043 8039 8189 
3 8444 8011 8717 
3 5930 8057 5922 
3 6749 5232 4505 
3 676 8755 680 
3 6265 6820 6962 
3 8122 8154 7541 
3 8396 8691 8547 
3 8692 8398 8399 
3 6102 8157 6792 
3 8694 8692 8399 
3 8110 7954 8548 
3 8696 8548 8980 
3 9353 9209 9210 
3 7541 7543 8720 
3 8477 7118 8031 
3 320 1937 9928 
3 6107 6161 4615 
3 8399 8402 8694 
3 8839 8694 8402 
3 2563 4574 3218 
3 5605 6342 8195 
3 8544 5739 9118 
3 8257 7972 8552 
3 1268 3263 1266 
3 3750 5927 5938 
3 4281 4093 4395 
3 8551 8983 9405 
3 5534 9112 5509 
3 9592 1364 9454 
3 9129 8411 8558 
3 9276 8413 8990 
3 2004 3347 5946 
3 7675 8256 8118 
3 3197 2555 1907 
3 3991 4350 4250 
3 8125 1780 3073 
3 7283 7925 7948 
3 5912 3750 3731 
3 9278 8560 9555 
3 8263 9555 8560 
3 9279 8417 8564 
3 1066 3073 1780 
3 5610 4880 5601 
3 9138 7838 9135 
3 7194 7832 7524 
3 8563 8417 9279 
3 3407 8982 2740 
3 3263 1962 5871 
3 9632 9921 1850 
3 9723 1272 9725 
3 9135 8705 9134 
3 8425 7999 8570 
3 1928 8639 1934 
3 8707 8131 8850 
3 8132 7844 8430 
3 392 394 449 
3 6015 3164 1802 
3 7620 7781 6984 
3 521 611 613 
3 8274 8272 8708 
3 9002 8272 8273 
3 9794 9361 9633 
3 8572 8274 8708 
3 8275 9141 9002 
3 9421 8430 8276 
3 8426 9561 9141 
3 8573 8852 8277 
3 7283 5088 7927 
3 8001 8429 8850 
3 4712 7031 5450 
3 8436 8135 8713 
3 8855 8436 8713 
3 8713 8135 8714 
3 8136 8856 8440 
3 8531 8961 8533 
3 504 3103 3787 
3 7552 8716 8138 
3 8287 9291 8714 
3 9013 8717 8578 
3 8417 8266 8418 
3 3103 504 2454 
3 8103 8668 6076 
3 8863 8289 8582 
3 1759 1775 142 
3 9296 8290 8292 
3 4593 6062 4600 
3 7589 1781 7603 
3 8374 9093 7915 
3 9297 9436 8296 
3 7456 8059 7460 
3 5896 7536 5164 
3 3086 3084 2863 
3 8444 9157 8294 
3 9021 8300 8722 
3 4717 4493 4713 
3 8073 6724 7486 
3 9786 498 3210 
3 8073 7486 7483 
3 8723 8587 8300 
3 9864 1185 8863 
3 2234 1580 6155 
3 8587 8723 8589 
3 1658 3684 4343 
3 8464 7253 6953 
3 6057 6062 4593 
3 9026 8304 8866 
3 8591 8305 9300 
3 9164 8727 8308 
3 8308 8448 9164 
3 4163 3926 4254 
3 5896 5164 7527 
3 472 3186 3267 
3 8224 6920 9618 
3 1355 7332 7296 
3 9448 8146 8456 
3 4562 6057 4593 
3 4652 4144 4884 
3 8733 9029 8456 
3 7729 8456 8146 
3 5167 4454 2924 
3 8149 8734 8598 
3 8872 8457 9030 
3 9032 8600 8599 
3 8599 8313 9169 
3 3868 364 4132 
3 3299 320 324 
3 4561 1903 4556 
3 6827 6841 6057 
3 3186 5789 4556 
3 8463 8464 8737 
3 9313 9881 9593 
3 8467 9320 8739 
3 6041 5303 6867 
3 8137 8440 8441 
3 7920 7789 8074 
3 8247 8536 7957 
3 5149 5139 8847 
3 9458 8741 8740 
3 8741 9458 9038 
3 8019 7878 8879 
3 8606 9180 7732 
3 8873 8602 8874 
3 8608 8025 8609 
3 5149 8847 5887 
3 7435 8054 7474 
3 8161 8614 8474 
3 9227 9073 9364 
3 8156 8890 9604 
3 8745 8320 8744 
3 8744 8470 8883 
3 8744 8883 9042 
3 2682 9437 9579 
3 1286 638 1038 
3 4418 3686 5140 
3 2170 6666 5127 
3 9309 9313 9171 
3 9188 8883 8613 
3 8887 8886 8747 
3 831 2856 818 
3 8474 8614 8750 
3 8750 8749 8031 
3 8888 8750 8614 
3 8615 9990 8748 
3 6026 6041 6825 
3 8749 8477 8031 
3 8890 8028 8751 
3 8478 8891 8889 
3 8894 8621 8892 
3 8747 8754 8887 
3 853 1590 2882 
3 7584 752 3564 
3 8031 9051 8750 
3 5611 5616 4180 
3 8595 9303 8729 
3 4892 5616 6409 
3 9991 9992 8628 
3 7627 7630 5273 
3 9054 8327 8754 
3 8327 9054 8756 
3 818 2198 57 
3 2395 297 5668 
3 9345 8631 8328 
3 8631 7891 7594 
3 9055 9202 8899 
3 8328 9617 9345 
3 8100 8251 8834 
3 8760 8761 8483 
3 977 4386 4994 
3 8764 9057 8485 
3 3085 232 8125 
3 8633 8333 8176 
3 8485 8486 8764 
3 1818 5124 8837 
3 8486 8766 8764 
3 8485 8334 8486 
3 8486 9218 8766 
3 8909 8913 8911 
3 1001 4391 5640 
3 8486 8769 9218 
3 1117 1214 1169 
3 1712 9412 7040 
3 5588 7164 8517 
3 8767 8911 8913 
3 8491 8913 8638 
3 8909 8638 8913 
3 8640 8343 8774 
3 6973 9598 9206 
3 8990 9849 9276 
3 8773 9068 8776 
3 9068 8775 8776 
3 8774 8343 8779 
3 5493 1575 2882 
3 9074 8782 9070 
3 8776 9075 8773 
3 3264 9919 227 
3 8345 8642 8918 
3 8346 6196 7001 
3 9073 8782 9074 
3 9798 3287 1883 
3 8347 8350 8779 
3 8648 9075 8776 
3 3287 9794 7596 
3 8775 8648 8776 
3 5025 1232 3539 
3 8496 8783 8348 
3 9230 9500 9075 
3 8787 8348 8783 
3 397 2810 1256 
3 8497 8784 8352 
3 9486 1721 1708 
3 8495 9230 9075 
3 7386 8057 8073 
3 9576 2666 4082 
3 6710 991 6706 
3 9919 3264 1895 
3 8191 8506 8653 
3 2720 5079 2730 
3 8787 8792 8502 
3 8792 8925 8505 
3 3626 4801 1859 
3 5392 6173 3119 
3 8927 8359 8928 
3 6267 3647 3658 
3 8925 9236 8509 
3 8197 8509 8798 
3 8963 1895 3264 
3 8200 8799 8930 
3 8795 8200 8930 
3 3836 3146 4516 
3 6127 5381 6154 
3 9812 6297 9085 
3 5689 5702 7845 
3 8662 9239 8934 
3 1663 2341 4354 
3 9091 8799 8802 
3 8520 8804 8935 
3 8520 7776 8804 
3 2475 881 54 
3 8663 8934 8522 
3 8806 8936 8665 
3 8521 9093 8374 
3 157 1867 1005 
3 8244 7816 7809 
3 3431 4776 2767 
3 3602 136 3603 
3 8941 8933 8666 
3 9380 8933 8941 
3 4905 4216 5648 
3 4446 1541 9022 
3 35 9780 1697 
3 8811 8379 8942 
3 8975 8389 8831 
3 5101 376 4498 
3 9104 8675 8816 
3 8811 9098 8673 
3 9468 9470 9183 
3 8949 8671 9096 
3 8671 8949 8817 
3 810 811 851 
3 8961 9531 8962 
3 8217 8673 8675 
3 421 2516 3165 
3 7870 6402 8503 
3 8670 8527 7916 
3 6777 5981 5253 
3 8951 9668 8947 
3 8622 8628 7750 
3 8529 8528 8819 
3 8085 8957 8961 
3 9533 8386 8825 
3 8386 8682 8825 
3 9703 168 4086 
3 3665 3649 6269 
3 7953 7818 7812 
3 9113 8682 8687 
3 8190 8348 8504 
3 9111 8237 9260 
3 8534 8388 9258 
3 7954 8396 8547 
3 8110 8696 7826 
3 8539 9116 8388 
3 9759 9471 9609 
3 8966 8687 8242 
3 8966 8250 8540 
3 302 3361 6186 
3 5066 6592 7419 
3 4876 3895 3908 
3 8975 8248 8389 
3 8115 6627 2852 
3 9354 213 204 
3 6161 5371 4615 
3 8975 8976 8248 
3 8539 9117 9116 
3 414 4854 9804 
3 8857 204 213 
3 4795 6735 3434 
3 3594 6590 6588 
3 7840 7831 9741 
3 342 4459 6677 
3 9936 9236 9373 
3 8692 8694 9123 
3 6104 3299 4724 
3 8979 8839 8402 
3 1048 1091 1270 
3 8254 8697 8255 
3 8110 8548 8696 
3 8839 9123 8694 
3 5154 2321 9986 
3 2151 1348 6661 
3 8699 8979 8551 
3 3349 9952 3354 
3 4602 7428 6630 
3 4602 3637 7428 
3 8981 8698 8697 
3 8558 8120 9127 
3 3287 9798 9794 
3 8987 8554 7976 
3 8985 9127 8120 
3 2744 9018 8826 
3 3179 3180 783 
3 8794 1714 4528 
3 8986 9549 8554 
3 9347 9778 9779 
3 8558 9127 9410 
3 8398 7946 7959 
3 7282 8205 7451 
3 7307 9286 6813 
3 6573 7375 3556 
3 8423 7045 3914 
3 9204 9346 9205 
3 8261 9133 8262 
3 5667 7837 7828 
3 4136 3307 4169 
3 9414 8990 8561 
3 4601 5306 5303 
3 1623 2902 4277 
3 9279 9416 8563 
3 8705 8265 9134 
3 9639 9925 324 
3 941 866 8381 
3 5788 3269 5052 
3 8237 7935 9260 
3 8129 9283 8570 
3 7067 2820 2589 
3 8429 8430 9142 
3 8787 9079 9508 
3 8277 9421 8276 
3 9422 8277 8852 
3 8650 4021 2021 
3 8223 8220 7794 
3 2630 5597 7173 
3 5901 4458 7538 
3 7137 7465 7298 
3 991 1014 970 
3 9795 9363 9800 
3 5225 5925 5245 
3 8436 8855 8853 
3 4075 1372 4084 
3 4301 4311 6550 
3 8712 9572 8856 
3 1591 2234 3584 
3 8578 8856 9013 
3 8850 8429 9981 
3 8853 8855 9147 
3 9163 2273 1630 
3 7435 7474 6033 
3 9374 9814 9937 
3 8863 9015 8140 
3 8673 8379 8811 
3 9432 8719 8294 
3 6205 5424 6229 
3 4485 8920 7979 
3 297 3747 5668 
3 831 87 2856 
3 1606 3289 4136 
3 1172 4658 2065 
3 7329 7335 7489 
3 9134 8560 9278 
3 8305 8591 8303 
3 7759 7757 7758 
3 7348 9022 3461 
3 7344 3406 9268 
3 7552 8715 8716 
3 1940 4766 300 
3 9029 9448 8456 
3 6201 3183 2416 
3 8185 4454 5167 
3 1882 421 3165 
3 1031 3748 9986 
3 8149 8873 8734 
3 3773 3835 3892 
3 9171 8601 9032 
3 8666 7913 8065 
3 1903 4561 3894 
3 8874 8602 8735 
3 8740 9175 9458 
3 8737 8739 9173 
3 300 9927 1940 
3 9320 8878 8739 
3 3375 7796 1372 
3 4773 320 3299 
3 4128 7835 8435 
3 8607 9185 9464 
3 8609 8742 9464 
3 8742 8607 9464 
3 4791 5412 3449 
3 8612 8469 9184 
3 9490 2820 7067 
3 2886 1592 4257 
3 8607 8881 9185 
3 9328 7881 9186 
3 3496 8012 4985 
3 1774 1787 1775 
3 8743 8887 8475 
3 8886 9183 9470 
3 3628 887 896 
3 9183 8886 8887 
3 3496 4985 7326 
3 8748 8613 8615 
3 9607 9042 8883 
3 8615 8894 9990 
3 5640 3034 280 
3 3698 4996 238 
3 8624 8479 8751 
3 4906 9514 9238 
3 8756 8900 8901 
3 9611 8890 9999 
3 4607 1774 1775 
3 7561 8307 7867 
3 2712 6485 7300 
3 8898 9200 9054 
3 9903 9349 9345 
3 8760 9345 9349 
3 8628 9617 8328 
3 8482 9341 8758 
3 802 2841 1538 
3 8633 8634 9056 
3 8761 8760 9205 
3 8652 9509 9233 
3 9211 8763 9057 
3 8764 9059 9057 
3 9057 9059 9209 
3 25 2178 1511 
3 8770 9061 8906 
3 3165 2516 3162 
3 2416 3172 5416 
3 6479 4248 7963 
3 9218 8769 9064 
3 9534 2260 3692 
3 8770 9063 9069 
3 9222 9634 8769 
3 6301 8397 4063 
3 9222 8640 8774 
3 6461 294 4955 
3 9493 9215 9355 
3 8782 8647 9070 
3 1511 2178 2819 
3 5838 3642 5109 
3 9224 8918 9069 
3 9070 8775 9068 
3 9500 8773 9075 
3 9224 8919 8918 
3 7743 8917 7058 
3 1741 1697 9780 
3 7507 6751 8668 
3 9066 9362 9070 
3 2819 2163 1511 
3 8631 8330 7891 
3 6153 6141 8180 
3 8348 8787 8502 
3 9905 7462 83 
3 9235 8652 8653 
3 8789 8923 8922 
3 6784 4549 2266 
3 5103 7459 9473 
3 5903 575 5906 
3 4057 7086 5500 
3 9236 8925 9373 
3 6891 6107 6090 
3 8505 8925 8509 
3 9514 9814 8928 
3 8798 9377 9088 
3 8798 8509 9377 
3 9081 9511 9085 
3 8366 9238 8797 
3 9817 9239 9375 
3 9375 9239 8660 
3 9240 8800 8513 
3 8657 8797 8656 
3 2156 5434 2794 
3 7916 9093 8670 
3 4082 6969 9706 
3 8802 8803 8933 
3 3411 9933 3410 
3 7824 7670 7945 
3 6778 5248 5235 
3 2123 2125 3458 
3 945 8035 4353 
3 8939 8934 9520 
3 9862 2931 7150 
3 7271 1965 282 
3 4350 3991 3992 
3 8522 8934 8939 
3 9380 8941 9519 
3 4516 5765 4509 
3 9664 8525 9095 
3 4705 7796 3375 
3 9097 8944 8943 
3 9422 9005 9567 
3 8669 8947 8525 
3 3260 6278 7712 
3 9524 9097 9099 
3 4497 3099 3081 
3 3453 2125 1459 
3 9434 2657 4099 
3 8951 8947 8669 
3 8811 9525 9098 
3 9100 8819 8817 
3 3977 4210 3139 
3 6628 7452 2102 
3 5797 1704 1689 
3 8815 8821 8955 
3 9884 9885 9175 
3 136 6208 3603 
3 319 1991 2712 
3 8005 8853 8710 
3 3853 3841 6082 
3 9390 8961 8957 
3 8823 8821 8532 
3 9390 9531 8961 
3 8834 8539 8093 
3 8962 9531 698 
3 5935 6138 5661 
3 9256 8685 8681 
3 8825 8682 9113 
3 4327 3649 182 
3 8556 3425 4892 
3 1467 3451 4791 
3 8540 9679 8966 
3 8129 8707 9283 
3 23 3078 1686 
3 9652 9079 9809 
3 1686 1672 23 
3 9258 8388 9116 
3 4880 242 2647 
3 1452 1480 6746 
3 9265 8976 8975 
3 8539 8834 9117 
3 8150 7728 8310 
3 9264 9117 8835 
3 1397 2055 4076 
3 5619 7205 5608 
3 4479 4497 3071 
3 9267 8398 8692 
3 2103 3416 4111 
3 9267 8690 8398 
3 8697 8254 8696 
3 2054 2039 835 
3 8979 8699 8839 
3 4934 9174 1623 
3 9299 3000 9333 
3 9052 8479 8902 
3 7969 8635 7293 
3 5273 1493 2268 
3 4845 7731 7521 
3 8556 9915 4199 
3 4905 2673 270 
3 8067 5049 6588 
3 8700 9408 8985 
3 8698 8700 8255 
3 4111 6701 2103 
3 1769 7083 5041 
3 9399 852 846 
3 5424 6210 7701 
3 450 394 396 
3 3866 3745 4156 
3 6210 5424 4706 
3 6573 7376 7375 
3 8987 9963 8986 
3 3800 8983 9549 
3 9963 8987 8410 
3 9129 9410 9130 
3 390 3868 4132 
3 9913 186 4675 
3 6382 4877 6393 
3 4136 4169 5078 
3 9947 6481 2989 
3 4787 8876 4807 
3 2898 862 3595 
3 3975 7293 5396 
3 7266 6819 7113 
3 8998 8999 8421 
3 3390 4089 678 
3 9099 3587 9826 
3 9974 9138 9135 
3 7706 8007 7074 
3 9561 8999 8998 
3 8707 8850 9283 
3 5756 5752 3544 
3 8002 8851 8431 
3 2475 6223 4701 
3 8109 8114 8111 
3 218 6426 6454 
3 4701 6223 7689 
3 7416 7801 3744 
3 9142 8430 9421 
3 9142 9711 8429 
3 4787 9505 8876 
3 8148 3395 4084 
3 8148 8301 1403 
3 8509 9236 9377 
3 8853 9009 8710 
3 1764 3764 327 
3 9144 8573 8574 
3 5588 2620 4849 
3 1372 8148 4084 
3 8343 8640 8492 
3 8719 9432 8865 
3 438 478 507 
3 9291 8287 8716 
3 1335 395 6272 
3 9579 9436 9871 
3 9013 9294 8717 
3 8293 7380 8296 
3 3374 2054 2056 
3 8717 9157 8444 
3 4076 2055 4700 
3 8553 9246 9900 
3 8345 8188 8344 
3 9092 3372 4133 
3 9296 8292 8293 
3 8722 8584 8865 
3 5554 7836 6334 
3 8302 8591 9583 
3 146 9624 1802 
3 9874 9024 9583 
3 8724 9440 8725 
3 9583 8591 9300 
3 1096 1012 811 
3 9440 9161 8866 
3 5172 8219 3741 
3 9629 7641 6224 
3 1787 149 142 
3 4345 4348 3989 
3 9302 8449 8447 
3 6281 2596 4133 
3 9162 9300 8727 
3 9446 9027 8450 
3 4562 3039 3796 
3 8753 9618 6920 
3 2596 8435 7127 
3 8457 9028 9450 
3 8872 9030 9167 
3 9305 8872 9167 
3 9030 9450 9167 
3 8734 8733 8598 
3 3374 2039 2054 
3 8873 9170 8734 
3 9032 8599 9169 
3 7145 4844 6359 
3 8752 6142 8196 
3 8874 8735 9314 
3 8873 8874 9742 
3 8737 9034 8735 
3 8737 9173 9034 
3 4362 6592 5066 
3 2207 4235 2210 
3 8741 9038 8605 
3 8605 9038 8880 
3 9509 8652 9235 
3 7734 9181 8155 
3 9318 8738 8877 
3 9547 1440 2767 
3 9332 8614 8612 
3 1942 3796 3039 
3 9773 9341 9482 
3 6730 7474 7470 
3 6730 7470 4659 
3 2982 3205 2976 
3 8611 8614 9332 
3 665 2404 1198 
3 8883 9188 9607 
3 4675 186 4646 
3 9331 9186 8611 
3 8608 9040 9044 
3 3495 2743 9319 
3 8160 8889 9041 
3 6965 896 887 
3 9993 8608 9044 
3 9189 8890 9611 
3 7289 2021 316 
3 8305 8308 8727 
3 2207 2210 1538 
3 7741 8323 7889 
3 8893 8886 9475 
3 9051 9047 8750 
3 6997 784 3180 
3 9335 8889 8891 
3 8739 8878 9036 
3 8890 8751 9999 
3 8893 8747 8886 
3 1599 9379 3007 
3 9045 9765 8892 
3 5441 5168 4918 
3 8751 8479 9052 
3 7831 9736 9741 
3 8482 7889 9339 
3 8478 9483 8891 
3 8898 8893 9199 
3 1769 3056 9449 
3 9483 8897 8899 
3 9047 9339 7889 
3 9065 4823 1567 
3 8901 9481 9051 
3 3766 9692 9840 
3 8350 8652 8779 
3 8758 9052 8902 
3 8758 9341 9052 
3 9356 9211 9207 
3 9201 9054 9200 
3 5217 6677 4459 
3 9347 9055 8633 
3 1018 967 890 
3 9349 9205 8760 
3 9336 8891 9477 
3 9348 9056 8634 
3 8761 9346 8484 
3 9209 9208 9057 
3 9208 9211 9057 
3 6177 6184 4663 
3 9894 9613 1576 
3 2712 7300 4955 
3 4083 6292 6304 
3 8766 9059 8764 
3 4165 5525 8434 
3 1457 9167 9450 
3 7592 6153 8180 
3 8906 9060 8770 
3 5880 6583 6582 
3 5494 2869 5502 
3 9063 8770 9219 
3 3197 3889 3887 
3 6160 3885 2348 
3 9592 9594 7152 
3 1764 9431 3757 
3 5353 6118 5342 
3 4128 6334 7835 
3 9210 9631 9791 
3 9067 9066 9068 
3 2161 2165 3504 
3 5500 4786 4785 
3 9364 9225 9498 
3 4655 575 5903 
3 4227 1964 5656 
3 8888 8614 8611 
3 1821 9624 9487 
3 2011 4001 6307 
3 970 3823 5243 
3 8496 8919 8783 
3 2682 9579 5504 
3 6018 6016 6124 
3 8652 9231 8779 
3 9227 9367 9080 
3 4801 6314 1859 
3 8362 8059 7768 
3 9232 9648 9231 
3 8136 8712 8856 
3 9081 9080 9511 
3 1910 7438 3099 
3 4655 571 2858 
3 8801 4844 196 
3 3073 3085 8125 
3 4509 2494 3836 
3 8928 9814 8927 
3 8795 8930 9086 
3 8144 6710 6706 
3 8448 8015 8451 
3 6582 5214 4406 
3 8513 8059 8362 
3 8513 8798 9240 
3 95 6607 9444 
3 2744 5377 676 
3 9139 4755 2740 
3 9520 8934 9239 
3 2989 4368 3684 
3 5472 2045 378 
3 2612 5089 3278 
3 7838 9138 8421 
3 8523 8939 8942 
3 5733 6222 5639 
3 1541 9750 9762 
3 8944 9521 8943 
3 3482 1483 3467 
3 5370 9914 3279 
3 5470 5298 5650 
3 3410 9652 9809 
3 5812 4118 2102 
3 7452 5812 2102 
3 3921 1433 1375 
3 9099 8380 8815 
3 5880 6609 6599 
3 1963 4623 3279 
3 6628 2854 4387 
3 8691 8396 8395 
3 8954 9828 8951 
3 8955 9099 8815 
3 5541 4818 5559 
3 9185 4396 1530 
3 8007 7856 8135 
3 9680 9386 8822 
3 8822 8534 9680 
3 9108 8529 9388 
3 9707 3626 1859 
3 7284 4390 9330 
3 9519 8525 9664 
3 8098 9890 2948 
3 3127 718 747 
3 4876 3908 5605 
3 2673 6437 5619 
3 3133 6378 3139 
3 8536 8828 8823 
3 8823 8532 8536 
3 8720 7496 7507 
3 7779 7775 7778 
3 303 4356 8991 
3 2466 1104 7129 
3 8250 8966 8242 
3 8961 8962 8533 
3 3838 7630 5301 
3 3628 896 3639 
3 5463 7059 5445 
3 2428 2582 2728 
3 887 3628 4299 
3 8835 9117 8834 
3 9740 4231 5606 
3 4390 1476 9330 
3 7008 6272 3021 
3 8480 8144 2447 
3 485 9772 5504 
3 8690 9267 9119 
3 8547 8691 9120 
3 7753 7058 8917 
3 862 5892 1591 
3 9938 2068 509 
3 3244 1253 9851 
3 1259 3244 9851 
3 3937 4104 4011 
3 9121 9840 8977 
3 8879 7878 9180 
3 2422 2428 2728 
3 8548 8977 8980 
3 8882 752 748 
3 4218 7341 6533 
3 3231 4174 2581 
3 5601 5611 5610 
3 4441 2946 9609 
3 8271 5546 7687 
3 8554 9549 8983 
3 9413 1014 5254 
3 5036 8067 6573 
3 7103 4459 342 
3 2387 9405 8983 
3 9469 9753 1501 
3 8690 8252 8398 
3 4945 9817 9939 
3 1014 9555 9133 
3 3050 6862 5288 
3 6244 4701 7689 
3 8990 9414 9702 
3 8711 5756 3556 
3 9281 9975 8566 
3 3981 1465 3977 
3 8253 399 3152 
3 8271 6202 5546 
3 2678 3203 2977 
3 6819 7880 7113 
3 4446 5786 1541 
3 6582 4410 5880 
3 3218 3912 9801 
3 7753 7073 7058 
3 9282 9281 8569 
3 9133 9130 1014 
3 8425 8570 9562 
3 9709 9283 8850 
3 3461 5846 7348 
3 9711 9981 8429 
3 2085 2729 1403 
3 8152 7875 7730 
3 9040 1476 1470 
3 8272 9002 8708 
3 8852 9005 9422 
3 6751 7507 7496 
3 8708 9002 9565 
3 8573 9144 9005 
3 3783 3809 6026 
3 9287 8431 8851 
3 1034 830 833 
3 8711 3556 7375 
3 9009 8853 9147 
3 8712 8433 9571 
3 8107 7453 7439 
3 9291 9426 8714 
3 2509 6237 2483 
3 9957 9840 9121 
3 9423 2414 3053 
3 7344 7353 5150 
3 3461 35 5846 
3 9146 9720 8433 
3 8359 8656 8928 
3 8716 9290 9291 
3 9293 8716 8715 
3 1871 1042 4121 
3 1185 9015 8863 
3 6201 5416 7001 
3 8717 9429 9157 
3 8290 9156 8582 
3 9759 6815 9749 
3 9296 9156 8290 
3 9437 9296 8293 
3 7767 8197 7768 
3 9432 9434 8865 
3 9157 9733 9432 
3 8293 9436 9437 
3 9435 8865 9434 
3 5901 7512 4458 
3 3254 7569 7554 
3 7053 7199 6892 
3 373 5105 5737 
3 3883 1882 4545 
3 7797 8529 8230 
3 8729 8448 8451 
3 9164 8729 9303 
3 9445 9164 9303 
3 9744 762 8428 
3 3423 469 9933 
3 9190 1470 9890 
3 7421 8478 8889 
3 7301 4191 1761 
3 6752 6076 8668 
3 8873 9742 9170 
3 9030 8457 9450 
3 2394 1031 9767 
3 9029 8733 9590 
3 3375 4075 4054 
3 9590 8733 8734 
3 9465 9750 1442 
3 8371 8520 8514 
3 4709 3213 3967 
3 5680 4896 5316 
3 4465 9764 3008 
3 2537 3171 451 
3 8493 1457 2765 
3 9593 8877 9172 
3 9172 9313 9593 
3 9452 9032 9169 
3 8431 8281 8003 
3 8467 8739 7874 
3 9448 8595 8454 
3 639 4705 3343 
3 8372 7616 8204 
3 9175 8738 9318 
3 7740 7110 7735 
3 3520 1206 358 
3 451 1880 2537 
3 9990 8894 9049 
3 8638 8909 8637 
3 8881 9327 9602 
3 3550 6131 4878 
3 9183 8887 8743 
3 4905 6437 2673 
3 3871 5782 3862 
3 9190 9188 8748 
3 8744 9042 8745 
3 8748 9990 9190 
3 9180 8606 9325 
3 9190 9990 9614 
3 9990 9046 9614 
3 9479 8894 8892 
3 1513 1519 13 
3 9481 9339 9047 
3 1421 9600 9599 
3 9477 8891 9483 
3 9047 9051 9481 
3 8323 9047 7889 
3 8893 8898 8747 
3 6465 7696 6392 
3 9341 9339 9482 
3 9476 9999 8751 
3 7923 8077 8071 
3 4377 3325 5305 
3 9216 9355 9215 
3 9207 9208 9352 
3 9485 9201 9200 
3 8325 1164 2048 
3 9175 8740 8738 
3 4315 4242 4183 
3 5507 6309 4091 
3 9199 9342 9200 
3 9056 9347 8633 
3 9905 9783 9349 
3 9207 9211 9208 
3 9211 8905 8763 
3 9200 8898 9199 
3 9493 9217 8906 
3 9631 9210 8766 
3 9269 4227 5656 
3 9061 9493 8906 
3 8911 9216 9215 
3 9061 8909 9215 
3 9218 9360 9631 
3 4786 5500 5507 
3 9042 9043 8745 
3 7930 8089 8091 
3 575 4655 1996 
3 9493 9061 9215 
3 9064 9360 9218 
3 8691 8976 9266 
3 3325 8632 4673 
3 9221 9063 9219 
3 9067 9068 9363 
3 9069 9063 9221 
3 8404 9869 2682 
3 5342 4626 5353 
3 8770 9060 9219 
3 9634 9222 9638 
3 9223 9224 9069 
3 9070 9225 9074 
3 9225 9496 9498 
3 9643 9927 9800 
3 2616 1901 6359 
3 9068 8773 9643 
3 9074 9225 9073 
3 6630 7428 8054 
3 2220 7115 6431 
3 7470 8054 7428 
3 9501 8779 9231 
3 1484 4813 6741 
3 8741 8605 7256 
3 5677 588 5771 
3 9232 9233 9648 
3 9227 9366 9367 
3 9368 8783 8919 
3 3196 2623 898 
3 9233 9232 9231 
3 8652 9233 9231 
3 1537 3038 3838 
3 8784 8782 9080 
3 9082 8923 8789 
3 9508 8792 8787 
3 9080 9367 9511 
3 7796 7984 1372 
3 9149 8856 9572 
3 8935 2100 9659 
3 4498 376 3138 
3 8927 9814 9374 
3 8048 8655 9082 
3 3670 2794 740 
3 9514 8928 8797 
3 3138 1375 2494 
3 6098 6096 4724 
3 9723 9725 9571 
3 5253 4539 5263 
3 5504 9871 4138 
3 8366 9815 9238 
3 1380 1408 2282 
3 5033 3565 3559 
3 4964 6954 9669 
3 3861 4600 6090 
3 2156 2794 3670 
3 6606 8054 7435 
3 9871 9439 4138 
3 9382 9096 9523 
3 6606 6630 8054 
3 6090 4600 6062 
3 2636 7510 706 
3 9073 9227 8782 
3 9524 8944 9097 
3 1110 2466 3815 
3 9095 8525 8947 
3 9827 8947 9668 
3 5301 3841 3838 
3 8971 6120 9654 
3 9449 6412 1769 
3 1619 4286 2271 
3 8977 8548 8693 
3 8955 9385 3587 
3 2612 9893 5089 
3 3587 9099 8955 
3 204 1821 9912 
3 5106 702 9254 
3 9893 2624 1364 
3 8819 9387 9388 
3 9823 9665 9520 
3 8819 9388 8529 
3 5052 9176 5788 
3 8823 9389 8821 
3 8823 9532 9389 
3 3467 5435 3482 
3 8821 9389 8955 
3 8955 9389 9385 
3 9661 6365 2100 
3 4121 4818 1871 
3 4724 1883 3287 
3 9108 9391 9256 
3 8534 9258 9254 
3 8966 9679 9534 
3 8685 9256 9395 
3 9682 9111 9260 
3 9453 7130 9313 
3 3292 108 4067 
3 9394 9835 9395 
3 8969 8247 8970 
3 956 3304 7098 
3 9265 9838 9689 
3 4357 5609 6989 
3 6433 7198 5739 
3 6634 6733 6836 
3 9838 9395 782 
3 5938 5955 5209 
3 9545 8547 9120 
3 9839 9545 9120 
3 9119 9267 9399 
3 1660 1654 9262 
3 9453 9878 2793 
3 3686 3701 7512 
3 8563 8994 8562 
3 9465 1442 8650 
3 4119 4651 4107 
3 9405 9124 8699 
3 7302 1171 4251 
3 9442 9735 547 
3 8983 3800 2387 
3 9550 9549 8986 
3 6587 5922 7386 
3 9963 8410 8845 
3 6587 7386 5916 
3 9556 9557 9134 
3 9288 9287 9713 
3 7475 2133 2131 
3 4562 5266 6827 
3 9970 8994 9416 
3 9767 2392 2394 
3 2063 4761 3415 
3 9279 8564 9280 
3 8423 3914 3902 
3 9739 9877 9738 
3 2142 2308 2313 
3 4076 3390 1397 
3 1051 9449 3056 
3 4009 2835 9746 
3 1072 4160 1901 
3 9282 8569 8425 
3 8425 9562 9282 
3 9562 8570 9283 
3 3218 493 2563 
3 9565 9140 8708 
3 5109 5933 5103 
3 8421 8999 8422 
3 5473 7621 3801 
3 8572 8708 9140 
3 9002 9418 9565 
3 7171 7221 8974 
3 9141 9418 9002 
3 5248 6784 2266 
3 8852 8573 9005 
3 2311 1755 3757 
3 9289 9143 9009 
3 2632 9575 1186 
3 9956 5933 5109 
3 9009 9147 9289 
3 2210 4639 1538 
3 6277 5701 5704 
3 9158 7196 5012 
3 7627 2268 4537 
3 8855 8713 9573 
3 9425 8855 9573 
3 8712 9571 9572 
3 9631 9360 9922 
3 8713 8714 9426 
3 3684 1658 2989 
3 8716 9293 9290 
3 2869 93 2879 
3 102 1580 2234 
3 9732 9157 9429 
3 9850 9844 524 
3 6752 8668 6751 
3 9576 9864 8863 
3 8865 9435 8722 
3 5214 5925 5225 
3 7870 7198 6433 
3 7870 6433 6424 
3 9442 9026 9161 
3 4422 9986 3748 
3 5829 5926 5295 
3 4864 457 9106 
3 9442 9582 9735 
3 280 3034 281 
3 5819 8148 1372 
3 3704 4454 6542 
3 8294 9157 9432 
3 9028 9027 9304 
3 9738 9448 9029 
3 8013 1022 1734 
3 7795 7924 7792 
3 8734 9170 9590 
3 9309 9032 9452 
3 3920 5843 3927 
3 5235 5248 4511 
3 9032 9309 9171 
3 9819 9941 9818 
3 7302 7991 1171 
3 9036 9173 8739 
3 9412 1020 7040 
3 9446 9585 1304 
3 9036 9315 9173 
3 4844 7145 6323 
3 9597 9599 9038 
3 9593 9318 8877 
3 9173 9315 9034 
3 9541 6524 5727 
3 9859 2567 9714 
3 9597 9038 9458 
3 8879 9177 9037 
3 1282 4118 6611 
3 4889 1361 4993 
3 9177 9320 9037 
3 8880 9181 7734 
3 9116 9117 9263 
3 8606 8155 9462 
3 8609 9464 9330 
3 9183 9328 9468 
3 9328 9183 8743 
3 8612 9184 9329 
3 8609 9040 8608 
3 5209 5235 4511 
3 9330 9040 8609 
3 4165 5551 547 
3 9469 9186 9331 
3 8611 9332 9331 
3 9327 8023 9465 
3 9607 9188 9890 
3 9041 8889 9335 
3 9466 9041 9335 
3 9045 9043 9192 
3 4499 2246 5957 
3 8746 2066 2816 
3 9336 9335 8891 
3 6314 5537 5554 
3 9765 9045 9192 
3 6177 4663 5371 
3 6281 4133 1889 
3 8893 9193 9196 
3 3523 808 1527 
3 9196 9199 8893 
3 9611 9999 9476 
3 5063 1389 541 
3 8900 9201 9481 
3 4801 3319 3321 
3 8900 9481 8901 
3 5381 6127 5353 
3 9485 9481 9201 
3 8686 8021 7346 
3 9617 9903 9345 
3 9783 9204 9349 
3 9204 9348 9346 
3 3982 790 2175 
3 9416 8994 8563 
3 8450 9027 8016 
3 7831 7840 6389 
3 9209 9353 9350 
3 9350 9208 9209 
3 1256 6576 2816 
3 9354 9353 9210 
3 1256 3565 6576 
3 7930 8230 8089 
3 2987 4513 4489 
3 9356 9355 9216 
3 447 482 530 
3 9211 9356 9216 
3 9210 9059 8766 
3 9217 9060 8906 
3 1352 4700 1355 
3 6378 8460 6381 
3 8766 9218 9631 
3 4191 8619 6510 
3 9633 9361 9067 
3 9926 9221 9923 
3 9066 9361 9362 
3 9496 9799 9498 
3 9070 9362 9225 
3 2829 2677 2532 
3 598 2261 7608 
3 9362 9496 9225 
3 9068 9643 9363 
3 5371 5357 4615 
3 9364 9073 9225 
3 7984 5828 4465 
3 399 3939 8270 
3 3688 939 3665 
3 8773 9500 9643 
3 9641 8774 9501 
3 9645 9227 9364 
3 6979 8404 3345 
3 9729 1176 1550 
3 3416 1432 3424 
3 4325 1651 4341 
3 9015 9293 8715 
3 1422 4755 9139 
3 9500 9230 9806 
3 8982 9139 2740 
3 4074 2551 5516 
3 6720 5912 562 
3 9367 9810 9511 
3 9372 8923 9082 
3 5179 7538 4458 
3 8562 8994 8704 
3 8298 2348 3860 
3 8925 8792 9508 
3 5167 2924 4466 
3 9374 9235 8927 
3 9372 8655 9086 
3 9372 9082 8655 
3 9655 9086 8930 
3 2226 5198 1416 
3 6090 4615 3861 
3 5504 9579 9871 
3 4539 3783 5263 
3 9240 8798 9088 
3 4845 7739 7731 
3 280 3672 1001 
3 7915 8066 8374 
3 9244 8521 8800 
3 9276 7199 8413 
3 577 8521 9244 
3 1639 903 4938 
3 1553 5788 5048 
3 9095 8947 9827 
3 2794 3454 724 
3 4469 9955 9896 
3 9100 8949 9946 
3 8572 8851 8002 
3 9525 8816 9098 
3 9668 8951 9828 
3 9100 9672 9387 
3 6363 6349 6372 
3 9525 9665 6405 
3 9676 9390 8957 
3 9104 9676 8957 
3 9108 9388 9678 
3 8822 9386 8954 
3 4277 4934 1623 
3 7496 8720 7543 
3 9254 9392 3695 
3 9263 3718 9687 
3 9529 9678 9388 
3 9534 9113 8966 
3 9116 9392 9258 
3 9316 5710 8651 
3 9545 8693 8547 
3 9266 9265 9689 
3 4275 8012 3496 
3 9542 9117 9264 
3 9690 9399 846 
3 9265 8975 9838 
3 5232 4537 3769 
3 9119 9397 9264 
3 8976 9265 9266 
3 4567 6630 6609 
3 4897 8033 1361 
3 9266 9120 8691 
3 8998 8421 9138 
3 9264 8835 9119 
3 5814 1310 1309 
3 2139 5124 8836 
3 3746 9839 5163 
3 9267 9123 9546 
3 847 627 477 
3 8402 8403 8979 
3 8980 9840 9692 
3 9270 8981 8980 
3 9546 9402 9693 
3 9546 852 9399 
3 5760 9182 9176 
3 3289 2263 3307 
3 9124 8839 8699 
3 9174 4934 903 
3 9054 8900 8756 
3 4991 5251 4802 
3 5251 4901 4802 
3 5264 3017 7631 
3 1191 9732 9429 
3 9429 9575 1191 
3 113 9106 9655 
3 5173 5165 4450 
3 5275 1810 2458 
3 9553 9410 9127 
3 2826 2016 4637 
3 9276 9411 8260 
3 9849 8990 9702 
3 5103 1310 7459 
3 9556 9278 9413 
3 9555 9413 9278 
3 1164 3862 1153 
3 4118 5812 6611 
3 9971 9135 9557 
3 9280 9416 9279 
3 5827 4387 5104 
3 8988 9129 9130 
3 9974 8998 9138 
3 6424 6433 5726 
3 9283 9854 9708 
3 112 4257 1592 
3 8048 9082 8046 
3 9561 9418 9141 
3 9981 9709 8850 
3 9712 9287 8572 
3 9566 9421 9422 
3 1422 9076 2103 
3 9424 9716 9144 
3 9716 9005 9144 
3 8565 9975 2480 
3 4047 3997 972 
3 5874 9478 28 
3 8321 8611 7882 
3 5509 9112 3575 
3 9143 9289 9424 
3 2273 3596 3606 
3 5656 1964 4224 
3 9573 9426 9726 
3 9097 8378 8213 
3 8713 9426 9573 
3 9293 9726 9290 
3 9726 9291 9290 
3 9426 9291 9726 
3 282 4227 7271 
3 2830 9594 9883 
3 6628 2102 2854 
3 5078 4169 3338 
3 8663 8662 8934 
3 9575 9429 9294 
3 1267 339 3830 
3 9149 9294 9013 
3 5991 4065 7378 
3 9576 9156 9577 
3 8582 9576 8863 
3 8582 9156 9576 
3 4967 7683 6271 
3 5191 5245 2018 
3 9871 9436 9297 
3 9579 9437 9436 
3 2394 7054 5029 
3 19 9021 9435 
3 3212 5724 3193 
3 835 2039 3347 
3 87 1575 2866 
3 9025 8723 9438 
3 9440 9582 9161 
3 2714 9300 9162 
3 7595 903 1639 
3 9026 9442 8447 
3 9584 8447 9442 
3 9440 4148 9582 
3 1296 9445 9303 
3 647 9672 9946 
3 9304 9027 1304 
3 9296 9437 9869 
3 5253 5230 4522 
3 8845 8260 9411 
3 4181 5807 4200 
3 9167 4231 9305 
3 4010 1167 4034 
3 3523 3538 60 
3 3314 2540 4083 
3 9874 9439 9024 
3 5150 7353 2615 
3 9313 9309 9453 
3 9393 3123 2487 
3 4755 4100 2740 
3 5933 9286 5851 
3 6150 6046 5669 
3 9594 9315 8878 
3 816 4226 2844 
3 9036 8878 9315 
3 9651 9646 361 
3 9452 9878 9309 
3 9318 9884 9175 
3 9308 3709 8910 
3 5957 2246 7608 
3 8898 8754 8747 
3 9386 9828 8954 
3 9177 9321 9320 
3 8879 9325 9177 
3 3588 5065 3594 
3 9038 9599 9181 
3 9461 9462 9181 
3 9462 8155 9181 
3 9463 9325 8606 
3 8023 9466 9465 
3 989 946 998 
3 9468 9328 9469 
3 4751 6920 2951 
3 9329 9184 9889 
3 2068 3478 509 
3 9464 9185 1530 
3 3709 9308 8013 
3 8612 9329 9332 
3 2184 57 3534 
3 9188 9190 9890 
3 9321 9177 9746 
3 8115 2852 5766 
3 8637 8490 8638 
3 8076 7794 8220 
3 4581 1750 9784 
3 9478 8751 9052 
3 4841 802 4087 
3 9955 9479 9765 
3 9476 8751 9478 
3 5689 7837 3980 
3 9482 9339 9481 
3 2178 1529 2839 
3 802 44 4087 
3 5807 2559 4200 
3 9379 9196 9193 
3 4012 5463 5445 
3 3709 8013 1734 
3 9341 28 9052 
3 5036 5049 8067 
3 4109 8407 7009 
3 9341 9773 28 
3 5398 5844 4973 
3 9200 9486 9485 
3 9319 3492 9316 
3 9735 4165 547 
3 9781 9056 9348 
3 9623 9352 9350 
3 9487 9623 9350 
3 8037 8039 8492 
3 9487 9350 9353 
3 4881 9866 5094 
3 9778 9347 9056 
3 9491 9788 9355 
3 2161 3670 2165 
3 4594 5268 5895 
3 2831 777 767 
3 9493 9355 9492 
3 9446 1304 9027 
3 9493 9492 9630 
3 9494 9060 9217 
3 9219 9060 9494 
3 6705 7248 6804 
3 9633 9067 9363 
3 9015 1185 9293 
3 9281 8566 8569 
3 3433 9936 469 
3 9361 9066 9067 
3 6481 9830 9950 
3 5807 4181 7948 
3 6990 6245 6980 
3 2551 4105 7500 
3 6550 4311 3544 
3 9642 9364 9640 
3 1014 1008 970 
3 9368 9224 9223 
3 9806 9804 9644 
3 1901 4160 5584 
3 1663 218 2341 
3 4813 3143 2163 
3 9806 9644 9500 
3 8923 9506 9806 
3 9810 9367 9366 
3 9661 9663 9212 
3 5741 4301 6550 
3 9811 9233 9509 
3 9021 8722 9435 
3 238 4368 2989 
3 9509 9235 9935 
3 6379 2631 5588 
3 9372 9086 457 
3 3520 4301 5741 
3 9508 9652 9933 
3 8021 3528 7346 
3 7489 7335 7492 
3 9657 9377 9936 
3 8710 9009 9143 
3 9657 9088 9377 
3 9655 8930 9658 
3 5546 7695 7687 
3 201 3649 939 
3 9016 6594 4305 
3 457 9086 9655 
3 7739 7788 7731 
3 9091 8802 9816 
3 9816 8802 9819 
3 9782 9478 5845 
3 1646 4353 8035 
3 6688 5166 3691 
3 8742 8609 7408 
3 4984 5613 4386 
3 8936 8806 9661 
3 7771 4758 4749 
3 4292 3510 3513 
3 9520 9817 2101 
3 9523 9093 577 
3 678 4089 2094 
3 8620 2697 5330 
3 9100 8817 8949 
3 8826 9547 2744 
3 6095 4621 5342 
3 8811 8942 9665 
3 8012 4275 3510 
3 740 2794 724 
3 9096 9382 9946 
3 5528 3321 4091 
3 6095 5306 4601 
3 9161 9026 8866 
3 9665 9525 8811 
3 9525 9104 8816 
3 9828 9386 9528 
3 9676 9104 9525 
3 9488 9544 2412 
3 8524 6447 7854 
3 9599 9597 4064 
3 980 963 8845 
3 9531 9390 9676 
3 9181 8880 9038 
3 4139 9438 19 
3 8809 6992 1505 
3 9331 9753 9469 
3 4458 7512 3701 
3 767 5405 3482 
3 2743 3492 9319 
3 8828 9681 9532 
3 9258 9392 9254 
3 3692 9113 9534 
3 6069 3670 7569 
3 9394 8027 9835 
3 8237 9111 8970 
3 9532 8823 8828 
3 9392 9116 9687 
3 9395 9835 782 
3 4801 3321 5528 
3 6806 9978 9282 
3 9542 9263 9117 
3 9690 9397 9119 
3 4080 8544 5034 
3 9865 1156 919 
3 9057 8763 8485 
3 2727 2774 3455 
3 2361 9402 9124 
3 9840 8980 8977 
3 9402 9123 8839 
3 9547 3426 2744 
3 1991 9301 6487 
3 8298 6961 2348 
3 9402 8839 9124 
3 4959 4325 4341 
3 6713 504 9513 
3 1339 1341 1241 
3 9810 9812 9511 
3 9404 9695 9697 
3 3920 3927 524 
3 8566 9975 8565 
3 3704 6542 545 
3 2431 1723 1727 
3 4785 4786 3319 
3 4248 6479 4251 
3 3321 4786 4091 
3 9697 8700 9404 
3 9408 9697 9845 
3 9127 9845 9553 
3 4876 5605 8195 
3 2103 6701 1422 
3 9963 8845 963 
3 9146 9718 9720 
3 7791 8217 7637 
3 2902 2898 3604 
3 4269 3604 2898 
3 9981 3939 9709 
3 9854 9709 5346 
3 8770 9069 8641 
3 9416 1030 9970 
3 9135 9971 9972 
3 9550 3800 9549 
3 3596 9112 5534 
3 9726 9568 9570 
3 6412 1768 1769 
3 8998 9974 1065 
3 7770 7073 7753 
3 8918 8642 9069 
3 5740 9158 5012 
3 8186 8182 8490 
3 4233 6458 7279 
3 8783 9368 9079 
3 2263 2467 3307 
3 9287 9712 9713 
3 8448 8729 9164 
3 1224 2990 3021 
3 9712 8572 9140 
3 494 7942 2697 
3 493 3218 9801 
3 8337 9153 8349 
3 9567 9005 9716 
3 3193 1472 5177 
3 9288 9713 9146 
3 9144 9143 9424 
3 5665 5135 5222 
3 676 3394 1399 
3 9568 9716 9424 
3 9757 4369 37 
3 9569 9147 9425 
3 9424 9569 9568 
3 9289 9569 9424 
3 9569 9289 9147 
3 4394 6321 988 
3 9723 9571 9720 
3 2882 5634 853 
3 9570 9569 9425 
3 1616 5062 5078 
3 9570 9573 9726 
3 9570 9425 9573 
3 9737 4440 9761 
3 9727 1167 9860 
3 9572 9571 9725 
3 2809 9856 5036 
3 9085 9375 8510 
3 947 2989 1658 
3 8736 8301 5845 
3 9957 9839 3746 
3 3267 4556 1903 
3 5895 6595 6583 
3 9817 9375 9939 
3 1185 9729 9293 
3 8770 8637 9061 
3 8753 4751 271 
3 8617 6458 6461 
3 9577 9156 9296 
3 1550 1167 9727 
3 2260 9369 6543 
3 19 9438 9021 
3 3550 1567 60 
3 4148 9440 9025 
3 8819 9100 9387 
3 7743 7058 7038 
3 6417 7196 8519 
3 3416 2103 9076 
3 3416 9076 2254 
3 9582 9442 9161 
3 9164 9445 9443 
3 9302 8447 9584 
3 9162 8727 9443 
3 3871 3862 1164 
3 6763 1065 9974 
3 9445 4197 9443 
3 1253 7055 9851 
3 4700 2055 1355 
3 8006 8135 8436 
3 9304 9587 9028 
3 9590 9739 9738 
3 9740 9305 4231 
3 60 808 3523 
3 1323 9590 9170 
3 3550 60 3538 
3 9591 8874 9314 
3 8874 9591 9742 
3 25 8958 1529 
3 9108 8681 8529 
3 9454 9314 9315 
3 9314 9034 9315 
3 8911 9215 8909 
3 4607 1775 1759 
3 9882 9318 9593 
3 9883 9594 8878 
3 6763 373 1065 
3 182 1630 4941 
3 3174 3331 3330 
3 8970 8830 8237 
3 9597 9885 4064 
3 1114 4892 3425 
3 8778 8780 6739 
3 9600 9181 9599 
3 9600 9461 9181 
3 9887 9325 9463 
3 9884 9882 5652 
3 9327 9465 9602 
3 9754 9759 9749 
3 9329 9601 9331 
3 9674 685 698 
3 9758 9604 9189 
3 8912 7737 6980 
3 9604 9889 9184 
3 3594 2828 3588 
3 7008 6980 7737 
3 9042 9607 9043 
3 9155 678 2094 
3 4303 2280 888 
3 8681 9108 9256 
3 9557 3859 9971 
3 9089 6402 7840 
3 9471 8701 9764 
3 9072 5550 3411 
3 9044 9190 9614 
3 9740 9169 9305 
3 9476 9478 9613 
3 9955 1614 9479 
3 9049 1614 9046 
3 4534 3081 3099 
3 9765 9896 9955 
3 5055 2066 8746 
3 9770 9617 9992 
3 9379 9768 9196 
3 9609 9471 9764 
3 4684 4377 5305 
3 9482 9775 9773 
3 9350 9352 9208 
3 6161 6177 5371 
3 9342 9619 9200 
3 2048 1164 1153 
3 2809 5036 6573 
3 9200 9619 9486 
3 3322 3327 6355 
3 9778 9056 9784 
3 9781 9348 9621 
3 9909 9352 9623 
3 3461 9202 9780 
3 6202 6193 3828 
3 8217 8215 8673 
3 9354 9912 9353 
3 3326 3256 2956 
3 2151 7490 3663 
3 2292 2211 2436 
3 6010 6477 6570 
3 5173 5225 5191 
3 2613 2762 2842 
3 5033 5025 5757 
3 218 6454 2341 
3 1623 9174 129 
3 9354 9210 9791 
3 6389 6381 7831 
3 3152 399 2511 
3 6360 4909 7793 
3 9355 9788 9492 
3 5245 5959 2018 
3 3021 6272 5530 
3 9799 9925 9498 
3 772 8958 25 
3 9362 9361 9796 
3 9361 9794 9796 
3 9798 9799 9796 
3 9498 9925 9640 
3 6548 8971 9654 
3 5381 4654 3931 
3 9796 9799 9362 
3 9363 9795 9633 
3 2045 5756 3544 
3 3180 6196 6997 
3 6972 5402 3147 
3 9639 9642 9640 
3 9364 9642 9645 
3 9500 9644 9643 
3 1433 389 2494 
3 9646 9645 9642 
3 9498 9640 9364 
3 6583 6617 4594 
3 8636 6307 7220 
3 571 1289 4289 
3 4844 2616 6359 
3 4813 1484 3143 
3 3370 3372 5576 
3 9648 9807 9501 
3 7207 6473 3889 
3 9651 9810 9366 
3 9079 9368 9809 
3 9224 9368 8919 
3 7283 3349 5088 
3 3658 1663 4354 
3 9652 3410 9933 
3 9651 4863 9810 
3 9373 9933 469 
3 6409 8556 4892 
3 9508 9933 9373 
3 8943 9521 8806 
3 3496 7326 7321 
3 9935 9235 9374 
3 5922 6587 6595 
3 414 457 4864 
3 9514 8797 9238 
3 3449 1485 1467 
3 6991 5416 3172 
3 9658 8930 9091 
3 2082 9240 9088 
3 2082 8800 9240 
3 9244 8800 2082 
3 4844 6323 196 
3 3533 711 1581 
3 9099 9097 8380 
3 2100 8935 8936 
3 1413 1416 4458 
3 1355 7911 7332 
3 1352 6355 3327 
3 8407 4148 4139 
3 3371 8974 7221 
3 3783 8375 1487 
3 8565 8420 8267 
3 5353 4644 4654 
3 1031 9986 2321 
3 8671 8670 9096 
3 9293 9730 9726 
3 702 9528 9386 
3 3430 3455 2774 
3 9529 9387 9672 
3 3467 1483 2727 
3 9541 3500 3495 
3 9389 9830 9385 
3 9386 9680 702 
3 7564 8207 8212 
3 4231 9167 1457 
3 9388 9387 9529 
3 9531 9676 9674 
3 9256 9394 9395 
3 9830 9532 9950 
3 1721 9076 1708 
3 3304 2551 4074 
3 9043 9045 8745 
3 4091 6309 5528 
3 9260 9533 9682 
3 8825 9113 3692 
3 4582 4809 5090 
3 6399 3719 562 
3 7669 7671 6193 
3 887 4299 4286 
3 618 828 829 
3 760 8969 8970 
3 8970 9111 760 
3 3304 4074 7098 
3 9687 9116 9263 
3 9867 1263 9868 
3 2981 2677 2829 
3 9209 9059 9210 
3 2663 2695 1440 
3 6293 4906 119 
3 970 2418 2400 
3 9264 9397 9542 
3 8959 6060 5311 
3 9266 5163 9120 
3 5987 6089 5431 
3 9839 9957 9545 
3 9957 9121 9545 
3 5895 5268 6595 
3 5710 4260 321 
3 7729 8312 8598 
3 6920 8224 4787 
3 5163 9839 9120 
3 6033 4690 6020 
3 1181 421 1882 
3 8981 9270 9404 
3 908 2361 9124 
3 3927 9867 9850 
3 9693 9402 2361 
3 6617 6599 6606 
3 2893 113 134 
3 619 1606 3286 
3 4174 1253 2581 
3 9845 9127 9408 
3 4939 5667 7828 
3 9553 2418 9410 
3 9410 2418 9130 
3 6701 4755 1422 
3 3114 5357 5371 
3 136 3602 119 
3 9411 9276 9849 
3 8704 8994 9970 
3 9280 8565 2480 
3 5550 102 5822 
3 6064 6076 6752 
3 9135 9972 9973 
3 3179 3183 6201 
3 9562 9708 6806 
3 6696 6673 9963 
3 5816 498 8423 
3 4469 9896 2999 
3 9858 9712 9984 
3 6458 4233 1966 
3 3267 1903 4109 
3 9146 9713 9988 
3 9716 9568 9860 
3 5052 5760 9176 
3 354 4475 3794 
3 4709 89 911 
3 8458 2085 1403 
3 8779 9501 8774 
3 9568 9569 9570 
3 9568 9726 9727 
3 5816 8423 3902 
3 837 5494 4226 
3 9860 9568 9727 
3 9726 9730 9727 
3 1426 9294 9149 
3 8730 7348 5846 
3 9729 9730 9293 
3 2573 1880 451 
3 2476 4492 3120 
3 4061 2063 1381 
3 844 90 4243 
3 9395 9838 8831 
3 9577 2666 9576 
3 9434 9432 9733 
3 1369 5127 3691 
3 6437 4905 6439 
3 8862 3264 3250 
3 9024 9439 9871 
3 9583 9300 2714 
3 9874 9583 2714 
3 8783 9079 8787 
3 9488 2412 2368 
3 9587 9304 1304 
3 5988 7608 2261 
3 297 5148 9419 
3 9588 9448 9738 
3 1281 9585 9584 
3 1416 5179 4458 
3 5897 5715 6563 
3 8496 8345 8918 
3 4061 7576 4698 
3 9169 9740 9452 
3 2494 389 3836 
3 4712 4701 6244 
3 6158 1519 1527 
3 5961 6064 6752 
3 9878 9453 9309 
3 9313 7130 9881 
3 1304 9585 2741 
3 3967 5424 6205 
3 9882 9593 9881 
3 2835 9883 9321 
3 9746 9177 9325 
3 3927 2590 9867 
3 9321 9883 8878 
3 9461 4183 9462 
3 6920 4751 8753 
3 4064 9885 1402 
3 9882 9884 9318 
3 9332 9329 9331 
3 4183 9463 9462 
3 1882 472 453 
3 6382 8526 7864 
3 281 2392 9767 
3 4663 1660 3158 
3 4242 9887 9463 
3 2182 2343 2265 
3 5056 5046 9299 
3 9329 9889 9601 
3 9464 1530 9330 
3 9076 1721 2254 
3 9465 8650 9602 
3 8980 9692 9270 
3 435 451 3171 
3 1945 1803 2238 
3 1164 8325 435 
3 5201 6609 4460 
3 9758 9189 9894 
3 8397 7077 4063 
3 852 9693 2355 
3 9757 9475 9470 
3 6321 9369 988 
3 9750 9335 9762 
3 9189 9611 9894 
3 7834 5559 8501 
3 5424 3967 4706 
3 9349 9204 9205 
3 9897 4441 9764 
3 3215 4712 4027 
3 3215 4701 4712 
3 2986 2467 2263 
3 9379 9193 9475 
3 5600 4880 2647 
3 2565 4218 6533 
3 4292 3513 4296 
3 2011 620 3343 
3 8894 9479 1614 
3 9615 9046 1614 
3 9478 9052 28 
3 6844 5422 6153 
3 866 2607 609 
3 6844 6102 5410 
3 9482 9771 9775 
3 6196 3180 3179 
3 4479 9899 9768 
3 6359 1901 5584 
3 9335 9750 9466 
3 9777 9485 9486 
3 5426 7541 8154 
3 5410 5422 6844 
3 6284 1413 1412 
3 9781 9784 9056 
3 9155 2094 3421 
3 9624 9908 9623 
3 9693 852 9546 
3 3820 3563 3498 
3 9353 9912 1821 
3 2254 1721 7438 
3 3267 9734 472 
3 1718 1020 6552 
3 4249 4066 3865 
3 9491 9352 9910 
3 3127 5409 5392 
3 698 9531 9674 
3 6975 5134 350 
3 9494 9797 9219 
3 9354 204 9912 
3 9492 9792 9630 
3 9630 227 9217 
3 9631 9922 9791 
3 4663 6184 1660 
3 5226 4973 5844 
3 9414 8561 8704 
3 9634 302 9922 
3 6488 1677 1952 
3 5810 2559 5807 
3 9925 9799 9798 
3 5906 5771 588 
3 9926 9223 9221 
3 9223 9926 353 
3 302 9638 9641 
3 9925 9639 9640 
3 9223 353 9368 
3 9927 9643 1960 
3 8453 3212 5177 
3 9565 5383 9712 
3 9645 9366 9227 
3 5880 3576 4460 
3 4818 4121 5559 
3 142 9909 9908 
3 5576 4121 3370 
3 1485 2811 769 
3 204 2695 6029 
3 3315 1421 5664 
3 4289 2830 2835 
3 732 2125 2123 
3 9936 9373 469 
3 9509 9935 9811 
3 9939 9375 6297 
3 457 414 9506 
3 9086 8655 8795 
3 1831 1832 8232 
3 4644 3130 4654 
3 9814 6293 9937 
3 9091 9816 9658 
3 9816 9819 9818 
3 9174 9244 2087 
3 9174 577 9244 
3 1874 2660 1911 
3 9093 8521 577 
3 9085 6297 9375 
3 9817 9520 9239 
3 9545 9121 8693 
3 9519 9664 9824 
3 4981 9519 9824 
3 3155 3127 747 
3 9339 9341 8482 
3 8942 9520 9665 
3 8103 6079 6792 
3 9824 9664 9095 
3 9823 6405 9665 
3 9692 3766 3767 
3 9825 9095 9827 
3 782 9954 9838 
3 9946 9382 617 
3 5805 1907 485 
3 6202 8271 7669 
3 9099 9826 9524 
3 9946 9672 9100 
3 9355 9356 9491 
3 1991 6487 6485 
3 2709 4148 5525 
3 9945 9674 9676 
3 6405 6471 9945 
3 4626 4644 5353 
3 803 4282 2102 
3 354 3794 357 
3 9385 9830 9947 
3 5439 2819 6094 
3 3131 3133 1431 
3 2429 8759 7469 
3 9254 702 9680 
3 2260 9679 698 
3 3455 3467 2727 
3 3361 9641 6215 
3 8825 3692 5112 
3 6125 3097 3119 
3 8969 5097 9681 
3 6976 7611 7128 
3 9111 9682 760 
3 7316 9301 1991 
3 1802 9624 6029 
3 3861 4615 5357 
3 9508 9373 8925 
3 2272 6746 1480 
3 477 627 2261 
3 9542 3718 9263 
3 6694 4463 3094 
3 9838 9954 9689 
3 1262 2599 2594 
3 5961 5930 6000 
3 6180 6065 6181 
3 6652 908 5208 
3 846 852 2355 
3 3883 472 1882 
3 1213 3528 8021 
3 9695 9404 3780 
3 9405 2387 908 
3 8799 9091 8930 
3 7208 1068 9228 
3 9835 8027 782 
3 6095 4601 3864 
3 3800 9550 6673 
3 4621 4626 5342 
3 8623 7301 2565 
3 2869 5494 837 
3 8986 9963 9550 
3 1008 9130 2418 
3 6287 2540 2536 
3 9411 9967 2427 
3 9702 2430 9849 
3 2536 4758 6287 
3 5130 5145 1371 
3 3682 9299 5046 
3 1037 9416 9280 
3 1037 9280 2480 
3 9281 9852 9975 
3 8998 1080 9561 
3 9282 9978 9281 
3 9977 1080 8998 
3 9708 5343 6806 
3 4057 7068 7086 
3 4027 5450 4749 
3 647 9946 617 
3 7058 7073 6305 
3 9981 9711 2546 
3 5303 4591 4601 
3 3761 5433 6141 
3 9714 9985 9566 
3 9725 1426 9149 
3 5383 9418 8280 
3 9988 9713 9858 
3 9859 9714 9567 
3 8988 8261 7197 
3 9712 9858 9713 
3 9146 9988 9718 
3 5822 1591 5892 
3 9501 9231 9648 
3 9294 1426 9575 
3 9859 9567 9716 
3 9716 9860 9859 
3 1964 859 4224 
3 5052 994 5760 
3 6609 5201 4567 
3 1917 2630 4160 
3 9423 3053 1039 
3 9149 9572 9725 
3 9727 9730 9729 
3 2311 8058 1755 
3 1787 142 1775 
3 9270 3780 9404 
3 2521 7068 4041 
3 9584 9442 547 
3 9779 9780 9202 
3 4593 3832 4562 
3 9733 2657 9434 
3 9733 9732 1191 
3 1904 9772 1907 
3 9733 9157 9732 
3 7055 4170 4197 
3 4693 4697 4583 
3 9435 9434 4099 
3 90 1567 2218 
3 2682 9869 9437 
3 9435 4099 6982 
3 9435 2670 19 
3 297 2395 1025 
3 119 112 6293 
3 6041 4591 5303 
3 3639 4325 4959 
3 5450 4027 4712 
3 4914 115 123 
3 2709 9582 4148 
3 9443 4170 9162 
3 9874 2700 9439 
3 4180 272 5610 
3 9303 9588 1296 
3 9585 9446 9302 
3 5550 1580 102 
3 1907 9772 485 
3 5842 5104 4398 
3 7031 4712 6244 
3 5445 3246 4012 
3 6920 4787 2951 
3 8939 9520 8942 
3 3809 6041 6026 
3 2501 9742 9591 
3 1851 2516 8280 
3 6599 6583 5880 
3 3017 5288 7631 
3 9742 1323 9170 
3 2501 1323 9742 
3 5961 6752 6724 
3 1364 9591 9454 
3 9591 2624 2501 
3 7356 1218 6549 
3 5842 4398 2133 
3 1402 9885 9884 
3 2714 9162 4170 
3 3539 1218 7356 
3 3000 3682 4380 
3 3246 5445 4706 
3 4242 9463 4183 
3 9887 4009 9746 
3 2858 4009 9887 
3 280 1001 5640 
3 8879 9180 9325 
3 5266 4548 4549 
3 9331 9601 9753 
3 9330 1476 9040 
3 9469 1501 9468 
3 9749 1463 9754 
3 2463 1948 2242 
3 1796 7603 3406 
3 5719 9749 6815 
3 5961 6724 6676 
3 9607 9890 8098 
3 9746 2835 9321 
3 5263 3783 6026 
3 9786 3210 485 
3 9584 547 1281 
3 7583 9758 9894 
3 2266 4549 4548 
3 8701 9754 9891 
3 9877 9588 9738 
3 8701 9471 9754 
3 8698 8981 9404 
3 4375 3576 4410 
3 6193 6202 7669 
3 9475 9757 9379 
3 5006 5354 5542 
3 882 6576 8586 
3 831 3392 74 
3 6450 6368 6274 
3 1614 1632 9615 
3 1651 4343 4341 
3 9478 9782 9613 
3 9394 3672 8027 
3 358 4301 3520 
3 3638 3385 3710 
3 3057 1518 3832 
3 9617 9770 23 
3 23 1672 9617 
3 35 3461 9780 
3 978 3688 4386 
3 1714 9903 1672 
3 9771 42 9775 
3 5846 35 1675 
3 3148 9781 9621 
3 1708 9777 9486 
3 5771 2848 5677 
3 4233 1081 1966 
3 9391 9678 3632 
3 9360 9064 9634 
3 146 1759 9908 
3 3000 9299 3682 
3 9909 142 149 
3 9588 9303 9448 
3 6980 7008 6990 
3 149 9910 9909 
3 2854 4282 2861 
3 9788 9910 9911 
3 9908 9909 9623 
3 5358 7435 6033 
3 9913 9788 9911 
3 2178 25 1529 
3 803 9271 9273 
3 9492 9788 9913 
3 9910 9788 9491 
3 4522 4513 2987 
3 3250 9630 9792 
3 4795 6737 6735 
3 2973 2972 2976 
3 6592 4362 5055 
3 4458 1412 1413 
3 9217 227 9494 
3 9797 9494 227 
3 9794 9632 1856 
3 8415 8704 8561 
3 9919 9797 227 
3 5925 7386 6684 
3 8330 8631 9345 
3 9919 9923 9797 
3 777 2831 4087 
3 9633 9632 9794 
3 4766 1940 8956 
3 300 9795 9800 
3 2138 9824 5008 
3 5209 4511 3752 
3 1883 9925 9798 
3 7321 1189 3496 
3 300 9800 9927 
3 9590 9738 9029 
3 9929 324 320 
3 9928 9929 320 
3 9644 1960 9643 
3 9641 9501 6215 
3 9931 9368 353 
3 3074 1380 2282 
3 2066 5055 2075 
3 2811 2817 2164 
3 9804 9506 414 
3 9233 9811 9648 
3 9642 9929 9646 
3 1129 373 5737 
3 457 9506 9372 
3 9506 8923 9372 
3 492 294 1966 
3 9759 9754 9471 
3 9807 9648 3418 
3 9906 9911 149 
3 4863 6297 9812 
3 3418 9648 9811 
3 4981 9941 9380 
3 9936 2068 9938 
3 9589 5198 5937 
3 9936 9938 9657 
3 9082 8789 8046 
3 4906 9238 6310 
3 509 9657 9938 
3 8057 5930 6676 
3 509 9088 9657 
3 1810 865 3120 
3 2082 9088 509 
3 9135 9134 9557 
3 2087 9244 2082 
3 6523 8025 7109 
3 9815 6348 9238 
3 4981 9380 9519 
3 1962 4947 2612 
3 2605 1963 4944 
3 76 24 105 
3 9815 9659 6348 
3 918 7231 191 
3 9661 8806 9521 
3 8999 8426 7994 
3 4325 918 1651 
3 5353 4654 5381 
3 9824 9095 9825 
3 3556 5756 2045 
3 9825 9827 615 
3 1537 9862 9489 
3 3761 6153 5422 
3 9668 2200 656 
3 4948 185 3647 
3 656 9827 9668 
3 1268 1962 3263 
3 4301 2024 4311 
3 2298 4303 888 
3 2200 9828 5061 
3 6606 7435 5286 
3 9828 9528 5061 
3 2858 571 4009 
3 9945 9676 9525 
3 3632 3672 9391 
3 2828 3594 6588 
3 4139 19 7009 
3 4466 2924 3725 
3 9668 9828 2200 
3 185 4948 2298 
3 8434 9820 8438 
3 9108 9678 9391 
3 1088 6706 3094 
3 7536 5172 2185 
3 6323 5508 196 
3 9533 8825 5112 
3 3588 2828 9948 
3 504 2439 9499 
3 9513 963 980 
3 2447 8144 1088 
3 9937 3429 9935 
3 8229 8532 8383 
3 2765 1304 2741 
3 4945 2273 9163 
3 3704 2924 4454 
3 1997 1421 3315 
3 9687 3718 6564 
3 6208 136 2271 
3 9922 3316 8958 
3 3063 1380 3074 
3 877 9693 2361 
3 1501 4684 8616 
3 3767 9270 9692 
3 7821 5651 7828 
3 8760 8330 9345 
3 6694 3085 4463 
3 5816 9242 5180 
3 1394 5887 8168 
3 4655 2858 1996 
3 6672 9845 9697 
3 6673 9550 9963 
3 970 1008 2418 
3 2400 9553 9845 
3 2546 3964 1892 
3 3421 9488 9155 
3 6724 6751 7486 
3 5243 991 970 
3 7756 7754 1022 
3 9546 9123 9402 
3 5254 1014 991 
3 3181 3041 2894 
3 2427 980 8845 
3 9130 1008 1014 
3 9411 9849 9967 
3 3766 9840 9957 
3 9392 9687 3695 
3 2430 9970 9968 
3 9963 963 6696 
3 9556 3859 9557 
3 9416 1037 1030 
3 9135 9973 9974 
3 2886 5502 2879 
3 372 459 349 
3 9729 1185 1176 
3 9281 9978 3911 
3 4928 4923 4922 
3 1092 9418 9561 
3 9708 9854 5343 
3 7483 7486 7496 
3 6806 5343 5339 
3 9281 3911 9852 
3 9282 9562 6806 
3 3478 123 129 
3 4550 2537 3182 
3 9663 9661 9521 
3 9711 9985 2546 
3 1467 1485 735 
3 123 862 2898 
3 5922 6595 5268 
3 7541 5407 7543 
3 5651 6342 5644 
3 1764 317 9431 
3 5402 1656 3147 
3 9320 9321 8878 
3 2861 2870 4387 
3 9859 4010 2567 
3 8164 7082 6689 
3 9859 9860 1167 
3 136 6593 2271 
3 1167 1550 4034 
3 113 2893 1590 
3 4071 4164 4563 
3 4651 4659 7428 
3 493 1903 2563 
3 9575 1426 1186 
3 8650 4396 9602 
3 5048 5788 6457 
3 5739 8544 4070 
3 4082 9864 9576 
3 5191 5225 5245 
3 1689 2614 5797 
3 1197 346 4275 
3 3663 7490 5124 
3 7961 7949 7658 
3 617 9382 2145 
3 9024 9871 9297 
3 3423 9933 3411 
3 8253 3152 1640 
3 9481 9771 9482 
3 9458 9175 9885 
3 6583 6595 6587 
3 9587 1457 9450 
3 8404 1904 3345 
3 4275 3496 1189 
3 6965 9212 896 
3 5401 844 3575 
3 1364 2624 9591 
3 7117 2624 9893 
3 6583 6587 6582 
3 119 3602 4265 
3 6582 6587 5916 
3 93 2869 837 
3 9882 9881 5626 
3 6020 4690 5400 
3 4315 9887 4242 
3 1310 5103 5933 
3 5724 6417 5702 
3 9600 5677 9461 
3 9466 9750 9465 
3 9853 9168 9863 
3 7104 8019 8467 
3 4183 9461 2848 
3 9602 4396 8881 
3 9040 1470 9190 
3 4981 9824 2138 
3 5719 1463 9749 
3 9758 9889 9604 
3 7911 1355 2055 
3 4235 5045 2210 
3 9891 9754 1463 
3 9330 1530 7284 
3 9889 9758 7583 
3 9477 9022 9762 
3 4422 1755 9986 
3 3007 9379 9757 
3 8701 3008 9764 
3 1459 724 3453 
3 6597 6698 6419 
3 2203 2035 7096 
3 1256 2816 2066 
3 9022 9477 3461 
3 3591 3954 3837 
3 1632 9898 9615 
3 1614 9955 4469 
3 3078 23 9898 
3 5874 5845 9478 
3 9770 9898 23 
3 3534 57 2198 
3 2412 83 2368 
3 1672 9903 9617 
3 7989 8415 7988 
3 9824 9825 5008 
3 9777 42 9771 
3 9123 9267 8692 
3 4534 9619 3081 
3 4508 9773 9775 
3 35 1697 1675 
3 4534 1721 9619 
3 1721 9486 9619 
3 2831 5444 4832 
3 9779 1741 9780 
3 3461 9483 9202 
3 4252 7341 1791 
3 83 3148 9621 
3 9903 1714 9905 
3 1741 9778 1750 
3 9910 149 9911 
3 9906 1787 1774 
3 5208 3066 6652 
3 9906 149 1787 
3 3982 2175 3504 
3 9908 1759 142 
3 6700 3818 651 
3 9916 6775 2033 
3 6414 6740 6700 
3 6740 6775 6700 
3 6700 6775 9916 
3 7855 5559 5576 
3 5559 4121 5576 
3 6897 6900 2621 
3 5535 4265 3602 
3 6208 6900 6897 
3 6897 6894 6208 
3 3603 6208 6894 
3 3602 6894 5535 
3 5545 5908 6012 
3 5545 6012 5808 
3 5908 5545 5267 
3 2998 2913 3217 
3 2608 2456 2759 
3 4333 4142 4653 
3 4147 4142 4333 
3 4334 4147 4333 
3 5295 5293 5829 
3 9768 9899 9342 
3 9768 9199 9196 
3 9342 9199 9768 
3 9899 9619 9342 
3 3071 9619 9899 
3 3071 3081 9619 
3 9346 8762 8484 
3 70 46 61 
3 70 47 46 
3 110 207 159 
3 8 7 11 
3 1133 1091 1049 
3 4416 3961 3779 
3 4416 5032 3961 
3 1322 1276 9994 
3 7413 6442 6625 
3 7886 8169 7267 
3 6625 6350 6347 
3 6625 6347 7260 
3 6442 7413 7267 
3 7267 7413 7744 
3 7886 7267 7744 
3 9992 9615 9770 
3 9614 9046 9991 
3 9049 9046 9990 
3 9992 9991 9615 
3 9046 9615 9991 
3 8622 9044 9991 
3 9044 8622 9993 
3 9994 1427 1322 
3 1481 9994 1276 
3 1321 1477 1273 
3 1321 1273 9995 
3 1321 9997 1477 
3 1321 9998 9997 
3 9995 1273 9996 
3 1427 9994 1478 
3 9994 9998 1478 
3 9997 9998 9994 
3 661 634 883 
3 679 749 634 
3 9476 9613 9894 
3 9611 9476 9894 
