ply
format ascii 1.0
comment VCGLIB generated
element vertex 6000
property float x
property float y
property float z
element face 11996
property list uchar int vertex_indices
end_header
4.946679 11.83883 27.20426 
-53.02621 66.42735 -57.35556 
-52.0597 68.25252 -57.68689 
-51.78732 68.18266 -56.80949 
-54.3911 68.72994 -56.62419 
-51.68943 67.1589 -56.66906 
-53.65857 69.17258 -54.21398 
-56.50467 58.80098 -54.86269 
-54.45093 65.87933 -54.36774 
-29.36144 65.18781 6.271172 
-55.41335 67.0892 -56.08823 
-56.85279 68.93018 -54.42081 
26.50832 -7.321002 19.66518 
-56.85319 60.114 -54.57547 
3.777481 17.52295 29.25876 
30.94254 -46.457 7.233088 
-58.69883 58.76864 -54.23018 
-57.04746 58.37843 -54.1597 
-57.98056 60.03764 -54.84427 
-56.4971 66.13459 -53.96668 
-57.53368 66.79901 -53.55538 
-31.04768 -44.90947 7.508801 
-59.90807 59.80336 -52.99799 
7.215004 11.58958 27.0929 
-49.286 73.97138 -54.05573 
-22.24605 2.948148 25.23998 
-50.09463 76.118 -53.98515 
32.70773 -27.28135 10.94132 
9.681561 19.27246 28.24782 
-20.51172 -6.335889 19.53589 
-56.08297 69.87285 -53.00841 
-50.7867 74.70685 -54.87777 
33.02698 -26.00728 11.56734 
22.61861 50.90132 25.30742 
-50.68901 75.98968 -52.30464 
7.074614 20.93071 29.9175 
-8.76443 21.44523 30.43281 
-52.79756 67.56503 -54.88296 
-51.09259 73.47778 -52.38034 
-56.76992 59.74974 -51.80689 
-31.67485 -5.411816 19.47135 
34.48101 -22.10701 9.848755 
-59.29917 66.95916 -50.99019 
-54.29197 68.67268 -52.12816 
-40.65796 -43.46948 8.507585 
10.67617 22.56322 28.96489 
-58.44356 58.38135 -51.91107 
33.53028 -21.54587 11.03655 
13.41658 -3.692978 20.0736 
14.36357 -20.13411 12.16659 
-58.74726 65.83919 -50.7607 
-15.8373 -3.777998 18.50394 
-22.13429 -19.55646 10.36429 
-56.05047 65.3529 -51.56469 
-55.24611 65.83722 -51.67333 
-42.9939 -18.27635 11.25948 
-59.78394 58.80117 -51.28247 
-57.54699 62.14882 -52.25581 
11.54925 24.68779 28.87041 
-54.83513 73.87389 -52.30395 
-52.31289 73.68577 -49.7886 
-42.08462 -14.46002 10.06651 
-52.47905 76.75768 -51.87266 
-33.4864 -1.218321 20.09507 
-59.62729 62.84182 -50.58123 
-56.09713 65.98071 -49.16121 
-53.00328 72.42675 -51.19696 
-10.76954 14.71137 27.50923 
-60.64605 59.64639 -50.54158 
-59.39938 63.59715 -48.48216 
-57.39397 64.87763 -49.09893 
-14.54072 27.06332 28.77484 
-54.27625 75.9654 -52.51537 
-51.93968 75.66714 -49.58047 
-25.46603 2.48988 25.39259 
-55.32812 76.37195 -48.65543 
-54.04107 76.33256 -48.78514 
-60.24786 61.17274 -52.4018 
-30.07566 -38.54648 7.139125 
-55.35485 67.83937 -50.07705 
-34.32082 -36.90515 6.868766 
-31.57949 15.14108 17.72299 
-57.17136 62.83076 -49.40699 
-19.20321 4.499445 25.60093 
-59.74078 68.89648 -47.66859 
-58.11654 69.71331 -51.49556 
-56.06329 69.77636 -49.77354 
-54.81881 71.41166 -49.51935 
2.315237 4.530882 18.05532 
5.498879 43.55827 35.5933 
-56.88482 72.82172 -49.86501 
-56.94528 74.53267 -49.84361 
-60.97104 59.77969 -47.43823 
-1.709182 60.21943 -48.79433 
0.3921914 61.31565 -48.88058 
-0.6199742 61.5671 -48.46794 
-56.36913 60.80991 -48.25441 
-56.50844 62.54284 -48.73517 
-56.8553 63.87729 -48.55475 
-36.52397 -36.85733 7.477109 
34.67988 -6.622792 9.77017 
-52.41457 74.82855 -48.23746 
-58.78232 74.21345 -45.82198 
2.351871 58.93568 -48.16538 
0.827843 60.15876 -47.92534 
3.009938 60.39407 -48.51239 
2.21454 61.39694 -48.37277 
-61.5727 62.41655 -47.77451 
-56.17324 64.50468 -48.13039 
-60.55511 66.00487 -47.81976 
-26.42871 -35.61473 6.927549 
-55.88765 70.64069 -47.92519 
-57.2174 70.14917 -47.48535 
-28.97026 -50.4441 25.95715 
-9.80827 68.06082 36.89237 
-24.73893 -32.61732 6.175923 
-35.07742 9.794167 18.69828 
-59.3845 64.48692 -47.90338 
-56.1922 64.21672 -46.74286 
35.01034 -2.873351 10.53485 
-54.62464 67.13627 -47.1335 
-55.62029 68.30627 -48.27919 
-54.94436 69.94781 -47.32269 
-54.08567 71.59118 -47.65609 
-26.59936 55.50392 24.1283 
-33.81402 12.88696 18.46453 
-57.59962 59.12373 -47.78009 
-61.16964 64.32519 -46.92632 
-13.08038 14.28698 27.97505 
-54.80583 66.19031 -46.73157 
-58.85117 72.25074 -46.4608 
-53.5475 75.58456 -47.22409 
-29.78066 15.88698 18.86214 
-0.3220567 58.66612 -48.16328 
-59.67801 58.94133 -47.3061 
-27.98962 3.793741 24.76034 
-55.66753 61.01001 -47.11416 
0.6125171 61.66016 -46.0408 
-62.32046 60.83214 -46.42861 
4.19277 2.784512 11.70753 
-60.53723 69.41596 -46.47503 
13.05994 38.53777 28.7685 
-53.05381 74.44158 -46.31052 
-56.62647 75.91745 -48.44214 
-24.52325 20.89437 17.44534 
-57.5021 58.82081 -45.85477 
3.814238 60.53844 -45.68851 
-61.46276 67.01028 -46.24889 
-59.19685 70.94528 -46.06143 
-60.46793 58.43161 -45.90956 
18.36529 23.82745 19.25183 
-16.70726 40.92303 31.50912 
-56.07177 60.56263 -45.90186 
-55.10898 62.04259 -45.05595 
-13.86848 18.55566 26.68278 
-52.43413 74.88691 -45.06533 
-57.45316 75.78397 -45.34008 
-38.40165 6.531847 10.8588 
-20.39657 27.42165 18.69701 
3.025438 58.08961 -45.92868 
-2.814155 58.99065 -45.97065 
-62.13606 62.02594 -45.61529 
-1.510162 61.13821 -45.3328 
-61.18378 64.19208 -45.47063 
17.56845 31.0725 21.09637 
-60.99474 68.6559 -45.30617 
29.504 -29.64697 7.750599 
-21.53319 -27.85229 6.822563 
15.87061 42.68131 29.37624 
17.92823 32.47042 18.95724 
-48.29913 84.01688 -44.98993 
-0.2352256 57.53788 -45.53345 
-2.83181 56.96359 -44.58096 
-59.94406 58.54081 -44.90499 
-26.0973 5.992875 25.593 
-5.304775 60.25095 -43.87076 
-21.21151 38.2028 17.48816 
19.33429 38.81458 19.76136 
17.53482 46.79451 30.51834 
-53.78086 66.98105 -44.83299 
-54.71823 69.4697 -45.78632 
-26.79774 18.01895 11.17744 
-53.91228 75.51746 -45.66193 
-49.48569 83.05241 -45.98171 
-50.68 84.02183 -45.46626 
-52.93288 81.47205 -44.66043 
-57.67092 58.51292 -44.11415 
15.96764 -40.17126 16.50646 
-16.36427 6.770357 25.92468 
-2.153612 60.71895 -45.84727 
-55.6306 64.10352 -45.23344 
-41.40347 -46.18469 16.90643 
18.45736 24.74357 12.51046 
-53.10689 70.99161 -45.18119 
-59.66682 74.34708 -44.94835 
-54.91181 76.81539 -43.8138 
15.47817 -32.20032 25.94684 
-0.4535468 56.89172 -43.7372 
-13.41466 20.29006 27.90638 
-62.30956 59.62822 -44.06654 
-20.27229 31.07617 9.324276 
19.72947 48.17592 29.285 
24.78293 53.93433 19.90938 
25.98267 58.22405 19.11056 
-58.34881 76.19601 -44.37771 
16.1284 -22.4593 7.88723 
-1.31618 56.64267 -42.58387 
-60.48195 57.73943 -43.27044 
8.690273 64.56754 37.4807 
5.901114 59.09433 -44.33186 
2.566086 67.87124 37.61772 
23.82988 41.5097 11.2778 
-55.72615 59.74663 -44.26122 
25.08242 60.89762 19.82458 
-62.58979 66.85683 -43.92603 
-59.788 70.87332 -44.73226 
-52.18336 79.61071 -44.34676 
20.11095 57.79738 30.74221 
-50.11815 81.09344 -44.2529 
27.77946 46.66635 10.46111 
-51.84711 84.07196 -44.24889 
-5.777497 58.46927 -43.3682 
34.02634 47.32748 10.36474 
-54.1157 65.4869 -44.93521 
-60.70086 70.32189 -42.5015 
-60.71791 72.49477 -42.96961 
-52.39684 73.23698 -43.81175 
58.71384 76.1525 -43.27827 
57.35923 76.95478 -42.85503 
-53.89442 78.20782 -43.67952 
-5.624469 6.516357 25.51421 
52.29905 81.14468 -43.8593 
-53.14933 83.11177 -42.57701 
-61.14901 58.34985 -43.00576 
-4.230255 62.152 -41.91753 
-54.97791 63.66983 -42.10196 
1.308588 62.74889 -44.33696 
-62.96957 62.98309 -44.17946 
-61.91829 64.87669 -43.7234 
-20.71198 78.27525 18.22799 
20.22781 77.64882 19.14341 
-61.64819 69.16368 -43.31349 
59.53794 74.52577 -42.58201 
37.49546 52.32476 10.55429 
-53.19331 75.6138 -43.2316 
57.77254 75.19395 -43.13015 
-55.72832 77.05145 -42.61694 
-53.59003 76.75489 -43.06964 
-51.94861 77.09186 -42.3042 
-49.6706 81.0759 -42.63493 
52.81108 80.17427 -42.73291 
51.77609 81.78008 -42.69425 
-23.78029 6.805649 25.49592 
53.96993 80.51794 -43.35546 
-54.31352 81.89568 -43.16572 
-49.12984 83.0126 -43.64279 
-49.92944 84.34326 -43.98865 
37.29151 55.25031 10.76386 
1.562006 55.6916 -41.68103 
-3.008415 56.30126 -42.92188 
0.9421869 56.88065 -43.85323 
3.727452 56.23188 -43.24401 
5.082692 56.43531 -43.67323 
24.37986 59.45946 24.77746 
-54.56425 62.20988 -41.8589 
-5.06237 61.14228 -43.11641 
-24.96185 -44.19394 16.04195 
-62.74045 63.15396 -41.7949 
-0.9396392 62.98571 -43.12702 
1.740651 63.15238 -42.4272 
-42.78186 -18.94178 5.902276 
-62.6125 65.92912 -40.99023 
-53.74591 68.08946 -42.06164 
-33.72449 58.4939 10.72019 
-52.17654 70.53868 -42.4044 
-52.39658 73.589 -42.06739 
-59.33199 75.18839 -43.09179 
29.92287 -39.89747 20.29484 
-55.09786 79.67139 -43.10477 
53.95698 82.78695 -42.34915 
18.97226 69.89098 29.56652 
6.623392 57.11901 -41.99011 
-60.73336 58.68237 -41.15808 
-59.42394 58.20331 -42.69372 
-57.69334 58.3256 -41.68133 
7.018376 60.12878 -42.36115 
18.52468 30.40678 17.62366 
-19.99805 30.82622 18.15446 
-55.07821 60.3885 -42.16067 
-62.35516 60.44723 -42.51869 
6.686177 87.74383 17.56469 
-59.98208 75.3379 -41.64017 
57.57472 75.01917 -41.29214 
-57.74805 76.11753 -41.93831 
-50.40555 79.73654 -41.6374 
-0.9332829 55.35293 -41.29905 
-7.102376 61.65539 -39.9451 
-27.01507 61.27274 25.36809 
3.26249 61.75765 -43.06086 
-2.175222 62.45986 -41.74419 
-61.94533 68.75159 -41.72971 
-25.02504 74.54232 10.65865 
-51.34093 74.18359 -41.17361 
-19.28601 6.225353 25.58783 
-57.90792 78.11469 -41.17112 
54.87053 79.46582 -41.917 
56.76728 81.00477 -41.25578 
-51.42524 80.8799 -40.64833 
-37.92976 -52.83168 19.86808 
9.288657 49.54046 36.42605 
-2.235337 54.67616 -41.51002 
-34.02204 -52.82859 20.4923 
0.3177346 54.85773 -42.40635 
2.921266 54.46677 -41.4412 
4.079338 55.82603 -40.79572 
15.95092 -52.38042 16.23798 
28.93968 -52.77073 21.46027 
-1.013599 63.94707 -41.54946 
-28.55337 70.93943 6.935198 
59.44848 76.79765 -41.27968 
13.7788 -49.1417 19.94087 
56.17196 79.65088 -41.38046 
-51.96914 82.59789 -41.48036 
3.303014 54.6879 -39.46943 
-4.029343 56.3781 -41.3961 
-5.188199 57.04741 -42.12421 
29.68929 -44.34484 15.99514 
7.602094 60.20187 -40.27341 
9.824857 66.8388 36.12688 
-37.56263 -48.58736 20.67206 
-53.50754 65.5126 -41.83034 
0.2560174 64.12144 -41.40391 
-62.6686 64.47931 -40.25058 
0.1780509 67.53556 37.46839 
-60.79015 73.68249 -40.15178 
-20.40602 7.957925 25.80365 
6.067898 89.11177 11.4087 
-51.06661 78.62077 -40.27351 
53.89954 79.4232 -40.48636 
5.5189 81.70306 29.7334 
-40.64283 -6.14878 7.303601 
-11.39752 48.32491 36.54412 
-2.707944 54.78654 -39.5915 
-4.87062 55.69571 -40.29447 
5.695611 56.17876 -40.30189 
6.587676 57.21987 -39.81281 
-54.19305 60.77444 -39.36025 
6.77347 61.36398 -40.5223 
-53.59237 62.09514 -39.1696 
-1.52825 90.67551 11.57485 
-0.02100154 64.44353 -39.1715 
-62.65167 68.60505 -40.25491 
-21.53485 44.95751 27.9654 
59.484 73.06309 -41.31091 
61.1044 75.58756 -40.13031 
-51.03459 77.75097 -41.03977 
29.11479 -41.24836 20.18668 
-56.40258 79.09622 -41.04387 
-53.3384 82.26581 -40.96689 
1.427086 55.04753 -40.34038 
4.720571 54.24649 -39.12479 
1.81925 2.882744 28.8886 
-1.886207 2.50146 40.7949 
3.795057 13.63136 28.30625 
-2.782768 63.05305 -39.01627 
2.396761 63.78365 -41.01344 
-1.866657 63.96957 -39.20623 
34.97952 -4.406064 7.330622 
22.97653 64.21768 24.40306 
38.50945 -53.22171 10.66339 
-50.66187 74.82468 -39.94358 
58.13985 75.82985 -38.71081 
-50.36589 76.86105 -39.86821 
-57.61024 79.07854 -39.27451 
-56.20584 79.76184 -39.81874 
56.86427 82.14994 -40.15097 
48.51745 87.17021 -39.8289 
48.37477 88.12864 -39.40744 
-0.7138523 54.45098 -38.0849 
2.233552 54.38552 -39.5317 
30.80169 -37.27156 19.87694 
38.62698 -51.48104 10.35195 
5.277771 54.77911 -39.08122 
-55.92255 59.14292 -39.32486 
-62.64745 59.96698 -40.52489 
-6.724873 58.6968 -40.96566 
-3.558547 69.35926 37.6087 
-40.50454 -1.429489 7.256396 
2.844955 63.90086 -38.91411 
-58.97422 75.4444 -39.70823 
-58.69342 76.77568 -38.99769 
58.05989 76.93906 -40.78112 
35.27407 -2.558852 7.774754 
50.62807 86.38472 -39.3838 
49.44878 87.81778 -40.27437 
-25.39615 -30.23007 20.75541 
49.80297 88.89655 -38.77628 
-3.417295 54.81956 -38.69673 
-59.68339 58.59136 -39.28096 
21.45933 -46.52216 29.42642 
-6.717909 62.23042 -38.998 
14.6776 -47.08341 30.20943 
32.41043 -30.23778 20.71243 
-61.60032 69.75689 -38.99273 
-52.17929 71.5931 -39.66504 
1.836881 57.30918 39.36362 
-61.24931 74.47544 -38.66468 
-26.46622 -44.10291 12.63904 
56.1819 78.39877 -39.7233 
-43.67928 -44.38993 11.7186 
-29.4187 -43.91429 9.728506 
-12.11318 57.08994 37.04836 
-4.418611 55.59413 -39.20062 
-5.252113 56.82632 -39.11815 
-7.098586 58.48038 -38.35124 
19.59323 -40.22298 29.46724 
-62.85082 62.13791 -39.49992 
1.235962 -1.83004 44.45604 
61.33305 73.30317 -39.55404 
57.1989 72.9156 -37.80207 
4.968922 3.124134 7.695408 
-50.36586 76.68473 -37.22712 
60.31483 76.24054 -37.69385 
-52.12822 79.01884 -38.34581 
-38.82043 -40.26091 11.34179 
56.69933 82.43448 -37.01789 
50.13971 85.73776 -38.37723 
2.95123 54.25301 -37.66618 
-24.38723 -20.24776 18.43899 
4.259823 54.26485 -38.12683 
7.965202 58.65394 -38.51208 
8.18255 60.58088 -37.17737 
3.944037 62.76382 -38.50803 
-52.41646 65.06618 -38.87499 
-1.615258 65.58615 -38.22821 
25.09779 -36.40348 10.85902 
2.984619 65.51762 -38.03824 
-62.18465 67.67493 -38.47353 
-51.76305 67.23062 -38.14557 
-62.03696 67.71612 -37.03329 
19.98776 -35.63749 10.24015 
-50.91952 72.53321 -38.31817 
16.83326 -18.11211 19.17931 
57.59084 77.40627 -37.61238 
58.90807 80.66972 -37.4636 
-56.94423 79.58906 -38.20425 
-55.62177 79.93496 -39.00183 
27.32438 -35.45904 11.46858 
53.27151 81.69769 -39.10923 
23.36409 -34.97606 11.11778 
51.80891 87.63596 -38.8533 
-6.001686 55.85912 -37.80033 
-57.52935 58.34056 -38.35623 
-61.98497 60.23329 -38.4216 
-28.14123 -19.16137 20.06782 
-5.450087 6.31554 6.786533 
23.47863 -33.86402 29.71938 
29.84198 -17.05216 19.15319 
17.39446 -34.24422 10.77719 
-27.4223 47.14474 17.62095 
-50.48404 77.83353 -38.79605 
51.4546 84.68263 -37.1553 
17.14327 24.63134 19.89281 
-1.723012 54.33193 -37.08502 
-5.275546 49.01273 37.74279 
-40.62913 -31.4851 10.27108 
-4.242934 56.01325 -37.90342 
4.845668 56.32615 -37.62475 
6.743424 57.30204 -37.84833 
-36.54969 9.500027 7.147696 
26.6235 -15.94816 19.23686 
-7.642929 61.10097 -38.38255 
-32.18478 -15.09305 18.88383 
-8.078269 62.02178 -36.72922 
-2.965149 63.49942 -37.88229 
32.05533 -28.17481 10.51587 
61.98492 73.3278 -37.88527 
57.43373 74.58793 -37.74748 
-60.30106 74.87826 -37.74299 
61.95101 74.75407 -35.76792 
-59.52516 76.39051 -37.60976 
-57.75455 78.47569 -36.10284 
-41.25428 -27.12145 13.03939 
-57.3224 78.54875 -37.42802 
-22.07903 24.45654 19.2764 
25.12495 -12.3013 19.65078 
-56.19633 58.72421 -36.17216 
-61.88133 60.17856 -36.70206 
-8.292336 59.6606 -35.70238 
33.38204 -24.27022 11.7211 
-63.14709 63.03255 -38.04461 
6.826179 62.2538 -37.11084 
-62.51037 64.91194 -37.07363 
-5.215359 63.28262 -38.04313 
24.61276 50.5534 17.98955 
-0.008928168 66.28448 -36.17231 
57.73574 69.96213 -36.34395 
60.37728 70.82468 -37.79082 
58.33125 71.04811 -37.8576 
33.42004 -23.1485 10.93221 
-51.47091 69.48442 -38.13898 
56.34712 74.53826 -36.8854 
-27.83987 -51.61256 11.28325 
58.99197 78.71607 -37.33432 
-51.66661 77.57925 -36.62697 
55.10796 77.83307 -37.62358 
-54.84451 79.08225 -37.01378 
-28.40284 16.35001 8.75621 
-26.81099 -50.28115 26.14306 
26.12976 15.471 7.792241 
30.28195 -37.26426 18.24925 
49.80047 87.46088 -36.49347 
24.30839 16.49018 7.195456 
6.966007 57.69703 -36.39614 
7.82627 58.2642 -35.72648 
26.82418 -10.50774 18.50269 
-2.1511 65.62676 -36.07916 
-41.08812 -15.17443 12.28867 
-61.51405 70.56485 -38.01252 
1.61702 14.6459 29.39293 
56.40944 72.20809 -36.55123 
-25.82314 -8.296885 19.15143 
55.95666 76.86944 -36.90201 
58.06196 76.40456 -36.62783 
58.74045 75.95026 -36.73 
52.71524 85.80628 -37.90124 
-22.98946 70.06728 24.36214 
-21.77228 -11.34867 10.96691 
-5.459064 55.14593 -36.70155 
-5.625051 57.52829 -36.10962 
-28.40143 -7.116342 19.6294 
-53.47603 59.64549 -35.51043 
-62.03412 62.96746 -35.4213 
-51.67213 63.43962 -35.5069 
8.509129 61.62262 -34.78114 
-17.95734 -8.786033 11.05495 
-50.28778 66.58549 -34.86229 
-0.9135079 14.90609 29.79781 
59.13756 69.40353 -36.16358 
-40.04884 -6.735284 9.566527 
56.16944 73.9724 -35.28173 
54.3671 76.60966 -35.30424 
20.98199 18.84867 6.164877 
14.59295 -6.259066 19.12366 
-1.231862 15.53661 29.90249 
54.59623 78.65906 -36.04837 
54.38197 79.28352 -36.76365 
55.18313 81.65259 -36.13244 
13.61365 8.614188 25.7687 
54.04905 86.12038 -36.78054 
1.253856 54.39108 -36.42025 
-3.212204 55.74372 -36.34493 
6.023005 56.1953 -36.24005 
6.080863 57.65524 -35.43999 
27.9595 -5.342979 19.56491 
-60.42508 59.95999 -35.58688 
-52.35287 60.20881 -34.80898 
20.9162 71.43493 25.49793 
-6.637011 63.47559 -36.4277 
3.032441 65.85903 -35.76706 
-62.52346 65.72096 -35.76794 
10.4262 -3.543987 10.49117 
-22.45462 9.780186 25.4563 
3.016581 16.00904 30.10558 
-60.12929 74.66511 -35.85884 
-50.23108 75.18063 -37.69477 
-14.2688 -2.33042 19.32981 
-13.66548 -1.865996 10.91187 
-11.70654 10.40482 25.96565 
57.96996 81.87108 -35.63704 
-6.077554 -9.377388 53.82121 
55.71857 85.15448 -34.40763 
53.41978 87.49506 -36.3561 
-14.50357 -0.1316449 20.76357 
1.66752 52.64014 -34.24734 
2.290573 54.40453 -35.85578 
-2.250538 55.21363 -35.20061 
16.45506 26.26044 8.260753 
-6.520494 58.17567 -36.7053 
-3.661763 -9.805083 53.89256 
-58.39294 58.62926 -36.20837 
-19.55165 28.25226 7.190701 
11.33124 -0.1775404 19.85116 
-1.232686 68.12321 -34.95244 
6.298264 2.91504 8.98182 
1.330436 67.67981 -35.46671 
16.61503 28.91603 9.248489 
62.52865 71.99159 -35.85463 
56.28061 71.69035 -35.50903 
-50.90474 75.52865 -35.94139 
-19.80043 31.35665 7.743723 
60.55258 76.15884 -35.06506 
-1.027343 82.80736 30.0118 
-58.70358 76.5343 -35.22364 
60.0949 77.70419 -34.96898 
-54.30734 77.89514 -35.71902 
-55.39964 77.78822 -35.04806 
-38.79271 5.034859 10.64996 
6.923975 17.74728 28.90819 
54.1015 83.32062 -35.58365 
2.27391 55.61412 -35.06673 
-18.85893 31.07049 6.656861 
-6.348081 57.19683 -34.83448 
-0.3238446 6.856425 10.94452 
3.909554 66.18449 -35.02446 
31.01655 10.01886 10.90382 
2.647071 68.21697 -34.35126 
18.3499 35.54064 6.316617 
-35.19984 11.58873 10.83706 
55.88904 70.22354 -34.7641 
61.40652 70.25491 -36.41911 
-61.43817 71.55103 -35.90919 
-60.76726 72.8935 -37.02294 
19.36345 36.16858 7.969843 
28.07873 14.1591 11.76614 
-52.24272 76.65621 -35.10119 
-5.270337 6.646895 19.79049 
-3.891615 -6.706026 46.72727 
54.7742 80.71366 -34.64095 
1.20577 5.827554 19.22939 
52.35725 82.87472 -34.47038 
51.06281 84.509 -35.65485 
25.84873 16.53164 11.26679 
-1.385937 53.05474 -35.00557 
0.1961004 54.10824 -34.45332 
2.359762 54.04596 -32.53003 
-34.49072 6.448216 20.00972 
-52.85526 57.23928 -34.72818 
-8.291581 59.57666 -33.54005 
3.699856 69.88462 37.521 
-25.21294 41.98959 7.306772 
-25.34552 20.66956 12.93062 
4.251773 63.75793 -35.57136 
-29.56387 59.43324 17.67683 
-61.61522 66.26334 -34.53221 
27.61941 10.97162 19.56883 
-4.930201 69.07887 -34.51631 
37.62988 -49.71073 10.96441 
-49.74887 69.76871 -34.217 
-61.30142 69.59161 -35.47569 
-5.105667 70.61684 -34.63327 
-60.36705 70.8036 -33.39433 
-27.09369 44.30169 6.91316 
-50.51697 74.42908 -34.67286 
62.40472 73.71954 -34.58593 
26.27432 59.27351 17.97166 
20.61137 14.61069 20.37569 
59.71149 79.33164 -35.63307 
-20.74849 28.3364 12.01866 
57.49136 81.34393 -33.60303 
54.55859 81.53678 -34.27511 
54.24995 82.35075 -34.71035 
2.137696 53.20769 -34.1848 
3.811598 55.89211 -34.60968 
-55.46346 56.83727 -33.59351 
4.813143 56.4215 -33.38763 
-4.958041 56.91103 -34.08912 
7.024535 57.94055 -33.94614 
-6.97778 58.61199 -33.79476 
8.888141 59.87334 -34.11333 
-8.818435 62.34672 -32.34174 
-23.11088 38.67958 10.67692 
8.163335 63.25029 -33.18155 
5.280081 64.72431 -32.28395 
-24.47764 17.98537 21.63773 
-3.861752 67.02279 -34.09535 
-2.686585 67.283 -34.52217 
-3.411968 69.21295 -34.06382 
62.16643 69.22476 -34.26313 
-7.095761 71.21741 -33.98662 
63.5373 71.96365 -33.07452 
-49.52559 73.63436 -33.58627 
54.11406 74.98567 -34.04446 
-51.42539 74.13241 -32.76558 
-59.87072 74.03504 -33.82827 
55.73248 82.60382 -33.91776 
52.96404 87.56596 -34.28354 
0.1636018 52.61718 -32.78891 
-4.532129 55.10366 -35.12542 
-51.2097 55.76303 -33.99814 
4.233048 55.29166 -33.24989 
-50.22834 56.59104 -33.84648 
-55.44395 58.79675 -34.32755 
-39.49108 52.32771 7.263491 
-57.4 59.29326 -33.42793 
-3.636266 64.68844 -34.0787 
35.21012 49.12449 10.76132 
4.691973 66.85603 -33.18576 
12.43162 9.6199 26.16405 
58.26867 67.36402 -34.24094 
-61.59726 66.86181 -33.87353 
-19.62798 34.4322 18.05844 
4.167873 69.09821 -33.3398 
-17.46053 56.32767 35.61461 
7.197609 70.3565 -33.40275 
41.39771 53.55152 6.693489 
-6.542012 69.90817 -33.18879 
-49.15484 70.42201 -32.84556 
-49.64056 71.67757 -32.20379 
-49.95006 73.23586 -35.42136 
40.33015 56.88854 8.002797 
-6.299005 72.17883 -33.76394 
-59.58309 72.6769 -32.72653 
-34.52036 53.34012 10.47126 
59.27797 80.48364 -33.4363 
53.91409 80.03965 -33.87327 
55.55186 81.56113 -33.56091 
41.2215 59.6687 5.362479 
-39.8361 57.52813 7.138954 
22.06017 42.17852 20.77753 
-37.98153 60.22271 7.991652 
-1.942354 71.91502 37.20711 
1.616797 52.02177 -32.09536 
4.083407 54.14728 -32.83123 
-53.42989 55.45661 -32.96041 
23.32678 44.23964 19.49984 
-40.6394 -32.99477 17.26768 
-4.411125 56.70387 -32.88758 
-51.87359 58.53836 -34.89557 
-48.59504 63.75305 -32.60211 
-7.60183 63.51378 -33.86412 
14.47725 40.61192 30.75001 
-48.12679 66.82915 -32.77754 
-6.492983 67.56889 -32.85831 
6.604628 68.46796 -33.49722 
-61.73003 68.81211 -33.62675 
31.56872 -31.77553 16.95946 
-2.627542 70.2319 -33.12821 
-29.25422 57.04268 20.82828 
60.6097 75.66784 -33.91502 
-55.36698 76.26957 -33.1753 
-52.7218 76.21769 -32.5475 
61.08599 77.84068 -33.76502 
-22.85366 53.16987 28.24524 
51.85491 80.58939 -32.36829 
57.0522 83.0425 -31.634 
55.03858 86.3641 -32.60464 
49.49022 89.65987 -33.34855 
-29.81676 61.20616 18.95209 
-51.52265 54.5713 -31.64361 
6.931869 58.1878 -31.81297 
8.042813 58.91512 -31.58225 
-60.02295 60.7062 -33.02232 
-49.90169 61.27253 -33.65305 
-5.787284 4.16056 29.91531 
-61.37006 64.73416 -33.11555 
-19.12945 44.12589 29.73359 
-4.175083 65.95594 -32.46112 
-27.42208 72.05119 11.48668 
56.9062 67.54456 -32.145 
6.863346 68.27213 -32.12169 
22.05389 74.72891 11.14953 
55.15739 69.40378 -31.74556 
3.339962 70.37415 -31.84314 
-26.22668 68.85605 20.48368 
-1.429703 69.90144 -33.74545 
21.16669 76.20669 11.00069 
55.15257 73.20499 -33.5175 
18.61051 78.56989 12.12681 
-23.30701 55.43602 28.41425 
18.02578 80.3913 11.70005 
-21.0531 48.5593 29.57076 
16.34658 81.08592 11.83496 
52.40417 82.14527 -33.55367 
57.17436 81.29681 -32.66762 
-40.25633 55.2897 7.221239 
51.37272 85.8727 -32.44315 
20.78205 75.81284 18.67117 
49.96259 88.63683 -33.36068 
49.32175 90.54968 -31.85802 
-1.512976 52.00078 -32.44007 
-49.34832 55.0265 -31.73012 
-20.61614 77.49365 21.77038 
-25.28246 72.45405 7.068852 
-60.02215 62.05797 -32.16953 
31.65232 -35.00945 18.85626 
-47.3162 64.65876 -31.44977 
-6.755974 64.31463 -31.6877 
5.818303 64.13019 -32.99625 
-6.217915 64.75549 -32.30934 
21.41442 73.60897 6.91391 
-7.900025 68.50444 -31.91592 
59.94774 67.56097 -31.95745 
-47.17888 68.88843 -30.9748 
62.84754 69.67151 -31.55399 
8.66944 71.18963 -31.63364 
-47.34618 70.35169 -32.16475 
5.389926 15.34343 28.2058 
-1.725371 66.20466 38.82275 
-16.05768 82.57353 20.88373 
-13.74944 83.17837 20.53827 
-4.323308 72.34307 -32.95564 
23.26649 71.71314 17.42956 
-57.2351 76.3998 -33.50432 
53.59559 76.71152 -33.48338 
61.59678 74.95181 -31.57076 
53.5852 78.60177 -32.78546 
60.08331 80.06703 -32.55776 
51.6453 83.4771 -32.5794 
51.62505 84.99109 -31.51744 
14.82449 81.11678 4.979212 
48.56026 89.18932 -32.43066 
9.390749 54.32107 37.32752 
-3.35106 52.57534 -31.92487 
-56.14264 56.20502 -32.46566 
-48.81855 55.72214 -31.03767 
-22.74999 58.02747 30.81263 
-50.94993 58.70982 -32.26596 
-59.1128 58.54238 -31.64087 
-60.32817 59.38599 -31.3195 
8.877059 62.34878 -30.24869 
-6.633567 66.09941 -31.58598 
18.33408 -52.84756 10.56593 
-3.882443 88.94865 18.43787 
-45.9422 69.81747 -31.89132 
-17.56212 59.2279 35.41283 
4.950093 70.42111 -33.30335 
3.282462 4.395159 29.67586 
-50.13166 -49.66183 11.04804 
6.532461 71.98801 -32.02674 
-3.057925 72.62654 -30.72032 
-7.312369 73.22407 -30.60167 
62.66632 73.85107 -31.74638 
-58.47367 74.12514 -32.21765 
14.79851 83.03146 8.297663 
29.06525 -53.67663 20.80768 
-53.78834 73.90582 -30.71029 
61.15904 77.63286 -32.41238 
-37.70142 -53.35976 18.85745 
58.08121 81.32743 -31.77077 
-30.36082 -52.73871 20.67657 
-1.748246 50.98047 -31.34965 
25.49163 45.73733 10.78965 
19.2109 67.3233 29.90678 
-5.762814 54.83263 -30.68572 
-6.516494 56.95465 -32.43204 
-6.441938 58.39528 -31.25062 
5.787577 56.6274 -30.2039 
-48.65569 60.6671 -31.55632 
13.78484 -52.36741 20.2579 
-61.03717 61.92258 -30.53603 
-4.186069 0.3042148 44.99157 
17.7643 -52.75972 22.43622 
21.12814 -52.82729 19.59652 
-26.14661 -45.71358 11.67809 
5.384213 66.3055 -31.61672 
-59.35252 69.46558 -29.89348 
-9.642896 88.11893 7.683288 
18.19966 35.18123 19.02693 
-22.08497 -28.23449 15.59681 
8.59605 70.16197 -30.30644 
-8.66986 70.71397 -29.54115 
-52.20223 73.47461 -31.12521 
29.99176 -47.34578 20.21361 
-18.69114 18.38218 24.74522 
62.12748 76.85176 -30.37966 
-5.97389 90.26493 10.76895 
51.29729 81.71883 -31.37688 
57.84582 83.1739 -30.56736 
51.09566 86.40049 -31.31117 
-18.36929 71.97829 29.9304 
22.98596 -43.1263 11.43564 
-4.180614 55.00054 -31.39569 
-53.82029 54.06784 -30.93823 
-47.70805 54.34068 -29.3514 
-58.3262 57.65126 -32.2752 
-8.748397 60.8768 -31.94127 
-32.37313 -53.84737 7.49102 
7.471337 65.91644 -30.3346 
19.36745 78.06056 16.9224 
-60.19889 65.68566 -31.0873 
59.3852 66.73666 -30.77949 
-27.87269 -9.871302 17.75451 
-37.76261 -41.71635 19.48764 
-60.25864 69.71995 -32.31152 
-7.449333 70.63005 -32.47781 
-21.27508 75.85967 6.852483 
-0.1969904 72.12921 -30.36371 
23.62015 -35.68226 11.56432 
-50.6791 72.58396 -31.54267 
39.80156 -53.9139 6.725389 
-15.37561 74.34261 29.82282 
-56.21225 74.90195 -31.14484 
-49.89425 -53.09357 7.804727 
15.27301 75.07424 29.70241 
58.39124 80.64405 -30.70275 
60.33047 79.48054 -31.51517 
-46.04197 -53.25818 7.189706 
54.31585 85.38422 -29.90152 
-4.12017 45.64704 35.06562 
-37.74639 -39.06229 19.18553 
52.6491 87.92665 -29.451 
13.79857 -37.30125 18.49681 
-40.4613 -35.22355 11.37751 
-22.71135 -34.4002 11.24547 
-19.80083 95.28881 -31.42367 
16.85704 80.41962 16.06531 
0.8238589 51.1454 -31.38895 
12.85591 -34.26863 19.96009 
-49.22604 53.69031 -30.30351 
-4.397962 51.98537 -30.57842 
4.187626 53.66198 -30.82768 
-57.39768 54.76851 -29.54154 
3.908878 56.43132 -31.44489 
-49.56071 57.41963 -30.18704 
-17.23303 19.08477 26.12473 
-7.229553 59.51395 -30.96287 
-48.23676 58.82421 -30.04112 
8.498848 59.98439 -30.2397 
-21.3284 -31.54128 11.79233 
14.34602 -31.29519 11.53855 
7.204451 83.98383 24.21088 
-46.96403 67.89326 -30.40806 
55.39865 66.95734 -30.32771 
-18.40383 20.66326 25.04747 
-44.04743 70.7213 -29.99346 
63.50435 70.07607 -30.35002 
-8.039062 72.46507 -32.22531 
-47.23648 72.591 -30.10506 
13.233 -28.43593 11.28914 
-20.73794 -29.29 10.53298 
6.002738 73.25809 -28.99742 
-58.99205 73.07076 -30.79575 
-4.580028 73.44437 -30.31293 
12.71054 -30.90553 20.03152 
-41.92908 -25.81203 11.91461 
60.73509 79.09997 -30.36368 
51.19653 81.74221 -29.53993 
56.07814 84.89281 -30.28729 
-6.700622 -4.663404 52.18944 
41.55184 56.74007 6.467695 
-11.97656 87.12401 -30.7489 
-13.8629 88.61752 -30.30024 
3.270124 82.19237 29.86024 
-14.63168 90.02872 -30.89617 
-12.3292 91.20123 -30.17868 
-15.50949 90.68314 -30.26819 
-17.03494 92.47367 -30.87186 
-16.80777 92.97933 -31.07112 
-22.63318 -24.5711 16.9746 
-16.42487 82.83086 17.53179 
-22.73411 50.26026 28.05484 
-17.06292 95.82079 -30.31738 
-21.44012 96.098 -31.28633 
14.3453 -21.63739 10.31864 
3.676111 52.0658 -30.2075 
14.57197 83.50201 17.66416 
-59.66986 57.46017 -29.90607 
-8.531531 83.75805 25.79847 
33.23013 -18.7837 11.18432 
6.067161 57.96873 -29.8205 
6.48946 59.63912 -29.41063 
-60.9081 58.82199 -28.78089 
-24.32017 -22.74631 19.1602 
-8.780542 62.17185 -29.81361 
-60.30049 63.48223 -30.98286 
-8.630916 63.04019 -30.65083 
7.793523 64.085 -30.40233 
-46.00632 66.02575 -29.54752 
-41.70403 -16.88603 11.88715 
-46.5125 71.39029 -30.65403 
4.264038 72.71894 -29.52648 
12.95058 -23.3662 16.89751 
18.24508 -49.82522 9.913893 
-50.02215 73.70445 -29.97829 
-4.481636 75.10297 -30.38612 
17.41695 -52.80735 31.76075 
-2.793782 74.42159 -30.71614 
52.92007 75.94466 -30.07847 
21.56591 -53.27318 29.67481 
51.35076 79.17472 -31.12551 
50.86811 79.28589 -29.67649 
-50.35665 -47.83586 5.804569 
49.92729 85.41584 -29.72897 
-24.90455 -53.17231 16.90655 
-5.53945 -4.774497 45.69454 
-18.26118 93.56953 -30.72917 
-18.72571 53.55228 34.48125 
-21.24089 95.38055 -31.18394 
13.68424 -8.683723 12.17933 
-48.40854 -47.27124 7.269251 
-16.4217 23.83574 26.14812 
-58.36504 55.37608 -28.67 
-46.60012 61.05278 -29.67405 
-61.60072 64.79711 -29.47991 
-8.551064 65.05011 -29.9946 
57.04442 66.00618 -29.33637 
-38.99141 -4.606044 12.23222 
8.916744 68.41624 -30.19548 
-60.03984 67.00127 -30.12921 
-44.01374 69.21666 -30.06822 
-14.33835 -4.6882 11.17544 
-44.62162 71.37176 -28.74668 
-58.38432 71.41281 -29.25819 
17.57985 -18.73477 21.06252 
-12.89395 -2.439375 11.554 
8.142294 72.85537 -29.05479 
-35.00827 -17.24347 20.50923 
63.31187 73.04196 -29.68793 
-53.62551 74.30579 -28.69603 
3.970406 74.6966 -29.98126 
-5.80005 84.70236 24.62215 
0.5658661 74.28735 -30.55465 
59.16112 79.99448 -28.67013 
58.14149 82.12092 -30.05147 
50.23555 83.71085 -28.21032 
-44.83666 -45.19073 7.558036 
17.33297 -45.95419 30.57877 
51.2314 89.74477 -31.07953 
-13.97379 89.64241 -28.89805 
21.39415 -38.28978 30.79274 
-22.52118 96.20604 -30.20846 
-3.569421 52.96058 -28.38985 
4.88722 53.67476 -29.22596 
-6.729208 56.32988 -29.34216 
-5.930185 -3.137684 43.52734 
20.08397 -13.78021 19.69315 
11.98098 -4.029624 18.08716 
-7.385952 61.51468 -29.53797 
-61.60276 63.23423 -29.03052 
8.554935 64.08531 -28.44889 
23.46522 -37.54896 30.32487 
55.20373 65.72113 -29.44908 
25.26447 -44.6123 8.510011 
60.02327 66.11238 -28.01633 
-8.33436 67.78687 -30.24022 
23.0799 -12.32568 20.07593 
-4.768322 5.39696 10.61198 
54.18414 68.00526 -29.4519 
63.02843 70.41377 -27.90378 
63.40299 71.29966 -30.72932 
-56.04787 73.45126 -29.63341 
20.32232 -11.33434 19.53127 
-8.86023 72.37482 -30.24974 
5.948153 73.49638 -28.70263 
23.33678 -10.49017 19.63785 
-8.525092 74.06892 -28.13374 
-51.23454 74.1921 -28.87949 
-6.149513 75.15102 -29.79815 
-8.798165 75.49067 -28.3539 
33.31242 5.589144 13.41161 
-3.420021 76.17885 -29.41071 
59.1926 80.9939 -27.94106 
11.79734 84.04944 -29.07789 
-32.46183 -44.6959 6.318311 
12.38004 85.59226 -29.35622 
-10.97601 87.90263 -30.22986 
12.3238 86.61713 -29.46928 
-34.40152 -42.94324 7.203009 
14.66376 26.35071 26.30385 
13.99514 88.44394 -29.26912 
-32.387 14.29127 11.42939 
15.87751 91.94234 -29.10684 
2.835308 1.811711 30.74501 
0.9819196 -3.333829 46.41272 
-27.78325 17.20502 12.36702 
-0.2155278 51.56348 -28.81025 
22.19235 18.3288 12.10224 
23.72169 17.53578 11.95559 
-52.87817 53.58334 -29.71913 
-1.42589 85.9887 25.43396 
-34.56574 -40.28476 8.115894 
-31.80942 -39.74303 7.420365 
-7.784946 59.0369 -28.90214 
-46.86786 58.20557 -28.54074 
-61.93925 60.99724 -28.56153 
-24.37794 21.58946 10.30243 
-61.30286 66.611 -28.92023 
-45.6813 68.27923 -28.6578 
-60.73365 67.97746 -28.50049 
-33.42241 -38.35335 7.216579 
62.07168 68.46658 -30.17299 
3.309267 9.359018 29.33309 
1.964612 9.287637 31.22022 
-30.66442 -4.609445 20.02913 
-4.02481 11.65945 30.54092 
-7.088899 76.50398 -28.79264 
51.14114 76.5936 -28.01908 
-4.788355 77.24502 -28.67972 
-28.13578 -37.56022 7.113277 
11.06956 83.55396 -29.29714 
-18.06354 75.10487 27.77381 
56.48291 84.8566 -28.61455 
-8.861666 85.22723 -28.59067 
48.86749 87.44968 -29.8409 
19.40792 36.2205 12.52515 
20.77789 -31.17428 28.73237 
-10.0707 88.81373 -29.77823 
16.04428 90.76096 -28.84179 
-11.35159 92.71105 -28.06775 
13.74497 89.13956 -29.261 
-16.60638 92.32974 -29.33786 
-27.92769 -35.9342 6.156247 
18.68139 94.04646 -28.91188 
-14.12954 95.13079 -28.5908 
-17.65648 96.82942 -29.33887 
2.928737 46.44323 37.46151 
-50.09232 52.83993 -28.25135 
2.240211 52.98555 -27.8553 
-48.13011 53.43964 -28.91762 
-59.21783 55.58287 -28.11802 
-27.64559 45.68731 10.51354 
7.119928 58.50738 -28.16678 
7.169523 61.21329 -28.38428 
0.63537 16.58379 30.50589 
30.94453 1.36785 18.8993 
-10.0121 62.53292 -27.88784 
-4.108162 16.757 30.37136 
-45.18611 62.96944 -28.0985 
-10.05442 63.27837 -29.05198 
-62.21562 64.10191 -27.84188 
22.86874 43.29649 17.60547 
11.45944 68.04707 35.58603 
27.26277 -31.29172 7.453734 
-28.96649 49.1939 12.09538 
53.87182 72.70224 -30.70494 
62.90829 72.80443 -27.17293 
24.71262 -31.49883 7.538155 
5.955717 3.156275 19.40721 
-1.908207 76.69957 -29.04049 
-11.32794 85.67044 -29.62692 
12.25994 85.08598 -28.45469 
-16.4448 75.51405 27.90607 
-10.47929 3.013068 19.76675 
3.960693 4.706776 20.29936 
-7.555129 4.455492 18.4476 
49.44032 88.48296 -28.75666 
0.9017526 18.0861 30.13199 
12.09708 89.87862 -27.40711 
16.66483 91.75014 -28.57552 
14.83133 79.23048 26.36168 
24.99179 -52.86687 14.3758 
-32.25727 55.87041 11.84817 
20.9117 -29.63219 6.663642 
-21.27079 96.65501 -28.10115 
-51.75525 52.72548 -28.59316 
-4.853582 6.672156 20.47774 
1.041747 52.73636 -26.60952 
-56.48724 53.98828 -28.17131 
36.53698 47.54733 8.858113 
-5.13678 53.15104 -29.54083 
5.539293 55.02229 -28.80063 
-40.94555 -30.56965 7.018872 
-48.31306 56.33663 -28.3229 
-7.927604 59.10756 -28.25156 
-61.91519 59.25566 -26.61243 
27.39151 10.51176 21.04388 
-10.98844 67.85771 35.795 
-33.01822 11.55958 20.188 
31.96563 61.45626 12.12208 
-11.12694 67.43549 -27.70229 
55.5147 65.1678 -27.80568 
-1.89191 18.41374 30.31145 
54.21334 65.70252 -27.7781 
58.77999 65.33778 -28.97069 
-1.298866 -7.520575 53.54045 
8.7005 67.0762 -28.14289 
-9.710413 67.42571 -28.6655 
26.43713 12.99159 19.0324 
-32.84462 -52.69165 18.25504 
24.44771 13.28548 19.50497 
-57.59155 72.58583 -29.35063 
16.66148 38.68737 27.01662 
22.25915 13.46332 19.9956 
62.73064 75.46776 -28.56477 
-0.02607406 77.37853 -27.01781 
1.726423 77.02356 -28.10445 
19.36891 39.25774 25.52536 
10.78478 82.17596 -28.72662 
17.08647 -28.12133 7.367364 
-10.54471 85.43063 -29.87325 
-28.18938 16.21453 19.4039 
30.37741 -29.29876 8.877909 
-10.63928 82.79745 -27.47579 
-39.86684 -32.77263 19.27093 
54.11258 85.33162 -27.69901 
-11.72341 86.56318 -28.14533 
9.008543 67.46718 36.53263 
-17.82508 92.71684 -28.00773 
16.01693 91.64227 -27.2902 
-22.47045 94.22663 -28.40959 
17.43095 93.02803 -29.37646 
20.38484 95.42623 -28.24488 
-54.82327 52.94118 -27.66598 
-53.16167 52.16399 -25.77883 
31.55542 -25.77221 7.314716 
-46.99462 53.62672 -28.1036 
-17.70053 83.03182 10.76614 
-20.30167 28.78309 19.79915 
17.19995 29.13586 19.66268 
50.16085 62.6129 -27.8534 
51.05633 62.67738 -27.95967 
-44.90607 60.83147 -27.04373 
52.07975 62.12027 -27.52025 
51.60302 64.405 -27.58345 
-10.75516 25.11427 30.65903 
9.866224 25.92557 30.57483 
52.72525 66.31146 -27.2824 
-23.47036 -51.60367 17.50749 
-45.00462 67.30408 -27.29778 
62.24506 68.32729 -28.13001 
-60.12599 70.08009 -28.16135 
8.610571 70.35804 -26.38302 
9.150396 71.50617 -28.30116 
-45.9407 72.87296 -28.04856 
-55.43653 74.19553 -27.96448 
-48.34253 73.24633 -28.8494 
-22.38465 42.04605 26.4367 
22.18366 39.71675 21.81359 
3.496578 76.54639 -27.66323 
-24.07619 -18.83606 16.43007 
1.64347 89.97884 12.40879 
-8.469663 77.25242 -27.89987 
-8.850936 81.61724 -26.62236 
57.35864 83.69485 -28.39084 
-30.64708 -53.59464 11.15162 
-28.83349 -53.1082 11.35192 
49.23046 85.92941 -26.59967 
51.88556 88.43079 -27.9761 
19.46387 42.14944 25.35945 
13.33745 87.93585 -27.7161 
14.37037 92.87646 -27.4213 
-9.225312 32.26295 31.19989 
-19.77463 97.19505 -28.71238 
4.780416 55.98816 -26.69872 
-60.82059 57.71767 -27.4543 
25.53466 56.61177 20.11457 
50.1009 60.49073 -27.70378 
51.41125 59.65699 -26.78931 
52.75961 59.58795 -26.93704 
26.03853 59.50677 19.36945 
49.31449 60.8326 -27.29653 
-0.2002402 49.3349 38.28599 
-8.551016 61.8418 -27.93688 
49.91405 62.87489 -27.44748 
54.43718 64.53683 -27.29391 
53.22523 62.23035 -27.57503 
-22.24891 43.67184 25.67069 
-15.29472 33.68929 29.00054 
9.487646 65.89726 -27.04912 
-28.79414 63.77592 18.39594 
37.20877 49.31741 9.865509 
-61.12321 68.06226 -26.391 
-43.12527 68.9463 -28.27011 
-48.82311 -46.79167 11.46216 
-26.43494 -48.81538 13.19078 
52.84404 73.83248 -29.28423 
18.66588 -45.68499 12.39563 
8.403654 75.91793 -27.27563 
-11.25688 37.30413 30.35086 
-25.69548 71.97186 18.94251 
8.808729 37.59719 30.59421 
-42.56308 -14.64203 7.384717 
-2.905099 77.73695 -27.05546 
5.369392 77.25739 -27.63908 
-4.322104 78.58448 -26.79688 
32.77999 -13.78491 9.024014 
-1.659717 78.00468 -27.16863 
-24.08507 74.08498 19.05548 
8.227706 83.1316 25.69893 
58.89119 81.05558 -26.09623 
-13.99479 36.67588 28.48061 
11.44507 82.78985 -28.02185 
55.84765 83.68141 -26.6193 
-41.69719 -13.45157 7.917486 
25.85405 -51.62284 24.82979 
-21.00938 92.17866 -26.90853 
-42.40926 -42.9306 12.55464 
-23.49194 46.00913 25.72783 
-30.626 -52.96172 25.3217 
17.13033 95.47202 -26.77193 
-14.30383 40.00185 29.99584 
18.97642 96.51196 -26.42547 
-22.41724 -9.093369 5.814785 
14.86964 82.01065 21.00025 
27.35122 -43.80624 11.35675 
-7.191081 59.73034 -25.75142 
48.60103 59.89469 -25.9889 
48.76609 60.64529 -25.75031 
-19.11869 42.80752 30.5858 
-7.411917 84.5205 26.31213 
-12.06456 63.99195 -27.0899 
56.82404 64.46717 -26.85829 
57.97644 65.29886 -27.31371 
-59.67197 70.91373 -25.93484 
19.33571 -36.53254 11.9025 
52.68947 68.91554 -27.42873 
21.36523 -36.09801 11.66953 
-18.78102 48.33619 32.00208 
51.09161 72.03764 -25.72103 
-58.45667 72.39449 -27.73111 
-56.08168 73.59945 -26.23467 
-54.97631 74.16891 -26.15433 
5.01665 87.54493 18.29554 
6.464128 86.93737 20.73857 
61.05089 77.49806 -27.54527 
50.94032 75.23803 -26.88446 
-5.684152 78.48092 -26.1309 
-0.1045922 78.77113 -27.04895 
-40.89579 -3.316168 8.133394 
-39.72341 -25.75876 19.63797 
-1.151638 79.83827 -26.26064 
10.43497 81.13884 -27.85361 
-9.838423 81.08273 -26.62891 
-1.029342 87.65907 21.66952 
49.06076 81.34293 -27.17702 
18.36289 49.31632 30.09695 
11.56472 85.36203 -26.79675 
54.04125 85.5742 -26.48013 
19.98475 52.6023 30.55813 
30.39016 -31.76876 11.27183 
-20.31695 94.90805 -25.76869 
-13.60019 95.50012 -26.92087 
-14.89717 96.26747 -25.1822 
-51.62775 52.25532 -26.66924 
17.0129 -43.74726 28.78463 
-59.23695 55.69697 -26.05458 
-2.824594 53.59824 -26.52971 
-5.506214 56.53717 -26.25664 
-45.57135 57.74066 -26.52183 
-23.90629 -46.94102 17.39125 
-45.09287 59.29302 -26.58158 
54.46331 59.89068 -26.24831 
56.41307 62.26933 -26.7143 
14.89956 -45.23977 18.7536 
-62.06334 62.13653 -26.94345 
57.765 63.06004 -25.84837 
22.3064 53.82519 27.00063 
8.737794 62.68324 -27.83602 
32.27587 -25.72867 13.31974 
-42.27389 69.07806 -26.78092 
62.15926 68.7152 -26.3158 
-10.1615 69.87117 -27.98024 
9.598924 71.67915 -25.02257 
-41.60144 -23.36883 12.82516 
-41.48858 -22.58056 10.6528 
-48.49325 74.13309 -26.21272 
-52.27475 73.94527 -28.1235 
-9.879545 74.14816 -26.28494 
62.18639 73.3869 -25.79266 
13.94622 -20.87947 14.44123 
7.963887 76.90888 -26.74697 
4.53852 78.10421 -26.14816 
-24.9773 56.40073 25.56379 
2.14266 77.46199 -26.78309 
9.538419 78.3046 -26.07499 
-24.98842 -44.4731 18.40724 
11.06426 80.71685 -26.98837 
-41.73246 -18.52442 12.30969 
8.302531 82.31033 -25.71728 
9.231193 84.78285 -27.66129 
-14.23952 89.32864 -26.20373 
-36.10003 -43.82062 20.55453 
-17.33843 90.6842 -25.90081 
-20.99016 91.41943 -25.85184 
-21.32185 92.91331 -26.66745 
-28.73184 -14.26471 16.36777 
23.22108 56.72871 25.75634 
21.91259 96.11685 -26.9506 
-49.81771 51.12354 -25.65856 
-45.48536 52.57494 -25.41328 
-1.481309 52.87434 -26.91429 
-46.93147 55.24681 -25.80112 
5.108479 57.64156 -24.61721 
1.110168 4.995754 7.795618 
21.60619 -51.92137 29.93159 
6.550254 57.50295 -26.83029 
-36.28015 -37.67984 21.6714 
21.91648 -53.66049 28.13287 
13.9783 -39.6541 21.01765 
23.27456 -53.21123 27.56225 
8.445558 62.62465 -26.49506 
-11.44907 63.20842 -25.04408 
-62.41221 63.72094 -26.45923 
18.28717 65.43708 30.45345 
51.30839 64.67384 -26.80436 
-25.80774 59.10404 25.8414 
51.22221 68.91388 -25.76729 
-42.27138 69.49368 -24.32785 
-43.57365 70.81376 -25.41295 
62.58035 71.38158 -25.42542 
-57.49957 73.22247 -25.92995 
8.615929 73.88834 -26.1742 
-24.33113 -34.5736 19.89266 
-53.18559 74.41245 -26.2837 
32.96742 -8.466605 12.26102 
-10.7149 76.04524 -26.21725 
17.66426 68.81059 30.38002 
6.140981 77.91403 -24.91065 
51.05674 78.74639 -27.26713 
2.917366 79.25832 -26.40273 
2.087334 50.99158 38.19242 
-8.647621 79.21867 -26.13592 
-3.868819 79.96409 -26.57619 
-31.57742 15.37064 10.39589 
-6.929402 80.82943 -25.53233 
-23.17103 -25.79372 18.40752 
17.10531 71.11192 29.12363 
57.88729 83.17278 -26.29917 
-34.70235 12.38527 9.404116 
49.19043 83.46125 -26.41885 
52.77125 86.4019 -25.05334 
-7.423903 87.01283 -26.60357 
15.85628 -43.52336 18.91341 
29.66078 -44.5743 19.53549 
-20.61186 90.91206 -26.08155 
27.93965 14.23447 9.236712 
20.47977 96.72566 -24.92425 
28.57766 -43.49343 19.04854 
-55.6562 52.71229 -24.32661 
-57.64457 54.65508 -26.98545 
3.06109 55.09166 -26.05203 
34.163 -1.366942 11.89657 
52.15157 57.70945 -25.44197 
49.19177 59.02823 -26.28179 
7.895129 59.98105 -25.55586 
-14.4795 76.516 29.9264 
14.60019 -24.81557 22.44159 
-38.40681 -23.80969 21.13313 
-63.20992 62.17991 -25.60819 
58.26163 61.50079 -24.2272 
50.20766 62.71214 -25.14054 
28.4057 -41.43086 17.79387 
-62.11049 65.62466 -25.89372 
-44.30989 64.0606 -26.83451 
50.12764 66.97485 -25.06405 
-0.6790333 -0.9511133 47.74223 
-41.60409 67.49586 -25.43228 
-13.22365 70.56621 -24.29355 
23.13642 61.70638 25.12704 
-45.78401 72.60111 -26.64218 
9.772239 72.51105 -26.22606 
-34.522 -14.48115 18.25351 
10.3705 75.77065 -25.134 
59.9214 79.78277 -25.25392 
3.822169 80.1782 -24.67762 
7.471485 80.2741 -24.6553 
-6.107675 81.68232 -24.5881 
-10.73239 81.13708 28.83426 
57.73141 81.59631 -24.27971 
-10.53046 82.97133 -25.47708 
10.35283 83.23711 -25.10515 
19.12007 21.17215 5.899985 
-11.65066 86.1772 -25.22024 
49.62061 84.80017 -24.31312 
-5.829076 73.20836 35.63718 
-36.32793 9.673375 11.43743 
-35.3133 12.14935 11.99566 
-24.75 -49.00269 25.37193 
15.66118 90.29176 -24.55735 
14.25788 94.03951 -25.77762 
-19.48006 24.58334 7.2134 
-25.78131 62.75269 25.92513 
19.30302 93.92438 -25.97744 
22.19964 95.50439 -26.50092 
-40.31337 -29.71064 19.14231 
-44.66467 51.59045 -24.13223 
-2.427388 53.76548 -22.94715 
-62.35784 60.91028 -26.05414 
-18.20591 27.06171 7.217704 
7.645582 62.0549 -23.44425 
8.872845 63.01026 -23.76386 
-12.66719 64.46669 -22.63851 
11.47957 64.32854 -25.11501 
50.42716 64.22266 -25.4028 
-13.10638 65.1603 -24.45827 
-61.60632 67.09969 -24.00653 
17.74297 32.96713 7.634445 
21.4651 -8.129677 20.63646 
-46.33797 72.75566 -22.96087 
-44.79314 72.32077 -24.3751 
61.78937 74.61217 -24.69534 
24.33793 -8.386115 20.34717 
17.99586 33.81275 8.945889 
60.06938 78.22574 -26.29686 
10.61107 78.46818 -25.23988 
-7.105673 67.7309 37.64726 
-20.54153 29.64313 13.47564 
59.25108 78.88094 -23.63437 
-10.31931 80.80355 -25.97875 
0.005726014 80.71766 -23.73874 
48.92168 78.07138 -24.36277 
17.74093 31.63682 10.50422 
-6.847984 82.38628 -25.11826 
48.55313 81.56993 -25.46453 
12.94554 87.67953 -25.52375 
-23.18607 4.033926 25.92333 
15.12393 -49.73201 31.6923 
-21.66712 37.25753 12.87509 
-4.548972 73.10785 36.49165 
25.93085 -5.480151 20.40819 
-28.57239 -5.908822 20.04471 
-11.47397 93.77573 -25.51351 
22.00674 40.14081 11.78174 
22.81429 55.53239 27.45707 
22.32637 95.67809 -25.46185 
1.098018 61.39707 39.44283 
21.68036 40.67516 6.447409 
-17.45038 96.4305 -25.19862 
18.93124 96.30186 -23.986 
-19.53123 -5.210851 20.69467 
-46.95436 52.17501 -26.84671 
19.78804 -46.59597 30.4545 
-7.624692 14.68544 29.24255 
-23.24852 69.73929 26.07492 
-4.780649 55.94875 -23.15511 
3.877152 56.49872 -24.1232 
25.13244 45.50155 12.59651 
26.99505 -4.395089 20.97365 
-60.42999 57.47933 -25.05503 
54.55226 57.8443 -24.25458 
56.85382 59.66162 -25.02858 
6.62319 60.33418 -23.72416 
16.51261 80.89063 8.440688 
-63.44859 60.2266 -21.76818 
49.40395 61.27952 -24.66512 
-9.003448 61.97955 -25.48276 
-63.29678 64.11566 -24.77024 
-18.19361 -3.506063 21.02046 
34.22677 49.02116 12.01111 
58.86333 64.86713 -25.47256 
-44.03716 66.48528 -25.4436 
-5.980204 14.33226 29.12792 
61.0091 66.95217 -25.22495 
-31.60336 51.99409 11.65158 
61.94833 69.96451 -24.63182 
-4.535079 75.21397 35.5982 
13.30272 -2.44817 20.25074 
-55.88572 73.45725 -23.32699 
-50.81203 74.12779 -24.50863 
-53.09546 74.44365 -23.90936 
11.51548 76.00354 -22.98878 
-10.08582 78.11817 -25.84694 
5.771524 79.22958 -24.85348 
-9.489779 80.8575 -23.2224 
-3.373694 81.20196 -23.32286 
-34.23105 0.05585022 19.65296 
7.564963 86.29547 -23.75078 
-26.56108 -48.5401 25.52652 
-18.7832 87.60169 -24.32991 
-8.483071 90.09375 -24.5972 
-0.9850459 -6.642822 46.89827 
12.15694 92.40149 -24.79379 
21.89339 93.62466 -24.16629 
-12.98667 94.84592 -23.73743 
15.41992 95.00142 -24.57013 
34.02831 62.53932 10.62525 
-52.66508 51.23994 -24.34792 
-56.92706 53.53745 -26.37016 
-45.33388 53.30708 -25.03665 
-29.72655 63.12547 11.74015 
47.23735 57.21141 -24.05537 
39.7024 50.17481 7.438249 
-34.47493 50.22593 9.345641 
-6.070642 57.24006 -22.64132 
10.69675 63.14693 -24.6904 
-43.78444 62.71088 -25.784 
-62.6591 66.5144 -23.07019 
-40.11356 66.09617 -23.23257 
11.98961 66.21328 -24.48769 
12.03664 70.80933 -22.89043 
-60.1378 70.06903 -24.42761 
60.99417 72.32231 -23.31967 
-25.17457 -25.27535 20.22486 
-21.24459 78.95946 11.9961 
-10.01097 72.44228 -26.89366 
9.417047 74.54652 -25.18092 
-0.9640721 5.778773 20.48789 
-6.121408 -4.227443 48.10145 
-10.22657 78.68053 -24.07052 
13.94904 33.7824 27.81165 
10.44998 82.65882 -26.12127 
56.1124 82.48412 -24.86122 
-18.26853 82.51544 13.26179 
1.93922 13.05999 29.84521 
48.29892 83.36555 -24.01543 
15.23931 -40.18041 26.07292 
51.59913 86.54251 -24.74326 
28.34036 8.678164 20.73951 
-13.04347 85.33605 -23.02994 
-20.03629 89.3373 -24.58105 
-34.12685 8.373368 20.62934 
-25.0103 -10.56161 16.67306 
-1.299592 12.07816 30.89509 
14.55317 81.66264 7.17223 
16.71911 88.69716 -22.43948 
8.19416 14.03771 26.72381 
-40.23727 -34.96328 17.46702 
-32.10511 13.1998 19.22191 
20.6187 95.63758 -23.73036 
-48.77542 50.97834 -24.40756 
-47.02274 50.49429 -23.32018 
-39.32016 -38.96154 10.53259 
-57.21681 53.75559 -22.58132 
-45.63387 54.89341 -24.18472 
2.31241 54.47142 -24.27397 
4.268565 56.17337 -22.00939 
48.66681 57.06912 -24.87717 
-30.17164 14.22166 21.03927 
-60.94733 57.7886 -23.34094 
56.58261 58.01867 -22.99314 
-43.4722 58.69311 -23.94269 
6.832801 52.39197 37.59135 
-43.35302 61.20624 -24.29246 
0.8868037 1.858505 40.36971 
-39.21878 -36.94876 9.579116 
-36.05623 61.41603 7.788126 
60.6611 65.62311 -23.04925 
60.13059 66.26267 -24.40562 
-13.35057 67.16489 -24.89821 
-25.67668 -39.25264 9.823777 
5.034656 19.27692 30.57032 
26.36614 -44.6793 24.82857 
50.04424 72.01034 -23.88171 
-48.57355 73.50218 -24.06102 
60.00322 76.36679 -23.01034 
18.66084 21.7165 20.15726 
6.576211 80.66637 -24.2319 
-1.970371 81.30985 -23.44838 
-10.64217 83.14295 -23.18496 
10.87237 81.82555 -22.23725 
55.6486 83.52216 -23.16136 
-5.697791 84.38697 -23.04875 
54.67477 85.47231 -24.33226 
-18.04547 85.56595 -23.25714 
-16.99 88.34629 -24.28547 
13.63658 86.95746 -23.47929 
16.93078 -35.39087 27.99532 
8.573459 87.85155 -24.77065 
-17.67682 87.57712 -22.49443 
-19.79511 91.1441 -24.62383 
-24.4786 -36.83625 9.959462 
-5.387897 -0.7569213 44.14603 
-18.51028 31.30419 22.5293 
27.0572 67.19867 7.510755 
-43.63847 53.02131 -24.16896 
-42.52824 53.1759 -22.54384 
-42.74575 55.30265 -22.83749 
-58.94485 54.99291 -24.57532 
-16.20721 77.46392 26.25338 
49.62215 55.84253 -23.51815 
25.72226 69.60672 6.65984 
47.13058 57.85579 -23.61323 
47.88043 58.79172 -23.17151 
-7.363639 60.48594 -22.19523 
6.880095 22.42483 30.92552 
11.13093 63.54741 -23.20091 
-43.2851 65.6939 -24.11643 
-40.76626 65.22411 -23.01688 
-39.60509 -36.72444 10.87104 
31.65272 -44.80299 13.51748 
9.059876 23.97586 30.13169 
-40.96532 68.59823 -23.60119 
-40.88625 68.36106 -22.37663 
49.92946 69.26388 -23.60269 
30.40585 -45.11083 12.20082 
-13.09591 73.14119 -22.60625 
-55.05631 72.83985 -21.71135 
48.7029 74.6699 -22.57457 
-8.469988 47.91531 37.38344 
2.380145 80.52755 -23.15898 
-22.47793 76.51297 8.436874 
-18.57731 86.25738 -23.03949 
-24.71192 -40.73145 12.07738 
-9.196336 27.06301 31.59544 
12.20724 92.52475 -22.43186 
-18.03419 94.44759 -23.56021 
-39.79427 -38.27556 11.83645 
17.12977 95.20478 -22.84438 
-28.44789 55.41603 20.36469 
-15.65254 95.39346 -23.14067 
-54.04984 51.38208 -22.17909 
0.6672293 53.52259 -23.74969 
46.99113 55.37635 -23.45329 
-36.15798 1.124569 18.27935 
-40.63715 55.09377 -23.07664 
7.230422 55.72507 38.48362 
26.60507 -32.00089 27.63553 
-33.39835 -6.486879 17.6867 
60.14692 62.23783 -22.97424 
-16.51952 82.27082 7.697401 
-42.29204 63.92347 -22.37537 
-9.348926 63.99959 -21.81824 
48.35485 64.53661 -23.01455 
-9.56391 63.16131 -23.38626 
12.34352 64.71234 -22.66847 
25.46309 65.80087 19.80481 
60.70316 67.31982 -22.58018 
-12.0232 51.94704 36.71222 
60.79772 67.83476 -22.07179 
61.92392 68.9768 -23.12469 
-62.26063 69.07566 -22.53204 
-58.35184 71.92487 -22.86744 
-43.73758 71.26484 -23.04622 
-25.82546 69.85986 21.31079 
14.96534 -33.76759 12.67174 
60.45687 75.28499 -23.40958 
-10.71436 56.78741 38.22005 
12.14404 76.67148 -21.04478 
-11.66832 78.32015 -22.83399 
-12.57885 33.94085 31.02424 
9.786725 79.57036 -23.00089 
22.39506 72.13244 22.43348 
8.978001 86.95123 7.201889 
7.388018 81.60128 -23.83496 
-4.703972 82.58039 -23.06932 
-2.397272 82.78419 -22.82255 
-15.1669 34.73903 29.22263 
-20.81211 -25.8303 11.80722 
51.43065 85.14802 -22.23615 
8.27075 88.55666 -22.87662 
-0.0336352 -2.368171 49.13988 
20.56684 91.18093 -22.97658 
20.94876 91.52882 -22.52454 
-49.03205 50.04895 -22.28379 
14.10614 81.42357 22.09357 
32.58902 -23.29734 13.15294 
2.109581 90.23433 7.093639 
0.2834156 -6.000942 42.01454 
14.08264 82.43144 19.37766 
48.47966 54.03283 -22.1309 
51.95956 55.76789 -23.51391 
6.519763 36.89967 31.07947 
33.43631 -20.90998 12.21884 
-21.83116 -20.02558 11.95333 
12.82679 83.77015 19.8385 
7.882969 38.39569 30.64031 
-6.166844 -11.72156 56.66298 
6.095733 58.47783 -21.73334 
48.5107 60.40477 -22.92908 
-7.82757 61.98006 -21.80279 
-2.427328 84.99235 26.24809 
32.49976 -17.67022 11.58844 
-11.73554 63.8493 -23.40658 
-39.01814 64.75614 -22.40001 
-62.63068 66.91212 -19.71493 
48.63113 68.3851 -22.66005 
1.344012 85.0941 26.05966 
-5.105624 88.28551 18.18443 
31.88286 -14.50598 13.00074 
-13.24706 74.94794 -22.04642 
-39.95409 -12.94213 11.4039 
12.12709 77.43073 -21.33125 
9.964312 80.87722 -22.65791 
-14.28171 80.86726 -22.1884 
-14.28076 84.07442 -22.41251 
13.3331 -52.88617 22.06755 
49.14541 82.76431 -22.65455 
-16.15301 83.69627 -22.40291 
-7.030398 87.55856 -20.94703 
19.07558 91.346 -23.32804 
-25.30389 63.36329 27.30052 
20.5184 89.65182 -22.25773 
-9.834172 91.53654 -22.24095 
8.399623 57.98037 37.66893 
-37.7221 -50.22988 20.74879 
0.2478237 -5.054872 36.33389 
14.81512 41.72918 30.62596 
-22.14112 -51.44482 20.17006 
-50.52314 50.99175 -23.41993 
-52.89775 51.02732 -21.56098 
-41.26595 53.30123 -21.66751 
0.8227099 54.33511 -20.43652 
3.433234 55.2509 -21.5912 
-40.04553 -21.84882 19.13234 
-39.50719 57.57716 -22.08459 
-43.12695 57.52273 -22.36018 
-38.5975 58.47533 -21.24722 
47.75261 58.34735 -22.2506 
57.60604 58.50477 -21.83419 
-39.14154 59.93421 -22.23018 
-41.67123 60.47401 -21.97855 
-51.61643 -52.49661 8.3474 
-18.0514 44.44681 30.63942 
-39.833 62.08576 -21.91829 
47.90763 62.67102 -22.193 
-23.54809 -46.84319 19.48872 
12.34788 64.9837 -21.10452 
48.05306 70.52924 -21.95802 
-3.928848 -6.226849 42.15405 
-58.88471 72.12128 -21.78773 
-45.57519 71.55962 -21.80163 
48.08834 72.07379 -21.71621 
12.01484 72.64248 -21.20138 
10.16675 74.19277 -23.19097 
-51.9837 73.47697 -21.97458 
19.02722 -34.32454 28.99563 
60.45751 74.52515 -21.17426 
-12.22121 78.33593 -22.1297 
-35.04699 -5.878077 17.01386 
48.75091 79.5779 -22.68476 
-13.17307 79.97055 -22.16007 
4.427966 80.49423 -22.38252 
-11.45299 81.87001 -22.34604 
57.08056 81.05724 -22.38883 
1.480729 82.3419 -22.998 
5.696333 81.87057 -21.61889 
-16.56598 83.21553 -21.60375 
-11.94637 -0.1094204 11.57651 
-21.56063 52.50366 30.30887 
52.87395 84.10645 -21.73691 
-25.31153 -40.95977 19.82986 
-15.6763 35.95303 26.7242 
-52.35217 -49.7345 7.806187 
-35.78641 -39.33026 20.92185 
18.45267 52.69495 30.77968 
-43.96445 51.63375 -22.37936 
35.23178 -49.55541 8.458133 
13.08518 -52.92677 27.79968 
53.91718 55.02193 -21.16952 
12.16672 -5.890936 16.33175 
45.14141 55.67152 -22.04414 
-39.1015 -36.6386 19.75464 
-59.73628 56.12222 -22.94556 
32.952 -49.2051 8.91095 
-6.19881 -1.080531 35.81246 
-62.22589 57.36824 -21.44281 
-22.10683 55.27654 31.13088 
59.67562 59.75126 -21.6649 
-6.264843 58.55353 -21.50525 
46.9407 61.06091 -21.77676 
-38.46535 63.13143 -20.86917 
-10.65176 64.62109 -21.93792 
9.674899 64.10999 -22.11576 
-37.51664 8.375771 12.15046 
47.3245 69.05069 -21.39962 
60.30154 68.7586 -21.14689 
60.44441 71.83598 -21.92614 
-56.66739 72.23294 -21.49872 
-49.58189 73.30624 -21.52608 
-11.73926 76.79865 -23.53321 
48.75996 77.58963 -23.03334 
19.39701 -53.072 27.34109 
22.40347 59.63369 27.7989 
-13.57942 79.81339 -21.55496 
-14.96933 80.89963 -21.35176 
-38.992 -30.65645 20.27035 
-4.342 83.97038 -22.02625 
15.09799 84.89847 -21.33302 
-14.86329 37.40773 28.06777 
25.85666 -27.25102 27.53479 
19.79292 63.21239 30.28582 
-10.60471 12.1706 27.9838 
19.75316 87.71419 -21.46377 
-38.84819 -28.24379 20.76856 
-1.542277 -3.758574 53.68298 
-15.19152 91.82682 -20.65883 
20.82848 -46.34867 7.130318 
-10.96471 91.12426 -20.59871 
-23.77448 22.29976 14.92349 
-47.94688 -46.06205 7.994997 
-51.85688 50.18432 -20.29136 
-56.64949 52.85323 -21.25743 
21.56958 -45.07498 7.435646 
46.05922 53.84797 -21.63047 
50.87553 53.89341 -22.39857 
-22.17187 23.75818 13.32869 
52.49923 53.92475 -20.89199 
43.74951 54.82616 -21.20675 
44.2324 55.68425 -21.08483 
55.5112 56.07927 -22.27125 
-4.913493 56.71676 -21.13983 
32.92903 -24.79816 20.2882 
47.56383 59.20866 -21.37579 
7.825156 63.02074 -20.57211 
61.74529 64.52225 -20.49054 
19.12106 30.6708 13.13683 
17.88892 33.22152 11.15178 
-14.1671 66.56039 -20.89605 
61.56845 66.7095 -21.14906 
12.79216 69.87276 -21.44246 
-60.39071 70.35953 -20.47612 
-43.15858 71.19526 -21.57247 
-59.60468 71.23428 -19.74364 
18.45091 35.1943 13.45535 
-58.22821 72.68423 -21.10324 
-51.65495 73.24478 -20.58547 
-36.37637 -22.86428 22.27529 
58.12947 79.12283 -21.03799 
-7.044939 17.62705 29.34242 
-15.73897 81.64687 -21.53434 
-2.356317 2.387648 27.95609 
-29.54389 -19.85788 21.22638 
-17.09117 71.21964 30.63738 
29.71181 -31.7106 25.48819 
-0.0109897 2.309771 27.89914 
-30.98093 -43.54267 8.943049 
24.02453 43.93445 12.63527 
-16.07895 72.27359 30.79506 
-8.371699 90.06657 -22.26546 
10.33824 89.90849 -20.1679 
17.60833 91.31803 -20.13315 
30.37971 47.9866 12.72013 
-48.02441 50.1248 -20.89573 
-44.81625 50.62092 -20.61279 
20.69039 -27.09007 27.44336 
-37.70839 -18.391 20.46843 
-58.97454 55.89702 -21.21435 
-29.21511 51.78085 12.90471 
32.28741 -19.14837 19.03363 
-28.24401 -40.44019 8.322067 
-38.45395 60.69034 -21.18051 
-8.478374 69.43895 36.10577 
20.45984 -18.35462 22.86014 
12.70603 66.6351 -20.31642 
46.16709 68.45208 -19.72124 
24.72971 -16.06869 19.93027 
26.65499 -17.10661 21.60916 
59.95258 70.16203 -20.29722 
36.06993 57.27849 11.73761 
23.33039 -15.87298 20.14083 
-44.43642 70.58416 -19.15178 
-56.26901 71.60893 -19.90142 
-31.02266 57.82367 12.54465 
-47.09415 72.26516 -20.69919 
58.92091 73.41972 -20.11383 
12.01489 73.77187 -20.48396 
47.69066 74.3453 -20.51756 
-6.738173 -9.880468 55.8384 
10.60875 76.91599 31.91085 
-4.373054 14.93925 29.67652 
34.42329 59.36456 12.48274 
49.66774 79.19411 -20.05127 
-13.97767 81.22863 -20.55257 
10.49948 79.47228 -21.66977 
57.13399 80.65616 -20.67895 
5.077621 82.94864 -20.30994 
3.510591 88.55579 15.96449 
29.89939 62.43243 12.79833 
-24.33933 -6.561934 20.66762 
18.5288 -6.871495 21.02064 
-26.33182 -5.304101 21.18348 
-1.172034 -5.811224 43.93747 
19.77715 89.34376 -21.16861 
-29.9967 64.83061 12.51343 
28.78372 -26.54574 26.3169 
23.84155 -6.65897 21.4501 
12.79436 91.28144 -19.92737 
15.77124 91.55745 -19.79853 
-47.46024 49.60079 -19.24859 
-10.55977 69.69935 34.75076 
47.62123 51.69836 -20.07943 
44.47252 53.05989 -20.53909 
50.55522 52.73554 -20.6713 
24.57055 71.94345 11.87591 
-1.350882 54.19855 -19.48029 
3.452739 56.34924 -20.21883 
45.97585 59.22083 -20.01071 
5.595822 58.71087 -20.3307 
8.791182 60.03036 38.12225 
-8.771233 60.57115 -19.00707 
24.465 -4.671116 20.71497 
-38.2248 60.21331 -19.23197 
-39.01372 -31.64899 7.397098 
-22.34926 -32.16761 9.441636 
-5.711361 82.74788 29.46486 
-12.50433 65.43718 -20.80518 
46.72653 66.64824 -20.40292 
26.2306 -48.48097 25.12766 
46.76796 71.01105 -19.85131 
-16.86323 -2.688054 21.29047 
-41.12189 68.6068 -20.96508 
-58.69538 71.65522 -19.37165 
17.19117 80.21011 13.97496 
-31.11998 61.87938 10.83278 
58.74234 75.50662 -20.25375 
27.02957 -0.8391526 22.09209 
49.47176 77.53529 -19.42644 
-11.82438 78.5024 -20.97773 
14.56818 79.64729 -20.59586 
16.39536 81.32954 -20.13383 
16.50918 82.68641 -20.3245 
30.34564 -27.39972 24.27856 
50.63462 81.46226 -20.43926 
54.09564 83.46297 -20.57487 
15.17427 -52.51953 31.25732 
22.10147 -30.59522 8.033843 
19.03501 -52.43161 31.95325 
2.147538 83.29887 -20.12133 
6.854982 83.09024 -21.4219 
29.63013 -1.422539 19.78816 
-1.947095 83.77702 -20.92918 
0.529295 83.75111 -20.97187 
18.13671 85.15646 -20.83383 
-17.03541 89.06755 -21.44348 
19.37349 -29.67092 7.627602 
-10.31112 88.47171 12.37036 
-9.287483 88.69728 -19.1586 
-36.77339 -13.78851 16.4024 
20.3981 -50.02562 31.00882 
-49.56676 50.38958 -20.08342 
-55.69835 52.54816 -19.75051 
-40.91123 52.95045 -18.5643 
46.17638 52.62924 -20.39258 
-10.44683 61.17993 38.06627 
-35.66425 1.962312 19.4567 
-21.38386 -29.43881 8.534675 
-2.91125 55.03214 -20.55442 
-59.30384 56.50765 -20.20135 
10.0471 2.807958 20.7002 
-33.29826 5.285399 21.49671 
-40.94933 -28.75638 8.002053 
29.12752 -53.24648 10.6995 
46.14515 62.50084 -20.11276 
-10.2626 65.05253 -20.0879 
-39.26789 65.28905 -19.17387 
9.731262 65.61415 -19.70206 
12.60147 66.42043 -19.6733 
-15.24445 69.18976 -19.98669 
12.80364 70.78797 -19.44917 
-14.88438 70.28475 -20.75476 
-46.04412 71.87194 -19.43887 
-14.98609 72.19692 -19.67487 
16.09722 -48.70229 31.87111 
32.20014 -27.15716 8.223436 
-50.66012 72.31457 -19.29918 
47.36013 72.86904 -20.55907 
35.94611 -52.83054 13.2224 
11.9019 75.79433 -20.69118 
52.58084 80.32307 -19.37406 
54.26689 81.46141 -19.5547 
17.41063 83.44872 -19.79516 
-1.299789 84.6106 -19.30868 
0.9186034 84.57681 -18.80926 
-20.55419 -26.3587 9.329903 
-14.56874 82.79108 -19.82635 
18.48112 86.23378 -20.24215 
-1.168278 4.521281 37.03296 
-7.3584 6.723091 20.87852 
32.97647 -23.69913 8.165654 
54.11787 53.61552 -19.81892 
-39.42033 55.41706 -20.16283 
-6.206615 44.038 36.36007 
-4.747921 55.99805 -18.98151 
5.631981 57.53298 -18.65003 
45.65265 56.75416 -20.0042 
-45.74635 -46.0514 12.65275 
-6.158593 57.85275 -20.01335 
-9.82772 63.11903 -18.84701 
-63.48881 61.27428 -21.26089 
-11.76552 -0.2502646 17.91936 
27.19176 -42.53054 24.94609 
-39.4394 67.0479 -21.10236 
-4.255297 8.349763 31.8128 
12.78926 68.55768 -20.05375 
60.95205 69.59686 -19.01151 
-42.91799 -20.42491 8.675557 
-26.29981 16.62459 20.31389 
19.7613 -43.66188 12.47604 
-21.62797 -19.96522 8.751618 
21.69025 -43.47121 11.454 
12.03553 76.86902 -19.97035 
15.62497 80.74596 -19.37035 
-21.56088 22.18391 20.01836 
-26.61099 -41.88124 11.49207 
-4.023554 85.41905 -17.99512 
-40.74107 -37.99614 13.29756 
-23.28147 -38.08119 12.50788 
-42.82661 -17.68732 8.517858 
24.72182 -39.76984 13.44622 
14.58832 -39.05444 25.16496 
-42.397 52.04745 -19.75355 
49.43168 50.89503 -18.5678 
-54.46486 51.484 -18.81899 
16.87917 26.00535 21.4177 
2.288128 54.88475 -18.96944 
42.25985 54.63038 -19.33114 
55.48025 54.89396 -18.96325 
-2.971691 19.83445 30.98989 
20.1695 -38.34615 13.36067 
58.05664 57.03887 -19.4781 
24.18452 -37.17221 12.42986 
25.86016 -37.34777 12.38411 
-40.70528 -37.30166 13.39039 
44.77386 61.39932 -18.81292 
22.14107 -37.33859 12.82542 
-31.23286 -47.46405 6.479833 
-40.5524 68.66365 -18.88968 
-54.06306 72.12095 -19.26342 
-47.79759 71.84885 -18.50113 
58.80721 71.60892 -18.89244 
-15.37585 71.7226 -17.33736 
57.79214 75.17695 -18.56554 
46.1463 74.66248 -19.52264 
-39.96103 -34.09537 12.66375 
48.51739 75.46566 -19.18419 
56.55748 77.93636 -18.70581 
-10.12228 65.29387 37.48299 
27.92021 -39.20199 26.08403 
55.00803 80.32835 -18.61304 
-5.2152 85.28667 -19.97583 
-25.23639 42.19625 20.86986 
-37.28415 -0.2705622 17.07857 
16.75128 86.61789 -18.99367 
29.5041 -35.92714 25.1349 
-10.57521 87.65436 -17.71102 
-24.63703 43.95068 21.72831 
43.47543 53.11609 -19.41219 
51.33036 51.25294 -17.62807 
31.29998 -30.74311 12.57741 
-39.53929 53.94273 -18.54232 
29.00941 -7.681654 17.95127 
3.142929 20.69998 30.97062 
0.8791312 54.58799 -17.84076 
23.92798 49.35503 21.24062 
42.28715 56.02934 -18.78688 
40.42777 56.4614 -18.16066 
23.49951 51.92905 20.70223 
-61.85472 57.50671 -19.63926 
15.00478 -36.2194 26.52451 
-38.15962 58.21236 -18.89824 
6.257008 59.2108 -18.67839 
12.62078 -28.07229 12.7133 
61.01387 61.7141 -19.86251 
-61.89252 60.52082 -18.44711 
-37.68358 62.35772 -18.43396 
-28.89784 54.01712 19.24457 
9.950827 65.28816 -17.69389 
-30.74546 -8.735986 18.03376 
61.6132 66.83324 -19.09086 
-15.31794 69.82784 -18.10179 
12.38799 -24.13256 12.60299 
-28.94776 61.19758 21.7819 
-53.58952 71.21855 -18.12984 
-49.83903 72.04275 -17.43292 
-14.41652 74.0826 -18.45333 
-13.21895 76.20433 -19.20437 
11.90252 75.78603 -18.25634 
14.13923 79.73857 -18.13341 
-11.64384 80.47015 -18.4523 
-16.97209 -4.916073 9.85078 
24.66978 63.49382 20.57658 
-6.059407 86.10477 -18.94188 
-26.602 66.87005 21.17743 
-6.642003 86.07901 -16.9969 
15.44166 88.13814 -18.48423 
-13.55307 89.50953 -19.21171 
-50.94641 50.11922 -18.74799 
-45.43417 50.43917 -18.40221 
-42.52242 51.36877 -18.32203 
46.284 51.31544 -18.58303 
-2.470192 0.1039712 47.39359 
-52.47721 51.09326 -17.82136 
16.46517 -18.7965 10.12261 
0.9526407 25.04456 31.43862 
53.02107 52.97824 -18.63367 
8.048109 0.862591 15.93956 
-56.75039 53.90131 -19.30869 
41.54992 53.38803 -18.38958 
32.13626 -16.87906 13.09283 
-39.34844 54.37734 -16.77637 
-14.65075 -0.4914877 6.388285 
44.57487 57.13106 -18.35607 
59.78156 59.38533 -18.65822 
21.04029 74.20371 21.06786 
61.80259 63.69315 -18.55014 
44.37461 66.0521 -17.75638 
61.85442 66.42833 -16.75885 
-13.2463 65.9503 -18.72479 
-24.4881 -12.98105 12.60185 
45.8318 71.02483 -19.17006 
15.75565 -13.84432 11.5226 
45.03468 72.99165 -19.10554 
57.32587 73.25626 -17.68239 
7.652757 16.36643 28.35443 
50.8998 78.5983 -18.89498 
-11.61894 78.99064 -18.28346 
-13.18304 83.37038 -18.27386 
5.965024 83.63188 -17.19776 
-26.89644 -8.888354 18.10559 
8.764091 27.37491 31.13964 
-11.1128 29.5788 30.70526 
13.69002 82.55239 -17.26793 
-1.919957 84.76405 -17.62612 
-13.56095 87.01389 -18.58884 
7.359423 85.21896 -18.20443 
8.005414 2.381629 18.09304 
8.57618 85.12912 -16.26559 
-47.691 50.24004 -17.39136 
-39.31643 3.896196 8.751965 
-58.00147 55.12184 -18.23984 
40.10138 55.31219 -17.43217 
8.724935 31.91026 31.0671 
-4.730937 56.28016 -17.74361 
-16.51419 -7.042264 11.61656 
-6.824912 88.67416 17.93402 
-8.211035 60.03483 -17.78536 
34.5269 -6.911626 11.0191 
12.11191 -5.750758 12.336 
8.825998 62.26638 -17.89603 
44.889 64.52081 -18.30968 
-10.79901 65.94648 -17.89209 
-14.89061 66.49127 -18.58759 
-32.62173 -8.31716 17.51964 
61.71611 67.74776 -17.86399 
3.93879 87.74805 20.42945 
-59.24371 69.42448 -17.37374 
-6.122393 -2.039203 42.16297 
-14.50639 72.75394 -17.09029 
44.78559 74.25324 -17.96014 
28.0549 -33.40382 10.02122 
-38.28339 5.476963 9.259006 
-12.83447 76.40137 -18.01214 
51.668 76.15027 -17.3895 
54.97389 77.50643 -17.67923 
5.071871 50.66263 38.02538 
53.56216 79.82399 -18.49268 
-39.62619 -0.2168966 11.96095 
1.218037 84.45792 -17.15179 
8.332644 -0.7076687 10.83474 
-4.191431 6.004097 8.046724 
-0.1075187 5.838445 6.893971 
12.47764 87.23665 -17.46234 
33.05201 6.319456 7.443859 
44.29226 51.25727 -18.01412 
-42.50405 52.0583 -16.39126 
-55.42204 52.42235 -17.69029 
56.72823 54.62709 -17.26291 
-56.01223 53.80331 -16.7042 
33.2292 3.88964 13.43756 
-3.675904 55.8514 -17.36232 
-61.44312 57.41294 -17.07092 
-8.173921 58.05582 -16.6481 
-6.23754 57.99818 -18.09099 
-36.8066 9.128644 9.775057 
-35.74586 10.52771 8.415137 
30.68101 10.28184 8.270481 
-37.63937 60.4419 -16.8481 
6.193816 59.73237 -17.12971 
61.01924 61.03273 -16.95249 
-23.03569 -48.49274 19.90491 
-38.92756 65.43053 -17.62542 
-39.97657 66.6117 -17.56496 
-37.60513 -44.98247 20.49824 
43.11053 71.21414 -17.87138 
-52.69911 71.0269 -16.63521 
-45.82765 70.98503 -17.77789 
59.99968 70.8092 -17.74571 
12.81457 72.86407 -18.56708 
13.72204 -45.20073 22.77384 
-39.08769 -16.26938 17.49562 
54.80533 75.44544 -16.93511 
-30.02155 15.18842 7.207118 
30.35802 12.5565 12.65277 
-35.32793 -44.90742 21.92419 
15.72618 83.02399 -18.5591 
-34.94357 -43.73136 21.34803 
-18.44599 -6.731676 16.7941 
-30.14852 16.89289 13.00544 
-50.0616 49.82879 -16.80437 
-28.15833 17.62878 13.60873 
19.76171 -23.23609 25.5491 
7.763482 39.25892 31.12799 
23.09917 16.6664 7.792999 
-26.08173 16.55791 7.725349 
-25.28772 17.73917 8.022498 
-1.570705 54.35913 -17.90547 
-37.96952 57.19923 -16.52577 
3.387663 56.64671 -17.01059 
5.485989 74.72202 35.29543 
8.211739 62.20564 -15.99005 
62.4869 62.07077 -15.82556 
-24.27255 20.25007 8.001288 
-26.13344 -36.22307 21.26925 
-61.25754 64.44022 -16.18147 
-60.31422 67.89575 -16.8102 
19.07386 27.62932 12.35151 
11.3516 66.98971 -17.45949 
26.45914 -25.47855 27.17237 
13.39163 68.94653 -17.47139 
-19.92044 32.82804 11.25101 
-55.29848 69.67866 -16.55392 
41.85739 71.08166 -16.21119 
13.21744 42.75666 31.78442 
43.65396 73.15256 -16.7664 
12.77121 74.31638 -16.94609 
49.8701 75.87813 -17.8043 
11.65474 78.12012 -16.95491 
2.383642 -1.260153 40.39951 
-3.159948 85.9617 -16.4026 
-23.36591 39.51195 12.31887 
-2.725284 46.9907 35.22664 
-7.962836 85.72327 -15.74453 
21.79509 -23.1683 26.17519 
-45.20505 49.89251 -17.01611 
-20.43455 25.16942 8.022065 
50.14958 50.52764 -16.04407 
-44.20713 51.26559 -15.8792 
15.57737 45.73222 31.51751 
7.629386 45.52649 35.52199 
-38.3524 -31.92543 20.9232 
5.10241 58.03558 -17.08249 
58.16871 57.02501 -17.18308 
12.82504 -30.77288 21.32364 
43.4465 60.69775 -16.81612 
43.3405 63.74224 -16.63288 
-40.22374 66.72214 -15.40346 
-16.3141 66.33004 -16.64654 
29.7049 -5.991458 17.73381 
10.29294 67.34776 -15.70519 
-24.94375 -27.87772 20.63061 
32.78715 48.78182 12.44942 
44.23086 68.9361 -17.03146 
-19.93242 40.93898 28.37766 
13.84273 68.46108 -16.01772 
-43.73497 70.36725 -18.46171 
-19.80382 34.0467 7.679383 
13.4452 -27.55201 21.61162 
-37.34384 -25.82464 21.72051 
35.10184 52.08146 12.49095 
59.00322 72.74435 -16.54483 
-26.42517 -26.25411 21.20848 
55.27749 75.12735 -16.08422 
47.38346 75.74284 -17.64029 
18.32116 55.30003 30.78582 
-13.31136 77.47927 -17.00474 
35.48347 54.61776 12.31977 
29.80905 -4.032371 18.81123 
2.621662 83.92566 -17.70053 
-10.38904 84.33853 -16.33075 
-8.562657 84.74246 -15.06793 
10.0554 83.95982 -15.7469 
47.00151 49.85616 -16.89264 
-52.3578 50.94211 -15.96398 
14.42952 -23.0827 20.91906 
41.44815 52.10444 -16.37462 
33.09073 58.13735 13.96159 
-26.75831 -22.04326 20.61851 
3.695237 55.35509 -14.2973 
4.942084 56.65168 -15.776 
-29.20936 69.16383 10.69932 
-29.48203 61.56726 13.34511 
-37.64938 61.04531 -15.03996 
-60.10338 61.83262 -14.58696 
24.81071 -21.62477 26.02867 
9.04145 63.85199 -16.09728 
62.86371 64.09236 -15.74247 
9.864092 64.63686 -15.88871 
-9.976735 63.06597 -16.79071 
18.12414 62.88943 32.00723 
-14.32975 65.8666 -16.53654 
13.1913 23.45811 26.49959 
24.20379 43.07952 8.81674 
-29.22022 68.6529 12.74778 
-42.31384 68.63677 -16.07734 
25.92978 69.42944 12.02808 
-16.99081 68.21973 -15.68181 
-1.5033 61.52441 39.44212 
41.7111 69.19645 -16.24858 
-20.90657 2.168653 25.29909 
-26.61668 73.25682 12.71131 
56.60336 74.79433 -14.92401 
53.07992 76.22248 -16.74267 
48.88523 76.13054 -16.70518 
-11.07471 79.28345 -16.06579 
-24.30213 75.89596 12.56218 
11.19883 80.05689 -15.52403 
2.138861 84.91765 -15.58628 
-32.87685 -18.56111 21.1966 
-1.076131 86.01362 -15.49301 
43.18225 49.70885 -15.03253 
44.62506 50.06314 -16.06642 
-45.88942 51.04929 -14.73596 
52.53489 51.1482 -16.85552 
54.00232 52.57568 -16.34546 
-54.21589 52.27066 -16.24272 
-38.60713 53.75676 -15.80497 
55.74393 53.9215 -15.90622 
-5.745365 55.77226 -16.17301 
-36.12169 56.32406 -15.12463 
58.97976 57.81116 -15.19514 
38.79727 57.85032 -16.04819 
42.55109 58.56007 -16.32011 
39.73145 58.42437 -16.45575 
-38.03878 61.32182 -16.79037 
37.85312 48.50694 7.66538 
20.3437 -6.564246 21.40401 
-16.001 64.99867 -14.73974 
-13.20314 66.09916 -14.28659 
-12.15127 66.49137 -16.20294 
-41.81081 67.28806 -14.06497 
12.60711 67.92525 -15.24934 
9.165577 87.71306 12.20838 
-37.13972 5.860332 16.70898 
-17.05933 69.35532 -14.44101 
-51.09499 70.16926 -15.32687 
15.5178 72.21519 31.25395 
31.56936 -30.21902 10.35639 
57.38629 73.75951 -15.60872 
-14.74139 74.14067 -16.92123 
-14.19009 75.73109 -15.79851 
-8.841218 89.17924 12.97189 
46.38453 75.41782 -16.12468 
11.94514 76.38602 -15.60204 
10.87477 79.13316 -14.88677 
-4.649434 -0.8302815 49.31761 
14.59361 73.65373 30.38371 
6.349162 83.56745 -14.19108 
10.25367 -1.740671 17.70698 
-7.683327 44.15618 -14.99795 
-9.654263 47.8324 -15.17621 
34.81498 -53.60001 13.46038 
-2.424139 6.813099 17.5257 
-13.46877 74.76686 31.14704 
-44.11491 -53.61531 14.3563 
-36.07736 -0.7250283 18.33582 
39.87717 53.21239 8.38003 
-47.28465 50.12049 -15.56089 
26.31344 -3.417214 21.56621 
40.5664 51.66285 -15.15464 
54.86665 52.45757 -15.01958 
-30.57488 -3.572889 20.84528 
-31.39444 -53.18879 13.68821 
-3.260918 53.7143 -14.7283 
17.8216 -53.07264 12.85568 
-28.44261 -4.205698 21.46699 
-59.15786 55.31491 -16.47806 
58.06799 56.8139 -16.23258 
-14.26115 29.96089 28.55612 
-37.47888 59.22462 -15.67004 
-9.982022 59.57931 -15.01119 
8.339715 59.88581 -15.06556 
8.871533 61.42641 -14.52745 
41.64335 62.45537 -14.18823 
-22.63951 5.322207 25.89901 
11.6134 -1.66524 19.94873 
-12.00046 65.8847 -14.53589 
42.94261 67.38517 -15.55482 
-20.4977 3.742838 25.13013 
-58.79354 67.33964 -14.25429 
9.827399 -0.6372048 17.21261 
60.90938 69.21747 -15.25074 
-57.37524 68.93021 -15.26636 
-55.31987 68.67112 -15.52564 
-13.60322 56.54499 37.3773 
14.03059 69.25462 -16.02666 
36.30339 -49.67544 14.51583 
-44.10155 68.92101 -14.378 
12.47224 0.08071364 21.09921 
-46.78711 70.29535 -14.9045 
-13.21203 52.22656 37.0149 
-48.92244 70.92427 -15.98637 
17.72205 -49.58201 12.59928 
-15.98162 72.71335 -14.75089 
27.17807 1.11032 21.79673 
-8.263889 89.11077 5.9781 
16.79734 -47.5259 14.88971 
28.52524 2.142541 21.16601 
13.76025 31.15145 26.60482 
-1.120565 69.18512 37.97285 
35.90361 -47.66368 12.08363 
-8.976493 83.03573 -14.11712 
17.017 43.03459 27.8679 
9.569589 0.3674722 18.12718 
38.43113 60.54965 7.475342 
-33.07147 3.04773 21.6698 
35.18232 -47.17801 14.21419 
-13.32915 42.323 -14.51105 
-10.34336 1.560087 18.02888 
-40.54876 -28.78387 10.82068 
-12.54582 43.99783 -15.03747 
-43.76004 -45.10256 13.49108 
-16.74996 48.20356 -14.62569 
-13.92261 48.77883 -15.2764 
-39.82862 50.01349 -15.15942 
-41.28355 51.92607 -15.77163 
-11.10099 51.46988 -14.30919 
51.84096 51.20225 -14.68467 
-12.87886 -0.1665895 19.63782 
1.790621 53.56405 -14.64986 
-30.49463 63.3131 9.051908 
25.93388 -43.36702 13.02536 
-15.02735 51.92478 36.39311 
20.5157 -42.81022 12.20392 
4.316401 55.99371 -14.00601 
17.22375 81.13149 18.0771 
30.3632 9.286725 16.79344 
41.74173 60.46283 -14.84071 
-39.83759 -39.57103 13.65845 
-38.107 62.66769 -15.12565 
-39.03208 64.5033 -15.84658 
20.26612 54.73764 29.72941 
-60.13668 64.93437 -14.71842 
9.793255 64.71075 -14.6872 
-28.98546 66.13662 6.913573 
-25.37542 72.84618 10.23844 
39.87421 66.54548 -14.10445 
21.26299 -38.61662 13.04459 
-21.86298 6.834904 26.37353 
40.53865 68.6066 -14.90899 
41.50557 69.88551 -14.5724 
15.14132 71.92503 -12.68688 
13.71089 71.37978 -15.30921 
-16.49693 71.39523 -15.73061 
59.13134 72.1431 -14.49546 
-15.4496 74.22182 -12.99482 
53.77042 76.17563 -14.90374 
51.73273 75.65058 -13.47718 
25.4782 11.76919 21.08864 
-13.0467 77.55974 -14.81849 
27.83952 -37.05091 13.91131 
-10.44474 81.49575 -16.16124 
9.470598 81.56822 -14.06252 
-29.13398 70.00074 8.482411 
2.284417 84.89294 -13.74923 
-6.049349 85.56332 -14.98525 
-8.51705 40.08209 -14.29659 
18.22168 -49.44754 31.80925 
23.69058 72.56804 8.770885 
16.25584 -36.05841 12.90012 
-3.954974 42.25644 -13.75433 
-5.533421 46.63346 -14.47061 
4.850756 45.39819 -14.46371 
-3.636858 -1.212169 31.07557 
0.002078881 89.66325 7.24491 
49.37771 49.22972 -14.10172 
11.88399 35.71767 28.30338 
30.76306 2.952457 18.3189 
-49.19498 50.24977 -14.79675 
1.716285 -1.100188 31.20981 
-51.19658 52.11096 -12.68165 
-51.56412 51.67892 -14.04053 
32.13591 -29.42212 13.3795 
22.61001 73.47687 7.92578 
0.8463817 52.5101 -13.89392 
-5.97647 2.339857 31.21313 
32.16952 -28.38133 12.68152 
19.99631 74.67123 7.966983 
11.78815 -26.86908 13.46715 
-5.339247 55.3069 -14.59356 
39.14937 53.80865 -14.5131 
-57.35115 55.62623 -14.05747 
-16.43015 73.30343 28.7676 
37.99856 60.34195 -14.76952 
2.699646 6.139977 32.57103 
19.19275 76.80233 8.002283 
14.5965 38.56327 27.93907 
38.31334 61.96691 -13.13909 
38.75886 61.67863 -14.28223 
-18.37515 26.63249 23.77955 
-21.0323 62.56312 -14.0075 
-18.56507 65.46867 -14.99743 
-18.76173 63.38246 -14.16424 
-20.59193 78.3586 7.891547 
-14.92279 65.07507 -13.37994 
15.46312 67.35911 -14.15182 
16.19265 67.92258 -14.0987 
-23.12656 8.26337 25.91049 
-35.52731 4.838597 19.41594 
16.12584 -17.82966 13.69654 
-20.07321 32.99894 20.58756 
-41.71582 -18.46324 13.73071 
13.76753 73.29397 -14.87493 
-19.03804 34.78324 20.3753 
-19.13303 36.46231 20.65926 
0.4253519 9.224024 32.13913 
-11.82928 79.13857 -14.10746 
-24.76976 -15.62475 11.42512 
30.60508 -15.42334 15.61244 
-21.91347 40.80612 21.14747 
-15.51265 43.50055 -14.15797 
5.328138 41.91081 -14.3836 
9.855624 42.2346 -14.04858 
-19.06366 81.64178 16.22257 
-24.50794 -14.39586 11.02964 
-8.162269 19.58281 30.47142 
-4.078269 1.652517 41.19798 
3.36649 22.82882 31.64977 
-4.818283 21.65809 31.35853 
-6.706463 49.07936 -13.98212 
48.48086 49.38023 -13.81639 
-36.92928 -12.23831 14.44023 
9.399671 49.01604 -14.19449 
-25.60196 7.80228 25.63136 
15.0312 -11.02038 12.92116 
-16.68012 51.90498 -13.52459 
-3.300299 -4.58272 38.36098 
-37.56039 51.52814 -14.09497 
54.11935 51.93436 -13.0768 
-20.20109 -9.775404 12.36583 
-1.947468 52.72334 -13.94737 
7.928779 88.3531 6.827011 
23.80234 52.5163 22.44804 
-53.51802 52.67595 -14.18833 
-55.31329 54.41426 -14.58585 
-7.09025 56.34851 -14.81944 
24.47915 55.66303 21.28928 
-60.43922 56.89818 -14.78046 
31.18378 -10.45772 12.09301 
6.305505 57.21193 -13.89301 
-9.848265 58.72855 37.65603 
-1.058754 22.21072 31.56392 
-9.191362 57.88017 -14.43303 
-18.03773 -7.423049 13.2333 
-11.98307 59.99797 -13.28815 
-58.73102 60.64472 -12.21859 
24.91808 57.69719 21.00422 
10.05296 60.76583 -12.15738 
10.17246 62.03261 -13.75629 
-11.39287 61.88709 -15.37583 
41.27833 64.67991 -13.80927 
-48.18166 -53.62282 10.02237 
39.5415 65.1768 -13.60545 
-14.57864 64.63498 -13.13087 
-14.16308 -4.786429 13.1786 
19.33368 44.10355 27.28025 
11.4956 -6.571193 13.73931 
-19.95796 41.38443 29.31564 
40.06335 68.73775 -13.96684 
-51.5881 69.5426 -13.79664 
-4.970875 -7.091052 57.05629 
-7.166588 8.419662 25.6428 
-4.963463 -10.45471 55.18933 
44.87468 73.87115 -14.52284 
-7.536946 23.06631 31.51214 
13.51251 74.79809 -13.4944 
47.723 75.27411 -14.53866 
54.24618 74.92574 -12.75487 
10.87325 78.83513 -13.72473 
-39.48197 -2.847278 13.4877 
34.255 -2.97933 12.87271 
-7.342887 84.91998 -14.45682 
-9.502006 37.70855 -13.15804 
-7.276821 38.41363 -13.30353 
-22.29041 76.65094 19.51144 
6.232905 39.12711 -13.42152 
-15.39201 40.66747 -13.04793 
4.86639 24.13019 31.48525 
-9.740408 0.8131335 13.63556 
-18.94058 46.41934 -13.22477 
-2.934809 47.16892 -13.10116 
12.08844 48.38363 -13.63277 
9.888703 46.76342 -14.43384 
-39.33764 1.967864 12.87045 
33.32383 -53.2819 8.93072 
-42.99081 50.60857 -13.84579 
5.34165 48.86763 -13.70694 
46.96798 49.21516 -13.35917 
6.388133 2.195821 12.75877 
11.12484 83.36507 21.92354 
-48.64405 51.17447 -13.36824 
-44.20007 50.434 -12.53963 
-38.36665 3.977049 13.49232 
-7.669539 53.80038 -13.28296 
56.94934 55.15683 -14.05278 
-55.12554 55.84227 -12.58716 
0.6128616 6.652606 15.63324 
-11.23795 55.57776 -12.98394 
-2.971368 26.88704 31.74131 
11.6869 57.22582 -12.49198 
-59.54865 58.54218 -13.77691 
-0.8521777 24.6876 31.19634 
-34.00471 58.30859 -13.41223 
-13.23232 57.74711 -12.98612 
-21.81765 59.21252 -12.82695 
38.26653 64.39681 -12.63742 
-33.18669 14.4257 12.941 
-39.00787 64.14268 -13.84875 
14.28718 -53.25565 22.60418 
0.4864193 6.285416 16.92863 
-44.19465 68.32558 -12.4879 
-53.1297 68.95279 -14.00232 
59.33276 71.03342 -12.54442 
57.00224 73.11476 -12.42684 
-8.953925 8.580338 25.95864 
16.20582 5.267842 24.96167 
40.18023 -50.88451 7.408218 
47.38081 74.72884 -12.63351 
-14.06456 75.64204 -13.6384 
50.23504 76.29314 -15.05562 
12.17205 77.49554 -12.11641 
19.3671 4.51233 25.27901 
-10.07493 80.72762 -13.91634 
-4.91632 25.01686 31.73658 
7.66685 83.33501 -14.05206 
-8.019059 83.52927 -12.12078 
-22.88138 -52.19566 23.25564 
-4.619419 86.00509 -13.30698 
-12.07996 38.40556 -13.15261 
29.02651 -50.35524 21.75648 
2.251858 26.59598 31.75671 
-21.84169 25.67171 12.55684 
-23.12751 -49.51073 23.30521 
-16.64815 57.50874 35.21652 
6.985286 25.69309 31.63957 
-49.93604 -48.23035 9.014763 
1.733555 43.14746 -13.55538 
13.79727 45.74038 -13.21666 
-20.93133 31.97353 14.31108 
2.331628 2.579207 36.79331 
0.4292357 48.3893 -12.45396 
19.85444 -46.30064 9.788005 
1.913115 50.66079 -13.1705 
41.84966 51.0791 -13.14433 
51.54457 50.15635 -12.73691 
13.23886 58.38509 36.29276 
-22.28184 38.79526 14.70381 
-13.6777 58.13691 36.64583 
53.49908 51.69819 -12.49872 
-25.80715 -44.16449 21.03026 
21.3495 39.66668 14.81178 
10.6965 53.21965 -12.66035 
-34.68833 53.18052 -13.81249 
-26.88215 42.66002 15.26806 
20.90494 -44.61454 8.853495 
23.82232 41.31031 13.67791 
5.601159 53.50032 -13.29665 
39.42788 54.47501 -12.27601 
6.324314 54.29333 -13.22941 
15.03032 -43.89128 22.21935 
7.969178 55.17595 -13.3441 
29.14817 -45.2906 7.770919 
20.96316 17.56993 16.19221 
-34.62292 -41.53265 21.87286 
-14.46099 56.56158 -12.65404 
-27.2422 -44.00491 22.574 
59.81166 57.56179 -13.22536 
27.6794 48.21488 12.82123 
8.823858 59.73747 -13.28195 
-26.95625 -40.63468 21.92655 
-13.60683 62.25441 -13.51358 
11.31368 62.99837 -11.91035 
-34.6112 62.49076 -13.16 
6.480495 27.61965 31.68251 
-39.23633 -53.01825 18.76531 
-41.02258 65.18344 -13.3202 
-22.39138 63.87874 -12.47343 
13.93897 -39.60426 22.92046 
-21.43507 66.32868 -12.75093 
18.06365 65.66712 -12.45604 
13.33988 67.00571 -12.48101 
28.6525 11.74523 18.33963 
16.05031 69.6179 -13.17828 
-37.91908 -34.84923 20.93301 
35.09114 56.77293 12.92124 
-16.1882 71.85439 -12.90835 
-29.86338 59.4404 13.01103 
-13.97701 77.6937 -12.71416 
-23.93315 67.42506 26.74756 
0.6373042 85.56507 -12.90375 
-2.370994 86.2013 -13.91434 
4.648064 28.60853 31.46824 
-32.84364 -42.57091 8.487253 
2.368005 39.67559 -12.84817 
13.09626 -24.66367 10.80005 
8.580196 29.28755 31.58007 
-1.840101 42.34756 -11.738 
1.123338 39.54039 -11.2313 
-17.70084 43.37535 -12.8357 
25.6662 68.25919 13.42702 
-1.822014 44.14457 -12.12811 
-24.25755 9.839083 25.881 
1.640605 46.01442 -13.44488 
-28.55172 68.84266 13.86792 
-37.06153 49.76368 -13.20302 
-36.7743 -30.54522 22.21795 
0.9663464 29.85444 31.54311 
-3.539771 51.11275 -12.49501 
2.512986 48.95634 -12.15758 
45.19496 49.65344 -12.11681 
22.3201 73.92836 13.20639 
-36.18172 -27.7176 22.41187 
-26.43139 -30.59639 21.7575 
6.81961 31.37445 31.50444 
-49.82218 52.24592 -11.94926 
3.235101 50.34133 -11.9557 
-6.436873 52.82258 -13.50206 
-7.674661 52.9908 -11.54061 
-52.01518 53.99733 -11.85405 
32.46181 -27.67709 21.90675 
7.117551 10.32631 26.69113 
23.69474 -23.62987 26.5885 
-15.114 53.47026 -13.78387 
-27.39494 -24.86313 21.33878 
-33.12885 56.37804 -13.39711 
-16.22652 84.80371 13.43046 
-2.765821 49.32776 38.66034 
-28.46248 -24.21858 21.87336 
25.02871 14.23148 18.43074 
-16.52627 58.30518 -12.9491 
-35.74247 61.5695 -13.98765 
-14.44251 61.27663 -12.62054 
38.17112 59.70763 -13.07272 
-11.76464 87.74742 10.84875 
-33.05641 61.81065 -12.48592 
-22.67694 61.30037 -12.5895 
-8.422643 34.22138 33.04226 
-19.28533 60.96859 -12.19181 
19.9459 20.75946 17.18656 
-16.97154 62.80962 -11.92077 
-11.61216 87.16006 13.76753 
63.00907 62.67642 -12.7491 
-16.3251 10.98476 26.29225 
-40.2611 64.57549 -12.30228 
11.18149 33.3807 30.80615 
39.14865 65.90112 -12.83546 
10.07267 67.33597 -13.32666 
62.04974 66.71187 -13.79822 
-12.0015 35.53944 31.4086 
9.640308 35.00304 31.75232 
-50.29403 67.94708 -11.74115 
-49.05485 70.09097 -13.60539 
-36.32502 -20.8286 22.36725 
-17.19834 70.52477 -13.78681 
-17.54125 72.14523 -11.09623 
43.18428 71.53946 -12.77694 
-14.49294 9.270769 25.95178 
32.93808 -53.92395 11.84226 
-38.6755 -35.48056 8.733648 
49.63729 74.74036 -11.61187 
12.58559 76.11835 -12.10815 
-13.97003 77.25064 -11.24554 
10.75747 78.66932 -12.15716 
-9.785871 81.68014 -12.32794 
2.830235 84.49181 -12.1536 
22.78275 -53.07995 9.886989 
4.955515 10.59558 26.73357 
-16.89923 40.06098 -11.66542 
17.94847 -44.36553 29.14236 
-5.391326 -11.76023 57.82252 
4.296145 37.11542 31.77641 
0.8336774 42.64607 -12.12669 
0.2097688 45.53561 -12.22786 
0.2627908 47.48359 -11.79338 
-41.19875 48.55383 -12.5673 
-48.55162 -50.78785 12.94568 
-38.38144 48.91522 -11.30865 
36.8118 -50.70567 12.66145 
22.6169 -5.557052 21.38184 
-28.47252 16.96695 16.63705 
17.32242 -5.215335 21.5853 
40.42722 52.70641 -12.97969 
-26.5189 -3.852304 21.80671 
15.81224 -2.52941 22.2766 
8.089766 53.1543 -11.87274 
-1.846652 0.997261 44.29821 
20.92198 15.89413 18.68883 
12.2682 40.52498 31.92639 
13.11017 52.31462 -12.80202 
21.55578 -30.84384 8.54681 
-18.94381 52.74981 -13.0585 
-22.2357 23.45815 15.43451 
-10.4469 54.16566 -11.71626 
26.4297 -46.10857 26.02098 
-18.15943 55.52331 -11.28904 
-12.63025 65.18601 36.42766 
-16.17623 55.719 -11.83875 
-54.10973 54.63623 -12.17444 
-12.84684 55.05697 -11.93132 
33.52105 -46.6367 14.33336 
-54.24244 56.55605 -11.36584 
-16.08985 56.48216 -12.56527 
-20.77112 57.24114 -11.74518 
-18.63718 57.08117 -12.50405 
-29.9845 57.34383 -10.81506 
-55.33112 57.61899 -11.98874 
-30.33902 -2.263934 21.26992 
12.72879 58.33602 -11.88819 
-17.59598 43.04516 32.16782 
18.19042 25.95714 15.66464 
-19.55892 59.83298 -12.04853 
-18.33523 61.32325 -12.00244 
19.36577 -43.67728 13.753 
-58.56738 65.0173 -12.33446 
-37.95645 64.66966 -12.96222 
-3.395345 3.112071 26.84832 
-40.81786 -42.14269 13.49864 
-24.58394 50.21825 26.16179 
1.471648 49.53351 38.64814 
17.60314 -29.39375 7.869889 
23.99179 -41.90421 13.59121 
-19.62967 66.85617 -13.43657 
-23.58385 -40.62414 14.29471 
-19.38155 68.18301 -11.85406 
-47.82198 68.69626 -12.25139 
-19.22888 70.1628 -10.33774 
15.73985 70.53628 -11.76623 
44.81394 71.22822 -10.15504 
10.59793 0.5937806 20.27029 
-17.69518 45.85197 32.68454 
-15.31218 75.63696 -11.60793 
-22.75503 -38.13952 13.86416 
18.43508 -37.81878 12.59068 
-11.187 80.83109 -11.77176 
26.43672 -38.34999 12.88609 
3.196537 0.4454707 35.56287 
-6.161458 84.49244 -12.31015 
-4.93771 86.04004 -11.75336 
-9.804052 35.41172 -11.07535 
22.32038 -39.76941 14.21626 
7.438021 36.05329 -11.24972 
-7.556961 36.82984 -12.05509 
14.75284 -36.6479 15.0101 
-0.6536774 40.92253 -11.59329 
-1.144516 47.34601 -11.61616 
-22.00867 -33.89137 12.71438 
-21.37064 46.44259 -11.23537 
-36.23206 49.52584 -13.06474 
-8.220442 5.471566 21.15592 
-2.637757 49.43156 -11.55152 
41.40337 48.80081 -10.47801 
-4.597368 50.51534 -11.43257 
-46.64735 50.44692 -8.7781 
-41.906 -22.98236 9.390993 
-6.139941 0.5998392 36.09583 
-6.834733 51.57919 -11.72718 
15.39941 50.68393 -12.38583 
-6.210387 51.94869 -11.66398 
31.54606 -32.57516 13.48713 
5.378609 51.88042 -11.78758 
-30.51909 52.48548 -10.89893 
7.860041 53.80939 -11.75541 
14.30467 54.67515 -11.80275 
16.00095 53.59931 -11.13796 
-21.43438 54.9016 -11.096 
-9.091725 53.29144 -11.68172 
-40.95341 -28.93386 13.00165 
28.78192 7.271924 20.19978 
10.15713 55.24149 -11.26905 
-32.70622 6.780566 22.20816 
33.08022 -21.09768 7.570291 
-23.49825 57.83828 -11.24927 
38.3709 57.39064 -11.12963 
14.61002 58.19585 -11.48526 
18.82551 58.5495 31.27697 
-5.552775 5.934317 31.21737 
17.49043 -18.9581 7.977761 
-23.68498 60.84911 29.93496 
-24.08952 63.92719 -11.36001 
19.11372 62.66664 -11.30232 
-35.03893 64.1829 -11.50783 
17.1722 65.12609 -12.35594 
38.58723 63.39274 -11.5314 
-41.97172 -21.89281 13.13884 
-5.666647 50.46373 38.39768 
-38.22243 65.17347 -11.33039 
32.6377 -21.62018 13.70766 
-41.71056 65.67252 -11.45136 
18.405 6.476106 25.08639 
-52.81899 67.65324 -11.74577 
14.72972 13.83743 25.7541 
-54.64642 68.28205 -12.43499 
17.71081 69.02598 -11.38109 
-20.66985 61.81105 32.40427 
60.53957 68.43304 -11.92107 
-0.8513744 50.96297 38.76017 
13.47619 75.39388 -11.52352 
7.690542 81.94859 -10.88363 
-20.09078 64.42384 32.02894 
2.973619 37.54562 -11.79512 
10.81541 38.86764 -12.32166 
-13.26172 35.1808 -9.633074 
16.78856 21.87981 22.41746 
12.98901 38.41688 -10.97877 
-18.37748 67.18087 31.71395 
-3.20945 50.58129 38.08482 
-18.12857 41.52636 -11.3761 
-20.20507 42.44081 -10.42312 
16.06517 -12.04723 15.28335 
-43.5589 48.44017 -11.52117 
-11.07756 65.38747 36.29737 
47.77744 48.9709 -11.74498 
50.65822 50.54083 -10.51518 
16.34002 27.5201 22.74147 
13.83928 -10.42242 14.46429 
38.52522 51.81405 -10.77307 
23.68443 -25.77986 27.43073 
17.65751 53.58981 -10.79891 
-28.84793 53.93423 -10.37116 
-38.85833 -10.0383 11.85994 
55.87889 53.42455 -12.96792 
2.408164 75.31184 35.8288 
-22.89785 55.64996 -11.77065 
-37.83695 -8.261467 12.80606 
15.58817 70.44706 31.26287 
-19.71832 55.72804 -11.44074 
-18.55486 81.45013 11.62577 
15.77921 -12.68207 8.530717 
19.51529 -44.22728 29.07478 
33.33526 -6.614363 13.4658 
13.71915 59.44019 -11.74025 
-34.55893 60.2424 -12.65662 
-30.93055 61.68876 -10.70469 
11.08217 61.66692 -11.67897 
17.56148 34.29553 21.39308 
-16.3523 -5.835364 14.11645 
11.26016 64.26822 36.68753 
11.57923 66.06979 -11.12139 
14.09654 16.35706 25.32527 
61.8375 66.25732 -10.97937 
-38.50029 -3.478366 14.46236 
39.7093 65.9728 -11.56776 
10.84047 67.8412 -12.67986 
-12.44093 -3.043437 13.05466 
-21.89071 67.72306 -10.50335 
42.14275 70.07153 -11.63577 
-38.71924 -1.077102 14.10101 
-10.7471 -1.025044 12.8592 
13.94591 73.39214 -11.84403 
35.24831 -6.906816 8.183733 
9.234336 -1.292975 13.18166 
21.34061 43.56123 22.74412 
-11.93709 78.83139 -12.1584 
9.568528 80.11421 -12.83014 
-1.421684 86.2248 -11.96362 
-22.59335 64.03416 29.76719 
-14.9314 38.33474 -11.79515 
-6.089361 4.288999 12.07255 
-37.6659 47.87237 -10.14995 
-44.34295 48.70813 -10.43963 
-21.56127 49.57604 -11.90027 
49.66874 49.97991 -9.331743 
7.84 79.27399 31.48058 
-6.06937 -2.613077 47.75815 
-20.35446 51.37626 -12.97999 
-30.78748 54.92465 -11.79157 
34.5299 -51.64883 16.73657 
-12.67005 23.35247 29.44192 
-53.14365 55.40533 -11.2071 
9.89203 55.9173 36.99547 
12.8457 56.85769 -10.62065 
-28.29402 64.96435 21.23196 
-24.99319 60.01169 -10.22248 
-6.225337 -8.77711 56.91549 
-5.649771 80.6864 31.66462 
-55.13521 60.42813 -11.10113 
24.22411 69.48252 20.6281 
-32.12272 15.89972 13.04492 
-57.4711 63.6244 -11.43727 
24.46581 16.48973 13.47626 
-54.24174 64.64003 -10.82991 
-40.90935 -0.6560053 8.799184 
4.747835 79.99709 31.9749 
-56.43425 67.05548 -11.60093 
-23.55272 66.34712 -9.81888 
-39.65512 66.18317 -10.57816 
-22.62129 65.35196 -11.56209 
-23.30839 72.30766 23.6049 
-39.62591 1.765017 8.167222 
9.13345 6.006983 24.74781 
-47.23024 68.09893 -11.08253 
34.50656 0.3343013 6.88648 
16.72717 -51.89896 31.89408 
10.94918 17.7124 26.01795 
-21.11686 76.56525 20.69029 
47.10593 73.32344 -10.12595 
55.77639 73.46413 -11.013 
52.17467 74.67161 -10.81156 
-12.28899 78.90887 -10.72078 
10.73247 79.35625 -10.85299 
6.324568 82.67667 -11.32579 
3.763613 84.77158 -10.8641 
-16.15593 36.94923 -9.15794 
-4.014429 38.05713 -11.31429 
33.87511 3.79117 7.301025 
-18.80659 39.36049 -9.178718 
-2.515394 39.4207 -10.65629 
0.6039903 37.23577 -9.84476 
0.6139081 -2.047086 32.71767 
15.48903 83.046 10.74064 
14.45724 42.71708 -12.45918 
11.32357 55.46492 37.07576 
16.28312 6.64535 25.09027 
-0.1302164 52.40078 38.09415 
-7.668887 4.595044 8.760265 
22.83782 40.31642 13.96742 
54.1993 52.69569 -10.86424 
-12.15858 84.02028 22.00992 
9.205572 85.52896 21.82625 
-24.92026 41.8142 11.33294 
33.40524 4.77806 8.738614 
-23.93429 41.4976 16.72215 
14.98793 57.31946 -10.31074 
-11.20909 85.4243 21.58873 
-53.84309 59.06285 -10.14596 
-2.006813 5.688508 8.578904 
-15.83959 77.76731 27.24778 
-30.56238 60.06062 -9.679696 
21.36742 60.44968 -10.07474 
13.54236 63.29181 -9.918776 
19.8087 64.41168 -11.17628 
39.68324 64.34549 -10.59472 
12.58021 63.69446 -10.48026 
-52.17796 65.92992 -10.62128 
13.47622 65.68328 -10.34837 
-33.43114 -53.41622 22.57462 
32.73565 51.92516 13.89436 
41.15982 68.04856 -10.11114 
17.56312 69.58365 -10.12521 
26.63816 -53.6216 22.71274 
-29.18233 53.82464 13.11091 
-5.230965 -12.50984 56.50893 
14.88863 72.8336 -10.71126 
20.66968 39.41786 17.09818 
30.31288 11.56166 9.949489 
24.15276 -53.11044 22.23335 
-13.69575 78.10776 -9.995698 
11.54242 15.63619 26.68622 
23.6261 41.60134 16.29484 
-3.940197 86.27837 -8.891457 
11.66804 35.03521 -9.152923 
-6.247095 36.33269 -10.56128 
-4.145031 37.10178 -8.910127 
-30.87018 14.03364 7.00288 
-5.41509 26.83427 32.01603 
46.82632 49.75924 -10.57027 
48.1441 50.71467 -8.569551 
13.53802 77.82118 29.21213 
-30.68197 63.04748 14.63216 
29.09273 -45.90208 22.08311 
26.82348 64.45053 15.16362 
-23.07401 52.40897 -10.19943 
-26.22025 17.49927 9.363626 
55.96358 53.96796 -10.41488 
-51.3198 55.38403 -9.860777 
17.12881 55.34571 -9.571848 
11.3231 7.074505 25.46996 
36.79818 58.32122 -9.023277 
-7.53691 28.40827 31.72762 
61.3587 59.4739 -10.20227 
17.93659 60.0904 -9.716959 
24.24471 71.50842 13.74918 
18.49483 60.82486 -9.739659 
-26.46961 72.22089 13.96322 
-25.15923 73.35563 14.36525 
-52.29423 62.86067 -9.658588 
16.13904 63.2173 -9.802142 
28.22195 -44.33092 21.38165 
-33.24515 -43.64149 22.02465 
62.71613 63.35991 -9.743707 
23.09073 74.38704 15.21776 
-35.53127 64.50574 -10.10808 
13.9392 63.74162 -9.537935 
20.01917 22.83929 9.601329 
-49.73772 66.67995 -10.04793 
-22.41483 66.82729 -9.724999 
18.99708 79.40054 14.65311 
16.28418 72.19163 29.10162 
-3.602044 27.75249 31.77777 
43.89437 70.30661 -9.033148 
-17.91057 71.72345 -9.678704 
57.91704 72.21201 -9.88064 
15.07634 -41.00024 20.70011 
11.81369 76.56179 -10.5256 
-32.48259 -39.80853 22.40368 
-12.34879 78.84196 -8.748368 
-11.18837 80.4944 -9.91859 
5.126985 83.86259 -11.46929 
-20.72601 26.22232 8.576669 
-6.209174 31.71973 32.21825 
-7.795732 35.15491 -9.894779 
6.061403 35.45105 -9.872142 
4.576541 35.78827 -9.08299 
-26.58677 -38.91096 22.12785 
-1.053704 36.3533 -9.93975 
1.904401 37.41806 -9.483701 
-2.942527 38.21111 -9.797496 
18.67096 42.44939 -8.504865 
2.457912 3.498872 27.31167 
-10.52291 88.22527 14.43939 
-27.86548 -35.65928 22.70984 
30.9604 -36.67772 22.62946 
-34.9582 47.97401 -9.745089 
-35.83169 -35.34908 22.3878 
-0.5861492 30.24273 31.6471 
51.27712 51.3951 -9.310831 
36.79445 52.55212 -9.814074 
-25.00462 53.33233 -9.29538 
13.41063 -35.55278 21.73984 
-49.95629 54.4269 -7.730886 
0.4599936 89.38403 17.51791 
-20.64187 35.69503 10.58792 
-26.79047 54.33709 -9.421576 
-25.16156 56.10355 -9.739029 
36.54074 55.55969 -9.282336 
59.23294 56.21489 -10.73516 
16.46601 57.51574 -9.458457 
2.133018 31.81794 31.76521 
31.88039 -33.15575 21.45975 
20.36119 38.02774 9.708887 
-26.05302 59.28605 -9.404075 
38.69895 61.18734 -10.37789 
-49.31143 64.82379 -8.854013 
-46.51127 66.37129 -9.915309 
-43.29455 65.82932 -10.29457 
13.86392 -30.5757 22.85344 
20.0832 67.01153 -9.835481 
-27.37214 -31.7183 22.22612 
17.91356 69.23005 -8.695747 
-30.22658 -28.37904 22.9917 
15.35165 71.91682 -7.597425 
-8.309694 41.41884 34.7921 
53.99723 73.47391 -10.56278 
35.69914 -52.63043 14.88987 
-14.94952 75.58832 -9.592134 
12.27186 75.77191 -9.035821 
-9.410829 81.50305 -10.63749 
1.455494 85.4221 -10.8623 
-43.92147 -53.32594 -8.833821 
-47.99422 -48.6712 13.52937 
0.4075524 30.82742 -9.351878 
-2.617437 30.99131 -9.431993 
-6.042913 70.72305 36.39454 
-16.16993 31.38323 26.42457 
-3.402574 34.4009 -9.265501 
2.134284 32.97211 31.98665 
9.69095 33.6694 -8.229001 
-7.043458 35.07325 -7.729204 
2.82182 36.47609 -8.985033 
31.5254 45.22384 8.194988 
-20.53069 40.86559 -7.099041 
-7.805952 71.24762 36.37318 
-34.33957 47.5694 -9.145756 
-45.34242 47.91958 -8.440248 
39.52697 48.61102 -9.534863 
-39.89147 48.19305 -9.021722 
-46.5834 48.87639 -7.304093 
36.45599 49.15176 -8.582114 
4.707538 35.56469 32.11392 
-48.55267 51.43465 -11.53853 
53.55345 51.89751 -9.55035 
-27.07472 51.65456 -8.521795 
-25.57181 59.22131 27.26323 
-12.8379 87.1889 10.84801 
-27.22549 55.78855 -9.358565 
17.71021 58.63255 -10.15149 
21.81221 58.61119 -9.447989 
-16.52422 25.70461 26.0909 
-28.09218 58.37768 -9.062392 
24.44143 48.20701 16.72087 
19.62136 59.05239 -9.485079 
20.95285 59.46772 -9.984089 
-31.69124 -20.69044 21.85719 
-32.54909 48.34329 8.192585 
37.83279 59.95188 -9.379739 
21.71798 -41.97738 14.26769 
-28.61015 61.15451 -8.727401 
-25.71202 63.63582 -8.870331 
21.57151 64.3639 -8.74567 
40.23263 65.14356 -8.824254 
30.99175 -20.15794 21.82914 
-44.58347 65.44133 -8.535244 
10.05751 86.35506 11.8396 
60.22838 68.29144 -9.420581 
13.64719 75.19888 -9.727489 
12.17374 77.06761 -8.341034 
-40.09227 -33.79242 10.28873 
-8.829573 37.55162 31.74505 
29.30191 -18.67745 22.72407 
4.185141 39.36845 32.82802 
-1.882798 86.39435 -9.14142 
18.32112 -39.41707 14.28569 
-43.2155 -51.8724 -9.145172 
-42.95436 -52.66953 -9.618939 
20.79465 -15.75001 20.07702 
2.684835 28.69257 -8.234192 
-17.93738 72.9372 28.17231 
5.054674 31.16039 -8.268753 
2.352984 33.72763 -9.547101 
-5.655178 32.09552 -8.686386 
4.725514 40.42432 33.11588 
-10.36781 33.98473 -9.094736 
-11.8547 39.47822 30.89563 
6.136351 34.08823 -7.286219 
4.349453 35.1721 -8.286743 
9.247865 39.55628 32.11211 
-39.97715 -35.66899 13.72204 
1.164499 53.91146 39.12141 
36.72823 47.6811 -8.766515 
-21.60808 -32.02203 14.93036 
40.50524 47.57058 -7.666283 
-32.1142 49.15395 -10.48113 
30.34876 -34.03968 14.23973 
2.874935 52.7189 38.82547 
-40.03975 -31.82516 12.73854 
23.33903 -3.977831 22.55889 
-10.51509 44.13803 35.91854 
18.98427 48.92996 -10.81802 
-27.63437 -2.004591 23.021 
-21.188 -29.23146 13.39526 
17.88101 57.13156 -8.217881 
-51.68964 58.39267 -9.347574 
31.69734 -28.89195 14.49372 
37.21127 -53.64946 7.819404 
-27.07359 63.90846 -6.694498 
-31.53382 63.68868 -9.326385 
-10.73863 87.79156 11.13563 
24.61014 -2.380281 22.68898 
5.487713 71.84625 36.61011 
-34.18556 64.23659 -9.684164 
25.38022 63.00755 18.66336 
11.57198 43.75277 33.76104 
-41.91515 -24.26253 14.56635 
-21.65391 -22.96509 14.10344 
55.43718 71.83488 -8.849078 
49.87357 72.95522 -8.905023 
33.33806 -20.19015 9.533626 
-15.45367 76.04449 -8.466707 
9.071325 80.24286 -9.558507 
2.755829 84.92445 -8.34604 
-5.93205 85.51804 -9.108097 
32.43899 -20.15764 13.5142 
-22.16748 -20.68018 14.77819 
-28.57812 54.37465 17.75079 
-0.2399246 88.30689 -8.125874 
12.31044 1.295415 22.40912 
-3.24351 28.73175 -8.481424 
-22.30237 -17.77195 11.95337 
32.62412 -18.21934 13.47365 
11.8806 2.923522 22.31199 
-40.77708 -16.34956 15.17292 
-8.441935 33.85213 -6.884153 
-15.89802 17.49352 26.92634 
-12.62927 2.867468 22.05535 
20.49739 40.49065 24.76288 
-26.0953 -14.45809 13.60405 
-39.163 -13.77814 14.70221 
-19.17013 38.03358 -5.052918 
-29.20183 67.64828 8.695475 
17.09499 39.19302 -7.358802 
-29.21951 65.07349 17.64912 
18.96656 46.84584 -10.38545 
-38.46473 47.35693 -8.676753 
16.49193 -16.3497 14.87187 
-41.37463 48.02037 -9.490807 
-29.34337 48.55366 -7.687027 
24.82018 53.09991 18.44876 
-11.20745 4.418789 22.03898 
-30.61261 50.61676 -9.458465 
32.83865 51.9226 -8.267758 
17.51582 49.58542 31.85371 
55.77452 54.11311 -7.507119 
56.9191 54.45075 -8.93749 
-42.3618 -19.45347 9.868032 
-28.25793 71.20007 8.22541 
59.38169 57.5118 -7.148918 
20.0169 56.91696 -7.83863 
34.66447 58.84248 -8.342358 
35.4269 59.5747 -8.308351 
-9.160707 7.384433 22.52364 
-50.27374 61.23403 -8.073324 
-26.57915 61.85178 -8.490762 
21.88321 61.60571 -9.021003 
-28.63955 62.95679 -7.460179 
-42.8678 66.46849 -8.253976 
-18.47179 -7.810547 14.48526 
-27.56374 68.09811 19.77802 
-22.19464 68.8278 -9.283525 
18.2174 58.20222 32.61662 
47.36817 71.178 -8.209872 
-38.22968 -6.187822 13.88632 
12.53776 -50.4346 28.19462 
-5.967138 -2.501739 51.29274 
22.52432 -49.99347 29.09392 
24.84148 8.790361 23.62276 
-8.949537 83.4745 -8.299527 
4.23956 84.56456 -8.296079 
-25.94162 70.84576 18.66788 
-32.25538 11.03841 21.65911 
-7.803717 87.24802 -8.555019 
1.143513 85.8649 -8.713315 
2.091389 88.20547 -8.251156 
-41.0912 -50.85707 -8.079592 
-0.2134123 28.65018 -8.490606 
23.71347 12.57459 21.26059 
-6.232982 29.09447 -8.07254 
13.53508 -47.56136 28.11854 
-5.23882 36.02733 -8.267592 
-17.85097 81.49155 7.437322 
-38.69891 1.187966 14.84576 
33.24239 -0.9142792 15.02453 
-27.67632 14.76494 21.10514 
-26.93156 13.90557 22.69288 
7.657051 1.262157 14.68105 
23.94934 71.33247 19.34948 
-36.94871 47.10583 -7.008058 
-19.30727 64.30312 32.29922 
19.31364 16.172 22.06609 
33.73897 0.9505911 13.38792 
-42.9532 47.98373 -7.499591 
-27.25972 48.99444 -6.973748 
21.5932 53.38273 -7.094353 
-6.016403 4.177602 15.30193 
-16.08658 83.79348 7.472611 
19.38654 8.081696 25.25263 
51.98701 51.76469 -7.565679 
-37.90565 2.913271 15.34581 
-47.78117 51.71274 -6.888728 
53.80577 53.37532 -7.242196 
33.98627 57.56912 -7.61704 
-38.47424 5.533284 13.16942 
-21.20546 24.01985 21.42202 
-0.8321536 7.44673 14.06478 
39.37218 62.77112 -8.179877 
39.61398 64.28183 -8.164755 
-2.155322 7.499299 14.35853 
15.61097 22.99993 22.4071 
-47.76814 63.94626 -7.841606 
16.62495 69.36796 31.62028 
-31.26832 64.13654 -7.633038 
61.51925 63.9309 -7.891838 
-35.13393 65.36707 -8.714359 
22.3772 65.82978 -6.081766 
40.61975 66.9605 -8.904155 
-25.25462 64.97938 -9.042137 
20.50151 67.22923 -6.939277 
61.1907 66.50579 -8.575118 
-9.338797 89.0733 9.618319 
23.8123 -44.40158 27.40926 
30.67383 -53.45441 20.28837 
32.58694 -53.4422 18.35166 
-12.95303 7.707282 25.01355 
-19.81462 71.62993 -6.517864 
26.81604 15.83012 13.72728 
8.213325 81.51983 -7.763834 
-11.19247 81.05783 -7.603903 
-10.11873 81.88718 -8.043125 
-11.21644 84.44063 -8.007428 
-9.854267 86.63129 -7.241404 
4.303157 87.14716 -7.718962 
-4.537859 88.80925 -7.702777 
-5.858796 88.84786 -8.049839 
10.62038 73.99003 33.67608 
-2.788703 88.77312 -8.548946 
-42.71359 -53.83404 -9.263146 
-40.75389 -52.77925 -7.734692 
-41.91895 -49.88099 -6.659809 
5.982278 56.53804 38.889 
21.50496 20.39623 13.33138 
5.724539 29.05678 -7.187827 
-12.56754 45.25611 34.99832 
9.863177 75.172 32.39198 
-8.562177 30.50483 -7.078222 
7.70385 30.68209 -6.288378 
20.16801 22.6635 13.80397 
12.85119 33.51002 -6.394333 
19.88367 41.43849 -5.700191 
-31.59209 47.19393 -7.056425 
32.97509 47.41096 -7.564694 
39.67384 -53.3914 8.724585 
-24.09588 48.71131 -8.055629 
32.44979 48.99011 -6.775683 
8.999443 78.3119 31.04632 
-10.94826 77.14038 32.19302 
-27.39809 49.63222 20.85838 
20.67041 55.96135 -7.910486 
23.13358 56.0523 -7.077523 
22.00154 56.57278 -7.830719 
-50.06896 58.11112 -7.363698 
33.88489 60.05406 -7.526347 
59.64998 60.67599 -6.760523 
-47.38087 61.73949 -5.574346 
-8.350782 78.43856 32.74218 
24.59545 54.22414 22.78634 
-37.33847 66.06025 -7.462047 
41.79623 67.24242 -8.21723 
-22.9903 68.26536 -8.386522 
46.10069 69.0667 -6.304734 
26.31423 48.03131 14.12786 
-0.8605708 -6.292774 40.90296 
25.31931 58.49666 22.75707 
12.28701 75.93354 -6.638121 
-13.57146 78.42489 -7.364924 
25.42503 61.80734 21.43935 
-2.076071 80.99833 31.5605 
6.182629 83.27235 -7.791629 
8.997911 81.74164 -7.243849 
7.334859 85.69279 -7.484322 
-20.06717 79.99113 17.96809 
0.01376262 89.52962 9.219855 
-0.04457731 89.34681 -7.091775 
-2.377079 90.13 -6.844178 
0.8745212 24.45782 -6.749986 
-1.03573 27.47919 -7.061797 
2.445655 27.33637 -6.704381 
-4.438959 27.52186 -6.733056 
34.39132 54.30602 13.479 
-3.999629 -4.44531 36.11861 
-8.626992 28.8957 -6.236634 
-29.30569 -50.80557 8.474725 
-0.1258801 0.4119994 43.9039 
0.582559 80.70928 32.10406 
-29.8931 57.09878 13.77917 
16.8983 40.83447 -8.539417 
1.31999 -4.034431 35.7072 
-7.373874 57.22047 38.95708 
-23.56872 47.84761 -8.683912 
24.06356 -39.09229 29.76367 
17.27557 -38.70922 29.16186 
43.52369 48.2028 -8.02765 
-44.741 48.78269 -5.840936 
-6.269306 0.9126148 33.94317 
16.13238 79.9635 23.77573 
52.31446 53.44622 -6.575263 
-14.64126 82.42619 21.72853 
27.03044 65.60523 12.09308 
32.45092 55.27871 -7.91804 
34.94446 -48.39168 9.699132 
31.94049 57.73788 -6.539107 
31.56223 59.17198 -7.126912 
38.36701 -48.87454 8.061658 
38.79621 60.9617 -8.530719 
22.14851 -40.4239 29.08427 
-32.46996 65.06873 -7.366517 
40.52713 64.83376 -6.904201 
-7.751754 85.788 23.524 
-35.08487 65.84227 -6.472127 
-23.90378 75.62267 13.90594 
43.99649 68.4957 -6.889566 
32.08242 -48.19326 8.059241 
50.33318 69.48305 -6.071285 
19.24022 -38.66307 30.17531 
48.48296 70.37661 -6.553579 
52.13481 71.40511 -7.930751 
2.784723 -2.01045 36.97655 
-19.82363 79.40902 14.19705 
13.31452 74.95322 -8.194262 
21.80709 46.63951 25.34229 
11.62806 77.87869 -7.213434 
-15.07714 77.19164 -6.922799 
10.46201 79.68371 -7.017802 
-12.3082 80.16832 -7.218623 
-13.62695 82.37805 -6.907903 
-18.70142 80.11366 13.79083 
16.90955 82.12182 14.76224 
-12.82434 84.57413 -6.808369 
-17.62041 81.71904 14.79378 
31.43909 -46.03482 9.153327 
-5.978521 89.51735 -6.911693 
-43.42966 -53.10629 -7.090675 
0.3770586 26.71703 32.60509 
-4.049644 -11.7679 57.15637 
-1.983077 24.49159 -6.523068 
10.86374 85.9392 17.66253 
-42.44609 -17.08846 9.514238 
-11.03189 52.88307 37.67096 
-24.08228 46.23212 -5.668278 
-0.1399779 28.92055 31.91943 
-33.27603 46.91074 -6.727026 
41.13478 47.29842 -5.667321 
21.57194 48.77719 -5.94248 
0.1030206 -5.091907 49.10006 
0.1616778 89.32348 14.3577 
49.98738 50.77127 -7.332356 
23.11914 52.58945 -6.824499 
24.66903 54.72244 -6.599868 
-36.15568 -47.54459 22.04414 
27.70212 54.90228 -6.267185 
23.09909 59.45232 26.81302 
-3.112792 29.05641 32.9405 
-23.66061 -46.98477 22.56413 
-47.41175 -53.5108 13.16434 
22.86626 58.05648 -7.094581 
-42.97518 -53.25595 13.19066 
15.72656 -53.23578 18.65462 
22.88528 60.49007 -6.812946 
39.22474 62.25747 -6.652025 
-34.4911 -45.3865 22.99977 
-22.45397 -17.52229 9.283384 
-1.723532 32.26404 32.28888 
-25.7368 65.5251 -7.616846 
41.97291 65.53137 -6.854034 
-40.08441 66.14185 -8.11494 
19.20258 68.90505 -7.303764 
-31.55425 -43.87073 22.78056 
12.86769 26.9055 28.25477 
-22.14069 71.00005 -5.316419 
-28.47472 -43.66846 23.00154 
55.32707 70.60847 -6.240779 
-19.49943 71.04205 -8.787993 
-26.10025 -52.05104 13.71609 
12.27976 78.02203 -6.43048 
-16.57184 78.76794 -6.572686 
11.37474 79.50259 -6.251212 
12.25234 81.509 -6.547728 
-31.69226 -41.96893 22.83095 
10.16084 83.76806 -6.939841 
29.00974 -41.94633 22.03147 
7.924613 86.72013 -6.760279 
-2.098124 36.37325 32.6824 
26.42657 -33.61692 28.33162 
1.878709 89.70454 -6.985605 
27.0543 -52.3345 -5.92063 
27.74719 -52.99173 -6.22542 
-42.80494 -51.18766 -5.448063 
-5.445151 2.269632 36.51376 
-0.4689093 21.30408 -6.207195 
17.28692 -33.14672 27.96935 
-35.76094 -41.9376 8.632712 
-29.42958 -40.1844 22.74577 
11.85968 32.69341 -5.67445 
-9.43444 33.07273 -5.940916 
16.2191 37.83197 -6.58776 
29.94743 -39.33956 23.13976 
-20.84361 38.80451 -4.770356 
18.82412 40.3548 -5.192728 
20.68426 69.14339 25.71897 
20.94324 43.56083 -5.851669 
34.26881 45.96374 -6.233955 
-35.84921 46.40594 -5.860836 
38.76257 46.76698 -8.047609 
25.03169 67.83388 17.34653 
-37.81736 47.44548 -5.749634 
-41.87449 48.39502 -5.938229 
17.93186 -44.60928 14.12249 
47.44454 49.90717 -7.660826 
29.57272 52.31952 -6.996789 
24.08006 49.57333 -5.874402 
-47.94117 49.84588 -4.736655 
18.20068 -43.53263 15.56529 
-48.758 55.36499 -4.967459 
1.464548 35.59261 32.52187 
29.05214 55.50683 -6.393872 
58.35349 56.36321 -6.720999 
11.61969 29.12951 29.51815 
24.33985 -41.4202 14.13774 
-26.15491 -37.53967 8.458241 
-45.86668 64.4549 -6.898519 
-40.30846 66.30402 -5.807334 
26.80617 -41.92646 15.54338 
-22.8854 69.77728 -5.593283 
21.65969 65.17473 27.53065 
19.83625 68.94055 -4.514682 
58.32137 71.37795 -7.648028 
-0.06617789 -4.825558 38.2547 
13.54899 75.61449 -5.45027 
-17.26395 79.84427 -5.142372 
-14.95262 81.72306 -6.868206 
9.371242 85.39279 -6.300071 
-11.13169 86.66706 -5.471658 
-8.879713 88.30467 -6.535477 
-0.01221545 89.6617 -5.399731 
-35.17783 -29.29833 22.73466 
18.54339 -30.17637 28.05867 
-51.45851 -52.55086 -6.556684 
29.14477 -52.42402 -5.383196 
28.02328 -50.43653 -5.773857 
27.15064 -32.72206 7.89189 
0.3522688 19.51746 -5.894081 
1.721338 20.55506 -5.788502 
1.786169 22.57445 -5.512209 
-0.4728542 22.96012 -5.745622 
3.474325 23.59715 -5.93311 
-6.701908 24.48573 -5.83608 
0.3632485 37.03727 32.59563 
-9.545857 30.75002 -5.214787 
-23.27153 11.69042 25.26081 
-22.12269 -35.2586 14.74099 
-15.96516 34.21329 -4.624263 
29.5095 -35.74655 13.84938 
15.62052 36.95565 -6.888628 
-40.65532 -33.82632 14.56251 
18.50581 38.91492 -4.575952 
-0.3199414 58.82117 38.28761 
-27.5736 -27.4766 22.3462 
18.92008 -32.01598 8.734892 
36.16146 46.46657 -6.462361 
20.77518 -32.91647 9.083597 
38.62457 45.56434 -4.550739 
31.55601 -53.76417 18.21609 
18.45859 -31.01554 7.905907 
-40.46752 47.53867 -5.622942 
30.39675 47.69567 -6.25391 
-34.13688 -25.96629 23.033 
30.11313 49.05004 -5.630117 
48.63157 51.27538 -6.356126 
50.49145 52.18386 -5.90479 
-48.44827 53.81042 -5.530033 
-30.66396 -24.85565 22.91672 
-3.572751 -1.115397 50.93839 
28.64606 58.71857 -5.509331 
-48.2264 59.07677 -4.784866 
-21.63811 -26.96229 14.62795 
26.65162 57.45417 -6.331214 
32.43785 -22.98559 21.95568 
23.7931 63.90659 -4.542839 
12.23592 -24.38918 14.09058 
-21.41272 -25.8005 13.90998 
-44.09199 66.32951 -6.710413 
-41.70107 66.30765 -5.666845 
-38.80158 66.47316 -5.395867 
-25.40096 67.94062 -6.520587 
7.326043 41.53562 34.01493 
10.22898 41.16285 33.16128 
52.57913 68.96228 -6.420314 
51.45067 67.39414 -4.463181 
16.72584 70.83942 -7.61153 
-16.72147 75.91581 -6.216609 
-33.17861 -23.42835 22.6415 
-41.73694 -19.63055 14.62352 
15.55043 -29.82429 8.98365 
-17.54905 78.21207 -5.506641 
15.43559 -22.17354 21.57004 
-34.49778 -23.89849 22.93166 
13.09527 80.52908 -5.800932 
6.269317 58.29871 38.282 
-41.3747 -27.52791 9.368951 
8.535423 86.86853 -4.562883 
-6.82294 89.26846 -4.994968 
30.41201 -21.52184 23.75218 
12.82115 41.84864 32.03697 
-50.23959 -51.03072 -5.750449 
-5.013123 19.59572 -5.036332 
-34.3984 -20.52364 22.69044 
-5.162292 21.25364 -5.33683 
5.020107 27.73719 -5.769092 
-8.239634 27.98992 -5.358692 
8.816504 29.85149 -4.921643 
8.760338 32.36436 -5.143605 
25.32813 -17.47482 22.13208 
-29.81704 46.88368 -4.837374 
15.92574 77.3048 26.21987 
14.28169 -24.44058 8.743951 
24.10379 -16.73038 22.0367 
-7.518029 45.03627 37.02538 
19.30002 -4.578832 22.32082 
26.67523 52.12939 -5.936512 
-23.92282 -11.6805 13.97206 
24.42182 58.61488 -5.948683 
-1.535426 -7.357767 51.12799 
-20.60011 -23.68361 8.052673 
27.58471 61.2189 -4.472792 
33.33184 61.76678 -4.696968 
-21.27852 -10.33711 13.98543 
-22.80679 -3.987536 22.41774 
-19.44198 -9.774547 14.26868 
-6.165696 -2.114007 38.75807 
18.30805 -1.717363 23.12486 
-33.74628 65.68981 -5.333467 
-36.6771 66.2591 -5.315178 
58.50271 68.21222 -4.983551 
43.53479 67.48553 -5.857902 
44.90895 67.36118 -5.353055 
-20.6035 -3.667671 21.9669 
56.09687 68.13939 -3.802681 
-36.89151 -7.040919 14.70317 
-19.07326 76.92614 -5.702563 
-19.84521 48.92284 31.60252 
14.17613 79.57677 -6.031154 
15.8621 78.7299 -4.926032 
14.7875 80.36224 -4.854634 
-15.23038 82.40888 -4.837786 
32.05983 -7.568856 13.86364 
12.78836 82.31229 -5.683194 
11.07176 84.68233 -4.534445 
24.77671 -29.39255 28.22822 
5.722418 88.20929 -6.26125 
-4.987813 89.28471 -5.252093 
1.737379 89.61511 -4.357285 
-5.071024 -3.14257 36.19584 
26.28088 -52.30726 -3.909417 
33.78677 -4.679087 13.14647 
1.200562 17.79272 -4.2918 
9.493529 -2.884291 14.31276 
-21.31548 56.62654 31.66659 
4.7248 22.08476 -3.931313 
-5.877703 22.8257 -4.886953 
6.9685 27.68859 -2.787467 
19.33068 -15.99756 19.34043 
8.075661 28.4584 -4.667868 
-16.20748 -0.4466202 22.41762 
8.944627 46.48532 35.74843 
-10.58696 -0.2824732 15.55405 
-3.325709 6.267124 19.99837 
-11.07511 32.59996 -4.975743 
-16.37668 1.306508 22.89253 
31.88636 -52.03415 18.82005 
-22.96054 42.04216 -5.433021 
-24.05238 44.67531 -3.229612 
28.78543 46.09906 -3.901095 
27.90197 47.88501 -4.959147 
-27.85148 47.57674 -3.891149 
26.11165 47.71764 -4.060025 
-31.29489 4.085352 22.79741 
-24.53752 -16.04407 8.772557 
6.79807 44.45872 36.18149 
16.91719 -16.62282 8.499927 
49.15823 53.9362 -4.154227 
54.05193 54.64316 -5.5826 
56.45872 56.49974 -5.191704 
-31.51186 4.604231 22.3795 
34.14359 -54.01118 10.61682 
24.80362 62.13435 -4.596687 
9.921862 4.345718 22.95846 
-24.31223 -14.09111 8.619781 
7.753436 4.068325 22.47228 
2.448053 3.973747 15.01629 
-31.03852 65.59717 -4.689454 
-39.33455 -49.69609 18.99845 
-28.04908 66.47556 -3.446463 
43.16767 66.06564 -4.935822 
0.8983889 5.220998 13.40328 
47.93134 67.3167 -4.110055 
-25.13123 69.70705 -4.335083 
17.09563 70.71586 -5.361469 
-19.70641 73.35861 -5.072654 
14.72829 74.245 -4.949436 
-22.1351 74.87641 -4.355221 
17.40594 76.22757 -4.363431 
15.1967 77.27853 -5.189841 
-18.53483 77.9016 -5.244075 
5.120511 6.360219 22.82217 
-13.77562 83.52439 -5.285264 
4.733765 7.589784 25.20146 
-9.226524 87.03104 -4.668727 
-6.542524 88.76171 -3.930496 
6.153253 88.26359 -4.581096 
-2.614792 89.93722 -4.786289 
17.58065 66.29912 31.98096 
-51.3453 -53.75972 -5.974246 
-49.57496 -52.83183 -5.506381 
-43.60968 -52.06871 -4.932975 
-23.60365 -11.72838 8.146335 
32.67257 -10.72562 8.793859 
-52.19709 -52.47445 -5.705616 
-23.13198 -49.47045 18.23205 
25.48577 -49.56285 -2.862693 
-49.36079 -53.43765 11.78862 
-39.23148 -49.56923 -5.46972 
-5.998377 7.241703 23.24501 
-40.71492 -49.07814 -5.676916 
26.07214 7.487189 23.21532 
-17.51534 68.15576 32.89666 
-2.445578 15.75657 -4.700266 
33.45148 -9.667916 9.369415 
-21.73923 -9.68356 9.314766 
-1.593878 18.19098 -4.651571 
-7.089662 20.13279 -4.292758 
-7.875903 24.02907 -4.931189 
5.944619 25.24915 -4.836079 
-10.82122 32.11367 -4.751153 
9.611767 31.92358 -3.987764 
-11.98042 32.46814 -4.012763 
-12.11523 32.85816 -5.930448 
-13.48611 33.02907 -3.628589 
2.582331 -2.631311 39.05943 
-16.38277 71.04316 32.08297 
-30.93051 12.54196 21.63055 
20.68958 11.68895 22.22449 
35.37206 45.61472 -4.644369 
31.77191 45.88295 -4.805104 
-25.729 47.37926 -5.113862 
27.48378 46.7016 -3.675458 
-38.56064 47.21966 -4.24858 
18.4599 13.2149 23.23741 
-16.82757 16.32439 25.90268 
-8.110125 46.35532 36.67056 
50.95958 53.01701 -4.952803 
57.4612 58.73602 -4.701626 
-11.30038 74.60828 33.49649 
30.29054 60.38403 -6.031278 
14.65713 -49.50989 18.30219 
10.26623 -2.506289 8.317289 
40.37471 63.1893 -5.098272 
34.64878 -4.715891 9.67614 
-2.285332 -6.675353 42.94622 
21.84156 18.87758 8.894569 
46.25286 67.27655 -4.052588 
-0.2961724 48.14674 35.30507 
48.75947 65.87956 -3.585438 
54.72898 68.04452 -4.217098 
8.578044 75.57156 32.4202 
18.86731 69.63947 -3.825758 
-21.59307 71.89547 -4.203043 
15.82699 75.89528 -5.122254 
-21.04972 76.47621 -3.339268 
-10.92447 75.46938 32.52498 
-15.94876 76.0956 28.73641 
12.823 82.65958 -3.718496 
-11.5759 85.36568 -4.202859 
-10.21755 85.98967 -3.999486 
4.481293 88.6244 -4.933213 
-46.63604 -51.53304 -3.316891 
29.02895 -51.94268 -3.468344 
-13.05287 31.89244 28.85386 
-6.840171 11.15395 27.92535 
-28.29027 50.06968 13.7961 
5.45253 21.59316 -2.123676 
-7.012043 22.54958 -4.248971 
-7.979592 23.48014 -3.216654 
-8.493756 25.64832 -3.336046 
-8.595205 28.09731 -4.399079 
34.94144 -0.648632 9.141589 
4.094452 77.87849 33.88956 
16.17845 32.05056 24.27948 
30.1041 46.82265 -5.599856 
4.750616 46.66804 37.57691 
-37.48267 46.40961 -3.187617 
-30.73938 46.07129 -2.745997 
40.55956 45.99271 -3.63207 
21.9903 46.6372 -4.391825 
42.53905 47.6407 -2.542171 
31.46093 58.13472 14.49681 
-41.09581 48.04596 -3.606772 
-44.15631 49.21804 -3.813835 
-17.95605 35.58851 22.94881 
-10.80534 1.33329 11.23075 
51.88538 55.47528 -4.307298 
34.96802 62.10527 -4.431413 
17.81057 37.36999 21.29413 
-5.766396 -4.134341 54.85059 
-46.83614 63.85113 -4.144128 
57.28477 61.80831 -3.777858 
42.06303 64.17408 -3.246969 
-45.44403 65.54038 -4.899107 
-29.01504 65.69784 14.0021 
44.96386 65.6246 -3.941828 
4.726705 59.91986 39.0085 
-33.50013 66.39075 -2.389714 
25.7396 68.40605 15.9511 
21.52559 67.85629 -4.543329 
-13.9133 28.63564 28.90999 
-26.45812 68.22548 -3.55899 
-40.31298 -45.73774 18.2588 
16.71662 72.34882 -3.617903 
-12.6151 47.08149 35.51239 
15.50414 79.93253 -3.302581 
-13.46986 82.9962 -4.054029 
0.009541845 88.71317 -3.681726 
-25.87547 49.0349 23.75698 
-41.9184 -53.39449 -5.539474 
-47.06952 -52.76191 -2.951694 
27.91348 -52.71069 -3.14416 
-39.46959 -48.27541 -3.40463 
-2.202172 11.43015 -3.450982 
-3.502353 14.24626 -3.488284 
0.06736369 12.76931 -3.565871 
-0.341372 14.29135 -3.451706 
-1.222175 15.99454 -4.903214 
-6.391893 15.68652 -3.515341 
-22.95498 -52.62095 19.89176 
-0.300421 6.178383 9.761273 
-5.31753 18.11322 -3.928384 
3.839242 18.77879 -4.127459 
4.214996 20.32947 -4.369392 
-14.10083 86.39574 14.0921 
14.65496 34.68187 -5.795434 
12.3056 85.34967 14.57421 
-22.56956 41.12333 -2.80882 
35.29898 44.841 -3.11528 
33.41043 45.83358 -3.935979 
33.83317 44.97522 -2.397791 
-34.89895 46.17037 -3.697874 
-33.26322 45.96872 -4.240221 
32.01098 9.096022 9.754445 
-29.08289 46.45041 -2.541282 
-42.74466 48.86959 -2.282751 
-48.84101 52.25524 -3.732616 
-49.1811 55.86306 -2.767429 
23.87382 65.56654 21.99082 
-25.62534 67.71751 24.13252 
53.68178 57.98738 -2.437101 
-25.07105 68.66885 22.67436 
-48.95507 58.53625 -3.105463 
-47.92361 62.19402 -3.250458 
-0.696268 26.704 32.59838 
0.1570596 27.98379 32.62637 
36.89829 61.66029 -4.430328 
32.1524 62.8588 -3.264804 
-1.909591 29.57129 33.26197 
21.31244 70.76989 23.88598 
-28.75255 65.33024 -4.10686 
-21.90182 72.94703 23.99164 
-23.48379 -11.77029 10.07723 
-7.132017 60.77715 38.77408 
-1.337357 90.04841 14.75239 
28.22434 13.44266 7.627485 
16.74562 77.58826 -3.481457 
-15.09879 80.96071 -3.240232 
13.69497 81.17145 -4.225719 
1.31339 47.72725 35.87627 
-14.09377 82.67981 -3.621693 
2.21828 28.7313 33.07425 
24.39841 -52.94978 26.28755 
18.60743 77.96552 22.40025 
11.5618 83.53668 -2.842883 
-11.92449 86.00428 -2.916222 
9.08857 85.21586 -3.291656 
3.986753 87.69707 -3.097245 
1.689807 30.38245 32.10281 
2.416639 88.58015 -3.040056 
-3.769612 88.80447 -2.021208 
35.83806 -54.0672 -3.184431 
12.30751 -50.3542 25.93861 
-42.46234 -51.62244 -2.266149 
-15.50194 80.00597 24.01645 
5.360074 31.69897 32.98439 
-41.46396 -49.18171 -4.480618 
-25.19137 -51.54955 15.2187 
-4.303046 12.18616 -3.395644 
2.28951 13.4708 -2.216832 
3.192849 15.08889 -3.092209 
-45.11497 -52.77962 14.7321 
-7.396509 15.93407 -2.12861 
16.28654 40.03751 28.97924 
3.13044 17.31965 -3.184057 
-7.692362 21.706 -2.667719 
6.100645 23.54788 -2.699921 
-10.8246 47.12992 36.74938 
12.43236 19.48974 25.22056 
-4.466245 86.93662 22.76612 
22.41305 45.44782 -2.712339 
25.70347 47.32761 -3.932479 
48.68013 55.83998 -2.392041 
-43.24932 -48.30457 15.80106 
50.46933 55.40714 -3.425221 
35.25048 -48.42463 15.28343 
-20.66319 23.6881 7.907601 
17.30896 23.92753 8.019015 
-10.46989 17.82686 28.69607 
-3.477076 35.22688 32.86178 
-44.29329 63.92163 -2.261164 
-24.46992 -45.14178 15.45146 
30.9995 -45.17867 14.85708 
-38.56301 65.74718 -3.461578 
-35.27124 -53.09574 22.32068 
-23.62879 -53.11385 22.44453 
-2.848851 -6.413893 48.65171 
55.97771 65.13142 -2.509591 
-23.35395 70.97216 -2.969311 
-22.66725 73.46032 -3.459158 
-1.82257 48.1935 36.44256 
28.31248 -43.90762 14.6873 
-24.38783 73.59693 -3.033065 
-20.50234 27.06051 9.99178 
-18.66775 78.19747 -3.374535 
-17.07532 79.15507 -3.404376 
-16.64297 80.50529 -2.312732 
-34.78141 -50.48177 23.34075 
6.970329 86.83264 -2.981389 
-2.216956 89.00357 -3.551432 
-51.27877 -53.02499 -2.506279 
37.24995 -53.40018 -2.588478 
-38.52416 -51.64043 -5.095671 
-33.90267 -48.42383 23.88066 
-51.21661 -50.27061 -3.985538 
-41.01188 -49.59953 -0.723407 
-38.98154 -11.5556 -2.707814 
-40.87519 -9.709924 -2.195533 
8.277034 36.11851 31.89165 
-38.54132 -8.190524 -2.987936 
-36.46657 -7.10968 -3.030978 
27.28045 -38.80826 14.32278 
-30.48084 -1.500848 -2.651296 
-40.05304 -37.6057 15.13467 
0.06588008 48.60636 35.65823 
5.530714 63.0504 38.59772 
15.14574 -37.86543 15.84248 
-5.763012 14.04938 -2.636712 
-29.30507 -44.14623 23.20267 
-10.93122 29.30214 -3.79776 
13.98105 33.02476 -3.350571 
-15.82433 34.24958 -2.60587 
-17.47482 35.60127 -1.977483 
-18.99668 36.30262 -3.050126 
-20.59717 38.32438 -2.732804 
30.91634 -31.70394 15.09136 
31.51615 45.50437 -2.840462 
-41.17796 -31.67835 14.91548 
-16.06621 20.81076 25.52198 
-41.29102 48.86751 -0.2551849 
-43.82805 50.14241 -2.362492 
-46.01611 49.9789 -3.71079 
-48.46919 52.17115 -2.573744 
50.9545 58.13332 -2.804514 
28.08759 63.80649 -1.194054 
-46.56235 63.38942 -2.623963 
-34.43056 -37.78132 22.75721 
43.62237 63.67757 -2.709999 
24.06404 65.25169 -2.738727 
-43.20902 65.4544 -3.689882 
49.65065 64.44203 -2.555555 
33.11325 -26.53687 15.47569 
1.382059 39.83607 33.64876 
23.30336 67.28913 -1.074898 
-36.03641 66.15366 -1.982576 
26.56901 45.11659 7.44245 
54.87638 65.36809 -2.08339 
18.93121 69.29552 -2.205481 
-31.45308 -36.07795 22.88324 
19.15895 73.98132 -3.298698 
-23.14478 74.62349 -2.438901 
-32.23702 -38.07224 23.29735 
-32.97872 -35.45402 23.14919 
-14.60864 82.88617 -2.746591 
-9.556037 88.09866 -3.056193 
41.21447 -53.27418 5.997153 
-52.24074 -53.66927 -4.900129 
13.7865 -22.0118 16.07523 
-38.21175 -52.8616 -3.223536 
34.64096 -52.04967 -2.58889 
-36.00005 -50.27869 -1.519892 
-47.40717 -49.202 -3.117759 
25.46716 -42.42186 26.9475 
-35.33131 -11.67648 -1.928143 
-35.88932 -33.35712 22.1827 
-36.39359 -8.866456 -3.214254 
-40.92487 -7.194464 -1.660254 
27.06116 -6.834617 -2.630517 
15.32825 24.23 24.07031 
-34.26603 -7.155637 -2.099123 
26.07372 -5.298537 -2.55058 
28.72025 -4.715976 -1.989926 
-34.22203 -31.65808 22.8352 
24.04812 -6.234446 -2.302742 
-29.2617 -5.325908 -2.059682 
-31.89024 -3.104777 -2.567914 
9.763493 47.88534 35.0503 
-33.72049 -4.761492 -2.604908 
-29.07009 -3.862147 -2.265218 
-32.24842 -33.03828 23.01894 
21.87688 -2.251606 -2.427229 
-35.78309 -2.388373 -2.024324 
-26.2522 -3.246661 -1.885955 
21.26391 68.09418 26.83537 
31.31761 -32.22605 22.68989 
28.35397 -2.538682 -2.44487 
25.261 -1.285656 -2.625913 
-33.71712 -0.5550114 -2.534624 
-31.01824 0.8668498 -2.260999 
-33.17887 1.422409 -2.149873 
-28.45306 0.3771674 -2.518738 
20.84605 -0.2158124 -2.391368 
24.61724 1.257414 -2.619193 
-32.54798 -30.61485 23.06446 
-28.22814 1.908424 -2.335517 
-29.58033 -32.58857 23.05552 
-2.654842 10.26602 -1.993305 
9.934563 50.47283 35.9445 
-5.854212 11.17076 -2.320577 
-36.12061 52.3245 9.657215 
-7.250569 18.36769 -2.231743 
4.967968 18.63563 -2.139592 
-9.392444 28.19178 -3.201786 
8.923018 28.53374 -2.845279 
11.70818 32.01354 -2.682037 
38.68772 52.91557 8.99369 
-25.58651 -12.32205 14.49992 
-24.15969 43.95365 -2.385283 
-22.27079 -11.40235 13.724 
32.53149 44.5875 -1.829356 
-32.70321 46.22805 -2.630603 
41.97602 45.84951 -1.119287 
29.86601 -10.1236 14.92934 
-38.53121 55.04258 8.915411 
-47.01574 52.20246 -2.285842 
-48.77012 55.1063 -1.830475 
-3.460531 -4.756708 55.83804 
49.15512 57.49979 -2.255574 
-16.37282 44.40485 32.62706 
53.35604 59.43172 -1.759155 
-22.62919 -34.34591 17.47182 
-31.76345 -26.89033 22.94462 
-19.74588 -7.992794 15.89861 
17.67961 -40.37891 28.8537 
30.50058 63.07605 -2.242738 
27.09764 -39.0426 27.46727 
31.07825 -9.021615 14.58086 
31.37384 -6.986205 15.99645 
52.27916 65.936 -2.449365 
-42.32933 65.27578 -3.511467 
-38.92519 65.90283 -2.665294 
-31.69444 65.97643 -0.9223706 
-37.68496 58.05276 8.96365 
-16.88317 -6.170383 15.35937 
28.26252 -33.89586 26.59751 
32.27264 -4.664529 15.07599 
-24.74172 70.55481 -2.389276 
20.31447 72.31068 -2.381956 
-21.41629 75.13556 -2.217142 
30.78583 -24.9808 23.86548 
-29.77437 -15.87037 19.09122 
18.44479 -36.84703 29.30531 
10.19113 84.58031 -1.973353 
-37.96547 -4.696086 14.23486 
-14.88099 -5.20146 15.40473 
-5.536013 89.32448 -2.609831 
25.47455 -40.49007 27.14402 
24.43127 -51.19842 -1.936149 
36.22247 -51.66508 -2.604203 
-19.57075 -9.84354 10.67798 
10.59682 21.34886 28.15998 
36.38659 61.40312 9.435967 
-49.68987 -48.88842 -3.536496 
-37.76201 -47.76613 -1.250199 
15.7127 -20.15555 20.9032 
17.27334 -10.188 18.7474 
-13.81535 21.7975 27.71692 
-37.89971 -12.87734 -2.367749 
-19.43459 52.95714 33.08588 
-32.91852 63.05005 7.969343 
19.03652 -19.13862 23.30182 
27.67567 -8.17198 -2.365478 
8.081196 -0.1887087 15.27836 
8.528939 81.35619 28.24358 
-20.65922 52.60822 32.40122 
-32.07235 -7.50066 -1.933448 
-29.02064 -6.197923 -2.083168 
-39.08549 -5.373943 -1.825806 
23.58849 -17.91298 23.44107 
-23.66352 -4.458065 -0.5396823 
18.98813 -3.325493 -1.53672 
18.19231 -0.9354268 -1.67391 
-21.19174 55.07425 32.49021 
-28.95191 64.51285 8.017419 
-25.79991 0.4280851 -2.053832 
20.14546 1.663578 -1.874535 
-24.23868 1.263327 -2.177134 
19.54853 3.255251 -1.935256 
23.1652 3.11849 -2.087595 
-33.00158 4.541258 -1.131483 
32.54565 -31.87781 19.22462 
-26.59513 6.005214 -1.448897 
-5.013841 1.41639 39.67634 
25.21474 -36.20371 29.5325 
-8.827166 16.29924 -1.314517 
-19.79532 -1.145163 23.78398 
5.410698 20.21264 -2.184907 
8.320787 21.88966 -1.524241 
-21.30153 58.84806 32.65228 
-12.18435 22.71726 -1.581013 
-9.127463 22.66103 -2.010659 
13.58785 -8.806597 10.24142 
26.40843 68.17593 9.407159 
10.72642 30.76111 -2.4513 
-12.50812 32.0316 -3.372903 
-17.39413 27.83476 25.74627 
-36.73769 8.301778 14.98493 
13.94345 32.98972 -1.217623 
-36.1695 10.45003 14.70435 
14.17443 29.24324 26.47554 
21.00949 40.94602 -0.8715061 
-19.98416 59.15272 33.01754 
30.43222 44.94165 -1.360868 
10.09104 79.12885 30.55966 
37.34925 45.51592 -2.971845 
14.52632 -0.881109 22.75246 
28.6289 13.43198 15.19267 
-19.69353 61.72409 32.82595 
-48.81752 58.67981 -1.636928 
25.18699 0.3260793 23.18806 
27.69238 -32.40343 26.77074 
24.29535 15.25354 16.32296 
23.74653 17.0846 14.64081 
34.73767 62.75418 -1.800219 
41.20003 63.52374 -2.268296 
14.14374 1.089421 23.41009 
45.97821 64.97916 -2.647406 
50.64096 63.42516 -1.255354 
32.06788 -48.27903 18.04415 
-26.03802 20.22456 14.11256 
-14.31089 1.466128 22.48088 
-19.03273 78.28022 -1.417605 
15.36863 78.85844 -1.943969 
18.72552 24.62775 14.67741 
8.200089 86.94479 -1.984411 
3.85218 87.98853 -2.432088 
-2.362477 89.5943 -2.623699 
0.3669522 89.61694 -2.329783 
-41.66048 -53.24627 -3.330178 
18.10543 28.19355 14.72128 
34.70689 -53.18509 16.94986 
31.76974 -51.01685 -0.3214127 
-45.71492 -49.04869 -1.748877 
15.41477 81.512 9.466496 
27.717 -49.51345 -2.611818 
-45.65128 -52.69084 9.482473 
25.15998 -48.30487 -0.8599054 
-41.56541 -53.13621 16.60651 
31.18167 -14.66513 -1.703228 
18.37537 34.67035 14.90465 
-40.16742 -14.09443 -0.8030809 
-20.41302 35.65928 14.56378 
29.19677 -13.52576 -1.866676 
16.40569 -29.68539 26.49955 
-33.32028 -10.49571 -1.351795 
28.64408 -9.519268 -1.38951 
21.69471 -7.331309 -1.457533 
-26.76691 -6.220071 -1.028515 
20.60341 -5.992407 -1.741841 
-35.4026 -5.025827 -1.578787 
-23.88876 -2.643487 -1.313478 
26.7013 5.016496 22.64087 
-38.25819 -52.96989 16.25802 
12.18006 -27.08928 17.96146 
28.33072 2.282177 -0.7577869 
10.27558 86.82141 6.558146 
-34.74463 1.958592 -1.331516 
-32.85159 2.383594 -2.253521 
-21.34952 4.243655 -1.339242 
-9.211101 80.43493 29.56799 
-30.3212 4.000518 -2.035858 
-24.93325 4.852021 -1.731248 
-30.21142 8.746344 23.69563 
19.56421 5.662007 -1.359892 
-28.31257 7.315787 -1.03268 
21.67664 6.23279 -1.545133 
-23.08058 7.069746 -1.435019 
-23.81726 5.849588 -1.785503 
-26.17995 7.798096 -1.441242 
16.61513 -28.40106 25.99547 
-2.313346 9.070659 -1.731073 
0.9215161 10.97155 -2.616751 
30.55191 51.0519 14.41413 
27.00387 -28.82819 27.1308 
4.538235 14.9685 -1.337876 
4.442975 16.94078 -1.57816 
-9.579772 18.28998 -1.217397 
7.436027 17.22791 -1.388701 
10.14006 19.22082 -1.113136 
9.710387 21.00375 -0.9310331 
-28.38936 11.80324 23.9235 
-11.34765 24.4406 -1.868702 
8.390061 25.73195 -0.7603546 
-11.14664 26.53223 -1.583851 
-11.30184 28.43981 -1.948212 
7.457962 77.03045 33.01387 
-14.69874 29.99707 -0.4052897 
-9.209401 76.53794 32.68915 
13.71931 31.40502 0.5599285 
-14.59719 32.04519 -1.81258 
-24.49034 14.37406 23.57065 
-19.67401 35.17745 -1.01485 
-1.907159 -1.680196 51.18978 
-20.55678 36.08097 -1.498369 
-38.91291 -46.38018 19.54059 
-30.4129 59.42596 16.33598 
36.47023 44.90473 -0.2376086 
28.3875 45.65635 -1.602036 
-34.5687 45.54769 -1.588083 
-26.89695 46.39323 -1.55435 
-40.32789 48.1719 -1.67773 
18.4878 -25.60506 26.27829 
-47.47077 55.30853 -1.256613 
-47.6007 62.08488 -2.043839 
47.37428 62.32265 -1.899629 
48.79661 61.16236 -1.356356 
50.33831 61.50201 -1.318068 
-16.97407 -6.64072 10.38345 
45.05408 62.27482 -1.004262 
52.91191 63.73759 -1.501444 
25.41237 64.74191 -2.79943 
15.52992 22.02646 23.05502 
11.31363 52.38774 36.2107 
18.68102 71.09563 -2.170802 
-26.30385 70.17362 -0.787692 
-26.21147 72.2564 -1.882099 
18.76634 75.94066 -2.127921 
16.30217 77.18071 -1.820562 
13.87898 82.01821 -1.163454 
-7.858966 88.98988 -0.4773498 
34.08443 -53.94338 0.7798045 
36.44439 -53.98915 -1.214246 
-48.65597 -53.66361 -2.101987 
-42.15786 -52.60011 -1.907233 
-29.92668 -52.81921 8.972306 
34.03733 -50.45516 -1.571786 
36.52052 -51.08632 -1.228412 
-19.24968 28.36983 22.53609 
-45.64266 -46.87858 -0.03041723 
-47.29588 -47.00209 -0.4535311 
-38.72801 -47.62207 -1.237097 
-37.2854 -46.62465 -0.5423573 
-49.84647 -53.00845 9.70372 
29.43444 -15.9519 -1.565006 
31.66007 -11.14065 -0.7735196 
-42.44609 -52.74843 8.909732 
21.07651 -25.39592 26.80084 
24.81511 -11.81938 -1.256075 
28.41256 -10.82369 -0.6850644 
-16.18797 83.80473 14.90651 
-38.17703 -52.70658 10.63673 
30.68906 -10.24472 -0.3332176 
16.2463 34.02628 23.45626 
23.53613 -9.10646 -1.87184 
10.77675 85.49876 14.59523 
-30.14866 -8.505507 -1.326624 
20.93986 -9.410274 -0.6643177 
30.95531 -9.167267 0.2849971 
3.238779 1.088669 33.01124 
31.1498 -3.811383 -0.3233476 
-37.57037 -3.920324 -0.8197534 
17.51581 -3.363842 -0.6885055 
16.07582 -1.976578 -0.7289664 
-36.05519 -0.3379134 -1.658793 
17.68431 -53.3457 15.16021 
-22.28317 -0.1613709 -1.440245 
20.87951 42.23912 23.18712 
6.982439 88.23988 14.21518 
-3.742324 2.978363 38.09323 
9.982448 36.99641 29.17977 
25.66462 4.082845 -1.440625 
11.98523 37.17381 27.73492 
-50.23347 -50.16002 9.829067 
-30.08613 6.872765 -1.087905 
13.91142 -21.83543 18.93781 
-20.43321 71.48539 28.01399 
1.547257 6.577745 33.66413 
-2.325841 8.812407 32.9664 
10.81723 17.08941 -0.6642348 
-28.18272 54.06498 22.13914 
-11.21293 17.62919 -0.92508 
-0.8963401 8.31899 33.51026 
-35.1286 -52.68819 15.55109 
-28.52303 58.29273 23.01751 
17.45286 36.22228 -2.16076 
17.78409 37.8035 -2.814319 
19.35675 38.45652 -1.114707 
31.36594 -53.25235 15.77026 
-33.5521 45.76709 -0.7260619 
-30.33768 46.09945 -0.931764 
43.36485 48.40332 -0.9779606 
45.77525 49.50847 -3.014135 
-45.00214 52.14157 -0.8956673 
47.31428 52.59983 -1.661615 
-46.18481 -50.19083 14.56075 
-46.92492 58.29607 -0.58456 
-42.93201 63.69525 -1.612421 
25.62013 67.34293 2.238728 
-4.488563 32.07563 33.53623 
-26.98858 68.56898 -0.7539896 
20.94613 69.28786 -0.5798741 
-25.15321 -47.59246 14.95638 
20.95692 71.80486 -0.9570398 
20.25987 74.30032 -1.098883 
-19.90833 76.25362 -1.535714 
-16.37654 80.83482 0.1182152 
-10.36633 86.58411 -2.21402 
-47.17325 -45.25211 9.579029 
15.15611 -20.06598 18.90056 
-15.49803 54.81002 36.39302 
-5.373714 89.35339 -0.8575948 
-4.000751 88.96478 -0.4486489 
15.31602 37.88702 24.93827 
-36.71922 -53.48319 0.6101285 
20.67541 75.1338 22.23102 
-43.54339 -52.83463 1.709812 
25.37358 -52.14836 -2.158762 
-45.76862 -44.61327 8.000996 
-43.61963 -51.12322 -0.3650147 
-40.7449 -18.86464 17.28076 
8.686688 36.61651 30.59846 
-21.25081 74.05669 24.82601 
-34.74609 -48.91621 -0.9598119 
-33.84367 -49.11691 0.6366329 
-41.69062 -44.23734 15.44196 
-48.0286 -47.44244 0.6072748 
-39.44678 -48.13492 -0.7703156 
-35.65748 -47.56602 -1.095621 
8.596566 33.52512 32.52521 
-36.29666 -19.491 -0.1457001 
-34.11181 -19.33438 -0.7604797 
-36.79518 -17.79255 -1.067924 
-31.6873 -17.40451 -0.8551283 
-34.71694 -17.72809 -0.416174 
3.915245 32.19753 33.30691 
-1.191612 2.694776 26.06729 
21.8697 -44.017 10.13139 
20.21908 -42.67643 14.59522 
-39.90257 -43.34661 16.96391 
-34.56145 -13.06572 -1.133916 
-33.07603 -15.63129 -0.2292921 
26.5 -15.47659 -0.316147 
-37.12974 -14.61241 -0.7056463 
-30.71478 -13.66321 0.02962822 
13.9974 54.97079 35.51008 
32.78704 -12.86106 -0.3364725 
19.29114 -41.22225 15.16622 
-40.98269 -12.21731 -1.498398 
28.15423 -12.16755 -0.7817343 
-32.00794 -11.97203 -0.3734796 
-13.65008 83.33024 23.11321 
-42.29664 -11.61082 0.04670088 
24.91191 -10.29741 -1.421391 
-42.55195 -44.19714 8.041946 
3.614202 82.59785 29.25205 
-26.38887 -8.004198 -0.5882163 
28.99603 -6.461106 -2.203813 
17.90023 -6.357774 -0.3420328 
31.46219 -6.349336 -0.661806 
-23.67488 -6.333382 -0.1999328 
6.552032 34.83323 33.64069 
-2.228778 67.82054 37.84471 
30.56262 -2.150423 -0.9659097 
6.129275 35.87576 33.31707 
5.543263 85.82555 22.68853 
28.96313 -38.38645 14.68102 
16.87816 0.6956742 -0.9269497 
28.23622 -0.1513942 -1.252086 
-22.85423 -39.41258 15.75818 
7.26402 85.61871 23.22177 
-7.805205 35.9722 33.15283 
15.9073 3.888404 -0.9443076 
-5.511134 37.65437 33.04684 
17.50955 6.28573 -0.8525406 
-20.74059 6.77366 -0.1910516 
-21.59195 8.206679 -0.7043081 
-4.199545 7.822218 -0.8942853 
19.41269 6.931094 -0.7252797 
21.62234 7.808229 -0.6480443 
29.86338 -36.10451 15.7675 
-11.26594 0.7237142 19.19633 
0.6803643 9.436479 -0.6474077 
20.05865 8.943322 -0.7091802 
2.207111 11.0938 -1.889473 
3.234194 12.71956 -0.4522617 
-3.610473 38.89156 33.59815 
9.008413 12.6502 -0.6919273 
-36.60733 -40.48933 9.138137 
-7.15651 13.0858 -1.013529 
-13.43794 17.01062 -0.4433639 
12.79874 -31.32434 14.46982 
-13.72509 20.9409 -0.9755043 
9.789519 22.94418 0.236608 
15.82982 -8.654886 18.26658 
10.18971 27.69367 -0.4691758 
-13.62522 28.85394 0.01993595 
11.69368 28.83994 -0.6127008 
-19.86266 43.91798 28.84207 
13.03253 -53.03748 24.04203 
-37.24337 -38.8115 8.478222 
9.906333 57.28736 36.54179 
33.13111 -28.12072 17.613 
-23.0904 39.91483 -1.363257 
27.81808 -50.03025 23.39019 
25.25874 45.17908 0.3785064 
-8.606808 39.04234 32.58474 
-8.011164 38.84515 32.41293 
47.63716 59.50946 -1.221615 
32.56307 -24.27809 14.36643 
33.28595 -23.88623 15.98786 
-34.43068 66.46877 -0.5985919 
-41.55348 -22.49689 16.62835 
-25.33252 -46.36287 23.91922 
18.15217 75.51974 -0.8181452 
13.84062 -45.2066 25.75258 
13.90296 79.85996 -2.257135 
15.98008 78.96717 0.1273035 
-20.73273 71.75242 26.18002 
11.07422 31.58124 29.4692 
-26.92261 -45.36413 23.96902 
5.537919 88.26286 -1.622713 
17.88131 45.53132 28.97396 
18.64198 -33.87096 10.03025 
-23.12855 -17.75923 14.62548 
-39.4426 -53.65261 -1.491575 
23.34558 -33.15049 9.807171 
-50.7569 -51.94344 -1.430201 
-40.91785 -51.7987 17.25689 
-5.817795 7.870806 28.64918 
-49.91019 -49.22702 -0.9698546 
5.525403 41.50914 33.08112 
-43.15431 -47.34377 1.698589 
-38.90824 -46.57452 0.1108363 
-35.11948 -47.54638 -0.05148175 
-20.04286 40.61208 24.402 
15.00497 -43.7651 25.24491 
-5.392951 9.668465 29.75013 
-33.15261 -18.62249 -0.3052984 
-26.93973 -14.58135 15.2426 
30.3894 -18.9384 -0.07941796 
27.68791 -40.58556 24.79954 
29.00335 -40.88074 22.53468 
-36.43166 -15.76094 -0.07942931 
-38.38475 -15.55083 0.1492618 
33.36866 -52.16573 17.39164 
25.84813 -12.64199 -0.5421795 
21.051 -12.62461 0.02678664 
20.54379 -11.21425 0.08077985 
-29.66579 -38.19159 23.37072 
10.92875 42.45268 33.12896 
13.90215 -36.41945 24.57174 
-35.72372 -9.07277 14.9827 
-40.28688 -5.106325 -0.4494671 
-29.6578 -35.63415 23.0988 
-38.58063 -3.476294 0.4794683 
13.91261 56.59056 35.05026 
-21.97271 -2.683033 -0.2557631 
13.71774 -32.8882 22.98592 
31.37264 -35.35173 21.72371 
-37.71837 1.086172 0.14245 
29.74775 0.4228431 -0.3944631 
-19.83953 0.225455 0.02116172 
-23.63443 -10.5221 15.30397 
13.5769 2.349166 -0.06687634 
-18.63487 2.402473 -0.2124488 
-21.40117 -9.702188 15.66311 
14.41359 5.859835 0.02394731 
26.72769 4.641606 -0.3698981 
-33.11922 -27.72494 23.36531 
14.65543 -28.32695 24.327 
17.83003 -16.3496 18.24931 
23.43823 8.516315 0.01338875 
0.4669589 7.890399 -0.3336468 
-23.57853 9.979838 -0.1591303 
-4.82897 9.977669 -1.047221 
12.33683 -8.39099 13.8058 
-9.476973 9.343258 26.78718 
-27.44611 10.28068 -0.1434145 
-21.19563 11.43453 0.5680652 
-36.67102 -5.610819 15.2775 
13.87449 47.27747 33.15378 
14.60727 10.95952 0.3588408 
4.95551 12.81288 -0.2149626 
6.784045 13.44822 -0.430096 
-35.67227 -15.0815 18.7016 
12.0258 16.94634 -0.673847 
33.41204 -49.3234 17.07253 
32.90532 -25.47133 9.777803 
11.20698 57.23328 36.55742 
-12.75213 -2.43626 15.54618 
17.33013 35.5983 -1.036999 
13.94544 50.02982 34.13557 
-6.20134 -7.034551 53.08801 
-24.45912 -2.725392 23.14866 
40.0032 45.60434 0.1889881 
-36.79137 46.4789 -0.5681495 
43.51702 47.3263 0.7053648 
17.77043 53.8555 32.28949 
18.7009 74.67699 26.3628 
44.51295 50.79742 0.9654654 
-46.15555 55.08209 -0.2622869 
-20.8633 -22.54625 10.40179 
-45.37525 55.27133 0.2037287 
47.74641 57.85123 -1.130007 
22.66411 51.29032 26.88065 
-44.30925 61.4585 -0.2897531 
43.01122 63.19399 -0.4107261 
38.61931 62.43562 -0.574653 
-19.78159 -2.024653 22.9037 
-40.4961 64.63087 -0.3392026 
22.84753 70.91019 -0.3003804 
21.50145 72.10612 -0.2304215 
-25.00173 73.57489 -0.7278783 
18.77709 74.27111 0.2834309 
-17.96537 77.67399 0.4555943 
17.81495 76.41906 0.4752227 
2.510813 89.3344 -1.829035 
-37.27237 -43.58131 19.81488 
-2.71101 90.11806 2.359265 
36.41092 -53.39651 0.03193216 
-19.69348 56.1331 32.8398 
32.97292 -18.9729 8.792624 
17.28802 55.68262 32.335 
-41.84726 -52.82814 0.5295211 
30.98526 -51.31347 0.1602974 
23.12939 -51.99128 0.7118699 
-19.50238 57.11338 32.84231 
-42.12023 -51.12447 -0.5621657 
31.1166 7.123575 17.30259 
23.06883 -51.17999 0.3277652 
23.2451 -48.88885 0.8665605 
22.86238 -0.5230065 23.22822 
-36.21175 8.177649 16.59403 
-36.1436 -46.31328 0.6334355 
-19.31423 59.19074 34.20165 
32.0346 8.5144 14.47497 
31.18385 9.517154 14.59018 
-36.6999 -21.72486 0.4478045 
-32.47964 -20.36695 0.2902462 
32.63037 -18.39137 9.520783 
28.03782 -18.43565 0.2605613 
-38.2733 -17.39865 0.4093981 
22.42822 1.075033 24.22523 
-30.88012 -15.84932 0.5058931 
-39.80569 -15.52448 1.170195 
17.32162 -14.75919 17.39665 
-19.14702 62.24018 33.69835 
-31.38734 0.5427289 22.48592 
-27.93181 1.157196 23.77609 
-32.72408 13.81465 16.52962 
28.28635 -13.16601 17.702 
19.1078 -9.899989 0.1001789 
10.0073 10.41235 26.74102 
17.63239 -8.588545 1.408281 
19.34977 -7.708151 -0.241908 
-41.9935 -7.367623 -0.3126975 
-30.39153 16.68407 16.6127 
13.86704 -3.001776 1.270808 
17.21117 -11.5893 17.20543 
-37.62685 -2.459514 -0.6045191 
15.03479 0.1246847 -0.2635191 
-18.58887 64.80981 33.38533 
31.70785 0.5493889 1.711709 
-37.19683 2.902431 0.6969196 
21.44518 43.93225 24.58024 
-18.43802 4.766855 0.03482657 
-39.4428 -19.37246 19.31953 
-18.61876 6.099908 -0.1398184 
12.62703 5.329642 0.2695791 
27.93855 4.736958 0.2442472 
13.68339 3.7183 23.75887 
-35.18871 6.568739 1.109453 
-11.56194 59.16006 36.79699 
-31.84719 7.85041 0.3754022 
-5.888659 -6.860278 51.52603 
24.83348 8.624012 1.040711 
16.47184 10.06012 0.6424533 
-21.25047 26.72094 14.39064 
18.14833 9.419833 -0.2796609 
-6.594516 10.70258 0.2471961 
-20.85154 32.46667 16.8908 
4.355649 9.898993 1.220412 
13.30922 69.70252 33.24604 
14.96885 16.17298 0.3247522 
19.76661 37.53121 14.79184 
-13.19318 71.23205 33.22968 
-13.33733 23.57008 0.1269644 
34.33759 -51.87276 8.075644 
3.114493 6.027277 22.45977 
12.85038 71.32668 33.59789 
-22.1467 37.89477 1.455898 
22.11838 43.40826 -1.798194 
-14.91699 73.55605 31.78058 
29.37226 44.55682 0.493768 
33.66661 44.41806 1.184336 
38.38241 45.35398 -0.6788983 
8.344718 74.79437 34.3553 
-34.55428 46.18365 1.335545 
23.68683 44.5969 16.40952 
-45.08025 54.40111 0.4141546 
-27.9846 47.73434 14.69715 
-7.576592 7.715549 22.28276 
45.69057 58.13718 1.415775 
-45.18951 58.38645 0.2922043 
-42.90871 62.57756 0.6646304 
35.4326 63.43864 0.5219559 
28.50171 50.76502 14.57197 
-28.32482 66.2011 -1.727601 
21.95127 10.59667 23.46519 
-26.34112 71.98335 0.3045252 
-22.45795 75.39568 -0.909636 
28.76994 53.68329 15.54041 
17.67637 9.741498 24.23808 
31.34022 54.22658 14.8726 
9.528541 85.90326 -1.643673 
-29.19994 55.4324 15.09064 
28.88448 58.18721 15.2864 
4.315716 88.5929 3.075999 
-35.93966 -52.27649 -0.78907 
32.42141 -52.36692 -0.8022501 
26.68205 -52.48853 -0.1721411 
-29.50624 59.15732 14.65389 
-42.4089 -50.27569 0.469523 
32.53091 -49.41648 -0.001799379 
26.31302 62.3592 17.45655 
-29.86042 61.1669 15.68772 
-33.44364 -20.95619 0.2998874 
-40.56706 -4.389917 9.906075 
-29.82421 -20.19818 0.3519978 
-28.33615 -20.43566 1.201601 
-31.79403 -20.00041 0.75053 
-30.30677 -17.6772 0.9254711 
33.46161 -17.12216 1.089085 
24.32411 -15.008 0.08433433 
-49.69425 -47.27927 10.13939 
-42.56203 -11.45127 1.461942 
16.19085 -6.690135 1.097019 
-41.72675 -6.537621 1.333451 
-39.80985 -4.425724 2.24242 
-21.4763 -4.524935 0.4084322 
-39.2528 -1.111247 1.593194 
-1.617165 -4.645263 35.06411 
-37.18104 4.545957 1.439575 
29.39894 4.553501 1.559129 
-35.70177 4.920794 0.8056971 
-16.66985 7.779351 0.8287388 
12.45868 7.597353 1.082469 
26.61716 7.787379 1.02926 
27.7207 -9.967419 17.6686 
9.601249 8.742072 0.2670723 
-18.62062 29.9255 22.8159 
14.34863 8.425094 0.4962224 
-19.30972 10.22478 0.4842029 
23.95168 10.07033 1.114384 
-15.50018 8.82829 0.8624928 
-2.370311 -2.172888 32.62064 
2.89832 10.78213 0.5873797 
-25.66858 11.65616 1.381902 
-18.11318 13.11037 0.6291786 
21.12463 12.02786 1.102413 
-8.998446 12.30408 0.2962358 
-17.24815 35.08679 24.65952 
-10.66624 11.47103 0.6781413 
-11.8134 86.40748 15.32494 
9.675571 86.08598 15.76028 
-16.0473 15.34144 0.3300139 
-14.0476 16.22348 0.4456236 
12.13815 19.14986 0.7044768 
-14.77123 19.6314 0.05536095 
11.30344 20.79255 0.7380102 
-13.2109 12.56667 26.92781 
14.01657 60.75039 35.84075 
6.601639 87.31825 15.68667 
-2.318855 53.16363 39.10161 
-23.57177 -9.385205 17.75348 
-22.42791 -8.3513 17.87468 
36.46632 -48.26306 10.08226 
-19.9875 34.55754 1.563621 
17.45188 35.60917 1.028218 
18.10893 37.24977 0.3031502 
19.74646 39.90722 -0.7610077 
22.52752 43.50996 0.6836169 
1.704986 89.62118 14.87739 
35.33495 44.98259 1.054709 
-36.6903 46.27526 1.645997 
-39.13074 47.137 -0.6863992 
-6.335811 89.43733 15.13492 
47.27444 56.31017 0.2205219 
45.26533 60.91787 -0.374036 
-23.50532 44.25829 23.39827 
21.92069 47.27063 24.09411 
-40.36576 63.98856 2.374684 
22.89025 45.76554 22.64494 
33.64022 5.70223 10.46587 
23.94397 69.99273 1.232649 
22.68273 72.30582 0.8796517 
-23.80032 74.13957 1.429575 
-14.70645 82.92519 1.132874 
-9.859125 87.96201 -0.2538096 
5.908776 88.28443 -0.3862566 
-33.97634 -53.66562 2.269019 
-38.0141 7.109897 8.843257 
-34.5854 -51.49096 -0.5990211 
27.36304 -50.32627 1.461675 
26.77775 -48.36641 -0.2624837 
-21.69656 65.92827 29.57741 
34.61909 -49.00049 0.09400848 
-40.29546 -2.153938 11.2135 
-30.52719 -23.12865 1.363643 
-28.89362 -24.11468 1.065703 
-28.7509 -22.07762 1.297157 
-32.72701 -22.45333 1.249381 
-43.92086 -51.49288 15.69306 
24.09318 62.24442 24.33553 
-26.30905 -20.86823 0.9725531 
24.16144 -18.92169 1.469014 
32.7834 -19.36644 2.55507 
32.07856 -17.32768 -0.1910626 
-39.8102 -16.7493 1.169801 
-3.682671 -8.829243 57.47139 
-24.27173 -45.39234 18.29167 
22.7529 66.29785 23.44568 
5.384484 33.51328 33.69693 
-3.692683 33.57066 33.80827 
-32.41802 14.33013 9.786922 
-41.88312 -13.58401 1.110363 
-31.13461 -7.159723 18.65408 
22.67498 54.13684 25.46221 
23.22393 68.87151 23.22849 
15.02418 -4.806932 1.70512 
-19.33771 -2.475051 0.5841317 
33.38049 -47.1146 16.72156 
-4.469542 34.67387 34.14598 
33.18983 -3.278167 1.654304 
26.39148 16.31038 9.543107 
32.5647 -0.7871864 1.686736 
-18.25078 -1.075014 1.182084 
-11.61492 62.1081 36.94619 
-21.21269 -7.643465 18.72598 
-16.54986 1.417863 1.406928 
-16.40835 3.818207 1.033743 
10.60789 3.501011 1.828187 
14.57655 -7.881908 18.07483 
-4.540016 6.906949 -0.06820134 
-1.383551 6.568726 -0.06303925 
-14.49102 5.778421 1.835973 
-53.85448 -52.24711 5.994327 
28.10507 -42.89836 17.3162 
-0.755937 39.31944 33.56787 
-6.448161 9.083818 1.327113 
1.818805 9.562603 1.367786 
-24.54908 -41.59134 14.9013 
-14.29508 11.16911 0.8604918 
-24.49826 12.42052 0.9064535 
16.89404 12.69379 0.914036 
15.11125 79.62961 24.14203 
-22.81118 -40.17515 16.53789 
13.04352 82.36616 23.08678 
-22.12743 23.31859 10.59547 
15.39001 -38.20638 27.40461 
14.08249 -6.637013 18.17109 
31.16388 44.72761 1.579484 
37.49997 45.57787 2.280938 
-44.301 52.10812 0.6767508 
-5.700711 86.18835 23.00573 
-27.7632 67.84282 2.03572 
-19.85864 29.44746 10.3323 
19.88762 73.28036 0.4935318 
-19.96061 77.25491 0.8953134 
34.04255 -46.0578 12.43736 
14.35502 79.18755 1.891928 
-16.79926 79.75538 0.7960081 
-15.08152 81.56181 0.4030856 
-12.20169 85.84046 1.439642 
-41.32757 -30.09648 15.01298 
-12.99214 40.60831 32.80922 
-1.471946 90.20161 3.893221 
35.68284 -53.66869 1.219297 
3.173427 41.48833 33.967 
11.9406 -28.63085 16.07538 
35.93308 -52.99426 1.929829 
-32.81064 -52.14828 1.768634 
-49.42867 -52.21398 1.961919 
-26.39599 -53.87456 22.21606 
-24.65817 -52.4307 25.44205 
-42.15187 -28.69178 14.27228 
35.58015 -51.34244 1.809798 
-41.01119 -49.01944 1.042475 
25.52509 -47.68284 1.873038 
-41.5852 -27.21124 15.89401 
-40.61824 -47.40359 1.575432 
23.39479 -47.78137 2.49489 
16.40093 -52.86546 25.63198 
-38.25004 -46.12633 1.096408 
-37.60688 -44.88321 1.769775 
9.165086 52.29734 37.07773 
12.01505 -26.43822 15.90327 
-36.01743 -23.40236 1.186111 
-34.14483 -23.42456 1.096938 
10.24799 17.35151 26.39904 
-38.73902 -20.4037 1.591122 
-26.24368 -19.50832 1.339246 
27.33316 -17.80197 0.2897373 
-28.02957 -18.48315 1.93923 
27.08067 -52.69509 23.29454 
16.0859 60.43105 34.38648 
9.354628 43.349 33.86031 
-40.93589 -16.61902 2.521974 
33.31723 -20.67465 15.47763 
22.44523 -13.79402 0.3839601 
18.4296 -11.99838 2.333009 
33.8897 -11.94206 2.171365 
9.826593 63.57892 36.75803 
14.23522 -20.54436 16.8324 
-27.13996 57.15494 24.77034 
15.92014 -17.90214 15.33402 
-18.62747 -1.825615 2.70664 
-32.6206 -46.58967 24.22194 
12.94015 -0.6544034 1.365061 
11.76517 0.511982 1.442687 
-17.00438 -0.2459378 1.64715 
13.02788 -47.97934 23.01141 
17.93797 71.68299 28.48208 
-14.97579 2.547261 1.853873 
-26.53196 42.74619 8.02182 
31.37906 -17.65975 14.93798 
-27.40636 43.62356 11.14925 
16.35308 74.93153 28.06181 
-34.92642 -4.700746 17.96044 
-30.11732 -45.32328 24.43447 
-17.51665 -5.44928 18.24641 
-6.023212 7.225106 3.22352 
-0.09249447 54.71173 38.79479 
0.7949463 -4.588365 44.52428 
-24.21318 -42.23546 17.87321 
-30.6223 8.734205 0.8651104 
-11.65612 8.769861 2.049555 
11.24312 48.15734 35.06583 
-32.2006 9.663853 2.320228 
24.28853 55.38005 24.75639 
3.130066 8.376215 2.512623 
25.41158 10.14335 1.642562 
31.21526 47.12348 11.02671 
-21.99792 14.22212 1.975258 
14.14714 19.22681 1.102663 
-15.50965 17.93676 0.8423157 
-27.46395 -11.25624 15.47524 
14.53385 29.299 2.871373 
-17.52494 30.76598 3.4472 
-17.22286 34.04539 0.5077643 
-17.92388 34.52352 1.286949 
18.7079 35.6587 1.877912 
-20.84485 37.29727 -0.4338476 
19.18408 37.9521 1.478656 
21.66405 42.31828 1.685791 
-28.66236 46.35017 9.003691 
34.77789 47.26582 9.122751 
-31.89046 45.48426 -0.1210844 
-28.43938 46.32917 1.550037 
39.56977 47.07467 3.659277 
41.80793 46.25534 0.6477003 
43.29366 46.86639 2.453351 
-30.46827 47.86598 9.82344 
-40.34401 47.98382 0.9767552 
-42.17645 50.38605 1.350115 
-44.53718 54.90937 1.780306 
45.58344 58.98849 2.998906 
-41.70093 62.8135 1.233959 
34.18954 64.14056 1.200673 
32.52458 64.45532 1.892475 
-38.66275 64.13481 3.48177 
29.17462 64.59044 1.2802 
27.74434 65.3004 1.798474 
14.63998 -26.3398 23.35938 
-37.539 65.76234 0.9557814 
-31.28933 65.90461 1.405584 
32.75272 -47.90441 9.863843 
-27.70999 70.89313 0.5972158 
25.23515 69.97476 2.77581 
23.10691 71.27214 3.295769 
-18.22928 77.67104 1.249461 
-33.7629 -3.506016 18.84595 
-17.23526 80.05232 2.489019 
-14.14216 82.26903 2.84564 
17.82269 -22.48203 24.67501 
-39.91985 -53.86992 1.501961 
-37.96942 52.38872 8.479435 
-55.29464 -52.69072 1.982848 
12.93523 -6.751186 15.68987 
29.73814 -49.94316 2.145511 
-35.36046 -2.83687 17.67456 
-45.35144 -46.54433 3.150083 
-3.154742 -10.61546 55.75793 
-34.47266 -46.19286 0.9830769 
-29.86256 -27.74674 1.944943 
-33.92765 -25.48169 1.535727 
-30.27839 -25.68605 2.001806 
-27.91687 -26.24002 2.144352 
-32.25184 -25.69882 2.362489 
-31.81815 -24.31604 2.128232 
-39.415 -22.52433 1.398726 
24.77929 -18.80357 23.80495 
-40.02436 -20.94296 2.702315 
11.29037 -2.820382 17.40833 
-25.53687 -23.56173 1.826615 
26.46737 -19.39322 24.52793 
23.72545 -20.47372 2.689483 
27.35093 -20.49375 2.223244 
-23.02166 -1.337687 23.67127 
-36.55866 55.22064 10.01176 
-27.75544 -16.79681 1.989233 
21.56797 -15.71062 1.607912 
-38.22571 56.92993 8.616769 
-41.17574 -14.39982 3.356626 
-36.15231 57.93988 9.975954 
38.80429 56.932 8.938664 
34.02238 -15.02456 1.508209 
-27.97871 -13.53761 1.618347 
-28.77171 -12.08982 1.098909 
21.12487 -1.542712 23.58482 
-27.47499 -9.801214 0.6899155 
-24.55061 -39.10717 19.9835 
-21.6281 -4.694054 2.102753 
5.049649 14.25687 28.31816 
16.5349 -0.4248623 23.73174 
-26.06468 0.2440412 23.9925 
-1.804867 5.009201 3.064779 
-18.38954 0.09260271 23.83125 
-33.3831 9.10982 1.858512 
16.55628 1.486409 23.79656 
32.13775 4.295382 16.53647 
1.440031 4.823712 16.75944 
-29.85233 10.61452 1.512175 
25.74179 2.060129 23.54202 
24.04065 12.05841 2.192384 
17.40461 40.90986 28.33723 
-4.972893 47.17584 38.11832 
33.1128 63.72941 8.84283 
-23.46304 -36.93792 18.02615 
-29.45641 64.65402 10.75691 
-12.39256 -1.872894 17.54807 
10.96264 25.29164 0.7286264 
12.6637 27.87469 1.730036 
15.19328 33.77664 -0.04565617 
19.75903 36.82805 2.448838 
30.66255 10.71825 15.73368 
-24.90302 41.48923 3.2763 
26.81474 67.41934 9.923701 
-2.4503 -5.407653 38.55823 
-26.27258 44.20174 2.437176 
28.69006 44.8712 1.684245 
35.92739 45.69734 2.905095 
-38.76664 47.55597 2.345204 
-40.73945 49.51641 3.04544 
-42.57931 51.57729 2.133467 
-28.71426 69.11102 9.420836 
0.6873865 5.003813 23.06983 
25.8599 14.99043 16.53079 
-27.48837 71.26675 9.323443 
11.91858 4.889359 23.77163 
-44.02132 57.74428 2.01036 
-43.6935 59.89934 1.29486 
-32.2621 15.6571 16.06627 
23.06135 68.07307 1.508409 
23.62121 72.00881 10.09282 
-24.54391 72.943 2.034302 
21.8375 72.29674 1.833686 
31.85209 -0.519645 17.24366 
18.31897 75.65227 2.024575 
-26.82126 18.46002 17.18312 
16.70901 76.27358 2.82159 
-23.95043 -40.5379 18.2748 
-26.29331 72.74797 8.822079 
-30.24748 5.906122 23.94245 
12.25661 83.49415 2.758693 
5.873208 67.09712 37.85852 
30.45795 -53.4017 2.579032 
-22.36135 25.28757 15.77139 
9.43299 1.369436 18.15093 
28.89769 -51.07556 2.451121 
22.08718 -51.81713 2.772664 
28.51284 -51.52165 -0.9100654 
-33.10226 -48.77542 2.591125 
-20.56206 30.36457 14.08461 
4.387513 6.653091 24.99711 
30.47746 -47.8833 2.607697 
-40.33968 -46.74619 2.749329 
-38.41439 -44.92902 3.065422 
-30.85359 -28.68978 2.738153 
-28.61387 -28.73467 2.741466 
7.275615 7.299241 24.86714 
18.50085 35.90915 17.11353 
-26.13547 -25.0519 2.268749 
-21.02191 77.14721 8.564879 
-37.31168 -23.35561 1.896655 
27.5015 -22.24112 2.436112 
24.44724 -22.16569 2.190203 
-8.647531 8.608243 23.83849 
-40.20212 -18.35987 2.187298 
-24.8025 65.68771 25.47825 
10.30663 81.21293 28.18212 
-27.24672 44.77902 15.32661 
24.10345 7.371038 23.96897 
-41.77199 -12.89765 3.583363 
-25.98862 -10.73844 2.927997 
-16.48466 29.18172 26.46145 
6.828033 75.64679 33.23074 
-28.86007 9.929955 23.7379 
14.99101 -7.467291 3.511455 
-28.84678 52.43989 16.27261 
33.87752 -4.45815 3.196037 
-39.95604 -2.682793 2.201344 
-39.14201 1.058195 1.917569 
-38.33888 2.778165 2.975787 
20.71939 9.830332 24.4731 
-13.44749 5.521925 2.806358 
9.935236 6.106836 2.027921 
30.72477 5.035351 2.506727 
-10.21749 7.976371 2.534032 
-3.557624 -5.614336 44.0317 
28.41001 8.182189 2.54512 
-4.326874 78.10009 34.15415 
22.57061 66.39555 25.34442 
-28.06199 12.33558 2.758028 
-24.95243 14.05598 2.98884 
-27.04874 63.51936 24.72759 
11.15708 60.16238 37.20805 
17.1993 18.435 2.13587 
-17.78697 17.35669 0.9699849 
16.81229 15.40836 23.70407 
13.85298 20.71459 1.878489 
-23.01998 15.62154 23.84696 
14.92926 32.74733 26.58324 
-14.94226 25.52429 1.51787 
16.48819 35.1212 2.095865 
20.30773 39.45792 2.102064 
22.59361 42.42511 3.073389 
29.77351 9.652045 18.5029 
25.23636 44.55996 3.034473 
27.94298 44.71433 4.114446 
7.375159 82.37315 28.43129 
-36.72058 46.92499 3.877128 
42.2174 47.47061 2.692438 
-27.04256 71.39634 16.77104 
-8.187519 82.27491 29.00734 
-42.30146 60.26719 2.329422 
-5.732015 68.65701 36.64362 
13.36261 21.66008 24.56622 
-34.99427 66.08214 2.495589 
-23.86152 68.46972 24.94883 
-28.12905 66.35562 2.306932 
-19.37978 24.72285 22.21211 
26.07092 67.80645 3.094425 
20.18718 78.19793 15.80173 
-21.4525 78.79331 15.75286 
-3.312305 -7.8641 52.47051 
20.4966 74.07622 1.778026 
15.64023 78.12232 2.610769 
-15.55549 80.70651 1.783702 
-7.614359 11.86905 27.86729 
-5.384139 89.84072 2.957691 
3.0539 89.633 3.9877 
-43.04527 -53.64541 3.692266 
-48.24759 -52.88773 2.62142 
-46.58425 -53.42294 2.971967 
26.2313 -52.38821 3.043596 
-54.47061 -52.84647 3.18268 
-53.8129 -51.05723 2.561123 
19.41775 -53.60957 10.51908 
-55.40219 -51.00661 2.460115 
3.01621 0.1062129 34.54738 
-16.11975 32.22147 26.74794 
-54.56359 -50.4975 2.532227 
3.332639 3.186011 32.09031 
34.81183 -49.26572 2.502886 
14.72182 83.93636 14.39609 
6.320597 68.69401 36.27515 
-16.00178 84.36956 16.70307 
-17.14742 35.57703 24.60069 
-42.67712 -46.1126 2.329079 
-35.57386 -45.52954 2.37309 
-37.17583 -44.84607 3.685365 
11.30238 84.84262 15.86604 
36.96149 -53.84935 9.86048 
-36.3034 -26.02484 2.327027 
-33.05107 -27.30689 3.242626 
17.61413 38.81407 23.73837 
-38.28575 -24.10735 2.312396 
-7.200668 88.55672 16.24252 
14.47202 35.13834 25.69698 
25.35247 -22.95551 2.640005 
-0.1416638 56.89013 38.91959 
-35.36409 -53.11628 7.199033 
-25.43359 -18.9143 2.960729 
-29.02301 -15.47199 1.375281 
19.65442 -13.4898 2.453994 
17.00752 -10.19121 2.724788 
-1.200027 89.17272 16.27032 
-24.45554 -7.320116 1.394216 
33.08478 -7.216333 1.541259 
-17.13757 40.23832 27.53383 
34.07966 -2.773562 3.402118 
-3.209464 40.79004 34.39085 
12.86173 37.96309 27.11242 
11.20473 0.1386086 2.581426 
20.67587 -34.61788 29.61147 
-35.62065 6.48243 18.37955 
23.24678 48.50925 23.40243 
-0.2396967 5.852418 2.274827 
23.74058 51.00831 24.00192 
19.8834 -52.8699 16.90212 
-36.33702 5.997118 2.983072 
-26.71827 53.58026 24.51566 
1.655863 7.933237 2.927743 
-31.31806 11.98497 3.388802 
22.42264 12.79341 2.653553 
-27.24217 13.61374 3.277868 
20.45808 13.76473 2.220346 
17.2237 -53.57309 29.69706 
-21.44049 16.62641 2.641685 
18.98092 16.8669 3.100975 
-20.22326 20.46391 3.435962 
-28.79293 -48.84893 9.528276 
18.54546 34.32189 4.392002 
33.63948 44.67654 3.40477 
-33.56483 45.9786 3.607058 
24.27262 64.69991 23.2394 
-43.2354 54.78825 2.966096 
43.544 62.61304 1.033931 
44.64005 61.2448 2.174986 
-4.060051 6.591324 16.14255 
-37.42751 64.99326 2.475452 
-6.976584 41.25279 33.72668 
20.9891 -44.87077 10.67868 
-33.58856 65.68793 3.064249 
-28.63313 -46.97865 9.248812 
1.127071 43.48643 34.53391 
15.4822 79.51097 3.699428 
12.28286 82.90034 3.862947 
31.71524 -46.09919 11.22011 
10.91161 83.99981 3.510335 
-10.91343 86.2452 2.638562 
10.00391 86.23948 2.155693 
-9.772282 88.1452 2.743146 
22.60629 -53.04909 3.45647 
-55.92997 -52.81541 3.13574 
27.82461 -50.61728 2.879313 
8.433389 42.45405 34.37031 
21.98841 -49.17609 2.972872 
-28.85131 -45.1633 9.102811 
32.21102 -47.34185 2.61369 
27.85689 -40.06903 15.73616 
-41.32804 -45.4353 3.16173 
-39.36512 -45.65287 3.389385 
-28.61905 -30.93851 3.631084 
-26.13686 -28.89891 3.606158 
-37.89369 -27.81225 3.87202 
-41.24448 -30.99962 17.16043 
30.78299 4.187996 18.47149 
28.29181 -25.20172 3.28988 
25.53778 -24.7133 3.101637 
29.61328 -39.58616 17.40631 
-39.49307 -39.34555 16.46765 
-23.27058 -24.28155 3.633138 
-23.3077 -38.64972 17.14754 
-41.98531 -20.09088 3.060744 
27.20659 -44.07495 8.951303 
-22.31775 -36.77743 15.62959 
-14.92486 80.62318 25.01728 
-44.41239 -44.26521 9.182228 
33.84512 -17.3912 3.669765 
34.44701 -13.63721 3.79869 
29.48147 7.737556 18.76296 
32.56974 -9.945802 2.765281 
-26.31223 -8.627781 0.6615996 
13.5523 66.04907 35.1158 
-21.94256 -7.064783 4.112693 
30.46979 -34.71647 16.82228 
13.05999 -33.54295 16.72059 
31.78101 -33.42213 18.15268 
-1.534653 58.97632 38.89521 
4.668758 43.34705 34.15134 
-29.29311 -41.59621 9.135106 
-16.37218 0.7505397 3.283461 
10.64834 -0.9205178 4.098505 
-39.60334 -0.573624 2.927088 
-22.55861 -32.05991 17.06815 
-14.63488 2.995794 3.747095 
33.12313 2.179989 4.168226 
-12.30398 4.508267 4.820324 
32.73826 -30.25739 16.23955 
10.81547 45.4729 34.46802 
-6.988487 8.585507 1.826412 
-34.42999 9.211584 3.662758 
-41.17627 -25.52504 17.75125 
27.04201 9.259442 2.809215 
26.40704 10.5082 2.83985 
4.054462 86.24631 24.09218 
1.722749 86.6786 24.06478 
20.2849 15.74267 4.402556 
-29.72356 -53.75957 24.16389 
24.14673 -53.57212 24.53354 
33.2645 -21.52579 16.38047 
-27.98542 -52.93882 25.63887 
16.07718 28.86575 7.25244 
28.82203 -3.700853 19.46816 
-33.35808 -53.02707 24.14318 
41.14697 46.97869 3.159784 
44.87729 49.66966 3.807705 
45.57784 54.66293 2.096856 
-23.83613 -34.99639 8.679379 
33.06711 -29.22453 18.93664 
-23.7845 -51.66875 24.99439 
-23.49213 -35.54002 10.21638 
-40.06545 -33.42016 8.630737 
40.26885 62.34817 2.703354 
-28.86233 69.23464 4.108407 
25.51734 -34.25 9.872938 
29.18939 -16.14039 17.48191 
-19.14657 77.13071 2.861693 
14.21947 80.21602 2.986351 
12.89515 81.50187 3.917777 
-32.68699 -50.85096 24.68244 
-18.28821 50.65519 33.96457 
-12.29928 85.1441 3.188576 
-3.967246 89.49441 2.63444 
-38.43975 -53.22076 3.531178 
21.14088 -33.71554 10.06601 
20.42436 -50.61632 3.507201 
21.49259 -51.66648 3.189997 
27.74394 -51.41412 3.25792 
-32.48508 -50.81448 3.361799 
35.01556 -52.547 3.091246 
-31.72411 -49.65964 4.085739 
-54.62357 -49.75474 3.300487 
19.51735 -48.86784 4.891045 
-52.22436 -48.69511 4.036526 
-34.11539 -13.19057 16.07021 
-33.25242 -46.85692 3.167657 
21.34762 -47.51691 3.710166 
24.61075 -47.06896 4.032889 
33.55402 -47.74437 2.54041 
27.4349 12.56559 17.94854 
-0.03317781 -5.155416 50.92918 
-31.90028 -30.78304 2.973023 
-30.55329 -11.95746 16.5237 
27.73675 -46.93293 24.22389 
-35.05274 -28.58262 3.158937 
-33.3219 -29.30475 3.937685 
-19.24963 55.65936 34.35257 
9.196073 83.53429 25.03713 
-18.27103 57.28574 34.29453 
-39.96544 -22.91543 3.609876 
16.52736 57.52457 34.05399 
24.09816 -45.98102 27.76891 
28.92535 -20.978 3.081291 
31.18481 -20.78093 4.785614 
-42.30678 -18.47557 4.540952 
-33.0228 -11.36907 16.41276 
-25.08684 -17.27913 3.72861 
-26.32696 -15.67157 4.115002 
32.97781 -10.43938 4.132461 
-24.63639 -9.239378 2.838926 
17.01913 -31.75811 9.700984 
-32.53022 -9.961164 16.19802 
33.73864 -5.956674 2.04823 
13.14142 -4.738477 3.979966 
-18.70903 -4.724436 5.304489 
16.05772 -10.6809 17.23239 
30.38599 -34.19748 24.22338 
33.75591 -0.4487458 3.824584 
29.40704 -32.08433 9.890522 
14.41908 -33.37551 25.00384 
32.85139 0.4211196 3.499243 
9.396277 1.767417 3.675629 
31.22227 -30.08176 23.78942 
8.135009 4.811305 3.488426 
6.371903 5.734884 2.752095 
-40.29324 -31.44476 8.93964 
13.26403 -50.06702 30.02299 
10.28174 13.53593 26.91468 
-7.766837 6.859783 4.906168 
-2.543693 -2.538384 53.08646 
22.68941 52.32178 27.07533 
-35.75122 -6.869301 16.37081 
-32.95704 10.03351 3.927533 
-26.05823 14.588 3.792227 
16.86301 -25.30873 25.08326 
18.74041 14.95537 2.753114 
-23.61907 15.57034 4.250985 
17.19601 21.08571 3.594868 
-17.10604 20.42497 2.657621 
15.5095 22.51019 4.119016 
12.32791 24.40625 2.031121 
-15.29731 29.13234 2.512136 
-25.48074 54.72502 25.44921 
16.68588 44.18982 29.98857 
1.810153 58.94401 38.82425 
19.21977 34.87888 4.143074 
-12.61428 69.69836 34.98093 
-41.13505 -26.61889 10.31886 
-25.47523 43.09891 4.700496 
-14.15136 -3.621759 16.54297 
19.94257 -44.57997 29.11391 
-30.62535 46.3547 3.388436 
21.84234 -44.43882 28.40925 
22.75727 -20.0464 24.86377 
-41.09261 62.02341 3.576344 
41.77792 62.02727 2.939717 
-5.075837 59.19617 38.51068 
32.18671 -2.831815 16.15565 
-23.18194 56.37287 28.32199 
-11.65023 0.1325327 16.95932 
-30.73104 65.25278 4.179675 
-30.27617 -50.14691 7.448435 
29.14412 65.44869 3.698191 
-28.2131 66.02369 4.164261 
-28.61485 70.82845 3.950166 
-21.41767 75.62791 3.880709 
-16.10581 81.72668 3.566701 
6.224331 2.186217 14.85842 
10.25239 85.93076 4.207 
-5.796123 89.17387 4.510187 
32.22171 3.314511 16.12476 
-47.52524 -52.91319 5.887165 
-31.84428 -52.5635 3.966991 
-48.37217 -51.29393 4.18286 
-55.59914 -51.2347 3.40608 
28.11879 -49.87024 4.017097 
-50.16731 -49.10775 4.467754 
26.67928 -49.02617 4.055444 
32.87165 -47.35088 4.468375 
-18.5416 2.322795 24.18396 
-29.66866 -32.79189 4.213938 
-38.15904 -29.93092 3.949362 
-36.24195 -29.19514 3.922247 
33.41701 -25.37771 18.21959 
-38.4923 -27.35557 4.43292 
-25.26039 -27.10234 2.953906 
25.82134 -27.61088 4.130764 
26.66447 -26.01204 4.077242 
-39.16801 -25.83212 4.092557 
23.85441 -25.21698 3.773732 
-41.70479 -20.19838 11.14882 
22.22882 -24.32338 3.276489 
27.85955 -23.48369 3.182627 
24.71363 -44.12447 9.98829 
23.02942 63.36917 26.12408 
-41.6079 -21.29348 4.692655 
22.05987 -22.0451 3.378228 
32.45624 -19.72684 4.313619 
26.95348 -22.68033 26.12396 
22.38099 -42.55267 28.88694 
19.72204 -17.65278 4.77963 
33.02499 -16.87657 6.283492 
-16.32609 2.870099 24.2522 
-13.99013 4.359418 23.95567 
33.26972 -12.84087 5.494892 
-2.53987 5.294083 22.93195 
-41.30931 -7.728963 4.090967 
-40.85275 0.1874438 5.51329 
24.52607 5.310636 24.11639 
-1.674224 -5.491033 37.05461 
33.02384 -17.28586 8.7236 
16.34047 -43.21565 28.3421 
-38.95736 4.892944 4.295299 
16.46261 -17.13134 10.75466 
0.4672136 6.243784 4.852938 
2.732297 4.832209 25.27578 
-2.228781 -7.71542 52.84885 
-5.935166 75.57388 34.18745 
26.47728 13.36069 4.998887 
-29.8492 13.27921 5.293817 
22.08526 15.2171 4.165906 
-3.778337 76.65382 34.52222 
-17.96625 30.23118 6.727076 
-20.89592 27.90222 15.56172 
17.89559 28.61636 16.79112 
-20.0412 35.32101 4.205474 
-22.24577 37.3614 4.427496 
29.96763 -44.6568 10.13576 
-29.01515 46.1977 3.690054 
38.54718 46.48634 4.564032 
43.80267 48.75598 4.277991 
44.81924 50.98634 4.856344 
-42.19404 57.61748 4.235546 
-28.24851 8.024573 24.80432 
-23.83746 -31.71095 19.31881 
-10.32645 8.259349 24.36942 
-42.34313 -43.38956 10.9655 
37.04465 63.04491 4.391167 
33.31648 -23.37623 17.84447 
-26.08285 42.52979 18.64508 
-13.26044 60.2099 37.27174 
-20.67841 77.02238 5.438831 
-40.85883 -9.329407 8.126194 
-10.78265 87.0793 3.910212 
-27.77703 50.92424 17.05485 
-2.466837 89.60557 5.023308 
20.74757 -53.35124 4.504163 
31.77023 -53.75842 3.254882 
-42.37875 -52.85308 6.681928 
24.78346 -52.94456 2.049199 
16.68399 10.20725 24.43368 
34.771 -52.39724 4.880062 
-49.18071 -51.75746 5.500949 
-54.24288 -50.00138 5.263322 
-20.90784 25.97108 18.78757 
33.36414 -21.75698 18.52064 
-26.89371 10.56862 24.82583 
-29.46882 55.58575 16.63053 
-39.38814 -43.82495 5.818883 
-40.22569 -44.53608 3.824336 
-32.40302 -34.04816 4.488613 
-31.10922 -33.47228 4.582744 
-26.44844 -31.76942 4.485583 
-31.65174 -32.39524 4.351928 
-18.9577 -6.967979 9.415186 
-24.91968 12.77658 23.98088 
-2.452855 -9.794415 56.24877 
-35.48931 -30.38786 4.596094 
-33.70484 -30.75439 4.76872 
-39.13822 -28.09052 4.999195 
-40.56402 -27.46069 5.175754 
-41.18782 -26.21166 5.330176 
20.85709 -23.56654 4.608341 
-29.20716 61.89171 17.17316 
29.55032 -22.30364 3.583148 
-21.78608 -22.37895 5.443291 
-20.88308 29.09623 16.5176 
-42.7483 -16.4347 4.185312 
25.66693 64.43713 17.24819 
-25.21472 -13.86571 5.723083 
17.16179 -11.06584 4.481318 
-29.39973 66.66227 15.24082 
-41.84412 -10.70398 4.731623 
-20.21706 20.08863 23.03434 
14.81549 19.43651 24.84917 
-28.31556 69.87955 15.12869 
24.62451 71.21719 16.33743 
-25.71638 72.56574 16.32693 
-25.35229 74.25236 15.92931 
32.81596 4.799217 5.535748 
-24.52083 75.63417 15.54426 
-37.86527 6.340152 5.080827 
22.02096 75.92058 16.06938 
28.92916 9.691958 4.534511 
-33.14263 11.90303 5.293321 
24.226 13.43143 4.189501 
-3.901452 5.742923 34.61981 
-24.00471 16.7702 5.747496 
6.834906 69.31648 36.15631 
15.53075 81.76513 17.16691 
14.27528 83.47713 16.1445 
15.93708 29.93838 22.53676 
20.977 21.93794 11.08889 
-19.8451 34.04945 3.876445 
21.11975 39.13079 3.543858 
25.30203 44.24289 4.969235 
30.44202 44.33998 4.065495 
18.0211 73.9406 28.03012 
-13.28191 86.19389 16.77938 
-39.87168 50.10551 4.725959 
-16.91096 36.96616 25.32315 
42.44614 59.55972 4.983381 
-40.25195 59.67239 5.773983 
16.6638 37.43815 23.18917 
30.12902 64.98207 3.820301 
-40.06824 1.299318 9.808242 
20.7266 39.33742 23.29896 
-26.56659 72.42921 3.145294 
22.17782 72.87321 3.394857 
-18.75583 78.1839 2.851331 
-3.788193 88.93988 16.34839 
33.86797 4.150635 11.15164 
-9.041427 2.272827 11.09145 
0.5740545 88.8399 16.1273 
-15.21569 82.47188 4.921462 
12.13929 84.80595 5.108311 
-23.44157 41.47179 23.69416 
6.49215 88.59769 3.883689 
6.72867 88.00056 5.054963 
-23.62037 42.31053 24.53144 
-28.29199 -53.18482 17.53721 
-26.77626 -53.66513 15.48251 
-34.6016 -53.78556 3.507838 
29.47415 -53.54763 4.109153 
26.48796 -53.27207 5.089859 
-39.54484 3.97119 10.13396 
-36.01152 -4.188443 17.02211 
-31.68617 -51.1865 5.526212 
-31.58375 -50.0204 5.594731 
-41.12325 -53.52237 16.00354 
34.80599 1.605458 9.454812 
27.73857 -47.98445 5.127344 
-24.71429 49.15551 24.76971 
30.82662 -46.40103 4.833838 
20.65784 -46.00259 5.040084 
-43.3193 -44.79523 5.14212 
-39.0053 -45.10676 4.590248 
-37.95254 -44.42064 5.249938 
-42.39447 -44.28815 4.641159 
-31.61416 -35.59595 5.542128 
-28.03361 -34.42384 5.51904 
-35.36079 -32.73713 4.779034 
-33.47776 -32.98271 5.212127 
-0.9184039 41.72322 34.55626 
23.01004 52.84332 24.29192 
-23.88645 -29.13985 4.826344 
24.00141 -27.43165 4.96753 
21.83154 -26.0571 5.032499 
19.12413 -8.525435 20.19423 
19.15923 -22.99693 5.389393 
19.77537 -21.87743 4.235878 
-40.80433 -24.12496 4.707432 
1.646063 4.096222 11.75528 
-23.9471 -17.09172 6.638498 
-5.870433 43.22569 34.57013 
26.20751 -35.16237 28.43421 
18.88166 -49.91565 7.135729 
34.13132 -8.449855 4.89735 
-41.01488 -2.891345 5.142024 
-0.2072714 61.99809 38.86595 
-12.55373 2.562718 6.205376 
-39.50854 2.100996 4.191679 
7.787186 4.194521 4.847608 
31.92646 6.363986 5.107446 
-36.48641 7.936712 4.10217 
7.272861 83.82687 25.72976 
25.18333 14.49574 5.291673 
21.77553 67.90692 24.43153 
22.30166 16.77519 6.230423 
31.409 -46.16154 16.8896 
-22.62497 19.06867 4.639953 
16.62461 -44.94662 15.65323 
-18.4319 22.19324 4.415549 
-16.90565 27.01081 4.658754 
16.0444 31.32879 4.824849 
-3.1219 6.202638 10.71616 
-19.9643 33.05749 6.391704 
16.80585 34.43254 4.486668 
19.11863 36.96313 4.227987 
22.86424 39.92286 18.21053 
-30.16109 46.75799 6.165766 
16.80771 -41.31099 17.31616 
40.04581 47.96134 4.267512 
43.18151 50.00674 4.915998 
44.9127 59.19933 4.141096 
-15.08403 60.70461 36.63742 
-39.43402 61.86304 4.842538 
-17.47416 78.00974 25.38006 
-29.88538 16.52196 10.75284 
-36.91756 64.68833 4.651879 
-35.54971 64.43179 5.143086 
-33.97657 64.44076 5.921439 
31.66813 64.87263 3.549521 
32.6092 64.87021 5.884622 
30.21152 65.4118 7.214754 
-28.36357 67.92415 4.468937 
-29.02465 69.56473 4.878292 
24.42381 71.11882 5.009374 
3.059744 45.40712 34.87658 
-23.42764 73.74521 5.122471 
23.14771 40.67982 19.33754 
18.73864 75.84653 3.674153 
24.43044 17.10927 10.46747 
-20.29977 75.94746 4.422297 
5.522096 84.53309 24.3416 
24.37529 -32.42528 28.78037 
-23.05042 -36.42483 16.83987 
9.287693 44.65281 34.11162 
-1.518677 90.32951 6.973997 
2.196385 89.54733 5.219925 
20.46005 -53.59727 7.457057 
23.88448 -53.55677 5.1199 
-11.53997 84.04145 23.93446 
-31.96141 -48.85012 5.510909 
32.03734 -47.50728 6.515244 
-52.14859 -48.29149 5.542701 
-9.747776 84.45501 23.55004 
-32.83214 -46.31717 5.054869 
-8.048719 84.26634 24.42023 
24.37646 -44.83439 6.175163 
12.46299 -30.93597 18.49491 
-22.6325 -29.48144 17.6887 
-33.73395 -34.00723 5.86353 
-36.52513 -33.39614 6.314824 
-36.56435 -30.95077 5.090717 
-4.140205 85.99964 24.87775 
17.2652 26.73957 10.86775 
29.94684 -24.26849 4.958065 
-14.95645 46.34901 34.96698 
32.15752 -20.32399 6.22941 
8.418481 70.72166 36.05425 
-23.47696 -19.92007 3.996186 
13.15683 -25.17636 19.39838 
20.49935 -19.97017 4.83408 
-26.33872 45.05388 16.99284 
-19.11438 69.70921 30.73358 
35.07793 -6.108124 4.747956 
14.10903 -6.331442 5.479701 
-22.40008 -22.52474 16.72346 
-40.60186 -5.291935 4.816218 
-0.2212124 3.944302 37.69469 
32.40699 -19.84836 16.6538 
-3.545297 5.218516 3.293202 
-23.95564 -51.05098 24.20003 
12.44856 -50.5436 23.34352 
15.88382 -17.65312 16.59614 
-25.85241 45.42405 21.19143 
28.40759 11.67821 5.304538 
-39.24689 -41.71967 11.04577 
-28.46377 14.47947 4.815299 
23.80371 15.59714 5.067521 
-31.60199 -49.48316 25.25064 
17.2389 23.52917 6.686694 
23.45308 47.84426 18.88942 
-26.61503 -17.29895 18.22421 
-18.4248 33.30511 3.872475 
-19.82459 34.33424 6.164487 
-20.19179 35.10144 6.355659 
12.95443 -47.61583 26.07213 
14.15722 52.48374 34.4613 
-28.12438 45.55062 5.129255 
21.64442 40.08457 8.52066 
-31.72908 47.12238 5.796777 
43.6152 53.33789 5.675336 
45.33018 53.6178 5.343839 
-41.87056 53.85996 4.941569 
-42.23544 55.72571 4.83515 
45.62689 56.44487 4.913424 
35.90932 63.8077 5.478807 
6.519242 73.88387 34.73131 
-31.13598 -13.69043 16.51018 
-29.84742 68.13689 6.343771 
-27.52345 71.18179 5.784327 
-24.46271 73.35386 6.457656 
-21.75675 74.39386 5.368213 
20.22705 75.11894 6.301354 
17.03574 77.6621 4.122289 
14.04653 81.61272 5.70634 
14.87713 -40.95288 24.01413 
-4.757678 90.18278 5.870448 
34.11169 -53.25399 4.158856 
29.10447 -39.16659 25.18149 
1.41978 -4.498503 42.13697 
34.72565 -51.25777 5.146628 
-29.57156 -10.71606 16.15979 
-48.85433 -49.99954 4.512236 
-47.97288 -48.18442 6.015432 
-4.695914 84.78536 26.90468 
-13.96639 44.86668 34.38848 
22.06427 -44.9276 5.73872 
27.47231 -30.45239 27.35788 
-29.40306 -35.27885 5.269131 
13.60506 -9.145597 14.19414 
-38.14452 -30.81909 5.835781 
26.45557 -30.37178 5.93394 
26.11621 -28.77721 5.66305 
-23.40542 -27.47213 5.334606 
-32.89656 49.39556 9.987917 
29.63669 -29.31455 25.3337 
19.10367 -26.97138 6.091605 
-21.86577 -25.88477 5.57383 
28.67077 -26.20881 5.264919 
31.19353 -25.11179 6.201514 
19.66811 -25.01952 5.431806 
17.65848 -24.05391 5.912139 
-28.5785 55.67207 18.16455 
17.50228 -22.03544 6.661376 
-42.61811 -21.21617 7.016742 
-4.399036 -2.306794 53.52682 
-41.79866 -14.04826 5.719235 
33.11981 -14.08088 6.424912 
-24.15708 -11.10968 5.657511 
29.43127 -24.33598 25.3357 
-21.14967 -8.382519 7.34173 
23.12051 -29.62273 28.65413 
22.98816 -53.65644 26.52686 
35.02438 -0.944245 6.166231 
-37.50911 -3.892308 15.97861 
25.18517 55.66196 17.98093 
15.43704 -44.87858 28.48063 
28.59206 -20.94792 24.78865 
7.177133 3.015692 7.293609 
20.5267 -21.2065 25.22359 
-39.8155 2.746992 6.086588 
2.56241 6.010406 5.195283 
-37.1545 -2.209559 16.47416 
9.842879 60.22488 37.09605 
30.55834 9.017694 5.548755 
-16.47008 65.76026 34.63627 
26.19865 14.14617 6.613132 
-23.64292 0.1041672 24.24557 
-25.09813 16.65882 6.655866 
-22.80198 22.17599 7.740731 
19.63313 -0.09223641 24.34526 
-21.11229 22.06014 5.721609 
18.78065 1.455782 24.68221 
-6.516792 -5.72773 54.70176 
16.80013 32.99919 6.519969 
-8.900424 1.899959 16.74738 
-29.50494 58.7299 18.16817 
36.073 60.23815 10.27173 
33.37082 45.0399 5.748011 
25.20649 -53.32699 25.52258 
-34.42019 47.23185 5.881724 
-38.71987 48.50172 5.156819 
39.3616 48.63044 6.626266 
-1.649503 -6.20788 55.13737 
41.96608 49.69917 5.558918 
-5.313736 64.63654 38.79934 
10.26171 68.98688 34.78672 
18.62887 2.330059 24.82188 
-40.72956 53.19484 5.72188 
43.70274 56.5184 5.401592 
42.51027 53.5502 6.451224 
-35.77692 60.13339 9.205695 
42.73338 57.07187 6.004085 
-37.89624 63.05573 6.11736 
-34.35768 62.28561 8.102285 
16.19818 2.982224 24.69472 
18.27047 75.90491 5.506699 
-17.69432 79.87711 5.17396 
-11.27376 72.08386 34.70932 
-35.50561 10.79781 16.90238 
21.71761 2.753444 24.64507 
4.569437 89.60157 6.44813 
22.79033 -51.96961 27.7809 
-31.44934 -53.11829 5.899571 
-2.898459 4.268314 25.06343 
24.996 -53.11915 7.026446 
40.00068 -52.99836 4.979299 
19.66231 -52.90456 5.451668 
31.9636 -53.07183 7.179074 
-34.4599 12.95636 15.61145 
14.35449 5.678339 24.30233 
-30.86991 -50.54322 6.420005 
39.3963 -50.23669 6.448895 
-40.43476 -28.03893 18.97474 
20.11131 -47.16678 5.272169 
24.67902 -50.54968 26.56755 
-46.08125 -47.06887 6.939934 
31.51285 63.17836 10.48881 
29.27877 -46.64841 6.050525 
23.204 15.22409 17.67107 
22.93692 4.395464 24.78172 
26.40928 -46.15433 6.937072 
-35.32043 -44.25012 5.709031 
-37.60781 -43.39106 6.956468 
32.43092 -49.35358 7.513596 
-35.80949 -43.18375 6.899766 
0.9359708 3.183793 26.09231 
29.66374 65.52719 9.347826 
-35.46406 -34.21577 6.333067 
-3.54626 46.90409 37.23508 
-1.687456 84.58479 27.71129 
-38.026 -33.3524 7.264377 
27.61782 -28.5638 6.004975 
24.0835 -29.57641 6.336339 
-39.5766 -28.93915 6.316471 
22.63785 -28.46128 6.524035 
28.61244 -28.05995 5.677524 
-29.96993 66.86828 10.03775 
31.28753 -22.67757 5.285238 
-42.67318 -22.76773 6.440681 
-22.27066 -19.14542 7.316494 
18.84409 -19.89864 5.852288 
18.08761 27.11775 16.58885 
-25.28833 -16.07048 6.396256 
15.69104 -11.30354 6.590604 
33.08978 -10.64408 6.31329 
-27.6248 70.54223 10.00017 
18.99408 30.17739 14.88507 
-19.83449 33.83846 15.44818 
12.35999 -6.374171 8.648247 
-16.36846 -2.381343 5.740537 
34.98316 -3.88436 5.25429 
34.0075 0.4498744 5.040875 
3.614427 5.973579 26.93032 
-34.42113 10.43803 5.222506 
-29.07976 14.75602 6.093732 
-26.25794 15.94656 5.812305 
25.05652 68.09512 18.77884 
-1.088917 75.65279 35.59414 
0.04242362 65.73777 38.23663 
-24.57443 73.57872 9.074739 
-26.77067 46.64537 16.37271 
4.01545 76.56781 34.13737 
14.91731 7.855255 24.5613 
-24.36014 74.81164 9.058569 
21.13064 75.59668 9.7859 
22.70039 6.968994 25.11772 
31.6623 44.54649 6.101861 
-0.7693242 78.27655 34.23446 
24.00689 68.84196 19.24841 
-5.781142 -3.757446 40.49635 
-36.32632 48.45345 7.113384 
40.73454 50.00967 6.012262 
39.71846 60.34156 6.711066 
-20.03069 79.46246 11.44602 
33.59669 64.30958 7.063364 
31.00472 64.92498 7.53414 
19.53857 76.23096 8.989745 
26.56489 67.49117 6.37926 
27.37761 56.65728 16.65971 
19.23034 75.3171 7.221144 
-1.453243 57.68774 39.50725 
-19.55454 80.75437 10.57348 
-13.65851 85.23148 5.342526 
-11.08713 87.97034 6.871759 
-8.700274 87.73513 4.376416 
-29.30749 63.83912 16.15856 
29.448 -53.7364 7.568032 
-52.45801 -52.65839 5.919548 
38.10773 -51.89386 5.903805 
33.60429 -51.52522 7.474199 
4.864397 48.59848 37.14273 
15.45997 16.44552 24.92905 
1.389194 84.52354 27.58522 
-19.93646 13.22821 25.18047 
-41.67645 -43.99451 6.229665 
-35.81283 -38.43531 6.581924 
-32.455 -37.18474 6.115841 
-33.96589 -35.72795 6.204631 
-37.48339 -35.50723 6.614633 
-14.9192 85.59106 10.3771 
-2.185954 48.5909 38.21842 
11.48335 86.2851 11.17783 
-23.81324 -30.48112 6.062688 
21.25383 75.38012 17.20947 
20.78518 -27.34681 6.399205 
-41.39818 -26.53733 7.252018 
29.87311 -27.22378 6.77741 
16.74147 -26.25552 6.927676 
30.19653 -45.39145 18.7324 
-42.02897 -24.74785 7.998371 
-20.17984 79.49157 15.61727 
-24.12257 -18.81978 4.600408 
17.75102 -14.84498 5.770772 
33.83166 -8.953861 7.549397 
4.427914 84.62259 26.26092 
-17.18979 22.35902 24.39172 
7.022639 48.39801 36.93057 
10.6389 -1.021685 5.795118 
-12.81985 0.1766633 8.693227 
21.8796 75.01218 18.76558 
-2.566851 1.514197 42.75652 
-11.19746 4.19021 6.695963 
-0.5146261 -1.87099 30.76614 
-26.09473 -51.95602 25.95748 
-10.82228 87.3035 17.28372 
-27.51052 15.49698 7.052378 
27.91062 -36.17801 27.27256 
-17.88513 33.40207 25.58533 
14.95586 25.55775 5.345006 
-14.4067 43.43388 34.16875 
1.132737 65.84412 38.83284 
16.67474 31.79669 8.268484 
18.75883 34.53164 5.677354 
-20.6535 35.23396 8.100771 
-22.61586 37.58117 7.054859 
-24.58345 40.54453 7.358006 
-41.12614 -47.68187 17.13065 
-25.44103 -53.84103 19.24711 
35.89095 45.97256 6.743973 
33.3523 -53.8781 16.83879 
-7.47537 74.61424 35.15297 
37.19074 47.08825 6.131953 
16.21269 38.20798 25.06569 
-39.06558 50.73492 6.89793 
-19.21693 38.10983 22.48314 
-50.40049 -50.57401 3.740865 
-47.12253 -48.84424 4.158768 
-45.63496 -47.09413 5.749591 
50.57678 86.50291 -34.69327 
53.26805 85.28188 -28.98673 
51.68668 84.69757 -30.23978 
33.63063 -49.91779 5.473835 
3 37 3 6 
3 5 2 3 
3 2 1 4 
3 2358 1882 4171 
3 2 5 1 
3 10 4 1 
3 86 112 111 
3 5929 1680 3368 
3 4542 178 5417 
3 37 5 3 
3 994 3758 4591 
3 6 2 4 
3 828 4283 311 
3 4214 5689 456 
3 5 37 8 
3 2581 5848 336 
3 3449 3499 3722 
3 17 16 7 
3 5951 767 5967 
3 3129 3119 2791 
3 20 10 19 
3 4 10 11 
3 1021 3487 4214 
3 30 4 11 
3 1101 1114 4976 
3 1727 2819 3023 
3 4429 4395 2324 
3 10 1 8 
3 3398 3808 1387 
3 19 8 53 
3 10 20 11 
3 37 6 43 
3 30 6 4 
3 24 31 26 
3 8 1 5 
3 16 17 46 
3 26 31 72 
3 18 16 22 
3 8 19 10 
3 2819 3091 3531 
3 57 13 18 
3 2819 2610 3023 
3 54 37 43 
3 3531 4840 2819 
3 1010 3502 3487 
3 613 1867 1473 
3 3554 5231 842 
3 11 42 85 
3 4006 2456 2849 
3 2976 1680 5929 
3 5473 3502 415 
3 8 37 54 
3 760 1513 4264 
3 3409 3659 3410 
3 3468 789 2563 
3 1719 2475 5573 
3 59 72 31 
3 782 668 784 
3 5226 1786 4172 
3 1309 2314 1805 
3 13 39 17 
3 3 2 6 
3 64 57 77 
3 738 3021 1240 
3 30 11 85 
3 5473 415 2978 
3 1240 2133 3320 
3 5573 946 1719 
3 3659 3409 825 
3 3511 4154 415 
3 18 22 77 
3 5947 3383 1187 
3 2818 5424 2978 
3 38 31 24 
3 758 2535 760 
3 126 46 39 
3 5424 1502 399 
3 2610 4840 4147 
3 3372 4321 2047 
3 5904 3601 5916 
3 22 16 56 
3 738 5823 728 
3 5924 756 5912 
3 1315 5803 2818 
3 42 20 50 
3 3026 792 3374 
3 359 313 379 
3 4172 3488 3511 
3 34 26 62 
3 4230 2448 3614 
3 5076 3318 2330 
3 46 17 39 
3 68 77 22 
3 5540 4840 3531 
3 57 97 13 
3 3023 1918 1727 
3 39 13 97 
3 59 66 87 
3 43 79 54 
3 3886 5938 1391 
3 86 43 6 
3 792 3026 5916 
3 5112 177 848 
3 287 1633 2550 
3 3351 5400 3366 
3 68 22 56 
3 5079 5093 3334 
3 82 97 57 
3 5540 5830 4840 
3 5929 3368 2543 
3 86 30 85 
3 5161 339 3012 
3 203 5802 645 
3 5231 843 842 
3 96 39 97 
3 73 62 76 
3 50 53 70 
3 53 54 70 
3 1808 1975 5400 
3 203 645 1230 
3 66 38 60 
3 59 90 91 
3 73 60 34 
3 1808 5239 1975 
3 62 73 34 
3 1572 1623 1621 
3 56 46 134 
3 107 77 68 
3 57 64 82 
3 75 76 62 
3 65 54 79 
3 5730 459 5718 
3 1598 3837 4311 
3 2107 5737 494 
3 5533 5620 5274 
3 494 5737 3229 
3 59 87 90 
3 3436 3597 4231 
3 91 143 72 
3 75 62 72 
3 3307 3558 2557 
3 101 60 73 
3 437 439 403 
3 1073 1574 2555 
3 1159 5604 830 
3 918 1204 960 
3 54 65 70 
3 42 84 85 
3 79 43 121 
3 121 43 86 
3 112 86 85 
3 5830 4147 4840 
3 66 123 87 
3 134 46 126 
3 3409 3766 316 
3 56 134 68 
3 5279 4649 5293 
3 82 64 69 
3 3071 176 2559 
3 3197 3299 2814 
3 131 76 75 
3 109 42 50 
3 5889 5498 462 
3 426 621 5996 
3 117 70 98 
3 122 123 193 
3 72 59 91 
3 4194 3442 4234 
3 1067 1110 1423 
3 95 93 189 
3 77 107 64 
3 550 378 359 
3 131 101 73 
3 70 109 50 
3 1122 881 3867 
3 178 4542 1306 
3 65 79 121 
3 144 1171 2047 
3 109 84 42 
3 84 112 85 
3 90 87 111 
3 60 123 66 
3 130 91 90 
3 143 91 102 
3 145 136 152 
3 93 94 133 
3 2610 4147 3900 
3 1590 1359 1501 
3 1195 3017 2614 
3 107 69 64 
3 1921 5824 1546 
3 2532 881 1122 
3 82 117 98 
3 108 136 96 
3 498 419 292 
3 117 82 69 
3 86 111 121 
3 2548 1995 2000 
3 123 101 142 
3 160 93 133 
3 5540 3531 5013 
3 103 104 105 
3 39 96 126 
3 103 133 104 
3 94 95 106 
3 108 96 97 
3 2836 2712 2788 
3 108 97 98 
3 65 108 98 
3 1306 4542 201 
3 126 96 136 
3 121 120 65 
3 3867 1416 3076 
3 87 123 122 
3 4219 806 3754 
3 385 221 325 
3 123 60 101 
3 524 371 477 
3 76 131 73 
3 3366 5400 401 
3 117 109 70 
3 136 108 118 
3 69 107 117 
3 650 618 705 
3 3055 2956 2817 
3 5013 1155 5540 
3 90 111 130 
3 94 105 104 
3 87 122 111 
3 102 91 130 
3 1918 3023 5820 
3 133 103 159 
3 162 95 189 
3 81 1598 132 
3 2859 462 150 
3 106 146 105 
3 92 149 138 
3 127 107 138 
3 134 149 92 
3 579 5013 2612 
3 120 129 108 
3 130 112 148 
3 1519 686 2309 
3 614 2243 3094 
3 484 3391 5528 
3 160 133 171 
3 134 126 145 
3 4136 5036 257 
3 146 103 105 
3 5404 1309 4625 
3 152 136 118 
3 109 117 127 
3 2819 1727 3091 
3 2612 5013 3091 
3 127 138 161 
3 117 107 127 
3 5227 626 116 
3 148 84 140 
3 1438 1416 3443 
3 148 112 84 
3 3023 2610 5820 
3 156 143 102 
3 182 75 143 
3 75 182 131 
3 5176 4017 3719 
3 20 19 50 
3 145 149 134 
3 159 103 146 
3 109 127 147 
3 376 511 377 
3 38 34 60 
3 93 160 189 
3 162 137 95 
3 137 106 95 
3 703 5030 4130 
3 152 118 153 
3 190 153 118 
3 147 127 163 
3 108 129 118 
3 4745 1230 645 
3 118 129 190 
3 448 425 279 
3 147 140 109 
3 120 122 180 
3 1652 1558 1427 
3 3811 4259 4354 
3 130 111 112 
3 179 180 272 
3 2525 744 1881 
3 142 193 123 
3 182 142 131 
3 1404 1408 3127 
3 941 1799 733 
3 2452 4542 5417 
3 189 160 175 
3 179 129 120 
3 190 129 223 
3 140 147 165 
3 129 179 223 
3 130 148 194 
3 156 182 143 
3 171 172 160 
3 646 3844 3838 
3 212 152 153 
3 3853 3561 3504 
3 1210 5738 428 
3 298 146 137 
3 236 137 162 
3 1309 5404 2481 
3 5088 1105 1980 
3 145 152 212 
3 3091 1727 2612 
3 2303 5221 151 
3 148 140 165 
3 148 165 215 
3 1985 5952 1133 
3 4518 2607 1279 
3 1241 686 1139 
3 2040 2468 5061 
3 122 120 121 
3 376 393 426 
3 149 145 173 
3 199 161 138 
3 111 122 121 
3 5066 2731 2476 
3 530 4847 2169 
3 146 209 159 
3 262 209 281 
3 236 162 268 
3 236 298 137 
3 2769 402 5332 
3 2481 5404 1327 
3 5158 1578 5293 
3 165 147 214 
3 238 147 163 
3 215 194 148 
3 142 155 193 
3 2485 5893 748 
3 185 184 183 
3 183 170 218 
3 131 142 101 
3 183 184 170 
3 5198 4370 3526 
3 1787 1696 1615 
3 5539 5530 2751 
3 141 721 2837 
3 1678 40 4949 
3 1016 4666 3758 
3 1016 1032 4679 
3 2210 5659 1027 
3 606 604 585 
3 2478 2056 1667 
3 212 186 145 
3 941 761 1799 
3 3093 5112 4705 
3 2913 3072 3115 
3 3418 3359 3355 
3 35 28 4181 
3 1751 3005 4826 
3 3077 2981 2982 
3 4548 4833 4268 
3 619 3763 2659 
3 2845 1147 5420 
3 5792 3900 4147 
3 193 155 226 
3 2169 521 530 
3 156 204 195 
3 2058 3333 3534 
3 185 183 216 
3 2519 3058 5970 
3 237 238 163 
3 256 170 184 
3 220 256 184 
3 2565 36 4187 
3 171 260 197 
3 2175 2168 2177 
3 172 221 160 
3 262 171 159 
3 145 186 173 
3 515 1035 485 
3 4951 1500 29 
3 5887 5637 3558 
3 1845 4147 5830 
3 330 235 223 
3 320 1324 3851 
3 1845 5403 4147 
3 237 161 199 
3 265 189 175 
3 264 153 190 
3 5559 2753 5555 
3 4445 2461 191 
3 151 2607 2303 
3 214 238 271 
3 2610 3900 5820 
3 2053 144 664 
3 214 147 238 
3 165 241 215 
3 2612 1918 570 
3 3968 4026 4027 
3 3112 1066 2262 
3 909 1954 1996 
3 860 3256 4396 
3 1002 1119 1165 
3 1230 213 2596 
3 3179 5745 1493 
3 182 195 155 
3 3565 3614 1196 
3 218 216 183 
3 254 220 184 
3 195 182 156 
3 5984 3788 329 
3 170 255 218 
3 198 2565 4187 
3 5540 1155 5830 
3 261 260 171 
3 171 262 261 
3 4613 570 1918 
3 1810 5009 4881 
3 186 283 173 
3 1375 1197 1194 
3 1017 4881 48 
3 199 138 173 
3 477 419 501 
3 2536 3994 141 
3 288 153 264 
3 3171 5981 2270 
3 4795 521 2169 
3 162 189 234 
3 264 190 235 
3 223 235 190 
3 243 4136 257 
3 224 225 215 
3 122 193 180 
3 2733 1174 1587 
3 276 194 215 
3 276 215 225 
3 924 3168 4578 
3 804 714 863 
3 1520 1283 1608 
3 185 216 229 
3 247 229 216 
3 3801 1124 1118 
3 278 254 185 
3 249 218 255 
3 184 185 254 
3 770 623 677 
3 195 244 155 
3 1936 2828 2376 
3 259 172 206 
3 5820 4613 1918 
3 172 197 206 
3 4671 485 1906 
3 161 237 163 
3 3659 825 4408 
3 1408 356 3577 
3 153 288 212 
3 67 1503 1879 
3 1833 3621 1841 
3 3296 41 2920 
3 1918 2612 1727 
3 226 274 193 
3 275 226 244 
3 2453 2430 2878 
3 204 276 293 
3 204 246 195 
3 675 706 650 
3 248 218 249 
3 1881 1885 5970 
3 5180 1522 1503 
3 220 254 232 
3 1764 4532 5315 
3 374 358 232 
3 1174 716 1587 
3 907 807 838 
3 261 258 260 
3 259 325 172 
3 325 221 172 
3 5013 579 1155 
3 207 173 283 
3 1356 4171 5738 
3 212 284 186 
3 265 234 189 
3 5348 4546 449 
3 347 146 298 
3 269 236 268 
3 164 286 169 
3 2330 5884 2343 
3 4796 1929 521 
3 586 1482 2266 
3 241 214 271 
3 277 356 1422 
3 817 5900 1072 
3 570 579 2612 
3 242 245 227 
3 244 195 247 
3 248 244 247 
3 246 247 195 
3 229 246 278 
3 229 247 246 
3 204 194 276 
3 248 247 218 
3 2000 2455 3780 
3 579 5490 1155 
3 253 250 231 
3 655 740 903 
3 256 220 232 
3 973 801 768 
3 295 206 197 
3 324 310 342 
3 312 260 258 
3 312 197 260 
3 3464 592 1955 
3 259 206 310 
3 3326 202 494 
3 3262 1249 3247 
3 4826 5719 2738 
3 1862 5457 5512 
3 4330 4138 5070 
3 284 212 288 
3 265 175 221 
3 285 146 347 
3 299 162 234 
3 4613 5820 929 
3 364 299 234 
3 269 268 317 
3 267 238 237 
3 365 269 331 
3 217 1494 1833 
3 330 223 179 
3 268 162 299 
3 1066 4879 5816 
3 274 272 193 
3 224 300 403 
3 353 245 242 
3 658 656 835 
3 228 227 245 
3 3827 3932 4131 
3 4607 2436 4006 
3 246 293 304 
3 4283 1159 311 
3 3137 4943 5581 
3 357 278 246 
3 247 216 218 
3 231 250 251 
3 251 279 231 
3 3601 792 5916 
3 2233 4459 3913 
3 4211 5332 402 
3 261 313 258 
3 1885 2519 5970 
3 1885 361 2519 
3 261 262 281 
3 283 186 284 
3 209 146 285 
3 363 5044 519 
3 199 289 237 
3 237 289 267 
3 1086 5689 5798 
3 331 269 317 
3 330 179 272 
3 595 615 504 
3 28 598 4920 
3 300 241 271 
3 1500 3733 3724 
3 2794 4539 5153 
3 1422 1408 4868 
3 1403 3142 5665 
3 245 353 498 
3 205 2926 5790 
3 261 314 313 
3 1616 2788 150 
3 319 227 228 
3 275 244 302 
3 356 1408 1422 
3 307 294 249 
3 3398 1397 2974 
3 249 294 248 
3 616 1136 2028 
3 304 357 246 
3 278 357 254 
3 253 305 250 
3 1786 5226 1086 
3 3900 929 5820 
3 1845 5830 5364 
3 334 389 291 
3 249 255 307 
3 322 256 232 
3 4240 1966 2444 
3 13 7 18 
3 322 255 256 
3 7 16 18 
3 5282 510 277 
3 5059 5042 5092 
3 295 310 206 
3 679 714 627 
3 282 289 233 
3 4214 5639 5689 
3 267 289 384 
3 265 385 296 
3 510 5298 775 
3 1721 1809 1857 
3 234 265 296 
3 5653 5956 4249 
3 2415 1491 1931 
3 348 264 235 
3 298 269 365 
3 332 238 267 
3 226 275 404 
3 3497 2450 4797 
3 242 227 354 
3 614 1406 4855 
3 245 292 228 
3 579 5176 5490 
3 254 357 374 
3 251 250 448 
3 295 197 312 
3 1364 139 5636 
3 4325 2233 3913 
3 261 281 314 
3 259 324 325 
3 283 284 282 
3 2201 157 4822 
3 283 282 207 
3 282 233 207 
3 5778 1113 1117 
3 384 289 282 
3 383 284 288 
3 1198 3815 1758 
3 348 288 264 
3 608 2225 1446 
3 5424 5426 2978 
3 5364 5830 1155 
3 299 366 317 
3 2978 5426 5473 
3 933 5877 592 
3 227 319 354 
3 5803 1007 2818 
3 332 271 238 
3 929 3900 3352 
3 1198 1758 3930 
3 274 226 404 
3 2756 3537 3956 
3 909 2895 894 
3 4613 5176 570 
3 5508 1383 4151 
3 253 321 305 
3 302 244 248 
3 34 24 26 
3 408 305 321 
3 276 291 293 
3 2057 5334 894 
3 253 306 321 
3 462 5498 2064 
3 338 448 250 
3 929 4695 4613 
3 185 229 278 
3 250 305 338 
3 4156 3487 4177 
3 279 251 448 
3 1315 2818 2978 
3 322 307 255 
3 295 312 378 
3 3488 4154 3511 
3 343 325 324 
3 282 284 398 
3 342 310 378 
3 4828 3031 1299 
3 1951 1936 1490 
3 828 308 2724 
3 2978 4154 1315 
3 1833 1841 217 
3 1955 5877 5771 
3 3353 1365 5849 
3 5400 3351 1808 
3 351 300 271 
3 1181 1093 1453 
3 304 373 357 
3 403 300 351 
3 225 224 403 
3 334 291 225 
3 292 245 498 
3 5792 3352 3900 
3 242 418 353 
3 420 139 1364 
3 293 291 389 
3 248 355 302 
3 4323 3669 5403 
3 355 294 337 
3 373 374 357 
3 5239 1368 969 
3 294 307 337 
3 2395 5792 3669 
3 3410 4565 3766 
3 378 310 295 
3 1131 4408 3095 
3 5877 933 5940 
3 359 312 258 
3 4154 5485 1315 
3 281 344 314 
3 2927 806 4219 
3 385 325 414 
3 345 281 327 
3 346 288 348 
3 416 267 384 
3 290 3068 3533 
3 347 327 285 
3 234 296 400 
3 332 267 416 
3 2195 3170 1304 
3 350 365 331 
3 350 331 366 
3 331 317 366 
3 330 272 438 
3 500 438 274 
3 5803 3366 401 
3 933 339 4475 
3 302 441 275 
3 418 242 354 
3 302 355 372 
3 339 5161 4475 
3 228 391 319 
3 391 422 319 
3 4243 2712 5866 
3 358 374 446 
3 789 940 2563 
3 1669 5789 3303 
3 5805 2209 584 
3 360 314 344 
3 1122 1081 2532 
3 325 413 414 
3 342 343 324 
3 325 343 413 
3 345 344 281 
3 343 412 413 
3 767 5951 869 
3 412 466 413 
3 3320 3346 5555 
3 288 346 383 
3 4755 2685 4393 
3 432 347 298 
3 493 234 400 
3 2290 1836 1174 
3 432 365 388 
3 869 2475 240 
3 3137 1397 4943 
3 433 330 438 
3 274 438 272 
3 518 225 403 
3 334 225 518 
3 3554 842 2658 
3 4396 2738 5719 
3 734 970 857 
3 5792 2395 3352 
3 477 371 391 
3 477 391 292 
3 390 304 293 
3 370 302 372 
3 102 194 156 
3 422 354 319 
3 372 355 337 
3 505 338 305 
3 321 306 503 
3 321 443 408 
3 3344 3184 3241 
3 1008 737 769 
3 98 70 65 
3 832 219 2717 
3 312 359 378 
3 382 360 344 
3 1352 1804 890 
3 412 343 397 
3 433 235 330 
3 738 5547 633 
3 471 296 385 
3 416 384 453 
3 282 398 384 
3 383 398 284 
3 296 471 400 
3 1226 1230 2596 
3 364 234 493 
3 1299 4748 4828 
3 3256 4538 4396 
3 388 365 350 
3 348 235 433 
3 437 271 332 
3 351 271 437 
3 500 274 404 
3 497 498 353 
3 5498 1189 2064 
3 5552 3601 5904 
3 477 292 419 
3 354 422 479 
3 476 418 354 
3 353 418 497 
3 389 390 293 
3 3374 792 5967 
3 423 337 307 
3 4154 2978 415 
3 305 408 505 
3 377 394 376 
3 1130 3107 884 
3 5490 3719 5364 
3 4708 1807 5936 
3 365 432 298 
3 825 3095 4408 
3 120 108 65 
3 394 393 376 
3 673 879 671 
3 450 394 396 
3 323 314 360 
3 342 378 397 
3 425 375 279 
3 4095 2733 3163 
3 393 394 450 
3 452 398 383 
3 738 633 5823 
3 344 345 382 
3 5176 3719 5490 
3 430 327 431 
3 727 667 640 
3 432 491 347 
3 430 468 345 
3 490 332 416 
3 327 430 345 
3 632 432 388 
3 332 490 437 
3 1472 1936 1468 
3 351 437 403 
3 434 350 366 
3 4009 198 154 
3 1130 884 4948 
3 5538 2130 4338 
3 612 334 518 
3 3377 2836 2788 
3 441 302 370 
3 406 334 612 
3 833 1841 3621 
3 4034 329 1755 
3 334 406 389 
3 422 391 371 
3 306 444 503 
3 372 337 460 
3 337 423 460 
3 446 374 445 
3 5949 5196 3059 
3 228 292 391 
3 483 373 304 
3 3985 3494 789 
3 322 423 307 
3 1879 1152 2068 
3 4695 5176 4613 
3 5267 5010 5100 
3 5010 5267 5449 
3 1362 864 1143 
3 773 5093 5907 
3 359 379 550 
3 360 429 427 
3 2610 2819 4840 
3 1240 5547 738 
3 397 343 342 
3 345 467 382 
3 467 345 468 
3 4167 4420 4345 
3 5538 4338 535 
3 427 323 360 
3 385 414 471 
3 4355 1215 867 
3 384 398 453 
3 5684 3098 1111 
3 3320 2133 3346 
3 1845 4323 5403 
3 364 434 366 
3 350 436 388 
3 490 492 437 
3 427 379 323 
3 1583 1075 4398 
3 5518 2116 3303 
3 163 127 161 
3 2841 2053 484 
3 480 389 478 
3 565 370 421 
3 797 829 885 
3 145 126 136 
3 390 483 304 
3 5364 1711 1845 
3 5456 5205 5368 
3 503 443 321 
3 374 373 445 
3 506 358 446 
3 375 444 306 
3 1066 181 631 
3 397 378 463 
3 379 427 550 
3 3312 154 905 
3 402 3178 4211 
3 397 466 412 
3 421 372 460 
3 92 107 68 
3 5090 2829 1171 
3 398 580 453 
3 431 327 347 
3 2962 2570 2515 
3 5550 5497 1188 
3 491 432 632 
3 197 172 171 
3 752 757 609 
3 388 436 632 
3 1207 2607 4518 
3 2130 991 4338 
3 621 426 461 
3 5860 1300 5315 
3 3093 2700 5663 
3 389 480 390 
3 956 720 660 
3 421 370 372 
3 522 408 443 
3 505 408 522 
3 506 504 423 
3 525 461 393 
3 450 525 393 
3 732 729 591 
3 393 461 426 
3 1839 1271 5221 
3 5332 5457 1862 
3 376 426 511 
3 466 451 413 
3 578 414 451 
3 501 540 541 
3 430 514 513 
3 437 492 439 
3 453 580 487 
3 580 398 452 
3 2476 5158 5293 
3 5927 2527 5759 
3 492 560 439 
3 413 451 414 
3 5745 2342 211 
3 490 416 453 
3 347 491 431 
3 473 400 471 
3 490 453 487 
3 400 473 558 
3 558 493 400 
3 434 364 474 
3 516 495 434 
3 485 4671 515 
3 2548 5227 2383 
3 40 5002 4949 
3 1237 1207 4518 
3 441 370 565 
3 612 478 406 
3 481 483 480 
3 1502 2507 1989 
3 125 1588 4670 
3 4695 4017 5176 
3 2841 144 2053 
3 5158 2731 635 
3 839 3851 315 
3 140 84 109 
3 338 505 546 
3 647 503 444 
3 45 58 1651 
3 5846 116 125 
3 5858 5611 5612 
3 5160 5580 5914 
3 427 575 550 
3 466 528 451 
3 575 429 600 
3 2013 401 1487 
3 613 1497 3179 
3 513 468 430 
3 452 383 486 
3 116 4653 5227 
3 514 430 431 
3 491 534 431 
3 2548 2383 1674 
3 2411 5002 1074 
3 3825 527 3963 
3 533 433 438 
3 495 436 434 
3 436 350 434 
3 646 5866 2836 
3 498 538 496 
3 52 3558 3307 
3 497 418 476 
3 949 4660 1732 
3 520 419 498 
3 4390 1251 4441 
3 496 588 520 
3 540 501 520 
3 524 422 371 
3 719 536 722 
3 125 4670 5856 
3 390 480 483 
3 523 503 594 
3 523 522 443 
3 52 4622 2049 
3 445 506 446 
3 444 375 569 
3 3860 3684 4159 
3 525 450 549 
3 1724 4622 52 
3 575 427 429 
3 853 2679 4249 
3 466 551 528 
3 529 451 528 
3 3614 2448 4539 
3 578 451 529 
3 452 486 580 
3 531 383 346 
3 488 471 414 
3 473 471 488 
3 2121 1340 944 
3 848 177 3899 
3 348 433 533 
3 516 434 474 
3 287 5550 1188 
3 3753 2188 2606 
3 559 436 495 
3 2481 1494 217 
3 441 500 404 
3 497 538 498 
3 5650 5813 5492 
3 929 3352 1568 
3 610 476 587 
3 1309 201 4625 
3 499 41 47 
3 564 480 478 
3 354 479 476 
3 32 1329 2526 
3 5877 1955 592 
3 2240 4605 1988 
3 503 523 443 
3 504 421 460 
3 3874 3203 2418 
3 3763 616 2402 
3 445 483 506 
3 547 425 448 
3 5996 511 426 
3 572 549 450 
3 378 550 624 
3 576 397 463 
3 396 572 450 
3 555 487 580 
3 467 468 552 
3 67 1879 4009 
3 3875 4549 4557 
3 489 4608 2029 
3 558 473 720 
3 5983 661 3069 
3 532 492 490 
3 685 474 558 
3 493 558 474 
3 491 778 662 
3 1426 2141 4323 
3 497 476 610 
3 5307 5705 5508 
3 498 496 520 
3 2247 29 4859 
3 587 476 479 
3 564 478 612 
3 2744 3712 3690 
3 501 419 520 
3 501 522 523 
3 439 518 403 
3 589 421 504 
3 594 524 523 
3 946 1725 1719 
3 615 595 731 
3 3669 4323 2141 
3 595 506 596 
3 504 506 595 
3 493 474 364 
3 375 425 569 
3 525 599 461 
3 1522 5180 3875 
3 383 531 486 
3 4769 2101 12 
3 944 3712 2744 
3 4679 4666 1016 
3 363 1072 2816 
3 600 467 653 
3 602 578 529 
3 659 431 534 
3 516 474 685 
3 533 346 348 
3 2107 3453 2582 
3 545 546 505 
3 2169 4847 2118 
3 559 632 436 
3 2747 2686 2743 
3 560 492 532 
3 593 481 480 
3 536 533 438 
3 439 639 518 
3 2101 2298 554 
3 554 2298 5326 
3 4776 2513 5970 
3 5433 2458 2040 
3 540 520 588 
3 524 591 422 
3 591 524 594 
3 501 541 522 
3 361 3158 817 
3 16 46 56 
3 5501 2711 5287 
3 749 871 913 
3 2459 5399 465 
3 5375 399 3353 
3 522 545 505 
3 676 396 511 
3 475 2014 27 
3 572 396 676 
3 463 623 576 
3 3609 5655 1403 
3 551 678 528 
3 1980 5326 2317 
3 529 528 678 
3 5724 1604 2689 
3 1677 5689 3580 
3 787 2164 14 
3 3657 440 4543 
3 4977 1139 686 
3 556 346 533 
3 487 555 532 
3 718 531 556 
3 3352 3013 1568 
3 5689 3745 5798 
3 3351 3366 3983 
3 4171 1356 472 
3 1627 3488 4172 
3 516 585 495 
3 585 559 495 
3 5315 4910 5860 
3 606 585 583 
3 536 438 500 
3 599 525 549 
3 609 496 689 
3 5186 5523 4741 
3 639 611 518 
3 496 538 689 
3 883 887 2601 
3 2830 2376 3715 
3 1115 1028 1286 
3 609 588 496 
3 593 480 564 
3 565 589 699 
3 579 570 5176 
3 5639 3580 5689 
3 805 1143 864 
3 594 503 647 
3 705 546 545 
3 3127 1408 3577 
3 599 620 461 
3 1976 4546 5348 
3 599 549 571 
3 572 571 549 
3 5417 2288 3291 
3 574 624 550 
3 529 656 602 
3 653 552 553 
3 656 529 678 
3 467 552 653 
3 3669 2141 2395 
3 1300 1844 2308 
3 553 552 513 
3 486 531 682 
3 431 659 514 
3 5798 1895 1086 
3 2001 5399 3696 
3 660 473 488 
3 660 720 473 
3 956 985 777 
3 5426 399 3408 
3 254 374 232 
3 778 491 632 
3 868 845 750 
3 632 559 604 
3 2532 1888 881 
3 3637 5392 2200 
3 3534 55 959 
3 4880 3488 1627 
3 560 634 439 
3 1764 4687 4440 
3 5731 3094 2226 
3 559 585 604 
3 634 639 439 
3 440 3657 5348 
3 3013 3352 2395 
3 5935 883 1772 
3 668 689 538 
3 860 1883 3256 
3 962 4395 4088 
3 4017 3541 3719 
3 5485 5803 1315 
3 641 612 611 
3 2169 2118 872 
3 1379 992 1430 
3 5665 3142 187 
3 4440 2240 3310 
3 541 545 522 
3 5326 1980 1966 
3 547 618 649 
3 338 546 448 
3 621 461 620 
3 651 620 599 
3 5364 1155 5490 
3 575 600 652 
3 551 576 678 
3 511 5996 676 
3 4591 5729 442 
3 1370 969 1368 
3 657 655 553 
3 658 578 602 
3 409 5290 4438 
3 553 513 657 
3 513 514 657 
3 682 718 627 
3 580 486 682 
3 580 682 684 
3 682 531 718 
3 4726 5336 4628 
3 684 555 580 
3 3459 5069 3624 
3 1786 1627 4172 
3 3309 3305 4691 
3 5256 1245 5243 
3 1686 3290 5552 
3 2802 4687 1877 
3 4125 4121 4119 
3 532 634 560 
3 4395 4429 4934 
3 689 668 782 
3 534 491 662 
3 442 994 4591 
3 273 5035 5030 
3 5529 5725 1899 
3 5364 3541 1711 
3 731 673 615 
3 1711 3541 1054 
3 571 675 599 
3 4156 5639 4214 
3 587 670 610 
3 643 699 589 
3 757 588 609 
3 672 541 540 
3 615 673 643 
3 895 943 942 
3 729 644 591 
3 922 1161 823 
3 596 481 593 
3 3013 1015 1568 
3 596 793 730 
3 323 379 313 
3 3480 2141 1426 
3 705 545 541 
3 5704 5299 898 
3 2395 1632 3013 
3 1789 4949 5610 
3 624 574 677 
3 550 575 574 
3 652 600 625 
3 770 576 623 
3 5285 5059 5092 
3 1541 3541 4017 
3 705 734 763 
3 679 627 681 
3 655 653 553 
3 627 718 681 
3 488 658 628 
3 2786 1222 3149 
3 4017 1568 617 
3 1627 1786 3587 
3 555 742 532 
3 807 556 743 
3 743 556 533 
3 1980 2444 1966 
3 174 2573 5507 
3 778 632 663 
3 719 533 536 
3 3408 399 5375 
3 200 2270 2306 
3 690 639 634 
3 585 516 583 
3 745 690 634 
3 666 583 516 
3 638 722 536 
3 725 639 690 
3 1508 2408 1490 
3 665 696 636 
3 857 798 763 
3 4826 2738 1751 
3 667 636 640 
3 1084 1126 801 
3 1845 1711 4323 
3 698 638 699 
3 2762 1383 395 
3 674 612 641 
3 540 588 757 
3 674 564 612 
3 17 7 13 
3 643 671 699 
3 591 644 479 
3 672 540 757 
3 672 794 541 
3 210 5978 5096 
3 596 593 793 
3 422 591 479 
3 3766 4565 4249 
3 5175 239 5958 
3 890 4459 873 
3 582 2438 2878 
3 4459 4638 873 
3 3336 3280 3225 
3 704 444 569 
3 1275 5287 5467 
3 4955 5092 1801 
3 651 675 650 
3 1086 3587 1786 
3 600 653 625 
3 717 656 678 
3 713 625 653 
3 656 658 602 
3 4379 1053 5194 
3 654 682 627 
3 660 488 628 
3 719 743 533 
3 798 621 620 
3 720 685 558 
3 3913 191 5984 
3 5984 4325 3913 
3 5689 1086 456 
3 666 685 665 
3 685 747 665 
3 663 604 687 
3 663 632 604 
3 666 516 685 
3 907 1143 904 
3 5581 4948 3137 
3 1744 1880 1748 
3 636 667 665 
3 665 667 666 
3 1910 1906 485 
3 2828 1936 1951 
3 1701 1924 1531 
3 1932 1541 617 
3 755 583 666 
3 689 749 609 
3 5962 4475 5161 
3 382 429 360 
3 670 668 610 
3 611 639 641 
3 777 1025 811 
3 640 669 701 
3 791 640 701 
3 644 670 587 
3 674 641 702 
3 5161 1259 5649 
3 4194 1259 5161 
3 615 643 589 
3 1209 1344 1342 
3 730 731 595 
3 3153 1801 5042 
3 732 827 729 
3 591 594 732 
3 975 617 1568 
3 732 594 797 
3 3357 5561 5164 
3 594 647 797 
3 1568 1015 975 
3 706 618 650 
3 406 478 389 
3 808 865 982 
3 651 650 763 
3 569 425 649 
3 4976 4983 5664 
3 766 676 5996 
3 3930 5985 974 
3 5985 5605 974 
3 803 576 770 
3 617 1541 4017 
3 3766 3409 3410 
3 3301 2936 1723 
3 804 654 714 
3 3500 4797 637 
3 679 739 714 
3 1115 672 757 
3 488 578 658 
3 976 978 895 
3 741 514 659 
3 2442 963 812 
3 5299 892 898 
3 817 1072 2534 
3 660 628 866 
3 1122 3867 3076 
3 634 532 745 
3 2413 2220 2256 
3 1536 2405 63 
3 1674 2092 2405 
3 747 685 779 
3 1242 1067 1423 
3 1268 352 941 
3 3554 4385 5231 
3 687 692 724 
3 606 755 692 
3 835 656 717 
3 692 816 724 
3 636 696 669 
3 696 665 723 
3 816 694 724 
3 3256 2532 1081 
3 669 696 875 
3 727 666 667 
3 722 638 697 
3 2102 1645 2567 
3 725 641 639 
3 2230 3815 1776 
3 697 638 698 
3 2733 1587 1812 
3 698 699 671 
3 1271 1839 1261 
3 644 822 670 
3 3222 5432 806 
3 541 794 705 
3 796 705 794 
3 730 595 596 
3 704 649 764 
3 704 569 649 
3 2534 1072 1073 
3 2141 841 2395 
3 763 650 705 
3 1422 3619 5272 
3 5180 1503 4597 
3 766 5996 621 
3 1189 5498 286 
3 652 712 574 
3 684 682 654 
3 654 627 714 
3 669 640 636 
3 718 807 681 
3 556 807 718 
3 1802 4782 5975 
3 742 555 684 
3 3013 1632 1015 
3 1426 1711 1054 
3 673 671 643 
3 779 685 720 
3 752 609 749 
3 679 681 771 
3 2607 2858 1279 
3 5503 4980 5829 
3 747 723 665 
3 2516 1570 5210 
3 4441 1251 1722 
3 1541 4954 3541 
3 750 687 724 
3 2452 168 5056 
3 5934 2807 2002 
3 784 670 1030 
3 2642 5609 2633 
3 674 793 593 
3 5365 5542 5369 
3 380 3161 3593 
3 735 706 675 
3 2283 2251 4367 
3 5706 5534 5623 
3 649 618 764 
3 735 675 571 
3 766 621 798 
3 2550 4701 287 
3 1989 3353 399 
3 712 652 625 
3 623 624 677 
3 4290 5165 948 
3 1250 5561 3357 
3 1426 417 3480 
3 680 655 903 
3 655 680 653 
3 834 835 717 
3 713 653 680 
3 657 740 655 
3 740 657 741 
3 3016 4565 4261 
3 741 657 514 
3 4158 2317 2298 
3 836 906 628 
3 3012 4194 5161 
3 532 774 745 
3 663 687 845 
3 745 870 690 
3 811 723 747 
3 948 1438 4290 
3 687 604 606 
3 1174 1836 716 
3 606 692 687 
3 687 750 845 
3 781 696 723 
3 694 750 724 
3 694 785 750 
3 1674 1995 2548 
3 449 435 878 
3 640 791 727 
3 755 877 753 
3 841 2835 5968 
3 2141 2835 841 
3 701 669 917 
3 240 767 869 
3 671 879 698 
3 1014 1140 1318 
3 1927 2195 1293 
3 1246 672 1115 
3 672 1246 794 
3 3745 5689 1677 
3 618 706 764 
3 2878 5099 2453 
3 841 1632 2395 
3 795 729 827 
3 1250 1258 5562 
3 827 732 886 
3 886 732 797 
3 181 1066 3112 
3 706 735 764 
3 763 798 620 
3 567 5966 1798 
3 888 676 766 
3 4361 4184 3923 
3 737 768 801 
3 712 897 770 
3 769 801 1126 
3 2455 4668 3773 
3 3229 5737 4719 
3 712 677 574 
3 862 717 678 
3 5575 1189 164 
3 5904 5916 1686 
3 423 358 506 
3 1099 899 864 
3 684 865 808 
3 154 67 4009 
3 4390 4392 141 
3 5663 3098 5684 
3 658 835 836 
3 198 4009 2565 
3 262 159 209 
3 58 2341 1049 
3 3565 58 1049 
3 866 628 906 
3 659 534 810 
3 774 742 809 
3 983 776 958 
3 956 777 720 
3 720 777 779 
3 774 840 955 
3 975 5140 617 
3 52 2049 3558 
3 747 779 811 
3 874 690 870 
3 4954 1541 1932 
3 3093 177 5112 
3 723 811 781 
3 690 874 725 
3 689 782 749 
3 776 719 722 
3 697 783 722 
3 5866 1160 2778 
3 753 692 755 
3 912 722 783 
3 771 681 805 
3 5204 3439 369 
3 790 5198 940 
3 5088 1980 2317 
3 3375 3602 3322 
3 716 1455 5278 
3 3676 4917 962 
3 786 783 697 
3 691 4701 2550 
3 960 786 697 
3 781 851 875 
3 917 669 875 
3 5927 5924 2527 
3 791 820 727 
3 5044 363 0 
3 5697 5858 5612 
3 3836 4706 1888 
3 917 821 701 
3 821 791 701 
3 3186 3080 2942 
3 875 696 781 
3 4597 1503 1842 
3 796 794 968 
3 827 886 926 
3 734 705 796 
3 1503 67 1842 
3 462 2859 5889 
3 5114 1661 1564 
3 857 763 734 
3 1099 864 1186 
3 768 737 1008 
3 504 460 423 
3 1054 417 1426 
3 1632 2197 1015 
3 31 38 59 
3 739 863 714 
3 5825 5914 5580 
3 4549 230 744 
3 680 901 713 
3 1841 1374 2924 
3 5230 2104 2582 
3 860 4396 5719 
3 2402 2659 3763 
3 445 373 483 
3 1661 5911 1564 
3 807 805 681 
3 837 903 740 
3 654 804 865 
3 3403 3561 3455 
3 808 742 684 
3 810 534 662 
3 5090 1171 144 
3 3994 2536 1162 
3 745 774 870 
3 5339 1907 457 
3 3758 1903 3254 
3 5315 1300 1764 
3 662 778 957 
3 725 874 641 
3 4428 4755 1244 
3 783 786 814 
3 997 3703 2358 
3 916 784 1030 
3 538 497 610 
3 2778 4242 5866 
3 1071 871 782 
3 2452 2605 4542 
3 2324 4395 962 
3 0 23 5044 
3 668 670 784 
3 702 874 922 
3 1030 670 822 
3 785 694 819 
3 1895 3633 1086 
3 169 286 5894 
3 5789 5823 633 
3 3874 5192 3203 
3 731 852 673 
3 855 827 926 
3 2383 5227 4653 
3 730 826 731 
3 2778 5078 4242 
3 674 702 823 
3 731 826 852 
3 730 793 882 
3 968 794 1246 
3 797 704 829 
3 797 885 886 
3 2116 5518 459 
3 735 571 928 
3 2907 2901 2905 
3 3923 4184 3818 
3 801 769 737 
3 831 770 897 
3 712 770 677 
3 1152 2102 2068 
3 712 625 901 
3 2386 4710 2974 
3 1598 81 1588 
3 323 313 314 
3 5848 5693 1717 
3 4949 5002 5011 
3 900 803 831 
3 834 836 835 
3 804 902 865 
3 3785 3801 1118 
3 1862 5512 5529 
3 5884 2330 3318 
3 4536 3916 3969 
3 809 840 774 
3 870 774 955 
3 663 957 778 
3 811 779 777 
3 5260 1650 4890 
3 5140 3855 1932 
3 3487 4156 4214 
3 988 868 750 
3 838 776 983 
3 1125 1123 2458 
3 1805 1306 1309 
3 1833 5468 3621 
3 1071 782 784 
3 2984 848 3899 
3 750 850 988 
3 397 576 551 
3 850 750 785 
3 67 128 1842 
3 3745 4304 1840 
3 697 698 960 
3 841 5968 2566 
3 5498 4260 5894 
3 961 819 816 
3 1634 5068 5874 
3 819 694 816 
3 1461 1460 1371 
3 823 882 793 
3 882 826 730 
3 1140 1014 834 
3 1012 1056 1361 
3 795 827 855 
3 409 4428 2036 
3 5079 5893 2485 
3 3246 5335 2808 
3 4223 5085 1944 
3 676 888 736 
3 798 799 766 
3 5864 1546 5058 
3 3696 2459 5421 
3 801 973 1084 
3 5279 5051 4649 
3 897 712 945 
3 862 803 900 
3 901 945 712 
3 771 899 739 
3 5035 273 5838 
3 805 864 771 
3 1179 1181 1453 
3 2125 2202 2126 
3 1054 4954 417 
3 2405 5011 5002 
3 834 717 862 
3 837 1141 903 
3 1013 903 1141 
3 1103 951 908 
3 1932 5766 4954 
3 396 377 511 
3 928 736 888 
3 840 809 952 
3 659 908 741 
3 771 739 679 
3 659 810 908 
3 956 660 866 
3 647 444 704 
3 782 871 749 
3 663 845 868 
3 2565 2068 2568 
3 1150 1281 1609 
3 4153 2247 4859 
3 1932 617 5140 
3 454 428 5738 
3 781 1025 851 
3 1156 868 988 
3 850 785 1203 
3 960 915 814 
3 1365 969 5849 
3 3357 3346 754 
3 646 1163 5866 
3 3502 5473 4177 
3 3452 5165 4290 
3 1254 1000 1209 
3 4459 2233 4638 
3 3480 417 1604 
3 819 921 996 
3 2181 2106 2148 
3 1161 882 823 
3 2458 4501 2040 
3 5473 5426 3408 
3 5842 5857 4691 
3 5426 5424 399 
3 1277 1597 1551 
3 857 927 799 
3 799 798 857 
3 970 968 1077 
3 1216 5605 1215 
3 891 768 1008 
3 5169 5252 5674 
3 937 934 936 
3 3511 5226 4172 
3 937 938 934 
3 895 942 938 
3 943 978 1011 
3 935 934 938 
3 1383 5059 5690 
3 3534 517 61 
3 1128 1221 1052 
3 5964 309 4916 
3 831 897 1056 
3 2405 5809 5011 
3 864 899 771 
3 863 739 1059 
3 2327 953 428 
3 1368 5239 1832 
3 3444 4400 459 
3 803 770 831 
3 1014 836 834 
3 4913 5239 1808 
3 1356 5754 472 
3 3852 561 2209 
3 906 1018 866 
3 1416 1438 3076 
3 1881 744 2865 
3 866 1018 954 
3 982 947 808 
3 4769 515 4671 
3 5030 5007 4130 
3 951 950 740 
3 4225 4317 4320 
3 956 866 954 
3 1703 2581 2382 
3 955 984 989 
3 958 776 912 
3 957 663 868 
3 1396 849 939 
3 986 913 871 
3 776 722 912 
3 989 846 870 
3 2102 2591 2068 
3 4671 1906 470 
3 1632 841 2566 
3 1576 4154 3488 
3 5798 3745 2966 
3 992 915 960 
3 1291 1205 1161 
3 1071 784 916 
3 753 877 961 
3 960 698 918 
3 5332 5311 4522 
3 851 1033 917 
3 2565 2568 36 
3 816 753 961 
3 820 967 877 
3 923 967 820 
3 967 1002 877 
3 821 917 1033 
3 965 967 923 
3 116 5846 4653 
3 5311 5332 726 
3 4361 3923 4447 
3 857 970 971 
3 829 858 1004 
3 5998 799 927 
3 3728 3787 3503 
3 5766 2278 417 
3 4954 5766 417 
3 3633 3587 1086 
3 931 932 934 
3 934 1046 931 
3 1015 5140 975 
3 1764 4440 4532 
3 895 938 976 
3 937 976 938 
3 4226 3911 5126 
3 938 942 935 
3 4528 4723 4624 
3 985 956 1109 
3 547 448 546 
3 1808 3351 3983 
3 546 618 547 
3 4948 3711 1130 
3 3994 1162 1167 
3 942 943 1095 
3 831 1056 900 
3 834 900 1140 
3 51 1500 4951 
3 4605 997 1432 
3 5056 3994 1167 
3 900 834 862 
3 425 547 649 
3 934 932 936 
3 950 837 740 
3 936 932 1009 
3 796 970 734 
3 808 947 809 
3 1064 907 983 
3 740 741 951 
3 954 1109 956 
3 2417 3175 2644 
3 1370 5849 969 
3 1143 805 904 
3 989 870 955 
3 733 759 2867 
3 986 871 1154 
3 1071 1200 871 
3 913 1028 752 
3 3732 3731 3790 
3 874 846 993 
3 2816 0 363 
3 4397 2534 1073 
3 4396 1504 2738 
3 4847 1678 2193 
3 785 996 1203 
3 774 532 742 
3 5636 603 3931 
3 910 458 1695 
3 814 915 990 
3 1031 882 1161 
3 1708 920 2024 
3 219 832 4076 
3 2909 2636 2765 
3 1338 1036 1033 
3 1002 1000 877 
3 822 795 998 
3 3774 2557 3558 
3 1337 852 826 
3 4211 726 5332 
3 1002 967 1119 
3 885 829 1004 
3 735 928 858 
3 2771 2966 1840 
3 1082 858 928 
3 362 2566 5968 
3 4393 1772 4363 
3 5766 1932 1718 
3 931 1046 1170 
3 892 5299 4047 
3 932 931 1120 
3 5300 775 5298 
3 1046 935 1087 
3 5140 1779 3855 
3 1812 1587 5283 
3 1351 1178 1091 
3 1059 739 1135 
3 739 1097 1135 
3 899 1097 739 
3 1871 1873 1780 
3 945 901 1013 
3 4008 577 5710 
3 1122 1639 1081 
3 674 593 564 
3 1063 906 1014 
3 952 809 947 
3 838 983 907 
3 1009 1091 936 
3 3256 1081 4538 
3 951 741 908 
3 908 810 1328 
3 4913 1832 5239 
3 957 810 662 
3 929 1568 4695 
3 4390 2516 4392 
3 1067 989 984 
3 1960 566 573 
3 1180 1178 1266 
3 1022 1028 913 
3 941 733 2867 
3 1346 266 4955 
3 1200 1024 871 
3 752 1028 1115 
3 846 874 870 
3 266 1346 4841 
3 1403 5655 1324 
3 1029 1071 916 
3 1038 923 1036 
3 678 576 803 
3 5332 4522 5457 
3 1762 1997 1457 
3 993 1161 922 
3 879 1206 698 
3 1116 1030 998 
3 4114 4943 280 
3 961 921 819 
3 1206 879 964 
3 1036 923 821 
3 961 877 1000 
3 1031 999 826 
3 999 1337 826 
3 1037 852 1337 
3 803 862 678 
3 1038 965 923 
3 5212 5418 3653 
3 1116 998 795 
3 965 1041 967 
3 1026 1032 1016 
3 1164 795 855 
3 1119 967 1041 
3 1076 965 1038 
3 4548 3788 5984 
3 1077 971 970 
3 885 1003 886 
3 1003 885 1042 
3 927 857 971 
3 1004 858 1214 
3 3815 1320 1776 
3 1975 1487 5400 
3 699 500 441 
3 859 5998 973 
3 5757 5907 5911 
3 1639 1122 3076 
3 1875 1912 1828 
3 361 1053 2519 
3 1932 3855 1718 
3 5389 4679 4186 
3 1544 1492 1312 
3 586 5325 5979 
3 4555 5221 2303 
3 1011 1223 943 
3 1140 900 1056 
3 4805 5073 4806 
3 1210 428 5722 
3 1223 1095 943 
3 5283 890 1812 
3 625 713 901 
3 5710 577 586 
3 982 1138 1410 
3 5940 4475 5962 
3 1375 1425 1286 
3 1499 1272 1545 
3 1802 1839 5584 
3 1567 5479 3763 
3 5998 1005 973 
3 1396 939 953 
3 1100 947 982 
3 5987 4261 3410 
3 865 684 654 
3 955 1019 984 
3 950 951 1102 
3 1423 1110 1373 
3 3431 3422 2396 
3 1065 840 952 
3 1725 946 3533 
3 1019 840 1065 
3 1063 1233 1018 
3 1018 906 1063 
3 1328 810 1020 
3 813 5594 1738 
3 141 4392 5224 
3 810 957 1020 
3 776 838 719 
3 1109 1150 985 
3 4213 1632 2566 
3 572 676 736 
3 2285 4007 4879 
3 868 1020 957 
3 1028 1153 1197 
3 1025 777 985 
3 985 1157 1025 
3 1101 4976 642 
3 783 990 1068 
3 1332 851 1025 
3 1565 1033 851 
3 1033 1036 821 
3 1497 2342 5745 
3 1899 4946 457 
3 907 1064 1143 
3 2197 5917 1015 
3 1031 1161 1205 
3 1204 918 1206 
3 1116 1029 1030 
3 921 1034 996 
3 918 698 1206 
3 961 1034 921 
3 5789 5531 3303 
3 1037 1206 964 
3 5982 3171 661 
3 644 587 479 
3 1116 795 1164 
3 1076 1038 1039 
3 4666 5729 4591 
3 4076 832 2342 
3 1076 1078 965 
3 1324 2446 3851 
3 1078 1041 965 
3 1178 976 1091 
3 927 971 1389 
3 1005 5998 927 
3 1214 858 1082 
3 1240 5933 5547 
3 1120 1176 1009 
3 5629 5780 5950 
3 1046 1083 1170 
3 658 836 628 
3 5552 4745 3110 
3 1050 1045 1047 
3 280 833 3621 
3 1050 1047 1090 
3 45 4181 2341 
3 181 3112 507 
3 20 42 11 
3 934 935 1046 
3 3296 4660 949 
3 945 1056 897 
3 1090 1088 1050 
3 932 1120 1009 
3 622 4855 5686 
3 1089 935 1094 
3 352 3737 761 
3 58 45 2341 
3 1129 1052 1181 
3 4791 1842 128 
3 976 1178 978 
3 1180 978 1178 
3 942 1094 935 
3 937 1091 976 
3 4375 5203 3937 
3 1441 1307 1485 
3 892 4047 187 
3 1097 899 1099 
3 902 863 1138 
3 992 960 1204 
3 401 1007 5803 
3 950 1141 837 
3 1141 950 1102 
3 1903 994 4191 
3 1103 1102 951 
3 154 128 67 
3 1412 3882 5614 
3 1325 1019 1065 
3 1108 1192 983 
3 3459 1718 3855 
3 2624 5564 1258 
3 1108 983 958 
3 3670 3498 3612 
3 3911 4226 71 
3 3895 5992 2554 
3 1881 5970 2513 
3 1024 1154 871 
3 1068 958 912 
3 4642 3296 2920 
3 4484 1722 3218 
3 4151 1383 5690 
3 1068 990 1243 
3 989 1069 846 
3 1037 964 852 
3 863 902 804 
3 5076 2330 5893 
3 990 915 1243 
3 993 846 1201 
3 5653 4013 5956 
3 952 947 1225 
3 1338 1033 1565 
3 1205 999 1031 
3 1779 5140 1015 
3 4539 2448 5153 
3 968 1296 1077 
3 1212 1076 1039 
3 4539 4449 2182 
3 3851 839 320 
3 1604 2835 3480 
3 1004 1042 885 
3 1240 3320 5933 
3 362 2835 1604 
3 859 891 5997 
3 3633 1895 4332 
3 1220 1121 1050 
3 1638 1316 1410 
3 852 879 673 
3 1050 1121 1045 
3 2297 2377 2541 
3 3075 3931 5659 
3 1083 1046 1087 
3 1402 1087 1089 
3 1351 1091 1009 
3 5531 633 4326 
3 1011 978 1180 
3 1052 1129 1088 
3 2068 2591 2568 
3 1130 5121 3107 
3 992 1243 915 
3 942 1095 1094 
3 2197 1632 4213 
3 1134 1223 1011 
3 4713 3849 2403 
3 1135 1183 1059 
3 1317 1140 1012 
3 421 589 565 
3 3835 5766 1718 
3 1097 1314 1135 
3 4549 3875 2611 
3 5614 3070 5595 
3 902 1138 982 
3 863 1059 1138 
3 1014 1318 1144 
3 795 644 729 
3 1144 1233 1063 
3 5974 3580 5639 
3 2179 5609 597 
3 952 1225 1145 
3 983 1192 1321 
3 5432 3222 1343 
3 1233 954 1018 
3 1194 1190 1234 
3 2724 3788 4548 
3 954 1233 1106 
3 983 1321 1064 
3 1779 3459 3855 
3 1110 984 1019 
3 597 2201 2179 
3 1110 1067 984 
3 1022 986 1151 
3 3158 361 1885 
3 1239 868 1156 
3 5122 5513 5718 
3 1239 1020 868 
3 5431 5088 2317 
3 4429 442 5729 
3 912 783 1068 
3 846 1069 1201 
3 1200 1071 1029 
3 378 623 463 
3 988 850 1202 
3 1680 2976 1187 
3 1000 1034 961 
3 2954 3822 1883 
3 1206 1430 1204 
3 1090 1128 1052 
3 1000 1248 1034 
3 1246 1296 968 
3 1248 1382 1034 
3 1840 2966 3745 
3 1000 1254 1248 
3 1353 1625 1405 
3 3411 568 2806 
3 5069 3459 1779 
3 1000 1166 1209 
3 1166 1000 1002 
3 1295 855 926 
3 1077 1389 971 
3 1119 1041 1253 
3 1005 927 1305 
3 1080 1168 1350 
3 1262 1043 1121 
3 1080 1043 1168 
3 1138 1059 1183 
3 1042 1004 1214 
3 1263 1214 1082 
3 1084 973 1005 
3 3998 341 3915 
3 1043 1045 1121 
3 1220 1307 1121 
3 891 1008 1218 
3 248 294 355 
3 158 5497 5528 
3 838 807 743 
3 4187 3017 981 
3 2459 3696 5399 
3 1199 1068 1243 
3 4881 1017 1810 
3 3303 5531 5130 
3 1003 926 886 
3 484 5098 2841 
3 1677 5774 4304 
3 1094 1095 1312 
3 4795 2169 1582 
3 1135 1184 1183 
3 2417 2370 2716 
3 943 895 978 
3 1545 1272 1270 
3 1099 1186 1501 
3 1056 1098 1137 
3 5768 872 2118 
3 1056 1137 1361 
3 4559 1210 3315 
3 5829 2375 5989 
3 459 5908 5718 
3 1316 1225 1100 
3 2164 4920 598 
3 3580 4241 1677 
3 5724 4389 362 
3 1145 1065 952 
3 1106 1233 1516 
3 1325 1065 1145 
3 4880 1576 3488 
3 1779 5917 5069 
3 2829 4677 132 
3 1110 1019 1325 
3 1669 3303 2116 
3 1281 1150 1109 
3 1235 1197 1153 
3 986 1154 1283 
3 5900 3803 1072 
3 1242 1069 1067 
3 1197 1286 1028 
3 1165 1166 1002 
3 1024 1200 1331 
3 548 688 3116 
3 1331 1523 1024 
3 5860 4910 1455 
3 3835 2278 5766 
3 1156 988 1202 
3 1896 4605 2240 
3 1202 850 1203 
3 993 1284 1290 
3 1115 1286 1246 
3 5887 3558 2049 
3 3832 3834 3764 
3 2224 1446 2225 
3 4207 4289 4386 
3 1382 996 1034 
3 1384 1337 999 
3 3852 5896 561 
3 1576 5485 4154 
3 1164 855 1295 
3 1036 1338 1039 
3 1203 1431 1333 
3 1036 1039 1038 
3 2966 4367 1895 
3 1255 1078 1076 
3 1257 1165 1119 
3 1003 1295 926 
3 1347 1302 1168 
3 2927 3005 1751 
3 1347 1168 1262 
3 362 4389 2566 
3 4701 691 5895 
3 1307 1262 1121 
3 1176 1120 1173 
3 1043 1262 1168 
3 1173 1120 1170 
3 1084 1005 1217 
3 5997 1175 888 
3 1638 1897 1813 
3 4213 2566 4389 
3 5742 5803 4535 
3 1013 901 903 
3 760 4264 762 
3 1080 1350 1047 
3 1084 1217 1126 
3 1087 1402 1083 
3 1297 1076 1212 
3 5917 2197 3726 
3 1050 1088 1220 
3 178 2288 5417 
3 1218 769 1126 
3 4983 1524 5781 
3 1354 1630 1355 
3 1181 1052 1221 
3 5849 5862 3353 
3 5513 3071 2091 
3 1718 3459 3624 
3 5581 4943 557 
3 3713 3709 1906 
3 2859 150 4254 
3 554 1508 1490 
3 1134 1180 1311 
3 1100 1225 947 
3 1182 1270 1272 
3 2788 4254 150 
3 1501 1359 1099 
3 1098 945 1013 
3 5528 5098 484 
3 1362 1186 864 
3 1360 1501 1186 
3 4694 4295 4394 
3 1224 1013 1141 
3 1318 1276 1144 
3 217 2924 2314 
3 1186 1362 1549 
3 844 5270 407 
3 1143 1064 1319 
3 1366 1141 1102 
3 4508 5732 424 
3 1321 1319 1064 
3 1103 1415 1102 
3 793 674 823 
3 1227 1191 1193 
3 1190 1191 1227 
3 1220 1088 1179 
3 1231 1190 1227 
3 1103 1328 1371 
3 4666 4591 3758 
3 4996 5434 5437 
3 1110 1325 1373 
3 1194 1234 1375 
3 1955 1280 5165 
3 3487 1021 1010 
3 1191 1190 1194 
3 1191 1194 1193 
3 5165 1280 948 
3 5716 2324 962 
3 1194 1197 1193 
3 5643 5906 2347 
3 1197 1236 1193 
3 1455 4910 5278 
3 1521 1424 1199 
3 1424 958 1199 
3 1154 1024 1283 
3 986 1022 913 
3 1581 3358 1148 
3 213 1230 4745 
3 1199 958 1068 
3 3290 4745 5552 
3 1427 1521 1199 
3 543 4863 1930 
3 1431 1203 996 
3 1201 1284 993 
3 1228 1413 1640 
3 1290 1161 993 
3 1336 1430 1206 
3 5431 2317 4166 
3 4796 4859 1929 
3 1336 1206 1037 
3 1205 1384 999 
3 3892 4734 2326 
3 1007 1502 5424 
3 5424 2818 1007 
3 1039 1386 1212 
3 933 4475 5940 
3 1295 1116 1164 
3 1003 1474 1295 
3 1297 1255 1076 
3 1209 1166 1344 
3 1718 3624 3835 
3 3838 1163 646 
3 3291 2273 5417 
3 4934 4429 5729 
3 1398 1042 1214 
3 1350 1168 1349 
3 1679 1420 1520 
3 5671 1081 1639 
3 3941 3839 3939 
3 1400 1217 1005 
3 181 507 5672 
3 4948 5581 3711 
3 3712 1169 3690 
3 5405 2193 1678 
3 1175 891 1218 
3 5722 428 953 
3 1907 5339 470 
3 1128 1047 1350 
3 2999 3854 100 
3 1218 1126 1577 
3 1577 1401 1218 
3 699 638 500 
3 935 1089 1087 
3 1266 1178 1405 
3 1088 1129 1179 
3 2118 4847 2193 
3 5464 1335 2933 
3 752 1115 757 
3 881 1416 3867 
3 5385 2118 2193 
3 1737 5940 5962 
3 1093 1181 1270 
3 1453 1093 1182 
3 530 40 4847 
3 3442 4316 3861 
3 1313 1095 1223 
3 1213 1083 1483 
3 1359 1097 1099 
3 1223 1134 1498 
3 1731 5877 5940 
3 5088 5431 3370 
3 4967 872 5768 
3 1183 1548 1138 
3 2517 5051 5279 
3 1100 982 1410 
3 1135 1314 1184 
3 1013 1411 1098 
3 1317 1318 1140 
3 1345 1248 1341 
3 4046 5978 1496 
3 1974 1925 1621 
3 1170 1120 931 
3 1229 1193 1236 
3 1277 1231 1414 
3 1235 1322 1236 
3 1228 1193 1229 
3 1516 1233 1144 
3 1415 1103 1371 
3 1227 1193 1228 
3 1325 1145 1458 
3 5824 1921 1909 
3 1234 1190 1231 
3 1236 1322 1229 
3 1282 1323 1235 
3 1398 1439 1260 
3 1197 1235 1236 
3 1235 1151 1282 
3 5212 5301 5928 
3 1151 986 1283 
3 1020 1239 1328 
3 1375 1286 1197 
3 1283 1282 1151 
3 3825 5538 4180 
3 1283 1024 1608 
3 1609 1332 1150 
3 1200 1029 1331 
3 4338 2184 535 
3 1284 1201 1242 
3 1116 1380 1029 
3 1029 1380 1331 
3 792 3601 5560 
3 125 5856 5846 
3 5011 5610 4949 
3 759 5432 5416 
3 1384 1205 1292 
3 1337 1336 1037 
3 5801 1789 5610 
3 1259 5121 5371 
3 1342 1254 1209 
3 468 513 552 
3 1257 1119 1253 
3 1755 4015 4028 
3 1603 1601 1321 
3 1253 1393 1257 
3 1253 1078 1255 
3 3907 4046 1496 
3 1003 1042 1260 
3 1302 1349 1168 
3 1474 1434 1478 
3 1042 1398 1260 
3 927 1389 1305 
3 1213 1303 1170 
3 1305 1400 1005 
3 2046 2903 1335 
3 1440 1176 1173 
3 1402 1622 1483 
3 1263 1082 1175 
3 3659 5987 3410 
3 1009 1176 1443 
3 3784 3812 3963 
3 1175 1082 888 
3 5529 5512 5323 
3 1350 1628 1128 
3 2543 5114 5921 
3 910 3690 5384 
3 1218 1308 1175 
3 201 4542 2605 
3 2187 5961 100 
3 5477 3327 5509 
3 1180 1266 1355 
3 1181 1179 1129 
3 4530 5512 5457 
3 2024 3720 4622 
3 1270 1181 1221 
3 2851 2779 2714 
3 5722 953 939 
3 1686 5552 5904 
3 1182 1454 1453 
3 4181 28 3999 
3 1498 1313 1223 
3 2445 847 3407 
3 1359 1314 1097 
3 1496 5418 3907 
3 1548 1183 1409 
3 5940 1737 1731 
3 1138 1548 1410 
3 3383 5947 5931 
3 1409 1183 1184 
3 2446 1324 5655 
3 1137 1098 1411 
3 1013 1224 1411 
3 1319 1321 1601 
3 5429 4627 5336 
3 1069 1242 1201 
3 1228 1414 1227 
3 1227 1414 1231 
3 1316 1100 1410 
3 4445 191 3913 
3 1234 1231 1278 
3 1300 2308 1418 
3 1322 1235 1323 
3 1261 1802 1707 
3 1511 1322 1323 
3 5224 2536 141 
3 4249 4607 4852 
3 1432 472 5754 
3 1326 1323 1282 
3 1372 1281 1106 
3 5161 5649 5962 
3 1588 3837 1598 
3 1235 1153 1151 
3 1420 1326 1520 
3 1317 1012 1361 
3 5038 5125 5795 
3 1996 2024 920 
3 5508 4151 5307 
3 1432 1988 4605 
3 1839 1802 1261 
3 1377 1286 1425 
3 1279 1773 746 
3 1150 1332 1157 
3 1021 456 5226 
3 1158 5363 5078 
3 5061 566 51 
3 5430 3485 5928 
3 1333 1202 1203 
3 1128 1090 1047 
3 820 755 727 
3 992 1204 1430 
3 4955 1801 1346 
3 1246 1286 1289 
3 996 1382 1431 
3 1205 1291 1292 
3 1289 1296 1246 
3 1291 1161 1290 
3 1116 1295 1339 
3 1382 1248 1566 
3 1357 3548 1494 
3 475 2387 1172 
3 2347 5832 3964 
3 1388 1341 1254 
3 5707 5946 5878 
3 1297 1212 1392 
3 1228 1640 1597 
3 3267 405 5212 
3 1532 1392 1212 
3 1255 1393 1253 
3 1165 1257 1298 
3 1165 1298 1344 
3 1344 1298 1390 
3 532 490 487 
3 1074 5002 40 
3 29 1929 4859 
3 1393 1255 1395 
3 2611 3875 5180 
3 1563 1396 953 
3 1298 1301 1390 
3 1481 1305 1389 
3 3614 3565 4230 
3 1302 1347 1475 
3 1003 1434 1474 
3 3037 1694 3952 
3 1571 1347 1262 
3 4877 5285 5092 
3 4572 2571 5358 
3 2418 3203 5126 
3 1443 1176 1440 
3 1402 1483 1083 
3 4934 4088 4395 
3 4794 5928 3485 
3 18 77 57 
3 1942 2066 1858 
3 1402 1089 1540 
3 3326 5802 202 
3 2141 3480 2835 
3 1311 1355 1630 
3 1090 1052 1088 
3 4303 1892 3086 
3 5418 1496 3653 
3 4025 3800 3865 
3 2406 700 4136 
3 4960 2582 3453 
3 1599 1458 1509 
3 279 375 306 
3 1095 1313 1312 
3 746 4518 1279 
3 1984 1666 1630 
3 5704 4284 4900 
3 3862 3622 3686 
3 1363 1506 1224 
3 1063 1014 1144 
3 1225 1316 1509 
3 2164 1586 4920 
3 4793 290 3533 
3 1143 1319 1362 
3 1353 1579 1625 
3 3427 405 3267 
3 635 1158 2498 
3 1424 1108 958 
3 990 783 814 
3 1234 1515 1421 
3 3690 919 2744 
3 1375 1234 1421 
3 1415 1366 1102 
3 4953 5928 4794 
3 1484 1575 1400 
3 1108 1424 1556 
3 1556 1192 1108 
3 1328 1555 1371 
3 3267 3273 3427 
3 1024 1523 1608 
3 1199 1243 1427 
3 1239 1156 1202 
3 4607 4565 3016 
3 1586 787 5044 
3 1593 1548 1409 
3 1377 1289 1286 
3 5423 5061 51 
3 1665 1937 1668 
3 1822 1733 1684 
3 1290 1381 1291 
3 1773 1279 2858 
3 3296 4642 4660 
3 1544 1312 1313 
3 4538 1081 4442 
3 1339 1295 1474 
3 2310 2494 2237 
3 1342 1388 1254 
3 1389 1077 1296 
3 1297 1395 1255 
3 23 0 2770 
3 3911 2418 5126 
3 3633 196 3587 
3 2523 5912 2508 
3 1434 1003 1260 
3 4403 1159 4283 
3 1861 1819 1554 
3 3803 2816 1072 
3 2262 1066 5816 
3 5896 4222 2188 
3 1172 5392 1113 
3 1263 1398 1214 
3 1307 1441 1571 
3 1535 1437 1705 
3 1175 1308 1263 
3 1368 5799 1370 
3 1030 1029 916 
3 3813 2588 1256 
3 2605 3517 201 
3 1713 1543 1589 
3 1403 5665 3609 
3 243 257 2316 
3 901 680 903 
3 1485 1220 1179 
3 151 1271 4896 
3 1604 2278 2689 
3 1542 1221 1128 
3 1540 1089 1492 
3 5209 2185 1738 
3 1354 1266 1405 
3 1449 1179 1453 
3 5775 1092 1079 
3 1089 1312 1492 
3 429 382 467 
3 1545 1270 1450 
3 1543 1454 1495 
3 1885 5873 3158 
3 1881 4456 1885 
3 1358 1272 1407 
3 1184 1314 1547 
3 1137 1672 1361 
3 699 441 565 
3 1549 1362 1594 
3 4404 4935 297 
3 626 2919 1581 
3 1411 1224 1506 
3 1414 1228 1597 
3 1458 1145 1509 
3 1413 1322 1510 
3 1229 1322 1413 
3 458 5384 4543 
3 1419 1325 1458 
3 1124 88 1118 
3 3533 5203 4785 
3 1419 1517 1373 
3 3835 3624 3484 
3 1559 1463 1239 
3 5574 5203 946 
3 1933 2093 2026 
3 5061 2468 566 
3 2563 940 3526 
3 1202 1559 1239 
3 1749 2090 1622 
3 5906 788 2347 
3 5951 5174 869 
3 3845 128 3312 
3 5643 1496 5978 
3 1427 1330 1378 
3 992 1378 1330 
3 1332 1428 1565 
3 1290 1284 1381 
3 1380 1116 1339 
3 5056 721 3994 
3 721 5056 1757 
3 3944 4814 3070 
3 1384 1529 1337 
3 1529 1336 1337 
3 716 1836 1455 
3 4538 1504 4396 
3 5510 44 4474 
3 1830 1532 1386 
3 2949 3151 3152 
3 36 2568 2614 
3 1593 1671 1852 
3 1366 1363 1224 
3 1345 1433 1248 
3 792 5566 5951 
3 459 5518 5908 
3 2954 3376 4682 
3 5566 5174 5951 
3 1842 4791 4597 
3 1302 1475 1345 
3 5279 2447 2517 
3 1303 1392 1532 
3 1303 1395 1392 
3 1390 1301 1435 
3 1998 2108 1816 
3 1395 1437 1393 
3 1736 1778 1654 
3 4576 3061 4465 
3 1479 1534 1440 
3 1303 1479 1173 
3 1440 1173 1479 
3 30 86 6 
3 5643 5978 5906 
3 1308 1572 1263 
3 2836 5866 2712 
3 1628 1350 1537 
3 1308 1218 1401 
3 1217 1444 1577 
3 1631 2057 1663 
3 1220 1485 1307 
3 1031 826 882 
3 5774 1677 4241 
3 1157 985 1150 
3 4880 1627 2109 
3 3227 981 3017 
3 3541 4954 1054 
3 1474 1471 1339 
3 1450 1221 1542 
3 1010 1021 5226 
3 1272 1358 1182 
3 1303 1213 1395 
3 192 4008 5710 
3 1454 1358 1495 
3 1404 5956 326 
3 1442 3133 3856 
3 1547 1314 1759 
3 1495 1407 1589 
3 2094 2088 5765 
3 5832 2347 788 
3 1069 989 1067 
3 4093 5473 3408 
3 5473 4093 4177 
3 1595 1137 1411 
3 48 1527 1017 
3 4046 5096 5978 
3 937 936 1091 
3 1414 1597 1277 
3 3366 5803 5742 
3 5862 1958 3353 
3 1642 1643 1278 
3 1371 1460 1415 
3 1278 1515 1234 
3 1106 1516 1372 
3 5614 3378 1412 
3 4725 4417 4626 
3 1400 1305 1484 
3 1463 1555 1328 
3 1463 1328 1239 
3 1282 1520 1326 
3 4449 4539 2794 
3 1282 1283 1520 
3 5802 3326 5926 
3 1426 4323 1711 
3 3240 3674 1899 
3 1521 1427 1647 
3 1423 1466 1242 
3 3303 5130 5518 
3 1832 5799 1368 
3 1331 1380 1525 
3 4610 5433 2040 
3 2453 5099 2146 
3 1617 1792 1796 
3 1284 1692 1381 
3 88 5052 3786 
3 2485 5093 5079 
3 1381 1528 1291 
3 1292 1291 1528 
3 1530 1529 1384 
3 1431 1382 1566 
3 1296 1289 1613 
3 502 3479 5243 
3 1389 1296 1481 
3 1475 1433 1345 
3 1345 1341 1388 
3 81 132 4677 
3 1479 1532 1569 
3 5329 5504 4982 
3 1674 1536 1995 
3 1213 1437 1395 
3 1572 1398 1263 
3 1308 1401 1623 
3 1537 1350 1349 
3 1278 1231 1277 
3 1577 1126 1217 
3 502 1216 3479 
3 1443 1351 1009 
3 176 3071 2696 
3 1571 1475 1347 
3 1580 1354 1405 
3 2484 5437 9 
3 1454 1543 1453 
3 1354 1355 1266 
3 1492 1889 1540 
3 1425 1736 1654 
3 1498 1311 1666 
3 1380 1562 1525 
3 3653 1496 5643 
3 2375 1139 5989 
3 1314 1359 1759 
3 1638 1548 1593 
3 940 789 790 
3 198 4059 154 
3 1506 1595 1411 
3 1318 1317 1505 
3 1593 1409 1671 
3 1460 1512 1415 
3 5694 2815 5189 
3 1551 1642 1277 
3 736 571 572 
3 1192 1603 1321 
3 1511 1510 1322 
3 1514 1419 1458 
3 1556 1603 1192 
3 3382 1125 5822 
3 405 5418 5212 
3 1325 1419 1373 
3 299 317 268 
3 1081 5671 4442 
3 5643 2347 3653 
3 1371 1555 1461 
3 2053 5152 5557 
3 1464 1375 1421 
3 1424 1647 1556 
3 1647 1424 1521 
3 807 904 805 
3 1805 3330 1306 
3 1373 1517 1423 
3 2799 4441 4039 
3 3653 2347 5301 
3 1935 2268 4304 
3 1523 1331 1525 
3 1289 1377 1654 
3 1560 1202 1333 
3 4519 4913 1808 
3 1469 1470 1430 
3 1430 1470 1379 
3 1333 1431 1784 
3 3370 5444 5088 
3 1530 1384 1292 
3 1248 1433 1566 
3 1386 1039 1338 
3 1696 1474 1615 
3 1696 1471 1474 
3 1388 1342 1533 
3 1342 1390 1533 
3 1345 1436 1302 
3 2559 2091 3071 
3 1660 1435 1480 
3 2347 5430 5301 
3 1436 1345 1388 
3 1534 1479 1569 
3 4459 890 5283 
3 5143 4114 3621 
3 1535 1301 1393 
3 1342 1344 1390 
3 3007 5596 3064 
3 1213 1483 1437 
3 1349 1302 1436 
3 3580 5974 4165 
3 1280 1955 5771 
3 2162 2234 2274 
3 1398 1572 1439 
3 1619 1443 1440 
3 1188 5497 158 
3 2476 2731 5158 
3 1304 3170 813 
3 1751 1452 3222 
3 3312 854 3845 
3 3312 905 854 
3 1444 1709 1577 
3 1405 1625 1539 
3 5301 5212 3653 
3 1405 1539 1580 
3 3222 1452 1376 
3 1619 1579 1443 
3 5293 2917 5279 
3 1767 1770 1901 
3 1580 1629 1630 
3 2730 2381 2545 
3 1561 1691 1780 
3 2196 1962 1873 
3 2260 2421 2228 
3 1498 1134 1311 
3 1499 1407 1272 
3 5260 3509 3527 
3 1590 1501 1591 
3 1678 1789 5405 
3 1635 1456 1360 
3 287 5104 5550 
3 5051 2517 5444 
3 1494 1327 4848 
3 1137 1595 1672 
3 1505 1317 1457 
3 1506 1596 1595 
3 1319 1766 1594 
3 1362 1319 1594 
3 1638 1509 1316 
3 4514 4863 5776 
3 1148 125 116 
3 5245 4715 4804 
3 1366 1415 1512 
3 1647 1427 1648 
3 1511 1600 1510 
3 1196 2170 2684 
3 1554 1644 1276 
3 1511 1420 1818 
3 5444 2517 5088 
3 1323 1420 1511 
3 1742 1531 1924 
3 5212 5928 4953 
3 1644 1684 1516 
3 1684 1644 1730 
3 1405 1178 1353 
3 3838 3364 1163 
3 1733 1462 1372 
3 1462 1281 1372 
3 2458 5433 3762 
3 1423 1517 1557 
3 68 134 92 
3 5430 5928 5301 
3 3762 5822 2458 
3 1514 1458 1599 
3 75 72 143 
3 1465 1868 1609 
3 3485 5430 2590 
3 1558 1648 1427 
3 1525 1690 1523 
3 4501 2458 1123 
3 1466 1561 1242 
3 1561 1284 1242 
3 1172 2014 475 
3 1470 1693 1379 
3 5597 4803 3542 
3 1529 1614 1336 
3 1784 1431 1566 
3 1528 1530 1292 
3 105 94 106 
3 4206 4202 4487 
3 1613 1481 1296 
3 1850 4755 4428 
3 1637 1594 1766 
3 1533 1436 1388 
3 1533 1617 1436 
3 1946 1596 1948 
3 3427 3695 405 
3 5358 1432 5754 
3 1219 2452 5056 
3 5809 5801 5011 
3 5213 867 1215 
3 3726 1815 3749 
3 5610 5011 5801 
3 1537 1349 1704 
3 1219 5056 3314 
3 2102 2567 2591 
3 1308 1623 1572 
3 1182 1093 1270 
3 5078 2778 1158 
3 5221 5584 1839 
3 1629 1580 1662 
3 4612 4618 5743 
3 1443 1579 1351 
3 1354 1580 1630 
3 5251 2402 616 
3 1795 1792 1660 
3 1449 1453 1750 
3 1630 1666 1311 
3 5613 4283 828 
3 4951 5423 51 
3 1313 1498 1670 
3 1313 1670 1544 
3 1148 116 1581 
3 1547 1409 1184 
3 1317 1361 1457 
3 5776 5389 4514 
3 3695 3907 5418 
3 1635 1360 1549 
3 3824 2588 3813 
3 1554 1318 1505 
3 5739 601 5660 
3 1766 1319 1601 
3 5114 1564 5921 
3 1721 1640 1413 
3 1318 1554 1276 
3 1643 1642 1768 
3 5401 4920 1586 
3 1509 1813 1599 
3 788 5906 4482 
3 847 3286 3407 
3 4530 4072 4529 
3 2239 2709 1324 
3 5168 4099 2341 
3 5192 1238 5975 
3 1729 1683 1515 
3 1644 1516 1276 
3 1729 1515 1643 
3 1643 1515 1278 
3 5088 2517 1105 
3 1684 1372 1516 
3 1646 1461 1555 
3 1746 5728 839 
3 1683 1464 1421 
3 1463 1559 1685 
3 3223 2783 5931 
3 1603 1556 1681 
3 4625 201 3517 
3 1136 616 3763 
3 1690 1687 1608 
3 1427 1378 1652 
3 4500 510 5282 
3 2425 2398 5024 
3 1425 1464 1683 
3 1613 1289 1654 
3 1422 4868 3619 
3 1562 1380 1339 
3 28 3043 3999 
3 1531 1784 1566 
3 273 5841 5838 
3 4943 4114 3596 
3 417 2278 1604 
3 1469 1430 1614 
3 2984 164 169 
3 645 5926 4737 
3 2711 5501 15 
3 702 922 823 
3 1221 1450 1270 
3 1792 1617 1435 
3 1475 1571 1701 
3 1617 1533 1435 
3 1390 1435 1533 
3 3960 3596 5651 
3 2203 2352 2019 
3 1437 1483 1622 
3 1134 1011 1180 
3 1349 1436 1704 
3 1575 1444 1400 
3 3507 3124 5564 
3 2664 2611 5180 
3 23 1586 5044 
3 1741 5516 1264 
3 1056 1012 1140 
3 3323 5729 4666 
3 1160 1158 2778 
3 2590 3964 1994 
3 5122 4721 4947 
3 3110 3909 3601 
3 4180 2579 527 
3 1579 1353 1351 
3 5060 5884 3318 
3 1889 1492 1753 
3 2684 1651 1196 
3 1450 1542 1545 
3 1668 1545 1665 
3 5464 2046 1335 
3 1670 1498 1666 
3 1522 4557 1075 
3 5894 286 5498 
3 456 1086 5226 
3 1589 1407 1499 
3 1359 1590 1759 
3 1961 2042 1653 
3 1456 1591 1501 
3 3097 3043 4920 
3 1637 1635 1549 
3 4936 4934 5729 
3 2327 2773 953 
3 5363 4237 5078 
3 2298 2101 4157 
3 1638 1813 1509 
3 1551 1597 1673 
3 1505 1861 1554 
3 5401 3097 4920 
3 1413 1510 1721 
3 5282 1422 5272 
3 1673 1811 1551 
3 2382 3242 1703 
3 3063 4953 4794 
3 1984 1846 1666 
3 1406 614 3094 
3 1599 1816 1514 
3 2808 1605 1649 
3 4917 4284 5716 
3 2375 4136 1241 
3 1679 1818 1420 
3 1681 1556 1647 
3 1421 1515 1683 
3 1685 1555 1463 
3 1868 1465 1462 
3 1555 1685 1646 
3 1818 2153 1769 
3 829 764 735 
3 1690 1608 1523 
3 4284 4917 4900 
3 4505 4504 3990 
3 1525 1562 1690 
3 326 5956 4013 
3 1752 1933 1843 
3 1379 1693 1378 
3 2414 812 5189 
3 1653 1378 1693 
3 2925 744 2525 
3 814 786 960 
3 1656 1565 1428 
3 4800 4972 4799 
3 1562 1339 1471 
3 1785 1614 1529 
3 1471 1696 1562 
3 1531 1566 1433 
3 1530 1785 1529 
3 5997 891 1175 
3 1484 1481 1790 
3 1439 1478 1434 
3 2374 2115 2480 
3 1701 1571 1743 
3 1617 1796 1704 
3 1794 1439 1572 
3 4742 2736 3482 
3 896 5574 5573 
3 1620 1441 1485 
3 3485 1697 3535 
3 1535 1393 1437 
3 4673 23 2770 
3 2770 0 2816 
3 992 1379 1378 
3 1743 1620 1924 
3 1539 1625 1624 
3 1622 1402 1749 
3 1401 1709 1623 
3 1709 1401 1577 
3 1662 1580 1539 
3 1721 1855 1640 
3 154 3312 128 
3 4482 1476 788 
3 420 5808 5398 
3 1247 2048 2691 
3 1542 1710 1665 
3 1545 1542 1665 
3 1543 1712 1453 
3 1551 1811 1642 
3 1713 1712 1543 
3 1855 1720 1640 
3 1232 2945 2776 
3 1456 1635 1636 
3 5974 2094 4165 
3 1409 1547 1671 
3 5069 5917 2576 
3 1361 1672 1457 
3 1637 1636 1635 
3 1830 1386 1740 
3 3158 5489 5900 
3 2771 1840 2268 
3 4548 4268 2724 
3 1720 1673 1640 
3 1386 1532 1212 
3 1250 3357 754 
3 1512 1728 1363 
3 3027 2248 1051 
3 5873 1885 4456 
3 1600 1511 1769 
3 1769 1511 1818 
3 2039 1419 1514 
3 1984 2136 1846 
3 3246 2808 1649 
3 1517 1419 2039 
3 2994 2873 2871 
3 1372 1684 1733 
3 213 4745 3290 
3 1425 1683 1736 
3 1607 1520 1608 
3 1423 1557 1466 
3 1653 1558 1652 
3 3170 1927 5597 
3 1425 1654 1377 
3 1378 1653 1652 
3 1609 2010 1428 
3 4058 3274 3651 
3 1700 2786 2798 
3 1202 1560 1559 
3 1782 1613 1654 
3 1528 1381 1692 
3 4367 4332 1895 
3 1470 1469 1781 
3 4920 3043 28 
3 1516 1144 1276 
3 2881 894 5288 
3 1469 1614 1829 
3 1530 1528 1657 
3 3973 5862 5849 
3 1560 1333 1784 
3 1386 1656 1740 
3 1933 2026 1843 
3 3726 2576 5917 
3 1830 1699 1569 
3 1531 1475 1701 
3 4004 5984 191 
3 1704 1436 1617 
3 4249 4565 4607 
3 1660 1792 1435 
3 3633 4332 4300 
3 1795 1480 1706 
3 1256 5794 5892 
3 1794 1572 1621 
3 1537 1704 1979 
3 3468 5958 239 
3 537 544 1920 
3 4474 5290 5510 
3 3226 3230 3231 
3 2272 2274 2234 
3 1485 1626 1620 
3 1623 1709 1800 
3 1537 1710 1628 
3 1750 1752 1843 
3 1710 1542 1628 
3 1482 586 5979 
3 3073 2185 5972 
3 1713 1752 1712 
3 3209 5825 4977 
3 4576 4609 3061 
3 5030 5033 4144 
3 788 1476 5832 
3 519 544 537 
3 1627 3587 196 
3 3533 946 5203 
3 1492 1544 1753 
3 1540 1749 1402 
3 1749 1540 1889 
3 1714 1759 1590 
3 5231 1131 843 
3 1547 1760 1671 
3 1547 1759 1760 
3 1589 1499 1668 
3 1806 1591 1456 
3 5562 5561 1250 
3 4367 2966 2283 
3 1618 1480 1301 
3 1594 1637 1549 
3 1597 1640 1673 
3 1596 1763 1595 
3 2060 1576 4880 
3 1935 4304 5782 
3 2659 5052 619 
3 1809 1721 1860 
3 1860 1510 1600 
3 1303 1532 1479 
3 1643 1863 1820 
3 1674 2383 3386 
3 1683 1729 1775 
3 1247 2691 963 
3 5509 3327 3339 
3 5897 2130 5388 
3 4607 4006 4852 
3 3492 3711 4619 
3 1823 1461 1646 
3 1360 1456 1501 
3 1735 1557 1517 
3 1775 1736 1683 
3 1607 1608 1687 
3 4190 5841 1964 
3 4879 4007 5816 
3 1466 1557 1691 
3 2042 1734 1558 
3 1410 1548 1638 
3 4489 5285 4877 
3 2526 475 27 
3 1653 1872 1961 
3 3059 824 5599 
3 1782 1654 1778 
3 3622 3405 3563 
3 4944 5136 5308 
3 1367 890 1804 
3 1693 1470 1781 
3 3366 5742 3983 
3 2096 5718 5513 
3 1829 1614 1785 
3 3251 4047 2892 
3 519 1104 544 
3 2806 4791 2792 
3 1831 1481 1658 
3 3580 4165 4241 
3 1742 1698 1531 
3 4791 128 3845 
3 3137 2396 2386 
3 1532 1830 1569 
3 1355 1311 1180 
3 1481 1831 1790 
3 5832 2087 1994 
3 1699 1791 1534 
3 1569 1699 1534 
3 1127 563 14 
3 1747 1484 1790 
3 1795 1660 1480 
3 1244 2036 4428 
3 1535 1705 1618 
3 1618 1706 1480 
3 1439 1794 1478 
3 4685 2605 1219 
3 1622 1705 1437 
3 3815 4422 1320 
3 1705 1706 1618 
3 1015 5917 1779 
3 1795 1706 1982 
3 2529 2413 2766 
3 1006 5290 4474 
3 1622 1837 1705 
3 1706 1705 1837 
3 2704 2691 5254 
3 2624 3044 239 
3 2270 5981 2306 
3 5143 3621 5468 
3 1575 1709 1444 
3 1974 1621 1800 
3 1748 1625 1745 
3 1800 1621 1623 
3 1579 1745 1625 
3 1104 519 563 
3 1624 1625 1748 
3 1585 1838 1626 
3 3170 5218 813 
3 5771 5877 1731 
3 1449 1585 1626 
3 1630 1629 1984 
3 457 4946 5339 
3 5509 2664 568 
3 1571 1262 1307 
3 5906 5978 210 
3 1485 1179 1449 
3 3616 1092 110 
3 4484 4039 1722 
3 169 5894 848 
3 1560 1784 1783 
3 1714 1851 1759 
3 1714 1590 1591 
3 1848 1753 1544 
3 1456 1636 1806 
3 1806 1636 1761 
3 4671 2558 4143 
3 1636 1675 1761 
3 1675 1636 1637 
3 5832 1994 3964 
3 1595 1763 1672 
3 817 3158 5900 
3 208 4046 1949 
3 2035 1642 1811 
3 1639 3076 5289 
3 1656 1386 1338 
3 1303 1173 1170 
3 1863 1643 1768 
3 3907 1949 4046 
3 4605 1896 997 
3 1729 1643 1820 
3 1601 1603 1771 
3 1823 1864 1460 
3 848 4270 5112 
3 1771 1603 1681 
3 5581 4619 3711 
3 3913 4459 4445 
3 1646 1685 1777 
3 1461 1823 1460 
3 1742 1969 2051 
3 2438 582 2425 
3 3478 3432 3365 
3 1681 1647 1648 
3 5457 4072 4530 
3 2430 582 2878 
3 2843 3408 5375 
3 1691 1557 1735 
3 1465 1609 1281 
3 1868 2010 1609 
3 1656 1428 2010 
3 4745 645 4737 
3 1562 1827 1690 
3 1687 1690 1689 
3 1872 1653 1693 
3 5390 3161 4579 
3 5576 3856 3133 
3 4619 5581 557 
3 3443 4290 1438 
3 1469 1914 1781 
3 1472 12 1936 
3 1780 1692 1561 
3 1782 1658 1613 
3 1657 1528 1828 
3 1530 1657 1785 
3 1366 1512 1363 
3 1656 2012 1740 
3 4796 4153 4859 
3 1562 1696 1787 
3 1658 1481 1613 
3 2833 1527 48 
3 3300 3359 3421 
3 1924 1701 1743 
3 1478 1794 1878 
3 4852 5653 4249 
3 5799 3973 1370 
3 5199 1802 5584 
3 2253 3856 5686 
3 3398 2974 4703 
3 1744 1745 1793 
3 3112 2262 2255 
3 1744 1748 1745 
3 1579 1619 1793 
3 1579 1793 1745 
3 1709 1747 1800 
3 2004 1956 1462 
3 239 3044 772 
3 4455 3972 3986 
3 1620 1626 1838 
3 1817 759 733 
3 1797 1662 1624 
3 1763 1596 1946 
3 1743 1571 1441 
3 1107 1522 1920 
3 1750 1712 1752 
3 1809 2067 2030 
3 1710 1890 1665 
3 2214 2140 2322 
3 1453 1712 1750 
3 4237 3413 5078 
3 1376 1343 3222 
3 1332 1609 1428 
3 4848 1357 1494 
3 1714 1591 1893 
3 5013 3531 3091 
3 5416 5616 2867 
3 3695 1949 3907 
3 1858 1811 1854 
3 1457 1672 1762 
3 1247 963 2442 
3 2252 3260 1726 
3 1854 1673 1720 
3 2069 3251 2882 
3 2493 2384 2803 
3 906 836 1014 
3 2966 1895 5798 
3 1017 5024 1810 
3 1599 1813 1897 
3 1766 1765 1637 
3 1288 3737 746 
3 1637 1765 1675 
3 1427 1243 1330 
3 1766 1771 1765 
3 1771 1770 1765 
3 1644 1554 1819 
3 4440 3689 4532 
3 1729 1820 1775 
3 3554 315 4385 
3 1950 1644 1819 
3 1771 1774 1770 
3 3526 3523 2563 
3 1730 1682 1684 
3 2113 1818 1679 
3 1771 1681 1774 
3 1728 1460 1864 
3 1642 1278 1277 
3 155 142 182 
3 1774 1734 1821 
3 5430 2347 3964 
3 1822 1684 1682 
3 1646 1777 1823 
3 5945 5623 5944 
3 1822 1462 1733 
3 3376 2943 4238 
3 5560 3601 3909 
3 844 1245 5256 
3 5197 210 5096 
3 4701 5104 287 
3 1685 1559 1904 
3 974 1198 3930 
3 1869 1607 1687 
3 420 584 139 
3 1904 1559 1870 
3 1559 1560 1870 
3 3695 5418 405 
3 5209 1738 5594 
3 1781 1872 1693 
3 1475 1531 1433 
3 1207 2303 2607 
3 1827 1562 1787 
3 1876 1829 1785 
3 2413 2529 2220 
3 4976 1114 4983 
3 3621 4114 280 
3 1754 3695 3427 
3 1834 1788 1968 
3 1834 1791 1788 
3 1834 1744 1791 
3 5926 3326 4732 
3 1792 1795 1796 
3 1791 1699 1788 
3 4304 5774 5782 
3 1748 1880 1797 
3 5990 1162 2536 
3 3967 3798 3799 
3 1797 1624 1748 
3 239 5175 2624 
3 1796 1795 1926 
3 1484 1747 1575 
3 896 869 3136 
3 1629 1662 1797 
3 2868 1391 2945 
3 548 5857 5910 
3 2163 2241 2312 
3 4522 4072 5457 
3 3031 4828 2207 
3 2878 1999 5099 
3 5041 5039 4376 
3 4651 3816 4178 
3 4178 4650 4651 
3 1750 1843 1585 
3 173 233 199 
3 1713 1933 1752 
3 1589 1933 1713 
3 4769 4143 2101 
3 1544 1670 1848 
3 1967 1831 2085 
3 1083 1213 1170 
3 5061 4610 2040 
3 796 968 970 
3 1846 1670 1666 
3 2428 303 2488 
3 1851 1714 1990 
3 1975 966 3042 
3 1759 1851 1760 
3 1671 1760 1852 
3 1855 1943 1720 
3 4719 1111 3098 
3 3768 4138 4330 
3 1672 1763 1762 
3 1854 1993 1942 
3 1783 1870 1560 
3 1675 1765 2031 
3 1861 1505 1997 
3 756 758 3136 
3 1113 3637 1117 
3 138 107 92 
3 308 3788 2724 
3 1599 1998 1816 
3 1768 1642 2035 
3 664 144 2047 
3 2070 1600 1769 
3 941 2867 1268 
3 1601 1771 1766 
3 4214 456 1021 
3 1820 1863 1947 
3 5684 1111 709 
3 1075 1920 1522 
3 1707 5975 1238 
3 1816 2108 1514 
3 5405 1789 4600 
3 98 97 82 
3 1730 2038 1682 
3 1735 1517 2039 
3 5894 4270 848 
3 3431 1919 3442 
3 1293 1294 290 
3 1607 1865 1679 
3 1775 1820 2003 
3 1868 1462 1956 
3 2323 2365 2142 
3 1777 1685 1904 
3 2664 4597 568 
3 2955 2934 464 
3 4059 198 4187 
3 1827 1826 1690 
3 2010 1868 2008 
3 1778 1736 1825 
3 2955 2945 4794 
3 1690 1826 1689 
3 3273 1602 1676 
3 1782 1778 2016 
3 4841 4012 266 
3 1588 125 1148 
3 4794 3485 3535 
3 2558 4671 5339 
3 1828 1692 1780 
3 1875 1828 1780 
3 4870 4952 5313 
3 1864 1948 1728 
3 5684 709 1208 
3 1917 1782 2016 
3 1784 1916 1783 
3 1399 2225 608 
3 2085 1831 1658 
3 1968 1699 1830 
3 135 5094 3773 
3 1968 1788 1699 
3 1965 1615 1878 
3 2018 1531 1698 
3 1967 1790 1831 
3 2719 1801 3153 
3 3273 3267 1391 
3 1834 1835 1744 
3 1790 1973 1747 
3 4254 2788 3434 
3 5069 2576 5483 
3 257 2734 2316 
3 1253 1041 1078 
3 5528 4698 5098 
3 2176 5441 2146 
3 5401 23 4673 
3 1704 1796 1979 
3 1981 1982 1706 
3 5224 4433 2536 
3 2948 3376 2954 
3 281 209 285 
3 3267 5212 4953 
3 5285 5690 5059 
3 1537 1979 2175 
3 1709 1575 1747 
3 4791 3845 2792 
3 2105 1859 1858 
3 2210 3075 5659 
3 5155 4611 4799 
3 4539 2182 2745 
3 5900 5105 3803 
3 1933 1589 1891 
3 2092 5809 2405 
3 5595 3070 4814 
3 1714 1893 1990 
3 1913 2736 1964 
3 1843 1983 1585 
3 1884 5782 4241 
3 1852 1760 1991 
3 849 3672 939 
3 1993 1720 1941 
3 1720 1993 1854 
3 1858 1854 1942 
3 1675 2031 1761 
3 1822 2004 1462 
3 2035 1811 1859 
3 1391 3267 3063 
3 688 5401 4673 
3 5167 4482 386 
3 2945 3063 4794 
3 1897 1998 1599 
3 5801 4600 1789 
3 2037 1819 1861 
3 1770 1767 1765 
3 4179 4032 3982 
3 2130 5897 567 
3 1676 3427 3273 
3 1644 1950 1730 
3 3637 5338 1117 
3 2409 2361 2360 
3 5251 3395 2402 
3 5879 5778 5779 
3 1821 1952 1901 
3 2934 4794 3535 
3 2006 1823 1777 
3 2806 568 4791 
3 1822 1682 2004 
3 1607 1869 1865 
3 2955 464 2776 
3 5451 5703 5868 
3 1904 1870 2044 
3 1691 1871 1780 
3 881 4713 2403 
3 5035 5033 5030 
3 2734 257 1909 
3 1780 1873 1875 
3 1781 2011 1911 
3 4863 4596 5776 
3 4795 4586 4796 
3 1740 2126 1830 
3 1531 1916 1784 
3 2018 1916 1531 
3 2126 1968 1830 
3 1967 1922 1790 
3 1969 1742 1924 
3 1860 1721 1510 
3 1790 1922 1973 
3 2769 5332 1862 
3 1744 1835 1880 
3 1391 3063 2945 
3 1834 1923 1835 
3 1923 1834 1968 
3 1923 1880 1835 
3 1323 1326 1420 
3 5609 2179 5589 
3 1793 1791 1744 
3 4769 4671 4143 
3 1982 1978 1795 
3 1796 1926 1979 
3 4677 5083 81 
3 2934 2955 4794 
3 1537 2175 1710 
3 1843 2026 1983 
3 35 45 1645 
3 1753 1987 1889 
3 257 5036 1909 
3 2241 2163 2082 
3 5754 5366 5379 
3 2776 2945 2955 
3 1937 1665 1890 
3 1938 1891 1668 
3 1893 1894 1939 
3 1893 1806 1894 
3 5863 5770 980 
3 2061 1894 1806 
3 5358 1988 1432 
3 2061 1806 1761 
3 3504 3403 3239 
3 1992 2100 2150 
3 2541 2726 2728 
3 333 2449 4482 
3 4237 2731 5066 
3 1897 1593 2147 
3 1691 1561 1466 
3 2679 3766 4249 
3 2031 1992 1761 
3 1997 1762 1945 
3 3158 5873 5489 
3 1811 1858 1859 
3 1506 1728 1596 
3 1589 1543 1495 
3 2799 1570 2516 
3 1159 830 311 
3 1769 2153 2070 
3 1767 2110 1765 
3 825 3089 3095 
3 1939 1894 2138 
3 1596 1728 1948 
3 2359 2173 2279 
3 4166 2317 4158 
3 1950 2038 1730 
3 4951 2247 4164 
3 5434 9 5437 
3 2731 5363 635 
3 2236 2305 1911 
3 2122 738 728 
3 1865 2113 1679 
3 2038 2004 1682 
3 1893 1591 1806 
3 1823 2006 1864 
3 1821 1734 2005 
3 1860 1600 2070 
3 2005 1734 2042 
3 1865 1869 2119 
3 5738 4559 1356 
3 5854 5356 5349 
3 2605 2452 1219 
3 769 1218 1008 
3 1689 1826 1869 
3 1957 1825 1736 
3 1872 1781 1911 
3 2868 1232 1096 
3 1872 1911 2305 
3 1825 1959 1778 
3 1959 2016 1778 
3 1722 1726 3249 
3 1908 1826 1827 
3 2009 1870 1783 
3 2553 691 2550 
3 2305 1961 1872 
3 1876 1785 1657 
3 5472 2771 2268 
3 1914 1829 2015 
3 1787 1915 1827 
3 3267 4953 3063 
3 5483 4762 1756 
3 1917 1658 1782 
3 2639 1725 3068 
3 4544 1210 3302 
3 1965 1787 1615 
3 2086 1965 1878 
3 1391 2205 3273 
3 1035 1472 1468 
3 5177 5592 5087 
3 1565 1656 1338 
3 5722 3302 1210 
3 1662 1539 1624 
3 2868 1096 3886 
3 2132 2090 1749 
3 5485 4556 5803 
3 2011 2079 2236 
3 5427 4199 1903 
3 1969 1924 1970 
3 2982 2784 3285 
3 1924 1971 1970 
3 828 2724 4268 
3 1924 1838 1971 
3 4268 5613 828 
3 1974 1800 1973 
3 5285 4489 5288 
3 1811 1673 1854 
3 4530 5323 5512 
3 1797 2025 1629 
3 1983 1838 1585 
3 1838 1983 1971 
3 1837 1981 1706 
3 4791 568 4597 
3 3336 3230 3226 
3 1275 5501 5287 
3 2977 3776 5487 
3 3633 4274 196 
3 797 647 704 
3 2070 2153 2292 
3 4459 5283 2866 
3 1449 1750 1585 
3 2371 2181 2530 
3 61 1252 3534 
3 3726 4213 2904 
3 2421 2329 2291 
3 2136 1848 1846 
3 5311 3282 4522 
3 1891 1589 1668 
3 1937 1938 1668 
3 5774 4241 5782 
3 1992 2061 1761 
3 1857 1809 2030 
3 5574 3524 5196 
3 1852 2147 1593 
3 787 1586 2164 
3 1226 203 1230 
3 1946 1762 1763 
3 2152 2035 1859 
3 849 1396 5705 
3 210 333 5906 
3 2868 2945 1232 
3 1768 2035 1863 
3 1627 196 5393 
3 2457 2678 2626 
3 2302 2427 2348 
3 1952 1767 1901 
3 2003 1820 1947 
3 5704 4511 5299 
3 4880 2109 2060 
3 2070 2292 2067 
3 2376 1468 1936 
3 3643 3706 3475 
3 5596 5969 3064 
3 1341 1248 1254 
3 3443 1416 2403 
3 313 359 258 
3 2436 4607 3016 
3 1825 1957 1905 
3 711 386 2449 
3 386 711 1489 
3 711 2449 629 
3 1825 1905 1959 
3 5472 2334 2771 
3 2044 1870 2009 
3 2283 2966 2771 
3 203 1226 202 
3 3720 2049 4622 
3 4556 5485 1576 
3 2820 4073 3644 
3 202 5802 203 
3 1520 1607 1679 
3 1873 1962 1875 
3 1781 1914 2011 
3 3712 944 205 
3 1344 1166 1165 
3 1783 1916 2238 
3 1469 1829 1914 
3 2016 2083 1917 
3 1965 1915 1787 
3 1724 3293 4622 
3 2085 1658 1917 
3 945 1098 1056 
3 4556 4535 5803 
3 2379 2158 2191 
3 409 5510 5290 
3 2052 1969 1970 
3 1374 3808 2339 
3 1973 1922 2165 
3 2019 1974 1973 
3 1924 1620 1838 
3 32 27 4608 
3 1797 1880 2025 
3 2829 132 1171 
3 5035 5838 4163 
3 1983 2021 1971 
3 2022 1982 1981 
3 1301 1298 1393 
3 1983 2026 2021 
3 1629 2167 1984 
3 2601 2404 3551 
3 2296 2725 2657 
3 4872 4877 5092 
3 1502 1007 2507 
3 23 5401 1586 
3 1749 1889 1987 
3 2315 2166 2202 
3 2927 2943 3005 
3 2593 2184 2985 
3 2135 2093 1891 
3 481 596 506 
3 4482 5906 333 
3 1848 1670 1846 
3 1851 1990 2137 
3 1893 1939 1990 
3 2062 1941 1943 
3 2903 3696 5421 
3 1793 1534 1791 
3 1720 1943 1941 
3 1942 1993 2097 
3 1857 2145 1943 
3 2014 4608 27 
3 1762 2065 1945 
3 2097 2066 1942 
3 2105 1858 2066 
3 2180 1897 2147 
3 1998 1897 2180 
3 2065 1762 1946 
3 2033 1861 1997 
3 5513 5122 2703 
3 1997 1945 2033 
3 2583 2323 2521 
3 2109 1627 5393 
3 1186 1549 1360 
3 4456 1881 2865 
3 5962 5688 1737 
3 1809 1860 2070 
3 2070 2067 1809 
3 2035 1947 1863 
3 2110 1767 1952 
3 35 1611 28 
3 1514 2108 2114 
3 1514 2114 2039 
3 4422 1198 3988 
3 1240 3021 2133 
3 2260 2228 2111 
3 703 273 5030 
3 5696 1438 948 
3 2113 2229 2153 
3 4300 4274 3633 
3 4058 3651 716 
3 1868 1956 2158 
3 4471 1438 5696 
3 2119 1869 1826 
3 1656 2010 2012 
3 1959 1905 2160 
3 5427 2283 2771 
3 1438 4471 5289 
3 3874 2418 2171 
3 4742 5531 4326 
3 1657 1828 2078 
3 1476 114 5832 
3 1827 1915 1908 
3 2078 1876 1657 
3 5385 5768 2118 
3 1876 2015 1829 
3 2125 2389 2202 
3 4748 987 4828 
3 2083 2016 2162 
3 3076 1438 5289 
3 2082 1915 1965 
3 2051 2018 1698 
3 933 592 3481 
3 1198 974 3988 
3 2202 1968 2126 
3 3553 4266 4366 
3 2129 1968 2166 
3 2052 2051 1969 
3 3024 3452 5142 
3 5096 4046 208 
3 4130 1553 703 
3 2394 2393 2277 
3 3655 4543 5384 
3 2020 1974 2019 
3 2206 2020 2019 
3 2021 1970 1971 
3 4191 994 4185 
3 2007 1777 1904 
3 2090 1981 1837 
3 2090 2055 1981 
3 115 1954 5331 
3 1499 1545 1668 
3 5358 2571 1988 
3 2093 1933 1891 
3 2064 3396 462 
3 239 772 3468 
3 4878 5371 5121 
3 4543 3655 3657 
3 3334 2503 5079 
3 2868 3886 1391 
3 2140 2097 1993 
3 2061 1992 2139 
3 1757 2273 3700 
3 2407 2362 2640 
3 1857 2030 2145 
3 4538 526 1504 
3 5987 3659 4408 
3 896 3524 5574 
3 1861 2033 2037 
3 1946 1948 2034 
3 2131 1686 3949 
3 1281 1462 1465 
3 1950 1819 2037 
3 2716 2370 2229 
3 2161 2977 5487 
3 2153 1818 2113 
3 2111 1948 2189 
3 2583 2584 2365 
3 1833 3548 5468 
3 2155 2113 1865 
3 1957 2003 2190 
3 3548 1429 5468 
3 1956 2191 2158 
3 3242 4286 1703 
3 3874 1238 5192 
3 2267 2006 2007 
3 2077 2042 1961 
3 3874 1700 1238 
3 1178 1351 1353 
3 2045 2194 2119 
3 1593 1897 1638 
3 743 719 838 
3 2120 2010 2008 
3 2305 2077 1961 
3 1959 2162 2016 
3 449 4546 5338 
3 4604 4770 4702 
3 1912 2078 1828 
3 2079 1914 2015 
3 2079 2011 1914 
3 1130 4878 5121 
3 1908 1915 2080 
3 1908 2045 1826 
3 1612 3408 2843 
3 2080 1915 2163 
3 1702 3374 5967 
3 2451 2319 2501 
3 5531 4736 5130 
3 2166 1968 2202 
3 2203 1967 2276 
3 4625 33 5404 
3 1610 1079 3616 
3 2245 1970 2021 
3 2433 2661 2271 
3 2430 2453 4193 
3 1340 4088 4934 
3 2023 2318 1982 
3 2168 2175 1979 
3 1408 326 4868 
3 2021 2026 2245 
3 2025 2167 1629 
3 1970 2245 2052 
3 1460 1728 1512 
3 3045 2809 2667 
3 1890 1710 2175 
3 1651 1645 45 
3 4569 3153 4574 
3 1610 3616 1631 
3 1984 2174 2136 
3 589 504 615 
3 1754 1949 3695 
3 2496 2241 2352 
3 914 905 4059 
3 4326 5547 4746 
3 1957 1736 1775 
3 5566 792 5560 
3 2668 2495 2880 
3 2138 1894 2061 
3 2063 1760 1851 
3 44 5732 5870 
3 4393 2685 1803 
3 3178 5300 4211 
3 2063 2216 1991 
3 5560 3130 5566 
3 1468 1930 5632 
3 1207 1237 5603 
3 3485 2590 1697 
3 2097 2148 2066 
3 4502 4871 4593 
3 4943 3596 557 
3 4990 4989 4155 
3 1946 2034 2065 
3 1967 2085 2276 
3 2149 5484 1256 
3 4548 5984 4004 
3 2035 2152 1947 
3 2223 1950 2037 
3 3665 4412 3605 
3 2186 1950 2223 
3 3110 3601 5552 
3 1774 1681 1648 
3 4433 5990 2536 
3 5583 5073 5828 
3 1330 1243 992 
3 2006 2189 1864 
3 320 2239 1324 
3 1735 2039 2264 
3 2006 2117 2189 
3 5547 5933 3108 
3 2592 2420 2222 
3 3019 1676 802 
3 2155 1865 2119 
3 3108 4746 5547 
3 2005 2042 2077 
3 5210 4433 5224 
3 5582 5972 4784 
3 3588 5870 5732 
3 2269 2044 2009 
3 1871 1735 2265 
3 2160 2162 1959 
3 410 1886 5303 
3 5351 5186 5267 
3 2827 381 637 
3 1869 1687 1689 
3 1875 1962 1912 
3 2015 1876 2078 
3 2078 1912 2123 
3 5432 1343 5416 
3 2163 1915 2082 
3 2162 2199 2083 
3 2003 2074 2190 
3 2083 2085 1917 
3 4916 802 1676 
3 1967 2165 1922 
3 4521 5810 1754 
3 1740 2012 2125 
3 5153 2448 3884 
3 2867 759 5416 
3 2129 2025 1923 
3 5467 5287 1023 
3 5862 3973 1265 
3 2089 2020 2206 
3 2643 2842 2647 
3 2052 2245 2128 
3 2350 2753 3123 
3 2168 1979 1926 
3 3273 2205 1602 
3 4771 1188 4358 
3 3121 2345 1944 
3 1937 2212 1938 
3 1938 2135 1891 
3 856 349 5763 
3 2137 2142 1851 
3 2063 1851 2142 
3 2139 2138 2061 
3 2139 2284 2138 
3 1747 1973 1800 
3 2098 2145 2363 
3 1734 1774 1648 
3 1941 2140 1993 
3 2468 2040 4501 
3 154 4059 905 
3 1943 2098 2062 
3 4107 4958 4128 
3 1992 2031 2100 
3 2090 1837 1622 
3 5559 5555 3346 
3 5405 4572 2193 
3 2106 2066 2148 
3 2105 2066 2106 
3 1754 3427 3019 
3 2108 2180 2416 
3 2105 2152 1859 
3 1731 1060 5709 
3 2110 2100 2031 
3 2451 2672 2813 
3 2223 2037 2033 
3 2223 2033 2183 
3 2067 2292 2217 
3 2111 2291 2034 
3 1196 1651 58 
3 2034 1948 2111 
3 2003 1947 2074 
3 2294 2074 1947 
3 1952 2115 2374 
3 1950 2338 2038 
3 4793 1927 1293 
3 2039 2114 2264 
3 3043 3097 5558 
3 2988 5558 3097 
3 2080 2237 1908 
3 4004 4833 4548 
3 2988 3097 5401 
3 4732 3326 494 
3 2215 1992 2150 
3 2156 1905 2190 
3 2192 2120 2008 
3 2044 2007 1904 
3 3784 3963 2564 
3 4010 3559 3579 
3 3396 2952 150 
3 2237 2045 1908 
3 2120 2012 2010 
3 4193 2453 2146 
3 2011 2236 1911 
3 2124 2079 2015 
3 2083 2313 2085 
3 2123 1912 2271 
3 2012 2081 2125 
3 2018 2238 1916 
3 2313 2083 2199 
3 2275 2018 2127 
3 1883 1888 2532 
3 4797 3500 3497 
3 5090 144 1849 
3 5597 5218 3170 
3 187 3142 1369 
3 1118 5441 2176 
3 2203 2019 2165 
3 2127 2018 2051 
3 2792 3845 5941 
3 1945 2256 2033 
3 2599 2420 2720 
3 2538 2371 2533 
3 2019 2352 2206 
3 5174 3136 869 
3 4546 1117 5338 
3 1676 1602 4916 
3 158 5528 2539 
3 1926 2318 2168 
3 2173 2022 2055 
3 2022 1981 2055 
3 2173 2023 2022 
3 5518 5130 4721 
3 2132 2055 2090 
3 3892 2326 1149 
3 688 2940 5401 
3 2092 3386 3369 
3 2174 1984 2167 
3 2175 2177 1890 
3 2136 2095 1848 
3 1030 822 998 
3 2095 2136 2174 
3 2212 2135 1938 
3 2137 1939 2249 
3 2325 2148 2214 
3 4156 5974 5639 
3 2148 2097 2214 
3 5404 33 1327 
3 563 5044 787 
3 2218 2180 2147 
3 2147 1852 1991 
3 4549 2925 4557 
3 224 215 241 
3 4673 3039 688 
3 2100 2110 2150 
3 5558 3999 3043 
3 2221 2108 2416 
3 2025 2129 2167 
3 2108 1998 2180 
3 2065 2034 2291 
3 2106 2373 2105 
3 5528 5497 4698 
3 2221 2114 2108 
3 2257 2150 2110 
3 1947 2152 2294 
3 2372 2105 2373 
3 275 441 404 
3 176 4272 5895 
3 2634 3781 2807 
3 2776 464 5057 
3 2229 2155 2261 
3 2115 1821 2005 
3 2155 2119 2157 
3 2659 2646 5052 
3 1369 892 187 
3 2157 2119 2194 
3 2232 2296 2231 
3 1740 2125 2126 
3 2441 2236 2079 
3 2267 2007 2269 
3 2192 2346 2120 
3 1691 1735 1871 
3 5920 700 707 
3 5210 5224 4392 
3 1873 2265 2196 
3 2265 1873 1871 
3 2302 2160 1905 
3 2305 2344 2077 
3 2196 2271 1962 
3 303 335 2488 
3 2423 2477 2538 
3 411 1688 3535 
3 2081 2012 2120 
3 1926 1795 1978 
3 1962 2271 1912 
3 2007 2044 2269 
3 2125 2081 2198 
3 2238 2018 2275 
3 2162 2160 2234 
3 5856 4229 5846 
3 1118 3786 5441 
3 2276 2085 2353 
3 2241 2086 2204 
3 2934 3535 1659 
3 2051 2128 2277 
3 2086 2089 2206 
3 1943 1855 1857 
3 987 4748 3350 
3 4143 4157 2101 
3 5057 5876 5948 
3 1357 4848 4960 
3 2023 2208 2318 
3 2174 2167 2319 
3 2208 2023 2173 
3 2135 2172 2093 
3 728 124 4935 
3 924 5704 898 
3 1674 3386 2092 
3 2095 2174 2319 
3 2134 2132 1987 
3 2662 2431 2494 
3 1890 2177 1937 
3 1799 4195 1817 
3 2249 1939 2178 
3 2302 2234 2160 
3 2178 2138 2284 
3 2390 2202 2389 
3 2177 2212 1937 
3 1990 1939 2137 
3 2140 2062 2322 
3 3130 5560 3121 
3 2214 2097 2140 
3 5852 2002 2815 
3 2172 2245 2093 
3 2664 5118 2611 
3 2147 1991 2218 
3 3065 5663 2700 
3 2792 188 2806 
3 2030 2067 2145 
3 2367 2145 2067 
3 3753 2398 2430 
3 3762 5433 4610 
3 4657 5066 2476 
3 4657 4649 4656 
3 828 311 3085 
3 880 3439 5204 
3 2257 2110 2227 
3 2110 1952 2227 
3 2291 2258 2065 
3 2425 4236 2438 
3 1815 3726 2904 
3 2186 2338 1950 
3 2189 2117 2335 
3 188 2792 335 
3 2113 2155 2229 
3 2115 2005 2231 
3 4673 5111 3039 
3 2004 2038 2191 
3 159 171 133 
3 2189 2260 2111 
3 2232 2231 2005 
3 2267 2117 2006 
3 3514 3835 3484 
3 4951 4164 4175 
3 2267 2269 2381 
3 2008 1868 2192 
3 2120 2346 2384 
3 5401 2940 2988 
3 149 173 138 
3 2601 3817 4363 
3 5604 5985 830 
3 2235 2123 2271 
3 2348 2234 2302 
3 2235 2015 2123 
3 5111 4673 2770 
3 843 1131 3095 
3 2310 2080 2163 
3 2199 2162 2274 
3 2389 2125 2198 
3 2392 2313 2199 
3 1901 1770 1774 
3 2313 2353 2085 
3 2128 2051 2052 
3 3428 3434 2788 
3 1631 5334 2057 
3 210 629 2449 
3 2086 1925 2089 
3 1804 3144 1367 
3 2065 2103 1945 
3 2424 2488 252 
3 2501 2167 2129 
3 3003 2394 2502 
3 5524 2940 688 
3 2439 2874 2437 
3 618 546 705 
3 2172 2135 2212 
3 2193 4572 5385 
3 1216 4355 3479 
3 2295 2294 2423 
3 4243 5866 4242 
3 5278 4895 4058 
3 2139 2287 2284 
3 2138 2178 1939 
3 3014 2462 2629 
3 2322 2062 2098 
3 1653 2042 1558 
3 2062 2140 1941 
3 4793 1293 290 
3 1582 4583 4795 
3 1489 3202 386 
3 2239 320 4942 
3 2584 2218 2365 
3 5202 5108 5621 
3 1486 174 74 
3 102 130 194 
3 2183 2368 2223 
3 1486 2424 174 
3 2428 2488 2424 
3 2417 2217 2292 
3 4486 4500 5282 
3 5891 5896 5721 
3 2258 2103 2065 
3 2533 2530 2782 
3 2152 2105 2372 
3 2222 2223 2368 
3 2419 2257 2227 
3 2396 884 3431 
3 2152 2372 2294 
3 2291 2111 2228 
3 2991 2995 2608 
3 2310 2237 2080 
3 5665 187 4467 
3 2190 2074 2294 
3 1868 2158 2192 
3 4422 3815 1198 
3 2157 2336 2155 
3 5931 5947 3223 
3 2297 2192 2340 
3 2156 2190 2295 
3 2156 2302 1905 
3 2547 2751 2573 
3 4967 5768 5366 
3 2365 2216 2063 
3 5754 5379 5358 
3 5569 5492 5317 
3 3497 3500 1807 
3 2431 2194 2237 
3 4286 3059 5599 
3 2304 2381 2269 
3 2194 2045 2237 
3 2268 1935 5796 
3 2441 2079 2124 
3 2441 2439 2236 
3 2120 2493 2081 
3 851 1332 1565 
3 2492 1783 2238 
3 4559 4967 1356 
3 2492 2009 1783 
3 4910 4895 5278 
3 4250 1055 2250 
3 2127 2051 2277 
3 2241 2204 2352 
3 2208 2173 2359 
3 2203 2165 1967 
3 1619 1440 1534 
3 711 629 2971 
3 2801 2385 2609 
3 2558 5339 4946 
3 5582 3073 5972 
3 4442 5671 772 
3 2172 2212 2321 
3 4047 5299 2892 
3 2055 2132 2134 
3 1513 760 2535 
3 2027 4389 5724 
3 5957 5886 5635 
3 1987 2282 2134 
3 2974 1397 2386 
3 2284 2407 2178 
3 5472 2268 5796 
3 616 1125 5251 
3 2322 2098 2286 
3 5929 2543 5921 
3 210 2449 333 
3 4583 4586 4795 
3 746 352 4518 
3 2365 2063 2142 
3 2361 2325 2214 
3 2139 1992 2215 
3 828 4015 308 
3 2145 2364 2363 
3 2218 2416 2180 
3 3979 4455 3177 
3 2365 2218 2216 
3 567 991 2130 
3 2713 1804 1352 
3 4237 5363 2731 
3 2106 2181 2371 
3 2371 2373 2106 
3 2520 2764 2768 
3 2186 2223 2222 
3 4114 5143 3596 
3 2143 5487 2926 
3 2599 2338 2186 
3 2231 2480 2115 
3 2260 2189 2335 
3 2191 2038 2338 
3 2114 2333 2264 
3 962 4917 5716 
3 2192 2158 2340 
3 2264 2265 1735 
3 2462 2560 2629 
3 1196 3614 2170 
3 2926 205 2143 
3 5311 726 4056 
3 5738 1210 4559 
3 2590 411 1697 
3 2120 2384 2493 
3 2348 2272 2234 
3 5278 4058 716 
3 2831 2530 2409 
3 2547 2573 252 
3 2015 2235 2124 
3 2435 2009 2492 
3 1124 3801 4709 
3 2493 2443 2081 
3 1370 3973 5849 
3 2274 2392 2199 
3 5307 849 5705 
3 2771 2334 5427 
3 2535 758 5924 
3 2354 2129 2166 
3 5300 4056 726 
3 2508 5085 4223 
3 2128 2172 2356 
3 2279 2173 2055 
3 179 120 180 
3 2208 2357 2318 
3 2279 2740 2359 
3 1958 2843 5375 
3 3711 4876 1130 
3 5654 5240 5410 
3 2208 2359 2357 
3 2191 1956 2004 
3 2658 4913 4519 
3 5690 3647 4151 
3 2249 2178 2518 
3 3575 3144 3128 
3 2409 2325 2361 
3 2363 2286 2098 
3 2139 2215 2287 
3 2286 2363 2467 
3 3533 4785 4793 
3 3302 3307 4544 
3 2145 2367 2364 
3 852 964 879 
3 5920 2454 700 
3 5907 5093 2485 
3 4482 5167 1476 
3 2258 2328 2103 
3 2695 5147 4609 
3 2960 114 1147 
3 2695 4792 5147 
3 2520 2768 2521 
3 3966 1406 3094 
3 1363 1728 1506 
3 2374 2332 2227 
3 2768 3114 3018 
3 2109 5393 4578 
3 3003 2812 2618 
3 2261 2155 2336 
3 151 2858 2607 
3 2344 2296 2232 
3 4666 4679 2958 
3 5971 113 5324 
3 2297 2340 2377 
3 2158 2379 2340 
3 2095 1987 1848 
3 2156 2427 2302 
3 2299 2267 2381 
3 2267 2299 2117 
3 2271 2196 2432 
3 3983 4519 1808 
3 1760 2063 1991 
3 2432 2433 2271 
3 2091 2559 5600 
3 252 2573 174 
3 2009 2435 2269 
3 5799 5826 3973 
3 2552 2275 2615 
3 2275 2127 2393 
3 2315 2202 2390 
3 2088 4156 4177 
3 2465 2215 2150 
3 1455 1836 5860 
3 2119 1826 2045 
3 2029 5885 2920 
3 2041 4093 3408 
3 2129 2354 2501 
3 1026 1035 1032 
3 2318 2397 2168 
3 1833 1494 3548 
3 2297 2346 2192 
3 1356 4967 5366 
3 1965 2086 2082 
3 2367 2217 2644 
3 4180 527 3825 
3 3193 3016 4261 
3 3689 4440 2551 
3 1737 5319 1060 
3 2321 2212 2177 
3 2505 2055 2134 
3 3179 1085 613 
3 3819 2611 5118 
3 2178 2407 2518 
3 2323 2249 2521 
3 1945 2103 2256 
3 5771 1001 5702 
3 2409 2181 2325 
3 2181 2148 2325 
3 1749 1987 2132 
3 818 4363 3817 
3 2469 2256 2103 
3 1954 909 894 
3 1958 5862 1265 
3 243 1241 4136 
3 3425 4033 4089 
3 5024 1017 1527 
3 2644 2217 2417 
3 5722 3293 3302 
3 5282 5272 4486 
3 2592 2222 2368 
3 2639 1715 1719 
3 2585 2368 2529 
3 5057 3846 3714 
3 1697 411 3535 
3 2153 2229 2370 
3 2650 2114 2221 
3 2419 2227 2332 
3 2372 2373 2477 
3 1357 1429 3548 
3 3523 5958 2563 
3 2371 2538 2373 
3 1495 1358 1407 
3 1467 1473 1482 
3 5526 5447 5445 
3 2333 2114 2650 
3 2190 2294 2295 
3 1755 308 4015 
3 2374 2480 2479 
3 1172 2387 1310 
3 2420 2599 2186 
3 2752 2758 2636 
3 4685 1219 4387 
3 2335 2117 2337 
3 2480 2231 2296 
3 2418 3911 2171 
3 2338 2426 2191 
3 2117 2299 2337 
3 2772 2848 2842 
3 5843 800 2535 
3 2431 2157 2194 
3 2344 2380 2296 
3 4230 1049 5575 
3 2344 2232 2077 
3 2196 2265 2429 
3 4163 5033 5035 
3 4332 4367 2251 
3 2346 2297 2541 
3 2348 2427 2489 
3 2304 2269 2435 
3 5518 4721 5908 
3 2439 2305 2236 
3 2439 2437 2305 
3 2124 2385 2441 
3 2492 2238 2552 
3 2198 2443 2389 
3 2552 2238 2275 
3 2274 2613 2392 
3 2615 2275 2393 
3 2388 2163 2312 
3 2616 2313 2392 
3 3719 3541 5364 
3 2669 2276 2353 
3 2669 2203 2276 
3 2394 2277 2356 
3 2352 2203 2496 
3 3107 4234 1919 
3 1686 5916 3949 
3 2356 2172 2321 
3 2167 2501 2319 
3 2417 2716 3175 
3 981 5963 4187 
3 2357 2397 2318 
3 5987 2401 4261 
3 2505 2279 2055 
3 2320 2095 2319 
3 2361 2322 2570 
3 2521 2249 2518 
3 557 3596 3960 
3 4165 1884 4241 
3 2323 2142 2137 
3 2177 2674 2321 
3 2362 2407 2284 
3 700 5036 4136 
3 3596 5143 5651 
3 5303 1062 1900 
3 2362 2284 2287 
3 5298 4500 3649 
3 2366 2465 2150 
3 2166 2315 2354 
3 2183 2220 2368 
3 4318 3452 4290 
3 2190 1905 1957 
3 2416 2218 2531 
3 5649 1259 911 
3 368 5143 5468 
3 3965 5594 5218 
3 2792 562 335 
3 5468 1429 368 
3 2587 2221 2416 
3 5938 2205 1391 
3 704 764 829 
3 4842 5651 5143 
3 1457 1997 1505 
3 1268 1237 352 
3 2222 2420 2186 
3 5964 1602 2205 
3 2294 2372 2477 
3 1738 2185 4885 
3 1376 297 4935 
3 2422 2421 2260 
3 3103 1394 2242 
3 2792 5941 562 
3 2335 2483 2260 
3 1951 1490 2408 
3 2313 2616 2353 
3 2716 2229 2261 
3 2427 2295 2600 
3 2264 2482 2265 
3 2295 2427 2156 
3 3134 2800 3083 
3 2340 2379 2378 
3 2482 2429 2265 
3 4130 5991 1553 
3 124 5233 5416 
3 217 1841 2924 
3 2426 2379 2191 
3 2299 2381 2992 
3 2437 2380 2344 
3 5057 464 3846 
3 2289 5938 3886 
3 4467 3609 5665 
3 1452 297 1376 
3 2123 2015 2078 
3 2385 2271 2661 
3 2305 2437 2344 
3 2383 4653 4227 
3 2205 5938 5964 
3 2272 2348 2490 
3 2235 2271 2385 
3 2235 2385 2124 
3 5198 3526 940 
3 380 3593 277 
3 2732 2435 2491 
3 2491 2435 2492 
3 2494 2310 2388 
3 2351 2388 2312 
3 4625 3517 33 
3 3647 5307 4151 
3 1268 2867 5616 
3 2949 2743 2625 
3 2241 2496 2312 
3 2351 2312 2617 
3 1725 3533 3068 
3 1731 1737 1060 
3 1978 1982 2318 
3 2368 2585 2592 
3 2321 2502 2356 
3 2621 2320 2451 
3 963 5640 812 
3 4187 5963 4059 
3 1943 2145 2098 
3 2563 5958 3468 
3 2621 2505 2134 
3 2402 2646 2659 
3 2095 2320 2282 
3 1374 1387 3808 
3 2460 2400 2399 
3 2463 2400 2460 
3 2397 2177 2168 
3 2637 2360 2361 
3 1743 1441 1620 
3 2703 3071 5513 
3 4727 494 3229 
3 2361 2570 2637 
3 2635 2215 2465 
3 2719 2699 1801 
3 2356 2277 2128 
3 2640 2518 2407 
3 47 3296 949 
3 5561 3123 5164 
3 1167 3314 5056 
3 4555 5992 5221 
3 2364 2578 2363 
3 1987 1753 1848 
3 2465 2366 2577 
3 2530 2181 2409 
3 3177 3559 3164 
3 2256 2469 2580 
3 2410 2367 2970 
3 2413 2580 2766 
3 2369 2366 2150 
3 2708 2911 2909 
3 2328 2329 2474 
3 3835 3514 2278 
3 2533 2371 2530 
3 156 194 204 
3 5895 2688 4701 
3 2421 2589 2329 
3 2221 2587 2650 
3 2131 3463 213 
3 2257 2369 2150 
3 5678 5874 5923 
3 2479 2332 2374 
3 2598 2260 2483 
3 2791 2261 2336 
3 2333 2482 2264 
3 1878 1925 2086 
3 2336 2157 2797 
3 2377 2340 2378 
3 2426 2378 2379 
3 2796 2337 2299 
3 5531 4742 4736 
3 2427 2486 2489 
3 2545 2304 2546 
3 3317 4055 3594 
3 2304 2545 2381 
3 2196 2429 2432 
3 4732 4737 5926 
3 5344 4189 1288 
3 5179 5440 5004 
3 2798 1261 1707 
3 2341 4099 1049 
3 832 211 2342 
3 2441 2385 2801 
3 4736 3876 5130 
3 4727 4732 494 
3 2494 2431 2237 
3 2163 2388 2310 
3 2497 2203 2669 
3 2496 2203 2497 
3 2353 2616 2669 
3 5986 1139 4977 
3 141 2837 4390 
3 2451 2320 2319 
3 2081 2443 2198 
3 2436 3016 3193 
3 3999 5168 4181 
3 2341 4181 5168 
3 2282 2320 2621 
3 2134 2282 2621 
3 3262 1271 1261 
3 2677 2279 2505 
3 2460 2399 2506 
3 2466 2569 2400 
3 2460 2462 2463 
3 2511 2400 2569 
3 2518 2640 2520 
3 2400 2463 2466 
3 4389 3585 4213 
3 2575 2463 2462 
3 2463 2772 2466 
3 535 2184 2593 
3 4213 3585 2904 
3 3409 316 825 
3 3133 1442 5736 
3 1504 526 5170 
3 2635 2287 2215 
3 1504 5170 2738 
3 2465 2577 2464 
3 222 3209 4977 
3 4228 4051 4611 
3 1649 1605 1667 
3 335 562 2488 
3 2702 2366 2369 
3 2363 2578 2467 
3 2547 2488 562 
3 2256 2580 2413 
3 1954 115 5950 
3 2469 2692 2524 
3 4298 4292 4212 
3 4272 176 2696 
3 1106 1109 954 
3 5939 2988 2940 
3 2970 2367 2644 
3 1920 544 1107 
3 2329 2589 2474 
3 5197 629 210 
3 2707 2922 2530 
3 1754 5810 1949 
3 5889 4260 5498 
3 5209 4784 5972 
3 2859 4260 5889 
3 1867 1482 1473 
3 2294 2477 2423 
3 2480 2657 2479 
3 2295 2423 2600 
3 4024 590 3148 
3 2655 2795 2602 
3 2603 2544 2378 
3 5069 1756 3624 
3 4693 2697 411 
3 2871 2346 2541 
3 1352 873 4638 
3 2299 2992 2796 
3 4422 844 4012 
3 526 4538 3962 
3 2531 2584 2645 
3 5196 3937 5574 
3 2600 2486 2427 
3 2941 2433 2432 
3 2207 2619 2996 
3 310 324 259 
3 2732 2546 2435 
3 2441 2801 2439 
3 4223 1641 2508 
3 2490 2613 2272 
3 2494 2388 2663 
3 276 225 291 
3 2274 2272 2613 
3 5209 5972 2185 
3 3227 3017 1195 
3 1582 2169 872 
3 2663 2388 2351 
3 2499 2737 2556 
3 2315 2499 2354 
3 381 2666 637 
3 3227 71 4226 
3 4653 5846 4229 
3 5122 5718 5908 
3 2177 2397 2674 
3 562 3646 2751 
3 2677 2740 2279 
3 2495 2389 2443 
3 3553 2404 4266 
3 2399 2510 2506 
3 2547 562 2751 
3 2626 2560 2457 
3 2560 2460 2457 
3 2561 2632 2562 
3 2399 2511 2510 
3 2970 2578 2410 
3 2462 2460 2560 
3 5384 2869 3660 
3 2573 2751 5530 
3 2512 2632 2561 
3 2511 2399 2400 
3 4649 4657 2476 
3 2093 2245 2026 
3 2512 2572 2632 
3 2636 2572 2512 
3 5366 5754 1356 
3 3844 646 3377 
3 2360 2637 2759 
3 2255 2262 5571 
3 1232 3970 1096 
3 2520 2521 2518 
3 3692 4429 2324 
3 2546 2732 2942 
3 2575 2772 2463 
3 50 19 53 
3 2204 2206 2352 
3 25 2428 2424 
3 2642 3386 2383 
3 2578 2698 2467 
3 2964 2958 5389 
3 5954 2014 1172 
3 2617 3047 3192 
3 3098 2705 4719 
3 2255 2254 3112 
3 1649 893 3246 
3 5561 5562 3124 
3 5167 386 3202 
3 3288 629 5197 
3 5686 4855 2253 
3 5385 5379 5366 
3 4059 5963 914 
3 2652 2369 2419 
3 974 5605 3570 
3 4193 3753 2430 
3 2981 2419 2332 
3 4693 1994 4858 
3 2718 2589 2421 
3 2370 2417 2292 
3 4967 1582 872 
3 1476 1902 114 
3 2422 2598 2597 
3 1400 1444 1217 
3 2598 2422 2260 
3 5207 5587 3899 
3 4609 5810 4521 
3 4284 924 2307 
3 4609 5147 5810 
3 2540 2541 2542 
3 2092 2996 5809 
3 2538 2533 2537 
3 2479 2657 2864 
3 2544 2377 2378 
3 2377 2542 2541 
3 2283 5806 2251 
3 5282 277 1422 
3 2820 3644 3611 
3 2829 5090 2250 
3 2489 2608 2490 
3 2992 2381 2730 
3 2348 2489 2490 
3 2911 2708 2710 
3 2941 2432 2429 
3 2435 2546 2304 
3 2851 2714 2846 
3 1383 3187 2263 
3 2385 2661 2609 
3 4113 4043 4121 
3 2431 2662 2944 
3 2515 2286 2694 
3 2877 2805 2995 
3 2424 252 174 
3 2459 482 5421 
3 1425 1375 1464 
3 2617 2312 2496 
3 2322 2286 2570 
3 2617 2496 2497 
3 2668 2390 2495 
3 208 1177 5096 
3 2394 2670 2393 
3 2354 2499 2556 
3 2393 2670 2810 
3 2501 2672 2451 
3 2556 2672 2501 
3 2502 2321 2674 
3 1177 208 328 
3 2226 3094 605 
3 2678 2506 2622 
3 5913 2938 2671 
3 5961 2999 100 
3 3904 3678 3617 
3 328 208 4933 
3 2678 2457 2506 
3 2457 2460 2506 
3 3113 2644 3175 
3 3060 2950 2562 
3 2561 2562 2625 
3 2686 2512 2561 
3 2211 1364 3931 
3 4933 208 1949 
3 2403 1416 881 
3 2531 2587 2416 
3 5851 2865 230 
3 2752 2512 2686 
3 5672 507 2242 
3 2632 2687 2562 
3 2188 4222 979 
3 2511 2630 2510 
3 973 768 859 
3 4549 2611 230 
3 2630 2511 2569 
3 2572 2631 2632 
3 83 303 2428 
3 2770 3803 5111 
3 2464 2635 2465 
3 2497 2669 2809 
3 5147 2986 4933 
3 5810 4933 1949 
3 2287 2635 2362 
3 2362 2641 2640 
3 4177 4093 4561 
3 2757 2766 2580 
3 3098 5663 2705 
3 1582 4967 4137 
3 4572 5379 5385 
3 4679 5389 2958 
3 5147 4933 5810 
3 1383 2762 3187 
3 5077 5873 4456 
3 1160 3364 2498 
3 5298 4056 5300 
3 2529 2766 2643 
3 2328 2706 2469 
3 113 1538 4950 
3 2764 2520 2640 
3 2774 2702 2369 
3 2474 2706 2328 
3 2529 2643 2585 
3 2847 2584 2583 
3 4693 4858 5514 
3 3378 5444 3370 
3 2146 5441 3373 
3 2782 2530 2922 
3 2531 2650 2587 
3 2652 2774 2369 
3 311 830 5321 
3 2780 2332 2479 
3 2244 1352 2233 
3 2594 2420 2592 
3 1698 1742 2051 
3 2650 2595 2333 
3 2594 2720 2420 
3 5068 1634 4223 
3 2718 2421 2422 
3 3477 2576 3749 
3 2782 2537 2533 
3 2332 2780 2981 
3 3159 5209 4807 
3 2654 2540 2542 
3 2047 1171 3371 
3 2655 2602 2537 
3 2537 2602 2538 
3 2721 2483 2987 
3 2738 5170 5120 
3 2599 2720 2603 
3 2657 2480 2296 
3 2541 2728 2871 
3 3041 3054 5614 
3 2426 2603 2378 
3 2602 2486 2600 
3 2602 2795 2486 
3 2991 3087 2995 
3 3411 2806 188 
3 2616 2613 2667 
3 2483 2337 2796 
3 2336 2797 2989 
3 3371 1171 132 
3 5069 5483 1756 
3 3647 3269 5307 
3 5589 2179 3038 
3 2941 2661 2433 
3 2384 2346 2873 
3 3014 3111 2914 
3 605 3944 2226 
3 2661 2939 2609 
3 4440 3310 2551 
3 2995 2490 2608 
3 188 335 303 
3 5933 3320 5555 
3 2805 2613 2490 
3 2735 2443 2493 
3 5797 5538 3825 
3 2990 5801 5809 
3 4174 4600 5801 
3 2662 2494 2663 
3 2624 5175 5564 
3 4946 5725 4929 
3 5716 2307 1417 
3 2209 5805 5965 
3 15 5501 3527 
3 2668 2737 2499 
3 1925 1974 2020 
3 2672 3002 2883 
3 236 269 298 
3 2668 2499 2315 
3 3003 2618 2394 
3 2089 1925 2020 
3 2510 2623 2506 
3 2397 2357 2504 
3 2851 2846 2844 
3 458 910 5384 
3 2739 2357 2359 
3 1026 485 1035 
3 5089 5177 4888 
3 2562 2950 2625 
3 939 3293 5722 
3 2950 3060 2953 
3 2686 2561 2743 
3 2817 2560 2626 
3 2748 2629 2560 
3 1758 3815 2230 
3 2687 3060 2562 
3 2109 4571 2060 
3 2510 2630 2750 
3 1731 5709 1001 
3 174 135 74 
3 2512 2752 2636 
3 2632 2631 2687 
3 1611 14 598 
3 2754 2824 2464 
3 3014 2840 2462 
3 2838 2631 2572 
3 2636 2758 2765 
3 2249 2323 2137 
3 2360 2759 2693 
3 2440 411 2434 
3 2362 2635 2641 
3 5900 5489 5105 
3 4093 2041 4561 
3 2440 2434 4430 
3 3184 3040 3183 
3 2572 2701 2838 
3 2424 1486 25 
3 3854 2999 367 
3 1612 2041 3408 
3 2572 2636 2701 
3 2366 2702 2577 
3 2421 2291 2228 
3 3985 5671 1639 
3 3866 3443 2403 
3 4748 340 539 
3 2831 2409 2693 
3 3177 4455 3205 
3 1688 411 2440 
3 802 4343 3019 
3 4268 4833 3992 
3 3992 5613 4268 
3 2584 2531 2218 
3 2585 2643 2647 
3 4610 2993 3762 
3 2708 2589 2710 
3 5570 3585 4389 
3 3848 3779 3613 
3 508 1448 1538 
3 2653 2585 2647 
3 2708 2474 2589 
3 626 2548 2000 
3 3266 4044 1587 
3 113 508 1538 
3 3651 1587 716 
3 2592 2653 2594 
3 2743 2949 2747 
3 2540 2654 2785 
3 3726 3749 2576 
3 1927 4803 5597 
3 3254 1026 1016 
3 2780 2722 2784 
3 2780 2479 2722 
3 5971 508 113 
3 2479 2864 2722 
3 2654 2542 2787 
3 2333 2595 2863 
3 2864 2657 2793 
3 2540 2726 2541 
3 2791 2336 2989 
3 36 2614 3017 
3 3824 5961 2187 
3 4693 2590 1994 
3 2725 2380 2937 
3 5324 113 1269 
3 2545 3084 2730 
3 5681 4999 5000 
3 2941 2429 3033 
3 2437 2660 2380 
3 3582 3750 3816 
3 2346 2871 2873 
3 806 2927 3222 
3 5036 700 2454 
3 2803 2384 2873 
3 5826 1265 3973 
3 2816 3803 2770 
3 2429 2482 2863 
3 5024 3753 1810 
3 2694 2286 2467 
3 5702 948 1280 
3 411 2590 4693 
3 5120 1751 2738 
3 2094 4156 2088 
3 2094 5974 4156 
3 5912 2523 2527 
3 5958 3523 3515 
3 3192 3046 2617 
3 2667 2669 2616 
3 2393 2810 2615 
3 341 3535 1688 
3 3776 2977 5960 
3 2737 2880 2811 
3 2672 2556 3002 
3 2390 2668 2315 
3 5771 5702 1280 
3 2165 2019 1973 
3 1746 2658 4519 
3 1659 3535 341 
3 2507 1007 2013 
3 2359 2740 2739 
3 2278 2885 2689 
3 3420 3423 3099 
3 1376 124 1343 
3 3676 962 4088 
3 2863 3033 2429 
3 3677 3293 939 
3 2515 2570 2286 
3 2405 5002 63 
3 5389 5776 2964 
3 668 538 610 
3 5628 4848 1327 
3 3159 4784 5209 
3 2748 2560 2817 
3 3292 4910 5315 
3 4833 4004 4415 
3 2629 2748 2957 
3 2821 2822 2686 
3 1731 1001 5771 
3 3998 1659 341 
3 2750 2630 2894 
3 2367 2410 2364 
3 352 746 3737 
3 2631 2906 2687 
3 5948 5876 4021 
3 2752 2686 2822 
3 3965 5218 5597 
3 3012 3442 4194 
3 2258 2329 2328 
3 2690 2524 2692 
3 2172 2128 2245 
3 2631 2838 2906 
3 2640 2641 3219 
3 2690 2580 2524 
3 1010 5226 3511 
3 2967 3336 3445 
3 2521 2768 2583 
3 2464 2577 2754 
3 2467 2698 2694 
3 1659 3846 464 
3 2701 2636 2834 
3 2307 924 2293 
3 2926 5487 3776 
3 3840 3438 3598 
3 3039 3116 688 
3 2772 2575 2844 
3 2469 2706 2692 
3 5594 3965 4807 
3 2127 2277 2393 
3 2702 2774 3015 
3 5807 5481 3038 
3 2584 2847 2645 
3 2950 2953 3100 
3 2706 2474 2708 
3 2650 2531 2855 
3 5633 5788 5790 
3 2714 2653 2647 
3 2649 2589 2718 
3 2589 2649 2710 
3 4538 4442 3962 
3 2779 2653 2714 
3 2981 2854 2652 
3 2779 2594 2653 
3 1927 4793 4388 
3 2594 2779 2781 
3 3179 1497 5745 
3 3119 2716 2261 
3 5605 5985 5604 
3 2046 3333 2058 
3 2781 2720 2594 
3 2597 2718 2422 
3 2603 2720 2789 
3 2598 2721 2597 
3 5057 2032 5876 
3 5170 3950 5120 
3 1910 1026 3254 
3 5120 3950 5146 
3 2785 2726 2540 
3 1096 3775 3886 
3 2333 2863 2482 
3 3824 1385 2588 
3 2721 2598 2483 
3 1452 1751 5120 
3 562 5941 3646 
3 2537 2932 2655 
3 2546 2729 2931 
3 2546 2931 2545 
3 2944 2989 2797 
3 2603 2426 2599 
3 1452 5146 297 
3 1241 1139 2375 
3 2797 2431 2944 
3 5922 4182 5752 
3 2322 2361 2214 
3 2735 2495 2443 
3 3658 3656 3600 
3 5982 661 5983 
3 5719 2948 2954 
3 1968 2129 1923 
3 2810 2946 2615 
3 2351 2617 3046 
3 2497 3047 2617 
3 2394 2618 2670 
3 2669 2667 2809 
3 2431 2797 2157 
3 2813 2672 2883 
3 2397 3050 2674 
3 2947 2502 2674 
3 2886 2505 2621 
3 2675 2886 2621 
3 3147 2397 2504 
3 2029 4608 5786 
3 5507 135 174 
3 3147 2504 2814 
3 2623 2891 2622 
3 3193 4261 2401 
3 2623 2622 2506 
3 5562 5564 3124 
3 5321 5324 1269 
3 2994 3036 3135 
3 2678 3006 2626 
3 144 2841 1849 
3 2510 3053 2623 
3 3053 2891 2623 
3 2817 2626 3006 
3 5416 1343 124 
3 3253 3424 3198 
3 2747 2821 2686 
3 32 4608 489 
3 4182 1546 5824 
3 509 4855 1406 
3 4540 1538 1448 
3 5096 1177 5197 
3 2273 1757 168 
3 2220 2529 2368 
3 4746 3108 2331 
3 2629 2896 3010 
3 2961 3105 2759 
3 2759 2637 2961 
3 2824 2754 2826 
3 78 1900 1062 
3 2419 2369 2257 
3 530 1491 40 
3 2637 2570 2961 
3 2690 2692 2765 
3 2899 2757 2690 
3 2577 2897 2754 
3 2693 2759 2900 
3 2412 1159 4403 
3 4746 2331 4742 
3 2088 4561 5765 
3 4343 3061 3019 
3 2640 3219 2764 
3 2692 2706 2765 
3 2907 2766 2757 
3 4734 3892 4737 
3 2914 2840 3014 
3 4734 4737 4732 
3 3074 3025 2855 
3 2910 2702 3015 
3 3711 3492 4876 
3 3724 29 1500 
3 2772 2842 2466 
3 2767 2643 2766 
3 191 2461 4004 
3 5619 5942 5622 
3 5905 1489 711 
3 1130 4876 4878 
3 3411 188 5476 
3 3647 5690 5288 
3 455 3064 5402 
3 2643 2915 2842 
3 2848 2772 2846 
3 583 755 606 
3 2855 2531 2645 
3 5318 5319 1737 
3 2853 2779 2851 
3 1306 201 1309 
3 1312 1089 1094 
3 2854 3015 2774 
3 12 554 1490 
3 4521 1754 3019 
3 2652 2854 2774 
3 5194 817 2534 
3 2779 2853 2860 
3 3288 2971 629 
3 4727 3229 3458 
3 2115 1952 1821 
3 2861 2781 2779 
3 4721 5122 5908 
3 2780 2784 2981 
3 3464 1955 3024 
3 2869 5384 3690 
3 2824 2635 2464 
3 4321 3372 5539 
3 2544 2603 2789 
3 2544 2789 2542 
3 1732 5484 2149 
3 3269 3279 849 
3 2793 2657 2725 
3 1528 1692 1828 
3 2935 2864 2793 
3 3935 4370 4784 
3 3071 2280 2696 
3 113 5735 1269 
3 2796 2987 2483 
3 5384 3660 3655 
3 1940 1902 3211 
3 1452 5120 5146 
3 820 877 755 
3 2608 2795 2991 
3 2661 2941 2939 
3 2240 4687 1896 
3 2801 2609 2800 
3 1445 3202 1489 
3 4705 2700 3093 
3 2875 2803 2873 
3 2805 2490 2995 
3 2667 2613 2805 
3 2804 2495 2735 
3 4701 2688 5104 
3 5942 44 5532 
3 3965 5597 3542 
3 5591 5756 5757 
3 2871 2728 2994 
3 2998 2552 2615 
3 2973 539 2969 
3 2565 4009 1879 
3 2814 2504 2739 
3 2886 2677 2505 
3 2887 2740 2677 
3 2891 2888 2622 
3 2739 2740 3004 
3 2478 1667 424 
3 2625 2890 2949 
3 924 898 3168 
3 1376 4935 124 
3 4687 1764 1418 
3 5806 2283 5427 
3 2807 2401 5987 
3 2437 2874 2660 
3 2821 2893 2746 
3 2817 2956 2748 
3 5628 1327 33 
3 2746 2822 2821 
3 2746 2750 2822 
3 5416 5233 5616 
3 5399 5335 465 
3 1387 1374 833 
3 3014 2629 3010 
3 2752 2823 2758 
3 3321 3060 2687 
3 3027 4670 5083 
3 3811 3529 4259 
3 2690 2758 2823 
3 2690 2765 2758 
3 2897 2826 2754 
3 2434 693 4430 
3 2901 2630 2569 
3 5256 5270 844 
3 2824 2959 2635 
3 2570 3011 2961 
3 1774 1821 1901 
3 2580 2690 2757 
3 1877 4687 1418 
3 2751 3646 5539 
3 2636 2909 2834 
3 2901 2569 2905 
3 5926 645 5802 
3 4685 3517 2605 
3 2907 2767 2766 
3 12 1472 515 
3 3395 2646 2402 
3 2706 2708 2909 
3 1526 1489 5905 
3 2970 3066 2578 
3 4518 352 1237 
3 2383 4227 2642 
3 2838 2912 2906 
3 2971 5905 711 
3 2707 2831 2965 
3 3406 2989 3243 
3 2910 3015 2968 
3 2701 2912 2838 
3 1439 1434 1260 
3 3066 2698 2578 
3 2846 2772 2844 
3 1927 4388 4803 
3 3177 3205 3559 
3 2087 2960 4858 
3 168 1757 5056 
3 3411 5509 568 
3 2965 3174 2707 
3 2847 2850 2645 
3 2911 2918 2834 
3 3791 3786 5052 
3 5948 1232 2776 
3 1563 953 2773 
3 4303 4732 4727 
3 2975 2852 2853 
3 2206 2204 2086 
3 5594 4807 5209 
3 2654 2852 2972 
3 2654 2860 2852 
3 2852 2860 2853 
3 3181 2782 2922 
3 3025 2595 2855 
3 2931 3084 2545 
3 3096 3297 3519 
3 454 4171 1882 
3 2654 2787 2860 
3 2865 5851 4456 
3 925 5421 482 
3 2860 2861 2779 
3 2573 5530 5507 
3 2793 2725 2937 
3 2860 2787 2861 
3 536 500 638 
3 2982 2981 2784 
3 2928 2726 2785 
3 5573 5574 946 
3 2726 2928 3036 
3 2864 2930 2722 
3 2146 3373 4193 
3 318 3334 5093 
3 3258 3257 3255 
3 5867 5482 5913 
3 2377 2544 2542 
3 2726 3036 2728 
3 1930 4514 5632 
3 2796 2992 2987 
3 4864 4865 5047 
3 5669 5514 2845 
3 2728 3036 2994 
3 3080 2729 2942 
3 2934 1659 464 
3 3837 5128 4311 
3 2660 2874 3040 
3 3262 3247 4526 
3 2230 1776 3550 
3 5514 2697 4693 
3 1678 4847 40 
3 2939 2800 2609 
3 2374 2227 1952 
3 2732 3088 2942 
3 2660 3184 2380 
3 2800 2874 2801 
3 2803 2875 2804 
3 2440 4430 2472 
3 2380 2725 2296 
3 2667 2805 2877 
3 2552 2998 2491 
3 2877 3045 2667 
3 3751 4166 2979 
3 5423 4951 4175 
3 2803 2804 2735 
3 2986 5147 4792 
3 2887 2677 2886 
3 3004 3197 2739 
3 2712 3428 2788 
3 2887 3004 2740 
3 2451 2813 2675 
3 2357 2739 2504 
3 5857 3116 5080 
3 4204 9 4190 
3 5557 854 905 
3 3280 3115 3176 
3 2891 3101 2888 
3 4250 5090 1849 
3 2950 2890 2625 
3 3123 5559 5164 
3 395 5508 5705 
3 2665 2938 3062 
3 2411 2415 2856 
3 2940 5524 5939 
3 1814 4997 3497 
3 2747 3057 2893 
3 1057 2712 4243 
3 2988 5939 5558 
3 4030 3807 3747 
3 2893 2821 2747 
3 2671 2938 2665 
3 2746 2510 2750 
3 2240 3316 3310 
3 221 175 160 
3 5298 3272 4056 
3 1645 1651 2627 
3 3110 3495 3909 
3 2823 2822 2894 
3 854 5941 3845 
3 2848 2647 2842 
3 2737 3002 2556 
3 2899 2823 2894 
3 2897 3008 2826 
3 3324 2824 2826 
3 2824 3324 2959 
3 2630 2899 2894 
3 3277 2687 2906 
3 2635 2959 2641 
3 4906 4895 4910 
3 3672 3677 939 
3 1853 2704 4457 
3 2515 2694 2962 
3 2902 3219 2641 
3 2901 2757 2899 
3 2358 3232 1882 
3 3746 3806 3578 
3 2685 4755 980 
3 2907 2905 2767 
3 2702 3328 2577 
3 2913 2967 2906 
3 913 752 749 
3 2469 2103 2328 
3 100 3854 3751 
3 3328 2702 2910 
3 4734 4732 4303 
3 980 4755 1850 
3 5415 5496 4969 
3 1836 1844 5860 
3 2909 2911 2834 
3 4520 1605 2808 
3 1158 635 5363 
3 2643 2767 2915 
3 2914 2975 2840 
3 5834 2671 5842 
3 2913 2906 2912 
3 2764 3114 2768 
3 851 917 875 
3 2975 2844 2840 
3 303 83 188 
3 4398 1075 2043 
3 2848 2714 2647 
3 2339 2924 1374 
3 2621 2451 2675 
3 4858 2960 2845 
3 4858 2845 5514 
3 83 5476 188 
3 2844 2975 2853 
3 3070 2213 3944 
3 2851 2844 2853 
3 2683 2434 2697 
3 2972 2852 2914 
3 2921 2654 2972 
3 94 104 133 
3 3113 3388 3066 
3 2981 3077 2854 
3 3237 3341 3284 
3 5765 3593 2094 
3 2857 2980 2923 
3 2855 2595 2650 
3 2716 3119 3175 
3 2718 2597 2857 
3 3061 4609 4521 
3 4559 4137 4967 
3 2857 2983 2980 
3 2857 2597 2983 
3 2110 2031 1765 
3 2721 2983 2597 
3 3019 3061 4521 
3 2932 2537 2782 
3 3082 2983 2721 
3 2863 2595 3028 
3 2789 2861 2787 
3 440 5348 1287 
3 2729 2929 2931 
3 1028 1022 1153 
3 2935 2930 2864 
3 2709 1403 1324 
3 5781 1524 1553 
3 2793 3035 2935 
3 4458 3609 4467 
3 2929 2729 3080 
3 2575 2840 2844 
3 2567 2144 2651 
3 5725 4946 1899 
3 2428 25 2349 
3 395 2311 2762 
3 3028 3033 2863 
3 3129 2791 2989 
3 3328 2897 2577 
3 5036 2454 5824 
3 2546 2942 2729 
3 2939 2941 3033 
3 2992 2730 3084 
3 2773 2311 1563 
3 3624 1756 3484 
3 5829 5666 5919 
3 5431 4166 3751 
3 2804 2875 3140 
3 2662 2663 3141 
3 1807 1814 3497 
3 3116 5857 548 
3 2218 1991 2216 
3 3210 2956 3055 
3 4610 5423 2604 
3 29 2247 4951 
3 3047 2497 2809 
3 3143 2810 2670 
3 3143 2946 2810 
3 2670 2812 3143 
3 2883 3002 3048 
3 5949 4286 3242 
3 3197 2814 2739 
3 1082 928 888 
3 3051 3147 2814 
3 2675 2813 3196 
3 2622 2888 2678 
3 1606 5838 5841 
3 3101 2891 3053 
3 2233 329 3546 
3 4343 802 4128 
3 849 5307 3269 
3 3101 3150 2888 
3 4900 4511 5704 
3 3056 3053 2746 
3 2746 3053 2510 
3 3317 3055 3006 
3 2748 2956 2957 
3 4817 5758 5439 
3 4393 1803 1772 
3 349 5692 5763 
3 3050 2947 2674 
3 4332 2251 5005 
3 2897 3162 3008 
3 4086 2666 381 
3 3550 1776 1346 
3 1886 5270 21 
3 1448 508 5971 
3 2897 3328 3271 
3 598 14 2164 
3 3985 789 5671 
3 2570 2962 3011 
3 5298 3649 3272 
3 2693 2965 2831 
3 442 4185 994 
3 2907 2757 2901 
3 3169 2764 3219 
3 5390 4579 1884 
3 2698 3066 3220 
3 2765 2706 2909 
3 2466 2842 2915 
3 5799 1832 5322 
3 5299 1695 2892 
3 5867 5913 2671 
3 5092 4955 4872 
3 1975 3042 1487 
3 5842 2671 2665 
3 2710 2649 2918 
3 3020 2912 2918 
3 2398 2425 582 
3 3018 2850 2847 
3 2854 2968 3015 
3 2434 411 2697 
3 2707 3174 2922 
3 187 4047 3251 
3 2645 2850 2855 
3 3020 2857 2923 
3 4186 4514 5389 
3 4916 1602 5964 
3 2784 2930 3289 
3 2980 2983 3079 
3 3214 2900 3270 
3 2785 3022 2928 
3 5570 4389 2027 
3 2782 3181 2932 
3 4888 4634 5089 
3 2722 2930 2784 
3 3936 3100 3650 
3 5860 1844 1300 
3 5582 4784 5198 
3 3131 2930 2935 
3 263 1429 1357 
3 5937 1814 4708 
3 5322 3089 5826 
3 3030 3033 3028 
3 5453 83 2428 
3 5077 4456 5851 
3 3404 2928 3237 
3 2655 2991 2795 
3 5934 2002 5852 
3 3034 2928 3404 
3 2793 2937 3035 
3 3030 2939 3033 
3 4997 4890 3497 
3 5938 2289 5964 
3 3657 2839 1976 
3 3049 3003 3298 
3 5954 1185 2014 
3 4929 5323 2936 
3 883 2601 4363 
3 3040 2874 2800 
3 3196 2813 2883 
3 3088 2732 2876 
3 2995 3139 2877 
3 266 4012 407 
3 3092 2491 2998 
3 2615 2946 2998 
3 3205 4455 3218 
3 2982 3285 3343 
3 5752 4182 2454 
3 5323 4529 2936 
3 3500 637 2666 
3 3300 2886 2675 
3 1669 5823 5789 
3 5823 1669 728 
3 3099 3004 2887 
3 3238 3342 3080 
3 2888 2951 2678 
3 944 49 2143 
3 5379 4572 5358 
3 3642 3829 3755 
3 4128 802 4916 
3 5724 362 1604 
3 5804 2334 5472 
3 1476 5167 1902 
3 3846 3430 3714 
3 231 279 253 
3 3775 2289 3886 
3 3056 2746 2893 
3 3014 3010 3111 
3 3619 2059 4042 
3 5299 4511 1695 
3 2957 2896 2629 
3 3985 1639 5289 
3 1211 1717 2514 
3 5570 2043 2925 
3 2959 3009 2641 
3 3469 1211 2514 
3 3851 2446 315 
3 3105 2961 3011 
3 2959 3324 3009 
3 113 4950 5735 
3 3245 3298 3518 
3 2694 2698 3220 
3 2693 2409 2360 
3 1518 1500 51 
3 466 397 551 
3 3007 3395 5251 
3 377 396 394 
3 2912 2701 2918 
3 3983 5728 4519 
3 3003 3049 2812 
3 3072 2912 3020 
3 5522 4371 4366 
3 3020 2918 2649 
3 2975 2914 2852 
3 4913 842 1832 
3 2850 3074 2855 
3 2781 2861 2789 
3 3095 5322 1832 
3 3361 3304 3581 
3 3115 3280 3336 
3 2595 3025 3028 
3 1131 2002 4408 
3 5957 3696 2903 
3 489 2029 499 
3 3286 847 2783 
3 3289 3285 2784 
3 3036 2928 3034 
3 3025 3030 3028 
3 2929 3080 3078 
3 2109 4578 4571 
3 2983 3082 3079 
3 2898 3327 1123 
3 3553 4283 5613 
3 3382 5822 2628 
3 25 1486 74 
3 2991 2655 3081 
3 4021 5876 2281 
3 3083 2939 3030 
3 3619 4868 4022 
3 4872 4955 266 
3 5621 5108 5620 
3 2992 3084 2987 
3 3083 2800 2939 
3 4708 3283 2634 
3 5322 5826 5799 
3 3514 2885 2278 
3 2944 3243 2989 
3 2873 3347 2875 
3 2944 2662 3243 
3 4448 4362 4654 
3 880 5204 3283 
3 2576 3477 5483 
3 3905 3108 5933 
3 4834 368 1429 
3 485 1026 1910 
3 3046 3141 2663 
3 5910 2665 3062 
3 5649 5688 5962 
3 3998 3846 1659 
3 948 5702 5700 
3 3049 3143 2812 
3 3299 3051 2814 
3 2887 3300 3099 
3 1802 5199 4782 
3 2951 2888 3261 
3 2266 5710 586 
3 5818 5656 5242 
3 4852 2849 5653 
3 2298 2317 5326 
3 4418 5084 4815 
3 3577 356 4562 
3 3053 3156 3102 
3 3683 3265 2837 
3 3499 3670 3850 
3 1972 5796 1935 
3 3157 3060 3321 
3 3565 1196 58 
3 435 5338 447 
3 3324 2826 3215 
3 5527 4867 1803 
3 2826 3008 3215 
3 3212 3162 3271 
3 3138 3549 3149 
3 2896 3486 3010 
3 2161 2574 2977 
3 1472 1035 515 
3 2962 2694 3220 
3 1676 3019 3427 
3 5924 5927 2535 
3 3445 3277 2967 
3 2651 2648 2673 
3 4072 4522 3282 
3 3111 3167 2972 
3 5333 5727 5971 
3 3175 3332 3113 
3 1141 1366 1224 
3 4107 4128 309 
3 2968 2854 3224 
3 2259 3288 5572 
3 2921 2972 3173 
3 2922 3174 3117 
3 4415 3992 4833 
3 1641 4223 1634 
3 2980 3225 2923 
3 2259 5572 5753 
3 5787 5783 5955 
3 2542 2789 2787 
3 2785 2921 3022 
3 3122 3231 3230 
3 2980 3079 3120 
3 3120 3225 2980 
3 5864 5923 5874 
3 2929 3231 3122 
3 4876 1715 4878 
3 3237 2928 3022 
3 4769 12 515 
3 3125 3030 3025 
3 2931 2929 3122 
3 721 1757 3700 
3 3289 2930 3131 
3 2735 2493 2803 
3 3081 2655 2932 
3 3401 3131 2935 
3 2987 3084 3082 
3 4370 5198 4784 
3 3140 3194 2804 
3 2750 2894 2822 
3 3087 2991 3403 
3 2935 3035 3454 
3 3088 3186 2942 
3 3411 5477 5509 
3 4746 4742 4326 
3 4261 4565 3410 
3 3202 3211 1902 
3 3092 2876 2491 
3 2998 2946 3092 
3 3745 1677 4304 
3 3083 3030 3125 
3 3579 4493 4010 
3 3045 3295 2809 
3 3318 2484 5060 
3 3045 2877 3349 
3 2447 1105 2517 
3 3194 3297 3096 
3 3096 3048 2811 
3 3096 2811 3194 
3 2880 3194 2811 
3 3244 3143 3195 
3 1049 2963 5575 
3 4742 3482 4736 
3 3145 3146 3048 
3 3146 2883 3048 
3 3146 3196 2883 
3 2947 3003 2502 
3 3202 1902 5167 
3 3300 2887 2886 
3 3099 3250 3004 
3 3004 3250 3197 
3 3994 721 141 
3 3261 2888 3150 
3 2675 3196 3355 
3 2568 2591 2673 
3 1177 5572 5197 
3 2335 2337 2483 
3 3100 3206 2890 
3 3592 3319 3652 
3 3101 3053 3102 
3 2949 3152 3155 
3 2950 3100 2890 
3 3156 3154 3102 
3 648 4887 4024 
3 3156 2893 3154 
3 3053 3056 3156 
3 821 923 791 
3 2893 3156 3056 
3 3006 3055 2817 
3 3162 2897 3271 
3 5228 5230 4811 
3 2900 2759 3489 
3 3919 5616 5233 
3 4811 5230 33 
3 896 1963 3524 
3 2965 3214 3217 
3 2900 3214 2965 
3 3220 3165 2962 
3 114 2960 2087 
3 1887 3229 4719 
3 2910 2968 3221 
3 710 4163 1606 
3 5051 2219 1040 
3 2970 3113 3066 
3 3172 2968 3224 
3 619 88 4709 
3 166 1172 1113 
3 2875 3347 3569 
3 5175 3507 5564 
3 2303 1207 5600 
3 2960 1147 2845 
3 2705 5663 3065 
3 3018 3114 3281 
3 3228 3224 2854 
3 3281 3074 3018 
3 3180 3022 3173 
3 4996 4531 5169 
3 3176 3072 2923 
3 3280 3176 3225 
3 3176 2923 3225 
3 3120 3230 3225 
3 5758 5683 876 
3 2922 3234 3181 
3 3074 3281 3125 
3 3074 3125 3025 
3 5988 3211 3202 
3 3078 3080 3342 
3 1488 4272 2696 
3 4705 4270 1874 
3 4677 2829 2250 
3 3078 3231 2929 
3 3134 3083 3182 
3 811 1025 781 
3 2932 3181 3393 
3 233 289 199 
3 3126 2931 3122 
3 2932 3394 3081 
3 2246 2713 1352 
3 3132 3079 3082 
3 3186 3238 3080 
3 3182 3083 3125 
3 4234 5121 4194 
3 3082 3084 3132 
3 3126 3132 3084 
3 2801 2874 2439 
3 5572 3288 5197 
3 5104 1477 5550 
3 1570 4373 5210 
3 3084 2931 3126 
3 3562 2937 3184 
3 3562 3035 2937 
3 3036 3034 3135 
3 3134 3183 3040 
3 892 1369 898 
3 5058 5923 5864 
3 5874 5678 1634 
3 2662 3623 3243 
3 3092 3088 2876 
3 1722 4039 4441 
3 5007 5030 4144 
3 683 5007 4144 
3 3192 3295 3513 
3 3295 3047 2809 
3 2326 4734 3476 
3 2737 2668 2880 
3 1387 280 1397 
3 5963 5172 914 
3 2187 100 3751 
3 3356 3051 3299 
3 1393 1298 1257 
3 3201 3154 3200 
3 3154 3258 3200 
3 3327 3313 1123 
3 3201 3204 3154 
3 3154 3057 3258 
3 3313 4501 1123 
3 3208 3258 3057 
3 2890 3263 3151 
3 2890 3206 3263 
3 114 1902 1147 
3 3227 2539 981 
3 736 928 571 
3 3102 3154 3204 
3 5453 3765 5476 
3 2951 3052 3006 
3 5669 2697 5514 
3 5408 5005 1417 
3 5061 5423 4610 
3 2957 2956 3210 
3 2468 3313 573 
3 4128 4916 309 
3 5924 758 756 
3 4586 4583 3723 
3 1001 3505 5702 
3 1232 4045 3970 
3 367 392 3854 
3 119 3854 392 
3 1397 3137 2386 
3 3009 2902 2641 
3 3517 4811 33 
3 3111 3010 3486 
3 2857 3020 2649 
3 3440 3111 3486 
3 2799 2794 1570 
3 5616 4810 1268 
3 1357 4960 263 
3 3018 2847 2768 
3 2412 5604 1159 
3 2591 2651 2673 
3 991 567 995 
3 3113 3332 3331 
3 693 2434 2683 
3 2967 2913 3115 
3 3173 2972 3167 
3 2847 2583 2768 
3 3172 3224 3173 
3 2219 5444 3378 
3 3204 3201 3259 
3 3336 2967 3115 
3 3825 3963 3812 
3 2687 3277 3321 
3 5207 1162 5990 
3 3224 3180 3173 
3 3332 3175 3613 
3 3175 3119 3335 
3 5507 5094 135 
3 2925 2525 3491 
3 3153 5042 2263 
3 5941 5539 3646 
3 3120 3122 3230 
3 3236 3077 2982 
3 4373 4433 5210 
3 3237 3022 3341 
3 3079 3126 3120 
3 4983 5781 3233 
3 3126 3122 3120 
3 3132 3126 3079 
3 3069 4947 4945 
3 4653 4229 4227 
3 3399 3285 3289 
3 2721 2987 3082 
3 557 4435 4619 
3 3277 2906 2967 
3 3289 3131 3401 
3 3406 3129 2989 
3 1259 4194 5121 
3 3753 4193 3000 
3 3183 3134 3182 
3 4038 4468 4472 
3 4373 1570 5153 
3 3588 2742 1048 
3 2990 2996 2619 
3 5809 2996 2990 
3 3188 3563 3186 
3 2811 3002 2737 
3 3186 3088 3188 
3 3419 3871 3746 
3 4947 642 4945 
3 3191 4526 5253 
3 925 2903 5421 
3 3141 3623 2662 
3 4175 2604 5423 
3 2923 3072 3020 
3 4945 630 3069 
3 3294 3046 3192 
3 3092 2946 3244 
3 5331 894 5334 
3 3046 3294 3141 
3 3295 3192 3047 
3 2880 2804 3194 
3 1751 3222 2927 
3 2946 3143 3244 
3 3416 3146 3415 
3 2952 3396 4342 
3 3147 3356 3050 
3 3050 3465 2947 
3 2032 889 5876 
3 3198 3252 3253 
3 4483 4683 4856 
3 3117 3234 2922 
3 5867 2671 5847 
3 5376 5116 5028 
3 3200 3306 3201 
3 3200 3255 3363 
3 3384 5913 5123 
3 4600 3735 5405 
3 196 4274 4590 
3 4157 3742 4158 
3 1527 2425 5024 
3 2411 63 5002 
3 5910 4733 5524 
3 5390 1884 4165 
3 5112 4270 4705 
3 3118 1222 2171 
3 5913 3384 2938 
3 3367 3102 3204 
3 5524 548 5910 
3 3207 3150 3101 
3 5847 2671 5834 
3 3062 4733 5910 
3 3027 5083 2248 
3 4573 4198 4097 
3 2396 4948 884 
3 3261 3150 3207 
3 3040 3184 2660 
3 5628 4960 4848 
3 2957 3767 3486 
3 2953 3483 3319 
3 3317 3006 3052 
3 2574 2958 2964 
3 4237 5066 2243 
3 1484 1305 1481 
3 1513 1584 4264 
3 2917 5293 1578 
3 2986 328 4933 
3 3915 1688 2440 
3 3268 3214 3600 
3 2720 2781 2789 
3 2896 2957 3486 
3 2900 3489 3270 
3 3379 3213 3009 
3 3268 3217 3214 
3 3009 3324 3379 
3 3105 3489 2759 
3 4576 2695 4609 
3 3106 3105 3011 
3 3761 309 5964 
3 3605 3105 3106 
3 2962 3165 3011 
3 2986 1112 328 
3 5736 4008 3133 
3 3490 3379 3603 
3 2918 2911 2710 
3 2917 2447 5279 
3 611 612 518 
3 2646 3791 5052 
3 3217 3166 2965 
3 3219 2902 3387 
3 2968 3172 3221 
3 2665 5910 5857 
3 1886 2742 5303 
3 3445 3381 3277 
3 4649 1040 4656 
3 1739 4143 2558 
3 2951 3006 2678 
3 3331 3388 3113 
3 5632 4514 4186 
3 459 5730 3444 
3 414 578 488 
3 4359 4360 5012 
3 119 2620 3854 
3 4666 2958 3323 
3 1207 5603 5600 
3 1210 4544 3315 
3 3224 3228 3180 
3 3234 3117 3338 
3 3181 3234 3501 
3 3340 3125 3281 
3 5939 5524 5150 
3 3343 3236 2982 
3 5239 969 966 
3 2932 3393 3394 
3 4270 5894 1866 
3 3081 3394 3239 
3 2935 3454 3401 
3 3286 1986 3407 
3 3344 3562 3184 
3 1645 2627 2567 
3 3430 3846 3998 
3 3034 3681 3456 
3 4948 2396 3137 
3 3087 3455 2995 
3 4145 4146 4063 
3 2875 3569 3140 
3 566 2468 573 
3 1849 2841 1856 
3 543 1930 2830 
3 3376 4238 4682 
3 3714 3430 3276 
3 4863 543 4881 
3 5077 5851 5479 
3 3248 457 1907 
3 3190 3686 3092 
3 3297 3194 3140 
3 3629 3802 3869 
3 3143 3245 3195 
3 3245 3143 3049 
3 3113 2970 2644 
3 2470 4190 1964 
3 4529 4072 1329 
3 3702 3827 3704 
3 3360 3299 3197 
3 5682 89 1096 
3 3362 3253 3252 
3 1700 2798 1707 
3 1096 89 3775 
3 3751 2979 2187 
3 1111 4719 5737 
3 3306 3200 3363 
3 5509 5118 2664 
3 3365 3201 3306 
3 3200 3258 3255 
3 3365 3259 3201 
3 3672 849 3279 
3 4315 4314 4516 
3 3258 3208 3264 
3 3151 3264 3152 
3 3208 3152 3264 
3 2254 507 3112 
3 3208 3155 3152 
3 3077 3228 2854 
3 3650 3100 2953 
3 2786 4491 2798 
3 2300 5705 1563 
3 3157 3483 3060 
3 5867 5847 4663 
3 4583 4139 3723 
3 4579 775 3178 
3 1587 4044 5283 
3 4173 3975 3977 
3 3214 3270 3600 
3 3008 3375 3322 
3 3276 3191 3714 
3 5572 1177 5833 
3 5393 196 3185 
3 744 2925 4549 
3 2032 3714 3191 
3 5462 5544 5545 
3 5847 5834 5819 
3 5009 4863 4881 
3 1394 3103 4845 
3 5817 5847 5819 
3 3217 3441 3329 
3 3651 3266 1587 
3 3612 3606 3547 
3 2653 2592 2585 
3 5570 2027 4398 
3 1616 3377 2788 
3 3761 4107 309 
3 3221 3172 3167 
3 3221 3328 2910 
3 4559 3315 4137 
3 3173 3167 3172 
3 3496 3174 3166 
3 3335 3613 3175 
3 3114 3169 3281 
3 3130 3121 2760 
3 3174 3389 3117 
3 2843 5367 1612 
3 3375 3599 3602 
3 3226 3447 3336 
3 3338 3117 3337 
3 3501 3234 3338 
3 4044 2478 5283 
3 3342 3226 3078 
3 5757 773 5907 
3 3230 3336 3225 
3 3236 3341 3228 
3 3228 3341 3180 
3 3226 3342 3555 
3 5735 5343 1269 
3 3129 3335 3119 
3 5990 4433 5587 
3 5539 5941 5152 
3 3844 5150 5524 
3 3038 5481 387 
3 4936 2549 1340 
3 3182 3125 3340 
3 3182 3340 3397 
3 2618 2812 2670 
3 3237 3560 3404 
3 3397 3183 3182 
3 1903 5806 5427 
3 3401 3503 3289 
3 3405 3238 3186 
3 3730 3400 3406 
3 2811 3048 3002 
3 5427 2334 5022 
3 3029 4242 3413 
3 3998 3915 3430 
3 3404 3681 3034 
3 3135 3034 3456 
3 2994 3456 3347 
3 3406 3243 3623 
3 3235 4458 4467 
3 3739 3740 3916 
3 2101 554 12 
3 3686 3190 3794 
3 3294 3192 3513 
3 2985 2604 4175 
3 3512 3295 3349 
3 3298 3245 3049 
3 3997 3829 3757 
3 3298 2947 3414 
3 455 2210 1027 
3 4834 1429 263 
3 3355 3196 3416 
3 5099 2176 2146 
3 3050 3356 3465 
3 5655 3609 3604 
3 3051 3356 3147 
3 584 2638 139 
3 3250 3099 3423 
3 3250 3423 3304 
3 4445 4459 2866 
3 3252 3198 3529 
3 4994 4300 5408 
3 455 1027 3064 
3 3363 3473 3306 
3 3425 3424 3253 
3 4226 2539 3227 
3 3089 4925 5826 
3 3429 3255 3257 
3 5396 1972 5782 
3 2898 1123 1125 
3 3833 3648 2951 
3 5483 3477 4762 
3 3259 3367 3204 
3 3263 3264 3151 
3 3264 3257 3258 
3 2951 3261 3833 
3 3384 4733 2938 
3 5973 507 2254 
3 3207 3101 3367 
3 3101 3102 3367 
3 3055 3317 3594 
3 3162 3375 3008 
3 1573 2976 3523 
3 2373 2538 2477 
3 4885 1001 5709 
3 3271 3437 3212 
3 1245 4422 3988 
3 2823 2899 2690 
3 3217 3438 3441 
3 1576 5762 4556 
3 4530 4529 5323 
3 3325 3328 3380 
3 3221 3380 3328 
3 1707 1802 5975 
3 2334 5026 5022 
3 3801 3803 5105 
3 3543 3011 3165 
3 3167 3111 3440 
3 3220 3385 3165 
3 5765 4562 3593 
3 3012 339 3032 
3 2947 3298 3003 
3 5048 2349 4216 
3 3340 3281 3448 
3 114 2087 5832 
3 4540 1448 4533 
3 5135 3384 5123 
3 5735 4950 4938 
3 3289 3503 3399 
3 2569 2915 2905 
3 5838 1606 4163 
3 315 2414 4385 
3 2133 3021 3950 
3 2323 2583 2365 
3 5191 2885 3514 
3 3562 3454 3035 
3 3992 2404 5613 
3 5720 5386 5131 
3 2673 1195 2614 
3 3754 5432 759 
3 3686 3563 3188 
3 4514 1930 4863 
3 3283 5204 3781 
3 3295 3045 3349 
3 3297 3140 3412 
3 5472 5796 5804 
3 3426 3252 3584 
3 3371 132 1598 
3 3295 3512 3513 
3 3244 3516 3190 
3 3244 3195 3516 
3 2470 1550 5060 
3 1445 1489 1526 
3 3096 3519 3145 
3 5614 5595 3378 
3 3417 3416 3415 
3 5392 1310 2200 
3 3520 3414 3466 
3 3529 3198 3424 
3 3359 3300 3355 
3 5529 1899 3674 
3 1269 5343 5327 
3 3300 3420 3099 
3 4925 1265 5826 
3 3300 3421 3420 
3 5714 5753 5572 
3 526 3962 3037 
3 3304 3361 3360 
3 3365 3432 3259 
3 5040 5817 3727 
3 3572 3687 3691 
3 4375 3937 3242 
3 3252 3426 3362 
3 2705 1887 4719 
3 1999 2176 5099 
3 3261 3207 3311 
3 2849 4852 4006 
3 4471 790 3494 
3 3367 3259 3207 
3 2775 4370 3935 
3 3100 3435 3206 
3 2450 4006 2436 
3 4963 219 3209 
3 3650 2953 3319 
3 1928 4745 4737 
3 3162 3212 3375 
3 2628 5596 3007 
3 2440 2472 3915 
3 4489 4877 4872 
3 3437 3271 3325 
3 3438 3217 3268 
3 3257 3264 3263 
3 3381 3540 3277 
3 3603 3379 3324 
3 3346 5164 5559 
3 3392 2646 3395 
3 4748 1299 340 
3 3489 3105 3605 
3 5688 5649 911 
3 3329 3166 3217 
3 5566 756 5174 
3 2747 3155 3057 
3 2747 2949 3155 
3 4960 3460 263 
3 3543 3165 3385 
3 5385 5366 5768 
3 1836 2290 2755 
3 3606 3496 3329 
3 3166 3329 3496 
3 3206 3708 3263 
3 3670 3673 3721 
3 3048 3096 3145 
3 3445 3446 3381 
3 2697 5669 815 
3 5371 4878 2639 
3 5696 948 5700 
3 3447 3226 3552 
3 3337 3117 3389 
3 3552 3226 3555 
3 2627 1651 2684 
3 3241 3397 3617 
3 3808 3398 5296 
3 3449 3338 3337 
3 3236 3343 3341 
3 3450 3129 3400 
3 3399 3343 3285 
3 3909 2749 3121 
3 2448 4230 5575 
3 2843 1958 5367 
3 5559 3123 2753 
3 2707 2530 2831 
3 3344 3241 3678 
3 2112 919 910 
3 5924 5912 2527 
3 5390 4165 2094 
3 3618 3562 3344 
3 4481 4449 2799 
3 4792 5374 4926 
3 3455 3731 3508 
3 3457 3139 3508 
3 3347 3456 3620 
3 3974 4619 4435 
3 5783 5952 1985 
3 3607 3716 3772 
3 2699 3550 1346 
3 3944 605 4657 
3 3854 2620 3751 
3 2997 3762 2993 
3 1988 3316 2240 
3 5897 2151 567 
3 3297 3412 3687 
3 3692 1417 5005 
3 5891 2977 4222 
3 715 709 1111 
3 3571 3625 3461 
3 3146 3145 3521 
3 3521 3415 3146 
3 3196 3146 3416 
3 3417 3355 3416 
3 2924 3348 2314 
3 3304 3360 3250 
3 3356 3467 3465 
3 3356 3419 3467 
3 2503 5076 5079 
3 4163 708 5033 
3 3360 3361 3299 
3 3262 1261 1249 
3 2568 2673 2614 
3 3471 3423 3420 
3 5933 5555 3905 
3 3306 3473 3475 
3 1256 5892 3813 
3 1058 1057 4243 
3 691 176 5895 
3 3365 3306 3475 
3 3426 3987 3820 
3 5561 3124 3123 
3 1650 4013 2849 
3 2001 1142 5399 
3 4303 4727 2717 
3 3455 3087 3403 
3 3590 3708 3206 
3 3598 3268 3656 
3 263 3460 4834 
3 3774 5890 3784 
3 3767 2957 3210 
3 3157 3321 3597 
3 3437 3538 3212 
3 3599 3375 3212 
3 3599 3212 3538 
3 3321 3540 3597 
3 3268 3600 3656 
3 3440 3486 3536 
3 340 5516 539 
3 4854 4856 5391 
3 2382 4388 4785 
3 3215 3322 3661 
3 5122 4947 2703 
3 1844 1836 2761 
3 3490 3216 3213 
3 221 385 265 
3 3439 381 369 
3 3438 3662 3441 
3 4164 2985 4175 
3 4949 1789 1678 
3 5753 5714 4717 
3 3221 3440 3380 
3 3387 2902 3216 
3 3441 3606 3329 
3 3696 5953 2001 
3 2761 1836 2755 
3 3385 3388 3493 
3 3220 3388 3385 
3 813 5218 5594 
3 1772 883 4363 
3 3612 3496 3606 
3 3803 3801 5111 
3 3778 3388 3331 
3 4022 326 1655 
3 3445 3447 3446 
3 2697 815 2683 
3 3447 3445 3336 
3 3552 3446 3447 
3 3499 3449 3337 
3 567 2151 5966 
3 5833 328 1112 
3 3812 5795 1273 
3 2767 2905 2915 
3 3506 3503 3401 
3 4642 5484 4660 
3 772 789 3468 
3 3046 2663 2351 
3 2841 5098 2681 
3 2000 3780 5094 
3 1994 2087 4858 
3 3491 2904 3585 
3 3139 3457 3349 
3 2859 2266 4260 
3 3818 4184 4091 
3 4810 1237 1268 
3 2877 3139 3349 
3 3387 3169 3219 
3 4815 5084 4421 
3 4166 3742 2979 
3 2986 5296 1112 
3 3180 3341 3022 
3 3461 3516 3195 
3 3245 3461 3195 
3 3461 3245 3518 
3 5024 2398 3753 
3 2029 2920 41 
3 3462 3521 3145 
3 3072 3176 3115 
3 969 1365 1977 
3 619 4709 1567 
3 3522 3417 3415 
3 3466 3414 3465 
3 3522 3525 3417 
3 3433 3429 3257 
3 5530 5539 4311 
3 4022 3615 3619 
3 3417 3525 3418 
3 3419 3299 3361 
3 3418 3355 3417 
3 3419 3578 3467 
3 2985 3345 2593 
3 3419 3746 3578 
3 3299 3419 3356 
3 3581 3304 3470 
3 735 858 829 
3 3895 5584 5992 
3 47 41 3296 
3 3895 5199 5584 
3 5651 1702 3960 
3 3424 3920 3529 
3 3423 3470 3304 
3 3362 3818 4033 
3 3811 3252 3529 
3 3584 3252 3811 
3 3475 3473 3472 
3 3425 3362 4033 
3 5123 4729 5135 
3 1972 1935 5782 
3 1040 4649 5051 
3 4670 3027 2656 
3 5814 5029 4216 
3 4618 2314 4643 
3 3473 3363 3474 
3 2973 2969 4572 
3 3714 2032 5057 
3 3884 4373 5153 
3 3263 3433 3257 
3 3590 3206 3435 
3 3591 3261 3311 
3 3311 3207 3259 
3 3311 3259 3432 
3 4958 4343 4128 
3 5812 5669 2845 
3 4158 3742 4166 
3 3203 4771 5126 
3 5375 3353 1958 
3 5760 800 5843 
3 5046 74 135 
3 5441 2638 3373 
3 1645 2102 35 
3 3597 3436 3157 
3 2633 2207 2996 
3 3655 3660 2839 
3 3661 3322 3602 
3 3717 4139 4583 
3 3270 3539 3600 
3 4942 320 839 
3 3348 5374 4643 
3 3215 3603 3324 
3 3379 3490 3213 
3 2485 301 5907 
3 2903 5886 5957 
3 4005 3777 3847 
3 341 1688 3915 
3 5614 3882 3041 
3 2958 2161 3323 
3 1664 2171 3911 
3 3540 3544 3607 
3 5111 3785 3039 
3 4227 1824 3390 
3 2673 1664 1195 
3 3396 150 462 
3 3355 3300 2675 
3 3316 1988 2571 
3 5562 1258 5564 
3 241 165 214 
3 1633 5192 5975 
3 2567 2651 2591 
3 4398 2027 4402 
3 3446 3545 3544 
3 3332 3613 3331 
3 3381 3446 3544 
3 3718 3545 3446 
3 5557 905 914 
3 3613 3779 3331 
3 1491 1074 40 
3 2628 5822 3762 
3 3612 3498 3496 
3 3610 3448 3169 
3 4342 5558 2952 
3 3498 3499 3389 
3 4397 2027 5724 
3 1259 5371 911 
3 3915 2472 5712 
3 4796 521 4795 
3 3323 2549 4936 
3 703 1132 273 
3 3555 3342 3675 
3 3342 3238 3675 
3 3394 3393 3556 
3 3397 3340 3451 
3 4822 157 2224 
3 5534 5706 5626 
3 3504 3239 3394 
3 5530 5128 5507 
3 3561 3403 3504 
3 2289 3761 5964 
3 5584 5221 5992 
3 3680 3454 3562 
3 3506 3401 3454 
3 1340 3676 4088 
3 3679 3618 3344 
3 1387 833 280 
3 3256 1883 2532 
3 3684 3568 3513 
3 5400 1487 401 
3 3241 3617 3678 
3 3687 3519 3297 
3 3625 3516 3461 
3 5477 3411 5476 
3 3519 3572 3462 
3 3520 3298 3414 
3 3572 3627 3462 
3 5009 4596 4863 
3 3627 3522 3521 
3 3466 3576 3574 
3 3292 482 4910 
3 4250 2250 5090 
3 3626 3627 3572 
3 1284 1561 1692 
3 3465 3576 3466 
3 3926 3927 3990 
3 3467 3578 3628 
3 3576 3465 3467 
3 3173 3022 2921 
3 2997 2628 3762 
3 3396 4099 5168 
3 5135 4733 3384 
3 3403 2991 3239 
3 1940 3211 5845 
3 3630 3421 3359 
3 3820 3362 3426 
3 3706 3478 3475 
3 4164 3345 2985 
3 3528 3421 3630 
3 3581 3419 3361 
3 3365 3475 3478 
3 1106 1281 1109 
3 3689 2933 4532 
3 5033 765 4144 
3 3920 3424 3425 
3 3363 3255 3474 
3 5128 5530 4311 
3 3471 3747 3807 
3 3705 3472 3474 
3 3532 3475 3472 
3 3473 3474 3472 
3 3639 3638 3586 
3 272 180 193 
3 2024 4622 1708 
3 5392 3637 1113 
3 5655 3604 2446 
3 3255 3429 3474 
3 3735 4174 3350 
3 2131 3290 1686 
3 1025 1157 1332 
3 3881 3645 3478 
3 3591 3432 3645 
3 3853 3903 3561 
3 3764 3833 3591 
3 3261 3591 3833 
3 1264 1252 61 
3 2002 2807 4408 
3 566 1960 51 
3 3592 3650 3319 
3 5682 5302 89 
3 5126 4771 4226 
3 3682 3775 89 
3 3595 3483 3436 
3 5143 368 4842 
3 5638 889 2032 
3 2248 5083 4677 
3 1508 554 5326 
3 3475 3532 3643 
3 542 3856 2253 
3 1648 1558 1734 
3 5077 1567 4709 
3 5453 2428 2349 
3 1288 4189 3737 
3 3885 3662 3438 
3 3539 3270 3489 
3 3483 3157 3436 
3 3936 3435 3100 
3 3841 3440 3536 
3 1117 4546 1976 
3 3250 3360 3197 
3 3110 4745 1928 
3 3387 3216 3608 
3 5168 3999 4342 
3 3710 3771 3945 
3 3666 3665 3543 
3 3666 3385 3493 
3 3667 3169 3387 
3 3009 3213 3216 
3 4508 1061 3588 
3 3545 3673 3547 
3 3673 3545 3718 
3 1524 1114 1898 
3 2567 2627 2144 
3 981 2539 5172 
3 3451 3448 3671 
3 3499 3498 3670 
3 3104 3118 1664 
3 5851 230 3819 
3 3957 3556 3501 
3 2869 1985 3660 
3 1726 1251 2252 
3 2149 4946 3308 
3 3394 3556 3853 
3 2869 3690 1169 
3 3675 3238 3402 
3 3237 3284 3560 
3 74 5046 5814 
3 3506 3728 3503 
3 4929 3301 4946 
3 3680 3729 3454 
3 5283 2478 2866 
3 5870 3588 5872 
3 3681 3404 3560 
3 3457 3512 3349 
3 5075 5248 4986 
3 3088 3092 3686 
3 2971 2259 5909 
3 3513 3568 3294 
3 3518 3298 3520 
3 3619 4042 5272 
3 4532 2933 3292 
3 3347 3620 3566 
3 3457 3508 3732 
3 3190 3516 3625 
3 4677 2250 2248 
3 3520 3571 3518 
3 3687 3572 3519 
3 3520 3466 3573 
3 3088 3686 3188 
3 3522 3802 3525 
3 3628 3743 3576 
3 4174 3735 4600 
3 3576 3467 3628 
3 2144 2627 2680 
3 2856 63 2411 
3 3871 3419 3581 
3 4910 482 4906 
3 3528 3420 3421 
3 3631 3581 3470 
3 3528 3630 3698 
3 5453 5476 83 
3 4541 3978 4256 
3 1329 3282 2526 
3 2349 25 5814 
3 3239 2991 3081 
3 4492 4294 4208 
3 3472 3642 3640 
3 3641 3532 3472 
3 3472 3705 3642 
3 686 1519 222 
3 3706 3881 3478 
3 4960 5628 2582 
3 5050 5819 5834 
3 3708 3433 3263 
3 4164 4153 3345 
3 2684 2723 2680 
3 3651 2084 3266 
3 5847 5817 4663 
3 3594 3210 3055 
3 3319 3483 3595 
3 5094 5507 4293 
3 5323 5725 5529 
3 3890 3597 3540 
3 3588 5732 4508 
3 4527 3247 4493 
3 5958 3515 5175 
3 3437 3325 3710 
3 3661 3602 3843 
3 4784 2790 3935 
3 3489 3891 3539 
3 3661 3603 3215 
3 4520 1061 4508 
3 4520 4508 1592 
3 4263 4743 4439 
3 3377 646 2836 
3 3238 3405 3402 
3 1301 1535 1618 
3 3441 3664 3606 
3 4089 4434 4545 
3 4739 4089 4091 
3 4935 4404 728 
3 3284 3341 3343 
3 5105 5489 4709 
3 4486 2500 4500 
3 3667 3387 3608 
3 3545 3547 3716 
3 3716 3547 3606 
3 3169 3667 3610 
3 1853 1847 2704 
3 454 2327 428 
3 2054 1610 1663 
3 4216 2349 5814 
3 3779 3778 3331 
3 4402 2027 4397 
3 3889 4716 3658 
3 3448 3610 3671 
3 853 4249 5956 
3 3840 3885 3438 
3 2743 2561 2625 
3 3388 3778 3493 
3 3552 3555 3782 
3 3782 3718 3552 
3 1032 5632 4186 
3 3722 3499 3850 
3 3848 3450 3902 
3 4489 2881 5288 
3 3449 3898 3957 
3 1061 5303 2742 
3 2600 2423 2602 
3 5988 3202 1445 
3 2538 2602 2423 
3 3961 3343 3787 
3 3136 1963 896 
3 3504 3394 3853 
3 3510 3792 3859 
3 3251 4467 187 
3 3729 3506 3454 
3 603 5659 3931 
3 3678 3679 3344 
3 3790 3731 3455 
3 1493 5745 211 
3 5026 2334 5804 
3 4929 5725 5323 
3 5489 5077 4709 
3 3456 3793 3620 
3 4819 4350 4085 
3 4467 2889 3235 
3 3568 3684 3860 
3 1631 110 5331 
3 3406 3623 3730 
3 3510 3513 3512 
3 3513 3510 3684 
3 3571 3461 3518 
3 5876 889 2281 
3 3623 3568 3734 
3 3699 5804 5796 
3 3623 3294 3568 
3 2528 3676 2121 
3 3573 3694 3571 
3 3571 3694 3738 
3 3400 3129 3406 
3 3573 3466 3574 
3 1023 1853 4457 
3 3573 3574 3694 
3 4170 5796 1972 
3 3928 3991 3990 
3 3569 3412 3140 
3 3630 3418 3804 
3 5327 5343 4028 
3 3362 3425 3253 
3 3804 3418 3629 
3 3629 3418 3525 
3 3747 3420 3528 
3 3471 3420 3747 
3 3470 3471 3631 
3 3578 3806 3697 
3 2104 5737 2107 
3 3470 3423 3471 
3 2800 3134 3040 
3 4590 4300 4994 
3 5943 4520 99 
3 3701 3810 3634 
3 4136 1552 2406 
3 4590 3185 196 
3 4849 1702 5651 
3 3636 3635 3583 
3 4865 4497 4301 
3 3586 3638 3702 
3 3702 3704 3586 
3 3736 3865 3800 
3 3582 3816 3636 
3 3704 3756 3586 
3 415 1010 3511 
3 1010 415 3502 
3 3380 3771 3325 
3 5714 5572 5833 
3 3641 3640 3586 
3 3927 3823 3928 
3 26 72 62 
3 3586 3640 3639 
3 3532 3756 3643 
3 5393 3185 4578 
3 3641 3756 3532 
3 2382 4785 4375 
3 1940 1147 1902 
3 5867 4663 5054 
3 5834 5842 5050 
3 3765 5453 5048 
3 4300 4590 4274 
3 3645 3432 3478 
3 1526 5905 5495 
3 3530 2651 2144 
3 3591 3311 3432 
3 5453 2349 5048 
3 281 285 327 
3 3598 3940 3840 
3 3588 1061 2742 
3 3595 3652 3319 
3 3932 3702 3826 
3 3598 3438 3268 
3 3536 3486 3767 
3 3658 3839 3656 
3 3599 3538 3942 
3 3072 2913 2912 
3 2914 3111 2972 
3 2892 1695 2509 
3 3600 3889 3658 
3 3661 3893 3603 
3 1001 4885 3505 
3 2775 3526 4370 
3 3325 3771 3710 
3 3441 3662 3664 
3 3885 3769 3770 
3 5256 21 5270 
3 3607 3890 3540 
3 3607 4002 3890 
3 506 483 481 
3 3716 3606 3664 
3 5979 1467 1482 
3 3496 3389 3174 
3 2845 5420 5812 
3 3545 3716 3544 
3 3450 3335 3129 
3 3544 3716 3607 
3 4042 4486 5272 
3 3489 3605 3891 
3 3385 3666 3543 
3 4042 2500 4486 
3 3666 3847 3777 
3 2244 2246 1352 
3 3350 2973 3735 
3 3778 3897 3493 
3 3187 4126 4574 
3 4540 4049 4950 
3 3335 3450 3848 
3 3547 3670 3612 
3 3236 3228 3077 
3 3498 3389 3496 
3 3547 3673 3670 
3 2773 2327 2777 
3 3673 3782 3721 
3 4371 2412 4403 
3 293 246 204 
3 4371 4403 4283 
3 4366 4371 4283 
3 192 5710 2266 
3 2069 2889 4467 
3 3593 3161 2094 
3 1611 2102 1127 
3 3666 3493 3847 
3 4489 2872 2881 
3 5191 3514 3484 
3 5742 4535 4942 
3 5348 449 1287 
3 3910 3402 3405 
3 3400 3902 3450 
3 5152 5941 854 
3 3399 3787 3343 
3 3399 3503 3787 
3 5243 1245 502 
3 3790 3561 3903 
3 5555 2753 3905 
3 3678 3904 4070 
3 3790 3455 3561 
3 3770 3664 3662 
3 3729 3728 3506 
3 3961 3284 3343 
3 5343 5735 4034 
3 4467 3251 2069 
3 3992 3551 2404 
3 3512 3792 3510 
3 5980 1467 5244 
3 2084 3246 893 
3 3569 3347 3566 
3 5742 5728 3983 
3 3796 3190 3625 
3 3795 3736 3687 
3 5806 1903 4191 
3 3625 3571 3799 
3 3864 3625 3799 
3 3687 3736 3691 
3 3800 3691 3736 
3 3799 3571 3738 
3 2548 626 5227 
3 1211 4803 4388 
3 3694 3969 3740 
3 3520 3573 3571 
3 4872 266 407 
3 4445 2866 1267 
3 3741 3522 3627 
3 5977 3191 3276 
3 3743 3868 3969 
3 1045 1080 1047 
3 4235 3839 3658 
3 3075 2211 3931 
3 3525 3802 3629 
3 3697 3628 3578 
3 767 240 4435 
3 3698 3630 3804 
3 3698 3747 3528 
3 3748 3581 3631 
3 3807 3631 3471 
3 3439 4086 381 
3 3810 3809 3634 
3 3583 3750 3582 
3 4087 3634 3809 
3 4087 3814 3634 
3 4515 5063 5062 
3 3950 5170 3952 
3 3872 3810 3701 
3 5871 1814 5937 
3 5653 2849 4013 
3 3752 3826 3638 
3 3638 3826 3702 
3 4594 4496 4297 
3 843 3095 1832 
3 3617 3397 3451 
3 3318 2503 5755 
3 3756 3641 3586 
3 3640 3641 3472 
3 2872 2054 1663 
3 1320 4422 4012 
3 3433 3707 3759 
3 4643 2314 3348 
3 5046 135 4669 
3 3433 3708 3707 
3 5247 4834 3463 
3 328 5833 1177 
3 1803 4867 1772 
3 5408 1417 4994 
3 3936 4051 3435 
3 5420 1147 1940 
3 5324 4904 4905 
3 3648 4054 3052 
3 3592 4405 3650 
3 1060 5319 4000 
3 2522 3282 2099 
3 5726 3075 2210 
3 5709 1060 4000 
3 3536 3767 3768 
3 3598 3656 3839 
3 3942 3538 3943 
3 2908 4056 3272 
3 3768 3841 3536 
3 3396 5168 4342 
3 4328 3769 4057 
3 4490 5688 911 
3 3600 3539 3889 
3 3943 3710 3888 
3 977 693 5370 
3 3138 3955 3549 
3 4430 693 977 
3 3662 3885 3770 
3 3716 3770 3772 
3 3716 3664 3770 
3 2041 1612 3127 
3 5270 1886 410 
3 5600 4555 2303 
3 5482 5123 5913 
3 3692 4185 4429 
3 3782 3673 3718 
3 3957 3853 3556 
3 3782 3555 3675 
3 3617 3451 3901 
3 5198 790 3073 
3 3402 4069 3675 
3 4385 2815 5231 
3 4070 3679 3678 
3 1258 3037 2624 
3 4465 3061 4343 
3 3819 5479 5851 
3 2682 3550 1448 
3 3912 3681 3560 
3 3974 3492 4619 
3 5735 4938 4034 
3 3731 3732 3508 
3 3108 3905 1934 
3 4821 5446 5850 
3 3510 3859 3685 
3 2951 3648 3052 
3 4402 2555 1583 
3 5474 5717 5888 
3 3903 3906 3790 
3 5396 5782 1884 
3 3743 3694 3574 
3 3686 3794 3862 
3 1680 1187 3383 
3 2404 3553 5613 
3 4807 3965 349 
3 3687 3412 3795 
3 4997 1814 3509 
3 5576 3133 192 
3 5727 5333 2676 
3 2723 2741 2680 
3 2391 4807 856 
3 3870 3804 3629 
3 3917 3869 3802 
3 3806 3746 3871 
3 4938 3557 3546 
3 3425 4089 3920 
3 4355 867 5850 
3 2326 3476 2734 
3 2170 2723 2684 
3 3858 3970 4045 
3 4265 3873 3636 
3 2718 2857 2649 
3 3987 3426 3584 
3 173 207 233 
3 5651 4842 4849 
3 3635 3636 3873 
3 4035 3634 3814 
3 3858 4021 2281 
3 3639 3755 3934 
3 4758 4759 4573 
3 3827 3756 3704 
3 368 5247 4842 
3 3642 3755 3640 
3 843 1832 842 
3 3936 3650 4405 
3 4099 2963 1049 
3 3828 3706 3643 
3 3757 3829 3705 
3 3830 3591 3645 
3 4736 1898 3876 
3 3708 3590 3831 
3 3281 3169 3448 
3 4834 5247 368 
3 1664 3118 2171 
3 3833 3764 3834 
3 5934 2634 2807 
3 2060 5762 1576 
3 3765 5477 5476 
3 3052 4054 3317 
3 2036 4415 4004 
3 3210 3594 3938 
3 3598 3839 3940 
3 4708 2634 5937 
3 3328 3325 3271 
3 1188 4771 287 
3 3608 3216 3490 
3 3607 3772 4002 
3 3490 3603 3894 
3 3490 4062 3608 
3 4479 5220 4378 
3 4330 3841 3768 
3 5367 3109 1612 
3 1057 3856 5576 
3 4054 4324 4055 
3 3992 4415 2825 
3 5628 5230 2582 
3 3515 1564 3507 
3 3666 3777 3665 
3 256 255 170 
3 3407 856 2445 
3 3778 3779 3951 
3 2639 911 5371 
3 4525 4001 4002 
3 3499 3337 3389 
3 3405 3186 3563 
3 5700 5702 3505 
3 3071 2703 3069 
3 2247 4153 4164 
3 4841 1346 1776 
3 5513 2091 2096 
3 4334 3901 3954 
3 3449 3722 3898 
3 3919 4810 5616 
3 3857 3732 3906 
3 3908 3787 3728 
3 3560 3284 3789 
3 4705 1874 1085 
3 4685 4387 3001 
3 4685 3001 4811 
3 4614 5814 5046 
3 3190 3092 3244 
3 3562 3618 3680 
3 3729 3908 3728 
3 2387 2099 1310 
3 5603 1237 4810 
3 3560 3789 3912 
3 3235 2889 3615 
3 4270 1867 1874 
3 3512 3457 3792 
3 5422 630 4945 
3 4227 1446 1824 
3 4408 2807 5987 
3 5080 4691 5857 
3 3681 3793 3456 
3 510 4500 5298 
3 1167 5590 3314 
3 5550 648 5497 
3 4266 2601 887 
3 3796 3914 3190 
3 3190 3914 3794 
3 5497 648 4698 
3 3625 3864 3796 
3 1128 1628 1542 
3 5207 5590 1167 
3 3797 3736 3795 
3 3626 3572 3691 
3 3799 3798 3864 
3 3865 3736 3797 
3 3739 3799 3738 
3 4242 3029 4243 
3 5971 5727 1448 
3 2331 2736 4742 
3 3694 3743 3969 
3 3738 3740 3739 
3 3977 3628 3697 
3 2971 5909 5905 
3 1045 1043 1080 
3 3629 3869 3870 
3 3805 3698 3804 
3 3750 3583 3922 
3 3583 3635 3922 
3 3634 4035 3701 
3 4092 4263 3872 
3 5009 2606 4596 
3 2606 2188 4596 
3 3147 3050 2397 
3 3928 3826 3752 
3 12 1490 1936 
3 3932 3928 3823 
3 996 785 819 
3 3826 3928 3932 
3 4551 2252 3682 
3 3752 3638 3933 
3 3932 3823 3929 
3 3933 3638 3639 
3 5827 3233 5918 
3 4217 3933 3934 
3 3639 3640 3755 
3 5374 2695 4576 
3 2634 5934 5855 
3 3830 3645 4050 
3 3757 3705 3759 
3 3429 3759 3705 
3 3781 2634 3283 
3 3708 3831 3707 
3 3764 3830 3832 
3 3833 3834 3648 
3 3879 3996 4221 
3 1107 544 1104 
3 4054 3648 4053 
3 5066 4657 2243 
3 4240 5054 4663 
3 4397 2689 2534 
3 1738 4885 4000 
3 3395 3007 1027 
3 1883 5719 2954 
3 5681 2523 2508 
3 3602 3887 3843 
3 2664 5180 4597 
3 2689 5194 2534 
3 4400 5233 124 
3 3772 3842 4002 
3 3891 3605 4412 
3 3390 2642 4227 
3 3430 3915 5712 
3 4670 81 5083 
3 3665 4414 4412 
3 2472 4430 977 
3 3897 4005 3847 
3 1522 3875 4557 
3 3954 3451 3671 
3 2170 2745 2723 
3 3958 3722 3850 
3 3071 3069 2280 
3 4425 4252 4025 
3 4224 4135 4319 
3 4069 3402 3910 
3 3448 3451 3340 
3 4160 3618 3679 
3 5152 4321 5539 
3 2700 4705 1085 
3 3961 3789 3284 
3 3145 3519 3462 
3 3906 3732 3790 
3 4014 3729 3680 
3 3681 3912 3793 
3 4196 4275 4100 
3 3574 3576 3743 
3 5772 3276 3430 
3 3276 5772 5977 
3 3734 3568 3860 
3 3405 3622 3910 
3 3620 3793 4019 
3 3863 3412 3566 
3 3796 3864 3914 
3 3864 4080 3914 
3 3797 3795 3863 
3 3864 3798 4080 
3 3521 3522 3415 
3 4439 4436 3921 
3 4019 3566 3620 
3 3863 3566 4019 
3 832 1887 211 
3 4026 3691 3800 
3 3372 4311 5539 
3 3205 3611 3579 
3 4191 5005 2251 
3 3916 3740 3969 
3 3916 4536 4253 
3 5787 5788 5633 
3 1879 2068 2565 
3 5806 4191 2251 
3 3917 3802 3741 
3 3628 3977 3744 
3 563 1127 1104 
3 3820 3987 3923 
3 3918 3631 3807 
3 4087 3809 4353 
3 3921 3809 3810 
3 4087 4031 3814 
3 3810 3872 3921 
3 3811 3984 3584 
3 4084 3917 3971 
3 3208 3057 3155 
3 3701 4035 4183 
3 3636 3816 4265 
3 4691 4246 5842 
3 3818 4091 4033 
3 2244 3546 3557 
3 5009 1810 2606 
3 3923 3818 3820 
3 3925 3929 3823 
3 3925 4048 3929 
3 5417 2273 168 
3 1568 4017 4695 
3 3932 3827 3702 
3 4771 4358 4226 
3 3725 2593 3345 
3 3877 3934 3755 
3 3636 3583 3582 
3 1057 3428 2712 
3 3880 3828 3879 
3 4232 2943 4219 
3 3880 3706 3828 
3 3881 3706 3880 
3 1931 1491 530 
3 1526 5491 1445 
3 754 3346 2133 
3 3881 4133 4050 
3 4134 3707 3831 
3 4722 3819 5118 
3 2969 2571 4572 
3 2846 2714 2848 
3 4293 5507 5128 
3 2579 3723 527 
3 4405 3592 4406 
3 3652 4406 3592 
3 5856 4670 2656 
3 4904 5324 5321 
3 3767 3210 3938 
3 5923 5058 5922 
3 3840 3940 4057 
3 3599 3942 3887 
3 3710 3945 3888 
3 4413 4720 4621 
3 3602 3599 3887 
3 3770 3769 3842 
3 3893 3661 3843 
3 3946 3603 3893 
3 3894 3603 3946 
3 3166 3174 2965 
3 3947 3948 3667 
3 3777 4414 3665 
3 3897 3847 3493 
3 2628 3007 3382 
3 315 2446 2442 
3 3848 3951 3779 
3 4190 2470 4204 
3 3901 3451 3954 
3 3721 3782 4341 
3 3039 3783 3116 
3 4155 3958 3850 
3 4946 2149 2558 
3 4792 5296 2986 
3 290 1294 3068 
3 3853 4245 3903 
3 4417 4160 4070 
3 3617 3901 3904 
3 2745 2763 2723 
3 3310 517 2551 
3 3902 3400 3730 
3 2056 4044 2073 
3 5669 5812 4667 
3 3857 3457 3732 
3 3627 3521 3462 
3 3569 3566 3412 
3 5431 2620 3370 
3 1931 530 521 
3 4019 4020 3863 
3 3797 3863 4020 
3 4512 4401 4789 
3 2723 2763 2741 
3 2508 751 5085 
3 4026 3626 3691 
3 3127 3109 1404 
3 2936 3301 4929 
3 3017 4187 36 
3 3971 3741 3968 
3 3240 457 3248 
3 1996 167 2024 
3 3975 3744 3977 
3 4085 3804 3870 
3 4669 3773 4668 
3 4669 135 3773 
3 5311 4056 3282 
3 3807 4030 3918 
3 5763 2445 856 
3 748 5893 2330 
3 3978 3871 3980 
3 3814 4031 4547 
3 4092 3872 3701 
3 4035 3814 4547 
3 4437 3750 3922 
3 3820 3818 3362 
3 924 4578 2293 
3 3584 3984 3987 
3 3676 2528 4917 
3 3989 3925 3924 
3 3925 3926 3924 
3 2733 1812 1367 
3 3925 3927 3926 
3 3823 3927 3925 
3 1125 3382 5251 
3 4392 2516 5210 
3 3995 3991 3752 
3 2627 2684 2680 
3 4900 2112 4511 
3 3996 3878 3827 
3 3752 3933 3995 
3 4629 5048 4216 
3 4131 3929 3993 
3 4246 5045 5050 
3 3808 4792 4926 
3 4133 4315 4050 
3 3526 2775 1573 
3 3881 4050 3645 
3 2491 2492 2552 
3 4134 3759 3707 
3 3544 3540 3381 
3 4225 3832 4050 
3 5207 5990 5587 
3 3881 3880 4133 
3 4224 3831 4135 
3 3831 3590 4135 
3 3834 4052 3648 
3 4586 3723 3725 
3 1955 5165 3024 
3 1287 449 878 
3 3648 4052 4053 
3 3269 909 3279 
3 3938 3594 4055 
3 910 1695 4511 
3 5819 5050 5817 
3 3436 4801 3595 
3 4712 4231 3597 
3 1251 3265 2252 
3 3768 3938 4138 
3 3938 3768 3767 
3 3839 4235 3939 
3 4240 4663 4652 
3 4140 3940 3941 
3 4057 3940 4140 
3 3628 3744 3743 
3 3885 3840 4057 
3 3943 3437 3710 
3 4135 3590 4051 
3 3801 5105 4709 
3 3721 4065 3850 
3 3842 4525 4002 
3 2355 5911 301 
3 3946 3893 4060 
3 3947 4145 4063 
3 4006 2450 2456 
3 3891 4412 4411 
3 4061 3894 3946 
3 4562 5765 4561 
3 5817 5040 4663 
3 3953 3610 3948 
3 4571 2727 2060 
3 2259 2971 3288 
3 3902 3951 3848 
3 4612 5743 4958 
3 3857 4247 3792 
3 4155 3850 4065 
3 1152 1107 1104 
3 4556 2709 4535 
3 4066 3901 4334 
3 5077 5489 5873 
3 3904 4011 4070 
3 4066 4011 3904 
3 3685 3859 4071 
3 4161 3618 4160 
3 3680 3618 4014 
3 5060 2484 4204 
3 1448 3550 4533 
3 3684 3510 3685 
3 4938 4950 3557 
3 4075 3908 3729 
3 3709 5022 5026 
3 4357 4827 5195 
3 2069 2487 2889 
3 4077 3734 3860 
3 4181 45 35 
3 3862 3794 4078 
3 5022 4199 5427 
3 4078 3794 3914 
3 4167 4019 3793 
3 4025 4026 3800 
3 2943 3376 2948 
3 3741 4026 3968 
3 692 753 816 
3 2713 3144 1804 
3 3969 3868 4536 
3 4614 5029 5814 
3 3744 3868 3743 
3 5638 2032 3191 
3 3976 3869 3917 
3 3806 4029 3697 
3 3697 4029 3977 
3 3917 3741 3971 
3 407 2054 4872 
3 4084 3976 3917 
3 2054 2872 4872 
3 3805 3804 4085 
3 2870 3235 3615 
3 3830 3764 3591 
3 3805 3981 3747 
3 3981 4030 3747 
3 3978 3806 3871 
3 3797 4020 4081 
3 3980 3748 3631 
3 2683 815 5372 
3 3920 4545 4259 
3 4353 3809 3921 
3 5604 2412 1215 
3 3610 3953 3671 
3 3609 4458 2862 
3 1072 1574 1073 
3 789 772 5671 
3 3922 3635 3873 
3 4545 3920 4089 
3 4550 4035 4547 
3 1810 3753 2606 
3 3121 5560 3909 
3 4969 5739 4970 
3 4040 4096 4037 
3 4096 4040 4041 
3 3989 3924 4129 
3 5204 369 2401 
3 3609 2862 3604 
3 4246 5050 5842 
3 5376 5548 5116 
3 4173 5095 4349 
3 1385 3824 2187 
3 2550 5975 2553 
3 3979 3177 2756 
3 3723 4139 527 
3 3933 4217 4132 
3 4445 1267 2461 
3 4131 3996 3827 
3 3933 4132 3995 
3 3879 3828 3878 
3 3735 4572 5405 
3 4629 3760 5048 
3 3759 4134 3757 
3 2753 2343 3905 
3 1304 4000 5319 
3 795 822 644 
3 4056 2099 3282 
3 4511 2112 910 
3 4872 2872 4489 
3 4322 4324 4054 
3 3338 3957 3501 
3 4406 3652 4407 
3 5817 5050 5045 
3 4712 3890 4001 
3 3941 3940 3839 
3 3878 3996 3879 
3 3942 4141 4329 
3 3942 3943 4141 
3 5390 2094 3161 
3 3769 3885 4057 
3 4004 2461 2036 
3 4141 3943 3888 
3 4140 4233 4057 
3 4076 3209 219 
3 4648 4354 4644 
3 3841 4330 3771 
3 3945 3771 4330 
3 4001 3890 4002 
3 3068 911 2639 
3 4146 3947 4063 
3 3947 3608 4145 
3 4146 3948 3947 
3 3667 3948 3610 
3 4003 3777 4005 
3 3897 4064 4005 
3 3951 4150 4064 
3 5835 5749 5075 
3 395 1383 5508 
3 3954 3671 3953 
3 4239 4334 3954 
3 3954 3953 4239 
3 2599 2426 2338 
3 4628 3957 3898 
3 3552 3718 3446 
3 3898 3722 4244 
3 2239 4535 2709 
3 2513 2525 1881 
3 3853 3957 4245 
3 5911 1661 5757 
3 5950 167 1996 
3 3526 1573 3523 
3 3215 3008 3322 
3 4341 3675 4069 
3 3901 4066 3904 
3 2699 4540 4533 
3 3906 3903 4068 
3 815 5669 4667 
3 3787 4728 3961 
3 4652 5040 3287 
3 4247 3857 3906 
3 4247 3859 3792 
3 1473 607 613 
3 3233 1553 5918 
3 5929 5921 2976 
3 4031 5184 4547 
3 4018 3734 4077 
3 3734 4018 3730 
3 3912 4167 3793 
3 3862 4078 3622 
3 2815 1131 5231 
3 4023 4020 4019 
3 3914 4080 4344 
3 4081 4169 3797 
3 4347 4080 3798 
3 3967 4347 3798 
3 2391 3159 4807 
3 3916 4348 3967 
3 2833 2830 3715 
3 25 74 5814 
3 3868 3975 4536 
3 3868 3744 3975 
3 3960 4435 557 
3 3870 3869 3976 
3 5026 5804 3248 
3 3978 3980 4256 
3 3978 4029 3806 
3 4176 3981 3805 
3 4185 5005 4191 
3 3918 4030 4258 
3 3980 3631 3918 
3 3292 2933 1334 
3 4304 2268 1840 
3 4464 4460 4470 
3 93 95 94 
3 4090 4179 3982 
3 1448 5727 2682 
3 4958 4107 5312 
3 4036 3987 3984 
3 1265 4925 1958 
3 2648 3138 3104 
3 5029 3733 4629 
3 4550 4183 4035 
3 1103 908 1328 
3 4267 4265 3816 
3 4447 3987 4036 
3 4825 4265 4267 
3 1920 1075 1583 
3 767 2154 5967 
3 4183 4446 4360 
3 3694 3740 3738 
3 5691 5312 4107 
3 4094 4188 4037 
3 4447 3923 3987 
3 4038 4040 4037 
3 5627 2281 889 
3 4038 4037 4468 
3 2213 5811 3944 
3 4094 4096 4100 
3 4477 4276 4192 
3 4807 349 856 
3 4177 4561 2088 
3 3705 3474 3429 
3 2122 4404 297 
3 4117 4116 4101 
3 4111 4117 4104 
3 4104 4117 4101 
3 4096 4041 4100 
3 4106 4118 4043 
3 3924 4127 4129 
3 4302 4502 3924 
3 5821 1467 5979 
3 3990 3927 3928 
3 4127 3924 4502 
3 4048 3989 4129 
3 3925 3989 4048 
3 4504 3926 3990 
3 4022 1655 1275 
3 3926 4504 4302 
3 3993 3929 4048 
3 5304 4937 4941 
3 4048 4509 3993 
3 4595 4129 4127 
3 3935 2790 2783 
3 3880 3879 4221 
3 409 4438 4428 
3 4013 1650 1655 
3 326 4013 1655 
3 1976 5348 3657 
3 2580 2469 2524 
3 3615 2059 3619 
3 5980 607 1473 
3 4320 3834 4225 
3 4134 3831 4224 
3 399 1502 1989 
3 1700 1707 1238 
3 4055 3317 4054 
3 4387 3314 1208 
3 1850 4428 4438 
3 4801 3436 4231 
3 4579 4115 1884 
3 5033 708 765 
3 54 53 8 
3 1145 1225 1509 
3 3652 3595 4801 
3 1494 2481 1327 
3 3658 4716 4235 
3 758 1963 3136 
3 5314 5049 4692 
3 3777 4003 4414 
3 5262 4427 4894 
3 5696 5700 3067 
3 4061 4062 3894 
3 3335 3848 3613 
3 3585 5570 2925 
3 5174 756 3136 
3 3822 3836 1883 
3 2355 3507 1564 
3 5690 5285 5288 
3 683 4144 765 
3 4148 4003 4005 
3 4005 4064 4148 
3 1574 537 1583 
3 3897 3951 4064 
3 3184 3183 3241 
3 1513 2535 800 
3 3948 4239 3953 
3 2386 2396 3422 
3 3898 4244 4628 
3 5289 3494 3985 
3 1615 1474 1478 
3 1944 2760 3121 
3 3700 3683 2837 
3 4236 1527 2833 
3 4081 4731 4169 
3 3772 3770 3842 
3 3850 3670 3721 
3 2017 2827 3193 
3 4018 3902 3730 
3 3906 4068 4247 
3 4905 4904 4016 
3 5682 3858 5257 
3 4161 4014 3618 
3 4335 3859 4247 
3 3623 3734 3730 
3 4071 4159 3685 
3 155 244 226 
3 4161 4075 4014 
3 3787 4162 4728 
3 4254 2266 2859 
3 3570 1245 3988 
3 4069 3910 4074 
3 4159 4077 3860 
3 4418 4069 4074 
3 5257 3858 2281 
3 2984 169 848 
3 1794 1621 1925 
3 4078 3910 3622 
3 5338 2200 447 
3 4346 4023 4167 
3 3608 3947 3667 
3 5691 3761 2289 
3 4023 4019 4167 
3 4344 4078 3914 
3 5566 3130 756 
3 4168 4344 4080 
3 2102 1611 35 
3 5737 715 1111 
3 4169 3865 3797 
3 4025 3865 4425 
3 4348 3916 4253 
3 3967 3739 3916 
3 3294 3623 3141 
3 3522 3741 3802 
3 3976 4427 3870 
3 1301 1480 1435 
3 2885 5194 2689 
3 4029 4255 3977 
3 4942 5728 5742 
3 509 1406 5813 
3 4257 4258 4030 
3 3413 4237 614 
3 3982 4032 4352 
3 949 3301 1723 
3 1216 3570 5605 
3 3756 3827 3878 
3 3254 1016 3758 
3 4443 4448 4554 
3 4648 3984 4354 
3 4357 4032 4179 
3 3897 3778 3951 
3 4183 4092 3701 
3 4437 4178 3750 
3 4015 5327 4028 
3 3933 3639 3934 
3 4090 4356 4179 
3 3277 3540 3321 
3 4360 4092 4183 
3 4094 4037 4096 
3 3233 5781 1553 
3 4097 4040 4038 
3 4374 4098 4192 
3 4374 4104 4098 
3 2535 5927 5843 
3 2307 3185 4590 
3 4919 5020 5016 
3 4097 4198 4040 
3 3775 3682 5268 
3 4098 4477 4192 
3 4104 4101 4098 
3 4108 4105 4196 
3 4196 4105 4197 
3 4101 4102 4477 
3 4098 4101 4477 
3 4108 4106 4105 
3 981 5172 5963 
3 3844 5524 4733 
3 4280 4041 4381 
3 4041 4040 4198 
3 2925 2043 4557 
3 4102 4101 4116 
3 4279 4111 4104 
3 4104 4277 4279 
3 4105 4106 4109 
3 4201 4111 4279 
3 4106 4108 4112 
3 5558 4342 3999 
3 5948 2776 5057 
3 4112 4118 4106 
3 4109 4043 4113 
3 178 3330 2288 
3 3966 5813 1406 
3 3775 5268 2289 
3 4122 4117 4111 
3 4913 2658 842 
3 4120 4119 4118 
3 4120 4288 4119 
3 5829 5989 5503 
3 4123 4117 4122 
3 1610 2054 5303 
3 4121 4043 4119 
3 3482 3090 4736 
3 4122 4206 4123 
3 4288 4291 4119 
3 3679 4070 4160 
3 3896 5966 5644 
3 1107 1152 1879 
3 4125 4212 4292 
3 5762 2709 4556 
3 33 5230 5628 
3 3876 1114 1101 
3 4917 2528 4900 
3 4498 4294 4494 
3 5321 1269 5327 
3 472 997 2358 
3 3841 3380 3440 
3 4133 3880 4221 
3 3542 349 3965 
3 4810 3919 2096 
3 4133 4221 4312 
3 4123 4488 4117 
3 5045 4246 4236 
3 4314 4315 4133 
3 4810 2096 5603 
3 4317 4225 4050 
3 4050 4315 4317 
3 3242 3937 5949 
3 3191 5977 4896 
3 4170 1862 3674 
3 1160 5866 1163 
3 2233 4325 329 
3 4135 4051 4228 
3 3380 3841 3771 
3 5743 4465 4343 
3 4051 3936 4611 
3 4611 5064 4228 
3 1667 1592 424 
3 5869 1044 5701 
3 4611 3936 4405 
3 890 1367 1812 
3 4407 3652 4801 
3 3148 2285 1856 
3 3842 4328 4525 
3 3458 3229 1507 
3 469 2224 2225 
3 2652 2419 2981 
3 2696 2280 1488 
3 4142 4615 3889 
3 3887 3942 4616 
3 3887 4616 4806 
3 1960 1518 51 
3 3893 3843 4331 
3 4806 4331 3843 
3 2311 2300 1563 
3 4884 4413 4061 
3 4061 4985 4884 
3 5895 4272 2270 
3 2761 2308 1844 
3 2879 1288 1773 
3 4003 4148 4624 
3 4433 4373 5587 
3 3763 619 1567 
3 3838 5135 4729 
3 3747 3698 3805 
3 2266 1866 5894 
3 4150 3951 3902 
3 4150 3902 4018 
3 3955 2648 2651 
3 4717 5714 3422 
3 2790 1986 3286 
3 3957 4628 4245 
3 5869 5701 5201 
3 4244 3722 3958 
3 5538 5388 2130 
3 4065 3721 4341 
3 230 2865 744 
3 4980 4716 4615 
3 3060 3483 2953 
3 3832 4225 3834 
3 1954 5950 1996 
3 3786 1118 88 
3 4747 4451 4659 
3 4248 4159 4071 
3 5563 2213 3070 
3 4335 4247 4339 
3 1980 1105 2447 
3 3908 4162 3787 
3 28 1611 598 
3 4420 4167 3912 
3 4167 4345 4346 
3 1195 71 3227 
3 2485 748 301 
3 5878 5946 2808 
3 5714 4710 3422 
3 3070 5614 3054 
3 3865 4169 4425 
3 4252 4026 4025 
3 4252 4027 4026 
3 4888 4424 4634 
3 4084 3968 4893 
3 3968 4084 3971 
3 3975 4173 4349 
3 4894 3976 4084 
3 4023 4081 4020 
3 5236 4780 5238 
3 3977 4255 4735 
3 4255 4029 4541 
3 4703 4710 5714 
3 3654 2311 2773 
3 4085 4350 4176 
3 5420 1940 4706 
3 4030 3981 4257 
3 4476 5295 5041 
3 1249 2798 4491 
3 4437 3922 4741 
3 5102 3922 3873 
3 2904 3491 1815 
3 5021 4921 4658 
3 4265 5102 3873 
3 3482 1132 3090 
3 4064 4150 4337 
3 4359 4092 4360 
3 5576 192 3434 
3 3829 3642 3705 
3 4657 605 2243 
3 4271 4037 4188 
3 3434 192 4254 
3 4188 4094 4463 
3 4037 4271 4468 
3 3364 1160 1163 
3 4174 2990 2619 
3 5817 5045 3727 
3 5150 3844 3377 
3 5080 3116 3783 
3 4192 4276 4473 
3 2646 3392 603 
3 2356 2502 2394 
3 3630 3359 3418 
3 4100 4108 4196 
3 1583 2555 1574 
3 4041 4280 4100 
3 3626 3741 3627 
3 4277 4104 4374 
3 4717 3431 3861 
3 603 3791 2646 
3 4100 4280 4108 
3 4480 4760 5043 
3 4198 4381 4041 
3 4109 4113 4105 
3 4105 4113 4278 
3 3086 2309 3476 
3 5135 3838 4733 
3 2300 2311 395 
3 4739 4091 4823 
3 4113 4281 4200 
3 4109 4106 4043 
3 4121 4205 4281 
3 4113 4121 4281 
3 3090 1898 4736 
3 4202 4122 4111 
3 4201 4202 4111 
3 4384 4118 4112 
3 4118 4119 4043 
3 2179 5807 3038 
3 4281 4207 4386 
3 4207 4281 4205 
3 4252 4892 4426 
3 4729 5123 3354 
3 4205 4121 4125 
3 2633 3369 3386 
3 4384 4287 4118 
3 4122 4202 4206 
3 219 4963 1892 
3 4123 4391 4488 
3 4287 4288 4120 
3 4291 4125 4119 
3 4205 4292 4207 
3 4123 4206 4209 
3 4292 4289 4207 
3 4206 4208 4209 
3 4391 4123 4209 
3 3330 1805 4618 
3 4205 4125 4292 
3 4125 4291 4212 
3 715 5737 2104 
3 4208 4296 4209 
3 4132 4217 4308 
3 1274 1719 1715 
3 4394 4291 4210 
3 2059 3615 2889 
3 4132 4306 3995 
3 2579 3725 3723 
3 5905 5915 5495 
3 219 1892 2717 
3 4048 4129 4509 
3 3369 2633 2996 
3 4604 4305 4308 
3 3993 4215 4131 
3 3755 3997 3877 
3 709 4387 1208 
3 3996 4131 4307 
3 4220 4221 4307 
3 4307 4221 3996 
3 4217 3877 4218 
3 4220 4312 4221 
3 3001 4813 4811 
3 3877 3997 4218 
3 1726 3260 3249 
3 2270 2688 5895 
3 4215 4307 4131 
3 3757 4313 3997 
3 4134 4224 4517 
3 4721 3876 1101 
3 2908 3272 2200 
3 3031 387 1299 
3 1104 1127 1152 
3 1526 5495 5491 
3 4324 4973 4055 
3 4142 3539 3891 
3 3830 4050 3832 
3 4055 4973 4523 
3 4343 4958 5743 
3 1053 817 5194 
3 2382 336 4388 
3 4523 4138 3938 
3 4800 4406 4407 
3 5067 4138 4523 
3 3939 4327 3941 
3 3939 4235 4327 
3 4387 1219 3314 
3 4328 4057 4233 
3 4329 4141 4409 
3 4141 3888 4410 
3 4143 2588 4157 
3 3942 4329 4616 
3 3893 4331 4060 
3 4145 4062 4413 
3 4413 4062 4061 
3 4145 4333 4146 
3 4064 4528 4148 
3 815 4655 5372 
3 5975 4782 2553 
3 2676 4016 3930 
3 2077 2232 2005 
3 454 1882 2327 
3 1399 4845 5568 
3 4066 4334 4626 
3 3785 3783 3039 
3 5054 4282 5482 
3 4150 4018 4340 
3 3859 4335 4071 
3 3725 2579 2593 
3 3903 4627 4068 
3 3211 3849 5845 
3 4210 4291 4288 
3 1445 5491 5988 
3 4335 4339 4809 
3 4627 3903 4245 
3 2082 2086 2241 
3 4714 4525 4328 
3 2285 1451 4007 
3 4018 4077 4340 
3 1189 5575 2963 
3 4340 4077 4159 
3 4630 4161 4160 
3 3005 2943 2948 
3 3789 3961 4728 
3 4421 4078 4344 
3 5759 2527 780 
3 3435 4051 3590 
3 4078 4421 3910 
3 4320 4052 3834 
3 3755 3829 3997 
3 3724 1931 1929 
3 4023 4633 4081 
3 3235 2050 2473 
3 4026 3741 3626 
3 4176 3805 4085 
3 4893 3968 4027 
3 4491 3247 1249 
3 1027 3007 3064 
3 4536 3975 4349 
3 4427 4085 3870 
3 4637 4256 3980 
3 4819 4085 4427 
3 4703 5714 5833 
3 4350 4431 4176 
3 5968 2835 362 
3 3978 4541 4029 
3 4230 3565 1049 
3 526 3037 3952 
3 4353 4031 4087 
3 4640 4352 4032 
3 4032 4357 4640 
3 3922 5102 4741 
3 907 904 807 
3 5021 4658 5115 
3 959 2551 517 
3 4364 4269 4838 
3 5892 5961 3813 
3 780 2527 2523 
3 5821 5661 1467 
3 4446 4183 4550 
3 3246 465 5335 
3 4418 4074 5084 
3 4260 2266 5894 
3 4273 4269 4364 
3 1117 1976 5880 
3 4263 4439 3872 
3 4273 4365 4269 
3 1310 5392 1172 
3 4229 1446 4227 
3 367 5898 392 
3 4094 4460 4463 
3 4703 5833 1112 
3 4469 4566 4369 
3 4369 4566 4368 
3 4473 4276 4368 
3 5730 5718 2096 
3 5029 4629 4216 
3 4273 4462 4469 
3 3226 3231 3078 
3 4275 4196 4376 
3 4102 4116 4483 
3 4097 4038 4676 
3 4197 4476 4376 
3 5896 5891 4222 
3 2745 2182 2763 
3 4278 4476 4197 
3 4197 4105 4278 
3 4112 4108 4280 
3 4661 5376 5028 
3 4529 1716 2936 
3 1340 2121 3676 
3 4675 4201 4279 
3 3278 2832 5046 
3 3791 139 3786 
3 4102 4483 4380 
3 4197 4376 4196 
3 1664 71 1195 
3 4680 4384 4112 
3 4116 4488 4483 
3 4675 4377 4672 
3 1417 2324 5716 
3 4564 4463 4563 
3 4287 4384 4580 
3 2642 2633 3386 
3 2709 3142 1403 
3 4487 4208 4206 
3 4365 4372 4378 
3 4492 4208 4487 
3 2994 3347 2873 
3 4423 4344 4168 
3 5915 5142 5495 
3 3988 974 3570 
3 4292 4298 4289 
3 4480 4200 4760 
3 4296 4208 4294 
3 1958 4925 4524 
3 4587 4772 4494 
3 4391 4209 4296 
3 3279 1708 3672 
3 4132 4308 4306 
3 4291 4295 4212 
3 4294 4492 4494 
3 5804 3699 3240 
3 4394 4295 4291 
3 4212 4297 4298 
3 4906 2916 4895 
3 4295 4299 4212 
3 1449 1626 1485 
3 4212 4299 4297 
3 2638 2209 3000 
3 4497 4595 4301 
3 2820 1722 3249 
3 4127 4301 4595 
3 4301 4502 4593 
3 3819 230 2611 
3 4502 4301 4127 
3 4895 2916 4058 
3 5684 1208 5663 
3 4700 4509 4129 
3 4170 3674 3699 
3 3993 4509 4215 
3 4667 5812 4682 
3 2908 2099 4056 
3 3369 2996 2092 
3 3808 5296 4792 
3 3991 4306 4305 
3 4305 4306 4308 
3 2756 3177 3164 
3 4217 4218 4308 
3 4218 4310 4308 
3 4308 4310 4309 
3 3684 3685 4159 
3 5233 3444 3919 
3 3274 2084 3651 
3 4310 4218 4513 
3 2154 767 4435 
3 2785 2654 2921 
3 4313 4218 3997 
3 3799 3739 3967 
3 4515 3757 4134 
3 3785 5111 3801 
3 5339 4671 470 
3 5338 435 449 
3 3991 3928 3752 
3 4799 4611 4405 
3 4523 3938 4055 
3 4800 4799 4405 
3 4405 4406 4800 
3 2411 1491 2415 
3 4142 4617 4981 
3 4715 4140 3941 
3 4579 3178 4115 
3 3941 4327 4804 
3 1909 1921 2734 
3 3889 4615 4716 
3 4141 4410 4978 
3 2601 4266 2404 
3 3945 4410 3888 
3 4142 3891 4411 
3 469 4822 2224 
3 1216 1215 4355 
3 4319 4517 4224 
3 4414 4620 4412 
3 4145 4413 4333 
3 4714 4328 4233 
3 2569 2466 2915 
3 1755 3788 308 
3 4926 5374 3348 
3 5557 3391 2053 
3 4414 4003 4808 
3 4079 4569 4574 
3 1251 1726 1722 
3 4148 4528 4624 
3 2046 5791 2903 
3 3742 1385 2979 
3 4528 4336 4335 
3 4150 4248 4337 
3 4014 4075 3729 
3 4071 4335 4336 
3 4150 4340 4248 
3 5776 979 2964 
3 4011 4626 4417 
3 4726 4628 4244 
3 4068 4339 4247 
3 4071 4337 4248 
3 3211 5988 3849 
3 5776 4596 979 
3 4011 4417 4070 
3 4251 5477 3765 
3 3203 1633 4771 
3 4576 4643 5374 
3 4248 4340 4159 
3 4065 4341 4418 
3 3523 5921 3515 
3 3948 4146 4239 
3 3649 4500 2500 
3 5052 88 619 
3 3934 3877 4217 
3 4420 3789 4728 
3 3889 3539 4142 
3 1978 2318 1926 
3 1966 4240 3287 
3 2958 2574 2161 
3 4423 4168 4424 
3 5719 4826 2948 
3 4080 4347 4424 
3 358 322 232 
3 1329 1716 4529 
3 4424 4347 4534 
3 4348 4534 4347 
3 2870 3615 2471 
3 4287 4120 4118 
3 4425 4635 4252 
3 4253 4536 4537 
3 4426 4893 4027 
3 4818 4084 4893 
3 3391 914 5172 
3 4252 4426 4027 
3 4525 4802 4001 
3 2154 4435 3960 
3 4256 4637 4738 
3 4820 4255 4541 
3 3982 4352 4351 
3 4259 4545 5006 
3 4345 4420 4886 
3 5648 5314 5232 
3 4259 4644 4354 
3 4436 4353 3921 
3 424 5732 2478 
3 5762 3142 2709 
3 4663 5040 4652 
3 3769 4328 3842 
3 4091 4443 4823 
3 4049 3564 4950 
3 4179 4827 4357 
3 4179 4356 4827 
3 4637 4258 4897 
3 844 4422 1245 
3 721 3700 2837 
3 4362 4448 4184 
3 4448 4091 4184 
3 5558 5150 3377 
3 4462 4364 4923 
3 4685 4811 3517 
3 4112 4280 4680 
3 1226 2586 202 
3 4364 4462 4273 
3 4460 4275 4470 
3 4116 4117 4488 
3 4566 4930 4368 
3 4359 4263 4092 
3 4094 4275 4460 
3 4368 4276 4369 
3 4473 4377 4374 
3 2523 5000 780 
3 4273 4372 4365 
3 4275 4376 4470 
3 2036 3199 4415 
3 4275 4094 4100 
3 2745 2170 3614 
3 642 4947 1101 
3 4675 4277 4377 
3 4277 4374 4377 
3 4341 3782 3675 
3 2832 4614 5046 
3 3453 3460 4960 
3 5343 4034 4028 
3 4382 4201 4478 
3 4680 4381 4575 
3 4573 4381 4198 
3 4280 4381 4680 
3 4487 4202 4382 
3 5727 2676 2682 
3 4483 4488 4581 
3 4582 4577 4386 
3 4488 4285 4581 
3 5253 5223 5638 
3 4386 4289 4582 
3 4391 4588 4285 
3 4765 4288 4287 
3 4288 4765 4210 
3 3057 3154 2893 
3 4588 4391 4592 
3 4366 4283 3553 
3 5731 5492 3966 
3 4592 4391 4296 
3 5475 5794 1256 
3 4294 4498 4296 
3 4296 4499 4592 
3 4956 4295 4694 
3 3089 5322 3095 
3 4385 2414 5189 
3 3761 5691 4107 
3 1447 1446 4229 
3 4301 4593 4865 
3 4299 4594 4297 
3 4864 4595 4497 
3 5482 4282 3821 
3 4299 4598 4594 
3 3990 4305 4505 
3 3031 3038 387 
3 4170 2769 1862 
3 4399 4604 4308 
3 4401 4307 4215 
3 4790 4310 4513 
3 4512 4307 4401 
3 4512 4220 4307 
3 4707 4220 4512 
3 5123 3821 3354 
3 4761 4680 5132 
3 2666 4086 5859 
3 4312 4707 4314 
3 4220 4707 4312 
3 4314 4133 4312 
3 4941 4585 4860 
3 4124 4152 4589 
3 1211 4388 336 
3 2455 1536 4668 
3 4397 2555 4402 
3 4320 4970 4052 
3 5688 4485 5318 
3 4971 4054 4053 
3 423 322 358 
3 5992 4555 2559 
3 5054 5482 5867 
3 3266 2073 4044 
3 3945 4330 4410 
3 5855 5937 2634 
3 4203 1817 4195 
3 2298 4157 4158 
3 1574 519 537 
3 5302 5682 5257 
3 5491 4318 5988 
3 4413 4621 4333 
3 4319 4968 4517 
3 2639 4878 1715 
3 4333 4416 4146 
3 3168 4571 4578 
3 4335 4809 4528 
3 4334 4239 4416 
3 3717 527 4139 
3 1715 4876 3492 
3 4416 4626 4334 
3 1477 648 5550 
3 4627 4809 4339 
3 4337 4071 4336 
3 4626 4011 4066 
3 4627 4245 4628 
3 4155 4989 3958 
3 2711 15 5865 
3 4417 4725 4630 
3 4417 4630 4160 
3 4069 4418 4341 
3 4302 3924 3926 
3 4995 4075 4161 
3 4570 3700 2273 
3 5171 4728 4162 
3 4531 3908 4075 
3 4421 4344 4423 
3 4074 3910 4421 
3 4346 4345 4730 
3 4731 4425 4169 
3 4534 4348 4537 
3 5558 3377 2952 
3 2410 2578 2364 
3 5556 4756 5124 
3 4173 3977 4735 
3 4427 3976 4894 
3 5262 4819 4427 
3 5557 914 3391 
3 4431 4432 4176 
3 4176 4432 3981 
3 4896 1271 3262 
3 4561 3577 4562 
3 4898 4352 4640 
3 4434 4089 4739 
3 2350 3123 3124 
3 4437 4741 5523 
3 4816 4815 4631 
3 5523 4646 4437 
3 3577 2041 3127 
3 4090 3982 4740 
3 4753 4466 5037 
3 4823 4444 4902 
3 4923 4364 4661 
3 4827 4356 4744 
3 4447 4036 4908 
3 4443 4091 4448 
3 4616 4805 4806 
3 2753 2350 2343 
3 4448 4654 4554 
3 4651 4267 3816 
3 2715 3567 4049 
3 4553 4361 4447 
3 5627 5257 2281 
3 4362 4361 4553 
3 4452 4454 4450 
3 4450 4454 4451 
3 4454 4558 4451 
3 5241 5148 1442 
3 4558 4454 4453 
3 4908 4911 4447 
3 2133 3950 3952 
3 3949 4849 4842 
3 4563 4452 4662 
3 4454 4461 4453 
3 4563 4662 4564 
3 4303 3086 4734 
3 5334 1631 5331 
3 4753 4269 4466 
3 4364 4838 4560 
3 3018 3074 2850 
3 4563 4463 4460 
3 4460 4464 4461 
3 2895 3647 5288 
3 4462 4566 4469 
3 4567 4568 4368 
3 4210 4692 4694 
3 4473 4368 4568 
3 4492 4587 4494 
3 4251 3313 5477 
3 2658 1746 3554 
3 4473 4568 4377 
3 4273 4469 4372 
3 4372 4469 4369 
3 4369 4378 4372 
3 4377 4568 4672 
3 4737 1149 1928 
3 4376 4476 5041 
3 4477 4479 4378 
3 4279 4277 4675 
3 4476 4278 4480 
3 4201 4675 4478 
3 4676 4573 4097 
3 4278 4200 4480 
3 874 993 922 
3 4113 4200 4278 
3 3551 3992 2825 
3 4200 4281 4577 
3 4577 4582 4851 
3 4281 4386 4577 
3 5627 5638 5223 
3 5967 792 5951 
3 4382 4383 4487 
3 4383 4681 4487 
3 4584 4492 4681 
3 4722 1136 3819 
3 4681 4492 4487 
3 5330 5748 5505 
3 4684 4287 4580 
3 2596 213 3463 
3 5158 635 1578 
3 1985 1133 2839 
3 4905 4016 2676 
3 4210 4694 4394 
3 4869 5627 5223 
3 4686 4289 4495 
3 2289 5268 5691 
3 5189 2815 4385 
3 4498 4499 4296 
3 3871 3748 3980 
3 4543 440 1285 
3 4498 4503 4499 
3 3085 5327 4015 
3 4699 4503 4498 
3 4317 4315 4516 
3 5303 1061 1062 
3 2389 2495 2390 
3 4503 4592 4499 
3 4295 4598 4299 
3 3773 5094 3780 
3 4875 5409 5238 
3 4777 4504 4505 
3 4305 4603 4505 
3 4604 4399 4507 
3 4704 4507 4606 
3 4305 4604 4603 
3 4507 4399 4606 
3 4510 4215 4509 
3 3086 1892 2301 
3 4309 4399 4308 
3 4401 4215 4510 
3 3059 4264 824 
3 407 4012 844 
3 4790 4309 4310 
3 3189 2777 3668 
3 4606 4788 4965 
3 3647 2895 3269 
3 2742 1886 1048 
3 4000 4885 5709 
3 4515 4313 3757 
3 1550 3108 1934 
3 4515 4134 4517 
3 2984 4373 3884 
3 3313 3327 5477 
3 4971 4053 4970 
3 178 1306 3330 
3 5380 5959 5214 
3 4054 4971 4322 
3 4490 911 3068 
3 4470 4376 5039 
3 4523 4973 4711 
3 3505 3073 5700 
3 4115 5396 1884 
3 4233 4140 4882 
3 4140 4715 4882 
3 3941 4804 4715 
3 2554 691 2553 
3 2783 3223 3935 
3 5858 5435 4355 
3 21 1044 1886 
3 1738 4000 813 
3 4617 4142 4411 
3 812 5640 5854 
3 4806 4984 4331 
3 3265 4390 2837 
3 4765 4763 5232 
3 4621 4416 4333 
3 2963 4099 2064 
3 1799 3737 4195 
3 2056 2478 4044 
3 2775 1187 1573 
3 4189 977 5370 
3 4626 4416 4724 
3 4244 4989 4726 
3 4379 5194 2885 
3 5191 4379 2885 
3 4162 3908 4531 
3 2973 4572 3735 
3 5251 3382 3007 
3 4423 4631 4421 
3 2862 3235 2473 
3 4463 4564 4188 
3 4423 4632 4631 
3 3774 3558 5637 
3 4608 1185 5786 
3 5191 3484 3058 
3 3491 4776 1815 
3 4569 4082 3589 
3 4424 4534 4634 
3 4731 4081 4633 
3 2681 5098 4698 
3 4250 181 1055 
3 2764 3169 3114 
3 4535 2239 4942 
3 4652 3287 4240 
3 4537 4348 4253 
3 5335 1953 5878 
3 4819 5264 4350 
3 5095 4173 5261 
3 4457 2050 861 
3 5132 4575 4759 
3 5868 5287 2711 
3 4735 4255 5263 
3 3760 1960 573 
3 3727 5045 2833 
3 3981 4432 4257 
3 4351 4352 4898 
3 3715 3727 2833 
3 4903 4547 5184 
3 4473 4374 4192 
3 3866 2403 3849 
3 4178 4437 4646 
3 4250 1849 631 
3 5293 4649 2476 
3 4034 4938 3546 
3 3912 3789 4420 
3 1954 894 5331 
3 5302 3682 89 
3 5296 4703 1112 
3 4743 4263 4552 
3 3756 3828 3643 
3 1756 4762 3058 
3 4554 4444 4443 
3 5915 3883 3481 
3 1340 2549 49 
3 4553 4911 4914 
3 4450 4451 4747 
3 4490 4485 5688 
3 4560 5376 4661 
3 1862 5529 3674 
3 3858 5682 3970 
3 4453 4461 4664 
3 972 2685 980 
3 2243 614 4237 
3 3905 2343 1934 
3 4838 4269 4753 
3 4733 3838 3844 
3 4754 4566 4462 
3 4930 4566 4754 
3 5201 4654 4915 
3 5510 5732 44 
3 4676 4038 4472 
3 4276 4378 4369 
3 5627 889 5638 
3 3291 2288 5312 
3 5441 3786 139 
3 2256 2220 2033 
3 4676 4758 4573 
3 4958 4601 4612 
3 4573 4759 4575 
3 4479 4102 4380 
3 4384 4680 4580 
3 4383 4382 4678 
3 78 1079 1900 
3 4383 4939 4681 
3 4760 4200 4577 
3 3509 1814 5871 
3 4519 5728 1746 
3 3991 4305 3990 
3 2219 3378 5595 
3 116 626 1581 
3 4765 4287 4684 
3 3882 392 3041 
3 4492 4584 4587 
3 5915 5909 3883 
3 4686 4495 4688 
3 4471 3494 5289 
3 5804 3240 3248 
3 5383 5795 5125 
3 4495 4773 4688 
3 2326 2734 1921 
3 4905 2676 5333 
3 4495 4496 4773 
3 3457 3857 3792 
3 3589 4082 3144 
3 4781 4509 4700 
3 5094 4293 2919 
3 2919 2000 5094 
3 4772 4697 4699 
3 2620 1412 3370 
3 4864 4870 4595 
3 4699 4498 4494 
3 4598 4295 4956 
3 4963 3209 222 
3 211 3065 1493 
3 4870 4700 4595 
3 4503 4780 4592 
3 176 5992 2559 
3 1866 1867 4270 
3 4504 4777 4871 
3 5565 5486 2201 
3 4129 4595 4700 
3 3292 1334 925 
3 4502 4302 4504 
3 3876 1898 1114 
3 1605 4520 1592 
3 4770 4507 4602 
3 4604 4507 4770 
3 3713 4199 3709 
3 4507 4704 4602 
3 4145 3608 4062 
3 2233 1352 4638 
3 4509 4781 4510 
3 1079 1092 3616 
3 4789 4401 4510 
3 4399 4788 4606 
3 1048 1886 1044 
3 4707 4512 4789 
3 4303 2717 1892 
3 1352 890 873 
3 5062 4513 4313 
3 4218 4313 4513 
3 5206 5205 5016 
3 5753 4717 5127 
3 5971 5324 4905 
3 726 4211 5300 
3 3863 3795 3412 
3 4970 4053 4052 
3 4336 4064 4337 
3 2446 3604 1247 
3 3305 4246 4691 
3 3959 4844 4419 
3 5297 5219 5043 
3 4801 4231 5156 
3 4802 4712 4001 
3 4641 3754 4203 
3 4409 4718 4329 
3 4327 4235 4716 
3 4615 4142 4981 
3 4410 4330 4979 
3 4984 4060 4331 
3 5329 4617 4620 
3 4985 3946 4060 
3 4244 3958 4989 
3 4720 4413 4884 
3 3890 4712 3597 
3 2719 3589 3567 
3 4985 4061 3946 
3 4621 4720 4623 
3 4724 4621 4623 
3 4080 4424 4168 
3 4809 4723 4528 
3 5919 695 2406 
3 4155 4065 4992 
3 1739 2588 4143 
3 5164 3346 3357 
3 3575 3567 3589 
3 3760 573 4251 
3 4995 4161 4630 
3 3554 1746 839 
3 4689 4862 5137 
3 4531 4075 4995 
3 4669 4668 2856 
3 3742 4157 2588 
3 3315 4544 2557 
3 4421 5084 4074 
3 4421 4631 4815 
3 3413 622 3029 
3 4664 5215 4752 
3 4776 3749 1815 
3 4424 4888 4423 
3 5985 3930 4016 
3 2266 4254 192 
3 4889 4425 4731 
3 4690 4285 4588 
3 252 2488 2547 
3 3581 3748 3871 
3 4635 4892 4252 
3 5287 5868 1023 
3 3615 4022 2471 
3 5261 4173 4735 
3 4438 5290 1006 
3 1739 2558 2149 
3 4115 3178 402 
3 5640 2691 5861 
3 4257 4432 4639 
3 4431 4350 5181 
3 2790 4784 3159 
3 1650 2849 4890 
3 4639 4258 4257 
3 5264 4819 5262 
3 4894 4084 4818 
3 2017 3193 2401 
3 4740 4645 4262 
3 4178 4646 4650 
3 2017 369 381 
3 2551 959 1348 
3 3484 1756 3058 
3 4262 4744 4356 
3 4464 4470 5039 
3 4648 4439 4743 
3 3398 4703 5296 
3 5542 5365 5537 
3 3287 5040 3275 
3 315 2442 2414 
3 3440 3221 3167 
3 4362 4184 4361 
3 4914 4362 4553 
3 176 691 2554 
3 4553 4447 4911 
3 4658 4450 4919 
3 4919 4450 4747 
3 4647 3754 4641 
3 4457 2704 5254 
3 4560 4661 4364 
3 3733 1518 4629 
3 5700 3073 3067 
3 1773 1288 746 
3 4453 4752 4751 
3 4110 4124 4103 
3 4454 4452 4563 
3 4461 4464 4664 
3 5215 4664 4464 
3 4201 4382 4202 
3 3966 3094 5731 
3 4846 4468 4271 
3 4126 4110 4574 
3 5037 4466 4932 
3 4472 4846 4756 
3 2741 2763 3986 
3 5178 5091 4636 
3 1864 2189 1948 
3 4930 4567 4368 
3 4676 4472 4756 
3 4493 3247 4491 
3 1446 2224 1824 
3 5353 4901 4907 
3 4936 5729 3323 
3 4285 4488 4391 
3 4675 4674 4478 
3 4757 4478 4674 
3 2522 2526 3282 
3 124 728 1669 
3 4478 4757 4382 
3 4382 4850 4678 
3 4575 4381 4573 
3 4764 5138 4683 
3 5812 3822 4682 
3 4263 4359 4552 
3 4857 4851 4582 
3 3248 1907 5026 
3 4860 4585 4686 
3 3274 2916 2459 
3 5039 5041 5125 
3 5796 4170 3699 
3 4185 3692 5005 
3 4289 4686 4585 
3 4692 4210 4765 
3 4689 4587 4584 
3 4690 4588 4768 
3 2895 909 3269 
3 4688 4773 4766 
3 2807 3781 2401 
3 5228 4811 4813 
3 4298 4495 4289 
3 1695 458 2509 
3 5909 5915 5905 
3 3246 2084 3274 
3 1222 3874 2171 
3 5431 3751 2620 
3 2878 2438 3305 
3 4594 4598 4778 
3 2447 2444 1980 
3 4871 4502 4504 
3 4667 4655 815 
3 4496 4594 4773 
3 624 623 378 
3 894 2881 2057 
3 2075 2071 2889 
3 4503 4699 4780 
3 4594 4778 4874 
3 3663 3688 3693 
3 4603 4777 4505 
3 2064 1189 2963 
3 4067 4083 3163 
3 4604 4702 4603 
3 4239 4146 4416 
3 4602 4704 4875 
3 4787 4783 4786 
3 4510 4781 4783 
3 4787 4510 4783 
3 4781 5313 4783 
3 2783 847 5931 
3 2872 2057 2881 
3 4966 4510 4787 
3 4152 3688 4589 
3 4589 3688 3663 
3 4510 4966 4789 
3 2195 4485 1293 
3 4752 4453 4664 
3 5412 4707 4789 
3 3189 3668 4152 
3 4515 4517 5063 
3 3235 2862 4458 
3 1986 2391 3407 
3 5063 4517 4968 
3 4973 4324 4798 
3 4064 4336 4528 
3 4231 4712 4975 
3 2790 3286 2783 
3 4975 4712 4802 
3 4233 4882 4714 
3 4714 5071 5159 
3 3065 2700 1493 
3 4589 3663 3632 
3 4329 4718 4616 
3 4633 4023 4346 
3 4411 4620 4617 
3 4985 4060 4984 
3 5519 5693 5182 
3 5223 5253 4506 
3 5743 4618 4465 
3 4416 4621 4724 
3 5344 5712 2472 
3 4809 4627 5249 
3 5467 4457 861 
3 4630 4725 4988 
3 5382 5641 5892 
3 977 4189 5344 
3 2050 4457 5254 
3 817 1053 361 
3 4728 5171 4886 
3 4420 4728 4886 
3 4269 4365 4466 
3 2014 1185 4608 
3 5068 3495 5874 
3 4631 4632 4816 
3 1931 521 1929 
3 5087 4816 4632 
3 4423 4888 4632 
3 4817 4633 5086 
3 4103 4589 3632 
3 3249 4073 2820 
3 3278 4669 2856 
3 4636 4534 4537 
3 4891 4536 4349 
3 2749 2345 3121 
3 3980 3918 4258 
3 5166 5082 5081 
3 4820 4541 4256 
3 5317 5055 5569 
3 5885 2029 5786 
3 2436 3193 2827 
3 5181 4432 4431 
3 4740 4351 5097 
3 1072 363 1574 
3 4353 4436 5185 
3 869 896 2475 
3 4821 4434 4739 
3 631 181 4250 
3 4708 5936 3283 
3 3982 4351 4740 
3 4640 4907 4901 
3 3781 5204 2401 
3 5265 4646 5523 
3 49 2549 2143 
3 5186 5102 5267 
3 4648 4436 4439 
3 4648 4644 4436 
3 3949 4842 5247 
3 2680 3972 3530 
3 4744 4645 5106 
3 4907 4357 5195 
3 1346 1801 2699 
3 4886 5679 5337 
3 3308 4946 3301 
3 4124 4110 4126 
3 4999 4418 4815 
3 4744 5271 4827 
3 3021 5146 3950 
3 4911 4552 5200 
3 4909 4825 4267 
3 4982 5504 5667 
3 3086 3476 4734 
3 5448 5355 5190 
3 4919 4918 4658 
3 4832 4747 4659 
3 4752 4924 4749 
3 4558 4751 4659 
3 4751 4752 4749 
3 4390 4441 2799 
3 454 5738 4171 
3 4462 4923 4836 
3 1320 4012 4841 
3 3825 3812 1273 
3 830 5985 4904 
3 4837 4838 4753 
3 4477 4102 4479 
3 4461 4563 4460 
3 4662 4839 4564 
3 4049 4540 2715 
3 4614 3724 5029 
3 4564 4665 4271 
3 4452 4450 4662 
3 5883 5879 5785 
3 4853 4491 2786 
3 3430 5712 5772 
3 4846 4271 4665 
3 3737 1799 761 
3 5312 5691 4927 
3 3549 4419 3149 
3 5173 5436 4993 
3 4894 4818 5345 
3 3291 5312 4927 
3 5386 5220 4479 
3 2916 4906 482 
3 4551 5302 4899 
3 4382 4757 4850 
3 5093 773 318 
3 4760 4577 4851 
3 3837 3358 5128 
3 4083 4110 4095 
3 5016 5019 5206 
3 4110 4083 4079 
3 4680 4761 4580 
3 4539 2745 3614 
3 5854 5694 5189 
3 5142 3464 3024 
3 4925 3089 316 
3 4683 4483 4581 
3 4306 3991 3995 
3 2648 3104 2673 
3 5691 5268 4927 
3 4683 4581 4764 
3 5680 5755 2503 
3 4860 4686 4861 
3 4688 4866 4861 
3 4688 4766 4866 
3 4587 4689 4767 
3 4497 4865 4864 
3 5949 3937 5196 
3 5137 4770 4767 
3 1892 4963 2301 
3 1412 3378 3370 
3 4857 4941 4937 
3 4772 4767 4602 
3 4767 4770 4602 
3 4592 4774 4696 
3 4773 4775 4766 
3 1995 2455 2000 
3 4772 4602 4697 
3 4079 4083 4082 
3 4594 4874 4599 
3 4773 4779 4775 
3 2013 1007 401 
3 4964 4599 4874 
3 4599 4773 4594 
3 3159 2391 1986 
3 2411 1074 1491 
3 4569 4079 4082 
3 4779 4873 4775 
3 4602 4875 4697 
3 4875 4780 4697 
3 4702 4777 4603 
3 5672 2242 1394 
3 3505 4885 2185 
3 4779 4786 4873 
3 4786 4783 4873 
3 561 2188 3000 
3 1966 2408 1508 
3 4697 4780 4699 
3 4781 4870 5313 
3 4779 5149 4786 
3 1764 1300 1418 
3 4899 5302 5257 
3 5149 4966 4786 
3 5080 3309 4691 
3 693 2683 5372 
3 3972 3979 3956 
3 4152 3668 3688 
3 4959 5235 5053 
3 4788 5151 4965 
3 2071 2075 1287 
3 3935 3223 2775 
3 4309 4790 4788 
3 4524 5367 1958 
3 339 933 3032 
3 5412 5154 4707 
3 5638 3191 5253 
3 3265 5268 3682 
3 5346 4639 4432 
3 4899 5257 5627 
3 5415 4317 4516 
3 4974 4800 4407 
3 2050 2048 2473 
3 4974 4972 4800 
3 2681 4698 4024 
3 4624 4723 4808 
3 4974 4407 4801 
3 4932 5294 5382 
3 5067 5070 4138 
3 4330 5070 4979 
3 1606 5840 710 
3 4714 5159 4525 
3 4327 4883 4804 
3 4899 5627 4073 
3 4410 4979 4978 
3 4972 5244 4799 
3 3589 3144 3575 
3 4981 4617 4982 
3 2699 4533 3550 
3 4974 5156 5065 
3 4700 4870 4781 
3 5705 2300 395 
3 5330 4620 4414 
3 4414 4808 5330 
3 4623 4720 4986 
3 5081 4623 4986 
3 4626 4724 5082 
3 2551 1348 3689 
3 5250 4809 5249 
3 5336 4627 4628 
3 603 3392 3395 
3 2760 751 3130 
3 4442 772 3044 
3 4630 4988 4812 
3 2491 2876 2732 
3 4993 4992 4065 
3 3783 3309 5080 
3 4072 3282 1329 
3 4996 4162 4531 
3 5169 4531 4995 
3 4049 3575 3564 
3 4345 4886 4998 
3 4049 3567 3575 
3 3883 5127 4316 
3 2862 1247 3604 
3 4730 5086 4633 
3 748 2330 2343 
3 5059 1383 2263 
3 4888 5087 4632 
3 4817 4731 4633 
3 3967 4348 4347 
3 4124 4589 4103 
3 4634 4534 4636 
3 4635 4425 4889 
3 4537 4536 4891 
3 4073 5627 4869 
3 5341 4349 5095 
3 919 3690 910 
3 2656 1447 5856 
3 3042 966 1977 
3 5982 5981 3171 
3 4738 4820 4256 
3 4897 5182 4637 
3 4897 4258 4639 
3 4545 4434 5006 
3 5521 5097 4351 
3 4898 4640 4901 
3 2456 4890 2849 
3 4540 4950 1538 
3 4640 4357 4907 
3 3476 2316 2734 
3 523 524 501 
3 5097 4645 4740 
3 4902 4821 4739 
3 4126 3187 3189 
3 2446 1247 2442 
3 137 146 106 
3 5100 5010 4645 
3 4540 2699 2715 
3 5101 4650 4646 
3 4115 402 5396 
3 5491 3452 4318 
3 4651 4650 5101 
3 4547 4903 4550 
3 4645 5097 5100 
3 751 756 3130 
3 4902 4739 4823 
3 4262 4645 4744 
3 4743 4552 4908 
3 3672 1708 3677 
3 3911 71 1664 
3 5020 5019 5016 
3 4912 4267 4651 
3 352 761 941 
3 4444 4554 5014 
3 5994 5447 5769 
3 5107 4914 4911 
3 2024 167 5784 
3 4654 5014 4554 
3 1700 3874 1222 
3 5201 5014 4654 
3 4654 4914 4915 
3 4362 4914 4654 
3 2901 2899 2630 
3 4834 3460 3463 
3 3564 3128 2244 
3 4829 4832 4751 
3 4830 4829 4831 
3 4658 4918 5115 
3 683 765 5835 
3 4659 4751 4832 
3 3849 4318 3866 
3 5254 2691 2048 
3 4919 4747 4832 
3 4831 4829 4751 
3 5006 5347 5183 
3 1661 876 5683 
3 3354 3364 4729 
3 5014 5359 4444 
3 4749 4831 4751 
3 4749 4750 4831 
3 2259 5753 5909 
3 4750 4922 4835 
3 4450 4658 4921 
3 4662 5119 4839 
3 2414 2442 812 
3 4750 4749 4924 
3 5032 4836 5027 
3 1814 1807 4708 
3 5215 5031 4752 
3 4462 4836 4754 
3 4930 4754 5032 
3 4464 5038 5215 
3 4930 5216 4567 
3 2288 3330 4601 
3 2309 3086 2301 
3 4932 4365 4378 
3 4758 4676 4756 
3 4110 4103 4095 
3 4825 4909 5451 
3 1397 3398 1387 
3 4480 5219 4476 
3 2301 1519 2309 
3 4856 4380 4483 
3 3059 5196 3524 
3 4854 4479 4380 
3 5141 4690 4768 
3 5386 4479 4854 
3 4680 4575 5132 
3 4857 4937 4851 
3 4678 4939 4383 
3 5548 5376 5377 
3 3515 5921 1564 
3 5746 5664 3233 
3 4412 4620 4411 
3 4580 5133 4684 
3 4940 4689 4584 
3 5123 5482 3821 
3 840 1019 955 
3 4688 4861 4686 
3 1101 4947 4721 
3 4592 4696 4588 
3 4860 4861 4944 
3 4285 4690 4764 
3 2405 1536 1674 
3 5590 1208 3314 
3 4766 4775 4866 
3 4593 5229 4865 
3 1708 4622 3293 
3 4694 4692 5049 
3 4864 4952 4870 
3 3921 3872 4439 
3 4523 4711 5067 
3 4694 5049 4956 
3 4593 4871 5234 
3 1169 3712 5955 
3 4803 1211 3542 
3 59 38 66 
3 4961 4871 4777 
3 4777 4702 4961 
3 4687 2802 1896 
3 5318 1737 5688 
3 5053 4598 4956 
3 5977 151 4896 
3 4485 4490 1294 
3 3765 5048 3760 
3 4778 4598 5053 
3 556 531 346 
3 5878 2808 5335 
3 5238 4780 4875 
3 2579 535 2593 
3 4599 4779 4773 
3 1522 1107 1503 
3 5784 167 5780 
3 4599 4964 4779 
3 642 4976 5744 
3 4964 5149 4779 
3 4774 4962 4696 
3 4571 3168 2727 
3 4272 3171 2270 
3 1887 1507 3229 
3 4787 4786 4966 
3 2471 5467 861 
3 4788 4399 4309 
3 4790 5151 4788 
3 4513 5414 4790 
3 2688 200 5104 
3 4977 686 222 
3 4516 4707 5154 
3 4776 4762 3477 
3 3124 3507 2350 
3 4322 4971 4798 
3 5260 3527 1655 
3 4698 648 4024 
3 3292 5315 4532 
3 5740 5499 5577 
3 3696 5957 5953 
3 2681 1856 2841 
3 5292 4932 5382 
3 4482 2449 386 
3 5071 4714 4882 
3 5007 683 5991 
3 4883 4327 4716 
3 3523 2976 5921 
3 4525 5159 4802 
3 205 5955 3712 
3 5175 3515 3507 
3 4616 4718 4805 
3 4763 4765 4684 
3 5922 5058 4182 
3 4980 5328 5666 
3 5039 5125 5038 
3 1553 5991 5918 
3 5660 2306 5740 
3 5672 1055 181 
3 4574 4110 4079 
3 4720 4884 4986 
3 1578 635 1146 
3 4724 4623 5081 
3 3567 2715 2719 
3 5163 5328 4981 
3 4726 4989 5511 
3 4065 4418 4993 
3 2350 301 748 
3 622 3413 614 
3 2250 1055 2248 
3 994 1903 3758 
3 2473 2048 2862 
3 4996 5171 4162 
3 4998 5591 4730 
3 4346 4730 4633 
3 5087 4888 5177 
3 3894 4062 3490 
3 3966 5492 5813 
3 4891 4349 5341 
3 5179 4893 4426 
3 5593 5001 5340 
3 3391 484 2053 
3 4837 4560 4838 
3 963 2691 5640 
3 5345 4818 5004 
3 3339 4722 5118 
3 4656 1040 3944 
3 5252 5169 4995 
3 4353 5185 5184 
3 3108 1550 2331 
3 5265 5101 4646 
3 2219 5051 5444 
3 4821 4902 5446 
3 14 1611 1127 
3 4824 4825 5451 
3 5017 5020 4829 
3 5106 5271 4744 
3 1944 2345 4223 
3 4827 5271 5362 
3 176 2554 5992 
3 4909 4267 4912 
3 925 482 3292 
3 4918 5016 5205 
3 5017 4829 4830 
3 4662 4450 4921 
3 4830 5113 5018 
3 4918 4919 5016 
3 2246 2244 3128 
3 4919 4832 5020 
3 2122 5146 3021 
3 4258 4637 3980 
3 4831 4835 5025 
3 5367 4524 3109 
3 4950 3564 3557 
3 5909 5753 5127 
3 2916 3274 4058 
3 2799 2516 4390 
3 2919 626 2000 
3 200 5660 590 
3 4837 5376 4560 
3 5221 1271 151 
3 5028 4836 4923 
3 5028 4923 4661 
3 4839 5119 4928 
3 4752 5031 4924 
3 5305 5225 4939 
3 4672 5217 4674 
3 4068 4627 4339 
3 5032 5216 4930 
3 5347 4371 5522 
3 4751 4558 4453 
3 2224 157 1824 
3 5294 4932 4378 
3 5217 4672 4931 
3 2375 1552 4136 
3 4798 4324 4322 
3 5219 5295 4476 
3 5495 5142 5491 
3 5129 4757 4674 
3 4813 2104 5228 
3 1867 1866 1482 
3 4236 2833 5045 
3 5131 5386 4854 
3 4758 5480 4759 
3 2285 581 1451 
3 4760 4851 5043 
3 2892 2509 3251 
3 991 995 2993 
3 1113 5879 166 
3 5188 5187 5008 
3 5885 5548 5377 
3 4580 4761 5133 
3 3431 884 1919 
3 4857 4585 4941 
3 5321 5327 3085 
3 2619 987 4174 
3 5314 5901 5406 
3 4862 4689 4940 
3 4699 4494 4772 
3 3883 3012 3032 
3 4861 4866 4944 
3 5892 5641 5961 
3 3491 3585 2925 
3 5047 4865 5229 
3 4689 5137 4767 
3 4764 4690 5141 
3 987 3350 4174 
3 4768 4588 4696 
3 4579 380 775 
3 5398 4702 4770 
3 4702 5398 4961 
3 4775 4957 4866 
3 2280 3069 661 
3 1518 1960 4629 
3 5818 5816 4007 
3 5049 4959 4956 
3 5053 4956 4959 
3 4682 4238 4667 
3 4767 4772 4587 
3 4659 4451 4558 
3 5936 880 3283 
3 5177 5685 5592 
3 1972 2769 4170 
3 4962 4774 5055 
3 4775 4873 4957 
3 4783 4957 4873 
3 3856 542 1442 
3 5145 4778 5237 
3 708 4163 710 
3 5956 1404 853 
3 4875 4704 5409 
3 4581 4285 4764 
3 164 3884 5575 
3 2588 1385 3742 
3 2376 1930 1468 
3 5412 4966 5149 
3 509 512 4855 
3 1048 5869 5872 
3 5159 5157 4802 
3 2689 4397 5724 
3 5414 4513 5062 
3 2539 4226 4358 
3 2358 4171 472 
3 4611 5155 5064 
3 4969 4970 4317 
3 5652 2253 512 
3 5065 4972 4974 
3 3396 2064 4099 
3 4320 4317 4970 
3 4886 5171 5437 
3 5156 4231 4975 
3 4975 4802 5157 
3 5762 2727 3142 
3 4318 3849 5988 
3 4660 5484 1732 
3 3929 4131 3932 
3 3316 1741 517 
3 5576 3434 3428 
3 5984 329 4325 
3 4716 4980 4883 
3 2557 2564 3315 
3 4980 4615 5328 
3 4615 4981 5328 
3 2656 3027 1051 
3 5642 4759 5723 
3 4982 5163 4981 
3 4985 4984 5074 
3 4884 5075 4986 
3 507 5973 2242 
3 2509 1285 2882 
3 4809 4987 4723 
3 4725 5166 4988 
3 3218 1722 2820 
3 4627 5429 5249 
3 5511 5336 4726 
3 4991 4630 4812 
3 3301 1732 3308 
3 4995 4630 5252 
3 5255 4996 5169 
3 5029 3724 3733 
3 5697 5701 2076 
3 4815 5000 4999 
3 4851 4937 5043 
3 4993 5588 4992 
3 4634 4636 5089 
3 4889 5001 4635 
3 4889 4731 5439 
3 5178 4537 4891 
3 5179 4892 5003 
3 5179 4426 4892 
3 5243 3479 5435 
3 4818 4893 5004 
3 2936 1716 1723 
3 1716 47 1723 
3 4738 4637 5182 
3 4563 4461 4454 
3 5181 5346 4432 
3 4644 5183 4436 
3 489 1716 1329 
3 5523 5695 5265 
3 4729 3364 3838 
3 5146 2122 297 
3 1399 5568 2225 
3 4033 4091 4089 
3 5447 4446 4550 
3 4902 4444 5352 
3 2884 2059 2071 
3 5103 4444 5359 
3 5195 4827 5362 
3 4911 4908 4552 
3 2588 1739 1256 
3 5200 4552 4359 
3 5274 4914 5107 
3 2775 5947 1187 
3 4042 2884 2500 
3 5439 5758 5687 
3 5109 5019 5017 
3 4915 4914 5274 
3 4915 5274 5108 
3 5015 5017 5018 
3 3373 3000 4193 
3 4641 5372 4647 
3 4830 5018 5017 
3 5019 5020 5017 
3 2099 2387 2522 
3 5205 5208 5115 
3 5208 5373 5021 
3 5268 3265 3683 
3 5023 4921 5021 
3 4750 4924 4922 
3 3310 3316 517 
3 5028 5027 4836 
3 4626 5082 4725 
3 4831 5025 5113 
3 4293 3358 2919 
3 4921 5119 4662 
3 1669 4400 124 
3 4429 4185 442 
3 4754 4836 5032 
3 1032 1468 5632 
3 3819 1136 5479 
3 4928 5034 4665 
3 3042 2013 1487 
3 4756 4846 5124 
3 3189 4152 4124 
3 4464 5039 5038 
3 4567 4931 4568 
3 4567 5216 4931 
3 4219 3754 4647 
3 977 5344 2472 
3 5723 1299 5642 
3 4022 4868 326 
3 2048 2050 5254 
3 4378 5220 5294 
3 5829 1552 2375 
3 447 3649 2500 
3 4987 4809 5250 
3 5062 4313 4515 
3 4409 4141 4978 
3 5402 5969 5139 
3 5219 4480 5043 
3 4286 5949 3059 
3 2067 2217 2367 
3 3785 1999 3783 
3 2069 1285 2075 
3 5078 3413 4242 
3 3919 5730 2096 
3 3278 5046 4669 
3 5808 4961 5398 
3 4944 5304 4860 
3 5134 4684 5133 
3 240 3974 4435 
3 2884 2072 2500 
3 2927 4219 2943 
3 5188 5193 5357 
3 4899 3249 3260 
3 3920 4259 3529 
3 2069 2075 2487 
3 4764 5141 5138 
3 1397 280 4943 
3 4765 5232 4692 
3 5461 5630 5463 
3 1732 2149 3308 
3 3443 4318 4290 
3 2526 2387 475 
3 1408 1404 326 
3 2072 2884 2071 
3 5316 5141 4768 
3 5574 3937 5203 
3 1273 5383 5219 
3 4957 4783 5139 
3 5295 5219 5383 
3 5055 4780 5236 
3 1085 1874 1867 
3 3220 3066 3388 
3 4373 2984 5587 
3 5027 5470 5717 
3 5144 5237 4778 
3 2550 1633 5975 
3 5410 5240 4964 
3 861 2050 2870 
3 5409 4704 5148 
3 2682 2230 3550 
3 1158 1160 2498 
3 979 2574 2964 
3 3765 3760 4251 
3 1208 177 5663 
3 4390 3265 1251 
3 4789 4966 5412 
3 5411 4965 5151 
3 1972 5396 2769 
3 5326 1966 1508 
3 2023 1982 2022 
3 5501 1655 3527 
3 4776 3477 3749 
3 4506 4869 5223 
3 2679 316 3766 
3 4968 4319 5658 
3 574 575 652 
3 1882 2777 2327 
3 4601 4958 5312 
3 4601 5312 2288 
3 1655 1650 5260 
3 4985 5074 5075 
3 4882 4715 5245 
3 3487 3502 4177 
3 4067 3144 4082 
3 5072 4804 4883 
3 4409 5246 4718 
3 4978 4979 5425 
3 4978 5246 4409 
3 5199 3895 4782 
3 4126 3189 4124 
3 5073 5074 4984 
3 4579 3161 380 
3 874 702 641 
3 5788 5955 205 
3 1977 966 969 
3 865 902 982 
3 5082 5166 4725 
3 5420 3822 5812 
3 5428 4812 4988 
3 3495 2345 2749 
3 5252 4630 4991 
3 2248 5672 1394 
3 5676 4990 4992 
3 4561 2041 3577 
3 5173 4993 4418 
3 4939 4940 4681 
3 4665 4564 4839 
3 5591 4998 5438 
3 241 300 224 
3 4816 5000 4815 
3 3218 3611 3205 
3 5591 5086 4730 
3 4816 5087 5000 
3 4817 5439 4731 
3 3372 1598 4311 
3 4825 4824 4265 
3 5644 5966 2151 
3 3689 5464 2933 
3 5593 5003 5001 
3 5003 5593 5844 
3 502 1245 3570 
3 5969 5596 3896 
3 4845 3103 5568 
3 4820 5601 5263 
3 1928 3495 3110 
3 5006 4434 5606 
3 4434 4821 5606 
3 1883 860 5719 
3 1022 1151 1153 
3 5266 5190 5008 
3 5351 5097 5607 
3 5190 5193 5188 
3 5008 5190 5188 
3 1215 5605 5604 
3 775 5300 3178 
3 4651 5101 5269 
3 5190 5355 5193 
3 5269 4912 4651 
3 2387 2526 2522 
3 2444 2447 4282 
3 3817 3551 2825 
3 5107 4911 5273 
3 3725 3345 4153 
3 2528 2121 2112 
3 4360 4446 5012 
3 5012 5200 4359 
3 5201 5359 5014 
3 5543 5881 5544 
3 4911 5200 5273 
3 693 5372 5370 
3 5661 5244 1467 
3 5015 5018 5110 
3 5015 5109 5017 
3 5113 5284 5459 
3 5303 1900 1610 
3 2528 2112 4900 
3 340 1299 5723 
3 5117 5211 5470 
3 1667 1605 1592 
3 5117 5116 5211 
3 2358 3703 3232 
3 5117 5027 5116 
3 2825 4415 3199 
3 5027 5028 5116 
3 5115 5208 5021 
3 5609 2642 597 
3 5286 5119 5023 
3 4835 4922 5214 
3 5214 5025 4835 
3 4829 5020 4832 
3 4753 5291 4837 
3 5717 5032 5027 
3 5032 5717 5474 
3 2306 5660 200 
3 5644 5308 5310 
3 5474 5216 5032 
3 1923 2025 1880 
3 5233 4400 3444 
3 4758 4756 5480 
3 5041 5295 5383 
3 3688 3703 3693 
3 2104 5230 5228 
3 1634 5925 1641 
3 2802 3693 3703 
3 4823 4443 4444 
3 5127 4717 3861 
3 4757 5129 4850 
3 1567 5077 5479 
3 5554 4931 5216 
3 5306 5133 4761 
3 5645 5133 5306 
3 2601 3551 3817 
3 5186 4741 5102 
3 5824 1909 5036 
3 4940 5225 4862 
3 4856 4683 5394 
3 4860 5304 4941 
3 5309 4683 5138 
3 543 48 4881 
3 4592 4780 4774 
3 2391 856 3407 
3 2195 1927 3170 
3 2487 2075 2889 
3 3822 5420 3836 
3 600 429 467 
3 4957 5139 5136 
3 4957 5136 4866 
3 5732 2866 2478 
3 1553 1524 703 
3 4692 5232 5314 
3 5234 5229 4593 
3 563 787 14 
3 4570 3683 3700 
3 2059 2889 2071 
3 4961 5234 4871 
3 5191 2519 4379 
3 4962 5055 5317 
3 3959 3164 3559 
3 4485 2195 5318 
3 5553 3812 3784 
3 5663 177 3093 
3 81 4670 1588 
3 762 3059 3524 
3 2870 2050 3235 
3 2761 3663 2308 
3 5569 5734 5650 
3 5412 5149 5242 
3 5148 4704 4965 
3 5148 4965 5411 
3 5654 5242 5240 
3 2307 5716 4284 
3 1588 1148 3358 
3 5151 5414 5413 
3 5062 5063 5414 
3 4968 5325 5063 
3 5154 5657 5415 
3 4994 2307 4590 
3 758 760 1963 
3 5165 3452 3024 
3 3654 2777 3189 
3 5739 4971 4970 
3 5658 5064 5155 
3 2408 1966 3287 
3 5499 4973 4798 
3 2001 5544 5881 
3 4801 5156 4974 
3 4709 88 1124 
3 4886 5437 5679 
3 1057 5576 3428 
3 4975 5157 5578 
3 5071 4882 5160 
3 5127 3883 5909 
3 5502 4979 5070 
3 4805 4718 5162 
3 5160 5159 5071 
3 2253 4855 512 
3 5329 4982 4617 
3 5583 5074 5073 
3 4620 5330 5329 
3 4985 5075 4884 
3 2350 748 2343 
3 4768 4696 5316 
3 5330 4723 4987 
3 5081 4986 5248 
3 5506 5166 5081 
3 2749 3909 3495 
3 5166 5428 4988 
3 2543 876 5114 
3 2879 5772 5712 
3 3727 3715 5040 
3 4993 5436 5588 
3 55 1348 959 
3 5943 1061 4520 
3 4886 5337 4998 
3 2526 27 32 
3 5683 5086 5591 
3 1986 2790 3159 
3 3291 4927 4570 
3 4481 4484 4843 
3 5439 5001 4889 
3 5001 5439 5340 
3 5003 4892 5001 
3 4844 4010 4853 
3 5583 5075 5074 
3 944 2143 205 
3 5263 5261 4735 
3 5601 4820 4738 
3 5006 5606 5347 
3 524 477 501 
3 4903 5447 4550 
3 4351 5764 5521 
3 4351 4898 5764 
3 4130 5007 5991 
3 4927 3683 4570 
3 4898 4901 5353 
3 5345 5262 4894 
3 5525 5764 5353 
3 4893 5179 5004 
3 5101 5350 5269 
3 3534 1252 2058 
3 2638 5441 139 
3 5266 5448 5190 
3 4644 5006 5183 
3 5994 5012 4446 
3 5095 5261 5259 
3 4853 2786 4419 
3 4388 4793 4785 
3 4199 3254 1903 
3 5682 1096 3970 
3 3791 603 5636 
3 5092 5042 1801 
3 2918 2701 2834 
3 5361 5451 4909 
3 4316 3442 3012 
3 4912 5361 4909 
3 5713 5475 5484 
3 4083 4095 3163 
3 5359 5701 5103 
3 791 923 820 
3 5108 5202 4915 
3 5202 5201 4915 
3 5369 5109 5365 
3 4551 4899 3260 
3 5370 5372 4641 
3 972 5450 5357 
3 5113 5459 5110 
3 5018 5113 5110 
3 5206 5019 5109 
3 4289 4585 4582 
3 5208 5205 5277 
3 4083 4067 4082 
3 48 2830 2833 
3 4586 4153 4796 
3 5211 5281 5463 
3 5971 4905 5333 
3 5211 5116 5466 
3 633 5531 5789 
3 5214 5715 5025 
3 3153 3160 4574 
3 5021 5373 5023 
3 5586 5670 5428 
3 5380 4924 5031 
3 5380 5214 4924 
3 4753 5037 5291 
3 4400 2116 459 
3 3688 3232 3703 
3 5259 5599 5761 
3 4618 1805 2314 
3 5037 4932 5292 
3 4319 4228 5064 
3 4756 5556 5480 
3 5554 5217 4931 
3 5220 5382 5294 
3 2060 2727 5762 
3 4759 5480 5723 
3 5387 4678 4850 
3 2719 3153 3589 
3 1755 4028 4034 
3 5131 4854 5222 
3 2412 5213 1215 
3 4854 5391 5222 
3 5306 4761 5132 
3 5394 5391 4856 
3 2071 435 2072 
3 5394 4683 5309 
3 4862 5225 5395 
3 2700 1085 1493 
3 5699 5355 5527 
3 5232 4763 5134 
3 3171 1488 661 
3 5397 5137 4862 
3 5726 4864 5047 
3 2880 2495 2804 
3 5791 5886 2903 
3 5398 4770 5137 
3 4944 5308 5304 
3 5402 5139 5313 
3 2500 2072 447 
3 4887 5104 200 
3 1358 1454 1182 
3 5316 4962 5317 
3 4835 4831 4750 
3 3559 4844 3959 
3 407 5270 410 
3 3816 3750 4178 
3 3191 4896 4526 
3 5053 5235 5144 
3 3249 4899 4073 
3 4874 4778 5145 
3 4964 5145 5410 
3 5624 5454 5536 
3 4526 4527 5253 
3 5102 4265 4824 
3 3663 3693 2308 
3 2339 3808 4926 
3 5142 3452 5491 
3 762 1963 760 
3 2244 3557 3564 
3 2575 2462 2840 
3 5148 5411 1442 
3 3323 5487 2549 
3 5415 4516 5154 
3 1216 502 3570 
3 4606 4965 4704 
3 1921 1546 1149 
3 4879 1066 1849 
3 3546 2244 2233 
3 5577 4798 5739 
3 4971 5739 4798 
3 5662 5065 5156 
3 631 1849 1066 
3 5067 4711 5500 
3 4314 4707 4516 
3 1963 762 3524 
3 5778 5879 1113 
3 5500 4711 5499 
3 1162 5207 1167 
3 1610 1900 1079 
3 299 364 366 
3 5425 5246 4978 
3 5880 5630 5779 
3 5162 4718 5246 
3 4979 5502 5425 
3 5070 5744 5502 
3 4776 3058 4762 
3 4804 5072 5245 
3 5751 5330 4987 
3 1866 2266 1482 
3 4869 4506 3644 
3 5752 5511 4989 
3 2755 3632 2761 
3 5588 5676 4992 
3 4468 4846 4472 
3 1857 1855 1721 
3 5434 4996 5255 
3 4853 4010 4493 
3 5874 3495 1928 
3 4853 4493 4491 
3 5437 5171 4996 
3 5920 707 5336 
3 1348 5464 3689 
3 995 2997 2993 
3 4103 3632 2755 
3 5438 4998 5337 
3 2501 2354 2556 
3 273 1913 1964 
3 818 4393 4363 
3 5685 5089 5091 
3 4095 4103 2755 
3 2937 2380 3184 
3 4636 5091 5089 
3 4891 5258 5178 
3 5340 5439 5687 
3 5440 5179 5003 
3 2314 1309 2481 
3 1985 1169 5783 
3 2331 1550 2736 
3 1913 3482 2736 
3 4724 5081 5082 
3 4380 4856 4854 
3 5313 5139 4783 
3 5264 5932 5443 
3 5341 5095 5342 
3 4455 4843 4484 
3 5097 5351 5100 
3 5546 5465 5631 
3 4898 5353 5764 
3 5266 5008 5187 
3 775 380 510 
3 825 316 3089 
3 311 5321 3085 
3 499 1716 489 
3 5100 5351 5267 
3 3160 3187 4574 
3 5267 5102 4824 
3 5353 4907 5195 
3 5103 5354 5352 
3 5357 5193 5355 
3 5349 5269 5350 
3 4824 5451 5267 
3 3372 2047 3371 
3 664 2047 4321 
3 5360 4912 5269 
3 489 1329 32 
3 605 3094 2243 
3 5619 5200 5012 
3 5201 5701 5359 
3 5012 5995 5619 
3 4696 4962 5316 
3 5273 5274 5107 
3 5275 5454 5109 
3 1856 2285 4879 
3 5109 5110 5275 
3 5110 5276 5275 
3 5109 5015 5110 
3 5368 5206 5369 
3 597 2642 3390 
3 5110 5459 5276 
3 666 727 755 
3 1027 5659 3395 
3 3358 4293 5128 
3 5109 5369 5206 
3 5113 5025 5284 
3 4186 4679 1032 
3 5280 5461 5281 
3 3301 949 1732 
3 5465 5470 5463 
3 5281 5466 5280 
3 5399 1142 1953 
3 5022 3709 4199 
3 5882 1976 1133 
3 5211 5466 5281 
3 3021 738 2122 
3 5373 5469 5023 
3 5548 5711 5466 
3 5286 5023 5469 
3 5117 5470 5027 
3 5116 5548 5466 
3 4419 4844 4853 
3 5511 5752 2454 
3 200 590 4024 
3 4922 4924 5214 
3 5286 5378 5119 
3 2176 1999 1118 
3 3240 3699 3674 
3 5380 5031 5381 
3 5378 5551 4928 
3 5291 5037 5292 
3 3668 3232 3688 
3 5888 3776 5474 
3 3422 3431 4717 
3 5478 5292 5382 
3 3724 1929 29 
3 4674 5217 5129 
3 5297 1273 5219 
3 2057 2872 1663 
3 5386 5382 5220 
3 5641 5382 5386 
3 3479 4355 5435 
3 5406 5049 5314 
3 3065 211 2705 
3 5395 5225 5305 
3 5387 5305 4939 
3 5694 5854 5520 
3 5132 5642 5306 
3 5397 5646 5398 
3 4940 4939 5225 
3 4569 3589 3153 
3 5391 5800 5222 
3 5447 5994 4446 
3 5134 5133 5645 
3 4862 5395 5397 
3 5822 1125 2458 
3 3000 2188 3753 
3 5488 5229 5234 
3 4921 5023 5119 
3 455 4952 5726 
3 4778 5053 5144 
3 5141 5811 5138 
3 3044 3962 4442 
3 3348 2924 2339 
3 5406 4959 5049 
3 3693 1877 2308 
3 5406 5235 4959 
3 5141 5567 5811 
3 5331 110 115 
3 2884 4042 2059 
3 2154 3960 1702 
3 4713 4706 5845 
3 1252 5551 5378 
3 5236 5238 5494 
3 3660 1985 2839 
3 5409 5320 5238 
3 620 651 763 
3 4964 5240 5149 
3 4874 5145 4964 
3 5320 5494 5238 
3 4845 1399 1051 
3 1304 813 4000 
3 5241 5409 5148 
3 2763 4449 3986 
3 2763 2182 4449 
3 5154 5412 5656 
3 1976 5882 5880 
3 5414 5151 4790 
3 407 410 5303 
3 1906 1907 470 
3 5154 5656 5657 
3 5055 4774 4780 
3 4365 4932 4466 
3 5068 4223 2345 
3 5532 5620 5533 
3 2974 4710 4703 
3 1977 1989 2507 
3 5661 5658 5155 
3 2762 3189 3187 
3 2969 1741 2571 
3 4711 4973 5499 
3 563 519 5044 
3 4952 4864 5726 
3 4882 5580 5160 
3 5705 1396 1563 
3 5072 4883 5503 
3 5213 2412 4371 
3 2498 3364 3354 
3 4276 4477 4378 
3 590 601 581 
3 2586 2596 3460 
3 5248 5750 5506 
3 5166 5506 5428 
3 5245 5072 5986 
3 5329 5330 5505 
3 4222 2574 979 
3 4455 4484 3218 
3 4939 4678 5387 
3 5673 5252 4991 
3 2695 5374 4792 
3 499 47 1716 
3 1261 2798 1249 
3 4298 4297 4495 
3 5499 4798 5577 
3 4999 5173 4418 
3 5243 5435 2076 
3 4398 2043 5570 
3 3713 1910 3254 
3 1132 1524 3090 
3 608 1447 1051 
3 4891 5341 5258 
3 2258 2291 2329 
3 5342 5095 5259 
3 5264 5517 5932 
3 5261 5263 5442 
3 166 5954 1172 
3 5601 5442 5263 
3 2827 637 2450 
3 2869 1169 1985 
3 2882 3251 2509 
3 5607 5097 5521 
3 4544 3307 2557 
3 5183 5347 5522 
3 709 4813 3001 
3 1061 1070 1062 
3 5265 5350 5101 
3 5349 5520 5854 
3 5520 5349 5350 
3 709 3001 4387 
3 5993 5187 5188 
3 5188 5357 5993 
3 3390 1824 157 
3 5596 2628 3896 
3 3784 5890 5553 
3 5767 5353 5999 
3 4345 4998 4730 
3 5273 5619 5622 
3 5994 5995 5012 
3 5106 5617 5271 
3 5201 5202 5869 
3 5274 5273 5533 
3 5537 5365 5454 
3 920 3279 909 
3 5277 5456 5455 
3 3090 1524 1898 
3 3895 2553 4782 
3 5808 1364 2211 
3 5277 5458 5462 
3 5284 5780 5459 
3 4282 5054 2444 
3 3884 164 2984 
3 5708 5541 5625 
3 5470 5211 5463 
3 3505 2185 3073 
3 5635 5373 5462 
3 5463 5281 5461 
3 5711 5280 5466 
3 4647 5372 4232 
3 4551 3682 5302 
3 5942 4474 44 
3 5959 5715 5214 
3 3067 4471 5696 
3 2438 4246 3305 
3 3632 3663 2761 
3 5119 5378 4928 
3 5034 5551 5793 
3 5034 4928 5551 
3 5038 5553 5381 
3 5891 5554 5960 
3 5960 5554 5216 
3 5038 5381 5215 
3 3272 3649 447 
3 2454 4182 5824 
3 2046 270 5791 
3 1285 1287 2075 
3 2207 4828 2619 
3 5129 5217 5721 
3 4358 1188 158 
3 5641 5386 5720 
3 2717 4727 3458 
3 5720 5131 5898 
3 5043 5388 5297 
3 5666 5831 5919 
3 1960 3760 4629 
3 5388 5043 5897 
3 2071 1287 878 
3 5674 1606 5841 
3 5387 5965 5305 
3 5481 5645 5306 
3 5931 5932 5517 
3 3963 3717 2159 
3 5646 5397 5395 
3 5310 5308 5136 
3 5398 5646 420 
3 5047 5229 5488 
3 5152 2053 664 
3 1285 2069 2882 
3 4961 5808 5234 
3 4882 5245 5580 
3 5863 1850 4438 
3 5791 5469 5886 
3 4438 1006 5863 
3 5647 5138 5811 
3 5568 5235 5406 
3 5141 5316 5567 
3 4892 4635 5001 
3 5731 5567 5317 
3 2691 2704 1847 
3 5569 5055 5236 
3 5409 5241 5320 
3 5589 2633 5609 
3 4785 5203 4375 
3 3168 898 1369 
3 5152 854 5557 
3 2952 1616 150 
3 4849 3374 1702 
3 5242 5656 5412 
3 5240 5242 5149 
3 2471 4022 1275 
3 1058 4243 3029 
3 5650 512 509 
3 3715 3275 5040 
3 3275 3715 2828 
3 5414 5976 5413 
3 5736 5411 5413 
3 5976 5414 5063 
3 5415 5657 5496 
3 217 2314 2481 
3 5946 99 2808 
3 1977 2507 3042 
3 5966 3896 1798 
3 2879 5344 1288 
3 2382 4375 3242 
3 4356 4090 4262 
3 5422 5070 5067 
3 2036 2461 409 
3 5983 5067 5500 
3 4624 4808 4003 
3 5744 5070 5422 
3 4805 5162 5073 
3 119 392 3882 
3 1931 3724 4614 
3 4440 4687 2240 
3 5503 4883 4980 
3 5503 5989 5072 
3 2879 5712 5344 
3 4890 4997 5260 
3 5667 5163 4982 
3 3358 1581 2919 
3 2450 4890 2456 
3 5252 5673 5674 
3 5668 4987 5250 
3 806 5432 3754 
3 5677 5676 5923 
3 4990 4155 4992 
3 5428 4991 4812 
3 3199 1244 2825 
3 5150 5558 5939 
3 5479 1136 3763 
3 5752 4989 4990 
3 5255 5169 5674 
3 5925 5436 5173 
3 4153 4586 3725 
3 2613 2616 2392 
3 5683 5758 5086 
3 4095 2290 2733 
3 5977 5772 4149 
3 5340 5687 5515 
3 5593 5340 5515 
3 5440 5003 5844 
3 4282 2917 3821 
3 5268 3683 4927 
3 5341 5342 800 
3 2624 3962 3044 
3 1334 2933 1335 
3 5264 5443 5181 
3 5181 5443 5346 
3 4639 5519 4897 
3 5517 5262 5345 
3 5608 5351 5607 
3 1174 2733 2290 
3 5865 5617 5615 
3 4039 4484 4481 
3 4039 4481 2799 
3 1794 1925 1878 
3 5186 5351 5608 
3 2808 99 4520 
3 5608 5523 5186 
3 5184 5445 5447 
3 2096 2091 5603 
3 4902 5352 5446 
3 4903 5184 5447 
3 5525 5353 5767 
3 1334 1335 925 
3 4645 5010 5106 
3 5451 5449 5267 
3 5611 5352 5354 
3 5353 5195 5999 
3 5448 5527 5355 
3 5195 5362 5452 
3 4706 1940 5845 
3 5103 5701 5354 
3 1058 3029 5686 
3 5449 5615 5106 
3 2254 5815 5903 
3 5025 5715 5284 
3 5271 5452 5362 
3 5271 5617 5452 
3 5626 5537 5534 
3 5361 5360 5773 
3 3133 4008 192 
3 5622 5533 5273 
3 5612 5354 5697 
3 5621 5869 5202 
3 5274 5620 5108 
3 5535 5537 5454 
3 3899 5587 2984 
3 2455 3773 3780 
3 2503 3318 5076 
3 876 5515 5687 
3 3530 3956 3955 
3 3302 1724 3307 
3 5458 5277 5543 
3 1921 1149 2326 
3 3692 2324 1417 
3 1055 5672 2248 
3 5536 5950 115 
3 5460 5630 5461 
3 2908 1310 2099 
3 3305 3309 2878 
3 1211 3469 3542 
3 2539 5528 5172 
3 581 2285 3148 
3 5373 5635 5469 
3 5922 5677 5923 
3 5546 5634 5470 
3 1999 3785 1118 
3 5034 4846 4665 
3 5081 5248 5506 
3 1211 336 1717 
3 1849 1856 4879 
3 3458 1507 2717 
3 5381 5890 5380 
3 5291 5292 5475 
3 4887 200 4024 
3 3955 3138 2648 
3 5124 4846 5034 
3 5501 1275 1655 
3 5721 5217 5554 
3 1798 2628 2997 
3 3290 2131 213 
3 4850 5129 5387 
3 3449 3957 3338 
3 4355 5850 5858 
3 2084 893 3266 
3 3223 5947 2775 
3 3241 3183 3397 
3 3492 2475 1274 
3 1715 3492 1274 
3 5897 4937 5304 
3 5394 5899 5391 
3 5308 5897 5304 
3 3327 2898 3339 
3 4808 4723 5330 
3 5309 5138 5563 
3 5486 5134 5807 
3 4366 4266 887 
3 4867 5935 1772 
3 1616 2952 3377 
3 1883 3836 1888 
3 5310 5136 5139 
3 5253 4493 4506 
3 4675 4672 4674 
3 168 2452 5417 
3 1488 3171 4272 
3 5397 5398 5137 
3 2293 4578 3185 
3 4180 535 2579 
3 5317 5567 5316 
3 5844 2543 3368 
3 4203 3754 1817 
3 5104 4887 1477 
3 5144 5235 5493 
3 4655 4232 5372 
3 517 3534 959 
3 756 751 5912 
3 5145 5407 5410 
3 1944 5085 2760 
3 1598 3372 3371 
3 5151 5413 5411 
3 5660 601 590 
3 3026 4849 3949 
3 5695 5852 2815 
3 2977 5891 5960 
3 601 5739 4969 
3 2832 1931 4614 
3 5658 5661 5821 
3 5247 3463 2131 
3 5579 1497 5157 
3 4713 881 1888 
3 4963 222 2301 
3 4612 4601 3330 
3 4090 4740 4262 
3 3955 2651 3530 
3 1934 2343 5884 
3 4655 4238 4232 
3 4969 5496 601 
3 5825 5580 5245 
3 2076 5256 5243 
3 5989 5986 5072 
3 5445 887 883 
3 5328 5831 5666 
3 5246 5425 5746 
3 5163 5667 5831 
3 5828 5073 5162 
3 5247 2131 3949 
3 5248 5075 5749 
3 1518 3733 1500 
3 5973 5903 5407 
3 4855 622 614 
3 2076 21 5256 
3 5583 5835 5075 
3 5031 5215 5381 
3 5585 5250 5249 
3 1125 616 2028 
3 707 5429 5336 
3 3713 3254 4199 
3 5428 5670 4991 
3 5677 5752 4990 
3 4839 4928 4665 
3 4991 5840 5673 
3 4990 5676 5677 
3 4524 4925 2679 
3 3637 2200 5338 
3 4228 4319 4135 
3 1913 1132 3482 
3 4684 5134 4763 
3 5526 883 5935 
3 4444 5103 5352 
3 4379 2519 1053 
3 3579 3644 4506 
3 5341 800 5258 
3 1447 608 1446 
3 5091 5178 5760 
3 2827 2450 2436 
3 5760 5178 5258 
3 5041 5383 5125 
3 2830 1930 2376 
3 3414 2947 3465 
3 3500 5859 1807 
3 5114 876 1661 
3 5930 5345 5004 
3 5004 5598 5930 
3 5073 4984 4806 
3 5685 5177 5089 
3 381 2827 2017 
3 4672 4568 4931 
3 4644 4259 5006 
3 2107 494 202 
3 5993 5357 5450 
3 5206 5368 5205 
3 5347 5606 5213 
3 5520 5350 5265 
3 2316 3476 2309 
3 5526 5187 5993 
3 5526 5993 5769 
3 5699 5357 5355 
3 5451 5615 5449 
3 5697 5354 5701 
3 5010 5449 5106 
3 5356 5360 5349 
3 3887 4806 3843 
3 5542 5625 5541 
3 5534 5535 5623 
3 5703 5361 5773 
3 5517 5264 5262 
3 3309 3783 1999 
3 5360 5618 5773 
3 5534 5537 5535 
3 5708 5777 5455 
3 5950 5536 5276 
3 5456 5708 5455 
3 5369 5542 5541 
3 5456 5368 5541 
3 5276 5629 5950 
3 5187 4867 5266 
3 5708 5456 5541 
3 5459 5629 5276 
3 5544 5458 5543 
3 5460 5461 5879 
3 5462 5458 5544 
3 5277 5455 5543 
3 5780 5284 5784 
3 5545 5635 5462 
3 5463 5631 5465 
3 5785 5954 5883 
3 1578 1146 3821 
3 5461 5280 5785 
3 3986 4449 4843 
3 4841 1776 1320 
3 4481 4843 4449 
3 894 2895 5288 
3 5264 5181 4350 
3 5692 349 3469 
3 5546 5633 5634 
3 1920 1583 537 
3 5715 5549 5284 
3 5471 5377 5376 
3 5470 5634 5717 
3 637 4797 2450 
3 5383 1273 5795 
3 2705 211 1887 
3 5380 5890 5637 
3 4837 5291 5471 
3 1887 832 1507 
3 3657 3655 2839 
3 5835 765 5749 
3 5038 5795 5553 
3 2990 4174 5801 
3 3272 447 2200 
3 4455 3986 4843 
3 1592 4508 424 
3 5465 5546 5470 
3 661 1488 2280 
3 5898 5131 5222 
3 5898 5222 5800 
3 3185 2307 2293 
3 5403 3669 5792 
3 5686 3856 1058 
3 5407 5145 5237 
3 5308 5644 2151 
3 2151 5897 5308 
3 3070 3054 5563 
3 5645 5807 5134 
3 5797 3825 1273 
3 2028 2898 1125 
3 2839 1133 1976 
3 5138 5647 5563 
3 5232 5565 5648 
3 2210 455 5726 
3 1680 3383 5598 
3 5901 5648 469 
3 3564 3575 3128 
3 5733 5144 5493 
3 5902 5733 5493 
3 5492 5569 5650 
3 997 472 1432 
3 5065 5419 4972 
3 1570 2794 5153 
3 1442 542 5241 
3 5411 5736 1442 
3 5976 5063 5325 
3 3959 4419 3549 
3 5740 5741 5499 
3 4485 1294 1293 
3 5980 5419 5662 
3 1247 2862 2048 
3 5662 5156 5578 
3 5068 2345 3495 
3 1297 1392 1395 
3 3199 2036 1244 
3 622 5686 3029 
3 635 2498 1146 
3 5159 5160 5579 
3 1934 5060 1550 
3 5746 5827 5246 
3 3291 4570 2273 
3 5162 5246 5827 
3 5425 5664 5746 
3 4300 4332 5408 
3 5502 5664 5425 
3 3144 4067 1367 
3 5328 5163 5831 
3 1394 1051 2248 
3 5505 5504 5329 
3 710 5586 708 
3 1335 2903 925 
3 3759 3429 3433 
3 3883 4316 3012 
3 3168 1369 2727 
3 5748 5330 5751 
3 5248 5749 5750 
3 5751 4987 5668 
3 2997 995 1798 
3 5250 5585 5668 
3 1724 52 3307 
3 55 5464 1348 
3 5840 4991 5670 
3 5911 5907 301 
3 3579 4506 4493 
3 5511 5920 5336 
3 5674 5675 5255 
3 5680 5438 5337 
3 2656 1051 1447 
3 3501 3556 3393 
3 4642 5713 5484 
3 3497 4890 2450 
3 1758 2676 3930 
3 5843 5685 5091 
3 4814 3944 1040 
3 4585 4857 4582 
3 5598 5440 5844 
3 2350 3507 2355 
3 5440 5598 5004 
3 5659 603 3395 
3 2445 5763 5443 
3 5930 5517 5345 
3 5442 5599 5261 
3 5730 3919 3444 
3 5919 1552 5829 
3 2445 5443 5932 
3 4738 5602 5601 
3 240 2475 3974 
3 5346 5519 4639 
3 5182 4897 5519 
3 5185 5183 887 
3 5520 5695 5694 
3 5695 5520 5265 
3 5185 5445 5184 
3 3128 3144 2713 
3 887 5445 5185 
3 2503 3334 318 
3 5695 5523 5608 
3 5606 4821 867 
3 5446 5352 5611 
3 5850 5446 5611 
3 5448 4867 5527 
3 3037 1250 1694 
3 5612 5611 5354 
3 5861 5360 5356 
3 3554 839 315 
3 3232 3668 2777 
3 5703 5451 5361 
3 5942 5532 5622 
3 5532 5621 5620 
3 5662 5419 5065 
3 5086 5758 4817 
3 4706 4713 1888 
3 5454 5624 5775 
3 5775 5535 5454 
3 754 3952 1694 
3 115 5624 5536 
3 754 2133 3952 
3 5626 5625 5542 
3 253 279 306 
3 5537 5626 5542 
3 5536 5275 5276 
3 3817 2825 818 
3 3836 5420 4706 
3 2519 5191 3058 
3 5779 5630 5460 
3 5953 5544 2001 
3 5630 5882 5631 
3 5463 5630 5631 
3 356 277 4562 
3 5461 5785 5879 
3 1877 1418 2308 
3 2209 561 3000 
3 5280 5711 5785 
3 5787 5546 5631 
3 4182 5058 1546 
3 2471 861 2870 
3 5429 5585 5249 
3 5711 5548 5885 
3 4034 3546 329 
3 5634 5888 5717 
3 3109 4524 2679 
3 4972 5419 5244 
3 4994 1417 2307 
3 5378 5286 5469 
3 2676 1758 2682 
3 5637 5959 5380 
3 5471 5291 5475 
3 1404 3109 853 
3 3153 2263 3160 
3 5124 5034 5793 
3 4618 4643 4465 
3 157 2201 597 
3 5658 4319 5064 
3 340 5480 5556 
3 3350 539 2973 
3 933 3481 3032 
3 447 2072 435 
3 2685 5699 1803 
3 5800 5391 5899 
3 3824 3813 5961 
3 5965 5721 3852 
3 4493 5253 4527 
3 5563 5647 2213 
3 5567 2226 5811 
3 5808 5488 5234 
3 5600 2559 4555 
3 5733 5237 5144 
3 715 4813 709 
3 5813 5650 509 
3 5568 5406 5901 
3 3142 2727 1369 
3 2741 3986 3972 
3 2948 4826 3005 
3 5568 5493 5235 
3 5731 5317 5492 
3 3494 790 789 
3 2195 5319 5318 
3 2242 5902 3103 
3 5569 5494 5734 
3 510 380 277 
3 5410 5903 5815 
3 5571 5654 5410 
3 5734 512 5650 
3 3464 5142 5915 
3 1977 1365 1989 
3 542 5320 5241 
3 5516 2969 539 
3 5360 5361 4912 
3 3151 2949 2890 
3 710 5840 5670 
3 5670 5586 710 
3 1256 5484 5475 
3 3104 1664 2673 
3 613 1085 1867 
3 1459 5657 5656 
3 1700 1222 2786 
3 3067 790 4471 
3 5740 5577 5660 
3 5739 5660 5577 
3 243 2309 686 
3 2475 3492 3974 
3 5981 5500 5741 
3 5983 5422 5067 
3 3866 4318 3443 
3 5744 5664 5502 
3 5986 5825 5245 
3 5827 5828 5162 
3 5829 4980 5666 
3 2430 2398 582 
3 3527 5698 15 
3 2549 5487 2143 
3 5504 5505 5667 
3 5751 5668 5836 
3 5585 5836 5668 
3 158 2539 4358 
3 3042 2507 2013 
3 5506 5586 5428 
3 2993 4610 2604 
3 3118 3149 1222 
3 5923 5676 5588 
3 1447 4229 5856 
3 9 5434 5675 
3 4234 3442 1919 
3 47 949 1723 
3 5679 5755 5337 
3 1641 4999 5681 
3 4748 539 3350 
3 5756 5438 5680 
3 5679 2484 5755 
3 780 5000 5592 
3 387 5481 5642 
3 5752 5677 5922 
3 5325 4968 5658 
3 2513 3491 2525 
3 5515 2543 5593 
3 2406 695 700 
3 2112 2121 2744 
3 1995 1536 2455 
3 5925 5678 5436 
3 4398 4402 1583 
3 1107 1879 1503 
3 3073 5582 5198 
3 3686 3622 3563 
3 4286 5599 5442 
3 1708 3293 3677 
3 5790 5788 205 
3 5844 3368 5598 
3 5360 5269 5349 
3 5309 5899 5394 
3 4738 5693 5602 
3 5443 5763 5519 
3 4821 5850 867 
3 2858 4149 1773 
3 5607 5521 5934 
3 2219 5595 4814 
3 5187 5526 5935 
3 3588 1048 5872 
3 5698 5195 5452 
3 2916 482 2459 
3 5999 5195 5698 
3 3422 4710 2386 
3 3279 920 1708 
3 5640 5861 5356 
3 2408 3287 3275 
3 2219 4814 1040 
3 5617 15 5452 
3 3026 3374 4849 
3 2470 5060 4204 
3 5617 5865 15 
3 3455 3508 2995 
3 5603 2091 5600 
3 5680 2503 318 
3 5870 5869 5621 
3 4830 4831 5113 
3 1092 5775 5624 
3 2938 4733 3062 
3 5706 5875 5625 
3 2908 2200 1310 
3 2756 3164 3537 
3 3274 465 3246 
3 5708 5625 5707 
3 5708 5707 5777 
3 5543 5455 5777 
3 5779 5460 5879 
3 5429 707 5585 
3 5579 5157 5159 
3 2058 1252 270 
3 3896 5644 5969 
3 3491 2513 4776 
3 4195 3737 4189 
3 3313 2468 4501 
3 3460 2596 3463 
3 5787 5631 5952 
3 601 5496 581 
3 1146 2498 3354 
3 2620 119 1412 
3 5885 5786 5711 
3 5377 5713 5885 
3 5888 5634 5633 
3 5797 5388 5538 
3 3453 2586 3460 
3 5887 5549 5715 
3 5434 5255 5675 
3 3896 2628 1798 
3 3837 1588 3358 
3 5471 5475 5713 
3 2107 2586 3453 
3 5469 5791 270 
3 4495 4297 4496 
3 5793 5551 1252 
3 5475 5292 5794 
3 3330 4618 4612 
3 5896 2188 561 
3 5430 3964 2590 
3 4643 4576 4465 
3 5478 5382 5892 
3 5871 5698 3509 
3 987 2619 4828 
3 5183 5185 4436 
3 3000 3373 2638 
3 1273 5297 5797 
3 2582 2104 2107 
3 5723 5480 340 
3 409 2461 1267 
3 5192 1633 3203 
3 5481 5306 5642 
3 5303 2054 407 
3 3654 2773 2777 
3 4813 715 2104 
3 3654 3189 2762 
3 5721 5965 5387 
3 5965 5395 5305 
3 5899 5309 3041 
3 5646 5395 5965 
3 5130 3876 4721 
3 586 577 5325 
3 5519 5346 5443 
3 5608 5852 5695 
3 2679 4925 316 
3 5139 5969 5310 
3 2211 5488 5808 
3 4952 455 5402 
3 5648 5565 469 
3 5524 688 548 
3 5454 5365 5109 
3 1649 1667 2073 
3 5903 5410 5407 
3 5652 5494 5320 
3 177 5590 5207 
3 5652 5320 542 
3 808 809 742 
3 5654 5816 5818 
3 2350 2355 301 
3 5157 1497 5578 
3 1468 1032 1035 
3 2878 3309 1999 
3 2553 3895 2554 
3 5818 5242 5654 
3 5656 5818 1451 
3 5656 1451 1459 
3 3348 2339 4926 
3 5976 5325 577 
3 5583 683 5835 
3 4681 4940 4584 
3 3316 2571 1741 
3 5986 4977 5825 
3 5914 5825 3209 
3 5277 5462 5208 
3 5662 607 5980 
3 5500 5981 5982 
3 2161 5487 3323 
3 5836 5747 5748 
3 3856 1057 1058 
3 5422 5983 630 
3 4667 4238 4655 
3 5373 5208 5462 
3 5115 4918 5205 
3 5087 5592 5000 
3 733 1799 1817 
3 287 4771 1633 
3 5060 1934 5884 
3 1919 884 3107 
3 3456 2994 3135 
3 5747 5831 5667 
3 5854 5189 812 
3 5667 5505 5747 
3 139 3791 5636 
3 5748 5751 5836 
3 5842 2665 5857 
3 5750 5749 765 
3 3949 5916 3026 
3 5474 5960 5216 
3 567 1798 995 
3 5260 4997 3509 
3 5973 5902 2242 
3 1964 2736 1550 
3 707 930 5585 
3 5277 5205 5456 
3 5977 2858 151 
3 2448 5575 3884 
3 930 695 5837 
3 1364 5636 3931 
3 2121 944 2744 
3 2484 5679 5437 
3 4647 4232 4219 
3 3861 4316 5127 
3 2471 1275 5467 
3 5755 5680 5337 
3 5591 5438 5756 
3 2316 2309 243 
3 5000 2523 5681 
3 751 2508 5912 
3 2825 1244 818 
3 5844 5593 2543 
3 2744 919 2112 
3 800 5760 5258 
3 5761 5342 5259 
3 5342 5761 800 
3 5486 5232 5134 
3 5259 5261 5599 
3 5369 5541 5368 
3 5931 5517 5930 
3 1703 4286 5442 
3 5983 3069 630 
3 2188 979 4596 
3 1777 2007 2006 
3 5402 5313 4952 
3 5763 5692 5519 
3 5606 867 5213 
3 5853 4086 880 
3 5607 5934 5608 
3 5805 584 420 
3 5855 5764 5525 
3 5370 4641 4189 
3 5764 5934 5521 
3 4203 4189 4641 
3 5187 5935 4867 
3 5510 409 1267 
3 5232 5486 5565 
3 5741 2306 5981 
3 5845 3849 4713 
3 5853 5936 5859 
3 5464 3333 2046 
3 5447 5526 5769 
3 5999 5698 5871 
3 5450 972 5769 
3 5527 1803 5699 
3 4086 5853 5859 
3 2815 2002 1131 
3 5775 5623 5535 
3 3693 2802 1877 
3 1241 243 686 
3 5870 5621 5532 
3 5944 5623 5775 
3 2076 5701 1044 
3 115 110 5624 
3 2003 1957 1775 
3 1430 1336 1614 
3 3104 3138 3118 
3 119 3882 1412 
3 2969 5516 1741 
3 2301 222 1519 
3 3822 2954 4682 
3 5625 5875 5707 
3 1817 3754 759 
3 5882 5952 5631 
3 909 1996 920 
3 4147 5403 5792 
3 5880 5882 5630 
3 1907 3709 5026 
3 5783 5787 5952 
3 5711 5786 5785 
3 3956 3979 2756 
3 336 2382 2581 
3 2917 1578 3821 
3 2028 1136 4722 
3 5549 3720 5784 
3 4737 3892 1149 
3 5790 5888 5633 
3 5469 5635 5886 
3 4776 5970 3058 
3 5790 2926 5888 
3 4321 5152 664 
3 5469 270 5378 
3 2920 5713 4642 
3 5890 5381 5553 
3 2509 458 1285 
3 5794 5292 5478 
3 1264 5124 5793 
3 1264 5556 5124 
3 5897 5043 4937 
3 818 4755 4393 
3 5005 5408 4332 
3 2263 5042 5059 
3 5578 5156 4975 
3 608 1051 1399 
3 5132 4759 5642 
3 5585 5839 5836 
3 3054 3041 5309 
3 2056 2073 1667 
3 5807 5645 5481 
3 3266 893 1649 
3 5309 5563 3054 
3 1340 4934 4936 
3 2543 5515 876 
3 5644 5310 5969 
3 573 3313 4251 
3 4867 5448 5266 
3 5047 5488 2211 
3 3788 1755 329 
3 1793 1619 1534 
3 5454 5275 5536 
3 1610 1631 1663 
3 3774 3784 2564 
3 581 1459 1451 
3 5396 402 2769 
3 5568 3103 5493 
3 5902 5973 5733 
3 5973 5407 5733 
3 4636 4537 5178 
3 4149 5772 2879 
3 3103 5902 5493 
3 3218 2820 3611 
3 703 1524 1132 
3 2355 1564 5911 
3 3979 3972 4455 
3 5239 966 1975 
3 5085 751 2760 
3 5657 1459 5496 
3 3963 2159 2564 
3 5244 5419 5980 
3 3333 55 3534 
3 3611 3644 3579 
3 1906 1910 3713 
3 5160 5914 4076 
3 577 4008 5976 
3 1964 1550 2470 
3 5583 5828 5991 
3 5831 5747 5837 
3 3481 3464 5915 
3 200 2688 2270 
3 2830 48 543 
3 5747 5505 5748 
3 5747 5836 5837 
3 1724 3302 3293 
3 5836 5839 5837 
3 708 5586 5506 
3 930 5839 5585 
3 5648 5901 5314 
3 5674 5673 5840 
3 828 3085 4015 
3 5335 5399 1953 
3 5436 5678 5923 
3 5173 4999 1641 
3 5925 5173 1641 
3 3593 4562 277 
3 5759 5685 5843 
3 773 5757 5756 
3 853 3109 2679 
3 3538 3437 3943 
3 1507 832 2717 
3 3368 1680 5598 
3 5598 3383 5930 
3 2581 1703 5602 
3 5848 5602 5693 
3 5602 1703 5442 
3 5692 2514 5519 
3 4149 2858 5977 
3 2445 5932 847 
3 2514 5693 5519 
3 2802 997 1896 
3 1229 1413 1228 
3 3038 3031 5589 
3 5183 5522 887 
3 5410 5815 5571 
3 2741 3972 2680 
3 5855 5525 5937 
3 5054 4240 2444 
3 5850 5611 5858 
3 5525 5767 5937 
3 5509 3339 5118 
3 3715 2376 2828 
3 5622 5532 5533 
3 3500 2666 5859 
3 1931 2832 2415 
3 3353 1989 1365 
3 2401 369 2017 
3 5357 5699 972 
3 5770 5769 972 
3 5698 5452 15 
3 519 1574 363 
3 5615 5868 5865 
3 3709 1907 1906 
3 2691 1847 5861 
3 3821 1146 3354 
3 3262 4526 4896 
3 5870 5872 5869 
3 5510 1267 2866 
3 1079 78 5775 
3 5652 512 5734 
3 2282 1987 2095 
3 5624 110 1092 
3 5467 1023 4457 
3 1964 5841 273 
3 5706 5623 5945 
3 420 5646 5805 
3 5777 5881 5543 
3 5707 5878 5777 
3 2802 3703 997 
3 3139 2995 3508 
3 5661 5155 5244 
3 5780 167 5950 
3 3726 2197 4213 
3 3542 3469 349 
3 5953 5545 5544 
3 5545 5953 5635 
3 5954 5785 1185 
3 5121 4234 3107 
3 5746 3233 5827 
3 5787 5633 5546 
3 3530 2144 2680 
3 2898 2028 3339 
3 1070 5944 78 
3 110 1631 3616 
3 440 1287 1285 
3 1252 5378 270 
3 5715 5959 5887 
3 2777 1882 3232 
3 5890 3774 5637 
3 5478 5892 5794 
3 5516 5556 1264 
3 5516 340 5556 
3 1127 2102 1152 
3 5474 3776 5960 
3 5891 5721 5554 
3 5733 5407 5237 
3 2999 5720 367 
3 457 3240 1899 
3 5615 5617 5106 
3 4869 3644 4073 
3 367 5720 5898 
3 5896 3852 5721 
3 5815 2254 2255 
3 469 2225 5901 
3 1928 1149 5864 
3 5625 5626 5706 
3 177 5207 3899 
3 5755 2484 3318 
3 5965 5805 5646 
3 3852 2209 5965 
3 2475 1719 1274 
3 1364 5808 420 
3 2073 3266 1649 
3 2024 5784 3720 
3 5047 2211 3075 
3 5402 3064 5969 
3 4188 4564 4271 
3 1208 5590 177 
3 5731 2226 5567 
3 3148 2681 4024 
3 5901 2225 5568 
3 3579 3559 3205 
3 1913 273 1132 
3 1669 2116 4400 
3 5816 5654 2262 
3 4326 633 5547 
3 5565 4822 469 
3 3654 2762 2311 
3 5413 5976 5736 
3 4668 1536 63 
3 5658 5979 5325 
3 63 2856 4668 
3 4904 5321 830 
3 2207 5589 3031 
3 613 5662 5578 
3 613 5578 1497 
3 5422 642 5744 
3 4945 642 5422 
3 5914 3209 4076 
3 2438 4236 4246 
3 2415 3278 2856 
3 4232 4238 2943 
3 5986 5989 1139 
3 2252 3265 3682 
3 765 708 5506 
3 3233 5664 4983 
3 5991 5828 5918 
3 5415 4969 4317 
3 5827 5918 5828 
3 5583 5991 683 
3 5784 5284 5549 
3 5831 5837 5919 
3 5528 3391 5172 
3 3481 592 3464 
3 5506 5750 765 
3 5837 5839 930 
3 1394 4845 1051 
3 5571 2262 5654 
3 1527 4236 2425 
3 5756 5680 318 
3 2755 2290 4095 
3 5840 1606 5674 
3 1546 5864 1149 
3 2822 2823 2752 
3 5675 5674 5841 
3 49 944 1340 
3 5675 5841 4190 
3 5675 4190 9 
3 2564 2557 3774 
3 2184 2604 2985 
3 3278 2415 2832 
3 5925 1634 5678 
3 5592 5759 780 
3 5757 5683 5591 
3 3333 5464 55 
3 3275 1951 2408 
3 4149 2879 1773 
3 5129 5721 5387 
3 2263 3187 3160 
3 1513 800 5761 
3 1114 1524 4983 
3 3972 3956 3530 
3 824 5761 5599 
3 5761 1584 1513 
3 4490 3068 1294 
3 847 5932 5931 
3 1641 5681 2508 
3 2122 728 4404 
3 1951 3275 2828 
3 1717 5693 2514 
3 157 597 3390 
3 4738 5182 5693 
3 3163 2733 4067 
3 5608 5934 5852 
3 5695 2815 5694 
3 1075 4557 2043 
3 3439 880 4086 
3 5848 2581 5602 
3 5874 1928 5864 
3 5756 318 773 
3 1367 4067 2733 
3 5927 5759 5843 
3 5356 5854 5640 
3 3009 3216 2902 
3 526 3952 5170 
3 499 2029 41 
3 3878 3828 3756 
3 972 980 5770 
3 991 2993 2604 
3 5565 2201 4822 
3 202 2586 2107 
3 2183 2033 2220 
3 5863 1006 5995 
3 21 2076 1044 
3 584 2209 2638 
3 4474 5619 1006 
3 5868 2711 5865 
3 1023 5868 5703 
3 5486 5807 2179 
3 5629 5459 5780 
3 2633 5589 2207 
3 5944 1070 80 
3 5759 5592 5685 
3 4189 4203 4195 
3 80 5945 5944 
3 5875 5945 99 
3 78 5944 5775 
3 5946 5875 99 
3 2475 896 5573 
3 5707 5875 5946 
3 5945 5875 5706 
3 2719 2715 2699 
3 1953 5777 5878 
3 1615 1478 1878 
3 3962 2624 3037 
3 5881 5777 1953 
3 5880 5778 1117 
3 4799 5244 5155 
3 1142 5881 1953 
3 3149 4419 2786 
3 1142 2001 5881 
3 465 3274 2459 
3 5779 5778 5880 
3 166 5879 5883 
3 3128 2713 2246 
3 1133 5952 5882 
3 166 5883 5954 
3 5760 5843 5091 
3 5955 5783 1169 
3 5786 1185 5785 
3 5957 5635 5953 
3 1250 3037 1258 
3 5885 5713 2920 
3 5787 5955 5788 
3 4947 3069 2703 
3 5713 5377 5471 
3 286 164 1189 
3 3720 5549 2049 
3 5943 99 80 
3 2926 3776 5888 
3 2049 5549 5887 
3 2999 5961 5641 
3 1612 3109 3127 
3 5471 5376 4837 
3 1264 5793 1252 
3 4844 3559 4010 
3 1085 3179 1493 
3 5500 5499 5741 
3 4353 5184 4031 
3 5795 3812 5553 
3 2999 5641 5720 
3 762 4264 3059 
3 1573 1187 2976 
3 2184 4338 991 
3 2604 2184 991 
3 924 4284 5704 
3 2252 4551 3260 
3 5800 3041 392 
3 392 5898 5800 
3 2586 1226 2596 
3 1717 336 5848 
3 2179 2201 5486 
3 2484 9 4204 
3 2682 1758 2230 
3 5800 5899 3041 
3 2187 2979 1385 
3 5076 5893 5079 
3 5728 4942 839 
3 4282 2447 2917 
3 5726 5047 3075 
3 2154 1702 5967 
3 1477 4887 648 
3 5637 5887 5959 
3 4866 5136 4944 
3 1661 5683 5757 
3 2977 2574 4222 
3 5811 2226 3944 
3 3717 3963 527 
3 1841 833 1374 
3 2253 5652 542 
3 2255 5571 5815 
3 5273 5200 5619 
3 3148 1856 2681 
3 4007 1451 5818 
3 4008 5736 5976 
3 581 5496 1459 
3 2866 5732 5510 
3 3148 590 581 
3 4657 4656 3944 
3 5734 5494 5652 
3 5658 5821 5979 
3 2254 5903 5973 
3 5647 5811 2213 
3 1467 5980 1473 
3 5740 2306 5741 
3 5662 613 607 
3 5500 5982 5983 
3 930 707 700 
3 5579 4076 2342 
3 2965 2693 2900 
3 4976 5664 5744 
3 5579 2342 1497 
3 5579 5160 4076 
3 1264 61 1741 
3 5388 5797 5297 
3 1285 458 4543 
3 61 517 1741 
3 3959 3537 3164 
3 4526 3247 4527 
3 5601 5602 5442 
3 1719 1725 2639 
3 5919 2406 1552 
3 4904 5985 4016 
3 5919 5837 695 
3 695 930 700 
3 1256 1739 2149 
3 2794 2799 4449 
3 3032 3481 3883 
3 2454 5920 5511 
3 3118 3138 3149 
3 2195 1304 5319 
3 387 5642 1299 
3 5436 5923 5588 
3 2058 270 2046 
3 5451 5868 5615 
3 3956 3537 3959 
3 5758 876 5687 
3 4180 5538 535 
3 824 1584 5761 
3 4264 1584 824 
3 3956 3959 3955 
3 3955 3959 3549 
3 5931 5930 3383 
3 790 3067 3073 
3 3442 3861 3431 
3 4255 4820 5263 
3 2514 5692 3469 
3 5213 4371 5347 
3 5445 883 5526 
3 5855 5934 5764 
3 4755 818 1244 
3 5936 5853 880 
3 887 5522 4366 
3 5697 5435 5858 
3 5936 1807 5859 
3 878 435 2071 
3 754 1694 1250 
3 5435 5697 2076 
3 2153 2370 2292 
3 972 5699 2685 
3 1850 5863 980 
3 3527 3509 5698 
3 1006 5619 5995 
3 5494 5569 5236 
3 1853 1023 5773 
3 1023 5703 5773 
3 2555 4397 1073 
3 44 5870 5532 
3 5619 4474 5942 
3 1044 5869 1048 
3 5945 80 99 
3 5943 1070 1061 
3 5943 80 1070 
3 78 1062 1070 
3 3858 4045 4021 
3 4045 1232 4021 
3 4021 1232 5948 
3 3339 2028 4722 
3 4137 4583 1582 
3 3315 2564 2159 
3 3717 4583 4137 
3 2159 3717 4137 
3 2159 4137 3315 
3 3106 3543 3665 
3 3106 3665 3605 
3 3543 3106 3011 
3 2608 2486 2795 
3 2489 2486 2608 
3 3393 3181 3501 
3 5861 1847 5618 
3 5618 5360 5861 
3 1847 5773 5618 
3 1847 1853 5773 
3 38 24 34 
3 675 651 599 
3 2791 3119 2261 
3 4743 4908 4036 
3 3984 3811 4354 
3 3984 4648 4036 
3 4743 4036 4648 
3 5995 5770 5863 
3 5450 5769 5993 
3 5995 5994 5770 
3 5769 5770 5994 
3 891 859 768 
3 799 888 766 
3 799 5997 888 
3 799 5998 5997 
3 5997 5998 859 
3 5999 5871 5937 
3 5767 5999 5937 
