ply
format ascii 1.0
comment VCGLIB generated
element vertex 2000
property float x
property float y
property float z
element face 3996
property list uchar int vertex_indices
end_header
-51.98618 66.43861 -57.62096 
-55.73344 69.39331 -55.23286 
-51.82215 68.41545 -57.39569 
-56.69335 59.17218 -54.99769 
27.92586 -7.227711 19.02174 
0.9657205 18.25961 30.33389 
-59.82462 60.91941 -53.32445 
6.533482 11.98942 27.14427 
-49.286 73.97138 -54.05573 
-20.81048 3.902852 25.48576 
-49.96076 76.18855 -53.51521 
-50.7867 74.70685 -54.87777 
32.77392 -27.36776 11.60537 
-52.36952 72.82826 -51.65093 
-31.82977 -3.60686 20.02321 
-58.58505 58.59008 -49.59279 
14.35205 -20.75125 11.08478 
-57.81836 66.67638 -53.60332 
-54.44968 65.85625 -53.24339 
-59.62877 58.8932 -53.23245 
10.90544 26.19978 30.08231 
-56.41191 73.62112 -51.04558 
-33.24586 -0.9128073 20.3014 
-59.95822 63.55239 -48.58265 
-56.73059 64.93928 -49.52015 
-10.76954 14.71137 27.50923 
-15.93335 27.52402 27.70872 
-54.64183 76.53223 -51.4739 
-51.95872 75.26348 -49.21029 
-52.86639 76.75075 -50.99174 
-57.11092 63.37451 -48.90586 
-59.44882 69.33443 -48.49964 
6.812629 42.97352 35.51112 
-58.72329 70.72149 -46.38261 
-1.571726 61.11856 -49.01952 
1.442728 58.51518 -47.55635 
2.905522 61.04157 -48.66277 
-61.63564 62.8474 -47.08345 
-60.76994 65.53419 -47.38766 
-27.42602 -37.36301 7.339052 
-28.9136 -52.60392 26.04705 
-9.811073 67.78915 37.06268 
35.37603 -2.263667 8.383952 
-55.62918 69.26096 -48.99426 
-13.08038 14.28698 27.97505 
-60.5229 59.19596 -47.46785 
-26.18222 2.780658 25.28766 
-21.77053 22.40299 19.5592 
-55.90929 61.69839 -47.55371 
-52.8081 74.85059 -45.77929 
-58.16573 75.21007 -45.91144 
-20.58196 26.72635 18.38109 
-62.66109 61.03423 -45.21589 
-2.50233 59.98538 -46.59594 
-61.45249 67.58482 -46.14999 
29.23958 -31.72458 9.239826 
0.3243377 57.11654 -44.64957 
-4.149202 56.60929 -43.34001 
17.82598 46.2764 29.95057 
-55.27946 70.3791 -47.91667 
-27.48026 17.89256 12.38287 
-53.91228 75.51746 -45.66193 
-50.30368 83.16103 -46.09534 
16.72422 -41.24063 16.91778 
-56.06721 64.23879 -46.43149 
-59.65065 74.98472 -43.96275 
14.51274 -31.40395 24.89398 
19.72947 48.17592 29.285 
24.30986 53.95433 20.8934 
25.36263 56.99527 20.63535 
17.38679 -23.88077 6.109012 
-1.53876 55.61018 -41.87629 
-60.4617 58.24341 -44.5946 
4.692803 60.05818 -45.57541 
0.4581088 67.31037 37.79505 
19.46885 58.29873 31.10909 
27.35095 47.83312 12.57607 
-54.0506 66.35728 -45.93769 
-60.59098 70.91014 -43.39127 
-52.2944 71.54675 -43.97814 
59.20957 75.37004 -43.24817 
-55.74647 78.54047 -42.7933 
-52.66304 83.75021 -43.86067 
-54.28294 63.44588 -41.18503 
1.328867 61.97257 -45.48811 
-62.52043 67.4989 -43.93826 
-52.50486 74.22636 -42.62389 
-55.10381 77.01208 -43.09794 
-52.52322 76.74224 -42.80106 
51.52526 81.30014 -43.6016 
-48.1147 84.11831 -44.98433 
4.671179 56.42241 -43.86587 
24.38704 56.41347 25.05739 
-4.687489 61.36814 -43.62037 
-24.63647 -44.52909 17.43041 
-35.03778 57.94032 10.29069 
29.95371 -39.48754 19.58704 
55.42287 82.95604 -41.32846 
-61.96278 59.01043 -41.26319 
-57.86813 58.37735 -44.1569 
-55.1002 60.74593 -44.45597 
6.686177 87.74383 17.56469 
57.58717 75.40317 -42.75073 
-57.11258 76.63731 -43.31698 
3.802006 62.43995 -40.54345 
58.04417 81.21873 -39.71908 
-52.88892 81.11511 -39.47655 
-31.17778 -52.6779 21.09468 
0.7135703 54.9025 -40.78016 
2.837507 54.47856 -40.21087 
15.95092 -52.38042 16.23798 
29.95111 -53.61471 20.52224 
-28.40541 71.29885 8.293422 
14.60042 -45.62384 19.15547 
54.71658 80.06396 -42.88063 
9.720415 67.36951 36.0203 
-0.8274397 63.69468 -42.07508 
-62.55524 65.03578 -41.71909 
-19.74151 7.115031 25.79506 
-50.76488 78.56123 -40.67959 
-10.80402 46.95934 36.73538 
-4.157137 55.40972 -39.80283 
6.63755 57.16662 -41.20516 
-52.38245 61.60514 -35.76289 
7.163892 60.7907 -41.38926 
-1.186389 64.3995 -39.28537 
-22.79325 47.37334 27.24395 
60.70923 76.2198 -40.51296 
-0.4774217 1.67372 42.31691 
2.665345 64.02429 -39.44564 
39.13816 -53.24858 9.732245 
58.58003 75.73985 -37.16998 
48.17605 88.71602 -39.91772 
-56.8462 58.54391 -38.75007 
-6.001311 58.18709 -42.72066 
-2.475371 67.96307 37.89373 
-58.1572 76.57861 -41.83577 
57.55156 77.2018 -42.4191 
50.62276 87.98244 -39.78106 
-61.89108 69.45327 -39.77229 
1.836881 57.30918 39.36362 
-61.01132 74.19211 -38.95181 
-26.64768 -43.36969 12.44177 
-11.75872 58.58814 36.96532 
-5.995588 57.23471 -39.47021 
1.249955 -2.524708 45.1268 
57.02302 73.71762 -37.81303 
4.968922 3.124134 7.695408 
61.3662 75.59566 -35.72113 
-38.6842 -41.22481 11.16354 
57.31956 82.32932 -36.27647 
-23.96828 -20.74433 18.34356 
4.919346 54.21215 -38.91769 
7.797235 60.63553 -39.33739 
-1.31627 66.24464 -36.6539 
3.164342 65.89926 -36.28321 
-53.05361 67.37165 -41.02761 
-56.6181 79.64715 -38.93162 
25.52045 -36.20686 10.79047 
53.27151 81.69769 -39.10923 
22.40109 -34.60295 10.97928 
-5.822474 55.28337 -37.2322 
29.103 -16.09221 17.7819 
17.93689 -33.92334 10.28142 
-27.4223 47.14474 17.62095 
16.813 23.92267 21.24343 
-1.365 54.02591 -36.55781 
-3.677326 50.69758 38.51568 
-40.57762 -31.37433 9.848498 
2.926092 55.70727 -35.5084 
7.766104 57.73683 -37.72733 
28.10425 -15.58999 18.18966 
-32.18478 -15.09305 18.88383 
-60.11738 75.31857 -36.63007 
-57.55741 78.50408 -36.28623 
-8.581747 59.83692 -34.05821 
33.97505 -22.20587 9.942684 
-63.09064 62.98749 -38.3498 
6.826179 62.2538 -37.11084 
-3.304549 63.37366 -38.78012 
59.29475 71.34222 -39.09972 
-51.74209 70.93208 -38.93803 
55.74615 77.17886 -36.77616 
-54.93198 78.56081 -36.30978 
-29.83036 15.52647 7.805779 
-24.37753 -47.93881 25.07755 
7.485298 58.11743 -36.08316 
27.09168 -10.20015 18.33098 
-41.64748 -17.39111 12.53919 
-25.17027 -7.499798 19.81752 
57.82905 76.88582 -36.78669 
-30.63872 -6.627723 19.37638 
-17.35732 -8.079555 10.97372 
61.20807 69.48443 -35.89297 
55.84354 73.79202 -35.03893 
54.04316 76.31877 -34.74342 
20.47881 19.58982 6.18238 
55.79891 81.77185 -35.3801 
2.158608 54.27442 -35.90245 
28.80452 -4.914753 19.06044 
-61.08215 59.6714 -36.73916 
-52.93518 59.87853 -35.35818 
20.9162 71.43493 25.49793 
2.479193 16.30303 30.34895 
-50.30735 75.367 -39.77035 
-15.38592 -3.026648 19.26549 
-11.03657 0.6407875 11.98954 
-12.87986 12.11124 26.89429 
55.06029 85.30076 -35.95588 
1.330639 52.08072 -32.67341 
-2.390977 55.45672 -35.34716 
-6.144892 57.92599 -36.68677 
-0.9284889 69.3234 -34.25087 
62.36028 72.23865 -36.79657 
56.33746 70.32738 -35.4161 
-50.96748 76.19909 -35.77379 
60.62759 76.16538 -34.80366 
-0.6475745 83.80885 29.03637 
59.97379 77.64953 -35.17533 
-0.03946725 5.736998 7.802547 
30.60953 10.30612 7.577606 
3.54361 69.16592 -33.35537 
18.71205 36.33767 4.994458 
-61.02509 72.20976 -36.00776 
-4.362535 -6.511183 46.70028 
50.19869 85.8093 -38.6462 
0.1097884 53.91667 -34.18434 
2.739634 53.97984 -32.46181 
-51.78211 57.78388 -35.13731 
4.760939 70.46943 37.27138 
-29.11367 56.98218 18.04486 
-61.83004 65.94031 -34.33318 
-49.28401 70.08549 -33.16521 
-61.50706 68.9259 -34.96936 
-60.1881 70.63313 -32.6212 
-28.75108 46.11216 9.024261 
25.64088 62.23978 18.52944 
21.29751 14.20875 19.84232 
-20.00771 29.78924 10.40495 
54.90968 82.05652 -34.39719 
-55.95565 56.61389 -33.14104 
-5.31479 57.10708 -33.59308 
8.655257 59.08145 -32.84266 
-23.28112 39.04108 11.22354 
8.261515 62.83865 -33.71057 
-24.80291 16.06495 22.81194 
-3.237404 67.52021 -34.51935 
53.62911 87.63824 -34.5295 
-4.532129 55.10366 -35.12542 
-55.98058 58.68716 -34.10717 
-4.138403 65.40639 -32.46215 
4.906397 65.87118 -32.11102 
14.83334 7.317912 25.03253 
58.3351 67.28651 -33.7471 
-18.88431 55.87124 34.85041 
-49.69642 71.85516 -32.00553 
-49.69096 73.6636 -34.05392 
40.33015 56.88854 8.002797 
-34.60825 51.1465 9.950432 
54.43326 80.40842 -34.76719 
41.26057 60.10436 5.168993 
4.021857 55.4716 -33.93717 
23.2391 44.41568 21.2189 
-8.128852 62.53653 -36.60993 
-49.40463 67.85136 -34.18158 
-57.05707 75.80911 -32.62278 
-52.7218 76.21769 -32.5475 
57.0522 83.0425 -31.634 
49.17228 89.37946 -33.77159 
-29.81676 61.20616 18.95209 
-53.66731 54.17374 -31.04849 
-61.19048 61.94271 -34.08876 
-28.06711 70.34752 10.3415 
8.715137 70.49102 -31.25525 
55.46769 67.48095 -31.07047 
19.81583 77.2399 10.43973 
18.02578 80.3913 11.70005 
58.02427 81.27769 -31.96858 
-1.09737 50.75573 -31.09139 
-21.00436 76.88687 21.90155 
-47.63839 64.22475 -31.74525 
4.503017 64.01649 -34.67314 
-6.710513 65.23598 -31.6038 
-7.436488 67.79231 -32.47976 
-46.50341 68.50774 -29.97726 
4.463063 14.31162 28.304 
-16.05768 82.57353 20.88373 
-13.74944 83.17837 20.53827 
-5.169205 71.98012 -34.19417 
-4.45859 52.09468 -30.44438 
-50.33596 56.08186 -34.09655 
8.743184 62.73557 -27.84952 
18.88987 -52.97114 8.395176 
-3.364743 89.34805 16.69634 
-44.87188 69.62397 -31.45618 
3.340994 3.555426 30.28058 
6.752346 70.54595 -33.79986 
-3.27336 72.65527 -30.70431 
62.03481 74.70351 -30.9162 
-55.98981 73.5874 -29.77603 
-37.7634 -53.2836 19.71772 
25.83438 45.04441 8.137814 
-6.152359 54.98433 -30.32506 
-6.778358 58.89163 -31.19852 
-49.14378 60.59656 -32.26845 
14.14001 -51.39457 19.10096 
22.50606 -52.75014 15.63964 
-59.85089 68.29465 -30.33355 
18.30406 33.45571 17.91618 
-22.61836 -28.94037 17.37396 
-9.790415 89.09543 12.85366 
51.65056 81.94185 -32.85098 
-4.180614 55.00054 -31.39569 
-31.65631 -53.68736 9.261609 
-7.705856 72.1606 -33.35069 
15.04454 75.86864 29.61413 
60.22396 79.8321 -31.76394 
-46.99993 -53.31717 6.911129 
-37.74639 -39.06229 19.18553 
52.6491 87.92665 -29.451 
2.859335 51.4305 -30.49571 
3.908878 56.43132 -31.44489 
-49.37504 57.31837 -29.9642 
-17.29678 19.00801 26.25234 
-44.26648 70.84493 -29.86321 
6.839071 73.78667 -28.33904 
12.662 -30.06769 20.57846 
51.19653 81.74221 -29.53993 
-10.49119 89.30906 -30.02341 
-14.98279 90.37695 -30.84471 
-22.13561 -22.11484 15.82435 
-16.42487 82.83086 17.53179 
-20.9901 95.9311 -31.47594 
14.15503 83.88375 17.74474 
-59.82729 58.9583 -31.47818 
6.09882 55.86055 -28.42907 
-60.27907 63.98729 -31.31572 
7.24242 65.01476 -30.40333 
-46.30574 72.71107 -29.16638 
11.81527 -24.89416 13.38049 
18.08169 -49.52509 11.09945 
19.19781 -52.53652 32.01629 
22.12934 -53.56939 28.4804 
50.81447 77.32101 -26.95024 
-52.06878 -48.20622 4.625255 
-49.31819 -47.05663 7.943216 
-46.4672 59.56258 -28.96074 
-9.084428 62.66746 -29.88119 
57.57954 65.21584 -27.80339 
-12.14522 -2.933099 12.14747 
-58.22303 71.97984 -28.94665 
-54.62952 74.49686 -27.79887 
5.495811 75.74009 -29.14529 
49.46175 90.85909 -32.07655 
-22.67798 95.8829 -30.77188 
-6.113838 -2.66302 43.77678 
20.32042 -11.38145 19.53499 
11.85187 -2.851784 18.51229 
25.62208 -44.67633 8.481524 
23.99748 -10.34581 19.7628 
-9.481269 73.7952 -27.31046 
-52.51529 73.80147 -30.79596 
-9.104281 76.3243 -28.31248 
33.47755 4.881882 12.93561 
-2.679336 74.83146 -30.74 
59.15134 80.21201 -29.16628 
11.2193 83.73996 -29.52151 
14.76003 89.51064 -29.23387 
18.36248 94.02206 -29.23982 
-30.44773 -40.72202 8.018695 
-24.18201 21.45432 8.948515 
63.71049 70.35111 -30.94066 
2.658006 9.41549 30.64254 
-18.12679 75.44859 27.59245 
55.73857 85.18427 -29.0361 
-10.16821 85.47479 -29.82309 
49.01771 86.89444 -30.42499 
-12.40832 94.56503 -27.52617 
-17.35381 96.51908 -29.98216 
2.928737 46.44323 37.46151 
-47.31222 53.15648 -28.47731 
-27.99415 47.4655 12.01303 
6.899728 60.4917 -28.77395 
23.19789 43.00539 17.06408 
12.21566 67.91409 35.49973 
26.84163 -32.92089 8.492368 
63.32743 72.71311 -28.54714 
-11.77217 86.57014 -30.60814 
11.4601 82.88292 -28.23412 
-16.41362 76.85613 26.90134 
4.568728 3.690328 19.2468 
-52.02234 52.49195 -27.79202 
-62.58654 61.29006 -26.48532 
-10.13352 69.45497 35.12146 
53.84418 65.11594 -27.56874 
59.14862 65.36935 -28.75999 
-0.4860749 -5.876565 52.37648 
8.842719 66.91931 -27.72258 
19.21135 39.35849 26.23073 
62.52546 76.00146 -29.12736 
1.471446 77.45529 -26.98664 
-27.952 16.69807 18.75054 
53.90492 85.41115 -28.17491 
-18.0751 93.55811 -29.27001 
-22.47045 94.22663 -28.40959 
16.86674 30.80565 22.23917 
-44.23848 62.78236 -26.72929 
8.799428 70.63425 -26.10768 
-46.98993 73.12362 -27.73865 
-22.1314 41.4536 26.95259 
0.6251664 89.49548 15.11042 
57.673 83.57294 -29.3463 
49.35993 84.93223 -25.17114 
-21.32063 97.04774 -28.67492 
-61.62675 60.39155 -29.09021 
51.08889 60.33143 -27.58427 
-0.9775174 49.74561 38.84783 
-7.66373 61.56902 -29.44982 
49.91074 62.39795 -28.01259 
36.97744 48.2613 9.493063 
-62.2417 64.65575 -27.78728 
-48.68906 -47.92113 12.8732 
-26.43494 -48.81538 13.19078 
52.69394 73.93074 -29.01327 
8.675469 76.49136 -26.99412 
9.17895 38.35506 31.02258 
-4.185464 78.25137 -26.85342 
55.79435 83.08137 -25.58726 
24.60198 -53.09436 26.01246 
-21.10163 91.87115 -26.64206 
-40.8625 -42.05238 13.40201 
14.32748 94.21935 -26.39204 
-13.71068 39.85101 30.16434 
19.32488 97.02695 -24.63708 
14.25468 81.69808 21.79324 
26.69905 -43.48409 13.00666 
-6.455318 58.40426 -25.7811 
47.56041 58.31302 -24.55548 
-17.28496 43.98315 32.28333 
-6.865644 84.68801 26.49755 
-12.20749 63.56097 -26.44739 
19.92433 -37.38699 12.57839 
22.74876 -36.54498 12.31044 
-19.15513 48.40442 31.82596 
48.24606 73.76031 -21.50959 
-58.0417 73.10015 -25.75376 
-2.634964 79.71979 -26.72003 
0.5965137 86.96589 23.46159 
-2.383867 53.28168 -26.43132 
-44.50925 58.50087 -25.65717 
56.16533 59.64996 -25.50314 
57.44823 64.24291 -26.67392 
22.63977 52.45559 25.87225 
-48.51694 74.00097 -25.7608 
61.84597 74.25716 -24.99031 
9.494284 78.43661 -26.1133 
-25.58452 -44.19005 20.64982 
9.189759 84.75084 -27.60505 
-11.75106 86.61043 -25.2444 
-14.5908 86.72286 -23.23906 
-20.50971 90.50399 -25.28469 
-29.41298 -14.04265 16.56172 
22.64897 95.94824 -26.40786 
-44.83125 52.29997 -25.10618 
21.94198 -50.9528 29.63379 
17.95685 67.60457 30.30866 
51.7613 69.52913 -26.36992 
-42.31018 69.10809 -26.85755 
62.54042 69.6755 -25.88582 
33.34264 -7.298986 13.11478 
4.182938 79.10497 -25.78219 
-32.27877 14.58601 10.90893 
-23.55333 -25.99263 18.90087 
16.86654 71.35442 29.05552 
58.76721 81.36896 -25.0435 
49.66188 83.74488 -27.53123 
16.54444 -43.61232 17.33952 
29.05297 -43.84599 19.64712 
-58.76377 55.23619 -27.84949 
50.67614 63.70306 -25.8746 
48.91211 68.80392 -22.96578 
-13.58016 69.4679 -24.22857 
-35.21732 -14.36794 18.11058 
-10.73239 81.13708 28.83426 
-35.45802 11.59545 11.30481 
16.96589 92.6889 -26.20082 
8.497089 62.59849 -24.06508 
-63.04689 65.21874 -23.43258 
19.97754 -7.920787 20.8175 
23.96947 -6.82015 21.26096 
17.68809 32.62639 10.35646 
60.22971 77.97789 -26.2491 
10.82855 76.76184 -24.46059 
-5.109655 66.6845 38.52572 
-20.62712 30.64884 15.80229 
57.90195 80.17209 -22.36214 
-10.31277 81.48907 -26.70544 
48.61608 78.10122 -23.58912 
-7.208095 81.34124 -25.46306 
48.60697 81.25526 -26.47267 
23.26726 56.17384 26.4149 
21.43669 40.09436 7.679486 
-5.897919 16.38665 29.97712 
-23.23852 69.63498 26.28126 
-60.16058 56.87468 -23.24971 
5.119924 57.77934 -24.55115 
14.06315 80.55557 2.354462 
48.23922 59.28007 -22.75883 
-9.169869 62.30728 -24.52611 
-52.03197 73.88927 -22.37111 
-9.860357 79.26108 -25.84267 
-9.67706 81.38076 -22.77576 
-3.373694 81.20196 -23.32286 
-29.79619 -45.49803 24.56392 
-18.17767 85.84418 -23.41102 
-7.432934 87.57628 -26.27443 
-1.748124 -6.688493 48.289 
-15.06993 96.23804 -23.98012 
34.03077 63.06227 9.962927 
-50.19492 51.21275 -25.6629 
-5.964098 57.1827 -22.64566 
-40.06408 66.42095 -23.39554 
12.46633 68.9325 -23.00064 
11.58854 73.23024 -22.22158 
-60.15165 70.16852 -25.58694 
-9.489678 71.18745 -28.26469 
-4.374294 6.553111 19.25872 
14.37323 33.31094 27.50864 
10.32337 83.33881 -25.69817 
48.29892 83.36555 -24.01543 
14.97322 -39.95946 25.56788 
51.94493 87.39205 -25.91783 
18.62647 90.42265 -22.7408 
-40.38457 -33.93077 17.48931 
21.6159 93.59402 -23.41393 
-56.85508 53.36706 -25.2669 
-45.94948 54.69429 -24.49463 
0.9654293 53.23293 -25.16564 
3.73314 55.4348 -21.86627 
48.34189 55.67694 -23.49734 
55.86753 57.7802 -23.50982 
-37.54234 59.79675 8.536406 
60.34145 66.35044 -23.77938 
4.29364 20.5172 31.14108 
18.40841 23.41527 19.60437 
-0.3451122 80.76831 -23.74666 
-5.434634 84.047 -22.72955 
54.26602 85.69274 -24.67676 
13.32712 87.90508 -24.65239 
17.33205 -34.29053 28.16432 
7.82072 88.03344 -23.52478 
-18.18193 86.99279 -22.96177 
-4.896239 -0.01083916 44.43338 
-41.17143 54.43476 -23.02671 
-43.98816 66.45876 -25.44073 
-42.3632 64.33176 -22.56245 
-39.36233 -37.71469 10.15956 
6.573049 24.28662 31.52187 
-40.80169 68.25237 -22.28728 
-19.30702 94.74212 -24.63495 
-35.27349 -5.599306 17.20626 
-17.05463 82.69775 8.332951 
25.47734 67.23097 18.35328 
61.07887 67.84897 -21.96775 
-62.26063 69.07566 -22.53204 
60.21883 75.89149 -23.26232 
22.83868 70.97497 22.94995 
-2.30819 83.21941 -22.31736 
-13.21478 34.85946 31.19428 
51.43065 85.14802 -22.23615 
2.824847 90.13638 6.521501 
0.2834156 -6.000942 42.01454 
51.52753 55.03406 -23.20477 
8.26835 37.01659 30.66666 
7.842113 38.88332 30.82227 
5.884904 58.58457 -20.36909 
-62.63068 66.91212 -19.71493 
2.992712 84.96185 26.2406 
31.46068 -14.51133 14.0725 
-12.98382 75.05595 -22.36094 
-41.41594 -13.6634 9.843126 
49.14541 82.76431 -22.65455 
-38.7544 -50.08068 19.61381 
15.84998 40.75267 29.93527 
-52.36446 50.52311 -20.91462 
-42.41233 52.1782 -21.66963 
-38.70317 59.08723 -21.86313 
-42.18433 58.89606 -22.04382 
58.1543 57.44543 -19.77383 
-38.7961 62.6753 -21.89491 
-49.8934 -53.25463 9.464933 
-18.55639 44.3251 30.20341 
12.2441 63.82793 -23.00724 
-2.992187 -6.460415 43.62222 
9.681183 74.2957 -24.66975 
60.45751 74.52515 -21.17426 
4.438771 80.67947 -22.4293 
-16.4954 82.48483 -21.95933 
-34.57833 -39.38603 21.90567 
18.41288 55.07835 30.94304 
-38.82618 -36.37446 20.0863 
33.53001 -48.51823 9.63681 
-6.263201 -1.694019 36.82926 
59.90429 60.23482 -21.92274 
-6.654302 59.16567 -21.99816 
47.34249 60.74518 -21.75188 
-38.34243 6.416358 9.997707 
23.31011 60.82987 26.25529 
-40.37112 -28.45494 19.14469 
9.882446 79.90778 -21.76961 
-15.39063 36.33407 27.27849 
19.15292 69.50615 29.6228 
-1.338979 -3.56968 53.76719 
-47.52778 -45.26814 8.613748 
-21.82243 24.34635 11.63732 
45.43788 55.26897 -22.62191 
54.63366 55.17505 -21.23955 
-2.852546 54.56571 -21.04709 
61.86897 65.23548 -20.144 
19.35148 29.16355 12.7164 
-13.65818 65.61031 -21.33769 
-44.25585 71.82658 -22.79779 
-58.80732 72.12649 -19.97476 
-35.36693 -20.84472 22.82557 
-7.044939 17.62705 29.34242 
-2.398038 2.193201 27.83604 
-17.06685 71.31394 30.74142 
-30.59601 -43.79374 8.742948 
24.09219 44.26093 12.623 
-15.50627 72.14087 31.52948 
-8.114191 89.5733 -21.67554 
16.77831 90.51428 -19.34523 
30.94383 47.53219 11.77817 
-46.5726 49.66946 -19.73992 
-29.4243 52.92636 13.05419 
-26.66098 -40.46322 9.398107 
-7.614494 69.74039 35.95089 
22.67397 -17.12779 22.63065 
24.18497 -15.94638 20.1153 
26.22552 -16.84953 21.32399 
59.92456 70.3397 -20.12513 
-57.62771 72.54083 -22.21284 
-6.699628 -9.497316 54.45448 
-1.860502 15.1708 29.94435 
33.76512 58.39917 13.55557 
48.92537 75.72377 -18.95889 
12.27965 77.55687 -20.94423 
4.715589 87.90717 16.7205 
30.8133 62.06986 12.1321 
18.71879 -6.353918 21.4465 
-27.3972 -3.679447 21.98347 
20.51554 88.9212 -21.7067 
11.63119 91.4715 -20.57319 
48.72798 51.29977 -19.78442 
44.90418 53.17352 -20.8774 
7.95214 59.88462 38.49874 
24.465 -4.671116 20.71497 
-5.837755 81.90917 30.40901 
25.61331 -46.00731 26.62681 
-18.02879 -1.461607 23.01406 
17.19531 80.12829 15.31576 
-32.25956 62.06089 9.510376 
60.07831 73.32501 -21.52554 
-12.03806 78.22847 -22.24984 
29.31643 -25.39138 25.63555 
51.80681 83.12702 -20.95388 
54.51582 83.64946 -20.98775 
21.18664 -30.19719 7.858047 
4.008894 82.94878 -20.29983 
7.056243 81.62505 -23.84959 
1.637995 83.02503 -22.36447 
-47.98228 50.2078 -22.73176 
-55.43528 52.04822 -19.06432 
-36.00275 2.080452 19.01295 
-20.98569 -30.01336 9.518427 
9.333543 2.319796 19.65473 
-40.94933 -28.75638 8.002053 
45.01744 63.4094 -18.71237 
9.174645 65.00803 -20.27571 
-14.57264 74.09438 -19.12876 
15.98163 -48.40569 32.0236 
32.20014 -27.15716 8.223436 
35.34085 -53.41151 13.51375 
54.61549 80.32889 -18.50746 
-2.088635 84.79657 -18.45715 
-15.17333 82.17867 -20.74249 
18.54099 85.17698 -20.41267 
-7.693248 6.26487 21.01014 
-39.6134 54.10534 -18.75349 
-2.000814 54.37046 -17.9474 
45.33595 56.71208 -19.33961 
-9.781352 64.51458 -21.26471 
27.61293 -44.51263 23.12409 
-40.13945 68.4095 -20.12297 
19.64233 -43.32954 12.256 
11.81903 76.82114 -18.83885 
16.43926 81.15692 -19.85614 
-42.58548 -17.86424 10.37161 
1.320147 54.71736 -18.43391 
42.16011 53.57426 -19.16439 
-33.3189 -45.75163 4.480387 
-46.71635 71.83199 -19.41945 
56.24768 74.35073 -17.13453 
-39.83876 -34.13717 13.15214 
57.08467 79.9791 -19.99261 
-25.65909 42.3692 19.82716 
28.18031 -35.13356 26.86326 
-10.34641 88.6866 -18.50754 
31.38129 -31.16655 11.42169 
24.03662 52.45243 23.11511 
40.89518 55.54161 -18.71349 
-62.35983 57.55358 -21.27063 
-38.21478 58.76268 -19.46328 
-63.47698 60.27768 -21.63252 
-28.93993 55.30459 19.52881 
10.19724 66.00698 -17.49643 
-15.27827 69.55241 -19.6351 
-27.58038 61.58726 24.8487 
-17.99676 -5.889703 9.545444 
24.21778 64.87939 21.32181 
-5.519513 85.80495 -18.24621 
-42.99924 51.1067 -18.31547 
-1.540789 -1.158436 50.38449 
-53.18941 51.57853 -15.37037 
52.7443 51.79975 -17.58316 
7.118651 1.79913 15.37795 
-17.24934 -3.197261 5.45445 
20.96228 75.38403 19.71627 
-13.4589 66.06287 -17.99019 
-23.68458 -11.77832 13.76968 
8.260349 15.41306 27.47039 
6.677306 83.87207 -16.98168 
-28.10056 -8.990904 18.16663 
-14.7991 90.12301 -19.71381 
9.194735 85.33823 -16.21848 
-50.20184 49.88841 -17.27713 
-56.56426 54.06039 -17.46759 
8.774438 31.83008 31.22914 
-5.751175 88.42223 18.90295 
12.11191 -5.750758 12.336 
-11.05981 66.12762 -17.73723 
-59.79166 68.67416 -16.77711 
-15.43681 72.5235 -16.57976 
45.28524 74.12791 -19.12448 
-13.33728 76.61212 -17.11666 
6.193949 2.382177 11.14386 
45.81601 50.14319 -17.26939 
-5.300513 56.80426 -17.82898 
-8.108407 56.59254 -14.80942 
-35.87451 10.62033 8.564911 
5.360871 58.23719 -17.26213 
61.55016 62.28131 -18.64678 
-39.56704 65.94481 -18.41638 
-37.25953 -43.83817 20.12647 
-39.20443 -14.6057 15.74335 
14.86141 82.80236 -17.92135 
-33.13452 -43.86453 22.39906 
22.46761 16.53569 5.991923 
-25.08506 16.98293 7.230163 
8.548453 62.02578 -16.39438 
-19.92269 31.72896 7.950773 
-54.58448 70.42627 -17.1919 
41.60708 70.34953 -16.61438 
2.756698 -2.217317 39.37829 
-2.077446 86.18398 -15.0136 
-3.367339 46.5022 35.21402 
18.85418 -22.43918 25.273 
-47.12929 49.68713 -16.00449 
-38.56508 65.19737 -17.06878 
-26.01604 -29.67402 21.49921 
45.05112 69.7095 -18.10111 
14.01996 68.47693 -15.77178 
-38.71865 -24.43622 20.9349 
33.98598 49.29004 12.40186 
59.06334 72.66107 -15.97432 
47.21387 75.84057 -16.946 
30.52387 -2.838874 18.57292 
2.235837 84.69322 -15.95123 
-11.77629 83.33434 -17.08427 
9.598087 82.47317 -15.04379 
4.147588 55.80276 -14.11788 
-29.68344 63.65029 11.87535 
-9.197417 60.97323 -17.34241 
10.42038 21.07085 28.41175 
-42.97968 69.61913 -17.11832 
25.3023 71.09085 11.87149 
-16.23443 66.83873 -17.04144 
-1.457467 63.44537 39.42944 
-11.39015 79.16099 -17.28922 
-26.2028 73.83627 12.54803 
-39.2821 54.36909 -16.49688 
55.90827 53.20502 -15.19996 
-37.43086 57.93383 -16.0498 
43.09008 58.60122 -16.67266 
39.08584 58.30931 -16.49432 
-17.5627 65.08962 -15.46869 
-43.26232 68.18605 -13.39264 
8.911181 87.86105 13.504 
-50.2024 72.05051 -18.00485 
12.6256 75.50309 -15.58452 
10.79317 79.54421 -15.13006 
7.032813 83.37177 -13.81205 
-48.76359 -53.78251 12.32443 
26.99896 -3.187499 21.56133 
41.48476 50.76318 -15.25117 
-28.66335 -53.27637 16.38401 
11.09564 -1.678017 19.36374 
-58.55058 66.15936 -12.59433 
9.618186 0.2202061 17.68571 
-55.79913 68.65964 -15.18134 
35.54786 -48.04869 15.07289 
-48.56969 70.38758 -14.18754 
-8.597592 83.76569 -14.40777 
-11.15942 1.164137 18.71458 
-40.71994 -27.92274 11.57235 
-44.36734 -45.32238 12.9994 
-16.38499 48.61688 -14.78157 
-13.91495 46.78299 -15.45168 
-39.82862 50.01349 -15.15942 
53.41418 51.72081 -12.90101 
2.450614 53.37964 -14.3267 
-13.94911 51.85982 36.92009 
17.22375 81.13149 18.0771 
-39.83759 -39.57103 13.65845 
19.97055 53.42785 30.50336 
-60.98587 64.30092 -15.72569 
40.19527 68.75391 -14.78845 
15.72462 70.68802 -12.60973 
13.51623 73.40336 -15.25199 
-11.10066 81.05491 -17.13396 
-6.272292 85.3637 -15.07654 
-8.003346 39.21749 -14.0249 
23.69058 72.56804 8.770885 
4.804051 43.91475 -14.61426 
-3.636858 -1.212169 31.07557 
-0.80323 89.69054 5.544353 
10.63468 36.81706 28.5951 
0.806688 -1.855406 30.99497 
31.24763 -30.88689 14.97683 
-5.900138 3.884198 30.33379 
-3.149915 53.70351 -14.49289 
39.14937 53.80865 -14.5131 
-16.62679 73.03857 28.90451 
2.66678 3.761297 34.82856 
12.14166 37.78581 27.79722 
37.93102 61.2981 -14.34392 
-21.17525 61.58559 -13.78736 
16.56988 -18.29753 10.35684 
-20.97496 32.68484 17.56253 
-19.61907 34.67669 18.28172 
-1.484389 10.40763 31.91887 
12.54263 41.71486 -13.29433 
-19.36539 81.43819 16.32581 
-25.35821 -14.92723 13.20607 
-9.088457 18.94435 29.90627 
-6.128616 22.58104 31.69086 
-9.473427 50.56419 -14.35888 
50.10157 49.47632 -14.09554 
10.33488 47.60128 -14.42516 
14.75454 -10.53375 12.51544 
-1.803758 -5.653834 38.38076 
-34.58917 51.35466 -12.34588 
-20.74408 -10.71994 10.88926 
7.489807 88.23904 5.636256 
31.18378 -10.45772 12.09301 
8.671484 59.29121 -13.49879 
41.21401 63.15141 -13.57921 
-13.12 66.09097 -13.96669 
-14.63251 -5.17923 13.66094 
44.37296 73.75614 -15.42839 
47.47089 74.37883 -11.44104 
54.59311 75.99498 -14.83608 
-39.16204 -2.273782 13.67544 
34.18995 -1.717664 12.71852 
-9.023008 36.64544 -12.44643 
5.527658 37.15956 -12.4219 
-9.165175 1.071128 14.90105 
-20.12528 46.27945 -12.71838 
-5.564544 46.12708 -14.80676 
-41.67367 51.1979 -15.34893 
47.53429 48.90911 -12.16522 
11.12484 83.36507 21.92354 
-43.79562 51.17211 -15.51541 
-6.967921 53.35071 -13.48906 
58.41544 56.87304 -15.48884 
-11.32469 54.4784 -12.02836 
-2.273847 25.6591 31.44984 
-60.5797 56.20404 -15.40507 
-13.54009 56.71996 -12.77494 
38.89825 65.6217 -13.26687 
-40.24715 64.49117 -12.81134 
13.50305 -53.1803 22.15724 
-52.77599 68.73676 -12.9434 
-7.493216 8.351916 25.49103 
51.83092 76.59681 -17.17009 
12.72251 76.36762 -11.93108 
-7.626262 26.88056 31.85486 
-7.470418 83.87763 -12.04956 
29.70071 -49.23076 21.02355 
1.84408 25.96956 31.66087 
0.5575936 48.23919 -12.29264 
13.8369 58.98603 36.15842 
-21.12529 37.26883 15.69814 
-13.05851 58.52938 37.12056 
-32.5274 53.71921 -12.87021 
20.92588 -44.87415 8.744304 
39.42788 54.47501 -12.27601 
6.704905 54.37154 -13.26866 
29.63737 -46.09058 6.810265 
-13.55523 61.26104 -13.07747 
11.51377 62.28269 -11.42788 
13.84091 -39.50999 21.35693 
-21.11443 65.8503 -13.00244 
16.37885 67.72402 -13.92879 
28.92923 10.35005 19.52702 
-29.50928 57.86567 13.97081 
-12.805 78.38737 -14.25849 
5.372448 29.67312 31.55749 
24.59145 70.81126 13.71665 
-3.30333 41.86959 -13.21102 
-22.69688 7.55724 26.41198 
-29.21324 67.79282 13.88378 
-37.2296 -30.5749 21.99703 
2.607309 47.40924 -13.52116 
22.2554 74.13496 12.95191 
22.83141 -25.32912 27.14203 
-15.114 53.47026 -13.78387 
-14.80289 86.17035 13.52366 
-17.16421 57.175 -12.90173 
-37.7696 61.28953 -15.31163 
-17.03176 62.58032 -11.80842 
-32.77235 61.94917 -12.25769 
21.13428 17.89827 15.71486 
-11.94527 86.42888 15.16427 
-16.73173 8.624166 26.34402 
9.938956 67.17216 -14.24136 
61.64877 67.91235 -16.1997 
-17.19723 70.11882 -13.83812 
-39.15981 -34.79838 8.727795 
3.123252 84.72211 -11.78929 
-5.751153 -10.16271 57.96517 
5.042438 36.99609 31.60873 
1.128443 42.0477 -12.80988 
-0.7178349 47.60805 -11.46396 
-37.03407 49.8022 -13.34034 
41.32204 51.42889 -13.18903 
13.0761 54.23669 -12.32246 
-22.2357 23.45815 15.43451 
-17.69105 55.56046 -11.47191 
-11.55294 64.66454 36.77724 
-55.0891 55.11391 -12.82591 
12.53619 57.67345 -12.12794 
3.522312 49.55868 38.02248 
24.2046 -41.41534 14.20741 
-23.24435 -39.90698 14.08886 
-47.37286 68.19236 -11.33708 
-19.41135 69.5139 -10.82031 
11.30123 0.5238777 20.85668 
-14.77327 75.63551 -12.6097 
19.18031 -40.96386 15.0544 
-10.08485 81.40367 -13.21164 
15.33362 -36.15586 13.88051 
-2.233633 39.93987 -11.02136 
-22.03857 -35.16699 14.46616 
-3.851289 50.10022 -11.47894 
-41.73923 -24.80361 9.526862 
-6.683968 51.95826 -11.43931 
15.82106 52.14853 -12.01605 
-20.51986 56.22985 -11.58463 
8.530097 54.07834 -11.54691 
-34.01297 6.730819 21.02869 
33.23843 -22.751 8.150117 
-24.81035 58.2883 -10.06025 
14.58619 58.53914 -11.71767 
-5.060315 7.652149 31.20844 
-25.1419 62.67002 27.7639 
-38.86145 64.07572 -14.55574 
38.33454 63.07657 -12.36922 
-39.40685 65.93191 -10.89036 
-41.71056 65.67252 -11.45136 
-51.5742 67.18028 -11.00439 
58.30154 71.11909 -7.462837 
2.42717 37.66565 -11.40013 
15.50431 20.37382 24.26357 
12.31734 38.61146 -11.66029 
-18.85692 40.57191 -10.42297 
16.36933 -11.82697 16.16929 
49.81007 50.09103 -9.825578 
16.02018 25.83835 23.96521 
-39.3197 -7.685822 10.81257 
2.408164 75.31184 35.8288 
-22.55071 57.73078 -12.40019 
16.24953 70.36936 31.13974 
20.38792 -44.51304 29.20005 
-30.54576 60.01815 -9.703035 
-17.6798 -6.805697 13.80736 
11.2879 67.62962 -11.56548 
-37.42212 -2.054266 16.66039 
42.93264 70.75983 -11.75428 
14.42304 73.24581 -10.99714 
35.06793 -6.970263 9.029027 
9.234336 -1.292975 13.18166 
21.51062 42.35574 21.89495 
-12.12281 79.05364 -11.07403 
-14.2303 38.51866 -12.57039 
-4.27376 5.919537 10.86904 
-43.0639 48.41173 -11.88332 
-6.356136 -3.828052 48.47171 
-19.84103 52.26955 -13.17819 
35.10351 -52.64236 16.27972 
-11.89996 23.16064 29.78988 
9.742019 53.84652 37.14408 
-28.54527 64.79039 19.51748 
-52.77613 61.9819 -9.970818 
24.06719 69.96289 18.25217 
-58.4147 61.66045 -11.79451 
24.70359 16.97734 12.39441 
-56.43425 67.05548 -11.60093 
-22.90516 73.6254 23.16496 
-40.68985 -0.6240522 7.976111 
8.830738 5.268121 24.35147 
16.25537 -53.35064 31.55267 
11.99251 18.906 25.54771 
56.50729 73.22579 -10.89328 
51.28433 74.3534 -10.43799 
10.11161 79.76602 -12.81778 
-15.32526 36.88011 -10.26747 
-4.857408 37.34735 -11.31804 
-0.3082484 -2.822317 32.78354 
-10.21382 3.616163 8.451023 
9.7458 85.29144 21.63842 
-23.19643 41.21854 18.90537 
14.06691 57.32916 -10.48181 
-54.654 57.89294 -11.12359 
-3.778688 5.770728 8.913805 
20.9582 61.4447 -10.77814 
19.84605 66.69789 -10.46485 
39.74539 65.51189 -11.07586 
-5.656267 -12.58234 56.74723 
21.71026 39.78175 14.04815 
25.12737 -53.51498 23.99355 
-14.34084 76.88537 -9.69352 
12.1118 32.95026 -6.883542 
-30.68197 63.04748 14.63216 
-24.27951 52.62683 -9.473837 
54.0479 52.56827 -9.333534 
-51.41986 55.28419 -10.09792 
36.08418 57.37228 -8.609749 
63.1995 62.64054 -14.30149 
14.72874 63.68568 -9.479242 
-25.53917 73.0971 14.17691 
62.53925 64.01259 -9.174296 
21.15718 22.31657 11.73864 
18.50426 79.83353 15.53463 
15.07634 -41.00024 20.70011 
-11.07748 80.7032 -7.766194 
-7.910343 32.29606 31.87847 
-0.4417186 37.33732 -10.07644 
1.7352 2.99249 27.20112 
-33.70615 -37.5252 23.11703 
37.63943 52.27772 -10.13309 
12.90762 -34.64425 19.21548 
0.1835261 89.3311 16.95819 
-20.02218 34.46529 7.924872 
17.92815 57.09665 -8.182889 
38.33663 58.508 -10.92232 
-48.24281 63.92252 -8.044032 
-30.57193 -26.07022 23.03348 
16.54304 70.90229 -8.084896 
-7.590806 44.1173 36.83625 
-43.83004 -53.71516 -9.988371 
-3.298994 29.28774 -9.136233 
-5.925478 71.27777 36.34274 
0.3982071 29.56491 31.40969 
31.45671 44.6246 6.849454 
-21.08396 39.49827 -4.860743 
-8.787502 71.28029 36.16745 
-33.63438 48.80393 -11.21111 
-45.60427 48.07723 -8.419113 
40.11899 48.17792 -9.365544 
-49.53905 51.77407 -12.3457 
-27.15592 53.25778 -9.29401 
-26.1244 60.12842 26.3578 
22.49767 56.1373 -7.374233 
-17.63914 26.25029 25.07283 
-27.40449 56.59678 -9.286242 
19.59935 58.66649 -9.395612 
-32.25368 -19.76848 21.68695 
21.9634 -41.12105 14.70562 
-45.14812 65.30073 -8.747658 
9.381085 86.96987 8.799319 
12.33153 76.09018 -9.623198 
-40.19923 -34.29702 10.62511 
-8.673504 37.99821 31.78235 
29.52788 -19.63332 23.5531 
-4.12892 86.41386 -9.096799 
20.42685 -15.90417 20.02601 
-4.709058 36.52394 -8.758493 
4.468464 35.15098 -8.373469 
-0.06748026 52.65478 38.41324 
35.97725 47.2684 -8.329742 
-21.11877 -28.38767 13.61723 
23.20842 -5.201631 21.66472 
18.95086 48.13307 -10.78522 
-51.1802 57.93293 -9.021551 
10.88342 42.73349 33.52675 
-41.88787 -23.73054 15.55241 
7.770441 81.65916 -10.36697 
-22.61975 -17.73388 13.6147 
-40.90158 -17.4914 16.23767 
-19.17013 38.03358 -5.052918 
-29.58352 67.95386 9.053864 
16.83638 -16.62235 16.89157 
24.555 51.43595 18.45385 
17.51582 49.58542 31.85371 
58.71812 55.65181 -10.214 
-41.64849 -21.08214 10.97031 
36.45992 59.20359 -8.976101 
-27.6047 62.35835 -7.725371 
-26.89066 68.48421 20.37318 
-22.7433 68.07743 -9.079273 
18.01871 57.88867 33.09227 
-38.15578 -6.228805 13.87396 
-8.949537 83.4745 -8.299527 
3.284532 84.94553 -8.295862 
-31.9 11.55904 21.46704 
1.593894 89.44194 -7.589079 
-38.99791 0.9130991 13.69306 
-27.77081 12.30031 23.91028 
-37.60744 47.35358 -8.937545 
-19.82653 64.09186 32.30271 
19.31364 16.172 22.06609 
-27.73378 48.90057 -6.912664 
-6.577554 4.181777 16.60649 
52.19887 52.0456 -7.841007 
-47.11748 50.58938 -7.782716 
-39.36881 3.909379 10.66661 
-21.70134 24.16641 20.75847 
0.6764357 6.343889 17.36374 
-2.878906 7.245197 15.15548 
-24.53522 64.31091 -10.76182 
21.08274 66.61837 -7.256768 
25.03011 -44.41961 26.56739 
-11.59276 8.876933 25.27209 
-18.24711 71.37085 -9.663009 
26.62172 15.78087 14.6054 
4.435047 88.88122 -6.376296 
-6.205274 88.13617 -8.512879 
8.784781 74.70567 34.23769 
-41.62044 -52.76125 -8.989563 
5.853421 56.37076 38.87188 
-8.56831 29.66459 -7.157011 
4.820295 29.78805 -8.423826 
19.47165 41.85211 -7.080126 
32.53783 47.44305 -7.398908 
33.47105 49.11977 -7.24913 
-26.34338 49.12233 23.12666 
21.15891 56.31452 -7.649252 
-9.079519 77.51223 32.54942 
25.53038 61.03246 21.71292 
8.32687 81.75462 -7.469575 
-2.472206 89.83233 -7.839158 
-0.4446291 25.90186 -7.128362 
34.6743 55.58093 13.25267 
-1.667175 -5.951001 36.45211 
-28.97324 -52.1734 9.692594 
1.31999 -4.034431 35.7072 
-10.17233 56.91198 38.4503 
22.76415 -38.66391 30.65142 
17.37461 -39.63761 28.87284 
46.19682 49.53844 -11.323 
-6.29777 0.781265 34.45978 
15.69354 79.94154 23.99042 
27.24671 63.99776 14.53165 
31.61732 52.97918 -8.016305 
32.78436 57.6487 -6.991837 
30.53842 59.8785 -6.548339 
39.47532 -49.41335 7.54317 
21.42081 -40.25087 29.5839 
-31.4545 65.01068 -6.816048 
-34.624 65.31262 -8.176936 
-20.66412 78.82936 14.27319 
19.71376 -37.86842 30.2845 
53.33777 70.53728 -7.377716 
21.41977 44.0015 24.58484 
-15.09456 77.35247 -6.922071 
-11.90068 85.00603 -7.69405 
-18.1233 81.05716 14.35079 
-2.825853 -10.40105 56.61617 
-11.50945 53.48062 37.53563 
-0.2420281 -5.797643 49.3656 
23.85581 53.51408 -6.830418 
-41.58085 -53.58459 16.42361 
23.52332 63.507 -5.245223 
39.36921 62.50598 -6.322591 
-26.74577 63.93284 -7.141406 
40.89898 66.302 -8.374721 
-26.23885 -53.24062 14.30683 
12.09206 77.13828 -6.672324 
13.29839 81.10104 -5.850333 
8.793663 85.69677 -6.994445 
29.73591 -39.24058 23.72972 
28.06231 -52.14537 -6.846108 
0.4989655 20.39372 -6.300229 
21.17711 42.01289 -4.350934 
34.93857 45.42292 -4.964456 
-34.9719 46.24242 -5.384286 
39.58624 47.03814 -8.108021 
21.99422 46.49638 -4.703647 
27.90993 54.8499 -6.240421 
58.83958 56.8438 -6.732987 
11.39709 31.48244 29.40018 
26.72541 -41.49529 15.57649 
20.16028 68.4457 -5.937986 
-17.97945 78.17876 -5.562369 
-14.62274 81.63854 -7.022293 
-10.27992 87.10112 -6.551907 
1.655689 22.83987 -5.877231 
0.3068617 37.11406 32.66047 
-23.23645 11.61992 25.13117 
-18.70385 35.79435 -3.3251 
30.01234 -34.65398 14.03081 
17.71061 39.4977 -6.604854 
-28.04976 -22.72415 21.54262 
20.1169 -35.00792 10.01526 
17.72915 -30.22956 7.936389 
-41.13789 48.03551 -7.151145 
48.65153 50.75886 -6.968074 
27.86227 59.67435 -5.618793 
-48.04911 60.07093 -5.043422 
-42.62219 66.54114 -7.288918 
-37.86631 66.32689 -4.72552 
11.82402 40.65593 32.32173 
14.31904 -29.53387 10.09663 
8.030663 58.01888 37.91978 
7.170366 88.10114 -5.039304 
-7.795595 89.33335 -5.978788 
-50.93903 -51.85894 -6.429631 
3.289417 27.24501 -6.62717 
-7.76331 25.64979 -5.708657 
15.47639 78.82145 25.59255 
14.28169 -24.44058 8.743951 
27.10396 49.37112 -5.06682 
-20.32206 -24.61343 9.233618 
-20.21024 -4.949996 21.1897 
58.50271 68.21222 -4.983551 
44.42269 69.34903 -7.269219 
12.02544 83.85155 -4.03724 
25.42118 -51.8589 -3.183541 
0.02837296 18.03068 -4.675848 
9.493529 -2.884291 14.31276 
-22.93607 56.00688 29.20118 
4.587302 21.90762 -3.985571 
-5.848505 22.81596 -4.968071 
8.408354 45.37996 35.34055 
-11.94297 -1.586596 16.23621 
-10.56379 32.3888 -5.153078 
33.40435 -53.71787 17.61795 
-22.96054 42.04216 -5.433021 
30.46435 46.33608 -5.283089 
25.53642 46.90792 -3.588803 
49.20093 53.79388 -4.21214 
54.69067 54.18565 -6.314965 
-31.74917 4.555405 22.70877 
32.95304 -53.92957 9.772065 
23.96054 60.48904 -5.567702 
12.25272 4.095744 23.22278 
-24.50661 -15.77583 8.497257 
-21.51316 72.01669 -4.267669 
13.12296 75.56005 -5.847768 
-22.84573 74.35876 -3.619782 
15.441 78.49366 -5.456765 
-0.5816843 90.03878 -5.222535 
17.58065 66.29912 31.98096 
-52.4852 -52.74168 -5.15949 
-22.27387 -51.19392 19.73043 
25.30029 7.993427 23.64982 
5.944619 25.24915 -4.836079 
9.295831 32.0873 -4.583498 
-11.4261 33.0568 -7.181316 
18.63303 10.3534 23.93007 
-24.13675 48.26064 -7.790547 
52.04522 54.42211 -4.904298 
57.16052 60.87531 -3.830085 
-10.55854 75.60622 32.96437 
10.23007 -3.206826 9.534399 
33.79382 -4.945415 12.74575 
22.21069 18.7846 9.99844 
47.77703 68.72057 -5.050464 
8.456502 75.60588 32.68824 
-15.98939 76.28329 28.71667 
-13.47533 83.55586 -4.496226 
-10.21755 85.98967 -3.999486 
-47.00604 -52.21391 -3.639898 
-43.7798 49.46923 -3.182884 
-45.77819 65.4379 -4.795427 
-29.62924 64.95027 13.29617 
-32.42918 66.28999 -0.7734597 
25.003 70.44118 16.33624 
-15.2439 31.71504 27.47829 
-25.75077 68.99983 -4.478929 
14.37874 80.95893 -4.13292 
-39.94159 -49.02867 -5.620872 
0.7006267 11.84996 -3.173965 
-1.540764 15.99102 -4.906106 
-6.391893 15.68652 -3.515341 
-6.780542 18.58451 -3.916128 
4.42404 16.92942 -1.861706 
-22.80139 40.46769 -2.265941 
-31.23 46.24063 -4.538433 
32.71875 7.096006 7.164047 
-27.34533 46.68264 -1.649071 
-48.9186 55.99168 -4.627407 
-24.7971 68.37304 24.60364 
53.54361 58.58991 -2.012277 
-0.1869295 27.21335 32.84893 
36.23221 61.4595 -5.259728 
-4.047307 33.62432 34.05347 
21.21851 69.65271 24.53166 
-23.18469 -11.49211 9.711752 
-10.08297 60.70942 38.26307 
-1.409373 90.55549 13.02765 
16.57818 77.5861 -2.761377 
-15.09879 80.96071 -3.240232 
-11.01373 86.35278 -3.191833 
36.57633 -54.27613 -3.365827 
-43.21538 -51.95836 -3.981807 
3.365896 30.51303 33.34413 
-41.84714 -49.59991 -5.778382 
-24.26648 -52.40685 16.66198 
-3.569094 12.87863 -3.601703 
3.192849 15.08889 -3.092209 
-7.490373 16.84004 -1.858669 
5.733425 22.07189 -2.338029 
49.61126 56.50193 -2.918252 
-19.93314 24.05861 7.309433 
-24.32706 -45.87659 16.12523 
-33.94827 -53.10951 23.69561 
-22.47684 -52.31394 22.78232 
-23.86007 70.90511 -2.822914 
-0.04827292 48.64192 35.41603 
-20.40705 26.25692 7.714782 
-17.8235 78.84917 -3.687805 
-3.294015 88.71936 -3.588599 
-42.19677 -50.75676 0.3957029 
-38.48754 -12.51888 -2.578801 
8.419778 35.68666 32.29473 
26.6686 -37.76787 13.18601 
-30.94791 -2.421464 -2.595021 
-40.6867 -37.65711 13.30367 
-6.963551 13.61008 -1.448226 
-9.543232 29.39103 -4.999488 
-14.96082 33.53995 -2.77119 
-17.25634 35.05251 -0.4677556 
31.39178 44.81257 -1.341007 
-15.12359 19.79903 26.21099 
-48.54151 51.05235 -3.561016 
28.08759 63.80649 -1.194054 
50.95529 63.57423 -1.294741 
32.98564 -29.10258 16.62424 
17.69201 75.70689 -4.349457 
-14.55722 82.70392 -3.58021 
-9.202186 87.47495 -4.744338 
41.21447 -53.27418 5.997153 
-52.04206 -53.96318 -6.447783 
14.61482 -19.49283 16.1999 
-36.04559 -51.95413 -1.686331 
-47.41986 -47.31522 -1.771057 
-33.7891 -11.7931 -1.16965 
-35.99434 -7.526389 -3.019234 
27.5776 -3.878373 -2.767889 
-35.13058 -2.055547 -2.489825 
22.8157 66.62585 23.89462 
23.95056 -0.2198435 -2.747599 
-34.12001 -32.32809 22.98168 
-29.56499 0.9763317 -2.392563 
-5.134309 10.19745 -1.385904 
-9.062447 28.00552 -3.435749 
9.229102 28.8629 -3.30551 
38.07314 52.60116 9.866212 
-25.75385 -11.97642 14.74089 
-23.97839 44.0234 -2.727582 
-45.68761 52.43773 -1.285368 
-48.704 55.28852 -1.876651 
-3.560491 -6.923609 57.21643 
-33.83618 -26.2386 23.13645 
-21.67062 -8.002036 18.17786 
32.13046 62.96833 -2.762153 
30.08747 -10.22043 14.79282 
55.21195 66.37379 -2.27196 
-42.42801 65.02633 -2.88106 
-17.28776 -6.141387 16.74765 
32.23998 -6.218743 14.66082 
-28.30565 -16.10912 18.76295 
9.773996 84.67038 -3.134492 
-38.12711 -5.028307 13.79253 
26.73854 -40.05786 26.64323 
15.24438 -20.93766 20.71381 
18.70495 -18.99001 22.73472 
-28.87381 65.1561 6.830863 
-27.19936 0.4803425 -2.308801 
-23.6178 0.8895642 -2.086991 
18.81087 1.323052 -1.892292 
24.8819 3.57265 -1.933499 
24.72012 -35.69369 29.70195 
-7.898661 22.34084 -2.551189 
-36.93134 8.754896 13.8995 
-35.96745 10.04269 17.2469 
14.37733 30.83275 25.74759 
-20.38004 58.99712 33.02854 
10.22268 79.18077 30.68283 
37.43012 45.20031 -2.050558 
15.10599 -1.81846 22.37593 
29.19613 13.56848 13.5056 
-18.45848 65.40565 33.41958 
-48.72818 58.63124 -1.62022 
25.57841 -31.30393 28.43511 
41.91474 63.95779 -2.977174 
14.14374 1.089421 23.41009 
32.69758 -48.74304 17.52697 
-25.37335 20.88631 14.21694 
-17.42646 80.22401 -1.224044 
6.118784 88.16766 -1.666943 
3.203155 88.13366 -3.051097 
-2.362477 89.5943 -2.623699 
-41.82795 -53.34848 -4.907833 
34.9627 -51.24479 -2.606309 
15.4258 81.83548 9.077286 
25.23055 -48.8132 -1.997553 
30.63582 -14.26841 -2.230195 
18.28415 34.52514 13.30351 
-39.29011 -15.43924 -0.01648398 
28.30195 -7.827629 -2.326724 
18.67131 -8.209352 0.06067502 
23.71615 -8.911743 -1.889541 
-25.18353 -2.901631 -1.667195 
-36.43705 -52.72443 16.44069 
27.36736 4.91592 -0.09474268 
10.52125 86.53882 5.351603 
-32.91253 2.82077 -2.066137 
-24.30104 5.22923 -1.721678 
-27.70964 7.829732 25.11108 
16.02294 6.825179 -0.4991861 
-22.30967 7.730688 -1.028531 
-27.80072 7.338915 -1.263013 
31.25849 51.57326 14.41857 
8.83959 21.21522 -1.447163 
7.228578 78.03235 32.99709 
13.46682 32.29927 -0.8148657 
-20.32187 35.51451 -1.284492 
-39.61832 47.36031 -2.448476 
-47.70979 62.62276 -2.422438 
46.81007 65.33315 -2.982692 
48.29115 60.51431 -1.543566 
24.08581 65.05283 -3.198334 
10.66388 49.43813 35.60441 
18.84254 69.83572 -1.930275 
-26.43787 69.45616 -0.5935145 
13.87898 82.01821 -1.163454 
32.83333 -53.79744 2.292092 
-48.65597 -53.66361 -2.101987 
-19.97076 28.70154 20.94458 
-44.98177 -52.69947 8.665265 
30.28937 -10.31056 -0.9250967 
-16.33691 84.01216 16.16734 
-35.92659 -52.79871 9.848203 
14.8003 34.92989 25.39261 
10.97008 85.17854 15.62627 
-29.86251 -7.033079 -2.00596 
19.81293 -11.28005 0.2031137 
-37.65266 -3.611103 -0.8731881 
-4.544904 2.945965 37.283 
-0.03937617 4.64918 36.784 
11.47525 17.29182 -0.6941219 
-27.46685 53.9179 23.82364 
-27.78672 57.5766 24.40415 
31.89471 -53.28785 14.99508 
-44.42494 -49.98936 15.47379 
20.93996 71.53484 -1.365642 
20.03875 74.61389 -1.256795 
-20.18853 76.04515 -1.635403 
-5.687255 88.98873 -4.202889 
20.4578 77.20532 19.90396 
-42.82166 -52.48489 1.392978 
-45.24923 -44.5803 8.038156 
-21.56682 73.96423 24.33838 
-34.97817 -47.42775 -0.611428 
-41.57993 -45.58525 16.73244 
-38.57193 -47.46345 -1.313715 
10.34383 33.48774 31.53461 
-34.62168 -19.22855 -0.7398852 
-36.75106 -17.60741 -0.5906039 
-39.90257 -43.34661 16.96391 
-35.67654 -13.50695 -1.11774 
-31.87712 -15.14879 -0.1925461 
-13.20342 83.67173 23.11456 
31.25339 -7.809693 -0.277899 
-25.19377 -7.335494 -0.3475537 
6.374067 85.85959 23.2888 
29.39454 -38.5602 15.63853 
29.75982 0.4841906 -0.3146127 
-5.711273 37.70915 33.08485 
14.17894 2.899137 -0.3840071 
21.12776 7.508752 -0.9286748 
1.052531 9.108363 -0.4287656 
4.079266 13.14495 -0.4510251 
-3.962278 36.85476 32.88055 
9.396075 9.991534 -0.2602694 
-36.00254 -40.04473 8.217155 
-13.43794 17.01062 -0.4433639 
13.19846 -31.11234 13.02046 
-13.8261 20.82407 -0.7383739 
10.59974 22.67964 1.046697 
15.88872 -8.748947 18.59262 
32.71516 -22.10954 13.88632 
33.37465 -21.37518 15.7586 
-34.41222 65.97318 2.878333 
19.11769 74.05795 0.1962293 
13.90296 79.85996 -2.257135 
16.18133 78.76215 0.2548689 
-22.22305 71.05586 24.84424 
-27.61337 -44.01098 23.07105 
17.66441 42.76999 27.52503 
-49.24379 -48.37343 -0.2774214 
-42.93328 -47.95527 1.317467 
14.79315 -43.93885 24.12634 
-5.790157 8.664152 29.36598 
-29.78708 -38.94782 23.14841 
-28.96409 -34.71112 23.06808 
14.29547 55.63347 35.08601 
-19.58063 3.94628 -0.7006128 
-19.69575 -9.884768 14.45293 
-25.35827 11.00693 0.01462273 
-10.20327 11.36098 27.98954 
-35.33218 -15.37752 19.11941 
11.54972 56.75457 36.53897 
13.81999 49.26215 33.89835 
-6.073141 -7.332408 52.83347 
-24.538 -0.8930703 23.83179 
42.31347 45.88224 -0.6407303 
17.77043 53.8555 32.28949 
19.62569 76.13509 23.3004 
43.70231 48.46746 -0.3699917 
-45.41875 54.96162 0.4368026 
-44.93703 58.80162 0.4665291 
43.70821 62.64709 1.046366 
38.61931 62.43562 -0.574653 
23.34699 70.82534 0.2000369 
2.278112 89.42032 -2.05308 
36.17554 -53.62257 0.6306453 
-21.36899 54.91167 32.07953 
30.26351 7.829453 18.24783 
-36.31877 6.973326 17.40467 
31.27696 9.409822 15.24768 
-29.96719 0.5148152 23.02222 
-33.09138 13.6567 17.582 
-41.37619 -7.597559 -1.843917 
-31.29535 15.75601 18.45006 
-37.76386 1.518522 0.3878027 
-38.47875 -18.60208 20.11433 
-35.63829 5.623662 1.145479 
-31.45302 9.305924 1.534695 
19.11412 9.230008 -0.5861789 
-6.602045 10.40904 0.5136345 
2.469049 9.566382 1.809099 
-11.00914 24.64447 -2.023828 
15.27664 71.95097 31.72502 
22.60166 43.45917 0.9286615 
-15.4177 73.59887 31.04265 
33.61547 44.53351 1.824121 
-32.22514 45.49898 1.149206 
-27.154 45.87241 15.57017 
34.35373 63.93399 1.036578 
28.50171 50.76502 14.57197 
-28.50395 65.97437 -3.224295 
-26.50549 71.79498 -1.377692 
-23.66521 74.55225 -1.095661 
31.50787 56.43705 14.9761 
-28.77499 53.45068 16.92481 
5.319251 88.78368 4.11711 
28.17788 -51.04723 2.920168 
29.12685 -52.47369 -4.750583 
-30.17572 60.62333 15.99211 
-31.97666 -22.53947 1.462848 
-40.53562 -3.572604 10.15844 
-31.01853 -18.47036 0.1084055 
32.34142 -18.40627 0.2427365 
-50.35391 -48.64749 9.650417 
-41.72675 -6.537621 1.333451 
-39.55481 -3.698531 1.473479 
-22.20227 -4.979305 0.1632888 
-37.23221 4.417481 1.512345 
14.96222 9.37513 0.6144853 
-18.31079 30.96745 22.77195 
-18.6557 9.505172 0.2898583 
-2.370311 -2.172888 32.62064 
-10.66624 11.47103 0.6781413 
8.576276 86.73982 15.64001 
-14.17992 16.27825 0.3193467 
-23.98326 -9.726841 17.28665 
36.94048 -48.97826 11.70519 
17.98335 36.14846 0.4864469 
-34.7376 45.70753 -0.7468392 
-39.7541 47.47874 0.5668927 
44.70086 62.36327 -0.9081493 
22.08676 72.52437 1.749674 
-23.65846 73.41904 4.377284 
-15.04579 82.20399 0.7750252 
-34.76278 -53.82948 2.364556 
-33.36204 -51.9469 0.7371748 
28.30115 -51.39785 -0.1589051 
27.36047 -49.00903 -1.792725 
36.07959 -50.03557 -0.8559951 
-29.12017 -26.38392 1.665206 
23.64911 -17.46761 0.9477473 
6.194285 35.38116 33.82641 
16.60436 -4.813937 -0.1354482 
-18.33623 -1.463539 1.097044 
26.06494 16.1971 8.680978 
32.33215 -2.950407 0.5200873 
-15.5406 1.909155 1.780966 
-3.385147 6.886946 -0.9207756 
-13.32336 5.761197 2.522833 
-17.61077 12.17917 0.5371442 
16.71626 13.77605 0.9015665 
13.04352 82.36616 23.08678 
14.61791 -37.3402 26.43409 
13.43444 -5.603824 18.86274 
38.60939 46.52149 3.441653 
-18.16107 77.84902 0.7759379 
32.84921 -45.34485 12.70154 
-12.20288 85.66397 3.228073 
-15.27531 40.8394 32.1631 
-2.252493 90.25057 3.714088 
-49.28711 -52.33184 2.228034 
-25.1417 -53.87299 20.74683 
-25.68579 -52.48093 25.87173 
-41.809 -29.00048 14.40484 
22.43564 -47.93879 3.068995 
17.48181 -52.73508 25.724 
11.66223 -27.28187 14.47858 
-36.45213 -22.86754 1.081695 
-26.57499 -20.33829 1.111258 
-29.42317 -18.00693 1.356051 
27.58689 -51.9077 23.12299 
-40.23922 -17.13651 1.725695 
23.64425 -13.21961 -0.4445331 
-33.77202 -45.4692 23.40143 
14.12612 -1.413983 0.2670557 
19.16417 70.80608 27.77117 
-25.5789 42.14588 7.721456 
-27.27757 42.95541 13.06318 
16.03525 73.41978 29.37447 
24.64648 11.17197 1.866894 
-22.22824 14.61507 2.357045 
-15.50965 17.93676 0.8423157 
-16.28818 30.46581 1.126675 
-20.84485 37.29727 -0.4338476 
34.86859 47.91856 10.35512 
42.75127 46.80635 2.211485 
24.89028 70.08368 2.656228 
-3.510191 -10.39132 54.87976 
-34.13182 -24.76278 1.421068 
25.21078 -19.56627 24.8834 
-39.37676 -20.3735 2.036108 
-37.04599 53.73758 9.756514 
-40.52242 -15.24435 1.819247 
37.67506 56.53566 10.3994 
-27.52925 -10.79885 1.429779 
-26.05417 -39.4554 21.52584 
-21.6281 -4.694054 2.102753 
16.79094 -0.7861118 23.44121 
-33.30966 10.6588 3.784022 
25.45271 -0.1967669 23.08478 
-4.905993 46.76277 37.86366 
7.47479 27.61946 -2.266845 
13.13015 26.73158 2.92791 
26.86146 67.52336 9.388604 
2.16826 5.815247 21.87093 
22.68971 68.46415 0.8991206 
23.62121 72.00881 10.09282 
32.65208 1.290749 16.1799 
-23.24134 -40.40208 17.0103 
6.83092 67.07246 37.69869 
-22.36135 25.28757 15.77139 
21.68411 -51.45324 2.778023 
-31.60192 -26.77204 2.5593 
5.307787 7.29943 24.4842 
-24.99001 -25.10682 2.495085 
26.91565 -20.43503 2.075025 
-7.816438 8.400737 23.42409 
-42.45032 -12.26225 0.3838303 
-39.57865 1.030865 3.169484 
20.83361 9.473934 24.68293 
10.02465 6.179378 1.660538 
29.56985 7.655442 2.909672 
-26.42702 11.93183 1.940317 
11.21919 62.30399 37.06049 
16.70473 19.47927 2.104994 
-17.78697 17.35669 0.9699849 
15.78676 12.66477 25.15847 
-13.98999 28.62383 0.578585 
19.45164 38.4494 1.081468 
7.172348 81.60123 29.50137 
-35.34056 46.99858 5.045995 
-27.48947 71.55421 15.60733 
-9.02634 81.512 28.76391 
26.42469 67.05212 2.726783 
22.39634 75.77502 15.60211 
16.80638 76.75148 2.58109 
-6.96382 13.01675 28.50575 
-5.819831 89.81747 2.672962 
2.893074 89.55621 5.065334 
-45.21827 -53.5429 4.570851 
24.87792 -53.30943 4.7534 
-55.22609 -52.08517 1.917367 
18.70534 -53.50261 12.50516 
3.1981 -0.4131829 35.83236 
35.26104 -50.19234 2.134275 
6.671963 68.83446 36.18882 
-44.24055 -45.92504 2.83344 
-37.17283 -45.41885 1.026361 
39.17074 -53.81915 7.079448 
-39.00674 -22.93088 1.844596 
-6.858845 88.86867 16.00967 
-27.18344 -15.80767 2.692006 
18.37164 -12.2408 2.847346 
-19.39998 40.34387 24.78866 
-2.345326 41.23299 34.57555 
-31.03561 11.52259 2.636104 
24.92136 14.37796 4.973304 
-26.69248 14.67908 4.06422 
20.83952 12.58574 1.403376 
-30.79741 -49.49314 6.992563 
19.42865 35.05592 3.155655 
24.26034 64.4216 23.54631 
-39.60588 65.14532 0.4464893 
-6.418545 42.40852 34.29355 
22.36915 -43.61914 10.87112 
13.27079 81.6067 4.388163 
31.19513 -45.49936 11.69308 
11.3599 83.95964 3.923411 
9.666177 85.98376 -0.8941634 
-9.965033 88.06158 2.518665 
-55.634 -53.05043 2.680977 
-26.47839 -45.57944 11.17805 
31.00826 -47.55543 2.510139 
-40.45896 -45.92753 2.693885 
-26.94513 -31.44394 4.110817 
-37.41283 -27.45557 3.26616 
-41.44769 -30.83574 15.73845 
29.20664 3.605005 20.65977 
-39.49307 -39.34555 16.46765 
-14.80786 81.76078 23.41858 
-42.62986 -43.68139 9.69743 
33.16432 -19.19596 2.958202 
34.60372 -12.98676 2.870945 
-23.85481 -7.953625 2.529622 
30.68009 -35.22956 16.97329 
4.579436 43.44411 34.30898 
-17.7211 -0.902382 3.043618 
-14.51611 0.8668236 5.054745 
-6.762452 8.182261 2.114173 
24.24846 8.546021 0.5140004 
4.484932 86.57303 23.33614 
19.8461 15.39413 3.565333 
-29.72356 -53.75957 24.16389 
15.43269 28.6347 5.405028 
44.87729 49.66966 3.807705 
45.9239 56.83236 2.177835 
32.81902 -30.24192 19.46052 
-23.88001 -35.80594 9.548806 
40.26885 62.34817 2.703354 
-33.79 -49.66496 24.2466 
-18.85353 51.81254 33.78005 
-4.097504 89.45775 2.372199 
-39.30147 -53.86344 0.861264 
-32.27453 -49.74682 3.555915 
-35.93208 -12.53135 15.51558 
33.30164 -47.44396 3.155596 
25.75396 13.00862 19.71116 
-33.19909 -9.674702 16.55097 
28.38028 -46.16149 23.38254 
8.354315 83.44341 25.41158 
-18.88548 57.51581 34.28255 
31.88099 -20.94957 5.49977 
33.02391 -10.18329 4.037558 
13.78311 -5.639578 3.779238 
14.45695 -11.1163 14.82599 
31.38936 -32.86499 23.03025 
32.84368 0.6423989 3.015935 
10.05408 0.7929839 3.177773 
31.88323 -28.72536 22.91156 
13.1664 -52.28864 29.85372 
10.16752 12.49897 27.12446 
-10.16404 7.832757 2.679672 
22.74182 51.86671 27.03652 
15.05651 -25.93572 23.80403 
14.67947 21.66857 2.811454 
0.0999793 58.60099 38.49991 
-12.61428 69.69836 34.98093 
-25.62584 43.10761 3.617949 
-41.77101 62.37889 2.099307 
-25.21782 56.2193 25.40464 
-15.93561 80.92999 1.661049 
10.25239 85.93076 4.207 
-4.995052 89.8122 4.878354 
-55.43158 -50.26271 3.390484 
-37.2429 -30.89758 4.69284 
-33.807 -29.08625 3.871128 
33.04945 -23.28696 20.66989 
27.47342 -26.06128 3.721466 
23.6283 -24.21842 2.9867 
29.09274 -21.07617 3.070911 
-41.71689 -20.24334 3.230417 
26.14258 -23.5477 26.76335 
18.75684 -18.35966 6.329285 
-14.97419 1.058503 22.43788 
33.1466 -14.34853 7.210727 
32.99349 -18.38517 9.776896 
1.307107 6.897273 4.098288 
-2.969867 -7.920843 52.55369 
-30.60663 13.88842 6.60567 
-4.914491 76.10506 34.43062 
-17.62178 29.22275 6.926476 
-21.05527 27.32047 15.77411 
18.25446 26.54776 14.12964 
28.53013 -44.21238 9.100488 
43.18636 49.72222 4.888764 
-23.48648 -35.14075 18.68721 
36.96251 63.18834 4.630707 
-20.20735 77.16377 5.059613 
-40.86319 -6.918381 6.774498 
-10.73648 86.57542 3.025316 
21.64393 -53.60646 4.872305 
-49.67826 -50.57816 4.041121 
33.02746 -20.16232 18.97956 
-31.7928 -32.26572 3.883238 
-40.52487 -29.32898 6.757561 
-41.03938 -26.97575 5.311745 
-42.68314 -17.43064 4.6085 
-19.49867 18.96459 24.09459 
-25.78127 72.20523 17.96553 
-24.08551 76.45128 15.61794 
14.90441 82.23947 18.54066 
16.81285 82.21228 14.86236 
20.74966 38.6373 4.111761 
25.83853 44.6595 4.450075 
18.0211 73.9406 28.03012 
-40.10717 57.71273 7.10061 
18.03021 38.14775 21.62638 
22.36888 39.69927 21.77294 
-28.06437 71.46037 1.446228 
-14.09901 82.44613 2.943123 
34.51772 2.639634 9.214751 
27.26961 -49.4719 4.188779 
-24.93892 50.84138 25.58633 
21.45986 -45.15725 5.515613 
-42.62949 -44.35184 5.005145 
-38.79148 -44.82988 4.31756 
-28.3256 -35.38327 5.671285 
20.00512 -22.37882 4.661303 
-40.44691 -23.30453 4.163216 
1.895722 3.841077 12.3289 
-41.06413 -1.652499 5.613404 
0.4909047 64.16085 39.26315 
7.686586 3.689905 5.624227 
-37.39145 6.85801 4.331749 
31.11603 -45.44915 15.87333 
-21.38014 20.05964 3.698754 
17.24229 -45.15836 14.59231 
-17.96528 21.60511 3.648741 
16.51631 34.82716 2.919598 
23.5146 40.3963 15.05094 
-29.83751 46.30552 4.375455 
-31.4898 16.18513 12.61378 
-37.90097 63.99865 5.067144 
-27.93298 66.54562 3.059381 
-28.96962 70.21985 4.34976 
-21.2569 75.02976 5.685359 
6.057013 84.38876 24.31769 
31.474 -46.75217 7.169013 
-8.58572 84.51546 24.40667 
24.20944 -46.60342 4.266166 
-37.96014 -31.87569 6.493433 
-3.478817 85.5473 25.71681 
17.10772 26.139 10.65942 
-14.95645 46.34901 34.96698 
8.418481 70.72166 36.05425 
12.48159 -26.54352 18.51606 
23.19455 -20.69935 2.806561 
-18.70989 72.02055 29.82723 
34.74366 -5.785392 3.61406 
14.10903 -6.331442 5.479701 
32.04616 -18.15367 13.90958 
-2.047496 4.756014 2.153379 
12.10626 -50.16741 25.09823 
-24.06551 43.81143 22.86456 
28.25282 13.17847 6.806707 
23.7298 49.42158 19.08473 
-19.34394 33.35853 5.01087 
13.3773 -45.65945 24.87671 
45.24484 53.03325 5.320127 
-42.60518 51.54257 2.441956 
-43.23817 56.96039 3.17719 
45.52171 57.9624 4.600157 
6.429149 74.28496 34.67498 
-29.40335 67.08693 6.61588 
-25.21684 72.67028 6.860137 
35.2995 -53.22304 2.7431 
0.6100508 -5.098994 43.94158 
-48.29089 -50.47074 4.150758 
-12.97918 44.38937 34.86991 
12.57326 -8.265531 13.70693 
-34.0624 49.11584 8.993852 
28.32834 -29.08796 26.61524 
17.77587 -26.75395 6.419243 
-22.08953 -24.12473 4.691127 
31.03834 -25.21543 6.349081 
-5.48807 -2.351756 53.39462 
-42.12256 -13.87301 7.02514 
-23.53544 -10.22463 5.618071 
19.9873 -30.53748 28.62713 
25.18517 55.66196 17.98093 
16.14219 -43.95547 28.4786 
-39.36372 4.364911 4.756711 
5.223749 6.611763 2.583485 
9.874432 61.65184 37.04865 
-15.62233 62.64094 36.06139 
-22.06197 22.58727 7.228295 
20.16371 -0.7713464 23.97257 
19.84287 1.627625 24.72199 
-6.725875 -5.206252 53.80932 
16.84886 32.57819 7.472279 
36.08807 61.39135 9.654544 
-39.05069 48.60344 4.584935 
37.83715 47.43504 6.584583 
11.23385 69.42834 34.4327 
-39.70226 52.42173 7.052479 
42.21833 55.12182 6.535964 
17.60974 4.415648 25.27645 
19.98384 75.12213 8.084718 
-31.4247 -53.04966 5.847878 
-4.948519 5.692479 24.75893 
40.00068 -52.99836 4.979299 
19.44117 -48.28167 5.37312 
-45.73129 -47.02517 6.71177 
23.88837 14.91867 17.39899 
-34.6005 -42.09885 8.188879 
31.43094 63.90554 9.593118 
25.58972 -30.16504 6.133373 
22.61871 -28.71286 6.283673 
28.49932 -27.51912 5.738432 
-42.61707 -22.67927 6.910062 
-21.83042 -19.24534 8.543592 
15.99149 -12.59354 7.113744 
32.96463 -10.64329 7.802782 
13.32803 -8.057449 8.712473 
3.79635 6.324585 25.78838 
-4.026411 75.07008 35.91444 
-24.59969 73.67051 9.837952 
4.01545 76.56781 34.13737 
-23.71604 74.66314 6.676463 
23.04192 6.473474 25.08071 
-2.797962 78.11434 34.38643 
40.68307 51.45585 6.96397 
38.56275 60.67925 7.355205 
-20.2242 79.67628 12.01787 
30.60277 65.33562 5.810483 
28.71746 57.0375 15.72487 
-1.683212 58.95201 39.14815 
-18.66 81.91738 11.99976 
-11.11442 88.12322 8.3249 
-8.684682 88.20487 4.555411 
-29.13917 62.90121 16.88517 
28.64376 -53.69979 4.994514 
-54.01627 -52.58849 5.556549 
39.70565 -51.9696 5.04253 
33.96587 -51.51266 7.874296 
-17.12251 15.54249 25.73471 
-35.534 -37.64165 6.845567 
-33.14293 -34.98637 5.693229 
-37.23214 -36.53931 7.331753 
12.47594 85.64242 13.57151 
-24.20086 -31.10161 5.750099 
21.10208 -26.83223 5.959225 
-24.03737 -19.58308 3.710955 
-18.80495 23.83218 23.11658 
22.90928 73.62704 18.45223 
-13.36994 86.14861 17.68597 
-28.56881 14.53819 5.347487 
-16.09198 33.97898 28.76665 
16.55276 24.60076 7.503283 
-23.24365 38.2812 5.372518 
35.23814 45.65479 6.334506 
-7.47537 74.61424 35.15297 
15.94595 38.23716 24.45924 
51.14245 86.33633 -33.5704 
51.61102 85.38669 -30.45177 
32.7771 -49.50139 6.977809 
3 2 0 1 
3 1087 1223 1393 
3 17 1 0 
3 43 33 59 
3 18 0 2 
3 1398 1096 1112 
3 300 1436 107 
3 863 570 797 
3 1117 1176 1316 
3 17 0 18 
3 992 1273 465 
3 18 2 43 
3 8 11 10 
3 19 3 15 
3 10 11 27 
3 940 1038 1188 
3 30 3 6 
3 1188 1384 940 
3 1846 1430 490 
3 891 306 1639 
3 1 17 31 
3 276 506 1427 
3 21 27 11 
3 253 193 371 
3 23 30 6 
3 1182 1169 1178 
3 927 561 1971 
3 13 11 8 
3 1128 245 401 
3 269 230 714 
3 30 48 3 
3 940 642 1038 
3 21 13 59 
3 1430 1850 308 
3 494 1593 848 
3 1896 1793 1901 
3 1188 612 1384 
3 1971 561 1831 
3 43 1 31 
3 69 1923 236 
3 17 18 24 
3 29 28 10 
3 427 547 666 
3 19 15 45 
3 37 6 19 
3 24 18 43 
3 1897 164 1571 
3 1557 1125 1128 
3 21 59 33 
3 1108 1267 853 
3 33 43 31 
3 38 24 30 
3 6 37 23 
3 24 38 17 
3 389 842 1290 
3 38 31 17 
3 28 59 13 
3 27 21 50 
3 940 1384 1919 
3 671 519 380 
3 644 1934 518 
3 180 146 102 
3 38 30 23 
3 59 28 49 
3 53 34 35 
3 3 48 15 
3 58 1522 67 
3 43 77 24 
3 1901 1793 1924 
3 48 30 64 
3 23 37 38 
3 1661 396 1188 
3 34 36 35 
3 50 21 33 
3 642 940 1932 
3 1826 165 544 
3 45 72 52 
3 53 35 56 
3 45 15 99 
3 73 35 36 
3 1552 970 1407 
3 33 31 54 
3 483 1290 1284 
3 27 61 29 
3 1821 516 1190 
3 99 72 45 
3 38 37 54 
3 13 10 28 
3 53 84 34 
3 84 36 34 
3 48 64 100 
3 30 77 64 
3 159 150 97 
3 77 59 156 
3 49 79 59 
3 61 49 29 
3 50 61 27 
3 56 57 53 
3 237 1700 1280 
3 104 73 84 
3 1681 1751 776 
3 99 48 100 
3 409 1727 1632 
3 33 54 78 
3 667 1985 1951 
3 591 409 438 
3 59 77 43 
3 1553 914 1551 
3 91 73 122 
3 84 53 116 
3 824 1796 452 
3 117 54 37 
3 78 65 33 
3 29 49 28 
3 1219 1128 920 
3 844 583 1232 
3 356 1112 1096 
3 221 155 154 
3 823 1349 556 
3 967 1032 1064 
3 1216 1147 1123 
3 949 393 1800 
3 732 189 191 
3 50 103 87 
3 52 117 37 
3 82 90 62 
3 854 855 1010 
3 57 134 53 
3 91 56 35 
3 1391 1244 1386 
3 940 1919 1932 
3 85 54 117 
3 54 85 78 
3 1323 1342 1421 
3 61 87 49 
3 87 61 50 
3 1487 582 1773 
3 1188 396 612 
3 479 394 418 
3 1599 189 732 
3 100 64 83 
3 77 83 64 
3 600 922 533 
3 326 1061 66 
3 240 290 270 
3 451 348 542 
3 88 81 62 
3 81 82 62 
3 278 166 226 
3 87 86 49 
3 489 1102 488 
3 1932 1537 642 
3 57 56 71 
3 171 359 638 
3 477 96 1201 
3 25 502 624 
3 1819 176 971 
3 642 1661 1038 
3 88 90 119 
3 625 1058 837 
3 772 1106 608 
3 157 106 82 
3 91 108 56 
3 124 73 104 
3 405 619 308 
3 1886 490 619 
3 295 1958 372 
3 86 87 88 
3 81 88 87 
3 1661 1821 396 
3 261 242 321 
3 1964 217 657 
3 975 1891 503 
3 1311 1381 1801 
3 116 53 93 
3 179 116 93 
3 177 117 52 
3 129 84 116 
3 75 500 607 
3 180 102 80 
3 137 80 102 
3 87 103 136 
3 473 1649 1848 
3 88 62 90 
3 753 1492 1487 
3 91 109 108 
3 1058 295 837 
3 52 98 177 
3 83 77 156 
3 783 543 730 
3 139 85 117 
3 1489 1211 527 
3 476 1054 63 
3 127 80 137 
3 136 81 87 
3 141 136 65 
3 119 90 106 
3 106 90 82 
3 3 19 6 
3 1829 1669 1682 
3 93 134 263 
3 1868 477 1419 
3 104 84 129 
3 79 86 181 
3 1413 1898 1618 
3 82 81 157 
3 71 56 108 
3 91 122 109 
3 99 98 72 
3 133 99 100 
3 484 749 1406 
3 1924 680 993 
3 1329 1275 1338 
3 1537 1821 642 
3 204 86 88 
3 954 1771 963 
3 165 1826 988 
3 182 159 89 
3 89 114 182 
3 97 89 159 
3 121 71 108 
3 1584 1019 1864 
3 656 489 4 
3 993 1169 1924 
3 607 611 75 
3 657 217 439 
3 136 157 81 
3 141 65 78 
3 80 213 180 
3 147 1863 219 
3 103 65 136 
3 88 119 204 
3 306 1476 1040 
3 217 1703 577 
3 975 1251 1409 
3 134 57 144 
3 123 100 83 
3 101 1030 333 
3 1764 1062 447 
3 125 129 116 
3 181 156 79 
3 204 181 86 
3 213 80 127 
3 137 148 127 
3 1016 932 1947 
3 286 331 852 
3 152 109 122 
3 389 373 842 
3 57 121 144 
3 727 1988 1053 
3 1012 1119 921 
3 100 123 133 
3 179 93 263 
3 1053 822 1482 
3 141 78 139 
3 146 131 137 
3 146 137 102 
3 114 105 218 
3 756 598 318 
3 269 1974 230 
3 177 98 200 
3 133 98 99 
3 842 1520 1891 
3 139 117 233 
3 1826 405 988 
3 180 213 193 
3 1169 993 1178 
3 114 190 182 
3 1821 1190 396 
3 1978 601 1977 
3 111 1040 1476 
3 77 30 24 
3 138 225 132 
3 121 108 166 
3 1374 600 1059 
3 104 178 124 
3 153 170 122 
3 281 104 129 
3 117 177 233 
3 854 1010 1355 
3 1240 315 1652 
3 223 141 139 
3 1131 237 932 
3 148 137 131 
3 174 157 136 
3 389 1753 286 
3 536 380 322 
3 1908 112 1960 
3 108 109 198 
3 1012 1974 269 
3 122 169 152 
3 169 122 170 
3 134 144 263 
3 179 154 125 
3 125 155 129 
3 1578 714 230 
3 947 47 1137 
3 316 277 365 
3 99 15 48 
3 396 722 612 
3 218 190 114 
3 183 106 157 
3 166 144 121 
3 45 37 19 
3 178 104 281 
3 274 194 214 
3 129 155 281 
3 718 349 192 
3 215 204 119 
3 183 215 106 
3 138 208 225 
3 610 432 1727 
3 132 225 1997 
3 211 144 161 
3 182 194 195 
3 200 98 133 
3 177 231 233 
3 501 301 1873 
3 124 178 153 
3 359 171 187 
3 1897 409 591 
3 223 173 141 
3 1537 516 1821 
3 54 31 38 
3 783 20 557 
3 198 152 169 
3 186 170 153 
3 178 244 153 
3 155 125 154 
3 180 193 214 
3 1954 1267 1108 
3 836 425 573 
3 194 182 146 
3 136 173 174 
3 105 97 150 
3 198 109 152 
3 144 210 161 
3 133 249 200 
3 201 133 123 
3 175 263 144 
3 339 1365 16 
3 83 156 123 
3 494 1825 1461 
3 1250 739 1913 
3 824 500 75 
3 1932 1919 1007 
3 824 67 1796 
3 127 148 213 
3 754 1534 482 
3 157 174 183 
3 197 150 159 
3 247 208 138 
3 108 198 226 
3 132 247 138 
3 25 624 854 
3 1993 243 1650 
3 178 281 244 
3 180 214 146 
3 339 1241 1233 
3 218 131 190 
3 333 1030 1844 
3 215 183 266 
3 208 239 225 
3 133 201 249 
3 16 1241 339 
3 986 1112 356 
3 242 153 244 
3 154 179 250 
3 231 177 271 
3 264 123 156 
3 1595 834 837 
3 194 146 214 
3 131 216 148 
3 216 131 218 
3 658 993 464 
3 247 132 1997 
3 210 248 161 
3 211 161 248 
3 1472 128 843 
3 285 730 5 
3 1404 1416 1922 
3 1393 461 172 
3 549 1169 1182 
3 221 154 212 
3 264 156 181 
3 233 223 139 
3 214 193 253 
3 590 317 802 
3 423 274 466 
3 204 215 256 
3 1661 642 1821 
3 706 1416 1404 
3 290 322 380 
3 692 477 1201 
3 239 311 225 
3 667 385 160 
3 209 226 198 
3 169 170 186 
3 241 211 248 
3 153 242 186 
3 676 168 965 
3 337 251 273 
3 1626 1169 549 
3 772 1559 1109 
3 1891 626 842 
3 339 1397 1365 
3 467 324 408 
3 195 259 182 
3 199 776 803 
3 182 259 159 
3 198 169 227 
3 815 1754 1484 
3 249 201 228 
3 1572 1772 1546 
3 396 1190 722 
3 266 256 215 
3 722 1190 145 
3 1396 706 1404 
3 213 371 193 
3 350 299 265 
3 1919 552 1007 
3 278 210 166 
3 261 169 186 
3 516 1007 224 
3 322 201 304 
3 304 201 123 
3 776 1673 803 
3 280 123 264 
3 1142 993 658 
3 246 212 154 
3 376 353 268 
3 255 232 256 
3 173 223 234 
3 74 1865 1683 
3 183 174 265 
3 1843 279 1181 
3 318 1492 753 
3 1157 1064 1086 
3 316 105 150 
3 435 1827 358 
3 1922 549 1182 
3 261 227 169 
3 240 249 228 
3 280 304 123 
3 263 250 179 
3 251 281 155 
3 246 154 250 
3 1848 1652 473 
3 1102 489 656 
3 609 646 492 
3 1910 516 224 
3 253 274 214 
3 223 233 234 
3 148 371 213 
3 265 266 183 
3 216 218 316 
3 218 105 316 
3 1007 355 224 
3 141 173 136 
3 1338 1635 1329 
3 1635 1197 1329 
3 289 210 278 
3 423 195 194 
3 175 211 241 
3 403 354 332 
3 295 372 843 
3 263 175 347 
3 840 747 689 
3 891 1716 306 
3 251 221 296 
3 314 246 283 
3 148 298 371 
3 1082 1803 1251 
3 316 197 277 
3 316 150 197 
3 722 552 1919 
3 311 239 259 
3 1710 502 1533 
3 405 1826 619 
3 240 228 290 
3 314 288 246 
3 228 322 290 
3 201 322 228 
3 271 200 249 
3 1007 552 355 
3 282 250 263 
3 250 283 246 
3 836 527 1466 
3 516 1910 1190 
3 273 251 296 
3 1975 1264 1476 
3 173 265 174 
3 197 259 277 
3 267 239 208 
3 1997 225 311 
3 341 464 993 
3 722 145 128 
3 186 242 261 
3 1388 776 199 
3 271 336 231 
3 282 283 250 
3 1882 483 1706 
3 251 155 221 
3 922 608 533 
3 160 158 442 
3 212 297 221 
3 722 128 552 
3 1482 727 1053 
3 302 289 436 
3 259 239 277 
3 239 267 277 
3 374 247 1997 
3 209 320 278 
3 312 241 248 
3 1355 25 854 
3 1873 383 1851 
3 241 302 303 
3 91 35 73 
3 20 783 988 
3 347 175 303 
3 242 244 291 
3 336 271 334 
3 346 280 284 
3 347 282 263 
3 234 231 307 
3 1039 1850 1430 
3 231 234 233 
3 232 284 264 
3 1947 237 1780 
3 287 1464 331 
3 533 608 1750 
3 283 525 314 
3 288 297 246 
3 259 195 423 
3 502 25 1533 
3 1879 1962 1967 
3 215 119 106 
3 11 13 21 
3 1526 1943 839 
3 611 465 75 
3 335 321 242 
3 334 271 249 
3 583 844 398 
3 231 336 307 
3 244 281 337 
3 613 1587 421 
3 284 232 294 
3 1534 623 1087 
3 386 371 298 
3 266 361 256 
3 399 216 316 
3 265 299 266 
3 1780 1145 1947 
3 173 234 265 
3 266 299 361 
3 714 1578 164 
3 267 208 374 
3 209 278 226 
3 560 14 997 
3 240 478 334 
3 1020 1687 390 
3 334 414 336 
3 251 337 281 
3 1168 1396 1404 
3 304 280 346 
3 599 58 824 
3 405 308 1850 
3 25 44 1533 
3 1416 1915 1815 
3 232 255 338 
3 552 128 1471 
3 289 278 448 
3 298 216 399 
3 112 272 1960 
3 1677 1680 785 
3 1751 1681 1551 
3 227 320 209 
3 290 380 270 
3 302 241 312 
3 854 5 855 
3 525 440 481 
3 1910 224 593 
3 283 282 525 
3 397 337 273 
3 338 324 294 
3 1178 993 1142 
3 1940 252 1266 
3 311 327 1997 
3 311 423 343 
3 1165 1197 313 
3 319 268 353 
3 332 378 329 
3 697 188 580 
3 342 1021 1639 
3 1156 1474 164 
3 1639 1021 1793 
3 303 417 347 
3 382 335 242 
3 1256 1656 1352 
3 1090 863 797 
3 472 309 330 
3 348 274 253 
3 280 264 284 
3 543 855 5 
3 1922 1416 925 
3 445 351 299 
3 221 297 325 
3 525 360 314 
3 296 221 325 
3 1359 1770 838 
3 1998 1997 327 
3 1910 763 145 
3 355 593 224 
3 772 1109 1106 
3 332 329 403 
3 329 378 328 
3 1453 1769 1334 
3 197 159 259 
3 205 1244 1391 
3 289 302 312 
3 348 253 395 
3 234 307 350 
3 1472 843 372 
3 1510 163 961 
3 969 923 900 
3 364 352 297 
3 365 277 411 
3 267 374 411 
3 911 1061 961 
3 600 533 1752 
3 380 391 270 
3 320 227 335 
3 842 373 1520 
3 382 242 291 
3 337 291 244 
3 1932 1007 1537 
3 307 336 420 
3 659 205 1817 
3 404 403 429 
3 126 1251 1856 
3 456 94 1682 
3 371 395 253 
3 476 1870 113 
3 362 297 360 
3 248 210 289 
3 1770 1359 1810 
3 1372 1649 611 
3 408 255 361 
3 360 297 314 
3 325 297 352 
3 351 361 299 
3 289 312 248 
3 362 364 297 
3 1192 582 1487 
3 327 311 343 
3 1275 1336 94 
3 1021 680 1793 
3 1908 1960 1962 
3 1910 593 571 
3 1788 986 1513 
3 1886 1767 1933 
3 354 413 332 
3 413 378 332 
3 1752 318 600 
3 479 480 466 
3 1998 475 376 
3 472 330 151 
3 334 249 240 
3 336 414 420 
3 1289 1148 1652 
3 417 303 302 
3 1341 1335 1929 
3 347 525 282 
3 1836 1894 162 
3 304 346 322 
3 338 255 408 
3 1993 1063 243 
3 386 298 399 
3 113 1870 305 
3 475 1998 327 
3 241 303 175 
3 329 328 387 
3 207 1533 44 
3 404 354 403 
3 378 377 328 
3 911 961 63 
3 478 270 535 
3 1355 44 25 
3 873 42 1854 
3 860 571 593 
3 1018 1843 1842 
3 406 346 284 
3 1228 1175 1209 
3 610 1727 849 
3 625 837 834 
3 1615 573 941 
3 284 294 467 
3 270 478 240 
3 294 324 467 
3 350 307 524 
3 1211 1408 527 
3 423 444 343 
3 1211 1489 737 
3 1998 319 402 
3 1922 925 766 
3 361 255 256 
3 367 388 366 
3 1034 219 1005 
3 375 387 328 
3 515 328 377 
3 458 403 329 
3 1578 230 1582 
3 1240 1410 315 
3 355 552 1471 
3 763 1910 571 
3 1526 1710 893 
3 270 391 535 
3 298 148 216 
3 346 406 449 
3 300 582 1192 
3 347 417 440 
3 274 348 394 
3 397 291 337 
3 1397 1112 1365 
3 1130 1414 626 
3 367 431 368 
3 352 424 325 
3 1815 925 1416 
3 400 352 364 
3 491 399 316 
3 475 327 499 
3 427 411 374 
3 367 528 388 
3 319 353 531 
3 814 965 168 
3 554 284 467 
3 1137 1684 947 
3 278 320 537 
3 278 537 448 
3 1472 1471 128 
3 440 417 508 
3 1626 530 1169 
3 593 602 860 
3 420 414 392 
3 440 525 347 
3 1958 1687 372 
3 394 466 274 
3 395 371 468 
3 468 542 395 
3 397 273 407 
3 1559 1534 754 
3 350 524 445 
3 530 1924 1169 
3 426 364 362 
3 426 400 364 
3 365 491 316 
3 388 455 366 
3 496 387 375 
3 376 475 412 
3 335 227 321 
3 376 412 353 
3 328 515 375 
3 235 634 1914 
3 342 428 464 
3 1848 1649 202 
3 637 639 638 
3 199 803 4 
3 413 404 559 
3 478 414 334 
3 368 431 433 
3 932 1826 544 
3 51 1684 1137 
3 380 536 463 
3 322 346 449 
3 382 486 335 
3 415 418 394 
3 657 439 1706 
3 1706 439 1882 
3 1889 1397 339 
3 1865 74 787 
3 406 284 554 
3 1627 1513 649 
3 415 572 539 
3 445 299 350 
3 1599 1386 189 
3 453 408 361 
3 491 386 399 
3 571 860 763 
3 474 365 411 
3 60 184 1875 
3 1652 1848 1240 
3 1241 1225 1233 
3 402 319 531 
3 639 162 171 
3 431 366 457 
3 256 232 181 
3 274 423 194 
3 1781 732 191 
3 1410 1447 1289 
3 517 378 413 
3 519 391 380 
3 1885 217 577 
3 1380 732 1781 
3 335 505 320 
3 448 436 289 
3 437 418 415 
3 508 417 302 
3 486 382 291 
3 1934 644 1667 
3 394 450 415 
3 479 466 394 
3 348 451 394 
3 1319 718 862 
3 348 395 542 
3 1014 562 1298 
3 470 352 400 
3 582 1337 1773 
3 455 457 366 
3 491 474 495 
3 327 343 499 
3 498 496 375 
3 1953 965 1116 
3 458 387 496 
3 515 546 498 
3 427 374 402 
3 329 387 458 
3 457 550 431 
3 1831 1879 1967 
3 1510 1233 1225 
3 531 547 402 
3 1817 687 1143 
3 368 485 367 
3 1515 1836 1810 
3 368 462 485 
3 1865 1799 655 
3 561 927 1972 
3 537 320 505 
3 260 1545 1772 
3 307 420 524 
3 450 394 451 
3 482 172 461 
3 1703 1783 577 
3 1555 1125 1557 
3 1168 1404 1182 
3 431 367 366 
3 297 212 246 
3 324 338 408 
3 1682 1669 456 
3 423 466 444 
3 386 491 454 
3 325 424 594 
3 12 708 55 
3 787 493 1320 
3 426 362 510 
3 1099 140 1799 
3 271 177 200 
3 446 426 498 
3 400 446 470 
3 497 499 343 
3 1211 20 1408 
3 455 388 492 
3 365 474 491 
3 515 498 375 
3 167 1970 1167 
3 654 699 615 
3 1113 1923 68 
3 559 429 460 
3 1965 257 1379 
3 378 517 377 
3 733 559 460 
3 326 1889 1640 
3 1456 1213 1068 
3 414 478 504 
3 1597 101 333 
3 322 449 536 
3 1150 140 1099 
3 418 507 479 
3 1099 1970 167 
3 499 529 475 
3 1099 952 1150 
3 554 467 521 
3 1419 1257 1009 
3 691 620 508 
3 1520 373 1485 
3 470 424 352 
3 1922 66 549 
3 1941 275 832 
3 617 604 520 
3 1687 285 372 
3 427 474 411 
3 512 498 546 
3 402 547 427 
3 386 468 371 
3 1956 864 1818 
3 1522 1184 67 
3 1379 1667 1163 
3 227 261 321 
3 548 367 485 
3 128 763 843 
3 256 181 204 
3 572 450 540 
3 415 450 572 
3 333 1467 1597 
3 763 860 1166 
3 522 592 397 
3 1845 1467 333 
3 651 631 686 
3 1255 813 205 
3 852 331 1187 
3 407 522 397 
3 630 720 546 
3 1988 1708 1053 
3 1979 44 323 
3 468 386 454 
3 351 509 361 
3 509 453 361 
3 1520 503 1891 
3 579 510 362 
3 535 584 672 
3 455 594 424 
3 1014 1708 1988 
3 164 1578 1571 
3 496 498 510 
3 470 446 596 
3 496 511 458 
3 1 43 2 
3 237 1947 932 
3 1771 954 635 
3 367 548 528 
3 1084 1987 1010 
3 1190 1910 145 
3 433 462 368 
3 196 1052 1287 
3 462 433 534 
3 706 1396 1201 
3 1396 1178 1142 
3 655 1683 1865 
3 415 539 437 
3 428 658 464 
3 437 507 418 
3 1802 1390 1544 
3 592 291 397 
3 1923 1113 1969 
3 1094 1810 1836 
3 1639 1040 342 
3 524 641 445 
3 273 325 594 
3 343 444 497 
3 492 594 455 
3 1768 1828 1659 
3 531 353 412 
3 528 492 388 
3 1907 1877 1399 
3 462 534 485 
3 377 630 515 
3 331 286 287 
3 436 448 520 
3 1834 1714 1716 
3 1865 787 1799 
3 291 592 486 
3 47 245 1841 
3 599 1114 58 
3 392 487 420 
3 1799 787 1970 
3 664 1815 1915 
3 444 466 480 
3 891 1639 1793 
3 408 621 467 
3 407 273 594 
3 565 454 491 
3 669 455 424 
3 511 496 510 
3 1492 318 1752 
3 1005 206 1029 
3 457 455 669 
3 743 762 869 
3 474 427 495 
3 1461 1825 51 
3 447 1062 293 
3 323 1841 1979 
3 412 569 531 
3 429 459 514 
3 429 514 460 
3 511 459 458 
3 524 564 641 
3 759 865 750 
3 517 413 559 
3 520 448 617 
3 505 538 537 
3 449 587 536 
3 1125 1555 1407 
3 335 486 505 
3 554 521 555 
3 520 604 436 
3 450 451 603 
3 1799 1970 1099 
3 429 403 459 
3 1280 1780 237 
3 1255 876 813 
3 713 392 504 
3 440 620 481 
3 1167 1970 143 
3 468 563 542 
3 487 524 420 
3 55 681 12 
3 445 509 351 
3 553 536 587 
3 470 669 424 
3 1150 1234 140 
3 1778 482 461 
3 550 457 669 
3 1522 583 398 
3 1192 1436 300 
3 1391 1255 205 
3 1125 1407 970 
3 519 535 391 
3 1913 1788 1513 
3 1234 655 1799 
3 1794 730 7 
3 787 74 135 
3 1973 1972 310 
3 1515 1359 1514 
3 1901 1525 113 
3 165 988 783 
3 604 508 436 
3 891 1896 305 
3 449 406 555 
3 1796 67 1184 
3 521 467 558 
3 1758 96 1499 
3 480 479 605 
3 96 477 1212 
3 662 468 454 
3 95 661 541 
3 145 763 128 
3 621 408 453 
3 908 1827 1881 
3 234 350 265 
3 492 528 609 
3 669 470 596 
3 413 354 404 
3 529 412 475 
3 1181 1050 1843 
3 580 1832 1920 
3 1173 1298 562 
3 433 431 652 
3 1710 1526 974 
3 1404 1922 1182 
3 463 671 380 
3 1794 1022 730 
3 1780 1413 1145 
3 199 4 1388 
3 437 539 615 
3 1499 96 1212 
3 1898 1413 220 
3 504 711 713 
3 1936 1379 419 
3 555 406 554 
3 479 507 605 
3 603 751 588 
3 468 662 563 
3 558 467 621 
3 294 232 338 
3 579 525 481 
3 454 565 662 
3 929 768 976 
3 660 1845 1844 
3 609 528 548 
3 512 446 498 
3 546 515 630 
3 569 547 531 
3 551 460 514 
3 1355 323 44 
3 135 493 787 
3 431 550 652 
3 534 532 485 
3 535 519 584 
3 448 537 617 
3 553 585 463 
3 540 450 588 
3 588 450 603 
3 1092 938 556 
3 487 392 713 
3 1120 956 912 
3 440 508 620 
3 407 523 522 
3 730 1022 783 
3 508 302 436 
3 621 453 509 
3 509 445 641 
3 523 407 594 
3 579 663 510 
3 1922 766 1797 
3 670 545 567 
3 495 427 666 
3 852 1181 279 
3 1083 1086 1035 
3 547 569 665 
3 490 1886 1933 
3 534 651 532 
3 1074 1994 1658 
3 377 517 630 
3 585 671 463 
3 536 553 463 
3 673 1552 1127 
3 694 905 340 
3 1172 1240 1541 
3 478 535 504 
3 1845 1427 1438 
3 1620 1622 1761 
3 1897 1571 705 
3 1143 207 934 
3 207 44 1979 
3 473 1652 1566 
3 429 559 404 
3 493 41 1320 
3 510 663 511 
3 581 499 497 
3 670 596 545 
3 421 815 613 
3 512 546 545 
3 546 567 545 
3 355 602 593 
3 1018 1485 279 
3 1372 611 607 
3 529 569 412 
3 665 666 547 
3 514 459 597 
3 532 609 548 
3 439 217 1885 
3 485 532 548 
3 460 551 733 
3 1143 893 207 
3 1615 1346 573 
3 671 584 519 
3 707 630 517 
3 171 578 1388 
3 295 1058 1958 
3 690 437 615 
3 389 1290 1753 
3 579 362 360 
3 587 449 555 
3 1848 1541 1240 
3 1810 1359 1515 
3 564 487 576 
3 620 716 481 
3 579 481 716 
3 1541 1848 202 
3 1284 1706 483 
3 662 565 595 
3 1412 357 1627 
3 810 1868 1419 
3 1040 428 342 
3 757 1287 1016 
3 597 459 511 
3 60 370 758 
3 569 581 665 
3 691 740 620 
3 597 551 514 
3 502 1710 643 
3 1661 1188 1038 
3 617 537 698 
3 654 615 539 
3 587 586 553 
3 587 589 586 
3 1109 188 1106 
3 891 110 1716 
3 604 691 508 
3 587 555 589 
3 575 486 678 
3 1970 787 1320 
3 1745 422 1733 
3 1719 74 1683 
3 147 745 1863 
3 1234 1799 140 
3 1724 738 293 
3 1996 398 844 
3 1322 1360 1271 
3 279 1843 1018 
3 596 670 668 
3 499 581 529 
3 1019 1584 1127 
3 957 675 808 
3 1638 1428 1248 
3 1248 1685 1638 
3 187 1388 4 
3 259 423 311 
3 733 517 559 
3 9 118 920 
3 572 653 539 
3 537 538 698 
3 553 586 688 
3 52 37 45 
3 507 437 690 
3 245 47 401 
3 1851 383 1002 
3 974 643 1710 
3 576 487 713 
3 619 1430 308 
3 647 1498 101 
3 542 618 603 
3 893 1533 207 
3 662 640 563 
3 167 1167 1189 
3 578 171 162 
3 645 497 444 
3 662 565 704 
3 695 492 646 
3 663 685 597 
3 497 665 581 
3 1826 932 1052 
3 51 1825 1684 
3 122 73 124 
3 550 669 731 
3 569 529 581 
3 207 1979 934 
3 651 534 631 
3 651 686 532 
3 1789 1915 1416 
3 309 1101 330 
3 539 653 654 
3 553 688 585 
3 416 1099 167 
3 997 1395 560 
3 718 726 206 
3 589 712 586 
3 678 486 592 
3 542 563 618 
3 1855 1883 358 
3 564 622 641 
3 95 1849 1665 
3 492 523 594 
3 695 523 492 
3 679 663 579 
3 616 572 540 
3 497 645 665 
3 1792 1770 1810 
3 952 1099 416 
3 511 663 597 
3 187 171 1388 
3 596 668 669 
3 543 783 557 
3 461 1781 1778 
3 671 585 633 
3 1413 914 1553 
3 504 535 736 
3 564 524 487 
3 898 1257 1419 
3 617 698 689 
3 505 575 538 
3 1346 527 836 
3 1392 776 1388 
3 782 691 604 
3 1297 1399 1877 
3 717 269 714 
3 618 751 603 
3 589 521 752 
3 616 540 588 
3 752 521 693 
3 1393 853 461 
3 292 1945 1685 
3 621 701 784 
3 952 416 379 
3 573 574 941 
3 784 558 621 
3 701 509 798 
3 1108 151 330 
3 662 595 565 
3 359 489 488 
3 525 579 360 
3 646 609 696 
3 597 685 551 
3 686 609 532 
3 609 686 696 
3 1157 1086 1083 
3 588 751 884 
3 1492 1752 430 
3 794 710 841 
3 580 1920 697 
3 602 1471 1171 
3 631 534 433 
3 652 631 433 
3 572 616 724 
3 672 736 535 
3 285 7 730 
3 575 698 538 
3 817 1004 877 
3 326 1510 1061 
3 588 884 616 
3 1284 1290 1568 
3 810 1419 1009 
3 1959 135 229 
3 480 770 444 
3 1525 1924 530 
3 941 1759 1218 
3 68 1923 69 
3 451 542 603 
3 1241 16 70 
3 621 509 701 
3 1954 330 1243 
3 1525 1901 1924 
3 465 1273 1121 
3 684 670 567 
3 551 778 733 
3 993 680 341 
3 707 517 733 
3 584 671 735 
3 654 653 699 
3 572 724 653 
3 681 971 12 
3 710 615 699 
3 705 1571 1651 
3 1626 549 66 
3 690 605 507 
3 258 95 1665 
3 1495 483 1882 
3 1797 66 1922 
3 620 740 728 
3 618 563 640 
3 579 716 679 
3 1663 766 925 
3 483 1495 1753 
3 915 1578 1582 
3 679 742 744 
3 1290 483 1753 
3 744 663 679 
3 829 663 788 
3 696 695 646 
3 657 1158 1964 
3 800 799 695 
3 683 666 665 
3 720 567 546 
3 1984 674 1771 
3 1625 1783 1410 
3 163 1225 1224 
3 746 699 653 
3 585 688 721 
3 767 882 1080 
3 1257 111 1476 
3 617 689 604 
3 750 575 759 
3 715 678 592 
3 403 458 459 
3 640 936 618 
3 784 693 558 
3 1505 1507 1564 
3 1240 1625 1410 
3 640 662 702 
3 812 778 829 
3 788 663 744 
3 755 696 686 
3 809 892 761 
3 685 778 551 
3 486 575 505 
3 652 550 731 
3 1527 1669 1528 
3 635 39 1771 
3 871 702 894 
3 1708 1014 1298 
3 721 633 585 
3 1754 149 1859 
3 1789 1758 1770 
3 1894 1819 1818 
3 1192 1487 1477 
3 747 782 604 
3 1173 562 236 
3 576 713 825 
3 678 715 759 
3 1043 1582 1974 
3 1466 1996 844 
3 1948 1859 149 
3 622 576 741 
3 770 743 444 
3 142 627 369 
3 798 509 641 
3 743 645 444 
3 1535 1927 1234 
3 527 1408 405 
3 1856 1251 1803 
3 789 921 1050 
3 731 669 668 
3 652 734 631 
3 310 1321 1806 
3 735 723 584 
3 672 584 723 
3 521 589 555 
3 1705 921 1119 
3 560 1781 191 
3 1234 1150 1011 
3 711 736 887 
3 710 690 615 
3 747 604 689 
3 616 884 791 
3 677 605 793 
3 712 768 929 
3 1022 1794 983 
3 882 688 790 
3 1267 1319 853 
3 165 983 544 
3 743 775 645 
3 626 629 842 
3 1600 1177 601 
3 401 47 1420 
3 63 1054 911 
3 390 725 675 
3 665 894 683 
3 668 777 731 
3 684 567 720 
3 1577 644 648 
3 252 1700 1794 
3 731 734 652 
3 804 699 746 
3 1794 1020 252 
3 688 712 790 
3 685 829 778 
3 711 504 736 
3 698 575 750 
3 887 713 711 
3 792 790 712 
3 605 690 793 
3 793 710 794 
3 416 167 1674 
3 768 589 752 
3 751 618 936 
3 715 592 771 
3 564 576 622 
3 1966 257 260 
3 741 761 622 
3 742 679 716 
3 622 761 641 
3 592 522 771 
3 523 695 828 
3 743 770 762 
3 390 1863 725 
3 167 1189 120 
3 1395 1584 1122 
3 777 670 684 
3 714 1803 1475 
3 673 1127 997 
3 707 733 778 
3 735 721 767 
3 671 633 735 
3 1708 1298 918 
3 791 724 616 
3 1250 806 808 
3 792 712 929 
3 806 1412 957 
3 1794 1687 1020 
3 1717 763 1166 
3 716 620 786 
3 716 786 937 
3 805 1635 107 
3 1687 1794 7 
3 774 640 702 
3 74 229 135 
3 1025 800 779 
3 811 955 796 
3 755 631 734 
3 677 793 866 
3 721 882 767 
3 721 735 633 
3 1008 816 877 
3 746 653 724 
3 558 693 521 
3 1597 647 101 
3 1959 1072 135 
3 1901 113 1896 
3 950 736 723 
3 920 1441 46 
3 50 33 65 
3 1955 1957 1893 
3 690 710 793 
3 1652 315 1289 
3 1037 998 826 
3 620 728 786 
3 1336 1275 1329 
3 936 1048 751 
3 811 701 798 
3 853 1380 461 
3 828 522 523 
3 777 684 764 
3 894 665 645 
3 1959 229 990 
3 811 798 892 
3 578 162 1894 
3 1485 373 279 
3 755 734 779 
3 506 276 275 
3 707 830 720 
3 992 473 1566 
3 526 1133 1139 
3 746 724 857 
3 1971 1831 1967 
3 721 688 882 
3 723 736 672 
3 206 349 718 
3 1413 1780 914 
3 782 747 748 
3 740 691 782 
3 339 1640 1889 
3 825 741 576 
3 1816 70 847 
3 1393 151 853 
3 716 937 742 
3 945 841 804 
3 771 522 828 
3 390 1687 1678 
3 869 775 743 
3 925 1815 1663 
3 832 1680 1677 
3 696 755 800 
3 764 684 720 
3 857 724 819 
3 135 636 493 
3 750 780 698 
3 901 1697 1535 
3 949 41 393 
3 1632 438 409 
3 784 768 752 
3 786 728 795 
3 935 715 771 
3 761 741 809 
3 1896 891 1793 
3 705 1031 409 
3 828 695 799 
3 879 882 790 
3 692 1396 1142 
3 777 801 731 
3 461 1380 1781 
3 662 704 702 
3 577 447 1885 
3 501 1430 1846 
3 723 735 1080 
3 710 699 804 
3 630 707 720 
3 1587 590 802 
3 820 689 698 
3 881 434 1844 
3 1167 143 1189 
3 793 794 866 
3 1187 1181 852 
3 1835 1911 317 
3 825 713 887 
3 582 300 1337 
3 1184 1522 1002 
3 782 867 740 
3 1941 506 275 
3 784 796 768 
3 784 752 693 
3 541 1849 95 
3 762 770 826 
3 811 784 701 
3 811 796 784 
3 894 645 775 
3 562 1014 719 
3 800 755 779 
3 830 764 720 
3 812 707 778 
3 1080 735 767 
3 202 1649 1318 
3 706 1789 1416 
3 734 801 779 
3 257 1667 1379 
3 1649 1372 1318 
3 677 770 480 
3 887 736 950 
3 934 1219 118 
3 1254 1150 952 
3 1082 717 1475 
3 1822 471 184 
3 934 1979 1219 
3 715 935 759 
3 656 4 803 
3 884 751 1048 
3 770 677 866 
3 728 740 867 
3 825 807 741 
3 1665 1938 258 
3 935 771 996 
3 959 476 63 
3 761 798 641 
3 798 761 892 
3 1464 1187 331 
3 827 771 828 
3 871 774 702 
3 1796 1184 452 
3 982 942 875 
3 668 670 777 
3 340 1945 292 
3 1010 1987 1355 
3 707 812 830 
3 801 734 731 
3 880 804 746 
3 1651 1031 705 
3 1573 1113 1899 
3 746 857 880 
3 800 695 696 
3 1842 1050 1705 
3 879 790 861 
3 841 710 804 
3 689 820 840 
3 845 794 841 
3 50 65 103 
3 719 1159 236 
3 910 759 935 
3 795 728 867 
3 1110 1220 1075 
3 741 807 809 
3 1573 1969 1113 
3 774 936 640 
3 775 870 894 
3 1994 419 1658 
3 844 1232 836 
3 1022 165 783 
3 817 878 831 
3 878 817 856 
3 817 926 856 
3 1052 196 1992 
3 879 861 818 
3 118 1219 920 
3 904 790 792 
3 724 791 819 
3 750 865 780 
3 1719 229 74 
3 906 1065 841 
3 1234 1927 655 
3 1724 933 1989 
3 912 786 795 
3 1983 1467 1845 
3 866 826 770 
3 71 121 57 
3 827 913 771 
3 1677 1660 832 
3 826 869 762 
3 1724 1989 738 
3 1023 774 871 
3 744 916 788 
3 130 1177 1600 
3 1192 802 1462 
3 878 919 831 
3 833 858 851 
3 816 817 877 
3 1441 920 1128 
3 631 755 686 
3 923 858 833 
3 1700 237 1131 
3 804 880 1170 
3 416 1340 379 
3 816 926 817 
3 702 683 894 
3 1136 1127 1552 
3 1952 681 55 
3 871 1024 1023 
3 1842 1843 1050 
3 636 135 1072 
3 1016 1618 757 
3 1355 1987 323 
3 725 1250 808 
3 994 792 929 
3 143 1320 949 
3 1380 1599 732 
3 493 636 41 
3 910 865 759 
3 1535 1697 1927 
3 892 809 807 
3 928 888 948 
3 1829 769 1669 
3 1435 1348 1400 
3 936 774 981 
3 800 895 799 
3 829 960 812 
3 916 960 829 
3 1004 831 874 
3 1295 1230 1089 
3 115 1683 1927 
3 1004 817 831 
3 1045 884 1115 
3 833 851 875 
3 1927 1683 655 
3 1568 1290 842 
3 923 833 942 
3 739 1957 859 
3 376 268 1998 
3 1526 893 1943 
3 871 894 1024 
3 964 883 840 
3 1678 1058 625 
3 780 907 820 
3 840 883 748 
3 143 949 903 
3 845 841 1065 
3 1647 756 753 
3 909 782 748 
3 887 1015 825 
3 1164 860 602 
3 977 889 845 
3 910 935 996 
3 503 1520 1313 
3 782 909 867 
3 890 976 768 
3 889 826 866 
3 1037 1196 998 
3 1048 936 1051 
3 1128 401 1557 
3 963 1101 1829 
3 937 786 956 
3 1008 1044 968 
3 1974 1012 921 
3 998 869 826 
3 1921 718 1319 
3 1889 326 1797 
3 704 666 683 
3 958 916 744 
3 163 1510 1225 
3 939 777 764 
3 1709 1605 1517 
3 851 984 875 
3 944 1006 818 
3 804 1170 945 
3 821 143 903 
3 1396 692 1201 
3 821 903 254 
3 1286 1000 42 
3 858 923 946 
3 790 904 861 
3 1584 1832 989 
3 1189 143 821 
3 1192 1477 802 
3 748 883 885 
3 1283 1262 1210 
3 888 748 885 
3 907 780 865 
3 703 1349 533 
3 40 185 513 
3 748 888 909 
3 647 410 1062 
3 1096 359 356 
3 929 976 931 
3 1636 185 40 
3 991 846 930 
3 825 1015 807 
3 846 912 795 
3 890 796 979 
3 892 807 1017 
3 1202 1248 1428 
3 786 912 956 
3 1251 975 1082 
3 1667 257 1966 
3 285 1687 7 
3 357 1250 1627 
3 1313 975 503 
3 847 1955 1816 
3 916 958 1041 
3 960 916 1003 
3 763 1717 843 
3 1147 1161 1095 
3 997 14 22 
3 709 500 452 
3 310 933 1724 
3 1106 1750 608 
3 1885 1882 439 
3 919 878 943 
3 126 591 443 
3 1321 293 1062 
3 1447 1410 1703 
3 858 946 967 
3 900 840 820 
3 1080 1046 723 
3 818 861 944 
3 120 1674 167 
3 946 923 969 
3 1259 1154 1205 
3 926 816 948 
3 293 1321 1724 
3 1925 1864 1019 
3 887 950 1033 
3 865 951 907 
3 994 1085 792 
3 928 909 888 
3 647 1597 797 
3 909 928 930 
3 1197 1635 805 
3 1953 1116 697 
3 867 909 930 
3 638 359 1096 
3 379 32 952 
3 1956 469 864 
3 1082 975 1313 
3 981 1051 936 
3 518 1934 1830 
3 937 958 742 
3 1411 1100 1207 
3 663 829 685 
3 800 1025 895 
3 894 870 1024 
3 1107 779 801 
3 939 801 777 
3 1009 1257 682 
3 1766 1636 40 
3 47 947 1420 
3 919 1027 831 
3 1027 874 831 
3 985 877 1004 
3 12 971 176 
3 1521 513 185 
3 1683 115 1719 
3 1105 583 1522 
3 747 840 748 
3 1582 1043 781 
3 943 964 900 
3 945 1170 1079 
3 805 107 1436 
3 1582 781 915 
3 1455 1535 1011 
3 820 907 900 
3 966 883 964 
3 926 885 856 
3 1487 815 1477 
3 1240 1172 1625 
3 1143 934 1817 
3 1034 1029 1795 
3 885 926 948 
3 1764 447 577 
3 58 67 824 
3 1085 904 792 
3 1535 1234 1011 
3 1573 1899 76 
3 768 712 589 
3 929 931 994 
3 1006 879 818 
3 245 1128 1219 
3 867 930 846 
3 978 976 890 
3 927 1464 933 
3 1031 243 902 
3 393 636 1076 
3 1082 1313 717 
3 826 889 1037 
3 811 892 980 
3 870 869 998 
3 1144 958 937 
3 1858 1754 1859 
3 1321 1062 410 
3 999 828 799 
3 823 556 149 
3 1082 1475 1803 
3 1264 682 1257 
3 962 919 942 
3 1803 1474 1856 
3 1103 851 858 
3 1875 1555 1557 
3 1326 1070 1425 
3 900 923 943 
3 964 878 856 
3 857 987 880 
3 840 900 964 
3 623 1559 772 
3 964 856 966 
3 1969 236 1923 
3 4 489 187 
3 1139 1138 526 
3 591 126 1897 
3 1552 1406 1136 
3 906 945 1060 
3 1045 819 791 
3 647 797 410 
3 1060 1047 906 
3 472 151 1223 
3 1445 1969 1573 
3 683 702 704 
3 1013 1015 1033 
3 913 996 771 
3 991 930 968 
3 968 930 928 
3 264 181 232 
3 1140 912 846 
3 1844 1845 333 
3 795 867 846 
3 649 1513 488 
3 1928 903 949 
3 1125 1441 1128 
3 1275 94 185 
3 560 191 14 
3 827 1068 913 
3 980 955 811 
3 937 956 1144 
3 796 890 768 
3 828 999 827 
3 1286 1392 469 
3 1255 1391 868 
3 812 960 897 
3 252 1020 1266 
3 769 1829 309 
3 982 1057 962 
3 1287 932 1016 
3 1794 1700 983 
3 1343 1272 1481 
3 962 942 982 
3 134 93 53 
3 1758 1221 838 
3 1226 1006 944 
3 1103 858 967 
3 879 1006 882 
3 1135 1080 882 
3 820 698 780 
3 1577 1969 1445 
3 345 1587 613 
3 1701 1824 1656 
3 1508 556 938 
3 883 966 885 
3 968 948 1008 
3 118 9 934 
3 1121 75 465 
3 830 812 897 
3 9 1817 934 
3 928 948 968 
3 1033 1015 887 
3 884 1048 1115 
3 951 910 973 
3 951 865 910 
3 712 688 586 
3 1224 160 442 
3 1525 476 113 
3 1914 634 258 
3 1088 476 959 
3 1035 913 1036 
3 816 1008 948 
3 543 899 886 
3 1015 1017 807 
3 1667 1966 1934 
3 980 892 1017 
3 860 1164 1166 
3 1936 1628 1965 
3 776 1392 1286 
3 895 1025 1091 
3 1983 1438 1090 
3 897 960 1055 
3 309 1829 1101 
3 1640 1510 326 
3 962 1027 919 
3 1110 985 1004 
3 1321 835 1806 
3 944 1077 1129 
3 1363 1177 130 
3 185 94 456 
3 944 861 1077 
3 543 5 730 
3 389 286 373 
3 1112 1397 1398 
3 900 907 969 
3 907 951 969 
3 1032 946 969 
3 1085 1081 904 
3 906 1047 1065 
3 63 961 959 
3 1032 951 973 
3 1011 1150 1254 
3 931 976 1180 
3 973 910 1049 
3 846 972 1140 
3 845 1065 977 
3 1989 933 1464 
3 1180 976 978 
3 92 607 500 
3 1013 1017 1015 
3 1678 625 1943 
3 1975 1476 1714 
3 890 979 978 
3 1013 980 1017 
3 1952 1918 681 
3 94 1336 142 
3 799 895 999 
3 1073 1327 941 
3 931 1179 1118 
3 1830 1934 1966 
3 1095 764 830 
3 874 1026 1004 
3 1217 1277 1252 
3 1674 1912 1069 
3 89 97 114 
3 32 1254 952 
3 1008 877 1044 
3 1212 953 1347 
3 1061 1510 961 
3 410 570 835 
3 305 1870 110 
3 1170 880 987 
3 40 513 1773 
3 857 819 1045 
3 659 1244 205 
3 144 166 210 
3 1032 969 951 
3 1180 1179 931 
3 912 1140 1120 
3 9 920 46 
3 1340 416 765 
3 1212 477 435 
3 142 1682 94 
3 1978 1722 1264 
3 1296 1043 1974 
3 1735 1372 607 
3 1783 1880 577 
3 1026 874 1279 
3 1929 1871 1869 
3 1707 1679 1547 
3 1027 962 1097 
3 1153 851 1103 
3 1807 1976 1587 
3 944 1129 1226 
3 847 859 1955 
3 489 359 187 
3 987 857 1045 
3 1157 1103 967 
3 1906 229 1719 
3 972 991 1044 
3 1049 1035 1086 
3 1049 1086 973 
3 1172 434 1625 
3 1195 1140 972 
3 913 1035 1049 
3 1037 889 977 
3 919 943 942 
3 1068 1036 913 
3 1072 1076 636 
3 1111 1907 781 
3 870 998 1246 
3 1003 1055 960 
3 1107 1025 779 
3 1095 830 897 
3 764 1095 939 
3 1279 874 1027 
3 897 1055 1123 
3 984 1042 875 
3 962 1057 1097 
3 314 297 288 
3 262 709 452 
3 1156 1856 1474 
3 1060 1079 1155 
3 1045 1134 987 
3 628 1899 383 
3 1138 390 1678 
3 956 1120 1144 
3 1104 1033 1046 
3 1064 1032 973 
3 1064 973 1086 
3 1033 1104 1013 
3 1995 1076 1072 
3 1557 401 60 
3 977 1065 1194 
3 72 98 52 
3 977 1194 1037 
3 1066 980 1013 
3 910 996 1049 
3 996 913 1049 
3 1230 979 1089 
3 1230 978 979 
3 980 1089 955 
3 518 1968 1949 
3 1949 1968 1677 
3 999 1068 827 
3 1023 1024 1183 
3 644 1577 1163 
3 465 611 473 
3 446 400 426 
3 1057 1152 1071 
3 687 1817 813 
3 1071 1097 1057 
3 1098 1152 1057 
3 875 1042 1098 
3 41 636 393 
3 247 374 208 
3 1531 1599 729 
3 1006 1135 882 
3 1044 877 1281 
3 1346 1489 527 
3 1856 1897 126 
3 855 886 896 
3 1045 1115 1262 
3 254 903 1784 
3 950 723 1046 
3 1081 1085 1044 
3 363 1681 873 
3 1157 967 1064 
3 1085 972 1044 
3 1115 1048 1210 
3 1441 1263 46 
3 974 839 1171 
3 1195 972 1118 
3 1552 1407 1406 
3 202 1482 1541 
3 1783 1703 1410 
3 1250 725 1001 
3 1089 980 1066 
3 1068 1213 1036 
3 1041 1003 916 
3 1651 235 1650 
3 1069 1093 1737 
3 1023 981 774 
3 999 895 1091 
3 958 1144 1041 
3 939 1124 1107 
3 1674 765 416 
3 1047 1117 1065 
3 1963 1940 1931 
3 1693 1963 1276 
3 1395 1122 560 
3 252 1280 1700 
3 1963 1693 1940 
3 1940 1280 252 
3 1279 1027 1097 
3 955 1089 796 
3 709 92 500 
3 985 1258 1281 
3 1110 1004 1026 
3 859 986 1788 
3 506 1739 1427 
3 1697 115 1927 
3 1912 1189 821 
3 1100 1079 1207 
3 877 985 1281 
3 1226 1078 1006 
3 1100 1155 1079 
3 1529 901 1535 
3 1227 1170 987 
3 1697 384 115 
3 627 1948 369 
3 1551 363 1553 
3 164 1897 1156 
3 144 211 175 
3 42 873 1286 
3 151 1108 853 
3 1065 1117 1194 
3 1118 994 931 
3 1021 342 341 
3 1037 1194 1196 
3 978 1231 1180 
3 1912 1674 120 
3 1382 1383 1356 
3 205 813 1817 
3 1420 947 614 
3 1094 162 639 
3 1198 1091 1025 
3 1045 791 884 
3 1759 32 379 
3 1286 469 1000 
3 1143 1690 893 
3 1377 1565 1701 
3 875 1098 982 
3 758 184 60 
3 1222 1042 984 
3 769 309 472 
3 1153 1222 851 
3 533 1349 1752 
3 1719 115 1937 
3 839 974 1526 
3 1913 1513 1627 
3 1750 703 533 
3 1471 1472 850 
3 544 1131 932 
3 1254 1455 1011 
3 1081 861 904 
3 1174 1047 1060 
3 1708 918 924 
3 658 1782 1142 
3 1349 823 1752 
3 994 1118 1085 
3 1085 1118 972 
3 1083 1035 1193 
3 1051 1210 1048 
3 1219 1979 245 
3 1112 847 1365 
3 637 766 1663 
3 1141 1035 1036 
3 1016 1947 1145 
3 1140 1300 1120 
3 1288 1024 1246 
3 1107 1198 1025 
3 1333 1277 1675 
3 1735 607 92 
3 808 675 725 
3 1107 1124 1160 
3 745 725 1863 
3 1095 1161 1126 
3 1487 1492 430 
3 1034 1005 1029 
3 1040 1644 428 
3 1792 664 1915 
3 687 813 1133 
3 1279 1220 1026 
3 1693 1280 1940 
3 1990 184 758 
3 985 1110 1075 
3 794 845 866 
3 738 1882 1885 
3 422 1336 1329 
3 1081 1132 861 
3 568 610 1991 
3 1227 987 1134 
3 1773 513 1647 
3 856 885 966 
3 110 292 1716 
3 1230 1231 978 
3 896 1010 855 
3 1024 870 1246 
3 1815 664 1094 
3 1024 1288 1183 
3 1091 1269 1068 
3 1041 1185 1055 
3 1147 1095 1123 
3 40 1773 1337 
3 1888 1906 1719 
3 1071 1151 1097 
3 1215 1185 1214 
3 1070 1328 1149 
3 1873 628 383 
3 1279 1097 1256 
3 1495 287 1753 
3 632 76 1074 
3 648 236 1969 
3 876 206 1005 
3 1309 1077 1132 
3 1154 1155 1100 
3 1157 1208 1103 
3 1584 1864 1832 
3 1174 1060 1155 
3 982 1098 1057 
3 1042 1278 1098 
3 1003 1041 1055 
3 903 1928 1784 
3 1783 1625 881 
3 1117 1047 1175 
3 1265 1083 1193 
3 1273 992 384 
3 1705 1050 921 
3 906 841 945 
3 1640 1233 1510 
3 1615 1489 1346 
3 1916 1985 667 
3 1208 1242 1260 
3 1310 220 1553 
3 1041 1144 1185 
3 1397 1797 766 
3 262 1002 383 
3 1186 1123 1055 
3 75 1121 599 
3 1126 1124 1095 
3 1124 1200 1160 
3 1124 1146 1200 
3 432 610 1093 
3 1974 921 1296 
3 1071 1238 1162 
3 1630 1868 810 
3 676 1838 168 
3 1445 1573 76 
3 92 1159 1735 
3 1258 985 1075 
3 1153 1103 1204 
3 1309 1206 1077 
3 1206 1129 1077 
3 1103 1208 1204 
3 772 608 922 
3 1391 995 868 
3 1906 1888 1148 
3 1081 1281 1132 
3 965 1839 676 
3 1045 1262 1134 
3 435 1868 1740 
3 206 726 1761 
3 1937 115 384 
3 279 286 852 
3 947 1684 614 
3 1320 41 949 
3 1302 1488 1366 
3 1135 1046 1080 
3 1198 1269 1091 
3 357 806 1250 
3 342 464 341 
3 1138 1678 526 
3 1215 1186 1055 
3 435 953 1212 
3 1146 1124 1126 
3 1216 1123 1186 
3 1146 1235 1200 
3 267 411 277 
3 1161 1272 1126 
3 1149 1302 1366 
3 1328 1070 1326 
3 363 1551 1681 
3 405 1466 527 
3 1256 1097 1151 
3 1709 506 1941 
3 1896 113 305 
3 1226 1294 1078 
3 1334 1261 1282 
3 120 1189 1912 
3 986 847 1112 
3 896 1056 1299 
3 1406 606 1136 
3 1123 1095 897 
3 754 482 1778 
3 1593 1299 1991 
3 543 886 855 
3 1115 1210 1262 
3 1157 1083 1191 
3 1265 1191 1083 
3 1209 1175 1174 
3 1312 1104 1046 
3 1912 821 1887 
3 258 634 95 
3 1066 1013 1229 
3 1793 680 1924 
3 1160 1200 1199 
3 1106 814 1750 
3 1420 60 401 
3 349 876 1255 
3 1302 1149 1328 
3 1239 1151 1162 
3 1071 1162 1151 
3 188 1116 1106 
3 1425 1070 1149 
3 1071 1152 1238 
3 1161 1481 1272 
3 156 59 79 
3 719 236 562 
3 1377 1351 1151 
3 1256 1151 1351 
3 1194 1417 1196 
3 1299 1593 26 
3 1737 765 1674 
3 196 1287 757 
3 1207 1079 1170 
3 1950 385 667 
3 1095 1124 939 
3 1173 236 648 
3 1135 1078 1356 
3 1312 1046 1135 
3 1191 1228 1209 
3 1228 1191 1265 
3 543 557 899 
3 1176 1175 1228 
3 1193 1035 1141 
3 1515 1514 1894 
3 1752 823 430 
3 1300 1140 1195 
3 1903 1904 1543 
3 990 1906 1961 
3 1198 1107 1160 
3 1120 1339 1268 
3 1557 60 1875 
3 1215 1291 1186 
3 1750 814 1637 
3 1514 838 12 
3 1502 1442 1402 
3 1162 1238 1217 
3 1239 1377 1151 
3 1278 1152 1098 
3 1391 1386 995 
3 1515 1894 1836 
3 1948 149 1508 
3 1226 1129 1450 
3 1170 1542 1207 
3 446 512 545 
3 1366 1608 1776 
3 1958 1058 1678 
3 1499 1347 1758 
3 1312 1135 1356 
3 1191 1209 1242 
3 1242 1209 1174 
3 1393 1223 151 
3 659 9 1538 
3 1104 1312 1229 
3 898 1419 477 
3 942 833 875 
3 1262 1282 1134 
3 356 488 1513 
3 1682 954 963 
3 1508 369 1948 
3 845 889 866 
3 1574 1118 1179 
3 1039 501 1873 
3 1663 1815 1094 
3 1120 1300 1339 
3 1743 1711 1362 
3 1051 981 1245 
3 981 1183 1389 
3 981 1023 1183 
3 1198 1199 1271 
3 358 905 1738 
3 1304 1331 1303 
3 1236 1216 1362 
3 1481 1147 1236 
3 1161 1147 1481 
3 1980 1508 1982 
3 1306 1253 1203 
3 1178 1168 1182 
3 1888 1719 1937 
3 10 27 29 
3 1162 1253 1239 
3 1217 1253 1162 
3 797 1597 1467 
3 1963 1931 1673 
3 1817 9 659 
3 1315 886 899 
3 122 124 153 
3 1205 1354 1259 
3 1205 1154 1100 
3 1411 1205 1100 
3 1032 967 946 
3 968 1044 991 
3 1207 1539 1411 
3 927 1187 1464 
3 1132 1311 1309 
3 1733 627 1745 
3 1242 1174 1155 
3 1174 1175 1047 
3 949 1800 1928 
3 1191 1242 1208 
3 1347 1499 1212 
3 1170 1227 1542 
3 1227 1282 1261 
3 1465 805 1436 
3 1462 1465 1436 
3 441 1088 959 
3 1227 1134 1282 
3 1051 1283 1210 
3 245 1979 1841 
3 1733 422 1165 
3 1246 1196 1417 
3 1242 1155 1154 
3 1574 1195 1118 
3 1144 1120 1268 
3 1268 1214 1185 
3 766 637 1398 
3 1269 1198 1271 
3 673 970 1552 
3 1160 1199 1198 
3 1199 1247 1301 
3 1186 1291 1216 
3 1364 1274 1237 
3 1313 1520 1119 
3 1293 1364 1237 
3 1999 601 1978 
3 1203 1249 1306 
3 306 1040 1639 
3 1089 1066 1229 
3 1111 112 1907 
3 1253 1217 1203 
3 954 142 635 
3 1538 46 1554 
3 1152 1278 1378 
3 1587 1976 590 
3 1885 447 738 
3 1281 1258 1381 
3 708 838 1221 
3 1154 1259 1242 
3 1745 627 142 
3 1089 1229 1295 
3 1464 287 1989 
3 1141 1454 1193 
3 1716 1714 306 
3 1529 1535 1455 
3 1608 1609 1942 
3 1288 1452 1358 
3 1417 1452 1246 
3 1792 1915 1789 
3 1185 1144 1268 
3 557 917 899 
3 1292 1362 1216 
3 1149 1366 1425 
3 1165 313 1942 
3 1611 1581 1202 
3 1318 1372 566 
3 1588 1589 1470 
3 1042 1222 1601 
3 1675 1277 1238 
3 1578 634 381 
3 1026 1220 1110 
3 861 1132 1077 
3 1461 1593 494 
3 1356 1078 1294 
3 1311 1281 1381 
3 802 1477 421 
3 1282 1262 1314 
3 881 1880 1783 
3 1176 1117 1175 
3 1141 1036 1213 
3 1031 1651 1650 
3 1156 1897 1856 
3 1288 1246 1452 
3 1297 1179 1180 
3 1184 1002 452 
3 1068 999 1091 
3 1231 1297 1180 
3 1195 1574 1300 
3 1476 1264 1257 
3 1462 802 317 
3 1269 1456 1068 
3 1996 1851 398 
3 1270 1214 1268 
3 1271 1360 1269 
3 1342 1214 1270 
3 1636 1338 185 
3 1394 1200 1235 
3 990 1961 1959 
3 1216 1291 1292 
3 1481 1236 1362 
3 1248 1202 1581 
3 1367 1524 1293 
3 939 1107 801 
3 325 273 296 
3 1249 1304 1306 
3 1759 574 32 
3 1249 1203 1307 
3 1306 1304 1305 
3 1333 1307 1252 
3 1203 1217 1252 
3 1121 901 1529 
3 1264 1975 1978 
3 1675 1238 1378 
3 1152 1378 1238 
3 1279 1256 1220 
3 502 643 203 
3 626 1891 1130 
3 1660 1941 832 
3 893 1710 1533 
3 821 254 1774 
3 20 737 557 
3 1387 1316 1176 
3 1031 1650 243 
3 1480 1421 1342 
3 1454 1141 1213 
3 1104 1229 1013 
3 1468 1368 1369 
3 1269 1360 1456 
3 1344 1483 1293 
3 301 628 1873 
3 1073 1218 1506 
3 1301 1518 1322 
3 624 5 854 
3 1200 1394 1247 
3 1237 1274 1367 
3 1202 1428 1611 
3 1266 1418 1940 
3 1330 1305 1304 
3 1330 1350 1305 
3 58 1105 1522 
3 1007 516 1537 
3 1593 1461 26 
3 1287 1052 932 
3 1377 1239 1405 
3 1959 1823 1072 
3 989 1778 1781 
3 948 888 885 
3 1601 1222 1702 
3 1635 1636 1766 
3 1258 1075 1308 
3 1129 1206 1450 
3 1294 1226 1450 
3 876 1005 1133 
3 110 1870 340 
3 1283 1314 1262 
3 1295 1229 1451 
3 1228 1265 1454 
3 901 384 1697 
3 101 1498 1030 
3 737 917 557 
3 1283 1051 1245 
3 1215 1055 1185 
3 776 873 1681 
3 650 191 189 
3 1339 1270 1268 
3 832 924 1680 
3 692 1782 477 
3 1554 46 1263 
3 1272 1343 1423 
3 1806 1973 310 
3 1367 1293 1237 
3 844 836 1466 
3 1307 1331 1249 
3 1418 1671 1931 
3 1273 901 1121 
3 1187 927 1971 
3 1191 1208 1157 
3 1278 1042 1448 
3 1256 1352 1220 
3 1220 1352 1353 
3 1308 1075 1220 
3 1153 1702 1222 
3 1308 1381 1258 
3 1200 1247 1199 
3 1687 1958 1678 
3 1228 1357 1176 
3 1626 911 530 
3 1906 990 229 
3 1387 1176 1357 
3 5 502 203 
3 1231 1230 1390 
3 781 1907 1399 
3 1183 1288 1358 
3 1361 1342 1323 
3 1301 1247 1518 
3 1737 1674 1069 
3 1235 1423 1394 
3 1361 1324 1291 
3 1423 1235 1146 
3 1460 1364 1293 
3 476 1088 1870 
3 286 279 373 
3 1776 1425 1366 
3 1627 1250 1913 
3 1656 1900 1353 
3 1556 1369 1345 
3 1722 130 682 
3 1418 1931 1940 
3 1394 1741 1458 
3 469 1956 1000 
3 848 1991 849 
3 1487 430 815 
3 1332 1405 1306 
3 1122 1781 560 
3 142 954 1682 
3 1117 1316 1194 
3 1930 1931 1671 
3 1206 1309 1602 
3 1789 706 1201 
3 301 1074 76 
3 1344 1326 1483 
3 1030 1880 881 
3 1383 1312 1356 
3 1451 1229 1312 
3 1451 1312 1415 
3 834 839 625 
3 1194 1316 1417 
3 1452 1417 1604 
3 1784 1928 1414 
3 490 222 1846 
3 1322 1479 1360 
3 9 46 1538 
3 1247 1394 1518 
3 1318 1482 202 
3 1292 1291 1324 
3 1397 766 1398 
3 1423 1343 1548 
3 1494 1493 1368 
3 1344 1328 1326 
3 428 1644 658 
3 1538 1244 659 
3 1523 1367 1274 
3 1488 1328 1344 
3 643 974 850 
3 1199 1301 1271 
3 1254 1105 1455 
3 1488 1302 1328 
3 1556 1345 1691 
3 1724 1321 310 
3 1434 1373 1370 
3 1303 1504 1330 
3 1303 1330 1304 
3 1376 1330 1504 
3 1350 1330 1376 
3 1332 1305 1350 
3 927 933 1972 
3 815 1484 613 
3 1868 1630 1740 
3 667 160 1224 
3 1734 222 490 
3 1378 1278 1448 
3 1002 398 1851 
3 1702 1153 1204 
3 392 414 504 
3 500 824 452 
3 275 660 1053 
3 1833 1324 1631 
3 1708 275 1053 
3 789 1181 1967 
3 1829 1682 963 
3 1938 1665 1849 
3 372 643 850 
3 1282 1314 1334 
3 1566 1652 1148 
3 1316 1387 1546 
3 565 491 495 
3 785 924 918 
3 1270 1576 1480 
3 1260 1242 1259 
3 682 1600 1009 
3 1389 1283 1245 
3 1636 1635 1338 
3 981 1389 1245 
3 49 86 79 
3 1179 1297 1574 
3 1197 422 1329 
3 1454 1213 1679 
3 1707 1454 1679 
3 1759 1340 765 
3 495 666 704 
3 385 55 158 
3 1575 1270 1339 
3 1478 1456 1360 
3 1899 262 383 
3 1480 1342 1270 
3 1322 1271 1301 
3 1215 1361 1291 
3 446 545 596 
3 1717 295 843 
3 1423 1422 1394 
3 1618 1898 1730 
3 1424 1548 1343 
3 1253 1306 1405 
3 1612 1325 1426 
3 1307 1203 1252 
3 1368 1345 1369 
3 1434 1370 1432 
3 1371 1348 1468 
3 1369 1556 1470 
3 1616 1373 1434 
3 983 165 1022 
3 1439 1375 1371 
3 635 142 369 
3 1400 1348 1375 
3 915 634 1578 
3 1230 1295 1390 
3 502 5 624 
3 1375 1444 1440 
3 1766 40 1337 
3 172 1534 1087 
3 1377 1405 1565 
3 1671 1418 1412 
3 1656 1256 1351 
3 1351 1377 1656 
3 1090 1467 1983 
3 1069 1912 1632 
3 753 1487 1773 
3 1132 1281 1311 
3 1536 1529 1455 
3 1448 1042 1601 
3 318 598 600 
3 1259 1354 1260 
3 76 1899 628 
3 1450 1206 1602 
3 1450 1602 1603 
3 1223 769 472 
3 1294 1903 1382 
3 849 902 760 
3 438 443 591 
3 1996 1466 1850 
3 1314 1283 1389 
3 933 310 1972 
3 1316 1546 1417 
3 1357 1228 1454 
3 1943 625 839 
3 1628 1411 1539 
3 851 1222 984 
3 1457 1339 1300 
3 1339 1457 1575 
3 1010 26 1084 
3 1960 272 789 
3 1884 1982 938 
3 1888 1566 1148 
3 1361 1323 1607 
3 1631 1324 1361 
3 1394 1422 1742 
3 1937 1566 1888 
3 1362 1711 1481 
3 1800 393 629 
3 1093 568 1501 
3 1723 1664 1641 
3 1611 1610 1581 
3 1334 1314 1453 
3 1277 1217 1238 
3 1553 220 1413 
3 1052 1886 1826 
3 1345 1368 1493 
3 1345 1431 1691 
3 1395 997 872 
3 1236 1147 1216 
3 1369 1371 1468 
3 1214 1361 1215 
3 219 1863 1138 
3 1369 1470 1371 
3 1497 1590 1670 
3 1348 1435 1468 
3 1468 1435 1497 
3 1445 773 1163 
3 1616 1402 1373 
3 1371 1375 1348 
3 1136 1925 1019 
3 1401 1435 1400 
3 1373 1403 1500 
3 1400 1440 1401 
3 1373 1402 1403 
3 1440 1530 1401 
3 1114 599 1540 
3 1400 1375 1440 
3 1375 1439 1444 
3 262 1899 709 
3 1402 1503 1403 
3 862 1531 729 
3 1959 1964 1823 
3 1405 1332 1511 
3 1565 1405 1511 
3 1002 262 452 
3 760 848 849 
3 1675 1512 1333 
3 708 1221 55 
3 1449 1657 1220 
3 1539 1207 1542 
3 1220 1657 1308 
3 1801 1381 1308 
3 1205 1411 1354 
3 1002 1522 398 
3 1602 1309 1570 
3 1991 610 849 
3 749 471 1672 
3 1673 1751 1963 
3 1314 1389 1358 
3 1531 862 995 
3 1417 1545 1604 
3 1072 1823 1995 
3 405 1408 988 
3 1736 1231 1390 
3 1456 1679 1213 
3 1252 1277 1333 
3 1244 650 189 
3 1088 1738 694 
3 1342 1361 1214 
3 1607 1323 1421 
3 1518 1394 1458 
3 1324 1362 1292 
3 1743 1362 1324 
3 1408 20 988 
3 1520 1018 1119 
3 1460 1274 1364 
3 1325 1612 1549 
3 1092 168 938 
3 1524 1344 1293 
3 1434 1432 1646 
3 1429 1614 1463 
3 1433 1616 1434 
3 896 26 1010 
3 1370 1500 1619 
3 1797 1397 1889 
3 1439 1371 1558 
3 1525 1054 476 
3 1502 1402 1648 
3 1503 1402 1442 
3 1444 1443 1440 
3 725 745 1001 
3 1690 1943 893 
3 1504 1621 1376 
3 1563 1350 1376 
3 664 1810 1094 
3 1127 872 997 
3 1273 384 901 
3 1331 1307 1505 
3 1333 1446 1307 
3 1183 1358 1389 
3 846 991 972 
3 1512 1446 1333 
3 385 158 160 
3 1331 1304 1249 
3 14 191 650 
3 1354 1411 1569 
3 1667 644 1163 
3 1311 1570 1309 
3 1261 1542 1227 
3 1841 1137 47 
3 1261 1334 1769 
3 425 574 573 
3 1314 1358 1453 
3 1358 1452 1453 
3 1913 859 1788 
3 1451 1544 1390 
3 1572 1546 1387 
3 1076 1995 1284 
3 1451 1390 1295 
3 1529 599 1121 
3 1357 1454 1707 
3 1187 1967 1181 
3 1312 1383 1415 
3 1221 1758 1347 
3 1863 390 1138 
3 986 859 847 
3 1891 975 1130 
3 1322 1517 1479 
3 1480 1629 1421 
3 1322 1518 1519 
3 1137 323 1987 
3 1260 1567 1208 
3 727 1482 1318 
3 1423 1548 1579 
3 1867 1672 1560 
3 1425 1483 1326 
3 1483 1460 1293 
3 530 1054 1525 
3 1931 1930 1673 
3 1366 1486 1609 
3 1521 756 513 
3 1745 1336 422 
3 583 1105 1232 
3 1721 1486 1488 
3 1486 1366 1488 
3 983 1700 1131 
3 1614 1429 1689 
3 1370 1373 1500 
3 1646 1432 1463 
3 815 421 1477 
3 737 20 1211 
3 235 1651 381 
3 1433 1434 1469 
3 1454 1265 1193 
3 709 1159 92 
3 1648 1402 1616 
3 1617 1435 1401 
3 1401 1530 1617 
3 1437 1403 1763 
3 1462 1436 1192 
3 1763 1403 1503 
3 484 1406 1407 
3 1444 1532 1443 
3 1963 1751 1276 
3 664 1792 1810 
3 1473 1505 1307 
3 1177 1363 1977 
3 1617 1530 1620 
3 1263 22 1554 
3 1880 1498 1764 
3 1823 1158 1995 
3 1382 1543 1383 
3 1448 1767 1378 
3 881 1625 434 
3 1061 1626 66 
3 1452 1604 1453 
3 1415 1544 1451 
3 494 238 1825 
3 1545 1417 1546 
3 1390 1802 1736 
3 1736 1297 1231 
3 1877 1574 1297 
3 1679 1456 1478 
3 1517 1322 1519 
3 1833 1743 1324 
3 1841 323 1137 
3 1481 1775 1343 
3 1608 1366 1609 
3 1248 1581 1714 
3 1714 1685 1248 
3 1426 1325 1580 
3 1586 1429 1756 
3 1728 1759 765 
3 1765 1698 196 
3 1490 1491 1585 
3 1344 1747 1488 
3 1012 1313 1119 
3 719 566 1372 
3 1491 1494 1585 
3 1046 1033 950 
3 1439 1560 1561 
3 1434 1646 1469 
3 1468 1497 1668 
3 1435 1590 1497 
3 69 236 1159 
3 1439 1561 1444 
3 1146 1272 1423 
3 163 1224 441 
3 1656 1377 1701 
3 742 958 744 
3 1562 1763 1503 
3 1624 1765 1732 
3 1505 1473 1507 
3 1624 1507 1473 
3 1509 1332 1350 
3 1445 632 773 
3 1446 1473 1307 
3 1511 1332 1509 
3 142 1336 1745 
3 781 1043 1296 
3 1220 1353 1449 
3 1498 1880 1030 
3 1368 1468 1668 
3 1308 1657 1993 
3 425 836 1232 
3 1543 1415 1383 
3 1251 443 1550 
3 989 1781 1122 
3 1139 1133 1005 
3 1478 1547 1679 
3 1870 1088 694 
3 1493 1431 1345 
3 1717 1166 1028 
3 1171 1595 602 
3 614 1684 1825 
3 358 1827 908 
3 1343 1775 1424 
3 1459 1325 1549 
3 649 1671 1412 
3 1300 1574 1457 
3 674 963 1771 
3 1964 1447 217 
3 1365 847 16 
3 1586 1813 1689 
3 1585 1494 1643 
3 1646 1463 1614 
3 1432 1496 1463 
3 1728 765 1737 
3 1556 1588 1470 
3 1496 1370 1619 
3 1371 1470 1558 
3 369 39 635 
3 1881 601 1999 
3 1331 1505 1303 
3 363 873 1854 
3 1560 1439 1558 
3 1964 1961 1447 
3 1530 1443 1594 
3 1527 1059 598 
3 1263 1441 970 
3 1442 1592 1562 
3 1621 1563 1376 
3 1562 1503 1442 
3 1532 1444 1561 
3 632 1074 1658 
3 1562 1732 1763 
3 902 1727 1031 
3 1867 1925 606 
3 1106 1116 965 
3 1504 1303 1505 
3 1507 1624 1592 
3 1382 1356 1294 
3 1350 1563 1509 
3 1445 76 632 
3 756 318 753 
3 1809 1749 1662 
3 1906 1148 1289 
3 838 1770 1758 
3 957 1418 1266 
3 1570 1311 1874 
3 1768 1539 1542 
3 1903 1294 1450 
3 1208 1567 1204 
3 1669 1527 1521 
3 1360 1479 1478 
3 1604 1769 1453 
3 1387 1357 1968 
3 578 864 1388 
3 1705 1119 1842 
3 756 1521 1527 
3 1516 1297 1736 
3 1392 1388 864 
3 1479 1517 1478 
3 619 1826 1886 
3 1629 1480 1576 
3 1126 1272 1146 
3 1629 1804 1421 
3 1741 1394 1742 
3 1424 1775 1633 
3 1633 1548 1424 
3 1631 1361 1607 
3 1166 1164 1028 
3 1494 1368 1668 
3 992 1937 384 
3 1673 1930 1102 
3 110 340 292 
3 1281 1081 1044 
3 1721 1488 1747 
3 1641 1490 1662 
3 1662 1490 1583 
3 1586 1689 1429 
3 1725 1643 1494 
3 678 759 575 
3 1406 749 606 
3 1437 1500 1403 
3 1500 1695 1790 
3 1094 639 1663 
3 703 1637 814 
3 1694 1442 1502 
3 963 674 1101 
3 1961 1964 1959 
3 776 1286 873 
3 1751 1673 776 
3 1564 1504 1505 
3 1443 1532 1594 
3 226 166 108 
3 1509 1563 1596 
3 1598 1509 1596 
3 1563 1762 1596 
3 1655 1509 1598 
3 1509 1655 1511 
3 1764 1498 647 
3 1871 1565 1511 
3 1675 1378 1676 
3 1676 1378 1767 
3 1657 1449 1900 
3 1576 1270 1575 
3 1903 1450 1603 
3 1728 1737 1506 
3 1536 1540 1529 
3 1415 1543 1544 
3 1774 1887 821 
3 1457 1574 1877 
3 681 1918 971 
3 1677 1173 1949 
3 1547 1478 1605 
3 1374 1385 922 
3 650 1554 14 
3 506 1518 1458 
3 1785 971 1918 
3 810 1009 1600 
3 1711 1775 1481 
3 1580 1459 1975 
3 1460 1483 1713 
3 1053 660 822 
3 370 60 1420 
3 1978 1977 1722 
3 1325 1459 1580 
3 1549 1718 1909 
3 1264 1722 682 
3 1834 1685 1714 
3 1714 1610 1580 
3 719 1372 1735 
3 899 1327 1315 
3 1426 1580 1746 
3 1660 1707 1547 
3 1426 1746 1612 
3 1012 717 1313 
3 1747 1524 1720 
3 1883 1611 1428 
3 1445 1163 1577 
3 836 573 1346 
3 1432 1370 1496 
3 1494 1431 1493 
3 1491 1645 1431 
3 1317 1501 568 
3 1691 1431 1666 
3 443 1251 126 
3 886 1317 1056 
3 1590 1435 1617 
3 1059 1528 1374 
3 1662 1686 1809 
3 1470 1589 1558 
3 292 1834 1716 
3 1644 1040 111 
3 1790 1619 1500 
3 1254 32 1105 
3 1878 1907 112 
3 1530 1622 1620 
3 1530 1594 1622 
3 1442 1694 1592 
3 1694 1507 1592 
3 673 1263 970 
3 1654 1594 1532 
3 1527 1528 1059 
3 1624 1732 1592 
3 1875 184 471 
3 1598 1596 1623 
3 1285 739 1001 
3 1592 1732 1562 
3 1623 1699 1598 
3 1699 1655 1598 
3 1327 1073 1315 
3 1512 1798 1473 
3 1644 1782 658 
3 1871 1701 1565 
3 614 1825 1341 
3 1311 1801 1874 
3 1354 1847 1260 
3 1411 1628 1569 
3 1527 598 756 
3 456 1521 185 
3 1601 1702 1734 
3 1769 1542 1261 
3 1904 1544 1543 
3 1772 1545 1546 
3 219 1138 1139 
3 1707 1968 1357 
3 1359 838 1514 
3 1457 1877 1852 
3 1575 1606 1576 
3 272 1111 921 
3 1517 1605 1478 
3 1519 1518 506 
3 1759 1728 1218 
3 506 1458 1741 
3 1875 484 1555 
3 1579 1422 1423 
3 1633 1712 1548 
3 1549 1612 1718 
3 190 131 182 
3 1528 769 1067 
3 1870 694 340 
3 84 73 36 
3 1789 1770 1792 
3 1274 1634 1523 
3 924 275 1708 
3 1299 26 896 
3 1583 1686 1662 
3 1859 1721 1747 
3 1243 674 1917 
3 1991 1299 1056 
3 964 943 878 
3 1613 1583 1642 
3 1490 1585 1583 
3 1738 905 694 
3 1642 1583 1585 
3 1962 1879 1606 
3 1276 1780 1693 
3 1490 1641 1664 
3 1642 1585 1643 
3 1494 1668 1725 
3 1646 1726 1469 
3 58 1114 1536 
3 1756 1463 1496 
3 1588 1556 1691 
3 1611 1883 1855 
3 473 992 465 
3 1892 1496 1619 
3 1791 1694 1502 
3 381 1651 1571 
3 997 22 673 
3 1504 1895 1621 
3 1561 1560 1672 
3 1621 1762 1563 
3 1308 1993 1801 
3 1504 1564 1820 
3 1225 1241 1916 
3 1764 577 1880 
3 1729 1532 1561 
3 1696 1532 1729 
3 862 192 995 
3 1917 674 1688 
3 1594 1654 1623 
3 1654 1699 1623 
3 1626 1061 911 
3 902 1063 760 
3 435 358 1738 
3 1512 1473 1446 
3 848 760 494 
3 1595 1028 1164 
3 1050 1181 789 
3 1449 1353 1900 
3 1825 238 1341 
3 965 1953 1839 
3 1187 1971 1967 
3 1260 1847 1567 
3 70 1916 1241 
3 1591 1560 1558 
3 258 1938 1914 
3 1016 1145 1413 
3 1398 637 1096 
3 1804 1607 1421 
3 340 905 1945 
3 1631 1607 1853 
3 1553 363 1310 
3 1460 1713 1634 
3 1610 1611 1855 
3 1612 1746 1779 
3 902 849 1727 
3 1883 1428 1638 
3 965 814 1106 
3 1641 1662 1749 
3 1686 1583 1613 
3 1491 1490 1664 
3 513 756 1647 
3 1961 1906 1289 
3 1637 703 1750 
3 1755 1813 1586 
3 1727 432 1632 
3 1469 1726 1433 
3 1614 1726 1646 
3 1776 1465 1462 
3 1786 1756 1496 
3 1936 1965 1379 
3 1757 1668 1497 
3 1787 1616 1433 
3 1430 619 490 
3 1588 1832 1589 
3 1590 1617 1670 
3 385 1952 55 
3 1558 1589 1692 
3 1289 315 1410 
3 1766 1337 300 
3 1171 1471 974 
3 1500 1437 1695 
3 1926 1564 1507 
3 1594 1795 1622 
3 1594 1623 1795 
3 1596 1795 1623 
3 1654 1696 1731 
3 864 469 1392 
3 1871 1655 1699 
3 1676 1512 1675 
3 1084 26 1461 
3 1087 1393 172 
3 1601 1872 1448 
3 1352 1656 1353 
3 1702 1204 1567 
3 530 911 1054 
3 1158 1284 1995 
3 1305 1332 1306 
3 754 580 188 
3 1628 1539 1659 
3 1864 1589 1832 
3 1903 1603 1935 
3 1382 1903 1543 
3 961 441 959 
3 1830 1772 1572 
3 1617 1760 1670 
3 1517 1519 1709 
3 1629 1576 1879 
3 1709 1519 506 
3 1579 1548 1712 
3 1431 1494 1491 
3 1693 1780 1280 
3 1609 1486 1777 
3 1347 953 442 
3 1777 1486 700 
3 1718 1612 1779 
3 1747 1344 1524 
3 864 578 1818 
3 1720 1524 1367 
3 1749 1723 1641 
3 32 425 1232 
3 1109 754 188 
3 1689 1890 1614 
3 1544 1904 1802 
3 1441 1125 970 
3 1664 1645 1491 
3 714 1474 1803 
3 1690 526 1943 
3 1067 1385 1374 
3 1409 1251 1550 
3 435 477 1868 
3 1496 1892 1786 
3 158 1221 1347 
3 1769 1604 1545 
3 1757 1497 1670 
3 1438 1983 1845 
3 1020 675 1266 
3 650 1538 1554 
3 1591 1558 1692 
3 975 1409 1130 
3 473 611 1649 
3 1811 1951 1812 
3 1284 1158 1706 
3 1763 1695 1437 
3 1653 1732 1730 
3 1466 405 1850 
3 848 1593 1991 
3 1765 1624 1698 
3 1338 1275 185 
3 1851 1850 1873 
3 1511 1655 1871 
3 1698 1473 1798 
3 1827 1740 1881 
3 1595 1164 602 
3 1506 1218 1728 
3 898 111 1257 
3 1767 1448 1872 
3 209 198 227 
3 1536 1455 1105 
3 1536 1105 58 
3 1168 1178 1396 
3 1528 1067 1374 
3 1789 1201 96 
3 1800 1414 1928 
3 1173 785 918 
3 1666 1431 1645 
3 85 139 78 
3 1605 1660 1547 
3 941 1218 1073 
3 1852 1606 1575 
3 1606 1879 1576 
3 1804 1629 1831 
3 1165 422 1197 
3 471 1822 1672 
3 1422 1579 1742 
3 1744 1807 1715 
3 313 1197 805 
3 96 1758 1789 
3 708 12 838 
3 1531 995 1386 
3 1367 1523 1720 
3 1721 700 1486 
3 1872 1734 1933 
3 1890 1689 1812 
3 1814 1645 1664 
3 1986 1688 1642 
3 1614 1890 1816 
3 1816 1726 1614 
3 1588 1691 1832 
3 526 1678 1943 
3 1714 1581 1610 
3 1620 1760 1617 
3 1763 1732 1653 
3 1764 647 1062 
3 441 442 1088 
3 1414 1800 626 
3 149 430 823 
3 1820 1895 1504 
3 203 285 5 
3 953 1088 442 
3 1717 837 295 
3 1725 1319 1267 
3 1873 1850 1039 
3 953 1738 1088 
3 922 1385 772 
3 1871 1699 1869 
3 1698 1624 1473 
3 1797 326 66 
3 275 276 660 
3 1706 1158 657 
3 1063 1657 1900 
3 676 1839 1838 
3 1354 1569 1847 
3 1289 1447 1961 
3 1602 1570 1704 
3 1768 1659 1539 
3 1542 1769 1768 
3 789 272 921 
3 918 1298 1173 
3 438 1912 1887 
3 1671 649 1930 
3 1877 1878 1852 
3 16 847 70 
3 131 146 182 
3 1634 1911 1523 
3 1459 1549 1909 
3 1607 1804 1853 
3 1483 1776 1713 
3 1911 1720 1523 
3 1759 379 1340 
3 1785 1818 1819 
3 1809 1686 1837 
3 254 1784 1550 
3 1627 649 1412 
3 1531 1386 1599 
3 1812 1689 1813 
3 1723 1862 1664 
3 1849 1876 1802 
3 1725 1986 1643 
3 1586 1756 1755 
3 1474 714 164 
3 1385 1087 623 
3 1787 1648 1616 
3 805 1465 313 
3 442 158 1347 
3 1063 902 243 
3 1926 1507 1694 
3 1620 1761 1760 
3 238 494 760 
3 1069 1632 1093 
3 1532 1696 1654 
3 1860 1837 1748 
3 1964 1158 1823 
3 1427 660 276 
3 644 518 648 
3 1929 370 1420 
3 1773 1647 753 
3 222 1734 1702 
3 660 1427 1845 
3 1950 1952 385 
3 116 179 125 
3 1801 235 1874 
3 1317 1506 1501 
3 1949 1173 648 
3 1966 260 1772 
3 829 788 916 
3 95 915 661 
3 979 796 1089 
3 667 1225 1916 
3 1762 1795 1596 
3 1743 1973 1806 
3 506 1741 1739 
3 1861 1812 1985 
3 107 1766 300 
3 344 1715 1807 
3 1610 1855 1580 
3 176 1514 12 
3 1720 1946 1858 
3 1748 1837 1686 
3 614 1341 1929 
3 1686 1613 1748 
3 1613 1688 1748 
3 1513 986 356 
3 1514 1819 1894 
3 1812 1813 1811 
3 168 1838 1884 
3 1663 639 637 
3 1012 269 717 
3 1862 1814 1664 
3 1642 1643 1986 
3 1814 1840 1645 
3 1067 1087 1385 
3 1818 1756 1786 
3 1244 189 1386 
3 1433 1726 1787 
3 1787 1791 1648 
3 1589 1864 1692 
3 1694 1866 1926 
3 1790 42 1619 
3 876 1133 813 
3 1001 739 1250 
3 1034 1762 1895 
3 1385 623 772 
3 1771 39 1984 
3 727 1318 566 
3 1568 629 1076 
3 1730 1732 757 
3 1765 757 1732 
3 447 293 738 
3 917 1489 1327 
3 917 737 1489 
3 667 1951 1950 
3 1676 1798 1512 
3 638 639 171 
3 1701 1871 1824 
3 1463 1756 1429 
3 992 1566 1937 
3 989 580 1778 
3 1993 1657 1063 
3 203 643 285 
3 1762 1621 1895 
3 1569 1074 1847 
3 68 69 1159 
3 1569 1628 1994 
3 1768 1769 1902 
3 1327 1615 941 
3 610 568 1093 
3 1440 1443 1530 
3 850 974 1471 
3 637 638 1096 
3 1743 1833 1973 
3 1741 1742 1805 
3 1579 1805 1742 
3 1713 1776 1462 
3 1508 1980 369 
3 1685 1834 292 
3 1835 1744 1715 
3 1715 344 1835 
3 1978 1909 1999 
3 1457 1852 1575 
3 1911 1946 1720 
3 1721 1859 700 
3 1749 1809 1808 
3 1882 738 1989 
3 1918 1811 1813 
3 1550 1784 1409 
3 1666 1840 1920 
3 1666 1645 1840 
3 1955 1726 1816 
3 1127 1584 872 
3 1787 1726 1893 
3 1670 726 1757 
3 1628 1828 1965 
3 1516 541 661 
3 1787 1866 1791 
3 1972 1973 1833 
3 1866 1694 1791 
3 1926 1866 147 
3 1564 1926 1820 
3 1946 613 1484 
3 1310 1695 220 
3 1672 1729 1561 
3 1898 1695 1653 
3 1654 1869 1699 
3 649 1102 1930 
3 1676 1992 1798 
3 1992 1698 1798 
3 75 599 824 
3 438 1774 443 
3 797 1467 1090 
3 1602 1704 1603 
3 650 1244 1538 
3 1109 1559 754 
3 438 1887 1774 
3 1630 601 1740 
3 1600 1630 810 
3 1736 1876 1516 
3 1905 1769 1545 
3 1572 1387 1968 
3 1802 1876 1736 
3 869 870 775 
3 1374 922 600 
3 1629 1879 1831 
3 1751 1551 1276 
3 32 1232 1105 
3 1018 1520 1485 
3 1743 1806 1711 
3 1711 1806 1775 
3 1714 1580 1975 
3 938 1982 1508 
3 1634 317 1911 
3 1897 705 409 
3 1909 1718 1999 
3 629 393 1076 
3 1688 1986 1917 
3 1746 908 1779 
3 1883 1638 1857 
3 1052 1992 1886 
3 112 1111 272 
3 330 1954 1108 
3 1084 51 1987 
3 675 1020 390 
3 410 797 570 
3 1420 614 1929 
3 1755 1756 1818 
3 238 760 1341 
3 1827 435 1740 
3 206 876 349 
3 1165 1942 1733 
3 1172 822 434 
3 1761 726 1760 
3 1790 1695 1310 
3 544 983 1131 
3 1737 1501 1506 
3 1653 1695 1763 
3 1696 1729 1822 
3 785 1680 924 
3 1014 566 719 
3 760 1900 1656 
3 1735 1159 719 
3 1847 501 1567 
3 1568 842 629 
3 632 1658 773 
3 1296 921 1111 
3 1784 1414 1409 
3 1656 1824 760 
3 1994 1074 1569 
3 1936 1994 1628 
3 1659 1828 1628 
3 1935 1603 1704 
3 1618 1016 1413 
3 700 627 1733 
3 1935 1938 1903 
3 1133 526 687 
3 1968 1830 1572 
3 1835 590 1976 
3 1668 1757 1921 
3 1177 1977 601 
3 130 1600 682 
3 1483 1425 1776 
3 1899 1113 68 
3 1835 344 1911 
3 1776 1608 1465 
3 1733 1777 700 
3 1580 1855 1746 
3 1945 1638 1685 
3 1984 1748 1688 
3 1839 1749 1838 
3 1749 1808 1838 
3 1839 1862 1749 
3 1327 1489 1615 
3 835 1321 410 
3 1755 1785 1813 
3 1224 1225 667 
3 1938 1849 1903 
3 1668 1921 1725 
3 1221 158 55 
3 556 1508 149 
3 1812 1861 1890 
3 1892 1619 42 
3 612 722 1919 
3 1692 1925 1591 
3 1672 1867 749 
3 1990 1696 1822 
3 1534 172 482 
3 1698 1992 196 
3 1992 1676 1767 
3 222 1702 1846 
3 1677 785 1173 
3 426 510 498 
3 1874 1704 1570 
3 1902 1828 1768 
3 1902 1769 1905 
3 1545 260 1905 
3 697 1116 188 
3 1962 1960 789 
3 1830 1966 1772 
3 1875 471 484 
3 601 1630 1600 
3 1854 1310 363 
3 1853 1804 1831 
3 1005 219 1139 
3 1805 1438 1741 
3 1482 822 1541 
3 1775 835 1633 
3 1712 1633 835 
3 1713 317 1634 
3 1609 1777 1942 
3 1018 1842 1119 
3 1733 1942 1777 
3 891 305 110 
3 1087 1067 1223 
3 1984 1860 1748 
3 1981 1808 1809 
3 114 97 105 
3 1837 1981 1809 
3 802 421 1587 
3 626 1800 629 
3 837 1717 1028 
3 1950 1951 1811 
3 1812 1951 1985 
3 745 1285 1001 
3 1811 1918 1952 
3 70 1861 1985 
3 435 1738 953 
3 1918 1813 1785 
3 1861 1816 1890 
3 1782 1644 898 
3 1267 1986 1725 
3 477 1782 898 
3 1691 1666 1920 
3 1540 599 1529 
3 1703 217 1447 
3 345 344 1587 
3 1866 1893 1285 
3 1501 1737 1093 
3 409 1031 1727 
3 1990 1731 1696 
3 1672 1822 1729 
3 1898 1653 1730 
3 1753 287 286 
3 184 1990 1822 
3 1654 1731 758 
3 758 1869 1654 
3 1876 1849 541 
3 1991 1056 568 
3 1882 287 1495 
3 1063 1900 760 
3 1379 773 1658 
3 822 1172 1541 
3 808 806 957 
3 260 1939 1905 
3 51 1084 1461 
3 1021 341 680 
3 1904 1849 1802 
3 349 1255 868 
3 484 1407 1555 
3 1399 1297 1516 
3 176 1819 1514 
3 1877 1907 1878 
3 1584 989 1122 
3 1941 1660 1605 
3 1830 1968 518 
3 834 1171 839 
3 1965 1939 257 
3 673 22 1263 
3 1677 1968 1707 
3 1243 330 1101 
3 1831 561 1853 
3 1579 1712 863 
3 1608 1942 313 
3 1744 1835 1976 
3 1881 1718 1779 
3 1999 1718 1881 
3 1101 674 1243 
3 803 1673 1102 
3 908 1881 1779 
3 1014 1988 566 
3 661 781 1399 
3 1196 1246 998 
3 1613 1642 1688 
3 703 168 1092 
3 1838 1808 1884 
3 1950 1811 1952 
3 697 1920 1840 
3 206 1761 1029 
3 1171 834 1595 
3 1550 443 1774 
3 760 1824 1341 
3 914 1780 1276 
3 1921 726 718 
3 709 68 1159 
3 1954 1917 1986 
3 1755 1818 1785 
3 1899 68 709 
3 1814 1953 1840 
3 1114 1540 1536 
3 1957 739 1285 
3 1970 1320 143 
3 1818 1786 1956 
3 1395 872 1584 
3 1223 1067 769 
3 1893 1866 1787 
3 1578 381 1571 
3 1886 1992 1767 
3 835 1775 1806 
3 898 1644 111 
3 1795 1029 1622 
3 219 1820 1926 
3 1762 1034 1795 
3 1850 1851 1996 
3 757 1765 196 
3 1567 501 1846 
3 488 356 359 
3 957 1266 675 
3 1871 1929 1335 
3 1871 1335 1824 
3 1648 1791 1502 
3 754 1778 580 
3 1801 1993 1650 
3 1862 1723 1749 
3 781 1296 1111 
3 1828 1902 1939 
3 1902 1905 1939 
3 1904 1903 1849 
3 1740 601 1881 
3 661 915 781 
3 1912 438 1632 
3 1852 1878 1908 
3 1163 773 1379 
3 924 832 275 
3 339 1233 1640 
3 1925 1560 1591 
3 1739 1741 1438 
3 1972 1833 1631 
3 1090 1438 1805 
3 739 859 1913 
3 1608 313 1465 
3 1944 1363 1722 
3 1866 745 147 
3 254 1550 1774 
3 1909 1975 1459 
3 1754 815 430 
3 1560 1925 1867 
3 1076 1284 1568 
3 1807 1587 344 
3 1363 1944 1977 
3 1714 1476 306 
3 1860 1981 1837 
3 419 1379 1658 
3 1984 39 1860 
3 677 480 605 
3 989 1832 580 
3 1808 1981 1884 
3 1384 612 1919 
3 1916 70 1985 
3 1551 914 1276 
3 687 526 1690 
3 1969 1577 648 
3 70 1816 1861 
3 1814 1862 1953 
3 1595 837 1028 
3 971 1785 1819 
3 961 163 441 
3 726 1670 1760 
3 1846 1702 1567 
3 484 471 749 
3 1925 1692 1864 
3 703 1092 556 
3 1790 1310 1854 
3 1761 1622 1029 
3 1976 1807 1744 
3 1895 1820 219 
3 1341 1824 1335 
3 789 1967 1962 
3 1319 729 853 
3 1847 1074 301 
3 938 168 1884 
3 1677 1707 1660 
3 628 301 76 
3 1853 561 1631 
3 570 863 1712 
3 863 1090 1805 
3 623 1534 1559 
3 1713 1462 317 
3 917 1327 899 
3 1143 687 1690 
3 649 488 1102 
3 1858 1859 1747 
3 345 1911 344 
3 643 372 285 
3 1855 358 908 
3 432 1093 1632 
3 1859 1948 700 
3 39 369 1860 
3 757 1618 1730 
3 1688 674 1984 
3 602 355 1471 
3 1874 1914 1704 
3 1980 1981 369 
3 1224 442 441 
3 1832 1691 1920 
3 1955 1893 1726 
3 1000 1892 42 
3 162 1094 1836 
3 1855 908 1746 
3 1957 1285 1893 
3 1285 745 1866 
3 822 1844 434 
3 219 1926 147 
3 1349 703 556 
3 1895 219 1034 
3 1898 220 1695 
3 915 95 634 
3 1929 1869 370 
3 1582 230 1974 
3 1867 606 749 
3 1872 1933 1767 
3 22 14 1554 
3 1635 1766 107 
3 1127 1136 1019 
3 1650 235 1801 
3 957 1412 1418 
3 1409 1414 1130 
3 1994 1936 419 
3 574 425 32 
3 1914 1874 235 
3 1938 1935 1914 
3 1704 1914 1935 
3 1828 1939 1965 
3 51 1137 1987 
3 758 370 1869 
3 357 1412 806 
3 1908 1878 112 
3 1876 541 1516 
3 518 1949 648 
3 942 943 923 
3 1516 661 1399 
3 192 868 995 
3 1908 1606 1852 
3 1102 656 803 
3 1669 769 1528 
3 381 634 235 
3 1427 1739 1438 
3 717 714 1475 
3 570 1712 835 
3 130 1722 1363 
3 598 1059 600 
3 1006 1078 1135 
3 1405 1239 1253 
3 1754 1858 1484 
3 1941 1605 1709 
3 369 1981 1860 
3 822 660 1844 
3 1884 1981 1982 
3 1669 1521 456 
3 565 495 704 
3 1601 1734 1872 
3 1056 1317 568 
3 168 703 814 
3 1953 1862 1839 
3 1243 1917 1954 
3 1000 1956 1786 
3 1142 1782 692 
3 1317 1073 1506 
3 1430 501 1039 
3 1460 1634 1274 
3 1921 1319 1725 
3 1000 1786 1892 
3 868 192 349 
3 574 1759 941 
3 1136 606 1925 
3 42 1790 1854 
3 727 566 1988 
3 1267 1954 1986 
3 1962 1606 1908 
3 1955 859 1957 
3 729 1319 862 
3 1747 1720 1858 
3 430 149 1754 
3 758 1731 1990 
3 1933 1734 490 
3 1939 260 257 
3 1060 945 1079 
3 1847 301 501 
3 726 1921 1757 
3 1317 1315 1073 
3 1579 863 1805 
3 1844 1030 881 
3 1818 578 1894 
3 896 886 1056 
3 697 1840 1953 
3 862 718 192 
3 1315 1317 886 
3 1972 1631 561 
3 287 1882 1989 
3 317 590 1835 
3 1978 1975 1909 
3 1977 1944 1722 
3 613 1946 345 
3 1484 1858 1946 
3 905 358 1857 
3 358 1883 1857 
3 850 1472 372 
3 627 700 1948 
3 1981 1980 1982 
3 729 1599 1380 
3 729 1380 853 
3 1857 1638 1945 
3 1945 905 1857 
3 13 8 10 
3 1946 1911 345 
3 319 1998 268 
3 1997 402 374 
3 1997 1998 402 
