ply
format ascii 1.0
comment VCGLIB generated
element vertex 14000
property float x
property float y
property float z
element face 27996
property list uchar int vertex_indices
end_header
4.946679 11.83883 27.20426 
-53.14403 66.5284 -57.26922 
-52.33184 67.68629 -57.76817 
-51.78732 68.18266 -56.80949 
-53.55589 67.18979 -57.38243 
-53.65689 68.14505 -57.29238 
-52.50983 68.62965 -56.93618 
9.320346 63.52861 37.34053 
-52.27386 66.61918 -57.10386 
-51.74086 67.09644 -56.84815 
-53.48207 66.18626 -56.07196 
-51.81594 67.61732 -56.17376 
31.68342 -47.18002 7.502702 
6.577141 48.73758 37.12759 
-54.82412 66.56476 -56.15026 
-55.70237 66.70352 -55.54048 
-52.79133 66.58363 -55.56616 
-55.1635 68.55767 -56.10182 
15.35399 -31.43815 10.61971 
-54.31298 69.07027 -55.95436 
-53.28404 69.03689 -54.92593 
-57.4039 59.07553 -55.1264 
-27.50071 -7.75899 19.47406 
-56.74989 59.33749 -54.90976 
-54.45093 65.87933 -54.36774 
-30.26239 64.82652 6.255872 
3.655591 17.32377 29.29438 
-6.278074 17.69665 29.47986 
-55.51389 67.78401 -55.99025 
-56.50169 69.28183 -54.2123 
26.92537 -7.79347 19.06653 
-45.73667 -46.2379 7.310397 
-57.07263 60.06504 -54.7346 
-20.7112 -29.45083 10.67259 
2.262722 17.65479 29.85142 
3.468361 18.11316 29.76877 
-50.26321 74.76315 -54.78569 
-50.00484 75.65659 -54.3858 
30.97697 -46.3278 7.536575 
-58.73625 58.68921 -54.02765 
-57.13528 58.32691 -54.25431 
-58.58056 59.08853 -54.52765 
-58.48321 59.76096 -54.63813 
-58.00095 60.94434 -53.9172 
-56.4971 66.13459 -53.96668 
-57.53368 66.79901 -53.55538 
-31.27757 -45.80779 7.144376 
-57.50824 69.13969 -53.15148 
-53.08402 68.31107 -54.3312 
-5.605251 18.14494 29.81323 
18.47061 -52.78874 9.784589 
-52.53021 74.58131 -54.01609 
-51.33474 75.22267 -54.54648 
-56.90975 59.38204 -53.0584 
-59.90807 59.80336 -52.99799 
-56.50434 58.74619 -54.39174 
28.19032 -45.54906 7.381458 
6.974236 11.87384 27.15878 
-40.57909 -28.2862 10.76474 
-56.9347 68.255 -54.49015 
-49.24158 74.16599 -53.93269 
-50.60986 73.70854 -53.71557 
-22.24605 2.948148 25.23998 
-8.424448 19.01347 30.04087 
28.59169 -6.744048 18.885 
-49.89012 75.98961 -53.53233 
32.47121 -26.97476 10.01356 
7.405867 18.99782 29.37909 
-20.51172 -6.335889 19.53589 
-54.58988 66.05967 -52.77618 
26.74531 -45.78318 7.13969 
-59.29973 67.51164 -50.84403 
-56.26082 69.8563 -53.06727 
-51.95506 73.78208 -53.58805 
32.97844 -25.56917 10.74706 
22.62692 51.4946 25.2523 
-54.46904 74.63866 -52.75943 
12.88017 -24.67287 11.07342 
-49.95573 75.70131 -53.00722 
27.8923 -5.64197 19.50425 
21.44471 -45.13467 6.765727 
8.155161 21.03385 29.36509 
-59.91476 61.16537 -52.72627 
-12.21715 12.90623 27.84526 
-57.61958 61.75963 -52.75057 
-55.78113 65.46359 -52.22276 
-9.866634 21.43069 29.91236 
-53.50327 66.59291 -54.45406 
-53.61113 68.54454 -53.35389 
-54.92713 69.59769 -53.86324 
-54.27769 69.34422 -53.00743 
5.412942 13.82868 28.1013 
-50.43536 74.12614 -52.662 
0.9697531 3.003393 26.45774 
-51.1833 76.39635 -53.39939 
-57.20852 59.23823 -51.73183 
-32.94213 -5.155422 18.88728 
34.08084 -22.53054 10.31488 
-12.94509 12.43444 26.96344 
-56.81089 60.65643 -53.42966 
-58.23572 62.08409 -52.46938 
-59.10606 66.61652 -51.11329 
-54.46653 67.15851 -52.64417 
-54.60992 68.19651 -51.56253 
-54.99823 68.99155 -50.9365 
-50.1716 73.80524 -52.90628 
-51.08799 74.25412 -52.23407 
-55.10863 75.38293 -51.89825 
-53.54697 75.52779 -53.32499 
29.94108 -3.755769 18.854 
-40.72695 -43.51949 8.344951 
-51.13393 76.25132 -51.94449 
10.67617 22.56322 28.96489 
-58.16533 58.26653 -52.70919 
33.51967 -21.69574 11.04313 
-56.66597 60.2353 -51.91965 
-20.09969 43.31147 28.8524 
13.41658 -3.692978 20.0736 
14.17845 -20.62509 12.00241 
-58.23862 65.97711 -51.61432 
-16.54276 -3.546171 19.29129 
-41.80667 -20.10395 10.75823 
-56.74495 70.00136 -51.85305 
-52.07307 72.98006 -52.08714 
-22.13429 -19.55646 10.36429 
-50.85178 75.60468 -52.07281 
-53.48225 76.25697 -52.62863 
4.091311 44.58185 35.24937 
-55.75791 65.52071 -51.52202 
-55.53473 65.69298 -51.18816 
-58.78868 68.91701 -50.93128 
-36.4189 -42.8951 7.43234 
-51.62912 73.4397 -51.86844 
30.02979 -2.327908 18.96712 
-55.73961 73.9619 -51.37632 
-42.89528 -17.94412 10.89455 
-13.58491 -1.803459 19.30505 
-59.78394 58.80117 -51.28247 
-57.02717 62.03677 -51.5234 
-57.68725 62.43456 -51.41456 
11.76485 25.25053 29.00956 
-56.75449 65.31624 -51.17486 
30.51516 -0.786882 19.13614 
-57.49464 69.78197 -52.0163 
-55.55935 69.6975 -51.18299 
-54.34269 73.56143 -52.28971 
-24.63753 -15.77312 10.71659 
5.806746 66.44962 38.03506 
-52.49469 73.4025 -49.64872 
32.73938 -15.46367 9.857741 
-51.78363 74.30493 -50.60255 
-42.17442 -14.72938 9.997568 
-52.94394 76.64645 -52.05058 
-34.04549 -1.731646 19.66603 
-60.25446 62.83336 -49.84623 
-24.37255 -13.98028 11.02491 
-55.92788 65.95443 -49.78059 
-57.47314 70.01069 -50.67774 
-55.85361 72.74197 -50.58831 
-53.59843 72.29398 -51.04342 
-41.5929 -13.89448 10.01986 
-52.49098 72.82396 -50.97267 
-52.27279 76.65646 -51.52989 
-12.14495 15.48994 27.36244 
-60.64605 59.64639 -50.54158 
-56.51662 60.46814 -49.75188 
-40.56639 -13.08433 10.12836 
-59.8689 63.62261 -48.16207 
-58.91398 62.62079 -51.24935 
-56.91474 64.91235 -50.26931 
-58.98375 65.72844 -50.24632 
-14.05488 26.43109 28.8511 
32.17812 -12.94783 10.42804 
-56.37531 69.89491 -49.76194 
-26.27741 4.31506 25.2676 
-54.70583 71.60238 -49.86308 
-23.79138 -12.16625 10.76541 
-55.02743 76.10954 -50.80413 
32.02915 -10.97807 10.27323 
-51.84518 75.90802 -50.20456 
-24.92152 3.903952 25.76468 
-53.75991 76.56011 -50.3367 
-53.3519 76.30486 -49.3138 
-32.00499 -38.43149 7.074329 
-58.33984 58.57656 -50.98309 
-23.25743 -11.63803 10.75798 
-60.65943 61.41116 -51.17776 
-12.77958 27.12862 29.9122 
-29.64629 -38.90928 7.487607 
-55.7244 66.81713 -49.7384 
-55.25188 68.22293 -50.09672 
-34.08699 -37.3712 7.005359 
-31.69791 15.57654 17.02146 
-56.48347 61.70518 -49.956 
-56.93784 62.54033 -49.59498 
-11.59847 15.48438 27.38133 
-19.50156 4.719923 25.67799 
-56.5745 65.2801 -49.10296 
-60.00829 66.56947 -49.20294 
-28.30514 -37.72429 7.1921 
-59.67259 68.45506 -48.81749 
-10.02576 2.844991 19.21949 
-58.43077 69.59328 -50.29436 
-55.92077 69.53532 -49.19741 
-58.21222 69.87788 -48.85246 
-54.7841 71.26579 -48.87168 
-53.19855 72.32052 -49.95308 
-51.9011 75.48462 -49.50847 
-59.61538 58.74376 -49.27623 
-26.73017 53.96033 24.5267 
0.230264 61.3181 -48.96463 
3.196728 4.145143 18.41699 
24.99119 14.74172 17.08533 
5.135501 44.14408 36.02874 
-58.57571 65.14727 -48.70292 
33.64592 -8.673519 10.25413 
-55.69951 66.46128 -48.5928 
-55.7265 68.86935 -48.58982 
-8.332626 3.601186 18.18444 
-57.32224 72.66699 -49.25001 
-56.94528 74.53267 -49.84361 
-17.78938 -7.985467 10.31749 
-60.97104 59.77969 -47.43823 
-1.839542 60.43225 -48.31836 
-0.741244 60.54118 -48.69674 
1.662541 60.85674 -48.70028 
-1.274412 60.70591 -48.82583 
-1.303645 61.23346 -48.41967 
2.929837 5.478862 20.01938 
-56.30604 61.07438 -48.19569 
-61.20839 62.7371 -48.08893 
-57.53836 63.06819 -49.13165 
-56.6972 62.98577 -48.71252 
-58.97108 63.46284 -48.68988 
-58.39697 64.3932 -48.16544 
12.61748 -6.760804 10.84145 
-56.8553 63.87729 -48.55475 
1.503307 5.586991 19.08873 
-57.14898 64.93197 -49.05247 
34.37145 -7.47726 10.66078 
-36.69583 -37.13846 7.649844 
-59.8931 65.67704 -48.52105 
-2.676432 6.367631 19.32144 
34.60509 -6.046922 10.01199 
-55.54465 71.11261 -48.47073 
-52.32879 74.50018 -48.61058 
-57.96224 74.81799 -47.13832 
-52.64908 75.68806 -48.48428 
-56.65546 75.61218 -49.0362 
-15.42024 -5.295409 10.76779 
2.508633 58.92634 -47.94404 
-0.6034579 58.95901 -48.26278 
2.91258 59.77152 -48.28746 
0.827843 60.15876 -47.92534 
-57.17941 59.48761 -47.76965 
0.8553113 61.29988 -48.92315 
2.842743 60.6959 -48.60652 
29.30405 6.32719 19.91058 
23.04639 54.19142 25.13908 
-0.04588289 61.64909 -48.48765 
2.596956 61.16527 -48.36493 
1.538693 61.55024 -48.45394 
-61.44212 63.06096 -47.50561 
-4.639308 6.802518 19.17002 
11.57261 -5.281934 10.26732 
-56.2064 64.42917 -48.14485 
-59.83707 65.03646 -47.84549 
-60.33566 65.96908 -47.99181 
-24.99414 -34.80082 7.75701 
10.92592 -4.123919 11.70251 
-59.61343 69.09493 -47.55225 
-55.98911 69.95959 -48.20655 
-56.59673 70.00343 -48.25836 
-55.70585 70.63252 -48.05474 
-53.83032 71.87572 -47.92078 
-29.90977 -49.82561 25.7015 
-58.32805 71.98696 -47.12127 
-40.28836 -3.454618 10.38771 
-15.09374 -3.25319 10.39841 
-55.3301 76.31086 -49.14271 
-54.66538 76.32362 -48.50391 
1.516019 58.70686 -48.12642 
-1.489198 59.63255 -48.56904 
-13.66536 -2.530759 11.03912 
-14.28527 -2.364422 10.4108 
-61.57388 61.50808 -47.60847 
-9.80827 68.06082 36.89237 
-23.98848 -32.82243 7.435417 
-34.59237 10.92518 18.89247 
-55.69058 62.09482 -47.39441 
-60.09254 64.176 -47.70035 
-56.16237 64.48415 -47.09198 
35.01034 -2.873351 10.53485 
-60.9509 65.77077 -47.32302 
-55.35165 65.61015 -47.68205 
-60.52903 66.81327 -47.70142 
-54.66048 67.00456 -47.23028 
-55.56267 67.94925 -48.17161 
-14.06279 35.36964 29.78506 
-57.35479 70.08979 -48.04599 
-24.1695 -48.23907 16.93381 
-55.05006 70.59109 -47.80054 
0.4685948 65.54572 38.5059 
-57.02811 70.92059 -47.38613 
-54.08443 71.33539 -47.3273 
-52.86698 75.03662 -47.38922 
-39.04019 -31.1729 6.981402 
-26.07257 55.5555 24.5078 
-55.78401 76.21335 -47.68273 
-33.56908 12.65024 19.05535 
-58.43422 58.9151 -47.62893 
-12.70984 -0.3104442 9.827824 
-21.08067 24.7728 9.626555 
0.007897967 61.56141 -46.11716 
25.14802 -31.03809 7.173315 
-61.16964 64.32519 -46.92632 
-14.46542 15.92766 27.44018 
-54.80583 66.19031 -46.73157 
-55.00497 69.27048 -47.43091 
-54.91053 69.89678 -47.15607 
-12.26757 16.65806 27.29115 
-56.64397 70.32225 -47.6523 
-54.183 70.63609 -46.84872 
-10.72948 0.921329 12.1707 
0.117602 66.72604 37.68299 
-58.4019 73.28724 -47.33761 
-53.17138 73.35889 -47.27942 
-53.5475 75.58456 -47.22409 
-29.90252 15.63067 19.51943 
0.0524595 58.41232 -47.7216 
3.107532 58.7372 -46.46994 
-59.61497 58.9137 -47.21368 
-27.57358 4.926064 25.11417 
-56.09694 60.10203 -46.79369 
3.158074 60.48723 -47.75059 
11.31505 37.88527 29.10301 
1.437273 61.44728 -46.45687 
-62.12933 62.30874 -46.79031 
-56.11613 63.85631 -46.50111 
4.421031 2.818034 10.73573 
-60.53723 69.41596 -46.47503 
12.91726 38.75581 29.19622 
-57.88589 70.27562 -47.01807 
20.07191 17.25834 19.66697 
-58.84026 72.22811 -46.40215 
-53.25333 74.89433 -46.19422 
-56.75443 75.92032 -47.5695 
20.43122 18.20347 17.32491 
1.339918 57.8712 -45.99388 
-25.49622 18.9156 19.05217 
-22.74084 -30.66122 7.319111 
-57.75993 58.70864 -46.38165 
-25.978 19.35645 17.28028 
-62.05439 60.35781 -46.41063 
3.176727 60.81682 -45.78244 
-61.74015 63.05361 -45.72279 
23.73658 -30.02344 7.024837 
-61.37815 65.75124 -45.4946 
-61.45409 66.41376 -46.70197 
-54.09527 65.74826 -45.21513 
-21.92889 22.6139 18.7707 
-54.54959 67.85284 -46.42138 
-54.92957 69.56759 -46.18507 
-59.51569 70.50776 -46.27422 
-58.61333 71.12535 -46.4734 
-4.958894 5.460989 10.03285 
-53.28335 71.68808 -46.22522 
-53.26933 72.77234 -46.4576 
-59.52531 58.41011 -45.9904 
-60.84724 58.69042 -45.99545 
18.0414 23.69761 19.81556 
21.0922 15.80438 18.61828 
-17.43183 40.69157 29.87833 
-28.49789 16.00524 19.36012 
-2.04314 60.72001 -46.52173 
1.160683 61.65169 -45.77259 
-55.96091 61.57552 -46.1661 
-62.06044 61.95977 -45.61226 
-55.10898 62.04259 -45.05595 
-59.30448 71.15591 -45.9112 
-13.41512 18.09663 26.78334 
-52.61856 73.51323 -45.37135 
-57.86391 75.43603 -45.47662 
-1.130428 44.7608 34.76399 
-57.08002 75.90069 -45.21392 
2.628885 58.04813 -45.88803 
-38.40165 6.531847 10.8588 
-37.32857 8.5523 11.37103 
-20.14657 27.39777 19.37964 
-1.90572 58.40621 -46.04435 
3.52078 58.70753 -45.89959 
-57.53827 58.86683 -45.2753 
-60.66047 58.96595 -44.82891 
-2.73289 59.68296 -46.01324 
-61.69269 59.75684 -45.27766 
7.064184 45.70311 35.88192 
31.63052 9.224061 9.820372 
-62.04564 60.83937 -45.29721 
-1.342709 61.34893 -45.11833 
-0.6943791 61.47373 -45.7956 
-61.18378 64.19208 -45.47063 
-61.28854 67.72939 -45.95373 
17.60096 31.27629 21.00524 
19.27026 -28.95007 7.462278 
-61.24414 67.86912 -45.37978 
-54.35239 69.09377 -44.94302 
30.43221 11.37563 10.49547 
-59.64599 70.56744 -44.81607 
17.71756 32.45321 19.66954 
-59.8129 72.56058 -45.42791 
28.98057 -28.98729 7.136412 
-52.49614 75.06677 -45.05651 
-21.93855 -28.24442 6.615387 
15.2888 42.96322 30.13572 
-53.4481 75.22924 -45.76235 
16.16267 42.67607 28.99707 
18.14443 32.78476 18.43876 
-49.29433 82.85436 -45.70462 
-49.51148 83.50665 -45.94014 
-18.92916 43.91196 29.98845 
-48.39893 83.59509 -45.15634 
-48.80865 84.31586 -45.1763 
-0.4402948 57.70478 -45.87885 
0.04767139 45.2615 34.90884 
1.003607 57.46588 -45.33481 
-2.544575 56.98521 -44.68322 
-59.89819 58.60411 -44.98446 
-56.3469 60.04158 -45.59734 
-24.97721 5.897232 25.68511 
-4.08081 60.1768 -44.87455 
3.819894 60.06385 -45.83638 
-40.50521 -52.85329 11.70381 
-28.64324 16.86053 10.94011 
-20.57681 38.17741 19.04014 
19.30622 38.54729 19.46092 
17.85158 -28.47552 7.267408 
24.56563 16.9936 10.98964 
-55.69563 64.09164 -45.48231 
-21.55102 39.68259 19.43346 
17.33201 45.42389 29.90711 
-62.17311 66.72525 -44.56599 
-53.78086 66.98105 -44.83299 
18.6 -27.64326 6.843884 
20.28891 39.22427 19.37247 
-54.42147 69.43473 -45.27979 
-60.40489 69.50697 -45.37152 
-58.94979 73.91252 -45.82592 
-59.17603 75.31857 -44.59024 
-26.75769 18.04766 11.15244 
-56.04045 75.81493 -45.47863 
-50.6565 81.71162 -45.46602 
-51.74781 83.09565 -45.17688 
-52.11253 81.56918 -45.09052 
-25.47478 19.60627 10.50506 
29.902 -28.04711 7.596684 
-49.79918 84.27547 -45.45704 
-3.187289 57.03419 -44.4276 
-57.5473 58.49948 -44.08975 
14.66666 -39.56211 18.32968 
5.418399 59.28594 -44.77649 
-3.471652 46.25233 35.21113 
18.01925 46.76119 29.40444 
-16.38444 4.763667 25.09587 
-2.340162 60.87112 -45.45905 
-20.66371 46.74912 29.41511 
-55.42805 63.95 -44.22596 
-41.40347 -46.18469 16.90643 
17.87547 24.7735 11.26321 
-60.95454 69.45119 -44.29898 
-52.93861 71.29872 -44.88517 
-59.70535 74.01961 -44.75959 
-55.8138 76.76029 -44.14946 
-50.6104 80.9403 -44.67461 
23.61206 47.15214 19.85989 
15.45521 -32.31818 26.02523 
2.411644 56.84052 -44.5952 
-0.2036457 57.03699 -44.12284 
4.740934 57.48215 -44.61277 
-59.94963 58.19625 -44.29484 
-13.41466 20.29006 27.90638 
-19.92087 29.65466 10.45195 
-56.34887 59.14035 -44.08662 
-4.437662 58.79644 -44.73929 
-62.38215 59.99055 -44.10985 
-41.49287 -25.80502 7.12013 
-20.45102 31.19647 10.54907 
19.72665 48.65807 29.4829 
5.37016 60.70267 -43.90229 
-19.74232 32.90969 9.899426 
1.6851 67.73731 37.64192 
24.44445 52.75404 19.68514 
17.83349 33.39498 10.78305 
-61.73923 64.73551 -44.20115 
25.01571 54.67239 19.948 
25.98267 58.22405 19.11056 
-59.6269 71.16278 -44.86765 
-58.34881 76.19601 -44.37771 
16.28324 -23.20157 7.635789 
-53.65452 76.16101 -44.48362 
-26.52068 6.355697 25.5333 
20.07215 52.9211 30.52043 
31.98251 -25.00761 7.655973 
-53.60001 81.14623 -44.19596 
-48.50996 83.49239 -44.46363 
0.4199008 56.6803 -43.75185 
20.9663 38.79987 10.65939 
1.395116 56.89152 -43.82882 
3.045616 56.49217 -43.34889 
4.396685 56.4996 -43.98599 
-1.426843 56.79695 -43.07735 
-14.00543 17.16495 26.99738 
-60.48195 57.73943 -43.27044 
8.830509 65.46262 37.3358 
6.191481 58.65966 -43.7966 
-61.4478 58.8791 -43.65498 
-58.72142 58.39228 -43.31759 
-24.90024 41.72798 10.38521 
-62.19827 59.46633 -43.96407 
4.080414 68.08994 37.30546 
23.95578 41.85581 10.97393 
-55.42812 60.37374 -44.459 
24.94359 61.74797 19.51629 
-22.73605 54.06814 28.95389 
2.819209 61.31758 -44.54351 
-62.94544 63.05871 -44.28772 
-62.46537 67.37094 -43.77683 
7.229636 46.40019 35.90169 
-53.04155 69.93965 -44.0086 
-52.22894 71.33768 -43.20594 
-59.95333 72.62276 -44.28529 
-53.13116 75.4491 -43.61854 
-55.57937 76.74735 -43.10179 
25.62051 64.96261 19.36491 
-52.51088 79.5586 -44.28493 
-51.57603 80.20266 -44.5924 
-12.81486 -2.556337 16.86938 
26.42554 46.46395 11.11401 
20.42801 56.5523 30.24301 
-49.2305 82.22856 -44.67158 
-49.07429 82.72623 -43.71205 
27.33021 46.56101 10.50105 
-49.26369 84.33079 -44.43344 
-22.82597 56.6295 29.07017 
-51.67157 83.99896 -44.43791 
-50.97093 84.25826 -44.06849 
-27.63585 67.54202 19.89633 
-5.564681 58.06987 -43.33356 
32.27551 47.00075 10.75916 
-42.64316 -22.6452 7.000145 
3.96886 66.67194 38.19772 
-54.76341 61.08275 -41.96004 
34.04609 47.36573 10.55354 
-4.522526 61.13729 -43.64914 
-30.75726 48.49364 10.09334 
-0.7656295 62.76877 -44.11853 
-0.1551486 62.82868 -44.36833 
-54.40259 64.76141 -43.76905 
-62.51663 66.00849 -43.31084 
-60.48302 70.29463 -43.39313 
-60.71957 71.51178 -43.33934 
-60.46137 73.29045 -43.11197 
-52.52316 73.52497 -44.00173 
-4.468119 -3.66564 36.01445 
-57.27624 76.36514 -42.85299 
58.34562 75.89626 -43.36618 
-54.1125 76.35287 -43.3656 
57.30281 76.82063 -42.88151 
33.04679 -20.98462 7.01882 
-53.89442 78.20782 -43.67952 
-5.916044 6.950574 25.2861 
52.30758 80.84402 -43.63967 
52.58524 81.63609 -43.70979 
-52.79375 83.24855 -44.12231 
-2.19964 0.8738055 44.68395 
-53.14933 83.11177 -42.57701 
0.4409592 55.05481 -42.64774 
-0.4963558 56.78137 -43.58861 
-32.60165 51.20315 10.90233 
-60.97369 58.07387 -42.84287 
-55.6082 59.87969 -42.84767 
4.849315 61.30635 -42.57925 
-4.476413 62.27149 -41.4176 
-1.850899 61.83944 -43.38375 
-55.12835 63.76171 -42.74503 
1.84518 62.72144 -43.79257 
-62.92149 62.61911 -43.64384 
1.970428 63.10601 -42.19327 
-62.07978 64.75938 -43.04985 
-20.71198 78.27525 18.22799 
20.27839 77.51797 18.8196 
17.88394 25.75998 16.75372 
-53.9969 68.52574 -43.48883 
-61.68974 69.20337 -43.00954 
-52.15657 72.26807 -43.18218 
59.2747 74.31405 -42.56982 
59.81131 74.78951 -42.36378 
36.92844 53.65411 11.13949 
-52.95475 75.82376 -42.95021 
57.7009 75.35117 -43.17353 
-56.53725 76.79701 -43.063 
-53.59003 76.75489 -43.06964 
57.95862 77.0139 -42.65974 
-55.29087 78.93092 -42.92451 
-51.41933 78.76296 -43.19504 
-50.98825 78.78689 -42.59406 
-49.8132 81.06234 -43.29657 
52.6655 80.33492 -42.66837 
53.71523 79.9027 -42.6968 
51.75909 81.2617 -42.88774 
-23.78029 6.805649 25.49592 
53.55939 80.92372 -43.59689 
-54.31352 81.89568 -43.16572 
-50.61353 83.10501 -42.55801 
-51.24765 83.66427 -42.79056 
36.90267 55.47495 11.14322 
1.302319 55.43071 -41.48359 
-34.0062 56.21938 10.66939 
2.640908 55.10979 -42.00119 
-2.588721 56.42449 -43.0756 
0.9652169 56.52191 -43.43809 
-1.190813 56.22102 -42.14201 
1.741882 56.16536 -42.28669 
32.40626 -19.43383 6.619017 
4.068122 56.24904 -42.77301 
5.674783 56.59143 -43.05164 
-23.14321 -17.60518 7.699373 
-58.33554 58.1804 -41.44628 
19.82615 19.77786 18.6813 
-5.478945 60.31051 -43.55178 
24.37986 59.45946 24.77746 
6.555175 60.33292 -42.97673 
-54.56425 62.20988 -41.8589 
-5.217936 61.37614 -42.3894 
-3.522465 61.92661 -42.76063 
-24.97927 -44.36495 16.78176 
-62.63148 63.33136 -42.06052 
-0.9549679 63.04585 -42.69856 
0.2744704 63.29256 -42.51369 
-26.02573 -19.35166 19.14656 
-42.80029 -17.79138 6.560339 
-62.52509 66.11059 -41.80808 
-53.81688 67.77546 -42.53334 
-53.69033 68.03748 -41.83551 
-33.43323 58.57758 10.86803 
-52.44768 69.44615 -41.61705 
-60.72879 70.26791 -42.65881 
-52.44167 73.85931 -42.22974 
58.9231 73.86881 -42.22139 
-59.69309 74.55892 -43.257 
57.51239 75.58684 -41.66868 
-58.9157 75.45321 -42.96299 
29.97145 -38.85692 19.09661 
-57.19029 77.59367 -42.05579 
-54.81607 76.9898 -42.85421 
59.11813 76.23946 -42.82472 
-52.4749 76.89655 -42.62859 
54.19312 80.19255 -43.02105 
-54.85302 80.69031 -43.07548 
-15.08581 6.052813 25.29683 
53.72316 82.20093 -43.03729 
-0.1210468 54.87088 -41.82087 
-2.538799 55.24536 -42.10913 
-3.475788 56.44736 -42.72815 
18.5073 69.97382 29.75283 
6.113169 56.75317 -41.13288 
30.50457 63.57141 11.10273 
6.854671 57.61454 -42.03433 
-60.15649 58.52854 -41.15435 
-59.42394 58.20331 -42.69372 
-6.162327 58.34878 -41.91887 
-57.26516 58.56011 -42.5134 
5.085767 87.25613 19.06281 
-5.705812 59.29501 -43.57336 
7.214884 59.59761 -41.79788 
18.2797 30.61261 18.7811 
-29.59665 64.16232 11.18927 
-20.08111 30.73588 17.88092 
-55.19355 60.15175 -41.86952 
-29.36046 64.89899 10.47291 
-62.51053 61.44501 -42.44004 
-5.310003 67.36123 37.99092 
27.82331 65.18272 11.59985 
-53.33665 66.83004 -41.49163 
6.327318 87.62487 18.43234 
-60.79013 70.35057 -41.67604 
-52.41273 73.03819 -41.6105 
58.07405 74.41821 -42.40442 
-59.98208 75.3379 -41.64017 
57.73307 73.88229 -40.29309 
26.77148 66.99043 10.71313 
18.13622 28.82097 11.00286 
-57.63215 76.43493 -41.89422 
-14.96111 18.36319 26.64858 
-55.82512 77.40427 -42.40498 
-51.82476 76.99847 -42.13842 
-50.40555 79.73654 -41.6374 
-41.79574 -13.42614 7.159931 
20.96366 -31.87731 28.99379 
-49.77488 81.71677 -42.65132 
52.20996 82.17551 -42.50349 
53.26657 82.50254 -41.90787 
54.79287 82.7051 -41.61048 
-26.04678 7.774349 25.42057 
3.381504 55.2135 -42.17964 
-0.9332829 55.35293 -41.29905 
-3.851205 56.416 -41.66125 
-4.904586 56.87472 -41.49941 
-5.326589 57.25139 -42.66234 
-6.632195 58.27412 -40.50734 
-28.16728 70.9034 11.19074 
-62.16893 60.15422 -42.36366 
-62.81098 60.89708 -40.99545 
-5.977324 60.70288 -41.99405 
6.593248 60.79791 -41.5996 
-6.121588 61.94414 -40.68589 
-27.03795 60.16039 25.38253 
3.567851 62.18607 -41.53273 
-2.175222 62.45986 -41.74419 
-37.6488 -53.26766 19.25225 
-11.18748 48.87645 36.82183 
-61.94533 68.75159 -41.72971 
-25.00029 74.66544 10.83509 
-51.65564 75.17004 -41.63612 
-58.00391 75.95923 -41.65326 
-20.30498 5.630044 25.65194 
57.5204 76.673 -41.81513 
-57.84053 77.94386 -41.35233 
54.87053 79.46582 -41.917 
-55.59939 80.36066 -41.73934 
-49.9346 80.91396 -42.32054 
55.74248 80.92316 -42.18157 
-51.11486 81.35712 -41.18214 
-54.79325 81.46661 -41.43339 
52.54726 81.89061 -41.37397 
56.15662 82.01301 -41.20129 
-38.12696 -52.77192 19.5907 
-16.62909 7.228086 26.05975 
9.191103 48.65581 36.23068 
53.77449 82.63405 -42.26656 
-1.92764 54.64388 -41.01772 
-34.78414 -52.78764 19.63915 
0.1661002 54.72898 -41.50356 
2.735066 54.33281 -40.86527 
1.596852 54.93053 -40.28455 
-4.005263 56.23766 -41.15603 
19.49815 77.78412 11.70893 
4.441801 56.1298 -41.01046 
15.28484 -52.45118 17.85264 
-62.46497 59.9525 -40.89069 
-6.355845 59.73304 -41.69971 
3.084473 45.67663 35.25496 
3.092623 63.2168 -40.64043 
30.45122 -52.40281 20.00118 
-1.013599 63.94707 -41.54946 
-22.36563 -51.35914 19.37978 
-62.61615 66.38423 -40.43775 
-28.55337 70.93943 6.935198 
-52.00184 70.57802 -40.9692 
-61.03441 72.2778 -41.22939 
-52.29277 72.14787 -40.48221 
59.37442 72.56325 -40.58325 
-22.6761 -50.48317 19.49249 
59.44848 76.79765 -41.27968 
-50.99356 77.99547 -41.1674 
13.7788 -49.1417 19.94087 
8.912955 80.15366 29.06853 
54.51761 79.17074 -40.9566 
56.17196 79.65088 -41.38046 
-51.81718 82.95638 -41.85543 
-2.448086 54.66253 -40.58279 
-1.403363 68.00641 37.7456 
3.303014 54.6879 -39.46943 
-3.39414 55.54289 -40.91517 
3.820107 55.51534 -40.46455 
-5.389268 57.15606 -41.12544 
29.25294 -43.82015 16.7617 
7.31789 58.79604 -40.18229 
-39.1959 -43.53954 17.87127 
9.830008 65.80579 36.34739 
-38.25746 -48.42748 19.96695 
-56.38627 59.06986 -40.93373 
7.945489 81.78896 28.60277 
-23.03208 -48.29536 19.8241 
-62.88144 63.27394 -41.01772 
-53.50754 65.5126 -41.83034 
0.2560174 64.12144 -41.40391 
16.7033 71.65987 29.01314 
-62.65252 64.65533 -40.62989 
7.602871 80.49686 30.35919 
-0.0638793 67.63389 37.4859 
-51.25793 74.23647 -41.11084 
-60.3316 74.44125 -40.45343 
-20.31908 7.777919 25.67152 
6.700401 88.94504 10.8843 
-56.30911 78.43998 -41.73298 
-51.06661 78.62077 -40.27351 
-27.28711 62.18414 24.71798 
53.26267 80.01733 -41.63206 
0.4010988 89.51305 10.89858 
-51.99408 81.46509 -40.56344 
5.5189 81.70306 29.7334 
-53.65688 82.17883 -41.08368 
-40.65396 -6.04602 7.357351 
-11.98798 48.66684 36.04419 
0.6227158 67.59305 37.52341 
-2.992584 54.99425 -39.65823 
-4.519557 55.49816 -40.07107 
5.695611 56.17876 -40.30189 
-4.961102 55.82756 -40.40566 
6.795153 57.49325 -39.77322 
-61.21951 58.99557 -41.27908 
-55.96458 59.1593 -39.78954 
-54.50072 60.48413 -39.6025 
29.65004 -44.47976 19.62124 
5.725629 61.6896 -41.0682 
7.126398 61.35041 -39.88604 
-54.0808 62.02977 -40.24753 
-54.70041 63.61494 -41.56599 
-1.331432 90.58054 10.50936 
0.1608383 64.31225 -39.65097 
29.432 -44.20689 19.26157 
-62.65167 68.60505 -40.25491 
-22.05839 45.1893 27.35618 
60.12114 72.60771 -40.308 
-14.31437 7.30247 25.35688 
-59.73438 75.02623 -40.13799 
-58.3993 75.86536 -40.82232 
60.5754 75.76284 -41.14947 
-58.21177 77.81008 -40.51241 
-50.86084 77.01191 -40.71677 
29.11479 -41.24836 20.18668 
-56.44362 79.24979 -40.59454 
-25.1102 -41.50511 19.32284 
19.26352 -53.52638 10.66975 
-54.40719 81.13313 -40.067 
52.95934 81.63175 -40.2454 
55.23594 82.75239 -40.11488 
38.17235 -53.41805 10.61379 
1.03901 54.88101 -39.6902 
4.98667 54.65847 -39.48717 
0.9517975 2.484429 28.44911 
-4.862651 55.79554 -39.77618 
0.9488785 82.88996 29.43336 
-1.886207 2.50146 40.7949 
-60.04858 58.51985 -39.88386 
7.485004 60.61343 -40.31156 
3.553267 14.03963 28.53059 
14.78999 -40.27101 19.42571 
-2.760761 62.61124 -40.44353 
-29.1548 -52.99097 10.79163 
1.952284 63.90118 -41.1292 
-1.726345 63.84434 -40.36824 
-52.5436 67.36796 -39.53024 
35.06887 -3.087986 7.078088 
-52.19149 71.75369 -39.67329 
22.97653 64.21768 24.40306 
-40.41575 -2.228467 7.249031 
-52.14398 72.94379 -40.83028 
58.55221 72.05834 -39.54078 
16.75299 -53.56893 29.54268 
38.46527 -52.98094 10.77263 
-50.57559 75.11065 -39.85756 
57.59595 75.00955 -39.51746 
61.35382 75.35615 -39.23449 
58.05829 75.88527 -38.9933 
60.27873 76.46036 -39.19901 
-50.36589 76.86105 -39.86821 
55.48051 77.98311 -38.69124 
30.73234 -37.57107 19.95504 
-51.96977 78.92856 -38.50524 
54.49116 78.81984 -39.34566 
-57.61024 79.07854 -39.27451 
-56.24306 79.6692 -39.98511 
-51.41651 80.38239 -40.4662 
-53.14921 81.554 -40.21225 
56.63134 82.28443 -39.97147 
48.95275 87.26102 -40.15376 
49.359 87.82681 -40.30082 
48.54198 88.14782 -39.74883 
-1.212829 54.5943 -39.0225 
-0.1245815 54.56155 -39.55256 
2.233552 54.38552 -39.5317 
31.14802 -36.02694 20.00843 
-39.59868 -36.62563 18.74877 
37.564 -52.04212 11.54972 
5.277771 54.77911 -39.08122 
36.97118 -50.84061 12.37524 
-57.62069 58.66122 -39.82957 
-62.11937 59.5954 -40.16239 
-55.34251 59.30462 -38.27602 
-7.244406 59.73764 -40.16805 
-7.28295 60.94882 -40.05219 
-4.282559 63.11866 -38.79645 
13.28304 -35.56222 19.41296 
-3.732126 68.53843 37.47734 
-40.54239 -0.7319808 7.483236 
2.144369 64.15895 -38.94349 
-52.93051 65.355 -40.17479 
-62.65136 64.48943 -39.72021 
-62.34801 67.005 -38.91095 
-51.29013 72.30351 -38.77018 
-2.316638 46.9092 35.21796 
-60.95756 73.14799 -39.84713 
57.44177 74.7616 -38.58635 
-58.96103 75.44621 -39.33948 
-58.6398 76.90581 -38.82451 
-58.62576 76.95999 -39.68881 
58.05989 76.93906 -40.78112 
35.03774 -1.654084 7.429388 
-50.7808 77.9315 -39.46697 
57.27607 80.46569 -40.48745 
-55.82272 79.88251 -39.2676 
-39.01805 -32.65826 20.05826 
57.34859 81.23483 -40.15181 
50.38083 86.55503 -39.59137 
50.83834 87.40916 -39.55378 
-24.7597 -31.0516 20.11195 
49.17963 88.70601 -39.45131 
50.21672 88.70497 -38.85472 
4.480392 54.14151 -38.94524 
-3.68293 54.90179 -39.06323 
6.169497 56.83745 -39.32534 
-5.419067 57.08965 -39.28669 
-23.98185 -30.25299 19.69941 
-59.34843 58.59971 -38.9896 
21.35195 -47.07823 29.64483 
-62.46849 60.29449 -39.72811 
-40.05366 -30.02002 19.5211 
33.51383 -46.97112 11.31728 
-6.717909 62.23042 -38.998 
-24.1986 -28.8683 19.70552 
-2.558543 63.40613 -38.74971 
14.6776 -47.08341 30.20943 
-0.1907693 64.75999 -38.94891 
32.7204 -29.75757 19.55427 
-62.02066 68.70039 -38.83193 
-51.88538 69.57676 -39.62938 
-51.42767 69.8507 -38.14207 
-61.42757 69.94853 -39.86284 
-51.89132 70.78518 -39.13572 
-61.00183 72.47388 -38.20451 
-51.49893 70.96886 -38.20545 
-50.75482 74.00515 -39.31326 
61.49025 73.6636 -39.34267 
1.705999 57.14515 39.40374 
-60.92962 74.64714 -39.14596 
-27.35055 -45.19087 10.77697 
56.1819 78.39877 -39.7233 
57.7799 78.53158 -38.68794 
53.33723 81.91974 -39.94539 
57.29107 82.22045 -37.89845 
-44.32741 -44.60507 11.32219 
48.70273 86.98737 -39.24052 
51.39245 88.04831 -38.82594 
-29.14955 -44.31852 9.709865 
1.007673 54.59065 -38.04503 
-12.05576 55.73223 37.12294 
-4.072988 55.45153 -38.80208 
-4.920834 56.49847 -38.70751 
6.719525 3.289878 7.287319 
5.319579 56.60919 -38.14517 
-7.205115 58.57589 -37.7732 
19.53653 -40.21484 29.44615 
21.64201 -40.30618 29.19992 
33.03503 -27.46383 19.89207 
19.29037 -38.71717 30.27645 
-62.85082 62.13791 -39.49992 
21.4255 -43.86664 11.23382 
3.041055 63.68496 -38.84433 
-1.59925 64.11484 -39.19869 
0.937901 -1.40951 44.84147 
-61.55188 69.81282 -38.25639 
-61.41479 71.34733 -39.05153 
60.92154 72.94955 -39.81119 
57.28695 72.64814 -37.89461 
-61.24983 74.11181 -38.41296 
5.415135 3.817733 6.196613 
13.50693 -22.95024 18.07697 
-50.30433 76.34862 -38.14492 
59.26692 76.47172 -38.84617 
33.80521 3.797126 6.882367 
14.40377 -22.60806 20.13914 
32.87741 -22.26581 19.83605 
-14.40817 19.0234 26.49425 
-52.37188 79.49321 -38.6069 
-38.5421 -40.43352 11.06496 
53.94707 79.48535 -39.7389 
55.88237 82.75885 -39.06662 
50.00227 86.19241 -39.13893 
51.19841 85.59984 -38.3198 
-0.05718795 48.70145 35.96616 
33.14168 4.9259 6.860764 
12.05337 7.27738 25.48482 
-6.174039 13.43417 28.90652 
2.95123 54.25301 -37.66618 
4.420515 54.18369 -38.27433 
-25.20892 -20.12815 18.83956 
-3.791738 55.71533 -37.6912 
4.589855 55.62984 -37.90404 
-6.419753 57.85711 -38.68767 
7.703849 58.09887 -38.30657 
-59.50199 58.82066 -36.90354 
-7.549798 59.14345 -37.89697 
-60.24777 59.18119 -38.4739 
8.044022 59.11375 -38.65331 
-62.07827 60.52697 -38.34063 
8.119649 60.45714 -38.17381 
32.15424 -19.14911 19.34631 
-39.86135 -36.97199 11.66155 
-6.556954 63.20499 -37.24892 
4.866944 62.404 -38.71866 
3.952652 62.76167 -38.3516 
-52.12403 64.95516 -37.95169 
-1.890681 65.46275 -37.84044 
24.90147 -36.60172 11.19084 
2.333766 65.26419 -38.38501 
3.29286 65.0031 -37.86679 
-0.8057516 65.80708 -38.17445 
18.75854 -36.31944 29.50035 
-62.537 65.65192 -38.26588 
23.95823 -36.6083 30.03858 
-51.23888 67.28114 -37.08353 
-62.13595 67.50699 -38.45272 
-61.18583 71.45332 -37.64962 
60.87391 71.14784 -37.72726 
20.18393 -35.84663 10.52868 
-50.60245 73.01589 -37.81587 
-8.719327 15.09742 28.51643 
60.12266 76.33654 -38.1258 
17.27021 -17.96955 19.52148 
18.47396 -34.81197 10.78883 
55.09151 77.8916 -37.12172 
57.30896 77.52752 -38.08111 
57.95306 79.35538 -39.17688 
58.61872 80.17371 -38.27535 
-56.94423 79.58906 -38.20425 
-55.06024 79.90257 -38.55883 
26.98681 -35.31527 11.10976 
-53.93816 79.75637 -38.15879 
54.20653 79.28417 -38.13945 
53.304 81.53045 -38.96967 
-27.69947 -18.84908 19.83369 
58.11345 81.42709 -38.24904 
54.27693 81.9148 -38.06468 
30.75555 -17.9519 19.34438 
22.13782 -35.13056 11.33713 
48.88414 87.90396 -38.43645 
52.21511 87.21817 -38.57376 
49.52448 88.5809 -38.32218 
24.86935 -35.72745 29.55731 
1.931568 54.33167 -37.40087 
23.96747 -34.181 10.23889 
-5.748117 55.67855 -37.68662 
-6.301254 56.50513 -37.94115 
-6.482982 57.95469 -37.50787 
-57.52935 58.34056 -38.35623 
-61.51465 59.90373 -38.53035 
-53.76675 60.96324 -38.53807 
-29.01107 -18.28353 19.85212 
22.80353 -35.5545 29.94359 
6.670109 62.4935 -37.0042 
-5.860375 6.107886 7.125314 
-63.07626 63.56316 -38.02696 
-2.745354 63.84664 -37.76495 
1.041085 65.84811 -37.98055 
-30.53733 -17.09641 19.95046 
-62.02721 68.57585 -37.08336 
23.47863 -33.86402 29.71938 
29.42043 -16.9084 19.37884 
57.68669 71.54218 -37.66005 
-40.02808 -32.9379 11.08853 
-36.87177 -16.45984 19.27741 
16.18958 -32.82395 10.70013 
-27.11662 46.41795 17.88439 
57.19079 73.6004 -37.71913 
57.50484 74.75236 -38.00132 
58.51294 75.86216 -37.97092 
-50.44471 77.83714 -38.74888 
1.409269 68.52943 37.6355 
-57.71646 78.0291 -37.94615 
-21.61739 -31.80016 11.11125 
-54.48498 79.43571 -37.38157 
53.82734 80.99376 -38.02086 
50.97295 85.04055 -37.33765 
50.30491 85.64368 -37.47396 
52.32379 86.20882 -38.32285 
17.52804 25.41866 18.01846 
-2.772413 54.64462 -37.85049 
-1.723012 54.33193 -37.08502 
-5.774607 48.58913 37.5766 
-40.75562 -30.66611 10.62457 
-4.374947 56.03315 -37.93078 
4.651095 56.23761 -37.23812 
11.04846 49.41304 35.63142 
6.743424 57.30204 -37.84833 
-36.54969 9.500027 7.147696 
31.73707 -30.06437 11.16888 
26.0119 -15.94699 19.49936 
-62.22959 60.60314 -36.93608 
27.50422 -16.8286 20.36979 
-7.642929 61.10097 -38.38255 
-31.99613 -15.94908 19.58935 
-8.078269 62.02178 -36.72922 
7.34085 61.58546 -37.74301 
-3.213019 63.47265 -37.7498 
31.99089 -28.73985 10.9275 
2.44189 65.76354 -37.54868 
60.87767 70.31668 -37.02386 
61.86283 72.5893 -37.69979 
57.2311 74.673 -37.3516 
61.99132 73.76476 -37.4519 
-60.01365 75.16619 -38.17417 
-60.39914 74.17818 -37.07625 
-50.28631 75.08791 -37.83271 
61.19077 75.51678 -36.82092 
-59.64529 75.59445 -38.03874 
-59.44158 76.62884 -37.57322 
60.07101 75.95541 -36.8021 
-57.98424 78.27033 -36.22334 
56.25229 77.16185 -37.45044 
-40.74984 -27.57331 11.36485 
-33.99205 11.81679 6.373253 
17.10395 81.27146 17.88162 
-57.13973 78.66116 -37.37368 
2.98484 3.637005 29.87781 
-22.16227 24.76383 18.46094 
24.49083 -12.07816 19.79757 
13.25669 -27.45397 10.83039 
38.84685 -51.24209 9.982265 
25.67945 -12.56383 19.40155 
-0.4481919 54.24585 -36.75749 
3.152749 54.37536 -36.74234 
-3.909399 55.83237 -37.00072 
-2.913824 55.55109 -36.43474 
3.534833 55.42393 -36.72352 
-5.900352 57.62016 -36.5889 
6.591821 57.35466 -36.27282 
-6.175527 58.13952 -36.58883 
7.594913 58.25665 -36.51072 
-57.59928 58.71336 -36.6256 
-61.84444 60.02165 -36.77665 
-60.48059 59.48963 -37.10843 
-20.78028 -24.85525 11.66007 
-8.327601 60.15981 -35.93053 
33.38204 -24.27022 11.7211 
-63.00498 62.43689 -37.95884 
-52.92315 62.75225 -38.19386 
14.74209 38.4054 27.20211 
5.530248 63.05586 -36.04066 
-62.51037 64.91194 -37.07363 
-5.590521 63.4368 -37.44572 
-4.704311 9.817965 30.60573 
-2.347273 65.33529 -36.0554 
24.54784 50.29752 17.87439 
-0.2179651 66.16291 -36.5287 
1.851295 66.02654 -36.21288 
57.92231 70.10818 -36.79707 
59.75916 70.66724 -37.69783 
59.3986 69.70096 -36.82032 
58.68803 70.75521 -37.65955 
61.6648 70.68819 -36.80758 
33.42004 -23.1485 10.93221 
-50.52177 70.59707 -36.25665 
62.46876 71.88887 -36.27776 
56.194 74.55354 -36.73869 
-30.66192 14.07433 6.833996 
-28.23036 -50.79426 10.43496 
-50.54357 75.69955 -37.13837 
57.02156 75.0399 -36.94776 
57.42409 76.56219 -36.85247 
-50.45903 76.65863 -36.97051 
2.435967 13.3193 29.40198 
-51.70783 77.37447 -36.27409 
-21.50107 -20.72228 11.08324 
57.62883 77.15717 -37.24012 
58.87011 78.21659 -37.0074 
-52.20801 78.30148 -37.22878 
54.73196 78.33591 -36.85357 
-55.66143 79.47958 -37.35529 
-29.69982 15.1995 6.991938 
-28.91318 15.92217 8.031346 
15.05564 -19.89672 11.39136 
-25.73095 -50.1545 25.7106 
-23.55164 69.10511 24.70094 
56.51501 82.44883 -37.38875 
25.85703 15.1652 7.1646 
29.978 -37.96006 17.95153 
50.14279 86.68841 -35.77198 
49.64727 87.1824 -37.1269 
49.87118 87.36866 -36.29064 
0.5439611 54.43487 -35.97078 
2.330356 54.39779 -35.98842 
24.1238 16.41831 6.481379 
-5.068494 55.21479 -36.85538 
32.60012 -17.69323 10.84889 
6.83138 57.70415 -36.08657 
23.19726 -10.30027 19.61382 
8.039 59.18427 -36.58625 
-60.79825 60.24026 -35.72837 
8.187807 60.2033 -36.83575 
24.62311 -9.248124 20.05466 
-21.33983 24.66266 20.39771 
26.69689 -9.231943 19.15679 
-62.2034 64.23724 -35.85635 
-1.826223 65.65574 -36.37368 
-41.41323 -15.28335 11.48967 
17.696 -8.086257 19.50459 
-61.92136 67.13285 -36.30227 
-61.41848 69.90485 -36.68696 
20.11538 37.53154 10.49811 
1.304609 14.55647 29.48901 
56.76875 71.59564 -36.6945 
56.28672 73.06542 -36.55465 
25.92518 -7.890996 19.79585 
-21.01454 8.762463 25.7262 
-23.77618 -37.05085 18.58552 
-25.14463 -7.393318 19.64496 
17.05605 24.78366 20.24636 
23.11035 16.49502 7.310227 
56.14614 76.44724 -36.81912 
59.30838 76.08356 -36.21296 
57.78128 76.13944 -36.55503 
58.23021 75.72079 -36.89092 
58.32153 76.61145 -36.58194 
59.2936 78.66227 -36.7003 
-57.44529 78.39366 -35.9317 
54.44117 80.23764 -36.87573 
22.76659 17.0127 7.820003 
57.1483 82.07434 -35.60059 
52.86378 85.65943 -37.73374 
31.41071 -1.858277 17.4897 
-23.17365 -6.845726 20.01269 
-22.61717 70.36842 24.93874 
50.39673 88.37098 -37.14407 
-1.417973 53.41815 -35.45226 
-21.15257 -11.15305 10.87197 
-5.62628 55.41895 -36.65575 
-5.520025 57.4268 -35.98089 
-4.077528 14.59081 29.8175 
-19.47324 -9.696627 11.17748 
31.644 -10.44058 11.48158 
-29.99213 -6.603891 19.69741 
-53.6678 59.95803 -36.44132 
8.050519 61.20174 -36.8033 
-62.33175 62.85949 -36.27449 
-51.97963 63.59731 -36.26274 
7.498358 62.32182 -35.51691 
4.204553 63.37113 -36.48734 
26.62702 -6.624465 19.80473 
-17.76346 -8.4162 11.01849 
-3.490301 69.72971 37.65733 
-50.55947 66.81863 -35.40587 
-0.9135079 14.90609 29.79781 
0.1172352 66.62389 -35.94284 
-61.49449 68.67568 -35.69376 
58.58263 69.37493 -35.9962 
59.5825 69.41962 -35.94003 
-39.22026 -7.275426 10.82043 
13.51532 -8.41388 12.17123 
62.21814 74.47534 -35.53897 
56.16944 73.9724 -35.28173 
54.88889 75.66872 -35.26386 
-21.84614 71.03584 24.90261 
20.88135 19.41008 6.700468 
-51.0115 75.76986 -36.09722 
7.622176 7.905797 25.28548 
15.05688 -6.456876 19.20537 
-3.111431 15.45328 29.7972 
55.07507 75.92915 -35.99393 
58.85875 76.99021 -35.98325 
-18.81165 40.59097 25.9768 
14.57029 -5.429939 19.80411 
-1.147224 15.61796 29.94058 
16.31125 -10.85576 17.35167 
-56.2379 78.54428 -36.69241 
54.51881 79.15716 -36.20941 
54.61846 80.04432 -35.95981 
27.34769 -5.433716 19.81857 
54.87756 81.49658 -36.49778 
-16.43259 -6.67002 11.0379 
13.61365 8.614188 25.7687 
54.04905 86.12038 -36.78054 
51.48151 88.47465 -37.08159 
-1.933608 54.5761 -36.27063 
-0.9998714 53.41212 -35.3057 
0.04373515 54.03913 -34.69377 
1.567293 54.13368 -35.98465 
-3.485245 55.4996 -35.67971 
-14.96919 -5.257779 11.26103 
4.700654 56.01564 -35.31008 
6.023005 56.1953 -36.24005 
6.216025 57.80066 -35.55606 
28.27234 -5.222458 19.32344 
-59.28786 59.65919 -34.7753 
-61.77465 61.67854 -35.87115 
-52.64309 60.85051 -35.74403 
-62.1184 62.94139 -35.33094 
21.06563 71.99963 24.73403 
-7.370082 63.25313 -35.73405 
-4.907433 64.02448 -35.21626 
3.540341 65.25336 -35.78854 
-62.52346 65.72096 -35.76794 
2.306433 66.31796 -35.68774 
-0.7762597 66.3255 -36.06121 
10.03813 -2.956186 10.36361 
-22.17669 9.209567 25.45295 
61.0181 69.00697 -35.06096 
61.35812 70.09611 -35.95795 
3.425837 15.80704 29.8668 
-4.926327 16.52002 30.13682 
-50.0886 72.99954 -35.80976 
-60.12929 74.66511 -35.85884 
-50.10522 74.56925 -36.84029 
55.0993 77.13557 -36.15364 
-15.6027 -2.60693 19.8127 
-40.1144 -1.05558 11.54657 
-53.26322 77.79039 -36.29527 
-13.19631 -1.381095 11.19836 
-56.45068 77.70209 -35.21576 
-11.88725 10.39344 25.96543 
59.38843 79.40223 -36.57586 
58.82193 80.97421 -36.62206 
55.4215 81.662 -35.77164 
57.96996 81.87108 -35.63704 
51.78092 84.33063 -36.8031 
8.474695 -0.6734723 10.61606 
54.42554 84.79514 -36.14444 
-5.766634 -9.613286 53.94091 
55.29597 85.07892 -35.13977 
55.40528 85.59926 -34.57531 
53.3645 87.51534 -36.4688 
50.65121 87.62135 -35.74043 
-14.64602 -1.44231 20.05884 
1.652109 53.11006 -34.85349 
2.172298 53.78554 -35.2561 
-2.106134 55.00893 -35.05029 
-4.206661 55.21424 -35.37876 
-4.706574 55.73316 -35.31132 
3.040396 55.87196 -35.52845 
5.175621 56.81307 -35.05506 
-6.27826 57.14109 -34.84197 
-9.150315 8.587225 25.88375 
15.88115 27.08825 7.220349 
-6.99437 58.38124 -35.73272 
-3.462853 -10.02227 54.35381 
-58.58732 58.92729 -36.10898 
-55.6467 58.77293 -35.63006 
-18.90588 26.0374 7.2462 
-57.68044 58.56173 -35.34644 
-8.057817 59.35395 -35.62901 
-19.85765 26.85802 7.291954 
-51.71747 61.32881 -34.79515 
11.66231 19.99803 26.4855 
11.33124 -0.1775404 19.85116 
-51.05268 64.58034 -35.24654 
5.408662 63.84501 -34.19683 
-3.12116 64.63425 -35.15113 
3.848104 65.49147 -35.25591 
-39.90145 2.328138 10.22213 
-2.357365 65.82848 -35.73418 
-1.289327 67.44777 -35.53183 
4.734363 2.703041 11.15232 
6.316082 2.420824 10.90823 
2.107658 67.44339 -35.37637 
16.21761 28.759 8.0552 
58.18908 67.76736 -34.6921 
-39.40889 3.815473 11.02263 
-28.71984 55.84624 17.94539 
59.92686 68.47517 -34.79236 
-11.00927 51.74968 37.49428 
57.22463 70.17874 -35.90395 
62.60535 72.24722 -34.85513 
56.42283 71.38595 -35.57831 
1.991459 3.873069 11.83485 
-49.94762 73.43247 -35.37561 
-52.06414 76.8761 -35.52411 
-50.51353 74.65248 -35.10928 
-2.445079 0.2958543 46.66528 
-19.79855 29.27547 7.406559 
61.09531 75.65813 -35.17945 
60.2829 76.33966 -35.30587 
-1.714854 82.98849 29.70628 
-58.37421 76.90221 -35.3815 
-19.22592 28.8978 7.097976 
59.67875 77.26435 -35.36132 
-54.66942 78.56853 -36.39684 
-53.6528 77.17731 -34.80691 
54.17978 77.14624 -35.17182 
-54.89228 77.95187 -35.23955 
54.64524 78.20131 -35.92639 
54.22538 79.36635 -35.07761 
-38.79271 5.034859 10.64996 
6.923975 17.74728 28.90819 
53.18745 83.69279 -36.05367 
53.82377 83.68458 -35.88001 
-5.468657 -4.408321 55.25164 
-10.93262 2.972552 20.19449 
8.995502 2.224072 18.842 
50.31403 86.58083 -35.09862 
51.70979 87.83932 -35.33192 
-0.9928933 52.68809 -34.12463 
-18.17716 29.33206 7.016377 
-14.93649 52.79501 36.56336 
-4.506111 54.91212 -34.46612 
-2.445756 55.27139 -35.14041 
2.106873 55.37962 -35.03317 
-4.93414 56.73902 -34.36596 
-2.904773 6.467988 11.28101 
-19.12387 31.42013 6.892843 
9.705521 47.45185 35.01982 
-6.567935 57.53463 -34.80229 
7.967871 58.30276 -34.85019 
-55.33979 58.88039 -34.59087 
-53.27997 59.3064 -35.20356 
-1.094612 6.884101 11.11942 
-52.43123 59.79083 -34.84169 
-0.582114 6.901628 11.15666 
-60.16197 59.91323 -34.61015 
-60.91897 61.11558 -34.26156 
32.25394 9.005079 11.03939 
7.045912 63.2813 -34.50699 
-51.30387 62.88954 -35.00128 
-20.04149 32.80533 7.014346 
-6.752532 63.74087 -34.19037 
-61.64108 65.68864 -34.52787 
31.07808 10.09713 11.81257 
3.524943 66.70286 -35.0994 
30.80951 10.12981 10.42463 
-49.91365 68.98092 -34.55462 
-1.684704 68.01838 -34.70345 
0.6396518 67.78755 -35.5014 
3.074483 67.91382 -34.28458 
-0.5874081 68.46943 -34.69685 
1.03837 68.46732 -34.53707 
18.3499 35.54064 6.316617 
-34.33207 12.56881 10.91748 
56.51579 69.35049 -34.83864 
29.0772 13.16107 10.95174 
55.68622 70.76801 -34.35649 
62.12602 70.83253 -35.23932 
-61.43817 71.55103 -35.90919 
-60.48914 73.36468 -36.32191 
19.89061 37.10345 6.6599 
62.6852 72.82845 -34.44274 
30.55297 -36.299 18.09782 
28.01626 13.93104 11.32719 
27.46904 14.99986 11.68564 
-51.69029 75.83997 -34.87108 
-59.02072 76.04916 -34.89655 
-5.81295 6.307283 19.71139 
-3.205859 -6.674146 46.19038 
-55.13635 76.5287 -33.54173 
54.61117 80.73408 -34.51336 
55.64497 80.84925 -34.21218 
0.9721341 5.88019 19.32392 
52.35725 82.87472 -34.47038 
54.38065 82.82163 -35.16589 
51.18705 84.39989 -36.03598 
2.331077 3.256667 29.17652 
54.33545 86.86852 -34.40722 
25.75151 16.72402 10.93147 
-1.568419 52.90056 -34.68011 
0.864831 54.01117 -35.13294 
-0.5122452 53.3231 -33.99603 
2.558513 54.72452 -33.67298 
-50.4556 56.67456 -34.02077 
-34.49072 6.448216 20.00972 
-52.70167 57.24899 -34.82582 
5.695318 57.43497 -34.66263 
-52.12283 58.38467 -34.96784 
-11.40953 22.72436 29.86538 
17.8794 -49.66701 10.71099 
-51.40555 59.54357 -33.22253 
-8.291581 59.57666 -33.54005 
8.790046 60.32005 -34.86238 
-61.33237 61.95481 -34.76629 
2.218971 69.75653 37.69419 
30.40166 -34.96417 17.11984 
7.099498 2.665482 17.86267 
-25.21294 41.98959 7.306772 
-25.34552 20.66956 12.93062 
4.308413 64.16284 -34.9545 
-29.4939 60.26743 17.61421 
4.259648 65.81781 -34.62783 
-3.189637 65.55262 -34.42186 
-61.63321 66.82023 -34.81349 
28.0341 10.71235 19.63339 
-2.857836 66.93935 -34.4841 
58.54253 67.15446 -33.44787 
26.54929 11.49082 19.64121 
-4.930201 69.07887 -34.51631 
-32.78378 11.90459 20.09837 
38.50373 -50.043 9.982722 
-22.21945 23.48803 11.95572 
-61.61493 69.16266 -34.10141 
61.8668 69.44951 -34.60323 
-49.80067 70.39712 -34.37276 
-61.02127 70.29429 -34.88859 
-6.315222 70.7885 -34.34873 
-5.119544 70.32715 -34.65659 
-4.878573 71.02252 -34.36541 
55.44401 71.67976 -34.23532 
-60.28298 72.27864 -34.19755 
56.10542 72.79803 -35.25014 
-27.09369 44.30169 6.91316 
17.2362 27.42847 19.99513 
-50.51697 74.42908 -34.67286 
62.17691 74.04678 -34.48108 
26.75387 60.29304 17.21326 
60.6013 76.3917 -34.84098 
30.95137 45.0091 7.469876 
60.13052 78.28719 -34.72994 
54.085 79.52693 -34.63185 
21.95041 14.64627 19.25001 
59.81657 79.42554 -34.80198 
-20.74849 28.3364 12.01866 
56.5842 81.70259 -34.87959 
54.55859 81.53678 -34.27511 
54.24995 82.35075 -34.71035 
-28.67702 46.03938 7.928192 
52.72475 87.78869 -35.12304 
-2.228033 53.63758 -33.74887 
2.131042 53.00444 -34.08664 
2.153781 54.36808 -34.36357 
3.709881 55.81873 -34.54088 
-50.85781 56.11008 -34.13402 
4.346179 56.31959 -33.90966 
-55.27436 56.69768 -33.71192 
5.835703 56.92966 -33.53788 
-11.98201 28.59462 30.03146 
-6.063313 57.57653 -33.89453 
7.024535 57.94055 -33.94614 
-54.50132 58.4776 -34.45182 
-6.97778 58.61199 -33.79476 
8.653595 59.27192 -34.46118 
-20.5191 35.5172 11.20322 
-57.39219 59.1945 -33.82964 
-22.49817 48.02508 27.73824 
-8.838462 61.65712 -32.74121 
8.463126 61.67455 -34.55716 
-8.419754 62.81928 -33.27732 
-22.04058 37.24158 10.43749 
7.714834 63.27659 -33.65226 
-61.15314 63.06197 -33.90555 
4.730634 64.50641 -33.95267 
-24.60752 18.30274 21.14959 
-3.638026 66.40326 -34.05488 
-4.195704 67.54906 -34.12634 
4.356333 68.21098 -33.46725 
-2.915534 68.245 -34.24333 
-3.411968 69.21295 -34.06382 
-11.16113 30.18851 30.63989 
-33.21332 48.19005 7.691668 
62.68834 69.67819 -33.80632 
-6.476764 70.36785 -34.04055 
-24.7328 41.71114 11.34404 
-60.32728 70.33438 -33.08699 
-6.939074 71.20319 -33.96902 
11.08064 29.00839 29.96163 
-5.95104 71.73375 -34.11772 
-21.84641 23.90468 19.97047 
63.5373 71.96365 -33.07452 
-6.960633 71.91051 -33.66051 
17.15101 24.32182 20.11045 
-49.52701 73.20138 -33.53007 
55.2486 73.28697 -33.80972 
-25.60842 42.20889 10.40899 
54.11406 74.98567 -34.04446 
-27.09012 43.14551 10.63296 
-51.65584 74.40987 -32.69723 
-59.87072 74.03504 -33.82827 
-52.85791 76.80878 -34.30472 
53.94751 77.16003 -34.23648 
-5.920408 73.87983 35.29822 
57.83927 81.27384 -33.51738 
55.73248 82.60382 -33.91776 
-22.67038 -32.55637 17.34674 
53.44738 87.19291 -33.47348 
0.7232504 52.51119 -33.07706 
1.654861 52.48167 -33.6388 
0.1211832 53.6659 -33.80795 
-3.972585 54.18457 -34.23206 
-2.843982 53.27652 -33.06021 
-4.250329 54.19105 -33.23651 
-51.81767 55.74587 -33.85509 
4.188224 55.5896 -33.24517 
0.49378 -5.031002 45.73571 
-49.85497 56.03248 -32.94433 
-54.22745 57.16951 -34.21321 
-50.17186 56.86874 -33.32618 
-6.605811 57.40955 -32.97362 
-55.79306 58.6222 -34.02823 
-39.66263 52.82952 7.511063 
-57.88636 59.5271 -33.48138 
-50.2873 61.20893 -33.71641 
8.668843 62.46463 -32.46989 
-50.21825 62.22026 -34.18045 
-48.77057 64.55852 -32.96477 
-4.084255 64.52161 -34.04867 
-49.34252 65.91183 -33.63766 
-19.68565 34.24902 18.06664 
35.32317 50.09105 11.05274 
-4.313669 66.79884 -32.96945 
4.408028 67.1377 -33.50702 
13.85365 10.80736 25.72312 
57.65448 67.50869 -33.48521 
-61.79549 67.9254 -33.78402 
-20.09751 36.54672 18.57019 
4.096907 69.21481 -33.17847 
5.722789 69.16169 -33.66986 
-18.50227 55.96606 34.95756 
-22.54185 11.17253 25.47885 
36.71784 51.41248 10.76674 
2.914969 69.04756 -33.76212 
7.131413 69.64833 -33.47208 
41.37154 54.39978 6.684187 
-6.542012 69.90817 -33.18879 
-1.40109 69.40749 -34.16498 
2.405086 69.63116 -33.29281 
-49.15484 70.42201 -32.84556 
-7.06705 70.32805 -32.81752 
-20.40591 38.72455 20.62497 
0.9244096 69.48734 -33.77427 
-12.87159 36.79988 29.3904 
-49.77264 71.3895 -33.29248 
-7.549637 71.34846 -33.27732 
-3.569035 71.49945 -33.08535 
-49.90565 72.12378 -34.60655 
-4.733527 71.99217 -33.5118 
40.79556 56.80191 7.509248 
-6.458525 72.43929 -33.28141 
-59.63216 72.70999 -32.86257 
-51.00856 73.93384 -32.91243 
-52.07665 75.76131 -32.9329 
-57.1018 76.7711 -33.8128 
-34.4352 53.8886 10.57648 
53.71716 79.14073 -33.07262 
59.27797 80.48364 -33.4363 
53.6483 80.3699 -33.73522 
55.55186 81.56113 -33.56091 
40.51687 59.57101 6.391243 
-39.5856 58.17575 7.428059 
51.06332 84.87037 -34.7339 
56.10588 83.92342 -33.63737 
16.26488 -53.09124 16.92493 
22.23287 42.29256 20.0925 
-25.66427 42.3803 19.18762 
-37.84558 61.445 7.057612 
-1.942354 71.91502 37.20711 
-25.34614 43.90121 20.178 
1.285178 52.0168 -32.2071 
2.166711 53.71165 -32.62494 
3.789323 54.499 -33.28739 
-53.42989 55.45661 -32.96041 
-50.70562 54.9679 -32.58502 
-55.01664 55.46781 -32.4855 
23.30803 44.31213 19.5767 
-40.49002 -32.43725 17.55392 
-4.58479 56.97219 -33.30132 
-56.59659 57.44829 -33.1422 
-51.37895 58.29241 -34.05903 
7.881454 58.61119 -32.65171 
-57.69361 58.87675 -32.98562 
-49.65409 63.53937 -33.50154 
8.542199 63.18313 -31.61745 
11.31083 48.2179 35.02382 
-15.18991 83.18001 18.86881 
-7.425076 63.83215 -32.95791 
5.005488 64.4812 -33.04727 
4.581275 66.44736 -33.30176 
24.23012 51.2271 19.32207 
14.47725 40.61192 30.75001 
-48.90327 67.2128 -33.60065 
-6.053678 68.51358 -33.25796 
6.604628 68.46796 -33.49722 
-61.3647 68.87991 -33.21248 
31.56872 -31.77553 16.95946 
-28.45624 55.35312 19.91892 
-2.627542 70.2319 -33.12821 
4.998103 70.09982 -33.23431 
15.90079 78.46606 25.09906 
-17.90835 11.0601 26.01321 
55.05267 70.80575 -32.29417 
-29.63673 58.20919 19.73534 
-49.78815 73.79069 -33.46451 
24.43353 68.81889 17.41905 
60.6097 75.66784 -33.91502 
-55.68649 75.91198 -32.78195 
-53.53456 76.50724 -33.04669 
-15.92487 56.45346 36.41852 
-17.42256 57.14731 34.95524 
61.08599 77.84068 -33.76502 
-23.06905 53.17081 27.99385 
15.51119 42.20564 29.77486 
51.97427 80.8633 -32.80562 
56.425 81.92626 -32.75637 
56.8343 83.07024 -31.83642 
56.1719 84.95277 -32.43967 
-39.28623 -34.38974 19.24904 
55.38546 86.03706 -33.06802 
-29.78478 60.20483 19.35386 
49.63733 88.73582 -33.29645 
49.28855 89.5743 -33.33361 
49.89231 89.72129 -33.04112 
-0.9218858 51.86692 -32.4663 
-29.76 61.57265 18.82307 
-0.05116708 52.62614 -32.84169 
-30.02995 66.23804 10.91944 
2.471522 53.82127 -31.89588 
-21.01025 10.75181 25.58545 
-51.96042 54.73291 -31.95926 
-56.34411 56.75302 -32.66416 
4.74424 56.40717 -33.14209 
6.668387 58.05595 -32.46431 
-51.02311 58.59737 -32.41319 
-6.728637 58.8295 -31.90669 
8.344051 59.34331 -31.02275 
-59.38521 60.18948 -32.94134 
-49.6356 60.5503 -33.08722 
-5.642164 4.385291 28.86875 
-19.36475 30.8511 19.8741 
-61.37006 64.73416 -33.11555 
-6.013072 64.55839 -32.72248 
-20.63673 45.22747 29.14345 
-19.40013 44.8138 29.91142 
-4.188099 65.90219 -32.62973 
-26.58324 73.05789 11.41135 
-6.690349 67.17609 -32.55612 
5.550677 67.56069 -33.10875 
-60.39671 69.1153 -32.45536 
56.42804 68.00228 -32.24429 
7.320297 68.92121 -32.07599 
22.05389 74.72891 11.14953 
55.81298 69.05938 -32.69095 
62.41194 69.08477 -33.41639 
3.565178 70.00298 -32.36544 
-26.23839 69.08409 20.31658 
-1.819941 70.88873 -32.54591 
15.24321 79.14849 24.52301 
13.42294 -35.16077 17.31354 
20.57261 76.83577 11.10712 
24.07085 70.63734 19.61198 
54.80611 72.21892 -31.89616 
-60.20856 71.45982 -33.00515 
-7.539444 72.65101 -32.36971 
18.7722 78.06325 10.85894 
-20.21127 79.36886 11.85474 
-23.97728 54.93215 27.62737 
18.4522 48.85179 29.86248 
-19.97379 79.43771 11.18971 
17.74446 80.6346 11.3408 
-20.92517 48.88112 29.94123 
16.54569 80.99178 11.67862 
52.29636 80.02969 -32.37864 
56.4994 81.14193 -33.18024 
52.40417 82.14527 -33.55367 
57.7515 81.19736 -32.5338 
51.71196 83.47175 -33.02556 
51.59113 84.67601 -32.62192 
-40.02864 55.00335 7.608179 
51.80907 86.2405 -32.64303 
54.83468 86.07301 -31.53757 
20.78205 75.81284 18.67117 
51.0925 88.53505 -32.01359 
48.84996 90.15746 -32.19397 
-2.232195 52.60147 -32.38475 
-49.34832 55.0265 -31.73012 
-20.52717 78.19343 20.62715 
-26.81421 71.79805 6.953797 
-25.86957 72.00809 17.10402 
19.13348 78.4595 20.28194 
-57.74364 57.14992 -32.42953 
4.396602 56.92171 -31.89983 
-25.12953 72.55016 7.19301 
-58.40554 57.58267 -32.23702 
-15.89881 57.78448 35.5811 
9.880136 86.51466 11.55001 
8.834769 60.22869 -31.72231 
-60.25426 63.67853 -31.78764 
-48.626 62.55793 -32.40443 
31.65232 -35.00945 18.85626 
-25.66751 72.61034 17.88415 
-47.82563 62.88859 -31.46946 
8.833386 87.9621 10.41823 
-6.989633 64.08874 -31.41691 
21.85339 73.31042 6.810704 
6.822753 64.08765 -31.84505 
23.23592 72.67407 6.930489 
-6.444779 64.95763 -32.01921 
-4.22106 65.09222 -33.04121 
-61.15596 66.48267 -33.25704 
5.362777 66.07667 -31.66521 
-60.34133 67.7643 -32.19928 
-47.82721 66.72598 -32.53149 
21.22463 73.82978 6.79293 
-7.746709 68.31317 -32.07212 
59.01836 67.19803 -31.98485 
16.75021 80.61124 20.71922 
-18.26149 13.27905 25.61015 
-48.34144 69.01498 -32.34837 
62.78249 69.45929 -32.57239 
8.48386 70.63798 -31.86394 
-47.94158 69.95984 -32.42494 
4.996058 16.04896 28.64295 
-32.81075 -52.67046 18.3191 
3.26051 70.2748 -31.9811 
-23.03 74.4796 5.965561 
-1.250819 66.01288 38.70885 
0.2071007 71.40953 -31.11543 
7.783279 70.87809 -32.61949 
-59.45903 72.7177 -32.30005 
6.336379 70.79634 -33.13745 
-15.78686 82.88702 20.24026 
7.271281 72.00428 -31.7264 
33.99661 -53.94179 12.48178 
-49.6265 71.63352 -32.28014 
-13.97632 83.18238 20.18589 
-4.803292 72.64297 -32.56712 
23.17639 71.9571 17.58673 
13.14499 83.64697 19.61098 
-57.70972 75.49608 -32.88311 
-54.87009 75.52309 -32.23066 
-53.27328 76.25144 -32.45383 
-15.43536 59.27347 36.39351 
53.33805 76.36163 -32.89956 
61.15052 75.2897 -32.38245 
53.30654 77.9999 -32.24829 
-15.95485 23.16426 26.37823 
60.52539 79.31575 -32.88316 
59.63994 80.45155 -32.25771 
58.56372 80.98927 -31.81866 
56.89803 81.86906 -32.33386 
-20.62974 78.3919 8.170335 
12.91266 51.17889 34.78331 
-49.58859 -52.92996 11.64749 
51.43013 83.42466 -32.0174 
51.62505 84.99109 -31.51744 
9.980038 85.04118 21.52209 
50.38895 87.50118 -32.2505 
16.51616 79.55468 6.461481 
48.56026 89.18932 -32.43066 
51.06366 89.53993 -31.62951 
49.55648 90.46647 -32.11827 
9.128782 54.67876 37.55853 
-1.520128 51.908 -32.34289 
2.027457 52.57137 -31.77845 
-3.676131 52.99897 -32.16005 
4.111829 53.90079 -32.25266 
4.322356 54.78693 -33.03164 
-55.97903 55.68849 -31.63497 
-49.08778 55.95879 -31.39071 
-22.35801 57.9214 31.26463 
-5.735307 56.06346 -32.03854 
23.47753 -53.01257 11.15328 
-57.01834 56.0823 -31.58925 
-58.86963 57.96389 -31.22175 
7.197974 58.63653 -31.4109 
-50.42435 58.01727 -31.53436 
-58.77049 59.07937 -32.20921 
-50.00168 59.30227 -31.99656 
-59.84491 58.96449 -31.49404 
-48.9779 60.21348 -31.70258 
-49.11097 61.73148 -32.39311 
8.877059 62.34878 -30.24869 
2.910203 82.91833 29.23495 
-47.67147 65.26638 -31.84251 
-6.523257 66.0129 -31.60099 
-5.417907 66.1474 -32.04725 
6.763831 67.90223 -31.99306 
-8.11313 68.81894 -31.48138 
18.00395 -52.78913 11.56184 
61.38747 68.47366 -32.38968 
-3.694816 88.07839 20.55299 
-47.01841 69.89634 -31.99545 
-45.63676 70.27547 -31.72576 
-47.05375 70.52541 -31.97481 
-17.56212 59.2279 35.41283 
14.31705 83.02029 7.172054 
-49.70412 -52.05608 11.51357 
4.68854 71.2439 -32.26712 
3.234713 4.826674 29.98246 
-50.13166 -49.66183 11.04804 
5.958323 71.90102 -31.99267 
-5.5432 -10.34921 57.66005 
-3.050617 72.35879 -31.08839 
-50.66771 72.96117 -32.03389 
-6.276496 73.03353 -31.59337 
-4.723563 72.9628 -31.19997 
-22.29882 64.02166 30.2489 
62.60435 73.95375 -32.29711 
-58.47367 74.12514 -32.21765 
53.89505 73.0401 -31.13363 
14.11002 83.5642 7.573054 
29.27568 -53.67712 19.99206 
-55.85342 74.96028 -31.19736 
-54.06636 74.5946 -31.27576 
-4.303635 -3.458512 38.36325 
61.15904 77.63286 -32.41238 
60.75079 78.80309 -31.85497 
-36.36153 -53.25164 19.84532 
57.98298 81.40977 -31.85402 
-28.18613 -53.19131 20.48362 
35.73203 -47.66053 11.46354 
-25.08264 58.17862 27.39876 
-1.737453 51.12708 -31.49236 
-2.794699 51.72866 -31.40942 
24.56714 43.88902 10.82698 
3.824548 53.34169 -30.86205 
-53.42971 54.03493 -31.13389 
3.995449 55.96214 -32.01991 
-5.631756 55.00716 -30.91619 
-4.332396 56.285 -32.45016 
19.40481 66.06758 30.00975 
30.91689 -53.08397 20.03756 
18.72636 -47.15954 11.14855 
-6.05797 55.6344 -31.11341 
-6.37969 56.40606 -32.0346 
34.34261 -46.76499 11.75438 
-6.307019 57.75039 -30.9512 
6.19008 57.08884 -30.86232 
-30.69158 -52.68569 20.63242 
-7.627275 59.87379 -31.53022 
-48.18354 60.41496 -31.10641 
-48.18876 -46.235 11.13971 
-60.54635 59.84332 -31.09138 
14.34796 -52.66613 19.66974 
-59.77154 61.10533 -32.38015 
-60.72227 61.1035 -30.58928 
-47.42212 61.39214 -30.4878 
-4.186069 0.3042148 44.99157 
-47.36005 64.23537 -31.53936 
17.11379 -52.87587 20.45615 
-60.22212 64.92739 -31.13372 
21.63243 -52.76234 18.47062 
-46.94736 65.99339 -30.90861 
-47.04518 -45.91106 11.76147 
-7.380062 66.63953 -31.00654 
-16.19003 60.21754 36.10427 
-26.91935 -46.13287 10.89306 
5.488755 66.46413 -31.65796 
57.49186 67.33138 -31.99495 
-59.57898 68.67253 -30.42155 
-9.642896 88.11893 7.683288 
32.56732 -46.14162 11.68085 
18.06048 35.65298 19.09834 
-22.46801 -27.58678 16.59235 
8.368938 68.50105 -30.93215 
-17.81694 15.20843 25.62773 
-25.73051 60.06769 27.17022 
-47.59259 69.06892 -31.42444 
18.90146 68.17237 29.96355 
-43.86602 69.5247 -30.04703 
62.72809 69.56042 -31.50137 
8.306197 69.87388 -30.91113 
-8.625535 69.89263 -29.73878 
30.09372 -51.13943 20.72025 
2.989136 70.9081 -31.22752 
-59.20921 72.47659 -30.95355 
19.79519 -44.71668 11.61919 
54.67248 71.71246 -31.38352 
63.32734 71.1666 -31.74497 
30.67675 -49.60691 19.89928 
-8.441803 72.45557 -30.92271 
-52.60218 74.00468 -31.39364 
-22.44481 -24.79449 16.47572 
61.57996 75.12711 -31.64568 
29.91102 -48.56885 20.41129 
53.08316 77.00126 -31.17325 
62.03831 76.75156 -31.36264 
-17.84922 17.73372 25.29867 
61.98232 77.06853 -30.84007 
-6.046025 90.19091 9.281022 
27.22343 -43.97141 11.14258 
51.62859 80.63132 -31.78098 
51.13786 82.43752 -31.6595 
57.9588 82.37333 -31.17203 
56.74653 83.9891 -31.01485 
-40.37069 58.25751 6.216809 
16.44883 70.67184 30.22249 
50.97902 86.7858 -31.67069 
49.09286 88.9791 -30.12213 
-18.87507 94.58375 -31.33501 
1.000801 51.36385 -31.61512 
2.813576 51.62841 -30.34414 
2.299447 51.96711 -31.24919 
-18.36929 71.97829 29.9304 
23.48204 -43.12573 11.75545 
25.53363 45.70505 10.63404 
-51.02264 54.14159 -30.86728 
-4.205458 54.49561 -31.25762 
-54.84853 54.3059 -30.50496 
-48.33358 54.62604 -30.52978 
-4.132926 55.10734 -31.48416 
20.06293 49.93511 29.37574 
14.34074 -45.29475 20.20733 
-57.85276 56.73708 -31.43585 
-38.92704 -44.95429 19.10013 
-26.01339 -41.00296 11.11529 
-7.296353 60.95832 -30.08276 
28.5696 -44.10633 20.01074 
-24.95875 -39.64466 11.0949 
-8.748397 60.8768 -31.94127 
-8.712317 62.8909 -30.63795 
-31.77327 -53.73663 8.735819 
7.2334 64.61334 -30.81379 
6.008031 64.71718 -31.67208 
7.45029 66.22157 -30.30009 
19.04895 78.4811 16.92666 
-60.06868 66.5423 -30.73563 
59.8239 66.9711 -30.70461 
7.731938 67.36275 -31.17947 
-8.022747 67.77133 -30.76537 
-27.87269 -9.871302 17.75451 
-15.26629 74.34961 29.92033 
-46.74583 68.92054 -30.81258 
-45.98803 69.45439 -31.66469 
-37.76261 -41.71635 19.48764 
-43.94755 70.11676 -30.19294 
-59.72358 70.37329 -31.35049 
-7.999095 71.15775 -31.79496 
2.354239 72.31063 -29.97878 
-21.61259 76.0808 7.413086 
-1.376683 72.15462 -30.6896 
23.73056 -36.17758 11.77845 
8.352613 71.89645 -31.05062 
-50.28402 72.37203 -31.49916 
-48.4922 72.10076 -31.19713 
38.87999 -53.80114 7.798181 
63.10053 72.45644 -30.98025 
-15.59489 75.3217 29.45301 
-51.64186 73.1759 -31.25845 
19.1809 -36.39199 11.77936 
23.64063 -35.40516 11.4285 
53.17402 75.00468 -31.31404 
-56.60433 74.76703 -31.26018 
29.95585 -39.99675 20.48856 
-49.89425 -53.09357 7.804727 
-24.71018 -39.57768 19.98539 
13.43197 75.79976 30.64533 
51.19273 79.6541 -30.98612 
58.60051 80.49641 -30.87201 
59.611 80.01986 -31.02773 
51.34513 81.70161 -30.99712 
58.21273 81.09988 -30.7953 
-46.35624 -53.28049 7.569038 
53.24152 85.36169 -30.38265 
51.30536 85.56075 -30.42584 
-3.963775 43.92015 34.76497 
-36.69723 -39.22345 20.03584 
49.34439 87.24667 -31.18234 
52.37653 87.16253 -30.07243 
14.01464 -38.22768 18.63439 
-14.91772 90.15305 -30.77768 
-40.4613 -35.22355 11.37751 
-22.67542 -34.38065 11.81082 
-16.55964 92.16096 -30.9725 
17.41892 -35.0944 11.33156 
-17.49659 92.95177 -30.85079 
-19.5169 94.48116 -30.95751 
17.01025 -33.89366 10.92025 
-20.2605 95.46197 -31.46523 
-24.6297 -36.48864 19.6863 
-38.70032 -36.17395 20.07893 
17.926 79.72506 16.90169 
-1.069258 51.13136 -30.73399 
-1.419872 -6.658346 46.3309 
0.009197908 51.04897 -31.21157 
-3.937134 51.81437 -30.48771 
-3.550865 52.54237 -31.58099 
3.670938 52.29951 -30.35402 
13.34817 -36.68136 20.20234 
-49.22604 53.69031 -30.30351 
-4.947735 52.76551 -30.38256 
4.302894 53.9733 -30.66534 
4.768717 17.43169 29.00464 
-57.1987 55.65329 -30.682 
-55.97842 54.28407 -29.99545 
-24.39224 -35.17954 19.96127 
4.079879 55.8854 -30.68531 
22.2765 -53.1892 8.085014 
-38.90045 -34.42001 19.80237 
6.773989 58.12211 -31.37516 
-60.01472 58.4301 -30.48394 
-49.25109 57.69475 -29.98866 
-17.50007 19.04298 25.90766 
31.84444 -33.63576 19.01144 
-49.23131 58.70185 -31.075 
-48.35374 58.96616 -30.19111 
-7.156068 58.86278 -30.457 
-47.68373 58.90038 -29.47873 
8.570157 60.68249 -29.73391 
-8.666122 61.85961 -30.19915 
-16.04842 24.36701 26.59473 
-40.26311 -31.9272 11.3017 
-21.34726 -31.11207 11.48647 
-17.5582 40.32985 27.15002 
56.17084 66.84171 -30.53557 
58.88696 66.66637 -30.7594 
13.85634 -31.04722 12.29707 
7.585775 83.73796 24.33163 
-47.10046 67.61302 -30.69403 
54.97985 67.74868 -30.36094 
-46.79382 68.00434 -30.17598 
61.33613 67.93812 -31.12368 
8.89427 68.85999 -29.85666 
63.34975 69.83669 -30.3579 
-38.96794 -30.9681 20.28064 
-9.092409 79.86338 30.28709 
13.59204 -29.96844 11.52805 
-17.79067 20.41241 25.39119 
8.664862 70.25443 -29.7996 
-44.96673 70.91056 -30.4957 
63.54129 70.4922 -30.34005 
-8.034101 71.82542 -32.46701 
3.706971 71.24929 -31.0128 
-47.23648 72.591 -30.10506 
13.25199 -28.74499 11.6257 
4.559516 72.72888 -29.65117 
15.40521 81.84524 17.97222 
-20.72001 -28.10295 10.34652 
-42.31075 -52.78937 6.902751 
-0.2378123 72.42104 -30.32166 
6.002738 73.25809 -28.99742 
-2.522381 72.90012 -30.62916 
-58.66453 73.40434 -30.94538 
-5.669851 73.43979 -30.10159 
1.561857 73.89445 -30.47581 
12.64024 -30.17153 19.67159 
-41.92908 -25.81203 11.91461 
-52.85199 73.70604 -30.91165 
-56.08588 73.5152 -29.76704 
-29.88374 -52.19988 8.5934 
-20.67293 -26.1042 10.89629 
62.07657 75.69172 -30.22149 
60.84431 78.96543 -30.78415 
51.47143 83.23026 -30.15892 
56.07814 84.89281 -30.28729 
-6.524927 -4.037546 52.38105 
-11.8117 86.55942 -30.31294 
19.86057 -53.40799 30.08245 
-39.49148 -28.92368 19.86577 
41.33344 55.25526 6.609107 
-11.71005 87.45327 -30.65374 
-12.34968 87.44478 -30.72078 
-13.52544 88.26656 -30.41933 
3.887582 81.7885 30.15917 
-11.43991 88.41967 -30.2919 
-14.55311 89.44928 -30.3477 
-13.99655 89.31837 -30.8469 
49.85714 90.00469 -30.49311 
-14.33407 90.30321 -30.8239 
-12.9183 90.99721 -30.40613 
-15.50949 90.68314 -30.26819 
-17.07594 92.40773 -30.42395 
-16.80777 92.97933 -31.07112 
-22.85127 -24.30019 17.44263 
-16.6749 82.64519 17.14855 
-22.74545 50.27599 27.93337 
-17.79726 95.98375 -30.46083 
-21.44012 96.098 -31.28633 
-19.26464 96.86911 -29.79028 
-2.801855 51.39934 -30.77237 
13.76429 -22.38075 11.16203 
4.420068 52.97268 -29.69383 
40.23205 -51.4911 7.531734 
-5.719955 54.0441 -29.66048 
14.53763 83.46459 17.84686 
-5.759496 54.45813 -30.30072 
-39.99961 -25.23114 19.45954 
5.737813 56.48415 -29.9877 
-59.84091 57.60109 -30.01891 
-9.822679 84.01987 25.15849 
-49.58783 57.30424 -30.32746 
33.18139 -19.68942 11.66581 
33.26283 -50.7472 8.104612 
6.035658 58.38167 -30.03485 
6.440332 59.42503 -29.93031 
-60.703 59.45203 -29.96538 
7.676011 59.68798 -29.97116 
-41.75008 -19.87949 11.7088 
-25.28799 -23.70126 19.89939 
-61.43872 62.03128 -30.13995 
-8.931767 62.31312 -29.66486 
-60.30049 63.48223 -30.98286 
-7.967766 63.50024 -30.98183 
7.894917 64.04591 -30.16762 
-60.46576 65.27839 -30.41397 
16.42866 -17.5165 11.55048 
-7.862446 65.86674 -30.72238 
6.900159 65.78586 -30.67203 
-39.19925 -24.03341 20.25196 
-46.09086 66.2356 -29.80568 
32.39553 -16.22217 12.1949 
-41.68553 -16.64025 11.25969 
-23.58823 -16.45071 11.58228 
-25.71391 -22.45932 19.95726 
8.868978 71.37038 -30.18033 
-46.5125 71.39029 -30.65403 
-7.079548 84.55222 24.88552 
3.986127 72.6489 -29.5784 
12.54182 -23.87749 16.26142 
-4.416296 -6.271429 46.53085 
-58.42612 72.96571 -30.25461 
-57.3459 73.82361 -30.84367 
18.75355 -48.88651 9.55634 
-50.02215 73.70445 -29.97829 
-7.831198 73.1175 -30.26493 
-54.07015 73.82729 -30.31245 
-51.88918 73.64888 -30.33907 
-5.588066 73.97445 -29.75091 
-4.204958 73.28381 -30.4295 
-4.452621 74.59482 -30.41035 
18.23087 -53.01589 31.3961 
-2.793782 74.42159 -30.71614 
-4.524159 75.50631 -30.10722 
52.83405 75.28336 -29.55386 
61.95607 74.4698 -30.56559 
-23.90629 -11.96052 11.7816 
-27.38381 -20.5379 20.23335 
62.18919 76.26792 -29.36269 
21.64816 -53.01735 29.73093 
51.68454 78.35126 -30.87429 
50.93863 80.18619 -30.11438 
58.4874 80.73871 -30.15954 
31.45855 -11.91742 11.99345 
-50.11943 -47.76334 6.013188 
-22.74437 -11.54532 11.27509 
50.9599 85.30756 -30.10726 
14.26868 -52.07662 30.55598 
-24.30256 -52.93111 17.3413 
-10.89757 86.07733 -30.2744 
2.396846 2.104516 36.99367 
-20.75345 -10.89138 11.53699 
49.68719 85.88821 -29.99745 
48.79651 87.87794 -30.55338 
-5.672846 -4.809398 46.67602 
52.20148 88.54545 -29.8681 
-39.4393 -10.27761 10.9993 
-18.2377 93.49854 -29.84111 
32.03946 -48.30716 7.743251 
-18.09207 54.12022 34.98186 
-19.57317 94.19976 -29.77391 
-21.74069 95.45001 -31.0374 
-3.962182 57.68083 39.33661 
-16.5038 95.33221 -30.2977 
-21.97691 96.42048 -30.35168 
13.98813 -9.169004 12.36803 
-17.42846 96.52553 -29.6428 
19.88383 38.96757 18.64778 
-4.81705 52.90774 -29.67905 
-3.333498 52.39081 -29.57943 
-14.85337 25.41452 27.41051 
-48.91999 -47.3102 7.984673 
-57.46303 54.70195 -29.40643 
-16.99004 24.61829 25.61663 
-48.40155 55.44341 -30.30507 
5.57686 55.57088 -29.25101 
-58.36512 56.47637 -29.87557 
14.37545 24.46266 25.4388 
12.9585 -7.512937 12.48232 
-46.57301 60.58362 -29.53489 
6.79686 59.79752 -29.28712 
-38.93888 -6.085424 12.26822 
-7.463099 60.5399 -29.50253 
7.341128 60.70621 -29.1029 
29.40952 46.73076 10.58151 
-61.60072 64.79711 -29.47991 
-9.103092 65.67653 -29.59703 
-8.116902 64.60833 -30.27348 
57.04442 66.00618 -29.33637 
58.93056 65.70438 -29.54472 
-16.80083 26.10382 25.83971 
55.11239 65.80188 -29.46865 
-39.37098 -4.072487 11.7462 
8.495854 67.49831 -30.15101 
-59.90031 67.58089 -29.89175 
-46.22126 68.54147 -29.52736 
-44.83561 69.05182 -30.3171 
-10.509 87.0375 18.42231 
-13.72175 -4.265868 11.47391 
-8.694462 70.83919 -29.46146 
-44.85102 71.43459 -29.02651 
-44.05827 70.91204 -29.34144 
-33.01333 -16.61734 19.86137 
-58.21547 71.85434 -29.25867 
8.689566 86.97447 17.416 
-46.35542 72.7685 -28.77094 
18.11117 -17.65678 20.06993 
2.657047 -1.599564 39.05973 
-13.30113 -3.343765 11.31897 
7.477917 72.67206 -30.21161 
-29.35716 -46.45207 8.655675 
-12.54304 -2.332651 11.91345 
-34.21105 -16.63594 20.02436 
63.31187 73.04196 -29.68793 
-53.62551 74.30579 -28.69603 
34.46685 -2.992654 11.59759 
3.494868 74.26988 -30.13356 
-5.677853 84.97559 24.34985 
0.1107936 75.27476 -29.79665 
2.478401 75.2636 -29.85337 
19.30483 -16.07908 19.39038 
61.53156 77.51117 -29.19108 
60.08525 79.42065 -29.33579 
59.15102 80.20413 -28.94879 
58.14149 82.12092 -30.05147 
57.73681 83.42578 -30.27326 
20.87726 -15.39611 20.00707 
50.87287 83.76234 -28.86106 
-44.83666 -45.19073 7.558036 
34.51014 -0.8551403 11.01813 
55.12633 85.21967 -29.65508 
18.16039 -46.97519 30.93533 
-30.11501 -44.94988 8.032342 
-12.05997 86.63977 -29.73119 
-5.884185 -0.9083201 41.45179 
22.10888 -39.17728 30.10537 
51.07183 89.71812 -30.44499 
-14.67341 90.25566 -29.3674 
-10.32568 89.09412 -29.87369 
-15.98668 91.70604 -29.34366 
-12.00025 91.38377 -29.82926 
-14.14082 92.6248 -30.41387 
21.28591 -38.81376 30.50119 
-22.62856 95.74075 -30.10484 
19.4656 70.29517 27.2174 
1.174003 51.66582 -29.45916 
-51.67405 52.74275 -28.77387 
-45.7891 -44.85947 7.712949 
23.43249 -15.53955 20.09284 
-3.841221 52.82004 -28.8157 
5.042047 54.27888 -28.86823 
5.141588 54.68599 -29.40663 
22.62457 -38.43811 30.32636 
-58.37685 55.3497 -28.65013 
-39.40057 2.768123 12.43509 
-7.00144 3.949297 11.26145 
-6.729208 56.32988 -29.34216 
-59.60799 56.90022 -29.12293 
-48.26094 57.09472 -28.78584 
6.140047 57.34348 -29.36766 
1.044657 -3.625757 45.77085 
-6.095931 -3.690404 47.08995 
20.94481 -13.44591 19.90318 
20.86565 -11.46993 19.64952 
6.331293 59.00533 -29.26205 
-31.3159 -44.80959 7.429023 
11.99715 -3.687236 18.48424 
-7.530176 61.68855 -29.42221 
-61.47734 63.07122 -29.3325 
-46.56551 62.61208 -29.99081 
-8.992321 63.47923 -29.8724 
8.578506 63.75159 -28.57808 
4.71696 87.70863 16.74485 
23.56073 -38.59394 30.13634 
13.76995 -21.97425 16.42525 
-45.7331 65.28368 -28.9958 
20.13899 -38.0426 30.40755 
8.181053 65.40739 -29.38787 
55.68509 65.70576 -29.39409 
25.3766 -44.69885 8.435232 
59.73202 65.68002 -28.50784 
-8.673593 67.78918 -29.901 
23.0799 -12.32568 20.07593 
-4.221303 5.82711 11.8978 
-59.43945 69.49247 -29.67891 
-43.49628 -44.82338 7.534668 
53.96164 69.40067 -29.50878 
63.12493 70.53518 -28.67893 
-58.834 71.12025 -28.45758 
22.51366 -10.7607 19.70758 
-0.008440418 6.550895 11.32494 
-9.020339 72.06776 -29.91149 
22.39339 -44.88582 7.688341 
63.40596 71.55982 -29.96216 
20.98704 -35.90308 30.02934 
23.70655 -44.67258 7.599336 
-55.88308 73.53921 -29.31404 
20.81893 -10.41032 19.95332 
-8.615765 73.284 -29.0465 
22.25442 -37.03393 30.44206 
5.284842 73.36445 -29.03837 
22.21004 -9.586461 20.24667 
-6.939444 73.81485 -29.23895 
-51.72922 74.07387 -29.37096 
-7.225063 74.46769 -28.97581 
-8.389912 75.45083 -28.62234 
31.78534 -46.5425 10.60546 
-2.763863 -0.9208046 30.4219 
22.79448 -8.329326 20.34798 
-6.17471 75.22802 -29.78712 
33.42234 5.853885 12.36663 
2.001338 76.67936 -28.50675 
-3.420021 76.17885 -29.41071 
51.89437 76.12244 -28.84875 
33.13713 -21.17602 17.05347 
-5.704374 -1.615646 45.9151 
51.06668 79.54638 -27.84499 
58.78662 81.26256 -28.87759 
57.08024 84.29987 -29.17461 
11.33305 84.43186 -29.32726 
11.79734 84.04944 -29.07789 
-10.5203 85.68979 -29.9299 
-32.80692 -43.89359 7.339233 
12.38004 85.59226 -29.35622 
-5.856516 43.38153 34.72485 
53.49389 85.31204 -28.80452 
30.77829 11.71409 12.03177 
12.02425 86.02376 -29.43089 
-10.42015 87.26853 -29.87036 
-5.17239 88.39486 17.87432 
53.12048 86.71598 -28.52197 
12.70472 87.22488 -29.43086 
13.3845 87.30313 -29.1753 
-13.20498 88.77823 -28.48539 
-34.40152 -42.94324 7.203009 
-13.05444 87.72086 -29.98278 
14.24945 26.07276 26.78308 
13.53242 88.77181 -29.31664 
14.00371 88.37985 -29.35177 
14.57541 89.30511 -29.25912 
-32.25628 14.28856 11.52703 
16.95029 -7.480265 19.74203 
-5.259262 47.15482 37.97895 
-3.472845 1.414706 29.39443 
13.43514 -47.52423 27.39505 
-27.82598 -6.000381 20.0453 
15.73365 92.04678 -28.96553 
-31.06745 -39.85321 7.414985 
16.27039 91.8958 -28.99542 
-12.18208 93.60934 -28.22252 
17.35764 92.76958 -29.11263 
2.419915 1.642522 30.35596 
-19.46818 93.63745 -28.59193 
0.8087368 -3.11771 46.99819 
-28.90624 -6.43344 19.85578 
-22.684 95.0337 -28.96947 
-22.39999 96.04691 -29.4411 
-28.35574 16.9466 12.09764 
-20.5149 97.08086 -29.14668 
23.70021 17.38681 12.62032 
0.1663732 51.57376 -28.8374 
-27.02424 17.87147 11.29959 
-31.1743 -5.827168 19.64615 
2.928743 52.07831 -29.47254 
22.3339 18.27097 11.96633 
-52.96752 53.63258 -29.9241 
23.66303 17.67072 11.49504 
-53.97562 53.76007 -29.25175 
-47.481 54.30611 -28.69881 
-57.21737 54.39893 -27.74017 
-5.569731 3.823402 30.15148 
-2.088083 86.05143 25.24442 
-2.127507 89.15588 17.8362 
-34.55843 -40.19249 8.038848 
-32.81873 -39.46429 7.410408 
-60.66715 58.32833 -29.31273 
-7.784946 59.0369 -28.90214 
-46.72336 59.13349 -28.74459 
-8.411482 61.2981 -28.1172 
-61.93925 60.99724 -28.56153 
-10.15843 63.00581 -28.64367 
-23.94311 22.02908 10.77357 
-5.679281 8.356187 29.4226 
-61.28808 66.715 -28.96833 
53.74556 67.46744 -28.69596 
-35.37786 -39.52151 7.599349 
-45.51972 67.90761 -28.27244 
8.942849 68.6037 -29.10145 
60.94474 67.24049 -28.73627 
-60.70191 67.84561 -28.52139 
0.0887759 89.39562 17.49011 
-60.55392 68.9922 -28.41745 
-45.28693 68.45446 -28.76598 
-34.339 -38.92057 7.420584 
62.55234 69.05116 -29.45196 
-9.503929 69.76318 -28.85644 
3.095955 8.982811 29.83938 
1.832662 9.727285 31.10413 
-57.78646 72.55536 -29.42019 
-52.94182 73.77296 -29.27978 
5.150365 74.49381 -29.31679 
-30.66442 -4.609445 20.02913 
4.45549 75.19827 -29.38983 
-4.02481 11.65945 30.54092 
-7.34971 76.33866 -28.82074 
51.13447 76.52023 -27.80916 
-0.08889034 76.97626 -27.57632 
50.94725 78.40669 -29.00935 
-4.788355 77.24502 -28.67972 
59.3173 79.51668 -28.12165 
-28.14843 -38.49689 7.467811 
11.018 83.34381 -29.26201 
-36.21837 -38.58374 7.081891 
-9.993668 84.17243 -28.81547 
28.66296 -2.629429 19.74555 
-20.06141 33.44204 11.47786 
-18.06354 75.10487 27.77381 
55.86736 85.09114 -28.37942 
-9.213742 85.47477 -28.92015 
49.1716 86.34467 -29.21704 
-12.67689 66.50541 36.19531 
15.64115 32.66222 25.38236 
19.06511 35.50741 11.60429 
19.50463 -32.26485 28.53345 
12.54829 85.72532 -28.58497 
48.89277 87.52385 -29.41127 
-9.781859 88.47951 -29.53809 
-41.22003 -20.09029 16.55606 
49.28107 87.97634 -28.54176 
3.271838 10.83473 29.1842 
15.02785 89.50072 -28.61797 
51.17627 88.89001 -28.55811 
-4.431879 48.22572 38.26287 
19.85909 36.98757 12.58029 
-9.852492 89.96375 -28.57878 
14.26148 89.77558 -29.20989 
2.426994 86.00496 24.90123 
16.13087 91.21689 -29.10994 
-11.0863 92.54749 -27.69548 
-17.26193 92.82955 -29.39034 
-26.98718 -36.0781 7.071385 
-5.664224 10.36385 29.2852 
18.05247 93.92239 -28.92133 
-21.3245 94.06676 -28.64683 
-1.252772 -7.18626 53.34009 
18.84388 94.40193 -28.83892 
-22.46138 94.58676 -29.00542 
-14.12954 95.13079 -28.5908 
23.44789 41.1843 11.23402 
-17.12066 96.86555 -28.14627 
2.086818 47.64657 37.9454 
-50.44134 52.60197 -27.73837 
-50.15905 53.08368 -28.92634 
-48.66175 53.10506 -28.56273 
2.297166 52.75867 -28.24044 
-25.99522 -49.57718 25.74184 
-47.85002 53.81255 -28.96846 
3.020624 53.62319 -27.69702 
-59.21783 55.58287 -28.11802 
-48.36859 56.27625 -28.72608 
-27.56708 44.55411 11.26661 
-27.775 46.40914 11.27086 
7.221886 59.07076 -28.16113 
-8.163174 59.70839 -27.94371 
6.866522 60.3522 -28.69436 
0.5867692 15.79441 30.00602 
1.733422 16.03327 30.18204 
27.77831 47.68363 12.05659 
8.641871 62.2449 -28.36387 
30.94453 1.36785 18.8993 
-10.0121 62.53292 -27.88784 
-45.40852 62.87123 -28.53882 
31.35542 -45.86732 9.503213 
-61.76416 63.9481 -28.67219 
-3.484756 16.54406 30.38448 
-44.8513 63.65921 -27.5482 
-11.26232 64.31463 -28.18859 
8.706691 64.55429 -28.12837 
-61.7084 65.6501 -28.01179 
-61.30102 66.8774 -27.76918 
1.101757 16.50796 30.44417 
22.5705 42.85547 18.48478 
-43.47343 69.02933 -28.64573 
11.95266 68.23421 35.27117 
-43.37583 69.79572 -28.21072 
26.83626 -31.26946 7.332191 
-28.5619 48.03816 11.46743 
53.42926 71.78522 -29.53351 
-1.023784 16.72164 30.52624 
6.799706 73.56556 -28.00946 
0.3968686 17.06586 30.45854 
62.55933 73.8059 -28.62347 
-52.31875 73.9947 -27.54879 
24.62224 -31.96481 7.925501 
-8.936646 74.11976 -27.6896 
2.3011 16.72784 30.13944 
7.066089 75.74585 -28.07056 
6.60372 3.033293 19.70689 
-7.88784 77.4362 -27.83946 
-1.908207 76.69957 -29.04049 
-22.04725 53.0532 29.55816 
51.00293 78.09197 -27.98642 
-32.42761 52.75159 11.55921 
-29.63561 -52.72866 25.63603 
-3.061594 17.2359 30.50252 
-11.1145 85.05412 -29.27592 
49.884 83.902 -27.91992 
11.93097 84.1672 -28.31859 
-16.34052 76.0432 27.60053 
-10.30961 3.64501 20.4019 
11.10033 85.8315 -28.72602 
4.446501 4.100995 19.99478 
-12.02476 87.04867 -28.28572 
-8.765399 88.03346 -28.33673 
-7.444063 5.473254 20.18116 
52.73856 87.8206 -28.58444 
13.05389 87.61509 -27.53316 
49.97562 88.16625 -27.7836 
-2.225367 18.192 30.32266 
0.6354839 17.90972 30.17899 
13.46393 89.89812 -28.44429 
5.910893 73.08374 35.79295 
-26.06113 43.27132 18.79927 
16.66483 91.75014 -28.57552 
15.3396 77.63488 27.44646 
-17.76228 92.62257 -28.01314 
25.6363 -52.98431 16.70263 
36.89831 56.74106 11.18966 
-22.16601 93.78428 -27.86567 
19.67267 94.44489 -28.24891 
-32.25727 55.87041 11.84817 
27.94165 14.16387 10.34635 
21.11431 -29.90979 6.97172 
-21.59701 96.25786 -28.19816 
-0.1906436 5.779268 20.59632 
-0.7490619 51.6371 -28.89082 
0.1006185 52.59425 -26.79119 
-52.91489 52.8279 -27.96491 
-48.92103 52.04963 -26.95795 
-47.76192 52.28826 -27.48019 
-4.83272 6.541607 20.20583 
1.031668 52.65934 -26.9856 
-55.52515 53.80428 -28.61278 
36.44631 47.82365 9.300063 
-4.882996 53.62083 -28.68095 
5.879599 55.97614 -28.03821 
-34.30666 7.737424 20.44207 
-41.01497 -30.49118 7.761755 
-48.09207 56.59893 -28.24124 
-46.666 57.99172 -28.348 
32.854 -53.27208 18.12807 
-7.032655 57.17188 -28.60699 
-61.14487 59.74009 -28.61969 
6.72728 57.63917 -28.33482 
-61.95491 60.74889 -27.71584 
7.294064 61.05098 -28.17978 
-45.45831 61.53313 -27.88944 
7.540741 61.73685 -27.81845 
27.73024 10.0211 20.96866 
-11.02233 67.14751 35.93171 
-30.07461 62.74282 11.36276 
33.07185 63.1591 10.3762 
27.1256 10.65152 21.07159 
-4.354431 18.16656 30.00099 
-33.30865 10.97423 20.15546 
32.01361 61.70165 11.92226 
-44.84165 64.94196 -27.70142 
-11.12694 67.43549 -27.70229 
55.5147 65.1678 -27.80568 
20.65622 -44.78106 9.690057 
-2.476619 18.75896 30.47553 
57.82493 65.30671 -27.49367 
54.21334 65.70252 -27.7781 
58.34202 65.25775 -28.31504 
-40.86712 -29.21459 8.437299 
-1.234586 -6.913286 53.98694 
8.348925 66.69453 -28.88759 
-9.710413 67.42571 -28.6655 
25.77416 12.37405 19.74501 
-35.32516 -52.81922 17.43628 
24.44771 13.28548 19.50497 
-43.59126 70.63777 -27.42155 
3.837678 18.99397 30.53504 
14.5815 79.79115 25.89479 
-58.61176 72.20272 -27.78476 
9.069506 71.6917 -28.45646 
-45.29336 72.30408 -27.94725 
-57.33865 72.85752 -28.49709 
-48.35196 72.96588 -29.35931 
63.02627 72.57515 -27.989 
52.49611 73.34758 -28.47827 
16.69033 38.61438 26.00195 
-50.82736 74.24013 -28.08621 
21.87856 13.09487 20.6999 
62.73598 75.11523 -28.68491 
20.5245 14.9713 20.25441 
5.456272 76.65317 -28.13492 
0.2707617 77.49546 -26.94916 
-6.363025 76.92266 -28.50279 
25.53529 70.36163 11.05064 
1.060342 77.25038 -27.63783 
18.82861 39.09069 25.52316 
50.93302 81.53242 -29.12394 
10.59858 82.05176 -28.54884 
11.09732 82.41408 -28.7701 
11.38371 82.46805 -28.27536 
15.92702 -28.0835 8.227492 
-10.41975 83.41778 -28.36728 
-27.58798 16.79086 19.31403 
30.44573 -28.78808 8.724113 
-10.81353 83.44273 -27.84007 
-39.86684 -32.77263 19.27093 
9.22739 84.00011 -27.5358 
20.1937 39.59013 24.72647 
54.11258 85.33162 -27.69901 
-11.59376 86.27889 -27.8034 
9.725699 85.44968 -27.89421 
9.008543 67.46718 36.53263 
6.276219 20.99103 30.28819 
49.11499 86.41666 -27.42141 
11.12261 87.69055 -27.81989 
-14.87866 90.40072 -27.76901 
35.13494 48.69306 10.49068 
-16.51182 91.4363 -27.16971 
16.63849 92.1973 -27.45665 
-21.19899 92.88958 -27.55393 
-21.1568 78.99582 12.13947 
18.17197 93.31846 -28.80148 
-22.2619 94.48013 -28.17492 
-5.354008 0.4494017 40.91383 
17.16876 93.5919 -28.84662 
18.78202 93.78956 -28.24081 
-10.76509 68.19735 35.67104 
-19.3349 79.92995 12.23922 
20.63737 95.32141 -28.08907 
-21.14646 96.85102 -28.58289 
-54.82327 52.94118 -27.66598 
-53.84094 52.38878 -26.53879 
-46.63633 52.5261 -26.97608 
-18.63269 81.12737 11.98356 
31.55542 -25.77221 7.314716 
-46.99462 53.62672 -28.1036 
16.31376 81.32049 12.21743 
-2.991747 53.3236 -27.43699 
-17.70053 83.03182 10.76614 
-57.70642 54.83543 -27.10365 
-20.45669 25.66661 20.08964 
5.19411 55.28189 -27.8785 
-46.20232 57.611 -27.19396 
7.768434 59.86791 -26.86376 
-20.15725 29.05149 20.02549 
-45.57688 59.6029 -27.33953 
17.34087 29.22953 19.39339 
50.16085 62.6129 -27.8534 
51.05633 62.67738 -27.95967 
16.63489 -16.93901 16.57658 
-44.9555 62.43409 -27.5317 
53.20749 61.98692 -27.57027 
52.50739 63.37264 -27.43623 
-62.31348 63.83619 -27.58427 
51.07744 63.98266 -27.52762 
51.80795 64.55414 -27.58186 
-10.29985 23.93527 30.78818 
-11.47058 25.25504 30.25205 
9.439106 25.19674 30.51528 
-45.45193 66.90861 -27.99153 
52.9221 66.6088 -27.49134 
-23.55478 -51.91961 17.58382 
-44.86355 67.22111 -27.27703 
30.13177 -44.79173 10.08029 
60.32146 66.59523 -27.1331 
-19.11028 34.75829 20.16289 
-43.72808 67.75272 -27.33602 
18.00154 34.73265 20.21737 
62.54094 68.61034 -28.19544 
8.745808 68.47484 -27.36513 
-60.12599 70.08009 -28.16135 
63.06614 70.60153 -27.64491 
8.583135 70.51571 -27.34701 
9.066499 71.17854 -27.68388 
-45.95703 72.91214 -27.44332 
-55.43653 74.19553 -27.96448 
-48.77147 73.59598 -28.59538 
-22.57395 41.76886 25.80148 
19.28249 38.88397 20.41014 
62.54524 75.69792 -28.35656 
22.64344 40.34563 20.72407 
3.496578 76.54639 -27.66323 
-25.32974 -17.23225 16.01677 
1.540496 90.03245 11.08179 
-2.71563 90.47777 12.27961 
1.263074 77.71031 -26.96939 
-8.952905 76.96423 -27.72182 
22.38169 -53.60334 26.72319 
61.0037 77.48576 -27.32108 
59.76094 78.85548 -26.88704 
59.23769 80.94725 -27.91271 
10.67572 80.3068 -27.22868 
9.739517 81.12943 -27.17993 
11.12197 80.96889 -27.31313 
-9.382029 81.62639 -26.86662 
57.7877 83.1225 -28.4031 
-8.63806 85.02922 -28.30253 
57.11906 83.80627 -28.17958 
-29.84447 -53.59972 12.25201 
-28.18715 -53.18239 12.4264 
18.28015 -53.24363 11.98457 
49.52602 86.58781 -26.44751 
52.85307 87.44888 -27.43692 
19.46387 42.14944 25.35945 
51.84578 87.65445 -26.61601 
-2.554541 1.670078 28.52995 
35.74426 -53.68531 12.32288 
13.86739 88.21564 -28.47389 
12.83447 90.78651 -27.4984 
14.79462 89.94567 -27.75994 
-42.19949 -52.89537 11.33444 
14.37037 92.87646 -27.4213 
17.78527 94.70129 -28.00041 
21.39472 95.33481 -27.35027 
-11.44832 31.88147 30.02872 
17.44796 -18.8365 8.073413 
-17.98311 97.07037 -27.43894 
-8.749301 30.89116 31.5346 
-4.34509 49.80898 37.92508 
-46.08271 52.86709 -26.43233 
-12.2378 45.52172 35.08765 
-12.63338 32.3745 29.50351 
4.378978 54.18361 -28.08772 
4.60829 55.52882 -26.91013 
-47.71231 55.96899 -27.16784 
-35.01827 -52.86975 12.33566 
5.203832 56.31959 -26.95803 
-60.63401 57.23125 -27.61499 
25.53466 56.61177 20.11457 
5.971102 56.82259 -26.92513 
6.640985 57.52337 -26.86942 
-16.60229 28.88992 26.28662 
50.1009 60.49073 -27.70378 
51.46622 59.7975 -26.95964 
53.09372 60.73956 -27.21877 
26.03853 59.50677 19.36945 
49.31449 60.8326 -27.29653 
-44.66783 60.35421 -26.66166 
51.90663 61.56031 -27.4136 
-0.8218831 49.27196 38.47204 
-8.597547 61.94983 -28.19541 
31.68878 -49.14177 18.66372 
25.18256 59.96855 20.21827 
8.009117 61.76969 -27.00127 
8.83238 62.50257 -27.76253 
49.91405 62.87489 -27.44748 
-27.24339 -51.47859 12.15897 
11.95108 33.00005 29.89298 
54.92195 63.1531 -27.04337 
51.09479 64.34193 -26.85919 
53.72471 63.40951 -27.46324 
56.05271 64.30343 -27.01679 
-22.77353 43.90293 24.76347 
54.32986 64.72018 -27.34539 
-14.29573 33.57534 29.66261 
9.487646 65.89726 -27.04912 
24.8841 63.39532 20.20936 
52.2472 65.39842 -27.33833 
-28.45655 64.32196 19.31879 
36.52942 49.44395 10.376 
52.33852 66.96161 -27.11397 
-27.39519 66.22757 20.33731 
-60.87508 67.75852 -27.46043 
-42.78557 68.41403 -27.52867 
61.60475 67.98364 -27.11584 
-10.28292 70.08504 -27.73652 
-42.43817 69.60577 -26.43711 
-23.48463 -49.29949 17.61184 
-12.00936 35.92537 31.10918 
-27.33728 -49.84212 11.79778 
-49.78228 -48.54338 11.14657 
-26.20465 -48.7854 13.47684 
9.28738 36.14015 30.24156 
63.10471 71.55733 -27.58501 
-49.24273 -47.28504 11.09202 
8.671235 72.6557 -28.2664 
51.9903 72.78003 -27.49669 
-9.576044 73.42394 -27.65445 
62.51606 74.05529 -27.35279 
16.44288 -14.48968 8.2128 
-53.3885 74.46392 -26.94611 
51.19727 74.89004 -27.17075 
6.804926 70.61182 35.91809 
18.47463 -45.89688 12.80473 
-24.34024 -52.31464 25.1584 
8.91446 75.73245 -26.75982 
-11.25688 37.30413 30.35086 
-25.72055 71.57806 19.45826 
8.808729 37.59719 30.59421 
-42.75179 -14.66236 7.443067 
9.823615 37.68711 30.16575 
-2.905099 77.73695 -27.05546 
4.844359 77.24258 -27.54906 
-4.560413 78.32217 -27.11198 
32.94339 -13.6618 8.456007 
-1.659717 78.00468 -27.16863 
-24.14697 73.4853 19.84674 
-6.4462 50.09537 38.21432 
49.36296 80.0312 -26.8219 
8.756745 81.61336 27.53475 
59.16528 80.65585 -26.847 
-23.64154 74.44012 19.9424 
-13.04603 37.83224 29.51332 
-10.5315 82.21019 -27.03083 
11.19933 82.97903 -27.48391 
10.62673 82.80243 -26.57501 
-12.80997 39.72057 30.64133 
49.59685 82.53752 -27.62774 
25.73342 -52.94536 25.07952 
-41.74665 -12.29861 7.284781 
49.31294 84.87281 -26.97761 
55.34393 84.16396 -26.82183 
12.69604 -31.71656 18.82527 
18.86887 -45.77495 11.74142 
31.66149 -45.78286 11.82619 
21.48847 -34.10649 10.45523 
-7.60943 86.27864 -27.02913 
32.96894 -12.17628 7.55088 
-43.55022 -44.68332 12.98933 
-41.22334 -12.06853 8.541948 
50.84595 87.59763 -26.43372 
-43.43885 -44.15681 11.7667 
8.143072 16.37637 28.0241 
15.80461 91.30598 -26.47479 
24.88346 -52.08341 25.59364 
-21.02858 91.96119 -26.73206 
20.47814 -42.78263 12.22849 
18.93921 93.96744 -27.08815 
-42.08881 -42.77667 12.44725 
-23.49194 46.00913 25.72783 
-31.272 -52.4434 25.10126 
15.97213 81.58083 19.29396 
16.55727 95.07346 -26.83636 
-14.45531 39.87041 29.7787 
20.01817 95.44545 -28.17934 
19.17115 96.33333 -26.80576 
-22.4927 -9.603067 6.751321 
14.64111 -10.04626 7.836137 
14.77926 82.09838 20.6997 
26.67209 -43.5315 11.54599 
-56.54284 53.2929 -26.57871 
2.267829 53.77228 -26.81672 
-47.62004 55.46063 -27.18606 
21.94606 47.39065 25.43874 
-60.03262 56.30554 -26.87004 
-5.788744 56.32704 -27.14692 
-60.87305 57.94555 -26.98898 
-6.949774 58.50999 -27.04139 
49.89206 58.75809 -26.24325 
-38.95255 -40.10105 11.5379 
-7.37305 60.07247 -25.48619 
-18.40584 58.62321 34.73103 
-27.93779 49.24653 18.03134 
48.69037 60.05665 -26.05698 
49.00983 61.22143 -26.12729 
-8.876363 61.80562 -26.02777 
-19.11869 42.80752 30.5858 
54.76553 61.60443 -26.72692 
-7.411917 84.5205 26.31213 
8.378208 62.43776 -26.51592 
56.29995 62.90036 -26.91736 
-12.0216 63.75483 -26.54389 
-12.23169 64.79378 -26.89069 
57.25806 64.54037 -26.5655 
58.97424 65.85544 -26.63802 
-62.01303 66.11369 -26.87391 
-61.3105 67.37411 -26.74514 
61.27836 67.11514 -25.87003 
37.86535 51.40593 9.700783 
-61.00035 68.77573 -26.2388 
-60.1646 70.35432 -26.10886 
26.54693 -28.84681 27.25796 
20.04632 -36.72264 12.31584 
9.730921 72.42921 -26.41062 
52.28714 69.83849 -27.0128 
21.27454 -36.23637 11.87736 
-18.73114 47.28716 31.47812 
51.09161 72.03764 -25.72103 
-58.12035 72.69193 -26.82292 
-56.08168 73.59945 -26.23467 
-54.97631 74.16891 -26.15433 
22.29527 -36.48415 11.89184 
8.382594 73.54823 -26.88754 
5.25604 86.7296 20.6389 
7.232968 74.08507 -27.50242 
6.464128 86.93737 20.73857 
25.4951 -36.27458 10.90916 
61.43369 76.23663 -27.1652 
22.33887 49.537 26.38841 
50.62731 75.6293 -26.27936 
2.857462 77.14194 -26.80246 
35.30411 -6.128312 8.488662 
4.17426 87.48698 21.06502 
4.888087 77.87067 -26.37097 
5.464632 77.47141 -27.16743 
-6.258015 77.99207 -26.8351 
-4.183402 88.74316 18.60828 
-5.664509 78.20387 -26.54774 
-40.6578 -30.07795 18.41317 
-3.200843 79.35982 -26.83356 
-0.1045922 78.77113 -27.04895 
-4.268963 78.82452 -26.72717 
-41.02683 -3.816751 7.79107 
-39.72835 -27.1909 19.70678 
2.246628 88.25225 19.67289 
-2.122325 80.12318 -26.12485 
10.19633 79.84265 -26.90509 
-39.93351 -33.7197 12.46484 
-9.917883 81.75866 -27.11539 
-9.710703 80.40696 -26.42382 
-10.35612 81.29928 -26.39003 
-1.670079 87.64833 21.54178 
-0.7158353 88.22305 20.46698 
49.21896 81.8269 -27.39502 
18.0072 48.58966 30.29362 
56.40719 83.55889 -26.6505 
11.41027 84.58818 -27.04657 
49.29412 83.67684 -26.71312 
54.04125 85.5742 -26.48013 
28.9864 -34.20394 12.19682 
11.77379 85.76847 -26.86159 
-8.178905 88.08688 -27.09499 
29.72647 -53.53216 20.70754 
18.49047 50.51673 30.36207 
-25.09238 51.40448 25.03697 
14.01749 89.17517 -26.19713 
30.76999 -32.93837 12.76394 
19.74256 51.05461 30.15297 
-21.69652 -33.02072 12.09661 
-18.63584 91.8356 -26.75344 
14.62442 -32.26362 11.65524 
30.29947 -32.16603 11.45759 
-40.12669 -31.28485 12.36176 
18.31742 52.00113 30.76561 
-21.132 93.83658 -26.61652 
23.74293 -53.00667 19.71619 
-20.51884 94.44131 -25.86683 
-13.60019 95.50012 -26.92087 
31.0641 -31.00375 12.10042 
-15.60619 96.52683 -26.27929 
21.33781 96.08362 -27.33819 
-33.14704 -52.96616 21.39596 
-19.20684 96.80182 -27.03917 
-50.53006 51.45618 -26.06677 
-50.17199 50.98621 -25.0617 
-51.62775 52.25532 -26.66924 
-45.90437 53.52446 -25.92489 
-1.468888 52.8278 -27.05922 
31.46476 -46.56041 17.24623 
1.650916 53.4463 -26.04539 
-47.02663 54.80351 -26.58391 
17.54076 -43.80945 28.96544 
31.76157 -29.75162 12.13176 
-59.15504 55.67942 -26.04755 
-4.203113 54.84307 -26.75943 
-21.04316 -29.05479 12.3168 
-5.521086 56.6544 -26.00017 
-46.18329 57.32163 -26.66291 
6.908981 58.19373 -26.31776 
-24.28428 -46.38255 16.43925 
7.334434 59.24473 -25.62055 
52.81643 59.24219 -26.69668 
-61.85631 59.29275 -26.73717 
-44.37573 59.43073 -25.49951 
32.93322 -27.34941 11.49135 
13.40502 -51.10543 21.16304 
-62.29737 60.85184 -26.38335 
8.136972 60.93106 -25.95197 
54.46775 59.9022 -26.09286 
56.24927 61.34161 -26.36049 
-8.377337 60.96264 -25.89071 
15.15994 -46.40571 17.74179 
-62.06334 62.13653 -26.94345 
-44.24771 61.95593 -26.57007 
57.32604 62.88482 -26.25729 
22.44523 53.52457 26.10844 
9.518533 63.33879 -26.99199 
-44.28178 66.03394 -25.96802 
-21.6354 56.6138 31.16335 
-12.70329 66.32283 -25.91149 
32.87962 -25.35377 12.25541 
-61.2841 67.39358 -25.62324 
-42.30991 68.78857 -26.90668 
34.47432 -0.005068164 7.772282 
8.753652 70.17057 -26.33002 
62.29699 69.15612 -26.10655 
62.76693 71.41025 -26.42099 
30.05643 -47.252 20.15766 
-11.34997 69.97653 -26.66345 
8.930711 71.12868 -26.25925 
-59.11082 71.40476 -25.92244 
-41.60144 -23.36883 12.82516 
9.769072 72.09287 -25.1605 
-9.725806 71.82646 -27.62121 
-41.49278 -22.93685 10.93339 
-47.673 73.71334 -25.99772 
20.33035 57.89211 30.4502 
-49.17151 74.11739 -26.71088 
-51.81607 74.06644 -26.37764 
-50.03573 74.32624 -25.97827 
-9.800323 74.00436 -26.47434 
62.02935 74.15789 -26.3595 
10.79601 85.7909 18.35188 
-10.27261 75.51447 -26.71142 
13.76516 -21.38213 14.04157 
60.95217 76.28406 -25.63922 
9.14251 76.51717 -26.58025 
-24.29115 -45.45116 18.78399 
8.900238 77.60587 -26.16213 
4.487879 78.21355 -26.07049 
5.86159 77.77503 -25.32582 
7.612273 76.52376 -27.31538 
-25.2177 55.98469 25.22309 
-8.933506 78.55457 -26.42222 
29.46702 -45.38289 20.48009 
3.057605 77.77303 -26.35392 
2.07156 79.30845 -26.57717 
2.686067 78.81216 -26.5803 
9.179343 78.5676 -25.89829 
10.73472 79.3872 -26.3024 
-0.3811477 79.70485 -26.24518 
-25.10084 -44.7624 19.70713 
10.8555 80.64577 -26.42145 
-42.88361 -18.38876 11.41545 
-41.73246 -18.52442 12.30969 
-25.78854 -43.59558 20.90859 
57.49134 83.06751 -25.89101 
8.715627 82.80051 -26.42582 
10.39028 83.20137 -25.80169 
8.985237 84.66934 -27.26328 
49.43005 85.29116 -25.82578 
-1.863628 84.73034 27.40817 
-31.41174 -8.578819 18.00109 
32.26937 -17.36112 12.21234 
18.89907 -43.70596 28.99681 
4.420567 3.206422 8.282153 
-13.42061 88.71646 -26.84443 
-41.72709 -17.15204 11.86901 
-36.10003 -43.82062 20.55453 
10.85906 88.96145 -26.75123 
-39.08649 4.334045 8.781457 
7.81308 70.66668 35.99761 
-30.77182 -14.05987 16.83096 
28.87072 -42.50122 21.38738 
-16.74354 90.10833 -25.52424 
-21.15225 91.79243 -26.14646 
-21.32185 92.91331 -26.66745 
-28.84647 -15.21396 17.77733 
22.81227 -43.48754 10.58267 
23.13132 55.96769 25.79839 
17.95456 95.9704 -26.51211 
21.85196 96.06507 -26.95079 
22.44572 95.84045 -26.20553 
-48.88017 51.22181 -25.52181 
-53.29036 52.20908 -25.64035 
23.98223 -43.84469 10.4101 
-45.77061 52.32705 -25.45719 
-56.05558 52.88536 -25.57213 
-1.37879 53.21066 -25.45312 
1.611777 5.054273 7.263857 
8.919776 50.90975 36.86677 
-46.46402 55.59894 -25.5995 
5.08301 57.26097 -25.30602 
-45.14579 58.08946 -26.38582 
0.6285135 5.488824 7.716281 
30.20717 -38.88707 20.26052 
-61.38115 58.31186 -26.13762 
21.30792 -52.2868 30.08215 
6.137209 58.23046 -25.90563 
50.98392 58.22511 -25.61198 
-36.28015 -37.67984 21.6714 
21.91648 -53.66049 28.13287 
13.68944 -37.70579 21.06481 
-4.83501 44.73448 34.90567 
55.93476 59.71959 -25.59225 
23.42877 -53.24324 27.39832 
6.330583 71.04044 36.03603 
-21.92713 -11.21737 12.21598 
24.86704 53.58991 18.5332 
-38.95784 -37.71303 19.04313 
15.05361 -11.26281 11.85806 
8.293677 62.72154 -25.66419 
50.3259 62.93692 -26.13952 
-11.44907 63.20842 -25.04408 
9.288096 62.89062 -26.21365 
-62.41221 63.72094 -26.45923 
58.16766 63.33728 -25.40042 
-25.00256 56.80147 25.87182 
31.00096 -10.61177 12.37196 
23.1943 58.06634 25.70442 
18.14138 66.02486 30.36048 
51.26894 65.19954 -26.57269 
-37.9075 -35.35387 20.79299 
-61.97074 65.76324 -25.66724 
-0.3201958 -0.932395 46.96353 
-43.65888 66.05531 -24.8505 
9.947833 69.54659 -25.35626 
-25.64375 58.43798 25.76403 
-41.84883 67.511 -25.41543 
-21.36549 66.83688 29.55496 
51.22221 68.91388 -25.76729 
-42.60283 69.98445 -25.40153 
-44.34509 71.15059 -26.70382 
9.289452 70.81261 -25.40218 
-11.50688 71.88529 -25.59422 
-28.64293 54.27799 18.31604 
62.60472 71.30501 -25.29098 
-46.8744 73.04658 -26.79243 
62.86344 72.94776 -27.09979 
-57.62361 73.18954 -25.95261 
9.342624 73.91569 -25.34747 
-25.16476 -32.89397 20.59101 
-53.26013 74.34443 -25.70705 
9.153569 74.62975 -25.60568 
32.52894 -9.219362 11.96219 
-10.15126 76.76988 -26.6699 
17.66426 68.81059 30.38002 
6.569022 77.45041 -25.92173 
-25.87395 59.59423 25.87214 
9.976674 77.95207 -25.79553 
50.77641 78.23597 -26.65788 
-38.53906 -31.54591 20.92506 
15.41906 -44.64296 18.22877 
4.324841 78.74551 -25.78433 
2.087334 50.99158 38.19242 
-10.06541 78.5219 -25.80702 
-9.215613 79.1811 -26.14666 
-5.746817 78.73853 -26.04449 
-7.27647 79.20368 -25.94111 
-5.592773 80.0309 -26.09015 
-4.17854 80.20314 -26.28792 
-31.57742 15.37064 10.39589 
-38.84394 -5.149522 12.45998 
-7.306254 81.0927 -25.59679 
-6.607646 80.79653 -25.58 
8.683122 80.31104 -26.04367 
-23.55553 -25.30718 18.82041 
58.66047 81.16689 -25.67708 
48.76839 80.78105 -25.70998 
-7.955399 81.59492 -25.97771 
8.118212 81.83018 -25.37287 
17.11201 69.97587 30.10518 
58.33022 82.59855 -26.5647 
-34.70235 12.38527 9.404116 
32.44205 -30.69122 20.65835 
49.0377 83.40556 -26.00401 
-7.413538 84.10663 -26.34945 
53.29299 86.14391 -25.28881 
-7.117259 87.01954 -25.26547 
32.30899 -29.25968 21.29366 
-15.12625 89.57624 -25.71332 
16.53422 -43.64567 17.66153 
29.36209 -44.22034 18.02587 
-20.6064 91.01575 -26.20832 
-20.77732 90.87514 -25.54676 
27.5163 14.38733 8.861034 
-24.77068 -27.22812 20.29598 
18.05187 92.74895 -25.47404 
26.39758 15.55189 8.23844 
-39.79768 -2.886415 11.83953 
-14.85314 31.4954 27.63235 
22.31975 95.21478 -25.94448 
-20.01407 96.0036 -26.34107 
15.13963 73.24552 30.0595 
19.12 96.60386 -25.69983 
20.70399 96.62536 -25.42821 
13.5036 -25.2399 20.46522 
-53.07874 51.4907 -24.58721 
32.99589 -25.45872 20.3398 
-38.64822 -25.77923 20.40116 
28.55602 -43.47356 17.88845 
-55.31562 52.71224 -24.63715 
14.01661 73.82996 30.64892 
-2.668186 53.71829 -26.51119 
-2.430273 53.62591 -24.84723 
-57.35451 54.00204 -26.28237 
-46.79733 55.18596 -25.78916 
-39.56558 -1.397578 12.39716 
3.06109 55.09166 -26.05203 
33.98875 -1.304308 12.20604 
-14.13039 74.98562 30.58342 
-59.81832 56.88256 -25.29184 
8.733753 -1.134753 11.86152 
52.53231 58.02132 -25.4938 
6.192626 58.93933 -25.21211 
48.79621 59.20761 -26.10737 
22.11557 -51.05868 29.54153 
54.1528 59.06292 -25.7252 
7.775969 60.33686 -25.02275 
48.58582 60.33699 -25.4313 
56.09938 60.56103 -25.87037 
-15.16987 76.24756 29.49134 
14.16836 -24.53758 21.36232 
-39.02223 -22.53489 20.41502 
34.29823 0.8496062 12.18209 
-63.01578 61.7071 -25.51437 
57.70953 60.96311 -24.69669 
49.58522 61.89003 -25.16182 
49.90019 62.68097 -24.56236 
28.4057 -41.43086 17.79387 
10.92573 63.3874 -24.77396 
23.93781 16.61426 7.586565 
24.91097 16.21029 7.635055 
-62.80164 65.18709 -24.99356 
-43.95102 63.77299 -26.07712 
50.61732 64.43552 -25.46731 
50.52472 67.39597 -25.38599 
-1.679471 60.68696 39.34568 
-1.072783 -0.2088908 46.53743 
21.57796 18.37895 6.975965 
-41.72869 68.1713 -25.28844 
-60.62558 69.2263 -25.0743 
-39.31544 -21.1117 19.79709 
-43.13883 70.32858 -24.76071 
-43.80389 71.50277 -24.83218 
-12.80693 71.01127 -24.58213 
23.12951 60.8491 25.25807 
-26.59397 61.65325 25.55538 
-40.25888 -42.51733 9.990849 
-45.25906 72.37817 -26.18237 
61.97891 72.90042 -25.06307 
-56.61642 73.39841 -24.95214 
9.866275 72.93867 -25.58157 
-51.27832 74.14712 -24.80894 
-34.78368 -13.95002 17.45079 
15.61461 -20.32478 20.72906 
10.59927 75.44729 -24.42617 
12.49212 -50.4229 28.09434 
-34.46167 52.69435 10.29399 
15.78005 -19.30916 19.8662 
-10.2934 78.74425 -24.99705 
49.16144 78.63619 -25.18912 
8.776252 79.2091 30.35189 
9.38178 78.91537 30.4885 
59.9214 79.78277 -25.25392 
8.298643 78.51415 -25.43155 
10.56094 78.57371 -25.35436 
2.7456 79.80834 -25.61847 
4.693402 79.76802 -25.31273 
0.5720839 80.75347 -23.79074 
7.652417 80.65178 -24.80591 
-10.34456 81.25481 -25.90513 
-6.384805 81.51121 -24.85997 
-10.48162 80.06326 29.8523 
57.52754 82.04046 -24.81414 
-10.53046 82.97133 -25.47708 
10.36015 82.95156 -24.46993 
19.11014 21.5204 6.311046 
-11.27574 85.4134 -25.5167 
49.61099 85.07767 -24.72495 
-5.634573 72.09142 36.16561 
9.070672 87.14494 -25.99641 
-36.38296 9.729104 11.92977 
-12.26212 87.14027 -25.85827 
10.32229 90.08044 -24.84583 
-35.9011 10.97541 11.8472 
31.062 11.04401 12.32081 
-20.10198 89.72475 -25.48311 
-19.79594 91.71404 -26.57818 
8.100967 79.67925 30.74513 
-26.1064 -48.08336 25.21709 
14.92804 89.6253 -24.73928 
-0.2085848 -5.629312 45.27302 
14.25788 94.03951 -25.77762 
-19.65591 25.29399 7.349908 
-25.84531 63.22947 25.7206 
20.13602 94.1673 -25.8761 
21.75727 94.2868 -25.18651 
-33.8415 13.51961 11.83413 
-40.50653 -28.76415 18.67919 
-19.5511 95.02437 -25.13011 
-18.64406 96.35004 -25.78547 
-51.12836 51.22274 -24.57702 
-44.38048 51.82639 -24.12607 
-31.67967 15.31176 11.68133 
-45.97702 54.77645 -24.6378 
-3.306715 54.33952 -22.91403 
15.96715 -40.73855 18.22771 
2.604092 54.75331 -24.6953 
-44.96315 55.59139 -23.77673 
-39.07226 -42.14011 10.31046 
-44.57534 58.35946 -25.47333 
49.06631 57.67147 -25.52814 
26.18091 16.07066 12.01604 
-6.169281 57.91126 -24.67518 
20.90027 -16.15507 20.51913 
47.93488 58.83253 -25.29105 
-61.66055 59.42127 -25.22755 
-7.052845 59.41958 -25.61365 
7.148933 59.61062 -25.20853 
-18.53186 27.71218 7.36879 
9.288704 1.090361 17.65455 
17.59164 -11.23589 17.73492 
7.824928 61.89317 -24.14067 
8.720746 62.83566 -24.68721 
-43.47951 61.81182 -24.71554 
-12.74443 64.49129 -23.71871 
11.47957 64.32854 -25.11501 
50.1681 63.70002 -25.27872 
50.32666 65.6218 -25.2671 
21.54428 20.42673 13.1301 
-13.10638 65.1603 -24.45827 
-61.60632 67.09969 -24.00653 
59.69244 66.01872 -25.03919 
-42.2964 66.98555 -25.24174 
16.39221 29.64214 7.760393 
11.13573 65.71562 -25.62583 
8.826291 62.01266 37.82719 
29.6924 -39.78196 17.5887 
17.81259 32.86558 8.041908 
21.14495 -8.313091 20.6308 
-58.55056 72.22653 -25.48767 
9.962504 71.74097 -24.63508 
-57.94987 72.52304 -23.98028 
-46.4198 72.53384 -24.91156 
-44.79314 72.32077 -24.3751 
-47.5075 73.16891 -24.6336 
19.13318 -8.346363 20.27444 
61.78937 74.61217 -24.69534 
18.81579 26.82693 12.22746 
49.53285 76.10847 -24.55762 
24.21328 -8.212024 20.39511 
60.58866 75.93347 -24.26085 
-11.84628 75.21313 -24.44933 
10.4486 76.71889 -25.27364 
18.11477 34.61666 8.092829 
-20.4801 34.91284 8.680834 
60.06548 77.91384 -25.64062 
10.67313 78.05695 -24.73238 
-7.735489 68.07012 37.43061 
-20.31885 29.41728 12.1026 
59.56625 78.43451 -23.93881 
6.336319 78.08562 -24.82205 
5.259775 50.80734 38.00575 
-10.31532 80.0199 -25.5202 
18.67055 -7.275577 20.98213 
-0.5246891 80.35857 -24.22393 
48.71738 79.05829 -24.07573 
17.71322 31.37515 10.45482 
-6.911588 82.14804 -25.16986 
48.31499 82.36983 -25.15654 
56.16228 82.83396 -25.50865 
55.29539 83.96482 -25.86681 
18.24739 34.08456 12.06989 
11.81285 85.73463 -24.88118 
-23.18607 4.033926 25.92333 
-12.49716 86.88715 -24.98745 
14.53301 -49.4835 31.18471 
-13.85043 88.29591 -25.28638 
24.30638 -45.84005 27.64033 
13.67165 88.40712 -25.31171 
-21.66712 37.25753 12.87509 
20.47116 -49.01793 30.72629 
28.4552 -10.61259 16.8606 
-9.821806 91.57452 -25.99023 
-19.97447 91.36795 -24.90592 
-4.548972 73.10785 36.49165 
25.93085 -5.480151 20.40819 
-29.003 -5.678852 20.21552 
-11.47397 93.77573 -25.51351 
-21.9657 -5.752015 20.37205 
22.08338 40.23853 11.74278 
20.01573 93.38226 -24.89562 
22.3139 55.66983 28.09569 
22.32637 95.67809 -25.46185 
1.19058 60.8183 39.37197 
21.19732 39.68725 7.657294 
-16.92417 96.3729 -24.88833 
18.517 96.22373 -24.11882 
20.4561 96.65771 -24.74519 
-19.31352 -5.314689 20.35259 
19.0281 -47.63587 30.89053 
-46.55146 51.71556 -25.18839 
-45.03247 51.39336 -24.02854 
20.00883 -46.56532 30.49436 
-44.82972 52.65882 -24.93558 
-7.28849 15.1433 29.39878 
16.50187 -45.48096 29.74159 
-36.01903 55.04775 10.28446 
-23.05809 69.9865 25.94296 
16.72251 -5.075774 21.33149 
-4.492708 55.62258 -24.8733 
3.676403 56.29028 -24.2641 
-45.19628 56.50673 -25.04099 
25.625 45.92043 12.26884 
4.260482 56.82152 -23.63375 
51.98814 57.06565 -25.03848 
26.89182 -4.535362 20.937 
-60.7738 57.78435 -24.42845 
55.43122 58.49908 -24.86624 
57.49391 59.4692 -24.21954 
6.925938 60.28131 -24.18904 
15.86752 80.94321 7.201724 
-1.707525 -6.6566 47.44277 
49.21203 60.78862 -24.74393 
-63.06728 60.7147 -23.57547 
20.3986 69.41543 26.23185 
49.28253 62.05515 -24.2428 
58.2849 61.59649 -24.21745 
-9.286528 62.25242 -25.48676 
-28.12893 48.02213 12.15973 
-63.25373 64.20822 -24.89672 
-31.0796 -3.23074 20.60109 
-18.21156 -3.560257 21.02424 
59.41705 63.76776 -24.76277 
34.12989 48.91973 12.0116 
49.18614 63.95972 -23.85435 
-29.04659 49.58892 12.25768 
58.98534 65.09723 -25.27695 
-43.44701 66.84277 -25.39425 
34.64538 49.79227 11.88879 
21.36622 -38.003 30.76859 
49.62028 66.55894 -24.52725 
-40.85421 66.51427 -24.27071 
-6.449224 14.52368 29.1143 
61.24603 67.81727 -24.5775 
-30.9742 50.93351 11.44682 
-32.19672 -2.822585 20.37543 
61.94833 69.96451 -24.63182 
-30.90571 51.62688 11.78237 
-4.607318 74.91943 35.73005 
35.54032 51.77722 11.68357 
14.24141 62.48817 35.37507 
-56.19817 73.47318 -23.54196 
-25.871 -10.55308 16.82613 
13.30272 -2.44817 20.25074 
-55.07621 73.67619 -24.00796 
-49.9341 74.11694 -24.68268 
-53.90766 74.2439 -24.03696 
28.34884 -1.705609 20.46432 
-20.98897 71.44489 26.1051 
29.15977 45.21213 7.824535 
32.65735 45.43954 8.104388 
11.09227 76.35384 -23.90823 
-10.6644 77.45716 -25.13836 
-10.08205 79.05905 -24.0849 
5.955974 78.4511 -24.74844 
7.457808 79.71656 -24.68572 
6.148834 79.72527 -24.75425 
-9.970571 80.49981 -24.44675 
6.928915 80.4577 -24.40585 
35.80293 53.48405 11.89688 
4.700281 80.24291 -24.49352 
-9.704322 80.74842 -24.14265 
-4.857022 81.32415 -24.41679 
-3.44872 81.03862 -23.57539 
58.58494 80.4223 -23.9751 
29.21207 -1.166104 20.22315 
-32.44741 -1.34637 20.60999 
35.82283 56.58023 11.98966 
7.492668 84.54465 -23.73032 
-11.23217 84.51894 -23.93788 
7.882776 84.55097 -24.91811 
-33.99527 -0.2199998 19.72802 
7.93332 86.63484 -24.36674 
52.33413 86.32203 -24.72259 
-27.24629 -47.59618 25.29377 
-34.25343 0.869112 20.10548 
-19.06002 88.12645 -24.63054 
14.66325 -37.07426 16.19882 
36.37786 46.8406 7.582193 
13.66275 -36.71081 18.18825 
-16.62676 88.75941 -24.56442 
-8.076204 89.53902 -24.10468 
-20.10578 89.55787 -24.67361 
35.24641 59.27575 11.71248 
-8.848223 51.77528 37.87781 
-0.4242293 -6.114256 47.3894 
10.54819 0.5761898 20.22644 
12.15694 92.40149 -24.79379 
-12.37603 1.672866 20.88092 
21.3345 93.39622 -24.45623 
-12.36901 94.57753 -24.62733 
15.78004 95.18544 -24.70726 
-18.16717 95.147 -24.18886 
34.40892 61.24503 11.28737 
-14.73565 96.14738 -24.86741 
-48.10752 51.28531 -24.77481 
-52.04742 51.01637 -23.61505 
-5.972515 3.329064 31.16189 
-46.0459 50.9948 -23.55577 
-57.19505 53.67531 -25.00992 
-44.92609 53.43434 -24.76703 
-29.7192 63.47598 11.98428 
0.6478515 53.22931 -24.67803 
-35.06383 2.609585 20.06048 
3.345082 3.897311 31.528 
-20.98962 73.41711 25.53275 
24.6846 -36.08751 10.86306 
52.116 55.95943 -23.81309 
16.01072 -28.39865 25.44391 
47.40969 57.18893 -24.20492 
39.7024 50.17481 7.438249 
5.075387 57.60754 -24.01222 
-29.74208 58.72801 19.06591 
26.09237 69.12054 11.49043 
-43.64625 58.44184 -24.34463 
-37.25499 50.3811 7.882337 
-7.547947 60.1459 -23.35677 
58.78486 59.73586 -22.59448 
38.05711 55.13525 9.948682 
-4.135905 9.142524 31.52534 
9.008002 63.22754 -23.30141 
10.40791 63.07648 -24.22051 
-43.14651 63.92138 -24.63534 
24.62138 71.68386 11.53365 
-12.05791 64.04501 -23.26277 
-35.16206 5.312586 19.78002 
-43.30035 65.20148 -24.23554 
-62.6591 66.5144 -23.07019 
-40.62844 67.1539 -24.18701 
22.22439 74.03567 12.80333 
11.90143 68.0564 -23.87836 
-13.22118 69.25443 -24.72267 
-42.14794 69.33243 -24.38098 
12.37261 69.96484 -22.58909 
-60.76224 69.42101 -23.91279 
61.52629 71.15907 -23.83575 
-59.75304 70.541 -24.18652 
3.948529 5.576777 21.32848 
-24.36508 -26.33451 19.44745 
-22.69757 77.38736 12.68047 
-11.10645 72.79415 -25.25342 
61.46721 72.26932 -24.0506 
40.61981 53.24839 7.580003 
-10.48074 74.08508 -25.49407 
18.801 78.15334 11.69312 
9.751699 74.47813 -24.40031 
18.392 78.93137 12.45743 
11.04635 77.10812 -22.75477 
-1.626237 5.931663 20.25223 
-5.800106 -4.542667 47.98703 
-9.812471 79.51772 -23.90214 
10.34865 79.42541 -24.80086 
18.2741 79.84046 11.538 
2.049396 80.25491 -23.71592 
14.66874 33.48354 26.80169 
10.16003 81.54571 -24.89652 
48.6772 81.38699 -24.71918 
-9.755741 81.71014 -23.89062 
-5.823071 81.99033 -24.15453 
56.48204 81.88102 -23.65826 
48.31297 83.1085 -24.80742 
48.35703 83.22972 -23.9412 
-18.26853 82.51544 13.26179 
13.54628 -46.14316 25.84515 
1.192905 12.31816 30.37851 
48.97919 83.98485 -24.21606 
55.01258 84.91283 -25.2367 
15.86496 -39.74314 27.08651 
49.80502 84.84574 -24.0031 
16.15331 82.55537 12.40883 
50.93888 85.71834 -24.01766 
24.95663 -40.23332 27.67535 
-0.4576966 12.31459 30.6785 
-18.66522 87.18768 -24.08122 
28.76724 8.996208 19.84484 
-14.15769 86.50467 -23.53221 
-14.91262 88.466 -24.72607 
0.4423183 -4.748512 48.1282 
-19.57326 88.34625 -24.04143 
-33.42652 9.694448 20.93623 
-20.20228 75.61033 24.5787 
-24.17835 -9.830979 17.18506 
-17.8278 88.3437 -24.41643 
-2.304296 11.9986 30.84836 
-36.17654 56.6743 10.04059 
14.55317 81.66264 7.17223 
15.52218 88.89742 -23.39682 
8.390584 14.31056 26.76321 
13.86999 -45.01863 25.66742 
-40.05558 -34.99133 17.7649 
28.05543 -9.815923 17.32807 
22.03176 94.18459 -24.70088 
25.17233 12.21807 20.90647 
-31.43894 12.61686 20.23758 
9.45621 87.29169 12.28727 
-38.07012 60.08802 8.060267 
20.98718 95.75007 -24.06345 
-49.30036 50.83161 -23.87833 
22.84057 13.82246 19.15379 
-47.20473 50.35182 -23.28631 
-39.32016 -38.96154 10.53259 
-54.85855 51.97348 -23.6356 
23.38662 12.86933 20.88819 
15.89477 -38.23972 27.77591 
-57.0648 53.59956 -22.8867 
-44.77186 55.11131 -23.73857 
-3.990868 54.95054 -22.51464 
2.197104 54.38332 -23.7167 
3.888197 55.66025 -22.19942 
-44.71445 56.05889 -23.72532 
26.7689 -38.83407 27.80249 
48.17018 56.38623 -24.01808 
53.37706 56.39117 -23.48105 
-0.4453714 18.85709 30.50298 
46.97601 57.27216 -23.79578 
1.476189 18.43388 30.30016 
53.80847 57.82393 -24.43286 
54.99987 56.6735 -23.2111 
-31.00644 14.10369 20.20195 
-61.5895 58.72391 -23.83023 
55.73995 57.8849 -23.49844 
-28.3973 14.79296 20.81482 
57.07067 58.64261 -23.61658 
-42.94751 59.60639 -23.31525 
6.697551 52.64672 37.68105 
26.01377 -27.15122 27.39793 
-43.35302 61.20624 -24.29246 
-63.27579 62.92403 -25.46175 
7.668797 62.27388 -22.6872 
1.300855 0.5017524 41.36823 
-39.53128 -38.14289 10.44335 
-35.89986 62.32077 7.221749 
60.47195 65.96359 -23.28053 
60.30846 66.57046 -24.05953 
2.497458 19.78144 30.95151 
12.00814 66.0027 -24.25832 
-13.55218 67.55956 -24.3905 
-28.05538 -53.53653 13.6949 
-25.36055 -39.02081 9.938535 
5.388444 19.55881 30.51773 
61.74362 68.60307 -23.56146 
26.25186 -44.57489 25.00725 
36.45502 62.41073 7.73098 
-58.9409 71.23336 -24.37099 
19.07843 19.50611 20.63711 
-46.76976 73.01019 -23.58459 
50.04424 72.01034 -23.88171 
-49.39854 73.48804 -23.60831 
-21.4024 21.75998 20.62813 
-31.94358 63.75628 7.153417 
-11.66279 77.11295 -23.41991 
60.02592 77.24404 -23.45608 
-10.39399 78.67755 -23.58751 
18.54804 22.29216 20.04287 
5.589834 80.52325 -23.82924 
26.11946 -53.01013 12.44429 
-0.853625 80.91132 -23.56943 
-1.878299 81.12223 -23.74399 
7.461712 82.89084 -23.58816 
-10.04595 82.17705 -23.19796 
11.39589 83.71374 -23.16426 
55.25875 83.97728 -23.49817 
-6.653685 84.60785 -24.89122 
-6.26593 85.29938 -23.75938 
54.05626 85.70172 -23.894 
33.08279 64.51531 7.466573 
-18.23223 86.16852 -23.63572 
-12.67602 85.57079 -23.49455 
-16.15925 86.36826 -23.37986 
13.63658 86.95746 -23.47929 
16.91274 -35.15789 27.89553 
-7.914934 19.97499 30.54539 
8.459287 88.39181 -23.69493 
-20.27286 28.31628 19.72553 
-18.67448 88.72704 -23.39017 
10.00905 90.25277 -23.98932 
-8.871248 90.6918 -23.63697 
16.70047 91.25542 -24.6938 
-18.7888 90.6488 -23.35891 
20.79497 91.72107 -23.26598 
-24.14592 -37.44331 10.61712 
26.58748 -35.73091 28.16145 
-5.154475 -0.03865178 42.96911 
-18.60897 31.2571 22.21926 
-12.64205 94.3539 -23.43786 
13.44554 -49.14578 29.90184 
26.57483 68.00599 7.943966 
17.78693 -49.88247 12.12873 
28.24069 66.50602 8.17851 
-53.94032 51.31322 -22.25399 
-20.08458 33.45532 19.34999 
-56.16516 53.15935 -23.58012 
-43.10404 52.64783 -22.87223 
-43.63847 53.02131 -24.16896 
-42.39233 53.86617 -22.74459 
-43.00117 54.75194 -23.21152 
-58.74559 54.61645 -24.68124 
-59.0379 55.54326 -23.44518 
-16.44781 77.67103 25.92463 
-15.89884 78.34524 25.7336 
-48.40775 -48.22669 12.87419 
49.62215 55.84253 -23.51815 
-29.82324 68.17644 7.227493 
50.81918 55.42775 -23.35936 
-18.91129 35.91246 20.86019 
-60.51689 57.2229 -22.41821 
17.88508 36.84102 20.7575 
-43.72942 57.40044 -23.1972 
-6.27089 57.62912 -22.7519 
35.13425 -47.10349 12.66303 
25.72226 69.60672 6.65984 
47.46775 58.479 -24.20478 
47.88043 58.79172 -23.17151 
6.573749 60.25587 -23.46725 
-7.792952 60.74966 -23.27539 
21.74315 39.51692 22.04887 
-9.036318 62.47904 -23.21403 
59.68003 62.17869 -23.5501 
34.1323 -45.98724 12.40349 
7.446138 22.40066 30.64799 
60.51715 62.71612 -22.54047 
11.13093 63.54741 -23.20091 
-42.7766 65.5554 -23.80026 
-41.11208 65.21059 -23.08397 
48.61117 65.80012 -23.27045 
-40.1756 66.0402 -23.0989 
-9.271692 53.98764 38.20129 
-13.83522 66.63127 -22.45648 
-39.45567 -36.3952 10.36524 
12.50321 67.61828 -22.80489 
32.92179 -45.77812 12.76631 
8.090305 23.92919 30.52957 
-62.32389 68.45645 -22.87066 
-40.96532 68.59823 -23.60119 
12.3228 -30.6639 18.39461 
-41.72532 69.23125 -22.60559 
49.92946 69.26388 -23.60269 
-15.29746 79.58336 25.70434 
-43.36284 70.8244 -23.23301 
-13.46324 71.33244 -23.30742 
11.45142 71.60598 -23.29291 
29.99199 -45.02255 12.62178 
-24.51347 73.37344 7.634099 
-12.51805 73.33125 -23.29921 
-25.47144 42.80844 20.56408 
-27.12264 -43.85757 11.87524 
-54.54104 73.41798 -22.68748 
-53.36562 73.92091 -22.87883 
22.17681 73.97465 8.388064 
-52.27894 74.41306 -24.23592 
49.25548 73.79262 -23.24666 
-8.697513 47.7233 37.29774 
48.91309 77.40638 -23.61724 
4.579496 80.41604 -22.65821 
2.516948 81.00568 -22.85423 
3.068009 80.64494 -23.10222 
1.118902 81.25987 -23.33641 
6.125724 81.80545 -22.08139 
57.76906 81.09334 -23.39715 
-3.511071 81.40853 -23.17557 
13.46593 35.1949 26.82273 
-1.323433 81.85683 -23.36547 
49.04552 82.72039 -22.97093 
56.57018 82.00758 -22.5767 
56.14677 82.7299 -22.50447 
-5.36627 83.70387 -23.04086 
48.99201 83.98534 -23.28049 
-5.372633 84.65741 -22.02819 
-34.99092 57.97002 10.34648 
50.32084 84.74957 -22.87146 
-17.24389 85.48061 -23.25461 
15.51857 -8.764598 17.73701 
-18.12415 85.31481 -22.9731 
-9.414871 25.16053 31.03878 
-22.47793 76.51297 8.436874 
52.62698 85.6283 -22.87058 
-18.99429 86.83574 -23.4062 
-24.59086 -40.7711 12.19286 
26.09065 -14.19868 19.15014 
-10.62267 27.19297 31.03713 
18.92043 91.66393 -23.67199 
-10.53226 92.46262 -23.17089 
11.89738 92.2988 -22.81158 
21.2413 92.44415 -23.29202 
-17.98143 93.08203 -23.09042 
-39.79427 -38.27556 11.83645 
13.97177 93.92885 -23.73712 
-16.5484 94.47298 -22.78942 
15.64163 94.74503 -23.21789 
-29.10675 56.59848 19.99478 
21.67546 93.8717 -23.90361 
-16.36925 95.47329 -23.43018 
-15.28109 95.79673 -23.80587 
19.07391 -37.87593 12.64011 
3.721066 75.48133 35.41484 
-55.47009 52.40365 -22.422 
-56.97523 53.22331 -21.98164 
0.8165599 53.80621 -22.91543 
47.37802 55.14367 -23.32958 
33.21972 -27.62975 17.80203 
-35.94283 0.9496987 18.48304 
-29.01147 63.20351 18.12279 
-42.5152 54.9609 -22.91384 
-41.00776 55.06315 -23.05405 
8.081394 55.80176 38.20071 
-43.93723 56.58735 -22.93057 
-5.438809 -3.588238 39.77392 
26.60507 -32.00089 27.63553 
-43.17496 57.56704 -22.60089 
56.72529 57.34678 -22.02 
-22.74804 -35.87036 11.87693 
-33.87008 -6.515056 17.4217 
59.31724 60.92892 -23.00807 
-16.96936 82.17823 8.380998 
-42.91572 62.27324 -23.4481 
27.88256 -35.62968 12.14347 
-42.63932 63.01361 -22.94505 
-9.348518 63.98107 -22.02911 
48.49752 63.09021 -23.26248 
-42.65946 64.55151 -23.02727 
-9.671653 63.20304 -23.43808 
-23.51968 -36.0215 10.43451 
60.65105 64.55434 -23.31367 
-39.62795 64.39362 -22.62728 
12.34352 64.71234 -22.66847 
25.15267 66.26689 19.98991 
-39.7059 65.68887 -22.74017 
-13.67916 65.79259 -22.06811 
60.70316 67.31982 -22.58018 
-40.35943 67.58295 -22.20094 
-12.00671 53.41204 37.01063 
61.31153 68.42046 -22.62164 
24.16797 66.82157 20.62919 
-26.37318 67.48093 20.95096 
15.36167 -34.72372 12.64659 
61.80612 69.36318 -23.01251 
15.39806 -33.47033 11.99568 
-61.39524 69.62388 -22.97544 
10.89972 86.45464 7.474719 
-58.21479 71.97912 -22.66135 
-44.40958 71.49344 -22.61527 
-25.82546 69.85986 21.31079 
10.55806 31.67908 29.87207 
14.45466 -33.0234 13.08132 
-50.44966 73.33874 -23.1276 
-48.41125 73.40306 -22.56618 
-21.42648 -32.23772 12.61645 
-22.87675 -26.95622 17.89522 
10.15526 74.31145 -23.26805 
-0.7901508 -5.414808 36.88176 
60.59105 74.74791 -23.33113 
9.273847 86.84818 7.992808 
-23.63227 73.3453 21.53069 
-11.05262 57.10889 37.94577 
11.85164 76.37839 -21.90407 
-11.72359 77.7043 -22.84694 
-11.43109 78.76016 -22.86469 
-12.57885 33.94085 31.02424 
9.786725 79.57036 -23.00089 
22.16624 73.56213 20.88008 
-9.8229 80.50141 -23.02582 
0.2150315 -5.048936 36.7308 
-10.20027 56.29333 38.31465 
9.015985 87.14212 8.474431 
-40.38934 -30.26831 12.08099 
6.92466 81.44462 -23.44133 
-2.422741 82.15507 -23.09436 
1.240122 82.1954 -23.17359 
8.212668 88.01304 6.821818 
-10.98724 83.22171 -22.98544 
-4.703972 82.58039 -23.06932 
-2.490118 82.79816 -22.81702 
-1.643068 82.78282 -22.80148 
-14.16689 34.72205 30.05271 
-20.85955 -27.4097 12.05811 
-17.3125 84.52383 -22.58187 
-41.38383 -26.86799 12.89845 
-21.04669 -26.0134 12.55457 
51.5904 85.07337 -22.37705 
-17.2188 86.99415 -22.15641 
8.655069 88.88076 -22.38905 
-21.27003 -24.54963 12.63306 
-0.1088176 -1.971238 48.65926 
-5.410289 68.53588 36.85197 
20.24351 90.30884 -22.59541 
20.89122 91.18741 -22.86256 
-0.04185301 89.58781 8.619185 
18.25177 -28.74352 27.32797 
20.8477 92.35783 -22.70608 
-15.0494 94.24013 -22.32976 
19.69762 -35.33158 10.17181 
-16.61166 82.33705 20.21392 
15.11528 81.65132 21.4959 
18.9566 95.71084 -23.33572 
-49.03205 50.04895 -22.28379 
13.31823 82.02573 20.81343 
-44.21129 51.54414 -22.38727 
-43.25587 51.60548 -21.65824 
32.67722 -22.84675 12.66608 
-41.84308 52.89472 -21.87197 
-41.24861 54.08326 -22.63534 
2.506593 90.1123 8.889767 
-1.712543 53.68813 -22.89764 
0.226685 -5.897105 41.26232 
12.86775 82.53314 20.46832 
48.54439 54.63499 -22.69521 
51.94594 55.26892 -22.79907 
46.43439 55.92404 -23.369 
7.389196 37.33235 30.69193 
45.25664 55.95324 -21.91552 
54.33184 55.59241 -22.14434 
-13.11812 83.62521 21.09 
-43.16658 56.16595 -22.62109 
33.43631 -20.90998 12.21884 
-5.968113 57.05883 -22.6811 
45.68109 56.41816 -22.72474 
-22.09889 -19.63446 12.73903 
11.96206 84.07572 20.44284 
-40.75669 56.1306 -22.83191 
14.6288 -19.59128 12.41387 
7.882969 38.39569 30.64031 
-42.36126 56.92841 -22.41201 
-62.36152 58.41376 -22.68686 
-6.296722 -10.72506 55.90337 
5.679918 57.89128 -21.6337 
10.40926 -0.2660937 18.50375 
-42.08067 60.18206 -22.38137 
58.11088 59.21302 -22.58023 
48.5107 60.40477 -22.92908 
-7.82757 61.98006 -21.80279 
-22.25177 -18.09937 12.49486 
-63.48514 61.46786 -21.58923 
-3.986015 84.94319 25.83886 
60.3255 61.96523 -22.00494 
32.68413 -18.66245 12.33674 
9.325913 63.89933 -21.86116 
-63.3279 63.65507 -22.92788 
-42.09409 64.27291 -22.46159 
-40.18896 64.65632 -22.7885 
-10.86512 63.7741 -23.22158 
-23.96916 -16.39057 12.92995 
-39.013 65.17308 -21.98251 
-62.84388 66.06487 -20.5363 
48.63113 68.3851 -22.66005 
21.41063 53.22128 28.86641 
2.65894 85.02175 25.70118 
-5.226276 87.43149 20.19591 
32.00557 -14.54944 12.64682 
60.08984 72.40274 -21.43431 
-45.89806 72.36343 -23.20579 
-49.17883 73.39428 -22.15829 
60.83925 73.08607 -23.02258 
-3.457242 -6.291438 41.54372 
-12.94991 75.09367 -22.59081 
48.53304 74.66434 -22.05361 
-40.67093 -13.83342 12.36618 
-25.94107 -53.79699 20.74215 
11.79854 77.21458 -21.74806 
-24.56878 -53.58299 21.24148 
10.39267 78.25273 -22.39307 
-5.436619 14.35781 29.39556 
27.54532 -53.59554 21.22882 
-12.26466 79.67846 -22.41617 
9.85129 80.56744 -22.84276 
19.41077 -28.43101 27.70914 
10.44695 81.37868 -22.46709 
-23.54332 -23.75442 18.13992 
-37.25922 -52.85571 20.59733 
-35.4067 -53.21958 21.76041 
-39.70292 -12.89517 11.74518 
-14.28171 80.86726 -22.1884 
-11.0871 81.88472 -22.46763 
-14.28076 84.07442 -22.41251 
6.94675 83.18407 -21.92177 
13.85276 -53.0522 21.60626 
-15.85647 83.4148 -22.37378 
49.82246 82.92733 -22.30676 
-13.8741 40.20019 30.76613 
-16.69603 83.68617 -22.33868 
-16.39374 83.86346 -22.47542 
-12.38679 84.1332 -22.71541 
7.185286 83.99146 -22.12718 
53.93828 84.54039 -22.68158 
-18.02811 85.84579 -22.57539 
33.15306 -23.8272 18.78278 
-6.964549 87.38977 -21.7537 
19.35484 90.77905 -22.92805 
-25.52781 62.65585 27.20338 
20.6051 89.90055 -22.28374 
20.9395 91.18721 -22.46014 
-10.0002 91.44991 -21.80368 
8.190961 57.82516 37.76566 
-19.45766 41.24892 29.62831 
-37.98952 -51.48462 20.13068 
-12.1158 93.16789 -22.25206 
13.05962 92.85079 -21.98212 
1.039589 -4.332107 36.32288 
-14.5303 91.87815 -20.61271 
-13.89304 95.22483 -23.64075 
14.90821 41.34529 30.61417 
16.94171 94.76243 -22.50202 
-22.65397 -50.22816 20.94503 
-50.64304 50.93821 -22.98464 
-52.78751 50.97856 -21.79243 
-51.35052 -52.67238 8.26714 
49.89771 54.13367 -22.66137 
-40.69931 53.82195 -21.49497 
1.070916 54.34206 -20.90596 
46.79746 53.8974 -21.66634 
13.01364 -26.83029 19.73065 
-37.96363 -49.74883 20.41701 
-40.59044 54.49055 -22.48716 
-3.216695 54.62766 -21.85254 
-57.59937 54.34278 -22.04396 
2.991877 54.96893 -21.78289 
-39.78423 56.18959 -22.21306 
-40.5831 -23.2029 18.41156 
55.74044 56.31757 -22.11794 
46.71698 57.5196 -23.24174 
-39.36417 57.05059 -21.53703 
-40.34232 57.87192 -22.14087 
-5.786968 58.05073 -21.18357 
-63.33707 59.96031 -22.19798 
-42.31217 58.44025 -22.06939 
-38.74866 58.51137 -21.53789 
47.75261 58.34735 -22.2506 
57.41906 58.35038 -21.73007 
-39.72103 59.01344 -22.25166 
-39.48801 60.59632 -22.12262 
-41.51553 60.00727 -22.05287 
-7.345459 60.48098 -21.93534 
40.52811 -52.53256 6.951258 
-63.49691 60.31502 -21.62901 
-51.85388 -51.98491 8.253652 
7.31772 61.33321 -21.7137 
47.65204 60.23633 -22.30413 
-41.45296 61.63406 -21.84431 
-37.38025 -47.98482 20.85151 
-18.18367 44.74638 30.56534 
-42.12481 62.07113 -22.21299 
-39.65273 62.16978 -21.84747 
-41.65072 63.12414 -22.15564 
-40.40693 61.9869 -21.91103 
48.01115 62.12175 -22.44775 
-39.07383 64.13837 -22.17381 
-23.97506 -46.18805 20.46279 
60.96856 63.42162 -21.49149 
47.5735 64.02884 -21.55381 
60.94941 64.92508 -21.91457 
-12.4815 64.58072 -22.3472 
12.12765 64.44583 -22.09871 
-39.6422 67.19582 -21.48815 
12.66757 66.82347 -21.19728 
60.79337 67.76201 -21.89471 
-14.12287 69.32416 -22.66746 
33.71822 -51.44008 7.556244 
48.05306 70.52924 -21.95802 
10.29708 68.95055 34.76118 
-61.88286 69.33627 -22.58828 
-4.616581 -5.560017 42.0293 
60.80949 70.44556 -22.22686 
-58.67941 72.11497 -22.06445 
-45.57519 71.55962 -21.80163 
48.88325 71.52808 -22.51927 
11.96755 72.30624 -21.6763 
-13.17485 73.16098 -22.37646 
10.17515 73.46014 -23.6906 
-53.13438 73.12312 -21.69789 
-51.44535 73.53116 -22.50566 
-50.01429 73.18411 -21.72227 
48.5703 73.18056 -22.39292 
19.13287 -34.03942 29.0274 
-13.54722 74.37994 -21.68071 
60.41919 74.72345 -21.30167 
58.77681 79.30524 -23.15815 
59.38272 76.29296 -22.02013 
-12.02084 78.40989 -22.41799 
-12.35158 78.51569 -21.89315 
-35.04699 -5.878077 17.01386 
58.16358 79.75974 -22.20058 
10.37196 78.99934 -21.85698 
10.90567 79.8341 -21.54645 
48.75091 79.5779 -22.68476 
-13.54957 80.27473 -22.11104 
4.426457 80.87886 -22.07249 
-12.63127 80.87128 -22.26013 
48.98833 81.6664 -22.52316 
56.90889 81.23631 -22.68195 
-15.04669 81.11467 -21.88502 
3.147449 82.36494 -22.19451 
5.166187 81.85949 -21.65333 
21.82926 -49.05085 29.57897 
-25.98406 -42.47178 21.02478 
-16.39801 82.70717 -21.8479 
-11.94637 -0.1094204 11.57651 
-21.21993 51.14928 30.39441 
50.17987 84.19773 -22.43158 
51.41024 83.524 -21.73301 
-17.04501 84.09206 -21.84767 
18.04186 49.81848 31.13951 
52.62775 84.03522 -21.90798 
54.40693 83.73619 -21.2769 
-4.635573 83.55479 -22.6426 
7.588484 86.70008 -22.99942 
-25.54223 -40.75483 20.30556 
-15.6763 35.95303 26.7242 
17.27911 88.53261 -22.1853 
20.21206 89.06581 -22.01703 
-17.39661 88.87331 -21.80392 
-52.16031 -50.25595 8.093753 
-39.54805 1.433722 12.45149 
-35.78641 -39.33026 20.92185 
20.40147 90.79163 -21.87928 
18.60022 53.42216 30.71411 
-25.52384 -37.3148 20.63891 
16.07329 93.81913 -21.70803 
17.79726 94.52126 -22.22762 
19.50822 95.08114 -23.00556 
-45.77634 50.87561 -21.75634 
18.74956 -51.15176 7.854957 
36.09219 -49.83246 7.835508 
12.88042 -52.78827 27.1266 
-25.76489 -35.71577 21.0983 
52.87833 55.22346 -21.78981 
3.597962 55.42683 -21.57022 
12.56198 -5.835394 17.03888 
45.18985 55.07938 -21.91284 
-37.9992 -36.66431 20.75719 
-39.47273 55.55532 -21.08434 
-59.73628 56.12222 -22.94556 
32.67688 -49.00524 8.728034 
31.36856 -35.45824 21.04492 
-4.841734 56.29555 -22.02337 
-6.192101 -1.542913 37.11031 
18.974 54.92188 30.43172 
-61.58705 57.10902 -21.27023 
-22.10683 55.27654 31.13088 
-6.497871 88.5865 18.02189 
58.85368 59.12931 -21.74761 
-6.801513 59.34143 -21.5619 
59.79823 59.82232 -21.01737 
60.29663 60.91514 -21.44857 
-38.9509 60.14863 -22.06431 
46.8354 61.20752 -21.72056 
-38.98982 62.87593 -21.47074 
-8.643652 62.83945 -21.99756 
8.303684 63.56516 -20.38953 
-23.76871 -20.42093 17.93568 
-38.72168 63.84472 -20.90572 
-12.74596 65.49538 -20.91744 
-11.61576 64.82925 -21.36731 
-10.65176 64.62109 -21.93792 
9.959742 64.16207 -22.13823 
-37.53428 8.02169 13.15668 
-38.9487 65.54224 -21.39316 
46.75684 65.84933 -20.62114 
32.22174 8.803344 12.78549 
38.25176 -49.10354 7.809067 
47.3245 69.05069 -21.39962 
60.453 68.76918 -21.44964 
-14.09095 68.24235 -21.89394 
12.73607 70.15518 -21.56197 
-62.13556 68.78677 -21.26749 
12.99753 -32.30267 20.63094 
-38.16607 -33.0076 20.94689 
-60.00978 71.0516 -21.96481 
-42.47365 70.56284 -22.03862 
60.37556 71.03257 -21.26409 
-56.04621 71.9046 -20.48888 
-13.84619 71.61376 -21.82101 
-57.20823 72.26434 -21.96589 
-47.51403 73.12859 -22.20399 
-48.69331 73.10826 -21.35899 
-12.08635 76.8392 -21.64799 
-49.77755 -47.90072 8.666428 
48.76272 77.79776 -22.77998 
20.86804 -53.09797 25.62975 
32.07766 -32.39246 20.49957 
22.28007 57.84168 28.14138 
-13.57942 79.81339 -21.55496 
28.37679 14.02674 12.80289 
-3.8121 -6.593022 47.30017 
19.99372 60.51894 30.55036 
-14.96933 80.89963 -21.35176 
24.5056 16.57988 12.04972 
-38.144 -29.57546 20.92968 
-4.217504 84.18363 -21.55389 
14.52094 85.20495 -21.81205 
18.74078 61.51273 30.89051 
22.55013 17.82605 13.33559 
-15.24561 37.16357 27.50005 
25.55114 -28.05323 27.8801 
19.79292 63.21239 30.28582 
18.75563 86.55228 -21.24315 
-9.969411 12.88777 28.12329 
19.45031 87.80695 -21.60606 
21.95634 19.07824 11.6896 
-38.84819 -28.24379 20.76856 
20.03593 88.32899 -21.39043 
11.6547 91.25612 -20.71002 
-1.927291 -3.568885 53.92349 
-16.20468 92.1337 -21.38771 
20.93868 -46.27735 7.39783 
-10.74827 91.39774 -21.01906 
-24.15945 21.87589 15.15072 
18.46735 64.03396 30.73044 
19.61965 93.92042 -22.4101 
-48.43295 -46.16264 8.534597 
-51.69222 50.20568 -20.59422 
-50.19955 50.29032 -21.61086 
-46.97721 -46.01163 7.622078 
-54.1844 51.78424 -20.83834 
-56.41596 52.73291 -20.88933 
21.30375 -45.53398 7.601196 
48.64353 53.17516 -21.39772 
50.00621 52.85313 -20.94428 
45.58286 53.49556 -21.41975 
51.3253 53.76154 -21.96932 
-21.79313 24.33054 12.08001 
-26.26917 -27.26895 21.22672 
52.49923 53.92475 -20.89199 
44.29006 54.79763 -21.51022 
53.87019 54.16683 -20.57312 
53.70922 55.14855 -21.41607 
18.42558 25.17008 12.36021 
54.39873 55.26017 -21.00116 
-13.13612 53.09835 37.1284 
44.82395 55.76587 -21.28758 
56.03138 56.0219 -21.00536 
-5.057568 56.8731 -21.0546 
4.62639 56.82088 -21.65702 
16.85846 -52.86875 26.17028 
-20.9422 26.83425 11.751 
-25.582 -25.08574 20.67002 
6.573633 59.5341 -21.74486 
32.67805 -24.6637 20.68043 
47.56383 59.20866 -21.37579 
-27.08961 -23.79176 21.02857 
21.00709 -44.7084 8.231524 
-38.68352 61.58425 -21.19213 
7.502197 62.45537 -20.5115 
46.89108 63.15306 -21.03503 
-8.559831 62.47555 -20.92181 
61.49839 64.08603 -20.89632 
-9.651625 64.38869 -21.28589 
19.12106 30.6708 13.13683 
26.13833 -45.46682 7.841352 
-9.90717 59.11851 37.71201 
18.12234 32.6991 11.89772 
-13.65628 65.90608 -21.68107 
61.56845 66.7095 -21.14906 
12.84441 69.10181 -20.99282 
-14.59666 69.93558 -21.51433 
-60.39071 70.35953 -20.47612 
-43.83648 71.34361 -21.07318 
47.64232 71.95697 -21.1183 
-59.60468 71.23428 -19.74364 
18.45091 35.1943 13.45535 
-58.22821 72.68423 -21.10324 
-4.785147 69.65074 37.17298 
24.54174 -44.5799 8.592722 
11.6786 73.55793 -21.1177 
-51.59502 73.378 -20.89347 
-37.98628 -21.89374 20.9404 
47.88486 73.62927 -21.15804 
11.66675 75.08493 -21.98199 
-26.2021 -52.07359 26.00533 
-18.8916 69.22909 31.01263 
58.54683 77.76797 -20.75947 
-31.5738 -44.05944 8.278945 
32.27374 -21.77431 21.35821 
21.38988 39.2259 11.78476 
-23.8253 40.04712 11.85021 
49.79876 80.72195 -21.0949 
-7.794603 16.78629 28.99893 
-15.96768 82.09669 -21.35481 
-2.457691 2.510082 28.03282 
11.53642 82.13091 -22.03174 
-16.20198 83.06998 -21.33341 
-39.20828 -43.33754 7.932412 
31.16687 -19.76834 21.11493 
-1.964904 83.63252 -21.40972 
1.016256 83.52663 -21.3854 
-29.39153 -20.29039 21.33483 
15.28012 84.50208 -21.14023 
-17.56637 70.76376 30.67332 
-4.316798 84.63107 -20.42051 
-16.96337 71.41721 30.54117 
29.4328 -31.6885 25.81085 
18.2444 85.87505 -21.07641 
-0.0109897 2.309771 27.89914 
-5.573054 85.58299 -20.39822 
-32.76021 -43.15305 8.102803 
24.17226 43.94856 12.35462 
-16.06933 71.94614 30.94667 
-27.80361 47.22809 12.61548 
-8.201133 89.60019 -21.64559 
-17.10444 89.53611 -21.57567 
-30.20673 -18.39455 20.68602 
10.38126 89.99804 -20.38694 
19.20093 90.85426 -21.20532 
-22.41949 -33.40042 10.57004 
18.13651 92.08607 -20.73562 
-12.88182 92.97037 -21.72645 
29.95553 47.62501 12.25502 
16.79939 -19.06419 20.47931 
-38.00946 -43.12125 7.708756 
31.09139 47.66393 11.63996 
14.83474 93.56564 -21.83569 
-48.02441 50.1248 -20.89573 
-45.55391 50.33372 -20.73756 
12.41841 37.26955 27.23122 
32.29746 48.38817 12.2577 
-44.32224 50.92659 -20.81831 
-42.34786 51.99613 -20.82863 
20.32122 -27.14314 27.48759 
-26.62661 -51.30773 26.05647 
29.58651 -18.01011 20.66419 
-57.04744 53.98693 -19.9191 
-0.5669143 54.2948 -20.78007 
-37.70839 -18.391 20.46843 
-58.64766 55.4956 -20.90834 
-59.10298 56.22324 -20.71251 
55.22058 55.37029 -20.24155 
45.43029 56.41919 -20.38058 
-59.82156 56.66345 -20.41008 
-29.86749 51.34935 12.30722 
-61.12796 56.82806 -20.33355 
32.12569 -18.80865 17.6737 
-28.75036 -40.46227 8.207146 
-29.94994 53.44724 12.57679 
46.61076 59.08633 -20.7954 
-38.37602 60.14769 -21.32979 
-8.918351 69.31062 35.99852 
6.176734 59.8489 -20.40545 
-38.09728 62.49747 -20.23133 
1.645228 2.699738 37.76809 
35.79394 54.98162 11.83919 
19.6054 -17.65776 21.28509 
-10.16305 64.83751 -20.56836 
9.520589 65.05588 -20.45135 
11.62228 64.78227 -21.29776 
12.46088 65.33262 -20.70936 
-39.44433 66.9416 -20.58336 
12.72786 66.71886 -20.1502 
-40.68904 68.0724 -20.87907 
46.21056 68.77647 -19.69199 
-12.45333 69.55051 35.12581 
24.18454 -16.04635 20.08954 
26.1111 -16.77236 21.15364 
60.07523 70.00967 -20.17494 
35.8964 58.33705 11.3904 
23.45001 -16.07971 20.48339 
-44.87727 71.20889 -20.14709 
-56.26901 71.60893 -19.90142 
-46.6044 72.09782 -21.03956 
-49.56188 72.83665 -20.81682 
-30.7 58.51294 12.60769 
-48.03576 72.25061 -20.23862 
-8.172 13.4931 28.78586 
58.92091 73.41972 -20.11383 
12.14618 74.29553 -20.44295 
47.37709 74.27235 -20.33514 
47.77859 74.65379 -20.12829 
-6.538501 -9.620739 55.08453 
58.91561 76.08302 -20.86392 
10.60875 76.91599 31.91085 
12.50024 77.19268 -20.88571 
48.5748 75.9371 -20.38731 
-4.611952 14.97427 29.61736 
33.41719 60.39113 12.27654 
2.617973 45.57234 34.89731 
12.90846 78.13595 -21.05845 
-27.07358 -50.21964 26.17174 
-12.17857 79.10414 -20.95109 
49.67787 79.33118 -20.04139 
-13.97767 81.22863 -20.55257 
57.36422 80.30299 -20.70328 
23.62916 -52.81963 16.06476 
13.62317 81.26188 -21.03289 
49.77052 82.14596 -21.59587 
56.78867 81.08643 -20.76092 
-14.83355 82.35532 -20.59456 
-11.4709 79.68021 29.64234 
3.118584 4.275227 28.67163 
4.986026 82.73535 -20.77744 
25.61754 -6.997351 20.59546 
3.72354 88.47675 17.65326 
28.81349 63.51181 12.89522 
-24.90763 -6.479097 20.72708 
10.08723 78.9926 30.69807 
17.66258 -6.56495 20.64731 
16.91111 83.62019 -20.5612 
-25.93523 -36.99402 8.230765 
-16.5743 85.91897 -21.65222 
18.60848 85.98125 -20.63554 
-27.24387 -5.655524 20.60644 
19.30099 87.16055 -20.8672 
-0.8767341 -5.699643 43.73912 
-23.42871 -5.520013 21.13461 
19.91343 89.24136 -21.18623 
-30.10508 65.5777 12.20838 
29.38152 -28.30846 25.73898 
-14.48907 89.84294 -19.79341 
24.68906 -6.578506 21.18869 
-38.39037 -34.11543 7.930099 
14.11719 92.47239 -20.7027 
16.00688 91.94132 -20.07474 
-46.72414 49.68266 -19.58999 
13.34985 -23.83821 19.06102 
-10.1517 69.49564 34.89623 
-55.18459 52.22893 -20.01665 
48.67914 51.79301 -20.13832 
-42.11966 52.33669 -19.86047 
-8.157401 81.68665 29.68521 
44.47252 53.05989 -20.53909 
50.78234 52.62654 -20.32843 
23.68147 72.8905 12.61581 
-39.67148 -33.13091 8.243309 
-27.18063 72.47428 12.57929 
43.14891 54.93914 -20.5481 
-0.9312681 54.19422 -20.13723 
1.705595 54.73068 -20.66199 
3.452739 56.34924 -20.21883 
-3.425025 -7.037665 56.81772 
-62.0374 57.44378 -20.52843 
-5.787159 57.10463 -19.65608 
46.22174 57.41866 -20.42523 
57.86182 56.97754 -19.81631 
-38.28358 58.23208 -19.49943 
46.16791 58.61504 -20.28613 
58.95996 58.72193 -19.92708 
5.34007 58.28796 -20.37069 
8.980167 60.60839 37.95712 
-7.228899 59.05249 -20.10762 
21.87447 75.85457 13.171 
-8.018296 60.21185 -20.06234 
3.247428 80.75304 31.52755 
24.465 -4.671116 20.71497 
25.85055 -50.39037 25.17826 
-38.15877 60.61798 -19.71672 
60.55349 61.01352 -20.08928 
14.47022 -3.217237 20.97066 
-39.22384 -31.81934 7.779167 
-22.33486 -32.2181 9.577494 
-4.540672 82.60724 29.84034 
-12.06158 65.46635 -20.48624 
26.85592 -32.24773 7.611954 
-14.56261 66.93431 -19.89923 
47.01265 67.0637 -20.65723 
25.14138 -48.17799 26.39504 
-15.32291 69.45567 -20.10925 
46.76796 71.01105 -19.85131 
-16.12848 -2.425438 20.87778 
60.54622 68.58468 -20.594 
-41.46898 69.10315 -20.95732 
27.40386 -3.34378 20.92473 
59.44722 70.96794 -20.00363 
-58.76828 71.59791 -19.30026 
16.97121 80.47543 13.1566 
-2.615755 82.73483 30.01322 
-1.07274 82.58046 30.25032 
-55.10764 72.63152 -21.23249 
-39.95389 -31.71475 8.454601 
-50.74194 73.06631 -20.38174 
-0.06112194 82.85215 29.7461 
46.18823 74.07037 -19.7958 
12.49537 72.93157 -19.36399 
-31.63931 61.41042 10.81478 
60.29952 74.01628 -21.03998 
58.7117 75.0478 -20.01478 
0.9048883 81.99761 30.73014 
11.90407 76.13051 -20.35204 
48.74451 75.85595 -19.38022 
27.68265 -1.900837 21.23665 
49.25683 78.09956 -20.37092 
-11.87065 78.31634 -20.57094 
56.92784 79.33636 -19.83478 
14.56818 79.64729 -20.59586 
50.6945 80.55492 -20.13221 
13.80097 84.59159 12.26216 
-15.7591 85.18087 12.55895 
15.8879 80.9203 -20.29423 
55.89962 80.74663 -19.63174 
51.0392 81.42075 -20.2949 
16.43726 82.21384 -20.24933 
29.92001 -26.4227 24.55872 
51.34284 82.36185 -20.69466 
55.06931 82.28121 -20.48388 
15.31272 -52.84634 30.80812 
22.38487 -30.10647 7.76228 
53.49409 83.06751 -20.34007 
19.86093 -52.67405 31.29543 
2.159519 83.28413 -19.77358 
2.486409 83.2253 -20.7644 
6.312487 83.28999 -20.13141 
28.09937 -0.8125998 20.96352 
28.27666 -31.35566 8.308908 
-1.854633 84.00098 -20.19349 
0.6368435 83.85966 -20.38498 
17.86623 84.37891 -20.45616 
-15.75787 88.05529 -20.38478 
7.953797 87.13071 -20.77835 
19.71926 -29.95754 7.672332 
9.14399 87.87229 -19.0354 
-10.31112 88.47171 12.37036 
-9.460585 89.97567 -20.35483 
-32.91669 0.2619554 21.2539 
-37.23584 -14.83729 17.46756 
-14.07878 0.03958464 20.49445 
6.56282 88.49357 13.73884 
-13.69694 90.49479 -19.75971 
-11.55569 90.62753 -20.07223 
13.01316 91.04694 -19.69164 
20.64578 -51.1004 30.84046 
-47.94194 49.61442 -19.1036 
-49.56676 50.38958 -20.08342 
-45.20052 50.35333 -19.83723 
-52.62796 50.53337 -19.94501 
-43.71816 51.39702 -19.45759 
-55.92036 52.93009 -19.40713 
-40.56104 53.75272 -19.76793 
46.17638 52.62924 -20.39258 
53.46991 53.53498 -20.06158 
-10.29224 60.67518 38.05611 
19.15962 -51.02588 31.66762 
-34.82291 1.453949 20.00918 
-6.082745 90.04862 12.25414 
-21.63646 -29.02482 7.977515 
-3.168303 55.2179 -20.57213 
-58.99585 56.22398 -19.81966 
10.14796 2.471881 20.4264 
57.04936 56.74636 -20.35363 
9.927097 3.232268 21.20073 
-47.30893 -53.6453 12.58844 
-33.78564 4.345853 21.27673 
-41.33107 -28.11636 8.655995 
30.21788 -53.40297 11.05086 
45.98158 63.66982 -19.86516 
35.14017 -53.42176 13.66145 
-62.84706 65.53934 -19.7596 
-47.94182 -53.10104 13.00419 
-10.40283 65.30524 -19.6222 
-39.60612 65.58443 -18.82351 
-13.60124 65.99784 -19.74002 
10.94736 66.09612 -19.62557 
12.12561 66.09737 -19.83994 
-40.68521 68.6375 -19.94708 
-14.74836 67.79742 -20.2741 
45.78045 70.66839 -19.06391 
12.80364 70.78797 -19.44917 
-14.96399 70.87112 -20.14415 
-21.2945 -27.56607 7.403577 
-46.28931 71.97096 -19.8368 
-15.04011 71.752 -19.76949 
16.03626 -47.61704 31.27336 
32.04949 -26.90108 7.972477 
-49.16248 72.09473 -19.70275 
47.32076 73.07306 -20.52754 
29.47218 -53.25261 12.2144 
-41.49008 -26.61381 8.756089 
-14.22644 73.39544 -20.57128 
35.94611 -52.83054 13.2224 
-7.866678 5.645648 21.06284 
12.36802 74.73161 -19.6316 
-12.57271 77.12318 -19.76974 
34.17767 62.6473 10.19475 
13.17877 78.01022 -20.09894 
-27.9078 -52.05328 11.31697 
57.37584 77.94053 -19.70378 
49.79633 78.42918 -19.6103 
-0.8691502 -2.136945 31.19854 
-11.75024 79.91916 -19.2012 
-7.309328 6.292386 20.8177 
-3.625649 -1.084882 31.26729 
15.64235 80.96391 -19.22676 
16.37932 81.45474 -19.69279 
52.8717 81.10805 -19.71792 
1.162052 -1.135272 30.91479 
54.26689 81.46141 -19.5547 
14.4782 -44.86465 26.68894 
-13.78069 82.70602 -18.99674 
17.37139 -15.34341 17.38264 
17.24438 83.17905 -19.75319 
-1.299789 84.6106 -19.30868 
0.9186034 84.57681 -18.80926 
-21.31169 -26.03082 7.52316 
6.884942 84.11264 -19.53459 
-15.95744 84.30726 -21.07576 
-4.128729 -0.007170456 30.66247 
-26.20074 -51.14207 13.40084 
17.94266 84.45267 -19.97133 
17.10031 85.12037 -19.45259 
18.13677 85.30308 -20.01072 
17.97691 87.30724 -19.96773 
18.52117 86.76772 -20.18776 
-7.42865 87.98458 -20.78004 
-1.861809 4.945889 36.44492 
-7.063432 7.067127 21.1735 
17.73215 -24.07114 25.12398 
-5.940985 7.271759 21.44989 
2.455861 62.74406 39.23057 
-26.44474 -49.44765 13.33602 
-20.57839 -24.56995 7.941531 
36.54847 -49.42684 12.52175 
47.15943 51.69234 -19.87196 
28.10312 8.491213 21.0757 
-41.62445 52.01648 -18.47932 
51.93306 52.9431 -19.39432 
32.97623 -23.81384 7.877184 
54.74858 53.92302 -19.2246 
-39.50056 55.1667 -19.7173 
-2.821414 54.76677 -19.108 
2.62902 55.23388 -19.17507 
-6.68001 43.37135 35.97002 
15.10762 -43.6473 25.53547 
-5.152337 -0.7091711 45.61461 
-4.747921 55.99805 -18.98151 
43.64352 55.72556 -20.56823 
5.094242 57.04736 -18.72401 
-5.872626 4.852012 30.85035 
-33.60976 -14.23278 17.71049 
45.43543 56.9162 -19.70687 
-61.96048 58.14104 -19.44586 
-10.92193 11.56861 27.70767 
-45.53285 -45.78382 12.37658 
-8.114203 59.8197 -19.12295 
-6.402862 58.29127 -19.65131 
33.30276 -22.90809 8.634795 
45.77842 60.10115 -19.41491 
8.770195 62.82693 -18.79672 
-25.76844 -45.60552 12.3302 
33.33059 -45.91761 13.0685 
45.92901 61.68392 -19.77444 
-10.01079 63.43457 -18.81599 
-63.12917 62.27259 -20.34119 
-12.11496 -1.480996 17.18528 
27.19176 -42.53054 24.94609 
61.87278 65.17924 -19.88693 
-39.01541 64.89153 -19.72247 
9.019366 64.63646 -19.8524 
15.79336 -22.16879 8.392522 
10.18696 65.8954 -18.91171 
45.48038 65.71034 -18.89665 
-39.88748 67.0894 -19.53535 
12.16032 66.68652 -18.75142 
-4.834738 7.595505 31.48236 
31.25115 -44.70606 13.42473 
32.27352 -45.34916 12.81318 
12.78926 68.55768 -20.05375 
61.1403 68.7351 -19.46001 
-42.52183 -21.48915 7.62613 
-42.91799 -20.42491 8.675557 
-26.50811 16.70544 20.03291 
-45.72267 71.56879 -19.16805 
-50.07795 72.32262 -19.5284 
45.56105 72.97093 -19.42242 
-42.49986 -43.1307 12.80466 
-14.37587 73.61692 -19.06245 
19.83315 -43.4854 12.54687 
25.32343 -43.38457 12.61822 
-13.71065 75.20531 -19.92184 
-3.926635 63.04779 39.11124 
-21.66245 -20.05685 8.317844 
22.32166 -42.95017 12.20247 
-11.98923 77.54807 -18.9764 
11.89946 77.36504 -18.53818 
-40.40678 -42.01583 12.6972 
15.06595 80.10263 -19.67067 
-42.63608 -18.66679 8.449613 
24.58076 -42.71324 12.81291 
-22.48157 19.81756 21.28975 
-25.77817 -41.9286 12.77952 
7.441079 85.49936 -19.82415 
-2.769788 84.95928 -18.97776 
-14.33713 85.00738 -19.24384 
-22.29839 -18.36346 7.965369 
-40.74107 -37.99614 13.29756 
-23.66875 -38.43197 12.21274 
-37.2649 -0.9495687 17.01441 
-23.19139 -37.67721 12.21746 
-8.804986 63.07633 38.26722 
28.39882 -13.01274 17.57708 
-42.92728 -17.13204 8.565042 
24.33769 -39.40153 13.33144 
17.27494 90.57391 -19.77726 
3.972502 13.18767 28.17189 
-7.83829 44.84804 36.90725 
-3.591436 19.89763 31.03197 
-50.91182 50.22541 -19.10087 
14.99865 -38.8675 26.18685 
-44.1118 51.16684 -18.91165 
-24.24729 -16.63076 7.900633 
49.9905 51.4297 -19.19622 
-53.79088 51.24723 -19.70544 
-42.64529 51.28339 -18.31206 
43.77151 53.041 -19.41046 
-13.52848 14.43103 27.74442 
16.72786 25.4807 21.70742 
-40.71508 53.01495 -18.2797 
42.65065 54.15606 -19.44241 
-58.01344 55.10206 -18.26004 
1.218301 54.49926 -19.31052 
-5.662546 19.73703 30.85261 
3.882966 56.04076 -18.62556 
42.09319 55.06451 -19.13641 
-38.96474 56.59989 -19.20766 
56.28463 55.88079 -18.99903 
16.93194 -36.33951 12.64065 
-1.715179 19.93325 30.98479 
20.21899 -37.9608 13.05669 
-10.92886 12.86917 27.99527 
5.879612 58.15161 -18.44975 
58.49675 57.2381 -18.69501 
23.78104 -37.14592 12.59192 
6.218766 59.26422 -18.74185 
24.60801 -37.47966 12.48858 
59.73767 59.71469 -18.90909 
25.86016 -37.34777 12.38411 
-40.70528 -37.30166 13.39039 
-37.70452 61.65822 -18.60503 
45.05136 62.32634 -18.99576 
-11.7213 0.2034883 17.39673 
-38.20559 63.42142 -19.67006 
24.11032 -33.66006 9.930188 
22.14107 -37.33859 12.82542 
-4.421915 21.16523 31.18508 
-62.00008 67.24442 -18.89322 
-30.76756 -47.49278 6.995963 
-40.19107 67.43002 -18.22906 
-2.410696 -9.722415 55.97966 
12.81582 66.99136 -19.18167 
-40.69325 68.71933 -19.04705 
-15.36353 69.16082 -18.5462 
21.74074 -26.03329 27.04024 
-40.11518 -36.32524 12.45796 
-44.4448 70.37619 -18.70773 
-43.02439 70.2355 -19.58429 
60.74984 69.90897 -18.79247 
-54.06306 72.12095 -19.26342 
-47.1474 71.96628 -18.83013 
12.4973 72.06839 -19.70421 
-0.3614499 20.80783 31.10965 
-22.54854 -36.13859 13.67744 
-52.59912 72.58186 -19.72024 
-51.82927 71.83561 -18.66707 
-48.04073 71.7599 -18.35052 
-8.74677 18.06641 29.21466 
58.80721 71.60892 -18.89244 
-15.11431 72.44772 -18.34289 
-41.32512 -13.40615 8.558943 
45.44052 74.42578 -18.44015 
57.79214 75.17695 -18.56554 
46.37223 75.05015 -18.8487 
-39.9399 -34.75233 12.95404 
48.53709 75.57832 -18.67684 
-7.61462 21.39413 30.712 
57.12315 76.97953 -18.92824 
-11.62915 78.86353 -19.18346 
50.81869 78.84309 -19.14308 
-10.10335 65.57612 37.44267 
27.92021 -39.20199 26.08403 
28.1708 -33.81734 10.42731 
51.46555 79.91443 -19.40201 
54.8332 80.25725 -18.42245 
16.26212 83.01814 -19.05116 
29.56198 -34.30725 13.42763 
-4.408215 85.14349 -19.56334 
18.42763 -22.90527 25.26327 
-23.94198 41.56436 20.70691 
-37.13065 0.3303701 17.32646 
17.112 87.54984 -19.31793 
-24.57168 43.30743 22.16565 
21.96544 42.4487 21.1681 
29.275 -36.39085 25.46837 
-10.17607 88.56937 -18.63015 
11.04039 88.95236 -18.68501 
31.45765 -32.29214 13.2212 
14.76378 90.28219 -19.07512 
-25.21712 44.45203 20.76898 
32.6792 -10.9836 8.694621 
49.04792 50.78869 -18.37249 
-54.52033 51.45842 -18.61928 
42.9141 52.62453 -18.77699 
44.80964 52.16791 -18.7314 
52.11898 51.96452 -18.35449 
31.32267 -30.73591 13.02248 
-39.72602 53.70314 -18.56242 
-1.335043 54.29532 -17.80904 
29.25187 -8.877942 17.15819 
3.884794 20.89567 30.88947 
2.371137 55.58623 -17.93063 
23.92798 49.35503 21.24062 
27.81742 -22.15001 25.55474 
42.28715 56.02934 -18.78688 
40.85948 56.18853 -18.43247 
23.55899 50.40442 20.18815 
-60.87777 56.92329 -18.51364 
-5.909595 57.42109 -17.96968 
44.9783 56.91139 -18.95146 
23.4963 51.81855 20.50664 
14.69437 -36.48882 25.84962 
45.25662 59.46566 -19.07922 
-38.1027 58.97959 -18.79738 
23.96839 53.46152 20.95838 
6.979222 60.0386 -18.58749 
5.933217 14.71885 27.6974 
-11.29191 0.4836688 17.07584 
44.49617 60.9303 -18.52419 
-9.06574 61.27479 -18.99788 
12.63028 -28.0087 12.50424 
-9.290068 62.26963 -18.98246 
61.33352 62.26943 -19.61801 
-61.89252 60.52082 -18.44711 
-38.05524 63.3881 -18.12932 
-28.78448 54.06882 19.82378 
9.214244 64.11478 -18.49702 
16.20362 -18.42623 18.48304 
-18.98511 -6.811076 9.080463 
-38.5586 64.61007 -18.7286 
9.66732 64.6601 -17.91131 
-30.03111 -9.033146 17.88286 
-10.73767 65.76792 -17.70281 
-23.94694 -21.62338 18.38771 
7.634531 63.97625 37.87704 
32.83338 -26.87086 12.07927 
61.77857 65.98314 -19.02476 
-13.54617 66.00625 -17.89606 
61.18022 67.79037 -19.66112 
-60.20247 68.60558 -17.47345 
-43.11928 70.12059 -18.2811 
-15.17991 70.13853 -18.17424 
-6.706321 -8.785866 55.66052 
-56.69838 70.73457 -18.16424 
12.25742 -24.98085 12.69645 
-28.94776 61.19758 21.7819 
59.99938 70.68506 -18.03064 
-53.31743 71.47381 -18.28107 
5.858632 22.48089 31.22179 
-49.19783 72.09837 -17.91364 
58.00763 72.73087 -18.48466 
25.41277 61.21257 21.37252 
-14.35208 74.65264 -18.5812 
32.65364 -24.12956 13.12045 
-8.735634 22.7164 31.00478 
-13.45509 75.87709 -18.98112 
11.90252 75.78603 -18.25634 
-12.51039 77.1607 -18.26696 
56.62115 78.22258 -18.67213 
24.92383 62.68589 20.53066 
52.61164 79.03025 -18.66144 
12.8138 -23.12907 12.6633 
13.76016 79.21075 -18.34674 
55.55297 79.04413 -18.65267 
24.42618 63.85513 20.91944 
14.72884 80.48607 -18.34637 
-11.55635 80.74596 -18.16094 
5.045296 83.12963 -19.26649 
-17.70793 -5.155204 9.093144 
24.01961 65.40491 21.17056 
-5.710333 85.91497 -18.47276 
16.51005 86.04575 -18.82162 
-7.149239 87.0177 -19.1417 
-9.890758 1.901928 17.97319 
-27.14414 66.32475 20.93521 
-7.128175 86.62161 -17.63795 
15.81578 88.8982 -18.79052 
-12.58437 88.5162 -18.58604 
-9.316067 88.6681 -19.10332 
22.40464 -32.70868 9.676902 
-25.7426 67.70847 21.77942 
-50.71204 49.90965 -18.14729 
-48.79179 49.8868 -18.75231 
-45.43417 50.43917 -18.40221 
-43.49355 50.92234 -17.76421 
46.56398 51.22257 -18.5487 
-2.440433 0.1093083 47.47292 
32.55877 -19.78111 13.0065 
-52.95772 51.23202 -17.53865 
51.20927 51.83357 -18.47067 
7.826184 72.43391 35.50539 
16.29583 -18.38719 12.01425 
0.6024981 24.91149 31.40442 
53.63486 53.13589 -17.98576 
8.378191 1.048339 16.60431 
-56.3269 53.91307 -18.27488 
41.67709 54.10554 -18.84105 
32.02182 -17.05338 13.3963 
-38.8929 55.48286 -17.99096 
55.44421 54.44046 -18.41411 
1.055087 54.62726 -18.00879 
-41.51311 -16.41616 12.55618 
40.02333 55.92342 -17.73681 
57.29757 56.32396 -17.89934 
-38.63652 56.29531 -17.51738 
15.93096 -33.23271 26.56122 
-14.65075 -0.4914877 6.388285 
20.98591 74.73225 20.41846 
-37.98835 57.54246 -17.97462 
43.73002 57.37279 -17.7289 
9.574297 -1.642151 8.881352 
29.3534 -33.13927 25.48452 
59.27231 58.53664 -18.18736 
43.99293 59.72128 -17.5255 
31.83721 1.451102 17.07037 
26.2083 -20.69719 25.34497 
-38.2556 60.35222 -18.42992 
21.09249 73.3578 21.91538 
-8.595276 60.56731 -17.58175 
-40.8511 -15.59881 13.26583 
15.78592 -14.18956 11.23196 
-9.227365 61.84281 -17.71121 
35.20584 -1.479887 8.79983 
61.80259 63.69315 -18.55014 
44.42067 65.87353 -17.92209 
61.85442 66.42833 -16.75885 
-12.5385 65.94581 -18.82278 
10.61259 66.5472 -17.73383 
-20.49602 77.76684 21.48815 
-41.7747 69.54996 -18.99845 
-24.68037 -13.04638 12.57495 
-24.231 -12.75148 12.86363 
-38.28722 -12.60973 13.30221 
44.8717 71.49265 -18.87704 
15.89578 -13.20284 13.30846 
-55.15687 69.99924 -16.91608 
-54.37573 70.72672 -17.98867 
-23.82888 -11.7328 13.50667 
-15.39243 71.20799 -17.57507 
9.955675 26.47971 30.54479 
-50.40503 71.9 -17.23585 
59.46738 72.08967 -17.09855 
-14.42461 73.25207 -17.78793 
44.41811 73.09184 -18.57162 
-18.27795 80.1125 21.32937 
-16.39022 81.91566 21.26107 
57.15632 73.71687 -17.78598 
-22.17472 -11.42444 13.49049 
7.325137 16.31992 28.45443 
-13.13466 14.91429 27.79135 
50.28249 76.73315 -18.24508 
50.73893 77.74763 -18.38141 
-12.12292 78.29881 -18.07187 
54.11137 80.28772 -18.40803 
9.682376 27.34451 30.63596 
-11.92158 82.96415 -17.33985 
-14.52292 82.63705 21.31174 
6.416843 83.91643 -17.78713 
-26.15807 -9.313908 17.75078 
7.684197 27.56699 31.47154 
-10.01299 28.45161 31.04371 
14.44293 84.7703 -17.78129 
-1.916783 84.69372 -17.67406 
-0.6425015 84.87479 -17.56337 
-13.56095 87.01389 -18.58884 
7.997766 85.4849 -17.37013 
7.884782 2.097137 17.51813 
14.83237 86.92958 -18.09877 
8.937573 86.33228 -17.33481 
6.287134 73.06968 35.31567 
6.677772 74.31821 34.49913 
-18.25216 -8.867579 11.97503 
-47.89553 50.29369 -17.13728 
-46.90767 50.17828 -17.67814 
-44.60507 50.14067 -17.4374 
47.1063 49.8738 -16.94941 
-52.15473 50.9605 -17.99907 
50.28947 50.99069 -17.29563 
-5.993535 -3.18533 40.58341 
-39.43623 3.240325 8.661522 
41.51932 52.81538 -17.62627 
33.259 -7.568086 12.9017 
-57.29948 54.8611 -17.48928 
-39.97488 53.74537 -16.95315 
-24.05475 74.51071 18.34777 
33.52432 -6.330729 13.36333 
40.66836 54.42173 -17.50998 
-59.31297 55.39536 -16.61935 
11.83202 -6.830317 13.6847 
8.726245 31.33704 31.11247 
-4.730937 56.28016 -17.74361 
-16.704 -7.120558 11.8886 
40.84867 57.61687 -17.32336 
-61.45654 57.63618 -17.55452 
-8.343669 87.13152 20.29946 
-6.670769 87.34669 20.90805 
-4.215787 46.15443 36.94231 
44.26748 58.03769 -18.01754 
16.12661 -29.31427 26.06207 
5.609191 58.60238 -17.52139 
-7.992129 59.80718 -17.91467 
60.19302 59.93801 -18.10897 
5.855094 59.56757 -17.45776 
34.3619 -5.83424 11.66093 
-40.0991 -21.56341 19.07243 
-37.98791 61.2876 -17.47485 
11.14854 -4.581672 12.74617 
60.80997 60.85698 -18.44038 
8.813001 62.28916 -17.57307 
-5.195261 70.9253 36.86468 
-9.845557 62.92827 -17.09935 
44.46978 63.25092 -17.78869 
3.837554 45.22437 36.51807 
18.22652 39.60659 27.01348 
44.92621 64.67226 -18.50467 
-14.10794 66.12422 -18.40749 
-14.48374 65.92354 -16.97743 
-11.17202 66.00106 -18.27031 
10.05636 65.90908 -17.36296 
34.09839 -4.512897 12.06566 
-16.10106 66.68345 -16.98585 
-15.15594 66.91623 -18.3793 
12.34119 67.68626 -17.36821 
-32.29372 -8.362033 17.76113 
-41.27083 68.69292 -17.54862 
-9.891855 32.29679 30.94728 
61.20248 68.82872 -17.95222 
8.700145 32.14716 31.24092 
0.2814635 87.95181 20.63296 
-59.07058 69.8963 -17.81254 
-44.03234 70.13749 -17.89333 
10.27062 -2.648779 12.58012 
-6.154196 -2.076197 40.21932 
-15.34325 71.72026 -17.27839 
43.23696 71.74364 -17.96688 
-14.45071 72.83714 -17.15085 
57.4496 73.21618 -17.28666 
44.5339 74.11792 -17.85805 
28.75118 -33.14676 10.62777 
-14.4136 74.11285 -17.31953 
12.69028 74.6177 -16.94582 
-38.28339 5.476963 9.259006 
55.65511 74.97969 -17.40448 
-13.13119 75.87598 -17.67413 
47.50341 75.86272 -17.75778 
52.05141 76.70622 -17.72655 
54.60822 77.57552 -17.52268 
4.256445 50.76803 38.10772 
53.76756 78.97171 -18.20806 
52.98251 77.06038 -17.24011 
28.61584 -29.64373 26.19727 
-39.61818 0.2610302 11.67696 
-6.240725 -6.083371 55.34036 
2.313348 83.91244 -18.39991 
-11.13579 -1.342095 12.51104 
2.123903 84.00714 -16.92344 
7.249503 84.93204 -18.12712 
26.54135 -53.16111 20.27997 
28.95359 -53.05297 21.62774 
-4.343116 85.47375 -17.67224 
7.552289 0.670905 12.37547 
33.84084 -0.4422665 12.79152 
-3.786762 5.992956 9.026621 
-36.31106 -52.77347 21.35692 
10.88459 33.26204 30.96692 
-0.5608713 5.952797 7.870375 
12.73799 88.17847 -17.95412 
13.46903 87.09856 -17.68907 
33.05201 6.319456 7.443859 
48.31198 50.54035 -17.39472 
44.77545 50.79992 -17.84084 
-9.008478 1.954744 11.73617 
43.3808 51.61712 -17.68059 
51.66105 51.00743 -16.92033 
-42.33032 52.17393 -16.69606 
28.54241 -52.28188 21.74051 
53.13021 52.07891 -17.63332 
-55.42204 52.42235 -17.69029 
-22.24142 -51.5897 20.81971 
-55.74873 53.42242 -16.98321 
28.82154 -7.810385 17.77619 
56.10973 54.43358 -17.8061 
-56.47702 54.20975 -16.30628 
33.29095 3.938515 13.36564 
-3.675904 55.8514 -17.36232 
39.93386 55.17987 -17.23039 
-40.35838 -32.16588 10.10666 
-60.97288 56.88354 -16.95607 
40.11397 56.67385 -17.86142 
-7.120892 57.13929 -16.75242 
10.10563 35.0192 31.23938 
-6.531276 58.41879 -18.08497 
42.91315 58.21045 -16.76823 
-36.93326 9.171238 8.903586 
-35.82025 10.31785 8.526307 
5.392191 58.39716 -16.95472 
30.44845 10.16437 7.440826 
-36.7874 -50.0423 21.6427 
-37.55977 60.49032 -16.74703 
6.633048 60.07128 -17.20256 
-37.07096 -48.54152 21.08875 
-0.4369255 -5.492243 49.01432 
61.06428 61.29684 -17.37634 
62.21054 62.81502 -17.16073 
-23.15898 -48.51588 21.12436 
-38.83022 64.68571 -17.51863 
-38.94843 65.67921 -17.33629 
8.289724 36.69102 31.26566 
-11.9774 66.44579 -16.56965 
-39.97657 66.6117 -17.56496 
45.84878 67.39855 -19.51639 
61.84234 67.28852 -17.89994 
4.094331 62.91832 38.84488 
-59.38759 68.96113 -16.90271 
-42.12454 69.12108 -16.87013 
-37.6197 -44.96899 20.49803 
44.61873 69.51796 -17.51387 
61.40893 68.69136 -16.96 
43.1795 70.60527 -17.64657 
-52.69911 71.0269 -16.63521 
-46.08715 71.01078 -17.69173 
-51.43794 71.16945 -16.69359 
59.92019 71.14607 -16.80107 
-14.752 72.51392 -16.89221 
12.97363 72.89355 -17.91051 
45.87147 75.06124 -16.78905 
14.01929 -45.90397 21.10273 
-8.01166 74.71193 34.92127 
-13.52029 75.49534 -17.11244 
48.41636 76.09939 -16.94643 
49.65843 75.78156 -17.96494 
8.901854 17.93043 27.81038 
55.66097 77.29298 -18.02805 
-38.9869 -16.38012 17.77186 
52.05955 76.02831 -17.0397 
54.58632 75.95879 -17.01012 
-30.59415 15.41443 8.505584 
29.69684 13.18708 12.57835 
-34.90611 12.72524 12.19646 
-11.40971 79.31303 -17.29012 
12.90066 79.5528 -17.13216 
-35.32793 -44.90742 21.92419 
15.12728 82.4015 -18.15558 
-34.94357 -43.73136 21.34803 
0.7432094 84.70522 -17.26838 
28.63442 -25.75712 26.3265 
27.66963 15.03602 13.60748 
-19.24953 -6.366248 17.93345 
10.59677 86.8929 -17.19253 
-30.03332 16.51397 11.94848 
-50.0616 49.82879 -16.80437 
-11.22561 39.12769 30.9637 
-28.95778 17.27452 13.40196 
50.24812 50.60779 -16.0285 
19.76171 -23.23609 25.5491 
7.763482 39.25892 31.12799 
-24.76082 1.413216 24.94722 
23.65795 16.77423 8.366733 
-27.30084 17.7703 12.41127 
21.608 18.27222 13.85431 
-26.08173 16.55791 7.725349 
-25.28772 17.73917 8.022498 
55.19294 53.674 -16.4011 
-2.775795 55.18915 -17.71427 
14.16214 -40.05687 21.17912 
18.69799 -24.39057 25.89837 
1.525288 54.84679 -17.32011 
39.26577 56.82215 -16.84412 
57.88707 56.95566 -16.88434 
-6.146355 -9.030877 53.6979 
-38.13182 56.96048 -16.79408 
3.84969 56.93657 -17.15665 
39.01878 57.85688 -16.2267 
-23.98489 19.4317 7.060724 
13.9565 -39.46344 20.95204 
-8.845507 58.81847 -16.32652 
-12.14293 18.81595 28.17483 
7.036252 60.31586 -16.62135 
5.370582 74.9385 35.19758 
-21.52567 1.399173 25.06804 
7.830032 61.40253 -16.9025 
43.77348 61.39819 -16.95284 
62.11729 61.7919 -16.38479 
-24.17148 20.55164 8.06834 
30.38457 -37.94994 22.5593 
-26.30232 2.17213 24.89313 
-10.3892 63.67382 -16.3783 
-26.61601 -37.15787 21.79157 
-61.66908 65.10503 -17.21223 
-12.77694 66.11404 -17.34081 
-59.96736 67.5313 -16.04122 
-16.43298 40.8832 31.50303 
43.43631 66.8741 -16.21177 
19.13404 28.68905 12.599 
10.86754 67.01999 -17.07124 
44.74171 66.77728 -17.98213 
-20.54859 30.15353 13.79483 
26.95372 -24.36059 26.53637 
13.37959 68.90272 -17.62972 
42.98082 69.25761 -16.83562 
-56.98137 69.64207 -17.04193 
-37.63948 4.564674 16.04791 
-20.14224 32.72825 12.45513 
60.71166 69.51331 -15.98922 
-53.73289 70.00847 -15.93705 
13.34863 69.4859 -17.44184 
41.80201 70.62255 -16.3922 
-38.04872 -34.10046 21.13321 
-48.65913 71.01124 -16.2555 
-45.14473 70.70055 -17.48817 
42.42902 71.24025 -17.02117 
-16.10295 71.41745 -16.55328 
-27.17678 -48.9829 25.56563 
18.62924 22.93201 7.558012 
13.40533 71.49899 -16.68917 
13.21744 42.75666 31.78442 
43.4482 73.22243 -17.03458 
13.02278 73.51999 -16.52726 
-13.99463 75.63422 -16.30434 
-13.4331 76.64667 -17.17973 
19.38015 36.12849 12.98819 
50.4206 76.18966 -17.02958 
50.92206 76.25154 -17.51196 
11.65474 78.12012 -16.95491 
2.01791 -0.714661 40.9912 
-11.05379 79.36515 -16.24737 
-26.0367 -34.50288 21.19393 
-10.72184 81.86578 -16.54471 
4.54495 83.61737 -17.60655 
5.916489 83.73435 -17.14009 
-17.52152 44.29135 31.37239 
12.33826 85.00648 -16.83881 
-11.9398 85.69341 -17.50781 
-22.62686 38.34145 12.4093 
-5.80196 -12.1374 56.64633 
-2.722326 85.78568 -16.62403 
-1.48762 85.50181 -16.60958 
-22.91526 39.25669 12.89327 
-11.274 87.20958 -17.73173 
14.77683 43.89792 31.43488 
-6.522874 85.92206 -16.58189 
-2.827903 47.27368 35.85818 
11.87852 21.61776 26.7242 
11.60011 86.0667 -16.91782 
-8.71889 86.66975 -16.66939 
20.92336 -23.236 25.92272 
-45.93132 49.8903 -16.49574 
44.94167 50.25437 -16.7702 
-20.35317 25.85509 7.754783 
49.06617 50.51436 -16.53537 
43.51813 50.8228 -16.2491 
-43.80011 51.3367 -16.30436 
-26.5474 42.52605 12.24645 
-27.2068 43.27379 13.48883 
-0.2991221 54.30164 -17.60775 
16.54372 46.38593 31.04592 
-3.226707 54.38054 -16.12613 
-19.70172 47.39906 30.91322 
1.213244 54.43697 -16.65682 
-57.33361 54.70322 -16.44235 
6.164783 47.05462 36.46449 
-37.69538 -30.80007 21.36599 
56.98198 54.89316 -16.93774 
-38.70786 55.27739 -16.48193 
3.022344 56.32667 -17.00082 
-37.86318 57.76427 -16.44217 
-25.08998 -48.83246 25.43728 
-12.46507 46.568 35.37803 
4.682323 57.63037 -17.14919 
-25.5853 -29.78898 20.98112 
27.19265 47.48454 12.1411 
58.98975 57.87029 -17.29575 
12.82504 -30.77288 21.32364 
59.96183 58.99909 -16.80492 
42.84497 60.13111 -16.51914 
-37.82538 59.19822 -17.1016 
7.759382 60.9556 -16.19615 
43.22062 63.67494 -16.69765 
13.28551 -29.01137 21.20037 
8.096971 62.18864 -16.1678 
9.081353 63.74686 -16.48665 
-61.25141 64.22708 -15.80432 
-38.78078 63.2599 -16.50153 
43.66326 65.13484 -16.63851 
-39.82368 66.48914 -16.02854 
-16.69964 66.55178 -16.27777 
10.2063 66.17257 -16.81048 
29.69636 -5.292834 17.94315 
10.69087 67.55344 -15.56511 
-25.2014 -28.23421 20.86298 
33.09373 50.02492 12.90623 
43.83275 68.02014 -16.52259 
13.40851 -27.42418 21.74615 
-41.33088 67.77781 -16.29741 
-21.84659 41.2549 25.74829 
16.75259 31.67505 8.632237 
13.54133 68.41811 -16.29198 
42.09274 69.86919 -16.74106 
-43.69942 69.80378 -16.96614 
-47.62597 70.76491 -16.83272 
-19.80382 34.0467 7.679383 
14.07568 -26.01235 21.69724 
42.76484 71.96188 -16.93508 
-37.62136 -26.27283 21.51549 
34.92328 51.94499 12.6575 
58.4934 73.14876 -16.20662 
-26.66762 -25.81859 21.23831 
44.29243 73.64343 -16.2323 
55.76556 74.63094 -16.60687 
46.93766 75.48743 -16.73723 
35.09697 53.6716 12.82756 
18.21509 55.61072 30.98729 
-12.99606 77.48203 -17.56291 
-12.44285 78.39092 -16.45929 
34.85593 55.09807 12.8621 
12.91363 81.25919 -16.7449 
12.36061 82.56763 -16.56425 
10.91204 83.64257 -16.01007 
30.97745 -5.046679 16.95116 
25.93423 -22.80009 26.25666 
3.544989 83.85823 -16.7071 
-9.937057 84.03497 -15.88078 
-8.976461 84.98689 -15.45265 
19.52157 36.55264 7.971077 
0.8924531 85.15186 -16.31361 
9.298988 84.52016 -15.80492 
-5.566307 85.63644 -15.77197 
-7.570758 85.81 -15.98369 
27.10052 -22.75815 26.20633 
46.74581 49.70148 -16.35838 
-38.21065 -24.47308 21.35321 
-49.31838 50.216 -15.87474 
-47.1019 50.09584 -16.06407 
-31.57561 57.11316 12.20826 
-15.8673 -4.003852 18.36897 
-51.60301 50.63619 -16.53831 
14.41858 -23.1226 21.06577 
41.44815 52.10444 -16.37462 
-42.46585 51.88908 -16.03255 
-37.42343 -22.96964 21.59286 
33.1414 58.87457 13.55618 
-26.6823 -22.21569 20.67244 
39.27903 54.92615 -15.63315 
31.74464 60.14953 13.06903 
26.61384 -25.87853 27.2964 
3.298358 55.67605 -15.64351 
57.40242 55.5863 -15.34601 
3.620508 56.08374 -15.4765 
4.942084 56.65168 -15.776 
19.49476 57.57484 30.94741 
38.80807 57.4147 -15.86988 
-29.20936 69.16383 10.69932 
-29.65295 62.48113 12.78462 
18.78185 59.73874 31.19607 
39.69643 58.52132 -16.34578 
15.17353 -21.99183 20.89841 
-37.57998 59.39373 -15.83966 
6.630092 58.21123 -15.55676 
-60.34164 60.0505 -15.334 
60.49231 59.93116 -15.68261 
-37.59101 60.50351 -15.13091 
-60.91509 62.51385 -15.99565 
24.54757 -21.82723 26.17868 
26.47213 66.6444 12.5169 
-6.045596 -3.207904 44.76428 
9.010774 63.93066 -15.91175 
62.74177 64.00558 -16.21235 
9.993855 64.75591 -16.2675 
42.8368 64.32608 -15.70299 
-11.13584 64.83169 -15.3365 
16.2676 -20.72338 21.93177 
-16.22288 66.16022 -16.52956 
18.44325 61.58076 31.2945 
-13.54818 66.17323 -15.84559 
13.27592 24.35291 26.84858 
23.9436 42.78621 8.511769 
10.16123 67.05071 -15.83593 
-29.49026 67.84572 12.63165 
-42.97253 68.44349 -15.34756 
-16.7646 68.10356 -15.89992 
25.38442 70.21338 12.52919 
-16.34051 68.65952 -17.01979 
-58.35641 69.31354 -16.67021 
-1.422923 62.69456 39.31643 
41.26728 69.28045 -15.49771 
9.023402 58.38263 37.25941 
-21.11243 2.717323 25.3103 
41.54737 70.54273 -15.78358 
42.18988 71.50971 -15.72448 
-25.90121 74.08786 12.83226 
25.6089 44.70972 8.598255 
56.63981 74.74635 -15.15067 
54.52137 75.51321 -16.50992 
53.22449 76.13317 -16.44248 
-19.9459 64.992 31.87628 
49.24765 76.2057 -16.43367 
17.36466 -19.60932 21.74968 
-11.69331 78.67832 -15.07373 
-10.70082 80.45022 -16.21227 
-24.30213 75.89596 12.56218 
17.93793 65.29115 31.60203 
11.32196 81.40971 -15.79709 
-35.16109 -17.59918 20.73939 
2.113894 84.75081 -15.62235 
7.161676 84.18016 -15.80829 
8.821786 85.33042 -16.3799 
-33.54193 -18.41084 21.2106 
17.46718 -18.59763 21.04611 
-0.8396724 86.08907 -14.66404 
42.88242 49.88541 -15.06778 
31.7811 4.52468 17.1652 
44.50079 50.04614 -15.83016 
-48.29525 50.07273 -15.40046 
30.65987 -31.35806 11.05114 
51.00828 50.70508 -15.26357 
-45.61077 50.91158 -15.32244 
-44.44394 51.17242 -15.52664 
-20.71169 79.29661 12.82061 
34.15513 46.11013 7.661474 
52.46355 51.09155 -15.83507 
40.47765 51.69515 -15.13766 
34.4164 46.96529 8.745866 
54.00232 52.57568 -16.34546 
-54.21589 52.27066 -16.24272 
-40.6792 52.56374 -15.96343 
-39.07074 53.89545 -16.15776 
40.54699 53.47046 -16.14884 
-54.68052 53.60258 -15.23661 
-18.04951 68.70801 31.32533 
-1.618846 53.69395 -16.0517 
0.7651969 53.72575 -15.43205 
55.96875 54.09495 -15.41685 
-5.745365 55.77226 -16.17301 
-4.57365 55.20384 -15.15207 
-17.50529 69.55801 31.33739 
-36.26475 55.43044 -15.0367 
-8.224107 57.5875 -15.7175 
58.97976 57.81116 -15.19514 
-60.89828 57.46269 -15.63665 
-37.23215 57.27656 -15.87068 
21.9432 -7.065832 21.14643 
-61.62611 58.32603 -17.56203 
38.50023 59.04803 -15.63799 
42.12991 59.06109 -15.74655 
39.06959 59.52901 -15.85257 
-10.42765 61.33985 -16.11799 
42.0686 60.51875 -15.16462 
61.53001 60.18266 -13.83327 
15.9072 70.5078 30.94864 
42.75058 61.36862 -15.86386 
-38.24173 62.17709 -15.60395 
9.379601 50.33967 36.54778 
62.73036 62.78193 -15.60603 
37.33688 47.94757 8.28749 
42.46987 62.79799 -15.25257 
23.06267 -6.732482 21.46336 
-16.92919 64.87777 -14.7458 
-17.69873 65.58607 -15.28822 
19.77089 -6.137704 21.53641 
-15.0267 65.50972 -15.70254 
10.38158 86.00178 12.88504 
-12.72686 66.37202 -14.88486 
-12.41923 66.4816 -15.81702 
-19.68211 3.363976 24.92813 
22.04618 -5.8698 21.286 
-41.11411 67.24688 -15.04879 
-17.41066 68.24597 -15.18947 
12.32703 67.90128 -16.21826 
41.33716 68.43058 -15.36532 
8.893527 87.8211 12.2025 
38.06937 49.45691 8.088166 
-36.88124 6.413935 16.85863 
-15.66179 73.4445 30.87748 
-16.30391 69.84306 -16.1315 
13.99707 70.32632 -15.46241 
-51.09499 70.16926 -15.32687 
14.78313 72.7958 31.33031 
-14.98425 73.7354 31.44661 
-49.94182 70.81123 -15.76738 
31.14634 -30.25235 9.931538 
13.5587 72.57856 -15.62959 
-15.61603 72.61603 -15.71826 
57.38629 73.75951 -15.60872 
-15.27057 73.81789 -16.21486 
-14.70261 75.05451 -15.64664 
4.892345 89.37944 11.55676 
-8.841218 89.17924 12.97189 
-38.02973 51.4018 7.792658 
46.66424 75.44654 -15.80595 
52.98014 76.19434 -15.10959 
12.10448 76.02687 -16.18514 
11.15314 78.26662 -15.19097 
11.27118 79.49719 -15.74591 
-4.668119 -0.622164 47.85651 
1.565303 89.92611 12.74851 
12.70221 74.30964 31.1771 
15.77512 -30.45472 9.179921 
6.552401 83.63005 -14.6389 
5.646147 83.75869 -14.63072 
-20.51996 -4.076475 21.615 
10.29443 -1.678389 17.67408 
-10.85271 44.15581 -15.1143 
-8.363811 44.66259 -15.10989 
-9.133551 47.83961 -15.07982 
34.60147 -53.59394 14.63223 
-2.358248 6.695234 18.02514 
-10.87632 47.43463 -15.2375 
-13.4971 75.9988 30.89354 
-45.09667 -53.57697 13.19038 
-3.543094 67.61842 37.90589 
-11.93775 49.23386 -15.08454 
43.95221 49.46271 -14.78565 
45.70397 49.82882 -15.46708 
-4.353217 75.67316 35.26158 
-38.7646 52.64632 8.193446 
-36.49403 -0.6997172 18.01711 
48.06968 49.64779 -15.41165 
4.805128 89.49403 6.555232 
39.77135 51.74339 7.771268 
-47.04322 50.28934 -15.35675 
26.21624 -3.808971 21.34207 
-41.10844 52.01548 -15.71465 
24.53131 -44.47323 26.7676 
-39.37646 50.49282 -15.12539 
-52.58698 50.99766 -15.72291 
41.73221 50.89817 -15.14814 
-19.91335 -4.995204 20.98024 
-13.43495 76.96613 30.44824 
-39.10546 52.08075 -15.08179 
55.00306 52.75915 -15.48017 
-53.25967 52.13843 -14.44189 
-29.96846 -4.051379 21.0479 
31.57565 -30.22461 10.44954 
-31.21119 -53.20823 13.62696 
-56.79886 55.04484 -14.55316 
-3.911652 54.81021 -15.46984 
2.665031 54.44891 -14.76269 
17.85704 -53.18229 13.37563 
56.61267 54.93238 -14.29989 
-28.98177 -2.990432 21.66179 
-58.65768 55.20295 -16.03294 
-6.601982 56.15966 -14.95213 
19.59721 -53.4867 12.02392 
-59.726 56.26199 -14.90168 
58.59114 56.79198 -14.65843 
-8.973843 57.90952 -14.8166 
-14.96093 30.52563 27.7552 
-59.73503 58.70459 -14.08122 
-35.95506 58.4693 -14.75743 
13.17402 -48.89543 28.10942 
-9.84364 59.3344 -14.80467 
-2.854581 67.74141 37.79433 
40.43396 55.09056 7.79262 
8.536965 60.1244 -14.82469 
8.871533 61.42641 -14.52745 
41.40392 61.66936 -14.33055 
-37.73443 61.46645 -15.15422 
8.755765 62.77534 -15.64808 
-22.40104 5.108716 25.82114 
39.91931 55.46721 8.303948 
13.27311 -1.096508 21.49343 
62.84823 64.21406 -14.50097 
-9.684739 79.40485 30.43623 
-48.5188 -51.34533 12.9191 
42.74085 65.68263 -15.2146 
11.85918 -1.218594 20.3336 
-18.33074 65.89686 -15.05558 
-11.88425 66.11078 -15.03846 
-14.9803 -0.5404775 21.08194 
42.75817 67.47578 -15.49331 
-21.25903 4.275288 25.21464 
2.60074 4.523515 25.53928 
13.38991 67.91703 -15.11631 
14.43917 67.80401 -14.88575 
-58.79354 67.33964 -14.25429 
10.22618 -0.4970992 17.84844 
14.57654 68.35448 -15.44973 
61.45134 67.79665 -14.94165 
-57.53762 69.08706 -15.45394 
-55.67157 68.8235 -15.82489 
-13.60322 56.54499 37.3773 
-20.36843 3.812439 25.20219 
-16.90134 69.11517 -14.82648 
14.04503 69.11484 -16.13003 
-53.64183 69.09735 -14.63799 
36.54656 -49.58857 13.86348 
-44.62599 69.79774 -15.14985 
60.49716 70.19521 -14.97092 
12.47224 0.08071364 21.09921 
-47.16561 70.40515 -15.52828 
-13.41677 50.76918 36.62938 
-16.90152 70.40575 -15.01834 
-49.72461 70.4778 -14.56317 
-48.46432 70.81504 -15.2515 
18.16536 -48.30122 12.17844 
-16.11267 72.28489 -14.19428 
27.17807 1.11032 21.79673 
-8.792292 89.14088 7.856105 
58.83209 72.55991 -15.38688 
17.63266 -47.65351 13.28679 
38.62146 58.88025 8.169353 
44.96735 74.31561 -14.88287 
28.48265 1.527751 21.07841 
51.86411 75.98399 -15.65841 
49.5933 76.0383 -14.52633 
50.64363 76.48357 -15.46255 
-8.548561 79.77615 31.46465 
10.80733 79.63211 -14.95572 
13.01336 31.03747 27.55117 
-1.195392 69.20671 37.97872 
-14.03197 1.722218 22.49899 
36.12352 -48.08596 12.87814 
-47.30772 -47.05534 12.4874 
-9.515555 82.85537 -14.95998 
18.02084 42.54507 26.9287 
8.018225 84.05636 -15.06547 
-6.381461 80.4971 31.6893 
9.606888 0.2815655 18.01439 
-8.28553 84.68823 -14.82831 
38.35096 60.69777 7.374085 
-33.30655 1.750598 21.29713 
-3.795892 86.02229 -15.95956 
34.50902 -46.46964 13.33389 
-13.32915 42.323 -14.51105 
-6.887193 43.36253 -14.7436 
-10.61608 1.26707 17.99225 
-32.89266 3.789077 21.76362 
-40.55319 -29.42541 11.38072 
-13.89865 44.19167 -14.79794 
-4.880886 81.46512 30.84677 
-44.09391 -45.14643 13.15385 
-16.65637 46.18488 -14.3382 
10.47244 3.682846 21.89806 
-14.81876 32.22725 27.80504 
-13.30513 47.48049 -15.29492 
-6.07305 47.36925 -14.47753 
-15.92546 47.79597 -14.78782 
-14.64074 49.61629 -15.01114 
-2.887966 80.69063 31.88363 
-2.32093 -6.301496 48.71031 
-39.70563 50.00558 -14.9601 
47.02223 49.65754 -14.45845 
49.8893 49.78925 -15.22802 
-35.00019 62.67965 7.604257 
29.60617 -44.58675 13.61529 
-41.68513 51.20548 -15.1126 
-11.90318 51.29756 -14.50952 
52.17072 51.36601 -14.06128 
-47.21765 50.96813 -14.30112 
-45.81517 51.02232 -14.31576 
-12.87886 -0.1665895 19.63782 
-23.16949 6.017818 25.78028 
19.2629 -43.80648 13.7266 
17.75255 -40.26599 28.75483 
-1.330034 53.00248 -14.26789 
13.57326 32.66422 28.02133 
2.124931 53.64265 -14.53932 
-3.117841 53.54572 -14.57576 
-30.86611 63.25322 8.800703 
-5.058148 55.0487 -14.5438 
26.59668 -43.61427 13.18784 
3.740019 55.45319 -14.16932 
-14.82024 50.47027 36.07591 
-32.95506 5.390261 21.6524 
-7.52294 56.17916 -14.51201 
21.01363 -42.70366 12.37849 
4.096117 56.05873 -14.55307 
-5.026607 5.882164 25.41982 
-60.46199 57.01303 -14.99061 
6.042227 57.18027 -14.30812 
23.74932 -42.4702 12.4895 
60.85957 59.12865 -13.46006 
18.27547 79.8744 18.69535 
13.80121 33.72525 27.98859 
30.36414 8.623795 17.00786 
-7.976717 6.48586 21.08246 
41.45815 60.59681 -14.74229 
-59.85666 62.19738 -14.17602 
38.19564 60.83206 -14.70748 
38.56301 60.75825 -15.02697 
-15.75721 33.77254 28.5251 
-39.67964 -39.62804 13.21514 
-36.48119 62.25617 -14.48087 
2.686575 5.929069 21.20241 
17.05023 -52.58829 31.88825 
21.17372 -38.61025 13.05747 
-38.20047 62.91493 -14.92511 
-38.9361 64.33344 -15.49899 
20.26612 54.73764 29.72941 
41.42589 63.37869 -13.94286 
-3.620809 6.257108 20.84708 
-59.92569 64.29839 -14.3329 
9.535648 64.30059 -15.04644 
19.27642 -52.41655 31.80235 
9.981231 51.87778 36.21315 
15.05084 -52.0408 31.22449 
30.37574 65.30922 7.32252 
-28.97689 65.48341 7.258118 
-25.1987 73.07371 10.25396 
42.00014 66.39993 -14.71508 
40.66492 67.10736 -14.65221 
21.58944 -38.51485 13.0599 
-42.00397 67.46033 -14.41987 
10.1151 67.37043 -13.64654 
15.46988 67.97639 -14.68881 
22.50815 -38.59058 13.45171 
-21.12432 6.43386 26.15094 
40.20235 68.57052 -14.64618 
15.62166 68.62668 -14.62087 
-29.04895 66.39118 7.424001 
41.29392 69.79643 -14.66444 
-47.59067 70.17018 -14.24879 
-46.04195 70.70709 -16.1 
-17.15405 70.56974 -13.66186 
14.89596 71.16735 -13.95288 
13.72762 71.31358 -15.2595 
-16.72606 71.27073 -14.70801 
-29.18417 67.93578 8.910008 
59.28442 72.01024 -14.37975 
57.59469 73.14365 -14.15416 
-15.13979 74.83718 -14.24323 
55.30258 75.1011 -15.31522 
54.35508 75.85108 -14.8547 
-14.31867 75.62828 -14.79593 
50.8046 75.52476 -13.64465 
25.81843 10.85683 21.49876 
-13.7172 76.82302 -15.3943 
-13.0467 77.55974 -14.81849 
27.83952 -37.05091 13.91131 
3.284681 5.316901 26.6747 
-10.38619 81.12703 -15.46177 
10.06349 81.98917 -14.87505 
3.121274 84.64365 -15.58666 
-29.13398 70.00074 8.482411 
2.20105 84.85998 -13.82956 
-6.218995 85.35368 -14.55974 
-4.403947 86.16891 -14.02582 
-8.923161 40.03257 -14.29026 
-8.0156 40.2006 -14.23928 
-15.69181 34.70328 28.48519 
18.22168 -49.44754 31.80925 
24.5535 71.48975 8.301074 
15.94122 -35.97747 13.20585 
9.20368 43.0671 -14.26158 
-4.33767 42.89589 -13.99691 
22.92554 72.95452 10.93185 
9.405567 45.76562 -14.46854 
3.944651 44.27805 -14.28163 
6.90289 45.57088 -14.5711 
-5.30243 45.78127 -14.44242 
4.469201 46.75085 -14.1219 
7.625088 46.80099 -14.50213 
9.113422 46.79683 -14.49643 
-2.154359 -1.960884 31.42553 
-17.7455 48.40418 -14.14599 
-27.23629 15.23395 20.93226 
-4.655277 -0.5499493 31.86128 
-3.763548 -5.929814 48.67528 
-0.05702112 89.59296 6.9383 
-14.66663 36.40105 28.03246 
-40.27872 49.62799 -14.70768 
47.73242 49.39819 -13.77275 
49.07594 49.28449 -14.45306 
1.350875 -1.50266 31.88296 
51.09644 49.96903 -13.87646 
-42.86959 50.52114 -13.84857 
11.74842 36.08823 28.24166 
31.32513 2.836163 17.25042 
-49.13904 50.2377 -14.61756 
2.317455 -0.5462573 31.73825 
-43.49102 50.83431 -14.27338 
-50.15838 51.17957 -13.9383 
-51.8437 51.99679 -13.66214 
-50.92278 51.09259 -15.00007 
12.82238 -29.35174 13.42738 
32.13591 -29.42212 13.3795 
-14.48484 52.4447 -14.19411 
-13.55155 52.99714 -13.81302 
-22.25782 7.25935 26.30858 
21.41037 74.0106 7.826199 
1.073786 53.02512 -14.30625 
-21.09075 21.15811 21.44994 
-5.860625 1.860322 31.28096 
32.16952 -28.38133 12.68152 
-41.35262 -27.23477 13.23455 
-24.21392 73.83173 6.840903 
19.99631 74.67123 7.966983 
-21.328 -27.87005 13.31134 
11.78815 -26.86908 13.46715 
-5.615756 53.71727 -14.09723 
55.75138 53.21619 -14.20332 
5.337878 2.999304 17.23902 
-6.639114 54.80375 -14.05022 
38.9896 54.20311 -14.31233 
-57.46817 55.8092 -14.00878 
-16.24155 73.58176 28.86172 
-21.11465 22.27419 21.15448 
32.28544 -26.09145 12.88499 
32.33555 -25.3406 13.57448 
38.82252 56.38347 -14.97578 
-35.48593 56.76559 -14.74089 
-20.68239 22.7688 22.26224 
16.25611 23.23796 21.73312 
38.29385 58.62549 -15.00072 
2.501037 7.048174 32.11718 
-17.90502 3.679869 25.03172 
19.27013 76.7198 8.083405 
-11.33507 60.33749 -14.45659 
14.6565 38.73642 28.27767 
38.21013 61.36949 -13.50437 
-19.68233 24.65631 21.99187 
39.42575 61.7757 -14.27265 
-21.3537 -22.89104 12.45596 
32.61301 -23.42202 14.3305 
-18.64499 26.87691 23.12936 
-20.92326 63.20466 -14.02292 
-19.65041 64.58575 -14.59347 
-19.24622 63.94436 -14.48994 
-20.12882 78.33926 6.771858 
-16.27454 64.73695 -14.4208 
-12.23684 65.69876 -14.36852 
32.7195 -21.86796 13.24033 
-14.63823 65.24931 -13.54839 
16.52405 29.23357 21.16788 
-40.47754 65.3744 -13.80929 
-13.76243 65.77293 -13.9319 
9.917176 65.70331 -14.93327 
41.50466 65.45514 -14.17162 
-60.15828 65.4425 -15.04818 
-40.29276 66.07259 -14.65764 
14.44581 -19.98053 13.68047 
40.22557 66.38954 -14.18224 
62.30142 66.03719 -14.33973 
-42.07304 -21.4041 12.77323 
17.45871 30.77611 21.01145 
15.72671 67.13802 -13.96677 
12.44176 67.77302 -14.17937 
16.17844 68.14708 -14.07497 
-56.59094 68.62423 -14.86054 
-23.12656 8.26337 25.91049 
-54.70729 68.65237 -15.052 
-36.05465 3.528557 18.74165 
-17.80202 69.20853 -13.78691 
0.6219032 8.956231 32.32459 
-17.0141 69.33789 -14.308 
15.44145 69.51076 -14.27924 
1.085786 89.92529 6.267941 
15.15118 -18.99479 13.2653 
-19.69002 32.50204 21.1816 
-41.88639 -18.67104 13.65119 
43.104 71.8945 -14.37101 
14.25415 72.53399 -14.51472 
-18.66526 34.84615 21.28236 
-15.94624 73.26389 -14.13977 
43.54935 72.5269 -15.34458 
13.1606 75.04822 -15.30866 
-19.3735 36.97456 20.63411 
51.66996 75.84096 -14.68396 
0.316136 9.897788 31.78702 
27.74795 12.75151 16.9637 
-12.38004 78.86573 -13.86518 
-3.755887 -4.600832 36.43616 
-11.68923 79.23866 -14.01777 
-21.32886 8.275504 25.82158 
-9.086672 82.77251 -13.6362 
-8.673053 83.26019 -13.79221 
1.040922 85.45007 -14.98168 
-2.811494 86.36149 -14.33468 
-25.0416 -15.48537 12.1524 
-5.050314 40.52312 -13.51289 
6.188974 40.06932 -13.79051 
31.03297 -15.72855 14.9413 
-22.25584 40.81826 20.11833 
-15.51265 43.50055 -14.15797 
3.402173 41.63578 -13.88748 
9.338611 41.13895 -13.71739 
-17.60523 82.38036 17.92559 
-25.37325 -14.2906 12.4955 
-9.96963 19.95748 29.69858 
6.147501 42.55273 -14.46709 
-4.078269 1.652517 41.19798 
10.69752 43.02784 -13.92299 
-38.66318 -13.41742 14.60863 
1.628106 22.60259 31.5938 
4.11973 22.6971 31.57353 
12.45238 45.94599 -13.67135 
-3.452456 47.56145 -13.20024 
-4.911634 21.96813 31.45855 
-5.145549 48.69085 -13.41778 
10.00322 48.44223 -14.19286 
-7.49732 48.93925 -14.31557 
23.07903 43.84964 20.60649 
7.833838 50.22929 -13.58481 
48.95044 49.56104 -12.83801 
-25.55744 45.63797 21.96955 
-37.18253 -10.76918 13.86303 
-16.65487 49.29634 -14.50032 
9.006258 49.27663 -14.10563 
-24.82973 8.374679 25.95312 
-23.19431 -11.46283 14.15312 
15.17115 -11.29866 13.54012 
-16.68012 51.90498 -13.52459 
14.21091 82.39326 19.34126 
-3.641076 -4.790946 39.04649 
-35.87823 51.26919 -13.05632 
-9.974838 50.60976 -14.34456 
14.91691 -10.72316 12.85878 
53.1905 51.63285 -14.58727 
54.0415 51.86174 -14.15767 
-20.96159 -10.06359 12.7353 
-2.405125 52.27121 -13.54603 
-36.73513 53.03804 -14.53987 
8.254168 88.30864 9.547729 
39.59853 53.04258 -14.65542 
19.82662 4.173596 25.17687 
30.91574 3.607647 18.08518 
24.032 51.4072 22.46579 
-53.90644 53.27338 -13.91325 
-27.51658 50.30624 21.18841 
-55.53059 54.83264 -14.07755 
3.320274 53.89498 -14.01741 
5.150199 54.0038 -13.60126 
23.68642 52.52627 22.08482 
5.099268 56.01233 -13.71962 
38.74635 55.69265 -13.41357 
-19.10483 -9.081159 12.85999 
-34.38768 55.61912 -13.94076 
-8.028373 55.53717 -14.26993 
24.47915 55.66303 21.28928 
-58.80002 56.41572 -14.12808 
31.28364 -9.801882 12.66221 
6.064497 56.78915 -13.85337 
7.030499 58.03158 -13.9302 
-10.20955 58.48164 37.58016 
-2.773618 22.41525 31.68437 
-9.719817 57.87452 -14.16011 
-18.03773 -7.423049 13.2333 
-0.7026871 22.46475 31.59438 
-11.76334 59.72073 -13.3661 
14.29387 -28.46774 10.2352 
-59.34072 59.94728 -13.0726 
24.91808 57.69719 21.00422 
38.10273 59.79189 -13.54764 
9.709308 60.83932 -12.69044 
-35.63229 61.77066 -13.97324 
12.54657 -8.342402 13.30223 
10.17246 62.03261 -13.75629 
1.130711 90.09446 7.920238 
-5.823712 4.741415 29.90489 
-20.5022 62.8355 -14.13761 
-21.55308 61.90623 -13.59113 
62.93315 63.15277 -13.44165 
-12.43547 63.40268 -14.53157 
41.22351 64.26006 -13.7769 
-48.43221 -53.64686 10.10637 
39.19976 63.56697 -13.98668 
-13.77869 65.12497 -13.60432 
-16.44475 -5.852673 14.0805 
12.03471 -5.586041 12.3 
-20.75244 66.0796 -13.37383 
39.84762 64.99689 -13.65245 
-14.99555 -5.478792 12.48306 
19.64816 43.83491 26.79994 
10.98172 -5.999063 13.73462 
-20.62057 41.81576 28.70701 
-38.30788 -4.573978 13.61725 
16.59178 67.21177 -13.61749 
39.77395 67.06584 -13.95978 
10.94677 67.87157 -13.93756 
-43.45033 68.61925 -14.80946 
-18.97323 67.43199 -14.0342 
60.58552 68.79819 -13.02555 
-55.79351 68.41382 -13.96809 
39.82619 68.00482 -13.74357 
40.38582 69.14049 -14.11233 
-51.5881 69.5426 -13.79664 
-46.66721 69.62672 -14.02553 
-0.01425153 24.07921 31.28075 
-4.970875 -7.091052 57.05629 
-50.42754 69.56902 -13.7056 
-6.720057 8.565175 26.40996 
-4.963463 -10.45471 55.18933 
42.30471 70.23895 -13.41895 
-13.53124 -4.379816 12.98022 
-39.46449 -3.290686 13.23808 
13.60604 73.53587 -14.53662 
-12.5246 -2.937286 12.46028 
36.23566 -53.44067 8.024684 
-21.24199 42.42643 27.94515 
56.52057 74.33269 -13.67274 
46.12767 74.36687 -13.86142 
-6.953316 23.8422 31.63824 
13.03098 75.34017 -13.99466 
47.723 75.27411 -14.53866 
54.12062 75.46053 -13.66478 
12.05351 76.26031 -14.33587 
51.78959 75.41415 -12.64114 
52.91037 75.87536 -13.93396 
38.96899 -53.51526 9.263984 
-21.17799 43.54163 27.18138 
10.87325 78.83513 -13.72473 
9.510388 80.30953 -13.01464 
9.177855 81.69012 -13.5801 
-39.23697 -2.024496 13.77542 
8.04699 83.57242 -14.46513 
34.25197 -2.992033 13.07275 
-7.342887 84.91998 -14.45682 
17.1337 43.47452 27.99903 
33.57248 -1.151565 13.95012 
-1.853909 86.08971 -14.57841 
-15.65271 55.6191 36.52098 
1.129364 85.31743 -12.8739 
-9.502006 37.70855 -13.15804 
-12.99985 39.75803 -13.59221 
-7.276821 38.41363 -13.30353 
-22.46971 75.67764 20.67254 
9.308454 -1.537193 13.14408 
6.196754 38.53107 -13.05754 
-15.39201 40.66747 -13.04793 
-21.04994 76.83357 20.48682 
4.86639 24.13019 31.48525 
-34.62777 -53.15945 8.14139 
11.52957 40.30828 -12.76554 
-9.980995 0.564194 13.59961 
13.15072 41.96623 -12.73783 
19.52667 -53.39907 8.354074 
-21.1428 44.14029 27.5421 
-3.238922 43.06448 -13.34265 
-3.679843 24.06579 31.75014 
-18.83667 45.32996 -12.88293 
-2.937227 46.66148 -13.17401 
-1.485351 24.89241 31.23355 
2.241561 24.65669 31.51398 
27.91471 -53.17889 9.644264 
12.08844 48.38363 -13.63277 
11.16683 46.91195 -14.06828 
-19.09013 47.32302 -13.31748 
-38.99935 0.7960275 13.35534 
-40.96481 49.08398 -13.42827 
33.94686 -53.0383 8.633172 
-42.98232 49.75246 -13.08031 
-38.69691 49.18634 -13.17776 
5.846144 48.67719 -13.87819 
45.81938 49.27243 -14.00077 
-38.75019 2.156471 13.66139 
6.442054 2.184881 13.08544 
-36.81165 50.18118 -13.32331 
-8.30488 50.50563 -13.67168 
11.97022 82.86508 21.60729 
11.78559 83.24887 21.2629 
-47.77639 51.08334 -13.58976 
-45.94492 50.84199 -12.91527 
-45.64021 -52.73341 8.995389 
-48.76542 51.14727 -13.45327 
-38.60214 4.01263 12.90664 
-10.45962 52.3874 -13.28539 
41.31072 51.51951 -13.57929 
3.119015 3.477395 12.95993 
-18.095 51.78889 -13.52847 
-38.4913 -52.81948 8.374583 
40.12939 53.04513 -13.31871 
8.815704 86.35989 19.93204 
-6.844793 52.98617 -13.26681 
3.894982 52.87292 -13.5681 
-15.64233 53.03631 -13.77846 
56.18176 54.09012 -13.25494 
33.20678 -52.63875 8.286517 
-55.12554 55.84227 -12.58716 
5.962092 54.9321 -13.43769 
0.756972 6.369732 15.43041 
-11.23795 55.57776 -12.98394 
-2.232135 25.88252 31.40659 
-2.004988 7.441325 13.76516 
7.098185 57.37334 -13.67868 
9.947761 56.15182 -12.80523 
-57.57068 57.60957 -13.26945 
-0.5801374 24.96751 31.38447 
-59.20408 57.85312 -13.87486 
-34.30904 58.27399 -13.65177 
-33.61546 58.69518 -12.89805 
-11.81408 57.79873 -13.4952 
8.024878 58.83388 -13.49148 
8.840743 59.78414 -13.17452 
-21.18888 60.71478 -13.41906 
-34.1115 61.97704 -13.18891 
-19.63308 62.17037 -13.59747 
62.77238 62.07051 -12.78288 
-35.68567 62.55099 -13.65297 
-18.23782 63.38373 -13.79374 
38.82671 62.0188 -13.88031 
6.05354 25.37332 31.68887 
28.74407 -53.52474 21.40584 
-33.70113 14.08714 13.01651 
11.40303 57.11842 36.41698 
-9.291713 26.2895 31.4022 
38.33871 63.9283 -13.01234 
-33.05549 14.46992 12.79862 
1.140426 0.5339358 29.76819 
-39.00787 64.14268 -13.84875 
-16.17122 64.04662 -12.80202 
-58.77785 65.64108 -12.88358 
39.22869 65.58001 -13.16547 
-41.48198 66.78162 -14.02202 
-19.49513 66.50439 -13.64041 
14.51953 -53.28627 21.7733 
0.7811584 6.127381 17.91179 
-3.776316 25.14259 31.62422 
-44.19465 68.32558 -12.4879 
-18.61917 68.79372 -12.97965 
-53.60912 68.67332 -13.34778 
-52.62985 68.92359 -13.6912 
-46.01598 68.74847 -13.24033 
-44.8876 68.8783 -13.85467 
34.27273 -51.43184 8.177544 
-27.71776 17.98517 13.70656 
15.37868 70.44167 -14.02736 
58.87221 71.55663 -12.77211 
57.90247 72.25838 -12.73468 
-8.033341 8.721346 25.84299 
16.79261 5.283237 25.06018 
39.72625 -50.58199 8.092322 
47.2711 74.97542 -13.02262 
-14.06456 75.64204 -13.6384 
12.3049 75.8558 -13.30254 
49.42757 75.49866 -13.2517 
-29.47866 -50.21999 8.287359 
12.17205 77.49554 -12.11641 
-11.15419 79.55283 -13.41524 
-10.42139 80.43198 -13.64522 
18.67042 5.062088 25.24344 
-9.828374 81.04507 -14.15173 
-6.60258 25.33805 31.60674 
7.337646 82.80408 -12.8073 
5.247884 83.95004 -12.81902 
-7.638461 83.69817 -12.14754 
-22.59687 -51.44528 21.86722 
3.417162 84.71238 -13.28094 
-3.294705 26.92269 31.78688 
-4.896133 85.7747 -12.94972 
-11.34785 37.65227 -12.77451 
2.37141 26.84038 31.75285 
28.88373 -50.49422 21.85131 
19.10462 24.10486 12.62612 
2.632889 25.77471 31.72862 
4.188581 26.12266 31.84066 
4.506975 7.653912 25.65497 
-21.84169 25.67171 12.55684 
20.70045 47.45028 27.59481 
37.16615 -48.89847 8.351315 
-23.12751 -49.51073 23.30521 
-15.02781 57.54866 36.11076 
7.745718 25.93486 31.43492 
-50.06988 -48.78878 9.340359 
18.9063 27.09566 13.24887 
1.733555 43.14746 -13.55538 
0.4325747 44.76272 -12.32015 
-2.894743 27.16969 31.85299 
1.602013 45.4504 -13.51829 
14.33202 46.22635 -13.02386 
15.48549 47.73273 -12.47237 
-20.93133 31.97353 14.31108 
18.45343 33.90015 14.37755 
6.365584 27.12312 31.67927 
3.624969 48.31806 -13.25644 
2.689327 3.30159 35.18143 
47.28898 48.97179 -12.73551 
-23.72001 -46.67009 21.65666 
0.7815637 48.37193 -12.36712 
19.79983 -47.0051 7.883661 
45.24822 49.28463 -12.98353 
-25.43079 -44.67362 21.38846 
0.5613133 49.08137 -12.77163 
49.59882 49.31749 -13.7613 
1.504581 51.18027 -13.39492 
43.24457 50.25937 -13.04931 
-0.172874 51.30601 -13.25211 
51.78768 50.54467 -12.87768 
13.23886 58.38509 36.29276 
-21.98199 38.26044 14.26543 
2.524833 51.036 -13.14571 
-13.35612 58.05302 36.70456 
12.42917 50.55741 -13.27098 
41.60104 51.05778 -12.88811 
53.03532 51.50664 -13.01288 
-51.30118 52.12085 -12.68048 
-49.28579 51.64948 -12.80638 
-26.46747 -44.50093 21.96012 
-19.75815 50.688 -13.33468 
-3.848585 51.5223 -12.74931 
13.80785 -45.21839 22.43805 
21.56451 39.70772 13.90644 
11.10854 50.73819 -13.48525 
10.51931 52.44088 -12.96798 
40.57515 52.13556 -12.888 
-14.68505 58.28306 36.23526 
-34.67052 52.74344 -13.53018 
-26.71242 42.65438 15.21524 
20.46959 -45.57757 8.970739 
23.8726 41.69947 13.55693 
28.29498 -43.8933 21.30872 
-34.97619 53.77281 -14.11134 
-28.88492 16.35979 17.70653 
5.540063 53.20476 -13.06751 
39.91611 53.7622 -12.70225 
-8.942797 54.31567 -13.25825 
6.579362 54.02731 -12.88437 
15.24948 -43.84137 21.28079 
7.327605 55.3287 -13.53321 
8.12977 54.97134 -13.01404 
-35.49063 8.641812 18.25747 
29.74505 -45.74987 7.468243 
25.87293 46.85178 12.94113 
21.73713 17.21849 15.94299 
26.8797 48.20273 13.64825 
-34.62292 -41.53265 21.87286 
-13.42536 56.23691 -12.79548 
-27.14422 -42.31265 22.21322 
59.71084 57.47969 -13.34658 
-33.33729 57.26371 -13.34727 
-13.33433 57.99566 -12.94152 
28.12209 48.63261 13.16283 
38.41476 57.92917 -13.37523 
-14.39255 8.652709 25.80322 
-12.18174 60.20803 -13.26125 
10.46409 58.9544 -12.94468 
-35.18567 60.18364 -13.12591 
-26.33305 -40.80368 21.29766 
-13.21945 61.62803 -13.50618 
29.70755 -44.8407 8.999578 
10.87113 62.58318 -12.49101 
-34.10588 62.5524 -12.84125 
6.850161 28.3957 31.73878 
-14.4565 62.75904 -13.11059 
-44.50449 -44.3203 9.150455 
-39.11003 -53.16638 18.58037 
-15.04194 64.21819 -12.88707 
-41.04997 64.98299 -13.23282 
-38.10358 64.77316 -12.88613 
-29.24899 52.17719 12.96211 
-21.90071 64.49809 -12.97927 
21.74948 -44.77934 7.84611 
-41.18628 -26.54959 10.50129 
62.22779 65.7031 -12.56101 
-41.28946 65.60435 -13.43652 
13.93897 -39.60426 22.92046 
2.132012 -2.741176 35.72351 
-22.00553 66.54908 -11.79047 
-26.17099 -38.49311 21.72248 
4.449839 28.00683 31.43161 
17.72699 66.47569 -12.67882 
15.48529 66.96624 -13.60904 
9.14234 29.02878 31.27287 
-42.72645 67.63605 -13.15354 
11.38163 67.57704 -12.30223 
13.33988 67.00571 -12.48101 
-57.36662 67.20076 -12.50963 
28.73491 11.60197 18.66388 
-52.05951 68.10315 -12.19612 
-30.2817 55.96861 13.19283 
16.22564 69.75663 -12.43524 
-18.37638 6.066957 25.53275 
-36.85212 -35.99 21.36356 
-48.34944 70.00692 -13.52446 
-35.43584 -37.05451 22.25603 
27.34987 -44.63737 8.414265 
35.09114 56.77293 12.92124 
-27.02933 -35.46113 21.82155 
34.56033 58.95014 12.60644 
-3.591993 -9.314405 53.52621 
-31.29648 -43.80675 8.602979 
-16.1882 71.85439 -12.90835 
14.94915 72.38978 -12.79407 
-30.49483 -44.07186 8.717395 
44.57101 73.2508 -13.94157 
45.80068 73.42455 -12.42784 
-30.26119 60.32871 12.23054 
-15.15371 74.49365 -12.94861 
13.54842 74.52691 -13.40252 
55.09828 74.73406 -13.70031 
13.47096 74.94405 -12.11131 
53.8071 75.32658 -12.93233 
-14.15883 77.07195 -12.8585 
-22.21309 68.57927 28.02077 
-29.50177 61.45119 13.19834 
19.19023 44.78878 27.85015 
-36.86643 -33.99516 21.6353 
13.2588 -34.90764 20.90289 
8.548591 81.60755 -12.45741 
-27.61718 17.5313 10.84971 
2.035077 84.63657 -12.54341 
-1.830461 85.85699 -13.09992 
-0.5590816 85.85461 -13.11764 
1.014455 62.56349 39.36201 
27.97642 12.33496 18.01062 
5.179895 29.57439 31.73816 
-32.49731 -42.47936 8.558749 
-31.64502 -42.82902 8.684306 
3.314099 38.00746 -12.23699 
-26.76764 -32.39813 21.81207 
2.746773 39.20823 -12.77532 
13.40651 -25.01484 10.40851 
2.126129 39.94559 -12.75376 
7.762372 29.39265 31.674 
-29.69058 64.78143 13.00493 
-3.234192 41.00758 -12.49908 
-17.20655 41.53861 -12.20583 
1.016222 40.59388 -11.61205 
-17.70084 43.37535 -12.8357 
26.05958 67.64277 12.93109 
-1.954174 43.12166 -12.00225 
25.53793 68.48528 13.64277 
-23.96791 9.201583 25.99948 
-35.99105 -42.26054 8.365452 
14.51145 43.77095 -12.68784 
1.978006 46.69057 -13.34581 
-28.91782 67.90818 13.66579 
-34.09208 -42.12614 8.469358 
-33.94416 12.87994 17.97841 
-18.75452 8.091239 26.11385 
-28.39447 70.29371 12.7689 
-42.76218 48.66082 -12.22561 
-0.8073125 49.23053 -12.55212 
26.60483 13.1705 18.85844 
-26.20771 -31.02613 21.69575 
-37.47206 49.47966 -12.63609 
-36.7743 -30.54522 22.21795 
0.9663464 29.85444 31.54311 
-3.098068 50.51272 -12.13212 
2.901202 49.25735 -12.17333 
44.79739 49.87766 -12.36968 
-44.57099 50.40361 -12.27573 
22.76733 73.5116 13.70151 
5.551749 49.75565 -13.21428 
-32.34461 13.74169 17.57085 
-36.67205 -28.8239 21.98882 
-27.10042 -28.92549 22.05079 
6.81961 31.37445 31.50444 
-49.62388 52.07863 -12.15659 
-4.484078 51.43454 -12.36104 
2.494067 50.11661 -12.32761 
4.347957 51.41565 -12.00552 
-33.24613 -40.74463 8.236633 
-5.77243 52.22565 -12.94978 
0.2309072 30.36801 31.47569 
-6.977109 52.77703 -12.21063 
-29.37187 -41.42912 8.969225 
8.956033 52.54347 -12.63121 
-52.01518 53.99733 -11.85405 
32.35408 -26.72493 21.93626 
7.544425 10.20205 26.56981 
-7.646177 53.77771 -13.02432 
-31.71995 14.47212 18.65776 
-36.64539 -25.17134 22.06164 
24.61476 -23.92874 26.62398 
17.78681 79.54893 13.34407 
10.78178 9.096954 26.08145 
39.33961 54.56925 -12.76239 
-15.50088 54.17723 -13.12199 
-13.19393 54.22144 -12.58372 
-7.8286 31.88428 31.61707 
-28.28074 -25.45118 21.81021 
38.99737 55.53749 -11.98433 
-33.06435 56.00144 -13.34267 
-14.62983 56.66664 -12.6484 
-17.06723 83.94906 13.05801 
-2.765821 49.32776 38.66034 
11.60182 57.67157 -12.55659 
-21.95962 59.15709 -12.76904 
-28.30279 -23.71974 21.78832 
-58.76785 59.91573 -12.54756 
-22.34468 59.93567 -12.63392 
25.02871 14.23148 18.43074 
-14.88918 58.65984 -13.04664 
32.65458 -23.05975 21.40556 
62.17212 61.0695 -11.26537 
-34.89185 60.83447 -13.05052 
-21.18819 59.95641 -13.05107 
-13.59118 86.69091 13.92214 
-58.89889 61.72953 -12.5543 
9.41818 87.22322 13.77576 
-13.9747 60.77803 -12.85861 
38.30526 61.41473 -11.96494 
-12.29779 87.40957 12.12575 
-33.99057 61.57682 -13.04016 
-1.42013 -1.171563 49.20662 
-22.40546 61.66531 -12.74092 
-10.41902 33.62578 31.84643 
-18.80877 61.36335 -12.14714 
-41.668 -24.64403 9.752728 
19.94579 21.06148 16.83012 
9.417534 33.53053 32.03184 
-17.14949 63.0157 -12.26308 
-11.61216 87.16006 13.76753 
-26.77719 -37.96227 8.360325 
62.90238 63.42445 -11.79059 
-37.86613 -38.13742 8.660513 
-28.82772 -22.09888 21.55756 
-18.21286 9.373491 26.189 
-37.02347 -38.38689 8.235729 
-39.80808 64.35355 -12.54901 
-22.47357 64.8225 -11.96943 
-40.75539 65.13404 -11.91249 
10.26434 64.83643 -13.73976 
10.63593 33.90575 31.24332 
-42.16178 66.27587 -12.19195 
38.77327 65.26324 -12.6044 
-30.40572 -21.41397 21.65974 
3.23229 89.55154 12.64893 
10.182 67.24271 -13.08924 
39.4542 66.36652 -12.65978 
17.08427 67.78918 -12.91659 
61.50156 67.48034 -13.09366 
39.84079 67.72643 -13.20781 
-11.89325 35.12503 31.5351 
9.22989 34.85836 32.1093 
-30.51371 15.75065 17.96699 
-50.84095 68.53257 -12.34406 
-49.48091 68.07679 -11.9844 
-49.1583 69.51421 -13.05195 
22.72601 15.5317 17.88228 
-37.39196 -20.05341 21.50618 
-18.04768 70.02036 -13.04735 
41.44774 69.41054 -12.60905 
59.57787 70.48502 -12.14209 
-17.47187 71.17329 -12.4846 
-43.18677 -53.40807 13.66972 
42.99477 70.96706 -12.37744 
-13.74574 10.90349 26.39761 
43.28162 71.99152 -13.2203 
-16.60293 73.31055 -11.85451 
-15.84516 73.26234 -12.94254 
56.80912 73.2396 -12.01789 
-25.22294 -35.79628 8.315974 
33.20085 -53.80016 13.76265 
22.03035 53.9169 27.43863 
-38.39238 -35.66933 8.407061 
49.82162 74.85026 -11.83355 
52.94878 74.66325 -11.29831 
-32.86864 -20.71649 22.11523 
12.45239 76.5498 -12.17721 
-14.5122 76.62847 -11.635 
-13.18748 78.44026 -12.86469 
-31.12442 -20.22893 21.48089 
10.42442 78.9928 -12.79496 
17.29346 -45.59175 30.28675 
-9.785871 81.68014 -12.32794 
-32.01012 -18.64803 21.03872 
19.32706 -53.07679 27.42599 
3.118215 84.43874 -12.14873 
-34.77862 -19.79748 22.30079 
-2.928108 86.18845 -13.05207 
18.38969 -53.36135 14.29598 
22.0489 -52.92739 12.80957 
5.655025 36.616 31.58501 
7.08105 36.62394 31.12974 
30.177 -19.77316 22.63712 
27.49952 -53.01275 16.00341 
4.264319 11.25346 27.66298 
-16.94251 39.74433 -11.40661 
18.71372 -44.5561 29.14599 
-3.764795 38.89553 -11.74287 
-5.066281 -11.71454 57.72084 
4.842114 37.23139 31.61702 
0.8336774 42.64607 -12.12669 
-1.37181 43.58021 -11.95611 
22.65543 -16.85963 21.99294 
0.03353257 45.79359 -12.10021 
-29.15549 16.11014 18.48733 
-46.36404 -52.14742 14.10046 
2.922077 48.28266 38.20584 
26.90087 -32.95075 8.21139 
1.060233 47.6749 -12.20528 
17.62251 -50.55653 12.77106 
-41.10462 48.35986 -12.22384 
-1.251243 48.40211 -11.68616 
1.98465 48.46934 -12.16102 
-48.58509 -50.04636 12.8871 
-25.80352 -5.087719 21.43799 
-35.21803 49.65189 -12.59203 
-38.14706 49.24389 -11.74763 
-19.88483 9.95234 25.91253 
2.15934 49.39923 -12.13131 
36.57856 -51.50121 12.89403 
23.16106 -5.337297 21.2584 
43.04488 50.05624 -12.3331 
-28.27131 16.54164 17.89052 
50.8406 50.08234 -12.21122 
3.523109 50.31984 -11.95422 
24.62494 -10.60021 19.33198 
18.15504 -5.572175 21.61376 
23.32625 -31.17005 7.745252 
4.873303 51.21132 -11.9613 
-28.62303 -4.559101 21.28208 
14.46488 50.90851 -12.68356 
39.92755 52.60566 -12.38222 
-26.91691 -4.086347 21.52374 
6.622877 52.38182 -11.84536 
-19.39188 80.93875 10.61437 
54.5216 52.24385 -12.63253 
-5.931895 -11.65662 57.19012 
16.0937 -3.569403 22.00421 
8.703181 53.4869 -11.81435 
-0.8987271 1.642205 42.24203 
18.90151 -31.17115 8.026047 
20.73883 16.72168 18.06403 
19.87901 -31.58511 8.546367 
11.48216 39.71731 31.41694 
-10.54093 53.75851 -12.00156 
-8.950133 53.66527 -12.07567 
13.42271 53.04634 -12.52581 
-15.00192 40.4654 31.35456 
21.93945 -31.1612 8.627045 
-19.36721 53.40213 -12.68828 
-22.23925 22.62917 17.79702 
-9.870824 54.36258 -12.3257 
26.4297 -46.10857 26.02098 
11.31427 53.67379 -12.44924 
39.26047 54.62094 -12.01741 
-17.81384 54.74964 -11.82652 
-12.56097 54.4716 -12.19736 
25.98384 -3.111683 21.92923 
-10.66072 54.59804 -11.95463 
-13.71251 64.20093 36.22588 
-16.60334 55.49768 -11.86345 
-14.60518 54.96135 -12.20744 
-13.01856 55.08421 -12.01122 
-11.8911 54.86983 -11.98329 
-54.10973 54.63623 -12.17444 
-13.8571 55.59552 -12.01348 
-12.68921 55.50906 -12.24747 
-22.06921 23.38849 17.17246 
12.70856 40.57904 31.76413 
32.88337 -46.22268 14.60074 
57.47478 55.31132 -12.26316 
-54.24244 56.55605 -11.36584 
-16.37324 55.99973 -12.02975 
-16.53482 56.79504 -12.79726 
-22.54233 56.47216 -12.02231 
-21.60601 58.2789 -12.3442 
-22.6088 58.10606 -12.28164 
-25.04596 -44.81082 14.60539 
-20.77112 57.24114 -11.74518 
-18.63718 57.08117 -12.50405 
38.34515 58.32248 -10.79466 
-29.9845 57.34383 -10.81506 
-55.33112 57.61899 -11.98874 
-29.84279 -2.257617 21.48181 
12.03422 59.17727 -11.95017 
-16.79505 41.46581 31.87311 
20.53669 -30.7576 8.349617 
33.09455 -23.87081 9.28515 
-17.59598 43.04516 32.16782 
-21.59611 -8.229693 17.1842 
18.51636 24.58083 17.63597 
-17.55378 58.40659 -12.80225 
-19.73098 60.52784 -12.23948 
-19.55892 59.83298 -12.04853 
10.36641 60.56769 -12.03736 
28.21394 -44.01961 12.55409 
-18.35743 60.6774 -12.16857 
-17.33954 -2.447048 21.74073 
10.81266 61.73685 -11.93178 
-32.68351 62.16578 -11.84604 
-18.15372 61.51202 -11.98496 
-31.45336 -1.780748 21.0017 
-23.49077 61.75266 -12.08658 
-15.22352 61.65642 -12.31528 
-16.84783 62.6491 -11.89791 
20.7444 -42.86019 13.73372 
-22.17432 62.99577 -12.63406 
38.39658 62.81717 -12.61416 
-58.52258 64.80938 -12.2451 
-40.1772 64.62366 -12.14654 
-36.53101 64.19473 -12.47399 
29.36409 -30.00953 7.76741 
38.64893 64.46978 -11.72717 
-2.863853 2.862694 26.72014 
17.16796 65.65211 -12.67519 
-40.75932 -42.20891 13.59793 
-23.64677 49.25235 27.00082 
26.78596 -0.4086884 22.31461 
15.37675 65.75976 -11.94661 
18.62815 65.04484 -12.04727 
1.471648 49.53351 38.64814 
14.12665 -7.975207 17.35498 
17.60314 -29.39375 7.869889 
23.96656 -41.77803 13.87436 
10.98379 67.42432 -12.31209 
-40.34755 -40.91716 13.50742 
-19.56239 67.38973 -12.84723 
-23.58385 -40.62414 14.29471 
-45.79863 68.04868 -11.69359 
-19.25892 68.23726 -11.73368 
-47.88874 68.82588 -12.34326 
17.40291 69.1702 -11.78878 
-19.38847 69.20405 -11.10235 
15.73985 70.53628 -11.76623 
42.08869 70.13934 -11.96932 
43.89035 70.96036 -11.35222 
-17.07203 71.85986 -12.03074 
10.74099 1.515269 20.70123 
11.43033 2.567802 21.63509 
25.1759 -39.71143 13.59329 
-17.92428 46.23777 32.56244 
53.23695 74.30813 -11.0017 
-15.74635 74.89411 -11.97889 
48.83637 75.06367 -12.06746 
-22.75503 -38.13952 13.86416 
18.16041 -37.64718 12.57844 
22.36236 60.56332 27.67828 
-15.08374 75.73875 -11.28608 
-13.30385 77.8796 -11.48109 
11.01135 78.32249 -11.64921 
-11.73629 79.02615 -12.51356 
-10.90102 80.71109 -12.51712 
-8.623257 82.82572 -11.51516 
26.43672 -38.34999 12.88609 
3.212136 0.7439875 35.44283 
-6.135038 84.4269 -12.3596 
-4.93771 86.04004 -11.75336 
-9.804052 35.41172 -11.07535 
-20.94125 -27.87158 9.047985 
23.00312 -38.34086 13.32144 
8.779313 3.011379 20.83205 
6.681436 36.6245 -11.69028 
-7.556961 36.82984 -12.05509 
-14.15909 37.71835 -11.70933 
2.266884 38.03875 -11.37623 
15.93611 -36.97223 13.80945 
-0.4803267 41.17937 -11.69957 
-18.82754 49.5727 32.46779 
17.58525 47.43099 30.82127 
16.72334 45.56332 -11.59398 
-1.65404 44.99043 -12.04105 
-1.362283 46.23021 -11.84234 
-0.2033405 47.23145 -11.61112 
-21.99567 -33.92724 13.01854 
3.044773 5.346383 25.68504 
-1.426126 47.73796 -11.65343 
-21.33697 47.36071 -11.58564 
-36.48066 48.76065 -12.02674 
-2.184801 48.38662 -11.8164 
-8.522343 5.370027 21.27271 
-2.862577 49.73335 -11.56979 
42.20647 49.10441 -10.93021 
45.37112 49.47148 -11.26907 
46.22074 49.6904 -11.22213 
-3.624811 49.82272 -11.56149 
52.00576 50.45014 -11.44314 
-5.073994 50.53591 -11.5718 
26.36261 -25.94953 27.33833 
15.11601 -23.83724 8.18999 
-46.2403 50.59075 -10.81932 
-42.09874 -22.99502 8.683262 
17.75277 52.20308 31.95881 
-6.126986 1.264732 35.42107 
-7.396258 51.73966 -11.92805 
-6.124275 51.30713 -11.54279 
-5.151372 51.62591 -11.68598 
16.39052 51.03474 -11.97892 
-1.520194 -6.602258 42.74432 
-6.99717 52.20508 -11.6753 
-40.85005 -30.97196 13.58508 
53.73172 52.02413 -11.94285 
-50.32475 53.13466 -11.35313 
31.43267 -32.08632 14.07492 
14.57958 -22.65816 9.435525 
-7.941535 52.9549 -11.47615 
6.329212 52.92215 -11.8991 
54.10928 52.68961 -11.11246 
-31.35585 52.63449 -11.51783 
7.860041 53.80939 -11.75541 
14.63058 54.45755 -11.73823 
16.00095 53.59931 -11.13796 
17.75137 -44.45059 29.24181 
-20.82319 54.98172 -11.35594 
-9.319446 53.1935 -11.81243 
-40.95341 -28.93386 13.00165 
-10.92354 54.10197 -11.88902 
-42.04911 -22.27093 9.201008 
-5.307007 6.613015 23.72858 
28.33785 7.119461 20.61651 
17.81023 53.95354 32.30967 
-30.61878 55.8256 -11.60141 
-18.59363 55.42205 -11.35973 
9.437314 54.92243 -11.41523 
-32.70622 6.780566 22.20816 
-15.22742 55.76323 -11.86366 
-7.534589 7.637257 21.83568 
-41.99281 -28.86643 14.06178 
19.35703 69.87889 28.78852 
-18.46566 55.9968 -11.42335 
58.89214 55.95789 -10.80813 
33.17225 -21.71116 8.163831 
-23.37567 56.85936 -11.50974 
38.4954 56.76765 -11.3189 
11.7525 57.13734 -12.33879 
12.8538 57.96309 -11.71145 
14.16446 58.19994 -11.62462 
-23.21846 58.99856 -11.73475 
38.63211 60.0744 -11.07346 
-55.62283 59.96662 -11.4499 
-24.19477 64.94884 27.70876 
18.57383 57.49821 31.3332 
-5.506925 6.518671 30.55665 
17.00114 -20.15981 7.934733 
32.68045 -19.27608 7.881862 
-23.36351 60.10186 30.40899 
-57.58476 62.06164 -11.58726 
-24.32481 63.1799 -11.17491 
18.31991 58.94597 32.31271 
25.30573 11.81502 21.29134 
19.2184 63.26035 -11.4505 
-35.03893 64.1829 -11.50783 
17.0623 64.44733 -11.6648 
18.10551 64.5362 -12.03504 
38.57773 63.60682 -11.76152 
-23.69777 64.18829 -11.55338 
-41.85424 -22.36644 13.53491 
-4.955395 51.05608 38.5421 
-38.45348 64.87141 -11.70085 
32.75416 -21.93398 14.24425 
-41.41853 65.79624 -10.81556 
18.19549 60.68835 32.4262 
21.23786 12.2462 21.74999 
13.14835 -22.66843 14.0959 
19.54615 65.31495 -11.08236 
-29.61395 14.50208 20.83513 
17.47353 6.809388 24.90325 
-53.56881 67.23883 -11.621 
14.72972 13.83743 25.7541 
-43.88362 66.7924 -11.22187 
-54.96381 68.07897 -12.23409 
-1.979515 51.39894 38.32684 
-52.79919 67.24108 -11.46443 
18.6168 67.4303 -10.91855 
40.48994 67.2044 -11.80121 
-22.44769 -17.71167 8.938985 
-21.29204 62.02787 31.81461 
60.82695 67.79564 -11.30913 
-20.44095 63.46868 32.15691 
-24.34408 17.59943 21.99973 
-0.803933 50.55681 38.88891 
-14.9698 75.62041 -11.94779 
13.07795 75.79683 -11.91612 
10.49329 79.44398 -11.61571 
8.44125 80.84417 -10.47209 
-19.74816 66.92843 31.35598 
-25.03492 -16.04343 14.33301 
6.201685 82.7224 -11.39632 
-7.086197 84.10788 -12.32283 
2.477723 84.79607 -11.31807 
1.286468 85.54438 -11.59694 
-2.726142 86.31509 -11.99093 
16.41469 -16.81817 13.50221 
-5.241086 3.309554 35.44428 
3.742231 36.94901 -11.30922 
9.406878 37.1216 -11.6601 
-12.78119 35.99662 -10.69681 
17.6039 27.90457 18.0916 
12.01577 37.84593 -11.09997 
-26.33914 -14.20454 14.02484 
17.06289 22.30992 21.9922 
-24.36034 -14.75567 8.670965 
12.85243 38.71136 -11.1909 
-2.41456 39.87405 -10.84186 
-1.075967 39.20776 -10.84123 
-1.917043 41.53802 -11.4455 
-18.61356 41.29005 -10.49184 
-18.56691 66.73051 31.78682 
-3.20945 50.58129 38.08482 
-18.87841 42.08545 -11.21387 
-19.98564 43.06871 -10.97137 
17.52922 67.13614 31.57833 
-42.21327 -14.54474 8.521881 
16.06865 -12.32118 14.99463 
-21.54335 45.91311 -10.73241 
23.30317 -39.16744 30.01373 
12.36458 14.72153 26.16631 
-43.64927 48.38017 -11.37876 
-10.80485 65.68623 36.48201 
-33.64487 49.49748 -11.53407 
-44.55966 50.05341 -11.43641 
17.4827 48.59657 -11.63582 
47.08343 49.04393 -11.94722 
48.07565 49.06466 -11.58386 
41.06116 49.81472 -11.47609 
41.0465 50.70271 -12.30193 
50.12476 50.36763 -11.16961 
16.34002 27.5201 22.74147 
-5.149441 51.19143 -11.36092 
14.11344 -10.55425 13.9485 
-33.55073 51.02789 -11.51777 
38.71235 50.96491 -10.47937 
-6.505981 51.83964 -11.56554 
22.66215 -26.54113 27.46514 
-18.92975 30.05637 21.97564 
53.10061 51.16152 -11.2497 
17.65751 53.58981 -10.79891 
-29.84943 53.47211 -10.84978 
13.55382 -9.450752 13.89347 
-16.38037 16.1005 26.12706 
-38.76632 -9.316344 11.96523 
-21.74736 54.44361 -10.97139 
55.55975 53.32049 -12.23097 
2.249197 72.67248 36.79061 
-18.90229 -9.020771 14.10072 
-23.14085 55.1438 -11.44359 
-37.83695 -8.261467 12.80606 
14.67567 70.11884 32.04875 
-21.41641 55.57401 -11.27969 
11.00429 55.19072 -11.33862 
12.77375 -8.748418 13.85588 
-19.71832 55.72804 -11.44074 
10.55719 55.66671 -11.37301 
13.21498 55.1515 -11.5707 
31.95654 -7.948418 13.59303 
-18.14713 81.75308 10.79253 
15.72456 -12.42204 8.106566 
19.69926 -43.89454 29.14317 
12.22715 -7.893812 13.90774 
15.68162 81.73131 10.52711 
32.8363 -6.515874 13.9631 
15.78302 71.87678 31.03788 
13.65635 59.28465 -11.78804 
22.42603 -31.74996 28.92775 
-33.0894 59.87281 -11.75605 
-32.96585 60.68361 -11.67968 
14.59552 60.02708 -11.15463 
-6.042973 -5.407891 49.89804 
-32.21101 61.40247 -11.66502 
12.01504 60.99313 -11.6389 
17.56148 34.29553 21.39308 
-31.8499 62.3032 -11.27118 
11.179 61.60012 -11.69026 
13.70172 72.83873 32.18961 
-28.33488 -53.12881 17.72144 
-33.16766 62.7425 -11.60853 
-24.11732 62.20407 29.02756 
19.14201 62.01527 -10.93487 
38.52374 63.19807 -11.33921 
-14.98515 -5.095418 14.02271 
32.89149 -10.40954 7.998791 
-40.89719 -9.108593 7.961316 
11.13743 66.28791 36.24113 
10.34047 -4.612217 13.77996 
11.57923 66.06979 -11.12139 
14.09654 16.35706 25.32527 
61.95172 65.98605 -11.56551 
-54.02291 65.7499 -11.12573 
-38.50029 -3.478366 14.46236 
39.32093 65.38625 -11.71932 
11.57548 66.75191 -11.3703 
-12.66864 -3.13334 13.37769 
-50.5548 67.81284 -11.59223 
9.712427 -3.051168 14.16087 
-11.80604 67.16309 36.05866 
-21.87472 67.24324 -10.86076 
-20.2158 67.8714 -11.70374 
-13.09786 74.72836 31.51101 
17.19744 69.90951 -10.51323 
-18.55562 70.68222 -11.12836 
42.81432 69.91037 -10.36715 
-38.89087 -0.6086704 13.57964 
-24.63624 41.94529 21.53059 
-17.74411 71.53175 -10.76425 
44.54922 72.13274 -11.68322 
58.28818 71.97659 -10.64015 
15.47668 71.92439 -11.24613 
-12.33919 75.44913 31.65642 
19.38649 6.388811 25.27257 
-10.39928 -0.5274354 13.78552 
13.94591 73.39214 -11.84403 
34.88054 -7.675107 7.821164 
49.46391 73.74623 -10.70811 
21.15399 42.96397 22.61344 
18.28012 71.33402 28.10794 
8.228037 0.330556 13.80041 
21.59415 44.42073 23.04084 
1.664454 5.175386 35.16002 
-12.20454 78.63836 -11.66309 
9.544164 80.09886 -12.14202 
-10.63092 81.14255 -11.35948 
-9.389671 81.40934 -10.64033 
7.729918 81.92197 -10.91648 
4.625193 83.99212 -11.97007 
-7.282535 84.35432 -11.33471 
-11.71319 76.79731 31.86612 
-1.04699 86.21828 -11.84367 
22.90456 45.1418 22.25266 
8.344249 35.447 -10.55675 
18.37619 34.1197 18.29813 
13.45474 17.98336 25.69659 
-40.06029 -6.766813 9.433304 
-23.13169 63.08145 29.45237 
-18.98685 72.50031 27.65953 
5.050419 2.558107 13.57004 
-15.59803 38.39469 -11.02997 
-7.847134 2.50551 13.00354 
22.1242 5.12461 25.21925 
-5.601844 4.705246 12.57897 
-2.747739 7.145013 34.2265 
15.2669 42.27066 -11.54343 
32.76772 3.599037 14.35846 
-42.41242 48.22365 -10.85122 
-41.16267 47.95206 -10.36072 
-38.2732 48.43979 -10.61835 
-37.04115 47.72144 -9.950647 
-44.57986 48.82867 -10.2857 
-38.93305 48.56789 -11.08702 
-34.45881 48.40752 -10.53188 
-44.94744 49.62867 -10.38142 
28.32051 -16.6607 19.11173 
-27.91779 55.51511 21.7194 
35.06244 -4.396299 8.063993 
-21.56127 49.57604 -11.90027 
47.17815 49.78902 -10.62147 
48.97337 49.61541 -10.75811 
0.1911853 -2.906945 49.00705 
50.59496 50.49087 -10.61327 
52.89958 51.12334 -10.58894 
7.896169 78.52676 31.97239 
18.70953 51.04517 -10.7229 
-6.06937 -2.613077 47.75815 
-21.12019 52.76585 -12.03564 
18.43423 73.31709 27.85049 
-31.3957 53.81932 -11.95953 
34.21767 -52.17591 16.84653 
-12.64851 24.03407 29.51362 
-28.68782 54.13705 -10.30401 
-52.97466 55.1063 -11.31917 
9.028475 56.5515 37.76752 
-40.92262 -1.32786 8.689807 
13.0504 56.48854 -10.70839 
31.25534 9.74877 13.10122 
-28.89434 63.83167 20.33002 
11.75707 56.47835 -11.19064 
13.037 57.26942 -10.84618 
23.90719 65.20193 21.97027 
-23.9116 57.32947 -10.69571 
0.1113857 -5.991574 42.38473 
-24.13506 58.5051 -10.5521 
15.52006 58.28399 -11.03556 
-34.83735 12.56717 15.07202 
-34.08598 13.49815 15.11988 
-6.225337 -8.77711 56.91549 
61.11932 58.93819 -10.66223 
-27.591 65.80672 21.99599 
-4.306846 80.57207 31.98634 
-54.33836 61.21513 -10.78493 
-30.97838 61.43461 -10.61203 
-3.980276 -5.370148 43.66048 
24.2068 68.9547 21.03069 
-31.52519 16.28063 12.98767 
62.49203 62.62932 -9.699111 
-57.4711 63.6244 -11.43727 
-32.50823 63.87191 -9.920431 
24.57293 16.37638 14.01829 
-30.29267 16.96195 13.64639 
11.9812 63.08582 -11.06765 
12.15525 64.10615 -10.92313 
-54.12652 63.66439 -10.72727 
-41.58809 -21.44202 10.76413 
-40.59685 0.255822 9.184103 
-20.69 -23.54989 10.42203 
4.490146 80.35425 31.76177 
23.28516 17.46271 14.03233 
23.34216 71.15344 21.26533 
-56.11831 66.67223 -11.40267 
-24.09789 71.08657 23.22302 
-23.6956 65.62942 -10.62671 
-0.2577786 80.75016 32.08274 
-39.35179 65.80832 -11.24086 
13.6614 65.85927 -10.68702 
-22.64581 65.7071 -11.19518 
-22.91761 73.84841 22.4326 
-39.62591 1.765017 8.167222 
-19.77464 34.67612 17.61252 
9.472648 6.729041 25.11949 
-47.68744 67.87394 -10.83488 
6.907589 2.69576 8.655149 
34.50912 1.073558 7.993455 
16.30298 -52.08914 32.00187 
-21.00367 68.58565 -10.70562 
18.66487 -52.09929 32.00048 
45.06831 71.16603 -9.784936 
15.38327 -53.05861 18.63161 
11.44492 18.22856 25.79759 
20.03762 22.99004 13.22194 
20.62068 75.67928 21.5451 
-21.27288 75.89714 21.36288 
14.64526 73.03106 -10.36585 
14.08096 74.46294 -10.62902 
46.38473 73.43665 -11.0264 
47.94313 73.9987 -11.07162 
54.1455 74.01394 -11.33994 
55.35493 73.74171 -11.15198 
51.10868 74.77364 -10.99703 
-12.66856 78.63861 -10.85716 
-12.17905 79.11914 -10.60389 
10.05314 79.80516 -10.2974 
-9.017453 82.82047 -10.03073 
6.036446 83.1094 -10.27418 
18.67851 25.70252 14.20745 
3.763613 84.77158 -10.8641 
17.08182 -51.63378 31.88126 
15.61249 -50.21177 31.81255 
10.16479 23.94316 29.4725 
16.24373 -49.04117 31.96743 
-15.52621 37.16113 -10.06202 
-16.62738 19.37115 26.09675 
-4.243394 37.81611 -11.2234 
33.93749 3.623505 8.349371 
-2.24001 38.83292 -10.27256 
0.921 38.20116 -10.19171 
-17.91976 39.08233 -9.715792 
-2.829925 38.867 -10.38416 
-1.424577 -2.30386 32.57067 
0.6197678 39.43946 -10.97623 
-0.3625916 -2.285438 32.60996 
15.07316 83.30777 10.15128 
14.05145 40.74352 -11.4863 
-19.97847 33.79199 14.31901 
-15.87529 82.31374 21.23012 
24.08328 -25.26022 27.38616 
11.32357 55.46492 37.07576 
18.63513 48.35891 -10.82786 
16.28312 6.64535 25.09027 
-43.84867 48.54468 -10.09291 
0.3710757 52.05121 38.11266 
-8.126057 4.785879 8.117975 
19.52267 37.59312 17.43177 
-32.58216 49.2156 -10.7964 
46.87548 49.9072 -10.41967 
2.974554 1.684547 31.24865 
-47.93896 51.21316 -12.04552 
51.6604 50.67942 -10.49921 
22.83782 40.31642 13.96742 
53.45475 51.94368 -10.30494 
-12.15858 84.02028 22.00992 
-19.7161 71.84622 28.46772 
23.56918 40.98074 13.60487 
10.39749 84.39044 21.74821 
54.7894 53.13803 -10.37202 
-24.75991 41.78156 13.12012 
33.40524 4.77806 8.738614 
-51.08646 54.69413 -10.33384 
-52.07277 55.40421 -10.36266 
15.2001 56.64648 -10.46645 
-23.32243 41.31194 18.3571 
14.90034 57.45498 -10.42798 
-9.982288 85.6163 22.30747 
24.96004 46.11016 13.54963 
-53.84309 59.06285 -10.14596 
-2.047209 5.707506 8.739988 
-16.00414 77.01814 27.74642 
-31.31293 60.18239 -10.18414 
20.61026 61.55476 -10.59457 
-4.768024 87.02082 22.30148 
15.41035 62.45243 -9.77585 
-30.99716 62.22671 -10.25336 
-28.2086 49.42515 13.79729 
20.52639 62.90582 -10.717 
30.3502 49.17004 13.55259 
-33.91672 63.92555 -10.32219 
39.36101 63.85062 -10.79586 
30.83332 48.79008 13.03076 
12.93227 64.61357 -10.30767 
14.09792 65.25795 -10.20701 
0.8944691 87.58143 21.96374 
39.8872 64.78493 -10.32701 
-52.17796 65.92992 -10.62128 
12.67756 65.91176 -10.5707 
-42.91034 65.7888 -10.11546 
-33.43114 -53.41622 22.57462 
23.17694 40.50613 18.76396 
-22.90124 66.74925 -9.580594 
39.88083 66.0885 -10.73806 
61.64311 66.60987 -10.00019 
-27.59239 -53.7828 22.45214 
-45.28416 66.4049 -10.49024 
31.86671 51.62899 13.95241 
33.29766 51.48513 13.57751 
-15.04261 21.80633 26.54644 
-22.15803 68.29939 -9.796206 
40.88002 67.64262 -10.32962 
41.39417 68.90546 -10.83063 
18.58275 68.33714 -9.918633 
1.852225 4.133846 35.8857 
25.92644 -53.53017 22.67754 
26.23742 -53.46968 23.54557 
-29.19467 54.60502 13.63777 
-18.90914 70.5797 -10.05842 
-5.936787 -7.760015 53.27987 
-4.62377 -12.30073 56.87143 
16.43079 71.11793 -10.47493 
-29.59437 -53.60762 23.23872 
15.52698 72.20245 -10.4255 
45.53077 72.33337 -10.39533 
20.50078 39.43691 17.32027 
30.06659 11.79877 9.264519 
-17.36712 72.70066 -10.67649 
52.05517 74.00445 -10.28775 
23.82636 -53.05732 21.9529 
-16.14343 74.70463 -10.52603 
-2.639201 10.09424 31.98838 
-14.25101 76.92352 -10.4544 
10.91881 14.76579 26.84752 
-11.76103 80.0757 -11.28423 
-11.41769 80.21425 -9.750837 
23.48858 42.27855 16.52467 
-33.31201 13.64537 9.454677 
7.53063 82.1891 -10.1171 
-6.106731 84.88499 -10.91566 
-3.464145 86.31941 -9.53506 
-2.434882 86.1776 -9.577343 
33.27747 56.8636 14.06405 
11.16351 35.06546 -9.424687 
-6.796129 36.22343 -10.83703 
-5.385534 36.75158 -10.15117 
0.5837681 36.63681 -9.796861 
2.354603 37.29424 -9.907041 
-4.861361 36.73298 -8.879059 
-31.3512 14.15475 8.077073 
-0.4691983 36.92152 -10.01939 
13.42499 -52.49099 21.4979 
1.215056 39.02808 -10.84017 
-29.6352 59.43314 13.56277 
15.4353 39.33742 -9.23579 
-29.44145 61.08358 13.91576 
-8.184006 27.25014 31.73228 
4.167284 6.616679 25.24948 
-21.13098 42.91738 -9.41877 
-35.75386 -51.24287 22.29244 
-23.03663 -50.96163 22.79669 
-38.33114 47.55352 -9.311594 
-33.62174 47.98741 -9.7396 
23.05511 40.1164 16.98757 
42.75362 48.65487 -10.06797 
-23.10343 49.15958 -9.754469 
-28.34142 16.45286 8.959299 
46.66048 49.49103 -8.962123 
49.54675 49.80629 -9.918807 
-46.66184 50.54624 -9.278726 
13.2437 -48.55228 21.9592 
-5.41509 26.83427 32.01603 
38.8809 49.15553 -9.562696 
47.50964 50.21011 -9.650847 
48.16878 50.3589 -9.135794 
13.53802 77.82118 29.21213 
-30.30025 63.93393 14.27206 
29.35339 -48.09533 21.59444 
27.75603 63.70636 14.38295 
-29.53356 52.45039 -10.29049 
-22.69667 53.33219 -10.58878 
28.62329 -47.95166 22.46784 
-26.22025 17.49927 9.363626 
38.3448 52.59674 -10.75142 
55.96358 53.96796 -10.41488 
37.82979 55.01191 -10.55342 
-51.37436 55.89687 -9.722073 
-1.979907 -8.960361 54.35859 
17.12881 55.34571 -9.571848 
-10.44145 63.98458 37.54314 
-53.01551 56.68627 -10.67372 
-52.60762 58.93623 -9.786493 
10.99317 6.99564 25.41569 
37.36003 58.38427 -9.605851 
-7.53691 28.40827 31.72762 
-29.82345 59.73661 -9.372569 
61.20023 59.32164 -9.700212 
-24.85092 60.61868 -10.45274 
17.93659 60.0904 -9.716959 
-7.851212 69.28407 36.26408 
23.51812 72.55524 13.78361 
29.06678 -45.75671 21.99743 
18.49483 60.82486 -9.739659 
38.39984 60.65847 -9.382716 
-26.33003 72.31326 13.96974 
3.283514 28.04818 31.85147 
12.56511 62.53529 -10.62937 
-25.15923 73.35563 14.36525 
39.05017 63.24783 -10.16746 
-53.3568 62.18882 -10.2399 
-27.26447 -44.03077 22.59103 
16.13904 63.2173 -9.802142 
27.84589 -43.89175 22.5215 
21.33652 19.98244 9.362459 
-33.24515 -43.64149 22.02465 
62.70564 63.89536 -10.42483 
22.42914 75.12547 14.0477 
-35.53127 64.50574 -10.10808 
14.11307 63.84947 -9.5566 
-4.200705 28.87561 31.92667 
-24.95904 64.6936 -9.69 
-6.127205 69.43044 36.33614 
20.09263 22.76136 9.59856 
-23.70845 66.19046 -9.670669 
-49.86842 66.60083 -9.998065 
-23.04291 22.21326 8.609585 
-39.96677 66.35778 -9.422884 
-48.49692 67.16481 -10.43173 
-21.0674 23.15255 7.551682 
-22.36289 66.845 -9.756491 
19.75739 78.23302 12.98363 
16.16328 72.39496 29.10886 
-4.451416 28.47477 31.74858 
58.45658 71.25057 -7.887183 
44.11411 70.53259 -9.214712 
-18.26188 71.14291 -9.64626 
-17.87814 71.49967 -9.602526 
6.548693 68.70101 36.14822 
55.9929 73.1012 -10.59765 
57.68157 72.12586 -9.379441 
-19.2122 79.74352 14.06204 
14.95986 72.81271 -8.840992 
52.78569 72.65186 -9.677628 
50.3535 73.58748 -10.00923 
51.37608 73.18764 -9.548212 
-27.7754 -40.59285 22.22948 
-15.93457 74.72539 -9.503096 
15.03276 -41.31089 21.26973 
11.81369 76.56179 -10.5256 
-13.57363 78.24123 -9.706603 
-32.30376 -40.33681 22.45128 
11.41583 78.30429 -10.01556 
-12.21912 78.90016 -9.340516 
-10.53236 81.32799 -9.355589 
2.860308 52.41228 38.77432 
5.007348 84.1916 -10.73676 
21.28806 6.167973 25.4354 
4.190385 84.5238 -8.857056 
-43.19362 -52.83945 -9.545018 
-20.5763 26.66292 8.167807 
-2.739594 35.27214 -9.490551 
-6.881001 30.62699 32.03051 
-0.6240013 34.10288 -9.74518 
-13.30778 34.7026 -8.826136 
-33.8068 -39.71967 21.89842 
-7.795732 35.15491 -9.894779 
24.15515 47.86737 17.34015 
6.061403 35.45105 -9.872142 
-20.24957 28.80985 8.320914 
4.576541 35.78827 -9.08299 
12.86263 37.11056 -10.01929 
25.20115 -25.45175 27.12696 
-26.71716 -39.05451 22.16315 
-19.95026 31.37016 8.17567 
-1.599923 37.09227 -10.00053 
1.731346 37.36848 -9.457294 
-33.98146 -39.20027 22.001 
-3.417201 37.79995 -9.540606 
-18.43635 39.80574 -9.932934 
18.72167 45.57976 -10.10294 
1.594261 30.59327 31.8318 
18.95713 43.80218 -8.909187 
-20.07192 32.15026 8.617826 
2.457912 3.498872 27.31167 
-10.52291 88.22527 14.43939 
-27.53352 -37.47836 22.45111 
-42.21897 48.13808 -9.06135 
31.08614 -36.58435 22.19952 
-26.22254 44.96282 17.27624 
-35.6941 47.54148 -8.859187 
44.07839 48.6135 -9.287214 
-35.83169 -35.34908 22.3878 
49.30035 50.1363 -9.023603 
50.17519 50.38092 -8.957769 
-1.168625 90.34389 12.97816 
-1.048159 30.53188 31.95134 
-23.33771 51.65374 -9.876788 
51.0859 51.02232 -9.941444 
36.80817 52.55289 -9.778748 
53.81573 52.17186 -9.261815 
-24.25416 53.92999 -9.965714 
13.28701 -35.35119 21.69051 
-49.72247 53.34907 -9.293971 
18.89884 35.18649 9.11342 
2.591521 88.91147 17.37501 
-21.0831 36.17414 9.632327 
-27.85012 55.3315 -9.786421 
-27.09196 54.56222 -9.526839 
-25.50068 55.17579 -9.510468 
36.79169 55.37125 -9.468837 
59.56643 56.66674 -10.45111 
-24.71616 56.62434 -10.02868 
16.20269 57.14349 -9.663151 
-0.8371649 31.97935 32.03616 
-28.40053 57.72814 -9.524041 
16.79991 57.77436 -9.527634 
1.483379 31.25533 31.66815 
-26.96399 59.66082 -9.064908 
16.93378 59.13047 -10.43279 
31.79851 -33.86706 21.72477 
20.60849 38.29725 8.155751 
-25.48713 58.96614 -9.741802 
18.76618 59.83921 -9.594007 
21.51423 59.99355 -9.924124 
-22.84036 38.1612 8.143721 
33.30671 -20.82009 10.3847 
-36.327 -32.12362 22.14675 
-30.11509 61.60934 -10.06605 
38.75964 61.44691 -10.17362 
-52.00632 61.21094 -9.518089 
39.29422 62.3301 -8.971663 
-52.32897 62.91549 -9.58168 
-31.05129 63.65427 -8.805492 
2.96749 32.42166 32.21154 
13.55467 63.38575 -9.742756 
-23.88904 39.6697 8.57305 
-49.40192 65.11994 -9.070817 
-46.6497 66.44049 -9.92073 
0.6962248 33.07923 32.19678 
-44.35616 65.80788 -9.921342 
-37.6442 65.49374 -10.54055 
13.82172 -30.29494 22.51602 
-37.26178 -52.69011 13.02982 
20.09401 66.55727 -10.11279 
-9.080011 81.35683 28.65831 
-27.44322 -30.2772 22.19183 
-1.537416 -8.116654 54.26498 
17.55347 -52.51136 12.90078 
17.8894 69.08649 -9.007926 
-0.3167564 0.1912123 44.61382 
24.68115 -52.81466 14.39974 
17.37729 69.99539 -9.581421 
-29.06297 -28.81787 22.6002 
15.29337 72.24588 -9.008574 
-9.714599 42.28304 35.10454 
53.59138 72.22315 -9.126478 
54.14119 73.07978 -9.981613 
13.96092 29.41842 26.82225 
32.34951 -28.34138 22.02469 
35.89339 -52.29702 14.68718 
-14.82771 75.57623 -9.72735 
12.081 76.01669 -9.508145 
1.946049 32.49028 31.79214 
-9.486648 81.87328 -9.660178 
6.018872 83.22501 -8.290812 
-7.94678 84.09077 -9.054928 
-6.728955 84.92453 -9.473954 
2.386703 84.85864 -9.335339 
-5.260286 85.77798 -9.481112 
1.263453 85.49986 -9.684823 
1.214952 85.64229 -8.999315 
17.84927 -33.87918 10.56592 
-43.92147 -53.32594 -8.833821 
-42.53904 -53.56612 -9.412704 
24.50905 43.46641 8.947835 
-42.52242 -51.48807 -8.981744 
-47.82444 -48.71629 13.64968 
0.4075524 30.82742 -9.351878 
-2.617437 30.99131 -9.431993 
-6.041712 71.27508 36.23911 
-17.08234 31.38466 25.09743 
-4.901698 33.6874 -8.740144 
2.932496 33.27534 32.12452 
2.284682 34.88042 -9.505873 
10.24753 34.08667 -8.66915 
28.30041 46.19293 9.571539 
-7.176944 35.1983 -8.355408 
-24.76695 51.85121 26.25753 
-5.909585 36.09474 -8.847718 
3.184029 36.50368 -9.123038 
29.51191 45.92287 9.402154 
-3.287701 37.24701 -9.280022 
5.687026 71.24107 36.57294 
-45.85629 -47.20225 13.30989 
-28.89112 -25.85625 22.15179 
30.46105 45.64117 8.65126 
-28.14921 52.76383 17.68182 
-3.857764 -0.2464797 47.89034 
-20.1925 40.95348 -7.790174 
-20.61063 41.99927 -9.23365 
17.4326 41.95592 -9.340631 
31.76966 45.60706 8.793045 
-7.500154 70.96347 36.45719 
-34.9859 47.1199 -8.332788 
-44.90252 48.01134 -9.03123 
-25.23697 -46.3412 14.08918 
37.62446 48.02715 -9.189074 
39.79648 48.4659 -9.312232 
40.2063 48.09666 -8.854964 
32.28252 -45.20402 13.63211 
-43.73434 -45.1801 13.49782 
-39.66318 48.22421 -9.341778 
19.71648 48.20889 -9.428046 
-29.48697 -22.92546 21.83457 
-45.90048 48.67881 -8.482325 
-30.29918 48.47277 -8.462668 
36.91157 49.26519 -8.805543 
13.85716 31.28885 26.48049 
-37.41149 -24.12613 21.69181 
-36.44441 -23.50061 22.38894 
3.994146 34.27396 32.12733 
30.83141 -44.98332 14.36269 
-31.89293 50.74069 -10.35386 
-43.16574 -44.83834 14.22898 
15.52261 -22.38709 21.84067 
-23.9723 50.59285 -8.780692 
-48.48341 51.62629 -10.23823 
52.69403 51.55019 -9.640754 
35.60095 51.17544 -9.124969 
-28.54489 52.19969 -9.499579 
4.49149 35.70262 32.0441 
-26.70053 53.08392 -9.02735 
-24.54323 59.66484 28.69329 
-6.575925 83.18611 28.61471 
-25.1178 52.64376 -9.130784 
54.51792 53.50606 -8.622693 
19.0356 55.25719 -9.233864 
-50.27014 54.8741 -8.311535 
25.40333 55.35658 17.77257 
35.67042 56.34985 -8.684202 
-12.8379 87.1889 10.84801 
-36.61298 -21.90555 22.01934 
-27.06847 56.46693 -9.320609 
-8.759479 36.0876 32.6847 
18.1433 58.45037 -9.820549 
21.5429 57.98758 -9.03019 
-13.43007 25.2849 28.746 
-28.17101 59.06441 -8.958265 
-25.95932 -44.08087 13.46749 
24.82751 48.37034 16.378 
19.79293 58.82021 -9.348365 
20.95285 59.46772 -9.984089 
-31.55551 -21.99286 22.26635 
37.66125 59.7471 -9.476085 
-32.4147 48.36884 8.435353 
-36.0204 49.99347 8.591607 
22.24268 59.12362 -8.743656 
38.06058 60.24385 -8.830091 
21.71798 -41.97738 14.26769 
21.62819 61.76969 -9.424456 
15.88864 -21.18177 21.86039 
38.86481 60.98782 -8.669664 
-36.07324 49.00291 7.754548 
61.03461 60.54248 -8.518789 
-28.61015 61.15451 -8.727401 
-51.26439 62.8978 -9.159973 
-25.71202 63.63582 -8.870331 
20.84143 64.59335 -9.524197 
-31.82842 -20.97283 22.12017 
40.23263 65.14356 -8.824254 
31.02083 -20.18637 21.85042 
38.41296 51.01541 8.462709 
-44.49763 65.50661 -8.734431 
-43.69208 65.68502 -9.230379 
-36.00924 65.35208 -9.717085 
9.821952 86.62746 9.898124 
24.28629 -41.34052 14.15606 
60.22838 68.29144 -9.420581 
41.46947 68.07475 -9.783189 
19.70467 67.84522 -8.878128 
22.92289 -39.2794 13.7871 
3.141832 36.87355 32.07405 
11.09098 86.39257 10.90065 
54.88929 72.3455 -9.475492 
15.62674 -19.55626 10.25905 
14.56779 73.61868 -8.896893 
18.36969 -18.6625 21.77843 
13.40363 75.40485 -9.732455 
39.74179 53.79908 8.540954 
12.26883 76.78809 -8.453633 
-40.16397 -34.13549 10.45091 
20.04918 -38.94516 13.88627 
-8.829573 37.55162 31.74505 
-9.312151 83.2674 -8.257247 
22.31507 -39.90355 14.21584 
29.54604 -18.61321 22.29644 
5.18302 39.16509 32.31288 
-1.038896 86.34689 -9.133116 
17.53648 -39.10508 14.67085 
-9.131559 38.86063 32.14779 
-43.49899 -52.20673 -8.693265 
-42.48172 -52.29255 -9.306477 
-42.76238 -51.08179 -8.173234 
20.8558 -16.62208 21.2561 
27.53112 -38.12625 14.07362 
-2.63111 29.44409 -8.896158 
2.243503 29.27583 -8.599836 
26.52397 -17.48466 22.31364 
-18.05465 72.71014 28.5208 
4.565674 30.78496 -8.416971 
1.84445 31.96025 -9.389395 
-5.43173 31.112 -8.751754 
6.337344 39.88601 31.96637 
-11.10298 34.2884 -9.413157 
-27.87669 51.31174 17.36306 
20.56136 -4.921424 22.03154 
-9.569856 34.12041 -8.843138 
-10.55282 39.29852 31.57971 
6.789044 34.1682 -7.724698 
28.80158 -36.50373 14.42846 
4.349453 35.1721 -8.286743 
-5.527475 36.01272 -8.314351 
2.53817 36.3363 -9.105518 
-0.2010735 88.58668 19.43675 
15.29074 38.09075 -8.351427 
26.51903 50.81048 16.38141 
9.224953 38.89222 31.5231 
28.88777 -35.91217 13.05647 
-11.35878 39.67919 31.7554 
-39.90049 -35.68351 13.58846 
-0.3458651 52.47414 38.1612 
0.9756951 52.78744 38.65058 
26.2097 58.97423 18.06666 
36.88031 47.2159 -8.35663 
-21.72709 -32.71187 14.24911 
7.175611 44.20161 35.90225 
41.91072 47.84728 -7.91314 
-30.76954 49.1582 -9.486937 
30.47659 -33.79739 14.49849 
-13.72169 40.39375 31.99399 
4.752942 53.90624 38.53145 
-40.22544 -32.42186 13.68089 
24.44837 -3.456827 22.22512 
26.01361 61.99604 18.31263 
-10.51509 44.13803 35.91854 
19.77164 50.47229 -9.638358 
-26.87426 51.62656 -8.515451 
-26.03869 52.40614 -8.810758 
-28.68407 -2.119367 22.40753 
-29.22309 61.87436 17.37305 
19.45072 53.92446 -9.444642 
35.33542 53.54737 -9.198574 
-36.5733 60.97472 7.917671 
-19.15233 -2.825995 21.78059 
-41.09282 -30.25774 14.37276 
-21.38023 -30.01851 14.23957 
17.68157 56.72119 -8.446424 
-51.34784 58.1243 -9.031434 
17.62322 57.66742 -8.733472 
-26.08573 61.31877 -9.036927 
31.74987 -28.51309 14.02386 
-51.09442 61.91902 -8.663403 
-18.74513 -1.790444 22.63401 
37.59993 -53.73423 7.951475 
-26.59454 62.88734 -7.911178 
-30.2042 63.04835 -8.950931 
-10.82401 87.75073 11.52739 
25.00864 -2.034862 22.75302 
39.60534 64.29378 -8.238225 
-33.22526 64.38719 -8.818213 
21.8687 64.18858 -8.472745 
5.1735 73.35236 36.0866 
-34.98888 65.03122 -9.077359 
-21.22575 -25.85561 13.79177 
15.73274 -2.259626 22.30219 
-16.90595 73.06437 28.62337 
-45.67984 65.37595 -8.626214 
-40.53317 66.2455 -8.483459 
-38.50339 66.03886 -9.05582 
25.38022 63.00755 18.66336 
12.42921 43.89188 33.22631 
-23.80291 67.08686 -9.092331 
42.54887 67.90498 -8.284876 
17.65241 69.75671 -8.344212 
43.80933 69.90493 -8.608816 
-41.71022 -25.0184 13.60295 
-21.61397 -22.85816 14.05519 
13.41563 44.597 32.65752 
-18.68346 71.62775 -8.446964 
-41.90089 -23.81319 14.71091 
16.29581 71.46145 -8.963042 
56.79266 71.84151 -8.562073 
47.37743 72.76521 -9.393511 
48.603 72.73121 -9.198104 
49.90002 72.95473 -8.8353 
13.58329 0.2551105 22.4145 
33.19059 -19.67817 10.30318 
-16.12632 75.34729 -8.369246 
12.61721 75.48161 -7.963836 
-15.2732 76.11554 -8.372193 
11.3288 78.02155 -8.417332 
-28.97752 53.18171 16.39416 
9.680761 79.79291 -9.253393 
8.845503 80.32855 -9.721963 
2.494123 85.13754 -8.476796 
-6.833469 85.32054 -8.864808 
-5.7183 86.21931 -8.855159 
-4.39406 86.33194 -8.7121 
32.5713 -20.66973 13.66632 
-21.86326 -20.59063 13.43216 
-29.26208 64.41129 7.776318 
-42.36531 -19.42776 10.03177 
-2.933046 86.75926 -8.970016 
13.87273 -53.19543 28.03062 
-28.68319 54.40043 17.51369 
-0.6982276 86.90794 -8.604019 
-1.94555 88.37923 -8.65146 
-1.389351 -6.211514 54.57496 
15.08864 -18.58069 14.8645 
-43.24014 -53.81556 -8.758098 
12.31044 1.295415 22.40912 
-41.64278 -52.89607 -8.712908 
-3.319318 28.41346 -8.101074 
-22.77205 -18.00285 13.64585 
25.6552 65.88574 18.14462 
31.00774 64.62862 8.183642 
15.21285 -41.31516 26.33606 
32.62412 -18.21934 13.47365 
11.94241 3.050028 22.48233 
-5.869538 30.06727 -8.439071 
27.98183 2.820292 21.78886 
16.26591 -17.68166 13.46373 
-6.280482 -4.205614 49.37693 
-6.21046 34.46848 -7.921923 
5.12509 33.93783 -7.887596 
-40.92179 -16.63225 15.26069 
-8.657621 33.97523 -7.242646 
-15.97942 17.32949 26.86044 
-12.71593 3.36315 22.51762 
5.363499 34.73079 -7.845647 
20.49739 40.49065 24.76288 
12.94816 34.79567 -7.818572 
28.8823 66.0312 9.484579 
-4.575967 35.31231 -8.682245 
-25.64724 -14.98497 13.50241 
-4.559864 36.40392 -8.597784 
16.50373 -15.27734 15.4272 
-40.19063 -14.86775 13.90188 
-17.86604 38.33602 -7.554164 
-19.78961 39.08464 -6.92946 
-29.03507 67.07639 8.46638 
17.09499 39.19302 -7.358802 
-28.89368 65.56562 18.21943 
9.671972 3.904753 21.94531 
0.3119187 2.395451 39.95018 
-22.69516 55.85255 29.48776 
19.88782 46.46466 -8.910501 
-38.02479 47.1907 -7.887905 
22.10402 -52.21503 28.76628 
38.99165 47.34305 -8.659368 
-32.48158 47.97528 -8.839602 
-31.26965 47.52839 -7.829519 
-31.28787 48.29498 -8.94208 
35.723 47.76907 -8.326624 
-20.52051 41.04408 27.79128 
16.16739 -15.11239 13.77484 
-40.38259 48.24765 -7.86879 
40.52528 47.80606 -8.320759 
-25.65166 -13.72914 13.66534 
-41.38845 48.12202 -8.8297 
6.862526 4.881344 22.65329 
-24.34456 49.14848 -8.170434 
35.19532 48.97301 -8.078725 
-29.23025 49.16812 -8.092604 
26.38482 53.70223 17.26906 
-10.85721 4.387902 21.78531 
-46.92414 50.65007 -8.177144 
-29.73587 50.31986 -8.741723 
-29.03461 65.8078 6.705711 
33.92088 51.15495 -8.459841 
48.02231 50.92127 -8.256806 
51.48799 51.56467 -8.669538 
-49.06788 53.26294 -7.39956 
17.13116 49.30404 32.05267 
55.77452 54.11311 -7.507119 
56.9191 54.45075 -8.93749 
-39.26817 -52.73581 18.86187 
33.03244 55.32026 -8.222835 
-50.32262 56.52785 -7.835832 
58.18817 56.00517 -7.282358 
-42.77658 -18.83429 10.70675 
19.41023 56.39525 -8.280664 
-28.25793 71.20007 8.22541 
59.76391 57.55505 -8.084269 
18.30677 57.03448 -8.164917 
21.58144 57.09362 -8.245698 
19.86241 57.39395 -8.157068 
5.855687 5.0616 21.73987 
36.48499 58.06922 -8.804548 
30.32142 -10.11056 14.36924 
34.97304 58.96831 -8.366393 
35.91978 59.29864 -8.758851 
-9.38098 6.353686 22.2015 
37.04141 60.36179 -8.272531 
-50.25984 61.18196 -8.094538 
-25.38491 73.0686 8.545309 
-27.26762 61.92218 -8.250266 
22.52601 62.61104 -7.781209 
-28.90076 62.42581 -8.127539 
-49.06633 64.35249 -8.466383 
-35.69696 -15.93158 19.35905 
-33.50515 65.32346 -7.790419 
-45.26396 65.15616 -7.969051 
-37.18936 66.0933 -8.035549 
40.27832 66.71889 -9.521637 
-42.8678 66.46849 -8.253976 
-39.07518 65.92133 -7.622681 
-18.47179 -7.810547 14.48526 
-27.43378 69.38037 18.73824 
-9.029548 7.42177 22.40825 
-21.09321 69.79461 -8.882828 
17.81094 57.56992 32.96772 
46.76692 71.23307 -8.347153 
-38.31551 -6.229634 13.88567 
53.18106 70.63133 -7.359911 
-6.865816 7.562718 22.34488 
47.79376 70.99386 -7.919391 
51.15781 72.33788 -8.438813 
52.1586 71.81551 -8.336674 
15.22872 72.0052 -7.807123 
49.58984 71.6656 -7.631364 
-17.48066 72.67569 -9.430658 
13.3137 74.93922 -8.235001 
-27.0499 70.92745 17.45273 
-14.98747 77.15394 -7.377728 
12.94426 -49.8105 28.87921 
-5.982536 -2.351481 50.12198 
22.88763 -50.08743 28.64321 
-12.62545 78.71362 -8.216041 
11.11615 78.58801 -7.472225 
-12.33097 79.80196 -7.845447 
-9.714657 82.09252 -8.307221 
-31.68846 10.36663 22.32631 
26.33165 9.703065 22.2555 
-9.013868 84.55323 -8.060505 
4.293683 84.90852 -8.123086 
-8.105008 84.43333 -8.497149 
-25.94162 70.84576 18.66788 
1.442644 86.10133 -8.528775 
-32.2657 11.21658 21.48003 
-8.550629 86.39751 -8.299726 
-6.716045 87.0447 -8.751326 
2.143235 87.43476 -8.313326 
0.35918 87.08276 -8.549444 
-8.332391 87.35711 -8.179871 
-5.681869 88.16308 -8.352772 
-0.3044892 88.0525 -8.212523 
2.966256 88.20822 -7.767225 
1.010168 88.21861 -8.313034 
-41.0912 -50.85707 -8.079592 
-11.92216 -2.478565 14.08358 
-0.2134123 28.65018 -8.490606 
-7.28227 8.357505 25.33547 
24.12115 11.41105 22.34503 
-6.020753 28.91249 -7.98762 
-6.150964 31.67497 -8.439701 
4.969524 31.96924 -8.271047 
-8.276073 32.62195 -6.76626 
-30.62744 13.05897 21.71495 
6.367938 54.12426 38.29542 
-28.69019 14.03307 22.10603 
-24.73517 -53.62422 19.31102 
13.52604 -47.61122 28.67677 
-7.101185 34.75552 -7.537155 
-6.269928 35.42123 -7.911558 
18.10022 62.71082 32.15672 
-18.27831 81.30732 8.013008 
-38.86806 0.4483157 14.16404 
20.04725 14.04681 21.38808 
33.23307 -0.2074075 15.25056 
-27.48433 14.37954 21.84453 
-26.54851 14.83696 22.17592 
-22.00848 41.97065 -7.015975 
-22.4215 43.44699 -7.746748 
15.09907 81.57165 8.605184 
7.657051 1.262157 14.68105 
23.66307 71.85863 18.8027 
-23.95856 48.19004 -7.894978 
-25.49397 16.05026 21.46828 
-36.94871 47.10583 -7.008058 
-19.30727 64.30312 32.29922 
19.12475 16.88978 21.9202 
33.39896 1.837483 13.88765 
34.25103 47.68447 -8.05393 
-43.90855 48.08294 -8.114159 
-42.42898 47.93722 -7.849927 
16.42327 -18.65007 10.70308 
33.46728 49.41508 -7.313618 
-27.28736 49.64133 -7.410027 
-18.22268 67.36502 31.79202 
21.45125 51.8149 -7.076973 
-6.499592 3.607833 14.63426 
49.46183 50.64177 -7.892415 
-14.50166 85.3155 8.057042 
18.86875 8.26046 25.14719 
32.68338 52.48298 -8.250888 
51.98701 51.76469 -7.565679 
-38.15121 3.492555 14.03411 
-47.59565 51.43177 -7.101847 
-5.555013 5.930967 26.70687 
21.11338 46.65486 26.37756 
53.58952 53.24166 -7.243203 
33.24336 -18.70335 11.19792 
-3.165806 1.123623 43.78591 
34.01329 57.41143 -7.672889 
35.53887 57.7217 -8.233023 
33.49809 58.77955 -8.003777 
33.42004 59.98638 -7.4404 
6.876651 50.30467 37.18952 
35.77827 60.27697 -6.921645 
-38.47424 5.533284 13.16942 
-20.62509 23.68513 22.08385 
-0.5679559 7.15473 13.19943 
-37.34504 7.859787 14.16995 
16.79063 69.37307 31.44815 
39.31808 62.90264 -7.830866 
39.64039 63.7146 -7.432446 
-2.041571 7.465637 14.78129 
-1.03693 7.51049 14.1591 
15.53967 22.85652 22.47999 
-30.70924 64.13108 -7.203995 
16.07785 23.75122 21.903 
-47.35391 64.44771 -8.160734 
14.71704 68.80943 33.27103 
-11.22188 87.94424 8.767648 
-32.15498 64.16869 -8.18607 
62.11172 63.6801 -8.802721 
59.7057 67.10462 -6.350617 
-44.57919 65.52215 -7.842425 
-19.57235 25.2588 21.8319 
-35.6969 65.63351 -8.117258 
21.7679 66.03911 -7.123934 
40.92118 66.98196 -8.586976 
-25.3122 66.35158 -8.064429 
20.70619 66.68914 -7.848693 
-40.86858 66.49979 -7.498597 
61.1907 66.50579 -8.575118 
-30.34354 59.4899 16.54286 
-9.099001 89.16769 9.076411 
-22.86381 67.74364 -8.85533 
-22.26044 -17.92664 10.51086 
14.27213 70.3896 32.28907 
30.84122 11.33791 13.99135 
18.7432 69.39568 -7.347833 
22.95986 -44.43622 27.90347 
31.00568 -53.51901 19.93184 
32.04768 -53.52369 18.80757 
54.36939 70.92933 -7.858919 
-11.76115 8.803687 25.13518 
-19.35726 71.60024 -7.019519 
-17.06387 75.25455 -6.404995 
26.10815 16.12255 13.87891 
-1.446208 90.60483 8.82027 
-12.80897 79.53402 -7.41182 
-0.9842649 -6.335883 40.95057 
10.25831 79.76814 -7.31719 
-11.11701 81.04333 -7.7787 
-19.64359 33.46244 21.21201 
7.685148 82.12275 -7.813578 
-11.52839 81.54582 -7.556863 
-10.60317 81.8337 -7.913585 
0.7093133 74.39972 36.23262 
-12.18218 83.73561 -7.66078 
-10.88291 84.83386 -8.005854 
-9.380787 85.94418 -7.716722 
3.551018 86.74478 -7.714918 
5.380337 87.09533 -7.680289 
-4.506684 88.05945 -8.085989 
-6.06252 89.08378 -7.714215 
12.49216 73.73607 32.31083 
-3.352982 88.5863 -8.505877 
-1.461488 89.25045 -7.927138 
-29.54078 58.61277 17.59325 
-41.69884 -53.53972 -7.488955 
13.01649 26.40397 28.19621 
-40.74649 -53.08661 -7.085889 
-40.46362 -52.44411 -7.452065 
-42.0431 -50.51512 -7.800731 
7.168898 56.53687 38.55965 
2.992283 28.4728 -7.938174 
21.23556 20.3685 14.07751 
5.335084 28.66071 -7.001751 
-10.47154 45.38125 35.8708 
5.797042 29.8085 -7.419995 
11.08797 74.74005 31.87364 
-8.257025 30.1931 -7.351219 
-24.58174 49.85754 25.94418 
-8.627871 30.54664 -7.076368 
7.241122 31.58093 -6.574854 
20.132 22.28561 14.74009 
-12.34154 33.54751 -7.257578 
-11.532 32.7564 -5.759596 
6.234432 33.71181 -7.129893 
9.147648 33.58047 -7.894575 
-22.2356 77.01769 18.9111 
6.010476 34.21936 -7.511867 
12.50623 33.40069 -6.46296 
-23.34474 22.78005 13.73885 
-11.16369 75.30735 32.52813 
-2.660069 -0.4946434 48.91992 
-21.59162 40.77559 21.79749 
-22.23331 23.66849 13.84685 
-16.81108 36.75519 -7.892385 
32.24685 -53.53275 8.710676 
19.33529 41.70057 -6.770953 
-21.20804 26.72527 13.69288 
37.30368 46.37908 -6.997204 
34.80598 46.71804 -7.348505 
36.02218 46.66445 -6.987489 
-31.94425 47.01552 -6.722066 
33.54763 47.41545 -7.829047 
-39.72456 47.80103 -7.122631 
-41.22238 48.31586 -6.953861 
39.91715 -53.46673 8.20183 
-24.7799 48.26506 -7.089044 
33.77342 48.66764 -7.433135 
-46.05144 48.4501 -7.667199 
-46.85695 49.67695 -7.323989 
-24.54833 44.09903 21.93592 
47.219 49.8418 -7.016398 
32.5498 50.80305 -7.733493 
50.97363 51.12127 -7.273041 
8.821858 77.03543 31.80411 
21.04983 54.00874 -7.706468 
-10.68804 77.59354 31.94294 
-26.88677 47.46792 20.23358 
20.8944 55.94604 -7.829666 
22.37491 55.64367 -7.338735 
22.34694 56.76182 -7.50996 
-49.64594 57.51128 -6.495538 
16.37113 74.442 28.24081 
-49.91815 58.57515 -7.291759 
34.41677 60.58117 -6.711478 
-24.13783 40.84955 13.39876 
59.64998 60.67599 -6.760523 
-48.81432 61.46118 -7.007467 
-25.93032 42.24131 14.64487 
60.02459 63.94929 -6.253712 
-8.19771 77.85225 33.13018 
-31.20747 64.91708 -6.672796 
6.407285 79.4158 31.86357 
24.35188 53.88326 22.07843 
-1.200816 -5.191425 38.2391 
24.88293 55.76016 22.54786 
-37.69237 66.01107 -6.889276 
41.99736 67.04131 -7.740765 
39.54623 -52.98713 9.033069 
-23.80774 68.66393 -7.392339 
-29.00486 58.09227 21.7536 
-22.82932 69.52406 -6.142931 
-22.34063 69.37842 -8.049435 
-21.94472 70.10344 -7.296356 
45.60175 70.05757 -7.330506 
16.92278 70.60885 -7.714395 
-19.31746 71.14545 -8.900187 
25.91459 47.81554 14.54095 
-0.5824232 -5.843162 40.05447 
15.49348 71.65765 -7.498228 
-18.72891 72.73361 -6.906178 
25.09579 59.26221 23.24676 
26.93307 49.30483 14.63516 
12.28701 75.93354 -6.638121 
-13.57842 78.37339 -7.47071 
-13.78812 79.37743 -7.286669 
25.01216 62.96542 22.1263 
-28.05824 63.32312 22.88781 
15.40199 75.22234 29.50151 
8.6792 80.89395 -7.860908 
10.32413 80.11322 -7.018483 
-12.56334 82.35296 -7.50618 
-1.594403 80.58577 31.91991 
6.278598 83.73682 -7.731606 
8.009519 82.81945 -7.353951 
7.287661 83.99291 -7.362309 
6.775169 85.36028 -7.642146 
-26.54237 10.00993 25.21807 
28.50983 49.92352 13.97046 
-19.16132 80.82135 18.33081 
-10.76323 86.30944 -7.22341 
30.42874 50.46888 13.99856 
4.227687 87.87129 -6.881619 
-25.34447 68.3561 22.356 
-4.437623 89.16017 -7.15519 
-0.1846027 89.58756 10.08915 
-0.1280234 88.82102 -7.752729 
-0.04457731 89.34681 -7.091775 
32.09914 53.29837 14.34774 
1.380876 89.42192 -7.401115 
-2.347575 90.04827 -6.804148 
-43.02499 -51.42035 -6.232917 
-41.65915 -49.73586 -6.451191 
-0.5448796 24.98459 -6.82609 
0.01659836 27.16093 -6.933412 
-1.606616 27.72356 -7.280599 
2.233271 27.67747 -7.083319 
-3.920993 27.53424 -6.799563 
-47.30798 -53.07326 6.470715 
33.71364 53.84696 13.813 
-4.063615 -4.335646 36.69117 
-8.271377 29.05277 -6.704813 
33.19127 55.15039 13.97707 
24.36816 -40.58978 27.85888 
-29.08783 -51.31284 9.110804 
0.2860198 0.7264362 42.77676 
1.306436 80.98866 31.69437 
-29.7496 57.13658 14.10161 
-18.71367 38.02896 -5.699349 
-19.52207 39.84401 -8.36829 
16.8983 40.83447 -8.539417 
2.043727 -3.294616 36.74299 
-7.988461 57.60137 38.68865 
-23.33177 46.5351 -8.27239 
20.8966 46.57578 -7.01633 
33.37265 -49.22974 8.944992 
38.74286 46.56044 -7.61529 
-10.64625 9.255856 25.33782 
25.17747 -39.23872 28.78075 
32.09213 47.28067 -6.842052 
17.27557 -38.70922 29.16186 
-30.03604 47.80655 -6.846708 
29.57185 60.22307 13.95738 
40.2317 47.53162 -7.835993 
43.16683 47.96798 -7.045865 
-46.14464 48.80283 -6.629049 
-45.27702 48.1552 -7.508865 
-44.53924 48.44282 -6.828818 
-17.00849 80.48056 22.79399 
-46.86524 49.20707 -6.745586 
-27.47873 48.35785 -6.004725 
30.28357 61.96337 12.78136 
31.87656 48.72003 -6.582413 
33.27651 49.15553 -7.162969 
-6.09635 2.033563 33.24973 
30.97536 50.58447 -6.942945 
47.78145 50.19595 -7.654997 
-4.393837 45.75059 35.65325 
48.56503 50.93834 -6.905446 
-5.945768 2.775911 33.24136 
-5.540638 4.298701 33.13642 
34.71506 -49.48386 8.664552 
30.28936 52.40536 -7.35077 
15.99755 80.4195 23.02862 
52.46683 53.32086 -6.797164 
38.44807 -49.09388 8.755177 
-14.94568 81.61059 22.58596 
21.7401 54.10581 -7.105623 
-3.589901 45.66621 35.06302 
26.99855 65.27991 13.15493 
-29.03186 65.79409 13.86711 
32.06981 55.32542 -7.70815 
10.38427 83.49136 22.53769 
30.92497 56.88929 -6.492774 
32.53597 56.8214 -7.116915 
35.36287 -48.79201 9.139689 
-5.32745 5.561769 32.28855 
59.39721 57.6628 -7.287904 
-42.38084 -17.2727 10.08005 
31.7553 57.82406 -6.541872 
33.56441 58.07124 -7.638742 
30.77547 59.19709 -6.816248 
32.0588 59.09206 -7.33635 
10.16198 83.7859 22.28808 
22.6087 60.76681 -7.422141 
37.80076 -48.68199 8.644575 
36.91681 61.01611 -6.130791 
37.95639 60.89956 -7.700704 
38.88844 62.16579 -6.283615 
39.08027 61.84911 -7.234751 
-27.64574 70.50728 13.88378 
-48.19019 63.54241 -7.858654 
-28.03071 62.87548 -7.428319 
22.56929 -40.45873 28.92159 
-29.34048 63.39548 -7.347647 
24.89418 69.98252 13.58044 
24.82817 71.02679 14.69368 
-31.79487 65.11151 -6.69402 
2.010098 8.419875 31.84253 
40.97606 65.32547 -7.189516 
41.80745 65.58993 -7.16156 
-7.751754 85.788 23.524 
-36.42002 65.76393 -6.535834 
-3.271535 -4.648505 38.19741 
-34.60622 65.89581 -6.587847 
-25.67987 65.23411 -7.772927 
8.282597 85.72184 22.12424 
-24.25557 75.17328 13.95146 
8.080555 44.98577 35.1273 
43.72795 68.49693 -7.254127 
31.92593 -47.47781 9.412525 
44.74847 68.46372 -6.442814 
-28.97732 -47.37401 8.91165 
46.37624 69.45676 -6.734922 
51.4157 69.94222 -6.6745 
18.57848 -38.96191 29.67138 
49.17049 70.60371 -6.878393 
-15.18325 84.44799 17.88089 
51.11285 70.99002 -7.640645 
52.28979 70.82535 -7.328647 
58.26534 71.29284 -7.483545 
2.784723 -2.01045 36.97655 
-20.57354 78.70795 14.22103 
14.93897 72.62905 -7.243618 
16.84183 -36.23765 28.15293 
13.47153 75.05376 -7.355639 
-16.54823 76.00142 -6.355383 
21.71045 45.79037 24.94683 
11.92849 77.11964 -7.010595 
-14.05953 78.02575 -7.137348 
-15.12298 78.06198 -6.911077 
18.93159 79.24598 14.27864 
10.95852 79.29832 -6.709332 
4.206555 86.54637 23.31869 
-12.29328 80.42882 -7.13332 
-14.79757 81.41261 -6.994327 
-0.1149756 87.42692 22.21043 
9.854412 80.94289 -7.093873 
10.8608 82.17423 -6.866965 
-13.85373 82.42091 -6.687414 
-13.3769 83.0428 -7.028721 
-25.86179 61.54681 26.07887 
-18.50475 80.46175 13.83715 
17.08396 80.40859 13.96357 
28.88534 -24.28182 25.5501 
16.94592 81.68329 14.24068 
8.204433 85.57835 -7.003413 
-12.82434 84.57413 -6.808369 
-17.78494 81.74335 14.54521 
31.66357 -46.35097 9.292245 
-9.575768 86.79407 -6.835272 
16.62955 82.10668 13.55676 
-5.978521 89.51735 -6.911693 
-3.375178 89.76945 -7.267209 
1.395285 89.81161 -6.423229 
-43.42966 -53.10629 -7.090675 
-40.34574 -53.0438 -5.928036 
-39.30613 -50.99079 -6.096055 
0.3003024 26.21822 32.34832 
-42.20282 -50.17217 -6.696532 
0.9639173 24.04937 -6.525271 
-4.049644 -11.7679 57.15637 
1.264501 27.73011 32.80843 
-1.139043 24.42455 -6.633963 
2.253309 24.58751 -6.519618 
-3.42373 26.14803 -6.682932 
-1.918396 27.16164 -6.914884 
2.487116 27.02566 -6.639534 
-5.527318 27.62229 -6.462471 
21.45654 -52.94796 21.4654 
7.519289 30.31458 -6.358795 
10.59596 86.02604 17.25263 
-8.335517 33.47752 -6.743148 
7.479378 33.27687 -6.25452 
-2.094373 -5.907646 44.01252 
-17.80318 36.82421 -6.242579 
-42.04788 -16.43854 10.03493 
-11.09142 54.95877 37.89706 
-24.08228 46.23212 -5.668278 
0.03268777 28.97714 31.80658 
12.82829 -51.561 22.99381 
-33.27603 46.91074 -6.727026 
0.636281 28.21708 32.73173 
6.681986 57.7038 38.3463 
21.57272 47.49566 -5.478201 
30.66927 47.13094 -6.287559 
31.84458 47.92859 -6.884484 
41.36304 47.46375 -6.130159 
28.07588 -50.71738 23.10989 
-43.0186 48.0891 -6.714616 
-2.655897 28.27272 32.74936 
-45.70876 48.94985 -5.769247 
-42.02031 48.44048 -5.872948 
0.4063071 89.35091 14.37027 
21.38353 49.78715 -6.703331 
31.11953 49.24873 -6.296784 
0.04819424 -4.90406 49.65017 
-0.07537752 89.45547 14.27022 
27.99778 -44.87548 7.992263 
49.8499 50.9159 -7.003097 
-47.96729 52.18769 -6.637425 
22.32055 51.64305 -6.679595 
23.65203 52.44212 -6.743133 
51.51373 52.61245 -6.433602 
24.69386 53.70214 -6.532449 
-36.15568 -47.54459 22.04414 
-24.69757 10.78729 25.38887 
52.46197 54.06103 -5.896723 
24.61403 55.64466 -6.529213 
28.32087 54.72771 -6.43655 
23.12739 57.6501 26.79222 
-3.982043 30.31242 33.06494 
-23.92362 -47.03445 22.98641 
-46.06891 -53.3049 14.22386 
-24.28984 66.56222 26.68119 
30.65268 58.13551 -6.038736 
22.86626 58.05648 -7.094581 
-40.96077 -53.06422 14.16299 
24.28522 -44.14751 9.58919 
-2.003125 30.32288 33.22602 
15.30622 -53.224 19.86368 
-33.38527 -52.98532 13.96653 
23.2705 61.34592 -6.137278 
3.132067 0.04337714 35.89115 
-5.144238 30.50714 32.24752 
39.39137 62.44288 -6.254826 
-23.37907 10.59428 25.39613 
-34.4911 -45.3865 22.99977 
-25.66938 -45.96289 23.75737 
-6.402763 31.66433 32.18476 
-23.52277 -16.62944 10.04264 
41.39392 64.5838 -5.964425 
-33.26585 65.57167 -5.898386 
-1.978648 32.23608 32.5117 
-26.48467 65.7123 -6.517282 
42.06505 65.57475 -6.692697 
-6.370895 32.05867 32.33334 
13.6158 -45.28037 23.39167 
-12.3282 85.17322 20.67165 
35.35145 -53.02557 14.9795 
27.16692 -34.67133 27.76773 
-39.75031 66.20354 -6.62724 
20.23266 67.43196 -6.566855 
19.35918 68.46012 -7.672607 
28.07435 -44.36723 21.92197 
-33.15968 -44.105 22.27613 
-30.50544 -43.23752 9.061113 
58.93419 68.82446 -6.07005 
13.1142 27.86108 27.85933 
-22.14069 71.00005 -5.316419 
-28.47472 -43.66846 23.00154 
55.71718 70.71249 -6.247213 
-21.0582 71.0416 -6.506696 
-20.37303 71.66328 -5.892585 
-26.27234 -52.53787 14.04263 
-30.94278 -42.19344 8.851342 
-16.25579 76.83916 -6.432525 
-15.35509 77.07787 -6.802636 
12.66017 76.89439 -6.225314 
-16.07986 79.37943 -6.742288 
17.16939 -33.57388 28.10477 
11.37474 79.50259 -6.251212 
11.86823 81.0976 -6.673112 
-6.553757 -10.26485 56.25804 
12.47809 81.75253 -6.328518 
-32.12933 -41.7682 22.66562 
14.93775 -41.7398 23.57896 
10.64778 83.58675 -6.785105 
11.56948 83.37962 -6.128569 
28.86582 -41.74163 22.46444 
8.808624 84.41987 -7.140645 
-8.639072 32.50265 31.5083 
7.258295 86.90123 -7.027946 
8.260634 86.66727 -6.331308 
-1.236369 33.50598 32.25067 
4.489031 88.36788 -5.698606 
26.4275 -33.54769 28.34441 
3.252583 89.19389 -6.60189 
-51.35451 -53.08657 -6.475433 
-46.13408 -49.17705 14.24113 
-42.4116 -53.4331 -6.303814 
-43.36958 -52.47201 -5.66622 
27.0543 -52.3345 -5.92063 
27.93938 -52.07731 -6.367736 
-42.56573 -50.99681 -4.983179 
17.17521 -48.31131 14.34601 
27.80395 -50.55706 -5.782386 
28.76662 -51.81616 -5.959224 
-39.84427 -49.96728 -6.389348 
-40.8988 -49.71837 -6.701513 
-26.45972 11.22039 24.65039 
-0.7763222 19.58351 -5.809181 
-5.500667 1.774019 37.06869 
-0.2065658 21.26507 -6.188274 
18.01322 -32.26257 28.02543 
-2.478981 24.45188 -6.422541 
-31.74656 -39.89286 22.54095 
4.00177 24.64285 -5.92833 
-35.68919 -41.51396 8.681057 
-31.13183 -41.16441 8.495276 
-7.222979 28.14777 -6.200252 
-29.42958 -40.1844 22.74577 
-23.53199 68.91213 26.29117 
-8.759919 29.45587 -6.442888 
33.6896 -46.81355 14.51336 
10.98273 32.77673 -6.127964 
-9.43444 33.07273 -5.940916 
8.787734 32.74014 -5.593562 
-28.44415 -39.14087 22.6487 
4.99081 87.64308 17.46997 
14.49 35.18665 -6.5484 
16.2191 37.83197 -6.58776 
29.97243 -39.54153 22.96116 
-20.4453 39.31559 -6.093942 
18.82412 40.3548 -5.192728 
17.40333 -46.23119 14.5369 
20.82809 68.93522 25.42467 
-27.75046 -40.27785 8.602835 
21.02435 45.14692 -6.384686 
-4.450694 3.036782 37.12962 
34.43311 45.70049 -5.434875 
-35.76313 46.41089 -6.263689 
33.64545 46.16598 -6.216186 
23.06134 60.192 26.7818 
39.25872 46.35798 -6.236682 
25.31565 66.82247 17.24641 
0.9858634 34.37336 32.23358 
-37.81736 47.44548 -5.749634 
-28.79626 48.07152 -6.641977 
13.68495 -36.78813 21.95583 
-43.8251 48.77176 -5.335281 
-42.43575 48.83408 -5.003796 
-36.09301 -39.78344 8.434349 
17.89274 -44.6812 13.92956 
-47.10643 49.21775 -5.975389 
-37.68129 -39.29322 9.188564 
45.99986 49.15003 -6.470581 
-28.46676 -37.67906 22.64831 
21.84692 49.4514 -6.028318 
29.05239 51.95348 -6.6389 
24.08006 49.57333 -5.874402 
25.67589 51.71736 -6.050022 
-47.94331 50.41457 -5.629555 
-34.65312 -35.54153 22.60716 
49.00367 51.35225 -6.231323 
-27.45865 -36.31811 22.6196 
26.90142 52.61404 -6.048141 
-48.25167 53.3006 -6.032508 
-26.57939 -39.77689 9.500379 
25.91619 53.90081 -6.487735 
18.38564 -43.67693 15.23807 
27.46027 54.7283 -6.192002 
-49.30133 55.14635 -6.021477 
2.666852 34.78074 32.38285 
27.51762 -43.78865 13.71011 
30.2083 55.50901 -6.894461 
27.9899 56.02285 -6.034976 
57.89173 56.86733 -5.954165 
26.60343 56.67828 -6.43591 
24.91569 57.88545 -6.096449 
12.7884 29.19371 28.327 
23.75772 57.48047 -6.504976 
-27.58883 -34.67417 22.39454 
-1.21263 35.73015 32.72974 
13.56239 -32.89304 22.42076 
1.590699 35.44667 32.46735 
-38.03479 -36.66946 8.592879 
25.7042 -41.95517 14.58477 
-25.54326 -37.62283 9.212193 
-24.73616 -41.7937 14.64695 
-47.26545 61.95758 -5.46663 
-46.42979 63.57391 -6.313059 
40.30444 63.39486 -5.450049 
5.170393 35.48447 32.65464 
-28.32192 64.57406 -5.187886 
23.72562 63.33843 -4.870803 
40.15039 64.386 -6.871413 
-8.154523 58.52741 38.12079 
-27.20445 63.97696 -6.457511 
-39.1891 -36.37648 9.108784 
-46.12444 64.03736 -6.642443 
-24.92098 -36.83282 9.483809 
-45.28262 64.99961 -7.108871 
-14.22606 46.41363 35.22243 
-31.25196 65.37746 -5.547585 
-40.49567 66.13746 -5.633144 
42.89792 66.05093 -5.288097 
23.33465 -41.31723 14.31214 
25.9453 -41.45108 14.86848 
-27.16368 -33.55045 22.24723 
-40.30365 -41.00924 15.09841 
52.54886 68.95863 -6.448547 
20.70575 -39.88147 14.48391 
-35.39495 -33.74325 22.27018 
-23.33638 69.60242 -5.760909 
21.65969 65.17473 27.53065 
19.57087 69.09913 -5.159492 
-39.78261 -39.38932 14.17719 
57.84929 70.73273 -6.74357 
54.17123 69.96632 -6.40964 
-0.06617789 -4.825558 38.2547 
16.63009 71.01012 -6.050035 
-35.14739 -31.47264 22.46303 
18.54898 -39.41866 14.19404 
15.3496 72.65284 -6.430968 
-28.0685 -31.59826 22.42226 
-18.42748 74.28169 -5.652899 
14.32913 73.98695 -6.705983 
27.00319 -39.08364 14.42978 
13.11466 75.76421 -5.796742 
-16.7617 78.11753 -6.377244 
12.03248 78.48769 -6.411164 
13.95311 79.25005 -6.107251 
-17.23624 79.4427 -5.613125 
12.3812 80.24841 -6.010645 
-29.30899 -30.63507 22.85896 
-15.36732 81.82495 -6.12212 
10.09687 84.8356 -6.446084 
-33.946 -30.60061 22.73776 
-2.879976 3.578294 37.67418 
-11.13169 86.66706 -5.471658 
-9.142181 87.88267 -6.605094 
-8.233182 88.646 -6.646747 
31.76312 -30.75016 22.0793 
0.0957083 89.64384 -5.851803 
-1.269776 90.04744 -6.336788 
-51.31724 -53.74845 -6.025395 
-34.92747 -29.36423 22.84066 
18.3255 -30.6357 28.03571 
0.402225 35.97179 32.57417 
-51.03188 -51.41376 -5.997949 
-39.69214 -51.86805 -6.526027 
28.96699 -51.96897 -5.386746 
28.37284 -50.69761 -5.367287 
-41.78624 -49.54298 -5.449803 
27.73822 -32.53286 8.303677 
0.9282153 19.32454 -5.55725 
1.153746 20.50573 -5.921668 
-2.443503 21.41688 -5.914501 
-36.04584 -29.29059 22.44843 
0.9351341 22.44914 -5.703866 
1.973854 22.53423 -5.442015 
-2.983899 23.14848 -5.42624 
-0.4433843 23.2334 -5.885943 
3.474325 23.59715 -5.93311 
0.2217692 36.95289 32.52988 
-4.080673 23.40595 -5.469174 
-6.880854 24.09803 -5.616618 
1.86037 36.94398 32.37025 
-8.204364 26.21933 -5.27649 
-6.48459 26.09512 -6.115131 
5.062438 26.88793 -5.607543 
-7.546827 27.68094 -5.703336 
4.744859 27.66878 -5.889401 
14.22645 -28.6951 23.47638 
-9.391298 31.877 -5.498925 
-9.388869 29.95694 -5.083669 
-23.58013 12.20574 25.02978 
8.172202 32.54244 -5.632539 
-22.10973 -35.38005 14.68006 
14.25817 -33.97245 14.08253 
-15.22708 34.53306 -6.204716 
30.26002 -35.08765 14.93341 
15.41374 36.03964 -6.200613 
-36.09562 -27.92842 22.40799 
-40.6203 -34.31375 14.38754 
18.50581 38.91492 -4.575952 
-0.2929116 58.38136 38.3695 
-21.56934 -31.93524 14.91354 
-27.5736 -27.4766 22.3462 
18.44945 -32.16814 9.077131 
37.62645 46.17929 -5.943494 
-36.4104 -26.60627 22.46634 
20.87934 -32.43546 8.704835 
32.54023 46.15982 -5.300498 
38.47851 45.75212 -5.137538 
40.13621 46.13285 -4.935833 
40.67271 46.94781 -5.762971 
3.452683 39.01313 32.86512 
31.15352 -53.77861 18.59075 
-7.908204 38.56972 32.36117 
-40.46853 47.62247 -5.986468 
18.19106 -30.8685 7.96534 
-41.15961 47.85005 -5.036897 
29.72674 47.64546 -5.855775 
-34.13688 -25.96629 23.033 
13.12231 -32.12337 14.32967 
-13.48305 30.1168 29.13106 
-30.48656 -26.66021 22.89765 
30.11313 49.05004 -5.630117 
8.760879 46.17755 35.67982 
-47.66521 49.76177 -5.272517 
47.34887 50.42096 -5.303562 
-21.83575 12.13483 25.13283 
48.33785 51.44798 -5.515094 
50.49145 52.18386 -5.90479 
-48.15595 51.97957 -5.586661 
49.15514 52.45996 -5.794554 
24.88993 70.11174 16.60311 
31.6221 -29.64856 14.51771 
29.26375 57.16127 -5.693454 
-30.29329 -25.37492 22.87631 
0.9266489 5.411316 35.31955 
-3.572751 -1.115397 50.93839 
58.41969 57.97752 -5.823027 
28.09392 58.80547 -5.601498 
28.7905 58.57386 -5.479825 
-49.10184 59.59235 -6.172539 
-21.43886 -27.47715 13.90297 
26.5598 58.36111 -6.038732 
31.60203 -24.20608 22.96469 
-41.57447 -26.59883 13.98419 
30.50306 60.06766 -6.352441 
24.36144 61.78494 -4.999372 
-31.11822 -23.24112 22.57446 
3.242571 58.37173 38.72651 
-42.02085 -25.53345 14.90132 
-34.39437 -24.57512 23.03062 
23.73948 64.34504 -4.26565 
12.04503 -24.87056 14.34593 
-22.01731 -24.25628 14.94237 
-27.47397 64.80368 -5.454259 
41.96643 65.07107 -5.818936 
-44.65287 65.80489 -5.838723 
-32.19708 65.83089 -4.886168 
-44.09199 66.32951 -6.710413 
-41.70107 66.30765 -5.666845 
22.0047 66.56225 -5.212955 
-38.58501 66.41663 -5.930289 
43.14877 67.46922 -6.298505 
-25.90246 66.93597 -6.08854 
-22.03184 -22.87567 15.21538 
7.492959 40.30826 32.49328 
10.20194 40.63633 32.80055 
52.56459 68.01299 -5.081733 
-14.37211 41.02436 32.57748 
50.77973 68.35358 -5.039795 
54.15043 68.49363 -5.070674 
47.86526 69.78175 -6.006133 
49.61019 69.18155 -5.792531 
23.80126 71.21589 17.02107 
-22.86614 70.09184 -5.158402 
17.36756 70.58883 -6.467806 
-38.87645 -53.39241 17.40372 
16.6905 71.74774 -4.43322 
14.13526 74.61993 -5.588077 
-17.52018 75.57011 -6.012043 
6.302658 40.83513 32.55291 
-33.28205 -22.80361 22.59491 
-41.76313 -20.06418 13.68033 
-17.2818 77.49805 -5.720227 
14.24577 77.5251 -5.815035 
15.19304 -29.30338 9.24879 
-17.59102 78.32203 -5.369349 
15.44852 78.48077 -5.310091 
16.17926 -22.60633 22.74285 
-22.42231 -20.64537 15.32211 
-34.62741 -22.9871 22.78863 
13.32514 80.64546 -5.58292 
19.73852 -30.67052 28.44932 
6.703811 58.52739 38.30708 
-22.80932 -18.7655 14.98414 
9.17604 85.44871 -6.239018 
31.40101 -27.99164 8.522359 
-9.571021 86.99561 -5.798419 
-41.33865 -27.92401 9.450188 
8.731709 86.69878 -4.814616 
21.2857 -28.33673 27.87155 
32.21449 -19.46747 14.26853 
-41.64184 -19.44297 14.97867 
-7.753655 88.92773 -5.246951 
-5.967922 89.47026 -5.258767 
31.18096 -22.23022 23.0831 
-24.92135 -44.46902 18.0664 
12.82115 41.84864 32.03697 
-52.17626 -53.4384 -5.65968 
-35.37887 -21.13037 22.7234 
-49.69609 -53.21512 -5.09857 
-52.0681 -52.47116 -5.94812 
-49.4208 -52.37939 -5.503242 
-39.55306 -52.54166 -5.726449 
-49.09556 -51.19678 -5.214772 
-50.28648 -50.23943 -5.032195 
16.0788 -17.84361 14.57454 
14.58181 -27.42638 9.073526 
-40.88507 -48.98612 -5.283377 
31.58964 -18.04097 14.88887 
2.032006 18.9834 -5.07642 
32.3853 -27.01371 8.607666 
-3.494361 19.61952 -5.333984 
31.39973 -17.24782 14.46439 
-34.00693 -21.01524 22.69458 
2.17934 20.67136 -5.557936 
-5.162292 21.25364 -5.33683 
-6.044723 22.31307 -4.849385 
25.01822 -29.73737 28.13232 
-4.389003 22.11604 -5.342429 
-0.9121597 22.81579 -5.711311 
-20.41901 -26.86332 9.478563 
6.071051 27.82548 -4.824345 
-8.235954 28.05212 -5.204545 
15.32534 -25.5723 8.088435 
17.60135 -20.42077 22.63647 
8.816504 29.85149 -4.921643 
-10.44178 32.16645 -4.878363 
9.251477 32.34611 -4.973029 
-16.31244 34.37309 -4.162588 
14.32101 45.83815 32.51871 
-17.69314 77.04604 26.22976 
31.27208 -13.95197 13.97174 
-26.76451 -13.64512 14.95703 
-21.4079 40.62463 -4.946696 
27.6038 -17.96472 22.22625 
-22.80921 41.73379 -5.050966 
36.34714 46.10499 -5.374991 
25.084 -18.06341 22.80366 
25.3298 -17.19749 21.85841 
-32.92963 46.28841 -5.169868 
-30.87022 46.72319 -5.108547 
-29.40874 47.01513 -4.868319 
15.93048 77.47221 26.00193 
13.99245 -24.51182 9.083302 
-37.25953 -12.52047 14.27068 
24.19262 -16.6743 21.97024 
22.29794 48.17563 -5.16151 
14.68465 47.05806 32.44429 
28.84772 48.49292 -5.267587 
-41.97315 -25.38739 8.217815 
-7.132874 45.36486 37.17794 
18.8726 -4.424109 22.42964 
27.77199 51.17947 -5.926085 
17.00469 76.52242 26.57623 
-23.89539 -11.53405 14.30832 
-24.5094 -11.13409 15.0499 
-48.58834 54.69079 -5.138669 
16.15632 49.40963 32.54391 
22.26215 -4.551544 22.36853 
56.74758 55.76845 -6.223613 
-48.66852 57.71397 -5.11833 
15.50413 -11.54444 15.11691 
-47.95116 60.47057 -5.248192 
24.45071 59.64218 -5.623863 
-2.330422 -7.214458 50.37864 
57.82989 59.54194 -4.958826 
-20.57679 -23.44784 8.518282 
27.71391 60.41614 -4.975492 
29.05986 59.963 -5.703475 
29.58348 61.03719 -4.952823 
32.41086 60.67587 -5.978436 
-21.27852 -10.33711 13.98543 
-47.51189 61.58065 -5.044417 
36.40694 61.27248 -5.238609 
34.53982 61.62172 -5.275246 
15.617 77.7079 26.2205 
-22.76527 -4.254636 22.23166 
-19.4891 -9.802092 14.28168 
-5.804297 -2.476788 38.53297 
22.57919 65.63117 -5.860568 
17.6407 -2.07621 23.05183 
-33.87457 65.71798 -5.014357 
19.121 -1.804102 23.06756 
-36.43934 -8.403241 14.48785 
-36.3245 66.26596 -5.211061 
58.13353 67.11687 -4.494192 
-26.27197 67.76135 -4.367335 
44.07768 67.39491 -5.477111 
13.36345 -8.945878 14.47326 
45.29517 68.08813 -5.974452 
20.45612 68.15417 -5.388855 
46.64006 68.50635 -5.456382 
-25.3904 67.90457 -6.608286 
-20.80275 -3.045648 22.45687 
58.29733 68.46222 -5.018694 
56.55961 68.23548 -3.974708 
-36.89151 -7.040919 14.70317 
-24.13934 -22.74944 19.13208 
15.35444 73.22438 -5.107161 
-19.67435 74.15987 -5.199792 
14.5755 74.29899 -5.188691 
-19.673 76.26251 -5.497357 
-5.643824 44.87498 36.76961 
-26.24034 -3.4551 22.12977 
-20.15519 50.34699 32.05899 
13.62792 76.12866 -5.343105 
-18.89503 77.23807 -5.620441 
14.37826 79.70327 -5.832466 
15.8782 78.98706 -4.627385 
14.7875 80.36224 -4.854634 
-17.78348 -7.135967 15.2512 
-15.23038 82.40888 -4.837786 
32.38105 -6.922875 14.09047 
-13.8011 83.17961 -5.479644 
13.06308 82.21021 -5.194978 
11.16102 84.42527 -5.144526 
9.74389 85.25479 -5.17883 
8.919619 86.25562 -5.297611 
24.10794 -28.41483 27.98482 
-9.695135 86.51112 -4.730572 
5.722418 88.20929 -6.26125 
5.653696 88.32449 -4.469403 
5.197282 58.42975 38.3931 
-4.523499 89.51751 -5.465223 
3.522046 89.26318 -5.479171 
1.737379 89.61511 -4.357285 
-5.586675 -2.621896 36.81728 
26.90267 -52.66095 -4.416278 
28.82707 -52.63993 -5.459636 
-21.64654 -20.06955 9.169238 
26.55683 -50.33652 -4.518556 
-41.54903 -49.368 -4.420922 
33.28661 -4.7717 13.83003 
18.91838 -52.8921 18.15819 
-0.09102648 18.54054 -4.967681 
10.18872 -4.344034 14.27932 
-5.476359 19.47574 -4.812121 
-6.547943 20.87411 -4.709299 
-14.45739 -4.575078 14.2109 
-21.12829 56.71785 31.88053 
4.633644 22.94514 -4.826062 
-6.264836 22.91391 -4.860928 
6.46133 26.94597 -3.994911 
-30.44251 0.0398678 22.60916 
19.34186 -14.81997 19.28738 
8.075661 28.4584 -4.667868 
-22.19208 -18.03817 9.089205 
-16.05 -0.3196705 22.40832 
9.106859 46.91726 35.76239 
9.033925 -1.992659 14.28943 
-6.993977 59.09961 38.20881 
8.783127 31.96828 -5.042968 
-11.27144 -1.405023 15.36617 
-3.861192 6.632041 18.8672 
-11.07511 32.59996 -4.975743 
13.20145 33.73903 -6.367613 
-16.4783 1.116431 22.77567 
31.88636 -52.03415 18.82005 
-19.32884 37.51036 -4.018397 
-20.43671 38.55945 -4.918805 
-38.27356 -1.426301 14.7003 
8.799595 -0.9124995 14.08951 
20.74589 43.02478 -5.804186 
-23.40257 42.95246 -4.971683 
-24.18442 45.17581 -3.781046 
-38.73861 0.3472395 14.61195 
38.89243 45.55118 -3.954995 
-32.01918 1.502774 22.26969 
28.78543 46.09906 -3.901095 
28.48438 47.52936 -5.226546 
-22.98738 -17.11318 8.990844 
-28.07097 47.6131 -4.212209 
27.13773 48.2067 -4.540312 
-9.116348 1.374264 13.83481 
-31.90248 3.110323 22.59685 
25.63159 48.78197 -4.657393 
-42.5118 -15.69919 8.452509 
-24.56401 -15.81096 9.044593 
6.024364 44.93256 36.59839 
26.47455 49.77949 -4.977489 
-21.22548 59.40676 32.64486 
-3.48363 3.015344 28.30564 
16.91719 -16.62282 8.499927 
49.43663 54.01677 -4.163032 
-38.64714 1.746208 14.52277 
-48.54486 53.9695 -5.162405 
54.05193 54.64316 -5.5826 
26.31665 3.928187 22.9872 
54.60415 56.03852 -4.773379 
-48.6838 56.1879 -4.852312 
-31.51186 4.604231 22.3795 
-20.14088 61.60898 32.59175 
-48.07007 59.72161 -4.533248 
35.14914 -54.01559 10.60542 
25.58373 61.74333 -4.635959 
10.69314 4.172088 22.97114 
-24.25573 -13.70629 8.894635 
33.6485 62.19885 -3.84472 
37.24175 61.60345 -4.751499 
57.65818 61.89811 -4.15023 
39.56433 62.7633 -4.925376 
7.932489 3.874391 22.24759 
-45.72657 65.36668 -5.204451 
2.683956 3.726309 14.46998 
-29.83517 64.83038 -5.402237 
-4.842425 5.509243 15.40174 
-42.75314 65.71765 -4.601593 
-11.40138 5.728653 22.99108 
-39.39534 -51.05573 18.75772 
-27.77783 66.02898 -4.247299 
-39.27309 66.25094 -4.638753 
-37.65089 66.19152 -4.897088 
0.3861519 58.94314 38.363 
43.37807 66.16188 -4.934594 
0.8983889 5.220998 13.40328 
44.94668 67.24686 -5.154109 
-26.40468 68.31868 -3.391471 
-5.660452 -6.618564 50.97981 
48.07419 68.00587 -4.738867 
27.01377 4.74189 22.52027 
33.08584 5.21661 14.03647 
-37.05723 7.149652 15.22987 
-25.89818 69.14353 -3.836048 
17.70571 70.27132 -4.561284 
-20.95756 71.62732 -4.92858 
-18.88221 64.50111 33.0272 
-20.13711 73.03351 -4.88586 
15.86278 73.17596 -4.347634 
15.34363 74.22261 -4.680003 
-21.35696 75.16064 -4.816092 
14.41382 75.28651 -5.227505 
16.68955 76.8204 -4.512834 
15.45562 77.3372 -4.951735 
-18.53483 77.9016 -5.244075 
4.58252 6.148599 22.48579 
-13.32338 84.42389 -5.465317 
-9.884808 7.521473 23.35284 
9.559993 85.22256 -4.534776 
4.840904 9.145544 26.20684 
-2.947484 5.539085 22.6994 
-8.694197 87.66824 -4.58509 
-7.581571 88.25827 -4.126545 
6.960363 87.83191 -4.52516 
4.536891 88.40099 -4.768013 
-3.418987 89.87507 -5.126323 
-1.766215 89.85812 -4.78168 
16.81828 66.41036 32.57593 
-51.81202 -53.75983 -4.773376 
-50.44859 -53.70636 -4.671546 
-18.00632 67.03338 32.93655 
-42.17706 -53.17581 -4.571931 
27.80269 -53.09681 -5.822318 
-48.58112 -52.4376 -4.814466 
-43.30483 -52.32447 -4.403986 
-23.41977 -11.59524 8.688951 
32.5634 -10.52479 9.473071 
-43.15875 -51.60479 -3.851393 
26.09693 -51.73595 -4.144945 
-51.95858 -52.12499 -4.825087 
-32.81398 14.32507 15.26536 
-51.30668 -50.519 -4.461231 
-22.99224 -49.74925 18.61984 
-41.99771 -50.05004 -4.141977 
25.78283 -49.78052 -3.270988 
-49.08335 -53.62026 11.60227 
27.63672 -49.98486 -4.347217 
-38.44307 -49.82486 -4.567208 
-6.70483 7.725875 23.51973 
-39.78612 -48.92164 -4.81358 
26.07214 7.487189 23.21532 
-17.58393 68.22999 32.6491 
-3.650828 15.75825 -4.446376 
-1.536267 15.57263 -4.550409 
33.45148 -9.667916 9.369415 
1.149056 16.68242 -4.283708 
-1.617364 16.55701 -4.877794 
0.9925937 17.74646 -4.303409 
-21.89271 -9.773948 9.141926 
-1.593878 18.19098 -4.651571 
24.47851 -34.71325 10.58281 
19.66682 -13.56891 19.42939 
-5.407856 4.773993 27.78308 
-7.14293 20.71785 -4.197569 
5.305921 23.15404 -4.328942 
-7.875903 24.02907 -4.931189 
6.156984 25.64321 -4.596465 
5.486156 24.63801 -5.033138 
-8.983543 28.74911 -4.727959 
-10.65436 29.27689 -4.005495 
-10.71213 30.79264 -4.533537 
33.77748 -8.746831 8.431635 
9.583435 31.25576 -3.652376 
10.14995 31.99401 -3.802138 
-11.98042 32.46814 -4.012763 
12.53385 32.72386 -4.940431 
-14.05609 33.39622 -5.178262 
-13.48611 33.02907 -3.628589 
1.88002 -3.451483 39.06234 
-16.38277 71.04316 32.08297 
-31.07767 11.89603 21.67217 
-18.4746 36.06738 -3.862607 
29.53017 -6.590368 17.6796 
-14.67647 71.16578 32.81629 
2.148315 14.67605 29.29861 
20.11439 11.55926 22.4535 
21.70744 46.00864 -4.724316 
-35.33863 6.981683 18.41743 
34.60495 45.58359 -4.409564 
13.67478 -8.262277 8.526066 
-12.09647 57.64526 36.88774 
-22.37246 23.31859 15.25328 
31.36856 45.76554 -4.571738 
-36.46812 46.57257 -5.034504 
-25.18609 47.12624 -5.295687 
-15.42465 72.201 31.41547 
-26.02514 47.42792 -4.973269 
22.11391 11.57881 22.67026 
27.48378 46.7016 -3.675458 
-39.97249 47.40638 -4.889321 
-38.30848 47.23505 -4.690063 
19.51207 12.8969 22.44773 
24.65965 47.68811 -4.495518 
26.39009 47.58973 -4.098511 
-10.25035 82.4827 27.3927 
45.86832 49.36084 -3.880501 
-8.624339 83.44584 26.18296 
-47.04766 49.45146 -4.812315 
-19.3306 16.35027 25.04451 
-9.278131 45.91659 36.31836 
50.95958 53.01701 -4.952803 
52.12547 55.17615 -4.642928 
-40.16782 -49.11508 18.31099 
55.08403 57.38073 -3.558903 
57.24422 58.50632 -4.61779 
-12.4112 74.25869 33.0141 
31.08681 60.98365 -5.632515 
14.64095 -47.43773 18.99709 
36.92578 61.85279 -3.737974 
11.27871 -4.136543 8.288072 
-20.19096 33.13703 14.59163 
24.74786 64.06959 -3.535219 
41.13166 63.59057 -4.664319 
34.64878 -4.715891 9.67614 
-24.62552 14.90496 23.07437 
-3.105197 -6.402037 42.91854 
23.57643 64.80701 -4.078203 
9.668395 75.43987 32.35334 
23.0458 18.03647 9.351888 
19.59991 37.1507 14.22192 
45.99802 67.39317 -4.30739 
46.9027 66.86991 -3.668764 
-0.812266 47.64066 35.24208 
49.0996 67.21407 -4.558174 
54.58669 67.64564 -3.829748 
8.578044 75.57156 32.4202 
-22.17973 18.02559 22.72767 
19.09403 69.56614 -4.099139 
18.6966 69.63512 -3.362852 
-23.25978 70.74696 -3.41331 
-20.96679 72.51965 -4.582041 
-21.84748 73.23145 -4.294792 
-21.90411 74.44431 -4.499205 
-21.90759 75.11874 -4.347779 
15.82699 75.89528 -5.122254 
0.08482873 -3.80956 49.75176 
-5.95594 -1.983422 44.26301 
17.92621 75.73684 -4.041446 
-40.75242 -2.90163 8.571618 
-20.28077 77.05132 -3.830218 
-10.59568 75.70944 32.54643 
-16.97746 80.20535 -4.641872 
35.31137 -3.222329 8.175254 
-15.94876 76.0956 28.73641 
-16.53595 79.94337 -3.566667 
13.09468 82.52685 -4.167514 
23.97146 44.4001 13.20595 
10.86663 84.7163 -4.26653 
-11.5852 85.47209 -4.416357 
-23.69262 -47.14454 17.53459 
-10.70252 86.0363 -4.435008 
-9.402969 77.12897 32.28803 
4.353777 88.00455 -4.025664 
-6.169729 88.87336 -4.197821 
-0.02348839 89.56329 -5.139702 
3.281379 89.09785 -4.33709 
-52.18113 -53.3704 -4.401576 
17.55221 20.35575 22.13621 
-41.19058 -53.38135 -2.76207 
-38.57066 -53.11547 -2.873537 
16.20425 20.7795 23.41542 
-9.060642 77.51262 32.33379 
-47.05304 -51.47755 -3.685704 
26.00527 -52.23494 -3.326859 
28.66039 -51.55989 -4.073768 
-42.04067 -51.08286 -2.361757 
27.97696 50.43618 14.93624 
-48.12085 -49.63152 -3.759105 
-49.5935 -49.11667 -3.812944 
-13.05375 31.44946 28.936 
8.419984 59.58753 38.2247 
-6.791749 10.27064 27.55752 
-4.068271 17.40034 -4.381816 
-4.098298 18.13094 -4.273534 
-5.444615 18.26664 -3.874672 
-28.37116 50.62667 13.8525 
3.809868 21.9699 -4.398957 
4.709697 21.88868 -3.325755 
-7.012043 22.54958 -4.248971 
-7.979592 23.48014 -3.216654 
-8.493756 25.64832 -3.336046 
-8.696665 27.99696 -4.027798 
34.80542 -0.4366646 9.375502 
31.98199 55.49003 14.36713 
17.31134 37.75858 -3.974181 
-20.95981 38.78994 -4.343093 
2.518904 78.1283 34.03836 
16.16833 29.99288 22.17489 
36.54222 45.71632 -4.711719 
34.88931 0.6118522 9.66552 
16.60864 31.53235 23.09906 
2.035574 47.21251 37.39728 
29.9928 46.3279 -4.610609 
5.18889 46.36514 37.37017 
-36.93592 46.44232 -4.195042 
-34.5588 46.35714 -4.431524 
-31.77363 46.23505 -3.694057 
32.10943 57.57242 14.22486 
40.28962 45.84744 -3.00338 
22.33254 46.76262 -4.368262 
8.212396 0.2926156 9.058228 
44.4053 48.42352 -4.180735 
31.24238 59.27902 14.05871 
-41.09581 48.04596 -3.606772 
-44.73421 49.12386 -4.157978 
-43.45306 49.16753 -3.909154 
-47.77226 50.29934 -4.01932 
-48.94882 52.49223 -3.736544 
-17.95605 35.58851 22.94881 
-48.93338 54.52003 -3.774577 
-11.20308 2.3542 8.96203 
50.41624 54.30343 -4.160713 
-48.58005 57.4553 -4.583881 
51.54362 56.13196 -3.854734 
35.0839 62.38037 -3.527924 
17.93459 38.22585 22.07434 
-5.919878 -3.942938 54.34217 
18.6324 38.99771 22.8084 
-6.137905 -1.606981 38.75829 
-46.83614 63.85113 -4.144128 
58.2207 64.07674 -4.575398 
41.68063 64.08773 -4.020527 
42.24171 65.16834 -4.674092 
21.02978 39.40211 22.87544 
-45.81633 65.06509 -4.08437 
-44.73616 65.63176 -4.786354 
-29.87212 65.40467 -3.97339 
1.151386 85.13022 26.05597 
44.04343 64.82306 -3.644629 
44.60117 65.69803 -4.369689 
26.91714 64.57919 14.86795 
-41.78142 65.46619 -4.137697 
-29.12891 65.29564 14.58786 
-30.94208 65.71626 -2.950681 
45.45718 65.68827 -3.592138 
6.432755 59.83503 38.65411 
-29.05077 67.28717 14.22039 
-32.77121 65.95087 -3.708193 
25.9856 67.91239 14.85309 
21.70694 67.60033 -4.675786 
-14.91943 28.77636 28.08487 
-27.14678 67.5496 -3.606531 
-40.31298 -45.73774 18.2588 
51.11497 66.9166 -4.145546 
21.09531 68.46523 -2.818551 
-24.35922 69.78941 -5.001537 
17.45358 71.66672 -3.155385 
16.77741 73.25083 -3.831353 
0.6648612 -1.941961 32.83631 
-22.52639 73.65803 -3.556233 
-26.77201 72.06573 14.68684 
18.12842 73.97649 -3.716743 
-22.28412 74.3918 -3.693082 
-21.73492 75.64919 -3.597658 
-12.73789 47.86674 35.71201 
-20.19944 79.75102 17.69727 
-19.00743 78.12433 -3.797361 
-17.47974 78.81403 -4.161335 
19.08394 -12.50794 18.78255 
1.718793 -1.154636 33.49779 
15.03631 80.3567 -3.758548 
23.19078 74.13512 15.00907 
13.60219 81.31225 -4.216775 
-13.43108 82.99451 -4.053761 
-12.80781 83.94383 -4.068698 
-11.63143 85.44093 -3.890206 
-6.067905 0.6799691 33.70313 
-9.939138 86.29879 -4.134466 
-9.263529 87.41197 -4.042988 
3.292702 1.88069 32.71421 
1.373788 4.614183 8.805535 
-6.424779 88.72673 -3.832175 
-4.366603 88.65139 -4.06677 
-2.470923 89.13084 -3.848905 
-0.4368749 88.90759 -3.94124 
-49.17707 -53.61351 -2.082886 
-25.23064 46.94646 23.23355 
-41.21112 -53.35279 -5.031736 
-22.96553 76.50977 13.95621 
-47.06952 -52.76191 -2.951694 
28.11592 -52.69026 -3.237139 
29.03279 -52.29772 -3.861856 
-22.39819 77.59786 15.08087 
27.8065 -49.72935 -2.930671 
-38.2333 -49.04534 -3.672106 
-39.46959 -48.27541 -3.40463 
2.829045 5.152994 33.26637 
-2.202172 11.43015 -3.450982 
-2.973141 12.81384 -3.670627 
0.06736369 12.76931 -3.565871 
-0.341372 14.29135 -3.451706 
-3.198921 14.38433 -3.515725 
-18.21143 81.24711 14.73581 
0.6333271 15.48884 -4.135029 
-6.275651 15.27853 -3.339124 
-6.371985 16.17404 -3.542839 
-22.95498 -52.62095 19.89176 
-0.1103464 6.062579 9.197361 
-6.042421 18.1116 -3.509669 
16.29185 82.60277 15.0343 
3.839242 18.77879 -4.127459 
-6.908499 19.41487 -3.959793 
4.214996 20.32947 -4.369392 
-3.182802 -4.010566 55.09847 
-16.42944 83.92252 14.25967 
6.948636 27.84768 -3.397506 
-3.752903 7.831976 32.70564 
-28.51002 56.96119 22.38697 
25.23009 58.06315 22.40312 
-14.9208 85.76176 13.92483 
-0.7471941 6.14918 9.737662 
-12.78763 32.4803 -3.486738 
14.93771 34.42404 -4.575293 
32.50501 7.781918 9.551957 
12.3056 85.34967 14.57421 
20.2362 41.22544 -4.429039 
-22.85678 41.60817 -3.130627 
-38.0629 7.074011 8.412474 
35.29898 44.841 -3.11528 
33.41043 45.83358 -3.935979 
33.83317 44.97522 -2.397791 
-33.99985 46.02826 -3.804701 
-33.30531 45.95093 -4.171749 
31.89899 9.031202 8.669443 
-35.54884 46.1675 -2.947927 
40.88281 45.99099 -3.108474 
-29.65618 46.49446 -3.859903 
41.65229 47.26772 -4.091845 
-39.37224 47.63623 -3.159752 
-42.47209 48.65804 -3.038311 
24.33514 64.62276 22.71342 
30.8654 10.12311 8.838564 
-46.28499 49.81453 -4.115786 
-48.17974 51.15258 -3.996398 
-7.407124 11.92185 27.91168 
48.64715 53.46285 -3.703399 
-49.2121 55.64428 -2.947313 
23.94057 67.26311 22.22356 
-26.6052 66.84157 22.94632 
52.98211 56.71987 -3.294244 
-24.61767 68.91211 23.16254 
54.35999 58.30337 -2.682557 
-48.95507 58.53625 -3.105463 
-24.57036 69.80762 22.91959 
56.99026 60.23513 -3.901667 
-48.34175 60.23354 -3.252409 
27.57913 61.65231 -4.07594 
6.534078 9.955689 26.60056 
-47.82487 62.42689 -3.290469 
-0.696268 26.704 32.59838 
-0.1592125 27.93544 32.67597 
38.17677 62.14075 -3.539196 
31.97889 62.50143 -3.803865 
41.5727 63.91338 -2.739686 
-2.137861 29.16936 33.18986 
22.2237 72.42639 22.13258 
42.26057 64.00443 -2.962931 
7.462933 62.92414 38.16817 
21.19733 72.15926 22.85983 
-12.43277 13.86841 28.0361 
-28.95756 65.57909 -3.579334 
-21.66654 74.42267 22.74024 
-22.53477 -10.81988 9.754809 
1.441822 89.57926 14.80515 
-36.63255 66.37581 -3.796202 
52.48667 66.55305 -3.032576 
-7.987855 60.68841 38.60912 
-0.9221436 29.57547 32.33515 
-1.337357 90.04841 14.75239 
55.49159 67.7197 -3.55276 
-44.84664 -53.48555 14.35929 
14.15805 -51.49779 19.34065 
-42.91393 -53.43004 15.3796 
-24.17875 70.64815 -2.97459 
-21.82664 71.78906 -3.921144 
28.22434 13.44266 7.627485 
0.6980615 47.44838 35.23762 
2.025 29.20649 33.07896 
16.62773 77.54584 -3.784332 
16.67438 77.50861 -2.984762 
16.12249 78.94617 -3.160084 
-19.2544 77.66027 23.45949 
-44.44108 -52.98024 15.05962 
-14.84433 81.51886 -3.562283 
14.16168 80.87847 -4.179964 
12.72933 82.44136 -3.051888 
3.317282 30.89554 33.24207 
12.38521 82.95644 -3.465549 
1.31339 47.72725 35.87627 
-14.09377 82.67981 -3.621693 
2.900924 28.77872 32.78688 
24.29114 -52.02726 26.60412 
18.60743 77.96552 22.40025 
9.343987 84.80176 -3.181836 
10.81784 84.06373 -3.128999 
-11.92449 86.00428 -2.916222 
8.310401 86.78478 -4.068645 
8.595194 85.94778 -3.032502 
5.591101 87.57662 -3.437016 
1.86537 29.93942 32.64969 
3.73405 87.95528 -3.676176 
2.370641 88.6983 -3.264694 
-5.243932 88.72523 -3.792237 
-3.727955 88.64146 -2.649662 
0.4863322 88.6964 -3.498537 
35.97907 -54.10309 -3.01066 
35.82161 -53.15758 -3.235025 
12.5001 -51.74492 26.06181 
-42.93195 -51.62781 -2.915302 
29.06513 -51.84447 -3.319378 
-15.30322 80.59014 23.53023 
13.97951 81.49905 21.99447 
-27.45101 16.7036 8.645528 
-25.87886 -53.23276 15.75844 
4.96837 30.69516 32.71055 
24.84146 -50.93128 26.40676 
26.13829 -49.16105 -2.824609 
-40.6264 -48.68964 -3.807832 
9.729911 0.6233255 18.90613 
-16.18987 84.13882 16.37923 
-36.34491 -7.959523 -3.17205 
-38.11367 -8.302977 -3.102757 
-36.42946 -7.081304 -3.064476 
-25.39381 -51.87885 15.1741 
-10.20938 10.33492 27.22294 
-0.2354292 10.90931 -2.821597 
-4.303046 12.18616 -3.395644 
0.2716604 11.87806 -3.294295 
-4.30737 13.92837 -3.240577 
0.9024251 14.06349 -3.070678 
3.540357 31.96843 33.18 
3.201281 15.50031 -3.173822 
-45.09247 -52.10147 14.72853 
-7.303902 16.88173 -2.20856 
16.28654 40.03751 28.97924 
-10.06256 14.804 27.79757 
3.13044 17.31965 -3.184057 
5.900798 31.84325 32.69765 
-7.434887 21.91514 -3.101396 
-46.30064 -50.71382 14.54717 
5.862264 23.0816 -2.737269 
6.056026 23.86305 -2.875611 
16.75536 -50.72045 14.69749 
21.91228 18.83866 8.725401 
35.87025 -50.82911 15.01476 
6.855274 26.85622 -2.672388 
-10.8246 47.12992 36.74938 
12.0613 18.85796 25.48508 
13.29962 20.18786 24.73597 
-25.42317 45.83117 -2.910035 
36.95884 45.41511 -3.565109 
32.03345 45.43314 -3.185482 
-3.452384 86.793 23.3129 
-30.58746 45.92328 -2.231306 
23.88381 46.18513 -3.003942 
-37.81868 46.51667 -2.65435 
2.674054 87.32111 21.91942 
25.77985 46.94044 -3.269209 
-27.52635 47.39482 -3.617878 
44.17428 48.70943 -1.877541 
-31.44895 -53.53694 23.58275 
-48.88377 54.24666 -2.717604 
48.83131 55.28147 -2.818304 
-43.48695 -47.34312 15.14596 
50.2982 55.71476 -3.045619 
-49.05398 57.10736 -2.466608 
34.30726 -47.68349 15.44931 
-20.47808 24.17544 8.028817 
55.8501 60.69792 -3.038674 
17.89827 23.7553 9.062599 
12.65101 84.66599 17.50022 
-10.25167 16.78792 28.55634 
-3.1714 34.19727 32.8644 
12.51639 20.2437 25.26657 
17.72787 24.2587 10.05975 
-34.52024 -53.25176 22.69208 
56.80011 63.34043 -3.222651 
-42.573 -46.20671 15.8157 
-46.29633 64.24648 -3.381078 
-46.47313 63.46816 -2.649315 
13.43178 -53.03609 22.9551 
42.94822 64.60835 -3.483201 
-44.82233 64.56039 -3.280258 
-23.77267 -40.22538 18.21573 
-24.58706 -45.39928 15.10314 
-7.63306 33.77927 33.10015 
48.63307 65.86406 -3.449089 
31.0939 -45.36662 15.24209 
-40.66757 65.65266 -2.87184 
-39.98566 65.78141 -3.849376 
-38.56301 65.74718 -3.461578 
47.76925 66.57591 -3.526848 
-34.7891 -52.98527 22.84101 
-23.62879 -53.11385 22.44453 
-34.55849 66.24205 -3.654934 
-3.65085 -7.021062 49.97784 
-28.45241 66.23841 -2.65028 
56.53836 66.46204 -3.180834 
-21.00681 25.84633 9.737406 
-27.66457 67.01397 -3.303791 
19.71714 69.01525 -3.692024 
-10.12448 34.68721 32.36264 
28.81649 -44.05005 15.32474 
16.77793 25.97999 8.775208 
-23.00838 71.67547 -3.086064 
-22.79649 -51.973 23.1802 
-2.312087 34.46196 32.57812 
-22.88658 73.33784 -3.362929 
19.74102 72.54458 -2.708256 
-1.82257 48.1935 36.44256 
27.43899 -43.55267 14.24703 
-24.05229 73.53207 -3.155073 
-22.99849 74.5002 -2.704613 
-40.41451 -43.30165 16.11398 
18.3421 76.37332 -2.655518 
-20.25315 28.00249 9.890339 
-20.88341 76.43131 -2.939604 
-18.95179 77.75983 -2.688736 
-17.35058 78.90354 -3.259386 
5.133673 48.65506 37.12795 
15.09345 80.02033 -3.1482 
-16.64297 80.50529 -2.312732 
-20.26749 30.57276 9.2237 
-15.08534 81.03846 -2.78896 
-0.4027059 48.26437 35.1631 
8.989652 85.44963 -3.600896 
-10.39807 86.02939 -3.598964 
-35.00052 -50.05969 23.31445 
6.970329 86.83264 -2.981389 
16.77211 30.35 9.20708 
-2.76203 88.81985 -3.602869 
-0.8452744 88.98547 -3.380093 
37.27525 -53.5036 -2.263611 
-51.60077 -53.02796 -3.28896 
-46.93201 -53.18764 -1.675253 
36.75489 -52.88126 -2.991463 
-38.25704 -51.93229 -4.492444 
-33.90267 -48.42383 23.88066 
-46.05003 -51.53463 -2.709598 
-47.08934 -49.98972 -3.252077 
-37.27947 -50.80283 -3.306129 
28.15233 -50.23794 -2.505801 
-51.03372 -50.17139 -3.330596 
17.8616 32.39671 9.946704 
-40.94818 -49.36475 -1.719783 
27.38549 -49.37559 -2.668544 
-3.510595 35.72132 32.80738 
-48.41991 -48.20957 -2.541369 
-37.7473 -12.55582 -2.480846 
-11.29842 18.01626 28.20853 
-39.56559 -11.4889 -2.542088 
-37.85213 -10.58287 -2.921295 
-40.30536 -9.79884 -2.554458 
7.821946 35.92558 32.31435 
-39.06497 -8.583692 -2.822871 
17.86933 33.49506 9.459765 
-37.20019 -6.402727 -2.518917 
17.54766 -40.13091 15.1812 
-23.26598 -40.17516 15.08317 
26.66224 -40.0922 14.51887 
-33.2575 -3.666423 -2.655437 
25.92029 -4.214044 -2.746336 
28.0492 -38.73351 14.49832 
28.3505 -3.043722 -2.378738 
-30.80611 -1.902786 -2.786942 
-39.66477 -38.69886 15.12532 
26.61509 -2.678801 -2.726398 
0.1629608 48.87193 37.3813 
0.7164212 48.23444 35.62136 
-22.52173 -37.16273 14.89505 
5.945218 62.75061 38.49902 
24.55625 0.3309868 -2.62196 
1.550984 11.01524 -2.098357 
-40.12538 -37.49116 15.02224 
16.07284 -37.8888 14.76137 
-5.99194 12.51439 -2.62864 
-38.06734 -39.17789 18.81307 
-5.537192 14.35244 -2.932955 
-40.00167 -36.39644 14.98532 
14.95174 -44.0314 22.64206 
-31.37084 -43.75927 22.80652 
-29.69884 -43.95049 23.08864 
4.439837 18.27968 -2.55757 
5.146429 20.1931 -2.607964 
-4.549767 37.55816 33.02695 
-5.545381 -4.16853 44.43253 
-2.52273 36.77795 32.71371 
-9.352743 28.294 -3.302496 
21.21819 39.51376 9.371293 
8.891988 28.55806 -2.909783 
-12.19118 29.49265 -2.672151 
-31.13455 -41.86288 22.87613 
12.07206 32.19767 -2.700729 
13.98105 33.02476 -3.350571 
-15.381 33.9905 -2.800185 
-17.20114 35.4056 -2.125022 
-18.89551 36.27473 -2.975999 
-20.33504 37.94806 -2.921527 
2.782778 -0.4418265 37.78839 
-20.8996 38.73546 -2.466772 
-21.86814 40.01485 -2.576567 
-1.85658 53.36301 39.11399 
21.91352 43.19165 -2.36139 
-23.96469 44.0992 -2.599872 
-24.66687 40.64322 7.543137 
22.24724 45.70993 -3.322642 
30.75886 -32.22834 15.20798 
30.5206 45.69339 -2.61573 
-41.15193 -30.38303 14.81763 
-40.02708 48.05083 -2.113646 
42.32291 47.52203 -3.190009 
-16.68363 21.54894 24.9505 
-42.10458 48.71861 -1.69384 
-43.81029 49.965 -2.543869 
-45.51559 50.48795 -2.859263 
-48.19061 51.77093 -2.831948 
-48.54883 52.5481 -2.467837 
-0.08766662 49.02022 37.14632 
-31.832 -38.78438 23.0984 
51.03716 57.50097 -2.978337 
-29.59222 -38.37513 23.37629 
-32.1087 -38.03446 23.37343 
-48.24858 60.34922 -2.212 
14.60707 -50.21424 18.46622 
-21.82459 -29.15396 15.32671 
-47.23706 63.0151 -2.645997 
0.4149643 38.8471 33.25433 
27.92604 63.3219 -1.891391 
-45.87146 62.71329 -1.873106 
-34.33443 -37.81228 22.81034 
43.62237 63.67757 -2.709999 
24.57225 64.66867 -3.138852 
32.2379 -27.28841 14.0962 
49.24294 63.53236 -2.306426 
-43.48612 65.29772 -3.37621 
47.11626 64.88859 -2.746883 
49.874 64.94035 -2.765318 
33.02178 -26.20489 15.06826 
1.99384 38.82346 33.14027 
23.94118 65.67715 -2.41578 
-37.64345 66.1829 -1.931064 
-36.90198 66.11422 -2.808468 
26.45748 45.67084 8.977135 
54.72117 66.18136 -2.575735 
-5.886504 0.4779789 37.47141 
22.63638 67.80254 -1.262648 
-27.04704 67.99287 -2.882375 
19.07813 69.14425 -2.298931 
19.9181 69.12949 -1.848416 
18.51392 69.8619 -2.558377 
-24.91831 70.49947 -2.183567 
-24.12743 71.42149 -2.769582 
-25.14531 72.52329 -2.625789 
-24.94235 73.47094 -2.391126 
-23.72231 74.55688 -2.265435 
-31.45308 -36.07795 22.88324 
19.11004 74.86151 -2.931562 
-22.38021 74.67408 -2.42297 
27.58318 45.39513 7.758964 
-19.81187 76.48917 -2.101791 
-32.77743 -36.68542 23.09807 
-33.07984 -35.63865 23.1827 
13.43804 80.67123 -2.676065 
-14.60864 82.88617 -2.746591 
13.49185 81.07079 -2.344959 
12.06169 83.20559 -2.550784 
-27.86765 -36.01115 22.8449 
-12.72319 86.49013 16.75127 
5.0328 87.5086 -2.892411 
-8.391382 88.61964 -2.981118 
2.367241 88.64456 -2.942875 
-1.263479 89.63348 -2.554873 
40.59647 -53.36235 7.260587 
-9.693973 87.64343 17.53309 
-40.1045 -53.5739 -2.29981 
34.79899 -53.29358 -2.605891 
-51.4719 -53.54384 -3.685849 
-42.63297 -52.49589 -3.109522 
-41.85711 -53.09336 -3.176413 
13.64356 -22.1907 15.34969 
-37.86506 -52.62106 -3.117747 
34.45188 -52.2596 -2.470235 
25.27407 -51.85855 -2.683285 
34.63862 -51.68134 -2.454812 
-51.18472 -51.91094 -2.422325 
-41.84524 -20.61438 15.28332 
-36.17512 -51.10434 -1.586262 
-36.31828 -49.96844 -1.687325 
-47.05608 -48.69481 -2.515489 
25.46716 -42.42186 26.9475 
-40.08902 -48.55573 -2.164131 
-29.86547 -34.58533 23.0381 
-35.42146 -11.71273 -2.008846 
-33.94735 -34.09132 22.81919 
-32.22203 -34.48409 23.18379 
12.90525 22.96724 26.6243 
-36.29486 -11.32081 -2.349998 
-36.39106 -9.524933 -3.050138 
-41.34811 -17.75377 14.19989 
-40.46191 -6.465353 -1.624779 
25.49541 -7.244798 -2.351221 
27.00241 -6.76686 -2.683227 
14.41898 23.33884 24.82973 
-31.04794 -33.65971 23.09676 
-39.00168 -6.811253 -2.509614 
-34.7228 -6.407298 -1.971233 
-29.89653 -5.687763 -2.255795 
23.99406 -6.485405 -2.155853 
-33.03675 -6.209842 -2.371588 
26.18901 -5.350521 -2.472239 
28.9133 -5.089034 -2.088712 
-33.68696 -32.16627 23.004 
23.07069 -5.347746 -2.423505 
24.40201 -4.505946 -2.510215 
28.60679 -4.648331 -2.009807 
4.406665 40.05766 33.16499 
-34.08148 -4.458193 -2.52155 
-31.12182 -5.1394 -2.341632 
-35.61648 -2.745398 -2.162226 
-31.90037 -2.944334 -2.483816 
-30.38615 -3.806881 -2.136559 
-28.62747 -3.863144 -2.345395 
22.18218 -3.051885 -2.570492 
9.721111 48.45703 35.27334 
-31.97927 -3.865994 -2.633296 
-34.39722 -3.347614 -2.314945 
-29.52251 -2.807378 -2.404703 
-32.87824 -33.04523 22.9716 
21.42205 -1.888688 -2.268945 
24.74657 -2.404787 -2.724332 
-33.33376 -2.075349 -2.117059 
-30.12382 -0.5666285 -2.512939 
10.2849 47.72728 34.97234 
-27.88368 -3.013694 -2.232158 
-34.89682 -1.801155 -2.124544 
-27.63981 -0.5847604 -2.23596 
21.59712 67.43168 26.62047 
-26.48085 -1.267211 -2.219798 
31.31761 -32.22605 22.68989 
27.81395 -1.256169 -2.212215 
-33.69906 -0.6425326 -2.592209 
25.03463 -0.9314577 -2.499213 
-32.54271 -0.9946473 -2.486607 
-29.90399 -33.06116 23.23016 
-34.39541 -0.4009826 -2.487301 
-31.64412 0.3245773 -2.156615 
-33.17887 1.422409 -2.149873 
-24.88274 0.6005272 -2.17275 
23.05106 1.638992 -2.428164 
-29.20218 0.521265 -2.657385 
22.40207 -0.119926 -2.445089 
26.24992 0.9012299 -2.210203 
-28.15337 1.602737 -2.34785 
-26.7465 -15.28094 15.71687 
-32.07927 2.00879 -2.354338 
-30.87985 1.371483 -2.267467 
-31.57351 -31.47602 23.04629 
-34.27982 -32.57834 23.00464 
-31.16414 3.072776 -2.032818 
-12.89442 40.42574 32.52206 
24.80403 2.182781 -2.251041 
-32.34393 -31.45583 23.18463 
-27.43907 2.623796 -2.383775 
-29.72847 -31.55141 22.82764 
-26.03188 4.118992 -2.145492 
-2.708787 10.53883 -2.274071 
9.929159 49.96982 35.82347 
30.12429 -14.67345 15.99944 
-4.642837 11.01534 -2.500298 
2.227729 13.27229 -2.218979 
-5.892175 13.85587 -2.445317 
-36.05622 51.27213 9.082934 
3.102485 14.6454 -2.822978 
4.105012 15.89749 -1.912856 
10.20483 41.39126 33.23927 
-7.555183 19.25673 -2.373219 
5.261084 18.69956 -2.033844 
5.663719 40.92704 32.78133 
-7.92392 21.81778 -2.54993 
-23.70567 -35.08651 18.61962 
-36.52097 -13.06781 15.25987 
-11.23142 24.5326 -1.8922 
-10.11741 26.15443 -2.530531 
9.87899 28.54049 -2.043321 
15.40925 -40.32228 26.31734 
-34.15063 -28.79846 22.92415 
38.59905 52.4942 8.909789 
11.39861 31.68652 -2.630636 
12.60116 32.12069 -1.61853 
2.354544 -0.04238085 39.49879 
-25.56559 -12.88756 14.15155 
-30.83097 -29.42946 23.00749 
38.79585 53.84462 9.034205 
-25.39058 -12.08894 14.94207 
-20.51125 37.2121 -2.320738 
-21.9808 40.44784 -3.031813 
-23.84517 -10.93173 15.16996 
-23.91613 42.3315 -1.947696 
-24.31536 43.78133 -1.765044 
-22.76518 -10.68913 14.68378 
14.30234 -10.53004 15.08033 
32.53149 44.5875 -1.829356 
38.98416 45.43158 -1.702792 
-34.5121 45.71011 -2.615731 
-32.70321 46.22805 -2.630603 
41.50608 45.8404 -2.028554 
25.57777 46.15895 -1.726227 
-27.37283 46.49153 -1.816075 
13.87445 -9.885549 14.60639 
29.70918 -9.839928 15.20253 
-32.63272 -30.19593 23.0102 
-43.21375 49.61568 -1.615265 
-38.53121 55.04258 8.915411 
-46.82231 51.44242 -2.914113 
-48.3847 54.15409 -1.989148 
-48.97173 55.40186 -2.08493 
-4.187865 -4.762806 55.8462 
48.85622 56.63405 -2.247532 
49.53198 58.29013 -2.332839 
-11.76665 51.22021 36.68713 
-16.37282 44.40485 32.62706 
50.96292 59.18157 -2.378927 
53.8187 60.51614 -1.798532 
-22.8591 -34.56156 17.78671 
-31.76345 -26.89033 22.94462 
38.53234 62.33512 -1.482148 
-30.57965 -28.14125 23.16479 
-19.43667 -8.109096 15.49855 
17.21063 -40.40322 28.43766 
30.43665 62.78945 -2.724263 
34.21451 62.69175 -2.460537 
47.75457 63.01077 -2.211703 
48.17678 64.14186 -2.863436 
27.27512 -39.12862 27.17989 
39.76216 57.376 8.260601 
30.9738 -8.189823 15.31505 
31.37384 -6.986205 15.99645 
51.60274 65.60328 -2.499335 
-16.94603 45.84673 33.31246 
-42.35052 65.10202 -3.01415 
10.01857 19.43265 28.05832 
52.03192 64.86091 -1.854406 
55.38028 65.01648 -2.279676 
-39.63406 65.45834 -1.890126 
-31.07135 66.0236 -0.6620929 
24.55874 65.33413 -2.097052 
-37.68496 58.05276 8.96365 
-33.73571 66.43746 -2.639551 
13.03018 45.55418 33.09274 
23.15678 66.47754 -3.264276 
-16.92933 -6.156634 15.41464 
14.62025 -26.88236 23.434 
28.51212 -34.94955 26.17082 
-25.66482 69.569 -2.29922 
31.83205 -5.006135 15.75874 
-24.76504 70.93479 -2.27218 
18.26784 71.48032 -2.474944 
20.48208 72.34612 -2.17695 
-21.67253 74.97166 -2.205062 
-21.08755 75.6071 -2.393586 
31.27572 -26.1432 23.62246 
-28.09599 -16.54042 18.75932 
-33.18717 -25.05733 22.75574 
14.04206 79.69791 -2.239747 
17.91736 -37.03744 28.93104 
15.47093 24.1976 23.85966 
15.21983 -40.29501 25.69304 
10.11412 84.76623 -1.469648 
10.44605 84.30389 -2.014935 
-31.63603 -25.07543 22.99267 
-37.59509 -5.01259 14.55624 
-9.891809 87.617 -2.904154 
-14.54139 -4.747472 15.28771 
32.26707 -4.696367 14.91103 
-6.063803 89.22401 -2.874599 
-5.092416 89.2109 -2.462494 
-7.238132 88.58572 17.54976 
26.41141 -40.6194 26.18316 
30.67123 -24.92347 23.88085 
-50.9797 -52.87766 -1.891262 
33.7931 -53.33238 -1.438128 
15.57833 -24.89852 23.7295 
-13.79875 -3.303777 15.1881 
27.37497 -52.65244 -2.637033 
-44.42575 -51.84839 -0.8105776 
24.81739 -51.43991 -2.376721 
-12.28033 50.77122 36.34251 
28.46193 -51.46795 -1.262011 
35.37048 -50.46337 -1.604265 
36.36164 -51.95431 -2.768795 
-19.66939 -9.48732 10.29965 
-50.50675 -49.91379 -1.904432 
27.80574 -49.8773 -1.939449 
9.897009 21.17539 28.54785 
24.74851 -49.06193 -1.442549 
37.06219 60.92049 9.094489 
-49.81777 -48.84545 -2.979361 
-37.76201 -47.76613 -1.250199 
16.92308 -21.38321 23.16182 
17.27334 -10.188 18.7474 
9.154914 -2.220553 14.95983 
-12.98588 21.65959 28.22702 
-38.14096 -13.7843 -1.718431 
28.83035 -13.64783 -1.723929 
33.35065 -2.679933 14.74929 
35.4278 62.1052 9.205667 
-34.79636 -10.32612 -1.918169 
-19.23405 52.07874 32.98992 
25.78854 -10.01922 -1.495123 
-33.21527 62.60822 8.232681 
19.01157 -18.72996 22.92349 
-40.99354 -7.912158 -1.802623 
-34.33785 -7.720085 -2.085616 
27.67567 -8.17198 -2.365478 
8.081196 -0.1887087 15.27836 
8.682845 81.13799 28.24714 
33.02641 -1.148791 15.17993 
-20.65922 52.60822 32.40122 
20.25019 -18.5512 22.78752 
32.58597 -32.18906 19.2392 
-31.32756 -6.990526 -2.144653 
-28.78845 -6.822076 -1.849011 
28.87945 -6.021365 -2.29963 
-38.95149 -5.057966 -1.629656 
26.30018 -18.2391 23.14244 
-35.33125 -4.860034 -1.645094 
-29.30655 -4.755416 -2.096591 
-28.09085 -5.477814 -1.754464 
-26.32339 -4.595256 -1.703856 
28.29825 -3.71299 -2.387439 
23.58849 -17.91298 23.44107 
-25.50827 -3.54633 -1.464794 
19.62179 -4.006345 -1.842935 
18.96722 -2.816227 -1.519881 
-4.220207 88.86363 17.91421 
29.43704 -3.15308 -1.581611 
-26.98872 -2.551049 -1.961359 
18.44809 -1.704745 -1.643916 
-21.19174 55.07425 32.49021 
-28.94849 64.61446 8.338125 
20.78624 -0.2139034 -2.410623 
27.20978 -0.03154331 -1.808688 
16.84177 54.20108 33.18307 
-25.62839 -0.3900664 -2.005201 
-26.91796 0.7658222 -2.018313 
-22.4292 -3.154503 22.91082 
19.76321 1.62753 -1.854755 
-25.64629 2.021845 -2.069565 
21.40485 2.277529 -1.872004 
-23.52378 2.009863 -1.980172 
22.84948 2.754125 -2.035714 
-37.8751 2.9518 15.45305 
17.35062 55.41845 32.31612 
-40.39071 -31.67928 18.29395 
-24.6986 3.273474 -1.859528 
20.9382 3.411104 -1.901557 
24.64662 3.25125 -1.748081 
-29.3086 2.413884 -2.101094 
22.15737 3.802463 -2.089031 
-30.11488 3.964486 -2.040106 
25.23148 3.600441 -1.561469 
-31.9176 4.719855 -1.532009 
-24.7865 -3.308574 22.76434 
23.82281 4.400243 -1.874952 
32.38929 -30.94888 18.64801 
-27.22733 4.959618 -1.805926 
-3.228492 89.1047 17.49174 
-4.790874 1.893284 39.07806 
25.66111 -37.19404 28.9541 
11.16509 51.44863 36.08392 
-2.661971 10.01895 -1.885614 
15.43475 26.97588 24.82936 
23.26014 -2.93896 22.93715 
-5.943157 11.22784 -2.273662 
26.44969 -10.55317 18.59422 
-27.6098 -2.623268 22.57513 
-38.05333 4.485108 14.35268 
-13.77549 23.22736 28.4607 
4.280609 15.39318 -1.59202 
-8.649764 16.42837 -1.425709 
4.15922 17.3068 -1.897459 
-7.085974 18.1181 -2.263654 
-19.92295 -1.462567 23.58563 
6.025065 19.68562 -1.981446 
7.648011 20.56097 -1.770172 
-21.18452 58.23596 32.55838 
5.952147 21.39602 -1.906087 
-3.151183 6.808287 14.51745 
-10.93099 21.78022 -1.799484 
-17.28567 51.46204 34.92985 
7.27958 24.19509 -1.899963 
-9.127463 22.66103 -2.010659 
13.32926 -8.159533 10.32106 
26.05764 68.76794 9.181409 
-11.4355 28.99217 -2.785238 
28.66952 -33.20392 26.34162 
10.72642 30.76111 -2.4513 
-12.70346 30.80996 -2.645556 
-14.24543 31.80002 -1.790795 
-16.99601 27.98603 26.1844 
-36.58375 8.907842 14.39497 
13.94345 32.98972 -1.217623 
-17.79619 35.69088 -2.001898 
-36.1695 10.45003 14.70435 
19.24177 38.68302 -1.950868 
23.17069 73.17794 9.262003 
14.41999 28.18678 26.17336 
20.83188 41.08278 -2.061818 
-19.93057 58.61675 32.95563 
24.0306 -2.160623 22.80222 
30.7554 44.95378 -1.341815 
9.913644 80.71519 28.85866 
37.54618 45.49682 -1.445403 
-36.58895 46.36738 -1.191029 
-28.83553 46.51097 -2.115596 
-27.49217 0.07124127 23.79309 
11.84806 24.11568 28.26732 
-38.62418 47.00625 -1.700627 
42.17953 47.19222 -2.45408 
-23.51747 -29.12163 18.80879 
14.66386 -0.9770285 22.80714 
29.32164 12.898 15.3306 
-6.676863 66.10732 38.24 
-47.23066 52.95784 -1.996305 
-28.55603 0.4416847 23.28333 
-32.42735 15.47273 13.06746 
-19.69353 61.72409 32.82595 
48.32474 56.35643 -1.781233 
-17.25346 -0.4838833 22.80231 
-48.89367 58.80996 -2.01903 
53.06212 58.31726 -2.259787 
25.18699 0.3260793 23.18806 
51.77614 60.69293 -1.494747 
27.69238 -32.40343 26.77074 
24.32682 15.65616 15.62921 
-47.41472 62.04064 -1.911987 
-25.84481 -53.73996 19.38971 
49.37904 61.61485 -1.567187 
23.80205 17.00146 14.76008 
36.13773 62.50509 -1.816363 
40.79206 63.2055 -2.127571 
14.9865 0.7932509 23.40553 
55.00545 62.42862 -2.227632 
32.50283 63.16007 -2.455312 
42.38072 63.72132 -1.500547 
45.13067 64.38582 -2.325354 
50.4702 63.58012 -1.413557 
-42.74215 64.48333 -2.3302 
54.20979 64.90206 -1.883045 
-32.82866 66.31093 -1.60496 
-29.13287 65.97984 -2.480537 
23.76579 66.72193 -1.12183 
-26.2004 68.94202 -1.593823 
31.94702 -47.87832 17.90823 
-26.03802 20.22456 14.11256 
-15.29208 0.9645193 22.45774 
-25.92143 72.23183 -2.052703 
14.28661 1.933122 23.87017 
6.532875 64.16639 38.27592 
19.31746 75.21194 -1.958219 
-20.65015 75.74088 -1.635186 
-19.03273 78.28022 -1.417605 
9.216684 52.84673 37.26215 
15.36863 78.85844 -1.943969 
-30.78086 3.804624 22.91113 
9.513767 85.99645 -1.8575 
18.67898 24.84568 13.66108 
8.200089 86.94479 -1.984411 
-22.15234 24.15403 14.61857 
3.890265 87.8885 -2.601812 
-3.756535 88.95856 -1.27626 
-2.641174 89.59591 -2.216738 
2.263882 89.33562 -1.994215 
0.3669522 89.61694 -2.329783 
35.68282 -54.14407 -2.535087 
-50.2732 -53.06646 -1.217958 
36.81359 -52.28762 -2.062161 
18.17778 26.28092 14.96254 
-41.6493 -52.97043 -1.180609 
33.16831 -52.35453 -1.469558 
18.10543 28.19355 14.72128 
34.70689 -53.18509 16.94986 
31.76974 -51.01685 -0.3214127 
19.04433 29.82452 14.46297 
-23.43765 -47.21515 19.44805 
36.06449 -50.52228 -1.108343 
-45.94576 -48.96354 -1.902406 
15.84735 81.24066 9.692322 
-20.59897 30.58812 13.5631 
-14.69908 27.37479 28.53924 
-36.44742 -49.12152 -1.453472 
27.38142 -49.29554 -0.7431622 
-45.30844 -52.74935 10.09103 
-17.01656 69.66338 32.48941 
24.96106 -48.14956 -0.334715 
-41.10413 -53.14835 16.96648 
29.89936 -15.82154 -1.543913 
-19.94472 34.31227 15.46783 
30.58607 -14.26969 -1.787139 
18.49655 35.05836 15.07659 
-0.9960875 4.62526 23.72839 
-39.57655 -13.44572 -1.636517 
15.07518 82.86571 9.041299 
-20.41302 35.65928 14.56378 
-16.20941 83.67778 7.545839 
30.40512 -12.21512 -1.356915 
16.59928 -29.98582 26.70203 
25.98612 -11.20719 -1.395163 
27.1331 -9.779842 -1.405121 
21.20245 39.67981 14.93115 
27.99523 -9.47609 -1.586232 
-33.38846 -9.939386 -1.507561 
24.81978 -8.913496 -2.121023 
0.1903432 65.94422 38.15189 
-30.11015 -8.781678 -1.142697 
-32.13473 -7.781834 -1.808718 
29.01059 -8.899967 -1.427601 
21.69471 -7.331309 -1.457533 
-24.79245 41.82848 15.07646 
-27.11801 -6.268338 -1.08891 
20.60341 -5.992407 -1.741841 
-35.72442 -5.213313 -1.625877 
-27.0089 43.30799 15.72262 
-12.75594 71.20701 33.47818 
-37.19519 -4.129002 -1.019944 
-0.7646785 -2.14545 50.21525 
-37.30622 -2.816367 -0.8881273 
-24.20443 -2.907433 -1.457808 
26.59838 6.079068 22.43421 
21.03783 68.44682 26.84744 
-23.30443 -1.992735 -1.15641 
15.48876 31.91455 25.19282 
-38.25819 -52.96989 16.25802 
28.93161 -1.372142 -1.461511 
-22.89747 -0.8818489 -1.443038 
17.91806 -0.4112859 -1.568001 
-27.87478 47.06691 14.7122 
17.44719 1.007508 -1.227362 
12.18804 -26.61838 17.97209 
27.86206 1.192985 -1.226339 
10.51694 86.722 8.55508 
-34.7083 1.850864 -1.450269 
11.229 86.38354 9.043045 
26.39427 2.601265 -1.713868 
-33.46495 2.942125 -1.823464 
-22.28523 3.008546 -1.478683 
-33.21779 4.368181 -0.9557826 
-28.58046 51.15995 15.652 
-9.460017 81.46259 28.42104 
19.42646 3.244567 -1.959311 
-4.775678 -1.138523 50.1416 
-23.75083 4.255874 -1.438699 
12.19115 73.44137 32.91282 
-28.64758 5.684588 -1.748156 
-26.10114 5.86131 -1.399531 
-24.95009 5.020678 -1.71118 
21.11674 5.993296 -1.553742 
-30.20172 9.384445 23.56481 
19.56421 5.662007 -1.359892 
-27.48032 6.863325 -1.233531 
22.54021 6.363595 -1.411457 
-24.76011 7.703228 -1.294626 
-24.00115 6.130311 -1.813235 
-26.17995 7.798096 -1.441242 
17.51849 -28.68984 26.74905 
-3.332907 8.478177 -1.426094 
-2.35221 8.786528 -1.662515 
-1.330113 9.682112 -1.621891 
-0.744845 10.12279 -1.756179 
24.16797 10.71101 22.87914 
-4.880214 10.11568 -1.110655 
1.618555 10.20815 -1.153976 
-30.12791 11.33489 22.60341 
2.327929 12.05247 -2.035903 
30.91383 51.79605 14.65811 
-6.912443 12.51709 -1.111553 
-6.554367 14.2917 -1.743559 
-28.94142 53.24885 14.59581 
27.55465 -28.78146 26.93076 
2.527054 13.68315 -2.213221 
-8.117093 14.34688 -0.9468758 
20.65742 10.92353 23.0815 
4.006532 14.23325 -1.226682 
-7.223534 15.56524 -2.069672 
5.116414 15.72968 -1.38386 
6.922392 16.70972 -1.375241 
7.552915 75.80497 32.97257 
5.493824 17.29235 -1.469609 
30.9873 55.72806 14.9927 
-8.819077 18.10221 -1.427613 
7.418391 18.29305 -1.492588 
9.353024 18.58257 -1.252144 
9.17444 20.27896 -1.186247 
5.485867 89.36125 8.865544 
8.767487 21.43625 -1.387281 
8.155148 22.54231 -1.37597 
-29.63263 12.25047 22.87922 
-12.08737 23.57699 -1.5839 
8.390061 25.73195 -0.7603546 
-11.21813 26.80994 -1.569131 
-11.24891 28.17457 -1.880304 
7.457962 77.03045 33.01387 
-13.57969 29.58075 -1.187443 
-8.562724 76.10006 33.28158 
13.46417 31.23239 0.3298471 
-15.02935 32.85836 -2.241413 
-16.36535 34.70047 -2.350164 
-25.38335 13.82109 23.5997 
-19.4402 35.31747 -1.389721 
-1.907159 -1.680196 51.18978 
-17.68697 34.8012 -0.1665955 
-20.49375 35.80656 -1.063669 
18.93019 15.49666 22.49692 
-38.91291 -46.38018 19.54059 
29.3557 58.56401 14.83183 
-6.024719 -2.6445 43.19111 
-30.32845 59.4124 16.09271 
22.53004 44.87254 -1.509114 
28.72945 62.53095 14.00626 
29.48322 44.88885 -1.051113 
36.05812 44.99181 -1.040407 
23.61122 45.27376 -1.460179 
29.07709 45.50035 -1.945306 
-35.0461 45.73643 -0.7322026 
-27.57076 46.37699 -0.5594816 
-40.75577 48.4719 -0.9594018 
43.07124 48.05346 -1.688019 
-30.52003 62.47076 14.5624 
17.12897 17.67479 23.35934 
47.10433 51.35973 -2.79561 
35.19578 -53.77727 9.385514 
17.95181 -27.07456 26.60149 
-47.47077 55.30853 -1.256613 
-48.64235 55.53328 -1.643922 
-48.50589 58.13086 -1.377539 
47.99709 57.66418 -1.345985 
48.93753 59.38174 -1.675062 
-47.819 60.2109 -1.564611 
47.72009 60.0798 -1.357119 
50.06831 60.47364 -1.61027 
-46.42503 61.13021 -1.289292 
47.268 61.37362 -1.665964 
49.31984 60.60207 -1.458216 
48.32299 61.83369 -1.479189 
50.42885 62.40917 -1.239347 
-16.97407 -6.64072 10.38345 
37.60769 62.02689 -2.321377 
-44.29163 63.44469 -1.842086 
27.7756 -26.29484 26.70749 
-47.56977 -53.44584 9.915444 
44.49865 62.84253 -1.368563 
-6.062551 78.71767 33.26969 
46.7934 63.64697 -1.932765 
51.35746 63.35735 -1.270289 
52.91191 63.73759 -1.501444 
-30.29364 -53.29611 9.548043 
4.714977 78.63233 33.08009 
-41.54619 64.69968 -1.163372 
26.26132 64.31993 -2.603538 
9.86365 54.08346 36.86268 
-36.06316 66.19517 -0.9494526 
15.83127 21.31401 23.42939 
20.7624 -53.52366 8.058334 
12.76018 52.88973 35.42589 
-25.67314 69.80784 -1.577786 
24.31209 72.15057 15.1517 
-25.899 70.5802 -1.29808 
19.01984 70.85113 -1.888639 
-26.35024 71.34966 -1.248616 
-26.25271 72.46494 -1.128544 
19.22966 -26.29967 26.73269 
20.48335 73.7304 -1.40327 
14.34093 22.36358 23.65602 
18.63378 75.74946 -1.556314 
16.30217 77.18071 -1.820562 
11.0645 53.37963 36.46833 
-24.41884 75.61198 15.08609 
13.65993 81.99361 -1.528118 
12.95435 82.88209 -1.47325 
19.7778 -25.0996 26.33334 
11.56909 83.94254 -1.703711 
3.478306 65.87728 38.43146 
3.037231 88.95963 -1.928841 
-3.00487 -7.737848 51.69421 
-49.8662 -53.10865 9.24966 
-7.858966 88.98988 -0.4773498 
34.44706 -53.87857 1.184104 
36.44439 -53.98915 -1.214246 
-48.03812 -53.62756 -0.3066553 
12.0046 35.30761 28.68387 
-42.15751 -52.34713 -1.285541 
-36.01404 -52.15029 -0.7882589 
-29.78518 -52.74962 9.41941 
20.80481 77.41816 14.9273 
-34.6069 -51.56647 -0.6364822 
24.17664 -50.78798 -1.542782 
16.44146 -53.27505 17.87048 
34.03733 -50.45516 -1.571786 
-41.53969 -50.40295 -0.9553145 
-35.69798 -50.70919 -1.28165 
-34.65592 -49.93696 -0.9277692 
35.13989 -49.47999 -0.3240747 
35.48309 -49.87447 -0.6846141 
-35.45228 -48.67667 -1.273994 
-19.24968 28.36983 22.53609 
26.32078 -48.37441 -0.7901182 
17.2951 80.35023 14.94147 
-46.3168 -47.61863 -1.167768 
-47.45651 -47.45981 -1.240668 
-38.72801 -47.62207 -1.237097 
-37.2854 -46.62465 -0.5423573 
16.66787 81.96239 15.21137 
15.65707 29.77347 23.20317 
31.87782 -17.00441 -0.4534823 
-49.86634 -52.59869 9.896751 
28.32283 -15.50215 -1.177551 
-34.33451 -12.67643 -1.171314 
31.35848 -11.52107 -1.018085 
-2.57566 -1.965214 32.67393 
-8.646832 81.90075 28.48725 
-40.87476 -12.13403 -1.625814 
-42.59375 -52.78617 7.867401 
20.82397 -24.57879 26.66217 
23.70547 -11.92405 -0.8936487 
27.7464 -11.0783 -0.7724563 
-15.02655 84.75204 14.90061 
28.4814 -12.14196 -0.8764912 
-37.62228 -52.7673 10.73464 
30.68906 -10.24472 -0.3332176 
16.2463 34.02628 23.45626 
-41.48759 -10.02652 -1.425198 
22.39402 -9.196873 -1.4841 
10.77675 85.49876 14.59523 
-18.63285 36.28448 22.30147 
-29.46885 -7.891854 -1.616426 
-27.95987 -8.128357 -1.066931 
-50.05435 -51.60183 9.772609 
20.38971 -7.972036 -0.5940124 
30.0405 -9.479946 -0.2474455 
21.74967 -23.88813 26.3896 
16.76095 36.38203 22.79445 
2.969115 0.45655 32.65965 
-19.01262 37.91264 22.58757 
31.29802 -5.363226 -0.7472337 
30.02326 -5.430701 -1.352707 
-12.14967 86.19945 15.26147 
18.38742 -4.669085 -0.8481742 
-3.583875 -9.53841 57.37243 
29.65556 -4.371201 -1.153136 
30.83789 -4.181086 -0.6487316 
26.37381 -24.23462 26.70035 
-10.71776 86.99003 15.72392 
-38.37294 -4.087776 -0.4355582 
7.610909 87.02426 15.66024 
-41.04149 -21.56803 17.90045 
-23.33975 -3.639844 -0.6775029 
17.93394 -3.253159 -0.7425727 
30.81323 -3.052377 -0.8697724 
9.858375 55.65671 36.9564 
16.07582 -1.976578 -0.7289664 
17.38899 -1.938667 -0.9774798 
-36.20045 -1.153169 -1.569343 
-36.14675 0.1758276 -1.580976 
22.02821 40.17712 22.22111 
17.25911 -53.31097 15.90351 
7.65199 87.97845 14.27754 
-36.5593 1.054279 -0.7356128 
-21.75953 1.283494 -1.281022 
21.72133 41.1292 22.47795 
23.28855 -24.23624 26.75631 
4.940861 88.71391 14.63808 
-7.847562 89.03664 14.96838 
-19.51573 3.334432 -0.6575344 
-3.814252 2.692299 38.53974 
16.50712 3.999647 -1.172487 
20.66788 42.17469 23.47748 
10.64974 36.2939 28.82965 
25.19534 4.856939 -1.445932 
-22.18762 5.856877 -1.150029 
-21.21144 4.820673 -1.277363 
11.90484 37.50284 28.20921 
-23.87337 44.60114 23.14249 
-4.148231 -2.448544 53.66823 
-50.23347 -50.16002 9.829067 
-24.88949 45.44931 22.7988 
-30.08613 6.872765 -1.087905 
18.39227 -50.80312 9.484589 
-22.89149 6.995635 -1.487537 
13.91142 -21.83543 18.93781 
-28.98455 7.918167 -0.5463412 
-2.378681 7.73929 -1.071653 
-1.098155 8.403928 -1.257159 
-41.5613 -53.49953 15.46676 
-5.036352 7.96498 -0.2969375 
-27.35969 9.291811 -0.6994883 
-21.07021 71.11356 27.55986 
-3.869813 6.666427 33.62493 
-26.2497 49.37128 23.24064 
-2.865113 -5.304396 55.77705 
1.724399 6.784999 33.23653 
-31.5869 -52.87717 17.51209 
22.56665 -23.21138 26.43981 
-2.637085 8.160956 33.28876 
10.36045 16.70174 -0.7017251 
11.14243 17.81754 -0.4031548 
-28.2182 52.96369 21.18363 
-11.69013 18.7803 -1.052878 
-29.56315 -48.49639 8.625483 
10.56662 19.67478 -0.7094215 
-13.42794 20.47845 -1.011539 
-10.95785 19.58065 -1.104321 
9.540681 20.94124 -0.9436998 
-12.41135 22.13149 -1.273526 
23.32032 52.85136 23.77327 
-12.80184 22.84774 -0.9875541 
8.229593 24.1054 -1.296173 
23.69206 52.6833 22.88079 
-12.21832 25.09925 -0.7283703 
7.378343 27.67309 -2.419499 
-1.233466 9.947985 32.28154 
24.58154 54.67907 23.3838 
-15.68883 30.82324 0.2763221 
24.91416 57.90044 23.76913 
-35.55447 -52.71579 15.37198 
-16.79238 33.86647 -0.3940422 
-28.20329 58.47899 23.58092 
17.45286 36.22228 -2.16076 
17.90819 37.76672 -2.200885 
-20.99126 37.72522 -1.113866 
19.1047 38.25432 -1.140283 
16.68297 -52.93956 15.35386 
19.40325 38.44818 -0.3759603 
28.93991 -53.1466 17.80592 
19.57813 39.97684 -1.85168 
-26.28357 45.95723 -1.633028 
27.87282 45.70978 -1.326494 
-33.15891 45.84317 -1.484591 
-31.22774 45.92097 -1.357281 
16.48765 -52.49567 15.13273 
35.22291 -52.18257 15.58793 
-30.15658 46.26707 -0.8553616 
43.17376 48.06435 -0.9387381 
43.60563 48.57332 -1.245943 
45.57264 49.90564 -1.873508 
-44.31839 50.91392 -1.851119 
-44.90651 52.01944 -0.9459873 
46.76617 52.50891 -0.912971 
-45.79111 52.14474 -1.334621 
-45.15785 -49.82409 14.96919 
-47.36916 58.35775 -0.9114469 
33.05561 -20.93896 18.65234 
23.62878 66.07749 22.48362 
-23.71134 -50.98195 17.06614 
22.26935 67.16093 24.00455 
44.87582 62.18426 -1.040608 
34.86116 62.73647 -1.405479 
16.52903 -47.88745 15.206 
-43.4248 62.99071 -1.213846 
31.13875 63.64294 -0.6542556 
32.83662 63.55324 -0.8960765 
-3.382874 31.43375 33.48228 
29.81701 63.43481 -1.875378 
-40.3285 64.79922 -0.7181699 
26.43074 65.72601 0.1935804 
-49.26163 -46.77343 9.610009 
35.57596 -48.83753 15.23807 
-34.92083 66.15713 -1.641746 
-5.218606 32.45396 33.41623 
-27.1831 68.26575 -1.020077 
-43.3796 -47.94937 15.47346 
19.74441 69.76021 -1.217887 
-24.95041 -47.80545 15.36504 
20.5684 71.07384 -1.023331 
-2.988991 32.49107 33.45366 
20.94407 72.12928 -0.6962381 
23.45827 -22.52095 26.13312 
20.07563 74.38763 -0.9661285 
-22.87842 74.77649 -1.236529 
17.74334 76.0126 -0.8153542 
-19.44771 76.90471 -0.7044536 
34.54399 -7.2231 9.367701 
35.26493 -47.4055 14.52367 
-16.29199 80.94086 0.1023016 
-15.05804 81.33292 -1.395432 
24.80544 -22.71728 26.42446 
5.232942 32.11965 33.21912 
-10.72868 86.45135 -2.044163 
-10.25814 86.69901 -2.353434 
30.95906 -45.56102 9.207668 
-47.17325 -45.25211 9.579029 
4.319222 88.16206 -1.108614 
14.832 -19.87686 17.88231 
-16.32152 54.63529 35.87657 
-5.373714 89.35339 -0.8575948 
-4.000751 88.96478 -0.4486489 
14.63036 37.98906 25.64738 
1.654571 89.64772 0.1506392 
4.914298 32.96116 33.5275 
-36.25952 -52.94909 -0.07461189 
20.80369 73.85574 23.51258 
-44.15698 -52.40983 0.3092063 
24.79574 -52.18212 -1.196817 
26.3119 -52.49593 -0.7618192 
-45.97113 -44.65181 8.458153 
-43.39412 -51.13707 -0.2097747 
-42.08809 -51.51825 -1.377759 
36.4507 -51.29413 -0.6783273 
-44.34239 -50.93882 -0.941349 
-40.03497 -18.91644 18.18689 
-43.62618 -50.35837 -0.2835992 
-40.70629 -48.85363 0.6989955 
8.701458 36.96273 30.62167 
-3.34939 66.46553 38.65536 
-20.87036 76.46398 22.56604 
-34.96944 -48.43287 -0.8981039 
-33.85906 -48.97512 0.6594822 
15.2419 -20.29088 19.37237 
-44.69858 -49.44821 -1.004874 
-42.12902 -44.20532 14.81379 
-48.34539 -47.72429 -0.9490504 
-39.2041 -47.75113 -0.7086055 
28.55114 -44.56827 9.295088 
-25.06443 -44.04423 15.57994 
-45.4605 -47.00079 -0.0179135 
-36.18059 -47.21061 -0.9273854 
7.783207 33.34914 32.8464 
-35.44279 -18.91744 -0.4243064 
-34.11181 -19.33438 -0.7604797 
-35.88102 -18.22445 -0.6802112 
-36.74427 -17.39129 -0.9455248 
-32.10435 -17.37679 -0.890717 
29.58049 -16.81165 -1.208561 
-35.20525 -17.49604 -0.451903 
-33.72174 -17.45197 -0.4898155 
4.29888 33.08092 33.14838 
-34.84882 -15.90881 -0.261251 
-1.191612 2.694776 26.06729 
14.83589 80.61891 22.91302 
21.85655 -43.9453 10.42583 
17.88514 -43.37279 15.98242 
31.77295 -14.96904 -1.263195 
-18.80789 40.68035 28.95872 
20.21908 -42.67643 14.59522 
-37.52143 -14.55989 -0.8296582 
-36.21197 -14.82435 -0.5129912 
27.90128 -43.0873 15.32971 
-40.24644 -42.85199 16.02355 
-34.3907 -14.67671 -0.629294 
-32.4701 -15.48729 -0.1347359 
26.86063 -14.42812 -0.502039 
-36.01345 -13.80761 -0.9123283 
-31.7262 -13.5555 -0.341026 
13.35701 55.0568 35.94004 
32.78704 -12.86106 -0.3364725 
15.34876 80.87304 22.69226 
20.26339 -40.99575 14.84117 
23.30476 -13.42034 0.05427513 
-25.79147 -8.531108 19.0246 
-41.4763 -12.67203 -0.5494109 
27.69195 -12.64672 -0.6363161 
-33.2017 -11.55131 -1.021249 
-31.5106 -11.67068 -0.3092288 
-13.83797 83.30234 22.45996 
28.76942 -10.66011 -0.6379861 
-42.29664 -11.61082 0.04670088 
23.56689 -10.58029 -0.9644974 
-42.33864 -43.94418 8.423814 
21.02351 -9.599991 -0.6355011 
5.68426 34.99162 33.55767 
4.456604 82.71281 28.64509 
10.79689 83.24721 23.93742 
-25.91657 -7.74106 -0.4980772 
30.27955 -7.120149 -1.106923 
9.121665 83.85758 23.19519 
19.56623 -7.002522 -0.6380941 
18.45697 -7.05249 -0.3193041 
31.39996 -7.100736 -0.5143117 
-25.70844 -5.682945 -0.9750115 
-24.12963 -6.090813 -0.5125058 
27.97794 -39.88158 15.77349 
6.552032 34.83323 33.64069 
7.001137 84.31638 24.06641 
-1.461279 67.31425 38.0448 
-24.53634 -4.301433 -0.7752539 
7.508321 85.18901 23.34974 
30.40987 -1.46223 -0.8650007 
6.243176 36.04839 33.01007 
5.788221 85.76443 22.81502 
28.96313 -38.38645 14.68102 
-20.49448 -0.9126986 -0.1645022 
16.5313 0.5233046 -0.7181417 
1.457131 66.50119 38.50161 
28.52661 0.09256805 -0.9358273 
-22.69878 -38.09208 15.50848 
29.74507 0.1158433 -0.4177399 
-20.91825 -0.1940315 -0.7107609 
6.971915 85.55886 23.32206 
-6.1631 35.99159 33.62613 
-4.675326 85.91614 24.44397 
15.68358 1.85661 -0.6442937 
28.44143 2.664807 -0.5525104 
-24.59208 -8.95184 18.20749 
4.923204 86.26469 22.7756 
-34.70965 3.564958 -0.9564663 
-5.193597 37.16302 33.18506 
27.01888 3.835419 -0.4846425 
-6.448714 37.3875 32.856 
16.04033 5.269928 -0.5751647 
-19.54228 5.546992 -0.2648951 
-32.99805 5.649378 -0.622591 
-20.74059 6.77366 -0.1910516 
17.83564 6.355001 -0.8250778 
-0.875139 87.26465 22.89634 
17.6143 7.561655 -0.7231419 
19.6283 6.949538 -0.7050915 
2.464699 86.92475 23.18399 
-21.81711 7.929862 -0.723203 
-4.246706 7.272816 -0.3741877 
18.80718 7.621163 -0.6708248 
21.62234 7.808229 -0.6480443 
-6.471163 38.27926 32.90118 
-2.992007 38.10135 33.40524 
14.10282 -35.73596 15.32393 
19.69826 8.44892 -0.7759141 
30.02329 -35.6494 15.78234 
-11.26594 0.7237142 19.19633 
0.4422883 9.625436 -0.8425847 
21.02108 9.492841 -0.3628637 
-0.9813309 36.99205 32.77518 
-24.66274 9.338638 -0.8584384 
2.205199 10.35233 -0.5876114 
14.11303 -53.2234 24.16317 
-8.250725 11.89072 0.2274702 
-40.60688 -33.43747 15.21102 
3.224566 12.05814 -0.2312489 
-5.521804 40.27381 33.62342 
9.946478 12.12727 -0.4597913 
-41.13718 -32.16692 14.99121 
-4.775724 40.21672 33.81485 
-36.43975 -40.58141 9.063681 
-8.89881 13.47125 -0.6285676 
3.286014 12.99389 -0.4631701 
27.19476 -52.79942 23.20351 
5.383079 13.86044 -0.6225032 
9.319887 13.4925 -0.708767 
9.17767 15.31322 -0.5077237 
10.51354 14.76527 -0.6843078 
-13.70167 17.28318 -0.3883051 
-12.23369 18.04096 -0.683013 
12.7283 -31.36637 15.19914 
-13.8564 21.2485 -0.7110353 
9.616394 21.90235 -0.6429773 
-41.10084 -31.59199 16.01076 
9.251143 23.98642 -0.08264914 
16.1513 -8.531617 18.58653 
31.07837 -31.19181 14.69914 
-22.92051 -52.39357 23.09212 
15.1634 54.56062 34.60521 
10.18971 27.69367 -0.4691758 
12.23598 -29.44401 14.73659 
-13.32522 26.68146 -0.07296842 
-12.92921 28.79225 -0.6156667 
11.69368 28.83994 -0.6127008 
-19.85995 44.0118 28.89516 
12.69286 -52.4931 24.61409 
-14.12583 30.08137 -1.031607 
-1.211116 75.45701 35.70403 
32.57288 -29.765 15.90542 
-15.75574 32.30926 -0.4623807 
-38.26265 -38.55136 9.39278 
-17.41364 -5.562124 9.929725 
31.81086 -28.78141 14.97274 
9.310111 57.4584 36.97601 
10.39539 37.11514 28.98107 
-18.12146 35.0453 -0.3455456 
10.05404 57.16368 36.53158 
14.88216 -34.16409 25.68118 
-22.06814 -27.59933 15.23682 
-22.34111 38.95039 -1.262254 
32.74116 -28.42893 16.68828 
-23.24495 40.13631 -1.264435 
12.54222 -50.13956 23.09016 
-2.14593 -5.154247 38.26684 
27.69975 -48.97615 23.5529 
25.16341 45.16724 0.3692181 
-39.16699 -37.3343 9.922961 
42.12997 45.92934 -0.8822315 
-41.39673 49.11308 0.02483908 
-8.711905 39.41597 32.97332 
11.84604 -26.31609 15.36399 
-7.998114 39.12494 32.58624 
47.48747 54.36042 -0.8881482 
-46.48716 55.10468 -0.4110023 
-3.207119 -5.743835 43.9838 
-46.28445 58.18842 -0.1173133 
46.93969 59.24969 -0.7402725 
-45.80223 59.99189 -0.5298833 
-45.37092 61.60492 -0.7363167 
45.66543 60.50678 -0.4474932 
-39.20261 -35.04076 9.24214 
-10.97442 40.10807 33.02424 
-23.74775 -49.24126 24.02177 
32.9504 -24.77099 15.48299 
38.75 62.43957 -0.4064057 
41.76585 63.04173 -0.3028888 
43.39297 62.96115 0.2125274 
33.46158 -23.56966 16.11183 
25.95932 -33.32431 8.961395 
-38.20856 65.74251 0.5021158 
-34.43068 66.46877 -0.5985919 
-41.67148 -21.88511 15.73467 
27.90107 -47.23896 24.07127 
21.09945 69.07215 -0.6926441 
-25.13425 -46.73593 24.09635 
13.30066 -46.8316 23.22423 
-26.20052 69.86308 -0.7984548 
-26.55148 70.75563 -0.3794396 
-22.50266 -21.57135 16.01856 
20.25778 73.15916 -0.003386912 
-25.06749 73.72952 -1.098657 
30.14371 -17.01309 18.57104 
14.08566 -20.34978 15.24221 
18.32892 75.33852 -0.8134213 
13.46732 -45.93061 23.97849 
-32.70081 -45.1377 23.50524 
-17.75841 78.11143 0.3339029 
14.20502 79.73964 -0.6726165 
15.76344 78.96739 -0.8318664 
27.04602 -33.71036 9.929137 
14.07429 81.23726 -1.01071 
13.65376 82.18589 -0.3873796 
-40.33883 -32.94072 9.186769 
-20.14985 71.92344 26.7413 
11.89773 31.46292 28.69872 
32.03685 -18.89949 14.83204 
-26.8183 -45.07887 23.51461 
5.537919 88.26286 -1.622713 
18.20694 -51.56689 10.89536 
17.88131 45.53132 28.97396 
-2.899503 89.64024 -0.7399306 
18.33298 -33.1526 9.48522 
-23.81635 -17.49145 15.0625 
-38.78479 -53.6771 -0.6668741 
-28.90002 -7.899331 18.29252 
19.48301 -33.56534 9.731236 
8.731082 40.56694 33.0117 
32.01608 -53.11468 7.543467 
24.69957 -32.92611 9.135001 
20.37429 71.19668 26.20327 
32.00507 -51.99419 -0.5478966 
-50.01228 -51.95734 0.1410062 
28.14071 -51.91917 -0.7798122 
-40.71334 -52.04481 17.29245 
-6.081115 8.365841 28.31688 
-49.66423 -50.09144 0.1784407 
4.257328 8.214329 26.53869 
-28.93926 -44.55832 23.48806 
4.482443 42.56372 33.73123 
-49.32666 -48.53403 -0.8510521 
-43.58714 -48.3125 0.7227416 
-39.91302 -5.066028 10.89102 
22.17645 -31.96484 9.05664 
-19.35515 72.63068 27.09022 
14.60338 -39.07433 25.50115 
-38.90824 -46.57452 0.1108363 
-35.11948 -47.54638 -0.05148175 
-46.57541 -46.65734 0.7186953 
-35.34195 -20.35574 -0.01233861 
-20.51319 40.78524 24.75769 
-36.48133 -19.41172 0.02407609 
14.9663 -43.91713 24.73061 
-5.017611 11.30426 29.96919 
-33.15261 -18.62249 -0.3052984 
-26.89104 -14.47209 15.29431 
30.3894 -18.9384 -0.07941796 
-36.8431 -18.29352 -0.766124 
-31.56186 -17.75294 -0.5275009 
-31.4121 -16.82185 -0.4036077 
27.68791 -40.58556 24.79954 
14.71559 -40.49716 23.56033 
-33.64418 -15.79044 -0.1539438 
29.00335 -40.88074 22.53468 
-36.40212 -15.83974 -0.07850994 
-38.93972 -13.98626 15.17035 
-38.83609 -15.02103 -0.3858871 
-37.48024 -15.50754 0.01800915 
30.03551 -12.31976 15.45878 
33.36866 -52.16573 17.39164 
24.82474 -14.13773 -0.2399111 
-35.7162 -12.55522 15.32181 
25.84813 -12.64199 -0.5421795 
-21.76061 -31.24322 9.263887 
-33.01842 -12.43562 -0.7695026 
21.80125 -12.75441 -0.09110461 
22.31668 -11.18425 -0.3561381 
31.84166 -11.08975 -0.4734503 
13.99175 -37.74809 23.76355 
-27.25427 -11.15431 15.54007 
-26.47714 -12.12204 14.92778 
-30.5107 -37.29076 23.20041 
-15.84225 10.75685 26.26753 
-42.25842 -9.060251 -0.2124687 
10.92875 42.45268 33.12896 
-29.41962 -36.45774 23.02505 
-23.61 -6.401972 0.1210697 
13.98625 -37.32627 24.46561 
-3.120073 -10.75915 56.36151 
-22.92168 -5.099926 -0.05553064 
-35.28266 -10.11343 15.27818 
-40.28688 -5.106325 -0.4494671 
-29.99847 -35.70984 23.27406 
-38.70909 -3.78072 0.3357926 
13.68368 -35.84011 23.08157 
12.92165 56.82781 35.69968 
-21.97271 -2.683033 -0.2557631 
11.24182 43.86466 33.90162 
13.74465 -32.24627 22.94608 
31.01139 -34.90344 22.53038 
-37.43359 -0.9996042 -0.2311434 
-38.0765 0.426973 0.2771986 
30.10233 -10.54652 14.61978 
29.38047 1.184518 -0.5513005 
-20.32898 1.19443 -0.4444411 
-23.02175 -9.993807 15.53214 
14.41304 1.116524 -0.2944348 
-18.72943 2.190677 -0.1846038 
-35.66865 2.44152 -0.3142193 
13.86126 2.206423 -0.2138881 
14.95944 3.53011 -0.4146172 
14.00098 -31.00654 23.38565 
-20.66954 -9.827971 15.20374 
28.14148 4.479942 0.3236544 
31.23397 -9.110353 14.38176 
14.81064 5.072021 -0.03793015 
26.27928 5.64046 -0.1626755 
-18.83286 6.689111 -0.1005918 
-33.11922 -27.72494 23.36531 
14.7079 -28.29718 24.4334 
-41.10775 -50.62548 17.33028 
-0.6136199 7.170965 -0.2514095 
24.18525 7.381973 -0.4835843 
18.59786 -16.41321 18.94054 
-19.5247 7.898295 0.1044901 
-20.55449 8.585265 -0.3616247 
14.71793 7.203781 -0.05934536 
23.41826 8.457609 0.1115284 
0.3183205 7.851219 -0.3199815 
-21.28016 9.027342 -0.44924 
31.46447 -28.42778 9.620303 
-23.05135 9.053301 -0.2698219 
-22.13251 9.918351 -0.01226988 
-4.863942 9.512221 -0.879476 
1.138716 9.458242 -0.1017676 
12.77126 -7.627197 15.17289 
-9.221047 9.130771 26.61221 
-23.95374 10.03797 -0.1757156 
12.60069 -6.949443 14.94143 
-27.47205 10.99992 0.5415355 
12.70053 47.2639 33.71612 
-22.81528 11.00268 0.1182117 
-36.67102 -5.610819 15.2775 
11.70589 -6.014885 15.34924 
14.16399 47.75283 33.28459 
10.42372 9.218795 0.1870396 
12.81055 10.77087 0.1203866 
8.46996 11.76287 -0.4450096 
13.40103 47.94074 33.76828 
4.672638 12.07072 0.1323163 
6.479919 12.57641 -0.1411712 
7.367937 13.99851 -0.4947212 
-11.88032 15.67141 -0.5336199 
-7.405554 10.04252 26.64623 
-35.41771 -14.80832 18.59894 
11.62358 16.19763 -0.6749138 
-20.62557 -25.82706 9.049385 
13.11553 17.09174 -0.2613594 
-14.6897 19.28942 0.01155528 
5.126532 10.00428 26.4444 
14.83142 -49.71475 17.88755 
10.20055 25.12882 0.291507 
28.96326 -18.72708 22.97247 
21.06162 -18.26819 23.13719 
-20.60093 -24.73055 9.53352 
-14.33209 29.1464 0.6148779 
33.41204 -49.3234 17.07253 
32.90532 -25.47133 9.777803 
11.42128 58.85976 37.03263 
13.88444 31.43112 0.7949208 
-12.54609 -2.264244 15.58301 
15.49663 34.10212 -0.1866194 
9.734186 -1.958158 16.68303 
17.33013 35.5983 -1.036999 
13.98528 50.36852 34.27147 
-6.327456 -7.145864 53.56667 
-24.06177 -2.068391 23.4553 
31.79918 44.8191 0.2328451 
-27.07583 45.87807 0.1509788 
27.54509 45.19306 -0.2402602 
-31.95227 45.57613 -0.7158825 
40.0032 45.60434 0.1889881 
-33.74899 45.81592 0.1478393 
-36.5105 46.41946 0.02440817 
42.79363 46.68464 0.007747337 
16.30346 51.75295 32.80475 
-39.55848 47.35302 -0.8125271 
43.75507 49.03932 -0.1902715 
9.062418 9.845063 26.57577 
18.7009 74.67699 26.3628 
34.2624 -22.39609 9.571257 
-10.45011 -0.08054882 15.52439 
21.21796 -3.117988 23.07625 
45.20229 51.32205 0.4404239 
22.38178 -1.870203 23.38094 
-44.57819 52.18148 0.1577765 
-45.3265 53.70679 -0.4238554 
-21.32606 -21.04611 9.951097 
7.891032 0.7632841 15.44253 
-46.32501 56.39804 -0.3811184 
-45.6192 55.20055 0.05258659 
47.16038 58.29075 -0.6046214 
22.23297 51.84115 27.71003 
-44.20602 61.25607 -0.1756934 
44.82965 61.49019 0.05151201 
15.35942 52.75013 33.62645 
43.81148 62.91711 -0.9792058 
40.19295 62.90635 -0.6870579 
-20.67236 -2.290903 22.89289 
35.22842 63.4388 0.6995692 
15.5993 -43.56356 19.68469 
-38.18264 1.33259 15.55806 
34.26775 63.80628 0.4541049 
-42.78484 63.00697 0.1478967 
28.27433 64.01749 -0.5443477 
-39.42611 64.98601 0.7849648 
-37.05097 65.78841 0.9754183 
22.99363 67.89282 0.7145454 
13.197 -5.75184 18.24463 
-26.85666 69.37466 -0.01373297 
34.10197 -21.6331 9.408838 
-22.59966 -1.526498 23.54726 
-19.61009 53.92819 33.09047 
22.21272 70.75381 -0.5352529 
23.14072 71.0759 0.06195003 
21.50145 72.10612 -0.2304215 
5.684989 2.512855 15.32573 
-25.78097 72.97565 -0.5340157 
-24.1012 73.69651 -0.1092171 
-19.48681 -0.5859993 23.98342 
18.72391 74.26651 0.04832292 
18.00055 -0.1108736 23.93051 
-21.16924 76.36243 -0.3470208 
-22.65145 51.80315 28.48412 
-18.10101 77.61544 0.6772329 
17.81495 76.41906 0.4752227 
-17.18995 80.02373 -0.3540248 
-14.74442 82.80117 -0.3492444 
14.82385 55.72163 34.46099 
3.129977 89.11581 0.06590614 
-26.37855 -1.097219 23.56522 
-25.13184 -1.441869 23.37464 
2.559521 4.101998 16.08317 
-37.19727 -43.61838 19.90372 
-2.131967 90.04577 1.238438 
-40.641 -53.50994 -0.2669324 
36.48937 -53.43876 -0.1142428 
36.11479 -52.72549 0.3689055 
-19.69348 56.1331 32.8398 
33.43739 -19.61477 9.251971 
17.17332 56.14206 32.65968 
-42.10446 -52.40276 0.3727693 
24.65644 -52.65408 0.7037731 
30.92489 -51.69386 0.4684782 
23.10153 -51.62186 0.5226257 
-19.50238 57.11338 32.84231 
16.71203 -18.94896 9.555021 
-42.49993 -50.99442 -0.1871394 
31.32542 7.862071 15.99314 
31.1081 -50.99257 0.1597355 
22.68564 -0.4719471 23.2447 
23.06883 -51.17999 0.3277652 
27.76048 -50.56848 0.2395547 
35.78994 -50.13586 -0.1126523 
-32.19141 -14.46237 18.16238 
23.87654 -48.32665 0.6080828 
0.3235694 6.8401 15.4087 
34.46147 -49.0301 -0.02458921 
23.96211 -0.2217157 23.29548 
-39.81092 -48.38247 -0.382462 
-47.6004 -47.44859 1.513126 
-40.24413 -47.25726 1.332967 
-36.10809 7.84728 16.9102 
-36.1436 -46.31328 0.6334355 
-19.23524 58.78262 34.06053 
31.96881 8.287413 14.78795 
-33.86449 -22.42263 0.5311435 
31.0542 9.394567 15.07791 
-37.67686 -21.74929 1.116514 
-36.87918 -20.35925 0.189802 
-36.39151 -21.29848 0.1623487 
-32.47964 -20.36695 0.2902462 
32.63037 -18.39137 9.520783 
28.82984 -18.45121 -0.1930153 
-19.94465 59.86041 32.9784 
-37.99812 -17.65427 0.2620533 
23.74498 0.863421 23.95303 
-42.50006 -17.65243 9.724048 
-30.83118 -16.79811 0.3702585 
-37.6977 -16.42408 0.3569724 
-39.25935 -16.05403 0.9738961 
-31.36865 -15.47026 0.3554275 
-39.67265 -15.66068 1.135579 
16.87032 61.45219 33.55604 
17.2201 -14.23239 17.29616 
-40.09828 -15.19751 0.9826189 
-19.14702 62.24018 33.69835 
-40.34111 -14.31429 -0.3883666 
-30.16998 -14.24643 0.4057294 
-29.64789 1.333379 23.3558 
-29.99911 -13.11446 0.4070654 
20.9149 -12.59523 0.1047831 
-28.04868 1.644824 23.65193 
-33.12316 13.95425 15.53578 
27.63074 -13.94338 18.24282 
-29.92926 -12.07867 0.5562885 
-28.98507 2.467561 23.59824 
-27.70853 -9.513295 0.4005961 
19.52995 -9.827307 -0.1344139 
-26.5651 -9.077008 0.7217283 
10.14613 11.16004 26.84986 
18.0395 -8.565248 0.894827 
-26.57005 -8.454532 0.05714784 
19.11992 -8.154404 -0.05565884 
31.07508 -9.06406 0.3570144 
-41.79951 -6.933711 -0.3019352 
-25.18611 -7.176538 -0.3176668 
17.33984 -5.277112 -0.3133433 
-30.36833 16.74552 16.30581 
-21.67056 -4.372652 0.09860016 
11.98431 10.14803 26.26336 
16.74384 -3.826965 -0.1959787 
13.98171 -3.170541 1.233319 
-28.67791 -7.038746 19.51887 
17.30606 -12.96287 17.24837 
-38.29008 -1.949959 0.1358412 
-27.61267 18.0297 14.65537 
14.59424 56.34635 34.48061 
31.50582 -1.609716 0.5393572 
-19.87189 -1.990823 0.1864484 
13.08434 38.35762 28.2445 
15.03479 0.1246847 -0.2635191 
-19.49597 0.1604354 0.3801981 
-18.28954 64.90466 33.61375 
30.36675 1.62821 0.9191698 
-18.10923 0.8750958 0.4959148 
37.02742 -49.21899 11.14764 
17.11514 64.81272 32.70026 
-37.76671 1.643003 0.3751896 
-36.65501 2.796415 0.3041671 
20.91542 43.87701 25.3238 
12.17916 3.425297 0.8272785 
-17.97985 3.769757 0.3271226 
-39.49057 -19.25725 19.29692 
-35.41542 3.764375 -0.1989512 
-17.45382 5.00578 0.3097069 
13.76075 4.14114 0.09807463 
12.70995 5.76963 0.2797277 
27.6192 5.570882 0.3269536 
13.68339 3.7183 23.75887 
-33.75109 5.961074 0.2039042 
-23.39775 55.43074 28.35862 
14.08629 6.103928 0.1090297 
-11.56194 59.16006 36.79699 
-30.98006 7.746631 -0.2172125 
-4.539121 -7.349165 51.28813 
25.02285 7.691024 0.488909 
10.67084 17.34731 26.1541 
15.86041 9.683229 0.5468104 
-29.91179 8.580133 0.2228951 
-6.258511 8.887821 1.148432 
16.66795 8.656394 -0.2425738 
-21.2287 26.66845 14.90756 
-30.66812 4.93116 23.52665 
22.82642 9.203889 -0.06424233 
-29.23328 9.573353 0.3249868 
-19.19354 10.69507 0.6056278 
17.73846 9.235848 -0.08669494 
-23.91579 -12.50692 8.070712 
-6.07664 10.24834 0.2716277 
8.874763 5.478398 24.22079 
5.817626 9.082246 1.144838 
13.58954 68.87113 33.92978 
-6.831194 11.12296 -0.08649511 
-20.73511 32.08613 17.03024 
8.662264 9.846169 0.07580413 
19.27268 10.06401 -0.1966493 
-23.80184 11.64163 0.3787448 
15.78845 -12.98559 9.171209 
4.489507 10.40428 1.028294 
7.764776 5.309374 23.46689 
-9.198523 12.34357 0.4241249 
-12.70767 5.953303 24.10165 
13.03511 69.71593 33.31144 
12.21852 13.252 0.02893061 
14.4029 15.44372 0.2472208 
25.25619 5.576957 23.27935 
19.70079 37.53295 15.63703 
15.42943 -12.01423 9.289823 
-23.62108 58.10078 29.56899 
25.38266 -36.34245 29.44047 
-12.95894 70.78761 33.6452 
-1.284062 -7.195922 51.2114 
10.16355 22.48527 0.4651933 
-13.33733 23.57008 0.1269644 
35.01794 -52.54595 7.967697 
-11.11964 7.4802 24.15971 
-15.12082 29.96855 0.3398635 
3.161322 6.019281 23.23683 
23.65894 41.26202 15.4896 
5.291376 6.701931 23.37559 
11.938 71.64462 34.05647 
-23.78086 40.49329 1.188102 
9.837253 58.88938 36.91774 
-23.78721 41.40839 -1.249872 
-21.75 -10.22929 9.819088 
22.00749 42.99245 -0.131521 
-14.1707 73.12714 32.43504 
22.65108 44.11423 -0.3098414 
29.70643 44.49552 0.5841038 
33.16287 44.56466 0.1675571 
-31.21816 8.150353 23.16877 
36.54381 44.8065 0.2410521 
38.46124 45.61888 0.2904171 
10.72333 74.19093 33.33274 
-34.65685 46.17034 1.087828 
-31.14746 45.72353 -0.5284808 
23.68683 44.5969 16.40952 
-30.07934 7.575944 23.74644 
-40.52233 48.08339 0.6499383 
-41.60633 49.57405 0.461082 
44.22165 49.70316 -0.1068087 
-44.58878 53.37778 0.6853589 
-45.20779 54.68486 0.3402447 
-28.01482 48.058 14.77333 
-8.78163 8.387609 23.37243 
-7.922295 8.000299 22.90343 
-45.08297 56.44034 0.3845914 
46.37193 58.43368 0.4494592 
-45.1146 58.74841 0.1618576 
27.1101 -10.65191 18.17397 
-43.1775 61.53517 1.079172 
36.71549 63.11557 -0.03543685 
-40.73214 63.81898 0.4228967 
-34.86207 8.475709 19.15856 
28.46098 51.24296 14.84899 
-28.25604 66.35599 -0.3432119 
22.30858 68.46432 0.5153543 
22.88365 10.64639 23.35041 
9.560984 74.8112 33.19976 
22.91394 69.96274 0.2804269 
28.95725 51.85477 14.88474 
21.62846 69.44276 -0.1760556 
29.31542 53.97736 15.39921 
24.04067 9.612665 23.47651 
-26.47264 71.64603 0.0622575 
-25.65652 72.36194 0.6977114 
22.58191 72.30112 0.6388513 
-22.74835 75.18524 -0.1754139 
-9.571195 75.66453 32.92999 
-17.35636 79.3041 0.1710532 
12.41941 -6.416612 8.837706 
28.38123 53.54666 15.76476 
18.99326 11.0184 23.33088 
31.14994 53.99314 15.06074 
9.852674 85.84193 0.8451586 
-11.83343 86.12462 0.2089097 
-29.36704 56.50968 15.15406 
29.26185 56.74785 15.35173 
-10.46981 86.80578 0.4450757 
4.229536 88.37824 1.221084 
6.203763 88.13533 -0.6370361 
-28.43284 11.19945 24.02183 
33.33867 -53.69539 0.6337992 
31.24226 57.69665 14.76476 
-34.8541 -52.81608 0.3762416 
18.14773 12.20685 23.39578 
32.2002 -52.69492 -0.1069222 
25.0379 -52.84997 1.735147 
23.36512 -52.19785 0.7764788 
27.12704 -52.27659 0.1796853 
-29.50624 59.15732 14.65389 
6.040916 75.79827 33.41394 
36.17293 -51.5132 0.1584021 
-33.1555 -51.09886 1.108309 
-5.398806 -12.19586 56.22782 
-33.48437 -49.9199 1.038062 
28.17686 58.30431 15.8836 
-26.51029 13.25382 23.24653 
-42.81612 -49.6637 0.5842209 
-48.60506 -49.5595 1.93228 
32.53091 -49.41648 -0.001799379 
22.33463 49.52642 24.98037 
31.10957 -48.67495 1.416207 
-11.00977 10.05506 26.18632 
32.07036 -48.20205 1.489096 
-42.88606 -47.83013 1.464385 
-34.30186 -46.73338 0.9217368 
26.95033 62.51745 16.29518 
-29.9432 61.39218 15.58902 
-34.93277 -23.31052 1.143571 
-33.44364 -20.95619 0.2998874 
-30.04518 -20.65379 0.525993 
-40.6576 -4.524072 9.703178 
-29.73612 -19.59671 0.4243043 
-28.40095 -20.00304 1.258667 
29.51224 -19.63284 0.9449541 
-31.55766 -19.1264 0.5999112 
15.73208 -47.95253 16.79144 
-38.05402 -18.48844 0.535351 
-30.60489 -17.97858 0.7855535 
-29.6513 -17.72659 1.240763 
26.22834 -16.26486 0.01147234 
33.50163 -17.64678 1.710954 
-29.42959 66.20196 15.3814 
33.46836 -15.61918 0.5660698 
-29.83794 -16.53237 0.7872667 
-30.03233 -15.3946 0.8427833 
24.55115 -16.16265 0.3799903 
34.04841 -12.72836 2.020759 
-2.723538 78.75267 33.81606 
20.45292 -11.12294 0.06436131 
-49.91232 -47.86727 10.3704 
-42.56203 -11.45127 1.461942 
1.357414 79.61375 32.99009 
31.92385 -9.430308 1.581551 
16.19085 -6.690135 1.097019 
-40.85749 -5.579495 0.7949314 
-39.61859 -4.464544 1.405491 
-22.09021 -5.149203 0.6709952 
32.21696 -5.172552 0.4481485 
1.840827 4.626141 17.35678 
-20.74698 -3.671772 0.588675 
31.72696 -3.799166 0.4500438 
-4.714484 -5.096354 40.6903 
-1.176492 79.32296 33.26459 
-39.2528 -1.111247 1.593194 
-18.5835 -0.8220482 0.8837401 
-18.09312 -0.4577063 0.9439515 
30.60878 0.3935779 0.8824657 
-3.12898 -3.900851 34.78004 
11.524 4.858345 0.8369122 
-1.617165 -4.645263 35.06411 
-26.57314 -47.67517 12.38122 
-36.95795 4.46098 1.139395 
29.22692 5.07451 1.670739 
-35.13525 5.243034 0.7328949 
-34.32201 6.765434 0.6891546 
-16.66985 7.779351 0.8287388 
11.98799 6.924553 1.00948 
26.61716 7.787379 1.02926 
-2.459705 2.707264 39.52529 
-5.091227 7.106296 0.8139085 
13.35141 7.915331 0.9976645 
-32.64212 8.575986 1.180431 
11.74697 7.658068 1.009238 
27.95911 -8.657903 17.98447 
-32.08685 8.033694 0.7609828 
9.340729 8.040797 0.7336833 
24.45131 8.625937 0.9183886 
-18.12752 29.53853 23.84882 
14.19941 8.446779 0.6738854 
-18.44197 9.228292 0.6277432 
13.40154 9.240309 0.7216505 
-16.34572 83.62859 15.00545 
23.95168 10.07033 1.114384 
-15.14657 9.907897 0.9762134 
-4.05722 -0.9135275 33.35039 
-18.50224 31.59066 22.81433 
16.50624 32.27722 23.64192 
-20.7551 10.8288 0.5287731 
-17.00258 9.986547 0.6112813 
-18.64054 33.32045 23.97141 
2.862424 11.02115 0.250157 
3.114942 10.38284 0.9896303 
14.601 11.79364 0.2856264 
18.15743 10.90154 0.7002993 
-26.8305 11.4867 1.376315 
-20.0118 11.2419 0.6422133 
-17.59855 12.68465 0.6204989 
-15.02112 11.38074 0.7987136 
-9.05021 11.19303 0.7461729 
20.63823 11.14291 0.459709 
22.10285 11.08438 0.6920186 
-25.21008 11.22825 0.7418184 
2.697644 -0.2425306 34.26007 
-21.04067 12.25517 0.9241164 
-10.53345 13.09527 0.2981724 
-27.70753 -8.541142 18.24736 
-17.24815 35.08679 24.65952 
16.39173 12.02127 0.806012 
-11.59129 12.92685 0.5086696 
15.8785 13.97222 0.5517992 
-18.63295 13.51998 0.7820762 
-13.27234 85.73679 15.33697 
9.675571 86.08598 15.76028 
-16.0473 15.34144 0.3300139 
-14.0476 16.22348 0.4456236 
-15.43005 17.41476 0.7142668 
6.206882 3.047642 9.109265 
12.13815 19.14986 0.7044768 
-14.88609 19.97148 0.2653271 
-30.64892 -52.46087 6.857708 
11.30344 20.79255 0.7380102 
-12.73139 11.86604 26.69193 
-10.7879 61.9218 37.72709 
-14.46453 24.79409 1.066665 
13.5962 60.00771 36.13731 
5.242653 87.5465 15.87185 
-3.429606 52.51146 38.87399 
-23.44605 -9.338387 17.80631 
12.01979 27.89952 1.018046 
-22.7025 -8.167006 18.19792 
36.35646 -48.264 10.27976 
-17.5189 34.00705 1.297279 
-19.73419 34.76198 0.4174967 
-18.73197 34.66035 0.7384716 
-4.087168 5.720038 34.49918 
-20.21618 35.13945 0.8283164 
-17.96846 34.64851 1.070628 
16.50953 35.15935 1.449328 
17.58779 35.93975 0.3886381 
18.10893 37.24977 0.3031502 
-20.07552 40.39226 23.92874 
19.16679 37.98779 1.165418 
19.77304 39.74911 0.2155963 
-8.85655 3.816489 8.993108 
20.99768 40.7976 -0.1625031 
-25.1081 43.87949 0.2139456 
22.29092 43.10367 1.253925 
0.1894026 88.86322 15.72846 
28.22016 44.81023 1.031437 
3.271046 89.26027 14.66976 
27.0039 44.77709 1.720995 
34.81587 44.98301 0.07820568 
35.48727 45.13017 1.619942 
-36.6903 46.27526 1.645997 
-28.09005 46.37513 0.6746811 
43.10583 46.62403 1.389734 
-38.48284 46.9555 0.394438 
-43.46578 50.79046 0.3357905 
-4.937365 89.65942 15.11364 
44.3543 50.44337 1.00513 
45.58478 54.00552 1.732906 
47.27444 56.31017 0.2205219 
33.57541 -53.89911 15.92632 
-12.65819 62.87694 36.92206 
45.45832 59.79748 0.3576986 
-23.98154 46.073 24.01662 
-0.04088184 8.131426 33.22734 
21.69773 45.56935 23.6368 
-41.51218 63.08032 1.020096 
43.63788 62.42972 1.320267 
-40.21217 64.25747 1.173305 
-38.29749 -43.02378 18.64063 
22.8578 46.68587 23.05531 
-31.98518 65.88996 0.1060073 
33.64022 5.70223 10.46587 
23.82969 70.2105 1.307078 
23.54643 71.25211 1.057892 
22.72059 72.19685 1.175955 
-23.80032 74.13957 1.429575 
18.23183 75.33109 1.049058 
-1.330869 7.996017 33.81152 
-17.79293 78.15248 1.038439 
-15.7193 81.10928 0.5330608 
12.10713 12.87306 26.36662 
-14.66761 82.96016 1.262711 
-26.1338 50.58917 23.99407 
-9.859125 87.96201 -0.2538096 
5.45264 88.52705 1.643818 
31.82558 -53.35853 14.66924 
-27.68978 54.13277 23.18873 
-36.96542 -53.66294 1.315027 
-34.31391 -53.70129 2.118498 
-22.97052 64.61931 29.09264 
35.76545 -53.75391 0.6987696 
-49.14504 -53.11745 0.3756033 
-43.62334 -52.97033 15.64679 
-41.56618 -53.20023 0.9286694 
-43.07473 -51.99008 0.856337 
-37.90895 6.984651 9.611282 
35.60941 -52.33659 1.674115 
-34.01895 -51.29363 0.1848729 
-34.25857 -52.60637 16.44771 
23.01278 -49.65675 0.8304584 
27.23056 -50.09857 1.220628 
-42.23426 -50.20994 0.4757034 
-26.76347 55.53965 23.94088 
26.8148 -48.48805 0.6084094 
-22.11184 65.46225 29.39264 
34.33662 -48.65823 0.7950866 
-40.44148 -2.056694 10.89117 
-45.29504 -46.5653 1.077586 
-33.97112 -46.42447 2.405284 
-36.24335 -23.65958 1.206489 
-29.53949 -23.65813 1.067446 
-28.89362 -24.11468 1.065703 
11.39261 12.80008 26.53931 
-28.00264 -22.41524 1.390279 
-36.14067 -22.77458 0.967141 
-32.71324 -22.29407 1.193491 
-44.07666 -51.36354 15.68296 
-29.80185 -21.95116 1.330029 
24.26402 61.53658 24.32501 
-26.71202 -21.17237 0.9887742 
-24.5952 -51.33142 15.92292 
15.85214 -50.60426 16.17427 
-25.89687 -20.83435 1.328468 
-38.27311 -20.526 1.380566 
-31.69527 -21.18264 1.226396 
28.16243 -19.40839 1.088282 
31.8505 -19.4831 1.779709 
24.61333 -19.27497 1.582569 
33.0509 -19.06126 2.721103 
32.71996 -17.51428 0.505947 
-39.48312 -17.56908 0.8462988 
24.07527 -18.30021 1.242582 
-4.173863 -8.928448 57.57414 
-24.28235 -45.25061 17.65273 
23.51929 65.43644 23.292 
5.769686 33.972 33.72253 
-31.3553 -6.429903 19.17073 
-24.50117 -49.91625 15.78262 
-7.47499 34.92387 33.42451 
-25.3865 53.94252 25.29918 
-5.161381 34.17134 33.95985 
22.81022 65.85567 23.74977 
-3.927542 34.03784 33.91037 
-32.1534 14.43574 10.10825 
-41.88312 -13.58401 1.110363 
-42.86591 -49.12952 16.1362 
19.91677 -12.54381 1.2862 
-30.64086 -7.526779 18.53053 
22.59947 54.12977 25.64112 
-42.12309 -8.371733 1.424198 
-25.56133 -8.120556 1.191695 
32.4796 -7.049758 0.7984187 
-41.64168 -6.378643 1.339954 
23.22393 68.87151 23.22849 
-15.77301 12.38788 26.39983 
14.98829 -4.559373 1.4583 
33.11866 -4.034084 1.695858 
-38.64585 -3.225601 0.5703729 
-19.13963 -2.526209 0.913561 
33.06944 -46.68265 16.34017 
-4.647387 35.43329 33.93904 
33.20094 -2.794952 1.633082 
25.34771 16.71321 9.013687 
32.75406 -0.7166004 1.875043 
-18.2777 -1.332679 1.618949 
-11.74806 62.69312 36.82321 
-11.30025 62.99217 36.94264 
-41.22174 -44.12029 15.94974 
15.22385 -40.8914 20.25893 
-16.36086 1.287011 1.548351 
-21.21269 -7.643465 18.72598 
-0.8009681 3.011712 39.43801 
-17.40099 2.957955 0.8420331 
-24.3476 -45.40657 16.04949 
-16.40835 3.818207 1.033743 
11.03276 3.168686 1.529568 
15.5404 -7.672432 18.91717 
35.0712 -48.0533 10.24525 
-3.573471 6.121487 0.7579463 
-1.841594 6.168691 0.3619765 
-35.80133 5.707169 1.612176 
29.59422 -44.3379 15.58655 
-24.75823 -43.24443 18.3137 
-0.783522 38.83246 33.39952 
-35.37704 6.9881 1.733731 
-15.59359 6.338213 1.185453 
27.7352 7.99622 2.140164 
21.35021 -34.80016 10.83244 
1.047416 8.002677 0.6484271 
20.35015 67.7196 28.56536 
10.78595 6.873549 1.507591 
-21.25248 74.6794 23.99782 
-15.41427 8.147253 0.9373526 
-53.0088 -52.1079 7.168001 
11.15428 62.92546 36.89812 
25.79192 8.995012 1.616399 
28.10507 -42.89836 17.3162 
27.15889 -42.04372 15.86616 
-1.367512 40.82795 34.13528 
-6.50038 9.516606 1.103155 
1.830984 9.435995 1.563902 
2.054494 9.941799 0.8425506 
-24.16223 -41.3358 15.7286 
18.86355 -41.23293 15.42744 
-13.4009 10.21432 1.241927 
-11.07641 10.92718 0.8644977 
19.3363 11.61248 0.8626352 
-24.86234 12.99262 1.583664 
19.9993 12.2594 1.142854 
-21.96521 13.56861 1.576743 
16.89007 12.50967 0.8976673 
17.29878 13.33638 1.32841 
-16.5146 80.78735 22.86867 
15.61163 15.71577 0.6670836 
15.89989 80.04627 23.75773 
-17.57568 16.84234 0.7724258 
0.5723186 40.03072 33.79544 
-15.01723 17.57625 0.5479399 
15.84282 17.58433 1.171456 
-24.76209 -41.03741 18.85094 
14.95568 80.03725 23.71303 
-15.76933 18.48328 1.16598 
-15.54767 21.85055 1.529705 
11.86683 23.22189 1.519418 
-32.12466 -6.715574 18.27939 
-8.892904 40.55585 33.96358 
-7.864439 41.36585 34.52632 
-22.76451 -39.77228 16.35224 
12.78366 82.51241 22.91611 
-22.06136 23.13633 9.66183 
19.62228 23.38073 10.68974 
-20.32873 36.23415 1.41091 
15.30625 -38.30989 27.26489 
18.34562 37.18203 1.03324 
14.67253 -6.740576 18.58608 
-11.3469 63.64682 36.73105 
30.13477 44.62407 1.613696 
31.38833 44.85786 1.281372 
34.31871 44.48851 1.846334 
37.0803 45.14819 1.51392 
17.98284 70.97958 28.67243 
-29.3162 46.12331 1.454494 
41.99282 46.22235 0.5985147 
43.658 47.46932 0.9586513 
-43.89014 52.17911 1.168369 
45.62099 55.65089 2.117117 
13.67747 -34.9463 16.34238 
-44.14515 56.45099 1.896958 
-44.43214 57.88507 1.530101 
-45.18402 57.79508 0.3369693 
45.6642 58.2154 1.312526 
44.83009 61.26649 1.678663 
-40.22679 -34.97972 15.95673 
-5.700711 86.18835 23.00573 
40.16725 62.32073 2.533097 
42.05275 62.62699 1.363065 
-40.52612 -33.77192 17.31397 
25.26806 66.63663 0.5318874 
-27.47876 68.11618 1.276656 
22.98129 68.55042 1.333417 
-19.90192 29.19019 10.20538 
20.98175 72.63169 1.03721 
-24.48678 73.08074 0.7983018 
19.52673 73.60481 0.6593911 
17.92669 75.79643 1.987874 
-21.97421 -30.7854 15.44572 
-19.96061 77.25491 0.8953134 
34.26834 -47.24285 10.84831 
14.38112 79.45358 0.8707263 
-16.86123 79.76035 1.05582 
-15.08853 81.55301 0.6254103 
10.69707 84.17683 0.4138089 
-12.72833 85.29052 1.586324 
-41.38707 -29.60576 15.45789 
-11.76852 41.60837 33.99194 
-0.340379 90.09879 3.993756 
-40.67391 -53.68017 1.220691 
35.24726 -53.46084 2.221376 
3.173427 41.48833 33.967 
-43.28862 -52.79734 1.590967 
12.0281 -29.22669 16.53211 
35.93308 -52.99426 1.929829 
17.65812 31.83282 9.902178 
-48.80345 -52.68594 2.131097 
-49.5492 -52.34607 1.37989 
-33.06811 -52.4081 1.678777 
30.12216 -52.51323 1.950199 
11.89828 -27.94801 15.16925 
-49.7592 -52.04967 1.033102 
-32.90443 -50.86972 1.614292 
22.17227 -52.11263 2.901821 
-25.17954 -53.5807 22.84842 
-24.93103 -52.99709 24.44677 
-42.11773 -28.36597 14.53366 
29.51195 -51.27918 1.873133 
35.52993 -50.40921 1.430608 
18.91072 -52.77147 22.90377 
26.60776 -48.93464 3.270346 
12.1176 34.21356 29.79388 
-41.15451 -48.78342 1.192875 
25.52509 -47.68284 1.873038 
33.39609 -48.03437 1.764379 
17.95992 33.99774 9.087285 
-41.73579 -27.00488 15.14938 
-41.07601 -46.99575 1.845237 
23.93043 -47.76129 2.037268 
-43.84967 -47.04851 1.598425 
16.81133 -52.77514 25.27476 
-38.25004 -46.12633 1.096408 
-37.60688 -44.88321 1.769775 
8.442524 52.54452 37.28051 
-21.91134 -26.22788 15.57238 
1.135722 54.24517 39.18068 
5.507 42.07823 33.36119 
-34.59608 -51.93594 23.05889 
-12.6641 63.95042 36.77938 
12.25119 -25.95738 16.30209 
-36.5063 -24.68652 1.920653 
-35.6008 -24.85691 1.810588 
-35.02592 -24.24072 1.490128 
-34.11193 -25.17516 1.513784 
-33.27608 -25.24541 1.663651 
-33.82094 -23.56349 1.419157 
9.81173 15.89511 26.61104 
-23.35359 -51.67523 23.69905 
-37.36622 -22.53949 1.515896 
-32.15118 -22.91455 1.358152 
-30.54259 -23.22021 1.417828 
33.16581 -25.35323 16.79547 
5.09835 43.0175 34.05166 
-39.51472 -22.10201 1.489401 
-28.5981 -21.34995 1.336561 
-34.08793 -51.00392 23.75422 
-39.08821 -20.45408 1.773356 
-23.69475 -50.95478 23.80795 
-26.7857 -19.75641 1.201786 
27.33316 -17.80197 0.2897373 
-26.02417 -19.49513 1.581226 
-28.3969 -18.75046 1.796937 
26.79834 -51.90277 23.64321 
12.01009 16.16896 26.48531 
15.55131 60.3383 34.81448 
9.354628 43.349 33.86031 
-40.5839 -16.29746 2.058979 
-29.06219 -16.66911 1.361411 
22.67776 -14.4705 0.4839893 
33.29685 -20.86621 15.32152 
34.31349 -15.19261 2.785984 
21.4581 -13.75215 1.108876 
-28.45354 -12.41114 1.342211 
18.90935 -12.65014 2.122763 
10.33987 17.6285 26.39949 
19.06411 -11.38908 1.486318 
33.43689 -11.03424 2.442039 
9.816933 63.04869 36.78381 
14.23522 -20.54436 16.8324 
-17.98772 73.19592 28.06937 
-22.91946 -20.53501 15.94348 
33.59846 -6.763927 2.075253 
-26.73978 57.43717 25.05683 
33.58625 -5.403829 1.775641 
-24.5449 40.65931 10.18093 
15.25829 -18.70119 15.72884 
-19.14195 -2.55467 1.833791 
-33.81017 -46.69583 23.50104 
13.11289 -0.9935302 1.269669 
19.92381 -36.28295 29.7775 
12.04195 0.04858914 1.472569 
-39.34277 0.2149604 1.935601 
-17.00438 -0.2459378 1.64715 
12.99273 -47.65716 23.603 
32.03553 0.4986015 2.005406 
11.47635 1.494742 1.447636 
31.76664 1.567315 1.907839 
-15.84689 40.07239 28.73011 
17.98674 72.92042 28.34845 
-37.70406 2.924316 1.450646 
31.08624 3.538763 2.080983 
-15.20459 44.99117 33.6601 
-15.52805 2.563 1.48409 
-26.65378 42.75601 9.103803 
29.72708 3.64396 1.313477 
16.22693 -17.8082 15.35284 
-14.08309 5.575012 2.151633 
-36.89479 5.00973 1.783757 
30.89247 -17.40831 16.07492 
-27.22791 44.05923 8.623621 
16.0129 76.02188 27.62755 
-34.92642 -4.700746 17.96044 
30.77502 -16.77903 15.51881 
-31.83541 -45.1382 23.76276 
-17.79219 -5.086163 18.87746 
-5.947012 7.494167 2.428612 
0.1206832 6.413198 1.665683 
-0.3605143 54.5695 38.85409 
-4.997512 46.31866 37.57117 
1.018642 -4.276378 44.30325 
-11.35543 64.98255 36.37186 
1.79267 8.431303 2.376599 
-24.27382 -42.41179 17.94672 
-30.87282 8.838741 1.256394 
-13.82559 8.294696 1.432771 
-12.16651 8.236059 2.03095 
11.30109 46.67984 34.59349 
-9.036017 9.057618 1.566832 
-31.56013 -44.34876 23.10885 
-7.589353 8.569386 1.887894 
-31.56031 9.258517 1.744123 
24.21952 56.24759 24.91126 
-29.37049 -45.23689 24.31565 
2.542201 9.040173 2.114231 
25.41158 10.14335 1.642562 
-30.94979 10.51105 1.858582 
-37.00267 -13.6967 16.0453 
24.23369 11.94675 2.17426 
30.71584 46.54759 10.02399 
-20.98084 14.64198 1.740795 
9.783615 64.26776 36.61766 
-19.03147 17.324 1.542289 
14.14714 19.22681 1.102663 
-16.26423 19.23531 1.802331 
33.26707 46.59429 9.499385 
-27.63026 -12.29424 15.583 
13.88607 28.96062 2.217822 
-16.7875 30.55361 2.282871 
29.74494 -37.57193 24.21749 
-17.03638 32.68931 1.203048 
-24.1388 -41.25682 17.68253 
-18.25813 34.32679 1.940105 
15.94858 34.30117 1.429612 
30.62213 -36.50191 23.25262 
18.09097 35.8959 1.246238 
13.91002 -36.11581 24.57351 
-20.74083 36.92079 0.7617376 
19.36431 37.44377 1.840732 
-3.851065 83.63726 28.54299 
21.66405 42.31828 1.685791 
-24.55134 -11.02638 15.45927 
24.79895 44.81624 0.5902542 
-29.2219 47.08774 9.693452 
34.8419 47.67983 9.830619 
14.46598 49.2567 33.41273 
-24.29424 -10.57953 16.28917 
-32.71381 45.85656 2.766909 
-31.87543 45.60774 1.04276 
-34.50383 46.22585 2.068855 
-28.85929 46.31692 0.7847863 
39.02617 46.35646 2.074301 
40.84913 46.51886 2.198138 
-38.21997 47.24569 3.029513 
41.50785 46.50087 1.261793 
42.71377 46.70992 2.106708 
29.58784 -40.10759 19.17063 
-17.99111 49.63327 33.80032 
-30.46138 47.786 9.674552 
-40.13195 48.06649 1.617643 
-42.42494 50.68007 1.392493 
44.7807 51.70736 1.407279 
-4.17805 54.06739 38.99615 
-44.056 54.17963 1.939803 
-44.63773 55.06192 1.649791 
31.41221 -29.05765 23.37871 
-39.50503 -41.58157 17.31117 
14.93228 -9.247384 16.14622 
45.1477 60.3742 1.992669 
-12.47725 65.18145 36.44652 
-41.92177 62.01085 1.724696 
38.50019 62.7802 1.803584 
-23.09603 -40.5427 16.54098 
36.58709 63.14597 3.187995 
-40.68412 63.87258 1.768321 
-33.77634 49.53377 8.986483 
-27.35871 57.14762 24.51627 
35.04515 63.86576 2.392347 
29.73056 -9.218072 15.9326 
33.1247 64.3912 2.696539 
-38.50512 64.41289 2.904663 
37.63316 49.34229 9.315145 
29.17462 64.59044 1.2802 
27.74434 65.3004 1.798474 
14.66302 -25.8366 23.35106 
-33.73104 -8.955427 16.31889 
-36.42007 65.9017 1.962012 
-34.33858 66.27345 1.422552 
-32.28504 65.98369 1.36109 
-30.0625 65.99387 1.973267 
32.67355 -47.5094 10.367 
-16.38516 74.94398 28.19924 
26.23434 66.9047 2.197825 
25.17247 67.57685 2.190713 
-27.90053 67.7818 2.099212 
23.67556 69.67831 1.25232 
-27.74785 70.27593 0.7243548 
25.09656 69.6161 2.36574 
-15.63397 20.42125 25.85111 
-27.47368 71.31702 0.8505608 
23.66067 70.79423 2.25342 
13.5414 -8.22319 15.86506 
-35.38984 -8.829795 15.3203 
-19.50926 55.21284 33.71987 
-19.19809 77.18253 2.008129 
-33.7629 -3.506016 18.84595 
15.75552 78.85056 1.188738 
21.54982 -21.9259 25.64151 
-17.51114 79.72117 1.973622 
19.07963 -52.18044 7.029314 
-14.60839 81.94183 1.932271 
16.76661 -23.2619 23.96582 
11.65632 83.86787 0.6884699 
-12.15507 85.63249 2.088276 
30.5601 -23.44284 23.95214 
-18.64765 -7.43569 16.21011 
-5.298708 89.68051 1.399918 
-3.986009 89.4038 1.761157 
-40.0382 -53.82685 2.064815 
-37.51397 -53.77609 1.92366 
16.84246 57.42877 33.78053 
-37.43645 52.62583 8.832748 
-55.36277 -52.29378 1.996566 
26.68714 -52.16184 2.086319 
13.0532 -6.674415 15.91545 
27.67957 -50.89618 2.865679 
-15.66502 78.48366 26.62535 
-15.29648 -5.434395 15.5205 
30.0485 -49.73627 1.868989 
-35.36046 -2.83687 17.67456 
38.07339 52.90518 9.897366 
19.78893 -20.3861 24.36535 
22.73384 -48.28867 2.758399 
28.87876 -20.22839 24.089 
-14.90884 -4.825624 16.22526 
-45.96128 -47.02186 3.188899 
-42.92212 -46.62847 2.226067 
-3.00122 -10.45463 55.53556 
-41.79909 -46.27914 2.139567 
-39.17493 -46.26474 2.361907 
-34.94683 -45.95718 1.151568 
27.56639 -19.22829 23.73529 
-36.2056 -45.65317 1.539903 
-30.09896 -27.45978 1.96812 
-28.4891 -26.66975 2.183715 
-34.26165 -25.75645 1.706311 
-29.66917 -25.79647 1.953926 
10.65139 -3.89675 15.75987 
32.43912 -3.441256 15.49362 
-6.634625 -4.975159 51.9326 
-27.94384 -25.81252 1.963858 
-32.15989 -25.10415 2.149425 
-37.38875 -1.966018 16.16794 
-32.43219 -23.88161 1.905561 
-31.23927 -24.22715 1.970951 
-25.52767 -24.02645 1.895455 
-38.88862 -22.98709 1.602754 
-39.3852 -23.09879 2.171617 
24.77929 -18.80357 23.80495 
-25.97389 -22.49212 1.726562 
-40.02436 -20.94296 2.702315 
10.39844 -2.842308 15.79414 
-24.91672 -21.00675 2.533664 
32.36922 -2.79048 15.78051 
26.41433 -19.41545 24.6549 
24.46815 -20.23203 2.409196 
26.95876 -20.03065 1.889065 
-23.31596 -1.048361 23.75724 
23.10394 -19.10202 2.177338 
-37.40462 55.03174 9.400278 
38.72985 55.84204 8.981461 
-24.53609 -0.3661686 23.73873 
-27.63352 -16.79909 1.963003 
21.56797 -15.71062 1.607912 
-38.22571 56.92993 8.616769 
-40.79948 -14.70788 2.235568 
-36.43953 58.2724 9.734688 
38.76849 57.16895 8.942286 
33.72657 -14.40586 0.891315 
-27.14258 -12.24135 2.485901 
-28.77381 -11.79269 0.9870775 
-37.83828 -0.3967169 15.80116 
11.82745 -2.729048 18.50001 
21.11675 -1.163027 23.53944 
17.35257 -10.58582 2.412215 
-27.13004 -10.20278 1.284349 
18.32002 -10.16049 1.137372 
-25.80238 0.3024878 23.98603 
-41.44032 -6.90524 2.452622 
-24.53659 -38.44675 19.92565 
-24.26796 -7.131759 1.483083 
-22.68986 -5.590449 1.760754 
-40.38745 -5.772793 2.42691 
-39.95803 0.983183 10.34819 
-22.04394 -5.149792 2.129388 
-39.65462 -4.26883 2.018799 
-20.64858 -3.758723 1.928817 
-4.009385 4.251778 26.41481 
13.11038 -2.967018 2.487485 
-18.21137 -1.296688 2.671566 
-9.148916 1.625361 16.56086 
-39.25168 -39.37153 16.97514 
-15.55483 77.72753 27.5896 
10.51902 2.218451 2.565769 
4.290422 15.05519 29.0752 
-15.19204 2.103054 2.217604 
16.5349 -0.4248623 23.73174 
-35.1938 -1.183953 18.82312 
-14.17073 3.948026 2.395196 
22.11462 0.5664166 24.0107 
-26.762 1.232598 24.12581 
-1.963469 5.284656 2.103296 
-18.38954 0.09260271 23.83125 
29.72358 6.043685 2.210968 
-17.35765 1.492715 23.51423 
-33.80197 9.211337 2.396394 
16.55628 1.486409 23.79656 
-4.190125 3.560917 27.28086 
20.50697 -34.53696 29.65628 
-10.81515 8.365721 2.202938 
32.45512 4.809371 15.26017 
1.170049 5.138737 15.95155 
26.81055 9.129548 2.613024 
-30.93745 62.19805 10.6777 
-11.78759 9.334282 1.797845 
-29.93044 10.06785 1.304027 
-32.58367 -5.679993 18.74092 
-28.62747 11.29133 1.738894 
25.74179 2.060129 23.54202 
23.27818 12.43414 2.341332 
21.73476 12.50933 2.200851 
17.48548 40.76487 28.23453 
-6.021846 46.59438 37.73212 
20.19558 13.48108 1.789463 
18.35223 14.7902 2.505484 
16.85341 17.52093 1.75863 
33.1128 63.72941 8.84283 
-39.60553 -37.78224 17.6692 
-23.23124 -37.5822 17.73742 
-36.12495 9.019127 16.48287 
-29.11025 65.632 9.120688 
-12.92347 -1.543132 18.54625 
11.89247 25.51259 1.547433 
13.47992 27.80638 2.928815 
-23.37116 -39.07545 17.39813 
-14.55341 28.20529 1.277987 
0.2428318 -5.217647 43.0854 
-14.92764 29.30002 1.565401 
10.57573 -1.377798 18.55839 
0.01930359 49.40649 38.42584 
15.37048 33.07585 1.372627 
-35.26691 11.28781 16.12013 
17.47317 35.43795 1.426221 
-15.57905 2.175137 23.13033 
19.75909 37.20875 2.235405 
19.66349 39.04321 1.568798 
30.66255 10.71825 15.73368 
20.88295 40.4411 1.940024 
-23.29525 39.24115 2.543156 
-24.86062 41.57336 2.761115 
-24.72709 42.77367 0.9413791 
27.12779 67.30568 9.440922 
-2.982036 -5.861941 39.77448 
25.71767 44.62328 2.816077 
-27.54504 45.52881 2.206702 
28.82542 44.99034 2.156327 
-29.58888 -15.69497 18.93831 
36.5255 45.56695 2.256797 
37.63718 45.75248 2.355722 
26.44061 68.06765 9.764597 
27.55112 14.24275 15.84926 
-38.7653 47.57375 2.298034 
-40.73945 49.51641 3.04544 
44.32485 49.07387 2.262409 
12.41954 63.27609 36.2541 
-42.57931 51.57729 2.133467 
-28.71426 69.11102 9.420836 
1.314825 5.278468 22.83132 
45.40411 53.92824 2.225483 
-0.01322221 55.41 38.84778 
25.77344 15.45323 15.91733 
-27.48837 71.26675 9.323443 
11.91858 4.889359 23.77163 
45.69465 57.12046 1.764442 
-43.25073 58.2832 2.607392 
-43.6935 59.89934 1.29486 
22.92172 -21.34291 25.53417 
-31.67725 16.1489 15.51942 
-3.171825 4.699013 24.63828 
-0.05659974 84.23798 28.25318 
-39.91267 63.99633 2.902282 
34.0188 64.2607 1.745966 
32.08085 64.29262 1.157013 
-11.84101 -0.1227224 18.1364 
23.58601 67.87303 1.731688 
24.56875 69.15447 1.746292 
24.66146 70.59973 9.596943 
-27.98796 71.40008 4.294475 
22.43575 71.5482 2.564764 
-16.02955 26.79562 27.13003 
-26.25292 72.49754 2.071688 
-24.30125 73.05611 2.480787 
21.76608 72.40343 1.998553 
21.17971 18.21923 15.3204 
31.81651 -0.6675811 17.27464 
11.97227 80.74702 27.32342 
19.1148 75.19872 2.203278 
-26.33574 19.43996 15.43454 
17.07607 76.08188 2.61749 
16.3608 76.87704 2.293355 
-20.52449 76.66201 2.214481 
31.47615 -46.24208 10.65466 
-19.00798 77.36208 2.652601 
-24.09585 -38.70835 18.75224 
-13.80345 70.0518 34.25888 
-26.29331 72.74797 8.822079 
-1.138346 -3.396655 52.59392 
-14.13875 13.49129 26.76964 
-30.96311 5.661726 23.29244 
11.30558 83.98707 2.54427 
10.51946 84.36346 1.653387 
-10.94421 86.40074 1.06303 
6.748694 67.36141 37.50721 
7.693703 87.44183 0.4394267 
14.86495 -38.29379 16.68047 
-35.39687 -53.76051 2.912514 
31.4209 -53.629 2.219949 
32.89689 -53.85098 2.233178 
-44.44615 -52.99028 1.41776 
14.18371 71.58166 32.49888 
-54.90756 -52.87794 2.42572 
-22.3023 25.41707 15.23534 
23.11903 62.46036 24.9516 
-33.14623 -52.95177 2.197676 
22.92865 -53.11658 3.397532 
9.368461 1.827299 18.72 
-54.16051 -51.48008 2.485254 
-32.56589 -52.04521 2.824388 
-48.76434 -51.02642 2.460836 
28.75647 -51.04171 2.578308 
22.26444 -50.85708 2.35639 
4.178193 55.12109 38.99249 
28.32361 -51.32641 -0.2219121 
27.78223 -50.68201 1.983885 
-33.10226 -48.77542 2.591125 
29.1094 -50.0405 2.903846 
30.54808 -48.24807 2.346341 
33.9021 -48.09345 2.818483 
-20.43796 30.51955 15.46442 
4.411019 6.607675 24.39688 
30.05203 -47.40589 3.587628 
-40.34629 -46.9889 2.175692 
-29.74962 6.417535 24.20717 
-38.71891 -45.45787 2.664445 
-30.62105 -29.27427 2.884924 
-29.60615 -27.94412 2.045882 
-29.27431 -29.37916 2.934525 
-28.27833 -28.62953 2.843675 
10.68186 72.36167 34.42659 
6.615211 6.939057 24.31517 
19.58073 76.20435 8.907987 
-31.31899 -27.60247 2.60612 
18.50085 35.90915 17.11353 
-30.86887 -25.97573 2.18171 
-35.68705 -25.85935 2.234912 
-32.9268 -26.56121 2.823232 
-27.28251 -24.10014 1.734462 
-21.02191 77.14721 8.564879 
-37.73048 -23.76537 2.235559 
27.32131 -22.42717 2.268316 
20.72142 39.02654 15.93221 
27.44954 -22.21238 2.365511 
-40.04633 -22.62667 3.450064 
24.44724 -22.16569 2.190203 
-6.192175 68.26838 36.96501 
27.10605 -21.23832 2.451478 
24.69559 -20.7814 2.468425 
25.88182 -20.92582 2.564595 
27.85888 -20.63471 2.43211 
-4.124377 47.49133 38.14316 
-8.313518 8.628108 24.47073 
-41.12613 -19.61445 2.561024 
-9.883732 74.85453 34.02847 
-39.85914 -18.98958 2.085351 
-40.83345 -17.89356 2.761716 
24.01095 7.947071 23.88246 
25.04227 8.284925 23.71073 
-27.82444 -18.10562 1.978969 
-27.37519 -18.4753 2.17319 
-24.8025 65.68771 25.47825 
-26.78422 -17.04095 2.783622 
9.905725 81.61085 27.74833 
-41.29045 -16.7135 2.914436 
19.65677 -13.68007 2.595499 
-26.90637 44.05143 16.36897 
22.97749 8.662101 23.80499 
-41.54636 -13.4787 3.562365 
-26.45971 -11.99551 3.081712 
-27.38431 45.40138 15.1387 
-16.52326 29.99232 26.36225 
6.171659 75.08457 33.94768 
-29.15091 10.23167 23.54798 
24.26044 46.4881 14.77185 
7.011656 75.40176 33.47488 
-24.85368 -9.782065 2.983875 
-41.56861 -8.700728 3.868365 
8.165619 75.03497 33.96027 
16.02674 -7.731258 2.431114 
-27.09016 48.20512 16.26266 
14.41425 -4.862488 2.755089 
16.71939 80.87052 8.842452 
-28.3015 49.95601 15.55466 
33.73627 -4.004917 3.166705 
22.02036 10.00222 23.75944 
-39.84612 -2.424366 1.946019 
33.49948 -1.058924 3.298845 
-38.69762 1.966487 2.009973 
-38.01238 3.53209 2.688504 
9.917831 3.60533 2.320902 
-37.7822 4.33349 2.571503 
20.71939 9.830332 24.4731 
9.896192 5.418025 2.110396 
-13.63361 5.021212 3.054512 
9.448966 5.8988 2.277923 
30.5391 4.770029 2.395685 
-37.59408 4.881855 2.9526 
30.28164 2.504349 19.13594 
17.05749 41.3983 28.52335 
6.892349 6.103223 2.360214 
-11.71125 6.70807 2.870271 
-3.869865 -5.402462 44.21115 
4.920248 76.38532 33.84872 
28.80455 8.526953 2.891942 
5.025969 7.948997 2.033903 
20.0092 -45.80284 10.20011 
-27.71343 12.40209 23.77393 
-1.243459 -5.262044 54.06058 
-6.34902 77.58551 33.85659 
22.57061 66.39555 25.34442 
26.52441 10.32672 2.85002 
17.6496 13.77748 23.83908 
-28.20617 12.68833 3.116206 
-26.2827 12.29655 2.388498 
-24.36256 -37.11644 19.19431 
-24.95243 14.05598 2.98884 
14.4347 65.23215 34.67258 
-26.49479 64.41994 24.8866 
-36.14614 2.20367 18.72122 
11.15708 60.16238 37.20805 
17.01958 19.07201 2.300235 
-17.85241 18.05455 1.384633 
16.81229 15.40836 23.70407 
-29.9264 60.84822 15.78165 
13.86554 20.34394 1.67868 
14.95716 21.21345 2.885298 
-16.99272 23.87557 3.386438 
-30.46004 62.78399 15.14552 
-23.19071 15.45527 23.81547 
14.59761 32.68 26.85251 
-10.57375 87.90944 9.645497 
-15.49133 25.48792 2.176079 
21.23901 -42.25567 29.26506 
-29.28767 64.15639 15.87452 
-19.81786 34.36287 2.056774 
16.61635 34.83644 3.032741 
18.91346 35.4636 2.261739 
-6.705588 5.218728 18.38139 
19.60469 36.14299 3.090576 
20.07702 38.64753 2.667102 
21.47215 40.0841 3.026169 
22.5024 42.55941 2.669557 
29.77351 9.652045 18.5029 
25.83348 67.52662 16.31496 
24.49594 44.09206 2.772335 
28.31148 44.7596 3.420668 
30.86136 44.39212 2.590975 
7.375159 82.37315 28.43129 
-35.73097 46.78585 4.052303 
42.01948 47.06832 2.323453 
43.1151 47.25312 2.873239 
42.34101 47.94895 3.064209 
43.69479 47.44256 2.420535 
-17.13428 34.01286 26.49966 
45.20538 51.75143 3.4748 
14.76479 21.84831 23.39595 
-27.01503 71.82558 15.67768 
-8.185179 82.828 28.24631 
45.6278 58.91071 2.918858 
-42.30146 60.26719 2.329422 
-6.274244 68.81919 36.47935 
13.36261 21.66008 24.56622 
23.8341 72.71581 16.24178 
37.84094 63.03188 3.453233 
-19.29862 22.40695 23.65264 
29.5989 64.89691 2.926619 
-35.28706 65.88793 2.819289 
21.91215 76.11806 15.74954 
-23.9754 68.00618 25.15454 
-28.64643 66.23782 1.954206 
-18.48789 23.27837 23.39215 
-27.94777 66.69636 2.008777 
-18.15182 23.70654 23.51012 
25.80467 67.97701 2.746788 
20.00679 78.37061 15.85085 
-21.78866 78.23862 16.77607 
-3.141891 -7.754925 52.32444 
20.4966 74.07622 1.778026 
18.50831 79.61211 15.57563 
-4.748667 -1.784321 34.74599 
15.6163 78.23584 2.41744 
14.35525 79.14285 2.228662 
-16.72591 80.50427 2.827449 
-15.55549 80.70651 1.783702 
-14.78996 81.71479 2.509413 
13.40451 82.12832 2.162639 
15.52818 25.48945 24.05622 
-13.86364 82.9965 2.549525 
-10.73859 86.43984 2.560664 
-8.360037 11.67301 27.90105 
-6.286862 89.57146 3.178622 
16.33837 81.21181 16.0265 
-5.442451 89.74783 2.97952 
-3.303932 89.83488 2.380682 
1.311228 89.88802 4.004461 
-19.47282 80.94756 15.77412 
-30.82344 -53.60111 10.8334 
-41.50235 -53.6905 3.116286 
-47.69102 -52.89539 3.937567 
-46.96157 -53.41952 2.349369 
-17.23816 82.00064 15.44325 
-14.17493 65.70348 35.53872 
26.16852 -52.61045 3.602394 
30.29173 -53.45376 3.082016 
35.04092 -52.79657 3.177078 
-53.16695 -52.20042 3.160596 
27.96698 -52.33347 3.802245 
-52.62253 -50.81853 2.944875 
35.24541 -51.28182 2.46997 
20.6224 -53.47346 9.579411 
15.0495 30.90293 24.62804 
-55.40219 -51.00661 2.460115 
-32.77347 -50.3883 2.889235 
3.045962 -0.1016018 34.95588 
-17.05705 31.95592 25.41456 
-54.56359 -50.4975 2.532227 
-47.82722 -49.68135 3.43056 
3.213803 1.914324 33.67841 
34.53107 -48.80573 2.462187 
13.77016 84.50166 14.69722 
5.485939 68.47268 36.78099 
-15.84637 84.22033 15.465 
-46.3362 -47.71988 3.77637 
-17.14742 35.57703 24.60069 
12.99653 84.1984 16.2081 
-43.83094 -46.27186 2.632003 
-40.33197 -46.51806 2.945775 
-42.44886 -45.51868 2.825279 
31.8353 -53.85816 10.40458 
-35.28147 -45.57224 2.849576 
-37.17583 -44.84607 3.685365 
11.30238 84.84262 15.86604 
36.96149 -53.84935 9.86048 
-35.89991 -27.45677 2.929514 
-27.00702 -27.87024 2.866049 
-36.67273 -26.86372 2.592357 
-34.71486 -26.71719 2.768162 
16.7687 38.50896 23.96372 
-25.63674 -25.56015 2.600887 
-37.98845 -25.22426 2.425828 
17.18104 38.78347 24.92596 
-38.46621 -23.97115 2.698108 
-6.960744 56.23822 38.93661 
-25.01803 -23.05852 2.150446 
-9.769885 87.57118 15.83488 
26.21314 -23.36353 2.814954 
14.29158 36.73884 25.65903 
30.46926 3.877626 19.06811 
24.99912 -23.16719 2.681081 
25.94044 -22.16946 2.538787 
-0.2862749 56.84514 38.95459 
-33.64388 -53.09437 9.900866 
28.43646 -22.57281 3.152782 
-21.5003 40.89603 22.9534 
6.618263 87.28794 16.17154 
-23.63197 -22.481 3.367162 
-24.96822 -22.05943 2.440691 
-24.00704 -21.11112 3.004593 
22.97944 -20.53082 3.126779 
-24.92741 -19.81291 2.83269 
-25.67232 -18.73815 2.939121 
-6.3908 88.69476 16.20432 
-22.92646 41.26454 23.76744 
33.79434 -17.60653 3.709932 
-28.13382 -15.48497 2.233627 
-27.98494 -14.2286 1.720025 
21.48548 43.85306 24.13317 
-23.3944 43.92014 23.43491 
18.91643 -13.07494 3.287399 
-3.329254 89.23065 16.0472 
17.10722 -10.67022 2.995665 
-1.739294 6.64542 35.00914 
16.98562 -8.67124 2.347142 
-1.218378 89.36118 15.85898 
-23.60591 -8.112062 2.768761 
33.01212 -7.861229 1.990661 
-17.25922 39.06488 26.38695 
-3.021504 39.10633 33.63161 
33.8044 -2.692965 3.110373 
-39.969 -4.372798 2.725992 
-40.14307 -2.489019 3.212171 
-2.585099 40.37123 34.22797 
12.20375 -1.370252 2.840217 
13.80614 37.96383 26.26072 
11.20473 0.1386086 2.581426 
-25.5844 48.53883 23.90259 
5.674238 56.82727 38.85345 
-15.99988 1.247157 3.290337 
-42.16555 -53.03289 16.33573 
-39.62473 -52.64588 10.21543 
-38.49604 2.588827 3.257871 
21.36469 -33.50551 29.35069 
-4.01856 41.40884 34.43568 
-36.01133 5.572055 18.14958 
23.24678 48.50925 23.40243 
-36.57141 5.729716 3.095119 
-12.79889 6.094146 2.728372 
-0.4929151 5.647042 2.631079 
23.86419 50.79253 23.34997 
20.51141 -52.88776 15.75484 
-35.87624 6.90343 3.022091 
-9.9864 7.899833 2.784822 
-26.29062 51.85043 24.37726 
1.015513 7.265084 3.1086 
4.180682 7.117104 3.12039 
-13.88027 60.05699 37.05771 
27.59405 -15.97866 18.55087 
38.84868 -52.40886 9.916275 
24.82337 12.51183 3.492851 
-29.42069 12.13542 2.661337 
-27.58678 12.07471 2.48987 
22.97755 13.29295 3.124444 
-26.33521 13.43384 3.015779 
13.05632 -33.59844 16.56547 
21.35567 13.77066 2.672244 
19.49581 -53.55052 29.0806 
-22.54012 14.35445 2.330554 
-21.21762 16.09593 2.379385 
-21.58026 18.1843 3.336368 
18.27297 17.51734 2.801494 
-20.13889 19.95305 3.117808 
-16.96727 20.33287 2.664598 
-16.35899 21.61986 2.145538 
13.54283 22.18009 2.253273 
35.74629 -51.36804 7.464834 
-42.99396 -51.36134 16.12352 
-28.73693 -49.29319 9.617898 
-18.40289 33.43423 3.616541 
-13.04431 59.23985 37.04847 
18.30963 34.70181 3.228514 
-21.55331 37.11682 2.046699 
35.15726 -49.71325 15.81751 
32.42507 44.50359 2.812478 
37.10433 -48.3754 9.448039 
-33.65619 45.96835 3.677933 
16.56147 38.7415 27.28431 
44.14001 48.52131 3.232937 
24.16882 64.3225 23.59621 
-42.9266 53.60184 2.694017 
45.75639 56.19757 3.983442 
-43.25819 55.15657 2.934995 
45.62712 57.42786 3.551994 
42.90718 61.99223 2.054698 
44.28126 60.71509 2.889185 
-41.33567 62.21636 3.111091 
40.31128 61.9004 3.453427 
-26.06395 66.49252 24.30224 
31.30722 64.95854 2.994493 
-4.821886 6.51828 17.3732 
-37.42751 64.99326 2.475452 
-6.976584 41.25279 33.72668 
20.9891 -44.87077 10.67868 
-33.58856 65.68793 3.064249 
-28.14824 66.089 3.855361 
-27.80623 66.78095 3.06739 
-27.95899 68.51025 2.098308 
-25.44297 67.92689 23.94762 
32.78946 -48.23222 9.49833 
-0.5596375 -6.299867 51.12608 
24.72691 70.55405 3.353118 
-6.232573 -6.346124 51.77503 
22.12608 72.86225 3.173961 
-27.99302 -47.2823 10.13685 
1.127071 43.48643 34.53391 
19.44735 -47.41052 9.803001 
-24.12666 68.46605 24.69967 
17.08581 76.36932 3.632099 
16.22987 77.59104 3.000031 
14.95435 78.92075 3.063653 
14.19812 80.43787 2.451766 
7.278467 41.61855 34.05919 
22.54243 70.60485 23.1571 
12.68785 83.03122 2.352928 
-23.64457 69.39933 23.84463 
12.097 83.19743 3.419859 
31.86707 -47.32447 9.761618 
-12.90056 84.48946 2.894082 
10.81487 84.07428 3.104619 
-11.07106 86.05373 3.036374 
10.23477 85.9907 2.516609 
7.54066 88.00085 3.326303 
-10.13301 87.77178 2.266796 
-22.89008 70.49722 24.33434 
-8.52157 88.75569 3.049926 
-2.306592 90.10292 3.831798 
-43.13711 -53.49376 2.986902 
-46.35728 -53.4441 3.47561 
-37.99067 -53.13617 3.849752 
22.2784 -52.91259 3.515648 
-55.42807 -53.01605 3.008469 
0.3277444 56.89889 39.05954 
-56.00615 -52.61491 3.176781 
-23.06756 72.06094 23.84736 
-48.90258 -52.2311 3.159204 
-21.85345 73.0146 23.88434 
20.68306 -50.0909 3.357821 
-51.91446 -51.45193 3.357023 
-24.8731 -42.79382 15.10271 
-50.91117 -50.44008 3.581866 
31.49963 -33.47564 17.59501 
28.06891 -50.84254 1.590085 
27.83515 -50.51303 3.092796 
34.37457 -49.69054 3.821253 
8.433389 42.45405 34.37031 
-53.04095 -49.06776 3.629647 
-15.66665 43.21177 33.43376 
21.98841 -49.17609 2.972872 
-28.85131 -45.1633 9.102811 
24.11078 -47.55631 2.945908 
16.79331 -41.08837 17.06295 
32.03769 -47.07856 3.224712 
-44.80522 -46.40089 2.851337 
27.47401 -40.9663 15.86241 
-41.01423 -46.10559 2.75035 
-39.5139 -45.44808 3.521728 
-41.59479 -45.13415 3.473195 
-38.34766 -44.73441 3.139326 
-36.21663 -44.9232 3.492273 
-31.68077 -30.91513 3.032796 
-28.6653 -30.29401 3.194937 
16.02208 -40.28756 16.55004 
-27.4624 -29.82723 3.578818 
-31.27925 -28.49152 2.947268 
-22.37044 42.36217 26.29326 
-34.71872 -27.99373 2.998638 
-25.2088 -27.03726 2.893039 
-37.89618 -26.95745 3.207962 
3.036019 43.53109 34.34951 
-41.24448 -30.99962 17.16043 
29.97146 6.283232 18.75764 
28.55134 -25.0356 3.476188 
-23.15693 -25.24529 4.107602 
25.30192 -24.49489 2.854008 
26.55581 -24.4472 3.237514 
22.74228 -24.19706 3.218121 
29.13108 -38.84851 16.36113 
-39.52743 -39.25337 15.94557 
-23.26916 -24.14682 3.562322 
22.5893 -44.24064 9.365026 
-39.99047 -37.96361 16.38405 
-23.10846 -38.12186 16.58556 
22.43085 -22.57401 3.284161 
-40.8486 -21.87045 3.974569 
22.61245 -21.63914 3.080947 
28.2484 -21.2618 2.940431 
29.48601 -22.01924 3.463627 
4.41465 70.08047 37.29078 
-23.53536 -20.97454 3.771939 
-3.759369 6.818688 18.26823 
-21.87325 43.3772 26.22278 
-41.84623 -20.5888 3.409274 
29.46169 -37.35816 15.80654 
30.44564 -20.32869 2.894117 
26.87482 -43.9706 9.049752 
-22.3344 -36.95671 15.79397 
-42.06782 -19.67273 3.356788 
-14.62958 81.58829 24.09552 
22.38044 -53.05281 28.6242 
-43.00534 -43.63351 9.769002 
-2.443409 48.6016 38.31263 
34.02744 -16.65737 3.723995 
-22.27294 -34.48876 15.50923 
-26.36441 -14.61424 3.792586 
-41.18556 -14.81363 3.374225 
34.41381 -13.53882 3.241252 
-41.91757 -11.59715 3.734939 
29.48147 7.737556 18.76296 
33.09108 -10.93703 4.100411 
32.68301 -10.15957 2.738351 
-40.67109 -43.11522 9.31915 
-24.54403 -8.733398 2.664687 
32.68186 -9.409791 2.572923 
13.17546 66.4847 35.23487 
33.33916 -8.515837 3.504324 
-22.29851 -7.314435 3.906064 
30.58545 -33.91745 15.8635 
13.25338 -33.42823 16.06612 
31.4123 -33.19118 16.77363 
12.59429 -32.02673 16.35901 
12.30002 -3.60745 4.00977 
-1.366451 57.59236 39.3175 
4.305787 44.06093 34.52111 
-29.18276 -41.96517 9.327999 
-16.96492 -0.045862 3.277484 
10.30989 -0.4489398 4.040704 
32.82926 0.2969855 3.495951 
-39.60334 -0.573624 2.927088 
5.699359 84.69168 23.86785 
-39.28847 1.380492 3.303432 
-22.30394 -32.11832 16.22054 
-14.63181 3.152926 3.442651 
31.81549 3.373479 2.853947 
-13.20766 4.902549 3.845704 
32.52505 -30.43752 16.09131 
-4.226325 5.870144 2.280117 
-1.52424 5.171793 4.705596 
-28.1511 -41.53494 10.07612 
10.83143 44.74435 34.29202 
-10.51273 6.709869 3.632084 
-5.909274 7.010188 3.856989 
13.19654 -52.35635 28.79596 
-6.636194 7.982541 2.488122 
29.30982 8.576773 3.350692 
-34.76163 8.732237 3.498874 
-41.31352 -25.93813 17.31769 
33.06711 -27.19954 16.28732 
27.85281 9.51154 3.396814 
-32.34043 9.760966 2.579256 
27.02914 11.09478 3.527466 
4.338223 85.96909 24.1541 
-0.3254433 86.72462 23.84778 
-27.42436 13.61578 3.304497 
8.934943 44.45187 34.22941 
19.90664 15.31677 3.900597 
18.98337 16.34235 3.011541 
-27.70317 -53.58021 24.4155 
-21.0117 72.48771 25.70918 
24.14673 -53.57212 24.53354 
33.15499 -22.30485 15.85384 
-27.17941 -53.05065 25.25466 
10.85637 46.04029 34.6106 
15.05234 28.45892 5.430247 
-4.88617 -4.471235 43.12724 
16.62638 34.08039 4.55009 
17.10808 34.68163 3.937663 
-20.07437 35.62582 3.031568 
33.17045 -20.42784 15.65038 
-22.48191 37.68649 4.367051 
22.38357 41.90014 3.935031 
22.38584 -53.07364 23.73232 
28.84396 -3.989385 19.49404 
-27.56995 45.06329 4.89809 
-33.5562 -53.04419 24.00744 
34.06312 44.87869 3.670114 
35.41609 45.47138 3.009377 
38.16147 45.92246 3.269364 
-37.41637 47.01279 3.737108 
-22.57227 -29.85666 17.54858 
41.18499 47.12397 3.433035 
44.96276 50.20482 2.961567 
12.90168 48.80136 34.37754 
45.68444 53.61474 3.778526 
-3.70756 -11.03463 55.9494 
-42.71931 57.05474 3.348867 
-42.72147 58.22388 3.203321 
-23.87415 -35.14007 8.733267 
32.96355 -29.56498 18.57082 
-23.7823 -19.15246 16.41304 
-23.7845 -51.66875 24.99439 
-23.04126 -34.68021 10.65764 
-40.03699 -33.89674 9.071556 
39.26409 62.42844 3.815522 
-23.62844 -34.35948 8.626242 
-5.15486 58.78181 38.61671 
-39.72063 -16.10199 16.33377 
-34.23746 64.99463 4.099825 
-28.23094 67.79041 3.830865 
-28.80675 69.22401 3.277431 
25.42465 -34.90419 10.2862 
12.33273 -49.84918 25.52256 
29.47097 -16.14731 17.16944 
26.78769 -48.51106 24.50535 
-12.64055 80.57938 27.60111 
-19.36374 76.83446 3.162278 
-18.49571 78.41949 2.227656 
14.44518 80.09518 3.198761 
13.51676 81.05222 3.314942 
-32.72247 -49.47193 24.49615 
-18.34975 51.03063 34.09084 
-24.3706 -48.7613 24.81425 
-12.03291 85.5509 3.378397 
9.027176 86.99663 3.728955 
4.283208 88.6439 3.202838 
-3.932527 89.38535 3.303292 
-39.33428 -53.24347 3.768489 
20.73694 -33.63747 9.806872 
-54.02034 -52.65202 3.124678 
-28.86653 -13.8258 16.24726 
-28.73374 -14.34171 16.54399 
2.380143 -2.747076 39.46238 
20.20214 -51.68031 4.005137 
21.49259 -51.66648 3.189997 
27.50084 -51.46652 3.214822 
-50.81373 -50.94962 3.80751 
-32.10482 -50.98775 4.153024 
34.7507 -51.82964 3.406437 
-31.72411 -49.65964 4.085739 
-54.62357 -49.75474 3.300487 
20.34952 -48.96564 3.951307 
-51.60276 -48.52475 4.338152 
1.520601 -2.443772 43.74255 
-34.6278 -12.96338 15.83792 
-33.18342 -47.54199 2.975945 
21.35085 -47.72334 3.582748 
-18.87924 52.75646 34.04167 
22.60202 -47.58935 3.562312 
-33.0252 -46.84991 3.646167 
24.46214 -46.99327 4.122028 
25.47662 -47.72625 3.894219 
32.79102 -47.28176 3.180271 
27.02171 12.53565 18.64814 
-45.11499 -46.48464 4.329095 
-42.98295 -45.26843 3.694206 
-30.19222 -46.35415 24.73164 
-30.12399 -31.44865 3.758286 
-0.5843599 -4.411004 52.14369 
-32.32114 -30.45038 3.168679 
-29.21385 -31.39425 3.773632 
-27.1465 -45.49394 24.08839 
-37.57229 -29.87774 3.870101 
-29.45925 -12.47149 16.3558 
27.3288 -46.41819 24.55623 
-35.19202 -28.98446 3.427848 
34.17096 3.009717 11.57921 
-33.3219 -29.30475 3.937685 
-19.1062 55.76946 34.5041 
-26.40064 -29.57664 3.651036 
-37.91804 -27.84132 3.904283 
-32.98586 -28.37593 3.628977 
9.468577 82.85257 25.99131 
0.4960574 6.328389 16.57117 
24.41203 -25.18743 3.648917 
-32.28656 13.33609 19.04829 
-29.38315 -11.4979 16.09559 
-18.49625 57.08379 34.1084 
-39.28706 -23.82079 3.655562 
14.58631 -46.29127 29.00297 
21.97765 -23.94461 3.408045 
-40.63641 -23.23309 3.924581 
21.19933 -22.76898 4.211704 
15.35707 57.79391 34.87828 
23.57221 -47.07937 28.17202 
29.18796 -20.95441 3.090504 
31.05787 -20.76095 4.606318 
-18.4306 57.70097 34.31166 
29.14253 -32.2062 9.705564 
14.91852 -41.237 24.27859 
-41.93439 -18.4673 3.970399 
-33.0228 -11.36907 16.41276 
-25.73625 -17.24014 3.288514 
-26.30486 -15.90155 4.076424 
-41.3808 -14.2149 3.98309 
-5.783154 -2.689012 52.53062 
34.35014 -14.67274 3.957553 
-26.1474 -12.47754 3.752284 
1.425931 -4.265556 42.75802 
-28.06104 -10.90689 16.08402 
33.65624 -11.54884 3.270046 
32.93863 -10.0757 3.973338 
-25.85386 -11.39933 15.50652 
16.37381 -9.379666 3.704258 
-23.84284 -9.182718 4.116945 
-22.36736 -8.551274 4.901353 
17.01913 -31.75811 9.700984 
-31.96828 -10.22301 16.21472 
14.92919 -7.511069 3.635352 
29.73062 -35.33221 24.70621 
34.00149 -6.743238 3.299228 
13.82639 -5.522344 4.005418 
-21.27274 -6.263886 4.035073 
-19.19613 -4.941077 4.901442 
34.05597 -5.349005 3.209394 
-5.799438 -3.429495 43.00349 
23.60402 14.63047 18.07089 
-32.9296 -9.727826 16.16612 
1.825036 75.56448 35.65681 
34.66931 -2.822123 4.152193 
-19.42358 59.92942 33.97969 
-23.46807 -9.806569 16.52868 
15.46812 -10.3494 16.59667 
-40.45481 -1.842078 4.338743 
30.38599 -34.19748 24.22338 
34.21675 -0.7834191 4.173469 
29.85284 -31.4398 9.986958 
14.16921 -32.74419 24.57812 
32.64172 1.677377 3.517727 
15.1538 -31.29655 25.31819 
-15.21686 2.002713 3.77856 
30.11083 -30.21985 9.238403 
8.838396 2.717221 3.482002 
-21.30102 -30.37316 9.187496 
31.20835 -30.6131 23.82396 
-14.24216 3.489246 3.93383 
32.23417 3.361389 3.779856 
-21.83289 -9.52835 16.00286 
31.48049 4.658974 3.728871 
8.135009 4.811305 3.488426 
-2.970886 5.190079 3.21517 
6.092899 5.525225 3.159119 
-40.56298 -30.55626 9.338174 
16.45151 78.97712 24.55473 
-0.05892382 5.923123 4.590906 
30.90261 6.166477 3.35984 
30.71581 -27.69488 23.89603 
1.97569 7.430418 3.538378 
13.27808 -50.85713 29.90621 
9.839886 13.69505 26.97883 
-8.661988 6.218789 5.546037 
-7.106588 6.990952 4.662534 
-2.543693 -2.538384 53.08646 
22.72131 52.1152 26.85791 
-35.75122 -6.869301 16.37081 
-34.28702 9.374602 3.796024 
16.86213 -26.6293 25.37731 
-32.95704 10.03351 3.927533 
-31.98524 11.2665 3.262543 
-30.44938 12.59994 3.894236 
-25.31431 14.80444 3.618184 
16.55801 -24.78466 24.8333 
19.08698 14.93929 2.954428 
-23.61907 15.57034 4.250985 
-22.76021 16.75981 3.886252 
30.64088 -45.16802 11.71154 
18.12434 19.376 3.80585 
17.37504 21.32239 3.906148 
16.26858 20.48488 2.744397 
1.946976 -2.676493 42.10537 
-17.71398 21.50918 3.546221 
14.27407 24.05271 3.776867 
21.36548 -46.05781 29.25392 
12.88823 24.86794 2.673733 
14.61671 25.74254 4.870344 
17.07733 -22.07677 23.85825 
-16.09908 29.67517 3.377288 
30.37341 -21.3979 23.77607 
-25.03235 54.63377 26.52346 
16.20478 32.47353 3.835107 
16.85744 43.92973 29.54538 
-19.8971 34.20959 3.229328 
1.225474 59.30511 38.82125 
18.47848 -21.07429 24.15264 
19.42748 35.35245 3.757855 
-12.51621 68.16254 35.49238 
19.13737 36.80391 3.971884 
-41.10217 -27.02338 10.2217 
21.25956 39.41184 3.80878 
-40.8911 -24.35835 18.23957 
-25.25479 42.50155 5.315161 
-25.6518 43.29678 2.679943 
-25.56432 43.23617 4.637534 
-14.00515 -3.550659 16.0507 
30.78508 44.3738 4.192958 
29.6298 44.45938 3.956021 
36.37091 45.881 3.510173 
19.94257 -44.57997 29.11391 
-30.62535 46.3547 3.388436 
-41.32309 -26.08208 9.682249 
39.16108 46.76473 3.282382 
20.90759 -19.23116 23.76713 
11.32779 -2.874791 17.05273 
41.6746 48.55542 4.50281 
21.95207 -20.3452 24.88015 
1.918695 58.66876 38.82928 
3.898015 58.95688 38.6739 
22.42933 53.96576 26.585 
44.80934 49.88947 4.405282 
21.84234 -44.43882 28.40925 
3.741071 60.08978 39.19941 
22.87951 -18.43113 23.7599 
-16.7339 67.08809 33.87608 
44.85344 59.83169 3.645669 
-41.76237 60.47161 3.487111 
23.04286 55.96336 27.02084 
41.77792 62.02727 2.939717 
-5.16523 59.36646 38.5064 
32.09763 -1.752034 16.09119 
-29.25294 -43.66938 9.85638 
-24.43066 56.0356 26.48769 
-35.71839 65.05888 3.989833 
-11.81697 -0.7682098 16.35165 
-31.22311 65.20298 4.369486 
-30.27617 -50.14691 7.448435 
9.519249 -0.874121 16.5796 
-30.16285 65.44534 3.652616 
29.43625 65.33909 4.159153 
-28.42647 66.56111 4.780692 
26.77715 67.17228 3.177496 
-28.62027 70.24508 4.550866 
-28.73079 70.3811 3.310736 
-22.71193 73.76497 4.269591 
-21.64737 75.37719 3.960735 
17.61102 76.03204 3.630956 
-19.75527 76.54509 3.760006 
20.89871 0.1187418 24.28674 
-16.10581 81.72668 3.566701 
-37.52574 0.742869 16.37431 
12.87573 81.50503 3.937752 
11.63124 83.69772 4.02694 
6.363352 2.187798 15.06144 
10.36879 85.61973 4.228409 
-6.647813 88.83194 4.43777 
5.563139 88.74075 3.76675 
6.162748 88.6209 3.638912 
-6.473828 88.99057 4.206221 
-5.008682 89.24991 4.294367 
32.64048 2.305714 15.94948 
-47.76266 -52.65049 5.590655 
-32.13038 -52.8287 3.731084 
28.98696 -53.45094 4.327127 
-54.42108 -52.8146 3.978243 
-54.86796 -52.31916 4.63691 
32.22089 3.344993 16.00994 
-48.4353 -51.52621 4.581031 
-49.70031 -50.62139 4.084644 
-55.59914 -51.2347 3.40608 
-49.19785 -49.4133 4.864827 
28.11879 -49.87024 4.017097 
19.5243 -49.44514 5.014881 
9.787349 67.1144 35.97742 
-50.8452 -48.79409 4.509692 
21.26455 2.019305 24.48166 
-50.01676 -49.19806 4.367465 
26.94315 -49.10351 4.163394 
11.1379 68.0048 35.61843 
33.41187 -47.87409 4.000521 
-18.5416 2.322795 24.18396 
32.41047 -47.03901 4.568987 
22.38435 -46.52324 3.993675 
31.11507 -46.47409 4.635344 
-27.19296 2.59375 24.48544 
34.28886 -21.82709 10.13075 
-34.51352 -45.88354 3.169567 
-38.98773 -45.23058 4.229095 
-35.79769 -44.47936 4.878959 
-29.75704 -32.59948 3.964752 
9.010573 15.13362 26.7588 
-28.08643 -31.27031 4.017638 
-26.34537 -30.50161 4.111511 
-35.06118 -30.36056 4.585122 
-38.61765 -29.70889 4.533276 
-36.24195 -29.19514 3.922247 
33.41701 -25.37771 18.21959 
-26.18028 -28.49079 3.485298 
-38.4923 -27.35557 4.43292 
-24.61354 -27.91364 4.063502 
14.53925 -21.41571 10.05541 
-4.037179 6.613426 16.40205 
24.6804 -26.54986 4.218002 
25.82134 -27.61088 4.130764 
26.2164 -25.68066 3.901528 
-39.16801 -25.83212 4.092557 
23.47315 -25.22797 3.887302 
27.21189 -26.35408 4.544272 
28.0485 -25.26266 3.267874 
33.4987 -20.6694 9.353412 
-42.35993 -19.99378 9.850407 
21.90154 -24.72425 4.000366 
22.58004 -24.68086 3.479906 
-40.98137 -23.29429 4.278933 
27.85955 -23.48369 3.182627 
-1.128516 6.861049 16.31938 
29.47324 -22.47268 3.521837 
16.35655 -43.81615 28.23141 
25.26236 -44.16538 9.934254 
23.02942 63.36917 26.12408 
15.5435 2.784997 24.30203 
-41.46661 -21.45459 4.784706 
21.26648 -21.64272 3.965257 
21.70351 -20.26923 4.022965 
-23.16498 -19.75098 4.602266 
32.5301 -19.64437 3.890573 
25.92964 -21.7468 25.67064 
23.07803 -42.53942 28.51979 
20.64717 -17.78302 3.821297 
-24.88505 -17.28933 4.054692 
28.59539 -43.32957 19.2398 
33.27244 -16.88364 5.644526 
-16.32609 2.870099 24.2522 
-41.74353 -14.06444 5.176679 
-11.22746 72.76823 34.45808 
-14.62834 3.87539 23.97783 
-42.3691 -19.01418 9.573964 
14.56215 4.567559 24.07414 
34.03209 -13.49331 4.437854 
25.13052 4.12862 23.99907 
-2.111822 5.153821 22.99942 
-40.94411 -6.947206 3.881892 
28.16872 13.55146 15.33038 
-25.28911 63.68568 26.82232 
-40.38284 -5.079358 3.909598 
-32.63341 13.79694 16.47943 
34.83422 -4.142208 5.062239 
-22.69578 -17.25471 9.616342 
-40.78488 -2.871758 4.309275 
-19.81186 -3.235 2.853579 
11.29743 -1.801083 4.121712 
-16.45542 -1.575327 4.958244 
-40.76616 -0.7197692 5.025702 
16.64512 -17.49294 10.18674 
-15.71261 -0.645427 5.075898 
-4.210431 -7.63759 52.60706 
33.68089 0.4682104 4.566176 
24.44969 4.9735 24.14142 
9.484487 1.568127 3.795518 
-1.674224 -5.491033 37.05461 
33.02384 -17.28586 8.7236 
16.36718 -42.41072 28.28411 
-38.29277 5.037421 3.604399 
9.121888 74.37155 34.09947 
-23.70347 21.73475 17.16736 
-5.591434 6.547895 5.718061 
16.24959 -16.10245 10.53914 
0.8749973 6.497292 4.593882 
2.924072 5.299677 24.73457 
-36.74772 7.403225 4.035437 
-5.115557 -12.22507 57.48223 
-35.76207 8.631099 4.122876 
-2.891053 -7.960162 52.83218 
30.11201 8.88459 4.87173 
28.64021 9.805717 4.221218 
-6.924945 75.89816 33.89138 
25.94606 13.15644 4.488431 
-29.41322 13.34747 4.8006 
-26.82005 14.7394 4.651608 
19.04172 22.57183 18.30194 
21.68452 14.95403 3.608636 
20.33578 18.63929 5.174728 
-5.361373 76.26389 34.16655 
13.64464 6.5655 24.72811 
-21.79883 20.28013 4.651572 
18.29711 21.53882 5.119769 
-22.33153 25.03345 16.87152 
-17.92811 23.38296 4.19045 
-22.712 -23.12508 17.29619 
-15.86963 28.40967 3.353321 
-17.36467 30.22129 5.14759 
14.89519 29.55001 3.405824 
-20.89592 27.90222 15.56172 
18.02519 28.63965 15.86605 
-17.88243 30.88492 4.149413 
-20.86209 29.14016 15.65468 
19.00762 34.62644 4.407771 
-19.99922 35.10221 4.452127 
-21.42826 36.62063 4.235868 
24.11012 6.018118 24.37733 
18.79199 30.20355 16.03358 
-24.68624 40.82174 4.520418 
28.61113 -44.22294 10.33284 
-20.56167 33.04538 17.34872 
34.78857 44.99047 4.505654 
-28.50688 45.90098 3.948243 
-34.4172 46.81903 5.399338 
-29.59074 46.30671 3.640833 
37.44056 46.1598 4.24334 
38.7861 46.56713 4.254049 
40.00439 47.6952 4.047957 
2.822355 76.76772 34.2261 
43.80267 48.75598 4.277991 
42.97507 49.2725 4.296061 
-20.87155 37.43019 16.97871 
-40.16599 51.37519 5.220962 
45.10035 51.53723 4.306671 
5.656302 7.560553 25.10494 
-41.68609 58.18937 4.856328 
24.76053 6.732962 23.7611 
-28.24851 8.024573 24.80432 
-23.32352 -33.18 18.48326 
11.49305 -4.040487 16.89648 
-9.97345 8.39348 24.49907 
-40.47202 62.22254 4.071289 
-42.34313 -43.38956 10.9655 
37.32023 62.64575 4.947805 
-38.94687 63.53492 3.929498 
-37.63903 64.59236 4.03009 
5.213974 77.68259 33.64387 
33.3217 -22.83097 17.37454 
-28.59626 65.70639 4.947022 
-24.09244 41.32792 15.64136 
-25.89623 42.22781 16.50885 
28.32384 66.08242 3.662534 
-28.66384 68.58192 4.563769 
-28.80404 69.4263 4.240501 
24.80006 70.65411 4.586916 
14.29005 -10.31005 10.42284 
22.90239 71.40515 3.484933 
-12.80097 61.3603 37.17715 
12.73759 -33.72363 19.85831 
-20.17912 76.21047 3.633492 
-20.08623 77.41029 4.698203 
23.06921 7.32758 24.82509 
-26.62539 45.66566 16.45202 
-17.7393 79.57291 4.394524 
15.05539 80.35794 3.962664 
-14.3223 82.2881 3.619323 
-13.59049 83.73251 3.190729 
10.76596 85.05138 4.063486 
-40.39215 -9.434253 9.072656 
-28.48881 9.581291 23.9514 
-9.894335 87.28809 3.864854 
0.4068044 78.05014 34.25324 
4.80911 88.32901 4.916774 
-4.1163 77.9579 34.17036 
-1.697138 59.21154 38.88155 
-27.66049 49.93808 16.46416 
3.271601 89.49052 3.453803 
-2.784576 89.56622 4.879277 
2.516152 89.69975 3.99617 
-2.607211 77.99287 34.30506 
21.31482 -53.44143 4.564768 
31.05156 -53.69566 4.567464 
-41.05656 -53.0851 5.363763 
-36.35645 -53.14463 5.01396 
20.59143 -52.9997 4.240365 
25.31498 -53.09075 3.715401 
17.08359 10.42581 24.20839 
18.05651 10.10787 23.9661 
-31.7822 -52.25682 4.154411 
34.33653 -53.13972 4.109539 
-51.67535 -52.13726 4.588466 
34.87339 -52.5381 4.168765 
-50.06901 -52.03399 5.456023 
-19.73396 -8.271159 9.672629 
-14.52819 37.43878 28.33504 
-53.42831 -50.63762 6.630727 
19.38328 -48.64197 4.985033 
-21.0143 26.21166 17.7728 
9.69125 68.38731 35.07269 
19.7712 -47.59513 5.076413 
-40.37701 -8.060501 9.203349 
33.44687 -22.08987 18.516 
-27.46007 10.43943 24.44325 
-0.9044834 78.63118 33.99083 
20.73145 -47.13988 4.46347 
22.93852 -45.75563 4.98923 
24.33529 -46.31315 4.524678 
-33.12344 -46.14443 4.852453 
21.48963 -46.08888 4.724226 
-29.17824 55.06932 16.79658 
-39.45361 -44.06142 5.38928 
-40.22569 -44.53608 3.824336 
18.76999 -11.04332 18.76742 
27.73212 56.40321 16.36957 
-29.72541 -33.6742 4.63504 
-32.40302 -34.04816 4.488613 
-31.42318 -32.89017 4.474821 
-28.59315 -32.59313 4.31036 
-26.79607 -31.86983 4.379679 
-32.30429 -32.21436 4.641288 
-31.05086 -32.24026 4.190759 
-0.7165481 -5.617245 44.25426 
-18.61785 -6.987137 9.651393 
-25.53954 12.08577 24.16501 
-2.129009 -8.393381 56.04245 
-35.74168 -30.89312 4.730316 
-33.70484 -30.75439 4.76872 
-37.80717 -30.83311 5.552423 
-36.65068 -30.64321 4.807704 
-20.55219 27.1471 18.36043 
-25.28781 -28.98874 4.117629 
-39.13822 -28.09052 4.999195 
-24.44289 12.82679 24.25508 
-23.65313 13.52763 24.04379 
-40.56402 -27.46069 5.175754 
-24.03685 -26.15501 3.811998 
-40.69418 -26.19554 4.881649 
-40.16568 -24.64605 4.506211 
22.52931 -25.63938 4.64048 
16.37895 12.78965 24.62188 
20.92415 -24.03259 4.701503 
-29.55419 61.57903 16.62582 
0.8996895 -3.195308 34.31688 
30.31113 -22.37901 4.351522 
-22.73181 -23.06539 4.37174 
-22.26478 -22.16009 4.952318 
-22.46777 -21.10619 5.195455 
-20.78068 28.995 17.34134 
20.61481 -20.00753 4.750309 
-24.1579 -18.75206 4.50189 
-42.69909 -16.90474 4.184989 
25.6259 64.02749 17.4572 
17.94316 29.16668 17.69927 
-25.17308 -14.5197 5.899572 
17.63301 -11.63979 4.144433 
-41.90913 -12.18341 4.459197 
-6.112711 -0.05413827 34.73572 
26.26861 65.61562 15.9858 
-20.30464 17.71483 24.1456 
-29.2576 67.10447 15.32567 
-25.44716 -10.71624 3.624672 
-41.71528 -10.23607 5.5455 
-19.79086 19.93199 23.49407 
15.54989 18.77366 24.43528 
-28.31556 69.87955 15.12869 
25.0024 70.49133 15.98289 
-16.20646 -4.351 10.02756 
-3.032366 59.26888 38.7965 
-18.96511 20.93459 24.48971 
7.211918 83.73092 26.21846 
-25.57645 72.80396 15.81248 
-25.35229 74.25236 15.92931 
32.37795 5.050238 5.238641 
-23.90864 76.03491 16.30465 
-37.34792 6.162246 4.122694 
-40.74979 -20.44709 17.83138 
31.38642 6.146339 4.280959 
-12.32244 82.44003 25.69189 
-4.090665 5.641109 4.514996 
21.82301 75.71983 16.49383 
1.700847 6.622175 4.440694 
-33.3904 -15.93339 19.52187 
29.40871 9.687268 5.337176 
28.02781 11.39744 4.560372 
-32.51484 11.32119 4.345992 
-31.27514 12.66558 5.11313 
23.95946 13.55237 4.175928 
-20.46418 32.47316 18.75112 
-3.922308 4.929986 35.50076 
-18.59213 25.75104 23.49281 
22.98502 14.72984 4.294033 
20.3623 15.84327 4.474259 
15.32422 -36.36465 27.05456 
-24.00471 16.7702 5.747496 
19.47739 17.24938 3.74555 
16.79991 80.38774 16.19801 
0.0151271 60.62766 38.82799 
7.868495 69.04502 35.89169 
-17.9387 27.78716 24.90171 
15.6627 81.58624 16.78493 
14.87761 82.90955 16.11885 
14.96476 28.53917 25.07097 
15.70176 31.39752 4.090461 
20.977 21.93794 11.08889 
16.49856 32.21519 5.728117 
-19.68464 33.68106 4.640881 
18.48895 34.01576 5.444023 
19.65729 37.63643 3.700867 
20.49518 38.01837 4.945353 
-6.463365 47.86828 37.33484 
23.18096 42.11344 5.312645 
25.47516 44.37174 5.383829 
32.3668 44.81102 4.356797 
33.02495 44.90426 5.642313 
17.60673 74.82485 27.68031 
-0.1175597 6.431668 34.99333 
-13.89476 85.81306 16.80033 
-38.53914 48.11638 4.143444 
-37.34653 47.95365 5.026571 
-39.73374 49.48827 4.128997 
-39.18626 49.04401 5.004011 
44.64492 50.4878 4.779391 
45.39486 55.70382 4.969431 
8.671598 86.72074 16.38243 
43.62236 59.07944 4.442927 
44.95607 58.80478 4.343436 
42.57582 59.03106 5.190929 
-16.91096 36.96616 25.32315 
41.12586 59.89474 5.18828 
42.27719 60.2009 4.4732 
-40.75024 60.91013 4.360001 
16.31455 37.88984 23.79578 
35.45231 64.01054 4.379485 
-8.617312 87.91046 16.1694 
-37.84313 63.94152 4.961034 
30.38136 64.95311 4.499942 
3.423728 88.49255 15.94833 
-39.97994 1.447593 9.523874 
25.59121 69.52932 3.832055 
20.01951 39.2128 24.03627 
22.63774 72.17393 4.907665 
-27.17266 71.97536 4.741597 
9.184237 83.5787 24.93256 
21.73565 73.43789 4.357616 
-40.79186 -18.72058 17.21065 
-16.65024 76.27177 27.13209 
-22.03665 74.3101 4.961705 
17.78148 76.20705 4.95113 
-19.04593 78.11497 3.744379 
-4.651113 88.60319 16.47411 
-1.112144 89.18947 16.40522 
33.72387 4.583658 10.42716 
-15.46608 82.16363 5.191131 
1.101105 88.85789 16.36967 
-9.823978 2.47749 10.16289 
0.7981936 42.11938 34.39797 
1.810138 88.89834 16.09208 
-14.96071 83.49756 5.162828 
12.4791 82.97281 4.143278 
11.37577 85.29376 4.844447 
-23.82505 41.7685 23.47713 
9.489908 86.38219 4.635993 
5.080366 84.30818 26.42651 
-11.2939 87.20126 4.661705 
-24.10787 42.42179 23.56042 
7.342593 88.06139 4.052571 
7.825398 87.11717 5.168009 
-23.11229 42.35786 25.32677 
-0.5312802 59.36191 38.47237 
-28.22029 -53.55799 15.53636 
6.508852 88.21989 4.728464 
3.729938 88.71056 5.022293 
-26.49137 -53.76184 16.04568 
2.838785 89.33198 5.187259 
-34.02249 -53.80663 4.559858 
-32.9963 -53.49937 3.473756 
23.25559 -53.47182 4.518532 
29.6121 -53.68864 5.248923 
32.06142 -53.73327 17.08604 
-46.6052 -53.22558 6.051154 
26.40885 -53.33343 5.583484 
27.04356 -53.1573 4.754469 
34.29192 -52.18547 5.862604 
-22.58963 44.11038 25.43146 
-39.72853 3.094468 9.655798 
-36.01152 -4.188443 17.02211 
-31.68617 -51.1865 5.526212 
34.86189 -51.50711 4.851719 
-31.58375 -50.0204 5.594731 
-39.70448 -53.40976 16.78609 
34.20539 3.445269 9.574286 
26.42463 -47.80318 4.984748 
28.08541 -48.24517 4.740566 
21.82149 46.97753 24.16129 
-24.18905 47.15613 24.22549 
-24.68124 49.07279 24.75897 
29.37405 -46.99802 5.195215 
20.65784 -46.00259 5.040084 
-23.7142 -31.88177 19.13963 
22.25796 48.40852 24.29131 
-43.92796 -45.44772 4.730477 
-43.55782 -44.96106 5.123382 
-39.18505 -44.88293 4.986122 
-38.40417 -44.48379 5.240406 
-34.87322 -44.89392 4.885302 
-37.71671 -44.45892 4.880757 
-42.39447 -44.28815 4.641159 
-31.1213 -34.32287 4.875673 
-29.80679 -35.02404 4.934645 
23.5261 51.13506 24.33416 
-32.01908 -35.4267 5.61865 
30.25963 -53.20171 16.8855 
-27.44753 -33.00803 4.714284 
-27.74563 -34.40195 5.68661 
-26.6756 -33.44779 5.577454 
-6.988146 4.627292 9.458102 
-35.58325 -32.87209 4.979136 
-33.47776 -32.98271 5.212127 
-34.82881 -32.38973 4.716219 
-2.392977 43.22537 34.80908 
-0.4159028 41.53699 34.49484 
8.14785 12.35585 26.94334 
22.63813 52.43546 24.87668 
-23.88645 -29.13985 4.826344 
24.4699 -28.20414 5.377356 
23.82458 -27.96421 5.421366 
27.18321 -27.67161 5.195781 
21.43796 -25.07145 4.929474 
-40.78305 -24.49089 5.039541 
15.72649 -52.38893 16.80183 
19.46617 -9.996829 19.81909 
19.78742 -23.48481 5.227938 
19.77537 -21.87743 4.235878 
-41.42505 -22.88265 5.17415 
0.8532606 5.025307 10.93962 
34.78656 -50.57211 16.74055 
24.19158 54.96625 24.64759 
32.27354 -19.75898 5.481493 
32.81108 -19.0176 4.348239 
18.67301 37.10399 18.75962 
-42.55788 -17.76882 5.455548 
-24.22066 -17.53238 5.461531 
18.54524 -15.02953 4.782225 
-5.606265 43.02707 34.51159 
-42.62238 -15.94785 4.282725 
16.46528 -9.958063 4.780993 
25.76568 -34.86239 28.69211 
18.84389 -49.9787 7.115475 
33.85032 -9.285621 4.916862 
18.5999 -34.78603 28.81967 
23.72654 62.70145 24.45592 
18.50222 -42.14333 29.08229 
-41.07492 -3.350119 5.639664 
-8.611201 69.90332 35.92331 
-36.93513 8.833895 10.01881 
-40.3694 0.202713 4.329071 
-6.437476 -5.095159 54.4492 
-0.5325165 61.81276 38.95732 
-13.65185 1.574296 5.69046 
33.52046 1.805291 4.514897 
-39.92174 1.813786 4.595613 
-39.3568 2.92667 4.835676 
-13.67974 2.759445 4.882985 
6.084112 42.64288 34.67118 
7.967495 4.049865 4.408176 
-38.92858 4.12745 3.849613 
-39.04913 5.139105 6.126434 
32.19796 6.360059 5.42105 
-6.096826 16.10338 29.68395 
-38.12509 6.099744 6.009424 
33.44729 -47.41227 16.77561 
-25.11894 67.55145 24.63949 
-36.19258 8.88514 5.070623 
9.1904 70.32555 35.70953 
6.674929 84.19233 24.54122 
-34.08392 10.30181 4.884709 
26.84408 13.4433 5.64773 
-35.50476 11.27718 9.677364 
25.00917 13.98055 4.924487 
21.77553 67.90692 24.43153 
16.33757 -45.58987 15.86185 
21.96761 15.51272 4.724027 
31.38062 -45.96778 16.38089 
5.545685 43.23387 35.15811 
20.89831 17.90491 5.707445 
21.26195 70.53798 24.08869 
-22.84772 18.86193 4.837133 
-23.13082 69.81011 24.41082 
19.36164 19.65486 5.112991 
-0.46906 -5.38559 52.11295 
16.88157 -44.54185 15.7077 
-18.42707 22.24222 4.542819 
19.2187 46.90673 29.0424 
-16.90565 27.01081 4.658754 
15.90399 29.96419 5.578594 
-2.482953 6.096215 10.27948 
16.63149 33.31922 5.728936 
-19.78253 33.141 5.864949 
16.90664 34.14492 4.939766 
-21.87395 71.74788 24.49504 
18.90258 35.05026 5.184783 
18.90083 36.60247 4.964151 
22.25267 39.66501 19.74611 
-24.2774 -41.84818 16.88749 
-30.15923 46.60198 5.36258 
28.85981 13.43221 9.570946 
16.85093 -41.61712 17.32949 
38.63112 46.87138 5.085745 
39.77063 47.73063 4.504066 
40.38664 48.55219 4.730175 
27.36234 15.39752 10.26519 
43.62252 50.72676 5.068204 
45.50061 53.47391 4.936077 
-5.566509 84.63306 25.12792 
45.10841 57.3042 4.819582 
43.75796 57.02217 5.204419 
-14.45728 61.5885 36.7021 
3.283699 7.675687 29.47223 
-41.02699 59.50995 5.155425 
-39.43402 61.86304 4.842538 
-17.19095 78.82673 24.67937 
-30.172 16.42241 10.46999 
-36.42969 64.61796 4.919842 
16.08582 -39.29588 15.88793 
-35.22411 64.29379 5.508405 
-34.14145 64.41162 5.941701 
-32.91858 65.09127 4.620316 
32.09342 64.79785 4.131551 
33.78706 64.41111 5.081645 
-29.40261 65.25859 6.025393 
28.81848 66.05787 5.326964 
-28.43225 67.93519 4.737512 
-15.79558 79.38331 24.49557 
-28.88447 69.57462 4.832676 
-27.88494 70.8355 5.596013 
23.94787 71.6181 5.469634 
3.029895 45.02697 34.6675 
22.08711 72.72721 5.395956 
-24.00933 73.43887 4.6513 
23.09912 41.51838 18.78479 
18.62089 75.82217 2.988755 
-20.62622 75.51034 5.012176 
24.22401 17.00922 9.47195 
-20.28814 76.18357 4.592256 
4.141453 84.76258 25.30196 
-16.89878 81.31331 5.400741 
-23.08976 -36.51858 16.88979 
30.22167 -36.64327 16.74549 
-15.79465 82.20285 6.400007 
13.25303 83.54748 5.410545 
25.01105 -33.59428 28.77235 
13.95964 81.17174 24.34946 
-40.18408 -36.24018 16.72217 
-8.615209 87.75494 4.368551 
-22.71728 -35.54703 16.4942 
-4.11669 89.20309 4.522397 
9.72855 45.141 34.2463 
-1.509123 89.99722 6.105771 
-1.451814 89.55914 5.193397 
0.6960651 89.49631 5.262481 
-22.40286 -33.88796 16.83027 
-44.24102 -53.5061 4.696943 
-32.91014 -53.91127 6.701934 
-31.8713 -53.41089 5.852953 
-26.04732 -17.95769 18.25784 
20.49443 -53.56377 6.562302 
24.84303 -53.50009 5.466373 
20.10291 -53.23313 5.248923 
40.01642 -52.99181 5.135611 
-13.37498 44.99241 34.65758 
19.77752 -52.59193 4.998446 
-49.14157 -51.19575 4.968176 
39.67596 -51.85884 5.352047 
-53.56591 -52.02327 6.395451 
-11.53997 84.04145 23.93446 
-24.68722 20.89443 9.782723 
19.60604 -50.87566 5.144031 
33.21689 -49.68557 6.142867 
-49.59408 -48.84967 5.139405 
-31.96141 -48.85012 5.510909 
32.20393 -48.2495 6.912004 
-52.81354 -48.62131 4.82232 
-9.747776 84.45501 23.55004 
-50.9723 -48.09365 5.137006 
27.15902 -48.8186 4.48421 
9.705832 46.05366 34.59981 
27.38875 -47.64621 5.453866 
-32.56558 -47.48114 4.995603 
-8.218913 84.12814 24.53234 
20.2735 -46.79809 5.704502 
24.7507 -45.92792 5.426983 
-26.24767 42.82043 17.9655 
22.8246 -45.00538 5.549963 
-30.9611 -35.9409 5.561527 
-2.052141 -7.441997 55.83404 
-28.67315 -35.44878 5.624333 
-39.26792 -41.69111 11.16676 
12.25857 -29.95157 17.1793 
-22.21721 -29.6497 16.65083 
-33.8231 -33.80803 5.798739 
32.75034 -30.29079 16.62989 
-36.81073 -32.84275 6.18425 
-25.41802 -31.49244 5.137474 
-36.9009 -31.0682 5.355337 
-38.63121 -30.08233 6.126628 
-41.28777 -27.99851 16.91415 
-15.16378 46.24408 34.75539 
22.71672 -27.04609 5.277164 
-3.886127 85.98034 25.02018 
21.75585 -26.57673 5.132266 
-22.70384 -26.19374 4.771864 
17.2652 26.73957 10.86775 
29.67885 -25.24373 5.464702 
-41.33574 -26.10902 5.77411 
29.69557 -24.12379 4.662135 
-21.80544 -23.90439 5.723328 
23.47803 -31.57473 28.79527 
-29.30897 -53.52948 24.71039 
25.16328 -20.48804 25.1463 
-16.35448 47.34734 34.30325 
18.94496 -22.5829 5.49613 
31.30095 -22.06627 4.887026 
31.99506 -21.57268 6.023717 
9.228484 70.97472 35.5963 
19.07125 -21.20228 5.382576 
-42.1354 -19.77414 4.965572 
31.244 -20.85651 4.903893 
-22.96959 -19.4614 5.655544 
13.03388 -24.82869 18.36103 
19.77278 -20.15226 5.326803 
-31.50472 -53.30743 24.47973 
16.94638 27.60927 10.10715 
-25.33866 -16.58342 5.361313 
-25.27045 -15.65252 6.556631 
-22.22847 -23.02048 16.38411 
-25.89405 44.70505 18.41389 
-6.496258 60.8204 38.86702 
33.23595 -12.41319 5.118454 
-41.5841 -22.91916 16.47792 
0.01595758 6.032184 10.33062 
-19.57932 69.83067 30.19132 
34.24993 -8.145929 4.871576 
-41.05249 -7.657696 6.515792 
34.91808 -6.775302 4.700399 
15.03966 -7.844993 5.240875 
-20.40474 -6.41146 5.359464 
-23.10015 -21.07849 17.14813 
-40.63347 -5.343723 5.597503 
-32.89919 -52.34077 24.46763 
8.155539 83.24322 25.4911 
-17.78617 -3.841381 5.555624 
-0.9242831 4.509997 37.03082 
11.20653 -1.805911 5.772006 
9.960822 0.08493339 5.82059 
0.4410089 3.776484 37.47029 
32.40699 -19.84836 16.6538 
34.40854 1.265456 6.353817 
-39.82976 2.314818 6.747623 
-33.01821 -51.27024 24.58938 
26.13322 -51.702 24.45193 
7.400995 4.404613 4.588089 
-12.08525 4.396878 5.103461 
-2.832262 5.192713 4.826218 
1.182063 6.122556 5.545561 
-31.02128 -51.06111 25.29302 
-4.768341 6.148449 6.86177 
-23.9652 -51.21815 24.42891 
12.48255 -51.06976 23.61224 
-8.684062 71.85326 35.86854 
15.33285 -18.36869 17.03599 
25.10359 -31.25877 28.4693 
-26.43326 45.79995 19.81055 
-24.51248 -50.72651 24.79997 
28.95107 10.92867 5.644314 
23.06844 44.32065 17.69329 
-29.89267 13.36052 5.57098 
-37.79789 -41.51578 10.0697 
-28.46377 14.47947 4.815299 
-14.76513 -3.169515 18.68273 
25.01296 15.05747 5.527304 
23.80371 15.59714 5.067521 
20.85275 16.48833 5.305099 
16.60833 -16.64747 15.84766 
-27.00836 -41.85138 11.10461 
0.7587864 86.21419 24.9945 
19.83404 37.12609 9.481124 
-24.71763 -49.49244 25.32673 
-21.20995 21.91563 5.488311 
-31.64813 -49.46027 25.29576 
-20.30783 20.8967 3.881284 
15.89218 22.37293 4.279268 
16.22274 23.57772 5.687987 
23.45308 47.84426 18.88942 
-27.132 -16.36187 17.59064 
-18.34509 25.065 5.944025 
-23.39404 39.18542 11.07666 
-17.01307 29.65299 5.055292 
-31.4037 -48.1246 24.92228 
-18.76863 32.50688 5.314534 
17.89594 33.59069 6.08261 
-19.82459 34.33424 6.164487 
-19.94728 35.06281 5.852696 
-37.88071 -14.72367 16.60622 
12.61902 -48.90462 25.70768 
14.34266 52.64773 34.41407 
12.96259 -47.42469 26.05908 
-28.81554 46.01192 5.76328 
27.84166 44.78186 4.611153 
29.30557 44.88685 5.80158 
22.75509 41.00526 9.021593 
-31.65041 -46.73981 24.63952 
-31.74649 46.80425 5.190215 
5.874576 84.34727 26.05069 
39.08082 47.97084 5.896922 
40.64663 49.28598 5.505295 
43.39568 52.4108 5.500053 
44.83445 52.30698 5.267948 
44.82691 53.93973 5.476522 
-41.87056 53.85996 4.941569 
-42.23544 55.72571 4.83515 
-11.7717 61.4541 36.96614 
44.90833 56.56158 5.276909 
-36.10358 -13.26523 15.97351 
-27.3938 -46.75021 24.84932 
-34.0134 -13.33898 16.25262 
-39.9965 60.0274 5.664841 
39.70475 60.76812 6.100314 
37.48626 62.28113 5.463717 
36.08625 63.40507 6.07629 
6.86832 72.58913 35.2723 
-32.48859 -12.94745 16.32745 
32.29621 64.99856 5.989017 
-27.54861 45.10033 9.595312 
-30.51959 -13.36057 16.43218 
-29.58394 -45.89281 24.71071 
-29.60569 68.56553 5.597446 
26.11798 68.05716 4.590425 
-26.68205 71.68355 6.208306 
14.00145 -45.19891 24.51363 
-25.27776 72.81316 5.915809 
-5.302337 84.77532 26.82404 
-21.43824 74.68681 5.633803 
20.67891 74.69767 6.014797 
18.45417 75.67318 5.271454 
19.28406 75.57438 5.044874 
26.86636 -44.87926 24.21272 
17.03574 77.6621 4.122289 
14.10267 81.51878 5.543393 
-31.45552 -11.66173 16.54334 
13.80127 82.39192 5.683125 
-28.36049 46.75266 10.27471 
12.09604 85.06597 5.810194 
16.76327 -11.77198 16.57164 
-13.06367 85.56972 4.687195 
10.21338 86.72851 6.063186 
3.989043 84.58424 26.62598 
7.041138 87.96429 5.19726 
14.85116 -42.07655 24.54983 
7.491694 88.40385 6.339619 
16.89585 -31.6575 26.93894 
-7.954581 89.10351 5.592404 
16.07598 -11.22234 16.26929 
-5.845597 89.81975 5.599031 
-4.096267 90.30547 6.144452 
29.4246 -53.70941 8.101311 
-36.73252 -53.10217 6.213881 
-31.53921 -52.64974 5.63096 
17.47783 -41.96813 28.97444 
33.05436 -53.36225 4.802765 
15.04999 -40.02102 24.87957 
-0.7443988 85.98938 25.39601 
28.67806 -39.8419 24.66886 
14.54383 -39.52544 24.24742 
-53.03537 -52.65835 5.608538 
-52.07225 -52.65415 5.943452 
1.130839 -4.871847 41.11821 
40.756 -52.34613 5.822743 
17.7481 -16.20741 18.12839 
33.57016 -51.80375 7.073536 
38.63781 -51.78415 5.747266 
34.06808 -50.6142 5.937201 
-29.4739 -10.42509 16.43266 
-28.477 51.98389 18.76522 
32.68686 -49.681 7.378369 
29.11193 -39.09117 25.20253 
-48.80354 -50.49432 4.487758 
-6.054263 -6.935614 52.73179 
19.21755 -49.18741 6.496204 
-48.4503 -48.023 6.129748 
-47.72968 -48.24206 5.988899 
-4.198805 84.82872 26.69582 
-45.22386 -46.58863 6.212319 
20.67771 -46.16145 6.178177 
-13.99078 44.14979 34.39019 
21.85925 -45.0744 5.824655 
27.47231 -30.45239 27.35788 
-39.26057 -43.61157 6.263945 
14.19945 -34.2276 24.29412 
-30.36651 -36.51311 5.919147 
-37.52024 -15.48933 17.90818 
-28.87921 -37.22454 6.610972 
-33.09503 -34.96111 5.958185 
24.58928 51.4333 18.29181 
-1.123613 84.99642 26.40697 
14.15676 -8.917732 15.10334 
30.16997 -31.74916 24.78641 
-20.50068 -7.943152 16.54475 
-38.15729 -31.93192 6.14946 
-24.5865 -30.60048 5.419154 
26.45557 -30.37178 5.93394 
30.00687 -7.929666 16.20944 
26.11621 -28.77721 5.66305 
-23.40542 -27.47213 5.334606 
-32.00769 48.65346 9.629428 
29.78492 -29.88777 24.97089 
-28.23308 -52.82196 25.66958 
-22.32321 -27.04646 5.908814 
28.38797 -26.32341 5.144039 
19.26936 -26.97872 5.955625 
20.58747 -26.54309 5.95311 
-21.61324 -26.36237 6.412819 
19.50471 -25.61412 5.817242 
29.80937 -25.97979 5.971428 
-21.66267 -25.35349 5.764441 
30.10675 -28.20048 24.92561 
31.14898 -25.0818 6.106363 
-32.89269 49.52097 10.0919 
13.75086 -6.704521 17.34259 
19.87809 -24.97011 5.276289 
18.04752 -24.14677 5.75264 
-28.55919 55.58143 18.4719 
-42.36222 -23.21384 6.378401 
-21.65189 -22.40439 5.533167 
24.99619 54.35829 18.40079 
32.18814 -22.48257 6.56768 
6.285234 12.39559 27.60288 
-16.58971 64.43631 34.93118 
17.50228 -22.03544 6.661376 
-42.36732 -20.87192 6.166721 
13.40529 -53.22535 25.23656 
-4.831291 -2.405777 53.32116 
18.85429 -17.39388 5.778561 
-34.23291 50.55046 9.500123 
-17.86743 -6.306036 16.8124 
29.4959 -25.11985 25.26577 
33.01679 -16.5786 6.394905 
-16.80263 -5.527393 17.58673 
-41.9696 -14.41234 5.973386 
33.11981 -14.08088 6.424912 
16.28326 -12.60011 6.644335 
17.05957 -12.63776 5.351494 
-23.48389 -10.48583 5.872723 
29.4984 -23.37022 25.14325 
-21.14967 -8.382519 7.34173 
23.12051 -29.62273 28.65413 
-19.19397 -6.029621 6.826089 
30.19164 -45.87273 19.13575 
35.07768 -5.5707 4.846947 
12.94845 -4.511712 5.679541 
23.55438 -53.53674 26.39146 
-36.29416 52.48237 9.711246 
35.02438 -0.944245 6.166231 
-37.50911 -3.892308 15.97861 
25.18385 55.77964 18.22475 
15.44468 -45.34752 29.08497 
-40.6456 0.7201756 6.397976 
27.83126 -20.27363 24.6017 
28.5174 -21.20745 25.00138 
7.164952 3.293594 6.895586 
20.64794 -21.40312 25.44062 
7.941296 3.725779 5.354323 
31.78361 -3.282884 16.91215 
-39.68204 3.72823 6.414075 
3.316984 5.594419 5.263684 
33.04268 3.87921 4.960147 
-9.793873 4.73271 6.85758 
-3.390095 5.588211 6.853112 
-36.71427 -2.396352 16.80334 
9.842879 60.22488 37.09605 
14.6715 -53.27474 26.52875 
23.54507 -19.78735 24.69916 
24.19649 -20.9359 25.69711 
30.84159 8.980057 5.86563 
-15.10573 67.58579 34.63117 
-35.06713 9.772395 4.76567 
-36.72666 55.16486 9.929122 
-33.43456 11.7073 5.322845 
-22.72523 -0.008100081 24.50151 
25.7855 14.26288 6.132595 
-23.91804 0.5573688 24.43082 
-25.09813 16.65882 6.655866 
-29.23865 57.77827 18.09016 
22.44454 16.56139 5.920647 
21.93928 16.8035 6.031267 
25.62653 57.29232 18.18042 
-22.93307 22.09621 7.740406 
19.02419 -0.2530661 24.22439 
9.169161 0.04642849 17.31376 
-20.15722 22.78873 6.036653 
17.65617 22.37078 5.353745 
19.5048 1.333122 24.66599 
-17.76598 28.13494 6.71123 
-1.164792 2.312223 27.74737 
-18.64843 31.20628 5.953226 
24.60202 -52.98516 26.05649 
-36.83609 2.056737 17.02186 
-6.524423 -6.316228 54.65462 
-14.70595 -3.780802 17.14569 
17.05968 33.55922 5.883377 
-8.522496 2.358968 16.97647 
3.878868 45.97194 37.3429 
-20.04533 1.909077 24.94753 
18.18324 1.325885 24.42179 
-29.52956 59.25613 18.08585 
22.06399 41.24158 5.334692 
37.14638 58.3707 10.38205 
6.936861 2.433494 16.38395 
30.90985 44.49446 5.602736 
33.51801 45.19648 6.071996 
35.77667 45.69246 5.89355 
24.60351 -53.47683 25.5304 
36.84882 46.50883 5.304013 
-33.36846 47.64019 6.412459 
-35.06358 47.69313 6.145034 
-38.47313 48.47183 5.537416 
39.35625 48.69916 6.761644 
-1.911993 -5.832895 55.19025 
42.08395 50.05713 5.608716 
-6.149487 64.34304 38.63129 
-39.47831 51.82236 6.826625 
42.07482 51.50426 6.027012 
10.93985 69.31658 34.51173 
-40.4146 52.41311 5.504224 
-7.065066 3.922458 16.64738 
18.48013 2.039132 24.64987 
18.54778 3.201208 25.19348 
-40.67725 53.37702 6.054897 
43.63355 53.99676 5.707747 
-5.713861 4.829329 16.21386 
-40.69452 55.53746 6.503326 
43.60154 56.07437 5.489635 
42.5379 55.3824 6.256135 
-35.77692 60.13339 9.205695 
41.51217 57.03112 6.41464 
42.73338 57.07187 6.004085 
-11.16486 69.83973 34.67604 
31.07504 7.004926 17.57676 
-38.52333 62.67252 5.731561 
19.54121 2.645456 24.63446 
-36.92051 62.78642 6.745698 
-29.03712 66.89022 6.410266 
-34.00014 60.89642 9.215991 
-29.40849 69.44748 5.779817 
-11.21044 70.48206 34.46634 
16.73792 3.339472 25.03848 
-2.380778 6.897476 17.30018 
18.45378 75.86017 5.99615 
19.94362 75.19637 6.521189 
-20.84883 76.77999 5.748355 
18.66514 76.72906 6.803741 
-18.38624 79.58973 5.964968 
12.29415 70.83441 33.96396 
-11.2807 71.67572 34.68376 
14.739 81.09702 4.716237 
11.64988 -1.849836 19.78972 
-35.35831 11.01275 17.39475 
-30.65437 -14.81144 17.98963 
21.72657 3.254135 24.77826 
4.759923 89.30899 6.041354 
-28.50481 3.556288 24.46363 
30.12766 10.13969 16.82361 
23.14333 -51.85095 27.44927 
40.13296 -53.97728 6.860662 
-7.639458 46.78252 36.83208 
-30.93016 -53.22231 7.173898 
7.530264 13.81672 26.71169 
-2.586751 3.665576 25.61152 
24.996 -53.11915 7.026446 
39.87171 -53.59429 5.664557 
35.39834 61.04609 10.29586 
-42.94122 -53.06775 5.721859 
28.99281 12.01755 16.94987 
19.54651 -53.06777 6.739989 
22.70666 -53.4936 6.174686 
32.35183 -53.01713 6.675677 
41.21632 -53.49922 6.322776 
-53.08337 -52.51437 6.455509 
-48.66846 -52.4507 6.244275 
-33.87522 13.01151 16.58835 
15.56724 4.476325 24.62652 
40.06752 -50.70415 6.930771 
-30.86991 -50.54322 6.420005 
38.47168 -50.20355 6.680836 
-21.67188 49.66749 29.12874 
26.58257 14.08814 17.03434 
39.71497 -50.53517 6.394289 
-54.13017 -49.70534 5.019274 
-32.40038 15.30816 16.241 
-40.56681 -27.62233 18.82369 
-36.0327 9.786623 10.49285 
20.16546 -47.40672 6.049584 
24.10137 -49.95781 27.16067 
-31.72627 -47.33263 5.92311 
-46.55423 -47.7119 6.424371 
-30.02702 63.61594 9.631693 
26.70034 -46.95261 6.267831 
31.56065 63.27876 10.25378 
6.246531 74.55773 34.43578 
29.06959 -46.75274 6.105444 
30.93629 -46.46535 6.372809 
23.01813 15.63073 17.25649 
-24.9911 -52.15762 25.6936 
28.35927 -46.31385 6.471697 
23.14326 4.107032 24.64581 
25.92393 -45.8049 6.819051 
-34.35282 -44.20289 6.454428 
-33.21501 -44.92117 5.657647 
-32.05059 -44.7043 6.624403 
22.7867 -44.70055 6.516446 
-36.45467 -43.7077 6.413249 
31.93071 -48.99381 7.620036 
-40.71971 -43.93827 6.05802 
-30.49361 16.47649 16.96436 
-37.84028 -43.53757 6.715873 
-34.98074 -43.64243 6.66072 
1.238033 4.227094 24.61781 
29.91586 65.16107 9.596849 
-30.02637 -37.47941 6.30209 
-28.10145 -36.46135 6.232993 
-28.88106 17.08368 15.72035 
-28.80747 16.86272 16.60269 
-34.5114 -35.39126 6.135362 
-35.46406 -34.21577 6.333067 
-2.939206 47.50245 37.39209 
-36.42234 -33.61231 6.320364 
14.86426 5.809555 24.72132 
-25.23231 -33.3483 6.355649 
-3.540903 84.57874 27.24452 
-24.24092 -32.12033 6.256259 
-27.52234 17.76208 17.02377 
-37.6921 -33.25879 6.874284 
-28.70895 64.13114 18.45971 
24.92833 -29.79995 6.325298 
27.54598 -28.93849 6.125798 
23.79076 -29.21039 5.931576 
-39.5766 -28.93915 6.316471 
22.57861 -28.95428 6.724346 
22.67299 -27.80321 6.144665 
28.61244 -28.05995 5.677524 
-29.89939 66.6874 9.929885 
15.83734 -44.43964 28.24536 
7.622554 74.74093 34.43726 
18.06639 -26.2279 6.486475 
-29.79583 67.59533 10.03973 
31.93255 -23.95984 6.738301 
18.83787 23.44072 16.5509 
31.15321 -23.3056 5.556013 
-21.08245 -22.05584 7.588757 
18.67934 24.76799 15.5763 
-42.47578 -22.30965 6.069452 
18.1184 -20.57486 6.14375 
-22.3012 -19.65198 6.640493 
-22.36367 -19.19056 7.242666 
18.56056 -19.37452 6.454583 
18.08761 27.11775 16.58885 
-24.78104 -16.44171 6.823398 
-25.30692 -13.45712 5.441854 
-7.896019 75.60658 34.05802 
-24.29994 -11.29959 5.743368 
-32.28376 -13.70849 16.66369 
33.01508 -11.04327 6.593285 
15.62006 -10.59875 6.305694 
33.19193 -10.28007 7.007546 
33.36175 -10.12972 5.448677 
-27.6248 70.54223 10.00017 
34.02036 -8.467407 6.266192 
18.6634 32.78514 15.34865 
34.77318 -7.426977 6.371713 
-19.92951 33.63058 16.21423 
13.40969 -6.901285 7.121923 
35.02445 -5.547537 6.567585 
-5.884062 75.33678 34.36054 
34.76408 -4.448585 6.829602 
-16.32845 -2.960294 6.851741 
35.19447 -2.997428 5.739931 
18.33587 35.14989 17.14775 
4.948619 75.82536 34.37563 
34.37322 0.2589488 6.084694 
5.028442 7.273663 24.87551 
-11.99377 2.532843 7.184787 
-22.17639 39.11611 16.80115 
-3.901259 76.55238 34.50687 
-22.81164 39.65588 15.37255 
13.74317 -46.69143 27.04449 
21.47784 39.64633 16.27522 
0.1048927 5.770777 7.067735 
-37.55232 7.4174 5.966675 
-23.82609 41.48491 16.61687 
3.579545 6.166803 27.60038 
-34.68547 10.52586 5.949585 
-2.288945 76.42753 34.73879 
-31.73597 13.42544 6.497853 
-26.29628 71.96346 10.16925 
-29.07976 14.75602 6.093732 
-26.25794 15.94656 5.812305 
25.05652 68.09512 18.77884 
-0.681021 76.46096 34.76575 
-0.2323145 64.37563 38.56778 
-24.62623 73.49084 9.462733 
-24.81163 73.85641 10.0343 
-0.02316803 62.26526 38.90703 
-22.17086 22.35649 7.23524 
-19.35082 24.03778 6.709053 
-26.795 46.34938 16.87305 
1.311575 76.49564 34.63214 
-35.55289 10.98221 10.75969 
-17.76561 30.04014 6.513069 
14.91731 7.855255 24.5613 
16.75397 33.00299 6.471612 
-27.5312 49.71298 16.78732 
-24.36014 74.81164 9.058569 
21.50606 75.16637 9.79749 
23.12827 41.96748 7.50237 
-2.50851 76.90488 34.51945 
26.30622 44.85817 7.449016 
20.68343 7.376645 25.03148 
31.796 44.4947 5.865776 
0.4966954 76.96546 34.38476 
-30.40392 47.14085 7.162908 
-32.13198 47.53239 6.356938 
24.00689 68.84196 19.24841 
37.37883 47.35233 6.182024 
-5.480395 -4.33111 41.31479 
-28.11832 51.91173 17.09422 
-37.80014 49.06058 6.736537 
40.78291 50.34429 6.138063 
20.36308 75.85775 9.453709 
42.48742 53.1903 6.422251 
23.54272 70.1373 17.81414 
12.35276 -27.9462 18.56748 
21.042 7.914721 24.8942 
-40.71869 56.96759 5.962938 
-39.68468 56.87228 7.308501 
39.66182 59.75877 7.108434 
-39.25208 60.28744 6.731299 
15.36969 9.438819 24.9326 
16.62603 8.516294 24.44258 
-21.99441 77.95555 10.67841 
-20.73453 77.91026 9.573181 
34.39497 63.86793 6.944379 
-27.33101 8.866938 24.8055 
-29.93832 56.80861 16.65862 
30.64421 65.00101 6.522724 
-5.771833 7.209194 28.34462 
19.1903 77.01099 10.00244 
27.30766 66.96726 6.659119 
26.3653 67.74686 6.060517 
26.68832 57.84405 17.40426 
18.69064 78.16942 8.946312 
-7.915111 48.50489 37.60774 
-21.14264 76.03856 6.593822 
19.23034 75.3171 7.221144 
-17.24792 81.64967 6.48173 
-1.16837 56.10199 39.39356 
-20.07596 79.74674 9.778402 
-14.15194 85.06891 6.15756 
-11.85692 87.42788 7.367753 
8.715052 86.91461 6.408841 
-10.8756 87.96434 6.456939 
-9.150536 87.91579 5.458726 
-29.17333 62.99151 16.71544 
2.145866 89.96763 6.181716 
0.2224406 -4.42192 35.27201 
30.442 -53.58219 6.893796 
38.31664 -53.45999 6.856853 
-29.33787 64.53812 16.97624 
-50.05099 -52.67401 6.437459 
-45.11563 -53.29662 6.460071 
37.31297 -52.3998 6.539457 
15.94991 -43.54217 27.58956 
15.55715 82.55312 10.34079 
33.86195 -51.28655 6.871707 
37.47178 -50.88192 6.557711 
4.669111 48.51487 37.25225 
-52.1089 -49.06937 7.341091 
39.09174 -49.51027 7.511808 
31.85309 -47.22067 6.38484 
-47.83291 -47.1071 7.155015 
20.51333 -46.7753 6.394645 
15.45997 16.44552 24.92905 
-6.150732 -0.6950403 35.43492 
29.80474 -46.52439 6.340185 
1.389194 84.52354 27.58522 
-44.12204 -45.11918 6.437509 
-20.62259 13.2717 24.95477 
-41.98988 -44.09702 6.086069 
24.68657 -44.75167 6.366966 
-35.39318 -38.41865 6.657487 
-28.04941 -51.10163 26.07524 
-30.34568 -38.42199 7.026949 
-35.718 -37.97374 6.630413 
-34.61571 -36.66006 6.874053 
-32.455 -37.18474 6.115841 
-33.51908 -36.14105 6.3342 
-35.66749 -36.32384 7.172079 
-36.89845 -35.6286 6.630105 
-37.69283 -35.79004 7.09588 
-26.09314 -34.75316 6.440701 
-37.75375 -34.87549 6.808156 
-14.9192 85.59106 10.3771 
-21.44297 16.5116 24.26242 
-1.593717 48.57486 37.50934 
13.01515 84.96406 8.623878 
-23.34754 -31.55502 7.162263 
14.91332 -44.88295 19.57388 
11.68766 86.15797 11.36701 
-40.52775 -30.38652 6.676435 
22.56061 73.30603 17.17066 
27.96101 -29.69963 6.965914 
-23.23626 -29.45442 6.326015 
20.8127 -29.32537 6.58674 
-40.48132 -28.61149 6.916766 
21.25383 75.38012 17.20947 
20.4319 -27.63477 6.624485 
21.9871 -27.88044 6.417762 
-41.05979 -27.64889 7.206278 
29.87196 -27.09882 6.674627 
16.57937 -26.58719 7.01051 
17.17433 -25.37462 6.604753 
20.13004 76.77271 17.13103 
-41.20382 -24.12801 5.784487 
30.0846 -45.14322 18.39687 
-41.80095 -24.28188 6.905419 
17.22141 -23.4364 6.336095 
14.84665 19.76154 24.67815 
-42.81404 -19.49322 5.980035 
-21.3673 78.81348 15.57886 
32.0933 -20.3716 6.216834 
-20.17984 79.49157 15.61727 
-23.54431 -18.76781 5.943839 
-9.852156 88.71337 10.62678 
-42.52137 -15.9362 6.561156 
-24.1603 -16.79536 6.736954 
-42.65003 -14.63718 6.937316 
16.89165 -14.64635 7.288112 
-18.71006 81.74443 16.20855 
34.12508 -8.613391 7.418968 
2.997298 83.90154 27.73409 
-17.18979 22.35902 24.39172 
7.57263 47.96742 36.63574 
-40.8245 -3.532711 6.728251 
-1.779571 -7.478464 52.94881 
10.44141 -1.512785 6.725889 
-40.79299 -1.918012 6.100933 
-12.86078 0.8899404 7.654521 
8.845421 0.3946751 7.377298 
21.8796 75.01218 18.76558 
5.368407 3.149333 7.534518 
-1.781349 1.694779 42.4154 
-10.95864 3.856734 7.712693 
-1.695678 5.533036 7.304501 
-0.1577517 5.833709 6.473476 
25.95998 -40.47451 26.72916 
-0.6948209 -0.5636545 29.75965 
-25.18996 -51.06969 25.27398 
-35.39137 10.79203 7.845994 
29.42205 11.47482 6.773575 
-51.45126 -48.1314 6.366578 
-10.66191 87.2129 16.45428 
26.78713 14.0557 7.330842 
19.6641 -41.75943 29.42778 
-27.51052 15.49698 7.052378 
14.75383 30.52532 24.93868 
6.443738 87.69982 17.2275 
-7.967136 41.94327 35.0848 
22.70182 16.80933 6.744902 
27.91062 -36.17801 27.27256 
-6.864939 11.60935 28.07575 
-7.298667 41.745 34.38281 
-3.403705 90.62173 9.897687 
17.06332 23.90775 7.356707 
-17.43374 33.00982 26.00784 
15.68261 25.10661 6.186217 
-18.20936 26.50313 6.906395 
6.500266 43.12326 35.38172 
-13.56655 43.39295 34.49461 
-18.95908 30.80951 6.824068 
1.098803 64.84771 39.04124 
16.59372 31.99649 7.509113 
17.00967 32.74336 7.408978 
18.20109 33.41916 7.922849 
14.4991 34.91043 25.80651 
18.57865 34.07044 6.454807 
-20.58323 35.14775 7.170434 
33.02208 -53.84587 9.98963 
-21.29738 36.09694 6.816689 
-22.25378 37.08148 7.375453 
-23.42141 38.7125 6.615219 
20.93321 39.35046 6.741641 
-24.57441 40.61496 6.262991 
21.72423 40.78881 6.393199 
-41.12614 -47.68187 17.13065 
-26.41464 42.84591 7.373481 
25.01518 43.73209 7.407933 
-26.25341 -53.81988 17.48442 
27.42171 44.94461 6.309456 
15.60493 36.94636 24.46038 
35.58167 46.1267 7.219871 
32.8013 -53.73966 17.64018 
-7.1386 74.43788 35.24074 
-35.98623 48.23699 6.996187 
37.73154 48.2927 7.351549 
-33.50801 13.39902 10.89791 
16.04975 38.18422 24.79719 
-39.02502 50.37859 6.70997 
16.45669 38.28493 25.38507 
-18.23714 38.48378 24.32269 
40.95267 51.69728 6.310021 
41.2962 52.98357 6.581691 
-43.74906 -51.91666 -5.176764 
-50.08057 -50.41069 3.922864 
-47.61253 -49.5007 4.095097 
-48.47923 -49.33334 4.805802 
-46.68281 -48.38312 4.553587 
-49.15717 -51.63202 2.332746 
-48.61637 -51.41172 3.726969 
51.87005 86.31932 -30.44651 
52.99797 85.14738 -29.38972 
51.34909 85.18896 -32.12444 
51.31843 85.68107 -32.5497 
51.09558 86.4954 -33.89904 
52.76729 85.60608 -29.2767 
51.68668 84.69757 -30.23978 
34.0648 -50.60455 4.774383 
12.72892 37.98839 27.33513 
3 8 1 2 
3 4164 2581 10779 
3 48 3 20 
3 9 2 3 
3 6 3 2 
3 2 4 5 
3 10178 7304 6709 
3 6505 4367 1065 
3 4 14 28 
3 6 2 5 
3 1 8 10 
3 2 9 8 
3 13288 13626 10947 
3 28 5 4 
3 9 3 11 
3 1 4 2 
3 10 8 16 
3 203 272 271 
3 6556 3882 7809 
3 1939 1791 1669 
3 10566 439 12574 
3 17 5 28 
3 48 11 3 
3 5545 7881 13905 
3 15 28 14 
3 21 23 55 
3 7576 521 2829 
3 2287 2301 10669 
3 14 4 1 
3 726 831 794 
3 1393 1394 1456 
3 17 29 19 
3 1872 2453 2983 
3 20 6 19 
3 3750 13111 10936 
3 1899 9960 740 
3 1049 13215 1067 
3 1197 1534 1411 
3 16 87 24 
3 6520 11254 1883 
3 10175 11254 6520 
3 5971 10021 793 
3 11 48 16 
3 7850 8103 8669 
3 13905 11977 7599 
3 40 41 21 
3 55 40 21 
3 60 61 36 
3 13887 1762 13921 
3 10936 13111 1049 
3 7013 6433 6145 
3 21 32 23 
3 39 41 40 
3 99 23 32 
3 48 87 16 
3 4549 7079 13877 
3 1 10 14 
3 54 41 39 
3 683 6120 2285 
3 45 15 44 
3 23 99 55 
3 17 28 59 
3 3750 10936 9796 
3 2354 8059 9796 
3 89 19 29 
3 2542 2567 13415 
3 11749 11945 4068 
3 741 575 615 
3 3870 6994 2845 
3 42 43 32 
3 6558 1883 7004 
3 9704 9501 5053 
3 10344 10216 981 
3 15 14 24 
3 11254 10175 4493 
3 7857 6832 3203 
3 11424 491 9383 
3 44 24 85 
3 28 45 59 
3 6520 6558 12752 
3 2118 2918 1122 
3 48 20 88 
3 72 89 29 
3 5285 4191 3198 
3 89 20 19 
3 51 52 36 
3 60 36 37 
3 24 10 16 
3 37 52 94 
3 36 52 37 
3 39 40 113 
3 8182 6520 12752 
3 108 126 94 
3 637 850 586 
3 94 52 108 
3 42 41 54 
3 29 17 59 
3 5163 782 4114 
3 24 44 15 
3 12752 7153 8182 
3 84 32 43 
3 1883 6037 7004 
3 742 743 617 
3 69 87 102 
3 48 88 87 
3 8182 10175 6520 
3 2316 8114 6836 
3 11720 11644 7114 
3 5634 11766 3994 
3 3121 6878 13935 
3 108 52 51 
3 29 59 47 
3 4493 6037 11254 
3 7336 3430 11424 
3 10124 8732 1931 
3 94 65 37 
3 59 71 47 
3 9294 10309 8325 
3 6876 3882 6556 
3 11979 963 13935 
3 812 816 1057 
3 1800 1952 1871 
3 20 90 88 
3 55 53 40 
3 60 37 65 
3 115 95 53 
3 1812 1666 2156 
3 24 87 69 
3 1750 11928 9915 
3 8622 8605 8642 
3 104 103 88 
3 7888 8500 7889 
3 47 143 29 
3 51 36 61 
3 8020 3960 5935 
3 13935 963 962 
3 5961 2918 2118 
3 76 108 51 
3 72 143 122 
3 1871 1734 1800 
3 11488 13114 1018 
3 500 4203 4182 
3 95 40 53 
3 99 115 53 
3 184 113 95 
3 3 6 20 
3 4249 5196 1445 
3 168 100 82 
3 69 128 85 
3 125 92 78 
3 1797 1122 2918 
3 145 51 73 
3 1705 6994 3870 
3 72 29 143 
3 105 132 123 
3 11979 13935 6878 
3 28 15 45 
3 92 105 78 
3 13706 2848 7685 
3 2118 2166 5961 
3 617 703 742 
3 20 89 90 
3 8500 7888 1893 
3 2216 1889 1965 
3 8136 5712 962 
3 42 54 82 
3 13874 9932 2725 
3 6518 12591 6878 
3 1842 2149 2317 
3 13829 1749 6556 
3 100 84 43 
3 1746 1749 13813 
3 47 71 130 
3 154 168 82 
3 102 88 103 
3 102 87 88 
3 10175 12889 4493 
3 12800 13806 1977 
3 3464 13715 13529 
3 123 73 61 
3 1745 13823 3621 
3 105 92 132 
3 92 106 132 
3 254 184 95 
3 61 105 123 
3 1017 969 1013 
3 6074 7937 5043 
3 107 126 108 
3 12591 3461 12566 
3 12625 11617 11614 
3 5050 1279 6020 
3 12729 6796 8769 
3 125 106 92 
3 3158 2220 2139 
3 6037 4493 9644 
3 7814 10035 7821 
3 13770 1685 13795 
3 139 84 100 
3 169 238 214 
3 169 214 170 
3 186 82 54 
3 111 65 94 
3 54 39 137 
3 126 177 152 
3 1700 3581 1683 
3 168 139 100 
3 13819 1740 13801 
3 3038 13715 6733 
3 4160 3273 7770 
3 129 69 102 
3 128 69 129 
3 101 45 119 
3 1741 13803 7819 
3 129 103 189 
3 45 101 71 
3 743 742 881 
3 122 144 72 
3 8136 962 965 
3 144 89 72 
3 464 822 1723 
3 9692 8061 8136 
3 111 94 152 
3 7390 5667 8381 
3 11794 5776 5410 
3 113 40 95 
3 164 186 54 
3 10350 12244 634 
3 10634 10175 8182 
3 138 193 99 
3 7004 8284 6558 
3 115 99 193 
3 154 82 186 
3 9294 12178 10293 
3 84 138 99 
3 139 138 84 
3 145 159 175 
3 102 103 129 
3 215 239 3201 
3 6528 13848 3211 
3 144 104 90 
3 13803 1741 13795 
3 157 122 143 
3 399 374 398 
3 161 159 123 
3 134 145 158 
3 13774 721 13785 
3 150 106 125 
3 76 145 134 
3 177 107 220 
3 7153 11021 12389 
3 244 273 303 
3 11880 13104 1944 
3 8528 8659 8661 
3 1720 3752 12952 
3 7768 3754 7805 
3 11655 4799 10634 
3 164 54 137 
3 11799 11833 7725 
3 162 111 152 
3 194 193 138 
3 11021 7153 12752 
3 10226 9644 4493 
3 4675 3643 2639 
3 12889 13259 4493 
3 13829 7809 5877 
3 13186 432 1180 
3 648 687 650 
3 95 115 165 
3 173 122 157 
3 173 144 122 
3 5431 5412 4257 
3 10053 10515 9440 
3 132 150 148 
3 2387 1943 928 
3 1396 2590 7671 
3 177 126 107 
3 107 76 134 
3 11994 800 788 
3 494 13559 7565 
3 8732 1933 1931 
3 8284 3992 5293 
3 3154 7691 3273 
3 165 115 193 
3 179 162 182 
3 170 141 169 
3 85 141 119 
3 141 128 129 
3 141 129 169 
3 141 170 119 
3 7646 4558 12347 
3 1563 370 1086 
3 12347 2228 12542 
3 13578 3581 1705 
3 494 7565 2822 
3 6558 6520 1883 
3 264 269 1304 
3 161 132 148 
3 134 219 220 
3 10397 13912 1864 
3 165 229 254 
3 179 150 125 
3 7646 859 4558 
3 4811 5942 5996 
3 2241 2524 2242 
3 162 179 111 
3 3429 3635 3833 
3 1670 13467 3165 
3 162 152 181 
3 137 184 208 
3 13578 13556 3581 
3 285 186 164 
3 12347 4558 2228 
3 13259 13591 10226 
3 5348 3243 4288 
3 9125 13304 9138 
3 10731 7716 6713 
3 139 168 231 
3 181 182 162 
3 170 101 119 
3 156 129 189 
3 71 101 198 
3 13336 1073 13300 
3 7803 7801 10024 
3 4865 13357 1670 
3 158 219 134 
3 4529 1381 11557 
3 12876 12669 12261 
3 161 206 159 
3 206 161 148 
3 1670 13357 7299 
3 3592 2680 11814 
3 145 175 158 
3 1743 1810 1631 
3 9143 8761 9835 
3 220 248 177 
3 4876 12616 10737 
3 181 152 177 
3 279 181 177 
3 2194 8251 146 
3 9470 536 1987 
3 245 148 207 
3 113 184 137 
3 1663 1782 1779 
3 935 1066 971 
3 233 168 167 
3 2478 3633 5917 
3 156 238 169 
3 4799 10175 10634 
3 13798 7429 7647 
3 968 1015 1016 
3 10228 6895 1920 
3 2115 2286 2197 
3 12409 4452 8922 
3 129 156 169 
3 71 200 130 
3 190 104 217 
3 217 104 203 
3 203 104 144 
3 299 173 157 
3 173 203 144 
3 834 801 732 
3 206 175 159 
3 13259 10226 4493 
3 175 274 205 
3 206 274 175 
3 148 150 207 
3 150 179 207 
3 280 181 279 
3 280 182 181 
3 208 184 310 
3 3330 9976 8922 
3 1913 8756 752 
3 137 208 164 
3 12276 13611 12313 
3 231 168 233 
3 7770 12478 4160 
3 7108 438 5931 
3 156 197 238 
3 156 189 197 
3 7402 7400 6810 
3 7647 7429 3192 
3 327 280 308 
3 198 101 170 
3 13729 6818 1086 
3 1084 1642 1187 
3 2209 2385 2390 
3 299 157 204 
3 272 173 299 
3 234 238 236 
3 322 304 366 
3 6935 11497 786 
3 107 134 220 
3 247 245 207 
3 9743 765 9839 
3 11404 9371 491 
3 229 165 193 
3 334 252 256 
3 224 226 210 
3 230 186 285 
3 193 194 232 
3 2560 2559 2952 
3 227 223 374 
3 231 232 194 
3 186 230 154 
3 955 880 838 
3 327 305 247 
3 6810 6811 7402 
3 214 241 170 
3 11609 2029 8971 
3 170 241 198 
3 439 10566 461 
3 189 190 297 
3 216 189 297 
3 349 2689 4722 
3 198 200 71 
3 175 205 244 
3 13580 9723 13644 
3 270 299 204 
3 158 175 244 
3 4901 8284 7004 
3 148 274 206 
3 325 220 219 
3 179 182 247 
3 208 310 331 
3 248 220 246 
3 208 331 222 
3 391 333 427 
3 678 11758 9767 
3 282 224 251 
3 223 226 282 
3 282 226 224 
3 254 310 184 
3 266 290 293 
3 11162 5130 13019 
3 226 227 259 
3 2816 2817 3155 
3 6037 9644 1395 
3 227 226 223 
3 255 261 225 
3 189 216 197 
3 3564 3140 3459 
3 2743 1470 4913 
3 230 167 154 
3 3552 13644 3562 
3 676 2731 1720 
3 260 225 261 
3 674 2733 12917 
3 5854 2029 11609 
3 231 234 236 
3 233 167 290 
3 265 289 229 
3 2731 12912 3742 
3 6953 11211 6761 
3 1069 974 688 
3 214 266 241 
3 198 267 295 
3 234 231 233 
3 266 267 241 
3 90 104 88 
3 190 217 297 
3 203 271 217 
3 270 202 200 
3 2888 5043 2883 
3 123 132 161 
3 4830 13927 9705 
3 3594 3572 4604 
3 274 245 326 
3 7591 7727 7589 
3 1094 921 809 
3 308 280 279 
3 865 863 827 
3 389 282 251 
3 10634 8182 12389 
3 786 7264 6882 
3 250 281 252 
3 1086 1217 1563 
3 281 253 252 
3 95 165 254 
3 271 273 301 
3 255 225 253 
3 281 251 253 
3 10710 10702 4672 
3 255 224 210 
3 255 259 261 
3 265 229 232 
3 6563 347 627 
3 193 232 229 
3 230 262 167 
3 265 232 236 
3 234 233 290 
3 915 914 877 
3 197 265 236 
3 461 10566 13157 
3 6761 11211 11226 
3 7114 3278 11720 
3 254 229 333 
3 297 296 216 
3 198 295 200 
3 10563 10584 12455 
3 10882 1492 8086 
3 321 273 271 
3 8292 6418 8257 
3 8971 3278 7114 
3 205 304 301 
3 9813 1851 8738 
3 219 276 325 
3 669 546 707 
3 274 148 245 
3 1222 1076 1075 
3 245 247 305 
3 267 266 293 
3 346 279 248 
3 321 303 273 
3 182 327 247 
3 281 329 251 
3 869 984 1176 
3 348 330 385 
3 9932 7836 13830 
3 7805 3754 932 
3 234 266 214 
3 2883 1781 2874 
3 289 265 291 
3 167 262 290 
3 241 267 198 
3 295 267 293 
3 1517 1452 1638 
3 7311 6827 6364 
3 158 244 219 
3 11716 11487 10868 
3 205 274 304 
3 217 318 297 
3 11655 7220 4799 
3 252 253 256 
3 11877 7703 10926 
3 219 303 276 
3 225 256 253 
3 11926 13778 13784 
3 205 301 244 
3 303 219 244 
3 322 301 304 
3 1217 1086 1505 
3 10374 11584 8411 
3 6474 6410 328 
3 326 304 274 
3 301 319 318 
3 246 220 325 
3 4901 7004 5111 
3 308 279 346 
3 327 182 280 
3 329 281 348 
3 399 227 374 
3 179 125 111 
3 463 582 398 
3 7264 786 11497 
3 351 310 254 
3 6410 3687 328 
3 322 444 362 
3 252 334 430 
3 6612 1086 370 
3 289 333 229 
3 260 354 334 
3 222 369 353 
3 11166 13015 13018 
3 7813 5814 3690 
3 285 337 262 
3 261 313 336 
3 315 262 337 
3 338 289 291 
3 331 369 222 
3 1344 11655 6040 
3 296 317 294 
3 340 358 401 
3 342 299 270 
3 342 321 299 
3 321 272 299 
3 301 318 271 
3 709 5757 13767 
3 322 319 301 
3 2663 1392 3708 
3 303 321 342 
3 344 364 379 
3 245 305 326 
3 8110 7858 7363 
3 3497 1601 3508 
3 1437 5196 406 
3 10259 10257 9832 
3 1125 1201 12862 
3 389 329 422 
3 2267 2268 2351 
3 331 310 351 
3 6895 1901 1920 
3 391 351 333 
3 1851 6766 10935 
3 9620 11688 3587 
3 336 260 261 
3 430 330 252 
3 253 224 255 
3 8508 9068 1529 
3 333 289 376 
3 353 337 285 
3 4013 500 10748 
3 376 289 338 
3 293 290 315 
3 12752 5293 11021 
3 6040 12389 11021 
3 12752 6558 5293 
3 13762 7108 12815 
3 2233 2500 2049 
3 315 337 355 
3 377 355 337 
3 296 318 361 
3 290 262 315 
3 8905 1466 10980 
3 363 270 340 
3 318 319 362 
3 4452 5586 6946 
3 363 342 270 
3 13525 13550 11687 
3 364 344 276 
3 10226 13591 9131 
3 10897 7688 542 
3 325 276 344 
3 304 326 367 
3 364 303 342 
3 7004 6037 5111 
3 345 367 326 
3 326 305 345 
3 382 346 246 
3 449 308 346 
3 308 414 327 
3 1692 2581 522 
3 10111 9323 8663 
3 45 44 119 
3 2643 2639 1486 
3 346 248 246 
3 351 368 331 
3 390 330 430 
3 293 315 358 
3 952 1188 1046 
3 389 393 282 
3 393 223 282 
3 13259 7650 13591 
3 132 106 150 
3 353 394 397 
3 223 393 374 
3 334 354 430 
3 369 394 353 
3 377 337 353 
3 399 313 227 
3 227 313 259 
3 313 261 259 
3 581 633 552 
3 3315 3465 13525 
3 376 338 378 
3 437 378 338 
3 357 358 315 
3 357 315 400 
3 294 317 291 
3 7576 2822 7565 
3 291 437 338 
3 291 317 437 
3 1043 987 836 
3 10588 11039 6952 
3 358 340 295 
3 361 317 296 
3 361 318 362 
3 3802 3597 3297 
3 8852 9506 9505 
3 276 303 364 
3 5222 4857 5315 
3 441 405 591 
3 5841 2451 2424 
3 364 342 363 
3 331 368 369 
3 367 366 304 
3 294 265 197 
3 344 446 325 
3 446 246 325 
3 12295 8752 263 
3 3620 3927 3415 
3 414 345 327 
3 6837 7166 11234 
3 308 449 414 
3 820 12712 1999 
3 10779 2581 1692 
3 11655 12389 6040 
3 390 385 330 
3 414 411 381 
3 2595 218 11984 
3 6066 10566 12574 
3 13525 9599 3315 
3 178 4849 8854 
3 348 281 250 
3 3930 3918 13837 
3 250 330 348 
3 4901 4433 8284 
3 333 376 427 
3 397 377 353 
3 939 941 937 
3 463 393 429 
3 375 336 313 
3 10175 4799 12889 
3 375 354 336 
3 486 13157 6206 
3 313 555 375 
3 1537 464 1751 
3 6663 6339 6496 
3 401 358 357 
3 441 317 361 
3 437 317 359 
3 362 405 361 
3 340 401 445 
3 407 495 379 
3 445 404 468 
3 317 441 359 
3 469 366 381 
3 385 424 348 
3 344 379 409 
3 367 345 381 
3 384 449 346 
3 1700 1705 3581 
3 422 425 389 
3 2140 13663 3356 
3 7811 8919 6783 
3 6058 116 10491 
3 8090 9058 7211 
3 12815 1646 13256 
3 369 368 426 
3 520 376 378 
3 8120 8397 8393 
3 1227 1218 13940 
3 8393 8252 8120 
3 12394 13229 4216 
3 4336 13305 6806 
3 463 374 393 
3 2535 2928 2622 
3 139 194 138 
3 523 354 375 
3 359 556 465 
3 8494 12422 10572 
3 397 524 377 
3 555 313 399 
3 2541 1568 5312 
3 500 4013 5747 
3 11822 2550 142 
3 11822 142 1230 
3 391 427 481 
3 11021 3992 6040 
3 404 445 401 
3 2952 3180 3068 
3 10369 2095 372 
3 363 340 445 
3 1168 1164 1219 
3 363 445 407 
3 363 379 364 
3 527 469 528 
3 13571 13121 11667 
3 403 13888 13885 
3 116 6023 2943 
3 418 417 450 
3 5961 1819 3973 
3 382 384 346 
3 418 420 417 
3 5533 5273 5774 
3 543 451 572 
3 2846 2703 2624 
3 11811 5709 11759 
3 450 451 418 
3 446 382 246 
3 10339 10204 10501 
3 1804 10228 1920 
3 318 296 297 
3 298 5798 3942 
3 876 914 988 
3 389 425 482 
3 968 896 1015 
3 389 482 393 
3 368 391 426 
3 391 368 351 
3 294 291 265 
3 369 426 392 
3 10748 500 3014 
3 483 397 394 
3 7003 10849 8858 
3 271 318 217 
3 11774 13646 13635 
3 3058 8935 13879 
3 10869 11269 10571 
3 5850 1478 2578 
3 430 459 390 
3 624 513 666 
3 444 405 362 
3 555 399 554 
3 584 523 375 
3 9044 13121 1395 
3 3463 1027 4428 
3 524 355 377 
3 7391 3236 964 
3 451 455 418 
3 7965 4459 3320 
3 3422 5517 4460 
3 5747 4013 6493 
3 440 401 357 
3 11989 3643 12313 
3 404 401 440 
3 492 357 400 
3 469 527 444 
3 363 407 379 
3 529 409 495 
3 495 409 379 
3 469 322 366 
3 367 381 366 
3 160 4038 166 
3 5825 10204 10117 
3 298 1623 5818 
3 13767 13739 709 
3 452 451 450 
3 11599 2955 2846 
3 5111 13571 4901 
3 417 420 538 
3 451 543 455 
3 476 506 504 
3 418 421 420 
3 327 345 305 
3 418 455 421 
3 9247 11100 12047 
3 455 543 544 
3 3326 3725 3825 
3 4142 3919 4144 
3 1963 1633 1822 
3 348 424 422 
3 12888 8311 8227 
3 424 476 422 
3 1241 11269 10869 
3 6643 10482 11298 
3 393 482 429 
3 11420 2834 5732 
3 341 1671 6590 
3 7220 12889 4799 
3 546 672 482 
3 425 456 482 
3 3880 96 11510 
3 8879 10840 8743 
3 8879 9086 10870 
3 133 3534 2495 
3 5121 1407 2364 
3 1431 1426 1363 
3 5740 4746 3854 
3 481 457 391 
3 520 481 427 
3 10779 13658 4164 
3 7090 11880 10933 
3 6732 7107 7221 
3 398 374 463 
3 3448 9416 13374 
3 2112 2105 1960 
3 517 483 394 
3 11655 10634 12389 
3 7907 7783 7777 
3 582 554 398 
3 13571 5111 13121 
3 81 67 9721 
3 11211 1888 11226 
3 459 513 477 
3 1681 10628 11276 
3 7115 6886 7009 
3 10580 12172 12135 
3 1454 242 6164 
3 2501 6915 12579 
3 440 525 404 
3 1411 1195 1138 
3 7556 2471 2453 
3 4772 4825 3740 
3 10210 1395 9644 
3 409 470 446 
3 5692 8997 2808 
3 2137 11667 13121 
3 13505 1395 10210 
3 529 470 409 
3 469 381 561 
3 7697 10369 4061 
3 9644 10226 9131 
3 561 381 411 
3 11124 10385 22 
3 496 384 382 
3 384 496 471 
3 1395 13505 9044 
3 4738 12718 10833 
3 449 471 498 
3 414 449 498 
3 538 605 472 
3 452 450 534 
3 4647 5822 4640 
3 13471 11633 5206 
3 502 451 452 
3 1950 11311 663 
3 13755 13757 6237 
3 420 503 538 
3 543 572 574 
3 524 492 400 
3 503 421 541 
3 541 421 455 
3 544 541 455 
3 187 9068 9917 
3 5937 86 9729 
3 424 475 506 
3 424 506 476 
3 5024 5016 5463 
3 847 11290 5233 
3 11269 1241 11258 
3 1281 1229 1085 
3 456 546 482 
3 508 475 385 
3 478 426 457 
3 13566 1401 13781 
3 391 457 426 
3 9802 6547 1126 
3 11513 3457 68 
3 4745 625 6796 
3 427 376 520 
3 4269 9131 13591 
3 784 817 556 
3 1244 1145 1294 
3 354 523 487 
3 764 1994 8935 
3 4269 12546 9131 
3 585 397 483 
3 8594 11304 3112 
3 585 524 397 
3 552 463 429 
3 631 378 465 
3 12929 8111 9064 
3 636 554 582 
3 552 429 628 
3 11289 9305 466 
3 12768 9896 6589 
3 372 4061 10369 
3 557 587 640 
3 6037 1395 5111 
3 360 349 1545 
3 525 592 468 
3 557 357 587 
3 440 357 557 
3 5382 13350 7336 
3 445 468 407 
3 6040 4433 1327 
3 593 469 561 
3 9351 8972 9349 
3 7215 453 5242 
3 13293 4478 977 
3 1080 10619 12527 
3 1985 7541 7099 
3 10976 9802 1129 
3 2562 13339 1656 
3 2299 2580 2487 
3 2822 2829 6000 
3 505 9416 3448 
3 414 498 411 
3 11954 13591 7650 
3 8269 8381 4998 
3 472 534 450 
3 611 572 451 
3 471 449 384 
3 11124 22 10571 
3 450 417 538 
3 13966 8930 779 
3 503 539 538 
3 4343 27 9299 
3 533 502 452 
3 479 5937 9729 
3 12889 7379 13259 
3 507 506 475 
3 475 508 507 
3 13321 980 7071 
3 426 478 392 
3 576 476 504 
3 450 538 472 
3 1931 11418 11429 
3 520 579 481 
3 10721 5228 4433 
3 4194 13492 10764 
3 515 668 478 
3 478 457 515 
3 3178 2844 2742 
3 555 584 375 
3 623 508 624 
3 2347 10764 117 
3 6643 3840 10482 
3 517 394 392 
3 619 504 506 
3 1109 1074 1164 
3 430 487 459 
3 5867 9262 341 
3 1857 1714 1859 
3 7479 171 2251 
3 140 7066 9844 
3 550 378 631 
3 1535 3413 2496 
3 10429 10385 5017 
3 7743 10700 4577 
3 582 463 633 
3 631 465 583 
3 6066 5673 6343 
3 556 583 465 
3 1656 13339 473 
3 11648 9620 3587 
3 9938 10152 9936 
3 557 525 440 
3 6971 12407 12153 
3 441 591 641 
3 1099 12153 1097 
3 558 559 407 
3 559 495 407 
3 322 469 444 
3 529 495 559 
3 1029 10669 13442 
3 561 646 593 
3 2080 2692 1698 
3 648 470 529 
3 648 529 560 
3 648 447 470 
3 4232 6345 8385 
3 13519 13335 8616 
3 1655 1653 1908 
3 3495 2951 3390 
3 9131 10210 9644 
3 565 471 531 
3 565 498 471 
3 530 498 565 
3 488 2496 3413 
3 502 533 568 
3 600 568 533 
3 7730 3606 2578 
3 657 611 502 
3 605 538 539 
3 8576 9726 7493 
3 9068 187 1529 
3 451 502 611 
3 3379 10870 9086 
3 11033 10593 11658 
3 1704 1400 1706 
3 498 530 411 
3 456 425 618 
3 5514 5523 5499 
3 618 425 509 
3 35 26 2074 
3 13571 10721 4433 
3 425 476 509 
3 7220 7379 12889 
3 1044 1007 4397 
3 10850 1129 3847 
3 12946 2283 1101 
3 355 524 400 
3 511 392 478 
3 515 457 670 
3 8500 1893 10260 
3 4450 4446 4148 
3 10344 3312 3316 
3 13571 4433 4901 
3 4397 1007 10278 
3 12712 830 3130 
3 378 550 520 
3 1027 3463 4343 
3 566 601 564 
3 513 459 630 
3 12946 10700 7743 
3 6668 8416 4261 
3 10336 3299 10889 
3 12691 10766 6752 
3 357 492 587 
3 556 359 784 
3 8315 13114 4140 
3 6882 3250 5535 
3 6352 13646 5918 
3 641 591 642 
3 8082 4189 6172 
3 558 468 645 
3 4433 6040 3992 
3 13916 2525 7379 
3 593 528 469 
3 650 496 648 
3 646 561 530 
3 9246 3994 3555 
3 5634 3994 9246 
3 9246 5676 5634 
3 496 650 563 
3 12075 13959 1814 
3 496 599 471 
3 599 531 471 
3 3501 3463 4428 
3 1575 1639 1517 
3 846 1171 4755 
3 9412 10448 10432 
3 604 472 605 
3 13567 4359 13928 
3 6229 3108 3112 
3 7379 2525 2656 
3 502 602 657 
3 570 571 610 
3 2656 7650 7379 
3 608 571 570 
3 608 699 571 
3 9162 3501 4428 
3 2451 1719 8780 
3 462 658 736 
3 572 611 574 
3 4085 13303 12583 
3 544 543 574 
3 732 801 574 
3 2692 9781 3658 
3 1370 1156 1255 
3 7220 12754 13916 
3 2086 1859 1861 
3 621 619 506 
3 507 621 506 
3 662 707 456 
3 707 546 456 
3 11655 1344 7220 
3 508 623 507 
3 3223 4035 8696 
3 511 478 668 
3 672 546 669 
3 3134 9689 13358 
3 481 670 457 
3 13608 12993 1640 
3 552 633 463 
3 579 520 550 
3 2692 3658 1698 
3 2902 4938 1051 
3 13591 11954 4269 
3 580 487 523 
3 8935 9451 764 
3 9350 480 485 
3 1586 3554 3349 
3 637 555 636 
3 552 632 581 
3 13464 7743 4577 
3 552 628 632 
3 6293 735 7719 
3 402 674 408 
3 5410 13718 5436 
3 586 584 555 
3 11148 1231 1216 
3 682 441 641 
3 9357 3425 690 
3 4816 9299 27 
3 592 525 640 
3 559 558 645 
3 11574 830 3286 
3 758 560 559 
3 564 595 594 
3 1880 13763 13182 
3 1327 1344 6040 
3 594 598 564 
3 597 565 600 
3 655 597 600 
3 653 600 565 
3 565 597 530 
3 568 653 602 
3 568 600 653 
3 601 654 564 
3 496 447 648 
3 360 12746 349 
3 653 531 693 
3 8780 2424 2451 
3 603 472 604 
3 655 600 603 
3 5722 5685 8789 
3 570 607 606 
3 656 570 610 
3 6327 12754 7220 
3 8346 7657 12916 
3 1220 1222 1223 
3 10280 2854 8860 
3 656 607 570 
3 1528 1713 1772 
3 698 539 612 
3 613 544 574 
3 11658 11230 11033 
3 2049 1840 1701 
3 706 774 707 
3 704 620 576 
3 772 661 769 
3 575 619 615 
3 743 615 621 
3 575 576 504 
3 5697 4529 4514 
3 618 620 661 
3 618 509 620 
3 660 575 741 
3 3165 490 1670 
3 661 662 618 
3 8999 2522 13942 
3 13567 2792 4345 
3 507 623 703 
3 9045 12084 9043 
3 5210 2873 7525 
3 515 670 626 
3 13567 13928 2792 
3 3186 13305 6341 
3 3255 12678 4053 
3 10724 11164 11782 
3 670 481 579 
3 5965 3167 5959 
3 712 628 672 
3 677 579 550 
3 1148 1060 1010 
3 630 487 580 
3 679 483 710 
3 630 580 713 
3 9301 9275 9276 
3 814 713 580 
3 717 582 633 
3 713 814 815 
3 2656 11954 7650 
3 10721 13571 11667 
3 848 717 633 
3 637 636 753 
3 555 637 586 
3 635 587 524 
3 850 637 785 
3 4884 3192 13447 
3 3083 3450 4247 
3 784 359 441 
3 540 7418 2265 
3 636 582 717 
3 2095 11496 372 
3 2462 11351 7258 
3 644 591 527 
3 685 593 646 
3 684 720 938 
3 586 716 523 
3 686 598 594 
3 1357 1300 1302 
3 13281 1067 13215 
3 647 686 594 
3 649 598 686 
3 1302 1300 1155 
3 646 530 597 
3 1533 1530 1590 
3 566 564 598 
3 564 654 595 
3 8880 1719 13818 
3 9129 9126 9603 
3 5435 5253 5347 
3 4667 5734 4642 
3 1264 1375 1376 
3 691 652 563 
3 10712 12178 9294 
3 883 1698 3658 
3 599 563 652 
3 604 655 603 
3 8586 12581 12593 
3 9960 2660 740 
3 7264 11497 12979 
3 794 602 693 
3 7220 1344 6327 
3 910 730 734 
3 11961 1215 2061 
3 656 610 730 
3 13977 1435 3355 
3 794 728 602 
3 5590 6605 3489 
3 12138 4140 11736 
3 6641 6308 6785 
3 600 533 603 
3 570 606 608 
3 659 738 701 
3 738 659 699 
3 699 659 571 
3 1685 13803 13795 
3 1996 777 9070 
3 9792 12393 934 
3 1029 13442 4886 
3 507 617 621 
3 4359 6156 13928 
3 4359 840 6156 
3 619 621 615 
3 1344 1327 6327 
3 623 624 664 
3 4669 1449 2621 
3 664 624 666 
3 11438 11409 11402 
3 668 515 626 
3 780 579 677 
3 669 749 672 
3 459 487 630 
3 630 713 673 
3 846 11722 8902 
3 1163 1439 1307 
3 483 679 585 
3 585 679 635 
3 712 632 628 
3 7199 6347 9240 
3 9311 11831 2037 
3 635 524 585 
3 3450 3083 537 
3 1101 13631 10810 
3 6884 13281 13519 
3 785 637 753 
3 640 525 557 
3 784 441 682 
3 1316 1375 1172 
3 419 10491 116 
3 12546 4269 11834 
3 67 1392 5190 
3 720 592 640 
3 5585 5558 3447 
3 2834 10561 5714 
3 4043 7184 1925 
3 805 772 769 
3 1913 7888 7889 
3 758 645 684 
3 758 559 645 
3 3286 12712 11318 
3 10756 11290 13171 
3 8580 2504 697 
3 649 686 688 
3 686 647 858 
3 1186 1444 868 
3 4710 6764 13502 
3 623 746 703 
3 3713 627 12761 
3 762 654 601 
3 646 597 722 
3 5586 3278 5566 
3 3874 3678 3776 
3 4791 12616 4876 
3 531 653 565 
3 12443 12872 13252 
3 2432 840 1458 
3 830 12712 3286 
3 731 695 729 
3 13935 5712 13116 
3 7857 3228 5507 
3 697 12138 6884 
3 814 1010 815 
3 605 695 604 
3 1449 4669 4667 
3 720 640 755 
3 652 794 693 
3 1437 2612 1445 
3 1889 1825 1965 
3 657 728 611 
3 729 695 605 
3 656 727 607 
3 1779 1862 1663 
3 4140 12138 2504 
3 576 620 509 
3 9044 2137 13121 
3 13154 12452 11954 
3 11834 11954 12452 
3 791 825 687 
3 5712 13935 962 
3 700 738 699 
3 3700 13614 7585 
3 731 729 698 
3 698 612 731 
3 768 613 574 
3 575 660 576 
3 9859 6639 5655 
3 32 21 42 
3 768 612 613 
3 741 704 660 
3 21 41 42 
3 3395 1186 651 
3 11961 11707 11831 
3 704 661 620 
3 6536 4465 4458 
3 9151 396 9141 
3 703 746 773 
3 810 578 667 
3 1584 1653 1588 
3 3194 2669 2763 
3 810 710 578 
3 4436 4026 4441 
3 1049 13111 13215 
3 2525 11954 2656 
3 11736 13114 11488 
3 783 679 711 
3 712 749 891 
3 632 712 714 
3 1444 1477 1780 
3 848 633 581 
3 13451 7152 10721 
3 3975 4192 4289 
3 581 632 714 
3 188 13864 13465 
3 3035 13521 9881 
3 6551 3445 4465 
3 816 631 817 
3 716 586 751 
3 8235 6761 6341 
3 787 587 635 
3 3562 2642 2646 
3 9864 7804 4025 
3 682 641 642 
3 644 528 757 
3 757 528 593 
3 593 685 759 
3 11299 1902 11149 
3 9159 1427 396 
3 595 654 827 
3 739 661 704 
3 1207 1254 1066 
3 1591 1527 1659 
3 2612 3242 13175 
3 598 649 566 
3 725 566 649 
3 2514 8947 5279 
3 1460 4253 3370 
3 652 691 726 
3 907 601 725 
3 5531 4363 8913 
3 6327 12737 12754 
3 5507 3228 1978 
3 396 1419 9141 
3 758 687 560 
3 12709 963 11979 
3 579 780 670 
3 611 728 732 
3 534 603 533 
3 733 606 835 
3 2155 3916 1964 
3 699 608 733 
3 700 699 733 
3 8564 9960 1899 
3 3892 3895 4010 
3 612 768 799 
3 704 576 660 
3 739 769 661 
3 13116 13432 3038 
3 9098 339 1373 
3 773 742 703 
3 6327 1327 5228 
3 507 703 617 
3 12709 11979 12603 
3 5712 8061 9656 
3 10041 1996 9070 
3 3038 12743 12699 
3 623 664 746 
3 706 707 705 
3 662 705 707 
3 707 774 708 
3 668 626 667 
3 707 708 669 
3 706 744 808 
3 5100 386 11217 
3 668 667 511 
3 7809 3882 13827 
3 667 578 511 
3 13474 2566 314 
3 3787 4701 5681 
3 748 710 810 
3 811 780 677 
3 711 679 710 
3 749 669 708 
3 748 711 710 
3 10280 8860 754 
3 812 677 550 
3 751 586 850 
3 816 550 631 
3 13780 13142 13664 
3 12591 12603 6878 
3 2199 2381 2117 
3 716 814 580 
3 13154 11954 2525 
3 5053 9501 2278 
3 717 851 753 
3 705 772 744 
3 6878 12603 11979 
3 842 11807 4534 
3 654 762 827 
3 13715 3464 6733 
3 787 640 587 
3 2137 9044 12489 
3 2748 754 9124 
3 12803 2077 9607 
3 757 593 759 
3 647 594 760 
3 646 857 685 
3 823 760 594 
3 963 12709 8114 
3 6385 8200 8203 
3 1080 3015 4370 
3 790 857 646 
3 7152 12737 5228 
3 12803 9607 9651 
3 6878 3121 6518 
3 763 694 604 
3 655 694 597 
3 826 691 723 
3 656 767 727 
3 722 597 694 
3 13432 5712 9656 
3 78 60 65 
3 947 727 767 
3 650 687 723 
3 4749 3890 3879 
3 656 730 767 
3 1245 1354 1421 
3 1086 6818 1505 
3 1437 13170 2612 
3 797 607 766 
3 726 691 828 
3 797 835 606 
3 794 831 728 
3 872 728 831 
3 730 910 767 
3 11667 12207 10721 
3 502 568 602 
3 607 727 766 
3 606 733 608 
3 2409 2146 2319 
3 13076 8500 10260 
3 3679 8059 3640 
3 700 733 835 
3 706 705 744 
3 3038 6733 3121 
3 799 731 612 
3 734 659 701 
3 613 612 541 
3 4113 3892 4010 
3 836 701 738 
3 700 949 836 
3 704 741 880 
3 8061 5712 8136 
3 615 743 838 
3 808 774 706 
3 705 661 772 
3 667 626 844 
3 769 739 879 
3 673 845 776 
3 926 748 888 
3 783 635 679 
3 11228 6991 8966 
3 4507 4473 3444 
3 746 839 773 
3 718 735 6293 
3 3121 13116 3038 
3 6668 4261 4251 
3 7466 11557 13405 
3 713 815 845 
3 7770 3273 7691 
3 652 726 794 
3 12542 3314 12347 
3 755 640 787 
3 735 718 4036 
3 821 720 755 
3 2708 2712 2914 
3 726 871 831 
3 938 720 821 
3 758 684 938 
3 759 685 857 
3 791 687 758 
3 688 686 858 
3 13505 12489 9044 
3 594 973 823 
3 790 646 722 
3 2991 7337 2471 
3 4456 671 8330 
3 8330 2353 4456 
3 3122 339 9098 
3 826 687 825 
3 13116 5712 13432 
3 694 829 722 
3 826 723 687 
3 10037 8524 12546 
3 763 695 795 
3 871 872 831 
3 12162 3158 2139 
3 695 873 795 
3 11044 10706 8935 
3 3010 3020 4168 
3 13505 10210 8524 
3 870 986 766 
3 731 873 695 
3 872 911 732 
3 13969 9864 6895 
3 768 801 874 
3 9978 13505 8524 
3 2631 10615 8756 
3 768 874 799 
3 879 739 704 
3 2607 10260 5116 
3 11807 842 13857 
3 838 741 615 
3 858 647 760 
3 13432 12743 3038 
3 7805 5608 7768 
3 738 700 836 
3 13451 12737 7152 
3 683 8330 671 
3 664 807 746 
3 6766 1851 8779 
3 708 774 999 
3 809 666 776 
3 780 887 626 
3 664 666 809 
3 780 811 887 
3 8170 10316 2553 
3 810 667 844 
3 844 626 924 
3 812 550 816 
3 966 783 711 
3 10397 13027 13912 
3 13492 11356 10764 
3 2285 6120 3089 
3 713 845 673 
3 581 714 929 
3 12205 13154 2525 
3 898 783 966 
3 2991 2471 7556 
3 783 898 787 
3 635 783 787 
3 819 850 785 
3 841 958 922 
3 819 785 851 
3 785 753 851 
3 1069 688 858 
3 784 682 852 
3 694 763 829 
3 936 852 644 
3 644 757 936 
3 854 939 757 
3 854 757 759 
3 926 888 1056 
3 12473 7805 932 
3 902 791 758 
3 945 791 902 
3 2145 800 10397 
3 790 861 942 
3 790 900 857 
3 11688 11695 3587 
3 943 595 827 
3 862 688 903 
3 5974 12094 11944 
3 4700 11079 1938 
3 649 688 862 
3 8241 10124 1931 
3 904 826 825 
3 1373 13099 9098 
3 722 829 866 
3 800 11994 10397 
3 7466 12004 4483 
3 861 790 722 
3 601 907 762 
3 907 865 762 
3 1864 2145 10397 
3 12207 13451 10721 
3 691 826 828 
3 9866 6271 13675 
3 7657 7612 12916 
3 871 726 828 
3 835 797 986 
3 903 864 862 
3 834 732 911 
3 1358 13002 11711 
3 1812 2156 5935 
3 1677 13495 3192 
3 875 913 734 
3 835 949 700 
3 7039 9028 1362 
3 744 772 806 
3 9940 10159 9535 
3 12138 697 2504 
3 3421 3328 2997 
3 841 808 806 
3 839 746 807 
3 806 808 744 
3 12023 12754 12737 
3 5854 2497 7608 
3 11609 2497 5854 
3 774 922 999 
3 805 806 772 
3 774 808 922 
3 807 809 921 
3 809 807 664 
3 808 841 922 
3 1762 13887 13894 
3 776 845 1004 
3 957 1091 958 
3 7685 7751 12924 
3 711 748 926 
3 677 812 811 
3 890 891 749 
3 11058 6211 10211 
3 1057 816 1146 
3 1010 814 716 
3 892 581 929 
3 751 1011 1010 
3 912 2106 2692 
3 1011 751 968 
3 2007 5731 589 
3 969 851 848 
3 755 787 898 
3 1618 1735 1613 
3 852 682 642 
3 1403 1336 1581 
3 786 11362 6935 
3 900 941 854 
3 897 784 852 
3 644 852 642 
3 1146 816 817 
3 972 758 938 
3 902 758 972 
3 12473 932 13529 
3 8241 1931 6163 
3 6513 5166 3977 
3 10223 6341 13305 
3 943 973 595 
3 945 902 975 
3 1973 2039 2042 
3 13505 9978 12489 
3 945 904 825 
3 862 864 907 
3 862 907 649 
3 906 828 826 
3 861 722 866 
3 446 447 382 
3 389 251 329 
3 865 827 762 
3 829 763 795 
3 866 829 795 
3 1607 7036 1600 
3 9199 7184 3052 
3 867 766 727 
3 1864 842 2145 
3 767 910 1033 
3 767 948 947 
3 799 873 731 
3 1084 952 988 
3 6345 893 2070 
3 735 4036 4062 
3 7748 7132 7506 
3 1841 1703 1842 
3 952 878 876 
3 236 238 197 
3 805 769 1087 
3 11509 8009 7973 
3 536 540 5329 
3 6016 6900 9678 
3 741 838 880 
3 885 839 807 
3 11834 6977 9953 
3 3125 4180 2048 
3 278 284 283 
3 841 806 920 
3 897 817 784 
3 12023 10111 13916 
3 708 1002 890 
3 999 961 708 
3 6558 8284 5293 
3 1125 6589 1560 
3 1002 708 961 
3 8346 1685 13770 
3 11336 12537 8084 
3 1705 7582 1482 
3 1914 11952 12211 
3 812 889 811 
3 1100 891 890 
3 6491 268 12392 
3 966 711 926 
3 810 844 888 
3 887 924 626 
3 11193 9141 1419 
3 891 1100 929 
3 2815 2822 6000 
3 929 714 891 
3 7769 2137 12489 
3 848 581 892 
3 931 848 892 
3 8966 277 11228 
3 7541 6954 7099 
3 2426 4465 3445 
3 896 751 850 
3 896 850 819 
3 819 851 969 
3 1146 817 897 
3 899 755 898 
3 821 755 899 
3 210 259 255 
3 936 757 939 
3 1157 858 760 
3 6818 2733 1505 
3 2145 842 4540 
3 918 1048 1233 
3 4594 4561 4583 
3 7657 8346 13770 
3 903 688 974 
3 863 865 1114 
3 1396 7671 3557 
3 1110 943 863 
3 863 943 827 
3 301 273 244 
3 823 973 1024 
3 904 905 826 
3 906 826 905 
3 7819 1818 13921 
3 1114 865 1028 
3 869 795 873 
3 6749 11311 9957 
3 13116 3121 13935 
3 2447 2445 4258 
3 727 947 867 
3 870 766 867 
3 878 877 876 
3 2605 7208 8009 
3 13916 10938 12205 
3 7184 9199 1925 
3 6172 4189 12171 
3 751 1010 716 
3 1893 5116 10260 
3 913 1034 910 
3 834 1038 874 
3 801 834 874 
3 1223 1222 1221 
3 836 949 1043 
3 296 294 216 
3 877 914 876 
3 8816 10901 13451 
3 987 950 875 
3 1048 878 1046 
3 1632 1885 1684 
3 877 953 915 
3 953 877 918 
3 880 879 704 
3 322 362 319 
3 3951 9953 6977 
3 771 773 919 
3 769 879 1087 
3 987 875 836 
3 836 875 701 
3 6344 6320 7324 
3 841 920 957 
3 5838 1785 1794 
3 914 915 1047 
3 2645 288 10980 
3 1055 924 887 
3 1705 1482 13578 
3 13154 8217 12452 
3 958 841 957 
3 13803 1818 7819 
3 807 921 885 
3 6526 328 373 
3 1055 811 889 
3 1055 887 811 
3 10111 10938 13916 
3 1004 845 1006 
3 1678 1550 1500 
3 1010 1103 815 
3 1000 1094 809 
3 1062 966 1145 
3 1062 898 966 
3 776 1004 809 
3 968 751 896 
3 1042 875 950 
3 1247 1011 968 
3 13495 1367 7647 
3 933 819 969 
3 898 1062 1019 
3 3186 6341 11226 
3 3408 5514 2389 
3 933 896 819 
3 821 935 938 
3 1017 933 969 
3 937 936 939 
3 5235 479 983 
3 2605 8009 11509 
3 12887 10498 10073 
3 940 902 972 
3 343 6563 627 
3 1023 1441 940 
3 900 790 942 
3 975 902 940 
3 2191 2356 1934 
3 1074 903 974 
3 1912 4261 8416 
3 943 1108 973 
3 9365 5159 5156 
3 309 6392 6376 
3 791 945 825 
3 979 907 864 
3 948 1032 947 
3 910 1034 1033 
3 5739 5692 2841 
3 7022 6991 11228 
3 13498 7707 7471 
3 866 795 909 
3 998 995 885 
3 13467 1670 1153 
3 795 869 909 
3 1366 1391 13049 
3 4024 4038 160 
3 911 872 1035 
3 842 4534 4540 
3 13880 4549 13877 
3 725 649 907 
3 1079 871 828 
3 10223 13305 7099 
3 911 1036 834 
3 9238 8087 7082 
3 799 984 873 
3 984 869 873 
3 2644 2651 4757 
3 1109 1222 1075 
3 2535 2538 2928 
3 835 1040 949 
3 1042 913 875 
3 701 875 734 
3 10901 12737 13451 
3 950 987 1184 
3 12248 11863 11857 
3 11863 12248 12653 
3 3037 2449 2929 
3 1768 11833 7738 
3 1688 1571 1451 
3 743 955 838 
3 743 881 1050 
3 743 1050 955 
3 919 995 994 
3 1715 1590 1916 
3 6037 1883 11254 
3 920 805 1087 
3 839 919 773 
3 3870 7582 1705 
3 3099 3174 3184 
3 920 806 805 
3 1781 7780 2874 
3 921 960 885 
3 5245 5069 5504 
3 7321 13300 1073 
3 960 921 1094 
3 10092 9880 10543 
3 12887 10073 221 
3 994 771 919 
3 890 1002 1100 
3 966 926 1005 
3 10083 12043 2003 
3 888 844 1003 
3 13204 7169 2562 
3 5818 1623 12859 
3 11787 9821 3582 
3 7685 2848 545 
3 7541 7608 11478 
3 749 708 890 
3 678 13714 11758 
3 11834 10037 12546 
3 931 1013 969 
3 933 1015 896 
3 10980 6268 8905 
3 1062 1149 1019 
3 899 898 1019 
3 897 852 1021 
3 994 881 771 
3 10901 8816 9323 
3 3652 2484 7164 
3 7429 13447 3192 
3 971 972 938 
3 899 935 821 
3 11720 3278 5586 
3 1069 858 1159 
3 823 1157 760 
3 10779 2157 13658 
3 942 1026 900 
3 10748 1993 2975 
3 1083 989 1324 
3 13447 7429 7547 
3 400 315 355 
3 6589 360 1560 
3 942 861 1113 
3 1115 904 1111 
3 1113 861 978 
3 979 864 1076 
3 1829 1830 2040 
3 351 254 333 
3 906 1079 828 
3 4263 1027 9263 
3 12452 6977 11834 
3 971 938 935 
3 12677 12080 12459 
3 13104 7090 2248 
3 1032 948 1174 
3 1033 948 767 
3 872 871 1035 
3 1038 834 1036 
3 11667 2137 7665 
3 1042 1034 913 
3 1040 1043 949 
3 13733 8853 10914 
3 453 448 1480 
3 13154 12205 8217 
3 1087 879 1088 
3 881 994 1050 
3 877 917 918 
3 692 983 7069 
3 885 919 839 
3 1092 998 960 
3 3653 13550 3465 
3 922 958 1052 
3 3231 4246 9747 
3 8533 8668 8934 
3 920 1087 997 
3 920 997 957 
3 978 866 1077 
3 222 285 164 
3 1175 1033 1224 
3 352 6544 2689 
3 12858 12887 221 
3 924 1001 1003 
3 1074 1109 1075 
3 12023 12737 10901 
3 10901 10111 12023 
3 1004 1000 809 
3 924 1003 844 
3 1140 1005 1056 
3 3228 663 11362 
3 1006 845 815 
3 822 6085 1723 
3 6847 5952 6231 
3 12912 12774 3742 
3 1148 1011 1247 
3 476 425 422 
3 12207 8816 13451 
3 1682 1742 1501 
3 8449 8580 3956 
3 968 1016 1247 
3 897 1012 1146 
3 892 929 1150 
3 12697 5564 13620 
3 6260 6526 6544 
3 6047 6023 116 
3 1063 931 1104 
3 2727 12894 12862 
3 2168 12351 2990 
3 10498 249 10073 
3 1457 1084 1083 
3 1015 933 1064 
3 1017 1013 1154 
3 1064 1106 1015 
3 852 936 1021 
3 1066 935 1022 
3 13663 2990 12351 
3 1021 936 937 
3 935 899 1022 
3 972 971 1023 
3 1023 940 972 
3 7158 13759 13167 
3 823 1024 1157 
3 1074 1075 903 
3 2202 1957 2284 
3 1111 945 975 
3 904 1115 905 
3 2184 1667 1540 
3 1028 865 979 
3 978 861 866 
3 1537 1751 13658 
3 627 6448 12761 
3 1569 1632 1506 
3 1119 947 1032 
3 867 947 1119 
3 4594 3439 5799 
3 1607 433 12796 
3 986 870 1039 
3 948 1033 1175 
3 6950 1944 2754 
3 1036 911 1035 
3 1036 1081 1038 
3 3320 4459 9839 
3 1038 1176 984 
3 8508 8997 5605 
3 1229 1324 989 
3 1047 1085 914 
3 1691 1686 1509 
3 13712 13272 13090 
3 1084 988 1083 
3 989 1083 988 
3 988 952 876 
3 12859 2920 11496 
3 964 12678 3255 
3 952 1084 1188 
3 1366 13049 1358 
3 989 914 1085 
3 1395 13121 5111 
3 1085 1229 989 
3 4078 3253 13293 
3 1048 1046 1233 
3 918 917 1048 
3 10833 135 8099 
3 1088 879 1130 
3 879 880 1130 
3 880 955 1130 
3 3315 1635 3465 
3 1091 1052 958 
3 995 998 1131 
3 1054 999 1053 
3 7079 13845 9930 
3 6066 415 5673 
3 1164 1260 1261 
3 1004 1138 1000 
3 1004 1197 1138 
3 999 1054 961 
3 1022 899 1019 
3 1019 1149 1022 
3 1003 1001 1141 
3 1001 924 1055 
3 5733 11989 12313 
3 7883 8745 12729 
3 13826 5845 13622 
3 1098 1005 1140 
3 1149 1301 1207 
3 922 1053 999 
3 13374 5434 519 
3 1946 1868 1731 
3 1145 966 1005 
3 1727 1673 1602 
3 815 1103 1006 
3 1102 929 1100 
3 1145 1005 1098 
3 929 1102 1009 
3 6526 6474 328 
3 1009 1150 929 
3 1104 892 1150 
3 3441 2515 2519 
3 10208 10501 10204 
3 230 285 262 
3 1013 931 1063 
3 1021 1012 897 
3 1204 1013 1152 
3 1204 1154 1013 
3 1129 10850 10976 
3 5900 12140 5260 
3 96 11623 11510 
3 237 211 228 
3 11667 6888 12207 
3 941 939 854 
3 1026 941 900 
3 1107 1024 1160 
3 6058 6047 116 
3 1108 943 1110 
3 1026 942 1312 
3 940 1112 975 
3 1118 1079 1116 
3 1421 1354 1663 
3 7769 12489 9978 
3 3458 5799 3439 
3 8663 10938 10111 
3 978 1077 1170 
3 1028 1117 1114 
3 309 12469 6392 
3 10901 9323 10111 
3 1631 1810 1890 
3 6572 12746 360 
3 11989 6315 1486 
3 9199 9451 747 
3 340 270 295 
3 948 1175 1174 
3 870 1177 1039 
3 1176 1038 1081 
3 1320 1224 1034 
3 3516 2495 3534 
3 8099 8197 10833 
3 112 9844 7066 
3 979 865 907 
3 1123 1035 1079 
3 11492 10551 10542 
3 1321 1034 1042 
3 1043 1082 1278 
3 1040 1082 1043 
3 1321 1320 1034 
3 8449 2504 8580 
3 1514 1320 1321 
3 13630 288 309 
3 13656 13051 13053 
3 13372 12589 13373 
3 10924 2866 12748 
3 8876 4887 12887 
3 994 1131 1050 
3 5701 5308 5212 
3 10385 10429 1216 
3 1091 1193 1052 
3 1091 997 1132 
3 1131 998 1134 
3 6268 10980 288 
3 4624 932 3434 
3 5382 13963 7353 
3 1138 1094 1000 
3 1236 1052 1193 
3 1055 889 1139 
3 5867 341 10876 
3 9912 3094 4114 
3 6268 10818 8905 
3 1004 1006 1199 
3 1197 1004 1199 
3 2659 3661 6770 
3 1103 1243 1006 
3 1010 1060 1103 
3 12452 8963 6977 
3 5816 9323 8816 
3 9323 5816 5698 
3 7358 12667 10766 
3 11478 6954 7541 
3 12195 12295 263 
3 5900 5260 13570 
3 6085 6058 10491 
3 1010 1011 1148 
3 1850 2172 2255 
3 10501 10208 335 
3 8284 4433 3992 
3 3504 11623 2482 
3 10951 1235 9190 
3 1245 1012 1021 
3 1154 1064 1017 
3 1064 933 1017 
3 1207 1022 1149 
3 1066 1022 1207 
3 1513 6478 371 
3 971 1208 1023 
3 1159 1158 1156 
3 2482 3489 3504 
3 124 8745 7883 
3 1024 973 1108 
3 7158 13167 443 
3 7845 10828 1194 
3 1211 974 1069 
3 7158 443 2248 
3 1211 1074 974 
3 1112 940 1441 
3 8642 2162 6725 
3 2877 2875 10339 
3 1156 1372 1211 
3 1260 1164 1212 
3 1115 1111 1112 
3 1167 1113 978 
3 1222 1117 1076 
3 1865 1599 1793 
3 5433 140 9844 
3 114 97 12667 
3 1669 1483 1426 
3 13759 7196 13167 
3 6376 6392 13653 
3 1454 6164 237 
3 905 1116 1079 
3 1223 1175 1269 
3 13232 13230 13647 
3 1169 1119 1174 
3 1224 1384 1269 
3 1169 1219 1119 
3 870 1031 1177 
3 124 10743 8728 
3 13827 13210 13625 
3 1035 1178 1036 
3 1226 1039 1275 
3 1321 1042 1323 
3 987 1043 1184 
3 8386 8374 7514 
3 11798 212 13659 
3 953 1330 1047 
3 8952 8555 9193 
3 4705 11811 11759 
3 1085 1047 1281 
3 1173 10743 124 
3 955 1050 1190 
3 8381 10561 1558 
3 1131 994 995 
3 3074 1961 2828 
3 1091 1132 1193 
3 997 1133 1132 
3 1135 1053 1052 
3 1135 1052 1236 
3 8381 5667 10561 
3 514 511 578 
3 960 1290 1092 
3 5733 13611 10804 
3 1054 1135 1137 
3 1054 1053 1135 
3 1055 1345 1001 
3 1055 1139 1345 
3 1139 889 1346 
3 1141 1056 1003 
3 1242 889 1057 
3 1002 1349 1143 
3 1001 1345 1198 
3 1053 922 1052 
3 1143 1100 1002 
3 1102 1100 1143 
3 5826 5974 2550 
3 1199 1006 1243 
3 4920 3091 2162 
3 1944 13104 3775 
3 1146 1012 1245 
3 13715 4649 13529 
3 2268 2267 2188 
3 1152 1013 1063 
3 676 12912 2731 
3 6904 5065 6022 
3 9721 67 9668 
3 1155 1064 1154 
3 1155 1106 1064 
3 114 12667 7358 
3 1063 1104 1356 
3 1284 1234 1130 
3 5747 3450 537 
3 1026 1162 941 
3 1224 1033 1034 
3 1069 1159 1156 
3 1157 1158 1159 
3 13143 13553 12758 
3 6749 663 11311 
3 2137 7769 7665 
3 1440 1023 1208 
3 1157 1024 1107 
3 1160 1108 1163 
3 5008 4766 9187 
3 3014 1993 10748 
3 3378 5676 9246 
3 3594 8905 12140 
3 1312 942 1113 
3 13012 13624 13621 
3 1161 97 114 
3 5974 12276 12094 
3 22 10869 10571 
3 1311 1115 1112 
3 5574 11725 3869 
3 443 434 2248 
3 1167 978 1170 
3 1907 2069 1984 
3 1169 1221 1168 
3 863 1114 1110 
3 4894 5856 5842 
3 11557 4514 4529 
3 9953 3951 6443 
3 1118 1123 1079 
3 13367 13464 4577 
3 1178 1123 1274 
3 1175 1223 1174 
3 9299 4816 9377 
3 4800 4714 4615 
3 1172 1170 1077 
3 12946 10810 4690 
3 8997 3247 5605 
3 8752 12295 5564 
3 1178 1385 1081 
3 1316 1176 1385 
3 1119 1032 1174 
3 1035 1123 1178 
3 1278 1184 1043 
3 576 509 476 
3 1184 1228 950 
3 1854 1711 1849 
3 9299 9377 195 
3 1187 1188 1084 
3 1324 1457 1083 
3 1389 1275 1177 
3 1330 1281 1047 
3 1189 1233 1188 
3 2388 2424 2792 
3 1233 1282 918 
3 1130 955 1190 
3 1050 1131 1191 
3 1050 1191 1286 
3 1283 1087 1088 
3 1282 1330 953 
3 1198 1141 1001 
3 1287 1193 1132 
3 1338 1134 1092 
3 1236 1237 1135 
3 7685 545 7751 
3 960 1094 1290 
3 961 1054 1137 
3 1135 1237 1137 
3 7965 3319 6980 
3 1002 961 1349 
3 3492 5349 4381 
3 9263 4343 9299 
3 13572 13343 5393 
3 298 5818 5798 
3 8999 10581 2522 
3 1144 10713 6609 
3 9068 8508 5605 
3 8752 5564 242 
3 1803 11722 4875 
3 1244 1062 1145 
3 1009 1102 1298 
3 7368 13360 11483 
3 1244 1149 1062 
3 1598 1104 1299 
3 1256 1158 1107 
3 1107 1307 1256 
3 1417 1198 1293 
3 1203 1149 1244 
3 1150 1299 1104 
3 1148 1355 1420 
3 1150 1009 1299 
3 477 508 385 
3 91 11722 846 
3 10482 3840 9727 
3 5459 10883 7808 
3 1106 1300 1016 
3 6443 7942 10037 
3 619 575 504 
3 9917 11817 171 
3 12581 6300 12593 
3 1024 1108 1160 
3 1576 9847 13063 
3 937 1162 1021 
3 1156 1370 1372 
3 1069 1156 1211 
3 5206 68 11292 
3 11744 3880 11346 
3 1108 1110 1259 
3 1163 1108 1259 
3 1311 1112 1441 
3 6359 8642 8605 
3 1164 1074 1212 
3 1116 1115 1311 
3 1074 1211 1212 
3 1109 1164 1168 
3 1220 1117 1222 
3 1168 1219 1169 
3 1066 1208 971 
3 1264 1170 1172 
3 1174 1223 1221 
3 1269 1220 1223 
3 2166 1819 5961 
3 1176 1316 1172 
3 1375 1386 1571 
3 1031 1119 1313 
3 4737 4924 4921 
3 2312 6503 7067 
3 1118 1225 1123 
3 8524 10037 7942 
3 993 3501 9162 
3 1385 1274 1388 
3 5732 10117 11420 
3 5816 8816 6888 
3 1255 1256 1368 
3 1176 1081 1385 
3 892 1104 931 
3 1228 1184 1322 
3 950 1228 1323 
3 1274 1385 1178 
3 1229 1393 1324 
3 1394 1393 1229 
3 5552 7769 9978 
3 1394 1229 1326 
3 10938 8663 5698 
3 993 9162 13942 
3 11557 1381 3118 
3 3228 786 1978 
3 3118 13702 11557 
3 1470 9805 9729 
3 330 250 252 
3 8217 3646 8963 
3 1286 1190 1050 
3 889 1242 1346 
3 1193 1287 1236 
3 3228 11362 786 
3 11092 5139 30 
3 1132 1133 1287 
3 2162 8642 6359 
3 10870 10840 8879 
3 4755 2510 6516 
3 1338 1092 1289 
3 1139 1346 1348 
3 1468 1339 1291 
3 1237 1343 1137 
3 961 1137 1343 
3 11725 5574 13542 
3 1340 1343 1237 
3 1136 1195 1291 
3 1140 1141 1198 
3 1105 66 3051 
3 1534 1199 1474 
3 812 1057 889 
3 1140 1294 1098 
3 1474 1199 1243 
3 1103 1060 1246 
3 1152 1063 1356 
3 1027 4343 9263 
3 1245 1057 1146 
3 1148 1246 1060 
3 4873 7984 5981 
3 1275 1039 1177 
3 12319 11963 8845 
3 10571 11269 4890 
3 1300 1247 1016 
3 6365 6213 6360 
3 1301 1149 1203 
3 1382 1118 1116 
3 1251 1245 1021 
3 1253 1155 1154 
3 1204 1359 1303 
3 8663 9323 5698 
3 754 2748 10280 
3 1780 12246 2085 
3 1066 1254 1208 
3 64 8900 1292 
3 1985 13305 4336 
3 1292 5346 12377 
3 7076 5812 4640 
3 4791 5684 11811 
3 1372 1212 1211 
3 1376 1312 1264 
3 1503 1212 1372 
3 1260 1212 1503 
3 195 9263 9299 
3 5538 10676 5591 
3 5591 10676 1105 
3 7316 1458 840 
3 1110 1114 1259 
3 1220 1379 1117 
3 1380 1220 1269 
3 1116 1448 1382 
3 6605 6623 3489 
3 1164 1268 1219 
3 1312 1167 1264 
3 1268 1261 1387 
3 1458 7316 4453 
3 1169 1174 1221 
3 12205 5160 8217 
3 1392 5007 2909 
3 39 113 137 
3 941 1162 937 
3 1224 1269 1175 
3 10349 6287 8219 
3 2190 5063 4085 
3 10850 4751 10976 
3 1940 2097 2096 
3 5686 12536 1090 
3 1276 1226 1275 
3 864 903 1076 
3 644 527 528 
3 12478 925 4160 
3 1189 1188 1187 
3 3134 11784 9689 
3 1031 1389 1177 
3 1398 1187 1642 
3 1313 1389 1031 
3 1399 1282 1331 
3 10676 8609 66 
3 3379 9086 12877 
3 1330 1282 1520 
3 1088 1234 1283 
3 1190 1285 1130 
3 10367 13155 3238 
3 1286 1462 1190 
3 1336 1337 1236 
3 1287 1336 1236 
3 1404 1287 1133 
3 1133 1283 1404 
3 1335 1404 1283 
3 133 2495 109 
3 1237 1236 1337 
3 13319 7687 4405 
3 3876 13215 8297 
3 13343 535 136 
3 1197 1411 1138 
3 1139 1348 1345 
3 1803 5007 2074 
3 1198 1345 1293 
3 10572 3959 1030 
3 1339 1290 1291 
3 11562 2624 2703 
3 1413 1242 1295 
3 1295 1057 1245 
3 13759 11888 9937 
3 1140 1198 1294 
3 1469 1413 1415 
3 8743 10840 4651 
3 7769 6982 7665 
3 1244 1296 1203 
3 1243 1246 1539 
3 13281 13335 13519 
3 1247 1300 1481 
3 3314 5608 12406 
3 2378 12877 2344 
3 1154 1204 1303 
3 2353 8330 11144 
3 1302 1155 1253 
3 1204 1152 1359 
3 11784 3134 13631 
3 8145 8061 9692 
3 1303 1430 1253 
3 1430 1302 1253 
3 12351 13270 13663 
3 6447 12593 6300 
3 1154 1303 1253 
3 11190 777 10789 
3 1433 1430 1432 
3 1251 1021 1162 
3 1326 1229 1281 
3 1436 1370 1365 
3 12049 11014 11016 
3 2562 7169 13339 
3 1497 1440 1208 
3 554 636 555 
3 13763 1880 4453 
3 1370 1255 1365 
3 1160 1307 1107 
3 2036 2044 6013 
3 4216 996 4892 
3 6548 5517 8650 
3 2568 2367 2961 
3 4875 11722 91 
3 1307 1495 1306 
3 1438 1372 1370 
3 1310 1312 1374 
3 1448 1116 1311 
3 91 846 4755 
3 1312 1376 1374 
3 6327 5228 12737 
3 1335 1283 1461 
3 10712 9881 2828 
3 8414 7359 6344 
3 1380 1379 1220 
3 13111 8297 13215 
3 10535 10556 12405 
3 1387 1313 1268 
3 651 11574 3395 
3 559 560 529 
3 13229 13358 9689 
3 1388 1274 1318 
3 2255 2540 2449 
3 1384 1224 1320 
3 1390 1276 1275 
3 6258 12712 3130 
3 1393 1455 1324 
3 5121 13160 1407 
3 8056 4199 12204 
3 5124 13925 13926 
3 10568 7404 12500 
3 10589 4938 2902 
3 1326 1281 1328 
3 1329 1328 1281 
3 1330 1329 1281 
3 1070 5145 7523 
3 1187 1331 1189 
3 5298 7620 7613 
3 1189 1331 1233 
3 1461 1283 1234 
3 11984 218 13598 
3 1333 1462 1286 
3 1286 1191 1334 
3 1334 1191 1405 
3 1285 1463 1284 
3 1399 1520 1282 
3 8780 4345 2792 
3 1237 1406 1340 
3 1405 1191 1338 
3 1289 1290 1339 
3 1406 1237 1337 
3 1092 1290 1289 
3 8524 7942 7430 
3 2990 4266 5362 
3 1338 1289 1524 
3 1291 1290 1136 
3 1346 1413 1412 
3 1199 1534 1197 
3 13519 8588 6884 
3 2655 12536 8586 
3 9692 3739 8145 
3 1413 1295 1415 
3 1540 1102 1143 
3 1296 1294 1475 
3 10935 542 1851 
3 1540 1298 1102 
3 11513 5206 13511 
3 2184 2268 1784 
3 1351 1245 1421 
3 1351 1295 1245 
3 12603 12566 7887 
3 611 732 574 
3 1355 1148 1247 
3 1299 1298 1423 
3 2010 1939 1868 
3 1299 1009 1298 
3 10344 4886 10319 
3 1481 1300 1357 
3 13114 9692 1018 
3 5854 5531 2013 
3 1356 1104 1598 
3 13009 12940 10336 
3 8456 12482 5097 
3 8099 135 2193 
3 3672 8061 8145 
3 5939 7846 13923 
3 1301 1424 1207 
3 7665 3618 6888 
3 1302 1426 1357 
3 2595 11984 1449 
3 5063 3299 12940 
3 13931 7159 9159 
3 1302 1363 1426 
3 1485 1254 1207 
3 3959 10572 12422 
3 6982 7769 5552 
3 13439 2036 4073 
3 1302 1430 1363 
3 8738 3065 9766 
3 1306 1368 1256 
3 10572 7404 10568 
3 1985 4356 7541 
3 977 10216 2355 
3 1377 4945 3295 
3 5698 5160 10938 
3 1495 1307 1439 
3 1428 1162 1496 
3 13844 13715 12699 
3 1496 1310 1627 
3 1439 1163 1371 
3 1502 1441 1440 
3 1627 1310 1374 
3 674 416 408 
3 11124 4890 2012 
3 3189 2667 3306 
3 3364 847 458 
3 1380 1384 1509 
3 10336 5192 12401 
3 725 601 566 
3 7942 6443 4945 
3 1261 1572 1387 
3 1387 1389 1313 
3 1388 1386 1385 
3 3516 4565 4543 
3 1385 1386 1316 
3 1390 1512 1276 
3 1322 1453 1516 
3 1456 1518 1393 
3 986 1039 1082 
3 1457 1324 1455 
3 1518 1455 1393 
3 1389 1390 1275 
3 1320 1514 1511 
3 7010 8943 10521 
3 3751 4685 1929 
3 5661 4565 3534 
3 13995 1331 1398 
3 10366 3135 12285 
3 13916 7379 7220 
3 12205 2525 13916 
3 1284 1463 1400 
3 1285 1190 1462 
3 1580 1462 1578 
3 1334 1405 1523 
3 1337 1336 1403 
3 1406 1337 1403 
3 1287 1404 1336 
3 1331 13995 1399 
3 1340 1410 1343 
3 13442 2736 4886 
3 13715 3038 12699 
3 12304 2220 3158 
3 3119 11269 11346 
3 1404 1581 1336 
3 1531 1468 1291 
3 1533 1343 1410 
3 951 6292 10331 
3 1291 1195 1531 
3 1195 1411 1531 
3 1532 1469 1467 
3 1348 1346 1412 
3 1348 1412 1536 
3 1532 1413 1469 
3 1413 1532 1412 
3 10978 11589 10531 
3 7226 7342 7472 
3 1593 1293 1348 
3 7999 7985 8421 
3 13114 3739 9692 
3 7661 7653 10895 
3 1542 1539 1246 
3 12351 2168 12583 
3 7430 9978 8524 
3 12209 11079 12173 
3 5630 12750 6696 
3 2013 2029 5854 
3 532 7612 7657 
3 1668 1355 1544 
3 6479 3299 4332 
3 1356 1484 1152 
3 3295 6443 3181 
3 1251 1599 1354 
3 13334 4886 2736 
3 9785 9577 9583 
3 3181 6443 3951 
3 1203 1424 1301 
3 1357 1426 1483 
3 10216 10319 11477 
3 12946 1101 10810 
3 12396 3890 12392 
3 12940 3299 10336 
3 1368 1306 1871 
3 1431 1430 1433 
3 1542 1246 1420 
3 10538 13303 10182 
3 13140 13549 13764 
3 1246 1148 1420 
3 5840 3717 4740 
3 2508 10182 12940 
3 1029 2287 10669 
3 616 3837 3465 
3 10278 13320 4397 
3 8963 3646 6977 
3 1633 1569 1447 
3 6977 3646 2434 
3 3821 4244 3424 
3 1328 1575 1456 
3 1643 1575 1328 
3 3679 3750 9796 
3 13122 5442 3294 
3 1371 1507 1443 
3 1371 1561 1439 
3 1326 1328 1456 
3 1506 1374 1376 
3 1565 1503 1501 
3 1567 1261 1260 
3 1447 1569 1506 
3 2060 2159 2158 
3 1509 1379 1380 
3 13215 13335 13281 
3 1686 1507 1379 
3 2124 2203 1890 
3 1379 1509 1686 
3 1269 1384 1380 
3 1318 1225 1382 
3 6982 2342 7665 
3 1318 1634 1451 
3 3618 7665 2342 
3 771 881 742 
3 7382 1377 3295 
3 3495 3701 3891 
3 1390 1389 1387 
3 1318 1451 1388 
3 12743 13432 9656 
3 4945 6443 3295 
3 13636 7770 7691 
3 1226 1276 1278 
3 1452 1453 1322 
3 2899 12160 12823 
3 9781 1657 3658 
3 3540 4576 3544 
3 5552 2396 6982 
3 4147 11510 13050 
3 1578 1333 1579 
3 4056 6761 12725 
3 1752 9915 6880 
3 1462 1333 1578 
3 1579 1333 1522 
3 1521 1335 1461 
3 13844 12699 12743 
3 1522 1334 1523 
3 1286 1334 1333 
3 1523 1405 1464 
3 8717 13519 8616 
3 1765 1521 1461 
3 11762 11756 11831 
3 3554 5160 5698 
3 1285 1580 1463 
3 12784 10349 12300 
3 1638 1694 1755 
3 1584 1467 1525 
3 1525 1467 1465 
3 1289 1339 1524 
3 1526 1524 1339 
3 1467 1469 1465 
3 4945 7430 7942 
3 1526 1468 1528 
3 8315 8281 13114 
3 1467 1588 1532 
3 1530 1340 1406 
3 1808 2022 2121 
3 1468 1526 1339 
3 1660 1469 1415 
3 1593 1348 1536 
3 1345 1348 1293 
3 1349 1533 1473 
3 9313 8292 8257 
3 103 104 190 
3 5816 3618 4250 
3 1538 1143 1349 
3 1418 1417 1717 
3 3739 13114 8281 
3 1198 1418 1475 
3 1472 1351 1594 
3 1472 1415 1351 
3 1596 1351 1421 
3 1475 1543 1296 
3 4565 5655 6639 
3 499 702 12802 
3 1381 4534 3118 
3 1415 1295 1351 
3 1363 1430 1431 
3 1398 1331 1187 
3 1203 1296 1424 
3 12473 13529 4649 
3 1424 1296 1543 
3 1663 1354 1597 
3 1355 1481 1544 
3 1597 1354 1599 
3 1789 1484 1356 
3 7887 12566 12478 
3 1544 1357 1483 
3 3223 3607 3916 
3 7315 488 5359 
3 3749 8389 8402 
3 1251 1672 1599 
3 1481 1355 1247 
3 7793 10716 6912 
3 1152 1484 1359 
3 1606 1254 1485 
3 5139 64 30 
3 1547 1487 1546 
3 12222 2387 11608 
3 1430 1303 1360 
3 1721 1790 1424 
3 1487 1360 1359 
3 1547 1549 1487 
3 1428 1672 1251 
3 1500 1550 1499 
3 2236 2050 1763 
3 2835 2947 3056 
3 1494 1254 1606 
3 3916 2155 3223 
3 3474 5579 3444 
3 1547 1616 1490 
3 1444 882 868 
3 11755 3166 883 
3 11994 13377 13027 
3 9311 11762 11831 
3 1974 1835 1755 
3 1432 1429 1617 
3 11226 6341 6761 
3 1254 1494 1497 
3 1550 1490 1499 
3 13780 1435 3230 
3 2234 1980 1840 
3 1495 1439 1553 
3 11834 9953 10037 
3 1624 1496 1627 
3 6382 3198 916 
3 1570 1441 1502 
3 1260 1503 1565 
3 1570 1311 1441 
3 53 55 99 
3 1506 1684 1374 
3 1379 1507 1259 
3 1567 1260 1565 
3 1567 1572 1261 
3 1638 1512 1636 
3 1447 1571 1633 
3 489 10419 549 
3 1448 1634 1382 
3 1318 1382 1634 
3 11042 12479 11896 
3 1117 1379 1114 
3 2341 2434 3646 
3 8756 10615 2828 
3 13901 588 13903 
3 13901 12022 588 
3 1512 1390 1387 
3 9404 11584 2016 
3 13063 12803 1576 
3 1353 5647 3555 
3 11584 11190 2016 
3 13199 12624 13198 
3 7729 7591 7477 
3 1637 1321 1323 
3 1972 12300 12700 
3 9781 12275 1657 
3 11823 11909 9839 
3 11521 11549 11341 
3 1518 1575 1517 
3 9071 8951 9314 
3 1328 1329 1643 
3 7646 12347 4190 
3 1398 1642 13995 
3 2504 8315 4140 
3 13171 3238 10756 
3 11784 1065 9689 
3 5815 4658 4643 
3 1580 1285 1462 
3 1584 1525 1654 
3 1405 1524 1464 
3 3480 3554 5698 
3 1403 1911 1658 
3 1658 1406 1403 
3 4327 4527 4902 
3 7430 4945 1377 
3 1654 1525 1587 
3 1652 1464 1524 
3 1468 1531 1528 
3 1591 1532 1588 
3 1530 1533 1410 
3 9097 7093 3573 
3 1471 2204 10214 
3 9762 2410 2983 
3 1527 1591 1588 
3 1417 1293 1717 
3 1198 1475 1294 
3 4250 5698 5816 
3 1538 1349 1473 
3 1474 1539 1595 
3 1777 1474 1595 
3 1538 1540 1143 
3 1418 1543 1475 
3 13896 13521 3035 
3 3268 2931 3040 
3 1663 1596 1421 
3 1596 1594 1351 
3 1037 10556 4831 
3 1757 1457 1455 
3 1355 1542 1420 
3 6984 12979 11497 
3 1423 1598 1299 
3 9070 466 13966 
3 2088 2263 1998 
3 8971 2589 11609 
3 13966 10041 9070 
3 13281 6884 1067 
3 1487 1484 1546 
3 1484 1725 1546 
3 1668 1483 1669 
3 1544 1481 1357 
3 1487 1359 1484 
3 2087 2339 2083 
3 12964 2118 1122 
3 12979 7973 7264 
3 4039 4157 4044 
3 1490 1550 1547 
3 1547 1550 1549 
3 1368 1488 1365 
3 13405 11557 13702 
3 2329 3847 1129 
3 1613 1608 1431 
3 6542 4473 4507 
3 3927 4149 4028 
3 8195 2065 1450 
3 1503 1372 1501 
3 1617 1429 1549 
3 2215 2394 1967 
3 1605 1730 1436 
3 1436 1365 1605 
3 1428 1496 1619 
3 2553 2387 8170 
3 13027 10397 11994 
3 1502 1497 1556 
3 885 995 919 
3 900 854 759 
3 1561 1553 1439 
3 1549 1429 1487 
3 1360 1487 1429 
3 3951 6977 2434 
3 1440 1497 1502 
3 13262 3803 2127 
3 1559 1498 1557 
3 12222 8170 2387 
3 2016 11190 10789 
3 2188 2362 1936 
3 1372 1438 1501 
3 1557 1562 1559 
3 1500 1498 1559 
3 1744 1562 2113 
3 1628 1500 1559 
3 1443 1561 1371 
3 1627 1374 1564 
3 1564 1374 1684 
3 1570 1502 1631 
3 11994 2886 12934 
3 10292 11058 2861 
3 781 2886 11994 
3 1447 1506 1376 
3 11549 9311 11341 
3 2768 2977 3096 
3 1014 3575 2973 
3 1451 1571 1386 
3 6306 4173 2037 
3 517 710 483 
3 1691 1897 1686 
3 1509 1511 1691 
3 2235 2201 3618 
3 1691 1511 1828 
3 7780 1769 7766 
3 11190 11584 777 
3 1511 1514 1828 
3 10469 10462 9597 
3 3618 2342 2235 
3 1639 1452 1517 
3 945 1111 904 
3 1574 1228 1516 
3 1855 1995 2257 
3 1518 1517 1755 
3 1323 1228 1574 
3 11561 11576 13793 
3 1642 1457 1757 
3 1329 1330 1459 
3 1399 1760 1577 
3 1760 1399 13995 
3 1498 1499 1554 
3 1520 1399 1577 
3 1461 1400 1844 
3 7882 7990 7992 
3 9124 7804 2229 
3 1765 1461 1844 
3 645 720 684 
3 13969 13037 2229 
3 1463 1706 1400 
3 3480 2065 3554 
3 1692 522 1747 
3 1376 1375 1447 
3 3646 5160 3554 
3 1522 1523 1651 
3 1403 1581 1583 
3 1582 1521 1765 
3 1464 1651 1523 
3 3257 11318 12712 
3 4250 3480 5698 
3 10565 10214 50 
3 8845 6832 7857 
3 1587 1525 1465 
3 294 197 216 
3 8756 1913 2631 
3 4946 5880 3982 
3 10548 1044 4397 
3 1655 1527 1653 
3 8086 12180 10882 
3 1584 1710 1653 
3 3239 820 13896 
3 1589 1587 1465 
3 1712 1526 1528 
3 1891 1567 1565 
3 1349 1343 1533 
3 1465 1660 1589 
3 3094 11255 8594 
3 1528 1772 1712 
3 1911 1403 1583 
3 2057 2058 1981 
3 1534 1716 1661 
3 1661 1411 1534 
3 1469 1660 1465 
3 1412 1532 1591 
3 1862 1718 1596 
3 1636 1824 1826 
3 3756 1471 10565 
3 1739 3548 893 
3 1880 13182 5863 
3 1534 1474 1777 
3 300 8977 9912 
3 10142 10112 1834 
3 1538 1473 2001 
3 1540 1667 1298 
3 1538 2002 1540 
3 2589 8971 7114 
3 1598 1423 1667 
3 1424 1543 1721 
3 5594 5143 5222 
3 3540 11725 153 
3 3869 4839 5574 
3 1789 1598 1722 
3 1725 1484 1789 
3 2953 2560 2952 
3 1606 1485 1790 
3 1672 1793 1599 
3 1544 1483 1668 
3 1249 9718 221 
3 1488 1605 1365 
3 2916 822 1537 
3 1426 1603 1669 
3 3732 3834 3731 
3 2245 2324 2437 
3 2578 3606 2592 
3 10124 10192 8732 
3 1728 1548 1674 
3 3847 2329 4417 
3 1433 1622 1613 
3 13157 6343 6206 
3 1590 1530 1658 
3 1548 1609 1674 
3 1871 1306 1734 
3 1754 1695 1831 
3 1490 1616 1554 
3 1616 1547 1673 
3 1368 1871 1488 
3 2229 7804 13969 
3 1609 1614 1674 
3 8564 1899 718 
3 562 8041 8725 
3 11478 7608 2497 
3 1675 1556 1494 
3 1554 1616 1620 
3 1678 1549 1550 
3 13094 1644 7045 
3 1710 1584 1654 
3 747 13094 7045 
3 1672 1428 1619 
3 4859 4907 5943 
3 1494 1556 1497 
3 4250 3618 2201 
3 1729 2018 1556 
3 782 8860 9912 
3 1619 1496 1624 
3 1554 1620 1557 
3 1743 1502 1556 
3 1733 1438 1436 
3 1557 1620 1625 
3 10897 12614 1747 
3 1554 1557 1498 
3 1500 1628 1626 
3 1443 1507 1889 
3 1501 1438 1682 
3 2080 1698 2062 
3 1562 1630 1559 
3 13104 2248 434 
3 1742 1565 1501 
3 1498 1500 1499 
3 1624 1627 1564 
3 1625 2113 1562 
3 2920 12859 2889 
3 1450 2065 4250 
3 13896 3035 13147 
3 905 1115 1116 
3 1443 1889 1561 
3 3679 9661 13941 
3 9743 2886 781 
3 12614 10897 542 
3 1903 542 10935 
3 6323 12300 10349 
3 7099 6954 10560 
3 9190 185 176 
3 1571 1822 1633 
3 7299 10963 11920 
3 1387 1572 1512 
3 1636 1512 1572 
3 1451 1386 1388 
3 1637 1574 1756 
3 1637 1323 1574 
3 5863 13182 8119 
3 13182 2477 8119 
3 1377 1929 7430 
3 1574 1516 1453 
3 1755 1517 1638 
3 3238 13155 13145 
3 3286 11319 12259 
3 12036 4428 9252 
3 1753 1694 1638 
3 2520 2238 2057 
3 8330 683 13938 
3 13994 13995 1642 
3 8217 5160 3646 
3 1226 1082 1039 
3 1329 1697 1643 
3 1577 1459 1520 
3 1706 1580 1578 
3 2733 6818 12917 
3 1522 1845 1579 
3 1846 1582 1765 
3 1583 1581 1846 
3 1582 1846 1581 
3 1652 1848 1847 
3 5818 12859 4259 
3 1662 1591 1659 
3 1847 1708 1464 
3 4534 11807 3118 
3 1527 1588 1653 
3 1554 1499 1490 
3 8235 6341 8323 
3 1585 1848 1652 
3 10149 12136 431 
3 1660 1714 1589 
3 9839 765 3320 
3 1415 1472 1660 
3 4174 11125 12000 
3 1859 1714 1472 
3 1594 1718 1472 
3 1717 1293 1593 
3 6982 2396 2342 
3 8792 13959 10058 
3 3181 3951 2434 
3 11362 663 6749 
3 1993 486 6206 
3 1632 1684 1506 
3 6638 1537 2157 
3 1786 1542 1355 
3 1722 1598 1667 
3 1587 1589 1850 
3 1733 1436 1730 
3 1654 1587 1766 
3 4061 6610 2943 
3 1547 1546 1602 
3 2434 2341 970 
3 11652 11645 9700 
3 13172 13173 13378 
3 1728 1603 1548 
3 1494 1606 1675 
3 1609 1548 1608 
3 1602 1673 1547 
3 8564 718 6293 
3 1638 1452 1512 
3 10117 5732 3829 
3 1511 1509 1384 
3 1608 1613 1735 
3 10339 2875 3977 
3 1734 1553 1800 
3 2201 1450 4250 
3 3554 1586 3646 
3 1467 1584 1588 
3 1731 1728 1674 
3 1834 10112 8863 
3 2063 1122 5731 
3 1609 1811 1614 
3 4067 3753 3559 
3 1682 1438 1733 
3 7471 13822 13559 
3 1815 1619 1624 
3 7170 13977 11265 
3 1502 1743 1631 
3 2065 3480 4250 
3 1557 1625 1562 
3 12510 13675 6478 
3 2785 12043 10083 
3 1817 1628 1630 
3 5673 415 11945 
3 2666 2760 2110 
3 7471 13559 13528 
3 13429 12075 4606 
3 1559 1630 1628 
3 10083 10120 849 
3 1800 1561 1960 
3 1634 1687 1451 
3 934 3231 9792 
3 6113 1366 2335 
3 1570 1634 1448 
3 12453 12891 12461 
3 1472 1714 1660 
3 868 7320 5243 
3 7482 1153 7299 
3 1464 1652 1847 
3 1695 1639 1575 
3 5304 5213 10150 
3 13466 12880 13075 
3 1574 1453 1754 
3 11847 5535 6894 
3 1695 1575 1643 
3 1758 1642 1757 
3 1452 1639 1453 
3 1758 13994 1642 
3 12952 10920 1720 
3 1781 2883 5043 
3 1702 1703 1701 
3 1699 1577 1761 
3 1650 1706 1578 
3 1764 1842 1702 
3 3439 4160 925 
3 1845 1522 1651 
3 1463 1580 1706 
3 8056 11299 8096 
3 10147 12004 8924 
3 3231 9747 9792 
3 1781 1769 7780 
3 3181 970 7382 
3 1651 1464 1708 
3 9976 2107 7377 
3 5697 8013 4529 
3 11311 9564 9957 
3 1636 1572 1824 
3 1585 1712 1909 
3 1097 4418 1099 
3 1655 1849 1711 
3 1772 2078 1909 
3 1844 1704 1904 
3 1526 1585 1524 
3 1712 1585 1526 
3 1916 1590 1852 
3 1711 1771 1659 
3 1852 1590 1658 
3 1652 1524 1585 
3 9181 8940 8799 
3 2797 10149 431 
3 1531 1713 1528 
3 1571 1688 1822 
3 1655 1711 1527 
3 1147 12182 5867 
3 1713 1531 1661 
3 6986 10615 9909 
3 1662 1536 1591 
3 1777 1716 1534 
3 1661 1531 1411 
3 9664 5377 5346 
3 1472 1718 1859 
3 1715 1921 1473 
3 1543 1926 1778 
3 1595 1539 1542 
3 1993 6206 2975 
3 3767 8629 13010 
3 788 781 11994 
3 4380 10208 5825 
3 1664 1595 1542 
3 1786 1355 1668 
3 1543 1778 1721 
3 1789 1722 1788 
3 1668 1669 1791 
3 1721 1932 1790 
3 1867 1727 1602 
3 1725 1867 1602 
3 1672 1799 1793 
3 8924 8922 9976 
3 12542 7768 3314 
3 12 10316 8170 
3 5043 2888 6074 
3 1603 1426 1431 
3 2692 2106 9781 
3 9247 2156 1666 
3 1488 1871 1796 
3 2477 2478 8119 
3 1431 1548 1603 
3 1609 1679 1811 
3 2235 9413 2201 
3 8584 454 4625 
3 1728 1868 1939 
3 9188 9324 9327 
3 1675 1606 1790 
3 1795 1616 1673 
3 1737 1622 1617 
3 1614 1731 1674 
3 1614 1801 1731 
3 8020 5935 13910 
3 13578 1482 7915 
3 13570 11965 5900 
3 1737 1805 1622 
3 8026 798 3955 
3 1679 1608 1879 
3 1811 1809 1614 
3 1809 1801 1614 
3 8878 3575 2032 
3 7854 1201 1560 
3 1500 1626 1678 
3 1737 1808 1805 
3 13829 13813 1749 
3 1929 573 7846 
3 13578 7915 13556 
3 2065 3349 3554 
3 13495 13556 1367 
3 1377 573 1929 
3 1624 1564 1815 
3 1630 1562 1744 
3 589 1762 13894 
3 1564 1885 1815 
3 2337 2165 2932 
3 1684 1885 1564 
3 1800 1960 1952 
3 4583 3439 4594 
3 3269 1325 1304 
3 6352 5918 12447 
3 1820 1634 1570 
3 4456 2979 671 
3 5900 3572 3594 
3 13736 13515 13514 
3 2033 1567 1891 
3 13835 12906 7582 
3 1567 2033 1824 
3 13335 13215 3876 
3 1453 1639 1754 
3 1634 1820 1687 
3 3181 7382 3295 
3 6659 11853 9246 
3 1929 4685 5552 
3 13933 9495 9501 
3 1825 1686 1897 
3 1781 5043 12936 
3 1897 1691 1898 
3 1898 1691 1828 
3 1637 1829 1828 
3 5667 7450 5714 
3 448 453 7215 
3 7430 1929 5552 
3 6612 13723 590 
3 1639 1695 1754 
3 1756 1754 1831 
3 1755 1757 1455 
3 1696 1643 1697 
3 698 729 605 
3 1317 311 4163 
3 2045 1577 1760 
3 10137 9725 9113 
3 1702 1701 1840 
3 2387 11829 1943 
3 5552 4685 2396 
3 7366 7395 7349 
3 2964 2976 2868 
3 7164 3641 3652 
3 1650 1579 1845 
3 2161 2067 1905 
3 1650 1982 1704 
3 1764 1840 1980 
3 1765 2068 1846 
3 5679 8766 8773 
3 7299 13357 10963 
3 1650 1578 1579 
3 112 9721 5301 
3 7697 4061 6023 
3 1992 1911 1583 
3 9015 2733 5893 
3 4794 5760 5744 
3 712 891 714 
3 4183 2061 4191 
3 13467 1153 7558 
3 13770 13795 3894 
3 1909 1712 1772 
3 11912 13256 2603 
3 984 874 1038 
3 2537 2071 1991 
3 11817 2251 171 
3 1848 1585 1909 
3 1589 1714 1857 
3 1852 1658 1911 
3 11518 2341 1586 
3 1662 1774 1858 
3 2081 1713 1661 
3 320 195 9377 
3 335 10208 10876 
3 7196 10945 7134 
3 1533 1590 1715 
3 1536 1662 1593 
3 479 5235 5937 
3 12917 6818 12775 
3 2086 1861 2087 
3 477 390 459 
3 140 5433 2417 
3 7917 140 2417 
3 477 385 390 
3 2001 1473 1921 
3 1777 1595 1863 
3 1862 1861 1718 
3 1926 1717 1860 
3 2350 1930 2356 
3 7134 7169 13204 
3 1542 2185 1664 
3 2184 1784 1667 
3 1788 1722 1784 
3 1667 1784 1722 
3 4331 4136 4813 
3 1926 1927 2183 
3 1597 1599 1865 
3 9413 11948 2201 
3 2005 1668 1791 
3 124 8728 8745 
3 1932 2008 1792 
3 10736 10766 12667 
3 1789 1788 1867 
3 6987 7479 2092 
3 1792 1790 1932 
3 3349 2065 12886 
3 888 1003 1056 
3 1866 1727 1867 
3 7090 13104 11880 
3 1727 1936 1795 
3 1790 1792 1675 
3 5423 2235 2342 
3 1669 1603 1728 
3 1729 1675 1792 
3 1669 1728 1939 
3 1605 1488 1940 
3 1488 1796 1940 
3 1673 1727 1795 
3 1725 1789 1867 
3 12886 2065 8195 
3 433 13755 12796 
3 1934 1865 1793 
3 1936 1727 1866 
3 1913 752 5117 
3 1261 1268 1164 
3 2542 13397 2541 
3 1619 1799 1672 
3 1799 1949 2100 
3 12510 2661 6430 
3 1805 1618 1622 
3 2100 1793 1799 
3 1766 1587 1850 
3 2683 2308 2135 
3 10117 3829 5825 
3 12079 6057 837 
3 1682 1733 2367 
3 1795 1869 1616 
3 1618 1805 1735 
3 1816 8138 1666 
3 5144 4961 5045 
3 1230 133 109 
3 1619 1875 1802 
3 2019 1625 1620 
3 7822 8348 7690 
3 1799 1802 1949 
3 9781 2985 12275 
3 6880 7817 13845 
3 8540 11438 2200 
3 1802 1799 1619 
3 1810 1743 1556 
3 1925 9199 747 
3 1600 12785 3759 
3 1711 1854 1771 
3 2197 1875 1619 
3 6306 2037 11707 
3 1869 1954 1620 
3 1887 1884 1817 
3 2113 1625 2019 
3 1959 1742 1682 
3 13826 11878 5845 
3 1626 1884 1678 
3 91 4755 0 
3 13244 13656 13053 
3 8897 8901 4363 
3 1885 2025 1815 
3 1737 1617 1678 
3 1744 1886 1630 
3 1886 1817 1630 
3 7376 6785 6794 
3 1620 1616 1869 
3 2007 589 13894 
3 9252 4428 4263 
3 906 905 1079 
3 2024 2196 1801 
3 2334 2539 2257 
3 1424 1790 1485 
3 7707 13498 3165 
3 6441 7867 7473 
3 1894 1820 2034 
3 1826 1824 1967 
3 1897 1898 2134 
3 1636 1826 1753 
3 1753 1638 1636 
3 4428 1027 4263 
3 1900 2043 1830 
3 1086 590 13729 
3 2768 2879 2677 
3 2041 1898 1829 
3 11885 3843 13812 
3 1974 1694 1973 
3 1830 1756 1900 
3 1976 1696 1697 
3 9970 9968 7515 
3 1695 1696 1831 
3 1974 1755 1694 
3 2537 2449 2722 
3 7508 3920 3932 
3 1904 2161 1905 
3 1838 1701 1763 
3 1763 1703 1841 
3 1702 1842 1703 
3 13095 12877 2378 
3 1176 1077 869 
3 2434 970 3181 
3 1153 1670 7299 
3 1845 1651 1708 
3 2396 8964 5423 
3 2396 5423 2342 
3 73 123 145 
3 1710 1908 1653 
3 12978 13791 12977 
3 13818 7842 8880 
3 1848 2073 1847 
3 2431 2429 2427 
3 1992 1583 1989 
3 4261 4274 4257 
3 12145 4861 5975 
3 13429 4606 6092 
3 1985 7099 13305 
3 5564 6164 242 
3 1035 871 1079 
3 1908 1849 1655 
3 1774 1771 1995 
3 3843 13785 13812 
3 1857 1850 1589 
3 1919 1772 1713 
3 1659 1771 1774 
3 1855 1858 1774 
3 1858 1855 1860 
3 8599 8451 8299 
3 2081 1661 1856 
3 1412 1591 1536 
3 7875 8121 7988 
3 1858 1717 1593 
3 1862 1922 1861 
3 2247 2158 2160 
3 2183 1778 1926 
3 4211 4308 4401 
3 1863 1595 1664 
3 12886 1586 3349 
3 352 2689 349 
3 12886 11518 1586 
3 9262 5867 12182 
3 1106 1155 1300 
3 2188 1788 1784 
3 1668 2005 1786 
3 1788 1866 1867 
3 1721 1778 1932 
3 6971 1099 4386 
3 2301 4407 3372 
3 1597 1865 1930 
3 12583 2168 4085 
3 12340 13265 1676 
3 10278 982 12866 
3 1546 1725 1602 
3 1940 1730 1605 
3 1542 1786 2185 
3 1675 1729 1556 
3 6260 6474 6526 
3 1868 1728 1731 
3 10317 10292 1923 
3 1949 1802 1873 
3 2015 1873 1874 
3 8616 4260 8717 
3 5130 11162 2336 
3 5461 6508 5465 
3 1816 3980 8138 
3 2014 1873 2015 
3 2307 3372 4421 
3 2105 1952 1960 
3 6609 4697 10736 
3 1158 1157 1107 
3 1874 1873 1875 
3 6430 212 12510 
3 2103 2009 1871 
3 6066 6343 10566 
3 1875 1873 1802 
3 9401 9393 12286 
3 981 10216 977 
3 13467 7558 7707 
3 9187 4766 83 
3 11880 1944 13750 
3 0 13500 91 
3 957 997 1091 
3 1553 1561 1800 
3 1810 2018 1957 
3 1960 1561 2028 
3 2024 1809 1813 
3 1323 1042 950 
3 8588 4033 8580 
3 7093 5828 2432 
3 416 674 13741 
3 1367 13556 7915 
3 2028 1561 1889 
3 1811 1679 1879 
3 1619 1815 2026 
3 9162 4428 12036 
3 2202 2124 1957 
3 1569 2030 1632 
3 8997 5692 3247 
3 1633 1963 1569 
3 1970 1897 2134 
3 5530 8905 10818 
3 1821 1895 1822 
3 8469 8466 8450 
3 6430 13659 212 
3 4981 9010 2310 
3 1570 1631 1890 
3 1894 1821 1687 
3 6556 7809 13829 
3 1822 1895 1963 
3 1687 1820 1894 
3 590 9905 13729 
3 1967 1824 2033 
3 13625 7809 13827 
3 7629 12691 10795 
3 1973 1753 2039 
3 1973 1694 1753 
3 1829 1637 1830 
3 1829 2040 2041 
3 1696 1900 1831 
3 3172 3290 3180 
3 13447 7547 2939 
3 1976 1697 2136 
3 6717 6849 6716 
3 2306 1975 1976 
3 9113 9725 9112 
3 12295 13620 5564 
3 1329 1699 1697 
3 9762 2983 9794 
3 1840 1764 1702 
3 12437 970 2341 
3 8265 6258 7245 
3 672 628 429 
3 1696 1976 1975 
3 1904 1704 1982 
3 7618 8537 7622 
3 1650 1704 1706 
3 5530 12140 8905 
3 1765 1844 1905 
3 3682 3703 4778 
3 1845 1708 1907 
3 2073 1907 1847 
3 6882 11847 7884 
3 1908 1990 1849 
3 3687 6410 12469 
3 771 742 773 
3 1208 1254 1497 
3 13633 13038 13836 
3 11510 11623 11647 
3 2067 2068 1905 
3 1910 1915 1852 
3 10518 7532 8501 
3 1852 1911 1910 
3 1915 1916 1852 
3 1855 1774 1995 
3 1915 1918 1916 
3 689 11779 11787 
3 11961 11831 1215 
3 1918 1715 1916 
3 1919 1713 2081 
3 12400 2243 12932 
3 12492 12886 11764 
3 1854 2075 1995 
3 8800 7730 2578 
3 5469 5974 5826 
3 5007 1803 4875 
3 10000 7801 8898 
3 4304 4053 982 
3 13718 5410 5776 
3 2086 1857 1859 
3 4030 1893 6150 
3 9691 9348 9212 
3 1924 1927 1926 
3 2087 1861 1922 
3 13755 433 438 
3 1926 1860 1924 
3 1282 953 918 
3 1540 2002 2184 
3 2184 2002 2351 
3 1932 1778 2183 
3 6023 4061 2943 
3 2005 2004 1786 
3 1866 1788 2188 
3 1943 3799 3787 
3 2276 2102 2014 
3 11244 11680 11677 
3 2009 2097 1796 
3 10521 8943 8195 
3 11776 12783 10948 
3 1478 5025 1397 
3 1322 1184 1278 
3 2096 1730 1940 
3 8059 3679 9796 
3 1450 2201 10521 
3 11948 10521 2201 
3 1946 2010 1868 
3 1928 1782 2350 
3 2103 1952 2475 
3 218 201 4932 
3 1941 1729 1792 
3 3020 3010 3014 
3 6668 12701 8416 
3 2018 1729 1941 
3 2103 1871 1952 
3 6891 2754 3775 
3 1731 1953 1946 
3 1087 1283 1133 
3 1953 1731 1801 
3 6376 13630 309 
3 195 9187 4780 
3 573 7382 6561 
3 1805 1808 1956 
3 12788 13587 13588 
3 8616 2958 4260 
3 1619 2026 2197 
3 3173 3283 3061 
3 1929 7846 5939 
3 3623 5732 5714 
3 2114 1879 1735 
3 13718 13714 1707 
3 1956 1808 2020 
3 6381 12447 5918 
3 12775 9908 9911 
3 1801 1809 2024 
3 1744 2113 1962 
3 1817 1884 1626 
3 2117 1882 1879 
3 1813 1811 1882 
3 3757 11779 7675 
3 1810 1957 2124 
3 1882 1811 1879 
3 1887 1817 1886 
3 1891 1565 1742 
3 3381 3380 3168 
3 1890 2034 1820 
3 1761 2136 1699 
3 1968 1897 1970 
3 1968 2133 1965 
3 11822 4973 2550 
3 11741 13669 5717 
3 1894 1895 1821 
3 2165 2337 2167 
3 2330 2616 3034 
3 1825 1897 1968 
3 951 10317 4694 
3 1569 1963 2030 
3 83 4693 4780 
3 11799 13739 13767 
3 6268 288 13630 
3 13819 11878 5865 
3 13819 5865 13823 
3 4693 9252 4263 
3 996 8696 4892 
3 7523 12397 10527 
3 5564 12467 6164 
3 1975 2043 1900 
3 9821 11814 2680 
3 1577 2045 1761 
3 1835 1836 13993 
3 8807 8930 10666 
3 2227 1838 1979 
3 13671 2642 11754 
3 8586 58 12581 
3 1840 2049 2234 
3 2149 1842 1764 
3 2317 1841 1842 
3 1904 2066 2064 
3 12276 5469 13611 
3 2066 1982 1983 
3 12509 9413 5423 
3 1982 1984 1983 
3 1984 1650 1845 
3 1982 1650 1984 
3 1846 2068 2072 
3 1989 1846 2072 
3 1904 1905 1844 
3 1907 1984 1845 
3 1766 2071 1988 
3 1908 1710 1988 
3 1315 11711 7022 
3 6589 6572 360 
3 3837 643 13607 
3 1850 1991 1766 
3 2075 1854 1849 
3 8261 8297 13111 
3 2705 2708 2914 
3 3041 2724 3260 
3 4911 5102 4914 
3 1854 1995 1771 
3 2341 11518 12437 
3 11725 11647 11623 
3 1919 2169 2078 
3 1910 1911 1992 
3 3750 8261 13111 
3 109 5377 13536 
3 2169 2256 2078 
3 2332 2078 2256 
3 12017 12019 5869 
3 6216 6373 5809 
3 2012 5017 11124 
3 2264 2261 2178 
3 12886 12492 11518 
3 1921 1715 2088 
3 1919 2078 1772 
3 1233 1046 1188 
3 2136 1761 2311 
3 1927 1924 2177 
3 3397 3404 13095 
3 1424 1485 1207 
3 1777 2090 1716 
3 1766 1988 1654 
3 1777 1863 2090 
3 1156 1256 1255 
3 1198 1417 1418 
3 2183 1927 2181 
3 2002 1538 2001 
3 211 5850 2578 
3 7090 11888 7158 
3 1514 1321 1637 
3 1862 1779 1928 
3 1796 2097 1940 
3 1930 2350 1782 
3 2185 1786 2004 
3 4165 4166 3947 
3 10810 3129 13734 
3 2005 1791 2189 
3 7181 7421 7178 
3 2004 2189 2358 
3 2188 1936 1866 
3 4772 4757 4795 
3 2565 2563 1951 
3 8696 4035 4892 
3 2648 2949 3066 
3 1939 2006 2189 
3 1730 2096 2101 
3 13471 5206 11292 
3 8195 1450 10521 
3 1642 1084 1457 
3 1811 1813 1809 
3 1041 638 13229 
3 9397 12301 10421 
3 1837 3089 6120 
3 2014 2102 1949 
3 11053 11466 11052 
3 1869 2011 1954 
3 4890 11269 3119 
3 1959 1682 2367 
3 2316 6836 2333 
3 2657 2006 2274 
3 3703 4859 4811 
3 192 6392 6410 
3 146 155 5927 
3 1953 1801 2196 
3 7608 4363 5854 
3 10756 7280 11290 
3 2197 2111 1874 
3 2134 2302 1970 
3 3154 2220 7691 
3 7780 7751 1736 
3 1956 2114 1805 
3 8616 13335 3876 
3 1954 2280 2019 
3 2195 996 638 
3 2374 1960 2028 
3 11513 13511 5393 
3 1513 3667 12510 
3 8114 12709 8044 
3 1735 1805 2114 
3 5665 4483 2107 
3 7382 970 8046 
3 12061 5692 5739 
3 2677 2483 2768 
3 1951 2015 1874 
3 777 1996 10789 
3 2372 1962 2113 
3 8046 970 3698 
3 1813 2122 2290 
3 1882 2122 1813 
3 5045 4864 4955 
3 1885 2030 2025 
3 1869 1795 2011 
3 2117 2114 2199 
3 2210 1887 2125 
3 1963 1895 2129 
3 1963 2129 2208 
3 2129 1895 2207 
3 4772 4795 5946 
3 2203 2034 1890 
3 5684 10453 11811 
3 12709 12603 7887 
3 12702 12719 10895 
3 2034 2130 1894 
3 630 673 513 
3 12603 12591 12566 
3 3751 8964 4685 
3 6733 6503 6518 
3 8588 8580 6884 
3 710 514 578 
3 3373 3369 3578 
3 7887 3436 5581 
3 1763 1701 1703 
3 1974 2135 1836 
3 1075 1076 903 
3 1836 1835 1974 
3 2221 1967 2394 
3 2786 3706 2785 
3 4658 5815 5841 
3 2311 1761 2045 
3 4685 8964 2396 
3 6716 6849 6708 
3 2236 1763 1841 
3 4778 4811 4757 
3 2052 2148 2147 
3 5235 380 9377 
3 12013 12196 12615 
3 2055 2052 2152 
3 965 11488 1018 
3 1841 2317 2236 
3 2055 2154 2150 
3 2052 2055 2150 
3 9052 9310 9053 
3 58 12536 5686 
3 1981 2244 2154 
3 2057 2238 2241 
3 12509 12369 9413 
3 2159 2242 2324 
3 2322 2150 2154 
3 9607 1215 13211 
3 8197 1205 151 
3 1789 1356 1598 
3 2601 2798 2427 
3 1555 1566 516 
3 13 737 3147 
3 1982 2066 1904 
3 2704 2606 2520 
3 2064 2066 2326 
3 1904 2064 2161 
3 2069 1983 1984 
3 11725 13542 11647 
3 1991 2071 1766 
3 1908 1988 2446 
3 2218 2195 638 
3 3158 12162 6506 
3 2163 1907 2073 
3 8604 7651 11484 
3 3162 13636 12304 
3 8195 4467 12886 
3 10876 341 335 
3 5977 10233 2939 
3 2068 1765 1905 
3 1915 1910 2167 
3 2337 1918 1915 
3 2337 1915 2167 
3 3214 2984 2982 
3 8880 11735 1719 
3 4892 4035 12770 
3 2244 1981 2158 
3 13544 859 7646 
3 1379 1259 1114 
3 3134 3129 13631 
3 12304 13636 7691 
3 4969 1304 1325 
3 1921 1998 2001 
3 4467 11764 12886 
3 2082 1855 2170 
3 2241 2058 2057 
3 5586 4452 11720 
3 8780 1719 11735 
3 2001 1998 2091 
3 2257 2170 1855 
3 2088 1715 1918 
3 2082 1924 1860 
3 3440 10976 4751 
3 442 13717 13483 
3 1858 1593 1662 
3 11687 11639 13525 
3 1922 2089 2087 
3 573 6561 13923 
3 1716 2176 1856 
3 2091 1998 2348 
3 573 13923 7846 
3 2176 2175 2081 
3 9825 10493 9826 
3 2002 2001 2091 
3 13714 678 1707 
3 1930 1865 1934 
3 3932 5971 1783 
3 1784 2268 2188 
3 8046 6561 7382 
3 2008 1932 2186 
3 2183 2266 2186 
3 2191 1934 2100 
3 2004 2005 2189 
3 3916 1945 1964 
3 2942 2544 3057 
3 2269 2096 2097 
3 1934 1793 2100 
3 10560 10223 7099 
3 3118 11807 13857 
3 2275 1941 2008 
3 3703 4811 4778 
3 1939 2189 1791 
3 10850 3847 12153 
3 2104 2274 1946 
3 3751 1929 5939 
3 1949 2102 2100 
3 7606 3950 7619 
3 2014 1949 1873 
3 2277 2015 1951 
3 6544 373 2689 
3 3636 9656 8061 
3 2451 6007 1719 
3 734 913 910 
3 13519 8717 6854 
3 2110 1953 2196 
3 2281 2111 2197 
3 2374 2112 1960 
3 2668 2130 2479 
3 2966 2762 2668 
3 2475 1952 2105 
3 1956 2020 2199 
3 2375 11488 2357 
3 1956 2199 2114 
3 13010 11609 2589 
3 1513 12510 6478 
3 2025 2026 1815 
3 2197 2026 2115 
3 12393 13265 10507 
3 2280 2372 2113 
3 2041 2134 1898 
3 4772 5946 4825 
3 8816 12207 6888 
3 2123 2022 1884 
3 5346 1292 8900 
3 2123 2121 2022 
3 2210 2123 1884 
3 11148 6611 11292 
3 9864 13969 7804 
3 2568 1891 1742 
3 12942 12409 8922 
3 10548 12407 1068 
3 1879 2114 2117 
3 3784 13167 2767 
3 2123 2213 2121 
3 2124 2202 2203 
3 2372 2379 1962 
3 2208 2205 2030 
3 2379 2372 2864 
3 2210 2213 2123 
3 2213 2126 2121 
3 1891 2671 2033 
3 2206 1744 1962 
3 8668 9657 8934 
3 1963 2208 2030 
3 1965 1825 1968 
3 4033 3956 8580 
3 2211 2213 2210 
3 6268 13630 11757 
3 13265 12393 1676 
3 1406 1658 1530 
3 7049 6078 6074 
3 2033 2215 1967 
3 1803 2074 26 
3 10137 9113 9518 
3 8964 10043 5423 
3 2042 2039 2222 
3 2223 2040 2043 
3 2043 1975 2305 
3 2488 2039 2221 
3 2306 2305 1975 
3 13997 1836 2135 
3 13507 7488 11593 
3 8253 8545 8118 
3 1322 1278 1276 
3 12492 12563 12437 
3 11518 12492 12437 
3 5423 10043 12509 
3 2049 1838 2227 
3 8283 8579 8435 
3 3985 3999 7656 
3 8449 8315 2504 
3 13225 12803 9651 
3 965 9692 8136 
3 2234 2049 2500 
3 1491 288 2645 
3 2143 2144 2148 
3 2148 2146 2142 
3 2143 2148 2142 
3 12369 11948 9413 
3 3805 3293 3499 
3 12369 7010 11948 
3 2148 2150 2146 
3 1734 1306 1495 
3 2244 2158 2247 
3 6441 11977 7867 
3 2322 2151 2150 
3 5063 12940 10182 
3 1981 2154 2057 
3 2055 2057 2154 
3 2153 2057 2055 
3 9827 9068 2818 
3 2154 2244 2322 
3 10523 10974 10747 
3 2268 2184 2351 
3 3653 11687 13550 
3 2058 2060 1981 
3 1278 1082 1226 
3 10718 12596 5559 
3 1710 1654 1988 
3 12347 3314 9235 
3 1276 1452 1322 
3 11509 8674 2605 
3 9262 12182 5072 
3 8780 11735 6635 
3 2158 2159 2160 
3 2064 2616 2161 
3 3650 11146 10429 
3 2064 2326 2441 
3 2072 2068 2067 
3 2067 2249 2072 
3 2167 2072 2165 
3 7889 13973 2631 
3 10278 12866 2395 
3 120 3457 11513 
3 7743 2293 12946 
3 11749 9262 5072 
3 1907 2163 2069 
3 1990 1908 2448 
3 2072 2167 1989 
3 2167 1910 1989 
3 1910 1992 1989 
3 1228 1322 1516 
3 2052 2147 2152 
3 2175 1919 2081 
3 2152 2147 2318 
3 212 11798 9862 
3 1826 2221 1753 
3 2789 2411 2596 
3 1919 2340 2169 
3 1919 2175 2340 
3 3138 2800 3027 
3 1855 2082 1860 
3 2458 2089 2260 
3 487 430 354 
3 2081 1856 2176 
3 3242 13170 9203 
3 2416 2147 2144 
3 13929 13337 13351 
3 6719 4467 8195 
3 3022 5116 7162 
3 2090 2178 1716 
3 547 11543 551 
3 1921 2088 1998 
3 11831 11756 1215 
3 10590 6954 11478 
3 2260 2350 2637 
3 2182 2002 2091 
3 12304 3158 3162 
3 2182 2351 2002 
3 5603 6751 6592 
3 2246 9820 12820 
3 12304 7691 2220 
3 2540 2255 2172 
3 2186 1932 2183 
3 6494 13873 13871 
3 11092 9802 10976 
3 10976 3659 11092 
3 1692 1747 7420 
3 2601 2795 2798 
3 6984 11497 6935 
3 2186 2275 2008 
3 2191 2100 2102 
3 2269 2097 2270 
3 13544 4300 859 
3 1936 2362 2011 
3 6493 4013 12547 
3 10810 13631 3129 
3 2101 2096 2272 
3 2103 2469 2009 
3 9470 9486 540 
3 2010 1946 2274 
3 2101 2367 1733 
3 2365 1941 2275 
3 2265 7423 11537 
3 8251 7883 12729 
3 2104 1953 2110 
3 8814 8686 8812 
3 1734 1495 1553 
3 1941 2365 2018 
3 13060 11204 12132 
3 1946 1953 2104 
3 2018 2365 2284 
3 2009 2270 2097 
3 12162 2139 859 
3 6516 0 4755 
3 2282 2017 2111 
3 10227 5863 8119 
3 2576 1308 26 
3 10223 8323 6341 
3 4186 3665 3962 
3 1521 1582 1404 
3 3698 4405 7687 
3 11346 3880 5082 
3 2024 2862 2196 
3 1335 1521 1404 
3 10779 7420 2157 
3 1926 1543 1418 
3 13099 2371 13304 
3 2206 1962 2379 
3 3017 1072 3905 
3 1874 2017 1951 
3 2121 2126 2020 
3 2130 2034 2203 
3 97 1161 10736 
3 2202 2479 2203 
3 2315 8964 3751 
3 2130 2203 2479 
3 3943 2119 8619 
3 540 536 9470 
3 2206 1886 1744 
3 2206 2125 1886 
3 6550 6391 6546 
3 7338 3413 1535 
3 7688 10897 522 
3 2864 2575 2379 
3 2126 2297 2020 
3 2028 2216 2294 
3 8776 146 8251 
3 8964 2315 10043 
3 2480 2129 2207 
3 2480 2208 2129 
3 645 468 592 
3 2210 2125 2209 
3 9792 1676 12393 
3 1711 1659 1527 
3 2209 2211 2210 
3 2671 2215 2033 
3 2213 2211 2214 
3 2541 11508 1568 
3 2216 1965 2133 
3 2297 2126 2300 
3 4212 4702 4310 
3 2299 2213 2580 
3 1970 2219 2133 
3 1974 1973 2042 
3 7428 7434 11537 
3 2041 2303 2134 
3 2040 2223 2041 
3 2223 2043 2305 
3 2299 2126 2213 
3 283 1317 2292 
3 1976 2136 2306 
3 6412 7083 7304 
3 11764 4467 6999 
3 2399 2306 2136 
3 843 5939 13923 
3 10211 4102 10164 
3 12492 11764 6999 
3 893 12823 1739 
3 2142 2409 2230 
3 3548 1739 3546 
3 2233 2049 2227 
3 996 4216 13229 
3 2506 2234 2500 
3 766 986 797 
3 2416 2138 2314 
3 2969 2862 2290 
3 12246 1780 1477 
3 2144 2138 2416 
3 2144 2143 2138 
3 143 130 202 
3 2067 2161 2250 
3 2146 2151 2319 
3 2148 2052 2150 
3 2321 2319 2151 
3 6657 7044 6925 
3 2322 2321 2151 
3 7010 4128 8943 
3 79 1292 1277 
3 10433 9971 9788 
3 2058 2242 2060 
3 1981 2060 2158 
3 883 13217 11755 
3 2436 2324 2527 
3 2087 2083 2086 
3 2524 2527 2242 
3 12571 13517 8593 
3 2165 2072 2249 
3 12520 5472 3018 
3 2250 2249 2067 
3 11842 2051 3548 
3 13350 9416 505 
3 10935 7465 1903 
3 2702 2704 2320 
3 8218 798 8026 
3 2446 1988 2327 
3 1988 2533 2327 
3 2071 2533 1988 
3 5993 4795 4811 
3 1990 2448 2076 
3 2063 12960 1122 
3 2446 2448 1908 
3 4322 4325 4234 
3 2163 2073 2332 
3 9486 9470 13789 
3 4085 10182 13303 
3 2625 2249 2330 
3 2449 2537 1991 
3 11755 11719 9404 
3 2449 1991 2255 
3 9302 9331 13276 
3 11609 13010 2497 
3 2318 2147 2416 
3 3215 2579 3100 
3 1570 1448 1311 
3 2318 2416 2414 
3 2082 2170 2456 
3 2457 2088 2337 
3 2340 2175 2345 
3 2177 1924 2082 
3 2082 2456 2177 
3 2345 2175 2176 
3 2176 2178 2261 
3 2633 1927 2177 
3 1928 2260 2089 
3 2318 2320 2152 
3 11478 2497 10590 
3 2181 1927 2633 
3 2176 1716 2178 
3 2090 1863 2549 
3 13999 10208 4380 
3 4300 6506 12162 
3 3546 11842 3548 
3 3364 12256 13171 
3 2185 1863 1664 
3 6882 5535 11847 
3 13397 2542 13415 
3 1930 1934 2356 
3 2349 2554 2266 
3 3490 7586 5585 
3 13350 1209 7336 
3 1747 522 10897 
3 11667 7665 6888 
3 10204 5825 10208 
3 2464 2186 2266 
3 2275 2186 2464 
3 2096 2359 2272 
3 4522 1314 5627 
3 2524 2433 2706 
3 2010 2274 2006 
3 2272 2465 2101 
3 10779 1692 7420 
3 11304 634 11521 
3 2469 2361 2009 
3 492 524 587 
3 2477 2510 2478 
3 1959 2367 2568 
3 1941 1792 2008 
3 11060 8047 11071 
3 634 8594 11255 
3 2103 2475 2469 
3 3238 13145 3209 
3 10043 2315 5091 
3 2368 2475 2105 
3 2385 2209 2383 
3 1581 1404 1582 
3 964 3868 12678 
3 4388 4081 3971 
3 2110 2196 2666 
3 13977 2421 11265 
3 2281 2282 2111 
3 6036 6135 6090 
3 2014 2277 2276 
3 12748 2187 7698 
3 3732 3836 3834 
3 2284 2479 2202 
3 2025 2669 2026 
3 2860 2374 2294 
3 9957 2325 6749 
3 9744 9732 6067 
3 2117 2122 1882 
3 2024 2290 2862 
3 2205 2763 2669 
3 13495 7647 3192 
3 2669 2025 2205 
3 2383 2125 2206 
3 2199 2020 2297 
3 1889 2216 2028 
3 2377 2207 2130 
3 2377 2295 2207 
3 2295 2480 2207 
3 2384 2208 2480 
3 6832 5459 3177 
3 2125 2383 2209 
3 1846 1989 1583 
3 2390 2211 2209 
3 12237 12599 8811 
3 2300 2126 2299 
3 488 7315 485 
3 2297 2300 2483 
3 2572 2294 2216 
3 2214 2393 2213 
3 2363 2344 2343 
3 2675 2216 2133 
3 2390 2385 2386 
3 2580 2213 2393 
3 1332 1314 13343 
3 109 5346 5377 
3 2219 1970 2302 
3 2485 2214 2390 
3 1717 1926 1418 
3 10666 8930 13966 
3 2222 2039 2488 
3 2394 2488 2221 
3 2223 2304 2041 
3 2304 2223 2398 
3 2683 2042 2222 
3 2683 2135 2042 
3 2006 2657 2358 
3 2305 2306 2782 
3 8860 300 9912 
3 835 986 1040 
3 2228 3434 12542 
3 1310 1162 1026 
3 10936 1049 1020 
3 2046 13997 2227 
3 3811 13773 13785 
3 13992 2311 2045 
3 3768 2589 7114 
3 2854 300 8860 
3 11378 3658 1657 
3 4128 13797 11070 
3 965 1018 9692 
3 2319 2507 2409 
3 8192 3089 9298 
3 1980 2234 2506 
3 2586 2314 2138 
3 12509 4128 12369 
3 2422 1206 3422 
3 4327 4423 4237 
3 840 2432 6156 
3 2301 8743 10669 
3 4467 6719 6999 
3 2242 2058 2241 
3 6544 13704 13695 
3 1273 3379 9727 
3 1750 3621 13823 
3 3559 3446 3024 
3 13647 6084 11627 
3 9357 3392 5354 
3 1270 2095 10369 
3 2153 2320 2520 
3 3984 3978 4393 
3 2245 2439 2159 
3 2250 2161 2616 
3 11172 11789 11175 
3 12394 4216 13311 
3 2439 2160 2159 
3 2069 2444 1983 
3 11755 9404 3166 
3 2444 2069 2163 
3 2534 2071 2537 
3 1708 1847 1907 
3 13276 9331 13296 
3 2331 2163 2332 
3 2334 2450 2726 
3 13857 1864 13912 
3 3178 3293 2847 
3 13467 7707 3165 
3 3455 3251 3560 
3 12532 12530 12338 
3 4174 4259 12992 
3 3617 8838 5749 
3 13997 2308 2227 
3 2256 2331 2332 
3 3223 2155 4035 
3 2539 2338 2257 
3 13973 9909 2631 
3 1774 1662 1659 
3 2409 2402 2230 
3 2087 2089 2339 
3 2183 2349 2266 
3 10876 1147 5867 
3 2340 2345 2634 
3 2952 2740 3172 
3 7927 7912 5554 
3 2460 2181 2633 
3 2348 1998 2263 
3 1819 9298 3089 
3 2349 2181 2460 
3 2457 2459 2263 
3 2263 2088 2457 
3 2549 1863 2352 
3 2178 2090 2264 
3 9762 13014 2410 
3 10876 10208 13999 
3 1863 2185 2352 
3 1782 1928 1779 
3 2556 2552 2356 
3 2557 2648 2267 
3 2050 2411 13991 
3 2710 3751 5939 
3 1459 1577 1699 
3 312 9295 11351 
3 2358 2352 2185 
3 2006 2358 2189 
3 10748 12547 4013 
3 10596 5353 12100 
3 2004 2358 2185 
3 2465 2653 2747 
3 2362 2188 2267 
3 4456 2353 13001 
3 2267 2658 2362 
3 2375 12138 11736 
3 13397 1519 1504 
3 2657 2274 2468 
3 2367 2101 2465 
3 2475 2755 2469 
3 970 12437 3698 
3 2274 2104 2468 
3 2276 2277 2473 
3 2277 1951 2563 
3 12563 5283 12437 
3 2633 2177 2456 
3 2476 1954 2362 
3 1954 2476 2280 
3 42 82 43 
3 3080 2372 2280 
3 10043 5091 5037 
3 5739 12000 13946 
3 2379 2383 2206 
3 2105 2112 2368 
3 13787 5434 13374 
3 4397 11507 10548 
3 3623 3829 5732 
3 2370 2378 2344 
3 2618 2446 2327 
3 1068 1044 10548 
3 2089 2630 2339 
3 8402 3890 3749 
3 11976 3623 5714 
3 10043 5037 12509 
3 2377 2668 2762 
3 1068 4386 1044 
3 2286 2115 2669 
3 2860 2368 2374 
3 11289 10346 9305 
3 2122 2570 2290 
3 2115 2026 2669 
3 2117 2381 2122 
3 1367 12874 7647 
3 2384 2673 2205 
3 1891 2568 2671 
3 2673 2763 2205 
3 13961 7338 1541 
3 7912 6894 5535 
3 8977 3046 3094 
3 4206 12108 9704 
3 67 5190 9668 
3 1507 1371 1259 
3 2572 2216 2675 
3 2485 2390 2386 
3 2675 2133 2219 
3 4651 2736 13442 
3 1183 12220 12212 
3 2392 2483 2300 
3 5449 1906 7407 
3 2485 2489 2214 
3 3058 11044 8935 
3 2766 2219 2302 
3 2489 2393 2214 
3 6719 3972 6999 
3 2606 2238 2520 
3 6832 8845 10883 
3 2500 2897 2700 
3 4128 4021 8943 
3 2397 2222 2488 
3 2683 2222 2397 
3 238 234 214 
3 8257 8250 8245 
3 2782 2306 2784 
3 2304 2490 2303 
3 2308 13997 2135 
3 2784 2306 2399 
3 2400 2401 2492 
3 3923 3520 3616 
3 3870 13835 7582 
3 2230 2402 2586 
3 3658 11378 11374 
3 2314 2593 2414 
3 2406 2311 13992 
3 2399 2136 2498 
3 11070 13797 5037 
3 13088 13477 13884 
3 11562 3547 2624 
3 2409 2499 2402 
3 1533 1715 1473 
3 12916 11034 9058 
3 480 9350 11382 
3 2413 2404 2412 
3 2236 2411 2050 
3 2040 1830 2043 
3 2418 2419 2413 
3 2233 2227 2308 
3 11311 1912 8416 
3 2413 2412 2418 
3 112 5301 9523 
3 4177 4366 3747 
3 448 7215 9240 
3 2411 2236 2596 
3 7697 1270 10369 
3 2314 2586 2593 
3 2505 2794 2597 
3 2413 2419 2794 
3 3062 12601 6493 
3 13333 12716 13627 
3 2419 2516 2420 
3 13311 4892 12770 
3 45 71 59 
3 2150 2151 2146 
3 7629 10828 7845 
3 1983 2326 2066 
3 2420 2518 2511 
3 2516 2518 2420 
3 9298 2166 12965 
3 2416 2314 2414 
3 1460 11284 13207 
3 2430 2321 2528 
3 1723 5316 464 
3 9844 112 9523 
3 2604 2429 2431 
3 98 4693 83 
3 2238 2433 2241 
3 13217 883 3658 
3 2524 2241 2433 
3 9839 4459 11823 
3 2244 2528 2322 
3 2153 2520 2057 
3 10160 12078 9142 
3 10580 8807 10666 
3 3115 3007 3431 
3 2535 2326 2444 
3 380 5235 983 
3 2051 11842 458 
3 2618 2448 2446 
3 2533 2071 2534 
3 5907 7900 12952 
3 2253 2076 2623 
3 2331 2809 2163 
3 2253 2623 2450 
3 2281 2197 2286 
3 2076 2253 2075 
3 2929 2449 2540 
3 1163 1259 1371 
3 1382 1225 1118 
3 2334 2257 2253 
3 932 3464 13529 
3 2257 2075 2253 
3 2456 2170 2338 
3 2340 2256 2169 
3 2172 2083 2540 
3 2256 2340 2634 
3 2544 2457 2632 
3 2089 2458 2630 
3 4407 7519 9738 
3 190 189 103 
3 2250 2330 2249 
3 2261 2345 2176 
3 2339 2630 2629 
3 2545 2543 2345 
3 2321 2322 2528 
3 2083 2339 2540 
3 2261 2264 2545 
3 2626 2256 2634 
3 380 510 163 
3 2310 9010 9017 
3 2362 1954 2011 
3 3059 2349 2460 
3 2552 2637 2350 
3 7897 3972 6719 
3 7937 12938 5043 
3 2552 2350 2356 
3 2458 2729 2630 
3 8527 8236 8521 
3 9792 9747 12246 
3 6515 10260 2607 
3 163 195 320 
3 2270 2654 2269 
3 2182 2461 2351 
3 13763 4453 5788 
3 2270 2361 2654 
3 9068 9827 9917 
3 2356 2191 2746 
3 10006 2958 13460 
3 2272 2359 2649 
3 9036 10161 3773 
3 2558 2352 2358 
3 13368 5608 2425 
3 2792 13928 2388 
3 2361 2270 2009 
3 2467 2191 2102 
3 6765 12691 6752 
3 10414 6512 8394 
3 3718 13190 9737 
3 9651 9607 13211 
3 2470 2472 2275 
3 9159 7159 406 
3 2473 2277 2563 
3 6512 7463 8394 
3 2275 2472 2365 
3 2384 2205 2208 
3 2961 2367 2465 
3 1990 2075 1849 
3 11794 5410 13739 
3 1951 2017 2565 
3 1718 1594 1596 
3 2468 2104 2110 
3 2281 2286 2667 
3 2369 2365 2757 
3 3850 3753 4063 
3 13147 9315 13896 
3 13086 57 10734 
3 13142 5153 13664 
3 2862 2666 2196 
3 2671 2568 2863 
3 2456 2338 2814 
3 8124 11780 5962 
3 2864 2372 3080 
3 2668 2377 2130 
3 4260 7304 7083 
3 8717 7083 6854 
3 2762 2295 2377 
3 4128 7010 12369 
3 10561 5667 5714 
3 195 163 9187 
3 9187 163 5008 
3 2486 2394 2868 
3 2215 2868 2394 
3 2773 2485 2386 
3 2982 2984 2679 
3 11070 5037 3875 
3 9068 11917 2818 
3 2392 2299 2681 
3 11217 5152 9145 
3 2488 2394 2486 
3 3911 6449 5086 
3 2481 2483 2577 
3 4021 6719 8943 
3 163 510 5008 
3 12068 11100 9247 
3 5037 13797 12509 
3 6733 3464 6503 
3 9451 9199 764 
3 7687 6561 8046 
3 2305 2398 2223 
3 2400 2492 2693 
3 13706 13840 13835 
3 12800 12608 12391 
3 2688 2586 2402 
3 12743 9612 7659 
3 4766 98 83 
3 3562 4635 2642 
3 1796 1871 2009 
3 4933 2848 2845 
3 13395 12438 13389 
3 6884 8580 697 
3 843 6561 7687 
3 2859 10339 5166 
3 1082 1040 986 
3 13996 2406 13992 
3 2588 2404 2505 
3 10299 300 11259 
3 539 698 605 
3 13991 2411 13996 
3 2594 2783 2499 
3 2591 2412 2408 
3 1646 7108 4838 
3 4033 4384 10098 
3 1679 1609 1608 
3 2794 2505 2413 
3 4128 11070 4021 
3 1482 7582 12906 
3 3765 3040 3262 
3 2030 1885 1632 
3 2413 2505 2404 
3 5430 5515 5516 
3 2506 2509 1980 
3 10449 12124 10466 
3 5795 5794 6197 
3 7113 9138 13160 
3 2236 2512 2596 
3 11817 2271 2251 
3 13440 6999 3972 
3 7968 13336 5953 
3 2499 2409 2507 
3 8726 8991 8856 
3 2594 2507 2515 
3 2251 2092 7479 
3 9187 83 4780 
3 2702 2320 2318 
3 13816 7915 7880 
3 2324 2242 2527 
3 2519 2515 2319 
3 2427 2429 2518 
3 2483 2481 2297 
3 2431 2427 2711 
3 2429 2604 2518 
3 4757 4811 4795 
3 8594 634 11304 
3 2749 2746 2467 
3 6292 12807 12305 
3 2664 11823 7208 
3 2431 2711 2523 
3 2523 2708 2431 
3 2662 2565 2282 
3 2327 2533 2532 
3 9083 8020 12042 
3 2437 2716 2245 
3 2614 2716 2437 
3 2324 2436 2437 
3 2244 2247 2528 
3 2315 3751 2710 
3 2716 2439 2245 
3 2160 2530 2247 
3 1903 7465 1948 
3 5536 8933 6918 
3 2441 2326 2535 
3 432 7199 1180 
3 2533 2534 2532 
3 2163 2538 2444 
3 2618 2717 2448 
3 2625 2330 2724 
3 3041 2625 2724 
3 1489 1486 12447 
3 1170 1264 1167 
3 2939 7547 13784 
3 2331 2728 2809 
3 8896 13440 3972 
3 2532 3032 2327 
3 10581 8999 6039 
3 10332 9712 10335 
3 13055 7104 13016 
3 316 4766 5008 
3 2253 2450 2334 
3 13182 10583 2477 
3 2256 2626 2331 
3 2076 2448 2623 
3 2331 2626 2728 
3 2233 2308 2587 
3 2337 2932 2632 
3 1073 2939 13778 
3 2543 2634 2345 
3 1825 1507 1686 
3 2626 2817 2816 
3 2544 2459 2457 
3 13941 8261 3750 
3 3127 13049 1391 
3 2633 2933 3049 
3 2260 2637 2732 
3 2091 2348 2182 
3 3174 12614 542 
3 542 1903 3174 
3 2827 2182 2348 
3 2149 1980 2509 
3 2741 2734 2832 
3 7719 8807 10580 
3 2182 2827 2551 
3 12492 6999 13440 
3 2260 2732 2458 
3 2549 2352 2831 
3 2827 2348 2459 
3 2351 2461 2557 
3 1928 2350 2260 
3 4021 7897 6719 
3 2831 2352 2558 
3 2559 2266 2554 
3 1391 5100 3127 
3 1930 1782 1597 
3 2559 2464 2266 
3 2267 2351 2557 
3 2359 2269 2649 
3 7316 840 4359 
3 2842 2358 2657 
3 12563 2288 5283 
3 11912 2603 7321 
3 2842 2558 2358 
3 13536 1230 109 
3 10319 4886 13334 
3 3079 2960 3309 
3 2657 2468 2756 
3 9976 5621 2107 
3 2753 2467 2473 
3 2476 2658 2852 
3 2102 2276 2467 
3 2276 2473 2467 
3 2365 2472 2757 
3 2755 2475 2368 
3 1130 1234 1088 
3 2468 2110 2759 
3 13907 13297 13730 
3 2282 2565 2017 
3 3882 6876 2725 
3 2369 2284 2365 
3 2758 2368 2860 
3 2481 2381 2297 
3 2297 2381 2199 
3 7832 8869 5493 
3 7090 7158 2248 
3 10385 1216 22 
3 2860 2294 2670 
3 2668 2479 2284 
3 2294 2572 2670 
3 2402 2499 2494 
3 2669 3194 2761 
3 2379 2575 2383 
3 2516 2601 2427 
3 2481 2577 2570 
3 2671 2868 2215 
3 9017 13055 12460 
3 2577 2971 2570 
3 5733 13635 11989 
3 4260 7083 8717 
3 2483 2677 2577 
3 2675 2219 2766 
3 2485 2579 2679 
3 3131 3549 3345 
3 2681 2487 2678 
3 277 8966 11039 
3 3640 13927 3679 
3 7891 1319 6486 
3 11780 7897 4021 
3 2485 2773 2579 
3 2483 2392 2768 
3 2392 2300 2299 
3 2775 2302 2303 
3 13904 4745 13727 
3 2582 2488 2486 
3 2302 2134 2303 
3 3129 3134 12425 
3 4659 8275 2833 
3 335 2877 10501 
3 10501 2877 10339 
3 4260 2958 3694 
3 2582 2397 2488 
3 2580 2393 2878 
3 2778 2779 2684 
3 2308 2683 2894 
3 2492 2684 2693 
3 2686 2401 2588 
3 2492 2401 2685 
3 2623 2448 2717 
3 10710 2132 10702 
3 2688 2402 2494 
3 2684 2492 2685 
3 2463 10581 13818 
3 3685 3274 3476 
3 2228 4558 5754 
3 2398 2305 2782 
3 1607 12796 7036 
3 8588 4384 4033 
3 2898 2784 2498 
3 2500 2233 2587 
3 9274 719 5326 
3 6547 1196 2370 
3 2401 2404 2588 
3 2399 2498 2784 
3 1508 11034 7576 
3 2597 3007 2505 
3 12160 11368 1739 
3 13996 2411 2406 
3 3155 3149 2816 
3 11984 13598 13603 
3 167 168 154 
3 2596 2512 2789 
3 2507 2319 2515 
3 2236 2317 2512 
3 3853 3561 3357 
3 2591 2697 2701 
3 2701 2795 2601 
3 2702 2414 3123 
3 2601 2516 2418 
3 1896 5962 3875 
3 5608 3314 7768 
3 604 695 763 
3 12894 12774 12862 
3 1861 1859 1718 
3 2321 2430 2519 
3 7142 9805 1827 
3 1340 1530 1410 
3 2316 963 8114 
3 7429 13798 7547 
3 58 8586 12536 
3 2753 2473 2563 
3 10764 2347 4194 
3 7647 12874 7634 
3 2304 2303 2041 
3 2433 2238 2606 
3 1125 12768 6589 
3 3876 13460 2958 
3 2527 2609 2709 
3 2527 2524 2609 
3 2709 2614 2436 
3 2526 2523 2799 
3 12209 2291 12254 
3 2709 2436 2527 
3 2921 2610 2526 
3 2528 2247 2530 
3 2528 2530 3024 
3 13919 9038 311 
3 2716 3029 2439 
3 2439 2803 2160 
3 2803 2530 2160 
3 10429 5017 3650 
3 349 12746 352 
3 2724 2330 3034 
3 2618 2718 2717 
3 5603 5496 6276 
3 2159 2060 2242 
3 3560 3251 3137 
3 2370 2363 6547 
3 2616 2441 2617 
3 2537 2722 2620 
3 2722 2719 2620 
3 2441 2535 2622 
3 13440 12426 12492 
3 13446 2012 4890 
3 2056 2059 1030 
3 2616 2617 3034 
3 9581 2769 6807 
3 10507 3868 12393 
3 13590 5529 13976 
3 13687 6260 10864 
3 5684 4791 4876 
3 2929 2540 2811 
3 1073 13778 7321 
3 2931 2814 2539 
3 2729 2811 2629 
3 2909 5190 1392 
3 2728 2813 2810 
3 2633 2456 2814 
3 8297 9861 3876 
3 11293 11087 843 
3 2545 2345 2261 
3 2635 2460 2633 
3 3956 9992 8449 
3 2551 2827 3486 
3 2636 2264 2638 
3 3059 2460 2635 
3 2636 2545 2264 
3 3672 3636 8061 
3 2737 2637 2552 
3 4021 11070 11780 
3 2638 2549 2831 
3 11811 12616 4791 
3 6260 13687 6474 
3 10146 7076 11076 
3 2740 2554 3059 
3 1202 30 1213 
3 8519 1685 8346 
3 3059 2554 2349 
3 1677 3192 4884 
3 4376 11537 547 
3 2949 2648 2557 
3 9087 12907 9076 
3 2840 2747 2653 
3 3653 3837 11694 
3 3090 2386 3087 
3 7842 13818 569 
3 5346 8900 9664 
3 2269 2654 2652 
3 13763 10583 13182 
3 2469 2751 2361 
3 2559 2560 2464 
3 2849 2470 2560 
3 2747 2847 2465 
3 2487 2681 2299 
3 2751 2469 2851 
3 1280 10866 992 
3 2851 2954 2751 
3 6050 3842 2743 
3 2851 2469 2755 
3 13663 13270 3356 
3 2565 3069 2563 
3 12426 12563 12492 
3 2756 2468 2759 
3 2755 2368 2758 
3 4389 1071 5192 
3 2852 3080 2476 
3 2284 2369 2665 
3 2759 2110 2760 
3 2369 3077 2665 
3 2568 2961 2863 
3 4745 8745 8728 
3 8892 8895 8753 
3 8044 13927 3640 
3 13119 13664 5153 
3 12466 13314 2886 
3 9777 9973 10195 
3 195 4780 9263 
3 1493 11351 2462 
3 2286 2669 2761 
3 2969 2290 2570 
3 2670 2572 2865 
3 5939 11087 10201 
3 4630 4134 4238 
3 8896 12426 13440 
3 2867 2573 2295 
3 2462 7258 13240 
3 1121 13551 13764 
3 2295 2573 2480 
3 2865 2572 2675 
3 8937 264 1304 
3 12785 12952 3759 
3 9612 12743 9656 
3 6512 3977 6521 
3 2766 2302 2974 
3 2575 2385 2383 
3 5017 10385 11124 
3 13875 8926 12923 
3 2575 3087 2386 
3 2760 2960 3079 
3 2302 2775 2974 
3 3698 5283 9617 
3 2879 2981 2677 
3 2575 2386 2385 
3 1667 1423 1298 
3 6854 4803 8588 
3 6950 13750 1944 
3 2880 2489 2679 
3 2882 2487 2580 
3 2490 2775 2303 
3 10510 7999 11780 
3 2780 2778 2684 
3 516 9432 11483 
3 6897 6953 6761 
3 2780 2685 2686 
3 5581 9517 7887 
3 2288 9617 5283 
3 3222 2779 3105 
3 13706 13835 3870 
3 843 11087 5939 
3 12785 1600 13743 
3 13095 3404 1206 
3 3002 2784 2898 
3 3003 2891 2588 
3 3033 3462 2806 
3 2696 2586 2691 
3 2401 2686 2685 
3 2691 2586 2688 
3 676 1720 10920 
3 2494 2499 2783 
3 2500 2587 2897 
3 11817 9917 9827 
3 2406 2695 2311 
3 3766 4390 4198 
3 9795 5939 10201 
3 1433 1613 1431 
3 13758 12473 4649 
3 2700 2506 2500 
3 2332 2073 2078 
3 1750 9915 1752 
3 2400 2591 2408 
3 3034 3261 3260 
3 2506 2700 2509 
3 1753 2221 2039 
3 2507 2594 2499 
3 2982 2679 2579 
3 5037 5091 8677 
3 2907 2791 2512 
3 2509 2598 2149 
3 2791 2789 2512 
3 2419 2511 2794 
3 1922 1928 2089 
3 439 5314 12574 
3 2512 2149 2598 
3 7805 2425 5608 
3 553 577 13491 
3 3132 3442 3133 
3 2318 2414 2702 
3 6612 590 1086 
3 3875 5962 11070 
3 2711 2427 2798 
3 13636 13666 7770 
3 12815 7108 1646 
3 3972 7999 8421 
3 6984 6935 10576 
3 8644 8637 4417 
3 2520 2320 2704 
3 11866 10920 9916 
3 6612 12761 13720 
3 12004 10147 4483 
3 1277 3474 3444 
3 2712 2610 2914 
3 2526 2610 2712 
3 2614 2709 3021 
3 2539 2814 2338 
3 2921 2799 2922 
3 12426 2288 12563 
3 6448 13720 12761 
3 2610 2921 2715 
3 3029 2803 2439 
3 2620 2619 2534 
3 2617 2441 2622 
3 2538 2163 2809 
3 12862 12768 1125 
3 2450 2623 2927 
3 4425 4724 4626 
3 3037 2722 2449 
3 9055 13857 4014 
3 2806 2719 2722 
3 12467 5564 12697 
3 10900 10217 10213 
3 2573 2384 2480 
3 2929 3263 3037 
3 2810 2809 2728 
3 13296 9331 1342 
3 2932 2934 2632 
3 5408 6762 5370 
3 2722 3037 3033 
3 2813 2728 2626 
3 1938 12254 946 
3 2629 2630 2729 
3 2817 2626 2634 
3 2933 2633 2814 
3 2544 2632 2934 
3 2634 2543 2730 
3 10467 13341 985 
3 2635 2633 3049 
3 2732 2729 2458 
3 2524 2706 2609 
3 8681 8679 8650 
3 5634 5559 11766 
3 2636 2730 2543 
3 5676 13562 12619 
3 1820 1570 1890 
3 2819 2735 2825 
3 2734 2735 2819 
3 6511 1853 3724 
3 2794 2511 2796 
3 2545 2636 2543 
3 2823 2734 2819 
3 2638 2831 2830 
3 2638 2264 2549 
3 4651 10669 8743 
3 11607 12620 12200 
3 7959 8067 8066 
3 2735 2739 2825 
3 2825 2739 2738 
3 2740 3059 3172 
3 2741 2832 2836 
3 2738 2739 2837 
3 7466 2945 12004 
3 2333 2354 2380 
3 2735 2734 2741 
3 2741 2742 2735 
3 2735 2742 2739 
3 2526 2712 2523 
3 12004 2945 8924 
3 3063 2831 2558 
3 1294 1296 1244 
3 3850 3559 3753 
3 4478 981 977 
3 2742 2844 2739 
3 11976 5714 7450 
3 12858 10951 8876 
3 3987 3871 3990 
3 5206 13508 13511 
3 13122 13772 5442 
3 2844 2837 2739 
3 2985 13270 12275 
3 2557 2948 2949 
3 5559 12596 11700 
3 3064 2647 2746 
3 2647 2356 2746 
3 2464 2560 2470 
3 2654 2361 2652 
3 12934 2886 13314 
3 2269 2359 2096 
3 3648 7782 2645 
3 3437 3012 3348 
3 2829 2822 7576 
3 2315 9046 5091 
3 2746 2191 2467 
3 2467 2753 2749 
3 2849 2472 2470 
3 2737 2824 2637 
3 1685 8519 8561 
3 7612 7576 12916 
3 3391 3496 2753 
3 8976 9092 9093 
3 1266 11298 2422 
3 2960 2666 2862 
3 2757 2957 2369 
3 6007 2451 3566 
3 3156 3473 3770 
3 12619 5634 5676 
3 931 969 848 
3 2282 2281 2662 
3 2665 2668 2284 
3 3082 3194 2763 
3 2860 2670 3195 
3 13536 5377 9682 
3 3087 2864 3080 
3 12804 4194 2347 
3 2761 2667 2286 
3 11148 11292 1231 
3 3195 2670 2865 
3 3084 2763 2673 
3 2762 2867 2295 
3 2673 2384 2573 
3 9025 9011 7175 
3 10316 2750 2553 
3 4260 3694 7304 
3 2577 2872 2971 
3 13014 9762 9794 
3 8044 12709 13927 
3 3098 2677 2981 
3 4670 6351 3452 
3 6268 11757 10818 
3 2312 3461 12591 
3 12591 6518 2312 
3 2386 3202 2773 
3 842 1864 13857 
3 1576 12384 9847 
3 3202 2386 3090 
3 2772 2392 2681 
3 1400 1461 1284 
3 2974 2865 2766 
3 2490 2776 2775 
3 2984 2880 2679 
3 2768 2392 2772 
3 2772 2977 2768 
3 12596 12804 2347 
3 3972 8421 8896 
3 2820 3048 3156 
3 6783 2674 7811 
3 1255 1368 1365 
3 7613 5274 5298 
3 2885 2397 3207 
3 2779 2778 2993 
3 2683 3000 2894 
3 2780 2686 2891 
3 4026 3616 4028 
3 11477 10319 13334 
3 9190 176 8853 
3 3229 2777 2782 
3 2693 2684 3114 
3 3786 3485 3491 
3 2686 2588 2891 
3 8629 2497 13010 
3 9148 8906 9146 
3 6505 2283 5465 
3 3004 2897 2587 
3 1968 1970 2133 
3 6347 7199 432 
3 2693 3116 2697 
3 2588 2505 3003 
3 7973 12979 8652 
3 7973 8652 11509 
3 8622 2687 8605 
3 2881 172 149 
3 3003 2505 3007 
3 12548 11603 3880 
3 2695 2411 2789 
3 13311 4216 4892 
3 2594 2903 2783 
3 1099 6971 12153 
3 8677 3875 5037 
3 2601 2591 2701 
3 2601 2412 2591 
3 61 73 51 
3 2978 8941 243 
3 2420 2511 2419 
3 2442 448 6347 
3 2512 2598 2907 
3 2791 3234 2789 
3 1310 1496 1162 
3 3412 13955 13957 
3 2321 2519 2319 
3 8556 7572 9587 
3 2796 2604 2705 
3 2563 2850 2753 
3 2706 2433 3345 
3 3016 2606 2704 
3 2511 2604 2796 
3 5571 5306 5388 
3 2511 2518 2604 
3 7927 4435 8945 
3 1438 1370 1436 
3 3119 11346 5082 
3 2179 7021 5892 
3 10576 6935 2325 
3 1959 2568 1742 
3 7883 2194 3999 
3 2029 3278 8971 
3 2285 3089 8192 
3 12511 3119 5082 
3 4014 13857 13420 
3 2523 2711 2799 
3 2914 2610 2715 
3 6822 8795 155 
3 3023 3249 2614 
3 1241 2443 11258 
3 3511 3650 5017 
3 7965 10029 8953 
3 4251 5412 5408 
3 2716 2614 3249 
3 3026 2530 2803 
3 5711 10370 6627 
3 11572 11364 11573 
3 3226 2783 3426 
3 3139 2800 3138 
3 2619 2532 2534 
3 2803 3029 3358 
3 3358 3454 2803 
3 13468 3118 13857 
3 11822 12612 7812 
3 4430 4330 3917 
3 11238 9210 11214 
3 1215 11756 13211 
3 12493 2012 13446 
3 2717 2927 2623 
3 2928 2538 3265 
3 11718 13574 4932 
3 5974 5469 12276 
3 2539 2334 2726 
3 2618 3032 2718 
3 10590 10560 6954 
3 2809 3265 2538 
3 3041 2932 2625 
3 2932 3041 3043 
3 2625 2932 2165 
3 3206 3093 3095 
3 2453 2471 13015 
3 1056 1141 1140 
3 3044 2811 2729 
3 9795 2710 5939 
3 4670 13952 6351 
3 2149 1764 1980 
3 121 7021 2179 
3 2817 2634 3045 
3 3153 3049 2933 
3 4557 4450 3833 
3 2230 2586 2138 
3 6563 371 6271 
3 2732 2637 2824 
3 2821 2825 2738 
3 2940 2823 3272 
3 2835 2944 2837 
3 2820 2825 2821 
3 2942 2459 2544 
3 2730 2636 2830 
3 2819 2825 2820 
3 2830 3054 2730 
3 3059 2635 3053 
3 13644 3552 4420 
3 2942 2827 2459 
3 2832 2734 2823 
3 2732 2824 3050 
3 2738 2944 2821 
3 7495 11593 7488 
3 13387 11535 3311 
3 2738 2837 2944 
3 2838 2947 2835 
3 3229 3331 3224 
3 3522 3619 3526 
3 13420 13912 13027 
3 2837 2840 2835 
3 2840 2838 2835 
3 6799 6797 8790 
3 2844 2840 2837 
3 2840 2649 2838 
3 2838 2649 2950 
3 2952 2559 2740 
3 12097 12327 13828 
3 2649 2269 2652 
3 2558 2842 3063 
3 3178 2847 2844 
3 2747 2840 2844 
3 2652 2361 2951 
3 2652 2950 2649 
3 2847 2747 2844 
3 2951 2361 2751 
3 10951 12858 9718 
3 12476 12905 13096 
3 2678 2487 2882 
3 24 14 10 
3 3075 2852 2648 
3 2951 2751 3390 
3 2851 2755 3072 
3 5091 9046 8677 
3 6304 4065 12907 
3 1361 1362 6104 
3 13828 12327 2243 
3 2847 2961 2465 
3 3066 3075 2648 
3 2755 2758 3072 
3 2756 2759 3071 
3 10073 1279 221 
3 3662 12469 1491 
3 2957 2757 2956 
3 2860 3073 2758 
3 2758 3073 3072 
3 2960 2760 2666 
3 13803 1685 8561 
3 2281 3189 2662 
3 2667 3189 2281 
3 6376 13653 11769 
3 11647 13050 11510 
3 5574 4839 4748 
3 3270 3473 3156 
3 1747 12614 12572 
3 6493 12609 3450 
3 1850 2255 1991 
3 3087 2575 2864 
3 2867 2762 2967 
3 2867 3085 2573 
3 2573 3084 2673 
3 1987 3471 1906 
3 3612 3090 3087 
3 1210 3633 1171 
3 13527 4147 13050 
3 3098 3093 2872 
3 2577 3098 2872 
3 2865 2675 2766 
3 6493 12601 12609 
3 2485 2679 2489 
3 8664 8798 9172 
3 3139 3138 3252 
3 2886 11909 12466 
3 3519 7434 1510 
3 1829 1898 1828 
3 2486 3207 2582 
3 3096 2879 2768 
3 1094 1136 1290 
3 2882 2580 2878 
3 4062 5122 7192 
3 8924 9976 10147 
3 5139 8900 64 
3 2144 2147 2148 
3 3695 3583 3050 
3 2878 2986 2882 
3 11756 11762 12287 
3 2878 2489 2880 
3 1479 516 1566 
3 11644 3768 7114 
3 12604 4670 3452 
3 2304 2777 2887 
3 2490 2304 2887 
3 12604 5171 4670 
3 2779 3114 2684 
3 9501 9704 13933 
3 3414 3321 3418 
3 9834 7390 8269 
3 2777 3229 2887 
3 2684 2685 2780 
3 2683 2397 2885 
3 8024 9171 3910 
3 2781 2995 2494 
3 2894 3004 2587 
3 2784 3229 2782 
3 1449 12195 263 
3 1394 1326 1456 
3 4721 6738 7021 
3 2995 2688 2494 
3 3332 2696 2691 
3 2903 3731 3233 
3 2898 2498 2695 
3 3455 3962 3456 
3 7430 5552 9978 
3 13043 13973 7889 
3 965 2357 11488 
3 2308 2894 2587 
3 2159 2324 2245 
3 2414 2593 3340 
3 8795 10914 176 
3 2695 2498 2311 
3 4140 13114 11736 
3 2788 2509 2700 
3 7687 8046 3698 
3 2443 2482 96 
3 3008 2903 2594 
3 12866 12812 2395 
3 2697 3338 2701 
3 10147 9976 7377 
3 47 130 143 
3 1832 11885 13813 
3 18 5555 12500 
3 2789 3005 2695 
3 13157 10566 6343 
3 2794 3012 2597 
3 151 1205 160 
3 239 8889 10308 
3 3126 2795 2701 
3 3338 3126 2701 
3 2515 3008 2594 
3 12237 8488 12097 
3 2301 2307 8743 
3 4209 4500 4207 
3 6118 6080 10155 
3 3883 3382 3591 
3 10928 8806 10942 
3 1219 1268 1313 
3 3659 4858 11092 
3 2910 2796 2705 
3 11349 9311 11590 
3 6952 12865 1257 
3 13581 5025 1478 
3 2880 2988 2878 
3 2609 2706 3133 
3 2708 2705 2604 
3 11450 4053 12678 
3 12237 8811 8488 
3 10710 8665 7023 
3 2919 2711 2798 
3 2799 2711 2919 
3 6595 6431 6422 
3 12770 4035 2155 
3 532 7657 13770 
3 3869 11965 13570 
3 9501 9495 2278 
3 7857 6868 7866 
3 10599 1151 2484 
3 2715 2800 2914 
3 5661 7663 5655 
3 5301 9668 1352 
3 3454 3026 2803 
3 3650 12515 11146 
3 5656 1942 7881 
3 3030 3032 2532 
3 2532 2619 3030 
3 3452 12576 12604 
3 2927 2717 3144 
3 3032 3141 2718 
3 13857 9055 13468 
3 2450 2927 3262 
3 7836 13874 13831 
3 3144 2717 2718 
3 3140 3031 2619 
3 2620 2719 3459 
3 1142 2132 10710 
3 13870 13869 240 
3 6712 6738 4720 
3 6023 5353 7697 
3 3378 11853 4953 
3 11044 3058 13145 
3 3036 2928 3265 
3 2770 3955 798 
3 9966 11402 13804 
3 2809 2810 3265 
3 2931 2539 3040 
3 12799 10705 8837 
3 2933 2814 2931 
3 1020 1049 1059 
3 1251 1354 1245 
3 5900 3594 12140 
3 3150 2732 3368 
3 4859 5943 5942 
3 12610 11377 11376 
3 2472 2849 2757 
3 2820 2935 2819 
3 3356 13270 2985 
3 2819 3272 2823 
3 1097 3847 4417 
3 2635 3049 3053 
3 179 247 207 
3 3040 2539 2726 
3 2821 3055 3048 
3 3048 2820 2821 
3 1266 10764 11356 
3 11289 466 9070 
3 13119 5152 11217 
3 3060 2824 2737 
3 2638 2830 2636 
3 2946 3054 2830 
3 2832 2823 2941 
3 2821 2944 3055 
3 3256 5362 5389 
3 2944 2835 3056 
3 3696 3282 3482 
3 5818 4174 5798 
3 3063 3171 2946 
3 2946 2831 3063 
3 3277 3055 3056 
3 13999 1147 10876 
3 9881 10712 13135 
3 2946 2830 2831 
3 4690 10810 13734 
3 1576 13263 12384 
3 2947 2838 2950 
3 2556 2647 3291 
3 5311 1555 7103 
3 3061 2947 2950 
3 2952 3172 3180 
3 3170 2948 2551 
3 11994 12934 13377 
3 3662 8898 3687 
3 2840 2653 2649 
3 3485 3173 3491 
3 3260 2724 3034 
3 12491 12925 13733 
3 6680 8619 2119 
3 2953 2952 3068 
3 12803 13225 1576 
3 3311 4577 10700 
3 5442 4731 3294 
3 4259 4174 5818 
3 2753 3496 2749 
3 3187 2847 3293 
3 3187 2961 2847 
3 2943 5289 419 
3 2648 2852 2658 
3 1059 1067 12138 
3 6381 5918 13659 
3 535 13343 13572 
3 12400 8053 2243 
3 3298 3605 2957 
3 12692 7644 12718 
3 3076 2759 2760 
3 3775 2754 1944 
3 3636 3672 11354 
3 2243 8053 12089 
3 3076 3071 2759 
3 2629 2540 2339 
3 2601 2418 2412 
3 3079 3076 2760 
3 1884 1737 1678 
3 2667 2761 3306 
3 10682 12036 9252 
3 12094 12276 257 
3 11521 832 11304 
3 2863 2961 2964 
3 2862 2969 2960 
3 3084 3082 2763 
3 2762 2966 2967 
3 2964 2868 2863 
3 3182 3064 3496 
3 3195 2865 3088 
3 6994 7006 4933 
3 3086 3084 2573 
3 3085 3086 2573 
3 2966 2668 2965 
3 3546 1739 11368 
3 3081 6712 6447 
3 2967 3199 2867 
3 2973 4787 1014 
3 2865 2974 3088 
3 2971 2872 3200 
3 3136 8231 12609 
3 10676 5538 2690 
3 3294 4731 13301 
3 3093 3098 3095 
3 3204 3098 2981 
3 3095 3098 3322 
3 13699 13873 13705 
3 2982 2579 3215 
3 3102 2977 2772 
3 4514 7466 5688 
3 3441 3550 3008 
3 2980 2981 2879 
3 13425 13218 13834 
3 3100 3212 3213 
3 11644 11720 12409 
3 3156 3770 3369 
3 11434 944 12237 
3 3212 3100 2773 
3 2772 3104 3102 
3 57 13500 0 
3 10223 10560 3517 
3 2988 2986 2878 
3 2678 2882 2987 
3 2678 2987 2772 
3 2772 2987 3104 
3 3106 2993 2778 
3 13043 7889 8500 
3 2987 3103 3104 
3 1294 1145 1098 
3 2775 2776 3414 
3 9624 11559 8654 
3 2482 11623 96 
3 68 1231 11292 
3 7782 1491 2645 
3 2987 2992 3107 
3 2986 2988 3216 
3 10699 13942 9162 
3 3607 3223 2180 
3 4933 3902 2848 
3 3216 3214 3221 
3 2987 3107 3103 
3 2993 3105 2779 
3 3318 2885 3207 
3 8381 8269 7390 
3 2778 3109 3106 
3 3395 12282 1186 
3 2997 2995 2996 
3 2781 2996 2995 
3 3225 3000 2885 
3 2490 3321 2776 
3 7028 3910 9171 
3 2892 3109 2891 
3 3229 3224 2887 
3 2885 3000 2683 
3 11349 11762 9311 
3 9689 1065 1058 
3 10636 10617 12438 
3 5605 3247 11917 
3 3400 3712 3908 
3 3004 2894 3232 
3 3002 2898 3428 
3 9413 2235 5423 
3 3335 2696 3332 
3 2903 3233 2783 
3 3117 2700 2897 
3 534 472 603 
3 2788 2700 3117 
3 11477 2355 10216 
3 3919 3405 3409 
3 1090 12536 5145 
3 9523 5433 9844 
3 11580 2243 12089 
3 8538 8578 7452 
3 43 82 100 
3 4484 4769 4489 
3 2702 3123 3435 
3 11521 13168 11549 
3 3008 2515 3441 
3 3165 13498 490 
3 2616 2064 2441 
3 1377 7382 573 
3 3021 3133 3442 
3 2516 2427 2518 
3 3345 2912 2706 
3 8022 7125 7140 
3 12576 3452 12961 
3 13078 13693 13260 
3 9084 8832 8967 
3 3824 3622 3823 
3 3244 2705 2914 
3 9714 3899 4295 
3 3858 1677 6972 
3 2706 2912 3133 
3 3139 3248 2800 
3 7521 5618 9620 
3 2799 3137 2922 
3 9923 6293 7719 
3 13101 10244 10248 
3 9232 9102 9359 
3 3688 3374 3475 
3 2800 3353 2914 
3 659 734 730 
3 5507 6868 7857 
3 777 9341 9070 
3 2530 3026 3024 
3 3027 3252 3138 
3 9721 9668 5301 
3 11580 13828 2243 
3 11797 13828 11516 
3 419 116 2943 
3 2619 2620 3459 
3 3021 2709 2609 
3 3034 2617 3145 
3 11749 2790 11945 
3 3066 3388 3705 
3 4366 3853 3747 
3 13262 13804 11402 
3 3745 3850 4059 
3 2932 3043 2934 
3 8955 8417 8563 
3 3149 3469 2813 
3 13514 6877 13736 
3 11473 5190 2909 
3 2457 2337 2632 
3 2813 3469 2810 
3 2933 2931 3268 
3 2909 11445 11473 
3 2909 12672 11445 
3 13033 12839 8488 
3 2934 3375 2937 
3 3050 3368 2732 
3 12988 2285 8192 
3 3150 2729 2732 
3 9429 13828 11580 
3 9028 1325 1362 
3 2902 12422 10589 
3 2729 3150 3044 
3 2811 3044 3148 
3 2956 2757 2849 
3 3131 3645 3549 
3 3382 2824 3060 
3 11859 944 11434 
3 1489 2659 5784 
3 2647 2556 2356 
3 2277 2014 2015 
3 3054 2946 3168 
3 6955 10772 8802 
3 2832 3284 3169 
3 8605 1127 6359 
3 2942 3486 2827 
3 2836 2832 3169 
3 3178 2742 2836 
3 2730 3045 2634 
3 867 1031 870 
3 11516 13828 9429 
3 3284 3285 3169 
3 3427 3629 3232 
3 12570 12776 11546 
3 3171 3168 2946 
3 2556 3291 3060 
3 3060 2737 2556 
3 2836 2742 2741 
3 6645 7509 8388 
3 3538 3938 3736 
3 3064 3291 2647 
3 12599 12600 12604 
3 5403 6709 3694 
3 3063 3287 3171 
3 12609 4247 3450 
3 5145 10559 7523 
3 625 13904 13106 
3 2593 2586 2696 
3 12604 12576 12599 
3 2749 3496 3064 
3 11434 7287 11859 
3 3064 2746 2749 
3 6902 12833 12865 
3 2850 3185 3391 
3 2751 2954 3390 
3 8609 10676 8584 
3 2753 2850 3391 
3 2842 2756 3183 
3 2956 2953 3068 
3 10712 10615 6986 
3 1925 7045 8241 
3 3071 3183 2756 
3 3298 2956 3068 
3 13629 5624 11766 
3 4898 5172 5088 
3 13640 4875 91 
3 3760 3568 3144 
3 3187 2964 2961 
3 12587 535 13572 
3 4064 4475 4377 
3 3196 3400 3308 
3 4220 4008 3889 
3 12613 12329 12343 
3 9495 12981 8259 
3 3786 3881 3485 
3 3046 10299 7438 
3 2965 3196 2966 
3 2074 2663 35 
3 5289 2943 6610 
3 3193 3073 3195 
3 10124 7045 1644 
3 13343 136 1332 
3 7629 10795 10828 
3 3559 3024 3563 
3 3197 2969 2971 
3 3199 3085 2867 
3 10590 2497 3574 
3 57 13086 13500 
3 13640 13500 13086 
3 9850 13593 10340 
3 1238 1267 4438 
3 2976 2486 2868 
3 3088 2974 3092 
3 5000 5657 5181 
3 2845 13706 3870 
3 10575 10535 12405 
3 2977 3102 3096 
3 10575 12405 4793 
3 2980 3097 2981 
3 3097 3204 2981 
3 2984 2988 2880 
3 3322 3105 3095 
3 3207 2486 2976 
3 1933 4447 3022 
3 3214 2988 2984 
3 740 1804 3028 
3 2888 2883 3921 
3 9656 3636 9612 
3 3214 3216 2988 
3 57 0 9175 
3 9068 5605 11917 
3 3207 2397 2582 
3 8449 13424 8315 
3 3212 3202 3521 
3 3817 13786 9833 
3 2992 2986 3217 
3 6562 8491 8503 
3 11736 11488 2375 
3 3321 2887 3224 
3 3109 2780 2891 
3 284 4965 1317 
3 3321 2490 2887 
3 3109 2778 2780 
3 3222 3114 2779 
3 2892 3115 3624 
3 10251 2660 9960 
3 11859 12133 944 
3 4201 4090 3983 
3 8837 6516 2510 
3 5242 13240 13560 
3 10997 9820 235 
3 12525 12520 4566 
3 3002 3113 2784 
3 3003 3115 2892 
3 2693 3114 3116 
3 2894 3000 3232 
3 10513 8400 6454 
3 3007 3115 3003 
3 3117 2897 3004 
3 3828 3627 3939 
3 10498 4927 12931 
3 136 535 11759 
3 2695 3005 2898 
3 782 9912 4114 
3 3340 2696 3335 
3 3158 13524 3162 
3 3797 8400 10513 
3 2374 2368 2112 
3 8837 2510 10583 
3 2510 2477 10583 
3 13928 6156 4647 
3 6051 6336 5914 
3 4849 178 172 
3 12536 4532 5145 
3 6457 8356 6454 
3 6343 7843 6206 
3 3957 3859 4275 
3 1909 2078 2073 
3 3238 13171 10367 
3 596 4406 3528 
3 2073 1848 1909 
3 3677 3472 4299 
3 3012 2794 2796 
3 3345 3240 2912 
3 10581 569 13818 
3 3556 2795 3126 
3 1020 1059 2380 
3 372 2920 6569 
3 3698 9617 4405 
3 13076 13043 8500 
3 3556 2798 2795 
3 3441 2519 3446 
3 12267 458 11842 
3 9241 9251 2229 
3 12108 4206 2410 
3 9704 12108 12998 
3 7337 4456 13001 
3 3132 2912 3240 
3 2990 13663 2140 
3 982 10278 1007 
3 4084 4080 3872 
3 3746 2910 3244 
3 13463 13260 13465 
3 10534 12812 11450 
3 2430 3024 3446 
3 8880 11715 11735 
3 998 885 960 
3 3560 2919 3350 
3 3660 3248 3451 
3 868 882 4200 
3 10229 10167 10197 
3 3251 3252 2922 
3 4359 93 7316 
3 13567 10364 4359 
3 3029 2716 3249 
3 3027 2922 3252 
3 6635 4345 8780 
3 3141 3032 3254 
3 2617 3571 3145 
3 3030 2619 3031 
3 2622 3571 2617 
3 3571 2622 3036 
3 12009 13882 8561 
3 2347 11700 12596 
3 2927 3568 3262 
3 1310 1026 1312 
3 10178 6709 5403 
3 3033 3037 3362 
3 3362 3037 3263 
3 10253 11594 715 
3 12101 13938 12988 
3 1785 3817 1787 
3 5048 3911 5086 
3 1466 6745 2627 
3 12988 13938 2285 
3 3265 2810 3469 
3 3044 3470 3148 
3 10044 13816 7880 
3 5675 7007 5688 
3 3770 3680 3369 
3 3069 2565 2853 
3 4412 4223 4120 
3 3673 3568 3760 
3 2631 1913 7889 
3 2935 3156 3369 
3 690 5252 3406 
3 2817 3045 3155 
3 3374 3153 3475 
3 12270 6058 12296 
3 3369 3272 2935 
3 3782 3580 3271 
3 13016 12460 13055 
3 3270 3274 3685 
3 3374 3049 3153 
3 3048 3274 3270 
3 3374 3053 3049 
3 3055 3277 3161 
3 1827 2092 2254 
3 9247 1666 8138 
3 1072 12500 7404 
3 3282 3059 3053 
3 4144 3919 3720 
3 11149 12180 8096 
3 8388 7509 8409 
3 2592 211 2578 
3 3694 6709 7304 
3 8192 12078 11131 
3 3382 3060 3291 
3 3696 3488 3172 
3 1997 13348 8369 
3 3385 3292 3169 
3 12071 9298 12965 
3 3292 3178 2836 
3 3276 2940 3373 
3 8896 8421 8052 
3 3393 3384 2842 
3 12071 12078 9298 
3 3292 3386 3178 
3 316 5008 510 
3 4369 4840 4663 
3 11759 5709 136 
3 13640 3656 4875 
3 10510 11780 8124 
3 3702 3390 2954 
3 3259 5535 3250 
3 12347 9235 4190 
3 5935 2156 12047 
3 3183 3393 2842 
3 5634 12619 5559 
3 1249 1279 5050 
3 3185 3069 3297 
3 2954 2851 3072 
3 4054 4360 3836 
3 13772 1807 5442 
3 12917 12782 674 
3 4033 10098 3956 
3 13887 12021 13894 
3 13974 5186 13333 
3 3297 3069 2853 
3 6860 316 7670 
3 13775 6351 13952 
3 3297 2853 3188 
3 1445 5196 1437 
3 10706 11243 9451 
3 2662 3188 2853 
3 747 11243 13094 
3 11243 747 9451 
3 4172 3541 3537 
3 10930 10474 10931 
3 3300 3188 3189 
3 3075 3302 3191 
3 3077 2369 2957 
3 3075 3191 2852 
3 3712 3398 3077 
3 3076 3190 3071 
3 2965 3077 3398 
3 13367 12401 5192 
3 9503 9234 9233 
3 2965 3398 3196 
3 3193 3195 3307 
3 65 111 78 
3 3309 2960 3197 
3 4484 4489 4290 
3 11749 1671 9262 
3 1671 11749 4068 
3 3200 3197 2971 
3 3609 3612 3087 
3 3307 3088 3405 
3 9141 11193 7104 
3 3199 3310 3085 
3 3310 3086 3085 
3 3080 3609 3087 
3 9781 2106 927 
3 3517 3466 10223 
3 3411 2872 3093 
3 3090 3410 3202 
3 12316 110 10394 
3 12807 12316 10394 
3 3719 3521 3410 
3 3407 3318 3207 
3 6815 7300 7302 
3 5449 7407 13789 
3 3410 3521 3202 
3 4825 5946 4913 
3 3760 3864 3865 
3 2816 3149 2813 
3 2708 2523 2712 
3 3206 3411 3093 
3 13882 12944 13887 
3 2939 13784 13778 
3 3095 3105 3206 
3 4693 98 11140 
3 6828 7823 8824 
3 3213 3215 3100 
3 12944 12021 13887 
3 2993 3206 3105 
3 3092 2775 3414 
3 4693 4263 4780 
3 3000 3225 3427 
3 4693 11140 9252 
3 3104 3210 3102 
3 2993 3106 3206 
3 4107 419 5289 
3 3104 3103 3325 
3 12094 7663 11944 
3 6287 2750 10316 
3 4964 8281 13424 
3 13778 12827 7321 
3 2996 3213 3212 
3 2996 3220 3213 
3 3213 3220 3215 
3 3324 3325 3103 
3 3103 3107 3324 
3 4394 4866 4396 
3 2997 2996 3421 
3 3216 3217 2986 
3 9823 8261 9680 
3 3221 3329 3217 
3 3529 3325 3324 
3 4012 4125 3805 
3 10641 7084 10380 
3 7108 13755 438 
3 11580 11145 9429 
3 3328 3626 3332 
3 2995 2997 2890 
3 3229 3113 3331 
3 3332 2890 2997 
3 8782 9163 8518 
3 3568 2927 3144 
3 89 144 90 
3 3332 2691 2890 
3 3332 2997 3328 
3 5442 1807 10340 
3 3222 3227 3114 
3 3428 2898 3429 
3 13775 13952 302 
3 491 3430 4317 
3 3005 3429 2898 
3 371 6478 6271 
3 3731 2903 3235 
3 5672 5924 5677 
3 3266 2310 5120 
3 3338 3116 3541 
3 3005 2789 3234 
3 8338 12343 6404 
3 7255 9297 11352 
3 3433 3340 3335 
3 2788 3336 3639 
3 3749 4747 2000 
3 2791 3542 3234 
3 2597 3431 3007 
3 2130 1895 1894 
3 1127 5998 2116 
3 13460 3876 9861 
3 13952 10109 10419 
3 3123 3433 3435 
3 3340 3433 3123 
3 2658 2267 2648 
3 7169 7134 10945 
3 3672 8145 12957 
3 2092 1827 9805 
3 13616 3700 7585 
3 13616 5702 3700 
3 1454 2615 3617 
3 3646 1586 2341 
3 3023 2614 3021 
3 3016 3131 3345 
3 4932 201 5684 
3 8164 6413 4528 
3 6413 8164 10134 
3 3746 3655 3348 
3 3092 3405 3088 
3 3350 2798 3556 
3 4300 12162 859 
3 433 1621 438 
3 9226 8841 8720 
3 4053 11450 12812 
3 4130 3906 4234 
3 11952 6256 12211 
3 2380 1059 2375 
3 12036 10699 9162 
3 2922 3027 2921 
3 2996 3226 3220 
3 3249 3023 3357 
3 467 9302 13276 
3 3248 3139 3451 
3 3239 13896 775 
3 3029 3249 3358 
3 4181 4369 4469 
3 3454 3563 3026 
3 3334 7255 7246 
3 3632 2425 13758 
3 2922 3137 3251 
3 3254 3032 3359 
3 3451 3456 3665 
3 4843 4830 13449 
3 3459 3140 2619 
3 302 9941 13772 
3 4731 5442 10340 
3 3143 2806 3462 
3 3034 3145 3261 
3 2470 2275 2464 
3 4115 3891 4117 
3 12743 7659 13844 
3 9517 12709 7887 
3 12709 9517 13927 
3 3668 3564 3567 
3 4731 10340 13593 
3 3260 3261 3468 
3 3365 3036 3265 
3 117 3512 2347 
3 5171 10109 13952 
3 2153 2152 2320 
3 3475 3153 3268 
3 3149 3472 3469 
3 7880 7915 1482 
3 3368 3470 3150 
3 3272 3369 3373 
3 10092 10543 10094 
3 8444 4246 3231 
3 2425 12473 13758 
3 2425 7805 12473 
3 2969 2570 2971 
3 12515 12531 11146 
3 3272 3373 2940 
3 6761 8235 12725 
3 13666 4519 7770 
3 3780 3781 3276 
3 8323 10223 3466 
3 7999 7897 11780 
3 3276 3481 2941 
3 2730 3054 3275 
3 3282 3053 3374 
3 3168 3380 3054 
3 3283 3161 3277 
3 2941 3284 2832 
3 3056 2947 3061 
3 3282 3696 3059 
3 6544 13695 6260 
3 3284 2941 3481 
3 2551 3486 3170 
3 9017 3281 2310 
3 3590 3171 3287 
3 3385 3169 3285 
3 13679 2360 4315 
3 10759 10285 10749 
3 3232 3000 3427 
3 3384 3287 3063 
3 3384 3063 2842 
3 3891 3491 3495 
3 2950 3495 3173 
3 6449 3911 5123 
3 11593 13491 13507 
3 2950 2951 3495 
3 3386 3292 3385 
3 3437 2597 3012 
3 3340 2593 2696 
3 4506 8047 11060 
3 7471 7707 12878 
3 6503 2312 6518 
3 3182 3496 3791 
3 2953 2956 2849 
3 13063 923 916 
3 3293 3386 3499 
3 6443 10037 9953 
3 4349 4339 1007 
3 602 728 657 
3 3496 3391 3791 
3 3180 3389 3068 
3 3185 3500 3391 
3 3072 3502 2954 
3 7647 7634 13798 
3 6506 2774 3158 
3 12173 8045 6184 
3 3403 3714 3401 
3 3999 2194 4009 
3 3302 3075 3600 
3 3072 3193 3505 
3 3072 3073 3193 
3 3189 3301 3300 
3 3189 3306 3301 
3 3712 3077 2957 
3 3605 3712 2957 
3 10716 12616 4705 
3 13367 5192 13464 
3 13562 3378 4953 
3 3723 3822 3826 
3 3401 3306 3194 
3 8356 10467 985 
3 13408 12628 13012 
3 3398 3400 3196 
3 3195 3088 3307 
3 2774 13524 3158 
3 211 11067 10788 
3 13767 11833 11799 
3 3308 3513 2966 
3 2967 2966 3513 
3 7547 12840 13784 
3 3818 3310 3199 
3 3514 3086 3310 
3 3309 3197 3614 
3 2976 2964 3715 
3 1166 8045 12173 
3 3614 3200 3313 
3 3411 3313 2872 
3 3207 2976 3407 
3 3323 3411 3206 
3 3118 13468 13702 
3 3322 3098 3204 
3 3317 3212 3521 
3 192 6474 13687 
3 3204 3419 3322 
3 13775 13772 13122 
3 3210 3325 3523 
3 8837 10705 6516 
3 3421 3212 3317 
3 3106 3323 3206 
3 12183 12794 11997 
3 3210 3104 3325 
3 3222 3524 3327 
3 13300 7321 2603 
3 3424 3318 3821 
3 3526 3328 3421 
3 3523 3325 3525 
3 3109 3620 3106 
3 3323 3106 3620 
3 3869 3544 4595 
3 4731 13593 13301 
3 3216 3221 3217 
3 3220 3221 3215 
3 3620 2892 3624 
3 3226 3329 3220 
3 3625 3427 3225 
3 2664 7208 2605 
3 3624 3115 3333 
3 2850 2563 3069 
3 3329 3426 3627 
3 2207 1895 2130 
3 3539 3114 3227 
3 12574 5298 413 
3 3541 3116 3539 
3 3232 3629 3634 
3 3428 3113 3002 
3 3005 3234 3733 
3 2622 2928 3036 
3 594 595 973 
3 3539 3116 3114 
3 2941 2823 2940 
3 3437 3431 2597 
3 2907 2598 3639 
3 2907 3542 2791 
3 3639 2598 2788 
3 3335 3538 3433 
3 3542 2907 3639 
3 7040 13321 7071 
3 1166 849 8045 
3 3340 3123 2414 
3 13755 7108 13757 
3 9805 6987 2092 
3 3341 3126 3338 
3 12957 4870 11354 
3 7865 8392 8401 
3 2892 3620 3109 
3 3435 3645 3237 
3 3240 3345 3344 
3 3551 3241 3344 
3 3345 3549 3651 
3 11787 3755 9821 
3 7711 12622 12813 
3 12957 11354 3672 
3 3241 3442 3132 
3 3354 3558 3449 
3 1880 1124 4453 
3 3132 3133 2912 
3 3446 3745 3441 
3 3499 4012 3805 
3 3354 3353 3248 
3 13743 1600 7036 
3 3358 3357 3561 
3 2537 2620 2534 
3 3193 3604 3505 
3 1948 3174 1903 
3 6017 264 235 
3 9925 13743 7036 
3 3252 3251 3456 
3 12961 6351 13775 
3 10328 10332 11216 
3 5512 3547 13976 
3 3032 3030 3359 
3 3190 3076 3079 
3 4251 4257 5412 
3 5145 4532 10559 
3 3143 3462 3360 
3 13976 3547 13796 
3 8804 12195 13603 
3 3195 3073 2860 
3 12672 2909 5007 
3 2941 2940 3276 
3 2718 3258 3144 
3 19 6 5 
3 3258 2718 3141 
3 3765 3568 3673 
3 4703 4880 5069 
3 1666 1812 1816 
3 479 11616 983 
3 3469 3365 3265 
3 12599 8536 12600 
3 3043 3041 3468 
3 4443 4146 4545 
3 12648 5826 12642 
3 3760 3670 3864 
3 12833 6902 2906 
3 3776 3368 3583 
3 8488 12839 12327 
3 2079 13642 1853 
3 3380 3478 3275 
3 3790 3590 3287 
3 3270 3685 3473 
3 10090 2079 12056 
3 3578 3780 3373 
3 1688 1451 1687 
3 1699 1329 1459 
3 3583 3368 3050 
3 3047 3155 3045 
3 3376 3155 3047 
3 3271 3376 3478 
3 12768 12862 11849 
3 12400 12932 12611 
3 3768 13010 2589 
3 2937 3375 3585 
3 2824 3695 3050 
3 3161 3476 3274 
3 10997 235 264 
3 3482 3282 3374 
3 2777 2304 2398 
3 231 194 139 
3 3275 3376 3047 
3 3054 3380 3275 
3 3768 3767 13010 
3 2055 2152 2153 
3 3382 3695 2824 
3 13720 13723 6612 
3 7834 13598 13574 
3 4247 8231 8344 
3 944 12599 12237 
3 9072 9473 9067 
3 3059 3696 3172 
3 717 753 636 
3 5992 8053 8398 
3 13370 13368 2425 
3 12961 13775 13122 
3 12961 13122 13033 
3 2497 8629 3649 
3 3382 3291 3591 
3 13122 3294 13033 
3 3171 3590 3381 
3 3171 3381 3168 
3 3486 3785 3889 
3 4740 8954 5840 
3 3292 2836 3169 
3 3291 3595 3591 
3 3595 3291 3064 
3 1857 2172 1850 
3 3173 3495 3491 
3 3020 6713 4168 
3 3595 3064 3182 
3 3793 3386 3385 
3 3389 3180 3290 
3 3172 3488 3290 
3 5149 2859 5166 
3 6506 4245 2774 
3 4711 4889 4885 
3 13033 3294 12839 
3 3393 3183 3599 
3 13910 9120 12042 
3 10076 5403 10006 
3 2958 10006 5403 
3 3502 3072 3505 
3 2964 3187 3805 
3 3809 3183 3399 
3 13910 12042 8020 
3 3190 3399 3183 
3 13504 13544 7646 
3 9263 4780 4263 
3 3399 3190 3079 
3 5673 6021 6343 
3 3401 3402 3306 
3 3306 3402 3301 
3 3079 3309 4135 
3 7812 12642 4973 
3 3086 3514 3082 
3 4730 4242 4022 
3 6164 11739 11067 
3 3515 3199 2967 
3 3515 3818 3199 
3 6271 6478 13675 
3 13910 5935 12047 
3 3200 3614 3197 
3 6512 9381 6513 
3 6084 10090 12056 
3 2872 3313 3200 
3 3411 3520 3313 
3 3410 3090 3612 
3 12576 12961 8811 
3 833 6084 12056 
3 3409 3092 3720 
3 3409 3405 3092 
3 3419 3097 3523 
3 3419 3204 3097 
3 3097 3096 3523 
3 3323 3415 3411 
3 3096 3210 3523 
3 3322 3524 3222 
3 10146 11103 5815 
3 5931 4838 7108 
3 3622 3324 3326 
3 3294 12932 12839 
3 3524 3322 3419 
3 3105 3322 3222 
3 3530 3328 3526 
3 3012 2796 2910 
3 11584 9404 11719 
3 3423 3107 2992 
3 3423 3326 3107 
3 11956 9564 8416 
3 12724 11788 5918 
3 7083 4803 6854 
3 2998 2999 2453 
3 3532 2992 3217 
3 5742 1454 237 
3 2776 3321 3414 
3 944 12133 8536 
3 3096 3102 3210 
3 2336 11162 13080 
3 13455 13405 13702 
3 12727 13653 6392 
3 3226 3426 3329 
3 3227 3222 3327 
3 8261 13941 9680 
3 2945 7466 13405 
3 3318 3225 2885 
3 5002 5093 5275 
3 9063 12604 8721 
3 3426 3233 3731 
3 3113 3428 3331 
3 3538 3335 3332 
3 3742 12774 12894 
3 3426 2783 3233 
3 1505 6848 4767 
3 13635 6315 11989 
3 2325 6935 11362 
3 1288 1279 249 
3 12123 4259 11496 
3 2998 2453 1872 
3 4056 8162 1948 
3 7670 1969 6860 
3 7670 2084 1969 
3 3244 2910 2705 
3 3637 3838 3639 
3 1628 1817 1626 
3 3437 3738 3431 
3 3741 3341 3338 
3 3344 3651 3545 
3 12327 12097 8488 
3 3344 3545 3551 
3 3651 3549 3737 
3 1948 8162 3205 
3 3235 3008 3550 
3 3538 3736 3433 
3 2740 2559 2554 
3 12313 257 12276 
3 7989 12154 860 
3 4093 4211 4401 
3 13999 12130 1147 
3 7587 9436 11395 
3 3551 3743 3442 
3 6313 5895 5632 
3 4577 3311 11535 
3 1020 2354 10936 
3 3442 3023 3021 
3 3949 3851 3744 
3 3605 3906 4130 
3 3241 3132 3240 
3 12604 9398 5171 
3 5088 4527 4325 
3 12785 6219 10920 
3 3353 3354 3449 
3 5335 5612 5236 
3 3797 10513 3699 
3 3023 3853 3357 
3 1358 13049 13002 
3 3358 3249 3357 
3 3455 3456 3251 
3 3561 3454 3358 
3 1151 10599 2522 
3 3031 3140 3666 
3 3140 3564 3666 
3 3254 3359 3565 
3 12222 8131 8170 
3 3564 3459 3567 
3 2965 2668 2665 
3 3141 3670 3258 
3 3760 3144 3258 
3 3880 4147 12548 
3 4309 4303 4103 
3 3762 3360 3462 
3 676 11866 12912 
3 5469 5826 12648 
3 12609 12601 11270 
3 3036 3365 3571 
3 2408 2412 2404 
3 3468 3261 3363 
3 12237 12097 11797 
3 2910 3746 3348 
3 3469 3677 3365 
3 3470 3776 3678 
3 5260 12140 5530 
3 3472 3149 3580 
3 2509 2788 2598 
3 12160 12325 12323 
3 3148 3470 3366 
3 3369 3680 3578 
3 3766 3268 3040 
3 3840 6643 13469 
3 1491 309 288 
3 12380 11360 11171 
3 3155 3376 3271 
3 3791 3391 3792 
3 12327 12839 12932 
3 3477 3691 3476 
3 3161 3477 3476 
3 12547 10748 2975 
3 4998 5013 6210 
3 4595 4604 3572 
3 3585 3783 2937 
3 3477 3283 3586 
3 12642 5826 4973 
3 3056 3283 3277 
3 3485 3586 3283 
3 3689 3476 3691 
3 4026 4028 4149 
3 3484 3284 3481 
3 3486 3057 3785 
3 3385 3285 3493 
3 12097 13828 11797 
3 3783 3785 3057 
3 12878 13822 7471 
3 13775 302 13772 
3 4494 3991 4204 
3 3785 3783 3998 
3 3345 2606 3016 
3 2606 3345 2433 
3 6783 3671 2674 
3 3593 3383 3170 
3 2652 2951 2950 
3 3383 2948 3170 
3 4466 4267 4469 
3 4469 4369 4663 
3 4932 4876 10737 
3 3290 3488 3596 
3 4656 5115 4742 
3 164 208 222 
3 12932 2243 12327 
3 10737 11718 4932 
3 1449 263 2621 
3 3482 3374 3688 
3 279 177 248 
3 3388 3796 3705 
3 8053 12400 8398 
3 3500 3792 3391 
3 1563 1217 7864 
3 3505 3709 3502 
3 316 6860 4766 
3 10453 5684 201 
3 7243 3112 4161 
3 3605 3298 3603 
3 3297 3188 3601 
3 3794 3597 3898 
3 3389 3298 3068 
3 8752 242 2621 
3 3298 2957 2956 
3 2690 8584 10676 
3 3402 3807 3301 
3 13021 9191 8214 
3 5480 3547 11562 
3 3609 3191 3302 
3 5190 11473 9668 
3 1230 12612 11822 
3 13905 7881 1942 
3 6260 13695 10864 
3 2966 3196 3308 
3 2143 2142 2230 
3 4705 12616 11811 
3 2230 2138 2143 
3 3514 3403 3082 
3 822 13048 6085 
3 3510 3513 3308 
3 4135 3309 3614 
3 3513 3515 2967 
3 8124 5962 1896 
3 347 6448 627 
3 6058 6085 13048 
3 256 225 260 
3 9774 9963 9965 
3 2737 2552 2556 
3 3311 4690 13389 
3 3610 3604 3193 
3 13033 8811 12961 
3 3938 3728 4040 
3 3715 3407 2976 
3 3097 2980 3096 
3 4276 10292 10317 
3 3674 3981 3764 
3 3981 3674 3874 
3 3415 3323 3620 
3 3521 3522 3317 
3 12727 6392 13662 
3 3525 3524 3419 
3 3523 3525 3419 
3 3525 3527 3524 
3 3526 3421 3317 
3 3526 3317 3522 
3 3327 3524 3527 
3 4492 4299 4501 
3 9595 4751 10850 
3 12133 8721 8536 
3 13389 4690 13734 
3 7079 9930 1892 
3 13835 11980 11974 
3 3934 3727 3327 
3 2790 5673 11945 
3 13542 13527 11647 
3 12098 2003 12043 
3 3225 3318 3424 
3 3329 3627 3531 
3 9046 4202 8725 
3 3626 3328 3530 
3 13581 4953 5025 
3 4557 3833 4170 
3 3428 3628 3331 
3 13050 11647 13527 
3 13981 10170 9036 
3 3625 3630 3427 
3 4357 9823 4970 
3 3429 3628 3428 
3 12611 13301 9194 
3 3537 3539 3227 
3 3537 3227 3727 
3 10497 3699 10513 
3 3324 3824 3529 
3 3639 3336 3637 
3 2790 11749 7673 
3 3336 3634 3637 
3 3224 3331 3533 
3 3533 3331 3827 
3 3732 3731 3235 
3 3115 3431 3333 
3 3117 3336 2788 
3 13009 2508 12940 
3 4859 5942 4811 
3 5555 18 8573 
3 3733 3234 3542 
3 3005 3635 3429 
3 3741 3338 3541 
3 3647 3545 3642 
3 1739 12823 12160 
3 2921 2526 2799 
3 13659 6430 6381 
3 3645 3644 3549 
3 12963 11817 9827 
3 12123 12992 4259 
3 3745 3550 3441 
3 781 765 9743 
3 3743 3647 3845 
3 10720 10751 13369 
3 3433 3736 3435 
3 3241 3551 3442 
3 12683 13620 12295 
3 10936 2354 9796 
3 4158 4153 3823 
3 3746 3244 3849 
3 3248 3660 3354 
3 3442 3853 3023 
3 13054 9960 8564 
3 13511 11652 5393 
3 12146 1933 8732 
3 3748 4055 3849 
3 3143 3459 2719 
3 3449 3244 3353 
3 3563 4067 3559 
3 4904 1705 1700 
3 12576 8811 12599 
3 3563 3024 3026 
3 3563 3454 3861 
3 3456 3451 3252 
3 3148 3263 2811 
3 3563 3861 4067 
3 11174 11999 11997 
3 1151 2522 2463 
3 7921 12133 11859 
3 5375 5290 5376 
3 3030 3031 3359 
3 2645 10980 2627 
3 11603 5082 3880 
3 1059 12138 2375 
3 3254 3670 3141 
3 3362 3366 3674 
3 3261 3145 3971 
3 11585 12516 3840 
3 7834 13603 13598 
3 8721 12604 12600 
3 10554 9891 9691 
3 2010 2006 1939 
3 3362 3674 3569 
3 3762 3462 3569 
3 5193 5281 5662 
3 12547 3062 6493 
3 8872 1240 8854 
3 3366 3470 3678 
3 3983 3043 3468 
3 13363 1408 13162 
3 3776 3470 3368 
3 11885 13812 13813 
3 3772 3770 3473 
3 5577 9614 7504 
3 3043 3983 3371 
3 3781 4087 4094 
3 12543 11445 12672 
3 3475 4198 3774 
3 2155 13299 12770 
3 4537 11741 5717 
3 3781 3780 4087 
3 1807 324 10410 
3 2035 3152 5243 
3 490 13498 493 
3 1942 11977 13905 
3 3878 3686 3689 
3 11450 9465 10530 
3 6248 6265 1994 
3 10856 13086 10734 
3 12008 9530 9523 
3 2935 2820 3156 
3 12061 5739 13946 
3 3695 3692 3583 
3 2782 2777 2398 
3 3247 12061 7413 
3 1688 1687 1821 
3 3840 13469 11585 
3 3478 3376 3275 
3 3997 3887 3484 
3 3783 3057 2937 
3 3997 3481 3781 
3 8833 3606 7730 
3 3781 3481 3276 
3 13801 13786 3817 
3 3057 3486 2942 
3 4973 5826 2550 
3 3889 3170 3486 
3 3478 3380 3782 
3 4005 3488 3696 
3 3868 10507 12352 
3 5007 3656 12672 
3 3381 3590 3589 
3 5095 5005 5101 
3 3285 3284 3484 
3 12583 7622 12351 
3 3790 3589 3590 
3 7184 10509 3052 
3 3793 3385 3493 
3 3384 3704 3893 
3 5838 13801 3817 
3 8347 7415 8374 
3 12493 10625 2012 
3 7473 7867 13831 
3 3182 3791 3595 
3 3695 3382 3883 
3 2975 6206 7843 
3 12632 4839 13570 
3 2621 263 8752 
3 8265 7245 3710 
3 3185 3597 3500 
3 3709 3897 3702 
3 3185 3297 3597 
3 3511 12496 11564 
3 3297 3601 3802 
3 13426 3379 1273 
3 3300 3601 3188 
3 12298 1186 12282 
3 13629 5559 11700 
3 3499 3386 3793 
3 3715 2964 3805 
3 3300 3301 3807 
3 8269 7917 2417 
3 3286 11318 11319 
3 13417 10870 3379 
3 3610 3193 3307 
3 9668 7046 1352 
3 12543 10856 11234 
3 4018 3402 3401 
3 4334 3917 3614 
3 643 13616 13607 
3 10084 7983 7024 
3 2325 9957 3483 
3 2080 5266 912 
3 12437 5283 3698 
3 3514 3716 3403 
3 4135 3614 3917 
3 10767 13552 11685 
3 4472 4366 4570 
3 3401 3194 3403 
3 2092 2251 2271 
3 6891 402 408 
3 1508 13822 11023 
3 1230 13536 12612 
3 6269 10316 38 
3 9805 7142 9729 
3 3134 13358 12425 
3 3520 3415 3616 
3 1810 2124 1890 
3 2798 3350 2919 
3 3720 3092 3414 
3 3822 3723 3529 
3 3620 3624 3927 
3 3526 3619 3530 
3 3824 3324 3622 
3 6023 6047 12270 
3 3527 3525 3529 
3 7563 7088 7564 
3 3726 3725 3423 
3 6058 12270 6047 
3 3529 3723 3527 
3 3325 3529 3525 
3 3531 3828 3532 
3 13317 8937 13917 
3 13150 8337 13144 
3 5104 5108 4919 
3 3217 3531 3532 
3 3627 3426 3834 
3 11535 13367 4577 
3 3835 3630 3831 
3 2614 2437 2436 
3 3227 3327 3727 
3 3630 3634 3629 
3 4601 4497 4776 
3 2142 2146 2409 
3 3634 3336 3232 
3 3330 8922 4452 
3 2560 2953 2849 
3 8128 7240 10104 
3 7564 11797 11516 
3 12587 13572 11652 
3 11434 11797 7564 
3 10993 11196 11195 
3 3729 4346 4034 
3 3733 3730 3635 
3 13212 10452 1477 
3 3541 3539 3537 
3 6177 10699 12036 
3 13500 13640 91 
3 692 7069 7670 
3 4019 4241 3914 
3 166 12833 2906 
3 2616 2330 2250 
3 13347 2736 4651 
3 2661 6381 6430 
3 380 983 692 
3 3545 3651 3642 
3 4316 9194 4593 
3 3551 3545 3647 
3 11157 11553 11770 
3 3741 3744 3341 
3 380 320 9377 
3 11916 9964 5312 
3 10109 549 10419 
3 3345 3651 3344 
3 12922 11990 8346 
3 1239 2232 1235 
3 1917 1943 3787 
3 3736 3644 3435 
3 3645 3131 3237 
3 11758 13714 7683 
3 3745 3446 3850 
3 11948 7010 10521 
3 3660 3558 3354 
3 3558 3660 3859 
3 6210 3800 2745 
3 3350 3556 3855 
3 3560 3350 3855 
3 3859 3660 3451 
3 3857 3855 4064 
3 583 556 817 
3 3600 3066 3705 
3 4766 11835 98 
3 12401 13009 10336 
3 12692 4721 7021 
3 3860 3454 3561 
3 4575 4272 4937 
3 3666 3564 3668 
3 4029 10599 2484 
3 9911 12782 12775 
3 1067 6884 12138 
3 3665 3456 3962 
3 2682 5072 12182 
3 3031 3666 4071 
3 3031 4071 3359 
3 4414 4120 3898 
3 5189 5280 5281 
3 3460 3567 3459 
3 7166 10903 11445 
3 3145 3571 3866 
3 11633 13508 5206 
3 3764 3762 3569 
3 7573 11859 7287 
3 11484 11477 13334 
3 3971 3363 3261 
3 5400 4306 2180 
3 3258 3670 3760 
3 5918 11788 13659 
3 5139 4858 13475 
3 8900 5139 13475 
3 3766 4198 3268 
3 3976 3578 3867 
3 3578 3680 3867 
3 6611 11148 11146 
3 3468 4201 3983 
3 12543 7166 11445 
3 3584 13799 7495 
3 3473 3685 3681 
3 3681 3576 3473 
3 3683 3578 3976 
3 3395 3286 12259 
3 3976 3984 3683 
3 9920 10149 2797 
3 3675 4201 3468 
3 1783 1776 3932 
3 7563 11516 9429 
3 3683 4087 3780 
3 4366 4270 3853 
3 3782 3271 3478 
3 3774 3688 3475 
3 1644 10192 10124 
3 2954 3502 3702 
3 12543 12672 3656 
3 10364 13567 4345 
3 9185 9063 3394 
3 11234 7166 12543 
3 13170 1437 406 
3 3688 3991 3482 
3 10527 8400 3797 
3 11438 9966 13293 
3 5529 7504 11599 
3 4303 3993 3782 
3 4209 4207 3586 
3 3881 3586 3485 
3 3997 3484 3481 
3 7564 7287 11434 
3 2672 12182 1147 
3 3883 3591 3885 
3 3888 3591 3595 
3 3285 3484 3887 
3 9098 9125 3151 
3 6251 6568 6240 
3 6638 2157 7929 
3 3893 3287 3384 
3 3896 3388 3383 
3 3388 3896 3796 
3 3287 3893 3790 
3 4207 4500 4095 
3 11145 11580 6778 
3 3701 3390 3702 
3 3794 3500 3597 
3 1900 1756 1831 
3 4670 5171 13952 
3 3709 3702 3502 
3 9966 11438 11402 
3 4010 3895 4223 
3 10309 5681 8325 
3 4803 10150 10107 
3 10462 10001 9597 
3 3603 3298 3389 
3 3709 3505 3904 
3 3808 3302 3600 
3 3505 3604 3904 
3 11303 13896 9315 
3 1243 1103 1246 
3 4176 4469 4267 
3 3300 3807 3601 
3 4018 3401 3714 
3 2787 1870 833 
3 3804 3601 3807 
3 3808 3600 4123 
3 4689 6007 3566 
3 1874 1875 2197 
3 3610 4020 3604 
3 2544 2934 2937 
3 3812 3609 3808 
3 13507 9599 7488 
3 11158 11553 11157 
3 3610 3307 3405 
3 431 12136 10155 
3 3609 3302 3808 
3 4137 3913 3310 
3 3310 3913 3514 
3 3913 3716 3514 
3 1945 12384 13263 
3 3919 4020 3610 
3 3405 3919 3610 
3 4334 3614 3313 
3 3818 4137 3310 
3 5106 7573 7287 
3 3906 3603 3801 
3 3409 3720 3919 
3 6516 10705 0 
3 10203 12113 10886 
3 4028 3616 3415 
3 3522 3721 3619 
3 2406 2411 2695 
3 3625 3424 4151 
3 3418 3533 4143 
3 3533 3418 3321 
3 3929 3530 3619 
3 3084 3086 3082 
3 3048 3055 3274 
3 5064 4883 5341 
3 3521 3721 3522 
3 3830 3725 3726 
3 3927 3624 4032 
3 3626 3530 3929 
3 1657 10480 11378 
3 4938 2574 10575 
3 3326 3423 3725 
3 3723 3826 3934 
3 3726 3532 3935 
3 11367 11179 11180 
3 6023 12270 2764 
3 4156 3331 3628 
3 11017 7186 8048 
3 12038 12965 12964 
3 3729 3333 3431 
3 3426 3731 3834 
3 12089 3931 3795 
3 3531 3217 3329 
3 3221 3220 3329 
3 3538 3728 3938 
3 3630 3835 3634 
3 6408 57 9175 
3 3363 3675 3468 
3 10734 57 6408 
3 1676 12246 12324 
3 9175 0 10705 
3 2662 3189 3188 
3 3041 3260 3468 
3 2893 5210 7561 
3 4034 4346 4150 
3 3642 3651 3735 
3 3842 6153 3848 
3 3732 3235 4054 
3 2627 3648 2645 
3 3542 3844 3733 
3 3844 3542 3639 
3 3845 3647 3642 
3 3549 3644 3737 
3 13219 13225 9651 
3 3647 3743 3551 
3 3772 4074 3770 
3 380 163 320 
3 8593 8531 6432 
3 380 692 510 
3 8593 6432 4339 
3 5568 680 10340 
3 976 13538 12535 
3 2727 388 12894 
3 2900 1958 11952 
3 3851 4368 4268 
3 7999 3972 7897 
3 4774 4489 4769 
3 3747 3853 3442 
3 3658 11374 13217 
3 3244 3449 3849 
3 4038 2237 166 
3 3556 3744 3851 
3 12957 8145 3739 
3 3855 3556 3851 
3 3558 3748 3449 
3 3683 3984 4087 
3 3852 3748 3558 
3 3859 3852 3558 
3 13706 2845 2848 
3 4074 3974 3770 
3 3857 3560 3855 
3 9252 11030 10682 
3 2826 6801 6424 
3 3360 3762 3761 
3 12286 11755 13217 
3 7670 316 692 
3 3665 4186 4275 
3 3860 3861 3454 
3 2800 3248 3353 
3 11755 12286 11719 
3 13941 4843 9680 
3 3254 3565 3758 
3 3565 3359 4071 
3 3670 3254 3758 
3 3965 3460 3360 
3 7166 11462 10903 
3 11780 11070 5962 
3 11293 8440 11087 
3 3145 3866 3971 
3 3866 3571 3676 
3 3764 3763 3762 
3 3719 3410 4022 
3 3676 3571 3365 
3 1923 1935 10317 
3 6590 6565 341 
3 7316 5630 5788 
3 3365 3677 3676 
3 10538 10182 2508 
3 6412 7304 10178 
3 10580 9923 7719 
3 3974 3867 3770 
3 10340 5610 5568 
3 3366 3678 3674 
3 3678 3874 3674 
3 1210 8902 2546 
3 11715 7842 5726 
3 3473 3576 3772 
3 3576 3975 3772 
3 1560 360 5855 
3 3202 3212 2773 
3 3777 3371 3983 
3 3991 3688 3774 
3 11688 5618 9662 
3 3777 3375 3371 
3 3689 3685 3476 
3 5250 372 6569 
3 3692 3776 3583 
3 2874 7780 1736 
3 3782 3993 3580 
3 7012 5208 3361 
3 93 4359 10364 
3 8963 12452 8217 
3 3691 3477 3996 
3 4091 3482 3991 
3 3996 3477 3586 
3 8333 2035 5243 
3 4000 3696 3482 
3 4366 4472 4270 
3 7523 10527 3797 
3 3885 4006 4108 
3 4005 3696 4000 
3 6916 6917 6648 
3 4006 3885 3888 
3 3170 3889 4008 
3 3885 3591 3888 
3 3360 3460 3143 
3 777 11584 10374 
3 927 3356 2985 
3 3595 3791 3888 
3 521 7576 7612 
3 3894 532 13770 
3 3792 3500 3794 
3 7509 4753 6661 
3 3096 2980 2879 
3 3499 3793 4012 
3 3701 3495 3390 
3 8019 8003 6279 
3 3704 3599 3798 
3 147 549 9886 
3 10374 9341 777 
3 3290 3596 3389 
3 3898 3597 3802 
3 7337 13001 13021 
3 3293 3805 3187 
3 5204 5256 10076 
3 2471 7337 13018 
3 3601 3804 3802 
3 9426 9617 2288 
3 3809 3602 3183 
3 3705 4123 3600 
3 4490 4681 4598 
3 10465 7574 10461 
3 3900 3709 3904 
3 9330 775 11303 
3 3926 9329 6472 
3 3183 3602 3599 
3 3275 3047 2730 
3 5256 5403 10076 
3 4132 3715 3805 
3 3510 3308 3400 
3 4803 10107 4384 
3 3402 4018 4131 
3 11473 7046 9668 
3 3714 3403 4240 
3 3346 6980 3319 
3 3244 2914 3353 
3 3057 2544 2937 
3 3812 3808 4134 
3 6666 3879 4812 
3 12619 10718 5559 
3 4240 3403 3914 
3 3714 4240 4018 
3 3515 3513 3815 
3 9219 13666 13636 
3 4137 3818 3816 
3 3816 3818 3515 
3 3809 3399 4135 
3 8267 12613 954 
3 3410 3812 4022 
3 5774 5273 5539 
3 4469 4664 4466 
3 8677 1896 3875 
3 12296 6058 13048 
3 11281 3035 13135 
3 3719 3925 3721 
3 4028 3415 3927 
3 4143 3720 3418 
3 11267 13966 466 
3 3934 3327 3527 
3 3825 3823 3326 
3 4165 3831 4045 
3 3823 3622 3326 
3 2828 10615 10712 
3 3824 3822 3529 
3 1367 13816 12874 
3 5977 2939 7968 
3 6861 1257 12865 
3 9599 3584 7488 
3 3352 796 3304 
3 3935 3532 3828 
3 3935 3830 3726 
3 3956 10059 9992 
3 3830 3936 3725 
3 3725 3936 3825 
3 4155 3831 3625 
3 4034 4032 3333 
3 4156 3827 3331 
3 4275 3859 3665 
3 3304 8162 3352 
3 3827 4156 4148 
3 3936 3830 3941 
3 2881 13513 2904 
3 3832 3628 3833 
3 3934 4050 3727 
3 4618 4992 4725 
3 12423 11854 12052 
3 3537 3727 4050 
3 4111 4109 4097 
3 3944 3839 4048 
3 9083 13903 588 
3 1252 1267 1238 
3 7985 7999 10510 
3 4165 3947 3838 
3 10394 12305 12807 
3 7478 7483 7484 
3 5361 5275 5093 
3 7817 9930 13845 
3 3431 3738 3729 
3 3841 3735 3839 
3 3844 3639 3947 
3 4041 3644 4049 
3 3737 3839 3735 
3 3737 3735 3651 
3 371 6563 343 
3 3733 3844 4051 
3 4524 4988 4616 
3 4964 13424 474 
3 1445 2612 1446 
3 4172 3949 3741 
3 4184 4377 4475 
3 3743 3747 3442 
3 1519 13415 11561 
3 1948 3205 3184 
3 4055 4176 4264 
3 3744 3556 3341 
3 4055 3748 3953 
3 3425 9357 5354 
3 3741 3949 3744 
3 7110 5053 2278 
3 4058 3957 4181 
3 4058 4057 3953 
3 3519 13583 5477 
3 10641 6152 7084 
3 3748 3954 3953 
3 1186 13212 1444 
3 11687 11692 9640 
3 10340 680 9850 
3 1210 1272 1252 
3 3739 8281 4964 
3 3853 3856 3561 
3 4084 3872 3987 
3 8192 9298 12078 
3 3829 12093 4380 
3 3446 3559 3850 
3 11537 7423 7428 
3 3561 3856 3860 
3 12014 12944 12009 
3 3550 4054 3235 
3 7198 7704 7458 
3 2607 3022 4447 
3 3860 3958 3861 
3 12394 2769 13229 
3 4372 4063 3753 
3 7937 6074 6078 
3 4054 3550 4365 
3 10266 1644 13094 
3 3963 4071 3666 
3 12146 4447 1933 
3 3565 4072 3758 
3 3565 4071 4072 
3 3670 3758 3864 
3 4186 3962 4185 
3 3965 3567 3460 
3 12936 12935 1781 
3 3763 3968 3761 
3 4061 5250 6607 
3 3763 3872 3969 
3 4803 7083 10197 
3 3762 3763 3761 
3 3764 3871 3763 
3 3984 3976 3978 
3 2660 11220 1804 
3 3792 4007 4006 
3 3772 4286 4074 
3 3726 3423 2992 
3 1568 11508 11502 
3 3764 3981 3871 
3 3674 3764 3569 
3 3680 3770 3867 
3 3872 3871 3987 
3 2893 2889 5210 
3 3677 4083 3676 
3 4192 3576 3681 
3 4759 3636 11354 
3 10076 10006 5109 
3 3662 3687 12469 
3 6164 11067 237 
3 10979 10759 11187 
3 3677 3469 3472 
3 3979 3681 3686 
3 3686 3685 3689 
3 4095 3878 3689 
3 3689 3691 4095 
3 4208 3777 4090 
3 416 6950 2754 
3 10339 2859 10204 
3 3996 3586 4207 
3 2856 1166 12173 
3 6412 10303 10197 
3 2996 3212 3421 
3 3781 4305 4104 
3 3783 3585 4099 
3 9941 302 10419 
3 1821 1822 1688 
3 13570 5260 9779 
3 10419 302 13952 
3 9728 8760 8748 
3 352 13704 6544 
3 3789 3881 3786 
3 3902 4939 1736 
3 3887 3997 4112 
3 3789 4002 3881 
3 7550 7532 10516 
3 3589 3380 3381 
3 1914 12211 1471 
3 8835 8806 7735 
3 13748 4927 13315 
3 2031 1025 2959 
3 10712 9294 13135 
3 3170 4008 3593 
3 3889 3785 3886 
3 12537 8652 10735 
3 4221 3589 3790 
3 3143 3460 3459 
3 13911 13740 6932 
3 4117 3891 3701 
3 3488 4005 3596 
3 4011 3596 4005 
3 3792 3794 4007 
3 3794 3895 4007 
3 3896 3383 4118 
3 4116 4012 3793 
3 3701 3702 3897 
3 9737 13616 4537 
3 9886 549 10109 
3 11351 7261 7258 
3 2590 218 2595 
3 7337 13021 13018 
3 13014 9794 12116 
3 3389 3596 3801 
3 4120 4223 3895 
3 1466 4604 5722 
3 3262 3568 3765 
3 3798 3599 3602 
3 4593 9194 4750 
3 3636 4759 9694 
3 9694 9612 3636 
3 5193 5108 5104 
3 4141 3812 4134 
3 10421 12287 11349 
3 5842 1105 3051 
3 10849 12727 8858 
3 545 1736 7751 
3 7407 1906 5434 
3 1252 1272 1267 
3 3804 4235 4524 
3 12478 4519 3436 
3 4235 3807 4323 
3 13877 1892 13416 
3 4132 3805 4125 
3 3408 1213 4455 
3 3807 3402 3909 
3 12287 11762 11349 
3 8417 8689 8264 
3 2422 4460 1266 
3 11726 11940 12337 
3 4139 3715 4132 
3 3157 2048 4180 
3 3909 3402 4131 
3 4684 10598 4649 
3 5608 13368 12406 
3 2227 1979 2046 
3 3857 4069 3455 
3 1649 13300 2603 
3 10098 4384 10107 
3 4138 3913 4137 
3 1870 2787 7380 
3 3913 4019 3716 
3 4019 3914 3716 
3 7531 9402 6687 
3 1210 2546 1272 
3 3815 3816 3515 
3 3819 4139 4023 
3 3274 3055 3161 
3 6486 11835 11276 
3 4137 3816 4136 
3 3821 3407 3819 
3 8261 9823 9861 
3 12406 9235 3314 
3 4026 3923 3616 
3 12782 13741 674 
3 4334 3520 3923 
3 11835 4766 6860 
3 8466 8469 9454 
3 7264 3250 6882 
3 12336 1576 13225 
3 3521 3719 3721 
3 2950 3173 3061 
3 4145 3925 3924 
3 12298 10452 13212 
3 3133 3021 2609 
3 3424 4244 4151 
3 3619 3721 3929 
3 9850 4829 4750 
3 5701 5821 5308 
3 3925 4031 3929 
3 2730 3047 3045 
3 3721 3925 3929 
3 3719 3924 3925 
3 2600 2576 34 
3 5149 6473 6462 
3 4155 3625 4151 
3 11140 98 11835 
3 13287 13499 13286 
3 3936 3823 3825 
3 9429 11145 6792 
3 1935 4694 10317 
3 8561 13882 1818 
3 3828 3939 3935 
3 3830 3940 3941 
3 3935 3940 3830 
3 9886 10109 5171 
3 3533 3827 4143 
3 10886 6021 2790 
3 3834 3939 3627 
3 12324 1477 12322 
3 2854 11259 300 
3 3939 3940 3935 
3 12509 13797 4128 
3 3936 3941 4351 
3 5718 5716 5848 
3 2309 6292 2366 
3 3834 4171 3939 
3 3940 3939 4171 
3 2650 11952 12198 
3 7937 6078 588 
3 3834 3836 4171 
3 7659 9612 9694 
3 4054 3836 3732 
3 488 3413 5359 
3 3938 4049 3736 
3 11956 8416 12701 
3 4047 3944 4048 
3 3835 3838 3637 
3 13491 11593 13478 
3 3637 3634 3835 
3 4170 3730 4051 
3 2804 1551 5019 
3 3841 3839 3944 
3 4048 3737 4041 
3 13420 13857 13912 
3 4051 3730 3733 
3 3644 4041 3737 
3 12725 8162 4056 
3 4052 3845 3735 
3 4052 3735 3841 
3 3841 3944 4052 
3 7960 7959 8070 
3 2547 8902 1308 
3 3839 3737 4048 
3 3435 3644 3645 
3 3655 4256 3738 
3 4571 3949 4172 
3 2453 13015 9794 
3 13455 13702 4001 
3 3348 3655 3738 
3 5074 5079 5080 
3 3747 3743 4177 
3 4365 3550 3745 
3 10548 11507 12407 
3 3746 4175 3655 
3 8058 1341 11030 
3 2892 2891 3003 
3 324 10419 489 
3 3953 3954 4058 
3 3519 11543 7434 
3 4024 7680 5941 
3 10104 12936 12938 
3 3136 3176 8231 
3 3859 3957 3852 
3 4270 4066 3856 
3 3012 2910 3348 
3 4462 2521 6491 
3 4185 4069 4184 
3 4063 4059 3850 
3 4291 4392 4679 
3 10414 9381 6512 
3 5980 6264 6261 
3 416 13741 6950 
3 4185 3962 4069 
3 13798 12840 7547 
3 3860 3856 3958 
3 3962 3455 4069 
3 3809 4135 4133 
3 3963 4278 4071 
3 3963 3666 3668 
3 4272 4059 4063 
3 13007 13314 12466 
3 3968 3969 4075 
3 4187 3668 3567 
3 3360 3761 3965 
3 13424 8281 8315 
3 3966 3761 3968 
3 3975 4286 3772 
3 4751 9595 10614 
3 3763 3969 3968 
3 12935 1769 1781 
3 3872 3763 3871 
3 13593 4750 13301 
3 3676 4083 3866 
3 3673 4082 3765 
3 7687 13319 11293 
3 4453 7316 5788 
3 4893 9886 9185 
3 4195 3976 3867 
3 11842 13188 12267 
3 10699 8999 13942 
3 3362 3263 3366 
3 4192 3975 3576 
3 4393 4087 3984 
3 3768 11644 3806 
3 3981 3877 3990 
3 2122 2381 2570 
3 4086 3686 3878 
3 111 125 78 
3 4393 4496 4087 
3 3812 3410 3612 
3 2995 2890 2688 
3 3776 3877 3874 
3 4305 3781 4094 
3 9063 9185 9398 
3 434 3775 13104 
3 3877 3981 3874 
3 1071 4389 5461 
3 4832 4919 4646 
3 4000 3482 4091 
3 3997 3781 4104 
3 3998 3783 4099 
3 3807 3909 4323 
3 4108 3995 3883 
3 3692 3695 3995 
3 3883 3885 4108 
3 4004 4215 3697 
3 13750 9927 11880 
3 3886 3785 4214 
3 9941 1807 13772 
3 4110 4108 4006 
3 12916 9058 12922 
3 5637 5897 5638 
3 4110 4006 4007 
3 3995 3695 3883 
3 12979 10735 8652 
3 9070 9341 11289 
3 13758 4649 3657 
3 3790 3893 4119 
3 3891 4115 3789 
3 424 385 475 
3 3593 4008 4118 
3 3589 4004 3697 
3 4441 4547 4636 
3 1797 2918 3961 
3 4318 4517 3796 
3 3793 3887 4116 
3 3791 4006 3888 
3 5647 1353 5624 
3 8042 7928 7797 
3 4006 3791 3792 
3 12678 12352 11450 
3 9617 2231 4405 
3 3994 1353 3555 
3 6574 5581 3436 
3 3801 3596 4011 
3 3388 3066 2949 
3 50 833 1870 
3 2497 3649 3574 
3 3897 3900 4122 
3 4229 4123 3705 
3 4618 5175 4992 
3 4238 3808 4321 
3 11034 1508 11023 
3 11866 12777 12912 
3 3604 4129 3904 
3 3897 3709 3900 
3 3603 3906 3605 
3 4235 3804 3807 
3 4133 3602 3809 
3 12518 11552 10645 
3 12968 7246 7255 
3 10735 6984 1297 
3 4236 4129 4017 
3 8652 8641 11509 
3 7967 5621 3330 
3 3712 3605 3908 
3 4018 4424 4131 
3 3408 4455 4473 
3 4130 3908 3605 
3 4017 4129 4020 
3 4238 4134 3808 
3 4139 3819 3715 
3 4531 3510 4239 
3 3816 3815 4136 
3 3155 3271 3149 
3 4134 4630 4141 
3 4240 4424 4018 
3 13728 6764 2802 
3 3510 4531 3815 
3 6611 13471 11292 
3 4020 3919 4142 
3 4677 4592 4952 
3 3819 3407 3715 
3 3821 3318 3407 
3 4143 4144 3720 
3 2775 3092 2974 
3 4511 3512 117 
3 9219 3162 13569 
3 1954 2019 1620 
3 7639 7784 7788 
3 9850 4750 13593 
3 4149 3927 4032 
3 5604 5994 5609 
3 3822 3824 4153 
3 11806 13641 11715 
3 7883 8251 2194 
3 4154 4040 4031 
3 3279 5395 981 
3 4143 3827 4148 
3 13135 3035 9881 
3 3824 3823 4153 
3 1028 979 1076 
3 3826 3822 4153 
3 3826 4153 4159 
3 5087 2991 7556 
3 8261 9861 8297 
3 13524 13569 3162 
3 13778 11926 12827 
3 12070 4174 12992 
3 5216 8946 13207 
3 7866 6868 10929 
3 1862 1928 1922 
3 8902 2547 2546 
3 4039 4041 4154 
3 3942 5798 5739 
3 3934 4042 4050 
3 12924 11050 7685 
3 7215 5242 5220 
3 4039 4044 4041 
3 4154 4041 4040 
3 4049 3938 4040 
3 4044 4047 4048 
3 4049 4040 4041 
3 4048 4041 4044 
3 4165 4045 4166 
3 13492 4194 11642 
3 4047 4167 3944 
3 4042 4742 4050 
3 1470 6987 9805 
3 4611 4515 4219 
3 588 6078 1767 
3 4050 4172 3537 
3 3836 4355 4255 
3 4051 3844 4169 
3 3729 4256 4346 
3 9214 9218 9242 
3 3729 3738 4256 
3 4205 7688 522 
3 3835 4165 3838 
3 4167 4052 3944 
3 4193 4299 4492 
3 4463 3948 4052 
3 13784 12840 11926 
3 3845 3948 3743 
3 4032 3624 3333 
3 2644 27 1309 
3 11496 4259 12859 
3 4177 3743 3948 
3 13702 13468 4001 
3 4175 4256 3655 
3 4958 4392 4776 
3 4665 4054 4365 
3 13133 3501 4438 
3 4913 6050 2743 
3 4055 3953 4176 
3 4176 3953 4057 
3 4368 3949 4573 
3 4392 4958 4679 
3 8231 3176 8344 
3 7820 7704 7198 
3 4059 4365 3745 
3 3949 4368 3851 
3 7315 9350 485 
3 11228 3246 1315 
3 5129 4944 5034 
3 3957 4058 3954 
3 3449 3748 3849 
3 3852 3957 3954 
3 11788 5205 11798 
3 3184 3174 1948 
3 761 754 8860 
3 3853 4270 3856 
3 3075 3066 3600 
3 9284 2991 5087 
3 3857 4064 4377 
3 3851 4064 3855 
3 11270 3136 12609 
3 2432 1124 7093 
3 8474 7924 8620 
3 6255 12815 13256 
3 8749 12611 9194 
3 3963 3668 4378 
3 9185 9886 9398 
3 11261 7420 12572 
3 2752 1607 1600 
3 12389 8182 7153 
3 5 17 19 
3 3965 4382 4187 
3 11261 3011 7420 
3 3965 3761 3966 
3 12827 11916 11912 
3 8581 8998 9063 
3 4290 4195 4285 
3 4284 4074 4286 
3 6667 3862 8424 
3 3864 4281 3865 
3 5387 4862 12708 
3 10340 1807 10410 
3 3971 3866 4388 
3 1914 1471 5653 
3 5214 7545 3989 
3 6320 3179 4196 
3 4077 3867 3974 
3 7524 8424 3862 
3 5775 5650 5772 
3 3268 4198 3475 
3 3241 3240 3344 
3 2157 7420 7929 
3 4803 4384 8588 
3 3611 7521 5577 
3 4195 3978 3976 
3 2088 1918 2337 
3 2555 1309 1267 
3 8488 8811 13033 
3 3681 3979 4292 
3 6854 8588 13519 
3 3686 4086 3979 
3 4197 4080 4084 
3 3677 4299 4193 
3 12804 11665 4194 
3 13927 9661 3679 
3 3774 4198 4391 
3 2781 2783 3226 
3 10229 10197 10303 
3 12400 12611 8749 
3 9080 8961 8960 
3 4092 4089 3990 
3 4084 3987 4089 
3 6319 792 724 
3 4089 4088 4084 
3 9240 6347 448 
3 4090 3777 3983 
3 2963 5316 1724 
3 3990 4089 3987 
3 3873 7802 1843 
3 4089 4096 4088 
3 6638 7929 2916 
3 3185 2850 3069 
3 4099 3585 3777 
3 4092 4098 4089 
3 4098 4096 4089 
3 4095 3996 4207 
3 3691 3996 4095 
3 8581 9063 8721 
3 4099 3777 4208 
3 4098 4097 4096 
3 4096 4097 4211 
3 2508 8590 9513 
3 4098 4105 4097 
3 3997 4104 4112 
3 1644 10258 10192 
3 3586 4210 4209 
3 4101 4000 4091 
3 3995 4105 4098 
3 4105 3995 4108 
3 4208 4503 4505 
3 4505 4099 4208 
3 4105 4111 4097 
3 9120 7273 12042 
3 5038 13049 3127 
3 3998 4214 3785 
3 4002 4210 3881 
3 4108 4110 4105 
3 4676 4764 4588 
3 4410 4411 4615 
3 4105 4110 4111 
3 4103 3697 4309 
3 3780 3276 3373 
3 6220 9927 13750 
3 4111 3892 4109 
3 901 383 8950 
3 381 345 414 
3 4109 4113 4213 
3 6950 6220 13750 
3 12932 3294 13301 
3 4112 4116 3887 
3 6351 12961 3452 
3 12906 11035 11970 
3 4221 4004 3589 
3 4220 3889 3886 
3 3790 4410 4221 
3 4119 4410 3790 
3 13868 13075 13867 
3 4220 4219 4008 
3 7823 8790 9854 
3 4119 3893 4411 
3 8519 8346 11990 
3 9941 324 1807 
3 1938 11079 12209 
3 2576 26 34 
3 1309 13133 4438 
3 12067 518 11840 
3 4213 4113 4217 
3 10920 11866 676 
3 3893 3704 3798 
3 3893 3798 4121 
3 2229 2748 9124 
3 4319 3701 3897 
3 4231 3801 4011 
3 13922 11135 339 
3 4121 3798 4320 
3 4320 3798 4230 
3 4123 4229 4321 
3 3798 3602 4230 
3 4231 4322 4127 
3 3632 13370 2425 
3 11733 12350 12549 
3 8721 12600 8536 
3 4127 4234 3906 
3 12108 2410 13014 
3 12912 12777 12774 
3 4131 4323 3909 
3 4123 4321 3808 
3 12648 11738 5469 
3 5155 9159 9151 
3 3415 3520 3411 
3 4238 4623 4630 
3 2764 5353 6023 
3 4017 4020 4538 
3 4331 4138 4137 
3 4138 4019 3913 
3 4139 4132 4324 
3 5594 5492 5143 
3 4425 4138 4533 
3 4538 4020 4142 
3 4237 4531 4239 
3 3819 4023 3821 
3 4952 4592 4679 
3 3924 3719 4242 
3 13415 2567 11576 
3 8416 9564 11311 
3 9101 8843 9358 
3 8204 8721 12133 
3 3683 3780 3578 
3 3831 4155 4449 
3 4248 4146 4443 
3 4248 4152 4146 
3 4154 4031 4152 
3 4248 4039 4152 
3 3831 4449 4045 
3 2672 2682 12182 
3 3826 4159 4454 
3 4034 4150 4032 
3 12878 7707 10998 
3 13377 13209 13027 
3 458 12256 3364 
3 4153 4158 4159 
3 4850 4481 4762 
3 4171 4255 3940 
3 4031 3925 4145 
3 3001 4168 6690 
3 10006 13460 5109 
3 4044 4157 4162 
3 8204 12133 7921 
3 13980 2672 1147 
3 9206 8830 8831 
3 12746 6572 8909 
3 8998 3394 9063 
3 4162 4047 4044 
3 13704 352 11825 
3 4162 4167 4047 
3 4045 4449 4166 
3 588 12022 7937 
3 4159 4158 4454 
3 192 6410 6474 
3 3625 3831 3630 
3 3941 3940 4350 
3 2063 2007 12025 
3 4351 4158 3936 
3 4255 4171 3836 
3 4169 3947 4166 
3 3124 2193 135 
3 135 3110 3124 
3 4463 4052 4167 
3 6642 3211 6801 
3 1280 12765 13782 
3 4264 4466 4262 
3 5095 5101 5367 
3 12021 2007 13894 
3 234 290 266 
3 6315 13635 13646 
3 3948 3845 4052 
3 8053 3922 3931 
3 4175 4353 4256 
3 3868 12352 12678 
3 7022 11228 1315 
3 8876 12887 12858 
3 6659 4600 11853 
3 10853 10851 9942 
3 11221 9722 10123 
3 10123 10807 11221 
3 4055 4264 4175 
3 392 514 517 
3 4562 4563 4568 
3 12878 11023 13822 
3 11202 6837 11234 
3 4181 4469 4057 
3 6932 2978 10308 
3 4181 4057 4058 
3 4181 3957 4369 
3 6456 10628 1681 
3 2502 11976 9959 
3 4055 4175 3849 
3 4275 4369 3957 
3 3659 11596 4858 
3 9957 9564 8337 
3 4063 4372 4272 
3 4544 4244 4437 
3 3380 3697 3782 
3 2783 2781 2494 
3 535 10716 4705 
3 1826 1967 2221 
3 4066 3958 3856 
3 4649 10598 3657 
3 4067 3958 4372 
3 3861 3958 4067 
3 5629 724 5765 
3 4074 4283 3974 
3 4278 3963 4585 
3 4558 5743 7041 
3 4071 4277 4072 
3 4382 3965 3966 
3 3864 4280 4281 
3 4072 4280 3758 
3 3245 11284 13175 
3 2919 3137 2799 
3 4075 3969 4080 
3 5201 5199 4924 
3 4074 4284 4283 
3 10963 13339 7169 
3 9431 9626 9277 
3 3866 4083 4076 
3 13508 8709 9678 
3 3866 4076 4388 
3 4285 4591 4484 
3 13762 12815 9946 
3 3974 4283 4077 
3 9398 9886 5171 
3 11912 7321 12827 
3 10410 5610 10340 
3 10077 6111 9920 
3 3914 3403 3716 
3 4133 4230 3602 
3 4083 3677 4193 
3 4598 4298 4081 
3 4084 4088 4197 
3 4298 3675 4081 
3 4195 4296 3978 
3 4201 3675 4298 
3 1740 745 7263 
3 2566 4516 314 
3 4297 3979 4086 
3 4201 4298 4090 
3 4292 4192 3681 
3 353 285 222 
3 735 8807 7719 
3 6486 11276 10628 
3 3774 4394 4204 
3 7921 7802 3873 
3 4090 4696 4503 
3 4221 4409 4004 
3 4094 4087 4496 
3 2521 13693 13078 
3 1545 349 4722 
3 4601 3878 4095 
3 1537 6638 2916 
3 3990 3877 4092 
3 3692 3995 4092 
3 4092 3877 3692 
3 4211 4093 4096 
3 3776 3692 3877 
3 1049 1067 1059 
3 4212 4305 4400 
3 4091 4494 4101 
3 13204 2562 1645 
3 4327 4237 4239 
3 2484 1238 4029 
3 5798 12000 5739 
3 8721 8204 8581 
3 3991 4494 4091 
3 12548 4147 10688 
3 4212 4104 4305 
3 13301 12611 12932 
3 236 232 231 
3 3998 4311 4214 
3 3833 3628 3429 
3 3789 4115 4002 
3 4609 4005 4000 
3 13741 6220 6950 
3 4112 4310 4116 
3 4313 3886 4214 
3 8945 4435 7965 
3 4217 4113 4010 
3 4404 4308 4213 
3 671 2972 683 
3 4117 4312 4115 
3 4112 4212 4310 
3 4117 4707 4312 
3 3896 4118 4218 
3 4118 4219 4218 
3 5583 5482 4947 
3 4411 3893 4121 
3 4008 4219 4118 
3 4617 3796 4517 
3 1341 10682 11030 
3 4617 4229 3796 
3 6829 6778 2805 
3 11616 479 7142 
3 4129 4228 3904 
3 4321 4229 4520 
3 3122 13922 339 
3 4414 4713 4412 
3 4125 4012 4227 
3 6829 6792 11145 
3 3904 4228 3900 
3 7573 3693 7802 
3 4228 4122 3900 
3 4321 4620 4238 
3 4132 4125 4324 
3 79 64 1292 
3 11255 11295 634 
3 12469 309 1491 
3 11105 9959 9018 
3 11580 12089 3795 
3 9595 10850 12407 
3 4239 3908 4130 
3 4327 4239 4130 
3 10906 11514 12348 
3 5950 473 4861 
3 6860 1969 1947 
3 4309 4403 4303 
3 4531 4136 3815 
3 4138 4425 4019 
3 13204 1645 2767 
3 2920 4046 6569 
3 12363 10560 10590 
3 4333 4139 4324 
3 4331 4137 4136 
3 4135 4330 4133 
3 3230 13142 13780 
3 4782 5330 4962 
3 4437 3821 4023 
3 3255 4053 4304 
3 4241 4240 3914 
3 6768 7253 6776 
3 4545 3924 4242 
3 3917 4330 4135 
3 13634 11870 10909 
3 2970 671 2979 
3 3795 3931 8198 
3 4144 4148 4337 
3 4545 4145 3924 
3 4434 4144 4337 
3 4541 4334 3923 
3 4145 4545 4146 
3 4149 4441 4026 
3 4865 4869 5981 
3 4544 4151 4244 
3 6285 4173 6306 
3 7287 7564 3211 
3 4826 4539 4434 
3 4145 4146 4152 
3 4248 4252 4039 
3 4151 4342 4155 
3 13720 6448 7932 
3 10510 8124 12741 
3 2600 34 3684 
3 35 3684 34 
3 4406 6324 5373 
3 4342 4449 4155 
3 2878 2393 2489 
3 12862 10908 11849 
3 13581 12635 4953 
3 4032 4150 4149 
3 10903 11473 11445 
3 10169 7093 9097 
3 12543 13086 10856 
3 3934 3826 4042 
3 4170 3833 3730 
3 4350 4351 3941 
3 12130 10323 1147 
3 5453 7823 6828 
3 249 2279 1288 
3 666 513 673 
3 4342 4553 4449 
3 8053 3931 12089 
3 1601 2703 2846 
3 13956 12093 3829 
3 11434 12237 11797 
3 12287 13211 11756 
3 12775 6818 13729 
3 4172 4050 4742 
3 4165 3835 3831 
3 3161 3283 3477 
3 4175 4264 4262 
3 11835 6486 11140 
3 35 34 26 
3 212 9862 13675 
3 11835 6860 11276 
3 3653 11694 11692 
3 4176 4267 4264 
3 4705 11759 535 
3 4863 4687 4489 
3 5121 7113 13160 
3 11156 10719 11157 
3 1460 13207 436 
3 4748 11670 13542 
3 8999 10699 6039 
3 8542 8255 8399 
3 10924 10934 6877 
3 8251 12729 8769 
3 3911 5048 6310 
3 11580 3795 3553 
3 5788 6204 10583 
3 3174 3099 12614 
3 3420 7573 5106 
3 4369 4275 4371 
3 3609 3080 3191 
3 4748 13542 5574 
3 3958 4066 4372 
3 4275 4186 4185 
3 13016 7104 11193 
3 3963 4378 4585 
3 4426 6334 4537 
3 4262 4358 4175 
3 4357 5109 9861 
3 4187 4382 4379 
3 13734 13395 13389 
3 4281 4280 4480 
3 3011 7929 7420 
3 1945 11433 1964 
3 12543 3656 13640 
3 178 8854 1240 
3 13156 12769 12564 
3 4591 4283 4674 
3 4587 4072 4277 
3 4591 4285 4077 
3 4283 4591 4077 
3 4290 4285 4484 
3 4080 4197 4075 
3 8997 2801 2808 
3 4192 4292 4291 
3 4220 4408 4219 
3 1990 2076 2075 
3 4081 4490 4598 
3 4083 4193 4491 
3 11666 13536 9682 
3 4297 4294 3979 
3 12330 12736 12733 
3 11574 651 3152 
3 4393 3978 4296 
3 3211 7564 7088 
3 10866 11234 10856 
3 3952 5568 894 
3 6792 7563 9429 
3 4391 4394 3774 
3 13527 10688 4147 
3 4696 4090 4298 
3 4204 4396 4494 
3 4096 4093 4088 
3 6334 8048 7186 
3 5113 7793 6912 
3 1486 6352 12447 
3 8876 10951 9190 
3 9717 9363 9234 
3 4103 4303 3782 
3 278 13748 284 
3 7802 11859 7573 
3 4099 4505 3998 
3 4516 10535 2574 
3 4209 4210 4510 
3 4210 4002 4510 
3 5584 5309 5468 
3 12683 7860 13620 
3 77 2162 6359 
3 4212 4112 4104 
3 13708 13474 13476 
3 4404 4509 4308 
3 4002 4115 4510 
3 2884 11580 3553 
3 8879 2343 2344 
3 8804 9815 12683 
3 4217 4010 4223 
3 4414 4412 4120 
3 4614 4221 4410 
3 10229 10303 11625 
3 6486 1319 11140 
3 11030 11140 1319 
3 4220 4313 4408 
3 4411 4410 4119 
3 4117 4319 4707 
3 6829 2805 6424 
3 3896 4218 4318 
3 8907 10997 13744 
3 13056 13255 13670 
3 4121 4320 4718 
3 12527 6680 2119 
3 4523 4228 4419 
3 4414 3804 4524 
3 5256 5387 10178 
3 12775 12782 12917 
3 4127 4322 4234 
3 2013 5536 3267 
3 11633 13471 9655 
3 4236 4228 4129 
3 11303 775 13896 
3 13211 12301 13219 
3 3653 11692 11687 
3 6324 4406 3536 
3 3083 4251 5408 
3 4234 4325 4327 
3 4810 4230 4133 
3 886 1492 10882 
3 4131 4622 4422 
3 4327 4130 4234 
3 4427 4241 4425 
3 4133 4330 4810 
3 6643 11619 13469 
3 4425 4241 4019 
3 6955 6104 12635 
3 4533 4138 4331 
3 11146 12531 6611 
3 4333 4324 4627 
3 4730 4634 4242 
3 4334 4430 3917 
3 6414 10856 10734 
3 11897 6424 2513 
3 4437 4244 3821 
3 6589 9896 8909 
3 4541 4430 4334 
3 4436 4541 3923 
3 3119 12511 12501 
3 4634 4545 4242 
3 3923 4026 4436 
3 4330 4430 4536 
3 4544 4444 4151 
3 4547 4441 4448 
3 4441 4149 4150 
3 3686 3681 3685 
3 4151 4444 4342 
3 12973 11986 12582 
3 3650 11564 12515 
3 6407 964 3255 
3 4039 4252 4157 
3 3211 7088 6801 
3 4451 4344 4252 
3 4156 3832 4450 
3 4248 4445 4252 
3 4445 4248 4443 
3 6637 10374 8411 
3 6896 7015 6621 
3 4445 4451 4252 
3 3056 3061 3283 
3 13049 5038 13002 
3 9135 1683 3858 
3 4154 4152 4039 
3 3440 4751 10614 
3 12325 12160 3803 
3 10308 2978 243 
3 4157 4344 4162 
3 10818 9828 8820 
3 13417 3379 13426 
3 4351 4563 4158 
3 4042 3826 4564 
3 4169 4166 4560 
3 3826 4454 4564 
3 12812 12365 2395 
3 4129 3604 4020 
3 4060 8204 7921 
3 4657 4167 4347 
3 4187 3567 3965 
3 13687 11805 192 
3 6778 6829 11145 
3 6837 11462 7166 
3 13426 8660 13417 
3 4860 5323 5225 
3 4464 4569 4358 
3 8660 6834 13417 
3 3527 3723 3934 
3 4281 4387 3865 
3 4172 4742 4571 
3 4262 4464 4358 
3 12000 11108 13946 
3 10864 11805 13687 
3 6778 11580 2884 
3 81 112 3788 
3 4463 4177 3948 
3 6009 6628 5874 
3 4663 4664 4469 
3 1519 11561 13793 
3 4573 3949 4571 
3 537 3083 5408 
3 4059 4575 4365 
3 3587 11695 2608 
3 5101 5005 4821 
3 13395 13413 12485 
3 8629 3767 13185 
3 5144 5226 4961 
3 6424 6792 6829 
3 5183 5099 5276 
3 8086 8106 12180 
3 4581 4272 4372 
3 4475 4064 4268 
3 11666 11681 13536 
3 4476 4371 4184 
3 4371 4185 4184 
3 4378 4379 4477 
3 4378 4187 4379 
3 13734 13398 13395 
3 13668 13454 13852 
3 4383 4382 3966 
3 4786 4500 4510 
3 4280 4072 4587 
3 13389 13387 3311 
3 4277 4071 4278 
3 4383 3966 3968 
3 8120 7747 7502 
3 4768 4856 5042 
3 5875 6298 6018 
3 5449 13789 9470 
3 6060 6805 6940 
3 9970 7515 13880 
3 4289 4192 4291 
3 4485 4284 4286 
3 3760 3865 3673 
3 789 1078 770 
3 3129 12424 13398 
3 9849 13646 11774 
3 4390 4082 4387 
3 3801 3603 3389 
3 1961 8756 2828 
3 4680 4590 4075 
3 4081 4388 4490 
3 2884 1089 6778 
3 4083 4491 4076 
3 7316 93 5630 
3 4195 4290 4296 
3 4291 4294 4392 
3 4290 4687 4296 
3 4680 4197 4088 
3 2901 4717 3799 
3 4297 4392 4294 
3 4393 4296 4687 
3 3472 3993 4299 
3 3665 3859 3451 
3 3852 3954 3748 
3 4204 4394 4396 
3 5149 11420 10117 
3 1804 1920 3028 
3 4696 4298 4495 
3 4095 4500 4497 
3 4499 4400 4496 
3 4090 4503 4208 
3 4498 4775 4088 
3 4692 4101 4494 
3 3814 4741 7481 
3 1893 4030 5116 
3 4303 4403 3993 
3 3081 6738 6712 
3 2390 2214 2211 
3 3993 4403 4501 
3 11058 2857 2861 
3 4477 4586 4942 
3 4299 3993 4501 
3 5295 5021 5294 
3 9682 5377 9664 
3 13491 13478 553 
3 4878 4880 3998 
3 13511 13508 9678 
3 12620 12813 12200 
3 12820 9820 2924 
3 6315 6352 1486 
3 12038 12964 12960 
3 4309 3697 4215 
3 4404 4213 4792 
3 5268 5357 5089 
3 4904 1700 1683 
3 4313 4311 4703 
3 4312 4881 4115 
3 4101 4704 4000 
3 4703 4408 4313 
3 4378 3668 4187 
3 4792 4213 4217 
3 4004 4409 4215 
3 4005 4609 4011 
3 13299 13311 12770 
3 4217 4223 4708 
3 4219 4408 4611 
3 7222 11141 4750 
3 4297 3878 4601 
3 4708 4223 4412 
3 3467 6548 6559 
3 4411 4121 4413 
3 4707 4319 4895 
3 13358 9581 12425 
3 13235 13241 12427 
3 4203 5370 4182 
3 6021 5673 2790 
3 4413 4121 4718 
3 2149 2512 2317 
3 4122 4523 4319 
3 4518 4227 4012 
3 4323 4131 4422 
3 6642 11767 2531 
3 4323 4805 4806 
3 3701 4319 4117 
3 4227 4521 4125 
3 4521 4324 4125 
3 8854 6901 8872 
3 3977 3989 7529 
3 4498 4088 4093 
3 4320 4230 4619 
3 5256 10178 5403 
3 4419 4228 4236 
3 4619 4230 4810 
3 10997 264 8937 
3 2752 1600 3759 
3 7836 9932 13874 
3 4806 4524 4235 
3 4240 4427 4424 
3 4813 4136 4531 
3 5378 6412 10178 
3 4803 10197 10167 
3 4427 4425 4626 
3 4324 4521 4627 
3 4538 4429 4017 
3 5387 8165 4862 
3 7564 11516 7563 
3 4781 5327 4688 
3 4781 4688 4501 
3 12741 11078 3918 
3 4627 4431 4333 
3 4432 4333 4431 
3 4730 4022 4141 
3 4333 4432 4023 
3 4333 4023 4139 
3 4434 4539 4142 
3 4539 4538 4142 
3 6108 3986 7101 
3 8582 12394 11479 
3 2190 5389 3280 
3 4434 4142 4144 
3 3493 3285 3887 
3 4826 4434 4337 
3 3094 8594 3108 
3 3211 5106 7287 
3 1196 1200 2389 
3 12024 12208 11820 
3 3609 3812 3612 
3 13311 11479 12394 
3 4337 4148 4546 
3 3845 3642 3735 
3 2904 172 2881 
3 6642 2531 6528 
3 4929 4360 4054 
3 4446 4546 4148 
3 13844 4684 13715 
3 4150 4448 4441 
3 4723 4809 5179 
3 3586 3881 4210 
3 12605 9758 10709 
3 4547 4448 4551 
3 7088 7563 6801 
3 6892 6621 7015 
3 4448 4554 4551 
3 9820 10997 8907 
3 8564 6293 9923 
3 4170 4169 4560 
3 4446 4552 4546 
3 4448 4353 4554 
3 9923 13054 8564 
3 4548 4553 4342 
3 4560 4166 4556 
3 4347 4344 4451 
3 12287 10421 12301 
3 12101 12988 10181 
3 4195 3867 4077 
3 10534 12365 12812 
3 4167 4657 4463 
3 4358 4353 4175 
3 10076 5109 5204 
3 11087 8440 10201 
3 10059 10098 5224 
3 4353 4358 4461 
3 4255 4350 3940 
3 12457 13413 13398 
3 2702 3435 3237 
3 6762 5408 5412 
3 11140 11030 9252 
3 6204 8837 10583 
3 4177 4463 4570 
3 3079 4135 3399 
3 7729 7483 7478 
3 4570 4366 4177 
3 1964 13299 2155 
3 1972 12784 12300 
3 2866 8781 12735 
3 8449 9934 13424 
3 1828 1514 1637 
3 5024 4571 5115 
3 4782 4971 5330 
3 11584 11719 8411 
3 3746 3849 4175 
3 5226 5144 5401 
3 7716 8656 8646 
3 4845 4268 4368 
3 5821 5820 5575 
3 151 6833 8775 
3 5057 9992 3577 
3 9934 9992 5057 
3 569 5726 7842 
3 9046 2710 9472 
3 5416 5407 5154 
3 4270 4472 4066 
3 4580 4581 4066 
3 10495 10499 10507 
3 10743 1173 7023 
3 4580 4936 4581 
3 11267 11238 12172 
3 4371 4275 4185 
3 4584 4378 4477 
3 4475 4476 4184 
3 13424 9934 474 
3 13460 9861 5109 
3 4481 4284 4485 
3 4480 4763 4851 
3 4283 4481 4674 
3 4761 8776 8769 
3 4482 4383 4075 
3 4590 4482 4075 
3 4289 4291 4592 
3 4076 4491 4388 
3 12965 9127 12066 
3 4170 4051 4169 
3 6376 11769 13630 
3 3865 4387 4082 
3 8677 9046 8725 
3 4875 3656 5007 
3 3040 3765 3766 
3 5016 5288 5463 
3 2815 494 2822 
3 4492 4491 4193 
3 4687 4290 4489 
3 4599 4391 4390 
3 9241 2229 13037 
3 10504 4870 12957 
3 4868 4393 4687 
3 1945 3916 12384 
3 489 804 324 
3 13270 11425 11395 
3 8896 8052 12426 
3 6642 6801 11767 
3 10802 4710 7517 
3 4094 4496 4305 
3 3739 4964 10504 
3 5682 6072 6077 
3 5350 5628 5258 
3 4509 4498 4401 
3 4782 4497 4500 
3 12366 4335 13480 
3 12340 10495 13265 
3 9970 13877 3907 
3 4698 4212 4400 
3 4509 4401 4308 
3 153 3535 3540 
3 13167 7196 7134 
3 13262 10477 12325 
3 13265 10495 10507 
3 6640 7127 7032 
3 4880 4311 3998 
3 4115 4881 4510 
3 11354 4870 4759 
3 5173 5357 5437 
3 4782 4962 4776 
3 6923 1646 4838 
3 4792 4217 4708 
3 4409 4709 4215 
3 4409 4221 4614 
3 4517 4318 4613 
3 4714 5081 4986 
3 10178 5387 5378 
3 5499 2389 5514 
3 13232 13235 12849 
3 8471 8473 8189 
3 11162 13540 7089 
3 3098 2577 2677 
3 4835 3006 3013 
3 4224 4712 4518 
3 6946 5586 5566 
3 617 743 621 
3 12178 10712 13100 
3 4227 4518 4415 
3 2531 11767 9395 
3 3644 3736 4049 
3 1648 1250 5668 
3 1250 1648 3443 
3 12466 10398 13007 
3 1648 5668 1476 
3 4227 4415 4521 
3 5378 10312 6412 
3 4718 4320 4619 
3 10197 7083 6412 
3 4323 4806 4235 
3 494 2815 493 
3 56 6269 13677 
3 13722 8728 10743 
3 4684 13844 7659 
3 493 13498 13528 
3 7514 9466 8469 
3 493 13528 494 
3 6412 10312 10303 
3 3491 3891 3789 
3 11814 5800 9833 
3 10167 5304 10150 
3 4325 4527 4327 
3 4131 4424 4622 
3 13958 3413 13960 
3 6725 12682 4710 
3 2772 2681 2678 
3 4331 4813 4533 
3 4533 4724 4425 
3 4810 4330 4536 
3 4240 4241 4427 
3 4627 4535 4431 
3 4539 4429 4538 
3 3814 946 954 
3 4430 4541 4633 
3 4727 4730 4141 
3 1173 5871 7023 
3 4634 4730 4914 
3 4437 4023 4432 
3 1983 2444 2326 
3 4827 4443 4545 
3 4684 4649 13715 
3 13212 1186 12298 
3 2843 532 3894 
3 9063 9398 12604 
3 5167 5248 5076 
3 951 12807 6292 
3 4737 4547 4551 
3 4274 5459 5431 
3 4551 4644 4737 
3 770 1078 5668 
3 1078 1476 5668 
3 4446 4450 4552 
3 4963 5229 5322 
3 12516 13426 1273 
3 10856 6414 10866 
3 11468 12373 2395 
3 4342 4444 4548 
3 4650 4657 4451 
3 4554 4353 4461 
3 4548 4832 4553 
3 4646 4560 4556 
3 13299 10545 13311 
3 5610 10410 770 
3 4556 4449 4553 
3 4564 4454 4926 
3 4448 4346 4353 
3 74 66 10713 
3 4347 4451 4657 
3 4926 4454 4563 
3 5889 3091 10549 
3 6544 6526 373 
3 11694 13607 9674 
3 13666 9243 4508 
3 4569 4652 4461 
3 4568 4350 4567 
3 4653 4568 4567 
3 4553 4646 4556 
3 4656 4742 4042 
3 4350 4355 4567 
3 5224 10107 5213 
3 4355 4350 4255 
3 4588 4586 4382 
3 2992 2987 2986 
3 13178 13405 13455 
3 4569 4662 4660 
3 13419 13416 13024 
3 4464 4662 4569 
3 4463 4744 4570 
3 977 2200 13293 
3 4664 4464 4466 
3 10077 5567 4603 
3 10251 11220 2660 
3 4764 5133 4943 
3 5888 5883 6157 
3 11324 11590 11549 
3 13863 275 13329 
3 4663 4930 4661 
3 3458 2312 5799 
3 13086 12543 13640 
3 11483 9432 7368 
3 4665 4365 4575 
3 5371 5011 4916 
3 7557 7303 7187 
3 6766 6797 6953 
3 5995 5050 6016 
3 11521 12244 13168 
3 4066 4472 4580 
3 3149 3271 3580 
3 634 12244 11521 
3 3517 1262 1232 
3 4268 4582 4475 
3 4935 4840 4754 
3 1225 1318 1274 
3 10410 324 789 
3 4581 4372 4066 
3 12523 474 9934 
3 4277 4278 4758 
3 4278 4585 4758 
3 4378 4584 4585 
3 4586 4477 4379 
3 4475 4582 4476 
3 4382 4586 4379 
3 124 7883 3999 
3 4762 4481 4485 
3 4281 4480 4589 
3 4190 13504 7646 
3 6447 4629 12593 
3 4676 4588 4482 
3 4588 4382 4383 
3 4040 3929 4031 
3 5444 8998 4060 
3 4283 4284 4481 
3 4851 4589 4480 
3 4484 4591 4765 
3 4289 4677 4485 
3 8609 10713 66 
3 1089 2805 6778 
3 4388 4771 4490 
3 4388 4491 4771 
3 13468 13435 2452 
3 1127 8605 5998 
3 4738 10833 4752 
3 4765 4769 4484 
3 4863 4489 4774 
3 4770 4390 4387 
3 4599 4390 4770 
3 12593 4629 8586 
3 4682 4491 4492 
3 4686 4298 4598 
3 4387 4954 4770 
3 13256 11912 9950 
3 4874 5061 4784 
3 4598 4681 4686 
3 11202 11234 10866 
3 5589 5583 5831 
3 12957 3739 10504 
3 2722 3033 2806 
3 10364 4345 6635 
3 13420 13209 4014 
3 4392 4297 4601 
3 4601 4776 4392 
3 4086 3878 4297 
3 4496 4393 4691 
3 4565 3516 3534 
3 5974 11944 2550 
3 4400 4499 4698 
3 11074 11286 11073 
3 4496 4400 4305 
3 4872 4498 4509 
3 2699 3708 67 
3 4101 4692 4882 
3 4101 4882 4704 
3 11259 10280 11242 
3 3998 4505 4878 
3 2845 6994 4933 
3 4750 11141 4593 
3 5239 5158 4874 
3 4215 4699 4309 
3 2171 8922 8924 
3 1635 616 3465 
3 13239 8922 2171 
3 3352 8162 12725 
3 4611 4408 4703 
3 188 13465 199 
3 4707 4881 4312 
3 4607 4224 4310 
3 4510 5066 4786 
3 9992 9934 8449 
3 10465 10461 11378 
3 13521 813 3101 
3 12916 7576 11034 
3 4613 4515 4985 
3 4708 4412 4612 
3 3741 3541 4172 
3 4318 4218 4613 
3 4612 4412 4713 
3 4011 4609 4796 
3 3628 3832 4156 
3 2852 3191 3080 
3 4518 4012 4224 
3 4895 4319 4897 
3 12942 8922 13239 
3 5600 5492 5718 
3 4518 5169 4415 
3 3330 4452 7967 
3 1209 2514 2503 
3 4231 4011 4796 
3 4897 4319 4523 
3 7971 7969 7728 
3 9188 8542 8395 
3 4238 4620 4623 
3 13420 13027 13209 
3 4521 4415 4618 
3 12934 2099 13139 
3 11804 11625 10303 
3 3968 4075 4383 
3 4620 4321 4520 
3 12160 12323 11368 
3 6445 8292 9313 
3 12409 12942 12303 
3 8998 4502 3394 
3 8997 8508 1551 
3 4422 4622 4723 
3 11017 13816 10044 
3 12409 12303 3806 
3 9850 680 3416 
3 4531 4237 4808 
3 4622 4424 4427 
3 3416 286 9850 
3 4017 4429 4526 
3 4808 4813 4531 
3 13876 12306 13698 
3 12501 13446 3119 
3 4813 4724 4533 
3 4626 4724 4908 
3 5728 5982 5725 
3 13078 13073 13077 
3 4911 5098 5102 
3 277 2273 3246 
3 4535 4627 4725 
3 11644 12409 3806 
3 11888 13759 7158 
3 4431 4822 4432 
3 4821 4429 4539 
3 4735 4541 4436 
3 9637 11596 3440 
3 3659 3440 11596 
3 5009 4544 5189 
3 4638 4826 4337 
3 4636 4735 4436 
3 2145 4540 8047 
3 5123 2834 11420 
3 2748 2229 9251 
3 4734 4545 4634 
3 4917 4638 4546 
3 6484 9920 2797 
3 8519 12009 8561 
3 3753 4067 4372 
3 4641 4443 4827 
3 4737 4636 4547 
3 4617 4520 4229 
3 12840 13798 11929 
3 2508 9513 10538 
3 4081 3363 3971 
3 5675 5665 10079 
3 10574 6125 7946 
3 4832 4548 4828 
3 147 9886 4893 
3 4554 4645 4551 
3 4744 4657 4650 
3 9599 13507 3315 
3 5550 5549 5282 
3 8491 10568 12500 
3 4294 4292 3979 
3 4648 4560 4646 
3 7265 8245 8250 
3 4648 4557 4560 
3 5012 4648 4646 
3 7023 8665 10743 
3 4652 4645 4554 
3 12577 8623 9726 
3 4562 4926 4563 
3 4656 4042 4564 
3 5448 4488 7237 
3 4615 4411 4413 
3 4660 4652 4569 
3 4836 4567 4355 
3 8933 12716 11900 
3 11220 10228 1804 
3 4836 4355 4360 
3 4836 4743 4567 
3 4662 4663 4661 
3 4664 4663 4662 
3 4054 4665 4931 
3 4662 4464 4664 
3 2200 977 9507 
3 10731 6713 9770 
3 287 4513 12399 
3 11840 549 147 
3 6712 8648 6447 
3 3786 3491 3789 
3 9523 2258 5433 
3 3455 3560 3857 
3 12438 10617 13387 
3 4371 4754 4369 
3 4840 4369 4754 
3 13387 10617 9608 
3 4767 7864 1217 
3 588 1767 9083 
3 4476 4754 4371 
3 4750 4829 7222 
3 3033 3362 3569 
3 4922 4552 4833 
3 3033 3569 3462 
3 10858 10399 11272 
3 12047 8169 9120 
3 10398 12466 11909 
3 300 3046 8977 
3 10568 8491 10572 
3 12599 944 8536 
3 7725 5792 11799 
3 6642 6528 3211 
3 4068 1693 8595 
3 10576 1297 6984 
3 5389 5398 3280 
3 6164 12467 11739 
3 7766 12003 12929 
3 4853 4765 4591 
3 4482 4590 4676 
3 1693 5274 8595 
3 4482 4588 4383 
3 5985 6259 5859 
3 5578 5707 6112 
3 4676 4590 4768 
3 8745 6796 12729 
3 4289 4592 4677 
3 2288 12426 8142 
3 4856 4768 4590 
3 3517 1232 3466 
3 12363 1262 3517 
3 11181 13043 11207 
3 9324 9878 10982 
3 2017 1874 2111 
3 4832 4646 4553 
3 5266 2080 3179 
3 4682 4771 4491 
3 13840 7685 11050 
3 12038 9127 12965 
3 4773 4682 4492 
3 4298 4686 4495 
3 4211 4097 4109 
3 4492 4501 4688 
3 4390 4391 4198 
3 2682 2694 5072 
3 3585 3375 3777 
3 4696 4867 5150 
3 4928 3894 3901 
3 4496 4691 4499 
3 4499 4691 4871 
3 2948 3383 3388 
3 4695 4503 4696 
3 3757 3755 11779 
3 3394 4893 9185 
3 5730 5496 5418 
3 7409 3769 6535 
3 4979 10924 12748 
3 11889 11893 12291 
3 4500 4209 4510 
3 4403 4784 4501 
3 4786 4971 4500 
3 13767 5757 13773 
3 5056 4868 4968 
3 4874 4403 4699 
3 5589 5486 5482 
3 6272 7998 6270 
3 4831 8456 5097 
3 1314 120 13343 
3 6668 8344 12701 
3 13933 12998 12091 
3 4792 4708 4888 
3 4982 4881 4707 
3 4224 4607 4712 
3 8344 3303 12701 
3 228 211 2592 
3 4515 5076 4985 
3 7508 9968 3920 
3 4711 4409 4614 
3 2808 2841 5692 
3 7154 7384 6919 
3 4714 4614 4615 
3 4711 4709 4409 
3 8703 5316 6689 
3 4616 4713 4414 
3 12988 11131 10181 
3 4615 4413 4800 
3 4713 4616 4801 
3 4798 4713 4801 
3 2808 3926 2841 
3 2704 3237 3131 
3 4988 4801 4616 
3 4719 5085 4897 
3 4082 4390 3766 
3 4403 4874 4784 
3 10588 6952 1257 
3 4520 4617 4802 
3 4801 4988 5083 
3 11715 13641 11735 
3 4719 4523 4807 
3 1596 1663 1862 
3 4802 4620 4520 
3 4806 4988 4524 
3 4521 4725 4627 
3 4422 4805 4323 
3 8878 4793 12405 
3 4419 4526 4817 
3 4723 4805 4422 
3 10696 10921 10917 
3 4423 4808 4237 
3 4809 4427 4626 
3 4815 4809 4626 
3 4809 4622 4427 
3 5731 1770 589 
3 2664 13216 11823 
3 4526 4429 4817 
3 4419 4807 4523 
3 3710 5581 6574 
3 5020 5374 5201 
3 1153 7482 7558 
3 4911 4730 4727 
3 4817 4429 4909 
3 4822 4431 4535 
3 4069 3857 4377 
3 4915 4633 4541 
3 12235 11852 12845 
3 3928 7819 13921 
3 5672 5380 5286 
3 12874 10005 7634 
3 4827 4545 4734 
3 5281 5009 5189 
3 4828 4444 4639 
3 75 12547 11028 
3 4285 4195 4077 
3 2975 11028 12547 
3 2605 8674 2664 
3 4641 4925 4650 
3 4444 4828 4548 
3 2773 3100 2579 
3 3707 6452 8389 
3 6343 6021 7843 
3 12038 10139 9127 
3 4834 4645 4652 
3 5899 5643 5263 
3 7670 7069 2084 
3 12619 13562 9742 
3 10549 9507 11477 
3 4654 5112 4568 
3 4833 4552 4648 
3 5016 4656 4564 
3 3257 775 11318 
3 4652 4661 4834 
3 4652 4660 4661 
3 4657 4744 4463 
3 108 76 107 
3 4360 4929 4836 
3 4645 4834 4644 
3 4054 4931 4929 
3 3697 4103 3782 
3 7053 6665 6180 
3 9507 977 2355 
3 212 13675 12510 
3 4573 4571 5024 
3 7066 3788 112 
3 9448 8329 8358 
3 11616 9439 7069 
3 3707 8389 3749 
3 4570 5023 4472 
3 1264 1172 1375 
3 4581 4844 4272 
3 12014 10121 12021 
3 8398 4316 5992 
3 13615 12622 7711 
3 6059 5550 5666 
3 4060 8998 8581 
3 4476 4582 4847 
3 5781 5451 5452 
3 4845 4582 4268 
3 8398 8749 4316 
3 2109 7069 9439 
3 7880 12906 11970 
3 4224 4012 4116 
3 12944 13882 12009 
3 6181 6335 6802 
3 3800 4907 3788 
3 4847 4754 4476 
3 4942 4586 4760 
3 4763 4280 4587 
3 4348 3367 4375 
3 10211 6211 4178 
3 4850 4674 4481 
3 3719 4022 4242 
3 4246 2085 9747 
3 4944 5129 4853 
3 4851 5136 4589 
3 12009 9089 12014 
3 3397 3422 3404 
3 6473 5166 9381 
3 12270 12296 13032 
3 8053 5992 3922 
3 12935 12003 1769 
3 2839 13032 12296 
3 3648 2627 6745 
3 4769 4765 4852 
3 7743 1071 2293 
3 5310 5133 5397 
3 10497 6454 8356 
3 7481 12244 10350 
3 4681 4490 4857 
3 4852 4955 4769 
3 4957 4856 4680 
3 4464 4262 4466 
3 1270 7697 10596 
3 10680 11322 11310 
3 2325 3483 10576 
3 6013 10077 4603 
3 11980 13835 13840 
3 10220 13054 9923 
3 13795 1741 7011 
3 4962 5330 5227 
3 3730 3833 3635 
3 5893 674 402 
3 3394 4502 7 
3 553 13478 11576 
3 8594 3112 3108 
3 11810 10287 10286 
3 4492 4688 4773 
3 4544 4542 5189 
3 4219 4515 4218 
3 4867 4696 4495 
3 12322 1477 10452 
3 2192 12742 149 
3 10666 13966 11267 
3 4691 4868 4871 
3 13015 11166 12120 
3 324 9941 10419 
3 6990 10500 4060 
3 5150 4695 4696 
3 8513 8923 8357 
3 5059 4695 5150 
3 7066 140 3800 
3 4872 4509 4975 
3 3247 5692 12061 
3 12922 8346 12916 
3 4111 4110 4007 
3 4975 4509 4789 
3 4692 4494 4866 
3 10323 13980 1147 
3 10453 201 1396 
3 12984 11789 12982 
3 13018 13021 11166 
3 2853 2565 2662 
3 8198 3931 3922 
3 12378 11782 12585 
3 4404 4792 4789 
3 4881 5066 4510 
3 4709 4699 4215 
3 764 5185 1994 
3 4609 4704 5247 
3 4709 4885 4699 
3 12906 13835 11974 
3 8637 8644 8636 
3 5604 5609 5234 
3 6990 3873 1843 
3 4982 4707 4895 
3 4218 4515 4613 
3 5937 3740 86 
3 13341 6371 3367 
3 11974 11035 12906 
3 4612 4713 4798 
3 4380 12130 13999 
3 4711 4614 4714 
3 12093 10323 12130 
3 3740 4825 86 
3 4228 4523 4122 
3 9495 13933 10173 
3 6371 4375 3367 
3 5085 4719 4807 
3 5257 4718 4619 
3 4322 4796 4898 
3 5408 4203 537 
3 5135 5478 5132 
3 4900 4620 4802 
3 13562 4953 10744 
3 4618 4725 4521 
3 12613 8267 12329 
3 12429 11641 11643 
3 4236 4526 4419 
3 10042 11023 11004 
3 11004 11023 12878 
3 886 1128 1492 
3 4809 4723 4622 
3 4319 3897 4122 
3 4327 4902 4423 
3 4814 4813 4808 
3 4724 4813 4814 
3 4724 4814 4908 
3 4808 4423 4906 
3 7503 4339 4349 
3 13256 9950 6255 
3 12614 3099 12572 
3 4623 4818 4630 
3 5005 4429 4821 
3 11976 2502 3623 
3 5493 4356 4354 
3 5183 4536 4633 
3 4725 4820 4535 
3 3795 8198 1369 
3 12295 12195 12683 
3 4725 5002 4820 
3 4607 4790 5073 
3 4822 4824 4432 
3 11242 2748 9251 
3 4432 4542 4437 
3 4542 4432 4824 
3 4914 4916 4634 
3 11432 1843 7802 
3 4544 5009 4639 
3 3812 4141 4022 
3 10513 6454 10497 
3 5902 5917 10247 
3 4916 4914 5102 
3 8097 6763 4689 
3 4826 4638 4917 
3 5009 5010 4639 
3 5010 4919 4828 
3 7450 5667 13937 
3 7390 13937 5667 
3 12862 1201 2727 
3 10949 13543 5444 
3 6923 3813 1646 
3 3956 10098 10059 
3 4141 4630 4727 
3 11976 7450 9959 
3 4916 5011 4734 
3 7420 1747 12572 
3 4641 4650 4445 
3 12700 12300 2360 
3 9243 9219 2911 
3 4833 4648 5012 
3 6263 6573 6129 
3 4644 5201 4924 
3 4488 8111 7237 
3 5016 4564 4926 
3 7802 7921 11859 
3 13704 11825 10872 
3 8674 11509 8641 
3 6796 8745 4745 
3 5998 8605 8573 
3 7573 3420 3693 
3 4742 5115 4571 
3 1277 1248 79 
3 6855 2731 10132 
3 3553 3795 1369 
3 5023 4936 4472 
3 7233 5439 4486 
3 4845 4368 4573 
3 4665 4575 4937 
3 4582 5125 4847 
3 4845 5125 4582 
3 4847 4935 4754 
3 7069 2109 2084 
3 11194 10986 10770 
3 1971 13944 13428 
3 4758 5035 4587 
3 6602 6280 6754 
3 4763 4587 4947 
3 4587 5035 4947 
3 4587 4277 4758 
3 4943 4942 4760 
3 4943 5033 4942 
3 4449 4556 4166 
3 4588 4764 4760 
3 13659 11788 11798 
3 4854 4677 5135 
3 6287 10316 6269 
3 3892 4111 4007 
3 4674 4944 4591 
3 5709 11811 10453 
3 4944 4853 4591 
3 4586 4588 4760 
3 983 11616 7069 
3 4485 4948 4762 
3 3803 12160 2899 
3 4774 4769 4955 
3 9275 1352 7046 
3 9937 7096 13759 
3 4771 4959 5313 
3 5199 4921 4924 
3 9560 1093 9594 
3 4590 4680 4856 
3 4959 4771 4682 
3 5353 10596 7697 
3 4959 4682 4860 
3 4387 4589 4954 
3 4360 4355 3836 
3 12929 12924 7751 
3 12548 11620 11603 
3 4682 4773 4860 
3 5225 4959 4860 
3 4864 4774 4955 
3 4863 4774 4864 
3 3920 9968 13419 
3 4060 7921 6990 
3 5140 4958 4776 
3 4866 4770 5046 
3 5321 5140 4962 
3 4883 5064 4789 
3 4863 4968 4687 
3 4001 2452 13273 
3 4775 4957 4680 
3 5923 6189 6504 
3 4867 4495 4686 
3 4867 4686 5049 
3 10120 2131 8045 
3 5052 4692 4866 
3 5500 4692 5052 
3 4872 4967 4498 
3 4776 4962 5140 
3 3413 7338 13960 
3 5058 5327 4781 
3 5056 4871 4868 
3 4687 4968 4868 
3 2745 3800 140 
3 4781 4501 4784 
3 4698 4871 4877 
3 4972 4877 4871 
3 4695 5059 4878 
3 4877 4702 4698 
3 7989 4100 12154 
3 4975 4789 5064 
3 5059 4977 4878 
3 4878 4980 4880 
3 4505 4695 4878 
3 11144 13001 2353 
3 4789 4792 4883 
3 4704 4882 5247 
3 4699 5067 4874 
3 3851 4268 4064 
3 3511 11564 3650 
3 295 270 200 
3 2764 12270 13032 
3 5164 4888 4612 
3 4709 4711 4885 
3 5247 4796 4609 
3 7046 11462 6951 
3 155 176 2217 
3 4611 4891 5076 
3 6906 6951 11462 
3 1843 10087 6990 
3 5074 4613 4896 
3 4613 4985 4896 
3 5073 5254 4712 
3 4817 4905 4419 
3 716 580 523 
3 49 27 2644 
3 11267 12172 10666 
3 6906 11462 6837 
3 10998 7707 7558 
3 5133 4768 5042 
3 5254 5169 4712 
3 5170 4895 4897 
3 5080 4802 4617 
3 4415 5169 5175 
3 4718 4800 4413 
3 4800 5081 4714 
3 8295 9334 9300 
3 13570 4839 3869 
3 8795 176 155 
3 9300 8254 8295 
3 6424 6801 6792 
3 5257 4619 5264 
3 4899 4806 4805 
3 4798 4801 5083 
3 6792 6801 7563 
3 3801 4127 3906 
3 10059 3577 9992 
3 5861 6821 370 
3 4905 4807 4419 
3 9175 1265 6408 
3 4997 4620 4900 
3 9275 9301 1352 
3 6211 10292 4243 
3 4997 4623 4620 
3 9742 13562 10744 
3 4723 5179 4805 
3 7108 13762 13757 
3 13757 13762 12814 
3 4999 4908 4814 
3 4908 4815 4626 
3 4822 5103 4824 
3 4995 4423 4994 
3 4826 4917 5191 
3 5183 4810 4536 
3 2745 140 4998 
3 4630 4818 4727 
3 4992 5177 5093 
3 4429 5005 4909 
3 4633 4536 4430 
3 4820 5096 5184 
3 5368 4822 4820 
3 5099 4633 4915 
3 4356 4363 7608 
3 4917 4922 5191 
3 4824 5189 4542 
3 4734 4634 4916 
3 12180 6207 8096 
3 352 12746 4273 
3 13018 13015 2471 
3 11149 8096 11299 
3 4734 5011 4827 
3 458 847 5233 
3 5850 10772 13581 
3 5104 4919 5010 
3 5010 4828 4639 
3 4915 4541 4735 
3 11276 1947 1798 
3 5054 4206 5053 
3 4681 5222 4686 
3 4273 11825 352 
3 5012 4919 5107 
3 5504 5866 6286 
3 5738 5501 5862 
3 7629 7358 12691 
3 4922 4917 4546 
3 11276 1798 1681 
3 4919 5108 5107 
3 12021 12025 2007 
3 11929 13798 9975 
3 10575 2574 10535 
3 7802 3693 11432 
3 388 2727 5873 
3 4170 4560 4557 
3 4926 5112 5287 
3 2132 3943 8619 
3 11821 347 6563 
3 4656 5016 5115 
3 5021 4653 4743 
3 4653 4567 4743 
3 4162 4347 4167 
3 5022 4654 4653 
3 5118 4743 4836 
3 12840 11929 10970 
3 4929 5118 4836 
3 11010 9025 9030 
3 9025 5399 5402 
3 5402 9030 9025 
3 1604 6789 11202 
3 12632 9779 10757 
3 5023 4570 4744 
3 5024 5027 4573 
3 4930 4840 4935 
3 4930 4935 5026 
3 4601 4095 4497 
3 4472 4936 4580 
3 8018 8227 8311 
3 1604 11202 10866 
3 4936 5297 4844 
3 4936 4844 4581 
3 5935 3960 1812 
3 2374 2028 2294 
3 5297 4936 5023 
3 1280 1604 10866 
3 9110 12938 12022 
3 5125 4935 4847 
3 13316 11293 13319 
3 4940 4941 5209 
3 5032 5031 4584 
3 4477 4942 4584 
3 3338 2697 3116 
3 4763 4947 4851 
3 4943 4760 4764 
3 4940 4758 4585 
3 13629 5619 5624 
3 5396 5039 5131 
3 3679 13941 3750 
3 4204 3991 3774 
3 10718 11679 12596 
3 10201 8340 9795 
3 5039 4852 5131 
3 4853 5129 5131 
3 4854 5132 4948 
3 12547 75 3062 
3 63 4816 49 
3 13043 11181 13973 
3 4816 27 49 
3 1308 11722 1803 
3 5141 5041 4954 
3 4387 4281 4589 
3 9701 11666 9682 
3 13818 6763 2463 
3 3864 3758 4280 
3 10142 10164 4102 
3 12368 13159 3392 
3 558 407 468 
3 10734 7037 6414 
3 4957 4775 4963 
3 5147 4864 4961 
3 6951 9275 7046 
3 5146 4866 5046 
3 13630 11769 11757 
3 10903 7046 11473 
3 4650 4925 5014 
3 4866 4599 4770 
3 4773 4688 5327 
3 6098 10058 13959 
3 4864 5051 4863 
3 10706 9451 8935 
3 4866 5146 5052 
3 4866 4394 4599 
3 4776 4497 4782 
3 12862 12774 10908 
3 4967 4963 4775 
3 5500 4882 4692 
3 5229 4963 4967 
3 4871 5056 4972 
3 5151 4863 5051 
3 3483 9957 8337 
3 4971 4782 4500 
3 857 900 759 
3 2949 2948 3388 
3 12796 9931 9925 
3 6456 1681 6539 
3 4786 5060 4971 
3 7946 13959 12075 
3 4877 4790 4702 
3 9301 5301 1352 
3 6370 8227 5957 
3 5066 5060 4786 
3 5451 5194 5452 
3 6424 2805 2513 
3 5066 4982 5162 
3 6057 7989 860 
3 4880 4980 5069 
3 10910 11095 10673 
3 5067 4699 4885 
3 13635 5733 10823 
3 4883 4792 4888 
3 4982 4895 4984 
3 6128 12467 10812 
3 13590 13378 13174 
3 5164 4612 5165 
3 4896 4985 5248 
3 12467 6128 11739 
3 5079 5074 5430 
3 5233 2051 458 
3 4711 4714 4986 
3 4984 4895 5170 
3 5168 5343 5165 
3 4730 4911 4914 
3 5358 5179 4815 
3 5081 4800 5257 
3 5085 5170 4897 
3 5080 5440 4802 
3 5138 5141 4954 
3 10788 11067 11739 
3 4231 4796 4322 
3 13808 1629 1640 
3 4899 4988 4806 
3 12093 12130 4380 
3 4802 5440 4900 
3 6080 2003 12098 
3 4900 5532 4997 
3 4325 4898 5088 
3 6635 11735 13641 
3 4898 4325 4322 
3 5175 4618 4415 
3 4902 4527 5088 
3 4899 5173 4988 
3 5088 5259 4902 
3 724 792 5765 
3 5614 5735 5738 
3 5178 4906 4995 
3 8198 3899 1369 
3 956 3899 8198 
3 1176 1172 1077 
3 4906 4423 4995 
3 4818 4623 4997 
3 4805 5179 5268 
3 4454 4158 4563 
3 4037 7133 9303 
3 4902 4994 4423 
3 5480 551 11543 
3 4800 4718 5257 
3 4911 4727 5001 
3 6005 5751 6461 
3 4727 4818 5001 
3 13475 9663 9664 
3 5183 4633 5099 
3 5002 4992 5093 
3 1089 2513 2805 
3 5002 4725 4992 
3 818 7895 13944 
3 2513 1089 12974 
3 4015 2983 2410 
3 9744 7812 12612 
3 7002 9831 11769 
3 11394 10783 11203 
3 5850 10788 10772 
3 5189 4824 5188 
3 3858 13495 1677 
3 3501 993 4029 
3 5368 5103 4822 
3 5101 4826 5191 
3 5371 4916 5102 
3 3886 4313 4220 
3 12741 7985 10510 
3 4973 11822 7812 
3 4735 4636 5282 
3 5011 5198 4827 
3 4919 5012 4646 
3 4922 5105 5191 
3 2884 3553 13824 
3 4636 4921 5282 
3 3986 1819 3089 
3 4922 4833 5107 
3 4485 4286 4289 
3 4833 5012 5107 
3 4925 4641 5198 
3 5493 8897 4356 
3 11897 2513 2423 
3 3219 10588 2262 
3 10149 6118 12136 
3 11596 13475 4858 
3 7829 12735 10802 
3 5291 4744 5014 
3 11897 13698 12306 
3 13698 11897 5055 
3 12974 2423 2513 
3 11750 2423 12974 
3 5288 5016 4926 
3 347 11821 6448 
3 10098 10107 5224 
3 3136 258 11530 
3 4654 5203 5112 
3 5023 4744 5291 
3 5021 5022 4653 
3 5203 4654 5022 
3 12635 10744 4953 
3 5114 5112 5203 
3 5026 5020 4930 
3 9135 11224 11594 
3 3142 8239 12285 
3 4232 2899 12823 
3 13570 9779 12632 
3 5297 5023 5291 
3 4934 4931 4937 
3 4968 5151 5056 
3 5531 10953 5536 
3 10953 5531 8913 
3 992 6414 7225 
3 6092 4606 4628 
3 6175 5646 5777 
3 10059 5224 4668 
3 4573 5027 4845 
3 192 11805 13662 
3 4568 4351 4350 
3 3907 9968 9970 
3 2581 9745 4205 
3 5209 4941 5031 
3 12632 11699 4839 
3 9327 9069 8808 
3 5175 5177 4992 
3 5032 4942 5033 
3 5277 5187 5098 
3 13653 12727 10849 
3 5207 5125 4845 
3 4585 4941 4940 
3 4944 4850 5128 
3 4764 4676 5133 
3 10093 12930 8117 
3 6486 10628 6281 
3 4850 4762 5036 
3 5131 4852 4853 
3 13642 6092 1853 
3 10979 11187 11592 
3 5020 5201 4930 
3 6177 11898 7795 
3 12009 12930 10093 
3 4954 4589 5138 
3 7096 7196 13759 
3 10628 736 6281 
3 5039 5045 4955 
3 4679 4958 4952 
3 5309 5131 5129 
3 5221 4952 4958 
3 9728 10718 12619 
3 8751 12616 10716 
3 13907 625 13106 
3 13653 10849 7003 
3 4959 5225 5317 
3 8633 1099 4418 
3 2869 3163 7270 
3 1214 792 6539 
3 4954 5041 4770 
3 5051 5147 5413 
3 5323 4860 5230 
3 13620 7860 12697 
3 10823 11774 13635 
3 10823 10804 10821 
3 1899 740 7133 
3 4857 5222 4681 
3 2027 6057 12079 
3 9718 1239 1235 
3 9275 6951 9276 
3 4967 4872 5334 
3 5324 4967 5334 
3 4872 4975 5334 
3 7561 9587 2893 
3 5327 5230 4773 
3 4781 4784 5058 
3 5061 5058 4784 
3 10492 13504 4190 
3 928 11389 11608 
3 5236 5154 5061 
3 5624 5619 5647 
3 4202 9046 9472 
3 4977 4980 4878 
3 9445 9395 11767 
3 5245 4703 5069 
3 11648 3587 596 
3 5070 4790 4877 
3 5067 4885 5339 
3 10689 4194 11665 
3 736 6456 6377 
3 4881 4982 5066 
3 4883 4888 5164 
3 10734 1265 7037 
3 4885 4889 5339 
3 4611 4703 4891 
3 348 422 329 
3 5067 5239 4874 
3 8776 8251 8769 
3 4985 5076 5248 
3 5073 5070 4983 
3 5073 4983 5254 
3 4798 5083 5168 
3 10505 1945 9452 
3 5168 5165 4612 
3 7337 2991 2979 
3 4391 4599 4394 
3 1776 7515 7508 
3 5077 4889 4986 
3 4194 10689 11642 
3 4986 5253 5077 
3 4986 4889 4711 
3 5249 4898 4796 
3 8142 12426 8052 
3 13511 9678 11645 
3 5081 5257 5526 
3 4617 4517 5080 
3 12211 6256 6227 
3 12365 11468 2395 
3 833 12056 5601 
3 5173 5083 4988 
3 6895 13034 13969 
3 12805 1341 8058 
3 4899 4805 5089 
3 5765 5922 5837 
3 5268 5089 4805 
3 4900 5440 5532 
3 6837 6789 6906 
3 369 392 394 
3 5922 5765 792 
3 6013 8863 10112 
3 6895 9864 1901 
3 5178 4995 5263 
3 5177 5269 5093 
3 5258 5177 5175 
3 5178 4814 4906 
3 1265 10734 6408 
3 5092 4818 4997 
3 3022 2607 5116 
3 5524 5761 6161 
3 5173 5437 5352 
3 5000 4817 4909 
3 5096 5002 5275 
3 11202 6789 6837 
3 6654 6167 6651 
3 5364 5000 5095 
3 5098 4911 5001 
3 5096 4820 5002 
3 5001 4818 5094 
3 5184 5368 4820 
3 4308 4211 4109 
3 5102 5098 5187 
3 5101 5194 5367 
3 5103 5188 4824 
3 1947 11276 6860 
3 7390 9834 12966 
3 4921 4636 4737 
3 7923 7932 6448 
3 5104 5010 5281 
3 4109 3892 4113 
3 3749 3890 4749 
3 5372 5371 5785 
3 5199 5282 4921 
3 518 1476 1078 
3 4922 4546 4552 
3 4180 7309 3157 
3 1209 13350 505 
3 4771 5313 4490 
3 5788 7190 6204 
3 5710 5837 609 
3 5286 5014 4925 
3 6060 5666 6061 
3 5288 4926 5287 
3 13471 12531 10658 
3 13810 6789 1604 
3 6170 6171 5645 
3 6035 6170 5645 
3 792 6377 6539 
3 1452 1276 1512 
3 5020 5026 5126 
3 5014 4744 4650 
3 5299 4929 4934 
3 5118 5021 4743 
3 4929 4931 4934 
3 11603 11620 12511 
3 849 10120 8045 
3 5336 5508 5513 
3 3439 3461 3458 
3 992 10866 6414 
3 4845 5027 5207 
3 5617 5837 5710 
3 5302 5126 5125 
3 9866 13675 9862 
3 4935 5125 5126 
3 5032 5033 5305 
3 11504 13334 2736 
3 12275 11395 9436 
3 4943 5310 5033 
3 4942 5032 4584 
3 6246 5813 6095 
3 5128 4850 5036 
3 7616 8264 7381 
3 5583 5035 5394 
3 5132 5036 4948 
3 3898 4120 3794 
3 2453 2999 7556 
3 4850 4944 4674 
3 4765 4853 4852 
3 718 1899 4037 
3 7795 10699 6177 
3 11144 8330 13938 
3 2157 1537 13658 
3 9295 7261 11351 
3 11564 10651 12515 
3 3443 5068 1250 
3 5185 764 7203 
3 10628 6456 736 
3 5313 4959 5317 
3 5486 5138 5482 
3 3267 6918 6928 
3 12077 12263 13070 
3 3432 428 180 
3 5617 5710 3432 
3 446 344 409 
3 2819 2935 3272 
3 5049 5491 4867 
3 3432 5710 428 
3 4640 9076 7078 
3 5629 5765 5617 
3 4770 5041 5046 
3 4963 5322 4957 
3 5227 5321 4962 
3 10416 12298 12282 
3 2924 13744 13309 
3 8058 11030 1319 
3 4680 4075 4197 
3 4775 4498 4967 
3 5230 4860 4773 
3 5862 5858 6280 
3 13527 13542 11670 
3 4968 4863 5151 
3 5148 4867 5491 
3 4264 4267 4466 
3 11888 10933 8947 
3 12470 13446 12501 
3 5051 4864 5147 
3 5415 5324 5334 
3 832 4161 3112 
3 5554 2038 7927 
3 5056 5151 4972 
3 10660 6875 9663 
3 5154 5058 5061 
3 5234 4977 5059 
3 2659 1489 6381 
3 10614 10648 3440 
3 13446 12470 12493 
3 6795 6481 6471 
3 4517 5074 5080 
3 5000 4905 4817 
3 5158 5236 5061 
3 5330 4971 5332 
3 5240 4877 4972 
3 12256 9385 11325 
3 5070 4877 5240 
3 4517 4613 5074 
3 11259 2854 10280 
3 10804 13611 11738 
3 5823 5706 6235 
3 4984 5425 4982 
3 4889 5077 5345 
3 5426 4889 5345 
3 13831 13874 7473 
3 5430 5074 5075 
3 789 770 10410 
3 4891 5167 5076 
3 4983 5070 5342 
3 5253 5345 5077 
3 5173 4899 5357 
3 12470 13413 12457 
3 5254 5350 5169 
3 5898 6370 5957 
3 11544 12470 12457 
3 5482 5136 4851 
3 9395 9019 2531 
3 13395 12485 12438 
3 5393 11652 13572 
3 12155 12758 12355 
3 5175 5169 5350 
3 5088 5172 5441 
3 13532 13531 4862 
3 8096 6207 8082 
3 5176 5085 4905 
3 3907 13877 13416 
3 5357 4899 5089 
3 5355 5526 5257 
3 5259 4994 4902 
3 5642 5264 5533 
3 6008 6009 5874 
3 5085 4807 4905 
3 11633 8709 13508 
3 5771 5268 5179 
3 4609 4000 4704 
3 5256 5204 8165 
3 5267 4815 4908 
3 5358 5771 5179 
3 4815 5179 4809 
3 4997 5270 5092 
3 4999 4814 5180 
3 4909 5095 5000 
3 5269 5361 5093 
3 12598 11625 11804 
3 2280 2476 3080 
3 5273 4810 5183 
3 10601 11544 12424 
3 5092 5094 4818 
3 5273 4619 4810 
3 13270 11395 12275 
3 5098 5001 5094 
3 10601 12425 9581 
3 11804 5421 13546 
3 5278 5371 5102 
3 5275 5361 5913 
3 12424 3129 12425 
3 6014 6160 6019 
3 7668 13009 12401 
3 5191 5194 5101 
3 5102 5187 5278 
3 5182 5094 5092 
3 1770 5731 1797 
3 9882 5217 6173 
3 7817 9915 11928 
3 5194 5191 5105 
3 4915 4735 5282 
3 5194 5105 5108 
3 11599 5512 5529 
3 5011 5372 5198 
3 3146 13328 13538 
3 5203 5022 5295 
3 13347 4651 7679 
3 5281 5010 5009 
3 3728 3332 3626 
3 1648 1476 6864 
3 10840 7679 4651 
3 6038 5534 6034 
3 5193 5452 5108 
3 3259 2038 5554 
3 5379 5287 5112 
3 9595 12407 11511 
3 9495 8259 2278 
3 3649 8629 9209 
3 5020 5126 5290 
3 3546 11368 10450 
3 5118 4929 5299 
3 4544 4437 4542 
3 11928 1750 13823 
3 5297 5291 5380 
3 5302 5290 5126 
3 13316 8440 11293 
3 13897 13496 13895 
3 5945 6089 5808 
3 4937 5303 4934 
3 5337 5351 4078 
3 5507 1978 6882 
3 5297 5303 4844 
3 4756 4683 8649 
3 5031 5032 5391 
3 5305 5391 5032 
3 5306 5034 5388 
3 5387 5256 8165 
3 4471 5204 5109 
3 489 518 1078 
3 1709 6539 1681 
3 5033 5310 5305 
3 1449 11984 12195 
3 5309 5129 5306 
3 5128 5036 5308 
3 13829 1832 13813 
3 5128 5034 4944 
3 4947 5035 5583 
3 489 1078 804 
3 10651 12531 12515 
3 1724 1723 10491 
3 5482 4851 4947 
3 5309 5396 5131 
3 12204 2239 8131 
3 12485 12501 12511 
3 5923 5672 6189 
3 13009 9526 2508 
3 4676 4768 5133 
3 804 1078 789 
3 718 4037 4036 
3 4952 5481 5135 
3 5488 5716 5315 
3 5021 5295 5022 
3 5321 5490 5221 
3 5485 5144 5045 
3 5489 5313 5317 
3 11699 11670 4748 
3 5221 5140 5321 
3 13803 8561 1818 
3 5046 5041 5318 
3 5141 5318 5041 
3 7313 9258 7366 
3 3267 6928 5566 
3 5594 5222 5315 
3 5317 5225 5595 
3 5482 5138 5136 
3 4457 10046 8072 
3 283 249 278 
3 6273 4180 3125 
3 5610 894 5568 
3 1182 2536 4442 
3 9849 5918 13646 
3 5147 4961 5226 
3 5497 5052 5146 
3 5231 5147 5226 
3 5231 5413 5147 
3 6243 6723 6406 
3 10736 12667 97 
3 5059 5150 5148 
3 5500 5052 5497 
3 9564 11956 8337 
3 4864 5045 4961 
3 8552 10545 13299 
3 5059 5148 5234 
3 11092 1202 9802 
3 5161 5332 5060 
3 5148 5495 5234 
3 8807 4062 4079 
3 10802 12735 2802 
3 5508 4972 5333 
3 5069 4980 5504 
3 5504 4980 4977 
3 5240 4972 5508 
3 5241 5161 5162 
3 5066 5161 5060 
3 5073 4790 5070 
3 5164 5341 4883 
3 5338 5067 5339 
3 4891 4703 5245 
3 5161 5066 5162 
3 4882 5420 5247 
3 2200 11438 13293 
3 5074 4896 5075 
3 4896 5248 5075 
3 13601 13597 13594 
3 8779 1851 9813 
3 4544 4639 4444 
3 9270 13094 11243 
3 3394 512 4893 
3 5247 5249 4796 
3 5690 5932 6088 
3 4184 4069 4377 
3 5175 5350 5258 
3 5701 5212 5473 
3 4998 1558 5013 
3 6764 4710 10802 
3 12708 5378 5387 
3 5421 12708 13283 
3 12340 1676 10483 
3 5262 5176 4905 
3 10505 11433 1945 
3 13358 2769 9581 
3 5992 8908 3922 
3 4997 5532 5270 
3 5356 5269 5177 
3 12275 10480 1657 
3 5356 5177 5258 
3 10312 5421 10303 
3 6119 5972 5479 
3 518 489 549 
3 5866 5997 6282 
3 13389 12438 13387 
3 8926 1947 1969 
3 5898 5957 609 
3 4814 5178 5180 
3 5533 4619 5273 
3 5267 4908 4999 
3 13773 3811 7738 
3 3606 8833 5742 
3 5270 5540 5092 
3 11387 9452 13263 
3 3162 9219 13636 
3 12425 10601 12424 
3 5182 5542 5094 
3 518 549 11840 
3 2774 12364 13524 
3 5094 5542 5098 
3 5366 5184 5096 
3 12336 11387 13263 
3 894 1250 4328 
3 4612 4888 4708 
3 13349 9055 4014 
3 5367 5194 5451 
3 11590 9311 11549 
3 12708 10312 5378 
3 4994 5263 4995 
3 5368 5188 5103 
3 5188 5280 5189 
3 6918 3267 5536 
3 4616 4414 4524 
3 10303 5421 11804 
3 1214 5922 792 
3 13823 1745 13819 
3 10167 10229 5304 
3 5454 5188 5368 
3 5456 5284 5372 
3 5011 5371 5372 
3 3703 3708 4859 
3 5457 4925 5198 
3 5457 5198 5284 
3 12324 9434 1676 
3 804 789 324 
3 3911 1558 10561 
3 3538 3332 3728 
3 5800 11814 9821 
3 5374 5020 5375 
3 5199 5374 5551 
3 13956 3829 3623 
3 5020 5290 5375 
3 5014 5380 5291 
3 9595 11511 5930 
3 5294 5021 5118 
3 10941 12171 13843 
3 5114 5203 5383 
3 5383 5462 5114 
3 3710 6574 13410 
3 441 361 405 
3 5114 5791 5379 
3 5467 5295 6068 
3 5294 6068 5295 
3 4519 6574 3436 
3 8674 1738 2664 
3 13594 13979 5546 
3 12558 12164 12557 
3 5203 5295 5383 
3 5016 5024 5115 
3 5076 4515 4611 
3 5118 5680 5294 
3 10459 13544 13504 
3 5207 5464 5384 
3 13219 12308 13225 
3 518 12293 1476 
3 5969 5713 6234 
3 1757 1755 1835 
3 8179 8183 9177 
3 3708 3703 2663 
3 10545 11479 13311 
3 5209 5031 5390 
3 8286 7283 7247 
3 5584 5396 5309 
3 5571 5470 5306 
3 5212 5036 5132 
3 196 6319 724 
3 5308 5036 5212 
3 5478 5212 5132 
3 4943 5133 5310 
3 5212 5478 5473 
3 5672 5923 5924 
3 5568 11892 680 
3 1893 7888 3009 
3 8192 11131 12988 
3 1028 1076 1117 
3 7642 7656 8582 
3 5397 5133 5483 
3 1920 7155 9288 
3 5485 5045 5039 
3 4952 5221 5481 
3 4335 13929 4385 
3 5488 5315 4857 
3 770 894 5610 
3 2030 2205 2025 
3 5225 5404 5595 
3 13808 5659 9662 
3 5322 5498 5494 
3 13773 11833 13767 
3 5568 3952 11892 
3 5323 5404 5225 
3 5324 5322 5229 
3 5406 5323 5230 
3 5409 5226 5401 
3 13324 4508 9243 
3 5154 5407 5327 
3 5332 4971 5060 
3 13863 4442 275 
3 10756 3209 13879 
3 5334 5157 5419 
3 5151 5333 4972 
3 6236 11966 10714 
3 6839 286 2640 
3 6236 11143 11966 
3 5157 5064 5509 
3 6243 6406 5831 
3 5332 5161 5418 
3 5239 5236 5158 
3 5335 5236 5239 
3 5338 5335 5239 
3 3534 133 142 
3 9203 13170 7159 
3 10749 10075 10525 
3 3580 3993 3472 
3 5338 5239 5067 
3 5509 5419 5157 
3 5241 5418 5161 
3 6406 7106 6989 
3 4335 4385 13863 
3 4870 10504 13462 
3 6060 6502 6059 
3 7065 3434 2228 
3 5188 5454 5280 
3 5162 5511 5241 
3 5162 4982 5425 
3 5241 5506 5418 
3 5425 5511 5162 
3 13676 13929 4335 
3 1541 13360 7368 
3 6607 6610 4061 
3 5428 4891 5245 
3 5247 5420 5340 
3 5909 6485 6487 
3 5426 5424 5339 
3 5352 5343 5168 
3 3113 3229 2784 
3 2911 9219 13569 
3 10840 10870 6834 
3 4335 13863 13480 
3 13256 1646 2603 
3 5430 5075 5518 
3 5075 5248 5432 
3 5248 5521 5432 
3 5430 5344 5079 
3 5216 9271 8946 
3 12098 10155 6080 
3 4844 4937 4272 
3 5253 5081 5347 
3 5254 5251 5350 
3 6160 6154 6464 
3 5083 5173 5352 
3 5347 5081 5526 
3 5628 5350 5251 
3 5253 5435 5345 
3 5251 5254 4983 
3 12351 11425 13270 
3 5172 4898 5249 
3 5259 5441 5637 
3 9235 10492 4190 
3 4280 4763 4480 
3 5525 5641 5438 
3 5637 5638 5259 
3 5638 4994 5259 
3 8652 12537 8641 
3 9694 4759 10591 
3 5181 5262 4905 
3 4838 7943 12109 
3 609 702 428 
3 13155 10367 8371 
3 5775 5270 5650 
3 5269 5356 5265 
3 5265 5356 5443 
3 4619 5533 5264 
3 5447 5269 5265 
3 5657 5000 5364 
3 13524 13585 13569 
3 12406 13332 9235 
3 5275 5366 5096 
3 5276 5099 5914 
3 5543 5277 5542 
3 2826 11767 6801 
3 8148 2930 7843 
3 6044 5276 5914 
3 5099 4915 5549 
3 5278 5187 5277 
3 2756 2842 2657 
3 5339 5616 5338 
3 4830 9661 13927 
3 5483 5133 5042 
3 927 2106 2140 
3 5785 5786 5372 
3 4897 4523 4719 
3 4678 13499 6752 
3 4706 9517 5581 
3 8385 13462 10644 
3 10350 634 11295 
3 5286 5457 5789 
3 4925 5457 5286 
3 2363 2370 2344 
3 5375 5460 5374 
3 5379 5556 5287 
3 5556 5288 5287 
3 9200 9923 12135 
3 9338 8375 5719 
3 5080 5438 5440 
3 4247 12609 8231 
3 5079 5438 5080 
3 12424 11544 12457 
3 4357 13470 5109 
3 4539 4826 4821 
3 5112 5114 5379 
3 5281 5193 5104 
3 5490 5321 5405 
3 5384 5290 5302 
3 9718 1235 10951 
3 10267 6986 9909 
3 8590 2508 9526 
3 13543 4502 8998 
3 5467 5383 5295 
3 9055 13349 13435 
3 5384 5302 5207 
3 5385 5118 5299 
3 8165 5204 13509 
3 6181 5779 6335 
3 1209 2503 7336 
3 5463 5674 5464 
3 9642 9289 9444 
3 2166 9298 1819 
3 8866 7795 11898 
3 5034 5575 5388 
3 13686 13461 12875 
3 5031 5471 5390 
3 5031 5391 5471 
3 5394 5209 5832 
3 3046 11255 3094 
3 5470 5570 5468 
3 5391 5305 5578 
3 5306 5470 5309 
3 12408 4519 4508 
3 4490 5313 4857 
3 3902 4933 4939 
3 5204 4471 13509 
3 5474 5310 5475 
3 5706 5473 5478 
3 5310 5397 5475 
3 13405 13178 2198 
3 10461 8486 11374 
3 7819 7026 1741 
3 5027 5024 5464 
3 5488 4857 5313 
3 8015 8158 7901 
3 5481 5478 5135 
3 5479 5485 5396 
3 5485 5039 5396 
3 12934 13139 13377 
3 4665 4937 4931 
3 820 3257 12712 
3 1881 10164 1878 
3 8148 7843 10886 
3 5489 5488 5313 
3 4513 1080 4370 
3 5972 5401 5485 
3 10186 10500 6990 
3 6489 5912 5654 
3 4519 13666 4508 
3 5588 5221 5490 
3 13679 13670 13255 
3 2536 5271 4442 
3 2955 11599 7504 
3 512 147 4893 
3 13385 4593 11141 
3 8601 9364 9508 
3 5318 5599 5046 
3 5602 5046 5599 
3 11700 2347 3512 
3 7851 3693 3420 
3 5405 5321 5227 
3 11363 10268 11568 
3 10545 8552 8577 
3 4592 4291 4679 
3 5323 5406 5404 
3 12282 10407 10416 
3 5495 5148 5491 
3 6107 3964 3973 
3 5409 5401 5858 
3 8214 11166 13021 
3 5497 5146 5727 
3 1996 10041 5174 
3 5600 5491 5492 
3 12178 13100 9272 
3 11750 13638 8649 
3 5409 5501 5231 
3 3922 956 8198 
3 5332 5418 5496 
3 5151 5051 5502 
3 5501 5503 5231 
3 5231 5503 5413 
3 5495 5604 5234 
3 3922 8908 956 
3 5417 4882 5500 
3 5415 5334 5419 
3 5502 5413 5735 
3 3176 3303 8344 
3 7273 13903 12042 
3 5151 5502 5333 
3 5501 5738 5503 
3 3451 3139 3252 
3 5336 5513 5427 
3 3396 13955 9371 
3 13236 12649 12643 
3 5420 4882 5417 
3 5070 5240 5336 
3 4062 4036 5122 
3 4726 2915 2908 
3 5866 5504 5609 
3 5509 5341 5745 
3 12525 5538 5472 
3 5609 5504 4977 
3 12101 10181 11144 
3 6373 6534 6222 
3 4447 7383 2607 
3 5425 5891 5620 
3 5341 5164 5746 
3 9347 5106 13848 
3 10886 2790 10203 
3 4030 7148 5116 
3 5342 5336 5427 
3 5339 4889 5426 
3 5623 5342 5427 
3 5746 5165 5343 
3 5426 5345 5885 
3 5430 5518 5515 
3 9733 9723 3711 
3 5085 5176 5170 
3 5518 5075 5432 
3 8508 1529 1551 
3 5428 5626 4891 
3 4318 3796 3896 
3 11481 715 11594 
3 5345 5435 5885 
3 5836 6417 6737 
3 5248 5167 5521 
3 5746 5164 5165 
3 13624 1839 5865 
3 2132 8619 10702 
3 5636 4984 5170 
3 5352 5524 5343 
3 9834 9799 12966 
3 13807 11692 1641 
3 5352 5168 5083 
3 3001 6690 461 
3 5437 5524 5352 
3 5344 5430 5516 
3 1966 1961 3074 
3 5642 5635 5355 
3 3536 13580 4420 
3 5172 5249 5633 
3 5526 5355 5631 
3 9674 11692 11694 
3 12067 11840 7270 
3 10107 10150 5213 
3 5525 5344 5625 
3 9890 1843 11432 
3 9243 13666 9219 
3 10087 1843 9890 
3 5258 5628 5527 
3 10684 10681 11642 
3 5636 5170 5176 
3 10735 12979 6984 
3 5527 5356 5258 
3 13263 1576 12336 
3 5355 5264 5642 
3 12840 10970 11926 
3 5771 5357 5268 
3 11625 13534 5304 
3 5771 5645 5357 
3 5356 5527 5443 
3 5652 5358 5267 
3 461 1748 3001 
3 11348 11347 10516 
3 5180 5534 5537 
3 4815 5267 5358 
3 5446 5447 5265 
3 781 788 3346 
3 5913 5361 5447 
3 5273 5183 5539 
3 5182 5540 5542 
3 5539 5183 5276 
3 5366 5660 5547 
3 13525 3465 13550 
3 5914 5099 5549 
3 964 934 12393 
3 5541 5095 5367 
3 1262 12363 13164 
3 7843 2930 2975 
3 5547 5368 5184 
3 6052 5368 5547 
3 11316 11143 11792 
3 10938 5160 12205 
3 5374 5460 5551 
3 5662 5452 5193 
3 5664 5280 5454 
3 5664 5281 5280 
3 5664 5662 5281 
3 5108 5452 5194 
3 4710 6710 6725 
3 5785 5371 5278 
3 9120 13910 12047 
3 185 2217 176 
3 5550 5282 5551 
3 5278 5277 5782 
3 10575 4793 4938 
3 5452 5662 5548 
3 7208 4459 4435 
3 4890 11124 10571 
3 13175 1460 3370 
3 3894 13795 3901 
3 5460 5375 5376 
3 5014 5286 5380 
3 6871 6004 6859 
3 5603 6276 6751 
3 5384 5376 5290 
3 1827 13913 7142 
3 5791 5557 5379 
3 5270 5532 5650 
3 5344 5438 5079 
3 8809 8810 8549 
3 11181 5563 9909 
3 13150 3483 8337 
3 256 260 334 
3 6170 6035 6652 
3 5024 5463 5464 
3 4852 5039 4955 
3 2834 3911 10561 
3 5385 5680 5118 
3 3632 13758 3657 
3 5381 5297 5380 
3 12116 13015 12120 
3 5571 5388 5575 
3 5832 5209 5390 
3 5390 5471 5827 
3 5471 5391 5578 
3 1297 3483 13150 
3 11823 10398 11909 
3 8466 10456 8384 
3 9823 4357 9861 
3 5394 5035 4940 
3 5299 4934 5386 
3 7967 4452 6946 
3 5464 5674 5384 
3 5394 5832 5583 
3 5474 5578 5305 
3 5832 5390 5827 
3 5618 11688 9620 
3 5580 5704 5397 
3 8337 11956 13144 
3 2786 849 4637 
3 3980 1816 5015 
3 8320 2428 4398 
3 5474 5305 5310 
3 12322 10452 8483 
3 12613 3814 954 
3 5580 5483 5587 
3 5484 5483 5042 
3 8924 13253 2171 
3 1931 1933 8190 
3 5198 5372 5284 
3 5049 5143 5491 
3 8989 5665 2107 
3 5470 5468 5309 
3 5486 5978 5141 
3 4712 5169 4518 
3 5489 5317 5715 
3 5318 5593 5599 
3 5318 5141 5593 
3 12934 13314 2099 
3 855 11956 12701 
3 11001 9893 9895 
3 5405 5597 5490 
3 9196 12116 12120 
3 6456 6539 6377 
3 12701 11850 855 
3 5602 5146 5046 
3 13848 5106 3211 
3 2452 4001 13468 
3 1637 1756 1830 
3 5727 5146 5602 
3 5501 5409 5862 
3 3303 11850 12701 
3 5603 5405 5227 
3 5603 5227 5496 
3 10281 13144 11956 
3 3952 12007 11892 
3 13100 6986 10267 
3 3363 4081 3675 
3 358 295 293 
3 5735 5413 5503 
3 3820 3553 1369 
3 2916 13048 822 
3 5234 5609 4977 
3 13 7851 3420 
3 5502 5735 5505 
3 5505 5508 5333 
3 5333 5502 5505 
3 13553 13143 13344 
3 4549 12066 9127 
3 4015 5054 11375 
3 3205 715 11481 
3 12091 12998 10199 
3 4712 4607 5073 
3 3420 5106 9347 
3 5419 5509 5615 
3 5424 5616 5339 
3 3136 11530 3176 
3 5335 5338 5613 
3 5613 5612 5335 
3 5341 5509 5064 
3 7182 3218 5195 
3 5241 5511 6145 
3 3434 7065 7067 
3 5314 439 6690 
3 3205 11481 3184 
3 5736 5340 5420 
3 1681 1798 1709 
3 13933 10179 10173 
3 5424 5751 5616 
3 5511 5425 5620 
3 4507 3444 5579 
3 5368 6052 5454 
3 5340 5750 5887 
3 5730 5418 5506 
3 5426 5885 5751 
3 5251 5342 5623 
3 3009 7888 1913 
3 6742 6858 6985 
3 7622 8537 12351 
3 7623 7154 7156 
3 10121 8152 12025 
3 5515 5518 5878 
3 5247 5887 5249 
3 5340 5887 5247 
3 5342 5251 4983 
3 7257 6913 7130 
3 5432 5521 5520 
3 5167 5626 5521 
3 5887 5633 5249 
3 9599 5546 3584 
3 307 209 11261 
3 4251 4261 4257 
3 5626 5167 4891 
3 5347 5526 6027 
3 9190 2226 185 
3 6028 5761 5437 
3 5437 5761 5524 
3 5525 5438 5344 
3 5631 5355 5635 
3 11679 12804 12596 
3 9134 10230 3588 
3 11750 12974 13638 
3 5438 5641 5440 
3 5264 5355 5257 
3 5319 13848 9021 
3 6380 6230 6533 
3 5532 5440 5641 
3 5262 5646 5636 
3 11325 10367 13171 
3 8162 3304 3205 
3 4906 4814 4808 
3 5534 5263 5643 
3 5357 5645 5437 
3 5530 10818 8820 
3 3420 9347 13 
3 5446 5443 5769 
3 5178 5263 5534 
3 5178 5534 5180 
3 9247 12047 2156 
3 868 5243 3152 
3 5361 5269 5447 
3 5267 4999 5537 
3 5652 5267 5537 
3 5648 5358 5652 
3 9946 12814 13762 
3 5263 4994 5899 
3 5446 5265 5443 
3 6174 5533 5773 
3 13683 13861 13257 
3 5773 5533 5774 
3 5654 5540 5270 
3 5277 5098 5542 
3 3742 12894 388 
3 5657 5364 5541 
3 5539 5276 6044 
3 5450 5541 5367 
3 5366 5547 5184 
3 2975 2930 11028 
3 12308 12336 13225 
3 5780 5450 5367 
3 5543 5782 5277 
3 2916 7929 13059 
3 6356 6358 6076 
3 5451 5781 5780 
3 6658 6329 6483 
3 6048 5780 6337 
3 5782 5785 5278 
3 5663 5664 5454 
3 788 7983 6980 
3 12256 11325 13171 
3 3986 3089 1837 
3 13468 9055 13435 
3 4562 4568 5112 
3 10134 12038 12960 
3 5666 5551 5460 
3 5491 5600 5495 
3 5456 5457 5284 
3 13316 4666 8440 
3 6413 10134 8152 
3 5376 5790 5460 
3 5557 5556 5379 
3 6065 5677 5924 
3 10214 4188 50 
3 9439 11616 7142 
3 7142 13913 9439 
3 5452 5548 5781 
3 3933 1090 2093 
3 6230 6232 6226 
3 4485 4677 4948 
3 12042 13903 9083 
3 5674 6063 5384 
3 4854 4948 4677 
3 6065 5794 5299 
3 5303 5677 5386 
3 5299 5794 5385 
3 12697 10812 12467 
3 5925 5383 5467 
3 5297 5381 5303 
3 5294 5926 6068 
3 3177 3203 6832 
3 5560 5565 5561 
3 5565 5562 5561 
3 5693 5565 5560 
3 5565 5569 5562 
3 5696 5569 5693 
3 5693 5569 5565 
3 5556 5463 5288 
3 12974 1089 13824 
3 6102 5570 5571 
3 4034 3333 3729 
3 7979 9946 12815 
3 12938 9110 10104 
3 6148 5870 5868 
3 8003 7558 7482 
3 5571 5575 5700 
3 5397 5483 5580 
3 13014 12116 11177 
3 5829 5397 5704 
3 3014 3010 1748 
3 927 2140 3356 
3 779 4106 10041 
3 6285 4161 4173 
3 5551 5282 5199 
3 6112 5827 5578 
3 5580 5582 5699 
3 7358 7629 2173 
3 12935 9078 12003 
3 5072 7673 11749 
3 9769 9967 10420 
3 5580 5819 5704 
3 1270 13981 2095 
3 10093 9089 12009 
3 5481 5966 5478 
3 4575 4059 4272 
3 5483 5484 5587 
3 5972 5485 5479 
3 7349 7346 6402 
3 5488 5489 5713 
3 5588 5490 5849 
3 1477 12324 12246 
3 171 2744 187 
3 5716 5969 5848 
3 5494 5484 5322 
3 5718 5492 5594 
3 6264 6730 6727 
3 10323 13978 13980 
3 5404 5406 5595 
3 1996 5174 10789 
3 5141 5138 5486 
3 5599 5593 5853 
3 6124 5849 5597 
3 12108 11177 10199 
3 5851 5723 5718 
3 5406 5407 5725 
3 5604 5600 5723 
3 2288 8142 9426 
3 4385 13929 1182 
3 5759 5766 5527 
3 5859 5498 5607 
3 5862 5409 5858 
3 382 447 496 
3 7254 3952 4328 
3 8938 6219 12785 
3 9744 12612 9732 
3 5416 5728 5407 
3 5500 5497 5606 
3 13037 3706 9241 
3 6903 11316 11792 
3 5417 5500 5606 
3 3205 3304 715 
3 4918 4910 2829 
3 813 820 1999 
3 5324 5498 5322 
3 4535 4820 4822 
3 5416 5612 5991 
3 10666 12172 10580 
3 5505 5735 5614 
3 5755 13691 7658 
3 5420 5417 5736 
3 5421 13283 13546 
3 421 503 420 
3 5366 5275 5913 
3 5614 5513 5508 
3 5613 5338 5616 
3 1798 13859 1709 
3 5745 5341 5746 
3 837 6057 860 
3 5745 5615 5509 
3 6005 5616 5751 
3 2218 5400 2195 
3 6010 5511 5620 
3 7404 2059 1072 
3 5748 6012 5427 
3 5736 5750 5340 
3 486 461 13157 
3 4337 4546 4638 
3 6012 5886 5427 
3 3101 1966 3074 
3 7880 11970 10044 
3 4182 3020 500 
3 239 10308 243 
3 13575 9021 6528 
3 8682 11620 12548 
3 5425 4984 5891 
3 6791 6788 6316 
3 1508 7565 13822 
3 5628 5251 5623 
3 3453 13965 13374 
3 5518 5432 5884 
3 5626 5520 5521 
3 5762 5885 5435 
3 13816 11017 11003 
3 11897 2423 11517 
3 5628 5759 5527 
3 5762 5435 5347 
3 5632 5635 5763 
3 8499 7514 6521 
3 9834 2417 9799 
3 2423 11750 11517 
3 8757 9425 9013 
3 5126 5026 4935 
3 5635 5632 5631 
3 2095 12123 11496 
3 5636 5646 6030 
3 5172 5633 5637 
3 5850 13581 1478 
3 10998 11004 12878 
3 12415 9735 6689 
3 5650 5532 5641 
3 5641 5903 5650 
3 12030 12631 12031 
3 13794 7487 1552 
3 2855 1623 298 
3 8013 4530 4529 
3 5433 2258 2417 
3 1906 519 5434 
3 5642 5533 5904 
3 5651 5652 5537 
3 5761 6311 6161 
3 5537 5534 5651 
3 5358 5648 5771 
3 5645 5771 6035 
3 10005 9003 7634 
3 10981 10998 7558 
3 5777 5646 5181 
3 5912 5540 5654 
3 5446 5769 5447 
3 5542 5540 5912 
3 6332 5660 5913 
3 497 4710 13502 
3 5537 4999 5180 
3 5095 5541 5364 
3 1305 1611 8247 
3 8152 10134 12025 
3 5916 5662 5664 
3 5548 5662 5916 
3 5454 6052 5663 
3 5550 5551 5666 
3 13972 3547 5480 
3 341 6565 335 
3 4732 4745 8728 
3 6828 5487 4336 
3 5672 5381 5380 
3 5092 5540 5182 
3 9272 13100 10267 
3 9301 12008 5301 
3 9523 5301 12008 
3 9350 7306 7301 
3 4986 5081 5253 
3 4930 4663 4840 
3 5386 5677 6065 
3 5299 5386 6065 
3 11021 5293 3992 
3 4127 3801 4231 
3 2893 2920 2889 
3 6581 11182 11437 
3 5795 5680 5385 
3 8340 10201 8440 
3 5560 5561 5796 
3 5796 5561 5683 
3 6733 6518 3121 
3 5682 5687 5560 
3 6156 5828 4647 
3 5561 5808 5683 
3 4641 4827 5198 
3 5944 5805 6094 
3 5964 5949 5562 
3 5690 5695 5687 
3 5687 5695 5693 
3 5810 5805 5807 
3 5694 5562 5949 
3 5695 5696 5693 
3 5827 6244 5830 
3 5695 5955 5696 
3 5955 5695 5813 
3 4839 11699 4748 
3 4948 5036 4762 
3 5562 5569 5705 
3 5470 5571 5570 
3 6102 5571 5700 
3 8340 8313 9795 
3 5960 5696 5955 
3 5705 5964 5562 
3 5696 5835 5705 
3 5701 6231 5821 
3 11004 11010 10042 
3 5820 5700 5575 
3 4046 2920 2893 
3 5471 5578 5827 
3 11620 10636 12511 
3 5030 5050 5995 
3 9795 8313 9472 
3 5696 5705 5569 
3 8820 5260 5530 
3 3009 5117 6150 
3 6256 11952 2650 
3 6553 6262 6252 
3 7255 3334 5272 
3 8323 1183 12015 
3 5474 5475 5708 
3 5705 5835 5836 
3 5829 5475 5397 
3 5072 2694 7673 
3 8323 12015 8235 
3 662 456 618 
3 8218 11166 8214 
3 5583 5832 5831 
3 5580 5587 5582 
3 13755 6237 12796 
3 5484 5042 5322 
3 11543 3519 5477 
3 196 5522 5864 
3 9829 9421 10719 
3 494 13528 13559 
3 5587 5484 5970 
3 5976 5486 5589 
3 1008 3699 3854 
3 5922 1305 5837 
3 13955 11424 9383 
3 6259 5970 5494 
3 5478 5966 5706 
3 5898 5837 1305 
3 5315 5716 5594 
3 5488 5713 5716 
3 10619 13878 350 
3 5715 6232 5839 
3 9990 9983 9982 
3 12930 8519 9066 
3 9931 12796 6237 
3 5401 5972 5852 
3 2551 2461 2182 
3 13883 13474 13708 
3 13854 6906 6789 
3 5849 5490 5597 
3 9221 9225 9893 
3 5716 5718 5594 
3 3820 13638 13824 
3 4438 1267 1309 
3 5401 5852 5858 
3 12211 6227 2204 
3 6763 8097 4715 
3 5494 5859 6259 
3 694 655 604 
3 13753 6204 7190 
3 5407 5728 5725 
3 12067 12293 518 
3 954 6331 8267 
3 6328 8267 6331 
3 4414 3898 3804 
3 6415 5983 5852 
3 13743 8938 12785 
3 7081 8938 13743 
3 5725 5982 5720 
3 6283 6132 6140 
3 13575 6528 2531 
3 5444 13543 8998 
3 6136 5606 5727 
3 13568 13951 1408 
3 5607 5415 5419 
3 5737 5862 6001 
3 6161 5888 5524 
3 13729 9908 12775 
3 5419 5615 6284 
3 5216 3288 1227 
3 12091 10179 13933 
3 9905 9908 13729 
3 9383 9371 13955 
3 6953 1888 11211 
3 5508 5505 5614 
3 6286 6011 5504 
3 7292 9326 9343 
3 5615 5745 5741 
3 6145 5511 6010 
3 8041 8124 1896 
3 8687 9636 13469 
3 7584 7342 7331 
3 5746 6157 5745 
3 5427 5513 5748 
3 9343 7301 7292 
3 5875 5516 5876 
3 3804 3898 3802 
3 6147 5515 5878 
3 6154 6160 6014 
3 5427 5886 5623 
3 5625 5516 5875 
3 6162 5625 5875 
3 6015 5881 5884 
3 5524 5888 5343 
3 7985 3930 8421 
3 10899 6239 8908 
3 5428 5879 5626 
3 5432 5520 5884 
3 9959 7450 12057 
3 13695 13694 10864 
3 5623 5886 5758 
3 5759 5886 5890 
3 6029 5525 5625 
3 583 817 631 
3 9019 13575 2531 
3 3125 2016 10789 
3 5625 5344 5516 
3 3589 3697 3380 
3 11574 2035 830 
3 5725 5720 5406 
3 5628 5623 5758 
3 5904 5767 5642 
3 5347 6027 5762 
3 10266 10258 1644 
3 3518 7423 7418 
3 7357 13961 1541 
3 6027 5526 5895 
3 5526 5631 5895 
3 7438 4700 6599 
3 1232 1262 13164 
3 5593 5978 6126 
3 12066 9142 12071 
3 5763 5767 5896 
3 5758 5759 5628 
3 5767 5763 5635 
3 5632 5763 5894 
3 312 9326 5307 
3 5172 5637 5441 
3 5633 5897 5637 
3 5766 5443 5527 
3 6031 5638 5897 
3 6031 5899 5638 
3 5791 5114 5462 
3 1709 8514 1611 
3 3264 6062 6922 
3 5437 5645 6028 
3 11044 10284 10706 
3 661 705 662 
3 6174 5904 5533 
3 5772 5650 5903 
3 6191 6346 6061 
3 6171 6028 5645 
3 6038 5651 5534 
3 5652 6321 5770 
3 5770 5771 5648 
3 5648 5652 5770 
3 9821 3779 5800 
3 5769 5909 5447 
3 5657 5541 5778 
3 648 560 687 
3 5913 5447 5909 
3 12998 13933 9704 
3 5774 5539 5910 
3 5910 5539 6044 
3 5657 5778 5777 
3 5777 5181 5657 
3 6152 10714 10949 
3 7479 6987 2744 
3 3511 5017 2012 
3 5575 5034 5128 
3 428 702 499 
3 6981 6842 6718 
3 5778 5541 5450 
3 1709 1611 1305 
3 5548 6056 5781 
3 5779 5782 5543 
3 3649 11313 3574 
3 5781 6053 6337 
3 5786 6500 5919 
3 8491 6562 6564 
3 2035 11574 3152 
3 5372 5786 5456 
3 1128 6179 1492 
3 2271 11817 12963 
3 11840 147 512 
3 5921 6187 6189 
3 11757 11769 9831 
3 4886 3316 1029 
3 7791 8030 7790 
3 6864 7904 1648 
3 5921 6186 6187 
3 12727 13662 8858 
3 11916 12827 11926 
3 5463 5556 5674 
3 5376 5384 5790 
3 1305 8247 6370 
3 5462 5793 5791 
3 5677 5303 5381 
3 5795 5926 5680 
3 10970 9964 11926 
3 5779 5542 5912 
3 5794 5795 5385 
3 5925 5462 5383 
3 12325 3803 13262 
3 1111 975 1112 
3 12377 109 2495 
3 4928 4923 2843 
3 6484 5567 9920 
3 5683 5803 5797 
3 1214 1709 1305 
3 5898 1305 6370 
3 11769 13653 7002 
3 5806 5938 5933 
3 6077 5932 5682 
3 7795 569 6039 
3 3194 3306 2761 
3 5932 5687 5682 
3 5797 5796 5683 
3 6859 9636 8687 
3 5938 5805 5802 
3 5802 5805 5940 
3 4554 4461 4652 
3 5683 5808 5803 
3 5849 6557 5967 
3 5806 5807 5938 
3 5690 5687 5932 
3 12500 6644 8503 
3 13532 11651 13531 
3 5806 5809 5807 
3 5957 8227 8018 
3 5811 6094 5805 
3 5807 5805 5938 
3 6281 7891 6486 
3 5807 5809 5810 
3 5808 5561 5562 
3 5810 5811 5805 
3 5694 5945 5808 
3 10804 10823 5733 
3 12293 6864 1476 
3 5176 5262 5636 
3 8018 702 5957 
3 5809 6101 5810 
3 5811 5948 6094 
3 5947 5949 6106 
3 4930 4834 4661 
3 9828 7856 8820 
3 5810 5956 5811 
3 5956 5948 5811 
3 5949 5947 5694 
3 6101 5956 5810 
3 5690 5813 5695 
3 12457 13398 12424 
3 11912 11916 9950 
3 11867 7190 6696 
3 8919 7811 10040 
3 7795 6039 10699 
3 5570 6102 6228 
3 6896 6621 6289 
3 5570 6233 5468 
3 5699 5819 5580 
3 4065 8421 3930 
3 5900 11965 3572 
3 5494 5498 5859 
3 1680 1738 8674 
3 8802 10772 10788 
3 13358 13229 2769 
3 13899 6951 12928 
3 5220 5232 12958 
3 9395 9216 9019 
3 3266 292 2310 
3 5823 5473 5706 
3 5830 5832 5827 
3 11898 6177 1341 
3 5707 5474 5708 
3 5414 10344 981 
3 13611 5469 11738 
3 6469 6318 6653 
3 5960 6123 5696 
3 13603 7834 8804 
3 119 44 85 
3 9426 2231 9617 
3 6109 6112 5707 
3 7877 8548 7874 
3 5105 5107 5108 
3 62 5629 5617 
3 6123 5835 5696 
3 9804 9779 5260 
3 5966 6242 5706 
3 9628 8660 12516 
3 454 8584 2690 
3 6339 6663 7054 
3 1767 8020 9083 
3 5970 5963 5587 
3 7169 6257 10963 
3 5220 5219 7215 
3 3797 2053 7523 
3 5715 5839 5489 
3 13629 11766 5559 
3 8047 4506 2145 
3 12935 12936 7240 
3 4328 1250 5068 
3 7425 12293 12067 
3 5595 5979 5715 
3 5851 5718 5848 
3 13207 11284 5216 
3 7388 7389 7275 
3 810 888 748 
3 10899 12822 12175 
3 5406 5720 5595 
3 12501 12485 13413 
3 6238 6122 6261 
3 5723 5851 5986 
3 5983 5858 5852 
3 5602 5853 5988 
3 5718 5723 5600 
3 1256 1156 1158 
3 5986 5994 5723 
3 4070 5137 761 
3 894 4328 3952 
3 5988 5727 5602 
3 6137 5985 5859 
3 9439 13913 2109 
3 6137 5859 5607 
3 3947 4169 3844 
3 5988 6136 5727 
3 737 13 13914 
3 5604 5723 5994 
3 9350 7315 7306 
3 5416 5991 5728 
3 9241 3706 8275 
3 6001 5862 6280 
3 13162 1422 13365 
3 9742 9728 12619 
3 6284 5607 5419 
3 3416 11892 7232 
3 2991 9284 2979 
3 6472 2855 3942 
3 10899 4593 13385 
3 6140 5991 5612 
3 5496 5227 5330 
3 10625 3511 2012 
3 3117 3004 3232 
3 3416 4402 286 
3 5613 6005 6002 
3 5997 5866 5609 
3 3232 3336 3117 
3 6005 5613 5616 
3 1180 1179 5195 
3 12084 12996 9043 
3 8041 5920 8124 
3 10714 13543 10949 
3 13804 2127 5337 
3 10714 11966 13543 
3 5874 5875 5876 
3 6008 5874 5876 
3 11699 8759 11670 
3 5428 5245 6011 
3 5870 5737 5868 
3 5745 6157 6296 
3 11917 3247 7413 
3 5881 5518 5884 
3 5515 5876 5516 
3 5751 5885 6461 
3 5304 13534 5213 
3 5754 4558 7041 
3 11508 13967 11502 
3 6159 5887 5750 
3 5625 6162 6029 
3 3395 11574 3286 
3 7514 8469 8386 
3 5042 4856 4957 
3 5520 5879 5884 
3 5759 5758 5886 
3 8734 11679 6914 
3 6629 6154 6148 
3 736 658 824 
3 5879 5520 5626 
3 6534 6387 6222 
3 6827 6830 6364 
3 13695 13704 10872 
3 5766 6033 5769 
3 5631 5632 5895 
3 5759 6026 5766 
3 6312 5895 6313 
3 5894 6309 5632 
3 6309 6313 5632 
3 13462 10504 12521 
3 5443 5766 5769 
3 5896 5767 5904 
3 7254 5068 7412 
3 6730 6264 6267 
3 6031 5897 5633 
3 5642 5767 5635 
3 5903 5641 5901 
3 3584 5546 13979 
3 6594 6422 6746 
3 7923 3387 7932 
3 6469 5896 6318 
3 3198 6357 5285 
3 5270 5775 5654 
3 6034 5643 6169 
3 5534 5643 6034 
3 9561 9559 9563 
3 5738 5862 5737 
3 5770 6035 5771 
3 5646 6482 6030 
3 6231 5701 5823 
3 6657 6485 6656 
3 2721 13490 501 
3 5752 4561 4594 
3 5710 609 428 
3 58 1120 6300 
3 5547 5660 6049 
3 5651 6321 5652 
3 5450 5780 6048 
3 3293 3178 3386 
3 6337 5780 5781 
3 5128 5308 5575 
3 7371 8347 8295 
3 6056 5548 5916 
3 6053 5781 6056 
3 6181 5782 5779 
3 512 2698 11840 
3 5550 6185 6054 
3 5456 5786 5919 
3 5921 5919 6186 
3 6054 6185 6498 
3 5485 5401 5144 
3 5789 6189 5672 
3 5921 6189 5789 
3 5790 5384 6063 
3 6063 5674 5556 
3 2698 512 778 
3 9159 406 1427 
3 360 3717 5855 
3 5381 5672 5677 
3 1969 12923 8926 
3 5201 4644 4834 
3 6349 6350 6068 
3 5796 5797 6073 
3 6072 5796 6071 
3 7565 1508 7576 
3 7289 6929 5973 
3 5933 6358 6360 
3 8889 6932 10308 
3 9663 11596 9637 
3 7 11476 11539 
3 8544 8546 8403 
3 778 512 11539 
3 6072 5682 5796 
3 5929 6076 6358 
3 5933 5938 5929 
3 11519 11357 6839 
3 5682 5560 5796 
3 7217 6592 6751 
3 5809 6222 6101 
3 5797 5803 5928 
3 6083 6081 5940 
3 5934 5802 5940 
3 2239 12 8131 
3 5938 5934 5929 
3 6744 6133 6873 
3 428 499 174 
3 6213 5806 5933 
3 174 499 332 
3 9447 9646 9645 
3 13760 3151 9125 
3 7 512 3394 
3 5566 3278 2029 
3 6470 6907 6301 
3 5127 9151 9141 
3 5853 5602 5599 
3 11806 11715 5726 
3 6216 5806 6213 
3 11217 9145 5100 
3 12352 9465 11450 
3 13186 1180 5195 
3 6692 6368 6086 
3 5788 5630 6696 
3 5805 5944 5940 
3 2259 9820 1258 
3 8309 8865 8178 
3 5808 6089 5803 
3 5690 6088 6095 
3 5922 1214 1305 
3 6216 5809 5806 
3 2049 1701 1838 
3 10581 6039 569 
3 5945 5694 5947 
3 6686 6360 6358 
3 5948 6093 6094 
3 5690 6095 5813 
3 196 724 5640 
3 5640 724 5629 
3 6204 13753 8837 
3 9175 12799 1265 
3 13753 12799 8837 
3 5819 5824 5704 
3 6101 5951 5956 
3 5820 5821 5952 
3 9843 7581 10786 
3 5819 5699 6100 
3 13385 11287 11182 
3 11409 10487 11402 
3 5813 6246 5955 
3 5783 6183 6495 
3 5964 6106 5949 
3 11966 11316 11476 
3 13543 11476 4502 
3 5475 5829 5708 
3 5707 5708 6109 
3 5708 6110 6109 
3 9705 9517 10606 
3 6247 5848 5969 
3 6112 6244 5827 
3 6906 12928 6951 
3 10945 7196 7100 
3 6233 6115 5479 
3 6397 6717 6401 
3 9837 9800 7575 
3 5824 5829 5704 
3 3511 10625 12496 
3 4905 5000 5181 
3 10636 12485 12511 
3 13426 12516 8660 
3 93 10364 13690 
3 11966 11476 13543 
3 3198 6382 6357 
3 6232 6234 5839 
3 5289 9666 6662 
3 5640 5522 196 
3 9618 12496 10626 
3 6232 5715 6238 
3 6650 7038 7370 
3 9928 13690 10364 
3 6247 6401 5848 
3 2661 3671 3661 
3 12322 9434 12324 
3 5976 5978 5486 
3 10565 50 1870 
3 5851 5848 6121 
3 5979 6122 5715 
3 275 3543 12450 
3 5713 5969 5716 
3 6396 6243 6244 
3 6421 6259 5985 
3 12822 13181 12152 
3 6122 5980 6261 
3 5720 5980 5979 
3 5851 6263 5986 
3 8994 10981 7558 
3 6586 5978 5976 
3 5720 5982 5980 
3 5694 5808 5562 
3 6264 6127 6266 
3 10899 13385 12822 
3 5215 3432 180 
3 7825 12642 7812 
3 993 2522 10599 
3 12175 12822 12152 
3 6133 6267 6266 
3 10744 12635 7818 
3 5982 5728 5990 
3 5979 5595 5720 
3 6280 5858 5983 
3 5853 6136 5988 
3 6137 6277 5985 
3 7030 4540 4534 
3 9608 5941 11535 
3 3028 1920 9288 
3 5990 5991 6132 
3 5990 5728 5991 
3 5597 5405 5603 
3 9849 4249 12724 
3 12708 4974 13283 
3 5393 13343 120 
3 6003 5615 5741 
3 6266 5990 6132 
3 5200 3125 5174 
3 5997 5609 5994 
3 2583 3315 577 
3 12683 9815 7860 
3 4436 4441 4636 
3 5417 5999 5736 
3 6282 6286 5866 
3 6319 6377 792 
3 5513 5614 5748 
3 11779 3755 11787 
3 6141 5612 5613 
3 4957 5322 5042 
3 8041 1896 8725 
3 10757 11699 12632 
3 6001 5868 5737 
3 5615 6003 6434 
3 235 9820 2259 
3 6442 6434 6003 
3 680 11892 3416 
3 5615 6434 6284 
3 6286 6291 6011 
3 7317 12091 10199 
3 6144 6008 5876 
3 12768 11849 9896 
3 6009 6008 6142 
3 2604 2431 2708 
3 12981 9247 8138 
3 4722 2689 5814 
3 6154 6014 6148 
3 6148 6014 5870 
3 6014 6012 5748 
3 8687 6871 6859 
3 7019 6461 6905 
3 6686 6356 6815 
3 6014 6019 6012 
3 5745 6296 6632 
3 6435 6142 6144 
3 8235 12015 11907 
3 609 5957 702 
3 6011 6291 6015 
3 6157 5746 5888 
3 10611 7668 12401 
3 5875 6018 6162 
3 7040 7071 13055 
3 6019 5886 6012 
3 5879 6015 5884 
3 11265 7182 7170 
3 5600 5604 5495 
3 8519 12930 12009 
3 6019 5890 5886 
3 5750 6630 6159 
3 6019 6160 6026 
3 6795 7145 6481 
3 6026 6160 6468 
3 11267 466 10297 
3 824 6281 736 
3 6052 6049 6180 
3 6461 5885 5762 
3 5620 5891 6301 
3 12152 1823 12175 
3 5890 6019 6026 
3 10474 10701 10931 
3 3690 373 328 
3 7985 12741 3918 
3 6027 6467 5762 
3 10569 12394 8582 
3 1065 1101 2283 
3 6025 5894 5896 
3 5896 5894 5763 
3 12308 8489 12336 
3 2584 13329 2917 
3 13002 5038 7035 
3 13816 11003 12874 
3 6031 6168 5899 
3 5899 6168 5643 
3 5901 5525 6167 
3 6983 7213 6862 
3 12195 8804 12683 
3 13055 9017 7040 
3 1878 10164 1834 
3 396 9151 9159 
3 5992 4316 10899 
3 10503 6152 10949 
3 5444 10503 10949 
3 6169 6316 6034 
3 13009 7668 9526 
3 5788 6696 7190 
3 13722 4672 13280 
3 5779 5912 6489 
3 6481 6041 6033 
3 6041 5769 6033 
3 6321 5651 6038 
3 736 6377 6319 
3 6319 462 736 
3 11980 13840 11050 
3 6485 5909 6041 
3 6329 5654 5775 
3 9127 8166 8172 
3 5773 5910 6330 
3 3147 3693 7851 
3 13518 4887 8876 
3 6909 13527 11670 
3 5909 6487 6332 
3 5913 5909 6332 
3 9698 10688 13527 
3 6175 5777 6176 
3 7937 12022 12938 
3 2095 13981 12123 
3 6336 6044 5914 
3 10562 13320 12373 
3 1471 3756 5653 
3 3253 5360 3279 
3 6044 6330 5910 
3 12395 13676 2871 
3 9028 7039 13920 
3 988 914 989 
3 38 10316 12 
3 7453 8394 7463 
3 5663 6183 5783 
3 5916 5783 6055 
3 6055 6056 5916 
3 6365 6360 7185 
3 6055 6339 6056 
3 6182 6054 6498 
3 6181 6340 5786 
3 5919 5921 5456 
3 4450 4557 4648 
3 6186 6672 6673 
3 584 586 523 
3 6181 5786 5785 
3 6060 6059 5666 
3 4552 4450 4648 
3 3046 9312 11295 
3 1325 9028 4969 
3 5928 6073 5797 
3 6192 5791 6195 
3 6192 5557 5791 
3 11619 11642 10681 
3 5462 5925 5793 
3 6594 6582 6750 
3 6195 5791 5793 
3 6118 10155 12136 
3 1072 18 12500 
3 5467 6350 6070 
3 6070 5925 5467 
3 13824 3553 3820 
3 6197 6509 5795 
3 6509 5926 5795 
3 5926 6509 6068 
3 6509 6349 6068 
3 2584 2917 13295 
3 2363 1126 6547 
3 11824 12024 11385 
3 11039 8966 2989 
3 13470 4357 4970 
3 5934 6816 5929 
3 286 2713 2640 
3 1964 8552 13299 
3 6081 7080 6823 
3 4964 474 10504 
3 6213 5933 6360 
3 9680 4970 9823 
3 5934 5940 6081 
3 4421 2329 2307 
3 993 10599 4029 
3 11287 11357 11182 
3 5934 5938 5802 
3 6364 5932 6077 
3 6366 6088 5932 
3 10276 11267 10297 
3 10292 2861 1923 
3 761 8860 782 
3 12282 3395 10407 
3 5944 6372 5940 
3 5944 6217 6372 
3 4870 10633 4759 
3 6086 6089 6692 
3 13 9347 13914 
3 4001 13273 13178 
3 5360 3253 5351 
3 428 174 180 
3 10633 4870 11554 
3 5809 6373 6222 
3 6094 6093 5944 
3 5944 6093 6217 
3 12750 5630 13690 
3 474 12521 10504 
3 2663 2074 1392 
3 199 13465 13693 
3 5700 5820 6224 
3 6100 6097 5819 
3 8845 11963 10883 
3 12708 5421 10312 
3 6246 6117 5955 
3 6240 6093 5948 
3 5700 6224 6102 
3 3872 4080 3969 
3 6843 6102 6224 
3 6222 6387 6546 
3 5209 5394 4940 
3 5956 6250 5948 
3 5570 6228 6233 
3 10186 6990 10087 
3 6383 6100 5699 
3 5699 6105 6383 
3 6250 6240 5948 
3 5439 3592 4486 
3 4295 956 5639 
3 13233 13237 13441 
3 5708 5829 6389 
3 6696 12750 11867 
3 6656 6921 6657 
3 8260 7392 10267 
3 9517 4706 10606 
3 4295 5639 6069 
3 13385 11288 11287 
3 11141 11288 13385 
3 5708 6389 6110 
3 3562 13644 4635 
3 6790 6650 7139 
3 5956 6251 6250 
3 5617 3432 62 
3 5832 5830 6243 
3 5830 6244 6243 
3 8941 2978 6973 
3 3710 4706 5581 
3 6247 6386 6397 
3 5956 5951 6251 
3 5970 6254 5963 
3 5416 5154 5236 
3 13197 13185 3767 
3 5966 5967 6557 
3 9968 3907 13419 
3 6114 5705 5836 
3 6928 6946 5566 
3 5713 5839 6234 
3 11039 802 6952 
3 6119 5479 6115 
3 1933 3022 8190 
3 11544 10625 12470 
3 7366 10362 7415 
3 10541 5325 12416 
3 6575 6568 6251 
3 5836 5835 6416 
3 3899 956 4295 
3 10087 10103 10186 
3 12135 12172 11214 
3 4952 5135 4677 
3 6122 5979 5980 
3 5852 5972 6119 
3 8197 4752 10833 
3 6416 5835 6123 
3 6409 6263 5851 
3 6409 6567 6263 
3 11214 9200 12135 
3 5978 5593 5141 
3 6127 6264 5980 
3 6765 10795 12691 
3 5986 6263 6129 
3 5271 3543 275 
3 10716 7793 8751 
3 332 11870 13634 
3 7552 8483 10452 
3 6417 6584 6578 
3 6127 5990 6266 
3 12953 6814 8340 
3 8932 8931 8378 
3 5985 6277 6421 
3 2536 3347 5271 
3 5593 6126 5853 
3 6139 5986 6129 
3 6127 5982 5990 
3 4830 13436 13449 
3 6134 6136 5853 
3 2382 2378 2370 
3 477 624 508 
3 1466 3594 4604 
3 1182 5325 2536 
3 9406 9401 13217 
3 6278 6274 6422 
3 13351 5325 1182 
3 6134 6428 6136 
3 5389 2190 3256 
3 6132 5991 6140 
3 12416 5325 13351 
3 6428 5606 6136 
3 13924 11162 13019 
3 275 4442 5271 
3 10461 11374 11378 
3 5496 5730 6276 
3 5994 6139 5997 
3 6140 6141 6283 
3 3147 9890 11432 
3 6360 6686 7185 
3 5612 6141 6140 
3 6009 6142 6429 
3 12708 4862 4974 
3 6437 5736 5999 
3 8677 8725 1896 
3 6439 6625 6286 
3 6144 6142 6008 
3 6147 5876 5515 
3 5738 5737 5870 
3 2204 1471 12211 
3 13001 11168 13021 
3 2307 2363 2343 
3 6003 6146 6143 
3 6146 6289 6143 
3 5921 5457 5456 
3 3899 9647 1369 
3 7346 8295 8254 
3 6003 5741 6146 
3 6767 6428 6760 
3 12015 12212 13136 
3 6144 6614 6435 
3 4385 4442 13863 
3 5741 6632 6146 
3 6446 6614 6144 
3 6144 6147 6446 
3 5736 6437 6630 
3 6296 6157 6458 
3 11750 8701 11517 
3 7116 7356 7484 
3 4868 4691 4393 
3 10660 9637 7732 
3 6291 6294 6015 
3 6632 5741 5745 
3 6154 6634 6464 
3 5874 6298 5875 
3 9608 11535 13387 
3 6010 5620 6301 
3 86 4913 1470 
3 8872 8889 215 
3 4994 5638 5899 
3 10899 4316 4593 
3 6302 6161 6463 
3 6460 6295 6302 
3 13480 13863 2584 
3 2584 13863 13329 
3 6467 6461 5762 
3 6309 6640 6313 
3 7644 12692 121 
3 6311 5761 6028 
3 8295 8384 9334 
3 6301 5891 6470 
3 6648 6029 6162 
3 13200 12206 12821 
3 6513 3977 6512 
3 6031 5633 6314 
3 6028 6166 6311 
3 8409 12259 11319 
3 11269 11258 11346 
3 6648 6167 6029 
3 8303 8856 8729 
3 7605 7602 7250 
3 5525 6029 6167 
3 10935 6766 7465 
3 6171 6166 6028 
3 10139 8166 9127 
3 11695 9662 5659 
3 6471 6481 6033 
3 8468 8470 8471 
3 4233 7359 5320 
3 6480 5901 6167 
3 6318 5896 5904 
3 5484 5494 5970 
3 12069 13988 12448 
3 6318 5904 6174 
3 2895 2911 13569 
3 10625 10626 12496 
3 796 715 3304 
3 10024 11008 11953 
3 10705 12799 9175 
3 13723 7062 9905 
3 5633 5887 6159 
3 11665 8734 10689 
3 6481 6656 6041 
3 6321 6035 5770 
3 9923 9200 10220 
3 4161 832 4173 
3 5823 5701 5473 
3 6175 6482 5646 
3 11429 6506 4300 
3 13253 8924 2945 
3 6731 6874 7107 
3 8908 5992 10899 
3 11907 12725 8235 
3 2924 9820 8907 
3 4843 9661 4830 
3 6049 6332 6333 
3 4843 13941 9661 
3 13801 5838 5845 
3 13903 7273 8143 
3 9260 9267 6527 
3 6320 6344 5266 
3 7054 7055 6337 
3 8190 3022 7162 
3 3632 13403 10551 
3 6180 6183 6052 
3 6052 6183 5663 
3 6339 6053 6056 
3 6054 6182 6051 
3 719 1369 9647 
3 8781 2866 13909 
3 6340 6669 6499 
3 408 416 6891 
3 6186 5919 6672 
3 6673 6187 6186 
3 5782 6181 5785 
3 4514 11557 7466 
3 6060 6061 6346 
3 13405 2198 2945 
3 4828 4919 4832 
3 5665 8989 7981 
3 6191 6063 5556 
3 5557 6808 5556 
3 6061 6063 6191 
3 6042 6912 8737 
3 11429 4300 13544 
3 9308 10459 13504 
3 4660 4662 4661 
3 3820 1369 719 
3 5799 2312 7067 
3 5467 6068 6350 
3 8325 6591 11281 
3 9426 8244 2231 
3 10284 11044 13145 
3 12366 13480 12362 
3 8988 13899 12928 
3 7910 7913 7640 
3 3184 307 3099 
3 4332 3280 5398 
3 13101 11530 258 
3 6784 2200 9507 
3 5929 6816 6076 
3 2618 2327 3032 
3 10477 13262 10487 
3 6159 6314 5633 
3 8541 8552 1964 
3 5821 5575 5308 
3 11725 11623 153 
3 4461 4358 4569 
3 2804 5084 2801 
3 12516 11585 9628 
3 5362 3256 2990 
3 1306 1256 1307 
3 956 8908 5639 
3 6640 7032 6313 
3 13087 11270 3062 
3 7317 10179 12091 
3 5940 6372 6083 
3 6366 5932 6364 
3 8537 11425 12351 
3 6083 6372 6961 
3 11238 11267 10276 
3 2168 3256 2190 
3 6088 6366 6831 
3 6522 6214 6213 
3 1958 2900 4728 
3 4001 13178 13455 
3 2459 2348 2263 
3 9274 3820 719 
3 5803 6089 6086 
3 6877 2866 10924 
3 6692 6089 6693 
3 5319 9347 13848 
3 4078 5351 3253 
3 6093 6218 6217 
3 5966 5588 5967 
3 5221 5588 5481 
3 11182 12822 13385 
3 1723 1724 5316 
3 5393 120 11513 
3 6093 6552 6218 
3 6379 6097 6532 
3 13876 13698 9337 
3 6216 6213 6214 
3 7057 7058 6939 
3 11974 10055 11035 
3 6231 5823 6545 
3 5947 6106 6716 
3 8605 2687 8573 
3 9196 12120 11166 
3 10299 3046 300 
3 13094 9270 10266 
3 5820 5952 6844 
3 13848 6528 9021 
3 6233 6228 6388 
3 7402 6811 6947 
3 6730 6560 6555 
3 5952 5821 6231 
3 3346 765 781 
3 3607 4302 3243 
3 6380 6232 6230 
3 6101 6222 6391 
3 5230 5407 5406 
3 6380 6234 6232 
3 5374 5199 5201 
3 6093 6240 6552 
3 6109 7094 6112 
3 6109 6110 7094 
3 5824 6389 5829 
3 6389 5824 6099 
3 6380 5969 6234 
3 7094 6244 6112 
3 11823 11350 10398 
3 3498 2375 2357 
3 6857 7469 7583 
3 5831 6406 5976 
3 5582 5963 6105 
3 6233 6241 6115 
3 5706 6242 6235 
3 10480 12275 9436 
3 6698 6835 7198 
3 1402 6069 10320 
3 964 3236 934 
3 1738 11342 2664 
3 6243 5831 5832 
3 6117 6246 6571 
3 4273 8909 7940 
3 6983 6246 6974 
3 13824 13638 12974 
3 6391 6555 5951 
3 6250 6251 6240 
3 6405 5951 6555 
3 6380 6386 6247 
3 10483 1676 9434 
3 6262 6415 6119 
3 6242 5966 6557 
3 6557 6722 6242 
3 5337 2127 5331 
3 2802 12735 8781 
3 4924 4737 4644 
3 5951 6405 6251 
3 12325 8507 12323 
3 413 415 12574 
3 11259 2858 10299 
3 8495 8060 8343 
3 7886 8264 7616 
3 5727 5606 5497 
3 6403 6409 6121 
3 6259 6985 6254 
3 1680 8674 8641 
3 6409 5851 6121 
3 7037 7225 6414 
3 6401 6121 5848 
3 6124 6863 5849 
3 6123 5960 6577 
3 5715 6122 6238 
3 12116 9196 11177 
3 4915 5282 5549 
3 10590 3574 12363 
3 5836 6583 6417 
3 6259 6421 6985 
3 13417 6834 10870 
3 13322 13530 7035 
3 6119 6252 6262 
3 13766 7170 7182 
3 2536 5325 3347 
3 4625 454 13891 
3 5978 6586 6126 
3 6816 6819 7176 
3 13722 10743 8665 
3 6863 6124 6592 
3 6114 5964 5705 
3 3062 11270 12601 
3 6266 6267 6264 
3 12298 7552 10452 
3 11168 9191 13021 
3 5980 5982 6127 
3 6598 6429 6426 
3 6134 5853 6604 
3 13285 13898 13502 
3 6274 6139 6129 
3 13541 13330 12943 
3 6278 6139 6274 
3 1748 486 1993 
3 6425 6133 6283 
3 6133 6132 6283 
3 6132 6133 6266 
3 6133 6425 6755 
3 12363 3574 13164 
3 10150 4803 10167 
3 6431 6278 6422 
3 13164 12229 1232 
3 7322 6966 6969 
3 4304 6407 3255 
3 6885 6603 6138 
3 6595 6594 6601 
3 5857 5856 3067 
3 6431 6282 6278 
3 2841 3942 5739 
3 6137 6284 6138 
3 5999 5606 6428 
3 10556 6529 8456 
3 13001 11144 10198 
3 3400 3908 4239 
3 6282 6431 6439 
3 7353 3453 9416 
3 6433 5730 5506 
3 1183 1232 13152 
3 13037 13969 13034 
3 6440 5868 6001 
3 4721 12718 4738 
3 6143 6442 6003 
3 6439 6286 6282 
3 2179 7723 121 
3 6629 5868 6440 
3 6002 6141 5613 
3 6294 6291 6626 
3 6005 6288 6002 
3 6621 6442 6143 
3 395 8129 526 
3 3536 2608 13580 
3 6621 6143 6289 
3 3142 12700 8239 
3 11517 8701 5055 
3 6158 6626 6450 
3 12015 13136 11907 
3 6291 6286 6625 
3 6145 6010 6453 
3 2329 2363 2307 
3 8384 8450 8466 
3 11907 13136 11964 
3 6444 6628 6009 
3 13575 8777 9021 
3 6160 6464 6468 
3 13722 4732 8728 
3 5736 6630 5750 
3 8872 3201 1240 
3 6288 6005 6461 
3 6015 6294 5881 
3 3352 12725 11907 
3 11349 11590 9386 
3 1709 13859 8514 
3 11432 3693 3147 
3 6634 6154 6629 
3 11309 12422 2902 
3 6648 6162 6018 
3 6629 6775 6634 
3 9894 13723 13720 
3 6025 6308 6636 
3 6025 6636 6309 
3 6798 6907 6470 
3 6015 5879 6011 
3 6025 6469 6308 
3 6305 6648 6018 
3 6646 6467 6027 
3 6027 6312 6646 
3 5643 6168 6169 
3 6314 6791 6031 
3 6312 6027 5895 
3 6031 6791 6168 
3 6648 6651 6167 
3 3352 11964 796 
3 6033 6032 6471 
3 7123 7250 7602 
3 9247 12981 12068 
3 6573 6567 6735 
3 8642 6725 6710 
3 11599 2624 5512 
3 6470 5636 6030 
3 5804 3592 11814 
3 11429 4245 6506 
3 13814 9733 3711 
3 7680 7668 10611 
3 5034 5306 5129 
3 6480 5772 5901 
3 12523 9934 5057 
3 6329 6489 5654 
3 8411 11719 12283 
3 6330 6044 6931 
3 8496 8492 8345 
3 8164 8166 10139 
3 6931 6044 6336 
3 7357 1541 7368 
3 4336 6806 6828 
3 6335 5779 6489 
3 4443 4641 4445 
3 11530 13101 10250 
3 6182 6803 6338 
3 6048 6337 7055 
3 6435 6429 6142 
3 2173 7629 7845 
3 6055 6496 6339 
3 6338 6051 6182 
3 2674 2676 7811 
3 5550 6059 6185 
3 6183 6180 6665 
3 5786 6340 6500 
3 5636 5891 4984 
3 6804 6671 6502 
3 4678 4697 6609 
3 6504 6187 6673 
3 10908 7948 11849 
3 4353 4346 4256 
3 10710 4672 8665 
3 5556 6808 6191 
3 6943 6346 6191 
3 6677 5794 6065 
3 6809 6677 6065 
3 6944 6192 6195 
3 6507 6195 5793 
3 9260 9210 11238 
3 1041 1058 2218 
3 6609 10713 501 
3 12802 332 499 
3 6944 6195 6507 
3 6073 6684 6071 
3 8260 9909 5563 
3 7021 6738 3081 
3 6073 6071 5796 
3 12936 10104 7240 
3 13282 13480 2584 
3 6916 7033 7262 
3 6072 6685 6077 
3 135 7723 3110 
3 7386 7274 7762 
3 7762 7274 8144 
3 12746 8909 4273 
3 6685 6072 6198 
3 5934 6081 6816 
3 5928 6519 6073 
3 7070 6684 6073 
3 6517 6077 6685 
3 5084 2808 2801 
3 8771 8916 8921 
3 12569 8576 11629 
3 11261 3099 307 
3 7291 7406 7405 
3 6365 6522 6213 
3 12572 3099 11261 
3 7298 7178 7421 
3 74 10713 1144 
3 5803 6086 6363 
3 9733 4635 13644 
3 10241 13087 13074 
3 6618 6625 6439 
3 5197 7002 7003 
3 3245 13175 3242 
3 13388 3543 3347 
3 6095 6088 6698 
3 11840 2698 7270 
3 6373 6216 6525 
3 11243 10706 10284 
3 6426 6429 6435 
3 5274 1693 413 
3 5143 5492 5491 
3 11035 10055 7188 
3 6095 6698 6974 
3 6843 6705 6228 
3 6228 6102 6843 
3 11980 7209 11974 
3 6097 6100 6968 
3 3011 13060 7929 
3 188 4398 2428 
3 5086 6449 10353 
3 6564 10572 8491 
3 5415 5498 5324 
3 6100 6383 6538 
3 6699 6383 6105 
3 11035 7188 11970 
3 1241 3445 2443 
3 7929 13060 13059 
3 6379 6838 6099 
3 6224 5820 6844 
3 4629 4605 8586 
3 12003 7766 1769 
3 7965 3320 3319 
3 6226 6238 6540 
3 6232 6238 6226 
3 11853 3378 9246 
3 6702 6386 6380 
3 12363 3517 10560 
3 6235 6545 5823 
3 6272 2548 6279 
3 5963 6537 6105 
3 6233 6388 6543 
3 13545 12598 11804 
3 6846 6241 6543 
3 8242 10228 11220 
3 5555 8573 2687 
3 1827 2254 13913 
3 3771 13617 13400 
3 11970 7188 11017 
3 4830 10606 13436 
3 10103 7084 10186 
3 5963 5582 5587 
3 4678 6609 501 
3 6244 7094 6396 
3 6399 6398 6261 
3 6715 6716 6106 
3 5641 5525 5901 
3 11238 11214 12172 
3 6238 6398 6540 
3 3918 3930 7985 
3 6238 6261 6398 
3 1235 2232 3164 
3 6397 6401 6247 
3 6691 6217 6218 
3 2640 11519 6839 
3 10016 11010 11004 
3 6983 6571 6246 
3 5181 5646 5262 
3 6734 6571 6983 
3 6856 6707 6242 
3 1999 3101 813 
3 6568 6552 6240 
3 10480 10465 11378 
3 9803 10786 7581 
3 1611 8514 8478 
3 6853 6720 6403 
3 6856 6242 6722 
3 11000 11004 10989 
3 7112 6760 6604 
3 6515 13076 10260 
3 4597 6680 12527 
3 6729 6254 6985 
3 8641 12537 1680 
3 3347 3543 5271 
3 3447 68 5585 
3 5836 6737 6114 
3 6403 6121 6401 
3 466 9305 10297 
3 13858 13860 13071 
3 6577 6117 6571 
3 6566 6114 6737 
3 7261 13776 7258 
3 8478 8247 1611 
3 6041 5909 5769 
3 11437 11519 11587 
3 11004 10998 10989 
3 6515 11207 13076 
3 10494 3443 1648 
3 5812 5815 4643 
3 2664 11342 13216 
3 3768 13197 3767 
3 11938 7837 13805 
3 658 462 12714 
3 12308 13219 12301 
3 1061 7089 12544 
3 1362 11135 7039 
3 4689 3566 8081 
3 6263 6567 6573 
3 7222 11357 11288 
3 6583 6416 6582 
3 1432 1622 1433 
3 5055 11897 11517 
3 6124 5597 6592 
3 3503 4395 3506 
3 10323 12093 13971 
3 6592 5597 5603 
3 6284 6434 6886 
3 4247 6668 3083 
3 4093 4401 4498 
3 5896 6469 6025 
3 6604 5853 6126 
3 10467 8356 8353 
3 11741 4537 6334 
3 2517 13349 4014 
3 6601 6613 6595 
3 1748 1993 3014 
3 7660 8607 10562 
3 3024 2430 2528 
3 6603 6742 6277 
3 3342 1435 13780 
3 1248 1277 3444 
3 9849 12724 5918 
3 11207 13043 13076 
3 10503 10500 10186 
3 6138 6603 6277 
3 3573 1880 5863 
3 6139 6278 5997 
3 6137 6138 6277 
3 8703 1751 5316 
3 7178 7177 7070 
3 5649 4295 1402 
3 6839 7222 4829 
3 6613 6601 6615 
3 7604 6864 12293 
3 6426 6435 6597 
3 6319 196 5864 
3 8003 7482 7998 
3 1183 3466 1232 
3 6597 6435 6614 
3 4789 4509 4404 
3 6618 6439 6431 
3 6613 6618 6431 
3 9964 11916 11926 
3 6141 6616 6283 
3 6614 6446 6615 
3 11507 11511 12407 
3 6141 6002 6616 
3 9387 9390 10407 
3 6434 6442 6886 
3 13790 13805 7837 
3 3466 1183 8323 
3 5901 5772 5903 
3 5697 4514 5688 
3 6429 6444 6009 
3 6644 12500 5555 
3 5688 7007 5697 
3 6097 6099 5819 
3 8209 11461 10470 
3 11404 3396 9371 
3 10035 11024 12888 
3 10945 6257 7169 
3 6158 6294 6626 
3 6158 6450 6147 
3 1194 12742 2192 
3 10035 12888 12897 
3 6288 6461 7019 
3 6320 5266 3179 
3 8489 7588 11387 
3 6458 6157 5883 
3 66 1105 10676 
3 461 486 1748 
3 3510 3400 4239 
3 1360 1429 1432 
3 6295 6460 6631 
3 6779 6296 6458 
3 9137 10153 11130 
3 5878 5881 6158 
3 6294 6158 5881 
3 12814 7976 13757 
3 275 13353 13329 
3 6467 6905 6461 
3 6309 5894 6025 
3 6636 6308 6641 
3 6890 6893 7239 
3 12500 8503 8491 
3 13118 7232 7435 
3 3352 11907 11964 
3 1709 1214 6539 
3 1884 2022 1737 
3 4046 7572 6569 
3 11831 11707 2037 
3 6471 6468 6795 
3 11853 1397 5025 
3 6467 6646 6911 
3 1126 2329 1129 
3 5943 6091 5942 
3 4085 5063 10182 
3 6485 6657 6925 
3 6168 6791 6316 
3 5192 10889 4389 
3 6470 6030 6798 
3 6463 6781 6460 
3 6168 6316 6169 
3 6038 6034 6475 
3 9530 2258 9523 
3 3337 5068 3443 
3 8947 9937 11888 
3 13403 3657 10598 
3 590 13723 9905 
3 6038 6475 6476 
3 6654 6480 6167 
3 2092 2271 2254 
3 6038 6476 6477 
3 6321 6477 6652 
3 6485 6041 6656 
3 5883 5888 6302 
3 9486 7418 540 
3 9925 7081 13743 
3 6330 6927 5773 
3 6655 5773 6927 
3 2889 12859 1623 
3 6925 6487 6485 
3 8622 13893 13892 
3 6333 6332 6487 
3 6488 6489 6329 
3 10920 6219 9916 
3 13686 110 13461 
3 9196 11166 8218 
3 6986 13100 10712 
3 13006 13402 13404 
3 6648 6305 6916 
3 6931 6336 6338 
3 6180 6049 6333 
3 10572 6564 8494 
3 6664 6802 6335 
3 6048 6490 5778 
3 7721 7470 8373 
3 6055 5783 6495 
3 6495 6183 6665 
3 6867 1257 6861 
3 6180 6333 7053 
3 1431 1608 1548 
3 6053 6339 6337 
3 63 5235 4816 
3 6803 6182 6498 
3 9377 4816 5235 
3 6669 6340 6802 
3 6671 6059 6502 
3 13899 9276 6951 
3 6504 6189 6187 
3 9276 12008 9301 
3 629 11530 10250 
3 7482 11920 7998 
3 9896 7944 8909 
3 5557 6192 6808 
3 6507 5793 6348 
3 6677 6197 5794 
3 11834 4269 11954 
3 6678 6509 6197 
3 6812 6349 6509 
3 6812 6947 6349 
3 6684 6679 6071 
3 6350 6349 6947 
3 6358 6356 6686 
3 13860 2366 10394 
3 5740 3854 2936 
3 7254 4328 5068 
3 6076 6683 6356 
3 4232 12823 6345 
3 3184 11481 307 
3 4607 4702 4790 
3 3299 5063 3280 
3 3952 7254 12007 
3 13534 11625 12598 
3 7070 6073 6519 
3 13135 9294 11281 
3 6823 6819 6081 
3 6287 6269 8219 
3 6492 5563 11181 
3 9064 9060 11050 
3 13855 4202 6714 
3 5218 11821 4258 
3 6171 6170 6166 
3 6188 6929 6787 
3 6368 6826 6363 
3 6522 6688 6523 
3 4525 5579 3474 
3 6364 6830 6366 
3 13087 10241 11270 
3 13087 3062 75 
3 6523 6214 6522 
3 6368 6692 6523 
3 6523 6692 6214 
3 6692 6525 6214 
3 2187 12735 7829 
3 11805 7012 9853 
3 1798 8926 13859 
3 11261 12149 3011 
3 4532 4487 10559 
3 6214 6525 6216 
3 3203 3177 1950 
3 6246 6095 6974 
3 6373 6530 6534 
3 11198 11385 10776 
3 6691 6372 6217 
3 10624 10591 10633 
3 9853 8858 13662 
3 6188 5973 6929 
3 8302 8176 8849 
3 6226 6534 6530 
3 12397 10559 4487 
3 10591 4759 10633 
3 6226 6540 6534 
3 6534 6540 6387 
3 3474 1277 1292 
3 5870 5614 5738 
3 6699 6538 6383 
3 6938 8523 7147 
3 5639 1689 6069 
3 6699 6105 6537 
3 6706 5945 5947 
3 12209 12254 1938 
3 6226 6530 6694 
3 6097 6379 6099 
3 5952 6976 6844 
3 6398 6546 6387 
3 6540 6398 6387 
3 6228 6705 6388 
3 8644 4421 6524 
3 4109 4213 4308 
3 6694 6533 6226 
3 2273 277 10588 
3 6543 6388 6703 
3 6844 6843 6224 
3 7025 6271 9866 
3 11182 13181 12822 
3 6711 6110 6389 
3 6399 6550 6546 
3 5969 6380 6247 
3 10527 4474 6494 
3 6235 6242 6707 
3 4332 3299 3280 
3 10251 8242 11220 
3 2650 4307 6256 
3 12748 12735 2187 
3 8227 8478 12888 
3 6233 6543 6241 
3 6391 6550 6555 
3 6708 5947 6716 
3 2698 778 12655 
3 11757 9828 10818 
3 9624 10651 11564 
3 13822 7565 13559 
3 5304 10229 11625 
3 6398 6399 6546 
3 6550 6727 6555 
3 6401 6717 6853 
3 13806 12800 12390 
3 10886 7843 6021 
3 8247 8478 8227 
3 6403 6720 6726 
3 7216 6553 6852 
3 6853 6403 6401 
3 1213 3408 1202 
3 2839 12296 13048 
3 7860 10812 12697 
3 6261 6264 6727 
3 6723 6243 6396 
3 12175 6253 6239 
3 3507 3443 10494 
3 6863 6728 6557 
3 5502 5051 5413 
3 5396 5584 5479 
3 13068 12875 13461 
3 10491 1723 6085 
3 5260 8820 9804 
3 6251 6405 6575 
3 6568 6731 6552 
3 7904 10494 1648 
3 8338 4398 2491 
3 13735 13737 6901 
3 11316 6903 11539 
3 6403 6726 6409 
3 6262 6553 7216 
3 5453 3186 11226 
3 6417 6583 6584 
3 7879 7137 7510 
3 6017 5065 269 
3 6729 6985 6858 
3 6457 6454 8387 
3 9308 10492 7184 
3 6575 6874 6568 
3 6415 6262 6576 
3 11587 6581 11437 
3 3533 3321 3224 
3 6728 6722 6557 
3 6582 6416 6577 
3 13001 10198 11168 
3 7349 7371 7346 
3 7222 6839 11357 
3 740 2660 1804 
3 415 1693 11945 
3 10987 10989 10998 
3 6278 6282 5997 
3 6584 6585 6578 
3 7891 8058 1319 
3 7216 7218 6576 
3 6737 6580 6566 
3 6586 6593 6126 
3 8643 9608 10617 
3 6583 6582 6746 
3 6970 6967 7447 
3 6584 6583 6587 
3 6587 6588 6584 
3 6573 6566 6580 
3 6730 6744 6560 
3 8813 8802 11739 
3 12306 2826 6424 
3 6129 6585 6588 
3 6274 6588 6587 
3 6588 6585 6584 
3 7616 7623 7996 
3 6595 6422 6594 
3 4302 2180 4306 
3 10002 10989 10987 
3 13600 5973 6188 
3 6587 6422 6274 
3 11316 11539 11476 
3 6872 6600 6601 
3 6742 6421 6277 
3 6754 5983 6420 
3 6598 6597 6596 
3 11476 7 4502 
3 5107 5105 4922 
3 13014 11177 12108 
3 6598 6426 6597 
3 6597 6600 6596 
3 13971 12093 13956 
3 6754 6280 5983 
3 6597 6615 6600 
3 6600 6615 6601 
3 8018 13815 702 
3 6138 6284 6885 
3 6759 6280 6602 
3 6760 6428 6604 
3 7425 7604 12293 
3 6636 6640 6309 
3 6280 6759 6001 
3 7165 7632 7767 
3 1058 1065 4367 
3 8338 6404 4398 
3 6597 6614 6615 
3 6176 5777 5778 
3 6635 13641 10364 
3 6433 7005 5730 
3 2128 6300 1120 
3 453 13240 5242 
3 6615 6618 6613 
3 5822 9076 4640 
3 702 13815 12802 
3 6460 6302 6463 
3 6886 6885 6284 
3 6429 6758 6444 
3 6759 6440 6001 
3 6929 7837 6787 
3 6615 6446 6618 
3 6446 6622 6618 
3 6625 6618 6622 
3 6620 6616 6002 
3 7919 7918 7654 
3 5778 5450 6048 
3 1251 1162 1428 
3 7034 6074 3921 
3 8381 1558 4998 
3 6889 6886 6442 
3 5819 6099 5824 
3 12566 925 12478 
3 7136 6795 6468 
3 6776 6628 6624 
3 12964 12965 2166 
3 6437 6767 7014 
3 6458 5883 6295 
3 6628 6776 6459 
3 6628 6459 6298 
3 5244 174 12666 
3 6632 6772 6146 
3 11718 7834 13574 
3 10744 7818 9742 
3 6207 4189 8082 
3 756 7725 11833 
3 6779 6632 6296 
3 7543 7542 7539 
3 6636 6774 6773 
3 6958 12781 12826 
3 6774 6636 6641 
3 6453 6301 6907 
3 5878 6158 6147 
3 6298 6459 6305 
3 2422 10482 1206 
3 6467 6911 6905 
3 6468 6464 6910 
3 7840 8783 9779 
3 11300 11301 11729 
3 7450 13937 12057 
3 13181 11182 6581 
3 5699 5582 6105 
3 6305 7033 6916 
3 6785 6308 6794 
3 7524 7527 8413 
3 13688 4375 131 
3 2884 13824 1089 
3 13536 11681 12612 
3 11240 13115 11850 
3 10000 11919 11008 
3 6166 6170 6650 
3 8050 6827 7311 
3 5210 7525 7532 
3 5163 4114 6225 
3 12175 6239 10899 
3 11744 11258 2443 
3 2443 96 11744 
3 6316 6475 6034 
3 5064 5157 4975 
3 6650 6170 6652 
3 6318 6919 6653 
3 8556 6569 7572 
3 6569 8556 5250 
3 4361 6354 6355 
3 6166 6790 6311 
3 6476 6652 6477 
3 7145 6656 6481 
3 6480 6920 6483 
3 4295 6069 1402 
3 6252 6119 6115 
3 6161 6302 5888 
3 6654 6920 6480 
3 12782 9911 13741 
3 6926 6482 6175 
3 6476 6475 6913 
3 4483 7377 2107 
3 6328 4361 6355 
3 6333 6487 6925 
3 6330 6931 6927 
3 6925 7052 6333 
3 11679 8734 11665 
3 8731 9701 5044 
3 6176 5778 6490 
3 11652 13511 11645 
3 6489 6664 6335 
3 6355 8276 8267 
3 5772 6483 6329 
3 7054 6337 6339 
3 7190 11867 13753 
3 11316 11966 11143 
3 6355 8267 6328 
3 7284 6671 6804 
3 6958 12826 7289 
3 4862 8165 13517 
3 10193 10198 11144 
3 11688 9662 11695 
3 5924 5923 6674 
3 5464 5207 5027 
3 6929 7289 13790 
3 5793 6070 6348 
3 6944 7063 7288 
3 6070 6350 6811 
3 6678 6197 6677 
3 6947 6811 6350 
3 11821 7923 6448 
3 12152 13181 1937 
3 6678 6812 6509 
3 5923 6504 6674 
3 5925 6070 5793 
3 12765 992 11800 
3 7643 25 3718 
3 10394 2366 12305 
3 5047 10689 6022 
3 12927 1969 2084 
3 7589 7221 7345 
3 4890 3119 13446 
3 6684 7177 6679 
3 9882 11825 4273 
3 6816 6683 6076 
3 8737 9700 11645 
3 9078 12929 12003 
3 5606 5999 5417 
3 916 923 930 
3 12021 12944 12014 
3 6178 6787 7086 
3 4402 3416 7232 
3 5590 5598 6605 
3 6789 12904 13854 
3 7373 7031 7259 
3 7077 6825 6688 
3 8056 12204 11299 
3 7080 6081 6083 
3 6365 7077 6688 
3 7185 7077 6365 
3 4258 6271 7025 
3 6906 13854 12928 
3 11420 6462 5123 
3 9358 8843 8722 
3 6688 6522 6365 
3 4473 5514 3408 
3 6826 6523 6688 
3 6188 6787 6178 
3 6271 4258 11821 
3 6826 6368 6523 
3 6363 6086 6368 
3 13367 10611 12401 
3 5150 4867 5148 
3 11288 11357 11287 
3 7086 13700 6178 
3 8264 7886 8417 
3 672 429 482 
3 12322 7571 9434 
3 4907 3800 6079 
3 6364 6077 6517 
3 13475 11596 9663 
3 12922 8090 11990 
3 9637 10660 9663 
3 6694 6525 6693 
3 6144 5876 6147 
3 13875 13859 8926 
3 6149 6210 6221 
3 6585 6129 6580 
3 6693 6697 6694 
3 4294 4291 4292 
3 6089 6697 6693 
3 6500 6672 5919 
3 12014 9089 7249 
3 6700 6533 6697 
3 7607 3512 4511 
3 6697 6533 6694 
3 6545 6235 6707 
3 6699 6965 6538 
3 6964 6532 6968 
3 6532 6964 6963 
3 5945 6700 6697 
3 6699 6966 6965 
3 6700 6706 6702 
3 6700 6702 6533 
3 6842 6218 6718 
3 6099 6838 6841 
3 11415 11395 11425 
3 6388 7197 6703 
3 11433 8541 1964 
3 6965 6968 6538 
3 6388 6705 6704 
3 6543 6845 6846 
3 5649 1402 5721 
3 6704 7197 6388 
3 6236 10714 6152 
3 6299 4307 12285 
3 6231 6545 6847 
3 6711 7094 6110 
3 4624 7067 6503 
3 6706 6386 6702 
3 6853 6716 6715 
3 6505 6501 4367 
3 8719 8841 8294 
3 12470 10625 12493 
3 6241 6846 6252 
3 4243 10292 2252 
3 6338 6336 6051 
3 11479 10545 8577 
3 6063 6061 5790 
3 5783 5916 5664 
3 6720 6715 6726 
3 6697 6089 5945 
3 11564 11559 9624 
3 6254 6851 5963 
3 7441 6703 7197 
3 6853 6717 6716 
3 6732 6857 6718 
3 6732 6718 6552 
3 6397 6849 6717 
3 1200 1202 3408 
3 2101 1733 1730 
3 5715 5317 5595 
3 13350 7353 9416 
3 243 8941 5078 
3 6851 6254 6729 
3 11000 10989 10002 
3 2252 10292 4276 
3 6396 7335 6723 
3 12570 12772 12776 
3 4254 4266 2140 
3 6727 6730 6555 
3 5082 11603 12511 
3 6567 6726 6735 
3 5444 4060 10500 
3 8238 13054 10220 
3 2890 2691 2688 
3 6734 6983 6862 
3 10625 11544 10626 
3 6454 8400 8387 
3 6381 1489 12447 
3 6409 6726 6567 
3 6734 6872 6571 
3 12581 58 6300 
3 13600 6188 13619 
3 6560 6744 6870 
3 6732 6552 6731 
3 6723 7105 6406 
3 2280 2113 2019 
3 6735 6566 6573 
3 6872 6743 6571 
3 6319 5864 462 
3 7164 2484 3588 
3 6737 6585 6580 
3 7776 2639 2643 
3 6444 6624 6628 
3 12329 8276 6404 
3 6588 6274 6129 
3 6560 6575 6405 
3 5431 4257 4274 
3 6065 5924 6193 
3 11357 11519 11437 
3 11357 11437 11182 
3 5864 12714 462 
3 6193 6809 6065 
3 2173 7845 4003 
3 6750 6872 6601 
3 7104 5127 9141 
3 6594 6750 6601 
3 6209 5639 6239 
3 6596 6600 6869 
3 6577 6743 6582 
3 6753 6598 6596 
3 224 253 251 
3 7217 7468 7102 
3 6885 7115 6603 
3 6133 6755 6995 
3 6751 6276 7343 
3 5951 6101 6391 
3 7499 7592 7597 
3 13334 11504 11484 
3 13449 11547 4843 
3 6755 6425 6756 
3 6606 6883 6757 
3 6756 6606 6757 
3 6606 6756 6425 
3 6276 5730 7005 
3 6604 6428 6134 
3 8320 6404 8276 
3 6276 7005 7343 
3 5993 5946 4795 
3 6283 6616 6606 
3 7084 6152 10503 
3 8631 10626 11544 
3 6606 6890 6883 
3 6606 6616 6890 
3 6886 7115 6885 
3 5224 4837 4668 
3 6616 6893 6890 
3 6616 6620 6893 
3 4775 4680 4088 
3 6892 6889 6621 
3 6288 6620 6002 
3 10186 7084 10503 
3 4998 7917 8269 
3 6899 6629 6440 
3 7018 6620 6288 
3 6630 6437 7014 
3 12000 11125 11108 
3 7979 12815 6255 
3 6758 6624 6444 
3 6624 6768 6776 
3 6450 6622 6446 
3 9937 8947 6249 
3 7067 4624 3434 
3 6708 6706 5947 
3 12666 174 332 
3 1025 12422 11309 
3 6774 6898 6773 
3 6774 6641 6771 
3 6898 6774 6771 
3 2465 2272 2653 
3 6779 6772 6632 
3 2077 12803 3198 
3 6265 10756 13879 
3 5522 5640 5445 
3 13491 577 13507 
3 6458 7031 6779 
3 10370 10367 10383 
3 6771 6641 7121 
3 5960 6117 6577 
3 5942 6091 6036 
3 5445 5640 5629 
3 13320 10562 4397 
3 5629 62 5445 
3 6775 6899 7124 
3 10549 11484 7651 
3 5328 4288 6394 
3 7014 7027 6630 
3 6631 6458 6295 
3 7248 6453 6907 
3 6851 6537 5963 
3 6159 6630 6314 
3 6640 6636 6773 
3 6910 7136 6468 
3 13576 5522 5445 
3 6911 6646 6312 
3 11695 5659 13580 
3 5996 6087 5993 
3 6913 6475 6793 
3 6354 8276 6355 
3 13599 13600 13619 
3 6469 6794 6308 
3 12204 11608 11389 
3 6788 6791 7027 
3 7747 6795 7136 
3 180 174 5244 
3 6316 6793 6475 
3 6788 6793 6316 
3 7027 6791 6314 
3 9137 6423 9132 
3 9694 12483 7659 
3 13850 8086 1492 
3 6653 6794 6469 
3 6312 6313 7032 
3 6651 6648 6917 
3 4306 5365 4302 
3 7038 6650 6652 
3 3546 9402 11842 
3 11681 9732 12612 
3 6798 6030 6482 
3 13576 5445 5238 
3 5238 5445 62 
3 6794 6653 7146 
3 8421 4065 8052 
3 10601 8631 11544 
3 8267 8276 12329 
3 13590 13174 13379 
3 9732 11666 8731 
3 6483 6920 6924 
3 6920 7268 6924 
3 6175 6176 6926 
3 6924 6658 6483 
3 8082 8056 8096 
3 6176 6490 6926 
3 992 12765 1280 
3 5726 569 6739 
3 12587 9710 10716 
3 5138 4589 5136 
3 8143 7273 5476 
3 7431 6827 8050 
3 7271 6490 7055 
3 9710 12587 8737 
3 68 5206 11513 
3 6802 7163 6669 
3 6802 6664 7163 
3 7056 6055 6495 
3 7056 6496 6055 
3 6904 6022 8734 
3 7281 6498 6185 
3 7275 7054 6663 
3 7281 6803 6498 
3 6499 6670 6500 
3 6185 6671 7281 
3 9637 10648 7732 
3 7167 6672 7058 
3 1610 10320 6069 
3 7515 9968 7508 
3 6811 6810 6348 
3 12555 12550 4668 
3 2498 2136 2311 
3 7172 6809 6945 
3 7172 6677 6809 
3 7063 6944 6507 
3 6809 6193 6945 
3 6945 6193 6674 
3 6348 6070 6811 
3 7172 6678 6677 
3 6674 6504 6942 
3 13545 11804 13546 
3 6071 6679 6198 
3 7585 13607 13616 
3 7177 6684 7070 
3 5174 4106 8226 
3 7298 7177 7178 
3 10103 10087 5753 
3 5134 5117 752 
3 3483 1297 10576 
3 6816 6949 6683 
3 7823 5453 6799 
3 12034 11628 12830 
3 12330 12134 12736 
3 10507 10499 9460 
3 7594 7737 8112 
3 6956 6517 6685 
3 11387 12336 8489 
3 8155 7899 7773 
3 7177 7298 6679 
3 11402 10487 13262 
3 6824 6519 6363 
3 7075 7070 6519 
3 6363 6519 5928 
3 7681 7074 6956 
3 6688 6825 6826 
3 9647 3899 9714 
3 7080 6083 6961 
3 6366 6830 6831 
3 12340 10499 10495 
3 8271 7243 6275 
3 11197 12626 12627 
3 10211 4178 4102 
3 7080 6961 8051 
3 13944 7895 13428 
3 6961 6691 7312 
3 7502 8397 8120 
3 6808 6943 6191 
3 10477 8507 12325 
3 6532 6097 6968 
3 10480 9436 10465 
3 6838 6379 6963 
3 6532 6963 6379 
3 5224 5213 4837 
3 6841 6389 6099 
3 6699 6969 6966 
3 13509 11632 13517 
3 4100 2164 1128 
3 6703 7440 6845 
3 10651 10658 12531 
3 9714 4295 5649 
3 1823 6253 12175 
3 6225 4114 3108 
3 12087 12084 9045 
3 6331 12254 2313 
3 13217 11374 9406 
3 6698 6088 6835 
3 6703 6845 6543 
3 9308 7184 4043 
3 13351 1182 13929 
3 6537 6851 6840 
3 1392 2074 5007 
3 13197 11334 13185 
3 7946 6125 6098 
3 6919 7384 7381 
3 12904 6789 13810 
3 12323 8481 11368 
3 6568 6874 6731 
3 5952 6847 6976 
3 6849 6386 6706 
3 12322 8483 7571 
3 7381 7384 7616 
3 12352 9460 9465 
3 6846 6852 6553 
3 7097 6856 6722 
3 1029 3316 4374 
3 6397 6386 6849 
3 7335 6396 7459 
3 12278 13488 13275 
3 12518 10645 13470 
3 6856 7097 6979 
3 12540 4555 13489 
3 6399 6261 6727 
3 6114 6566 6735 
3 2774 4245 12364 
3 11368 8481 10450 
3 6958 7289 5973 
3 6550 6399 6727 
3 11549 13168 11324 
3 5109 13470 13479 
3 10503 5444 10500 
3 5754 7064 7065 
3 7216 6576 6262 
3 5815 5812 10146 
3 13619 6188 6178 
3 6463 6161 6311 
3 12301 8480 12308 
3 8369 6452 3707 
3 2180 3223 8696 
3 6267 6133 6744 
3 6746 6587 6583 
3 13489 4471 13479 
3 13479 4471 5109 
3 6072 6071 6198 
3 6869 6862 6866 
3 4689 8081 8097 
3 7063 6507 6810 
3 6862 6869 6734 
3 6734 6869 6872 
3 2106 4254 2140 
3 6744 6873 6870 
3 6992 6874 6870 
3 6866 6596 6869 
3 11766 5624 1353 
3 10421 11349 9386 
3 6992 6870 6873 
3 6989 6593 6586 
3 6603 6988 6742 
3 10121 12025 12021 
3 5639 8908 6239 
3 6872 6750 6743 
3 6750 6582 6743 
3 6594 6746 6582 
3 6576 7218 6420 
3 6753 6596 6866 
3 6420 7218 6754 
3 6090 6165 6087 
3 13188 9402 7531 
3 6126 6593 6604 
3 6995 6755 6996 
3 6758 6753 6998 
3 7956 6057 2027 
3 6996 6756 6757 
3 9727 3840 1273 
3 6754 7226 6602 
3 12366 11414 13676 
3 7868 7744 8118 
3 3147 7851 13 
3 7351 6883 6887 
3 7531 9385 13188 
3 6760 7008 6767 
3 6896 6772 7123 
3 990 9395 9445 
3 6440 6759 7361 
3 6887 6890 7239 
3 7441 7197 7569 
3 6624 7230 6768 
3 12953 8440 4666 
3 7018 6893 6620 
3 6440 7361 6899 
3 6889 6442 6621 
3 1171 8902 1210 
3 6145 6453 7013 
3 3147 737 5510 
3 11385 11198 11824 
3 9341 10346 11289 
3 12503 9680 4843 
3 6289 6772 6896 
3 6233 5479 5584 
3 11484 11504 8604 
3 11319 8388 8409 
3 8331 7674 7557 
3 6842 6981 7085 
3 2140 4266 2990 
3 9917 171 187 
3 7700 7441 7569 
3 12981 11130 12068 
3 7373 7250 6779 
3 7250 6772 6779 
3 5849 5967 5588 
3 629 3303 3176 
3 2174 8056 6172 
3 6459 7033 6305 
3 12364 7149 13585 
3 7020 7027 7014 
3 12662 5864 5522 
3 9928 10364 13641 
3 5789 5672 5286 
3 7253 6768 7499 
3 6634 6910 6464 
3 6458 6631 7031 
3 7018 6288 7019 
3 6767 6437 6428 
3 6785 7121 6641 
3 13429 6092 13642 
3 7029 6776 7253 
3 6631 6460 7031 
3 6814 8313 8340 
3 6460 6781 7031 
3 8427 8567 7893 
3 6908 6788 7027 
3 6463 7132 6781 
3 13434 9694 10591 
3 13435 13349 12357 
3 13168 8390 11324 
3 9271 2445 8946 
3 6908 6793 6788 
3 5996 5993 4811 
3 6463 6790 7132 
3 13068 13070 12669 
3 12204 11389 11299 
3 4474 13705 13873 
3 9272 5644 10293 
3 8477 8476 8324 
3 7614 7135 7256 
3 6911 6312 7032 
3 8347 8450 8384 
3 9347 5319 13914 
3 10648 9637 3440 
3 8494 6570 10589 
3 7059 6940 7636 
3 13891 2721 4625 
3 11468 12365 6780 
3 5319 526 13914 
3 13434 10591 13437 
3 2036 6013 10112 
3 10494 13771 13765 
3 12483 13422 7659 
3 7038 6652 6476 
3 13654 13700 12719 
3 6298 6305 6018 
3 5215 180 5244 
3 8291 8583 8438 
3 10530 5872 10534 
3 6942 6504 6941 
3 6919 6318 6655 
3 6921 7267 6657 
3 5872 10530 5857 
3 10350 6599 7481 
3 7050 6927 6931 
3 7052 6925 7157 
3 6338 7051 6931 
3 7415 10362 7453 
3 6495 6665 6933 
3 13527 6024 9698 
3 9894 13720 7932 
3 6046 7596 10058 
3 1782 1663 1597 
3 3657 13403 3632 
3 7360 7598 7741 
3 6803 7051 6338 
3 7187 7303 6823 
3 3711 9723 5678 
3 12365 5872 6780 
3 6863 6557 5849 
3 6670 6499 7165 
3 10350 9312 6599 
3 7284 6804 7059 
3 13850 1492 6179 
3 11295 9312 10350 
3 6804 6940 7059 
3 6193 5924 6674 
3 13698 5055 5300 
3 7399 7172 6945 
3 3858 3581 13495 
3 8676 9655 13471 
3 3581 3858 1683 
3 378 437 465 
3 7173 6812 6678 
3 7174 6947 6812 
3 7500 7492 7121 
3 6679 6817 6198 
3 12450 3543 13399 
3 12682 1181 7517 
3 7603 8539 8396 
3 11438 8540 10517 
3 7379 7650 13259 
3 3575 2023 2032 
3 1375 1571 1447 
3 5441 5259 5088 
3 12485 10636 12438 
3 7068 6956 6685 
3 9291 9305 7443 
3 10297 9305 9291 
3 4421 4417 2329 
3 8465 8885 8739 
3 6363 6826 6824 
3 13638 4756 8649 
3 5753 10087 9890 
3 11293 843 7687 
3 13531 4974 4862 
3 11892 12007 7232 
3 11679 9728 6914 
3 8927 7925 4756 
3 6155 6151 8858 
3 571 659 610 
3 8777 395 9021 
3 6824 6826 6825 
3 6983 6974 7329 
3 8440 12953 8340 
3 1308 2576 2547 
3 13575 9019 5071 
3 5928 5803 6363 
3 13469 11619 8687 
3 8409 6661 9387 
3 12323 8507 8481 
3 7383 4447 12146 
3 6172 10941 6098 
3 4756 13638 8927 
3 9238 13197 3806 
3 6897 6766 6953 
3 8503 4572 6562 
3 458 12267 12256 
3 6595 6613 6431 
3 11965 3869 4595 
3 6831 6835 6088 
3 13197 3768 3806 
3 7644 121 7723 
3 2770 3970 6006 
3 10224 4715 8097 
3 3346 3319 765 
3 2093 5145 1070 
3 7440 6703 7441 
3 6838 6970 6841 
3 3955 2770 6006 
3 11243 10284 9270 
3 6975 6976 7201 
3 6975 6844 6976 
3 6963 6964 7087 
3 6844 6975 6843 
3 6705 6975 7092 
3 7092 7200 6705 
3 5510 9890 3147 
3 9627 10651 9624 
3 6851 7455 6840 
3 275 12450 13362 
3 6978 6976 6847 
3 7201 6976 6978 
3 4671 2858 11259 
3 13441 4100 9500 
3 10173 11130 12981 
3 7633 7635 7772 
3 6707 6856 6979 
3 6396 7094 7459 
3 6233 5584 5468 
3 6715 6720 6853 
3 6995 6996 6992 
3 3490 3457 120 
3 997 1087 1133 
3 6959 9815 8804 
3 10267 7392 9272 
3 878 917 877 
3 13337 13929 13331 
3 6545 6707 6978 
3 6874 6575 6870 
3 9235 13332 10492 
3 6742 6988 6858 
3 6940 6804 6502 
3 7107 6874 6992 
3 2120 6118 10149 
3 6111 10149 9920 
3 6995 6873 6133 
3 6298 5874 6628 
3 6992 6873 6995 
3 11539 512 7 
3 7223 6593 6989 
3 6872 6869 6600 
3 4563 4351 4568 
3 5611 5618 7521 
3 11429 11418 4245 
3 11414 2871 13676 
3 6593 7112 6604 
3 6625 6622 6626 
3 1947 8926 1798 
3 7109 6757 7001 
3 6757 6883 7001 
3 13324 2911 2895 
3 6758 6998 7000 
3 7228 6603 7115 
3 2080 2062 3179 
3 8927 13638 3820 
3 5752 4594 7043 
3 12376 12364 4245 
3 7839 7460 7332 
3 7791 8027 8030 
3 10046 4457 7211 
3 7221 7589 7469 
3 6767 7008 7014 
3 6515 4628 11207 
3 8648 4629 6447 
3 1144 6609 1161 
3 12503 4970 9680 
3 11977 1942 7867 
3 7123 7015 6896 
3 7119 7009 6892 
3 6459 6776 7029 
3 7008 7020 7014 
3 4206 9704 5053 
3 6510 12146 10192 
3 6771 7121 7116 
3 8242 5592 10228 
3 7126 7018 7019 
3 7013 6453 7248 
3 4870 13462 11554 
3 6893 7018 7239 
3 13961 7357 13962 
3 4405 7147 13319 
3 6701 7708 2590 
3 6581 11587 12048 
3 13480 13282 12362 
3 8238 9960 13054 
3 6538 6968 6100 
3 7834 11718 6957 
3 602 653 693 
3 10869 2435 1241 
3 2661 2659 6381 
3 62 3432 5215 
3 6910 6634 7124 
3 9337 13698 5300 
3 7130 6793 6908 
3 7031 6781 7259 
3 11319 11318 10373 
3 13209 12356 2517 
3 8390 13168 12244 
3 6907 6798 7137 
3 13070 12263 12669 
3 6911 7131 6905 
3 6911 7032 7131 
3 7130 6913 6793 
3 10941 6046 6098 
3 7136 6910 7129 
3 7213 7329 7333 
3 12364 13585 13524 
3 7454 11303 9315 
3 8142 8244 9426 
3 8086 13850 4226 
3 9472 6714 4202 
3 7131 7032 7127 
3 6798 7510 7137 
3 7260 6476 6913 
3 11681 11666 9732 
3 6917 7042 6654 
3 6651 6917 6654 
3 7143 7753 7042 
3 12763 12959 12166 
3 6798 6482 7510 
3 13273 7117 10426 
3 7151 6920 6654 
3 10352 10138 10819 
3 6920 7151 7268 
3 2027 12079 7596 
3 9738 7519 8623 
3 8124 5920 12741 
3 9060 7209 11980 
3 13115 855 11850 
3 2496 488 5261 
3 13178 13273 2298 
3 6924 7160 6658 
3 1126 2363 2329 
3 7271 7272 6490 
3 13782 13700 7086 
3 7044 7157 6925 
3 7157 7625 7052 
3 7272 6926 6490 
3 6488 7160 7163 
3 7053 6933 6665 
3 7056 6495 7276 
3 1913 5117 3009 
3 13139 13209 13377 
3 9274 8927 3820 
3 7275 7389 7054 
3 2171 13253 13247 
3 7282 6670 7165 
3 7284 7281 6671 
3 10179 6451 10173 
3 6673 7167 6941 
3 6943 6805 6346 
3 7061 6943 6808 
3 6944 7061 6808 
3 7400 7063 6810 
3 10390 12303 12942 
3 12458 12408 10539 
3 6678 7401 7173 
3 7530 6947 7174 
3 7538 7655 7797 
3 13890 13886 4605 
3 4174 12070 11125 
3 6817 6679 7546 
3 12952 7900 3759 
3 4880 4703 4311 
3 690 13276 13296 
3 13563 13156 13354 
3 11281 6591 13147 
3 7183 7295 7293 
3 5346 109 12377 
3 11611 11812 11813 
3 2023 3575 1014 
3 8375 9330 6617 
3 10541 3347 5325 
3 3130 830 10609 
3 6701 2595 4632 
3 11350 11823 13216 
3 7070 7310 7181 
3 9633 9846 10514 
3 8554 7559 6565 
3 7077 7185 7073 
3 11130 6436 9137 
3 8102 8527 8667 
3 7179 7183 7073 
3 6517 7074 7311 
3 6519 6824 7075 
3 6824 7072 7075 
3 2855 6472 7476 
3 4555 13509 4471 
3 6215 8211 7252 
3 6864 12512 7904 
3 7890 7516 7388 
3 13323 2917 13329 
3 7311 6364 6517 
3 5958 8653 4996 
3 7433 6961 7312 
3 1738 1680 12537 
3 4530 7030 4534 
3 6831 7191 6835 
3 7917 4998 140 
3 2973 12405 1037 
3 6964 6968 7444 
3 12860 11315 4178 
3 5844 3811 13785 
3 6967 6838 7087 
3 6963 7087 6838 
3 6843 6975 6705 
3 6968 6965 7444 
3 7195 6969 6840 
3 7252 8232 8245 
3 9267 10276 8300 
3 7870 7980 7869 
3 6704 6705 7200 
3 8164 10139 10134 
3 6340 6499 6500 
3 7570 7091 7455 
3 6698 7198 6974 
3 4979 3167 10934 
3 1200 1196 6547 
3 7206 7092 6975 
3 2839 13048 2916 
3 6711 6841 7202 
3 7095 6978 6707 
3 2911 13324 9243 
3 6978 7095 7330 
3 1200 6547 9802 
3 7095 6707 6979 
3 3873 6990 7921 
3 11878 13826 5865 
3 6370 8247 8227 
3 6729 6858 7212 
3 7583 6981 6857 
3 6090 6130 6165 
3 11519 2640 6915 
3 926 1056 1005 
3 12352 10507 9460 
3 6858 6988 7212 
3 7440 7205 6845 
3 3981 3990 3871 
3 8143 9110 13901 
3 2382 2370 1196 
3 7213 7333 6866 
3 12395 13331 13929 
3 2923 12499 13518 
3 8917 8504 8502 
3 8311 12867 8018 
3 12022 13901 9110 
3 6751 7718 7217 
3 2626 2816 2813 
3 9551 9594 737 
3 7533 8032 7535 
3 9073 8821 9201 
3 6989 7106 7223 
3 6988 6603 7339 
3 6406 7105 7106 
3 2602 7425 3163 
3 11833 13773 7738 
3 6998 6866 7344 
3 7425 2602 7604 
3 6754 7342 7226 
3 1081 1036 1178 
3 12486 12711 12107 
3 6992 6996 7107 
3 11620 8682 10636 
3 6996 7109 7107 
3 4683 8701 8649 
3 10276 9260 11238 
3 6998 6753 6866 
3 5510 737 9594 
3 3779 9821 3755 
3 6883 7351 7001 
3 2602 3163 5028 
3 13152 1232 12229 
3 1031 867 1119 
3 13486 13483 13717 
3 12393 3868 964 
3 7348 7345 7109 
3 1787 3817 9833 
3 5822 4647 5828 
3 6147 6450 6446 
3 7367 7018 7126 
3 7230 7000 7354 
3 7001 7351 7477 
3 9032 9442 9160 
3 7060 7398 6945 
3 6624 6758 7230 
3 7439 7696 7449 
3 7235 7484 7355 
3 7005 6433 7229 
3 6887 7118 7231 
3 1183 13152 12220 
3 6886 6889 7009 
3 7231 7351 6887 
3 665 7658 13691 
3 6771 7116 6898 
3 6898 7484 7235 
3 5612 5416 5236 
3 9078 12935 7237 
3 11342 10365 13216 
3 7239 7118 6887 
3 7499 6768 7230 
3 11092 30 1202 
3 7242 7020 7008 
3 7365 7119 6892 
3 6626 6622 6450 
3 12898 8478 8514 
3 7241 6899 7361 
3 6773 6898 7235 
3 6892 7015 7365 
3 1671 4068 8595 
3 178 1240 3175 
3 7147 4405 6223 
3 7020 7130 6908 
3 11919 12834 11008 
3 7123 6772 7250 
3 9064 8091 9060 
3 6329 5775 5772 
3 7129 6910 7124 
3 6785 7500 7121 
3 7498 7130 7364 
3 7256 7029 7253 
3 7124 6634 6775 
3 5891 5636 6470 
3 12924 12929 9064 
3 7507 7250 7373 
3 6905 7131 7126 
3 387 4222 3339 
3 13388 10541 8249 
3 7033 6459 7029 
3 7137 7248 6907 
3 10153 12068 11130 
3 7764 7279 7160 
3 1025 2031 3959 
3 8386 8347 8374 
3 12458 10539 7234 
3 7139 6650 7370 
3 7132 6790 7372 
3 6692 6693 6525 
3 30 1248 1213 
3 7254 7412 7435 
3 7144 6795 7747 
3 10565 1471 10214 
3 7373 7611 7746 
3 6672 7167 6673 
3 4600 6682 1397 
3 7146 7376 6794 
3 7891 10928 10942 
3 6919 7381 7146 
3 11100 10153 9132 
3 4516 8456 6529 
3 13973 11181 9909 
3 8137 7759 8559 
3 11970 11017 10044 
3 9909 10615 2631 
3 8725 4202 13855 
3 7146 6653 6919 
3 8341 8495 8343 
3 11404 491 4317 
3 7145 6921 6656 
3 7254 7435 7232 
3 7154 6655 6927 
3 6658 7160 6488 
3 6931 7051 7050 
3 8616 3876 2958 
3 7130 7020 7242 
3 7055 7389 7516 
3 7054 7389 7055 
3 9414 9412 9374 
3 7053 7626 6933 
3 7053 7625 7626 
3 7683 5768 11758 
3 7625 7044 7755 
3 5661 2550 11944 
3 7393 7632 7165 
3 7282 7057 6670 
3 7165 6499 7393 
3 6669 7393 6499 
3 6332 6049 5660 
3 7520 7281 7394 
3 9799 6848 12966 
3 11017 8048 11003 
3 7285 7168 7058 
3 7168 7167 7058 
3 7168 6942 6941 
3 6805 6943 7171 
3 6805 6060 6346 
3 307 11481 11594 
3 350 13884 4597 
3 7254 7232 12007 
3 7171 6943 7061 
3 6504 6673 6941 
3 10016 9025 11010 
3 7401 6678 7172 
3 10409 13139 2099 
3 7173 7174 6812 
3 6947 7530 7402 
3 9262 1671 341 
3 7549 6679 7298 
3 12874 11003 10005 
3 11224 209 307 
3 6674 7396 7060 
3 13662 11805 9853 
3 8064 8345 8057 
3 7180 6686 6815 
3 7296 6685 6817 
3 5946 5993 6087 
3 2698 12962 7270 
3 5424 5426 5751 
3 7307 7183 7293 
3 7176 7417 6949 
3 209 12149 11261 
3 10241 258 11270 
3 8332 7684 8487 
3 7178 7070 7181 
3 6691 6842 7085 
3 8029 9011 11000 
3 6815 7302 7180 
3 11000 10002 8029 
3 6816 7176 6949 
3 7072 7307 7424 
3 1515 11382 9343 
3 3136 11270 258 
3 7072 6825 7307 
3 7303 6819 6823 
3 7262 7143 6916 
3 4858 5139 11092 
3 7070 7075 7310 
3 1886 2125 1887 
3 6825 7072 6824 
3 7424 7310 7072 
3 2876 6833 4819 
3 6956 7074 6517 
3 7432 6830 6827 
3 6969 6537 6840 
3 12735 12748 2866 
3 7453 7463 8374 
3 7494 8108 8110 
3 9500 13650 13441 
3 6852 7331 7216 
3 2726 3262 3040 
3 9003 7120 9975 
3 7445 7312 7085 
3 6964 7444 7702 
3 11204 13060 3011 
3 6970 6838 6967 
3 12141 13074 13064 
3 218 13574 13598 
3 7195 6840 7091 
3 7197 6704 7323 
3 11204 3011 12149 
3 13064 13074 11028 
3 6841 6711 6389 
3 12038 10134 10139 
3 6840 7455 7091 
3 7319 7087 6964 
3 7207 7206 6975 
3 6981 7578 7085 
3 10886 12113 8148 
3 6852 7205 7449 
3 6845 7205 6852 
3 7460 7330 6979 
3 6979 7330 7095 
3 286 6839 4829 
3 5303 5386 4934 
3 8974 11920 10963 
3 1216 1231 4458 
3 7102 7332 6728 
3 7579 7462 7464 
3 5678 9723 5659 
3 7212 6988 7462 
3 3664 9674 7585 
3 11587 6915 2501 
3 6579 5579 4525 
3 11738 6962 8819 
3 6863 7217 7102 
3 7340 6988 7339 
3 237 228 5742 
3 7774 7899 7903 
3 395 7568 8129 
3 6633 12525 4566 
3 7151 7753 7997 
3 12965 12066 12071 
3 2389 2382 1196 
3 7218 7331 7342 
3 9110 9106 10104 
3 13360 1541 5292 
3 7106 7219 7223 
3 5353 2764 12109 
3 11519 6915 11587 
3 7100 7196 7096 
3 7223 7219 7224 
3 7590 7224 7219 
3 9738 9746 4407 
3 7347 7339 6603 
3 7224 7112 7223 
3 7354 7000 7344 
3 11606 10537 11605 
3 7489 7478 7356 
3 7348 7109 7001 
3 9189 11313 10341 
3 7591 7348 7477 
3 7348 7001 7477 
3 7231 7355 7351 
3 6758 7000 7230 
3 7027 6314 6630 
3 13406 1806 2021 
3 6602 7486 6759 
3 7345 7348 7591 
3 7112 7224 7242 
3 7236 6759 7486 
3 7112 7242 7008 
3 7483 7355 7484 
3 2682 13004 2694 
3 7224 7590 7362 
3 13974 7435 7412 
3 10365 9239 13216 
3 7116 7121 7492 
3 7229 6433 7013 
3 12087 13978 12084 
3 11792 12319 6903 
3 3438 9931 6237 
3 8947 9927 4326 
3 7356 7116 7492 
3 3446 2519 2430 
3 6220 4326 9927 
3 10864 13694 5211 
3 7116 7484 6898 
3 7257 7130 7369 
3 5153 5152 13119 
3 1936 2011 1795 
3 7896 8006 8155 
3 7241 7361 7363 
3 514 710 517 
3 13026 12418 13031 
3 12931 249 10498 
3 7244 6773 7235 
3 12898 12897 8478 
3 7241 7601 7124 
3 6899 7241 7124 
3 8759 8764 6922 
3 8347 8386 8450 
3 5202 6273 3125 
3 7367 7239 7018 
3 7364 7130 7242 
3 7376 7500 6785 
3 7369 7130 7498 
3 7598 7119 7365 
3 9839 11909 9743 
3 7058 6672 6939 
3 5861 1563 7864 
3 7131 7127 7251 
3 7126 7131 7251 
3 7244 7251 7127 
3 12904 13810 12851 
3 8090 9066 11990 
3 6321 6652 6035 
3 7506 7132 7372 
3 3163 7425 12067 
3 11866 5255 12777 
3 3623 10157 13956 
3 7127 6773 7244 
3 7610 6781 7132 
3 7610 7259 6781 
3 3163 12067 7270 
3 7256 7135 7029 
3 7033 7029 7135 
3 2293 1071 5461 
3 1384 1320 1511 
3 7260 7370 7038 
3 3422 1206 3404 
3 7372 6790 7139 
3 2051 3159 2070 
3 10046 11023 10042 
3 7145 7144 7511 
3 11754 7658 13671 
3 6654 7042 7151 
3 7675 5755 3757 
3 13273 10426 2298 
3 6482 7266 7510 
3 7154 6919 6655 
3 7044 6657 7267 
3 7269 6924 7268 
3 3977 5166 10339 
3 7269 7764 6924 
3 7837 12852 13811 
3 5573 11687 9640 
3 1592 5573 9640 
3 11687 5573 11639 
3 7912 9980 6894 
3 7274 7050 7051 
3 7627 7276 7626 
3 6356 6683 6815 
3 7275 7277 7761 
3 7276 6933 7626 
3 7764 7160 6924 
3 7053 6333 7052 
3 6663 7161 7275 
3 7277 7056 7276 
3 7175 9011 8043 
3 7520 7051 6803 
3 7393 6669 7279 
3 6340 6181 6802 
3 3203 663 3228 
3 7401 7640 7173 
3 13913 12017 2109 
3 5062 243 5078 
3 6420 5983 6415 
3 6674 6942 7396 
3 7286 6942 7168 
3 7636 6805 7171 
3 7396 6942 7286 
3 9089 10093 7233 
3 10016 9011 9025 
3 4065 3930 13837 
3 7290 7063 7400 
3 7405 7406 7652 
3 2986 2987 2882 
3 7411 7295 7410 
3 7295 7543 7410 
3 7708 7671 2590 
3 7411 7293 7295 
3 7295 7416 7543 
3 884 886 6541 
3 7295 7179 7416 
3 3557 10453 1396 
3 2671 2863 2868 
3 8687 11619 10681 
3 11953 7803 10024 
3 7295 7183 7179 
3 7555 7416 7179 
3 6949 7551 7300 
3 6949 7936 7551 
3 286 4402 2713 
3 9716 9717 9511 
3 13533 13920 7039 
3 2271 12954 2254 
3 6455 6427 5400 
3 7417 7936 6949 
3 1699 2136 1697 
3 7073 7308 7179 
3 1248 30 64 
3 7176 6819 7303 
3 7424 7307 7293 
3 5205 11788 12724 
3 12662 11732 12714 
3 7296 7068 6685 
3 1937 1823 12152 
3 7183 7077 7073 
3 12555 11629 9709 
3 9397 8480 12301 
3 13790 7289 12826 
3 535 12587 10716 
3 7074 7682 7311 
3 7432 6827 7431 
3 5709 3557 4578 
3 5753 9890 5510 
3 6222 6546 6391 
3 8754 7939 7674 
3 6830 7432 6831 
3 13819 745 1740 
3 7191 6831 7432 
3 7314 7433 7312 
3 7817 11928 3479 
3 10658 10651 8670 
3 2298 8122 13253 
3 6964 7702 7319 
3 1096 5591 1105 
3 7437 6967 7087 
3 6253 1823 1775 
3 9395 990 9216 
3 9714 803 9647 
3 6973 8970 8941 
3 292 8941 8970 
3 7085 7578 7445 
3 6209 6253 1775 
3 10873 6236 10641 
3 6708 6849 6706 
3 6209 6239 6253 
3 1978 786 6882 
3 6970 7202 6841 
3 7092 7206 7200 
3 2930 13058 11028 
3 7329 6974 7198 
3 7326 7201 6978 
3 6756 6996 6755 
3 7458 7329 7198 
3 3664 7585 1647 
3 5149 6462 11420 
3 3198 12803 13063 
3 12126 12127 11932 
3 13059 11184 2916 
3 6979 7097 7460 
3 7467 7580 7341 
3 7583 7578 6981 
3 3176 11530 629 
3 11186 11191 13058 
3 6989 6586 6406 
3 5592 6895 10228 
3 5996 6090 6087 
3 6985 6421 6742 
3 249 283 2289 
3 7217 7718 7717 
3 7341 7333 7467 
3 6060 6940 6502 
3 1689 5639 6209 
3 7341 7464 7340 
3 6857 6732 7221 
3 7344 6866 7333 
3 6586 5976 6406 
3 7339 7475 7340 
3 13240 453 1480 
3 7340 7475 7341 
3 6962 12642 7825 
3 7347 7475 7339 
3 7722 6751 7343 
3 7414 7411 7544 
3 7469 6857 7221 
3 7475 7344 7341 
3 9736 10393 10159 
3 8876 9190 8853 
3 13029 13025 13032 
3 6218 6842 6691 
3 12087 2672 13980 
3 2198 13178 2298 
3 5946 6050 4913 
3 7475 7350 7344 
3 7354 7344 7350 
3 7718 6751 7722 
3 7343 7229 7726 
3 8764 8783 7810 
3 3157 4196 3166 
3 6598 6753 6758 
3 12802 11870 332 
3 7347 7228 7480 
3 1359 1360 1303 
3 7351 7483 7477 
3 12108 10199 12998 
3 7226 7731 7734 
3 7229 7343 7005 
3 7486 7490 7236 
3 13690 5630 93 
3 3018 5472 3025 
3 9779 8783 10757 
3 8081 3566 8080 
3 7362 7498 7364 
3 6306 11707 4183 
3 10596 11159 1270 
3 3457 5585 68 
3 13859 12898 8514 
3 7360 7228 7115 
3 10005 11003 7150 
3 7231 7235 7355 
3 7360 7009 7119 
3 7362 7242 7224 
3 7361 6759 7236 
3 7497 7228 7360 
3 10157 13971 13956 
3 7362 7364 7242 
3 7362 7594 7498 
3 7499 7230 7592 
3 7118 7244 7231 
3 11576 13478 7487 
3 7244 7235 7231 
3 8949 9319 8817 
3 7119 7598 7360 
3 5097 3006 4831 
3 4767 1217 1505 
3 7248 7869 7013 
3 10737 8751 6930 
3 7251 7244 7118 
3 1566 1568 11502 
3 11757 9831 9828 
3 1551 2804 2801 
3 7123 7602 7015 
3 7609 7139 7370 
3 7868 7015 7602 
3 7019 6905 7126 
3 9916 5255 11866 
3 6202 6091 6203 
3 7126 7251 7367 
3 3461 2312 3458 
3 6814 6714 8313 
3 1297 10327 10735 
3 6981 6718 6857 
3 6038 6477 6321 
3 7605 7250 7507 
3 7879 7248 7137 
3 6672 6670 6939 
3 2886 9743 11909 
3 9341 10374 6637 
3 9728 9742 8760 
3 278 249 12931 
3 7370 7260 7369 
3 7611 7373 7259 
3 10158 10148 10392 
3 13810 13811 12851 
3 7257 7369 7260 
3 7262 7033 7135 
3 10157 3623 2502 
3 10103 5753 9797 
3 6371 6375 2415 
3 6909 8759 6062 
3 7875 7144 7747 
3 9710 6912 10716 
3 6930 7793 5113 
3 11670 8759 6909 
3 9513 8570 10538 
3 7381 8264 7512 
3 6670 6672 6500 
3 7512 7146 7381 
3 6281 824 7891 
3 8023 8296 8719 
3 2200 6784 8540 
3 11508 1504 13967 
3 11348 10516 12197 
3 8633 7528 1099 
3 2128 6447 6300 
3 7156 7154 6927 
3 6926 7266 6482 
3 11814 9833 5804 
3 9700 8737 12587 
3 6757 7109 6996 
3 11502 1479 1566 
3 7389 7388 7516 
3 11479 8577 8582 
3 7625 7157 7044 
3 7624 7271 7516 
3 12635 13581 10772 
3 7274 7051 7518 
3 7627 7277 7276 
3 12399 4370 12396 
3 7271 7624 7272 
3 7104 7071 980 
3 7277 7275 7161 
3 7163 7160 7279 
3 7279 6669 7163 
3 6663 6496 7161 
3 6766 6897 7465 
3 4056 7465 6897 
3 11096 2818 11917 
3 8800 7686 8794 
3 4402 7232 13118 
3 9851 9443 9641 
3 2038 3259 8009 
3 6803 7281 7520 
3 10798 11014 11852 
3 7774 7286 7899 
3 6821 7862 10089 
3 7027 7020 6908 
3 9770 6713 6741 
3 7288 7290 7061 
3 13694 13695 10872 
3 9416 3453 13374 
3 13415 1519 13397 
3 7061 7397 7171 
3 8701 8078 5055 
3 5232 5220 5242 
3 3056 3055 2944 
3 7406 7291 7534 
3 7405 7533 7291 
3 1427 1425 396 
3 7533 7408 7291 
3 10413 11075 10874 
3 7226 7486 6602 
3 6958 5973 13632 
3 12291 11893 11896 
3 7410 7538 7411 
3 7410 7539 7794 
3 4797 2291 8133 
3 13805 12826 11913 
3 10688 8695 12548 
3 12523 5057 8475 
3 9663 8711 9664 
3 12340 8520 10499 
3 6875 8711 9663 
3 3512 13629 11700 
3 5914 6054 6051 
3 7676 7293 7414 
3 3504 153 11623 
3 13782 13811 13810 
3 7296 6817 7546 
3 12518 13470 4970 
3 11880 9927 10933 
3 7227 2804 5019 
3 13790 7837 6929 
3 9240 13936 7199 
3 7800 7930 8476 
3 13253 2198 2298 
3 7676 7424 7293 
3 12657 13632 5973 
3 13810 1280 13782 
3 7945 7068 7296 
3 7419 7298 7421 
3 6864 7604 12512 
3 12657 5973 13613 
3 7086 13811 13782 
3 7012 11805 7017 
3 7308 7422 7555 
3 7176 7303 7674 
3 6087 6190 6050 
3 7310 7424 7181 
3 11585 13469 9636 
3 10637 9751 9527 
3 3250 7973 8009 
3 7549 7298 7419 
3 6650 6790 6166 
3 10241 13101 258 
3 6816 6081 6819 
3 13301 4750 9194 
3 8660 9628 6850 
3 7191 7816 8054 
3 7187 8051 7684 
3 7681 6956 7068 
3 5959 8660 6850 
3 803 719 9647 
3 8400 10527 6494 
3 9849 11774 7885 
3 9636 6850 9628 
3 7689 7314 7312 
3 2435 3445 1241 
3 3625 3225 3424 
3 7326 7325 7201 
3 11682 13283 4974 
3 7314 7947 7433 
3 6835 8054 7198 
3 7689 7312 7445 
3 5958 9627 9624 
3 8212 8068 8351 
3 3479 3654 7817 
3 6740 12313 3643 
3 6903 778 11539 
3 10823 6993 11774 
3 8654 5958 9624 
3 7322 7195 7436 
3 9082 9714 5649 
3 7439 7205 7692 
3 7436 7195 7693 
3 7205 7440 7692 
3 6291 6625 6626 
3 9396 9216 990 
3 6835 7191 8054 
3 7197 7323 7569 
3 12702 13599 13619 
3 7195 7695 7693 
3 7827 7437 7087 
3 7439 7449 7205 
3 13058 13064 11028 
3 7445 7578 7833 
3 7087 7319 7827 
3 9975 7120 11929 
3 7200 7323 6704 
3 10641 6236 6152 
3 9975 7634 9003 
3 7207 6975 7201 
3 7202 6970 7709 
3 8747 737 13914 
3 7207 7201 7325 
3 7745 8401 8403 
3 7202 7094 6711 
3 7461 7331 7449 
3 8077 7206 7207 
3 6978 7330 7326 
3 6903 12660 12655 
3 5272 9297 7255 
3 7459 7094 7202 
3 10926 1265 11877 
3 8351 8210 8352 
3 6744 6730 6267 
3 7330 7460 7714 
3 257 7663 12094 
3 1440 1441 1023 
3 7467 7333 7329 
3 6128 8813 11739 
3 7449 7331 6852 
3 7459 7709 7841 
3 7584 7331 7461 
3 7712 7584 7461 
3 10626 8631 9618 
3 6988 7464 7462 
3 13700 13782 12765 
3 8276 6354 8320 
3 6988 7340 7464 
3 7583 7966 7578 
3 7334 3159 8350 
3 11931 11913 10984 
3 10804 8819 10821 
3 11258 11744 11346 
3 6036 6090 5996 
3 1265 10916 7037 
3 7225 7037 10916 
3 8630 10614 9595 
3 3498 2323 2333 
3 7050 7156 6927 
3 6817 6685 6198 
3 7717 7468 7217 
3 1206 10482 9727 
3 13399 13388 11531 
3 7344 7333 7341 
3 1073 13336 7968 
3 7472 7342 7584 
3 6846 6553 6252 
3 961 1343 1349 
3 11229 10594 12258 
3 8611 5930 11511 
3 292 2296 8941 
3 6153 7189 3848 
3 11800 12719 12765 
3 9736 10159 9940 
3 10840 6834 7679 
3 3487 2567 2542 
3 8228 8085 7844 
3 6772 6289 6146 
3 2764 13032 13025 
3 2769 10569 6807 
3 7347 7480 7475 
3 12109 2764 13025 
3 9581 6820 10601 
3 7475 7480 7350 
3 6530 6525 6694 
3 7486 7226 7734 
3 1689 1610 6069 
3 13347 6813 7664 
3 10084 9014 12811 
3 8669 7975 7850 
3 12781 6958 12739 
3 8772 10737 6082 
3 13347 8604 11504 
3 1613 1622 1618 
3 8783 8764 10757 
3 8817 8948 8949 
3 8607 8611 11511 
3 7361 7236 7494 
3 7594 7362 7590 
3 13854 12904 11969 
3 7013 7496 7229 
3 7490 7494 7236 
3 7741 7497 7360 
3 859 2139 2212 
3 7858 7241 7363 
3 526 5319 395 
3 7241 7858 7601 
3 6220 13741 4314 
3 7367 7118 7239 
3 12739 6958 13678 
3 6178 13700 13654 
3 7058 7057 7285 
3 9021 395 5319 
3 9526 5908 8590 
3 7498 7742 7369 
3 6574 4519 12408 
3 11224 307 11594 
3 7129 7601 7502 
3 11468 7641 8589 
3 7505 7506 7372 
3 7373 7746 7507 
3 7746 7873 7507 
3 7599 4574 13905 
3 7438 10299 11079 
3 7253 7876 7256 
3 7256 7876 7614 
3 7748 7610 7132 
3 11468 8589 12373 
3 4907 6079 5943 
3 7925 8927 9274 
3 9297 13945 9302 
3 7614 8691 7990 
3 6714 9472 8313 
3 11851 13040 11210 
3 7517 7829 10802 
3 7973 3250 7264 
3 7145 7511 6921 
3 5836 6416 6583 
3 460 5055 8078 
3 11649 13534 12595 
3 6883 6890 6887 
3 6658 6488 6329 
3 12907 4065 13837 
3 9851 9642 9444 
3 6578 6585 6737 
3 7267 6921 7617 
3 7268 7997 7621 
3 136 5709 4578 
3 6691 7085 7312 
3 7940 8909 7944 
3 1266 4460 3467 
3 7151 7997 7268 
3 13329 12414 13323 
3 10538 7622 13303 
3 4173 11341 2037 
3 7823 9854 8824 
3 10140 13937 12966 
3 4876 4932 5684 
3 13632 13678 6958 
3 10190 10189 10646 
3 4756 7925 7577 
3 11298 1266 11356 
3 9928 13641 12722 
3 13485 4621 412 
3 7528 4386 1099 
3 7386 7623 7156 
3 7266 6926 7272 
3 7630 7279 7764 
3 4668 11629 12555 
3 8441 8834 8976 
3 9452 1945 13263 
3 7281 7522 7394 
3 7522 7281 7284 
3 7606 8541 11433 
3 7217 6863 6592 
3 5717 9737 4537 
3 10530 9465 5857 
3 8155 7773 7896 
3 7635 7284 7059 
3 7286 7168 7773 
3 11395 6748 7587 
3 10492 9308 13504 
3 8735 8736 8614 
3 395 8777 7568 
3 12523 12521 474 
3 7060 7396 7526 
3 7060 7526 7398 
3 7399 7398 7638 
3 7645 7173 7640 
3 5753 5510 9594 
3 7403 7400 7402 
3 7399 7401 7172 
3 3337 7412 5068 
3 127 213 5071 
3 7792 7534 7408 
3 3926 6472 3942 
3 13575 213 8777 
3 6348 6810 6507 
3 8731 5044 5062 
3 13339 10963 13357 
3 7538 7797 7662 
3 7538 7410 7794 
3 12805 11898 1341 
3 7614 7990 7882 
3 9271 5216 1227 
3 7662 7411 7538 
3 6850 9636 6859 
3 7410 7543 7539 
3 7662 7544 7411 
3 7539 7542 7922 
3 13619 13654 12702 
3 7543 7799 7542 
3 7416 7799 7543 
3 8529 9452 7588 
3 1950 1912 11311 
3 10028 10027 10489 
3 11387 7588 9452 
3 7416 7555 7553 
3 10487 8507 10477 
3 7300 7553 7302 
3 7678 7424 7676 
3 7422 7553 7555 
3 7422 7302 7553 
3 1325 3269 5119 
3 7554 7181 7678 
3 5219 9240 7215 
3 8205 8359 8645 
3 7422 7180 7302 
3 7308 7180 7422 
3 7228 7347 6603 
3 7557 7674 7303 
3 7692 7566 7439 
3 9329 7476 6472 
3 7945 7681 7068 
3 2843 3894 4928 
3 7682 8050 7311 
3 1719 6007 13818 
3 6699 6537 6969 
3 3243 930 3607 
3 2364 365 5121 
3 1230 142 133 
3 7433 8051 6961 
3 4683 2405 8701 
3 13678 13632 10832 
3 6786 7801 7803 
3 10651 9627 8670 
3 4200 1780 7352 
3 13217 9401 12286 
3 6531 10565 1870 
3 9165 4928 3901 
3 9894 7932 7047 
3 6966 7690 7194 
3 9696 9222 9221 
3 7729 7724 7727 
3 7441 8064 7692 
3 6966 7822 7690 
3 7198 8054 7820 
3 7577 7387 4756 
3 12962 2698 12863 
3 7449 7705 7461 
3 3445 2435 2426 
3 7322 6969 7195 
3 778 6903 12655 
3 12521 12523 10657 
3 4756 7387 13939 
3 6007 6763 13818 
3 7702 7444 7699 
3 13565 13613 13599 
3 11162 7089 13080 
3 9366 9107 8990 
3 4683 4756 13939 
3 1974 2042 2135 
3 7959 7447 7437 
3 12687 12899 12901 
3 12657 13613 13565 
3 13955 3412 11424 
3 13492 6643 11356 
3 5195 1165 7182 
3 13188 11842 9402 
3 3218 7182 11265 
3 13930 1095 5153 
3 12630 12657 13565 
3 13930 5153 13142 
3 6779 7031 7373 
3 7705 7830 7712 
3 13756 5572 13765 
3 7326 7835 7325 
3 8486 7562 11374 
3 4420 13580 13644 
3 8376 8083 8230 
3 6139 5994 5986 
3 7458 7580 7467 
3 11374 7562 9406 
3 12953 4666 6960 
3 13914 8511 8747 
3 3713 343 627 
3 3813 2603 1646 
3 8747 1409 737 
3 7579 7464 7580 
3 7838 7584 7712 
3 7462 7710 7212 
3 8631 6820 9618 
3 7341 7580 7464 
3 7969 7966 7583 
3 7969 7583 7469 
3 9397 4812 8480 
3 7848 7849 7733 
3 7476 9329 11260 
3 12630 13565 13561 
3 7469 7589 7724 
3 7720 7472 7584 
3 7726 7722 7343 
3 6687 9402 3546 
3 7219 7721 7590 
3 9089 7233 6390 
3 11689 13554 5215 
3 7472 7847 7848 
3 6223 9114 7147 
3 6574 12458 13410 
3 7822 8911 8348 
3 7472 7731 7226 
3 13388 8249 12455 
3 7489 7971 7478 
3 4835 7571 8483 
3 8376 8230 8377 
3 7478 7728 7729 
3 7734 7731 7733 
3 7736 7486 7734 
3 9393 8418 12283 
3 7492 7489 7356 
3 3811 1773 7738 
3 7736 7490 7486 
3 13552 5238 13554 
3 7483 7729 7477 
3 7497 7739 7480 
3 7480 7739 7350 
3 7592 7350 7739 
3 7072 7310 7075 
3 7489 7492 8105 
3 8429 9390 9387 
3 13353 12414 13329 
3 7496 7726 7229 
3 13374 13965 13787 
3 6223 4405 2231 
3 13978 10323 12996 
3 12898 13859 11975 
3 1955 5134 752 
3 13971 12996 10323 
3 11958 11969 12904 
3 7035 13530 895 
3 7651 5906 5889 
3 7619 8577 8552 
3 7742 7498 7594 
3 7742 7594 8112 
3 6059 6671 6185 
3 6676 2231 8244 
3 12921 13855 6714 
3 9294 10293 10309 
3 6674 7060 6945 
3 7499 8126 7253 
3 7367 7251 7118 
3 9064 11050 12924 
3 7865 7370 7369 
3 10253 715 796 
3 12595 13534 12598 
3 7873 7744 7605 
3 7500 7874 7603 
3 7877 7500 7376 
3 7609 7745 7505 
3 7870 7869 7879 
3 6670 7057 6939 
3 13545 13546 11676 
3 7016 9862 7894 
3 11240 11850 3303 
3 3797 1008 2053 
3 6090 6135 6130 
3 9274 5326 7925 
3 6577 6571 6743 
3 7876 8691 7614 
3 8590 8570 9513 
3 7135 7614 7882 
3 13034 3706 13037 
3 7262 7135 7882 
3 7878 8262 7749 
3 7753 7143 7993 
3 7143 7882 7993 
3 7879 7510 7266 
3 9200 11214 9210 
3 7886 7996 8563 
3 7491 10370 10383 
3 8707 8708 9088 
3 7617 7995 7267 
3 8425 8428 8699 
3 7109 7345 7107 
3 6877 13909 2866 
3 50 6084 833 
3 64 79 1248 
3 7996 8000 8422 
3 6091 4951 6036 
3 7890 7388 7757 
3 7269 7268 7621 
3 10373 9338 11319 
3 7761 7388 7275 
3 8566 8430 8704 
3 6900 8737 11645 
3 13394 5028 3163 
3 10370 8371 10367 
3 7763 7626 7759 
3 7624 7516 7890 
3 3209 10756 3238 
3 7626 7763 7627 
3 5124 9125 9138 
3 7760 7277 7627 
3 6900 6042 8737 
3 11806 12722 13641 
3 5124 13760 9125 
3 7161 7056 7277 
3 7765 7518 7520 
3 13367 5941 10611 
3 7518 7051 7520 
3 7635 7633 7284 
3 7282 7165 7767 
3 10209 12114 2839 
3 9269 8884 8741 
3 7285 7282 7771 
3 7771 7773 7285 
3 7636 7171 8010 
3 1061 5121 365 
3 6196 7252 7265 
3 7901 8010 7171 
3 11240 3303 629 
3 7526 7396 7774 
3 6545 6978 6847 
3 8442 8585 8839 
3 11853 5025 4953 
3 7779 7638 7398 
3 7778 7290 7400 
3 7637 7778 7400 
3 8017 8016 8014 
3 10505 8529 11433 
3 7061 7290 7397 
3 7784 7639 7638 
3 13019 323 9038 
3 13155 8371 8354 
3 7401 7639 7640 
3 7063 7290 7288 
3 7638 7401 7399 
3 7645 7648 7530 
3 7781 7637 7403 
3 7530 7174 7645 
3 8410 5285 6357 
3 1362 1361 339 
3 7401 7638 7639 
3 7174 7173 7645 
3 7739 7597 7592 
3 7645 7640 7913 
3 5920 8041 562 
3 7913 7649 7645 
3 7645 7649 7648 
3 10346 9341 6637 
3 7406 7916 7652 
3 7533 7405 8176 
3 9679 3577 12550 
3 7792 7919 7654 
3 3163 2869 13394 
3 1061 365 13080 
3 13479 11583 13489 
3 7794 8036 7655 
3 9305 7456 7443 
3 7654 7406 7534 
3 7920 7408 7535 
3 12963 5873 2271 
3 7794 7655 7538 
3 7149 10470 2895 
3 7456 9305 10346 
3 7534 7291 7408 
3 7798 7544 7662 
3 7542 7799 7926 
3 7926 7922 7542 
3 11583 12540 13489 
3 7414 7798 7666 
3 6701 2590 2595 
3 8308 8727 8850 
3 7933 8482 7296 
3 12741 5920 11078 
3 13095 1206 9727 
3 7666 7676 7414 
3 7672 7553 7300 
3 7553 7667 7416 
3 7615 7511 7988 
3 7296 7546 7933 
3 7551 7672 7300 
3 7837 13811 6787 
3 10421 9386 9397 
3 1180 7199 13936 
3 13936 9240 5219 
3 5973 13600 13613 
3 7678 7181 7424 
3 7678 7676 7554 
3 7421 7554 7807 
3 7419 7421 7807 
3 7421 7181 7554 
3 4667 4642 1449 
3 12928 10056 8985 
3 7074 7681 7682 
3 13264 13466 13696 
3 6881 9701 9682 
3 7191 7815 7816 
3 7322 7822 6966 
3 10461 7574 8486 
3 3631 2720 8163 
3 7439 7566 7696 
3 7194 7690 7699 
3 7436 7693 8202 
3 5503 5738 5735 
3 7444 7194 7699 
3 11375 2298 10426 
3 7827 7319 7828 
3 7319 7702 7828 
3 5868 6629 6148 
3 7695 7694 7693 
3 7692 8057 7566 
3 7569 7323 8065 
3 7700 8064 7441 
3 3759 7900 2752 
3 11242 9251 4671 
3 7696 7705 7449 
3 4671 11259 11242 
3 2495 3516 4525 
3 13434 12483 9694 
3 6533 6702 6380 
3 13422 12483 8287 
3 7705 7826 7958 
3 8074 7830 7958 
3 9267 9260 10276 
3 7659 13422 4684 
3 10534 5872 12365 
3 7706 7710 7831 
3 8365 8079 8220 
3 7206 8077 7200 
3 8077 7962 7200 
3 13422 10598 4684 
3 7462 7831 7710 
3 7831 7462 7579 
3 5798 4174 12000 
3 13283 11682 11676 
3 10946 13753 11867 
3 12799 13753 10946 
3 12927 12923 1969 
3 7207 7713 8077 
3 7964 7326 7714 
3 7467 7329 7458 
3 7713 7207 7325 
3 7604 3863 12512 
3 7460 7839 7714 
3 7516 7271 7055 
3 7105 7335 7470 
3 7715 7335 7841 
3 10416 7552 12298 
3 13436 10609 8333 
3 8092 7720 7838 
3 7983 800 7024 
3 7219 7470 7721 
3 6805 7636 6940 
3 13576 5238 10775 
3 7969 7469 7724 
3 2127 3803 2899 
3 11800 992 7225 
3 12765 12719 13700 
3 7724 7589 7727 
3 6087 6165 6190 
3 7724 7729 7969 
3 7722 7726 8098 
3 7183 7307 6825 
3 9462 9310 10075 
3 7728 7478 7971 
3 7472 7848 7731 
3 11832 12579 4416 
3 2811 2540 2629 
3 5326 719 803 
3 7848 7733 7731 
3 11730 13576 10775 
3 7737 7590 7974 
3 2602 5237 7604 
3 7726 7496 8098 
3 286 4829 9850 
3 7354 7350 7592 
3 3724 6515 2607 
3 13388 3347 10541 
3 13370 3632 11492 
3 11938 13805 11913 
3 13362 12450 13375 
3 5936 5927 155 
3 5596 6510 10192 
3 7602 7744 7868 
3 6106 6735 6715 
3 5746 5343 5888 
3 13607 7585 9674 
3 10258 5596 10192 
3 1080 2094 3015 
3 4939 7006 9166 
3 7698 6813 7679 
3 5583 5589 5482 
3 11899 12302 11902 
3 7745 7871 7505 
3 7369 7742 7865 
3 7602 7605 7744 
3 12060 8244 8142 
3 8126 7876 7253 
3 7871 7506 7505 
3 7749 7259 7610 
3 7749 7611 7259 
3 7749 7746 7611 
3 7871 7748 7506 
3 9233 9234 9363 
3 4068 11945 1693 
3 9210 9198 9200 
3 3337 3507 1573 
3 2602 5028 5237 
3 7877 7376 7512 
3 13308 12504 12508 
3 6190 3842 6050 
3 8263 7877 7512 
3 5298 5314 8628 
3 8823 8274 8273 
3 13974 13333 7435 
3 3065 542 7688 
3 7996 7886 7616 
3 3070 7040 9017 
3 10529 12416 13351 
3 10482 2422 11298 
3 13353 13362 12414 
3 11184 10209 2839 
3 7596 12079 10058 
3 8000 7623 7762 
3 8000 7996 7623 
3 7755 7759 7626 
3 7342 6754 7218 
3 4455 1213 1248 
3 7626 7625 7755 
3 8052 4065 6304 
3 13013 12411 11830 
3 7757 7388 7761 
3 7630 7764 8001 
3 6991 7022 895 
3 4862 13517 13532 
3 7621 7764 7269 
3 9191 11168 5553 
3 8139 7761 7760 
3 7813 7814 5814 
3 8180 7535 8032 
3 7274 7386 7050 
3 3690 328 6786 
3 7627 7763 7760 
3 7518 7765 8144 
3 13331 11456 13337 
3 10199 11177 4596 
3 6728 7332 7097 
3 7520 7394 7765 
3 7394 7631 7765 
3 1362 339 11135 
3 7630 7632 7393 
3 13669 2641 675 
3 7633 7522 7284 
3 3337 3443 3507 
3 7282 7767 7771 
3 8147 7632 7630 
3 9017 12460 3281 
3 4385 1182 4442 
3 7636 8010 7635 
3 7905 7903 7902 
3 8010 7901 8158 
3 8137 8560 8135 
3 12520 3018 5097 
3 7397 8014 7901 
3 8011 8010 8158 
3 7526 7774 7903 
3 7526 7906 7777 
3 8176 7405 7652 
3 13920 13917 9028 
3 13288 4949 3128 
3 7783 7638 7779 
3 13575 5071 213 
3 982 1007 4339 
3 1284 1461 1234 
3 7777 7783 7779 
3 7778 7637 7908 
3 7638 7783 7784 
3 7786 7785 7781 
3 7637 7781 7908 
3 3128 4949 2869 
3 2917 13323 13313 
3 6165 7204 6190 
3 7639 7910 7640 
3 11461 13324 2895 
3 7639 7788 7910 
3 7789 7791 7786 
3 7648 7789 7786 
3 7786 7791 7785 
3 4949 13394 2869 
3 7787 7784 7783 
3 7787 7788 7784 
3 3330 5621 9976 
3 10198 10193 4579 
3 7913 7914 7649 
3 12229 13164 12239 
3 7791 7789 8027 
3 4595 3572 11965 
3 13138 13288 3128 
3 13207 8946 436 
3 13295 2917 13313 
3 7781 7403 7786 
3 7648 7786 7403 
3 780 626 670 
3 7662 7928 7798 
3 11701 13561 8681 
3 4969 8937 1304 
3 8431 8277 8571 
3 7414 7544 7798 
3 8632 8634 7815 
3 10173 6436 11130 
3 10160 9142 5519 
3 7798 7930 7666 
3 7408 7920 7792 
3 13181 13501 1937 
3 7928 7662 7797 
3 6257 8974 10963 
3 7009 6889 6892 
3 11078 13837 3918 
3 4600 1397 11853 
3 7930 7800 7666 
3 9959 11105 2502 
3 7799 7416 7667 
3 6748 11395 11415 
3 7935 7667 7938 
3 7549 7419 7669 
3 8325 11281 9294 
3 10390 3980 5015 
3 8058 10942 12805 
3 7807 7666 7806 
3 7676 7666 7807 
3 9132 10153 9137 
3 7938 7667 7672 
3 7176 7939 7417 
3 7682 8334 8050 
3 5670 10293 5644 
3 13719 501 13490 
3 2265 7418 7423 
3 7557 7187 7684 
3 332 13634 12666 
3 10046 11034 11023 
3 12962 13138 3128 
3 7663 5661 11944 
3 2452 13435 12357 
3 7630 7393 7279 
3 3509 11792 11143 
3 12962 2869 7270 
3 7322 7436 7822 
3 7815 7431 8632 
3 7816 8762 8054 
3 6957 5130 2336 
3 7950 7953 7826 
3 8057 7692 8064 
3 7693 7694 7952 
3 12931 4927 13748 
3 8343 8060 7953 
3 5649 5721 9082 
3 8064 7700 8208 
3 9386 11590 11324 
3 3752 5907 12952 
3 8067 7437 7827 
3 7694 7695 7448 
3 7826 7705 7696 
3 11903 11913 12826 
3 7667 7553 7672 
3 7833 8215 7445 
3 7955 7828 7702 
3 7751 7766 12929 
3 8606 8033 8455 
3 7831 8349 7706 
3 7959 7960 7447 
3 7861 10812 7860 
3 11763 10711 10489 
3 11039 2989 802 
3 7323 7200 8357 
3 8208 7700 7569 
3 2583 1635 3315 
3 7570 7706 7448 
3 12334 13139 10409 
3 13209 13139 12334 
3 7958 7830 7705 
3 7712 7461 7705 
3 12014 4504 10121 
3 7185 7308 7073 
3 7185 6686 7180 
3 7902 7899 8155 
3 10250 8002 629 
3 4772 63 49 
3 13725 6764 13728 
3 8802 10788 11739 
3 531 599 693 
3 9106 8128 10104 
3 4632 5734 6701 
3 7964 7714 7839 
3 8989 5621 8979 
3 12501 13413 12470 
3 7578 7966 7833 
3 7844 7332 7468 
3 4254 5320 6384 
3 8083 8092 7838 
3 7584 7838 7720 
3 2517 12356 10443 
3 7936 8328 8194 
3 9471 9193 9669 
3 2771 818 13944 
3 8092 8095 7720 
3 8526 8530 8666 
3 7057 7282 7285 
3 7969 7970 8088 
3 1823 1937 1876 
3 8108 7490 7736 
3 8666 8793 9174 
3 13007 10398 10401 
3 7727 7591 7729 
3 8101 7848 7847 
3 13239 2171 13247 
3 7971 7489 8237 
3 7849 7848 8101 
3 6149 3800 6210 
3 8237 7489 8105 
3 3498 2357 2323 
3 6079 3800 6149 
3 7850 7733 7849 
3 7787 8442 8443 
3 7609 7865 7745 
3 13353 275 13362 
3 7852 7736 7734 
3 8845 7866 12319 
3 7975 7734 7733 
3 6254 5970 6259 
3 5558 8675 3447 
3 7497 8113 7739 
3 13718 7683 13714 
3 2640 2713 6915 
3 7869 7496 7013 
3 7980 7496 7869 
3 7977 7496 7980 
3 6903 2564 12660 
3 7863 8115 7365 
3 9066 6369 8117 
3 8252 8543 8256 
3 7326 7330 7714 
3 12303 9238 3806 
3 7497 7741 8113 
3 7858 7859 7601 
3 13937 7390 12966 
3 6574 12408 12458 
3 13403 8258 10551 
3 7163 6664 6488 
3 7868 7863 7365 
3 12929 9078 8111 
3 10164 10142 1834 
3 7865 8401 7745 
3 6415 5852 6119 
3 7748 7871 8546 
3 5833 2108 2098 
3 8118 8545 8405 
3 11878 13801 5845 
3 7747 8120 7875 
3 7605 7507 7873 
3 12518 4970 12503 
3 7987 7746 7749 
3 7745 8403 7871 
3 7878 7610 7748 
3 11974 7209 10055 
3 2426 2435 10869 
3 10408 10353 6473 
3 6156 2432 5828 
3 3337 1573 7412 
3 7570 7448 7695 
3 13211 13219 9651 
3 13703 287 13701 
3 13737 13911 8889 
3 11143 12477 11463 
3 13074 75 11028 
3 7993 7994 7753 
3 7988 8550 7615 
3 7995 7617 8130 
3 9802 1202 1200 
3 8273 7997 7753 
3 7993 7882 7992 
3 9220 10735 10327 
3 13878 13884 350 
3 442 13888 403 
3 8361 8362 8774 
3 10042 9030 8063 
3 6229 6225 3108 
3 10530 10534 11450 
3 8688 8134 7995 
3 1419 1425 6993 
3 7266 7272 8141 
3 8941 2296 5078 
3 6930 8751 7793 
3 8000 7762 8144 
3 13919 311 4965 
3 11535 5941 13367 
3 13560 13240 7258 
3 13164 3574 12241 
3 8425 8144 8428 
3 10042 11010 9030 
3 7395 7371 7349 
3 5950 1645 1656 
3 13748 4965 284 
3 8279 8704 8430 
3 7633 7772 8149 
3 7630 8001 7893 
3 8576 9709 11629 
3 2924 10934 12820 
3 1656 1645 2562 
3 8279 8430 8004 
3 7168 7285 7773 
3 7899 7902 7903 
3 12048 11587 2501 
3 7773 7899 7286 
3 7396 7286 7774 
3 7905 7526 7903 
3 7397 7778 8014 
3 7905 7906 7526 
3 915 953 1047 
3 8511 526 8129 
3 6762 7754 5370 
3 7648 7403 7530 
3 7778 8017 8014 
3 625 8769 6796 
3 7778 7909 8017 
3 7787 7783 7907 
3 5792 11794 11799 
3 7403 7637 7400 
3 12193 11964 13136 
3 9674 1641 11692 
3 7785 7790 7908 
3 5210 2889 2873 
3 5946 6087 6050 
3 2895 10470 11461 
3 7790 7785 7791 
3 7365 7015 7868 
3 7649 7789 7648 
3 7008 6760 7112 
3 8025 7788 7911 
3 8174 7913 8025 
3 11980 11050 9060 
3 7649 7914 8027 
3 7652 7916 8301 
3 8029 8043 9011 
3 7655 8036 8038 
3 172 2904 4849 
3 7798 7928 7930 
3 2440 4258 7025 
3 6689 2963 6662 
3 7920 7535 8180 
3 7036 12796 9925 
3 7794 7539 7922 
3 8035 8036 8037 
3 8282 8153 8011 
3 8189 7797 8038 
3 7797 7655 8038 
3 8455 8730 8606 
3 1402 9817 5721 
3 12935 7240 7237 
3 7442 9315 6591 
3 6310 5018 5013 
3 6722 6728 7097 
3 7768 12542 3754 
3 2655 2628 12536 
3 7938 7551 7935 
3 7122 8022 8019 
3 8765 9016 8496 
3 6382 5328 6394 
3 7799 7667 7935 
3 7261 9295 13563 
3 7122 8019 6279 
3 12203 12193 13136 
3 5320 3208 4233 
3 7526 7777 7779 
3 7511 7144 7875 
3 7807 7806 7419 
3 11648 9614 9620 
3 11327 11326 11127 
3 13295 13313 12379 
3 8326 8328 7936 
3 7807 7554 7676 
3 7950 7696 7951 
3 9127 8172 3638 
3 5365 8490 4288 
3 2818 12963 9827 
3 8008 11964 12193 
3 8634 8762 7816 
3 12968 7255 11352 
3 629 8002 11240 
3 8776 13298 6822 
3 5749 4669 2621 
3 7815 7432 7431 
3 7696 7566 7951 
3 12962 3128 2869 
3 7314 7689 8761 
3 7952 8202 7693 
3 8345 7949 8057 
3 8342 7822 7436 
3 7950 8341 8343 
3 8342 7436 8202 
3 4697 10766 10736 
3 7689 8055 8339 
3 7566 8057 7949 
3 7820 8054 8199 
3 8761 7689 8339 
3 13307 6902 12865 
3 11283 11285 11933 
3 9693 12033 2258 
3 8055 7445 8205 
3 6438 10193 11131 
3 7950 8343 7953 
3 7699 7690 7954 
3 7448 8062 7694 
3 11916 5312 9950 
3 7827 7828 8210 
3 4266 4254 6393 
3 10607 8287 12483 
3 8212 8066 8067 
3 7826 7953 7958 
3 8073 7958 8207 
3 672 749 712 
3 12154 884 860 
3 7953 8207 7958 
3 7200 7962 8357 
3 7180 7308 7185 
3 4402 13118 4479 
3 2592 3606 228 
3 9678 6900 11645 
3 11510 4147 3880 
3 5029 4949 13716 
3 7579 7704 7831 
3 7841 7709 7960 
3 7939 7176 7674 
3 7963 8076 7838 
3 7835 7964 8220 
3 8076 8083 7838 
3 7712 7963 7838 
3 7835 7326 7964 
3 4629 13890 4605 
3 6393 4254 6384 
3 7839 7844 8085 
3 7332 7844 7839 
3 9748 9943 9536 
3 9794 13015 12116 
3 4073 2036 10112 
3 8376 8092 8083 
3 12799 10946 11877 
3 8785 7844 7717 
3 9503 9233 9902 
3 8088 7966 7969 
3 9330 11303 5703 
3 7969 7971 7970 
3 1823 1876 1775 
3 7096 9937 6249 
3 7722 8098 8378 
3 7728 7969 7729 
3 8237 8382 7971 
3 7709 7447 7960 
3 7974 7721 7972 
3 8101 8100 8236 
3 8103 7850 7849 
3 8947 10933 9927 
3 12149 209 11208 
3 8100 7847 8095 
3 1317 4965 311 
3 7852 7734 7975 
3 7975 7733 7850 
3 12863 12655 12660 
3 8853 13516 2923 
3 12145 5975 13074 
3 12865 6952 802 
3 8386 8469 8450 
3 3366 3263 3148 
3 7512 7376 7146 
3 8115 8113 7741 
3 4314 13741 9911 
3 10225 12132 11204 
3 8399 7499 7597 
3 5664 5663 5783 
3 7863 7868 7982 
3 6209 1775 1690 
3 7499 8255 8126 
3 6726 6715 6735 
3 11543 5477 5480 
3 8123 8125 7873 
3 8125 7744 7873 
3 6765 12742 10828 
3 1767 5003 8020 
3 8148 13058 2930 
3 7055 6490 6048 
3 9896 11849 6205 
3 8130 7615 8550 
3 5722 8789 11836 
3 11141 7222 11288 
3 8080 6714 6814 
3 7267 7995 7755 
3 3643 4675 6740 
3 8130 7617 7615 
3 3627 3828 3531 
3 9905 6212 9908 
3 9112 9725 9918 
3 7995 7759 7755 
3 10230 7164 3588 
3 11184 2839 2916 
3 8139 7763 8137 
3 8273 7753 7994 
3 8155 8160 8012 
3 7044 7267 7755 
3 7841 7335 7459 
3 11666 9701 8731 
3 11613 11381 10988 
3 8137 7763 7759 
3 9683 9479 9201 
3 7761 8139 8140 
3 9682 8711 6881 
3 6903 12319 2564 
3 13058 8148 11186 
3 12048 2501 12579 
3 534 533 452 
3 7354 7592 7230 
3 7097 7332 7460 
3 1833 10720 13369 
3 8004 8146 7631 
3 7522 8004 7631 
3 8004 7522 8149 
3 11679 10718 9728 
3 12241 3574 11313 
3 4697 6752 10766 
3 3406 6212 9894 
3 8005 8006 7896 
3 8005 7896 7771 
3 7710 7570 7455 
3 7896 7773 7771 
3 7107 7345 7221 
3 2220 3154 4561 
3 12316 4348 110 
3 6098 13959 7946 
3 12100 11159 10596 
3 5890 6026 5759 
3 10103 10091 10380 
3 1454 5742 2615 
3 13978 12087 13980 
3 8012 7905 7902 
3 8161 7905 8012 
3 8015 7901 8014 
3 8161 8168 7905 
3 8014 8016 8015 
3 8311 11953 11008 
3 7931 7926 7799 
3 7778 7397 7290 
3 8311 12888 11953 
3 9338 8388 11319 
3 7906 8168 8021 
3 9938 10391 10152 
3 7905 8168 7906 
3 8023 7908 7790 
3 8021 7777 7906 
3 8016 8017 8167 
3 7909 8293 8017 
3 12087 9045 2682 
3 8171 7787 7907 
3 6016 7750 5995 
3 7909 8719 8293 
3 7908 7909 7778 
3 2121 2020 1808 
3 4530 4534 1381 
3 7360 7115 7009 
3 8030 8027 8028 
3 1696 1975 1900 
3 7914 7913 8174 
3 9036 12992 13981 
3 7358 10766 12691 
3 7649 8027 7789 
3 9036 12070 12992 
3 13144 12218 13150 
3 7652 8301 8176 
3 7914 8028 8027 
3 7792 8309 8178 
3 7916 7654 7918 
3 8028 8175 8030 
3 8302 7533 8176 
3 8032 7533 8302 
3 11798 5205 7894 
3 9797 10091 10103 
3 8307 8864 8454 
3 8180 8033 7920 
3 365 6959 2336 
3 8187 8035 8034 
3 7919 7792 8178 
3 7925 5326 2807 
3 11913 11931 11938 
3 4555 4471 13489 
3 8819 10804 11738 
3 8858 9853 6155 
3 8036 8187 8038 
3 7625 7053 7052 
3 13552 10767 9810 
3 6741 5370 9780 
3 8036 7794 8037 
3 8188 8035 8037 
3 8321 8042 7797 
3 6867 6861 8682 
3 6879 8687 10681 
3 8649 8701 11750 
3 11105 10157 2502 
3 12203 13136 12212 
3 7355 7483 7351 
3 7924 7922 7926 
3 9797 5753 9594 
3 7935 7931 7799 
3 8328 8479 8194 
3 9707 10578 9512 
3 7936 8194 7551 
3 7934 7933 7546 
3 8326 7417 7939 
3 7933 8894 8482 
3 8327 7549 7669 
3 7669 8193 8327 
3 2906 2896 4819 
3 8193 7806 7666 
3 7806 8193 7669 
3 7156 7050 7386 
3 8193 7666 7800 
3 1093 9797 9594 
3 13501 13181 6581 
3 7672 7551 7938 
3 9664 8711 9682 
3 7414 7293 7411 
3 7413 11096 11917 
3 7945 8196 8049 
3 13694 10872 6173 
3 8484 8331 7557 
3 12478 7770 4519 
3 9138 13304 2371 
3 7681 7945 8049 
3 13411 1839 13624 
3 11728 5244 12666 
3 12635 6104 7818 
3 7952 7694 8062 
3 5772 6480 6483 
3 8625 8476 8888 
3 10821 4225 10823 
3 13148 213 127 
3 4907 4859 2699 
3 8761 7947 7314 
3 8884 8882 8885 
3 1093 9560 1665 
3 12954 2271 5873 
3 6419 5365 4306 
3 7949 7951 7566 
3 6096 5110 6922 
3 7855 10812 7861 
3 6564 6562 6608 
3 7552 7560 8483 
3 7954 7690 8348 
3 8653 5958 8654 
3 7953 8060 8207 
3 8379 8380 8530 
3 8064 8498 8345 
3 7203 764 3052 
3 7754 11638 10796 
3 8210 7828 7955 
3 13434 10607 12483 
3 7699 7955 7702 
3 9693 9530 10100 
3 8609 4625 10713 
3 8068 7827 8210 
3 7827 8068 8067 
3 5757 13774 13773 
3 7954 8502 7955 
3 6712 548 13897 
3 8073 8207 8505 
3 9039 8782 8928 
3 803 9714 9082 
3 8065 7323 8357 
3 8066 8070 7959 
3 9017 9010 3070 
3 8648 13897 484 
3 9815 6131 7860 
3 8073 8074 7958 
3 8100 8101 7847 
3 1015 1106 1016 
3 12011 2109 12017 
3 5878 5518 5881 
3 7704 7820 7957 
3 7841 8363 8221 
3 6834 4993 7698 
3 3848 5019 1529 
3 8216 8074 8073 
3 8994 8019 10981 
3 8359 8222 8361 
3 1265 10926 10916 
3 7856 4222 7853 
3 6190 6153 3842 
3 5861 370 1563 
3 10589 6549 4938 
3 6918 7941 6928 
3 7398 7399 6945 
3 9767 7643 13669 
3 8074 8076 7963 
3 7831 7957 8071 
3 5941 9608 8643 
3 8221 7715 7841 
3 12936 5043 12938 
3 8085 8224 7839 
3 468 404 525 
3 11104 12061 13946 
3 7470 7335 7715 
3 7470 7715 8373 
3 7966 8088 7833 
3 7833 8088 8222 
3 4981 3070 9010 
3 7844 7468 7717 
3 8088 8223 8222 
3 5942 6036 5996 
3 12118 13316 12980 
3 7970 8229 8223 
3 12635 10772 6955 
3 7718 7722 7717 
3 8088 7970 8223 
3 2109 12933 2084 
3 8380 8229 8382 
3 12927 2084 12933 
3 7722 8658 7717 
3 3445 2482 2443 
3 8772 11718 10737 
3 7971 8382 7970 
3 8376 8094 8092 
3 8373 7972 7721 
3 10089 13899 8988 
3 8095 8092 8094 
3 4621 6680 4597 
3 8367 8370 8372 
3 8236 8103 8101 
3 8523 13316 13319 
3 8525 8098 7496 
3 13314 13007 2099 
3 3154 3273 4583 
3 3961 2918 2925 
3 9082 5721 8404 
3 8102 8533 8103 
3 3246 11228 277 
3 11148 1216 10429 
3 13347 7664 8604 
3 6936 8760 9742 
3 1635 2611 616 
3 8901 8913 4363 
3 8105 7740 8243 
3 8109 8110 8108 
3 8094 8100 8095 
3 4605 13886 2655 
3 8243 7740 8396 
3 7740 7603 8396 
3 7859 7858 8246 
3 8112 7737 7978 
3 8112 8392 7865 
3 11217 386 13119 
3 12880 13466 13082 
3 8397 7502 7601 
3 7865 7742 8112 
3 11090 11083 11733 
3 11256 11263 855 
3 1425 1419 396 
3 8807 4079 8930 
3 8253 8118 7744 
3 7737 7594 7590 
3 6922 6062 8759 
3 13815 12834 12802 
3 8121 7875 8120 
3 526 8511 13914 
3 12992 12123 13981 
3 8262 8549 7749 
3 8549 7987 7749 
3 7746 7987 8123 
3 8123 7873 7746 
3 3091 6784 9507 
3 8547 7878 7748 
3 8255 8551 8126 
3 7610 7878 7749 
3 7870 7879 8268 
3 9804 7840 9779 
3 3203 1950 663 
3 9888 9687 9686 
3 7982 7868 8118 
3 9853 7012 3361 
3 9209 8629 13185 
3 7994 7993 7992 
3 8141 8419 7266 
3 8132 7995 8130 
3 12642 6962 12648 
3 7892 7997 8274 
3 7541 4356 7608 
3 7759 7995 8134 
3 8422 8563 7996 
3 8270 7992 8562 
3 2478 5917 5902 
3 8140 8139 8135 
3 8412 8420 7757 
3 8274 7997 8273 
3 12721 12739 13678 
3 7892 8001 7621 
3 10668 10673 10902 
3 8001 7764 7621 
3 8428 8144 7765 
3 8146 7765 7631 
3 8146 8428 7765 
3 12259 9387 10407 
3 3754 3434 932 
3 7394 7522 7631 
3 7632 8278 7767 
3 7871 8403 8546 
3 8147 8278 7632 
3 8430 8146 8004 
3 12717 658 12714 
3 8151 8280 8150 
3 8280 8006 8150 
3 8005 8150 8006 
3 12851 11958 12904 
3 7898 7635 8010 
3 2139 2220 4561 
3 8280 8156 8006 
3 8011 8153 7898 
3 11642 11619 6643 
3 8478 12897 12888 
3 8156 8160 8155 
3 8158 8159 8283 
3 8537 8532 11425 
3 9882 10872 11825 
3 8158 8015 8159 
3 8283 8159 8285 
3 7056 7161 6496 
3 8434 8156 8280 
3 8015 8291 8159 
3 12867 8311 11008 
3 12555 9709 12550 
3 3398 3712 3400 
3 8016 8291 8015 
3 9117 9118 9257 
3 8167 8294 8583 
3 13927 9517 9705 
3 7781 7785 7908 
3 8291 8016 8167 
3 11159 13981 1270 
3 4566 8456 4516 
3 7344 7000 6998 
3 8167 8017 8293 
3 6930 6082 10737 
3 10100 9530 12008 
3 13370 11492 13368 
3 6564 6608 6570 
3 10872 9882 6173 
3 11938 12852 7837 
3 7747 7136 7502 
3 13118 13333 13627 
3 7909 8023 8719 
3 8443 7911 7787 
3 8310 7792 7920 
3 8473 8321 8189 
3 8709 7750 6016 
3 8173 7911 8443 
3 8298 8023 7790 
3 7797 8189 8321 
3 8709 6016 9678 
3 9321 4027 7804 
3 2551 2948 2461 
3 13059 13060 12132 
3 8570 6777 10538 
3 11692 1759 9640 
3 8219 70 4315 
3 7406 7654 7916 
3 9105 7916 8177 
3 10869 22 2426 
3 7919 8601 7918 
3 7919 8452 8601 
3 7794 7922 8037 
3 3588 1151 2463 
3 12834 12867 11008 
3 11406 11213 11405 
3 6199 4951 6091 
3 9109 8727 8453 
3 8184 8034 8181 
3 8174 8722 8843 
3 4338 4361 6328 
3 8316 8186 8184 
3 8318 8185 8188 
3 12834 13815 12867 
3 8184 8187 8034 
3 8033 8310 7920 
3 8923 10271 9287 
3 5472 5591 1096 
3 8035 8188 8034 
3 8034 8188 8185 
3 1129 9802 1126 
3 8458 8312 8314 
3 8186 8187 8184 
3 591 405 527 
3 8189 8038 8186 
3 10710 7023 1142 
3 8186 8038 8187 
3 12482 8456 4566 
3 13145 8336 10284 
3 7922 7924 8037 
3 8621 8473 8470 
3 8695 9698 7756 
3 2843 7612 532 
3 8814 9057 9062 
3 13442 10669 4651 
3 2362 2658 2476 
3 8886 8477 8324 
3 8324 7930 8042 
3 12851 13811 12852 
3 8327 7800 8476 
3 8191 7931 8750 
3 8940 9049 8543 
3 8753 7934 8327 
3 7549 8327 7934 
3 4819 6833 160 
3 2424 2388 4658 
3 2198 13253 2945 
3 7551 8194 7935 
3 9959 12057 9018 
3 8191 7926 7931 
3 11585 9636 9628 
3 4606 6492 11207 
3 1314 4522 120 
3 4222 7856 9828 
3 8332 7557 7684 
3 10684 11642 10689 
3 127 12328 13148 
3 2338 2170 2257 
3 8736 8735 9129 
3 10016 11000 9011 
3 11898 12805 10971 
3 8196 7945 8482 
3 2818 11096 12963 
3 13949 8777 213 
3 8335 8051 7947 
3 11956 855 11263 
3 2405 3160 8701 
3 7017 11805 10864 
3 3474 1292 12377 
3 10293 12178 9272 
3 9209 8069 5003 
3 8220 8079 7835 
3 8186 8316 8471 
3 7949 8345 8492 
3 3296 9271 1227 
3 4007 3895 3892 
3 11795 2615 5742 
3 12662 5522 13576 
3 8208 8498 8064 
3 12805 10942 8835 
3 6689 9735 8703 
3 8206 8207 8060 
3 9076 12907 7078 
3 8208 7569 8065 
3 8351 8068 8210 
3 8051 7433 7947 
3 8331 8754 7674 
3 8643 10617 5954 
3 8502 8213 7955 
3 8003 8994 7558 
3 8169 12047 11100 
3 8067 8068 8212 
3 8912 7957 8199 
3 2574 4938 6549 
3 7706 8349 8062 
3 7530 7403 7402 
3 8076 8074 8216 
3 7211 11034 10046 
3 7841 7960 8363 
3 10380 10784 10641 
3 7521 9614 5577 
3 7831 7704 7957 
3 5003 1767 4987 
3 7830 8074 7963 
3 12008 9276 12002 
3 8215 8222 8359 
3 8199 7957 7820 
3 8083 8076 8360 
3 8223 8361 8222 
3 4258 2445 5218 
3 8640 8770 9154 
3 7329 7213 6983 
3 8516 8365 8220 
3 959 13922 976 
3 4989 4990 9618 
3 8516 7839 8224 
3 8604 5906 7651 
3 754 761 5137 
3 8368 7715 8221 
3 8067 7959 7437 
3 6967 7437 7447 
3 8228 8224 8085 
3 8928 8224 8228 
3 8223 8229 8225 
3 10467 2454 8319 
3 8229 8379 8370 
3 8225 8229 8370 
3 8319 2454 6400 
3 9822 10028 10489 
3 8379 8229 8380 
3 7970 8382 8229 
3 7149 2895 13585 
3 824 10928 7891 
3 3503 3494 4395 
3 8528 7974 7972 
3 5943 6079 6091 
3 2254 12954 12019 
3 7978 7974 8528 
3 12141 12145 13074 
3 13565 13599 13577 
3 8102 8236 8527 
3 8237 8105 8243 
3 6661 8429 9387 
3 13341 13261 985 
3 7204 7227 7189 
3 11806 5726 6739 
3 8107 8109 8108 
3 9615 8890 8891 
3 6644 4572 8503 
3 3989 2875 5214 
3 5326 803 9082 
3 8001 8274 8825 
3 4956 8611 7660 
3 7858 8110 8246 
3 5563 4608 8260 
3 7859 8246 8393 
3 5244 11705 5215 
3 6644 5555 2687 
3 8689 8263 8264 
3 8539 7603 8678 
3 7499 8399 8255 
3 5702 13616 9737 
3 11436 11454 9355 
3 6129 6573 6580 
3 8252 8121 8120 
3 5215 11705 11689 
3 8125 8253 7744 
3 12373 8589 10562 
3 7561 5210 7550 
3 8549 8683 7987 
3 12283 8418 8411 
3 3028 7133 740 
3 9401 8418 9393 
3 4375 6371 131 
3 6676 6223 2231 
3 8406 8809 8549 
3 8551 7876 8126 
3 6123 6577 6416 
3 2829 521 4918 
3 8691 7876 8551 
3 8134 8559 7759 
3 11793 12185 11581 
3 658 12717 10928 
3 7384 7154 7623 
3 2802 6764 10802 
3 7990 8415 7992 
3 3863 5237 13751 
3 4740 360 1545 
3 7757 8420 7890 
3 7772 7635 7898 
3 8409 9387 12259 
3 10538 6777 7622 
3 8268 7266 8419 
3 7994 7992 8270 
3 7500 7740 7492 
3 8140 8412 7757 
3 7603 7740 7500 
3 8541 7619 8552 
3 1689 1690 1610 
3 7908 8023 7909 
3 8272 8419 8141 
3 8272 7890 8420 
3 745 3613 7263 
3 5902 8119 2478 
3 8142 8052 6304 
3 12406 10509 13332 
3 8425 8000 8144 
3 7995 8132 8688 
3 7890 8272 7624 
3 8428 8146 8430 
3 10864 5211 7017 
3 8427 8001 8825 
3 7761 7277 7760 
3 8000 8425 8422 
3 8153 8432 7772 
3 8277 8151 8278 
3 8151 7767 8278 
3 13812 3608 2707 
3 8279 8149 8432 
3 8277 8280 8151 
3 8150 7767 8151 
3 13351 13337 10529 
3 3283 3173 3485 
3 8435 8706 8433 
3 8011 8158 8282 
3 7772 7898 8153 
3 11602 9679 12550 
3 8161 8012 8160 
3 11433 8529 7606 
3 8783 6096 7810 
3 7609 7505 7372 
3 7384 7623 7616 
3 8161 8834 8168 
3 8438 8289 8288 
3 9698 8695 10688 
3 8291 8167 8583 
3 8288 8291 8438 
3 6091 6079 6203 
3 11958 12851 11012 
3 6623 3535 3504 
3 8296 8023 8298 
3 8298 8723 8296 
3 11425 8532 11415 
3 2360 12300 6323 
3 10307 9345 9487 
3 13525 11639 9599 
3 8030 8175 8298 
3 8173 8025 7911 
3 7002 13653 7003 
3 8445 8175 8028 
3 8173 8443 8591 
3 8446 8028 8031 
3 8301 7916 9105 
3 7916 7918 8177 
3 8302 8849 8852 
3 7817 6880 9915 
3 13545 12605 12598 
3 8305 8032 13984 
3 8850 8303 8304 
3 12662 12714 5864 
3 10564 9496 9897 
3 2767 10191 3784 
3 7918 8601 8177 
3 5856 7593 5842 
3 7593 5856 9460 
3 5238 62 13554 
3 12852 11938 10999 
3 7502 7136 7129 
3 8606 8310 8033 
3 8451 8600 8299 
3 10202 9986 9977 
3 80 6299 2373 
3 10349 8219 6323 
3 6724 10483 9434 
3 8181 8465 8462 
3 12512 3863 13779 
3 7438 6599 9312 
3 8464 8184 8181 
3 8184 8464 8316 
3 10942 8058 7891 
3 8181 8185 8465 
3 8181 8034 8185 
3 8018 12867 13815 
3 8185 8318 8465 
3 8468 8471 8316 
3 2955 7504 9614 
3 10684 6879 10681 
3 312 5307 9295 
3 7950 7951 8341 
3 8188 8472 8318 
3 8178 9364 8452 
3 8189 8186 8471 
3 5238 9810 10775 
3 2703 3492 551 
3 9436 6721 10465 
3 8037 8474 8188 
3 8621 8886 8324 
3 10494 12512 13771 
3 8042 8321 8621 
3 13101 10241 10244 
3 8042 7930 7928 
3 8321 8473 8621 
3 6241 6252 6115 
3 10832 13632 11727 
3 7560 4835 8483 
3 8893 8326 7939 
3 7933 7934 8894 
3 8087 1812 7082 
3 11734 13577 13599 
3 8479 7931 8194 
3 5814 2689 373 
3 5671 1923 3769 
3 3722 12761 370 
3 10953 8933 5536 
3 8709 9655 7750 
3 6149 6221 6203 
3 8486 4823 7562 
3 3667 1513 2674 
3 10695 10462 10469 
3 8482 8894 8627 
3 7681 8049 7682 
3 12657 12630 11727 
3 13398 13413 13395 
3 8334 7431 8050 
3 761 782 5163 
3 7684 8051 8335 
3 11870 12802 10964 
3 11705 5244 11728 
3 2395 13320 10278 
3 7815 8634 7816 
3 11903 12826 12801 
3 8904 8339 8055 
3 8319 13341 10467 
3 7951 8492 8635 
3 8342 8911 7822 
3 10494 7904 12512 
3 7470 7219 7105 
3 9020 8206 8910 
3 8481 3903 5801 
3 8501 7525 10434 
3 13903 8143 13901 
3 10412 10424 10409 
3 7952 8062 8639 
3 8062 8640 8639 
3 7954 8918 8502 
3 7954 8348 8918 
3 8062 8349 8640 
3 7202 7709 7459 
3 8206 8505 8207 
3 8210 8213 8352 
3 10173 6451 6436 
3 8065 9438 8208 
3 7957 8912 8914 
3 7954 7955 7699 
3 13561 13577 10777 
3 8353 2454 10467 
3 10497 8356 3669 
3 10345 11025 10337 
3 7445 8215 8205 
3 8510 8216 8073 
3 10494 5572 3507 
3 9126 9129 9002 
3 343 2676 371 
3 8070 8363 7960 
3 8011 7898 8010 
3 13554 11685 13552 
3 1051 8878 2032 
3 8357 7962 8513 
3 8512 8363 8355 
3 7962 8077 8513 
3 7500 7877 7874 
3 2992 3532 3726 
3 3546 10450 6687 
3 8076 8510 8360 
3 8070 8066 8355 
3 8076 8216 8510 
3 8987 11209 10570 
3 13949 213 13148 
3 10119 9508 9514 
3 11594 10253 9135 
3 8077 8515 8513 
3 7597 7739 8113 
3 8355 8363 8070 
3 11867 12750 10944 
3 8077 8079 8515 
3 10416 5787 7552 
3 8517 8221 8363 
3 8516 8518 8365 
3 8362 8370 8367 
3 8518 8515 8365 
3 7531 6667 8424 
3 13615 5768 3771 
3 8225 8370 8362 
3 8651 8367 8360 
3 9581 6807 7677 
3 10601 6820 8631 
3 8367 8372 8360 
3 6007 4689 6763 
3 7715 8368 8373 
3 4282 4271 6256 
3 1041 2218 638 
3 8360 8372 8230 
3 1997 3707 2000 
3 9858 9167 9169 
3 8373 8655 8788 
3 9810 5238 13552 
3 4666 13316 12118 
3 8658 8785 7717 
3 12980 13316 8523 
3 13585 2895 13569 
3 9026 9630 8765 
3 7972 8373 8659 
3 8100 8094 8521 
3 8377 8372 8379 
3 7537 9390 8429 
3 8788 9164 9040 
3 3074 9881 13521 
3 5196 9849 7885 
3 8495 8206 8060 
3 13546 13283 11676 
3 6358 5933 5929 
3 8525 8378 8098 
3 8102 8667 8533 
3 6190 7189 6153 
3 7844 8785 8228 
3 8237 8243 8534 
3 8534 8662 8237 
3 12877 13095 9727 
3 8662 8530 8380 
3 8528 8661 7978 
3 2451 5841 3566 
3 8669 8103 8934 
3 8664 7977 8798 
3 9386 6666 9397 
3 6375 6400 6354 
3 7975 8673 8672 
3 6400 8320 6354 
3 9074 8565 8826 
3 8533 8934 8103 
3 8109 8246 8110 
3 7722 8378 8658 
3 5748 5614 6014 
3 8031 8174 8843 
3 13974 7412 1573 
3 7978 8661 8391 
3 5870 6014 5614 
3 8246 8109 8799 
3 8671 8391 8661 
3 4126 12863 12660 
3 3091 9507 10549 
3 8395 8115 8803 
3 12025 10134 12960 
3 9752 11682 11659 
3 8405 8803 7982 
3 8397 7859 8393 
3 8560 8817 8951 
3 4287 1493 7944 
3 8424 11325 9385 
3 9385 7531 8424 
3 12605 12595 12598 
3 8678 7874 8548 
3 9053 8544 8801 
3 8405 7982 8118 
3 8256 8121 8252 
3 8246 8799 8393 
3 8683 8123 7987 
3 8680 8125 8123 
3 7874 8678 7603 
3 1414 13160 9138 
3 8546 8547 7748 
3 8407 8550 7988 
3 3448 13374 2529 
3 11682 4974 13531 
3 8115 7598 7365 
3 11454 13323 12414 
3 12373 13320 2395 
3 8113 8115 8395 
3 12750 11795 10944 
3 7990 9073 8415 
3 11205 10113 9497 
3 10383 8413 7491 
3 8420 8412 8558 
3 8562 7992 8415 
3 8402 6491 12392 
3 7879 7266 8268 
3 12212 12015 1183 
3 8115 7741 7598 
3 9230 9702 9703 
3 1209 505 2514 
3 8135 8139 8137 
3 8140 8135 8412 
3 8279 8004 8149 
3 2313 2346 4338 
3 2674 1513 2676 
3 1513 371 2676 
3 5055 460 5300 
3 8419 8272 8694 
3 8822 8956 8955 
3 12571 13532 13517 
3 1690 1689 6209 
3 8427 8698 8700 
3 8141 7624 8272 
3 7892 8274 8001 
3 8559 8560 8137 
3 9198 8234 5567 
3 5847 8540 4903 
3 8428 8430 8566 
3 10035 12897 12898 
3 7893 8567 8147 
3 7772 8432 8149 
3 9801 9596 9998 
3 2403 4361 4338 
3 8832 8574 8571 
3 8282 8435 8432 
3 8432 8435 8433 
3 8712 8161 8160 
3 1877 1892 9930 
3 7869 7248 7879 
3 8282 8158 8283 
3 9706 11632 13509 
3 8969 8437 8434 
3 2376 2373 12285 
3 8437 8160 8156 
3 8282 8283 8435 
3 13517 8165 13509 
3 8834 8161 8712 
3 9706 13509 4555 
3 9121 9600 10007 
3 7997 7892 7621 
3 5071 9019 750 
3 8441 8171 8021 
3 8442 8171 8585 
3 13313 13323 11454 
3 7792 7654 7534 
3 6328 6331 4338 
3 8585 8171 8441 
3 8441 8021 8168 
3 8577 7642 8582 
3 4837 12569 4668 
3 8531 9706 9688 
3 2038 8009 7208 
3 8722 8025 8173 
3 8174 8025 8722 
3 8028 8446 8445 
3 8843 8446 8031 
3 8294 8841 8587 
3 8591 8840 8981 
3 4861 13357 4865 
3 8028 7914 8031 
3 6476 7260 7038 
3 8529 10505 9452 
3 10665 3577 9679 
3 547 11537 7434 
3 8850 8304 8308 
3 2493 6457 240 
3 8302 13984 8032 
3 8602 8600 8451 
3 7504 3579 5577 
3 8601 8452 9364 
3 8454 8308 8307 
3 8475 10657 12523 
3 5833 10487 4879 
3 12528 11583 13479 
3 8454 8453 8308 
3 8312 8457 8733 
3 7175 5399 9025 
3 9482 9339 9481 
3 10459 11429 13544 
3 8606 8867 8310 
3 11275 12218 13144 
3 8857 8859 8599 
3 8307 8308 8304 
3 10218 9993 9994 
3 8459 8312 8610 
3 8459 8314 8312 
3 9780 5370 10796 
3 8610 8614 8459 
3 8705 8967 8832 
3 8303 8729 8307 
3 8614 8617 8459 
3 962 2323 965 
3 2323 962 963 
3 8459 8618 8314 
3 8071 8770 8349 
3 13138 12962 4126 
3 8618 8461 8314 
3 9118 8871 9121 
3 8618 8464 8461 
3 8464 8462 8461 
3 94 126 152 
3 8463 8464 8618 
3 13170 3242 2612 
3 8314 8461 8458 
3 8316 8467 8468 
3 6331 2313 4338 
3 12521 10657 10644 
3 8464 8463 8316 
3 6438 11131 10160 
3 8316 8463 8467 
3 2323 963 2316 
3 12863 4126 12962 
3 4479 2713 4402 
3 8471 8470 8473 
3 13678 10832 11746 
3 13599 12702 11734 
3 11732 12662 11730 
3 3577 10665 5057 
3 8621 8324 8042 
3 8620 8472 8474 
3 8744 7924 7926 
3 8476 7930 8324 
3 2713 13610 6915 
3 9169 9650 9858 
3 5572 10494 13765 
3 7931 8479 8750 
3 8179 6135 4951 
3 8327 8193 7800 
3 8292 6445 5084 
3 13282 2584 13295 
3 12662 13576 11730 
3 666 673 776 
3 8341 9147 8495 
3 5255 9916 3417 
3 8682 5954 10636 
3 9140 8331 8484 
3 8319 6400 6375 
3 11727 13632 12657 
3 8335 8487 7684 
3 8757 8049 8196 
3 11547 13449 8333 
3 7431 8334 8632 
3 9001 8610 8877 
3 7950 7826 7696 
3 8199 8054 8762 
3 8496 9016 8635 
3 8342 8202 9023 
3 4416 12579 6915 
3 7107 6732 6731 
3 6862 7213 6866 
3 10450 8481 5801 
3 9106 8143 5476 
3 8345 8497 8496 
3 8504 9031 8352 
3 8496 8635 8492 
3 2478 1171 3633 
3 2298 11375 8122 
3 13155 8336 13145 
3 9132 8169 11100 
3 4124 10574 13443 
3 8349 8770 8640 
3 8904 8055 8205 
3 8293 8294 8167 
3 8502 8504 8213 
3 8208 9155 8498 
3 8073 8505 8510 
3 7853 8820 7856 
3 9020 8767 8768 
3 8505 8768 8647 
3 2291 2313 12254 
3 2109 12011 12933 
3 8361 8645 8359 
3 8361 8920 8645 
3 1274 1123 1225 
3 10045 9433 9282 
3 13101 10248 10250 
3 8651 8360 8510 
3 10636 5954 10617 
3 5354 3396 11404 
3 7720 7847 7472 
3 1364 9357 13296 
3 12048 12579 13548 
3 8225 8362 8223 
3 11531 10584 11527 
3 8515 8079 8365 
3 7977 8525 7496 
3 8223 8362 8361 
3 8367 8651 8778 
3 9390 10416 10407 
3 6820 9581 7677 
3 11512 11531 11527 
3 8065 8357 9029 
3 7839 8516 7964 
3 8362 8367 8778 
3 7537 5787 10416 
3 8784 8368 8517 
3 8516 8928 8782 
3 8655 8368 8784 
3 10950 10508 10948 
3 5200 5202 3125 
3 7756 6867 8695 
3 12616 8751 10737 
3 8785 8929 8228 
3 8410 9571 9519 
3 12455 10584 11531 
3 10409 2099 10401 
3 8376 8521 8094 
3 8525 7977 8664 
3 8377 8527 8521 
3 13537 5038 3127 
3 7497 7480 7228 
3 8373 8788 8659 
3 8372 8377 8230 
3 8095 7847 7720 
3 8377 8379 8526 
3 2569 2571 2585 
3 8659 8528 7972 
3 8379 8530 8526 
3 8238 10220 6484 
3 9459 8944 9467 
3 9467 9673 9459 
3 12048 13548 13501 
3 4306 5400 6427 
3 8382 8662 8380 
3 8530 8793 8666 
3 12450 13399 11512 
3 2812 8242 10251 
3 8526 8667 8527 
3 563 599 496 
3 11547 12503 4843 
3 9304 8684 9325 
3 7375 10251 9960 
3 431 7375 9960 
3 4293 13276 3406 
3 8048 6317 7150 
3 7524 8413 10383 
3 11547 11552 12503 
3 2663 3703 3684 
3 9210 9260 6527 
3 9210 6527 8234 
3 1695 1643 1696 
3 8516 8224 8928 
3 9386 6649 6666 
3 10700 12946 4690 
3 7679 6813 13347 
3 12060 8142 6304 
3 3632 10551 11492 
3 8797 8109 8107 
3 3548 2051 2070 
3 2902 1045 11309 
3 893 3548 2070 
3 10549 7651 5889 
3 9067 8548 8263 
3 7980 9048 7977 
3 11975 13859 13875 
3 7863 8803 8115 
3 11438 10517 11409 
3 10709 12595 12605 
3 8939 8793 8534 
3 7863 7982 8803 
3 8543 9049 9050 
3 6362 9060 8091 
3 12319 11792 11963 
3 2165 2249 2625 
3 11325 8424 10383 
3 12173 11079 2856 
3 8407 8256 9050 
3 9064 6374 8091 
3 8546 8544 8805 
3 8407 7988 8256 
3 6581 12048 13501 
3 8647 8510 8505 
3 8256 8543 9050 
3 8547 8406 7878 
3 7878 8406 8262 
3 8683 8680 8123 
3 13164 12241 12239 
3 6484 10220 9200 
3 8693 7870 8268 
3 6202 6307 6199 
3 7870 8693 8684 
3 8253 8125 8680 
3 6203 6307 6202 
3 8395 8399 8113 
3 8688 8132 8814 
3 12414 13362 9365 
3 10383 8424 7524 
3 8689 8417 9328 
3 9210 8234 9198 
3 7105 7219 7106 
3 4226 8106 8086 
3 8559 8817 8560 
3 8268 8419 8693 
3 6207 8106 4226 
3 13957 13364 12971 
3 2994 7523 2053 
3 8273 7994 8270 
3 5084 6418 8292 
3 13368 10509 12406 
3 8697 8425 8699 
3 9056 9057 8812 
3 12569 4837 12577 
3 8566 8829 8699 
3 8699 8428 8566 
3 9587 7561 10528 
3 8427 8700 8567 
3 11649 12595 9738 
3 8420 8558 8272 
3 8700 8705 8567 
3 765 3319 3320 
3 8704 8279 8572 
3 8962 8829 8831 
3 8567 8705 8571 
3 8147 8567 8571 
3 8571 8277 8147 
3 8832 8571 8705 
3 13849 13661 12860 
3 7761 8140 7757 
3 8572 8432 8433 
3 3594 1466 8905 
3 6466 11168 10198 
3 8579 8706 8435 
3 5018 6210 5013 
3 8579 9212 8708 
3 8153 8282 8432 
3 8390 12244 7481 
3 8713 8285 8289 
3 10346 6637 4726 
3 8710 8160 8437 
3 8156 8434 8437 
3 13950 7387 7577 
3 8713 8973 9090 
3 2404 2400 2408 
3 9278 9016 8765 
3 8438 8583 8715 
3 2204 4188 10214 
3 13331 11446 11456 
3 7113 5124 9138 
3 8168 8834 8441 
3 12173 6184 10235 
3 8587 8716 8294 
3 13313 11454 11436 
3 13654 12719 12702 
3 1762 589 7048 
3 8839 9096 8840 
3 8591 8442 8839 
3 8294 8293 8719 
3 8842 8719 8296 
3 8592 8722 8173 
3 8724 8175 8445 
3 8173 8591 8592 
3 8844 8446 8843 
3 8844 8982 8446 
3 12154 4100 1128 
3 11642 6643 13492 
3 8447 8846 8596 
3 8847 8447 8598 
3 8600 8598 8447 
3 10502 11152 10036 
3 8600 8447 8299 
3 7210 1966 7234 
3 5119 1362 1325 
3 8083 8360 8230 
3 8727 8308 8453 
3 8850 8726 8303 
3 8600 8851 8598 
3 8596 8299 8447 
3 8596 8599 8299 
3 10486 11147 11760 
3 1409 9551 737 
3 12203 12212 9168 
3 8990 8851 8602 
3 5711 6627 4728 
3 2164 6179 1128 
3 9225 9221 9353 
3 10349 2750 6287 
3 13448 4199 2174 
3 8197 151 8775 
3 13147 6591 9315 
3 8733 8877 8312 
3 8312 8877 8610 
3 8457 8458 8613 
3 8457 8613 8608 
3 10677 10444 9989 
3 8190 12376 4245 
3 8735 8614 8610 
3 8392 8112 7978 
3 8310 8867 8309 
3 8615 8617 8614 
3 6865 8676 5984 
3 8617 8615 8740 
3 8740 8463 8617 
3 8617 8463 8618 
3 8740 8467 8463 
3 5776 5792 3771 
3 9009 8621 8470 
3 8468 8467 8740 
3 8617 8618 8459 
3 13333 13118 7435 
3 8462 8464 8181 
3 8458 8461 8462 
3 13634 10852 12666 
3 8472 8884 8885 
3 10852 10848 12666 
3 6649 4741 3846 
3 3046 7438 9312 
3 10644 13462 12521 
3 8191 8624 8744 
3 10796 5370 7754 
3 11728 12666 10848 
3 8191 8750 8624 
3 5316 2963 6689 
3 8479 8626 8750 
3 12184 11240 8007 
3 10641 10784 10873 
3 12655 12863 2698 
3 8328 8626 8479 
3 8328 8326 8626 
3 4126 12660 2564 
3 4178 11315 4102 
3 12550 9709 11602 
3 10297 9291 7426 
3 9140 9421 8754 
3 4416 6915 13610 
3 12366 11413 11414 
3 8482 8899 8196 
3 9846 9438 10054 
3 8332 10254 8484 
3 2452 12357 9280 
3 5834 8520 4855 
3 13327 13925 13541 
3 5195 1179 1165 
3 8632 8334 9013 
3 8758 8334 7682 
3 4361 6375 6354 
3 13273 2452 9280 
3 3281 7825 5120 
3 8163 7273 9120 
3 8154 10443 12356 
3 9143 7947 8761 
3 8199 8762 8763 
3 9280 7117 13273 
3 8300 10276 10297 
3 8341 8635 8906 
3 9023 8202 8638 
3 9427 9425 9622 
3 6724 9434 7571 
3 8763 8912 8199 
3 10100 12008 12002 
3 7448 7706 8062 
3 10050 8767 9435 
3 10424 12334 10409 
3 8345 8498 8497 
3 5223 6303 5233 
3 8638 8639 9024 
3 2240 1610 12462 
3 10092 9478 9681 
3 6215 9177 8211 
3 10320 1610 2240 
3 7409 9267 8300 
3 10624 13437 10591 
3 9020 8505 8206 
3 13201 12328 127 
3 7963 7712 7830 
3 8741 9133 9273 
3 8505 9020 8768 
3 8352 8213 8504 
3 7212 7455 6729 
3 9603 9126 9809 
3 8645 8920 9027 
3 8431 8434 8280 
3 8212 8355 8066 
3 8212 8351 9032 
3 8651 8771 8778 
3 8912 9277 8914 
3 7910 8025 7913 
3 8651 8647 8771 
3 8651 8510 8647 
3 13561 13565 13577 
3 4706 3710 7245 
3 8778 8774 8362 
3 9623 9428 10508 
3 7875 7988 7511 
3 12254 6331 954 
3 5776 7683 13718 
3 3598 7249 6390 
3 12109 12100 5353 
3 6710 497 8622 
3 8655 8373 8368 
3 7788 8025 7910 
3 10331 2328 4279 
3 13388 12455 11531 
3 8785 8658 8787 
3 9423 10038 9830 
3 7288 7061 6944 
3 8377 8521 8376 
3 1738 12537 11336 
3 12781 12801 12826 
3 8236 8100 8521 
3 7907 8021 8171 
3 5414 3312 10344 
3 11531 11512 13399 
3 8793 8530 8662 
3 8662 8534 8793 
3 8668 8667 8666 
3 10390 12942 13239 
3 8797 8799 8109 
3 750 127 5071 
3 8117 8116 7233 
3 8534 8243 8396 
3 8797 8107 8672 
3 8798 7977 9048 
3 8392 8391 9047 
3 8111 6374 9064 
3 6948 11191 6937 
3 8798 9304 9172 
3 8138 3980 8259 
3 13855 562 8725 
3 8678 8944 8539 
3 6510 6511 12146 
3 3848 7189 5019 
3 8683 8549 8810 
3 10382 10365 11342 
3 8680 8545 8253 
3 10074 9653 9179 
3 13185 11334 8069 
3 9179 8936 10074 
3 8805 8547 8546 
3 2888 3921 6074 
3 12150 12144 11515 
3 10380 7084 10103 
3 6739 8838 11806 
3 6208 8233 10529 
3 2316 2333 2323 
3 8685 8551 8255 
3 1738 11336 11342 
3 9220 12537 10735 
3 13362 11486 9365 
3 7753 7151 7042 
3 3436 7887 12478 
3 3312 5429 3316 
3 7140 4381 5349 
3 8685 8691 8551 
3 8686 8814 8132 
3 4998 6210 2745 
3 7209 9060 6362 
3 8688 8814 8948 
3 5596 10258 7380 
3 10046 8063 8072 
3 4374 3316 5429 
3 13886 13881 2628 
3 13040 12644 13228 
3 8560 8951 8557 
3 7296 8482 7945 
3 8412 8557 8555 
3 10247 5917 3641 
3 6836 2354 2333 
3 13506 13294 13728 
3 11730 8755 11732 
3 9067 8263 8689 
3 9309 9056 8812 
3 12528 13479 13470 
3 8713 8579 8285 
3 8563 8822 8955 
3 8697 8826 8565 
3 3882 2725 9932 
3 9198 6484 9200 
3 8427 8825 8698 
3 11177 9196 2771 
3 7893 8001 8427 
3 8699 8829 8827 
3 12204 4199 2239 
3 3649 10341 11313 
3 5414 7493 3312 
3 199 6452 2491 
3 12968 11352 6201 
3 8961 8967 8828 
3 8831 8829 8704 
3 8704 8572 8831 
3 12408 4508 13324 
3 8675 4468 3447 
3 11313 9189 12241 
3 8831 8572 8575 
3 8706 8707 8575 
3 8397 7601 7859 
3 13331 12395 11446 
3 6221 6307 6203 
3 13150 9186 1297 
3 2333 2380 3498 
3 5545 10199 4596 
3 7788 7787 7911 
3 7533 7535 7408 
3 8583 8716 8715 
3 2380 2375 3498 
3 8718 8585 8441 
3 8294 8716 8583 
3 9092 8976 8834 
3 9560 9594 9551 
3 9897 9496 9228 
3 8720 8719 8842 
3 5721 13284 8404 
3 11486 8248 8226 
3 9100 8722 8981 
3 8722 8592 8981 
3 7940 2462 4273 
3 606 607 797 
3 8445 8446 8982 
3 8983 8723 8724 
3 8984 8596 8846 
3 8847 8846 8447 
3 8984 8599 8596 
3 8301 9105 8849 
3 8177 8987 9105 
3 3635 3005 3733 
3 8851 9107 8598 
3 8599 8984 8857 
3 10083 2003 13639 
3 12220 9171 9168 
3 3848 2744 3842 
3 7175 8043 6324 
3 6285 7278 6275 
3 5018 6221 6210 
3 9204 9216 9396 
3 9369 8992 8454 
3 8600 8602 8851 
3 5218 3387 7923 
3 6283 6606 6425 
3 8861 8455 8305 
3 392 511 514 
3 13144 10281 11275 
3 8453 8454 8992 
3 8859 8451 8599 
3 9245 8867 8606 
3 10832 10806 10814 
3 3970 10021 5576 
3 7526 7779 7398 
3 8608 8733 8457 
3 9204 9352 8950 
3 8950 9337 901 
3 1238 4438 4029 
3 6221 6290 6307 
3 8613 9004 9130 
3 11063 11064 10637 
3 8736 8615 8614 
3 8462 8739 9004 
3 855 12184 11256 
3 9006 8740 8615 
3 13284 13271 8404 
3 8465 8739 8462 
3 8190 4245 11418 
3 8152 10121 7263 
3 9140 8484 10254 
3 12033 6848 9799 
3 8885 8318 8472 
3 8739 8885 8882 
3 675 678 13669 
3 8883 8470 8468 
3 8741 8884 8472 
3 1233 1331 1282 
3 8741 8472 8620 
3 8008 796 11964 
3 3842 2744 2743 
3 8625 8327 8476 
3 10005 6297 9003 
3 8886 8621 9009 
3 8626 8326 8891 
3 7590 7721 7974 
3 8625 8888 8892 
3 12184 13115 11240 
3 7934 8895 8894 
3 9140 8754 8331 
3 13115 12184 855 
3 7189 7227 5019 
3 13838 12075 13429 
3 7934 8753 8895 
3 13838 7946 12075 
3 2665 3077 2965 
3 13437 10607 13434 
3 11771 12717 12714 
3 8196 8899 8757 
3 5300 460 901 
3 5159 779 4079 
3 8758 8757 9013 
3 7426 8300 10297 
3 13860 110 13686 
3 8632 9013 9623 
3 8511 13250 8747 
3 7211 9058 11034 
3 13436 8333 13449 
3 8341 8906 9147 
3 8906 8635 9016 
3 8496 8497 8765 
3 8911 8342 9023 
3 9023 8638 9149 
3 8638 9150 9149 
3 12814 9946 7103 
3 10665 8475 5057 
3 10485 10784 10380 
3 6128 10812 7855 
3 12002 13899 10089 
3 8904 8205 9027 
3 8904 9027 9433 
3 6172 6125 4124 
3 8917 8502 8918 
3 7710 7706 7570 
3 9167 9041 8929 
3 2731 6855 1720 
3 10030 10493 9418 
3 13764 13549 1095 
3 8925 8355 8212 
3 8361 8774 8920 
3 8351 8352 9033 
3 8351 9033 9032 
3 9286 8770 8914 
3 8212 9160 8925 
3 10404 11273 11061 
3 2765 434 443 
3 9277 8912 8763 
3 8925 8512 8355 
3 12458 7234 13410 
3 3230 13930 13142 
3 8513 8515 10057 
3 4265 7246 12968 
3 10612 10843 9929 
3 9424 9622 9425 
3 4740 3717 360 
3 6527 9267 5622 
3 10241 13074 5975 
3 9035 8784 8517 
3 5476 3608 9106 
3 9163 8515 8518 
3 8516 8782 8518 
3 10056 12928 13854 
3 541 539 503 
3 7881 1971 5656 
3 10093 8117 7233 
3 8785 8787 9167 
3 10401 2099 13007 
3 9040 8659 8788 
3 824 658 10928 
3 9634 9282 9285 
3 8103 7849 8101 
3 8263 7512 8264 
3 8619 4655 10702 
3 8659 9040 8791 
3 8791 8661 8659 
3 13247 13253 8122 
3 9946 7979 7103 
3 8791 8671 8661 
3 8256 7988 8121 
3 8664 8932 8525 
3 11633 9655 8709 
3 8132 8130 8686 
3 9313 9329 6445 
3 3094 3108 4114 
3 11191 13064 13058 
3 10543 10544 10096 
3 7313 7366 7349 
3 8391 8671 9047 
3 13330 5121 1061 
3 2603 3813 1649 
3 12132 9104 13059 
3 9453 9047 9176 
3 4102 11315 4073 
3 12739 10932 12781 
3 8180 8032 8305 
3 7975 8669 8673 
3 5976 5589 5831 
3 11091 11094 10691 
3 9104 11184 13059 
3 8801 8403 8401 
3 8948 8814 9062 
3 8401 8392 8801 
3 9188 8395 9054 
3 13375 11486 13362 
3 8393 8799 8940 
3 9065 8545 8680 
3 8405 9054 8803 
3 8407 8686 8550 
3 4949 11876 12745 
3 8255 8542 8808 
3 8812 8407 9050 
3 8947 4326 5279 
3 7980 7870 8684 
3 12113 10203 6937 
3 12113 6937 11186 
3 8545 9065 9061 
3 10722 11689 10787 
3 8144 7274 7518 
3 8262 8406 8549 
3 8683 9322 8680 
3 1096 3025 5472 
3 12114 13029 13032 
3 13032 2839 12114 
3 8255 8808 8685 
3 7491 8413 8408 
3 7188 10055 5411 
3 6220 3430 4326 
3 8635 8341 7951 
3 9894 6212 7062 
3 8559 8690 8817 
3 8565 8822 8422 
3 12584 1479 13967 
3 7673 10196 10203 
3 9828 3339 4222 
3 12394 10569 2769 
3 11207 6492 11181 
3 8951 8817 9319 
3 3372 2307 2301 
3 11800 10895 12719 
3 8555 8952 8558 
3 10140 12057 13937 
3 9328 8417 8955 
3 8558 8952 9197 
3 8691 9073 7990 
3 12209 8133 2291 
3 1444 13212 1477 
3 11795 13690 9928 
3 8030 8298 7790 
3 2694 9051 7673 
3 8562 8415 9073 
3 8825 8274 8823 
3 12777 1515 12774 
3 8698 8825 8828 
3 6111 10077 2044 
3 8827 8697 8699 
3 9051 2694 13004 
3 8697 8565 8425 
3 8425 8565 8422 
3 12774 1515 10908 
3 8829 8962 8827 
3 3126 3341 3556 
3 9045 13004 2682 
3 8828 8700 8698 
3 8434 8431 8574 
3 8962 8830 8965 
3 9092 8834 9091 
3 9077 9335 9340 
3 8831 8830 8962 
3 8967 8700 8828 
3 8967 8705 8700 
3 11334 13197 9238 
3 8575 8572 8433 
3 9862 7016 9866 
3 6202 6199 6091 
3 13337 11456 10529 
3 7188 7186 11017 
3 8579 8713 9090 
3 8706 8708 8707 
3 1999 8265 7234 
3 8722 9100 9358 
3 10168 12996 13971 
3 8836 8716 8587 
3 12512 13779 13771 
3 2404 2401 2400 
3 8441 8976 8978 
3 8715 8716 8836 
3 4196 3179 2062 
3 7760 7763 8139 
3 8840 8591 8839 
3 13939 13943 4683 
3 8585 8718 8839 
3 8715 8975 8714 
3 8723 8298 8175 
3 8982 9102 9232 
3 6317 4426 5392 
3 8445 8982 8724 
3 8846 9504 8984 
3 8849 9105 8986 
3 8177 8601 8987 
3 8726 8850 9108 
3 8850 8727 9109 
3 8850 9109 9108 
3 990 9352 9396 
3 9109 8453 8992 
3 8601 9508 8987 
3 8602 8603 8995 
3 12383 11995 12983 
3 7936 7417 8326 
3 8451 8859 8603 
3 1555 11483 4341 
3 10099 9887 10304 
3 9367 9914 9366 
3 9245 8606 8730 
3 10684 5047 6879 
3 5047 2259 6004 
3 6944 6808 6192 
3 8870 8871 9119 
3 8874 8873 9121 
3 8874 8875 8873 
3 9001 8877 9000 
3 8874 8877 8875 
3 4640 2388 13928 
3 1541 7338 1535 
3 9000 9123 9126 
3 4455 3444 4473 
3 9000 8874 8870 
3 2290 2024 1813 
3 8877 8874 9000 
3 8568 5214 8553 
3 8875 8877 8733 
3 2354 1020 2380 
3 9129 8881 8736 
3 8875 8608 9128 
3 9000 8870 9123 
3 9128 8608 8613 
3 7537 10416 9390 
3 5930 4016 8630 
3 9000 9002 9001 
3 13588 1552 13975 
3 9411 9128 9130 
3 9352 9204 9396 
3 8613 8462 9004 
3 12239 7034 7028 
3 9005 9004 8882 
3 12477 6236 10873 
3 1690 1775 12481 
3 8882 9004 8739 
3 9098 3146 3122 
3 7946 13838 10574 
3 10971 12805 8835 
3 8888 8477 8887 
3 5019 1551 1529 
3 9133 8620 8744 
3 7924 8744 8620 
3 10058 6098 6046 
3 8750 8890 8624 
3 8891 8750 8626 
3 8753 8625 8892 
3 8894 8895 8627 
3 8326 8893 8891 
3 9007 9606 9819 
3 2555 1272 2569 
3 1267 1272 2555 
3 8213 8210 7955 
3 8899 8627 9423 
3 9422 10034 8627 
3 10004 9405 9598 
3 399 398 554 
3 12435 12654 12861 
3 11774 6993 7885 
3 9859 11746 10832 
3 6938 7147 9114 
3 8758 8049 8757 
3 12928 8985 8988 
3 3494 7120 9003 
3 12019 12017 13913 
3 8758 9013 8334 
3 7947 9143 8335 
3 4015 11375 7117 
3 13922 959 11135 
3 460 8089 901 
3 5508 5336 5240 
3 9815 6959 2364 
3 9144 8762 8634 
3 4354 4336 5487 
3 8194 7931 7935 
3 13200 1787 5800 
3 12308 7567 8489 
3 9024 9150 8638 
3 8497 8498 9153 
3 2462 13240 1480 
3 8348 9022 8918 
3 6098 6125 6172 
3 6177 12036 10682 
3 9154 8770 9286 
3 6223 12064 9114 
3 8917 8918 9156 
3 12173 10235 12209 
3 284 1317 283 
3 8208 9438 9155 
3 11208 209 11224 
3 10280 2748 11242 
3 2062 883 3166 
3 9438 8065 9029 
3 8921 8916 9285 
3 9029 8357 8923 
3 7853 9804 8820 
3 8774 8778 8921 
3 13234 5326 8404 
3 6392 192 13662 
3 4440 13201 750 
3 13201 127 750 
3 9031 8504 8917 
3 9035 9161 9443 
3 5307 9326 7292 
3 9089 6390 7249 
3 8513 10057 8923 
3 8512 8925 9034 
3 9037 8655 8784 
3 6310 6361 5018 
3 1402 10320 2240 
3 8920 8774 8921 
3 8236 8102 8103 
3 8929 9039 8928 
3 9039 8929 9041 
3 8244 12060 6676 
3 13886 2628 2655 
3 993 13942 2522 
3 8801 8544 8403 
3 9173 8671 8791 
3 8558 8412 8555 
3 9173 9176 8671 
3 5018 6361 6290 
3 8107 8108 7736 
3 8078 3160 8089 
3 8797 8672 8936 
3 8796 8673 8669 
3 9180 8669 8934 
3 8668 8666 9174 
3 12814 7103 7976 
3 10307 9889 9345 
3 12828 12411 13013 
3 8939 8396 8539 
3 9824 9615 10032 
3 8940 8543 8252 
3 5920 11076 11078 
3 8944 8548 9067 
3 7974 7978 7737 
3 9059 8406 8547 
3 11975 8942 12898 
3 6249 8947 2514 
3 3504 3535 153 
3 8406 9059 9317 
3 8805 8544 9053 
3 4643 4658 2388 
3 9188 8808 8542 
3 8931 8658 8378 
3 7771 7767 8005 
3 8809 8406 9317 
3 9057 8814 8812 
3 9318 8810 8809 
3 12011 12017 7854 
3 9096 9699 9497 
3 8130 8550 8686 
3 11336 8084 11342 
3 9192 8683 8810 
3 5296 7976 4341 
3 8691 8685 8821 
3 9943 9939 9740 
3 8285 8159 8289 
3 8548 8944 8678 
3 13458 7577 2807 
3 7081 5261 8938 
3 7810 6922 8764 
3 8942 10035 12898 
3 8560 8557 8135 
3 7577 13458 13950 
3 4015 2410 4206 
3 9197 8272 8558 
3 9071 8555 8557 
3 8691 8821 9073 
3 8694 8272 9197 
3 8689 9328 9072 
3 8669 9180 8796 
3 8562 9073 8957 
3 9202 8823 8270 
3 8959 8960 8958 
3 8960 8825 8958 
3 8827 9075 8826 
3 6923 12109 13025 
3 8827 8962 9075 
3 8962 9079 9075 
3 8828 8825 8960 
3 8962 8965 9079 
3 6909 6062 6043 
3 8155 8012 7902 
3 9712 10328 9107 
3 9542 10172 9538 
3 6290 6353 6307 
3 8957 8270 8562 
3 9202 8270 8957 
3 1906 4362 519 
3 9085 8574 8832 
3 11024 11953 12888 
3 8347 8384 8295 
3 12577 4837 5213 
3 8433 8706 8575 
3 9088 8708 9212 
3 4941 4584 5031 
3 8707 9088 9208 
3 13531 11651 11659 
3 9348 9691 9891 
3 13493 13494 13096 
3 49 4757 4772 
3 8579 9090 9212 
3 11649 12577 5213 
3 9091 8712 8710 
3 11490 12335 11934 
3 8712 9091 8834 
3 9349 8972 9346 
3 8715 8836 8975 
3 10063 9645 9646 
3 9353 8836 8587 
3 10061 9643 9642 
3 9641 9160 9442 
3 9036 10170 10161 
3 2576 2600 2571 
3 8748 8760 6075 
3 9095 8718 8978 
3 8587 8841 9224 
3 13404 1773 5844 
3 9099 8981 8840 
3 10499 7593 9460 
3 9724 8859 9370 
3 8867 9245 9113 
3 8591 8981 8592 
3 8647 8768 8771 
3 8842 8983 9228 
3 8296 8723 8842 
3 11882 12082 11439 
3 8842 8723 8983 
3 9102 8982 8844 
3 9498 9228 9229 
3 8846 8847 9103 
3 9107 8847 8598 
3 12239 7028 12229 
3 8984 9361 8857 
3 8852 8849 9506 
3 8851 8990 9107 
3 8855 8993 8305 
3 8995 9367 8990 
3 8859 8857 9370 
3 6900 6016 6020 
3 9491 9092 9217 
3 1489 2643 1486 
3 9515 9368 8865 
3 7555 7179 7308 
3 4512 4532 306 
3 8603 8859 8996 
3 8307 8729 8864 
3 10895 9885 12702 
3 12834 11919 9985 
3 9515 8865 9112 
3 7756 9698 6024 
3 8178 9368 9364 
3 8865 9368 8178 
3 13877 7079 1892 
3 9111 9369 8864 
3 8864 9369 8454 
3 5200 8226 8248 
3 8856 8303 8726 
3 10684 10689 5047 
3 9113 9112 8867 
3 9119 9122 8870 
3 9119 9405 9122 
3 1097 12153 3847 
3 5298 5274 413 
3 8031 7914 8174 
3 8474 8472 8188 
3 8870 9122 9123 
3 172 178 2224 
3 8455 8861 8730 
3 3618 5816 6888 
3 11904 10990 11913 
3 1768 7738 1773 
3 8615 8736 8881 
3 10418 10427 9965 
3 11904 11913 11903 
3 8610 9002 8735 
3 9002 8610 9001 
3 12834 9985 10964 
3 9002 9129 8735 
3 8873 8875 9264 
3 11096 10132 12963 
3 6865 5995 7750 
3 9005 9130 9004 
3 13548 12579 11832 
3 8307 8304 8303 
3 5218 7923 11821 
3 9008 8883 9007 
3 10830 8790 8779 
3 9008 8470 8883 
3 9009 8470 9008 
3 4465 2426 22 
3 9009 9415 8886 
3 8741 8620 9133 
3 3507 13746 1573 
3 7596 6046 13839 
3 3902 545 2848 
3 8035 8187 8036 
3 8886 9415 8887 
3 9417 8624 8890 
3 8866 11898 10971 
3 10972 8866 10971 
3 6861 5954 8682 
3 6746 6422 6587 
3 9174 8939 10086 
3 7080 7187 6823 
3 7732 3175 5989 
3 9330 9338 10373 
3 10987 10981 8019 
3 10964 12802 12834 
3 12496 9618 9621 
3 7568 8777 13949 
3 5132 4854 5135 
3 6303 3159 5233 
3 5968 8670 3164 
3 9623 9144 8634 
3 1051 2032 1045 
3 10254 8332 9012 
3 13230 10090 6084 
3 12801 11904 11903 
3 8487 9012 8332 
3 7003 8858 6151 
3 11413 12366 12362 
3 2056 3905 2059 
3 8634 8632 9623 
3 9707 9504 9903 
3 7831 8071 8349 
3 10648 3175 7732 
3 8630 10648 10614 
3 7658 11754 3734 
3 9043 3775 2765 
3 9435 8910 9279 
3 9279 8910 8495 
3 8495 9147 9279 
3 8866 6739 569 
3 8911 9023 9022 
3 8639 9154 9024 
3 10273 10968 10742 
3 563 650 723 
3 9026 8497 9153 
3 8640 9154 8639 
3 8220 7964 8516 
3 2252 4276 13852 
3 8348 8911 9022 
3 9283 8918 9022 
3 8768 8767 8916 
3 9031 8917 9156 
3 9157 8352 9031 
3 8221 8517 8368 
3 9033 8352 9157 
3 5157 5334 4975 
3 9441 9032 9033 
3 7331 7218 7216 
3 9034 8925 9160 
3 9035 9037 8784 
3 9163 10057 8515 
3 13631 1101 1065 
3 8929 8928 8228 
3 6957 6959 7834 
3 9164 8655 9037 
3 5005 5095 4909 
3 9270 8306 6531 
3 8932 9169 8931 
3 13394 4949 5029 
3 3718 5717 7643 
3 10987 8022 10002 
3 8163 9120 8169 
3 10083 13639 10120 
3 3226 2996 2781 
3 8389 4462 8402 
3 9179 8797 8936 
3 8936 8672 9042 
3 9998 9593 9798 
3 9047 8671 9176 
3 9174 8793 8939 
3 9868 9181 8799 
3 10916 8794 7225 
3 9657 9180 8934 
3 8611 4956 5930 
3 11701 12630 13561 
3 3509 11963 11792 
3 7306 1408 13951 
3 6067 5120 7812 
3 683 2972 6120 
3 8940 9181 9049 
3 8801 9052 9053 
3 9056 9873 9062 
3 9875 9667 9462 
3 8803 9054 8395 
3 10042 8063 10046 
3 9047 9052 8801 
3 8392 9047 8801 
3 8944 9459 8539 
3 8805 9053 9462 
3 9184 9309 9050 
3 9061 9054 8545 
3 9054 8405 8545 
3 6361 6395 6290 
3 2516 2419 2418 
3 12722 11806 8838 
3 6245 10563 6229 
3 7668 4978 9526 
3 8150 8005 7767 
3 9065 8680 9322 
3 10569 8582 4009 
3 9048 7980 8684 
3 9082 8404 5326 
3 9314 8951 9319 
3 4746 9401 4788 
3 6420 6415 6576 
3 10429 11146 11148 
3 8808 9069 8685 
3 12569 11629 4668 
3 9071 8557 8951 
3 12571 11651 13532 
3 9604 9808 9410 
3 8748 6914 9728 
3 4949 13288 11876 
3 1937 13501 10842 
3 8694 8684 8693 
3 8948 8690 8688 
3 5044 9701 6881 
3 11990 9066 8519 
3 8156 8155 8006 
3 2655 8586 4605 
3 8821 8685 8815 
3 8689 9072 9067 
3 13350 5382 7353 
3 9202 8959 8958 
3 11189 11808 11598 
3 8273 8270 8823 
3 9732 6064 6067 
3 3509 11143 11463 
3 4465 22 1216 
3 9332 9335 9202 
3 9077 8960 8959 
3 11101 11747 11536 
3 9080 8960 9077 
3 9327 9474 9069 
3 10237 10476 10704 
3 7677 6807 5927 
3 9231 9703 9898 
3 6290 6395 6353 
3 9551 1409 9560 
3 7336 3412 5382 
3 9833 1732 5804 
3 9085 9345 9346 
3 8969 8434 8574 
3 9085 8969 8574 
3 13618 13118 13627 
3 1999 7234 3101 
3 6780 7641 11468 
3 1470 9729 86 
3 4825 4913 86 
3 9217 8710 9211 
3 4349 4386 7528 
3 6680 4621 8619 
3 7155 1920 1901 
3 9222 8975 9221 
3 9221 8975 8836 
3 8978 8976 9093 
3 9224 9353 8587 
3 1670 4869 4865 
3 9699 9096 9095 
3 10852 9892 10845 
3 8715 8714 8438 
3 13148 13128 13949 
3 10852 13634 9892 
3 9099 9230 8981 
3 12340 10483 8520 
3 9101 8844 8843 
3 8844 9101 9102 
3 8842 9228 8980 
3 13427 5656 1971 
3 709 13739 5410 
3 8720 8841 8719 
3 9228 8983 9229 
3 6834 8660 5959 
3 5499 5517 3422 
3 8288 8159 8291 
3 8986 9506 8849 
3 4178 13849 12860 
3 9504 9361 8984 
3 8857 9361 9512 
3 8995 8990 8602 
3 3754 12542 3434 
3 9370 8857 9512 
3 8991 8726 9711 
3 8310 8309 7792 
3 4232 8385 5331 
3 8305 8993 8861 
3 13618 13610 4479 
3 9237 8992 9369 
3 9724 8996 8859 
3 9373 9111 8864 
3 9245 8861 9372 
3 8865 8867 9112 
3 8540 5847 10517 
3 9673 9467 9879 
3 9254 9116 9115 
3 9116 9117 9115 
3 13596 4126 2564 
3 6320 4196 3157 
3 9116 9118 9117 
3 9256 9119 9116 
3 9116 9119 9118 
3 4126 13596 13138 
3 8306 9270 10284 
3 6452 4462 8389 
3 7606 7619 8541 
3 8871 9118 9119 
3 3664 1647 13809 
3 11984 13603 12195 
3 12099 11889 12292 
3 8867 8865 8309 
3 1737 2022 1808 
3 13562 5676 3378 
3 10675 10678 11106 
3 4380 5825 3829 
3 9264 9259 8873 
3 9126 9002 9000 
3 6130 6196 6165 
3 6079 6149 6203 
3 9603 8881 9129 
3 11409 4879 10487 
3 9266 9006 8881 
3 8875 9128 9264 
3 8049 8758 7682 
3 8520 5834 7593 
3 7595 11730 10775 
3 9809 9123 9261 
3 1128 886 884 
3 9869 11724 11734 
3 8495 8910 8206 
3 5493 4354 5487 
3 13600 13599 13613 
3 10883 3509 11463 
3 9415 9822 8887 
3 8169 9132 3631 
3 8886 8887 8477 
3 5773 5774 5910 
3 9417 8744 8624 
3 8222 8215 7833 
3 9273 9133 10246 
3 9825 8892 8887 
3 12084 13978 12996 
3 8887 9418 9825 
3 3573 1124 1880 
3 9009 9008 9415 
3 6495 6933 7276 
3 9824 8890 9615 
3 8891 8893 9420 
3 9139 8892 9825 
3 8895 9422 8627 
3 10380 10091 10485 
3 6301 6453 6010 
3 10658 8670 8676 
3 5186 13974 13732 
3 8507 10487 5833 
3 7466 4483 5675 
3 7622 3078 7618 
3 2968 1045 2032 
3 7587 6721 9436 
3 8627 10034 9423 
3 8899 9424 8757 
3 8489 3915 7588 
3 8487 10255 9012 
3 9623 9013 9427 
3 2098 3912 8507 
3 9013 9425 9427 
3 13577 11734 10777 
3 9143 10261 8335 
3 9430 9835 8761 
3 2875 7559 5214 
3 10859 10403 10402 
3 9431 9144 9625 
3 11639 5573 5546 
3 9144 8763 8762 
3 9016 9278 9146 
3 9859 10832 10814 
3 9629 9147 9148 
3 9843 11728 10848 
3 9279 9147 9629 
3 8438 8714 8289 
3 9020 8910 9435 
3 9022 9023 9152 
3 8638 7952 8639 
3 9420 8893 9421 
3 9146 8906 9016 
3 10946 11867 10944 
3 9086 8879 2344 
3 10095 9336 9685 
3 3943 5846 3042 
3 9174 10289 8668 
3 9027 9282 9433 
3 9027 8920 9285 
3 8916 9634 9285 
3 9155 9153 8498 
3 5458 13785 721 
3 5611 7521 3611 
3 13672 5237 5028 
3 9909 8260 10267 
3 9157 9031 9440 
3 9635 8914 10262 
3 8921 9285 8920 
3 9161 9641 9443 
3 9035 8517 9161 
3 10293 5670 10309 
3 9029 8923 9287 
3 9441 9033 9157 
3 10060 10520 10745 
3 7701 9618 6820 
3 8643 4991 5941 
3 8782 9290 9163 
3 10609 13436 10606 
3 6834 7698 7679 
3 12630 11701 11727 
3 9170 9040 9293 
3 10624 6303 13437 
3 13594 1592 13601 
3 5519 13880 7515 
3 5237 3863 7604 
3 9296 9169 8932 
3 10045 9430 9433 
3 370 12761 6612 
3 10720 1833 12387 
3 12781 10932 12801 
3 8949 9463 9319 
3 10289 9174 9455 
3 9657 8668 10289 
3 8796 9042 8673 
3 8673 9042 8672 
3 9306 9453 9307 
3 2599 2585 2571 
3 9872 10752 9184 
3 8914 9277 10262 
3 9871 8796 9180 
3 10598 9407 13403 
3 9306 9047 9453 
3 9304 9670 9870 
3 9184 9049 9181 
3 11795 12750 13690 
3 10786 10787 11705 
3 9050 9049 9184 
3 9053 9310 9462 
3 9306 9310 9052 
3 9071 9314 9464 
3 9667 9059 8805 
3 9316 9317 9059 
3 9061 9188 9054 
3 8809 9317 9318 
3 9322 9675 9065 
3 5207 5302 5125 
3 11758 5756 9767 
3 5743 4558 2212 
3 12416 8233 10541 
3 8412 8135 8557 
3 11486 10552 8248 
3 9192 9322 8683 
3 8636 11676 9752 
3 8944 9067 9677 
3 9385 12267 13188 
3 5754 7065 2228 
3 10809 10129 12065 
3 3724 2607 7383 
3 9325 8694 9197 
3 7524 5744 7527 
3 9471 9197 8952 
3 9721 112 81 
3 8279 8432 8572 
3 9476 9328 9475 
3 8815 9069 9474 
3 8955 8956 9475 
3 8956 8822 9477 
3 11676 9758 13545 
3 9477 8822 9074 
3 9332 9201 9479 
3 9201 8957 9073 
3 6215 6196 6130 
3 9074 8826 9075 
3 9202 8957 9332 
3 8812 8686 8407 
3 6362 8091 4470 
3 6524 3372 7536 
3 3190 3183 3071 
3 9084 9345 9085 
3 9084 9085 8832 
3 8790 7823 6799 
3 9346 8972 9085 
3 6647 8411 8418 
3 8710 8972 9211 
3 1608 1735 1879 
3 6273 7297 4180 
3 8973 9213 9090 
3 10928 12717 7671 
3 9085 8972 8969 
3 9090 9213 9490 
3 10722 11685 11689 
3 9092 9091 9217 
3 8973 9215 9213 
3 9215 9222 9213 
3 8714 8973 8713 
3 2405 4683 13943 
3 9223 9093 9092 
3 8975 9215 8973 
3 7513 7509 8408 
3 8408 7527 7513 
3 8841 9356 9224 
3 7893 8147 7630 
3 9095 8978 9354 
3 9224 9356 9225 
3 8457 8312 8458 
3 13118 13618 4479 
3 9496 9226 8980 
3 9091 8710 9217 
3 7481 4741 8390 
3 9491 9223 9092 
3 4741 6649 8390 
3 9228 9496 8980 
3 8840 9096 9497 
3 6645 7491 8408 
3 8375 9338 9330 
3 8958 8823 9202 
3 8625 8753 8327 
3 9230 9231 9100 
3 9231 9358 9100 
3 13976 5529 5512 
3 9358 9359 9101 
3 9359 9102 9101 
3 9226 8720 8980 
3 9080 9077 9485 
3 9229 8724 8982 
3 1775 1876 12481 
3 6004 6871 6879 
3 8847 9362 9103 
3 9105 9502 8986 
3 9362 8847 9107 
3 13034 5592 2785 
3 10570 9502 8987 
3 7141 8029 7140 
3 3017 18 1072 
3 9040 9170 8791 
3 8371 10370 5711 
3 2510 1171 2478 
3 8069 9209 13185 
3 9236 8993 8855 
3 9108 9109 9237 
3 9502 9105 8987 
3 9719 9370 9512 
3 9248 9740 9525 
3 2752 7900 5911 
3 8992 9237 9109 
3 6359 1127 77 
3 10689 8734 6022 
3 5591 5472 5538 
3 4341 11483 13360 
3 7495 13975 1552 
3 8117 12930 9066 
3 9373 8864 9244 
3 9244 8729 8862 
3 13883 13708 410 
3 10647 11490 10884 
3 8532 8537 7618 
3 9717 9509 9511 
3 8995 8996 9516 
3 9373 9919 9720 
3 7824 10056 10040 
3 8117 6369 8116 
3 12776 12174 11548 
3 13724 13098 13496 
3 9249 9248 9379 
3 9379 9248 9525 
3 13084 383 901 
3 9248 9249 9250 
3 13819 13801 11878 
3 9255 9253 9115 
3 9254 9115 9596 
3 9379 9382 9249 
3 10004 9598 9403 
3 423 8950 383 
3 9116 9254 9256 
3 9597 9117 9257 
3 8973 8714 8975 
3 9706 4555 9688 
3 12079 837 2793 
3 8371 5711 8354 
3 9405 9119 9256 
3 9869 11734 12702 
3 9121 9259 9600 
3 12291 12292 11889 
3 10108 11630 10106 
3 3201 8872 215 
3 7900 11108 5911 
3 7313 7349 6385 
3 8289 8714 8713 
3 8670 5006 3164 
3 9128 9411 9410 
3 12764 5572 13756 
3 10346 4726 7456 
3 9603 9266 8881 
3 8899 8482 8627 
3 9128 9410 9264 
3 9268 8882 9269 
3 9007 8883 9006 
3 8695 8682 12548 
3 7595 9856 11730 
3 5843 11415 8532 
3 9269 8741 9273 
3 8113 8399 7597 
3 6647 5740 2936 
3 9669 9665 9874 
3 8744 9417 9133 
3 6374 5436 8091 
3 9418 8887 9822 
3 9885 9869 12702 
3 1332 136 4578 
3 10440 9280 12357 
3 8325 4701 6591 
3 2906 4819 166 
3 8891 9420 9615 
3 8180 8305 8455 
3 1825 1889 1507 
3 10483 4855 8520 
3 8507 5833 2098 
3 3528 1612 596 
3 11324 6649 9386 
3 1510 7428 3518 
3 11643 11861 12248 
3 8681 10738 11701 
3 10036 9622 9424 
3 13890 4629 484 
3 7852 8107 7736 
3 10036 10039 9622 
3 10255 9832 10257 
3 10255 8487 9832 
3 9486 13789 13970 
3 10777 11734 11724 
3 9430 8904 9433 
3 8763 9431 9277 
3 9148 9147 8906 
3 9006 9266 9007 
3 9623 9427 9428 
3 9603 9809 10017 
3 9149 9632 9631 
3 9149 9150 9632 
3 12518 12503 11552 
3 8767 9020 9435 
3 9291 5689 7426 
3 9022 9152 9283 
3 9632 9150 9024 
3 9629 9838 9279 
3 9281 9024 9154 
3 9152 9023 9149 
3 9152 9149 9631 
3 6199 6307 7238 
3 6724 7571 4846 
3 11000 10016 11004 
3 9486 3518 7418 
3 10333 10118 10797 
3 9156 8918 9283 
3 8914 9635 9286 
3 9842 9286 9635 
3 9154 9286 9842 
3 13672 5028 5029 
3 5029 5028 13394 
3 9282 9027 9285 
3 9846 9155 9438 
3 5328 6382 916 
3 11104 3752 7413 
3 7101 10409 10401 
3 10091 9797 1833 
3 9035 9443 9444 
3 10057 9163 10274 
3 9289 9035 9444 
3 9161 9034 9641 
3 9289 9037 9035 
3 8655 9164 8788 
3 11705 11728 9843 
3 9292 8782 9039 
3 9290 8782 9292 
3 9041 9447 9292 
3 9164 9293 9040 
3 9039 9041 9292 
3 9169 9167 8931 
3 9167 9858 9447 
3 12877 9086 2344 
3 13597 13383 11793 
3 916 3198 13063 
3 9173 8791 9170 
3 9857 9450 9173 
3 9173 9170 9857 
3 6011 5879 5428 
3 10074 8936 9042 
3 8237 8662 8382 
3 9167 8787 8931 
3 13968 7407 5434 
3 9042 8796 9658 
3 8258 13403 9407 
3 4658 5841 2424 
3 6535 5622 9267 
3 8799 9179 9868 
3 13785 3843 5844 
3 8798 9048 9304 
3 13884 412 4597 
3 8169 3631 8163 
3 7444 6965 7194 
3 10174 9761 9760 
3 8939 8539 9459 
3 9047 9306 9052 
3 6229 10563 8249 
3 12455 8249 10563 
3 9056 9309 9458 
3 1876 1937 10842 
3 9817 12415 11575 
3 9056 9062 9057 
3 13375 11512 10552 
3 9061 9878 9188 
3 10140 12966 5882 
3 9467 8944 9677 
3 10806 10740 9837 
3 9463 8949 9062 
3 9463 9314 9319 
3 11836 10909 11870 
3 11512 13375 12450 
3 3035 11281 13147 
3 3412 1434 5382 
3 1552 11593 7495 
3 1665 1833 1093 
3 9062 8949 8948 
3 9318 9469 9192 
3 6556 2714 2720 
3 9903 11213 10578 
3 4940 5035 4758 
3 8234 6527 4610 
3 2600 3684 3682 
3 9325 9197 9471 
3 8694 9325 8684 
3 9474 9880 8815 
3 8815 9681 8821 
3 13962 7368 13964 
3 8939 9459 10086 
3 8391 8392 7978 
3 3493 3887 3793 
3 9201 9332 8957 
3 8822 8565 9074 
3 8955 9475 9328 
3 10990 7776 5784 
3 6863 7102 6728 
3 13545 9758 12605 
3 6511 7383 12146 
3 9339 9335 9332 
3 9075 9684 9074 
3 12229 7028 12220 
3 9075 9079 9684 
3 9201 8821 9681 
3 10266 7380 10258 
3 9081 9686 9687 
3 9485 9686 9080 
3 9339 9482 9340 
3 9336 9079 9484 
3 9342 9484 8965 
3 9080 9686 9081 
3 9206 9207 9342 
3 9206 9342 8965 
3 9093 9354 8978 
3 5545 7317 10199 
3 9206 8965 8830 
3 8413 7527 8408 
3 9208 10102 9207 
3 9983 9793 9982 
3 6559 6548 8650 
3 62 5215 13554 
3 9490 9691 9212 
3 9348 9088 9212 
3 6325 4191 5285 
3 3588 2463 4715 
3 9213 9493 9492 
3 9215 8975 9222 
3 9186 10327 1297 
3 9673 11379 10291 
3 9354 9093 9223 
3 11659 11651 10708 
3 9228 9498 9897 
3 9226 9356 8841 
3 9497 9099 8840 
3 9703 9231 9230 
3 10511 11461 8209 
3 9726 12569 12577 
3 9498 9229 9232 
3 9232 9359 9901 
3 5592 13034 6895 
3 3257 820 3239 
3 13275 12900 12278 
3 9361 9504 9707 
3 9229 8982 9232 
3 11454 12414 9355 
3 11649 9738 12577 
3 7622 6777 3078 
3 2958 5403 3694 
3 10379 10144 10620 
3 12203 9168 8024 
3 8800 10916 10926 
3 9363 9360 9233 
3 226 259 210 
3 8411 6647 6637 
3 12577 9738 8623 
3 9509 9717 9234 
3 9503 9509 9234 
3 9961 9567 10420 
3 10529 11456 6208 
3 12767 5272 3334 
3 11525 9560 12367 
3 9510 8856 8991 
3 9503 9902 9708 
3 9367 9366 8990 
3 10126 8861 8993 
3 8147 8277 8278 
3 13324 11461 12408 
3 6196 7265 7204 
3 10767 8692 10754 
3 9111 9373 9720 
3 10586 9724 9370 
3 2264 2090 2549 
3 9400 9253 9255 
3 9244 8864 8729 
3 9518 9245 9372 
3 6423 9137 4550 
3 10133 9373 9244 
3 9560 11525 1665 
3 1238 2484 3652 
3 9516 9375 10136 
3 1762 4966 13921 
3 9724 9375 8996 
3 9378 9379 9376 
3 9724 10347 9375 
3 8579 8708 8706 
3 13250 12367 9560 
3 9524 9376 9379 
3 13709 356 13711 
3 9518 9113 9245 
3 9380 9382 9378 
3 9378 9382 9379 
3 13084 901 8089 
3 9380 9378 10148 
3 11414 10484 2871 
3 5127 13547 9151 
3 13084 8089 2047 
3 9204 8950 423 
3 9734 9525 9740 
3 9196 7327 2771 
3 8961 8828 8960 
3 9750 9944 9741 
3 9250 9249 9384 
3 3641 1252 3652 
3 9249 9382 9532 
3 9388 9536 9544 
3 11177 2771 4596 
3 9705 10606 4830 
3 8474 8037 7924 
3 4904 10253 796 
3 9389 9537 9541 
3 10853 9942 10162 
3 9394 9757 9389 
3 9394 9391 9757 
3 9550 9557 9541 
3 9541 9557 9389 
3 9389 9557 9394 
3 9248 9250 9740 
3 9547 9570 9392 
3 9569 9567 9394 
3 4440 9204 423 
3 9399 9578 9576 
3 3837 3653 3465 
3 9115 9593 9596 
3 13748 278 12931 
3 9253 9996 9115 
3 10007 9257 9121 
3 5477 13972 5480 
3 9596 9801 9254 
3 13954 3396 5354 
3 6310 5048 6361 
3 9257 9118 9121 
3 9593 9115 9996 
3 9403 9254 9801 
3 9598 9256 9403 
3 9256 9254 9403 
3 10001 9117 9597 
3 9688 4555 12540 
3 9257 10007 9597 
3 9330 5703 6617 
3 9405 9256 9598 
3 9117 10001 9255 
3 10011 9122 9405 
3 12330 11717 11491 
3 7155 7138 13282 
3 9405 10004 10011 
3 9998 9596 9593 
3 7155 13282 13295 
3 9288 7155 13295 
3 5977 7968 10225 
3 6436 6451 6441 
3 9007 9266 9606 
3 853 6973 13747 
3 9008 9007 9819 
3 5326 13234 2807 
3 951 10331 10317 
3 7454 4716 5703 
3 11303 7454 5703 
3 6075 8760 6936 
3 9610 9415 9008 
3 10028 9415 9610 
3 13953 5354 3392 
3 10589 12422 8494 
3 5713 5489 5839 
3 7509 6661 8409 
3 9824 9611 9417 
3 13957 1434 3412 
3 10443 13349 2517 
3 10033 8895 9139 
3 11469 11696 11055 
3 9417 8890 9824 
3 925 3461 3439 
3 3926 3942 2841 
3 7984 10248 10244 
3 7979 6255 5311 
3 6395 5048 5086 
3 9425 8757 9424 
3 4522 8746 6619 
3 6928 8968 6946 
3 13740 13742 6932 
3 10196 7673 10191 
3 4276 10317 10331 
3 1364 3392 9357 
3 10261 9143 9835 
3 10645 9566 13470 
3 8339 9430 8761 
3 7574 10465 6721 
3 9431 9625 9626 
3 11692 13807 1759 
3 69 85 24 
3 3153 2933 3268 
3 8487 8335 10261 
3 3450 5747 6493 
3 9278 8765 9840 
3 8765 9630 9840 
3 9026 8765 8497 
3 3615 6413 8152 
3 8152 7263 3615 
3 12350 11733 11306 
3 9278 9840 10048 
3 9163 9290 10519 
3 8916 10050 10263 
3 11839 10314 11002 
3 13239 13247 7098 
3 9157 9639 9441 
3 9438 9029 10054 
3 13945 9331 9302 
3 9441 9442 9032 
3 8525 8932 8378 
3 10698 11133 10475 
3 10398 8093 10401 
3 6814 12953 8081 
3 10121 4504 7263 
3 9921 8897 5493 
3 5458 9106 3608 
3 13211 12287 12301 
3 9164 9037 9289 
3 1592 9640 1759 
3 9645 9290 9292 
3 9292 9447 9645 
3 3633 1252 3641 
3 9041 9167 9447 
3 7372 7139 7609 
3 9244 9722 9922 
3 11928 13823 1839 
3 2193 3124 4960 
3 8393 8940 8252 
3 9293 9857 9170 
3 11527 10552 11512 
3 5535 5554 7912 
3 9172 9296 8932 
3 8287 10598 13422 
3 9870 9296 9172 
3 9042 9867 10074 
3 9406 7562 4788 
3 12303 8087 9238 
3 11350 13216 9239 
3 3720 3414 3418 
3 4486 6390 7233 
3 11527 10584 9409 
3 8595 9602 6590 
3 9307 9456 9310 
3 10484 11446 12395 
3 13756 12838 12764 
3 13938 12101 11144 
3 5619 3512 7607 
3 4293 467 13276 
3 9670 9304 9325 
3 9485 10305 9686 
3 8771 8768 8916 
3 3673 3865 4082 
3 8667 8526 8666 
3 9660 9314 9463 
3 4631 6541 7392 
3 9304 9048 8684 
3 8799 8797 9179 
3 5764 7527 5760 
3 9056 9458 9873 
3 11414 11413 9321 
3 9464 9461 9665 
3 4440 423 12210 
3 5744 5760 7527 
3 10080 9463 9873 
3 5499 5523 5517 
3 13171 11290 3364 
3 9671 9318 9317 
3 9316 9671 9317 
3 9659 9660 9463 
3 8419 8694 8693 
3 9464 9665 9071 
3 411 530 561 
3 6367 8116 6369 
3 9468 9469 9318 
3 9192 9469 9675 
3 9061 9065 9675 
3 9318 9671 9468 
3 9061 9672 9878 
3 9325 9471 9670 
3 5721 9817 11575 
3 7062 6212 9905 
3 9322 9192 9675 
3 8275 4659 9251 
3 4659 4671 9251 
3 9061 9675 9877 
3 9677 9067 9473 
3 9193 9471 8952 
3 11379 9673 9879 
3 12210 423 383 
3 8668 8533 8667 
3 6891 416 2754 
3 3832 3833 4450 
3 10148 10386 10392 
3 9476 9072 9328 
3 8956 9477 9475 
3 12405 10556 1037 
3 9480 9339 9479 
3 8363 9161 8517 
3 12359 8511 8129 
3 9339 9332 9479 
3 10100 7862 9693 
3 2047 8089 3160 
3 9684 9477 9074 
3 12014 7249 4504 
3 9481 9339 9480 
3 9336 9684 9079 
3 8967 9344 9084 
3 9484 9079 8965 
3 4859 3708 2699 
3 13357 473 13339 
3 5411 6342 7188 
3 9687 9344 9081 
3 8967 9081 9344 
3 9084 9344 9487 
3 8967 8961 9081 
3 10102 9208 9891 
3 13222 7895 3955 
3 9891 9208 9348 
3 9088 9348 9208 
3 9206 8707 9208 
3 9206 9208 9207 
3 5740 6647 8418 
3 9213 9222 9493 
3 7624 8141 7272 
3 7495 7488 3584 
3 8160 8710 8712 
3 6647 4736 6637 
3 9222 9696 9493 
3 10366 967 4733 
3 9224 9225 9353 
3 9223 10314 9354 
3 10315 9354 10314 
3 3107 3326 3324 
3 6676 12064 6223 
3 9356 9895 9225 
3 9340 9485 9077 
3 11492 10509 13368 
3 6769 5431 6782 
3 9745 2581 4164 
3 3245 3242 13934 
3 9899 9499 9358 
3 9099 9702 9230 
3 9211 8972 9351 
3 9499 9901 9359 
3 10787 11689 11705 
3 9499 9359 9358 
3 5411 10055 7209 
3 3296 1263 9271 
3 9902 9233 10115 
3 5205 12724 4249 
3 9233 9360 10115 
3 8846 9103 9504 
3 9711 8726 9108 
3 2173 4946 3982 
3 9505 9506 9906 
3 2786 8275 3706 
3 8615 8881 9006 
3 2307 8879 8743 
3 9360 9363 9904 
3 10342 10352 10593 
3 10333 9505 10118 
3 8853 176 10914 
3 11324 8390 6649 
3 10333 9236 9505 
3 9904 9363 9717 
3 8929 8785 9167 
3 9515 9514 9368 
3 12203 9166 12193 
3 10680 10674 10454 
3 8996 8995 8603 
3 9913 10809 10334 
3 10329 9713 9510 
3 9369 9111 9720 
3 13947 12568 1342 
3 10586 9370 9719 
3 9918 9515 9112 
3 9364 9368 9514 
3 9320 12379 11436 
3 4927 13520 13315 
3 11888 7090 10933 
3 9128 8613 9130 
3 1271 1266 3467 
3 7465 4056 1948 
3 9245 8730 8861 
3 9511 10125 9716 
3 7445 8055 7689 
3 9375 9516 8996 
3 11436 12379 13313 
3 3959 12422 1025 
3 5567 6484 9198 
3 9524 9379 9525 
3 9388 9552 9536 
3 9524 9525 9734 
3 7487 13478 11593 
3 9741 9938 9936 
3 9739 9382 9380 
3 9940 9528 9741 
3 9528 9529 9741 
3 9382 9739 9527 
3 4015 4206 5054 
3 3840 12516 1273 
3 9940 9535 9528 
3 5865 13826 13624 
3 5337 7374 8475 
3 9740 9250 9533 
3 13003 11615 12206 
3 11444 11671 11443 
3 9527 9532 9382 
3 9535 9529 9528 
3 7568 13949 12250 
3 9529 9750 9741 
3 8476 8477 8888 
3 2029 3267 5566 
3 9755 9749 9534 
3 9760 9761 9556 
3 9535 9537 9529 
3 1460 13175 11284 
3 9536 9545 9748 
3 9748 9545 9534 
3 10621 10384 11470 
3 9537 9538 9750 
3 9529 9537 9750 
3 9536 9552 9545 
3 9540 9541 9535 
3 9535 9541 9537 
3 9545 9754 9534 
3 2254 12019 13913 
3 9754 9549 9755 
3 9753 9544 9536 
3 11012 12851 12852 
3 9949 9384 9952 
3 6423 3631 9132 
3 9384 9249 9532 
3 9545 9548 9754 
3 6763 4715 2463 
3 9538 9389 9757 
3 9948 9550 9540 
3 9538 9757 9542 
3 9546 9553 9544 
3 9540 9945 9948 
3 9552 9547 9545 
3 9545 9547 9548 
3 9754 9548 9549 
3 9760 9550 9948 
3 3960 7082 1812 
3 5373 8040 5369 
3 9541 9540 9550 
3 9392 9554 9548 
3 9548 9554 9549 
3 9554 9561 9549 
3 9389 9538 9537 
3 9757 9391 9763 
3 9556 9550 9760 
3 9553 9388 9544 
3 7082 3960 5004 
3 9388 9553 9558 
3 9558 9547 9552 
3 9388 9558 9552 
3 13899 12002 9276 
3 9557 9550 9556 
3 12306 6424 11897 
3 9563 9764 9561 
3 9553 9546 9562 
3 9558 9570 9547 
3 5590 3489 2482 
3 9554 9559 9561 
3 9199 3052 764 
3 9562 9568 9558 
3 9568 9570 9558 
3 9392 9559 9554 
3 7345 7591 7589 
3 6690 7716 5314 
3 9556 9569 9557 
3 8040 5363 5369 
3 9203 13934 3242 
3 9562 9572 9568 
3 7568 12250 8129 
3 9563 9565 9764 
3 10557 10105 10558 
3 9768 9578 9556 
3 9578 9569 9556 
3 9557 9569 9394 
3 11429 6163 1931 
3 9997 10984 10990 
3 9559 9577 9563 
3 9574 9573 9570 
3 9568 9574 9570 
3 11144 10181 10193 
3 9399 9579 9569 
3 9568 9572 9574 
3 9573 9583 9559 
3 9577 9772 9563 
3 13763 5788 10583 
3 9574 9582 9573 
3 13378 13796 13172 
3 12132 10225 9104 
3 9399 9569 9578 
3 8369 13348 12343 
3 4344 4347 4162 
3 9577 9559 9583 
3 8048 7150 11003 
3 9582 9583 9573 
3 9785 9580 9577 
3 9578 9776 9576 
3 9588 9579 9399 
3 9776 9768 9774 
3 9576 9588 9399 
3 9772 9580 9590 
3 9582 9586 9583 
3 13607 11694 3837 
3 9785 9590 9580 
3 8547 8805 9059 
3 9038 13919 13754 
3 2585 2599 2644 
3 9590 9793 9592 
3 9392 9570 9559 
3 5156 4079 4062 
3 8287 9407 10598 
3 9793 9590 9785 
3 75 13074 13087 
3 9999 9253 9400 
3 12763 13153 1263 
3 8022 7122 7125 
3 8637 8636 9752 
3 7120 3494 3487 
3 8154 9284 10443 
3 10517 5847 11409 
3 8021 7907 7777 
3 7138 12362 13282 
3 10442 9986 10439 
3 9822 9415 10028 
3 9400 9255 10001 
3 10011 9261 9123 
3 9288 13295 12379 
3 8043 8029 8040 
3 9808 9604 10015 
3 9410 9411 9604 
3 2283 2293 5465 
3 9411 9811 9604 
3 9411 9814 9811 
3 8914 8071 7957 
3 9814 9411 9005 
3 2047 3160 2405 
3 9814 9005 9268 
3 893 6345 12823 
3 8645 9027 8205 
3 9610 9008 9819 
3 8218 7327 9196 
3 11184 9104 10212 
3 9610 9819 9609 
3 2546 2569 1272 
3 9733 13644 9723 
3 8607 11507 4397 
3 9268 9269 9818 
3 9579 9769 9569 
3 11724 9869 9848 
3 10027 10028 9610 
3 9417 9611 10246 
3 12114 4841 13029 
3 10493 9825 9418 
3 5349 7141 7140 
3 9418 9822 10030 
3 5519 9142 13880 
3 2546 2561 2569 
3 7387 13950 11396 
3 4399 6297 7150 
3 9688 4304 8531 
3 6965 6966 7194 
3 9826 10033 9139 
3 2661 12510 3667 
3 5174 10041 4106 
3 9420 9421 9829 
3 12356 10430 8154 
3 8071 8914 8770 
3 13369 10485 10091 
3 9421 9140 10719 
3 10719 10717 9829 
3 7048 589 1770 
3 10341 9209 4987 
3 2258 12033 2417 
3 3854 3669 2936 
3 9459 9673 10086 
3 13069 13681 12872 
3 10719 9140 10254 
3 2048 3157 3166 
3 10832 11727 10806 
3 9832 8487 10261 
3 9326 312 4287 
3 8916 10263 9634 
3 10165 10859 10402 
3 7998 11920 7111 
3 9431 8763 9144 
3 1095 5152 5153 
3 6137 5607 6284 
3 1181 12682 118 
3 10049 10045 9282 
3 11689 11685 13554 
3 9279 9838 9435 
3 8748 6075 6914 
3 6237 5292 3438 
3 9633 10727 9026 
3 10471 10696 10695 
3 9633 9026 9153 
3 9283 9152 9841 
3 8422 8822 8563 
3 9283 9841 9845 
3 4522 3490 120 
3 5670 5681 10309 
3 9281 9154 9842 
3 13369 10091 1833 
3 9031 9156 9437 
3 9845 9437 9156 
3 5365 3243 4302 
3 9925 9931 7081 
3 9157 9440 9639 
3 10741 10273 10272 
3 10272 11176 10741 
3 9443 9851 9444 
3 7081 9931 2496 
3 7081 2496 5261 
3 11921 13716 11924 
3 6960 4666 12118 
3 6393 5362 4266 
3 10519 10274 9163 
3 2555 2585 1309 
3 6662 2963 4107 
3 9855 9645 10063 
3 11918 13672 5029 
3 9293 9164 9643 
3 9293 9643 10061 
3 13971 10157 10168 
3 242 1454 3617 
3 9447 9649 9646 
3 10009 11938 11931 
3 9290 9645 9855 
3 9855 10519 9290 
3 9450 9176 9173 
3 9100 8981 9230 
3 5252 4314 9911 
3 9650 9169 9296 
3 1515 5255 3417 
3 9450 9863 9176 
3 9650 9296 9870 
3 9177 6130 6135 
3 13716 4949 12745 
3 6451 4574 7599 
3 9179 9653 9868 
3 9867 9042 9658 
3 9180 9657 9871 
3 6449 5123 6462 
3 2061 1215 9607 
3 13069 12872 12668 
3 2061 9607 2077 
3 9658 8796 9871 
3 13925 5124 7113 
3 4887 13520 4927 
3 7501 7485 6465 
3 7062 13723 9894 
3 1515 7948 10908 
3 9455 9174 10086 
3 8480 7567 12308 
3 10398 11350 6107 
3 6307 6353 7238 
3 7842 11715 8880 
3 9472 2710 9795 
3 11569 10959 10727 
3 9455 10760 10289 
3 11879 11661 11872 
3 11096 3752 6855 
3 7080 8051 7187 
3 8892 9139 8895 
3 8582 7656 4009 
3 10619 350 12527 
3 9464 9660 9461 
3 12241 7034 12239 
3 10788 5850 211 
3 11037 10355 10827 
3 9464 9314 9660 
3 9874 9665 9461 
3 991 5127 7104 
3 9463 9062 9873 
3 3903 8481 3912 
3 9677 9879 9467 
3 6315 13646 6352 
3 9659 9463 10080 
3 10294 9675 9469 
3 142 2550 5661 
3 9877 9672 9061 
3 10266 9270 6531 
3 67 3708 1392 
3 9327 8808 9188 
3 9670 9471 9876 
3 2744 6987 2743 
3 6589 8909 6572 
3 9880 9681 8815 
3 9477 9684 10095 
3 8250 8257 6418 
3 9683 10094 9884 
3 9480 9479 9683 
3 9480 9683 9884 
3 9336 10095 9684 
3 6367 6369 9066 
3 9480 9884 9481 
3 2744 171 7479 
3 5757 1726 13774 
3 13560 7258 13776 
3 9863 9453 9176 
3 4474 13873 6494 
3 13288 10947 11876 
3 7104 13055 7071 
3 9342 10101 9887 
3 2323 2357 965 
3 10033 10496 9422 
3 9685 9336 9484 
3 9344 9687 9487 
3 9889 9346 9345 
3 9889 9349 9346 
3 10546 10304 10776 
3 13209 12334 12356 
3 8283 8285 8579 
3 2571 2569 2561 
3 9691 9490 9492 
3 9491 9351 10311 
3 7885 3343 2407 
3 9492 9490 9213 
3 9211 9491 9217 
3 9493 10108 10106 
3 6418 5084 2804 
3 11002 9223 9491 
3 10106 10105 9493 
3 9339 9340 9335 
3 11748 11330 11751 
3 11089 11091 11099 
3 9225 9895 9893 
3 9895 9356 10564 
3 323 13019 5130 
3 8163 2714 7273 
3 996 13229 638 
3 9699 11205 9497 
3 10929 13626 13138 
3 8490 5365 6419 
3 10110 9498 9900 
3 9497 10113 9702 
3 4416 13610 10937 
3 9358 9231 9899 
3 7100 6257 10945 
3 10163 10858 10853 
3 2873 2855 7476 
3 8986 9906 9506 
3 1249 221 1279 
3 5860 5840 12927 
3 9509 9503 9708 
3 9906 10118 9505 
3 8991 9711 10330 
3 9711 9108 10579 
3 2561 2576 2571 
3 10579 9108 9237 
3 6714 9094 12921 
3 8108 7494 7490 
3 5514 6542 5523 
3 8277 8431 8280 
3 1309 27 13133 
3 9913 10334 9904 
3 9516 9914 9367 
3 10188 9963 9765 
3 11452 11245 10824 
3 10021 5544 793 
3 9369 9720 9715 
3 9369 9715 9237 
3 9367 8995 9516 
3 8862 10123 9722 
3 6317 2611 4399 
3 9716 9913 9717 
3 9372 8861 10126 
3 4849 6901 8854 
3 9649 9858 9860 
3 6590 8554 6565 
3 7885 2407 5196 
3 10347 10136 9375 
3 10135 9516 10136 
3 562 13855 12026 
3 12968 6201 7047 
3 8885 8465 8318 
3 6993 3343 7885 
3 9929 9378 9730 
3 7047 6201 9894 
3 9730 9378 9376 
3 9306 9307 9310 
3 9376 9520 10378 
3 9378 9929 10148 
3 10378 10371 9376 
3 3671 2661 3667 
3 6024 6909 6043 
3 9520 9376 9524 
3 9524 9734 9520 
3 10777 11724 8679 
3 11969 11958 10040 
3 11800 7225 8794 
3 9380 10158 9739 
3 9741 9936 9736 
3 6128 7855 2371 
3 9943 9748 10162 
3 5460 5790 5666 
3 8442 7787 8171 
3 2391 10821 8819 
3 9533 9536 9943 
3 9740 9533 9943 
3 3641 5917 3633 
3 9384 9949 9533 
3 8969 8710 8437 
3 5399 7175 6326 
3 9945 9535 10159 
3 10985 8945 8953 
3 6679 7549 7546 
3 9380 10148 10158 
3 9384 9532 9751 
3 10375 10608 10363 
3 2371 8813 6128 
3 9949 9753 9533 
3 9533 9753 9536 
3 9527 9751 9532 
3 8862 9722 9244 
3 8702 10786 9803 
3 9750 10172 10400 
3 10999 10009 8903 
3 10632 11065 11709 
3 8826 8697 8827 
3 1080 33 2094 
3 4741 13348 1997 
3 7039 11135 959 
3 10000 11008 10024 
3 9751 9952 9384 
3 9549 9756 9755 
3 9534 9754 9755 
3 6113 7840 9804 
3 9755 9756 10405 
3 9561 9759 9756 
3 7141 5363 8040 
3 11938 10009 10999 
3 9561 9764 9759 
3 8919 10040 11012 
3 5348 4288 5328 
3 8040 5373 8043 
3 10119 10127 10122 
3 9764 9955 9759 
3 9548 9547 9392 
3 9565 9771 9955 
3 9764 9565 9955 
3 9763 9391 9567 
3 7150 6297 10005 
3 9765 9768 9556 
3 9761 9765 9556 
3 2141 1629 5611 
3 13448 13685 4199 
3 10189 9572 9562 
3 9570 9573 9559 
3 6962 7825 5142 
3 9963 9768 9765 
3 10189 10190 9572 
3 9993 10679 9998 
3 5038 13322 7035 
3 9958 9575 9962 
3 9575 9958 9771 
3 9575 9777 9962 
3 9889 10996 10782 
3 10984 11913 10990 
3 9771 9565 9772 
3 10184 10188 9761 
3 6103 8783 7840 
3 10190 9969 9572 
3 9768 9963 9774 
3 540 2265 4373 
3 9772 9775 9771 
3 9775 9575 9771 
3 6916 7143 7042 
3 13792 13779 12793 
3 9768 9776 9578 
3 9777 9575 9775 
3 9772 9590 9775 
3 9579 9971 9769 
3 9772 9577 9580 
3 1248 3444 4455 
3 7371 7395 8347 
3 9969 9972 9574 
3 8022 7140 10002 
3 9586 9785 9583 
3 9775 9782 9777 
3 9914 10135 10345 
3 9579 9588 9971 
3 9778 9784 9588 
3 9576 9776 9778 
3 9588 9576 9778 
3 9972 9586 9582 
3 9592 9782 9775 
3 9782 9973 9777 
3 12147 11302 12142 
3 9977 9783 9774 
3 9774 9783 9776 
3 9783 9786 9778 
3 9776 9783 9778 
3 9971 9588 9784 
3 9586 9787 9785 
3 9782 9979 9973 
3 6713 3020 6741 
3 9789 9787 9586 
3 9775 9590 9592 
3 9788 9971 9784 
3 9592 9983 9782 
3 13792 12836 13788 
3 9786 9791 9778 
3 9778 9791 9784 
3 9784 9791 9788 
3 9789 9981 9787 
3 9787 9981 9785 
3 9785 9981 9793 
3 473 13357 4861 
3 9783 9984 9786 
3 9793 9983 9592 
3 13977 3355 2421 
3 9984 9988 9786 
3 9786 9988 9791 
3 9604 9811 10018 
3 2925 5961 3964 
3 10213 9981 9789 
3 4753 7509 7513 
3 9410 9808 9264 
3 5968 8676 8670 
3 9606 9266 9603 
3 13771 13792 13788 
3 9996 9798 9593 
3 540 4373 2548 
3 9798 9995 9994 
3 9995 9996 10454 
3 9403 10003 10004 
3 4060 8581 8204 
3 9403 9801 10003 
3 7810 6096 6922 
3 10697 10012 10013 
3 9264 9808 9601 
3 10012 9601 9808 
3 9261 9807 9809 
3 8882 9268 9005 
3 1645 10196 2767 
3 9096 8718 9095 
3 9606 9603 10017 
3 12066 4549 9142 
3 9096 8839 8718 
3 9816 9819 10017 
3 10017 9819 9606 
3 10476 10237 10234 
3 9811 9814 9812 
3 8003 7998 6272 
3 5090 6904 6914 
3 9816 9609 9819 
3 4835 3013 7571 
3 13771 13788 13765 
3 6937 11191 11186 
3 10964 11836 11870 
3 9814 9818 10023 
3 3989 7545 7529 
3 3713 7824 343 
3 10025 9609 9816 
3 5261 6219 8938 
3 6270 7998 7111 
3 10246 10026 9273 
3 9807 10017 9809 
3 616 643 3837 
3 9273 10026 9818 
3 8531 11632 9706 
3 11104 13946 11108 
3 11096 6855 10132 
3 9611 9824 10490 
3 10970 7120 4364 
3 9825 9826 9139 
3 2905 2908 951 
3 3013 3006 5097 
3 7685 13840 13706 
3 9829 9616 9420 
3 6991 895 856 
3 6991 856 8966 
3 9422 10496 10034 
3 9826 10493 10249 
3 8970 908 4981 
3 2571 2600 2599 
3 9830 8899 9423 
3 8899 9830 9424 
3 5572 12764 13746 
3 9622 10256 9427 
3 9633 9155 9846 
3 10508 9428 10506 
3 8888 8887 8892 
3 9427 10256 10506 
3 9797 1093 1833 
3 7093 1124 3573 
3 5528 793 10193 
3 5409 5231 5226 
3 10950 9623 10508 
3 10950 9625 9623 
3 11158 10255 10257 
3 11778 9625 10950 
3 9430 11163 9835 
3 6914 6075 5090 
3 9144 9623 9625 
3 8104 7101 10401 
3 7387 11347 13939 
3 9146 10048 9148 
3 9146 9278 10048 
3 10203 2790 7673 
3 5296 6237 13757 
3 10050 9435 9838 
3 10051 9631 10728 
3 9631 10264 10728 
3 9631 9632 10264 
3 9632 9281 10265 
3 7732 5989 10660 
3 10512 9282 9634 
3 6096 8783 6103 
3 9441 9639 10272 
3 9152 9631 9841 
3 6271 11821 6563 
3 10052 9635 10262 
3 13279 13490 13277 
3 3065 8738 1851 
3 7150 6317 4399 
3 9031 10053 9440 
3 10053 9031 9437 
3 10054 9287 10270 
3 10270 10269 10054 
3 10273 10275 10272 
3 4025 7804 4027 
3 9641 9442 10275 
3 10275 9442 10272 
3 10972 6747 7758 
3 9851 9641 10275 
3 3926 6445 9329 
3 9851 10060 9642 
3 8178 8452 7919 
3 9649 10064 9646 
3 8520 7593 10499 
3 1876 2938 12481 
3 11108 11125 5911 
3 10272 9442 9441 
3 10484 9321 9124 
3 13531 11659 11682 
3 6752 567 6765 
3 9450 10065 9863 
3 4798 5168 4612 
3 1058 4367 2218 
3 5040 8711 6875 
3 10909 9892 13634 
3 9858 9650 9860 
3 11593 1552 7487 
3 3230 7170 1121 
3 9456 9863 10068 
3 8800 8794 10916 
3 10283 9867 9658 
3 11746 8786 12721 
3 12980 6938 10227 
3 10080 10069 9659 
3 10820 12481 2938 
3 9650 9870 10082 
3 8093 6107 6108 
3 8690 8134 8688 
3 10753 9868 9653 
3 9660 9659 9461 
3 6865 5984 5995 
3 5354 11404 3425 
3 9184 10752 9458 
3 9873 10078 10080 
3 13333 11900 12716 
3 2719 2806 3143 
3 9974 9586 9972 
3 1573 13746 13974 
3 10069 10080 10526 
3 9872 9184 9181 
3 6879 6871 8687 
3 4821 4826 5101 
3 10725 9634 10263 
3 5307 3351 9295 
3 10032 9615 9616 
3 9870 9876 10082 
3 9220 8084 12537 
3 10085 9875 10285 
3 9667 9316 9059 
3 5882 12966 6848 
3 10082 9876 9669 
3 10085 9316 9667 
3 9671 9316 10085 
3 3167 5965 2246 
3 9193 9665 9669 
3 1888 6797 6799 
3 10088 9469 9468 
3 10088 10294 9469 
3 9327 9324 10982 
3 10296 9880 9474 
3 9324 9188 9878 
3 10298 9476 9475 
3 10298 9475 9477 
3 6645 5729 7491 
3 10298 9477 10095 
3 12033 9693 4767 
3 9681 9478 9201 
3 13561 10777 8681 
3 13622 5845 1794 
3 8754 9421 8893 
3 9476 10540 9072 
3 9478 10092 10094 
3 9884 10096 10097 
3 10033 9422 8895 
3 8882 8884 9269 
3 7824 7811 2676 
3 4468 6536 4458 
3 10300 9685 10302 
3 9482 9485 9340 
3 4516 6529 10535 
3 9852 10848 10845 
3 9687 9888 9487 
3 8889 13911 6932 
3 9481 10547 9482 
3 9084 9487 9345 
3 7491 4733 5724 
3 8972 8710 8969 
3 13288 13138 13626 
3 9702 9099 9497 
3 10311 9351 9349 
3 7476 7525 2873 
3 365 2336 13080 
3 403 13885 4572 
3 2440 7025 9866 
3 9492 9493 10105 
3 12011 7854 5860 
3 9493 9696 10108 
3 10315 9699 9354 
3 10110 9897 9498 
3 11205 9699 10315 
3 10929 13138 13596 
3 6484 2797 8238 
3 10113 10321 9702 
3 10321 9703 9702 
3 13923 6561 843 
3 9496 10564 9356 
3 9834 8269 2417 
3 12220 7028 9171 
3 9103 9903 9504 
3 10792 10115 9360 
3 7862 10100 12002 
3 10937 13610 13618 
3 9360 9904 10792 
3 7660 8611 8607 
3 9511 9509 9907 
3 7677 5936 6820 
3 10578 9707 9903 
3 4672 10702 4655 
3 9711 11016 10330 
3 9711 10579 11016 
3 2086 2083 1857 
3 10127 9514 9515 
3 11452 10824 11447 
3 9719 9512 10582 
3 4960 9526 4978 
3 4416 10937 11832 
3 10569 4009 6807 
3 9924 10368 10141 
3 13737 8889 6901 
3 9515 9918 10127 
3 9913 9716 10130 
3 1794 5845 5838 
3 13573 13163 13364 
3 9922 10133 9244 
3 9373 10133 9919 
3 10347 9724 10586 
3 7419 7806 7669 
3 7523 10559 12397 
3 11379 9879 10763 
3 10815 9518 9372 
3 9908 6212 9911 
3 3006 4835 7560 
3 10143 9731 9924 
3 9924 9926 10368 
3 9731 9926 9924 
3 314 6549 356 
3 7458 7704 7580 
3 9172 9304 9870 
3 9926 10145 10368 
3 9914 10335 9366 
3 9050 9309 8812 
3 9731 9933 9926 
3 9376 10371 9730 
3 7814 7813 11024 
3 9933 10145 9926 
3 5472 12520 12525 
3 9831 3339 9828 
3 853 13749 908 
3 9520 10144 10378 
3 10386 10148 9929 
3 2600 3682 2599 
3 10740 10806 11701 
3 9935 10618 10151 
3 10918 13596 2564 
3 10387 10618 10152 
3 10152 10618 9935 
3 9736 9936 9935 
3 13336 13300 4848 
3 6901 4849 13735 
3 10767 10754 9810 
3 9731 10377 10387 
3 7478 7484 7356 
3 9939 9943 9942 
3 10176 9757 9763 
3 8930 4079 779 
3 9948 10174 9760 
3 9739 10158 10629 
3 8048 4426 6317 
3 2364 6131 9815 
3 9749 10163 10162 
3 13744 2924 8907 
3 6780 5880 7641 
3 6361 5048 6395 
3 9947 10163 9749 
3 11486 13375 10552 
3 7934 7546 7549 
3 9750 10400 9944 
3 9771 9958 9955 
3 13808 5678 5659 
3 3967 5880 6780 
3 9749 9748 9534 
3 9749 9755 9947 
3 9546 9544 9753 
3 11247 11042 11896 
3 5872 3967 6780 
3 3503 577 553 
3 7986 10248 7984 
3 3091 4920 6784 
3 10402 10174 9948 
3 9952 9753 9949 
3 9945 9540 9535 
3 9942 9943 10162 
3 10786 8702 10787 
3 9790 10722 10787 
3 9291 7443 5689 
3 9549 9561 9756 
3 12387 1833 1665 
3 8813 6116 8802 
3 10999 11012 12852 
3 10176 9763 10185 
3 9749 10162 9748 
3 3848 187 2744 
3 10740 11701 10738 
3 9562 9546 10189 
3 9954 10189 9546 
3 9961 10413 9763 
3 3661 7796 6770 
3 9773 10767 11685 
3 7619 3950 5871 
3 9567 9961 9763 
3 5213 13534 11649 
3 9514 10127 10119 
3 10859 10395 10854 
3 6633 13883 410 
3 10740 10738 9800 
3 5466 1029 4374 
3 10420 10649 10422 
3 9777 10195 9962 
3 3279 981 4478 
3 10848 9852 9843 
3 4478 3253 3279 
3 13293 3253 4478 
3 10613 10371 10372 
3 9969 10190 10194 
3 9772 9565 9563 
3 9769 10420 9567 
3 6113 6103 7840 
3 9773 9790 8675 
3 10861 11271 11274 
3 6265 7280 10756 
3 11436 9355 7192 
3 9965 9977 9774 
3 11156 11982 11551 
3 10623 10156 11061 
3 10202 9977 9965 
3 6916 7042 6917 
3 9460 5856 5857 
3 10848 10852 10845 
3 10300 10095 9685 
3 9986 9783 9977 
3 9979 10207 9973 
3 9974 9789 9586 
3 12836 12844 13788 
3 9251 9241 8275 
3 9979 10206 10207 
3 9979 9782 9983 
3 5560 5687 5693 
3 10271 8923 10057 
3 12793 3863 13751 
3 10632 10635 11065 
3 9984 9783 9986 
3 3042 5846 7588 
3 12408 11461 10511 
3 4398 6404 8320 
3 10898 10672 10435 
3 13513 2881 149 
3 10205 9791 9988 
3 11076 5920 562 
3 12793 13779 3863 
3 7588 5846 8529 
3 9979 9990 10206 
3 11415 5843 6748 
3 9604 10018 10015 
3 9981 9987 9793 
3 11356 6643 11298 
3 9990 10215 10206 
3 9986 10202 10439 
3 11651 12571 6514 
3 10662 10894 10433 
3 10213 9987 9981 
3 9793 9987 9982 
3 9982 9989 9990 
3 13548 12606 13501 
3 6748 6736 7587 
3 9987 9991 9982 
3 3348 3738 3437 
3 9982 9991 9989 
3 10215 9990 9989 
3 779 5159 4106 
3 9990 9979 9983 
3 6104 5119 6936 
3 9993 9998 9994 
3 6521 3977 7529 
3 9798 9994 9998 
3 9995 10454 10219 
3 8866 569 7795 
3 9574 9972 9582 
3 9996 9995 9798 
3 1068 12407 6971 
3 7587 6736 6721 
3 7134 2767 13167 
3 10919 10003 9801 
3 10554 9492 10557 
3 11632 8531 8593 
3 10011 10004 10008 
3 10842 13501 10879 
3 6724 4855 10483 
3 10757 8759 11699 
3 9806 10010 9600 
3 10883 11963 3509 
3 9600 9601 9806 
3 4846 4855 6724 
3 6745 10964 10957 
3 12811 12793 11949 
3 9159 5155 13931 
3 6521 7529 8499 
3 10012 10015 10013 
3 10015 10018 10013 
3 6385 7349 6402 
3 10018 10019 10013 
3 9816 10017 10238 
3 9811 9812 10018 
3 9812 10020 10018 
3 10018 10020 10019 
3 9812 10022 10020 
3 8555 9071 9193 
3 8149 7522 7633 
3 10808 11860 9720 
3 10020 10022 10239 
3 12149 5977 11204 
3 10245 9609 10025 
3 8787 8658 8931 
3 9812 10023 10022 
3 10019 10020 10236 
3 10023 9812 9814 
3 7456 2905 7443 
3 10243 10023 9818 
3 10025 9816 10240 
3 7574 2994 8486 
3 10479 10023 10481 
3 4966 1762 7048 
3 1400 1704 1844 
3 6429 6598 6758 
3 10026 10243 9818 
3 8831 8575 9206 
3 7466 5675 5688 
3 11522 10911 10905 
3 1797 5731 1122 
3 10665 9679 8475 
3 8395 8542 8399 
3 10486 10246 9611 
3 10246 9133 9417 
3 7703 11877 10946 
3 12407 10850 12153 
3 2973 3575 12405 
3 12405 3575 8878 
3 10496 10033 9826 
3 12392 12399 12396 
3 10034 10252 10038 
3 12135 9923 10580 
3 9259 9121 8873 
3 12400 8749 8398 
3 4752 639 4738 
3 12292 12908 12698 
3 11157 10719 10254 
3 12757 13974 13746 
3 12721 8786 10932 
3 13879 1994 6265 
3 10506 9428 9427 
3 11158 11157 10254 
3 10254 10255 11158 
3 5590 3445 6551 
3 6687 10450 5801 
3 8701 3160 8078 
3 10514 10730 11364 
3 4732 13727 4745 
3 2538 2535 2444 
3 10657 7374 10644 
3 10956 9629 9148 
3 10645 7352 9566 
3 9148 10048 11170 
3 8104 10401 8093 
3 4420 3552 6324 
3 9026 10727 9630 
3 9841 9631 10051 
3 9632 10265 10726 
3 10265 9281 10268 
3 157 202 204 
3 8978 8718 8441 
3 9281 9632 9024 
3 10052 10262 10724 
3 10077 9920 5567 
3 9846 10054 10269 
3 9842 9635 10052 
3 10050 9838 10047 
3 10958 10048 9840 
3 9842 10268 9281 
3 10268 10962 10265 
3 10460 10927 10468 
3 10514 9846 10269 
3 8590 5908 8570 
3 9845 10732 9437 
3 1095 9145 5152 
3 13462 8385 10640 
3 5902 11185 10227 
3 849 2785 10083 
3 10032 10490 9824 
3 10057 10739 10271 
3 10733 10269 10270 
3 10640 8350 10633 
3 9851 10275 10060 
3 10725 10263 10047 
3 9642 10060 10061 
3 6106 6114 6735 
3 4062 8807 735 
3 11463 11638 7754 
3 5840 5860 5855 
3 5740 8418 4746 
3 10519 9855 11180 
3 10638 10627 10631 
3 11628 12034 11203 
3 12514 10820 2938 
3 9483 10627 10638 
3 12477 11638 11463 
3 2875 3989 3977 
3 10633 8350 10624 
3 10066 10064 10070 
3 9646 10064 10063 
3 4721 4720 6738 
3 9857 10065 9450 
3 8711 5040 6881 
3 6681 4753 7513 
3 10795 6765 10828 
3 10064 10067 10070 
3 10066 10071 10069 
3 10070 10071 10066 
3 10067 9865 10070 
3 10067 10072 9865 
3 9860 10072 10067 
3 4479 13610 2713 
3 10631 10627 9448 
3 10065 10068 9863 
3 9650 10081 9860 
3 9318 9192 8810 
3 9461 9659 10071 
3 9863 9456 9453 
3 9456 9307 9453 
3 11745 10685 11743 
3 9860 10081 10072 
3 9650 10082 10081 
3 10071 10070 9865 
3 4301 9343 9326 
3 6859 2246 6850 
3 10075 10749 10285 
3 10072 9874 9865 
3 10063 10064 10523 
3 6107 8093 10398 
3 10978 10074 9867 
3 8523 6938 12980 
3 9458 10078 9873 
3 7473 9137 6436 
3 9461 9865 9874 
3 9659 10069 10071 
3 4503 4695 4505 
3 13333 5186 11900 
3 6859 6004 2246 
3 10075 9875 9462 
3 10289 10286 9657 
3 5669 12717 11771 
3 9385 12256 12267 
3 10752 9872 10533 
3 9456 10075 9310 
3 10081 9874 10072 
3 9875 10075 10285 
3 9752 11676 11682 
3 7413 3752 11096 
3 9448 10627 9446 
3 9481 9884 10097 
3 10873 10796 12477 
3 9874 10081 9669 
3 10081 10082 9669 
3 9872 9181 9868 
3 9446 10627 9449 
3 8233 12416 10529 
3 10760 10086 10291 
3 10294 9877 9675 
3 7273 2714 5476 
3 9293 10061 10062 
3 7560 7552 5787 
3 11067 211 237 
3 9130 9005 9411 
3 10296 9327 10982 
3 9473 9879 9677 
3 9880 10092 9681 
3 9153 9155 9633 
3 4562 5112 4926 
3 6639 9859 7600 
3 12953 11153 8081 
3 4697 4678 6752 
3 6834 5959 4993 
3 10302 9685 10099 
3 1235 2226 9190 
3 6877 10934 2924 
3 13305 3186 6806 
3 2224 8630 4016 
3 9484 9887 10099 
3 10988 10540 10298 
3 801 768 574 
3 5857 4912 5872 
3 10304 10101 10550 
3 10102 10306 10101 
3 6645 8388 5719 
3 9969 9574 9572 
3 10307 9487 9888 
3 13398 13734 3129 
3 9482 10305 9485 
3 10307 10553 9889 
3 9891 10554 10555 
3 9691 9492 10554 
3 10310 10311 9349 
3 10783 9491 10311 
3 5860 12933 12011 
3 9889 10782 9349 
3 239 243 5062 
3 5954 4991 8643 
3 8265 1999 6258 
3 11560 10954 10049 
3 2461 2948 2557 
3 2599 2651 2644 
3 4976 10327 9186 
3 9897 10318 10564 
3 10318 10110 11006 
3 11007 9895 10564 
3 4046 9587 7572 
3 11176 10966 11578 
3 9231 9898 9899 
3 10567 9899 9898 
3 10324 9900 9901 
3 9902 10115 10114 
3 9103 9362 10116 
3 8986 9502 10791 
3 12441 2240 12462 
3 9508 10119 8987 
3 9902 11009 9708 
3 10326 10119 11011 
3 9906 8986 10791 
3 9397 6666 4812 
3 10765 10296 11380 
3 12751 12350 12147 
3 9906 10797 10118 
3 10328 9362 9107 
3 10329 8991 10330 
3 2936 13261 6647 
3 10792 9904 10334 
3 11554 10640 10633 
3 8287 7280 9407 
3 11727 11701 10806 
3 7664 4950 5906 
3 3507 5572 13746 
3 4276 10331 4279 
3 8767 10050 8916 
3 9715 11860 10579 
3 8628 7620 5298 
3 2240 12441 9817 
3 10127 10128 10122 
3 9409 9408 11527 
3 10126 10338 9372 
3 9716 10129 10130 
3 10813 10129 10125 
3 9716 10125 10129 
3 9924 10141 10359 
3 10324 9901 11397 
3 11856 10582 11410 
3 6591 3799 7442 
3 12026 13855 12921 
3 4700 7438 11079 
3 9713 10123 8729 
3 9725 10352 10131 
3 10131 10352 10342 
3 9858 9649 9447 
3 1671 8595 6590 
3 10138 10352 9725 
3 10131 9918 9725 
3 7237 8111 9078 
3 5410 5436 6378 
3 13604 1759 13807 
3 1994 13879 8935 
3 9407 6265 6248 
3 10056 11969 10040 
3 10143 10359 11458 
3 11048 10143 11458 
3 8681 10777 8679 
3 12113 11186 8148 
3 9546 9753 9954 
3 2815 5987 493 
3 5681 5670 3778 
3 10143 10377 9731 
3 7305 6285 6306 
3 10144 10388 10620 
3 9567 9569 9769 
3 10773 10774 10547 
3 10618 10384 10151 
3 10135 9914 9516 
3 9933 9731 10154 
3 2585 2644 1309 
3 10387 10154 9731 
3 10769 10770 10986 
3 9520 10388 10144 
3 4993 4979 7698 
3 10152 10154 10387 
3 10145 10623 10381 
3 10151 10393 9935 
3 9734 10388 9520 
3 9935 9936 10152 
3 10388 9939 10389 
3 10393 10395 10159 
3 1787 13005 1785 
3 9933 10156 10145 
3 9939 9942 10389 
3 7426 7409 8300 
3 5880 4946 7641 
3 9939 9734 9740 
3 7203 11492 10542 
3 6310 5013 1558 
3 1504 11508 13397 
3 9542 9757 10176 
3 11032 10587 11428 
3 10395 10165 10159 
3 9818 9269 9273 
3 10402 9945 10165 
3 10858 10163 10399 
3 5216 3289 3288 
3 9945 10159 10165 
3 9810 7595 10775 
3 8939 8534 8396 
3 10826 11236 10824 
3 8702 9790 10787 
3 4145 4152 4031 
3 10172 9542 10176 
3 7986 9136 10250 
3 2576 2561 2547 
3 10248 7986 10250 
3 7409 5671 3769 
3 9739 10861 9527 
3 3067 4912 5857 
3 6116 1373 339 
3 12414 9365 9355 
3 10867 10174 10863 
3 8893 7939 8754 
3 9954 9952 11279 
3 9759 9955 10411 
3 10637 10180 9751 
3 12476 12704 12288 
3 10174 10184 9761 
3 9753 9952 9954 
3 9958 10183 9955 
3 3671 7796 3661 
3 10418 9963 10188 
3 10957 10964 9985 
3 10646 9954 10871 
3 11456 7193 6208 
3 7193 11456 11446 
3 10413 9961 10422 
3 10195 10423 9962 
3 10423 10642 9962 
3 11446 9333 7193 
3 9965 9963 10418 
3 8729 10123 8862 
3 10420 9967 10649 
3 13939 11348 13943 
3 12197 12139 13108 
3 10195 9973 10650 
3 1999 12712 6258 
3 9967 10433 10428 
3 9971 10433 9967 
3 10431 9972 9969 
3 10200 9973 10207 
3 9090 9490 9212 
3 200 202 130 
3 9972 10431 9974 
3 9974 10437 9789 
3 10442 10446 10447 
3 9974 10896 10437 
3 10439 10202 10435 
3 7077 7183 6825 
3 10662 10205 10668 
3 9095 9354 9699 
3 431 9960 8238 
3 13931 13141 9203 
3 10668 10205 9988 
3 13510 13513 149 
3 9986 10442 9984 
3 10447 9988 9984 
3 9988 10447 10668 
3 2960 2969 3197 
3 11271 11706 11274 
3 10905 10217 10900 
3 7148 12364 12376 
3 6570 6608 4559 
3 11301 10445 10218 
3 10686 1665 11525 
3 6510 2787 5601 
3 8747 13250 1409 
3 3342 3339 9831 
3 1665 10686 12387 
3 10217 9991 9987 
3 4777 6687 5801 
3 9994 10219 10218 
3 9991 10457 9989 
3 10221 10679 9993 
3 10219 9994 9995 
3 10932 9956 8868 
3 13250 9560 1409 
3 10219 10454 10674 
3 7148 7149 12364 
3 9991 10222 10457 
3 10454 9253 9999 
3 9320 9303 12379 
3 10222 10911 10685 
3 10697 10696 10471 
3 6936 5119 3269 
3 9597 10007 10469 
3 10004 10003 10008 
3 10007 10010 10469 
3 9807 9261 10011 
3 9806 10012 10010 
3 7022 7035 895 
3 10011 10008 9807 
3 9688 6407 4304 
3 10473 10697 10013 
3 3025 4855 4846 
3 9808 10015 10012 
3 7571 3013 4846 
3 10008 10476 9807 
3 10476 10234 9807 
3 10234 10238 9807 
3 9807 10238 10017 
3 118 12682 2162 
3 10232 10019 10236 
3 9400 10001 10458 
3 3470 3044 3150 
3 11139 10479 10939 
3 10237 10238 10234 
3 128 141 85 
3 5585 3457 3490 
3 10237 10240 10238 
3 10940 10242 10478 
3 4838 5931 7943 
3 10478 10240 10237 
3 10478 10242 10240 
3 12801 8868 11904 
3 10239 10022 10479 
3 11072 10871 11932 
3 10196 10191 2767 
3 13655 13441 13660 
3 1754 1756 1574 
3 10025 10940 10245 
3 10168 9043 12996 
3 4158 3823 3936 
3 10242 10940 10025 
3 3013 3018 4846 
3 10027 9610 9609 
3 9462 9667 8805 
3 10027 10245 10488 
3 11491 10881 11291 
3 9609 10245 10027 
3 10711 10030 10489 
3 9638 9652 10664 
3 3682 4778 2651 
3 6466 10198 5544 
3 5679 3544 4576 
3 10227 11185 12980 
3 10932 12739 12721 
3 10496 10252 10034 
3 12552 12156 11534 
3 12334 10430 12356 
3 11583 12528 8444 
3 10502 9424 9830 
3 10256 10039 11555 
3 4579 10193 793 
3 984 799 874 
3 8354 8336 13155 
3 10259 9832 10261 
3 1621 11159 7943 
3 10261 11161 10259 
3 5528 10193 6438 
3 11746 12721 13678 
3 4440 12210 13201 
3 11778 9626 9625 
3 7758 6747 4667 
3 10257 10259 11160 
3 10954 10045 10049 
3 10262 11164 10724 
3 7636 7635 7059 
3 7562 4804 4788 
3 2566 4566 4516 
3 9406 4788 9401 
3 5311 7103 7979 
3 5519 3663 6438 
3 10512 11560 10049 
3 12953 6960 11153 
3 7524 4779 5744 
3 10727 9633 10514 
3 9842 10052 10268 
3 10574 4124 6125 
3 9766 4205 9745 
3 6492 12075 1814 
3 8900 13475 9664 
3 4528 6413 1750 
3 10732 10053 9437 
3 11280 10875 11073 
3 10732 9845 11175 
3 11216 11401 11846 
3 10742 10968 10969 
3 8215 8359 8205 
3 3633 1210 1252 
3 12274 13201 12210 
3 12757 13732 13974 
3 10275 10520 10060 
3 10032 11545 10490 
3 6681 7513 5764 
3 6107 11350 9239 
3 10520 10275 10742 
3 10060 10277 10061 
3 9855 10063 10747 
3 10640 11554 13462 
3 4265 2445 9271 
3 10062 10065 9857 
3 10069 10526 10523 
3 8080 8075 6714 
3 10065 10062 10277 
3 4996 2226 5958 
3 2723 1752 6880 
3 4512 306 13472 
3 10382 11342 8084 
3 10277 10068 10065 
3 5255 1515 12777 
3 10752 10750 10282 
3 10619 4513 13878 
3 9865 9461 10071 
3 10349 12784 2750 
3 10282 10526 10080 
3 11119 11118 11330 
3 10080 10078 10282 
3 10283 10755 10978 
3 10525 10075 9456 
3 10746 10973 11371 
3 10532 9868 10753 
3 9868 10532 9872 
3 10760 9455 10086 
3 10283 9658 10758 
3 4631 7392 8260 
3 10286 10287 9871 
3 3267 2029 2013 
3 9872 10532 10533 
3 6269 38 13856 
3 10290 9671 10085 
3 12481 12471 1690 
3 10285 10759 10085 
3 9875 10085 9667 
3 10540 9476 10298 
3 10536 9468 9671 
3 9673 10291 10086 
3 9255 9115 9117 
3 287 13878 4513 
3 10762 10088 9468 
3 1902 5670 4673 
3 802 13307 12865 
3 10630 8595 5274 
3 9669 9876 9471 
3 12016 9878 9672 
3 1250 894 5668 
3 4585 4584 4941 
3 3654 13412 13414 
3 10537 9877 10294 
3 10298 10095 10300 
3 10543 9880 10296 
3 2913 6627 5724 
3 10588 3219 2273 
3 12714 11732 8755 
3 4993 5959 3167 
3 10300 10988 10298 
3 9473 9072 10540 
3 6374 8111 6378 
3 10097 10096 10991 
3 13627 12716 10953 
3 10306 10781 10550 
3 9683 9478 10094 
3 13869 13865 240 
3 4474 12397 4487 
3 12622 12201 12200 
3 10101 10304 9887 
3 10305 9888 9686 
3 10305 10778 9888 
3 10306 10102 10555 
3 10056 7824 8985 
3 5588 5966 5481 
3 8358 7318 9494 
3 7944 9896 4287 
3 10526 10750 11183 
3 12312 11059 11914 
3 9695 9221 9893 
3 2905 7456 4726 
3 7392 5644 9272 
3 8353 6457 2493 
3 9696 9695 11393 
3 10314 9223 11002 
3 11005 11205 10315 
3 10611 5941 7680 
3 12927 12933 5860 
3 10321 10322 9703 
3 10147 7377 4483 
3 314 4516 2574 
3 9703 10322 9898 
3 9499 9899 10567 
3 9587 4046 2893 
3 12068 10153 11100 
3 9106 5458 8128 
3 4631 4608 2793 
3 10606 8290 10609 
3 10114 11009 9902 
3 11212 10115 10792 
3 10326 8987 10119 
3 9211 9351 9491 
3 5448 7237 7240 
3 9712 9366 10335 
3 10329 10330 10798 
3 10582 9512 10578 
3 10993 11195 10770 
3 10800 9713 11015 
3 10798 11015 10329 
3 8290 4706 7245 
3 9226 9496 9356 
3 9695 9696 9221 
3 9509 9708 9907 
3 13108 2047 2405 
3 10800 10123 9713 
3 3722 8985 3713 
3 13829 5877 1832 
3 6045 6912 6042 
3 11051 10381 11696 
3 11424 3412 7336 
3 11219 11022 11020 
3 11458 10359 10829 
3 10813 10125 11027 
3 10128 10342 10343 
3 10918 10929 13596 
3 9919 10133 11225 
3 10726 10728 10264 
3 9719 10582 10586 
3 10343 11022 11219 
3 10815 9372 10338 
3 10128 10127 10131 
3 7017 5208 7012 
3 10729 11172 11175 
3 8111 4488 6378 
3 3687 8898 7801 
3 10352 10819 10593 
3 10815 10348 9518 
3 9518 10348 10137 
3 7664 5906 8604 
3 10811 9922 9722 
3 10594 10136 10347 
3 7243 8271 10584 
3 13085 383 13084 
3 10281 11956 11263 
3 1008 3797 3699 
3 10592 10137 10348 
3 13085 12210 383 
3 10138 10137 10592 
3 6367 5439 8116 
3 9034 8363 8512 
3 11604 10762 12196 
3 10603 10356 10354 
3 10356 10360 10354 
3 10354 10360 10355 
3 10361 10600 10355 
3 12166 11967 12560 
3 8874 8871 8870 
3 10600 10361 10358 
3 10536 12196 10762 
3 10338 10817 10815 
3 10355 10360 10361 
3 4939 12203 8024 
3 10356 10357 10360 
3 2726 2450 3262 
3 9165 11275 10281 
3 10363 10608 10361 
3 10360 10363 10361 
3 11263 10279 10281 
3 10610 10357 10835 
3 10595 10597 10354 
3 10361 10376 10358 
3 10610 10835 10613 
3 10992 10991 11617 
3 11251 10141 11051 
3 10377 10143 11048 
3 9924 10359 10143 
3 12193 9166 7006 
3 3490 4522 6619 
3 10375 10610 10372 
3 10002 7140 8029 
3 10375 10376 10608 
3 3890 8402 12392 
3 12807 13261 3305 
3 11051 10368 10381 
3 10371 10378 10372 
3 10359 10141 10602 
3 7223 7112 6593 
3 10378 10144 10375 
3 10372 10378 10375 
3 10375 10144 10376 
3 10144 10379 10376 
3 6695 8480 4812 
3 9929 10843 10386 
3 8019 8022 10987 
3 10379 10620 10846 
3 10377 10618 10387 
3 8007 9158 12184 
3 10586 11026 10816 
3 7642 8577 7619 
3 12250 13949 12217 
3 10388 10389 10620 
3 10621 10622 10151 
3 4458 1231 4468 
3 1872 2983 4015 
3 10437 10896 10900 
3 5466 4374 5455 
3 12990 12607 12989 
3 10393 10151 10622 
3 9935 10393 9736 
3 10152 10391 10154 
3 10202 10661 10435 
3 5669 7671 12717 
3 6163 4043 8241 
3 4793 8878 1051 
3 13020 12210 13085 
3 5653 6531 8306 
3 10393 10622 10395 
3 9933 10154 10156 
3 10156 10154 10391 
3 10391 10166 10156 
3 10395 11057 10854 
3 8063 5402 8072 
3 1560 1201 1125 
3 10539 7214 7234 
3 10162 10163 10853 
3 10859 10165 10395 
3 8570 5892 6777 
3 12183 11997 11999 
3 10400 10404 10166 
3 4183 4191 5246 
3 10250 9136 8002 
3 8566 8704 8829 
3 10399 9947 10862 
3 10400 10171 10404 
3 9948 9945 10402 
3 10509 11492 7203 
3 9947 10405 10862 
3 10862 10405 10406 
3 12841 10785 10324 
3 10174 10402 10403 
3 7991 9135 10253 
3 10861 10637 9527 
3 10405 10411 10406 
3 10863 10174 10403 
3 2018 2284 1957 
3 10860 10404 11061 
3 10171 11066 11273 
3 3492 2703 3497 
3 9756 10411 10405 
3 10176 10177 10172 
3 10183 10635 10411 
3 9952 9751 10180 
3 10406 10411 10635 
3 10184 10174 10867 
3 10694 12387 10686 
3 10171 10177 11069 
3 4610 6527 5622 
3 10185 10177 10176 
3 10865 10635 10183 
3 10183 9958 10642 
3 9954 11279 10871 
3 10642 10417 10875 
3 10184 10187 10188 
3 9958 9962 10642 
3 13084 13108 12139 
3 5414 981 5395 
3 13921 13882 13887 
3 10188 10187 10418 
3 1818 13882 13921 
3 9755 10405 9947 
3 10187 10877 10418 
3 10190 10646 10194 
3 10215 9989 10444 
3 10652 10427 10877 
3 2547 2561 2546 
3 12064 3573 9114 
3 7758 4669 8866 
3 10877 10427 10418 
3 10654 9969 10194 
3 12388 13177 12798 
3 10885 10654 10884 
3 10427 10652 10655 
3 3020 4182 6741 
3 9973 10200 10653 
3 10427 10655 10656 
3 10431 9969 10890 
3 2474 2454 2466 
3 9965 10427 10202 
3 10884 10194 10647 
3 9788 10205 10433 
3 9746 12595 10709 
3 4362 7111 8974 
3 7375 2812 10251 
3 6000 2829 4910 
3 11989 1486 3643 
3 8987 10326 11209 
3 10435 10661 10898 
3 4572 2613 6608 
3 10662 10433 10205 
3 11414 9321 10484 
3 10437 10900 10213 
3 13680 2403 13681 
3 11320 13084 12128 
3 10436 10207 10438 
3 12571 8593 6514 
3 10439 10446 10442 
3 10437 10213 9789 
3 8129 12250 12359 
3 4395 9003 6297 
3 12128 13084 12139 
3 10435 10672 10441 
3 10435 10441 10439 
3 10441 10446 10439 
3 9562 9558 9553 
3 10671 10438 10444 
3 5601 6511 6510 
3 10445 10221 9993 
3 6020 1288 2279 
3 4603 8234 4610 
3 9993 10218 10445 
3 10442 10447 9984 
3 8983 8724 9229 
3 1030 3959 2031 
3 10446 10451 10447 
3 2062 1698 883 
3 5838 3817 1785 
3 10675 10671 10444 
3 7133 12379 9303 
3 10219 10674 10667 
3 10674 10680 11310 
3 10913 10451 10446 
3 2999 5087 7556 
3 10030 9822 10489 
3 10457 10677 9989 
3 8056 2174 4199 
3 8320 6400 2428 
3 5542 5779 5543 
3 10451 10910 10447 
3 10213 10217 9987 
3 10217 10222 9991 
3 10909 11836 8789 
3 5113 6912 6045 
3 10922 10455 10451 
3 10451 10455 10910 
3 10457 10683 10677 
3 11333 11752 11751 
3 6761 4056 6897 
3 10680 10454 9999 
3 9214 9205 9218 
3 9253 10454 9996 
3 10001 11109 10458 
3 1435 3342 5197 
3 9400 10458 9999 
3 10915 10919 9801 
3 11109 10001 10462 
3 10693 10472 10464 
3 10003 10460 10468 
3 10697 10472 10693 
3 11326 11523 11102 
3 3219 6024 2273 
3 10464 10472 10474 
3 8871 8874 9121 
3 10010 10471 10469 
3 11159 12100 7943 
3 10003 10468 10008 
3 2959 4779 2031 
3 5998 2108 2116 
3 3299 4389 10889 
3 10697 10473 10472 
3 10930 10464 10474 
3 10010 10012 10471 
3 10012 10697 10471 
3 10472 10473 10474 
3 10698 10008 10468 
3 7663 8818 8786 
3 7140 7125 4381 
3 10019 10231 10013 
3 11911 13107 12115 
3 10476 10008 10698 
3 10473 10231 10474 
3 3638 6880 13845 
3 10475 10476 10698 
3 10474 10231 10701 
3 8789 9892 10909 
3 10231 10232 10701 
3 10232 10703 10701 
3 10013 10231 10473 
3 7481 6599 4700 
3 9045 9051 13004 
3 10231 10019 10232 
3 11139 10236 10479 
3 11159 10170 13981 
3 8509 7427 8522 
3 11199 12118 12980 
3 10844 10846 11471 
3 12359 13250 8511 
3 10240 10242 10025 
3 10703 11136 11541 
3 8480 6695 7567 
3 6375 4361 2415 
3 7117 11375 10426 
3 63 4772 3740 
3 10486 10026 10246 
3 12057 10140 9015 
3 3570 7209 6362 
3 10486 9611 10490 
3 9615 9420 9616 
3 6891 10157 11105 
3 7671 8806 10928 
3 9657 10286 9871 
3 10502 9830 10038 
3 6690 4168 7716 
3 12711 12914 12107 
3 853 8970 6973 
3 9424 10502 10036 
3 10412 10409 7101 
3 10389 9942 10851 
3 10506 10256 12177 
3 6659 9246 3555 
3 8122 7110 13247 
3 9566 12528 13470 
3 7103 1555 7976 
3 402 11105 9018 
3 10045 10952 9430 
3 9838 9629 10723 
3 9629 10956 10723 
3 9148 11170 10956 
3 519 6257 7100 
3 13757 7976 5296 
3 5915 1607 2752 
3 6441 7473 6436 
3 10047 10955 10725 
3 11170 10048 10958 
3 13656 12618 2131 
3 6075 3269 5090 
3 5015 8087 10390 
3 9840 9630 10959 
3 9630 10727 10959 
3 2346 2403 4338 
3 10270 9287 10967 
3 10967 10733 10270 
3 4015 7117 1872 
3 9845 10729 11175 
3 312 11351 1493 
3 10268 11363 10962 
3 10730 10514 10269 
3 9841 10729 9845 
3 50 4188 11627 
3 11173 10052 10724 
3 9884 10094 10096 
3 10732 10965 10053 
3 10271 10739 10967 
3 5296 5292 6237 
3 6565 2877 335 
3 10728 10726 11566 
3 13938 683 2285 
3 7559 2877 6565 
3 9440 10515 9639 
3 8771 8921 8778 
3 11302 11506 12142 
3 9164 9289 9643 
3 10526 11183 10523 
3 10745 10277 10060 
3 6848 12033 4767 
3 10263 10050 10047 
3 4164 8703 9745 
3 4746 8418 9401 
3 6423 2725 3631 
3 5243 11547 8333 
3 6800 1545 7821 
3 10768 12441 11621 
3 10068 10277 10524 
3 11986 11773 11775 
3 9653 10074 10531 
3 10078 10752 10282 
3 10978 10531 10074 
3 10531 10753 9653 
3 7581 9843 9852 
3 10283 10758 10755 
3 10169 12064 6676 
3 6011 5245 5504 
3 10524 10525 10068 
3 8164 4528 8166 
3 10286 10289 10760 
3 10120 13639 2131 
3 10089 8988 6821 
3 12060 10169 6676 
3 10290 10085 10759 
3 13875 8954 11975 
3 10881 10653 11294 
3 10762 9468 10536 
3 11192 9877 10537 
3 11192 9672 9877 
3 10537 10294 10088 
3 13423 5576 5971 
3 9879 9473 10763 
3 11918 11018 11949 
3 6875 3201 5040 
3 9717 9913 9904 
3 6867 8682 8695 
3 2328 10331 6292 
3 8804 7834 6959 
3 13310 12507 13520 
3 9080 9081 8961 
3 10550 10101 10306 
3 10300 10769 10988 
3 6627 7491 5724 
3 13341 8319 6371 
3 10371 10612 9730 
3 10991 10096 10544 
3 10300 10771 10769 
3 4761 8769 625 
3 12907 11121 6304 
3 10713 2721 501 
3 10300 10302 10771 
3 11121 12907 9087 
3 6318 6174 6655 
3 11076 562 12026 
3 9094 11103 12921 
3 9448 9446 8322 
3 7134 13204 2767 
3 12060 6304 11121 
3 10546 10099 10304 
3 10304 10550 10776 
3 10547 10774 10305 
3 10305 9482 10547 
3 6205 11849 7948 
3 8707 9206 8575 
3 9882 448 5217 
3 6723 7335 7105 
3 10551 8258 10542 
3 10814 7600 9859 
3 1649 3813 4841 
3 10555 10102 9891 
3 2062 3166 4196 
3 11012 10040 11958 
3 11201 10311 10310 
3 4487 4512 4474 
3 11392 10311 11201 
3 11205 12230 10113 
3 9492 10105 10557 
3 11630 10108 11393 
3 5063 2190 3280 
3 10366 4733 3135 
3 11932 11279 11713 
3 70 8219 56 
3 2599 3682 2651 
3 11001 9895 11841 
3 8746 4522 5627 
3 10785 10110 9900 
3 8679 11724 7607 
3 1824 1572 1567 
3 9898 10322 10567 
3 10114 10115 11212 
3 10791 9502 10570 
3 8650 8679 6559 
3 10790 9499 10567 
3 10778 10305 10994 
3 11410 10578 11213 
3 9736 9940 9741 
3 4271 13853 6227 
3 10119 10122 11011 
3 7941 6918 8933 
3 9362 10328 11846 
3 9713 10329 11015 
3 10334 11019 10793 
3 10792 10334 10793 
3 9882 4273 1480 
3 12313 13611 5733 
3 9365 11486 8226 
3 8250 6418 7294 
3 9474 9327 10296 
3 5211 5208 7017 
3 6962 5142 8819 
3 10577 10799 10805 
3 11219 10122 10128 
3 10332 10337 10803 
3 11861 10808 11222 
3 4513 4370 12399 
3 8942 7821 10035 
3 11014 10798 10330 
3 11026 10586 10582 
3 2870 8336 8354 
3 11451 13128 13148 
3 12319 10918 2564 
3 11025 10345 10587 
3 8740 8883 8468 
3 13837 11078 7078 
3 10605 10604 10358 
3 10354 10355 10595 
3 5658 8306 8336 
3 10593 10343 10342 
3 4276 4279 13852 
3 12836 9014 11060 
3 5889 5906 3988 
3 6828 6806 5453 
3 5436 6374 6378 
3 5658 5653 8306 
3 10592 10817 11430 
3 10595 10355 11037 
3 3796 4229 3705 
3 8732 10192 12146 
3 10424 10415 12334 
3 10829 11042 11247 
3 10602 11042 10829 
3 1560 5860 7854 
3 10825 11045 10597 
3 10603 10357 10356 
3 10782 10310 9349 
3 6662 4107 5289 
3 10605 10834 10604 
3 10279 11263 11256 
3 5197 3342 7002 
3 11247 11458 10829 
3 13875 12923 8954 
3 4304 982 6432 
3 9204 4440 9216 
3 12482 4566 12520 
3 10835 10357 10831 
3 10605 10376 10837 
3 12844 12836 12868 
3 2225 4243 2252 
3 5196 4249 9849 
3 8091 5436 4470 
3 10613 10372 10610 
3 11054 10377 11048 
3 12838 12844 11056 
3 12844 12868 11056 
3 10141 10368 11051 
3 270 204 202 
3 10612 10371 10613 
3 10612 10613 10838 
3 12964 2166 2118 
3 5070 5336 5342 
3 8919 11012 10999 
3 10616 10377 11054 
3 10999 8903 8919 
3 10616 11054 11467 
3 10616 10618 10377 
3 12184 9158 11256 
3 8439 9585 9539 
3 10384 10618 10616 
3 10585 12328 12274 
3 10673 10668 10447 
3 9381 5166 6513 
3 10379 10846 10844 
3 10616 11467 10384 
3 10847 10622 10621 
3 6131 7861 7860 
3 11057 10622 10847 
3 7641 4946 8589 
3 10335 10337 10332 
3 11660 10819 11431 
3 12807 3305 12316 
3 10620 10389 10851 
3 10629 10158 10392 
3 8105 7492 7740 
3 9944 10166 10391 
3 10853 11698 10851 
3 13084 2047 13108 
3 12219 12032 10558 
3 7613 7620 12344 
3 6955 8802 6116 
3 2391 8819 5142 
3 10853 10858 10855 
3 10166 10404 10860 
3 8915 11931 10984 
3 9567 9391 9394 
3 10862 10406 10632 
3 7186 7188 6342 
3 11273 10404 10171 
3 1312 1113 1167 
3 8898 7782 7775 
3 5222 5143 4686 
3 10861 11063 10637 
3 1470 2743 6987 
3 12387 10694 11563 
3 10411 9756 9759 
3 10637 11064 10639 
3 10185 11069 10177 
3 10171 10172 10177 
3 10867 10187 10184 
3 9014 12836 13792 
3 10189 9954 10646 
3 9938 9741 9944 
3 10187 10867 10868 
3 8772 6957 11718 
3 10185 9763 10413 
3 188 2491 4398 
3 10187 11487 10877 
3 10417 10642 10423 
3 10865 10183 10642 
3 10423 10650 10417 
3 10878 10417 10650 
3 10652 11489 10655 
3 5975 10244 10241 
3 10195 10650 10423 
3 2239 4199 13685 
3 10492 13332 8201 
3 10194 10884 10654 
3 11424 3430 491 
3 13788 12838 13756 
3 9600 10010 10007 
3 7026 7819 3928 
3 8866 4669 6739 
3 5142 3281 12460 
3 10980 1466 2627 
3 2690 5538 12525 
3 10890 10654 10885 
3 10655 10892 10656 
3 13788 12844 12838 
3 9814 9268 9818 
3 4981 908 3070 
3 10202 10656 10661 
3 8866 10972 7758 
3 12121 12317 11708 
3 9950 5312 6255 
3 13792 12793 9014 
3 10892 10661 10656 
3 10663 10891 10436 
3 10894 10659 10433 
3 10436 10438 10663 
3 10390 8087 12303 
3 10898 10661 10892 
3 3264 6922 5110 
3 10106 11630 10558 
3 9123 9122 10011 
3 11651 6514 10708 
3 10708 6514 7528 
3 4226 13850 13657 
3 11922 13516 12925 
3 10438 10670 10663 
3 11093 10900 10896 
3 11300 11088 10445 
3 7175 6324 6326 
3 10543 10096 10094 
3 10943 11546 10249 
3 2871 10484 12395 
3 6946 8968 7967 
3 10438 10671 10670 
3 8690 8948 8817 
3 7567 6695 3015 
3 8322 9446 8317 
3 10460 10003 10919 
3 10541 8233 8249 
3 10238 10240 9816 
3 11836 10964 6745 
3 10209 11184 10212 
3 8780 2792 2424 
3 6745 5722 11836 
3 11097 10904 10907 
3 6064 3266 6067 
3 10221 10906 10679 
3 5553 6466 2770 
3 10907 10913 10441 
3 10913 10446 10441 
3 10222 10217 10911 
3 10217 10905 10911 
3 10677 10675 10444 
3 547 7434 11543 
3 2529 7096 3448 
3 7991 10253 4904 
3 10907 10904 10913 
3 10677 10678 10675 
3 9847 3916 930 
3 6741 9780 9770 
3 11321 10915 10679 
3 10913 10922 10451 
3 10455 11119 10910 
3 10685 10457 10222 
3 10683 10678 10677 
3 438 1621 7943 
3 4314 4317 6220 
3 6980 3346 788 
3 10687 11122 10678 
3 10683 10457 11120 
3 10679 10906 11321 
3 10458 11109 11323 
3 13134 13131 5100 
3 9801 9998 10915 
3 7618 3078 2128 
3 8773 9892 8789 
3 10680 9999 10458 
3 5233 11290 5223 
3 9003 4395 3494 
3 3699 10497 3669 
3 10693 10464 10691 
3 10691 10464 10692 
3 10275 10273 10742 
3 10696 10693 10921 
3 8644 9758 8636 
3 1994 5185 6248 
3 10464 10930 10692 
3 10696 10697 10693 
3 11123 10468 10927 
3 9641 9034 9160 
3 510 692 316 
3 5174 3125 10789 
3 10191 9051 3784 
3 10927 10460 11117 
3 9282 10512 10049 
3 9530 9693 2258 
3 10468 11123 10698 
3 4603 5567 8234 
3 199 2521 4462 
3 10031 13732 12757 
3 6881 5040 5044 
3 10237 10704 10478 
3 10704 10476 10475 
3 11340 11335 10703 
3 11339 11343 10704 
3 6172 4124 2174 
3 10232 11136 10703 
3 2415 4361 2403 
3 10940 10478 11137 
3 7122 6279 4373 
3 3125 2048 2016 
3 10707 10481 10026 
3 9470 1987 5449 
3 10243 10026 10481 
3 12083 11882 11663 
3 13788 13756 13765 
3 10481 10939 10479 
3 5029 13716 11921 
3 10027 10488 10489 
3 728 872 732 
3 11918 5029 11921 
3 9289 9642 9643 
3 10711 10943 10030 
3 4335 12366 13676 
3 7730 7703 10946 
3 9690 9697 8535 
3 10496 9826 10249 
3 2569 2585 2555 
3 1676 9792 12246 
3 4311 4313 4214 
3 12320 13306 13113 
3 10493 10943 10249 
3 3471 7111 4362 
3 4543 4565 6639 
3 10036 11151 10039 
3 8958 8825 8823 
3 5907 3752 11104 
3 10038 9423 10034 
3 10067 9649 9860 
3 9848 5619 7607 
3 5658 8336 2870 
3 7653 9885 10895 
3 8240 10301 10288 
3 11163 9430 10952 
3 12321 11708 11709 
3 12121 11708 12321 
3 11161 11163 11775 
3 11778 11164 9626 
3 10954 10952 10045 
3 10047 9838 10955 
3 277 11039 10588 
3 10794 8738 9766 
3 10845 9892 8773 
3 12892 13268 13472 
3 10512 9634 10725 
3 10728 10961 10051 
3 10958 9840 10959 
3 10727 10514 11364 
3 9841 10051 10729 
3 10268 10052 11568 
3 10052 11173 11568 
3 10269 11365 10730 
3 8755 9883 11771 
3 10726 10265 10962 
3 3890 12396 3879 
3 10733 11365 10269 
3 10965 10515 10053 
3 11791 11365 11178 
3 10966 9639 10515 
3 3371 3375 3043 
3 2389 1200 3408 
3 9658 9871 10287 
3 4352 2218 4367 
3 10057 10274 10739 
3 10968 10273 10741 
3 8904 9430 8339 
3 7278 8322 8271 
3 10966 10272 9639 
3 5617 5765 5837 
3 10519 11179 10274 
3 10742 10969 10746 
3 9876 9870 9670 
3 11371 10745 10746 
3 10522 10277 10745 
3 5717 3718 9737 
3 9484 10099 9685 
3 8622 8642 6710 
3 10069 10523 10066 
3 10975 10749 10524 
3 11183 10974 10523 
3 7821 1545 4722 
3 13982 13983 5577 
3 10524 10277 10522 
3 10286 10760 11600 
3 8630 2224 10648 
3 5047 6004 6879 
3 10532 10753 11377 
3 849 1166 4637 
3 12328 11451 13148 
3 7766 7751 7780 
3 9852 10845 8742 
3 9419 8271 8322 
3 10750 10526 10282 
3 8746 5627 9883 
3 11604 10088 10762 
3 12016 10982 9878 
3 10536 9671 10761 
3 8241 4043 1925 
3 11077 11297 11939 
3 10537 10088 11604 
3 9852 8742 6605 
3 2752 3773 5915 
3 6875 10660 5989 
3 6807 4009 5927 
3 10540 10983 9473 
3 405 444 527 
3 10543 10296 10765 
3 8755 11771 12714 
3 10988 10769 10986 
3 3406 5252 6212 
3 7894 3370 4253 
3 10834 11052 11046 
3 11103 12026 12921 
3 10769 10771 10770 
3 7432 7815 7191 
3 10099 10546 10302 
3 7804 9124 9321 
3 10776 11385 10546 
3 10763 11812 11379 
3 3406 9894 4293 
3 9837 10814 10806 
3 6212 5252 9911 
3 11388 10307 10778 
3 3151 3146 9098 
3 10659 10428 10433 
3 10540 10988 10983 
3 609 5837 5898 
3 8175 8724 8723 
3 10781 10555 11624 
3 10890 9969 10654 
3 10553 10996 9889 
3 413 1693 415 
3 6323 4315 2360 
3 8388 9338 5719 
3 13238 13438 13651 
3 201 218 2590 
3 11838 9695 11001 
3 2328 6292 2309 
3 9695 9893 11001 
3 2180 2195 5400 
3 4016 5930 4956 
3 10315 10314 11005 
3 9566 4246 8444 
3 7989 6057 7956 
3 6108 6107 3973 
3 51 145 76 
3 13452 6227 13665 
3 10785 11006 10110 
3 10567 10322 12040 
3 10321 10113 11634 
3 6451 10179 7317 
3 3799 6591 4701 
3 10790 9901 9499 
3 12228 11205 11005 
3 9103 10116 11213 
3 11002 9491 10783 
3 9201 9478 9683 
3 11264 10301 9300 
3 13618 9951 10937 
3 11215 10797 10791 
3 10587 11032 11025 
3 11410 11213 11406 
3 11846 10328 11216 
3 11847 10947 13626 
3 10917 11951 10925 
3 8842 8980 8720 
3 8288 8289 8159 
3 10388 9734 9939 
3 7026 3928 9183 
3 4631 8260 4608 
3 10577 10805 9910 
3 9910 9907 10577 
3 5703 4716 3810 
3 4960 4978 1205 
3 10123 10800 10807 
3 4631 860 884 
3 11384 10992 11819 
3 9712 10332 10328 
3 12247 11860 10808 
3 9589 9638 9539 
3 11019 10334 10809 
3 9539 9638 8439 
3 9526 4960 3111 
3 11025 11223 10337 
3 12907 13837 7078 
3 11808 11189 11592 
3 9910 11027 10125 
3 10846 10620 10851 
3 10803 10337 11223 
3 813 13521 13896 
3 10817 10348 10815 
3 7866 10918 12319 
3 7660 8589 4946 
3 10129 10809 10130 
3 11451 11435 13128 
3 11227 10813 11027 
3 12891 12453 12884 
3 9837 10740 9800 
3 10266 6531 7380 
3 7704 7579 7580 
3 12954 7872 12019 
3 10138 9725 10137 
3 7872 5869 12019 
3 11430 10138 10592 
3 433 1607 5915 
3 10592 10348 10817 
3 10826 10595 10822 
3 10822 10595 11037 
3 10594 10351 10136 
3 10136 10351 10135 
3 10420 10422 9961 
3 10801 8738 10794 
3 5889 118 3091 
3 10366 2650 12198 
3 10602 10829 10359 
3 10141 11251 10602 
3 8692 7586 10754 
3 13247 7110 7098 
3 10357 10603 10831 
3 1746 2714 1749 
3 4107 2963 1724 
3 10604 11046 11043 
3 3311 10700 4690 
3 9555 9589 9539 
3 10360 10357 10610 
3 10924 4979 10934 
3 3707 1997 8369 
3 10605 10358 10376 
3 10722 9790 9773 
3 5507 6882 7884 
3 10376 10844 10837 
3 11053 10837 10844 
3 10376 10379 10844 
3 9761 10188 9765 
3 9203 7159 13931 
3 13304 9125 13099 
3 11266 10386 10843 
3 9571 9531 9519 
3 11696 10381 11055 
3 10392 11266 11059 
3 11055 10381 11475 
3 11467 11470 10384 
3 10009 8915 6783 
3 6353 6395 9265 
3 3946 1142 3950 
3 12027 11827 10781 
3 4309 4699 4403 
3 10835 11252 10836 
3 10384 10621 10151 
3 10629 10392 11059 
3 11386 13205 11824 
3 10434 7525 7476 
3 13664 13119 387 
3 13423 5971 3937 
3 7606 5846 3946 
3 12051 11403 11218 
3 11271 10861 10629 
3 11504 2736 13347 
3 8532 3945 5843 
3 9967 9769 9971 
3 10859 10857 10403 
3 11062 10403 10857 
3 10077 6013 2044 
3 11077 10887 11297 
3 5834 5842 7593 
3 11224 9135 6972 
3 11904 7776 10990 
3 10874 11069 10185 
3 10863 11062 10867 
3 4179 6103 2335 
3 5142 7825 3281 
3 10867 11277 10868 
3 10639 10180 10637 
3 10635 10865 11065 
3 10865 10642 11068 
3 10879 12606 8848 
3 11503 11499 10880 
3 13501 12606 10879 
3 10345 10135 10587 
3 11073 10875 10417 
3 10646 10647 10194 
3 11073 10417 10878 
3 10878 11074 11073 
3 10205 9788 9791 
3 10708 8633 11659 
3 4070 761 5163 
3 3915 3042 7588 
3 11294 10653 10888 
3 3933 6736 5686 
3 4037 9303 9320 
3 11503 11081 11499 
3 912 4233 3208 
3 11698 11703 11915 
3 10431 10890 9974 
3 13517 11632 8593 
3 11082 9974 10890 
3 9726 8576 12569 
3 10888 10436 10891 
3 2699 67 81 
3 11077 10893 10892 
3 10892 10887 11077 
3 11506 11082 11080 
3 8481 8507 3912 
3 10207 10436 10200 
3 10896 9974 11082 
3 10893 10898 10892 
3 12495 13738 12314 
3 10896 11082 11083 
3 6043 6062 3264 
3 5149 5166 6473 
3 10894 10662 11086 
3 12764 12838 11955 
3 3015 3915 7567 
3 10663 10670 11084 
3 10721 7152 5228 
3 6492 1814 5563 
3 2687 435 6644 
3 2335 6103 6113 
3 12141 13064 11191 
3 2994 4823 8486 
3 10206 10438 10207 
3 11463 10839 10883 
3 10663 11084 10891 
3 10896 11083 11093 
3 2000 4747 3846 
3 3970 13836 6006 
3 11088 11300 12341 
3 3903 2056 5801 
3 13779 13792 13771 
3 1070 2994 7574 
3 10447 10910 10673 
3 2801 8997 1551 
3 11097 10907 10672 
3 9732 8731 6064 
3 3555 5647 7653 
3 10219 10667 10218 
3 10839 11463 6782 
3 10671 10675 10912 
3 10673 11095 10902 
3 6006 5817 3955 
3 9709 8576 7457 
3 10942 8806 8835 
3 10457 10685 11120 
3 5661 5655 4565 
3 11323 10680 10458 
3 7192 9355 5156 
3 10842 12514 1876 
3 11321 10919 10915 
3 10675 11106 10912 
3 8538 9690 8569 
3 12357 13349 7128 
3 11949 12793 13751 
3 1285 1284 1130 
3 10687 10678 10683 
3 12060 11121 10169 
3 10987 10998 10981 
3 3879 6666 4749 
3 11961 2061 4183 
3 10692 11111 11099 
3 4794 4783 6681 
3 10455 10922 11118 
3 11118 11119 10455 
3 4334 3313 3520 
3 10683 11120 10923 
3 8506 9690 8538 
3 10695 11109 10462 
3 8522 8535 9697 
3 5211 6173 5217 
3 1505 5882 6848 
3 6322 8364 7324 
3 10696 10925 10695 
3 10922 10913 11112 
3 10930 11111 10692 
3 13746 12764 12757 
3 9613 8448 8439 
3 10062 10061 10277 
3 10471 10695 10469 
3 11111 10931 11128 
3 5671 7409 7426 
3 11111 10930 10931 
3 11133 11127 11132 
3 10698 11123 11127 
3 11133 10698 11127 
3 10460 11528 11117 
3 7867 1942 13833 
3 10931 10701 10703 
3 6649 4747 6666 
3 11540 11337 11129 
3 7832 8848 8869 
3 11339 10475 11133 
3 9652 9690 10664 
3 10664 9690 8506 
3 10475 11339 10704 
3 2979 10430 2970 
3 11343 11339 11134 
3 11046 10604 10834 
3 10796 11638 12477 
3 10479 10236 10239 
3 10704 11137 10478 
3 11344 10940 11137 
3 8509 8522 9697 
3 8509 9697 9652 
3 10939 10481 10707 
3 5764 7513 7527 
3 3920 13832 3932 
3 8607 4397 10562 
3 10486 10490 11147 
3 959 13533 7039 
3 8180 8455 8033 
3 7491 6627 10370 
3 9616 10715 10032 
3 11150 11155 10038 
3 10717 11768 10715 
3 4574 5545 13905 
3 10717 11551 11768 
3 11151 10036 11152 
3 7111 3471 6270 
3 11150 10038 10252 
3 11147 10490 11545 
3 11353 10039 11154 
3 11353 11555 10039 
3 11553 11983 11770 
3 6549 6570 4559 
3 6661 4753 4785 
3 9649 10067 10064 
3 11161 10261 9835 
3 8676 5968 5984 
3 11163 10952 11558 
3 7145 6795 7144 
3 11416 11857 11646 
3 6451 7599 6441 
3 11558 10952 11165 
3 9654 8509 9652 
3 9838 11359 10955 
3 11602 5360 9679 
3 10725 11167 11169 
3 10955 11167 10725 
3 7096 6249 3448 
3 8875 8733 8608 
3 10723 11359 9838 
3 10664 8506 9613 
3 10051 10961 10729 
3 10962 11566 10726 
3 10155 12098 2812 
3 12971 12176 12778 
3 9654 7385 8509 
3 13812 2707 1746 
3 11174 11573 11364 
3 11175 10965 10732 
3 5729 6645 4739 
3 10547 9481 10097 
3 9627 5006 8670 
3 10733 11178 11365 
3 10054 9029 9287 
3 10966 10515 10965 
3 13223 13224 12041 
3 5348 930 3243 
3 10742 10746 10520 
3 11582 10969 10968 
3 1555 516 11483 
3 9770 10485 10751 
3 12139 12197 10463 
3 13369 10751 10485 
3 10746 10745 10520 
3 10522 10745 11371 
3 12274 12328 13201 
3 12056 6511 5601 
3 11575 13284 5721 
3 2699 81 3788 
3 10524 10749 10525 
3 3882 9932 13213 
3 3467 6559 4511 
3 9918 10131 10127 
3 10750 10752 10533 
3 11371 10975 10522 
3 3142 12285 3135 
3 7299 11920 7482 
3 12203 4939 9166 
3 10290 10759 10979 
3 10758 9658 10287 
3 12495 13113 13738 
3 10329 9510 8991 
3 9619 7385 9654 
3 7628 9848 9869 
3 12441 9735 12415 
3 10290 10761 9671 
3 4191 2077 3198 
3 967 10366 12198 
3 4473 6542 5514 
3 1124 2432 1458 
3 10982 12018 11380 
3 10296 10982 11380 
3 10368 10145 10381 
3 4625 2721 10713 
3 11126 11128 11332 
3 689 681 7675 
3 3815 3513 3510 
3 10770 10771 10993 
3 4465 1216 4458 
3 11383 10993 10771 
3 10773 10992 10774 
3 10302 10546 10771 
3 13949 13128 12217 
3 11197 10774 11384 
3 7600 10814 9837 
3 6590 9602 8554 
3 10307 9888 10778 
3 10988 11381 10983 
3 8439 10664 9613 
3 10780 10553 10307 
3 8436 7385 9619 
3 8499 9466 7514 
3 7581 9852 6605 
3 10781 10306 10555 
3 5004 5003 8069 
3 11390 10554 10557 
3 12028 12027 11390 
3 9584 9619 9638 
3 11391 10310 10782 
3 8116 5439 7233 
3 4474 4512 13705 
3 1707 678 675 
3 11839 11005 10314 
3 11393 9695 11838 
3 9498 9232 9901 
3 7426 5689 4694 
3 12006 11803 11802 
3 2192 4016 4956 
3 11206 10564 10318 
3 11206 11007 10564 
3 7404 10572 1030 
3 13943 13108 2405 
3 11957 11536 12155 
3 13719 4678 501 
3 5644 7392 6541 
3 11634 10322 10321 
3 12074 12262 12260 
3 11845 11009 10114 
3 10790 10567 12040 
3 10791 10570 11636 
3 10791 11636 11398 
3 11013 11009 11844 
3 2510 4755 1171 
3 4225 6993 10823 
3 9362 12046 10116 
3 9362 11846 12046 
3 2007 2063 5731 
3 4163 9038 323 
3 11210 10326 11011 
3 11215 10791 11398 
3 11322 10680 11323 
3 11205 12228 12230 
3 1480 448 9882 
3 10941 13843 6046 
3 9708 11009 11013 
3 10793 11218 11403 
3 8792 12079 2793 
3 11219 11011 10122 
3 11852 11015 10798 
3 10156 10623 10145 
3 9944 10391 9938 
3 9584 9638 9589 
3 10800 11015 11412 
3 8759 10757 8764 
3 10333 10797 10803 
3 1181 5906 4950 
3 10579 11860 12247 
3 11641 10579 12247 
3 10803 11216 10332 
3 10803 10797 11216 
3 10279 11256 9158 
3 6199 9218 8183 
3 11407 11851 11011 
3 10805 10799 11416 
3 5607 5498 5415 
3 9715 9720 11860 
3 11019 10809 11417 
3 10597 10826 10825 
3 11221 10811 9722 
3 11027 10805 11029 
3 4702 4607 4310 
3 10597 10603 10354 
3 11998 11996 11573 
3 11417 10809 12065 
3 11304 832 3112 
3 12202 12403 12404 
3 10809 9913 10130 
3 7660 10562 8589 
3 9584 9531 9571 
3 11615 11611 11813 
3 2644 4757 49 
3 11027 11031 11227 
3 13251 13249 13056 
3 10793 11212 10792 
3 7006 8008 12193 
3 10262 9277 9626 
3 8423 9585 8439 
3 11426 11654 11656 
3 11422 10133 9922 
3 11422 11225 10133 
3 11997 12794 12795 
3 10816 10347 10586 
3 11229 10351 10594 
3 10066 10523 10064 
3 5402 4439 2646 
3 7141 8040 8029 
3 7735 7752 8835 
3 12651 12434 12058 
3 11236 10826 11036 
3 10822 11036 10826 
3 11237 11037 10827 
3 10827 11043 11246 
3 11043 11040 11038 
3 11246 11043 11038 
3 7359 8414 8423 
3 11453 11038 11040 
3 11047 11460 11040 
3 3611 13983 1615 
3 5871 7642 7619 
3 9571 9591 9584 
3 10600 11043 10827 
3 11043 11046 11040 
3 11046 11047 11040 
3 10204 2859 5149 
3 13284 9666 13271 
3 11455 11045 11245 
3 11249 11253 11048 
3 12830 11628 12031 
3 11252 10831 11045 
3 1041 13229 9689 
3 11048 11458 11249 
3 3046 11295 11255 
3 8876 8853 2923 
3 1901 9864 4025 
3 10835 10831 11252 
3 11250 11251 11049 
3 5892 3078 6777 
3 10400 10172 10171 
3 10363 10610 10375 
3 10837 11053 11052 
3 10834 10605 10837 
3 10835 10836 10613 
3 10584 10563 7243 
3 12367 13250 13221 
3 10722 9773 11685 
3 10612 10841 10843 
3 10603 10597 11045 
3 13713 13091 13482 
3 5844 1773 3811 
3 6511 3724 7383 
3 10851 11471 10846 
3 11262 10425 11260 
3 13234 8404 11500 
3 8404 13271 11500 
3 11474 11268 11472 
3 1901 4025 7138 
3 5596 2787 6510 
3 10428 10649 9967 
3 11266 10843 10841 
3 5507 7884 6868 
3 8703 4164 1751 
3 9531 9555 9522 
3 12344 13221 11464 
3 8232 10295 8245 
3 12623 12816 11601 
3 11394 11203 12223 
3 10858 11272 10855 
3 10643 12344 11464 
3 7352 2085 4246 
3 11272 10399 10862 
3 11065 11712 11709 
3 10861 11274 11063 
3 11482 11273 11066 
3 10860 10156 10166 
3 9758 8644 6524 
3 6736 6748 5843 
3 10585 12274 11400 
3 10867 11062 11277 
3 8898 7775 10000 
3 11833 1768 756 
3 10865 11068 11065 
3 11068 10642 10875 
3 10000 7775 11919 
3 9522 9555 9521 
3 1893 3009 6150 
3 3724 4628 6515 
3 11443 11883 11663 
3 11663 11883 12083 
3 9531 9522 9483 
3 11904 8868 7776 
3 11072 10647 10646 
3 10871 11072 10646 
3 3911 6310 1558 
3 9114 10227 6938 
3 13647 13230 6084 
3 11056 5697 7007 
3 10470 7149 5117 
3 11075 10413 10422 
3 9601 9259 9264 
3 10198 4579 5544 
3 9522 9521 9489 
3 6196 7204 6165 
3 12359 12250 11464 
3 10880 10649 11503 
3 13617 3771 5792 
3 3663 5528 6438 
3 11294 10888 11296 
3 13266 13081 13699 
3 10106 10558 10105 
3 7503 6514 8593 
3 10891 11307 11296 
3 9494 8383 9519 
3 9297 9302 11352 
3 13801 1740 13786 
3 10891 11084 11307 
3 2063 12025 12960 
3 10898 10893 11089 
3 11301 10667 11515 
3 10445 11301 11300 
3 4078 13293 9966 
3 13880 9142 4549 
3 13393 13814 3711 
3 2900 11952 1914 
3 11312 11094 11091 
3 10902 11095 11317 
3 2382 2389 3397 
3 6514 7503 4349 
3 11089 11097 10672 
3 12559 2750 12784 
3 7125 4376 4381 
3 11093 11522 10900 
3 5618 1629 9662 
3 3266 5120 6067 
3 11286 11491 11717 
3 11085 11089 10893 
3 10674 11310 11515 
3 11086 10902 11317 
3 9488 9489 8364 
3 10670 11098 11084 
3 10631 9494 9519 
3 11097 11089 11099 
3 11091 10691 11099 
3 10910 11101 11095 
3 11098 11107 11084 
3 11084 11107 11314 
3 11107 11102 11314 
3 4595 5685 4604 
3 5679 5685 4595 
3 11097 11099 10904 
3 9483 9489 9488 
3 4747 4749 6666 
3 11098 10912 11107 
3 8685 9069 8815 
3 5937 5235 63 
3 8538 8569 8578 
3 10912 11098 10671 
3 10683 10923 10687 
3 11137 10704 11343 
3 5768 7711 5756 
3 5756 7643 9767 
3 11106 11114 10912 
3 10912 11115 11107 
3 11099 11111 10904 
3 10904 11126 11112 
3 4624 3464 932 
3 10631 8358 9494 
3 11120 10685 11113 
3 4302 3607 2180 
3 11331 10687 10923 
3 11122 11114 11106 
3 11114 11115 10912 
3 11107 11115 11102 
3 8075 9094 6714 
3 5466 2287 1029 
3 7317 5545 4574 
3 11326 11116 11127 
3 9488 9449 10627 
3 2168 2990 3256 
3 5590 2482 3445 
3 3757 5755 13195 
3 10923 11120 11329 
3 11118 10922 11328 
3 11760 10707 10486 
3 10627 9483 9488 
3 11115 11116 11102 
3 11111 11126 10904 
3 11126 11332 11112 
3 11332 11328 11112 
3 11331 11122 10687 
3 13950 8556 11396 
3 11327 11123 11117 
3 10925 11110 10695 
3 13186 5195 3218 
3 12252 8556 13950 
3 5243 7320 11552 
3 11115 11114 11129 
3 11117 11123 10927 
3 11109 11110 11323 
3 10960 11924 12745 
3 11127 11123 11327 
3 11111 11128 11126 
3 8122 11375 5054 
3 11115 11132 11116 
3 11132 11127 11116 
3 269 5065 5090 
3 10544 10765 11614 
3 11115 11129 11132 
3 4543 6579 4525 
3 5487 7832 5493 
3 9449 9488 9457 
3 12096 11887 12092 
3 11112 11328 10922 
3 1888 6799 5453 
3 10460 11321 11528 
3 11129 11337 11132 
3 2127 2899 4232 
3 10063 10523 10747 
3 11128 10931 11335 
3 4085 2168 2190 
3 11400 12274 12210 
3 11337 11134 11132 
3 3932 13832 3937 
3 11800 7661 10895 
3 1610 1690 12471 
3 11968 11134 11337 
3 8219 6269 56 
3 9205 9227 8203 
3 9652 9697 9690 
3 12354 12552 11534 
3 11133 11134 11339 
3 9448 8358 10631 
3 11136 11971 11541 
3 4783 4794 2968 
3 9137 7473 4550 
3 10236 11139 11136 
3 10511 10539 12408 
3 4274 3177 5459 
3 800 2145 7024 
3 11344 11142 10940 
3 6017 5047 6022 
3 13108 13943 12197 
3 10573 12250 12217 
3 11635 12040 10322 
3 11400 12210 13020 
3 12107 12914 12106 
3 11641 12429 12049 
3 7045 10124 8241 
3 11765 10711 11763 
3 11765 10943 10711 
3 11170 11360 10956 
3 10489 10488 11763 
3 11550 11981 11152 
3 460 8078 8089 
3 13885 13711 2613 
3 11152 10502 11155 
3 11156 11551 10717 
3 11829 12559 2901 
3 11548 11150 10252 
3 11160 11158 10257 
3 967 1958 2913 
3 11355 11553 11158 
3 11348 12197 13943 
3 6205 7948 4301 
3 10747 10974 11180 
3 11160 10259 11161 
3 9857 9293 10062 
3 11475 12315 12314 
3 10948 10508 10506 
3 10262 9626 11164 
3 8869 9921 5493 
3 11778 12585 11164 
3 10202 10427 10656 
3 7775 10957 9985 
3 3383 3593 4118 
3 11560 11165 10954 
3 10724 11782 11173 
3 7585 13614 1647 
3 10725 11169 10512 
3 11170 10958 11171 
3 10958 11361 11171 
3 11400 13020 11338 
3 1716 1856 1661 
3 10962 11363 11566 
3 11983 12176 11770 
3 13020 13085 11338 
3 8322 8317 9419 
3 11364 10730 11174 
3 2289 2279 249 
3 8824 10879 8848 
3 10965 11175 11577 
3 5243 11552 11547 
3 4736 2915 6637 
3 6229 8249 8233 
3 13084 11320 13085 
3 10741 11176 11366 
3 10967 11579 11178 
3 11773 11986 11772 
3 10919 11321 10460 
3 11579 10967 10739 
3 11219 11020 11407 
3 930 5348 916 
3 11179 10739 10274 
3 10519 11180 11179 
3 10973 10969 11582 
3 10973 10746 10969 
3 11369 10973 11582 
3 5058 5154 5327 
3 10975 11371 11803 
3 2915 4726 6637 
3 11372 10974 11183 
3 11371 11369 11370 
3 11183 10750 11586 
3 10749 10975 11803 
3 10749 10977 10759 
3 5908 3111 8570 
3 10533 11188 11373 
3 11373 10750 10533 
3 11376 10753 10531 
3 11376 11377 10753 
3 10532 11377 11188 
3 11188 10533 10532 
3 13068 13684 13070 
3 1414 7861 6131 
3 3598 1732 7249 
3 9408 9419 8286 
3 10341 4987 7049 
3 11809 10758 10287 
3 13939 11347 11348 
3 10761 10979 11189 
3 8448 8485 8460 
3 5773 6655 6174 
3 11601 11600 10760 
3 8794 7661 11800 
3 9465 9460 5857 
3 8485 8448 9613 
3 13393 12997 13814 
3 6833 2876 8775 
3 11613 10988 10986 
3 11606 11192 10537 
3 11605 10537 11604 
3 2936 8356 985 
3 10881 10650 10653 
3 11379 11610 10291 
3 10345 10337 10335 
3 11195 11194 10770 
3 9409 9419 9408 
3 63 3740 5937 
3 10765 12202 11614 
3 9409 8271 9419 
3 12811 11018 10029 
3 11194 11613 10986 
3 5711 2870 8354 
3 11383 11196 10993 
3 10992 11384 10774 
3 10585 11435 11451 
3 709 5410 6378 
3 2061 2077 4191 
3 10546 11383 10771 
3 11197 10994 10774 
3 12793 12811 9014 
3 8790 6797 8779 
3 10305 10774 10994 
3 9207 10102 10101 
3 10101 9342 9207 
3 9638 10664 8439 
3 11198 10550 10781 
3 10780 10307 11388 
3 11391 10996 10553 
3 11624 10554 11390 
3 10554 11624 10555 
3 11338 13085 11320 
3 10553 10780 11200 
3 12216 10557 12032 
3 10557 10558 12032 
3 2108 8573 18 
3 11203 10783 11392 
3 6151 5197 7003 
3 11628 11392 12031 
3 7041 5743 7043 
3 13961 13960 7338 
3 11006 11206 10318 
3 6427 6419 4306 
3 2421 3361 3218 
3 9591 8436 9619 
3 11397 12041 10324 
3 7442 4716 7454 
3 11397 9901 10790 
3 10785 9900 10324 
3 11563 10694 10690 
3 10570 11637 11636 
3 10570 11209 11637 
3 11845 11844 11009 
3 6541 4673 5644 
3 11212 10793 11403 
3 5681 4701 8325 
3 11210 11209 10326 
3 13388 13399 3543 
3 10256 9622 10039 
3 10820 12514 10830 
3 10793 11019 11218 
3 8043 5373 6324 
3 5573 1592 13594 
3 1221 1222 1168 
3 11408 10799 11013 
3 11626 12029 12030 
3 11851 11210 11011 
3 9591 8426 8436 
3 2391 4225 10821 
3 5658 2870 5653 
3 4525 12377 2495 
3 10816 10594 10347 
3 336 354 260 
3 11742 11737 11524 
3 11575 12415 6689 
3 11416 11646 10805 
3 10563 6245 7243 
3 11020 11411 11407 
3 11858 10807 10800 
3 12247 11643 11641 
3 9566 8444 12528 
3 12757 7981 10031 
3 11221 10807 11858 
3 10578 11410 10582 
3 10799 11408 11416 
3 1732 4504 7249 
3 11407 11011 11219 
3 11721 11494 11489 
3 9910 10805 11027 
3 11223 11025 11421 
3 11025 11032 11421 
3 10817 10338 11421 
3 11227 10129 10813 
3 8529 5846 7606 
3 1529 187 3848 
3 11671 11669 11443 
3 11427 9922 10811 
3 10587 10351 11428 
3 6326 4439 5399 
3 6334 7186 6342 
3 822 464 1537 
3 10343 10593 11033 
3 3215 3214 2982 
3 11229 11428 10351 
3 13986 12649 13450 
3 11869 11430 10817 
3 10351 10587 10135 
3 4655 4621 13485 
3 12027 12214 11827 
3 10819 11658 10593 
3 3926 2808 5084 
3 11660 11658 10819 
3 10819 11430 11431 
3 11036 11441 11231 
3 10138 11430 10819 
3 12088 11675 11674 
3 6706 6700 5945 
3 11240 8002 8007 
3 11231 11236 11036 
3 10822 11237 11444 
3 12124 12128 12139 
3 11036 11444 11441 
3 8266 7247 5200 
3 6225 8233 6208 
3 11449 11448 11246 
3 11233 11232 11235 
3 10824 11236 11447 
3 9136 4910 8002 
3 11448 11237 11246 
3 1592 1759 13601 
3 10827 11246 11237 
3 11900 13732 10995 
3 12198 11952 1958 
3 10822 11037 11237 
3 11239 11449 11246 
3 11636 12421 12044 
3 4640 5812 2388 
3 11621 12441 12462 
3 3843 2021 1806 
3 9997 7796 10984 
3 11033 12439 10343 
3 11038 11239 11246 
3 11038 11453 11239 
3 11453 11041 11241 
3 5237 13672 13751 
3 8915 10984 7796 
3 12111 11466 11053 
3 11062 10863 10403 
3 11040 11041 11453 
3 11041 11457 11241 
3 11197 11384 11819 
3 7328 7346 8254 
3 10825 10824 11245 
3 13458 2807 13234 
3 11264 11282 11262 
3 11248 11251 11250 
3 11045 11901 11252 
3 7380 6531 1870 
3 11041 11040 11460 
3 11691 11253 11686 
3 8056 8082 6172 
3 11052 11466 11047 
3 11251 11051 11049 
3 10023 10479 10022 
3 11048 11253 11054 
3 11467 11054 11691 
3 800 7983 788 
3 9584 9589 9555 
3 10844 12112 11053 
3 8431 8571 8574 
3 4168 3001 3010 
3 7925 2807 7577 
3 323 8772 6082 
3 6437 5999 6428 
3 18 3017 2098 
3 10860 11061 10156 
3 1748 3010 3001 
3 11470 11268 10847 
3 10851 11698 11471 
3 10921 10691 11094 
3 5314 7716 8646 
3 11703 11698 10853 
3 10881 10878 10650 
3 10966 11577 11578 
3 13658 1751 4164 
3 5363 7141 5349 
3 11475 10623 11061 
3 11467 11691 11470 
3 9531 9584 9555 
3 11464 13221 12359 
3 11158 11160 11355 
3 11271 10629 11059 
3 9555 9539 9521 
3 10183 10411 9955 
3 11225 11422 11419 
3 13234 11500 13458 
3 7495 13799 13975 
3 3518 7428 7423 
3 3228 7857 3203 
3 10632 11708 10862 
3 5349 3497 5363 
3 10874 10185 10413 
3 11927 11277 11062 
3 11482 12504 11480 
3 3638 4549 9127 
3 5964 6114 6106 
3 11064 11279 10639 
3 11278 11066 11069 
3 11068 11714 11065 
3 11308 10894 11086 
3 4606 11207 4628 
3 7540 9752 11659 
3 11482 11066 11278 
3 10871 11279 11932 
3 11283 11278 11069 
3 5400 2218 6455 
3 11286 11485 11280 
3 10874 11285 11283 
3 8607 11511 11507 
3 2107 5621 8989 
3 10868 11487 10187 
3 12908 12479 12480 
3 4376 7125 4373 
3 10874 11075 11285 
3 5476 2714 1746 
3 13794 13793 7487 
3 11489 11494 10655 
3 10880 11495 11075 
3 8097 8081 11153 
3 10271 10967 9287 
3 10884 11934 11498 
3 10960 11876 9980 
3 6904 8734 6914 
3 11876 10960 12745 
3 11494 10887 10655 
3 12801 10932 8868 
3 6272 5329 2548 
3 10947 9980 11876 
3 12329 6404 12343 
3 8364 9489 9521 
3 11498 11080 10885 
3 2181 2349 2183 
3 10891 11296 10888 
3 4364 2541 9964 
3 10659 11081 11503 
3 10668 10902 10662 
3 11494 11721 11297 
3 11939 10893 11077 
3 11082 11306 11083 
3 11294 11296 11501 
3 10428 10659 11503 
3 11725 3540 3869 
3 12142 11506 11943 
3 9051 10191 7673 
3 9964 2541 5312 
3 11084 11314 11307 
3 13551 13766 12950 
3 10906 10221 11088 
3 11312 11091 11085 
3 10674 11515 10667 
3 11089 11085 11091 
3 4062 7192 5156 
3 1142 7023 5871 
3 11093 11083 11090 
3 11088 11514 10906 
3 4779 7524 3862 
3 7138 11413 12362 
3 9107 9366 9712 
3 10950 10948 11777 
3 11093 11090 11522 
3 11314 11102 11523 
3 11310 11322 11520 
3 10221 10445 11088 
3 5314 5298 12574 
3 10911 11522 11743 
3 2687 8622 13892 
3 10443 9284 7128 
3 8959 9335 9077 
3 11095 11101 11317 
3 9191 5553 8214 
3 10440 2998 9280 
3 12337 11723 11726 
3 11532 11322 11323 
3 145 123 159 
3 11532 11323 11110 
3 11110 10925 11532 
3 3299 6479 4389 
3 2517 4014 13209 
3 11743 10685 10911 
3 11116 11326 11102 
3 2972 10424 8127 
3 10256 11555 12177 
3 11526 11117 11528 
3 4386 1068 6971 
3 12252 6607 8556 
3 10415 10424 2972 
3 8090 4457 681 
3 10283 10978 9867 
3 11327 11117 11526 
3 13583 3519 12978 
3 5292 5296 13360 
3 8755 11730 9856 
3 11113 10685 11745 
3 3008 3235 2903 
3 10696 10917 10925 
3 12514 2938 1876 
3 2503 2514 5279 
3 1295 1242 1057 
3 4474 10527 12397 
3 13373 13582 1510 
3 11330 11118 11328 
3 6064 8731 5078 
3 11751 11330 11333 
3 5984 5030 5995 
3 11122 11129 11114 
3 13503 13290 12703 
3 3501 13133 3463 
3 13481 412 13477 
3 11122 11538 11129 
3 1504 1519 13371 
3 11538 11540 11129 
3 11101 11533 11317 
3 2031 3862 6667 
3 7956 9500 4100 
3 10624 8350 6303 
3 1510 13791 3519 
3 7989 7956 4100 
3 9931 1535 2496 
3 1510 7434 7428 
3 11335 11340 11753 
3 8974 7111 11920 
3 11133 11132 11134 
3 4729 3142 1986 
3 9494 7318 8366 
3 11968 11542 11343 
3 11136 10232 10236 
3 11408 11013 11844 
3 11973 12169 12769 
3 74 3051 66 
3 11139 11971 11136 
3 7900 5907 11108 
3 11137 11343 11542 
3 723 691 563 
3 10939 11345 11139 
3 12587 11652 9700 
3 6219 485 9916 
3 1219 1313 1119 
3 11562 2703 551 
3 10488 10940 11142 
3 7076 11078 11076 
3 10488 11142 11763 
3 7240 8128 5448 
3 10038 11155 10502 
3 11151 11152 11981 
3 11829 2553 12559 
3 7948 1515 4301 
3 11548 10252 10496 
3 7622 12583 13303 
3 13365 12779 12970 
3 4629 8648 484 
3 6205 4287 9896 
3 11160 11161 11773 
3 820 813 13896 
3 10506 12177 10948 
3 10975 10524 10522 
3 12494 11475 12314 
3 13965 3453 13963 
3 770 5668 894 
3 12017 5869 7854 
3 4340 505 3448 
3 4468 1231 3447 
3 11167 10955 11358 
3 10955 11359 11358 
3 5573 13594 5546 
3 11361 10958 10959 
3 8163 2720 2714 
3 11781 11560 10512 
3 11560 11991 11165 
3 11167 11783 11169 
3 497 13893 8622 
3 3582 2680 5439 
3 8287 10607 7280 
3 9110 8143 9106 
3 10729 10961 11172 
3 11571 11789 11172 
3 11080 10890 10885 
3 13814 11754 9733 
3 11174 10730 11365 
3 10097 10773 10547 
3 11577 10966 10965 
3 12594 11570 12792 
3 11698 11915 11697 
3 13947 12565 12568 
3 3584 13979 13799 
3 1422 5359 13365 
3 10983 10763 9473 
3 10741 11366 10968 
3 432 2438 6347 
3 10638 9531 9483 
3 10968 11366 11581 
3 8127 10424 10412 
3 3643 1486 2639 
3 5218 4265 3387 
3 4407 2287 7519 
3 11371 10973 11369 
3 3608 5476 2707 
3 11781 11991 11560 
3 7862 5861 7864 
3 10977 11187 10759 
3 10531 11589 11376 
3 7949 8492 7951 
3 11589 10978 10755 
3 8271 6275 7278 
3 2440 7016 4253 
3 8290 7245 6258 
3 11996 11570 11572 
3 10755 11595 11591 
3 10760 10291 11601 
3 10290 10979 10761 
3 11189 10979 11592 
3 5382 1434 1442 
3 5448 721 1726 
3 3370 5205 1446 
3 5211 2438 5208 
3 9738 12595 9746 
3 2287 4407 2301 
3 1474 1243 1539 
3 2913 4728 6627 
3 7894 5205 3370 
3 11056 12868 11071 
3 11606 11607 11192 
3 12016 9672 11192 
3 11607 12016 11192 
3 2195 2180 8696 
3 11018 10014 10029 
3 4729 6645 5719 
3 10982 12016 12018 
3 10579 9237 9715 
3 11601 10291 11610 
3 11612 11380 12018 
3 7368 9432 13964 
3 7474 6479 4332 
3 11381 10763 10983 
3 11812 10763 11381 
3 7016 7894 4253 
3 11612 12202 11380 
3 11380 12202 10765 
3 13730 8776 4761 
3 6713 7716 4168 
3 11617 11818 10992 
3 10097 10991 10773 
3 10992 10773 10991 
3 11383 11385 12024 
3 1058 1041 9689 
3 4694 5671 7426 
3 9032 9160 8212 
3 4702 4212 4698 
3 9203 13141 13934 
3 10996 11391 10782 
3 10550 11198 10776 
3 11390 10557 12216 
3 12030 11392 11201 
3 7981 11955 10079 
3 12411 11200 11830 
3 5860 1560 5855 
3 11201 10310 11391 
3 11248 10602 11251 
3 9713 8856 9510 
3 2204 6227 13452 
3 12223 11203 12034 
3 11394 11631 11002 
3 7752 10972 10971 
3 12035 11005 11839 
3 11392 10783 10311 
3 11005 12035 12228 
3 11838 11837 11393 
3 5752 7043 2212 
3 4225 2391 1419 
3 6413 3621 1750 
3 9183 12218 7026 
3 11656 12074 12260 
3 11212 11399 10114 
3 12196 12013 11604 
3 11215 11401 11216 
3 10116 12046 11213 
3 7209 3570 5411 
3 8072 665 4457 
3 12139 10463 10466 
3 11852 11412 11015 
3 6962 11738 12648 
3 13494 13717 13893 
3 13040 11851 12644 
3 11856 11410 13989 
3 35 2663 3684 
3 3146 976 3122 
3 11022 11411 11020 
3 8072 5402 2646 
3 11862 11022 10343 
3 11222 11225 11419 
3 3598 6390 4486 
3 5869 1201 7854 
3 11664 11672 11232 
3 11232 11672 11449 
3 11029 11031 11027 
3 11423 11865 11227 
3 5653 3756 6531 
3 2680 3582 9821 
3 11227 11031 11423 
3 10817 11421 11426 
3 433 5915 1621 
3 11422 9922 11427 
3 11428 11654 11032 
3 2128 3945 7618 
3 10817 11426 11869 
3 12076 11658 11660 
3 11441 11663 11440 
3 11663 11441 11442 
3 11664 11232 11233 
3 11442 11444 11443 
3 11045 10825 11245 
3 11233 11884 11668 
3 11221 11650 10811 
3 11231 11440 11439 
3 11231 11441 11440 
3 10622 11057 10395 
3 3396 13364 13955 
3 11441 11444 11442 
3 5202 5200 7247 
3 11671 11237 11448 
3 10822 11444 11036 
3 11444 11237 11671 
3 4904 8008 6994 
3 11443 11663 11442 
3 11731 11308 11950 
3 6959 6957 2336 
3 11439 11886 11447 
3 9901 9900 9498 
3 11452 11447 11674 
3 11232 11239 11235 
3 11235 11241 11677 
3 11453 11235 11239 
3 10539 10511 7214 
3 10552 8266 8248 
3 13751 13672 11918 
3 6736 3933 6721 
3 5149 10117 10204 
3 6745 1466 5722 
3 11896 11684 11247 
3 13024 13416 13214 
3 11241 11457 11459 
3 11459 11244 11241 
3 2388 5812 4643 
3 7315 1422 7306 
3 6116 339 1361 
3 12299 11042 10602 
3 11248 12299 10602 
3 11447 11236 11231 
3 11249 11686 11253 
3 5121 13330 13541 
3 11496 2920 372 
3 11457 11460 11906 
3 11459 11457 11906 
3 10030 10943 10493 
3 13447 10233 4884 
3 6432 982 4339 
3 7574 3019 1070 
3 11047 11905 11460 
3 11684 11249 11458 
3 11684 11458 11247 
3 6172 12171 10941 
3 11252 11901 11465 
3 11047 11466 11905 
3 2335 11711 4179 
3 11052 11047 11046 
3 1401 13951 13781 
3 11466 11690 11905 
3 11466 12111 11690 
3 13716 12745 11924 
3 10836 11252 11465 
3 12331 12131 12129 
3 10325 10313 11257 
3 3377 1401 13566 
3 11704 11702 12119 
3 11051 11696 11469 
3 10838 11693 10841 
3 9458 10752 10078 
3 11691 11911 11470 
3 12421 6118 12847 
3 12112 11471 11697 
3 7606 3946 3950 
3 6770 9997 5784 
3 10946 10944 8833 
3 11043 10600 10604 
3 11330 11748 11119 
3 13119 386 387 
3 12315 11475 11061 
3 2714 6556 1749 
3 11702 11704 11474 
3 11703 10853 10855 
3 13691 7675 681 
3 10854 11704 10857 
3 5529 3579 7504 
3 12119 11062 10857 
3 11154 10039 11151 
3 11708 11272 10862 
3 12764 11955 12757 
3 11273 11482 11480 
3 11925 11062 12119 
3 11191 4861 12141 
3 4317 4314 3425 
3 11480 12122 11273 
3 9848 7607 11724 
3 11930 11482 11278 
3 11063 11710 11713 
3 5121 13541 7113 
3 11064 11063 11713 
3 11712 11065 11714 
3 11068 10875 11280 
3 12731 12506 11712 
3 5307 1350 3351 
3 11068 11280 11714 
3 10926 7703 8800 
3 10888 10653 10200 
3 6687 4777 7531 
3 2279 2289 6045 
3 4566 13883 6633 
3 10209 10212 7961 
3 5953 7961 10212 
3 11854 12423 11848 
3 12479 12908 12292 
3 11485 11286 11717 
3 13286 12908 12480 
3 13291 13286 12480 
3 10647 11072 11490 
3 7927 2038 4435 
3 11074 10881 11491 
3 9288 12379 7133 
3 11075 10649 10880 
3 7043 7064 7041 
3 11495 11493 11075 
3 6043 2273 6024 
3 9333 11446 10484 
3 11294 11291 10881 
3 12549 13140 12551 
3 7961 1649 4841 
3 11490 11934 10884 
3 10884 11498 10885 
3 11297 10887 11494 
3 10907 10441 10672 
3 12811 7983 10084 
3 10203 6934 6937 
3 11296 11505 11501 
3 11939 11312 10893 
3 11501 11505 11726 
3 13738 13113 13740 
3 3895 3794 4120 
3 8080 6814 8081 
3 13945 9297 5272 
3 11729 11301 12144 
3 11721 11936 11297 
3 6150 7149 4030 
3 10893 11312 11085 
3 11081 10894 11308 
3 3219 7756 6024 
3 10679 10915 9998 
3 12144 11301 11515 
3 11086 10662 10902 
3 4200 882 1780 
3 419 1724 10491 
3 11946 10917 11094 
3 4608 5563 1814 
3 11083 11306 11733 
3 10917 11946 11951 
3 13515 13110 12919 
3 11523 11524 11307 
3 2873 2889 1623 
3 7976 1555 4341 
3 7586 6619 7595 
3 7756 2262 6867 
3 5311 6255 5312 
3 7120 3487 4364 
3 13352 13776 7261 
3 10163 9947 10399 
3 11090 11529 11522 
3 12871 12444 12664 
3 11743 11522 11529 
3 11326 11742 11524 
3 12348 11528 11321 
3 8824 9854 10842 
3 11529 11534 11743 
3 11089 10672 10898 
3 10827 10355 10600 
3 8901 11832 10937 
3 13843 13839 6046 
3 12024 13205 13008 
3 12540 6407 9688 
3 11533 11101 11536 
3 11523 11326 11524 
3 11327 11742 11326 
3 7246 1263 3334 
3 5158 5061 4874 
3 3587 614 596 
3 11962 11960 12159 
3 13606 13608 2141 
3 2226 5006 5958 
3 6344 7359 4233 
3 1641 9674 3664 
3 10826 10597 10595 
3 11333 11128 11335 
3 5360 5351 9679 
3 11332 11128 11333 
3 11122 11331 11538 
3 13521 3101 3074 
3 11333 11335 11752 
3 12681 12272 13477 
3 10649 10428 11503 
3 12033 9799 2417 
3 5893 9018 9015 
3 5989 3201 6875 
3 5499 3422 3397 
3 12168 11542 11968 
3 3245 3289 11284 
3 2415 13680 13689 
3 11765 12771 12570 
3 9066 8090 5422 
3 4252 4344 4157 
3 11991 11988 11165 
3 7147 8523 13319 
3 7628 5619 9848 
3 13332 10509 8201 
3 11345 10939 10707 
3 10707 11760 11345 
3 11344 11137 12169 
3 8426 7385 8436 
3 2226 3164 5006 
3 11142 11344 11978 
3 5873 12963 10132 
3 13464 1071 7743 
3 13548 9921 12606 
3 6505 1065 2283 
3 3430 6220 4317 
3 143 202 157 
3 10719 11156 10717 
3 11546 11548 10249 
3 9693 7862 7864 
3 11155 11150 11550 
3 11778 10950 11777 
3 13940 1218 3288 
3 11151 11981 11154 
3 12344 12367 13221 
3 11772 11553 11556 
3 11556 11553 11355 
3 7864 4767 9693 
3 10496 10249 11548 
3 11355 11160 11556 
3 12177 12780 12374 
3 12201 12018 12200 
3 11775 11163 11558 
3 11558 11165 11988 
3 2445 4265 5218 
3 10607 6303 7280 
3 13732 11900 5186 
3 10828 12742 1194 
3 11360 11170 11171 
3 10723 10956 11359 
3 9123 9809 9126 
3 7680 4024 4978 
3 12968 7047 3387 
3 13966 779 10041 
3 7595 9810 10754 
3 10959 11569 11786 
3 5927 5936 7677 
3 10961 11567 11172 
3 11569 10727 11570 
3 10727 11572 11570 
3 6155 9853 3361 
3 12730 12126 12726 
3 6762 5412 6769 
3 11573 11996 11572 
3 11578 11577 11790 
3 11366 11793 11581 
3 12216 12413 12412 
3 1180 13936 1179 
3 3615 7263 3613 
3 13540 13924 13326 
3 12927 5840 12923 
3 4777 2031 6667 
3 11183 11586 11372 
3 7481 4700 946 
3 5211 5217 2438 
3 10977 12006 11588 
3 7463 6512 6521 
3 8127 10412 1837 
3 11187 11588 11592 
3 11377 12610 12189 
3 11187 10977 11588 
3 11591 11589 10755 
3 13553 1185 13934 
3 11377 12189 11188 
3 4642 5734 4632 
3 11595 10755 10758 
3 11809 11595 10758 
3 11598 10761 11189 
3 4946 4003 7660 
3 11597 11809 11810 
3 10536 10761 12196 
3 11809 10287 11810 
3 12199 11606 11605 
3 10767 9773 8692 
3 11613 11813 11812 
3 13244 13252 13667 
3 11381 11613 11812 
3 11194 11618 11615 
3 8954 6800 11975 
3 11613 11615 11813 
3 11194 11195 11618 
3 11280 11485 11714 
3 2212 7043 5743 
3 11383 11820 11196 
3 1205 2193 4960 
3 11601 12012 11600 
3 5459 7808 5431 
3 11955 12838 10079 
3 5408 5370 4203 
3 11383 10546 11385 
3 11335 10931 10703 
3 11827 11826 10781 
3 11198 10781 11386 
3 11388 11622 10780 
3 11388 10778 11828 
3 12027 11624 11390 
3 12030 11391 11626 
3 10327 4976 7048 
3 12030 11201 11391 
3 10235 6184 12618 
3 11203 11392 11628 
3 10831 10603 11045 
3 11837 11630 11393 
3 5880 3967 3982 
3 3967 114 3982 
3 12219 11630 11837 
3 11002 11631 11839 
3 5459 6832 10883 
3 298 3942 2855 
3 1839 3479 11928 
3 11006 10785 12841 
3 10610 10363 10360 
3 12037 11634 10113 
3 10024 7801 10000 
3 11405 11213 12046 
3 12044 12232 11398 
3 11398 11636 12044 
3 11634 11635 10322 
3 7457 3279 9709 
3 11212 11403 11399 
3 11215 12232 11401 
3 11215 11216 10797 
3 11505 11307 11524 
3 12040 12231 10790 
3 1144 4912 3067 
3 11014 12049 12850 
3 11463 7754 6782 
3 11014 13041 11852 
3 11407 11855 11851 
3 8915 3671 6783 
3 9183 13150 12218 
3 8008 4904 796 
3 11218 12055 12051 
3 11407 11411 11855 
3 8024 9168 9171 
3 3230 1121 13930 
3 11858 10800 11412 
3 11218 11019 12055 
3 9364 9514 9508 
3 12055 11019 11417 
3 7455 7212 7710 
3 11856 11026 10582 
3 11861 11222 11419 
3 12063 10816 11026 
3 11411 11022 12059 
3 6675 6661 4785 
3 11862 10343 12439 
3 11864 11031 11029 
3 5846 3943 3946 
3 12065 11227 11865 
3 11421 11032 11654 
3 11426 11421 11654 
3 12257 11423 11031 
3 2224 4016 172 
3 11427 11650 12255 
3 11863 11864 11646 
3 12072 11428 11229 
3 11657 11430 11869 
3 12439 11033 11230 
3 4550 13874 2725 
3 10932 8786 9956 
3 12797 11790 12984 
3 7537 6675 5787 
3 12668 11658 12076 
3 12627 13406 13206 
3 11879 11883 11881 
3 11431 11430 11657 
3 11431 11657 11871 
3 12073 12261 11657 
3 11661 11664 11662 
3 11881 11664 11661 
3 11664 11668 11662 
3 11662 11873 11661 
3 3905 2056 3903 
3 7818 6936 9742 
3 11439 12082 12086 
3 10794 12471 10801 
3 11669 11664 11881 
3 11233 11668 11664 
3 11884 11677 11673 
3 11669 11672 11664 
3 11855 12644 11851 
3 4855 3039 5834 
3 6163 11429 10459 
3 11671 11672 11669 
3 11439 12086 11886 
3 11447 11886 11674 
3 11921 11018 11918 
3 11672 11671 11448 
3 11677 12090 11673 
3 12124 12139 10466 
3 11675 11890 11452 
3 9135 3858 6972 
3 10997 8937 13744 
3 11677 11680 12103 
3 12250 10573 9602 
3 11678 11455 11452 
3 11848 11640 11854 
3 11449 11239 11232 
3 8612 5465 6508 
3 912 5266 4233 
3 11041 11460 11457 
3 7668 7680 4978 
3 12299 12479 11042 
3 11684 11683 11249 
3 10749 11803 10977 
3 11235 11677 11884 
3 10957 7775 6745 
3 11455 11901 11045 
3 6972 11208 11224 
3 11460 11905 11906 
3 10344 3316 4886 
3 11902 11465 11901 
3 3912 2098 3017 
3 5120 7825 7812 
3 8836 9353 9221 
3 11054 11253 11691 
3 11049 11051 11469 
3 11053 12112 12111 
3 10244 5981 7984 
3 2378 3397 13095 
3 6739 4669 8838 
3 11465 11693 10838 
3 10801 12471 12481 
3 11470 11911 11268 
3 7064 7067 7065 
3 11059 11266 11914 
3 9619 9652 9638 
3 10012 9806 9601 
3 10844 11471 12112 
3 10847 11474 11057 
3 10847 11268 11474 
3 11471 11698 11697 
3 9220 10327 7048 
3 8848 7832 6828 
3 9813 8738 10801 
3 6075 6936 3269 
3 12441 12415 9817 
3 13312 2989 13915 
3 9330 11318 775 
3 1958 967 12198 
3 10855 11272 12317 
3 10224 6960 10230 
3 11436 7192 9320 
3 11704 12119 10857 
3 11272 11708 12317 
3 11061 12122 12318 
3 13590 3579 5529 
3 3884 7560 5787 
3 11586 10750 11373 
3 10707 10026 10486 
3 10264 9632 10726 
3 12544 13540 12345 
3 7368 13962 7357 
3 9104 10225 7968 
3 2054 4812 3879 
3 11524 11737 11947 
3 11708 10632 11709 
3 9970 13880 13877 
3 4958 5140 5221 
3 10089 7862 12002 
3 11716 10868 11277 
3 480 11382 3417 
3 11283 12125 11278 
3 10585 11451 12328 
3 8800 6682 7686 
3 4779 2959 4794 
3 2056 4777 5801 
3 6941 7167 7168 
3 11798 7894 9862 
3 12065 10129 11227 
3 9104 5953 10212 
3 9295 3351 13777 
3 7280 5223 11290 
3 10786 11705 9843 
3 13538 12151 12535 
3 11153 6960 10224 
3 11291 11501 11723 
3 6375 6371 8319 
3 11075 10422 10649 
3 11110 11109 10695 
3 11723 12134 11291 
3 10667 11301 10218 
3 11935 11498 11934 
3 1770 9220 7048 
3 6675 4787 5787 
3 6766 8779 6797 
3 11723 11501 11726 
3 11498 11937 11080 
3 11294 11501 11291 
3 12054 12062 12251 
3 10255 10254 9012 
3 11499 11081 11942 
3 8265 3710 13410 
3 3020 3014 500 
3 11400 8499 9543 
3 11941 11312 11939 
3 11942 11081 11731 
3 8301 8849 8176 
3 11307 11505 11296 
3 4779 4794 5744 
3 11338 11305 9454 
3 7661 5691 6660 
3 11081 11308 11731 
3 11362 6749 2325 
3 11338 11320 11305 
3 12137 11935 11934 
3 11302 12147 11306 
3 3219 2262 7756 
3 11941 11094 11312 
3 11307 11314 11523 
3 12686 12684 12468 
3 12357 8157 10440 
3 3120 4956 7660 
3 7967 8979 5621 
3 10765 10544 10543 
3 5842 3039 1105 
3 3257 3239 775 
3 13823 5865 1839 
3 11528 12148 11526 
3 4787 6675 4785 
3 10925 11951 11532 
3 12348 11514 12346 
3 11740 11308 11086 
3 4037 9320 5122 
3 8773 8766 10845 
3 13796 13586 13172 
3 6082 6930 5113 
3 4753 4783 4785 
3 11526 12148 11737 
3 1740 7263 4504 
3 12071 9142 12078 
3 12812 12866 4053 
3 5669 11771 9883 
3 9571 8426 9591 
3 12499 12498 12121 
3 11742 11327 11737 
3 3397 2389 5499 
3 11743 11534 11745 
3 12317 12121 12498 
3 10967 11178 10733 
3 1258 2246 6004 
3 7723 12718 7644 
3 11747 11119 11748 
3 11960 11113 12157 
3 2503 4326 3430 
3 7332 7102 7468 
3 12704 12705 12290 
3 10157 6891 10168 
3 12105 12290 12705 
3 12157 12159 11960 
3 1430 1360 1432 
3 7575 8657 6542 
3 13970 3518 9486 
3 12163 11331 10923 
3 5907 11104 11108 
3 12557 12164 12163 
3 1997 3846 4741 
3 1986 4733 5729 
3 11752 11335 11753 
3 6208 5163 6225 
3 2503 5279 4326 
3 12334 10415 10430 
3 2659 2661 3661 
3 4053 12866 982 
3 2232 1239 5968 
3 7653 7628 9885 
3 2246 5965 6850 
3 8755 8746 9883 
3 3784 2765 13167 
3 2877 7559 2875 
3 11137 11542 12168 
3 1341 6177 10682 
3 11753 11340 11967 
3 5311 5312 1568 
3 12562 11541 11971 
3 12169 11137 12168 
3 12540 11583 7391 
3 3516 4543 4525 
3 4654 4568 4653 
3 12567 11345 11760 
3 2750 12559 2553 
3 11978 11763 11142 
3 11103 11076 12026 
3 11763 12771 11765 
3 12063 13986 12069 
3 10032 12773 11545 
3 12124 11320 12128 
3 10715 12773 10032 
3 1955 752 8756 
3 1857 2083 2172 
3 12773 10715 12967 
3 12498 13516 11922 
3 1333 1334 1522 
3 4352 6455 2218 
3 9189 7034 12241 
3 11553 11772 11983 
3 11983 11772 11985 
3 6623 8742 4576 
3 9676 11525 12367 
3 1459 1330 1520 
3 12177 11555 11353 
3 2566 13883 4566 
3 12177 11776 10948 
3 10035 7814 11024 
3 9676 12367 7620 
3 5185 10542 6248 
3 5689 7443 2905 
3 7618 3945 8532 
3 11775 11987 11986 
3 11783 11167 11358 
3 12559 4716 4717 
3 8869 8848 12606 
3 11578 11790 11793 
3 11358 11993 11783 
3 11358 11359 11993 
3 11359 10956 12179 
3 10956 11360 12179 
3 2723 8172 8166 
3 6836 8114 8044 
3 9457 7309 9449 
3 11785 11171 11361 
3 10512 11169 11781 
3 11785 11361 11786 
3 10728 11565 11567 
3 11566 11363 12592 
3 11566 11565 10728 
3 10728 11567 10961 
3 11568 11173 11363 
3 5804 4486 3592 
3 12070 9036 11125 
3 11997 11998 11573 
3 6211 11058 10292 
3 11999 11174 11365 
3 9591 9619 9584 
3 11789 11790 11577 
3 4956 3120 2192 
3 11569 12382 11786 
3 4200 7320 868 
3 12386 11178 11579 
3 2018 1810 1556 
3 13934 1185 3245 
3 4920 4903 8540 
3 13898 13893 497 
3 11579 11179 11796 
3 4561 2212 2139 
3 696 4819 2896 
3 11179 11579 10739 
3 11801 11372 12005 
3 12594 12792 13173 
3 11589 12398 11376 
3 1995 2075 2257 
3 7675 11779 689 
3 11801 10974 11372 
3 11372 11586 12005 
3 11803 12006 10977 
3 3778 3787 5681 
3 4717 4716 7442 
3 11052 10834 10837 
3 5954 4038 4991 
3 11802 11803 11370 
3 11586 11373 12190 
3 11832 9921 13548 
3 12191 11592 11588 
3 5422 3582 6367 
3 11370 11369 11802 
3 13134 12939 13131 
3 12196 10761 11598 
3 5208 13186 3218 
3 12194 11810 11600 
3 118 5889 3988 
3 3111 5908 9526 
3 10606 4706 8290 
3 12013 11605 11604 
3 10621 11470 10847 
3 10954 11165 10952 
3 12623 11601 11610 
3 11487 11489 10877 
3 12344 10643 7613 
3 10838 10613 10836 
3 2858 11079 10299 
3 11818 11617 11815 
3 592 720 645 
3 11999 11791 12183 
3 11613 11194 11615 
3 11617 12625 11815 
3 11196 11618 11195 
3 7453 8374 7415 
3 13917 8937 4969 
3 11818 11819 10992 
3 11066 10171 11069 
3 11196 11816 11618 
3 11197 12627 10994 
3 4871 4698 4499 
3 11024 7803 11953 
3 12627 11828 10994 
3 11225 11222 9919 
3 11828 10778 10994 
3 13123 13919 4965 
3 8570 2179 5892 
3 8675 8692 9773 
3 11386 11824 11198 
3 9919 10808 9720 
3 11383 12024 11820 
3 10780 11622 11200 
3 12411 11626 11200 
3 11830 11200 11622 
3 11626 12411 12828 
3 11390 12216 12028 
3 2833 4671 4659 
3 12223 12034 12831 
3 11631 12225 11839 
3 12035 11839 12225 
3 13924 13019 9038 
3 853 908 8970 
3 2876 13906 8775 
3 13918 12517 12730 
3 7170 13766 1121 
3 11206 12639 11007 
3 12639 12227 11007 
3 11007 12227 11841 
3 12039 11634 12037 
3 4457 8090 7211 
3 11636 11637 12421 
3 11637 11209 11843 
3 11209 11210 11843 
3 11081 10659 10894 
3 6248 8258 9407 
3 11846 11401 12232 
3 11405 12240 11406 
3 11408 11844 12050 
3 4354 1985 4336 
3 12102 12909 12284 
3 2272 2649 2653 
3 11640 11848 12236 
3 11852 12235 11412 
3 13150 9183 9186 
3 12117 12919 13110 
3 12238 12058 11640 
3 5324 5229 4967 
3 11333 11328 11332 
3 2989 8966 856 
3 12053 11408 12050 
3 13989 11406 12240 
3 11057 11704 10854 
3 9483 9522 9489 
3 1045 2968 2962 
3 12058 12062 11854 
3 11640 12058 11854 
3 2785 3706 13034 
3 1780 2085 7352 
3 12055 11417 12249 
3 11221 11858 12253 
3 12058 12434 12062 
3 9601 9600 9259 
3 7007 10079 11056 
3 12253 11650 11221 
3 3039 5842 5834 
3 12838 11056 10079 
3 5655 7663 8786 
3 1878 4610 5622 
3 11869 11426 12260 
3 2833 8275 4637 
3 6865 7750 9655 
3 9655 8676 6865 
3 1025 11309 2962 
3 3159 2051 5233 
3 6783 8903 10009 
3 11423 12446 11865 
3 12255 11422 11427 
3 5847 4903 4879 
3 11864 11868 11031 
3 13109 12915 13906 
3 11477 9507 2355 
3 12442 12253 12440 
3 10594 10816 11653 
3 12258 10594 11653 
3 12258 12072 11229 
3 10172 9750 9538 
3 12668 11230 11658 
3 12896 13710 12899 
3 11426 11656 12260 
3 12578 13165 12778 
3 11873 11875 11874 
3 1610 12471 12462 
3 12371 12176 13364 
3 11873 11662 11875 
3 5833 4879 2116 
3 11661 11879 11881 
3 12085 12900 12272 
3 10319 10216 10344 
3 11663 11882 11440 
3 12343 8338 8369 
3 7853 6113 9804 
3 5847 4879 11409 
3 11883 11669 11881 
3 11883 11443 11669 
3 9605 10585 9543 
3 10655 10887 10892 
3 11080 11082 10890 
3 11668 11884 12085 
3 8238 2797 431 
3 11621 12462 10794 
3 1191 1134 1338 
3 5833 2116 2108 
3 5349 3492 3497 
3 11650 11427 10811 
3 6457 8353 8356 
3 802 2989 13312 
3 11891 12095 12288 
3 11937 11943 11506 
3 12507 13315 13520 
3 12095 11891 12096 
3 3854 3699 3669 
3 11244 11677 11241 
3 2567 3494 3503 
3 11891 11895 12096 
3 9726 8623 5429 
3 5465 8612 6497 
3 11891 11894 11895 
3 11895 11893 12096 
3 12096 11893 11887 
3 11887 11893 11889 
3 11895 11896 11893 
3 6535 9267 7409 
3 11683 11684 11895 
3 11894 11683 11895 
3 11245 11452 11455 
3 11886 12088 11674 
3 13128 11435 12217 
3 10921 10693 10691 
3 11249 11683 11686 
3 11684 11896 11895 
3 1366 6113 1391 
3 11899 11901 11678 
3 11244 11459 12106 
3 9654 9652 9619 
3 7493 9726 5429 
3 12106 11680 11244 
3 11449 11672 11448 
3 10406 10635 10632 
3 11482 11930 12508 
3 11902 11901 11899 
3 12106 11459 12107 
3 8597 8612 6508 
3 2570 2381 2481 
3 11908 11906 11905 
3 11049 12110 11250 
3 11908 11905 11690 
3 12705 11691 11686 
3 11691 12705 12710 
3 11049 12307 12110 
3 12377 4525 3474 
3 11911 11472 11268 
3 5359 1422 7315 
3 372 5250 4061 
3 7653 6659 3555 
3 13754 13127 13326 
3 11910 11465 11902 
3 12309 12112 11697 
3 12710 11911 11691 
3 11911 12115 11472 
3 4445 4650 4451 
3 13041 12850 13231 
3 4729 4739 6645 
3 12149 10233 5977 
3 11271 11059 11923 
3 11703 10855 11922 
3 6200 5134 1955 
3 7452 8578 7474 
3 11706 11271 11923 
3 11472 12117 11702 
3 8569 8612 8578 
3 4861 12145 12141 
3 7327 818 2771 
3 11396 10528 7387 
3 3755 13821 3779 
3 8597 8578 8612 
3 11219 10128 10343 
3 12318 12315 11061 
3 10014 10985 8953 
3 10921 11094 10917 
3 11062 11925 11927 
3 13541 13925 7113 
3 12122 11480 12504 
3 3617 9928 12722 
3 10670 10671 11098 
3 11072 11932 12127 
3 12919 11472 12115 
3 12333 11490 11072 
3 12335 11490 12333 
3 6013 4603 8863 
3 11641 11016 10579 
3 13580 2608 11695 
3 10169 9097 12064 
3 12045 12240 11405 
3 12353 11740 11957 
3 11489 12131 11721 
3 11064 11713 11279 
3 11285 11493 12332 
3 11291 12134 11491 
3 12338 11495 11499 
3 11936 11721 12740 
3 11936 12740 12526 
3 793 5528 1783 
3 11491 11286 11074 
3 1271 117 10764 
3 12348 11321 10906 
3 10910 11119 11101 
3 5545 4596 7881 
3 2979 4456 7337 
3 5760 4794 5764 
3 11940 12143 12339 
3 6769 7754 6762 
3 12143 11940 11505 
3 12341 11300 12534 
3 8535 8522 7446 
3 9921 11832 8897 
3 11400 11338 9466 
3 11951 11946 12535 
3 1134 998 1092 
3 11524 11947 12143 
3 11524 12143 11505 
3 10720 12387 11563 
3 13261 4736 6647 
3 12532 12338 11942 
3 13507 577 3315 
3 11947 11737 12148 
3 8535 8569 9690 
3 3364 11290 847 
3 12150 11515 11520 
3 11306 12147 12350 
3 11520 11515 11310 
3 11654 12074 11656 
3 12148 12544 12345 
3 1308 1803 26 
3 10630 9602 8595 
3 12354 11529 11090 
3 4753 6681 4783 
3 11532 11520 11322 
3 6828 7832 5487 
3 11016 11014 10330 
3 6640 6773 7127 
3 11121 5828 10169 
3 11533 11536 11957 
3 8240 7328 8254 
3 10528 11347 7387 
3 10430 2979 8154 
3 7328 6402 7346 
3 9408 7247 8266 
3 13731 10914 8795 
3 13167 2765 443 
3 12159 12760 12554 
3 11331 12163 11538 
3 6410 6392 12469 
3 5038 13537 13322 
3 11752 11753 12556 
3 2723 3638 8172 
3 12165 11540 12164 
3 11120 11960 11329 
3 5729 4733 7491 
3 11968 11540 12167 
3 11337 11540 11968 
3 8746 8755 9856 
3 12166 11753 11967 
3 8493 8506 6411 
3 12951 13345 13143 
3 12937 13539 12532 
3 12168 11968 12167 
3 11971 12170 11972 
3 11967 11340 11541 
3 11967 11541 12562 
3 12766 12167 12165 
3 11971 11139 12170 
3 5337 4078 13804 
3 3662 1491 7782 
3 12170 12567 12565 
3 2924 13736 6877 
3 11760 11761 12567 
3 7385 7427 8509 
3 11545 12368 11761 
3 11978 13158 12771 
3 11305 11320 12124 
3 11765 12570 11546 
3 9679 5351 8475 
3 3615 3621 6413 
3 4483 5665 5675 
3 1347 3377 13948 
3 1479 11502 13967 
3 7391 6407 12540 
3 4370 2054 12396 
3 9605 7545 8568 
3 8490 7427 7385 
3 8485 8506 8493 
3 12174 11150 11548 
3 12573 11768 11551 
3 12372 11154 11981 
3 11156 11770 11982 
3 7378 7385 8426 
3 5601 2787 833 
3 12344 7620 12367 
3 6579 6639 7600 
3 12372 11353 11154 
3 2704 3131 3016 
3 11776 12177 12374 
3 13886 12899 13710 
3 11160 11773 11556 
3 6932 13742 2978 
3 4739 1986 5729 
3 11161 11775 11773 
3 5742 228 3606 
3 12201 12622 12403 
3 11617 10544 11614 
3 4265 12968 3387 
3 11558 11988 11987 
3 12124 10449 11305 
3 11783 11993 11992 
3 11993 11359 12179 
3 5328 916 5348 
3 10608 10376 10361 
3 11018 12811 11949 
3 12787 11173 11782 
3 12382 11785 11786 
3 11172 11567 11995 
3 11363 11173 12789 
3 11992 11169 11783 
3 12789 11173 12787 
3 11176 10272 10966 
3 5216 11284 3289 
3 2440 4253 2447 
3 11791 11999 11365 
3 12984 11790 11789 
3 11171 11785 12381 
3 8475 7374 10657 
3 2900 2870 5711 
3 11579 11796 12001 
3 11578 11793 11366 
3 4488 709 6378 
3 12220 13152 12229 
3 11086 11317 11740 
3 11367 11801 12188 
3 11369 11582 12187 
3 12188 11801 12005 
3 12391 12006 11802 
3 6367 9066 5422 
3 8679 7607 6559 
3 12286 12283 11719 
3 11180 10974 11801 
3 10768 9735 12441 
3 3582 5439 6367 
3 12006 12191 11588 
3 12010 11589 11591 
3 1832 13825 11885 
3 12194 11597 11810 
3 9666 11500 13271 
3 8681 7548 10738 
3 8439 8448 8460 
3 11601 12816 12012 
3 3110 3111 3124 
3 12194 12012 13000 
3 12013 12199 11605 
3 2493 2466 8353 
3 11612 12018 12201 
3 11379 11611 11610 
3 12623 12020 13401 
3 12020 11610 11611 
3 12202 12404 11614 
3 10425 11262 11282 
3 7595 10754 7586 
3 3289 3245 1185 
3 10112 10142 4073 
3 5842 3051 4894 
3 13006 13203 11818 
3 3581 13556 13495 
3 13203 11819 11818 
3 10638 9519 9531 
3 4574 6451 7317 
3 5971 5576 10021 
3 6552 6718 6218 
3 4602 4600 6660 
3 3570 2641 5411 
3 10643 11464 10630 
3 10408 10396 11257 
3 11828 11622 11388 
3 11622 11828 12410 
3 11626 11391 11200 
3 9794 2983 2453 
3 9374 11264 9300 
3 11264 9374 11282 
3 12797 11793 11790 
3 7968 2939 1073 
3 12831 12417 12223 
3 12224 11838 12226 
3 12682 7517 4710 
3 12226 11838 11001 
3 12221 12219 11837 
3 5722 4604 5685 
3 12638 11206 12419 
3 3765 4082 3766 
3 12420 11635 11634 
3 12039 12420 11634 
3 11262 11260 9313 
3 12231 11397 10790 
3 461 6690 439 
3 11637 11843 12234 
3 11843 11210 13039 
3 1222 1109 1168 
3 10342 10128 10131 
3 11856 12063 11026 
3 10114 13433 11845 
3 10114 11399 13433 
3 11611 11379 11812 
3 12639 11206 12638 
3 5814 7821 4722 
3 9599 11639 5546 
3 12634 13023 12221 
3 11464 9602 10630 
3 11399 11403 12051 
3 12223 12225 11631 
3 12856 12854 12051 
3 12252 13950 13458 
3 12052 11854 12054 
3 11392 12030 12031 
3 8776 13730 13298 
3 5392 4426 643 
3 11858 12428 12253 
3 8775 13906 4752 
3 1361 6955 6116 
3 12432 12051 12055 
3 12238 12651 12058 
3 6729 7455 6851 
3 11215 11398 12232 
3 12069 11653 10816 
3 12053 11857 11416 
3 11855 11411 12059 
3 11858 11412 12428 
3 12062 12054 11854 
3 11837 12224 12221 
3 7182 1165 13766 
3 2371 7855 1416 
3 12855 12052 12243 
3 11262 9313 10295 
3 11417 12065 12249 
3 10833 12718 7723 
3 13022 12831 12830 
3 10193 10181 11131 
3 9758 7536 10709 
3 8364 9521 8414 
3 750 9019 9216 
3 8813 2371 13099 
3 9311 2037 11341 
3 6870 6575 6560 
3 12445 11419 11422 
3 10029 7965 6980 
3 12255 12445 11422 
3 12111 12309 12487 
3 2106 912 3208 
3 622 13510 12742 
3 12257 11031 11868 
3 12260 12073 11869 
3 8364 8414 7324 
3 8157 12357 7128 
3 12439 13252 11862 
3 10709 7536 9746 
3 3528 5373 5369 
3 1887 2210 1884 
3 11871 11657 12261 
3 6096 6103 4179 
3 11871 12263 11431 
3 12263 12077 11431 
3 12077 12264 11431 
3 12264 12076 11431 
3 12453 12269 12265 
3 12265 12269 11872 
3 10631 9519 10638 
3 12461 12269 12453 
3 3722 3713 12761 
3 12269 11879 11872 
3 10585 11400 9543 
3 8818 9956 8786 
3 12462 12471 10794 
3 12269 12465 11879 
3 13248 12656 12436 
3 12085 12272 12081 
3 11668 12085 12081 
3 12082 12083 12080 
3 12465 11883 11879 
3 9973 10653 10650 
3 12086 12082 12273 
3 8366 8383 9494 
3 7320 10645 11552 
3 8364 9457 9488 
3 12860 13238 11315 
3 11162 13924 13540 
3 117 3467 4511 
3 12687 12088 12086 
3 12531 13471 6611 
3 9457 8364 6322 
3 10985 10014 11924 
3 12088 11886 12086 
3 12095 12279 12468 
3 12095 12092 12279 
3 13929 13676 12395 
3 12799 11877 1265 
3 8559 8134 8690 
3 11890 12472 12475 
3 11673 12090 12284 
3 12290 11891 12288 
3 8750 8891 8890 
3 12092 11887 12696 
3 7915 13816 1367 
3 12103 11680 12104 
3 12096 12092 12095 
3 12104 12294 12102 
3 12290 12105 11894 
3 12106 12104 11680 
3 12105 11683 11894 
3 7305 7318 8358 
3 10295 10288 11262 
3 11452 11890 11678 
3 4930 5201 4834 
3 12995 13184 12806 
3 7125 7122 4373 
3 12486 11906 11908 
3 12486 12107 11906 
3 13878 287 13703 
3 8069 11334 5004 
3 11049 11469 12307 
3 10233 13447 2939 
3 11550 11152 11155 
3 8569 6497 8612 
3 12310 11693 11465 
3 10230 6960 12118 
3 13023 13214 13414 
3 10230 12118 11199 
3 11914 11693 12488 
3 6741 4182 5370 
3 11469 11055 12311 
3 10715 9829 10717 
3 5554 5535 3259 
3 11185 11199 12980 
3 3487 2542 4364 
3 4364 2542 2541 
3 11055 11475 12494 
3 11059 12312 11923 
3 11702 11474 11472 
3 11702 12117 12119 
3 11630 12219 10558 
3 11915 11703 12925 
3 12318 12495 12315 
3 12919 12117 11472 
3 12122 12320 12318 
3 7309 7297 8317 
3 9975 13798 7634 
3 13437 6303 10607 
3 12126 11710 12726 
3 591 644 642 
3 6257 4362 8974 
3 12505 11716 11927 
3 7278 8329 8322 
3 11927 11925 12502 
3 12504 11482 12508 
3 11485 11717 12731 
3 12321 11709 12506 
3 5156 9355 9365 
3 6710 4710 497 
3 12506 11709 11712 
3 11277 11927 11716 
3 12491 11697 11915 
3 11714 12731 11712 
3 11930 11278 12125 
3 13724 548 4720 
3 3757 13820 3755 
3 5592 12098 12043 
3 11283 11933 12125 
3 12333 11072 12127 
3 11487 11716 12129 
3 12331 12129 12732 
3 12332 11933 11285 
3 7586 8692 5558 
3 13733 12925 13516 
3 4438 3501 4029 
3 4785 1014 4787 
3 2846 2624 11599 
3 12522 11495 12338 
3 11721 12131 12740 
3 6249 2514 4340 
3 11882 11439 11440 
3 9595 5930 8630 
3 13246 12434 13661 
3 4341 13360 5296 
3 12338 11499 11942 
3 11943 11937 11935 
3 1535 3438 1541 
3 12533 11939 11936 
3 12534 11300 11729 
3 2968 4794 2962 
3 4866 4494 4396 
3 3489 6623 3504 
3 6664 6489 6488 
3 4720 548 6712 
3 12150 12541 12749 
3 11946 11094 11941 
3 11506 11080 11937 
3 8387 6494 13871 
3 5004 11334 7082 
3 11723 12337 12134 
3 2387 2553 11829 
3 12544 12148 11528 
3 4672 13722 8665 
3 12348 12545 11528 
3 5787 4787 3884 
3 480 9916 485 
3 3027 2800 2715 
3 5211 13694 6173 
3 7391 964 6407 
3 6712 13897 8648 
3 11740 11533 11957 
3 7101 1837 10412 
3 11241 11235 11453 
3 11959 12157 11745 
3 11808 11592 12191 
3 8254 10301 8240 
3 9407 7280 6265 
3 946 12254 954 
3 8729 8856 9713 
3 11347 10528 10516 
3 9209 5003 4987 
3 11745 12156 11959 
3 12158 11747 11748 
3 12358 12159 12157 
3 8499 11400 9466 
3 12161 12158 11748 
3 12156 12552 12553 
3 11329 11960 11962 
3 12163 11962 12557 
3 13077 12882 12883 
3 10516 10518 12197 
3 10808 9919 11222 
3 435 2687 13892 
3 12346 11514 12341 
3 8506 8538 6411 
3 11748 11751 12161 
3 12360 12161 11751 
3 12166 12959 12361 
3 12166 12361 11753 
3 3570 6362 4470 
3 7808 10883 10839 
3 11955 7981 12757 
3 10985 10960 7927 
3 11343 11134 11968 
3 1752 4528 1750 
3 5200 8248 8266 
3 12564 12168 12167 
3 12169 12168 12564 
3 9209 10341 3649 
3 5960 5955 6117 
3 11344 12169 11973 
3 11967 12561 12560 
3 6813 2187 7664 
3 13416 1892 13214 
3 12771 11763 11978 
3 12967 11768 12573 
3 10970 4364 9964 
3 2786 4637 8275 
3 10703 11541 11340 
3 4439 3562 2646 
3 5549 6054 5914 
3 10686 11525 9676 
3 1493 2462 7940 
3 9856 6619 8746 
3 10146 11076 11103 
3 8226 5200 5174 
3 12575 11981 12174 
3 11550 12174 11981 
3 7961 4848 1649 
3 402 9018 5893 
3 12174 11550 11150 
3 12972 11772 11986 
3 1480 4273 2462 
3 3690 6786 7803 
3 12783 11776 12374 
3 10245 10940 10488 
3 11985 11772 12972 
3 4716 12559 3810 
3 4528 2723 8166 
3 13474 13883 2566 
3 13601 1759 13604 
3 12780 12177 12372 
3 11781 11169 11992 
3 2672 12087 2682 
3 12179 11360 12380 
3 11361 10959 11786 
3 539 541 612 
3 8369 8338 6452 
3 4098 4092 3995 
3 10629 10861 9739 
3 717 848 851 
3 12381 11785 12590 
3 11567 11565 12181 
3 8258 6248 10542 
3 12592 11565 11566 
3 13707 13089 13476 
3 11995 11567 12181 
3 11363 12789 12592 
3 12594 12382 11569 
3 11782 12378 12787 
3 12337 11940 12529 
3 11996 12385 11570 
3 7076 7078 11078 
3 12183 11791 12386 
3 12001 12386 11579 
3 11171 12381 12380 
3 6554 9803 7581 
3 11796 11367 12186 
3 12388 11796 12186 
3 8443 8442 8591 
3 12186 11367 12188 
3 11369 12390 11802 
3 11582 11581 12187 
3 11939 12533 11941 
3 10345 10335 9914 
3 690 4314 5252 
3 11188 12190 11373 
3 11586 12607 12005 
3 12608 12191 12006 
3 11772 11556 11773 
3 4314 690 3425 
3 2968 2032 2023 
3 11305 10449 10456 
3 12816 13821 13820 
3 12398 11589 12010 
3 2428 2455 183 
3 12997 11591 11595 
3 6384 8460 6393 
3 10581 2463 2522 
3 11706 11710 11063 
3 12012 12194 11600 
3 10386 11266 10392 
3 8201 10509 7184 
3 12012 12816 12621 
3 4289 4286 3975 
3 11808 12809 11598 
3 12617 11606 12199 
3 12620 11607 12617 
3 6560 6405 6555 
3 11282 9374 10432 
3 13691 681 4457 
3 11282 10432 10425 
3 12200 12016 11607 
3 13391 12993 12192 
3 3111 2179 8570 
3 12016 12200 12018 
3 2292 5113 6045 
3 11612 12201 12403 
3 8423 8439 8460 
3 11393 10108 9696 
3 8423 8460 6384 
3 12625 11614 12404 
3 12020 11615 13003 
3 1218 1227 3288 
3 12821 12206 11618 
3 11618 11816 12821 
3 5789 5457 5921 
3 8201 7184 10492 
3 643 4426 4537 
3 11500 9648 13458 
3 1881 10211 10164 
3 13205 11386 11826 
3 7359 8423 6384 
3 6463 6311 6790 
3 12214 12213 11827 
3 10781 11826 11386 
3 2680 3592 5439 
3 11827 12213 11826 
3 7193 6194 4070 
3 12028 12215 12027 
3 12410 11828 12824 
3 12631 12030 12029 
3 12029 11626 12828 
3 4203 500 5747 
3 403 435 442 
3 6342 2641 6334 
3 8414 9585 8423 
3 4243 13932 6211 
3 4426 8048 6334 
3 11837 11838 12224 
3 7735 8806 7708 
3 13022 13830 13418 
3 11631 11394 12223 
3 11841 12227 12226 
3 8410 8426 9571 
3 11371 11370 11803 
3 11366 11176 11578 
3 11069 10874 11283 
3 11526 11737 11327 
3 7861 1414 1416 
3 7162 7148 12376 
3 13218 12230 12228 
3 12230 13218 12637 
3 11206 11006 12419 
3 12040 11635 12420 
3 12843 10324 12041 
3 12843 12841 10324 
3 12216 12032 12413 
3 12234 12421 11637 
3 12045 11405 12046 
3 7162 12376 8190 
3 12046 12233 12045 
3 10362 11257 10396 
3 11408 12053 11416 
3 12905 12693 13092 
3 13433 11399 12854 
3 11399 12051 12854 
3 12238 11640 12236 
3 12236 11848 12423 
3 12236 12423 12646 
3 1416 7855 7861 
3 13340 13768 12759 
3 3175 2224 178 
3 3734 13193 13396 
3 1780 882 1444 
3 6150 5117 7149 
3 3028 9288 7133 
3 13017 13022 12830 
3 9308 6163 10459 
3 4912 1161 3967 
3 12855 12423 12052 
3 12845 12849 12235 
3 12428 12427 12242 
3 1161 4912 1144 
3 2934 3043 3375 
3 11857 12053 11643 
3 13286 13721 13279 
3 11643 12247 11861 
3 12429 11643 12053 
3 12054 12245 12243 
3 8383 8410 9519 
3 12247 10808 11861 
3 709 1726 5757 
3 12432 12055 12249 
3 11862 12433 12059 
3 11297 11936 11939 
3 12251 12062 12434 
3 12242 12253 12428 
3 1194 2192 3120 
3 13982 3579 13800 
3 4793 1051 4938 
3 11861 11419 12248 
3 7814 7821 5814 
3 12024 13008 12208 
3 6800 7821 8942 
3 13986 13988 12069 
3 10640 8385 7334 
3 11419 12445 12659 
3 12442 11650 12253 
3 11650 12442 12255 
3 1144 3067 74 
3 3343 406 2407 
3 12449 12072 12258 
3 12072 11654 11428 
3 12668 12872 11230 
3 10440 8157 2998 
3 12258 12448 13065 
3 11317 11533 11740 
3 12154 1128 884 
3 12260 12261 12073 
3 1361 6104 6955 
3 12266 12451 11872 
3 4287 312 1493 
3 12076 11660 11431 
3 11872 11874 12266 
3 10443 7128 13349 
3 11875 12268 12266 
3 11872 11873 11874 
3 11875 12679 12268 
3 6957 8772 5130 
3 11875 12081 12679 
3 12459 12271 12461 
3 12271 12465 12461 
3 1391 6113 7853 
3 12081 11662 11668 
3 12848 11843 13039 
3 12971 13364 12176 
3 12080 12271 12459 
3 11662 12081 11875 
3 12081 12272 12679 
3 1549 1678 1617 
3 2364 1407 6131 
3 7775 9985 11919 
3 12269 12461 12465 
3 11883 12465 12083 
3 12271 12083 12465 
3 12085 11673 12278 
3 9727 3379 12877 
3 12573 12969 12967 
3 12690 12686 12280 
3 12686 12279 12280 
3 12278 11673 12284 
3 4946 2173 4003 
3 12281 12288 12468 
3 12280 12696 12690 
3 12690 12696 12277 
3 4532 13881 306 
3 10415 2970 10430 
3 11675 12088 12472 
3 12474 12281 12694 
3 11676 8636 9758 
3 12090 12102 12284 
3 12474 12288 12281 
3 13711 4559 2613 
3 12090 12103 12102 
3 12092 12696 12280 
3 11889 12099 11887 
3 12099 12698 12696 
3 4559 356 6549 
3 12279 12092 12280 
3 6994 1705 4904 
3 12698 12099 12292 
3 11890 12289 11678 
3 12698 13279 12696 
3 12297 11678 12289 
3 545 3902 1736 
3 8553 12217 8568 
3 12291 12479 12292 
3 11891 12290 11894 
3 11896 12479 12291 
3 13861 4329 2360 
3 11887 12099 12696 
3 10288 11264 11262 
3 13392 3711 5678 
3 9350 7301 9343 
3 7415 8347 7395 
3 13881 4532 2628 
3 11459 11906 12107 
3 4433 5228 1327 
3 3788 7066 3800 
3 12297 12302 11899 
3 12302 12484 11902 
3 1397 6682 2578 
3 7503 8593 4339 
3 12486 11908 12487 
3 8731 5062 5078 
3 12484 12915 11910 
3 11465 11910 12310 
3 12536 2628 4532 
3 11469 12311 12490 
3 12307 11469 12490 
3 2548 4373 6279 
3 8535 7485 8569 
3 12309 11697 12491 
3 13728 8781 13506 
3 7912 7927 10960 
3 12117 13110 12497 
3 2296 3266 6064 
3 13302 12494 12314 
3 11922 12317 12498 
3 11922 10855 12317 
3 3447 1231 68 
3 12119 12497 11925 
3 8329 7278 7305 
3 12321 12499 12121 
3 11923 12723 11706 
3 201 2590 1396 
3 11921 11924 10014 
3 9134 4715 10224 
3 11522 10905 10900 
3 10301 11264 10288 
3 4747 6649 3846 
3 12726 11710 12723 
3 4989 2217 4990 
3 12504 12320 12122 
3 13306 12320 12504 
3 6821 5861 7862 
3 6184 2131 12618 
3 46 13682 2346 
3 12326 11716 12505 
3 10014 11018 11921 
3 12551 11733 12549 
3 7096 2529 7100 
3 12740 12131 12331 
3 13038 13036 12843 
3 10995 13732 10031 
3 12326 12732 12129 
3 13230 13232 12845 
3 12517 12127 12730 
3 12127 12517 12333 
3 11924 10960 10985 
3 1131 1134 1191 
3 12533 13325 12535 
3 11489 12129 12131 
3 2583 3506 4399 
3 7941 8933 11900 
3 12126 11932 11713 
3 9448 8322 8329 
3 12332 11493 12522 
3 12522 12738 12332 
3 3540 3544 3869 
3 12519 13526 12513 
3 12063 12069 10816 
3 4794 6681 5764 
3 11935 12137 13130 
3 12522 12338 12530 
3 12137 11934 12335 
3 11495 12522 11493 
3 11936 12526 12533 
3 9770 10751 10731 
3 3799 4717 7442 
3 9419 8317 7283 
3 12534 11729 12342 
3 11729 12144 12342 
3 9419 7283 8286 
3 12539 11942 11731 
3 11943 12744 12142 
3 4315 70 13679 
3 13574 218 4932 
3 12539 11731 11950 
3 5090 5065 6904 
3 1872 7117 9280 
3 11112 10913 10904 
3 12538 12144 12150 
3 11455 11678 11901 
3 12747 12346 12943 
3 12532 12539 12941 
3 11113 11745 12157 
3 9817 1402 2240 
3 11329 12163 10923 
3 12151 11532 11951 
3 12349 12755 12539 
3 13650 13233 13441 
3 12541 12150 11520 
3 10243 10481 10023 
3 12541 11532 12151 
3 4621 4655 8619 
3 7049 9189 10341 
3 6769 5412 5431 
3 11013 10799 10577 
3 12551 12354 11733 
3 13499 4678 13719 
3 7692 7440 7441 
3 11334 9238 7082 
3 13701 287 268 
3 8538 7452 6411 
3 12551 12552 12354 
3 12349 12756 12755 
3 567 6752 13499 
3 12399 268 287 
3 11847 6894 10947 
3 6675 8429 6661 
3 4976 9186 9183 
3 12955 12158 12762 
3 10953 9951 13627 
3 13872 268 6491 
3 12358 12157 11959 
3 467 6201 9302 
3 13906 12915 13105 
3 12158 12161 12762 
3 6562 4572 6608 
3 12556 12360 11751 
3 1455 1518 1755 
3 11538 12164 11540 
3 11329 11962 12163 
3 12360 12762 12161 
3 7170 3230 13977 
3 2998 1872 9280 
3 12361 12556 11753 
3 4640 13928 4647 
3 6395 10353 9265 
3 6395 5086 10353 
3 12558 12165 12164 
3 11978 11344 11973 
3 12561 11967 12562 
3 1767 6078 4987 
3 1726 4488 5448 
3 4559 13711 356 
3 11345 12170 11139 
3 467 4293 6201 
3 12564 12769 12169 
3 3814 12613 12343 
3 4417 4418 1097 
3 12305 2366 6292 
3 12565 13355 12170 
3 11079 2858 2856 
3 13069 13680 13681 
3 11978 11973 13158 
3 11747 11101 11119 
3 11761 11147 11545 
3 10623 11475 10381 
3 10173 12981 9495 
3 9165 10279 4928 
3 689 11787 3582 
3 13948 13158 13359 
3 12875 13067 12876 
3 11147 11761 11760 
3 11546 12776 11548 
3 7884 13626 10929 
3 7043 4594 5799 
3 12370 12573 11551 
3 12368 11545 12773 
3 11551 11982 12370 
3 6394 7385 7378 
3 12779 12372 12575 
3 12578 12778 11983 
3 2237 4038 5954 
3 13864 183 13692 
3 12972 12580 11985 
3 4928 10279 6997 
3 12177 11353 12372 
3 13483 13888 442 
3 1308 8902 11722 
3 12375 11987 11988 
3 8047 4540 7030 
3 11991 12375 11988 
3 11777 12584 12586 
3 11711 1315 5110 
3 11514 11088 12341 
3 11993 12589 11992 
3 930 3916 3607 
3 12590 11785 12790 
3 11785 12382 12790 
3 12446 11423 12257 
3 12297 12703 13290 
3 11570 12594 11569 
3 11060 11071 12868 
3 12792 11570 12385 
3 12098 5592 2812 
3 12791 13172 12790 
3 11499 11495 10880 
3 7698 2187 6813 
3 6770 7796 9997 
3 8209 6200 10511 
3 9944 10400 10166 
3 13865 2493 240 
3 1378 13951 1383 
3 13708 13091 13713 
3 7265 8250 7294 
3 11796 12388 12001 
3 12187 12185 13383 
3 5670 1902 3778 
3 5987 6000 9136 
3 12187 13384 12390 
3 3124 3111 4960 
3 12006 12391 12608 
3 13787 13965 13579 
3 12786 12590 13584 
3 12001 12388 12798 
3 13498 7471 13528 
3 9136 7986 5987 
3 12820 3167 2246 
3 11376 12398 12192 
3 10362 10396 8394 
3 13106 13297 13907 
3 12192 12610 11376 
3 12129 11716 12326 
3 6719 8195 8943 
3 2785 849 2786 
3 11597 11595 11809 
3 12810 12196 11598 
3 8650 7548 8681 
3 6236 12477 11143 
3 406 5196 2407 
3 9800 10738 8657 
3 1161 114 3967 
3 2212 4561 5752 
3 8657 7575 9800 
3 1623 2855 2873 
3 10206 10215 10438 
3 13821 12623 13401 
3 12372 11981 12575 
3 11615 12020 11611 
3 10826 10824 10825 
3 10235 12618 4797 
3 10230 9134 10224 
3 11188 12189 12190 
3 2690 6633 410 
3 12628 13205 11826 
3 11826 12213 12628 
3 6524 4421 3372 
3 9333 6194 7193 
3 2611 2583 4399 
3 1435 5197 3355 
3 12028 12412 12215 
3 5230 5327 5407 
3 12830 12031 12631 
3 12122 11061 11273 
3 2641 6342 5411 
3 12692 7021 121 
3 12633 12032 12221 
3 12032 12219 12221 
3 12633 12413 12032 
3 12228 12835 13218 
3 12224 12226 12832 
3 11191 6948 4861 
3 13850 6179 13655 
3 410 454 2690 
3 12227 12418 12226 
3 9521 9585 8414 
3 11581 11582 10968 
3 12035 12225 12835 
3 4673 10882 1902 
3 6644 435 403 
3 10209 7961 4841 
3 12114 10209 4841 
3 12637 12640 12230 
3 5742 10944 11795 
3 12044 12847 13226 
3 12233 12232 13226 
3 12232 12044 13226 
3 6667 7531 4777 
3 12050 11844 12846 
3 11844 11845 12846 
3 12384 3916 9847 
3 4009 2194 5927 
3 12044 12421 12847 
3 2834 5123 3911 
3 13041 11014 12850 
3 4842 6948 6937 
3 2454 2474 2455 
3 12050 12645 12053 
3 13774 1726 721 
3 12235 12428 11412 
3 12427 12849 13235 
3 10200 10436 10888 
3 5030 1239 1249 
3 12856 12051 12432 
3 12849 12427 12428 
3 4842 6934 10203 
3 12059 12431 11855 
3 11855 12853 12644 
3 12430 12243 12245 
3 12243 12052 12054 
3 13438 12646 12423 
3 12431 12059 12433 
3 2466 2454 8353 
3 12251 12436 12245 
3 12054 12251 12245 
3 4610 1878 1834 
3 12043 2785 5592 
3 11527 8266 10552 
3 7853 4222 386 
3 12350 12751 12753 
3 5130 8772 323 
3 4406 5373 3528 
3 976 13922 3122 
3 12065 11865 12249 
3 6822 13298 12918 
3 12255 12444 12445 
3 13052 12432 13998 
3 6400 2454 2455 
3 10544 11617 10991 
3 3775 9043 10168 
3 12664 12444 12442 
3 12440 12873 12664 
3 13066 13071 12449 
3 12262 12449 13071 
3 12069 12448 11653 
3 11868 12665 12257 
3 11230 12872 12443 
3 1120 3945 2128 
3 13065 12449 12258 
3 12436 12251 13246 
3 11653 12448 12258 
3 12264 12077 12670 
3 12261 12262 12876 
3 13959 8792 1814 
3 12451 12454 12671 
3 12260 12262 12261 
3 12294 12706 12911 
3 12885 12265 12451 
3 12661 12446 12663 
3 12266 12454 12451 
3 12673 12882 12454 
3 12671 12454 12882 
3 33 3042 2094 
3 11874 11875 12266 
3 12268 12679 12463 
3 10068 10525 9456 
3 5915 10161 10170 
3 12463 12679 12895 
3 12464 12677 12456 
3 4102 4073 10142 
3 4399 3506 4395 
3 3372 4407 7536 
3 9036 5911 11125 
3 4399 4395 6297 
3 13161 12370 13163 
3 12679 12272 12681 
3 13328 3146 13760 
3 10830 9836 10820 
3 12273 12680 12687 
3 12900 13477 12272 
3 3120 4003 1194 
3 3019 6721 3933 
3 8786 11746 5655 
3 12900 12085 12278 
3 3039 4855 3025 
3 11105 402 6891 
3 13268 12890 13081 
3 12694 12693 12474 
3 12288 12095 12468 
3 2094 3042 3915 
3 13431 13639 13228 
3 8122 5053 7110 
3 12902 12472 12687 
3 12468 12279 12686 
3 13279 12277 12696 
3 12902 12475 12472 
3 10801 12481 9836 
3 2403 2346 13682 
3 10466 9412 10449 
3 12684 13090 12688 
3 3915 3015 2094 
3 12072 12074 11654 
3 8568 12217 11435 
3 11678 12297 11899 
3 13860 10394 110 
3 12914 12104 12106 
3 12294 12104 12914 
3 12299 12480 12479 
3 9457 6322 3157 
3 7098 10390 13239 
3 12105 12705 11686 
3 8214 798 8218 
3 5647 7628 7653 
3 12915 12484 13105 
3 9613 8506 8485 
3 11902 12484 11910 
3 8742 8766 4576 
3 13298 13297 12487 
3 12488 13109 12715 
3 12310 13109 12488 
3 12310 11910 13109 
3 12705 12913 12710 
3 3487 3494 2567 
3 12491 13731 12309 
3 13515 12919 13107 
3 12720 12311 12494 
3 13107 12919 12115 
3 12920 12312 11914 
3 12112 12309 12111 
3 3903 3912 3905 
3 3006 7560 3884 
3 4247 8344 6668 
3 11713 11710 12126 
3 5659 9723 13580 
3 12314 12315 12495 
3 4721 13900 4720 
3 10691 10692 11099 
3 9446 7309 8317 
3 2959 2962 4794 
3 11341 4173 832 
3 3264 3246 6043 
3 12502 12497 13309 
3 7297 7283 8317 
3 13804 4078 9966 
3 10132 3742 388 
3 6054 5549 5550 
3 11925 12497 12502 
3 9087 9076 5822 
3 13306 12504 13308 
3 8107 7852 8672 
3 6279 8003 6272 
3 13522 12508 12728 
3 886 10882 4673 
3 12731 12507 12506 
3 13174 12597 13379 
3 11918 11949 13751 
3 2574 6549 314 
3 12125 12513 11930 
3 6619 9856 7595 
3 13315 12731 12733 
3 13692 13465 13864 
3 6256 4307 4282 
3 4783 2968 2023 
3 13189 3700 5702 
3 12519 12513 12125 
3 12326 13317 12732 
3 12519 12125 11933 
3 3961 10365 10382 
3 13120 12335 12333 
3 5531 5854 4363 
3 9239 10365 3961 
3 12723 11710 11706 
3 235 2259 6017 
3 1432 1617 1622 
3 8059 2354 6836 
3 12134 12337 12524 
3 13879 3209 3058 
3 13833 13834 12835 
3 2217 4996 4990 
3 434 2765 3775 
3 4701 3787 3799 
3 11178 12386 11791 
3 5351 5337 8475 
3 13129 12533 12526 
3 4578 5627 1332 
3 12744 11935 13130 
3 12339 12529 11940 
3 13129 13325 12533 
3 11308 11740 12353 
3 12353 11950 11308 
3 4282 6299 80 
3 12535 13325 976 
3 12659 12248 11419 
3 8263 8548 7877 
3 12534 12342 13327 
3 11942 12539 12532 
3 9980 7912 10960 
3 12939 12147 12142 
3 12342 12144 12538 
3 3231 934 3236 
3 8232 7252 8211 
3 5047 6017 2259 
3 8954 4740 6800 
3 2031 4779 3862 
3 12538 12150 12749 
3 12151 13538 12945 
3 11993 12179 12588 
3 12355 11957 12155 
3 31 4279 2328 
3 13503 12703 13724 
3 12148 12345 11947 
3 2328 2309 31 
3 12941 12539 12755 
3 6786 328 3687 
3 10731 10751 10720 
3 2016 2048 9404 
3 11957 12355 12353 
3 12949 12552 12551 
3 12349 12353 12756 
3 11391 10553 11200 
3 12948 12756 12355 
3 1923 2861 3769 
3 7824 10040 7811 
3 2913 1958 4728 
3 13191 13190 3718 
3 6227 6256 4271 
3 12951 11747 12158 
3 12159 12358 12760 
3 2926 4729 5719 
3 12951 12155 11747 
3 10584 8271 9409 
3 8742 10845 8766 
3 9466 11338 9454 
3 12762 13146 12955 
3 12164 11538 12163 
3 2856 2833 1166 
3 12754 12023 13916 
3 12556 12361 12360 
3 6861 12833 2237 
3 1358 2335 1366 
3 12661 11865 12446 
3 11131 12078 10160 
3 12167 13354 13156 
3 7334 2070 3159 
3 9770 10784 10485 
3 5455 8623 7519 
3 8954 12923 5840 
3 6821 3722 370 
3 13153 12166 12560 
3 12167 12766 13354 
3 12165 13151 12766 
3 11275 7026 12218 
3 12167 13156 12564 
3 12165 12167 11540 
3 5719 8375 2926 
3 13355 12561 12562 
3 2440 9866 7016 
3 13344 1192 1185 
3 7548 8657 10738 
3 613 541 544 
3 5367 5451 5780 
3 8657 7548 5523 
3 9165 10281 10279 
3 12567 12568 12565 
3 13564 12561 13355 
3 12568 12567 11761 
3 12771 13158 13361 
3 13258 13463 13075 
3 537 4203 5747 
3 13871 240 8387 
3 8903 6783 8919 
3 7043 5799 7064 
3 12371 12370 11982 
3 311 9038 4163 
3 1314 1332 5627 
3 6662 11575 6689 
3 4024 1205 4978 
3 6438 10160 5519 
3 10125 9511 9910 
3 12582 11986 11987 
3 12586 12585 11777 
3 4694 5689 951 
3 96 3880 11744 
3 12736 4965 13748 
3 1442 13963 5382 
3 13964 12783 12374 
3 10747 11180 9855 
3 1923 5671 1935 
3 12378 12585 12586 
3 12179 12380 12977 
3 12380 12381 12786 
3 8007 8002 4910 
3 11172 12383 11571 
3 12588 12179 12977 
3 4468 8675 6536 
3 11328 11333 11330 
3 292 8970 4981 
3 6536 8675 9790 
3 9361 9707 9512 
3 10336 10889 5192 
3 12790 12382 12791 
3 12791 12382 12594 
3 12790 13586 12590 
3 6662 13284 11575 
3 5618 5611 1629 
3 10448 10466 10463 
3 1917 3787 3778 
3 412 4621 4597 
3 11581 12185 12187 
3 1917 928 1943 
3 11910 12915 13109 
3 12386 12602 12183 
3 2438 5217 2442 
3 12982 11789 11571 
3 12795 11998 11997 
3 12792 12597 13174 
3 7775 3648 6745 
3 12386 12001 12602 
3 11199 11185 10247 
3 7540 4418 8637 
3 1902 1917 3778 
3 11673 12085 11884 
3 12607 12990 12005 
3 12196 13187 12615 
3 599 652 693 
3 12607 11586 12190 
3 1851 542 3065 
3 13396 13192 13817 
3 12608 12995 12191 
3 11810 10286 11600 
3 4671 2856 2858 
3 12806 12809 11808 
3 11808 12191 12806 
3 11174 11997 11573 
3 3769 2857 6535 
3 11969 10056 13854 
3 12196 12810 13187 
3 13192 11597 12194 
3 11675 11452 11674 
3 8838 4669 5749 
3 13000 12012 12621 
3 12997 11595 11597 
3 12199 12013 12402 
3 13192 12194 13000 
3 7730 10946 8833 
3 11610 12020 12623 
3 188 199 2491 
3 13821 12816 12623 
3 11612 12403 12202 
3 13401 12020 13003 
3 1524 1405 1338 
3 12403 12818 12404 
3 7203 10542 5185 
3 13471 10658 8676 
3 2474 191 183 
3 6049 6052 5547 
3 13006 11818 11815 
3 242 3617 5749 
3 12819 13003 12206 
3 13203 12626 11819 
3 6344 4233 5266 
3 12252 13458 9648 
3 5272 12767 13564 
3 2615 11795 9928 
3 12628 13409 13205 
3 11828 12627 13206 
3 12410 12629 12825 
3 13013 12410 12825 
3 12629 13208 12825 
3 12412 12028 12216 
3 12410 12824 12629 
3 12215 12214 12027 
3 4671 2833 2856 
3 12412 12829 12215 
3 12631 12029 12828 
3 12633 13628 12413 
3 9956 6740 8868 
3 12250 9602 11464 
3 12633 12221 13023 
3 12412 12413 13628 
3 12830 12831 12034 
3 12224 12634 12221 
3 9315 7442 7454 
3 12224 12832 12634 
3 10643 10630 7613 
3 1425 3343 6993 
3 6074 9189 7049 
3 3078 5892 3081 
3 13030 12227 12639 
3 12230 12640 12037 
3 12039 12641 12420 
3 12706 12294 12914 
3 12040 12842 12231 
3 13028 12225 12417 
3 1997 2000 3846 
3 12645 12050 12846 
3 12846 11845 13433 
3 13046 12053 12645 
3 2692 2080 912 
3 13673 13061 13251 
3 9381 10414 10408 
3 9381 10408 6473 
3 4156 4450 4148 
3 12049 12053 13046 
3 927 2985 9781 
3 12423 12855 13438 
3 8387 240 6457 
3 13045 12850 12049 
3 12045 12643 12649 
3 3617 2615 9928 
3 3773 2752 5911 
3 4841 3813 13029 
3 11855 12431 12853 
3 9718 1249 1239 
3 12240 12045 12649 
3 13990 12240 12649 
3 12856 12432 13052 
3 8838 3617 12722 
3 13236 12857 12430 
3 10155 7375 431 
3 11615 11618 12206 
3 3078 3081 2128 
3 6226 6533 6230 
3 10805 11646 11029 
3 12435 12427 12654 
3 12659 12653 12248 
3 11659 8633 7540 
3 13051 12431 12433 
3 12226 12418 12636 
3 12432 12249 13998 
3 12435 12242 12427 
3 2204 13112 4188 
3 12651 13661 12434 
3 7695 7195 7091 
3 12249 11865 12661 
3 9951 13618 13627 
3 11868 11864 13057 
3 11862 13252 12433 
3 12439 11230 12443 
3 12440 12435 12869 
3 2447 4253 436 
3 13252 12439 12443 
3 12653 13057 11864 
3 5461 5465 2293 
3 12682 6725 2162 
3 11868 13061 12665 
3 4124 13448 2174 
3 12266 12673 12454 
3 12445 13056 12659 
3 13249 12659 13056 
3 5219 13555 13769 
3 12103 12104 12102 
3 12663 13851 12661 
3 12257 12663 12446 
3 12257 12665 12663 
3 13082 12884 12880 
3 12664 12873 12870 
3 12871 12664 12870 
3 12440 12664 12442 
3 7485 6497 8569 
3 11352 9302 6201 
3 13069 12668 12264 
3 1413 1346 1242 
3 12273 12082 12464 
3 13071 12876 12262 
3 13067 12669 12876 
3 13053 12433 13244 
3 13070 12670 12077 
3 12261 12669 11871 
3 12879 12881 12671 
3 12881 12885 12671 
3 8597 6508 6479 
3 13846 13448 4124 
3 3775 10168 6891 
3 5685 8773 8789 
3 13065 12448 13456 
3 12268 12673 12266 
3 12268 12463 12673 
3 12463 12674 12673 
3 5792 5776 11794 
3 13825 13623 13206 
3 10585 9605 11435 
3 12456 12676 12464 
3 8183 9178 9177 
3 7642 3985 7656 
3 12680 12464 12896 
3 12681 12895 12679 
3 12882 12879 12671 
3 11029 11646 11864 
3 4439 5402 5399 
3 5592 8242 2812 
3 12464 12082 12080 
3 7457 5395 3279 
3 13416 13419 3907 
3 2438 13186 5208 
3 12686 12689 12685 
3 5685 5679 8773 
3 12688 12468 12684 
3 7446 8522 7427 
3 5742 8833 10944 
3 13267 13473 13703 
3 4003 3120 7660 
3 12685 12684 12686 
3 4846 3018 3025 
3 12686 12690 12689 
3 7653 6660 6659 
3 13092 12903 13274 
3 5553 798 8214 
3 5873 2727 7872 
3 12429 12053 12049 
3 2521 199 13693 
3 2793 4608 1814 
3 1350 5307 7292 
3 8792 2793 1814 
3 12905 12474 12693 
3 12694 12281 12688 
3 13843 12171 13847 
3 9602 10573 8554 
3 12695 12289 12475 
3 11890 12475 12289 
3 3734 13396 7658 
3 12476 12474 12905 
3 8372 8370 8379 
3 12294 12909 12102 
3 12476 13097 12704 
3 6682 8800 2578 
3 5812 7076 10146 
3 11693 11266 10841 
3 12910 13497 12909 
3 11369 12187 12390 
3 12705 12704 12913 
3 2650 10366 4307 
3 4249 1446 5205 
3 6466 5544 3970 
3 12313 6740 257 
3 7940 7944 1493 
3 12494 12311 11055 
3 6270 3471 5329 
3 12486 13297 12711 
3 13107 12710 13506 
3 12487 13297 12486 
3 12307 12490 12713 
3 11382 9350 9343 
3 11816 11196 11820 
3 9177 6215 6130 
3 11914 11266 11693 
3 11914 12488 12920 
3 750 9216 4440 
3 3814 7481 946 
3 2529 519 7100 
3 12784 6617 3810 
3 13309 12497 13110 
3 4163 6082 5113 
3 2994 2053 4823 
3 7612 2843 521 
3 3638 7079 4549 
3 10948 12783 11777 
3 11927 12502 12505 
3 7975 8672 7852 
3 13312 12726 12723 
3 2131 11138 13656 
3 12507 13310 12506 
3 12567 12170 11345 
3 4823 2053 4804 
3 7473 13874 4550 
3 7609 7370 7865 
3 4720 13503 13724 
3 8084 1797 3961 
3 10382 8084 3961 
3 5449 1987 1906 
3 12733 11717 12330 
3 8183 9218 9205 
3 11491 12134 12330 
3 2725 6423 4550 
3 9239 3964 6107 
3 12332 12519 11933 
3 12156 11745 11534 
3 12332 12738 12519 
3 12524 12736 12134 
3 11572 10727 11364 
3 7708 6701 7735 
3 12847 6118 2120 
3 8444 3236 11583 
3 11180 11801 11367 
3 13539 13124 12530 
3 12530 12532 13539 
3 13130 12137 13126 
3 13889 13888 13484 
3 1478 1397 2578 
3 10149 6111 13842 
3 13670 13679 70 
3 9735 10768 9745 
3 13308 12508 13522 
3 13651 13439 4073 
3 12744 13130 13131 
3 6559 7607 4511 
3 4349 1007 1044 
3 6782 5431 7808 
3 3713 8985 7824 
3 4356 8897 4363 
3 9449 7309 9446 
3 12534 12943 12341 
3 13327 12943 12534 
3 11947 12345 12339 
3 12339 12143 11947 
3 12197 10448 10463 
3 10859 10854 10857 
3 415 6066 12574 
3 3438 1535 9931 
3 6644 403 4572 
3 11532 12541 11520 
3 12535 12151 11951 
3 3613 1745 3615 
3 12533 11946 11941 
3 5331 10644 7374 
3 5030 1249 5050 
3 12349 12539 11950 
3 7600 9837 7575 
3 12349 11950 12353 
3 3393 3599 3704 
3 12549 12350 12753 
3 1239 5030 5984 
3 12355 12756 12353 
3 13614 12999 13612 
3 13625 5877 7809 
3 6111 2044 13842 
3 9766 3065 4205 
3 9916 480 3417 
3 12553 12759 12156 
3 665 13671 7658 
3 12155 12951 12758 
3 11959 12156 12759 
3 10820 9836 12481 
3 1205 8197 2193 
3 13908 2876 696 
3 4504 1732 13786 
3 1740 4504 13786 
3 5474 5707 5578 
3 12760 13769 12554 
3 12419 11006 12841 
3 3384 3393 3704 
3 11962 12554 12557 
3 2902 1051 1045 
3 5863 10227 9114 
3 4486 5804 3598 
3 7803 11024 7813 
3 13655 4100 13441 
3 11563 8656 10720 
3 11972 13355 12562 
3 11863 11646 11857 
3 13162 1408 7306 
3 7011 11275 9165 
3 9894 6201 4293 
3 12767 12560 12561 
3 9158 6997 10279 
3 625 13907 4761 
3 13648 13642 2079 
3 12155 11536 11747 
3 2373 6299 12285 
3 6877 13514 13909 
3 10648 2224 3175 
3 13568 13363 12776 
3 4246 9566 7352 
3 8702 6536 9790 
3 12575 12174 12970 
3 12573 12370 13161 
3 9158 8007 4923 
3 8915 7796 3671 
3 9454 11305 10456 
3 12975 13579 12375 
3 5536 2013 5531 
3 8824 10842 10879 
3 547 551 4381 
3 11563 8646 8656 
3 4346 4448 4150 
3 9511 9907 9910 
3 6184 8045 2131 
3 9177 6135 8179 
3 4470 5436 1707 
3 13285 13097 13096 
3 12514 9854 10830 
3 12976 12975 11991 
3 12776 12772 13568 
3 11781 11992 13372 
3 12978 12977 12380 
3 2901 12559 4717 
3 4797 8133 10235 
3 10694 10686 10690 
3 13586 13584 12590 
3 2901 3799 1943 
3 13967 12586 12584 
3 13605 13180 13609 
3 11394 11002 10783 
3 8039 2044 2036 
3 11565 12592 12181 
3 12956 13346 13146 
3 12385 12597 12792 
3 9412 10466 10448 
3 12983 12982 12383 
3 12181 12592 13376 
3 11998 12795 12597 
3 5246 4191 6325 
3 10456 8466 9454 
3 12982 11571 12383 
3 1307 1160 1163 
3 9158 4923 6997 
3 12602 12001 12798 
3 12185 11793 13383 
3 4439 6326 3552 
3 10180 10639 9952 
3 11325 10383 10367 
3 12990 13179 12188 
3 7586 5558 5585 
3 13936 13769 12760 
3 12390 12800 12391 
3 13175 3370 1446 
3 10230 11199 7164 
3 4797 46 2291 
3 12797 13597 11793 
3 11908 12111 12487 
3 12190 12989 12607 
3 12994 12190 12189 
3 7046 10903 11462 
3 2595 1449 4642 
3 12993 12610 12192 
3 4452 12409 11720 
3 6524 7536 9758 
3 12806 13184 12809 
3 11591 12808 12010 
3 13650 9500 13637 
3 12997 12808 11591 
3 13193 12997 11597 
3 10836 11465 10838 
3 13187 13189 12615 
3 12809 12999 12810 
3 11597 13192 13193 
3 12192 12398 13391 
3 13190 12402 13189 
3 8209 10470 6200 
3 7089 1061 13080 
3 6529 10556 10535 
3 12816 13195 12621 
3 12817 12818 12403 
3 8131 11608 12204 
3 886 4673 6541 
3 9829 10715 9616 
3 1566 1555 5311 
3 5392 2611 6317 
3 11498 11935 11937 
3 12208 11816 11820 
3 12821 12208 13008 
3 13005 12821 13008 
3 13631 1065 11784 
3 4738 639 13900 
3 13652 2036 13841 
3 11022 11862 12059 
3 10169 5828 7093 
3 9414 10456 10449 
3 13012 12628 12213 
3 13008 13202 13005 
3 13196 12817 12403 
3 12412 13628 12829 
3 13208 12824 13206 
3 12824 11828 13206 
3 13208 12629 12824 
3 3342 13780 13664 
3 13652 13841 12857 
3 12213 12214 13411 
3 4673 5670 5644 
3 13411 12214 12215 
3 13227 13639 2003 
3 1181 4950 7829 
3 11703 11922 12925 
3 6548 4460 5517 
3 7901 7171 7397 
3 6207 13657 4189 
3 11830 12410 13013 
3 3536 4406 614 
3 13237 13233 13444 
3 12223 12417 12225 
3 5453 6806 3186 
3 11885 2021 3843 
3 13418 12417 12831 
3 12831 13022 13418 
3 13210 12631 12828 
3 11789 11577 11175 
3 11521 11341 832 
3 11841 12226 11001 
3 13205 12024 11824 
3 884 6541 4631 
3 13030 12418 12227 
3 11704 11057 11474 
3 13031 13030 13035 
3 12835 12225 13028 
3 12640 12641 12037 
3 8623 5455 5429 
3 13223 11397 12231 
3 10797 9906 10791 
3 11608 2387 928 
3 9539 9585 9521 
3 11606 12617 11607 
3 11210 13040 13039 
3 4869 1670 490 
3 614 2608 3536 
3 12245 12436 12656 
3 12083 12271 12080 
3 12234 11843 12848 
3 12853 13431 13228 
3 12845 13232 12849 
3 4920 8540 6784 
3 13071 13066 13858 
3 12849 12428 12235 
3 490 4873 4869 
3 6821 8985 3722 
3 3528 5369 5363 
3 419 4107 1724 
3 6465 6501 7501 
3 12857 12855 12243 
3 12420 13220 12842 
3 12236 12646 12238 
3 1378 7301 7306 
3 12243 12430 12857 
3 12841 12843 13036 
3 8664 9172 8932 
3 13236 12650 13450 
3 11260 10425 7476 
3 12650 12652 13450 
3 13246 12251 12434 
3 13241 12654 12427 
3 10619 1080 4513 
3 2098 2108 18 
3 13249 13057 12653 
3 7508 3932 1776 
3 3945 1120 5843 
3 1971 13428 13427 
3 13244 12433 13252 
3 12653 12659 13249 
3 11863 12653 11864 
3 12435 12440 12242 
3 9283 9845 9156 
3 13061 13057 13251 
3 13242 13998 12249 
3 11073 11286 11280 
3 6092 4628 3724 
3 12891 13083 12675 
3 12880 13072 13075 
3 13255 12871 12870 
3 2955 1612 2846 
3 12835 12228 12035 
3 6006 5905 5817 
3 7661 8794 5691 
3 13067 13068 12669 
3 12895 12674 12463 
3 12869 13062 12873 
3 12670 13069 12264 
3 13860 13686 13071 
3 13061 13856 12665 
3 12880 12881 13072 
3 11260 9329 9313 
3 12265 12885 12884 
3 3671 3667 2674 
3 12880 12884 12881 
3 12884 12885 12881 
3 13920 13318 13917 
3 2438 2442 6347 
3 12884 12453 12265 
3 12890 12675 13083 
3 12873 12440 12869 
3 13268 12892 12456 
3 12456 12893 13268 
3 12675 12890 12893 
3 13473 13267 12674 
3 12954 5873 7872 
3 12677 12893 12456 
3 12461 12891 12675 
3 12677 12459 12675 
3 12451 12671 12885 
3 12895 13088 13473 
3 6660 7653 7661 
3 12646 12647 12238 
3 11082 11302 11306 
3 798 5553 2770 
3 12893 12677 12675 
3 12883 12674 13267 
3 12681 13088 12895 
3 12901 13093 12902 
3 12553 12552 12950 
3 4606 12075 6492 
3 12899 12680 12896 
3 13839 13637 2027 
3 12685 12689 13091 
3 12687 12680 12899 
3 11754 13814 3734 
3 7427 6427 7446 
3 13727 4732 13726 
3 12464 12676 12896 
3 13477 12900 13275 
3 12901 12902 12687 
3 6662 9666 13284 
3 12688 12903 12694 
3 12903 13272 13274 
3 13482 13891 13713 
3 5329 540 2548 
3 4675 2639 8868 
3 12689 12690 13482 
3 13482 12690 12277 
3 12090 11677 12103 
3 12694 12903 12693 
3 13485 13481 13275 
3 10313 10353 11257 
3 3094 9912 8977 
3 10408 11257 10353 
3 13093 12695 12902 
3 12695 12475 12902 
3 13280 12284 12909 
3 2054 6695 4812 
3 3986 1837 7101 
3 12230 12037 10113 
3 7895 818 8026 
3 12910 12911 13497 
3 12476 13096 13097 
3 13098 12289 12695 
3 1238 3652 1252 
3 12911 12910 12909 
3 4923 4918 2843 
3 12294 12911 12909 
3 2127 4232 5331 
3 12290 12288 12704 
3 12707 12480 12299 
3 13290 12302 12297 
3 12704 13097 12913 
3 10882 11149 1902 
3 13806 12390 13384 
3 12498 2923 13516 
3 6257 519 4362 
3 12711 13297 13106 
3 11250 12110 12707 
3 10976 3440 3659 
3 4831 3884 1037 
3 13298 12487 12309 
3 4362 1906 3471 
3 11690 12111 11908 
3 8494 6564 6570 
3 13601 13604 13383 
3 7305 6306 7318 
3 12494 13302 12720 
3 7658 13817 5755 
3 12491 13733 13731 
3 1912 1950 3177 
3 7006 4939 4933 
3 12925 12491 11915 
3 12320 13113 12495 
3 6909 6024 13527 
3 5362 6393 8485 
3 7313 9227 9258 
3 12668 12076 12264 
3 3006 3884 4831 
3 9258 10325 10362 
3 13817 13195 5755 
3 13117 12730 12726 
3 9258 10313 10325 
3 8485 6393 8460 
3 3669 8356 2936 
3 12474 12476 12288 
3 13315 12507 12731 
3 10577 9907 11013 
3 1541 3438 5292 
3 12728 11930 12513 
3 802 13312 13307 
3 13749 12513 13526 
3 7374 5337 5331 
3 11013 9907 9708 
3 12546 8524 10210 
3 436 8946 2447 
3 2232 5968 3164 
3 12554 11962 12159 
3 5116 7148 7162 
3 12524 13123 4965 
3 3638 13845 7079 
3 3377 13566 13948 
3 4965 12736 12524 
3 6491 2521 13872 
3 7104 980 991 
3 9930 3654 1877 
3 12335 13125 13126 
3 12520 5097 12482 
3 13744 13523 13309 
3 13766 13551 1121 
3 2131 13639 11138 
3 8200 9178 8203 
3 12335 13126 12137 
3 7030 11071 8047 
3 12339 13127 12529 
3 12339 13326 13127 
3 4804 7562 4823 
3 12337 13127 12524 
3 12524 13127 13123 
3 13518 8876 2923 
3 4642 4632 2595 
3 6608 2613 4559 
3 12744 13131 12939 
3 13412 12633 13414 
3 12532 12941 12937 
3 12945 13538 13328 
3 12147 12939 12751 
3 13330 12747 12943 
3 12541 12945 12749 
3 13213 9932 13022 
3 3534 142 5661 
3 13134 13761 12751 
3 12544 11528 12545 
3 12751 13137 12753 
3 13789 7407 13968 
3 5627 4578 9883 
3 7378 8426 6382 
3 12949 13140 13551 
3 13549 13140 12549 
3 6067 7812 9744 
3 8989 10031 7981 
3 9250 9384 9533 
3 13549 13137 1095 
3 13063 9847 923 
3 9408 8286 7247 
3 13342 11959 12759 
3 13768 13342 12759 
3 12758 12951 13143 
3 2293 2283 12946 
3 13213 13827 3882 
3 9408 8266 11527 
3 5117 5134 10470 
3 12868 12836 11060 
3 11985 12578 11983 
3 13623 5877 12825 
3 13227 2003 6080 
3 5732 2834 5714 
3 12762 12360 12956 
3 12959 13346 12956 
3 13153 12763 12166 
3 860 4631 837 
3 8232 10288 10295 
3 10170 1621 5915 
3 11977 6441 7599 
3 13198 13617 756 
3 12561 13564 12767 
3 5054 5053 8122 
3 9258 9227 9214 
3 13356 13355 12565 
3 9182 8240 10288 
3 12568 11761 12368 
3 9182 10288 8232 
3 13365 13366 12779 
3 12984 12982 12985 
3 13361 12772 12570 
3 6535 1878 5622 
3 13363 12174 12776 
3 7550 10528 7561 
3 10415 2972 2970 
3 6344 7324 8414 
3 8383 6325 5285 
3 12370 12371 13163 
3 13165 12578 12580 
3 12580 13166 13165 
3 13664 3339 3342 
3 2900 5711 4728 
3 12972 11986 12973 
3 13960 12374 12780 
3 689 3582 5422 
3 13624 13826 13621 
3 3214 3215 3221 
3 12582 11987 13579 
3 11873 11872 11661 
3 5671 4694 1935 
3 1460 436 4253 
3 5576 13423 13633 
3 1489 5784 2643 
3 13127 12337 12529 
3 12976 11991 11781 
3 11781 13372 12976 
3 13372 11992 12589 
3 12588 12589 11993 
3 12380 12786 12978 
3 4470 675 3570 
3 12786 12381 12590 
3 13376 12788 12181 
3 7110 8259 7098 
3 11777 12585 11778 
3 7613 10630 5274 
3 11995 12181 12788 
3 12592 13169 13376 
3 3577 10059 12550 
3 12983 13589 12982 
3 12791 13173 13172 
3 12789 13169 12592 
3 10690 10686 9676 
3 2676 343 7824 
3 7309 9457 3157 
3 1090 5145 2093 
3 12385 11998 12597 
3 3218 3361 5208 
3 38 13851 13674 
3 13825 2021 11885 
3 12986 12794 12602 
3 3664 13809 1641 
3 12390 12391 11802 
3 2278 8259 7110 
3 12602 12798 12986 
3 3788 4907 2699 
3 3081 6447 2128 
3 8744 7926 8191 
3 12811 10029 6980 
3 8350 3159 6303 
3 12388 12186 12987 
3 13177 12388 12987 
3 12187 13383 13384 
3 9952 10639 11279 
3 13473 13088 13884 
3 10247 7164 11199 
3 12186 12188 13179 
3 5113 2292 4163 
3 3961 2925 9239 
3 4180 7297 7309 
3 12190 12994 12989 
3 3137 2919 3560 
3 12994 12991 12989 
3 12995 12806 12191 
3 3985 124 3999 
3 1812 8087 5015 
3 8989 8979 10031 
3 3110 2179 3111 
3 13612 12809 13184 
3 13785 13773 13774 
3 13190 13191 12402 
3 9414 10449 9412 
3 12617 13194 12620 
3 8233 6225 6229 
3 13392 13391 12398 
3 12402 13191 12199 
3 7252 8245 7265 
3 10995 10031 8979 
3 10995 8979 8968 
3 12624 12818 13198 
3 12624 12625 12818 
3 6151 3355 5197 
3 7628 9869 9885 
3 3461 925 12566 
3 7494 8110 7363 
3 6765 622 12742 
3 13198 13400 13617 
3 10244 5975 5981 
3 386 4222 387 
3 11299 11389 1902 
3 9124 6194 10484 
3 9333 10484 6194 
3 5137 6194 9124 
3 11598 12809 12810 
3 12627 12626 13011 
3 13408 13012 13621 
3 13408 13409 12628 
3 13208 13623 12825 
3 11193 1419 2391 
3 10881 11074 10878 
3 12215 12829 13411 
3 13017 12631 13210 
3 5448 8128 5458 
3 7283 7297 6273 
3 4226 13657 6207 
3 2187 7829 4950 
3 12631 13017 12830 
3 13738 13911 13737 
3 10170 11159 1621 
3 12636 12832 12226 
3 1407 1414 6131 
3 2415 13689 131 
3 13203 13404 1806 
3 12636 13024 12832 
3 6740 9956 8818 
3 13425 13427 12637 
3 13418 13028 12417 
3 1986 3142 3135 
3 12832 13024 12634 
3 5953 9104 7968 
3 12636 12418 13026 
3 13800 3579 13590 
3 13425 12637 13218 
3 12419 12837 12638 
3 13035 12639 12638 
3 12639 13035 13030 
3 1770 1797 9220 
3 6797 1888 6953 
3 12837 13035 12638 
3 12637 12641 12640 
3 2422 3422 4460 
3 12420 12842 12040 
3 13038 12843 12041 
3 13035 13421 13031 
3 12755 12756 12947 
3 12041 11397 13223 
3 12233 13226 13044 
3 8097 11153 10224 
3 12845 13041 13230 
3 13041 12845 11852 
3 12645 12846 13042 
3 12233 12643 12045 
3 7247 7283 6273 
3 13044 8039 12233 
3 12643 12233 8039 
3 5792 7725 756 
3 13231 12850 13045 
3 12049 13046 13045 
3 13039 13040 13227 
3 12854 12856 13047 
3 13438 12855 13439 
3 12644 12853 13228 
3 12853 12431 13051 
3 13431 12853 13051 
3 12651 12647 12860 
3 6258 3130 8290 
3 12430 12650 13236 
3 7028 2874 3910 
3 12615 12402 12013 
3 13053 13051 12433 
3 11406 13989 11410 
3 8800 7703 7730 
3 13661 12651 12860 
3 8597 6479 7474 
3 242 5749 2621 
3 12435 12861 12864 
3 12656 13243 12658 
3 4879 1127 2116 
3 12864 12869 12435 
3 13445 13998 13242 
3 12495 12318 12320 
3 7045 1925 747 
3 12444 12871 13056 
3 6959 365 2364 
3 6682 4600 4602 
3 12444 13056 12445 
3 7485 8535 7446 
3 4282 80 4271 
3 13255 13056 12871 
3 12149 11208 10233 
3 13456 13066 13065 
3 13686 12875 13071 
3 8879 2307 2343 
3 12875 13068 13067 
3 1096 1105 3039 
3 12580 12578 11985 
3 6494 8387 8400 
3 11819 12626 11197 
3 9951 10953 8913 
3 12879 13077 13073 
3 13073 13072 12879 
3 12881 12879 13072 
3 1736 8024 3910 
3 13079 13077 13267 
3 9094 8075 5841 
3 1736 4939 8024 
3 12879 12882 13077 
3 11082 11506 11302 
3 3112 7243 6245 
3 13082 13083 12891 
3 4179 11711 5110 
3 610 659 730 
3 12884 13082 12891 
3 12883 12673 12674 
3 7884 11847 13626 
3 5398 5389 7451 
3 12892 12676 12456 
3 1878 6535 1881 
3 8897 11832 8901 
3 12779 12575 12970 
3 5006 9627 5958 
3 5003 5004 3960 
3 12674 12895 13473 
3 5828 11121 9087 
3 13268 12893 12890 
3 13476 13089 12685 
3 13354 13352 13563 
3 12273 12464 12680 
3 13890 12899 13886 
3 12684 13089 13090 
3 13272 13712 13274 
3 12688 13090 12903 
3 7210 7234 7214 
3 3929 3728 3626 
3 6275 7243 4161 
3 830 2035 10609 
3 13090 13272 12903 
3 3396 13954 13783 
3 12689 13482 13091 
3 7452 7451 6411 
3 13560 5232 5242 
3 13092 12693 12903 
3 12180 8106 6207 
3 551 5480 11562 
3 13093 12901 13278 
3 3269 1304 5090 
3 12277 13277 13482 
3 13488 12278 13280 
3 13488 13485 13275 
3 13493 12905 13092 
3 9733 11754 4635 
3 13098 12695 13895 
3 13608 1629 2141 
3 4729 1986 4739 
3 13277 12277 13279 
3 6020 2279 6042 
3 10990 5784 9997 
3 12610 12994 12189 
3 1972 6617 12784 
3 13279 12908 13286 
3 12559 12784 3810 
3 5669 3557 7671 
3 9365 8226 5159 
3 13097 13289 13294 
3 13292 13726 12706 
3 10731 8656 7716 
3 13102 13291 12480 
3 13102 12480 12707 
3 7214 10511 6200 
3 11983 12778 12176 
3 11602 3279 5360 
3 12484 12302 13290 
3 7193 4070 6208 
3 13106 12914 12711 
3 12508 11930 12728 
3 13103 12110 12713 
3 13103 12707 12110 
3 13294 13506 12710 
3 13510 12713 12490 
3 493 4873 490 
3 3101 7234 1966 
3 8493 6411 5362 
3 7658 13396 13817 
3 6306 5246 7318 
3 12920 12488 12715 
3 9770 9780 10784 
3 386 5100 1391 
3 11063 11274 11706 
3 12926 11923 12312 
3 9921 8869 12606 
3 12967 10715 11768 
3 13307 11923 12926 
3 2262 1257 6867 
3 2145 4506 7024 
3 8493 5362 8485 
3 8462 8613 8458 
3 2226 1235 3164 
3 2246 1258 9820 
3 12728 12513 13749 
3 3884 4787 2973 
3 6211 13932 13849 
3 5965 5959 6850 
3 7675 13691 5755 
3 12734 12517 13918 
3 11995 12383 11172 
3 13317 12331 12732 
3 9587 11396 8556 
3 13526 12519 13752 
3 13120 13530 13125 
3 12734 13120 12333 
3 8872 6901 8889 
3 4043 6163 9308 
3 13317 13523 8937 
3 13535 13129 12526 
3 12740 13535 12526 
3 13130 13126 13537 
3 2310 3281 5120 
3 12530 13124 12522 
3 12937 991 13539 
3 5954 6861 2237 
3 5329 6272 6270 
3 4030 7149 7148 
3 10448 12197 10518 
3 12937 13132 5127 
3 12947 5155 13547 
3 13322 13537 13126 
3 13328 12749 12945 
3 12755 13132 12941 
3 12109 7943 12100 
3 13137 12751 13761 
3 13342 12358 11959 
3 13549 12753 13137 
3 12950 12949 13551 
3 5950 6948 4842 
3 13338 12756 12948 
3 13553 13344 1185 
3 12949 12551 13140 
3 7280 6303 5223 
3 12758 13141 12948 
3 12552 12949 12950 
3 6353 9242 9218 
3 5453 11226 1888 
3 12950 13340 12553 
3 12584 11777 12783 
3 12948 12355 12758 
3 5015 1816 1812 
3 2979 9284 8154 
3 13143 13345 13344 
3 1179 13768 1165 
3 12951 12955 13345 
3 1186 868 651 
3 11751 11752 12556 
3 12557 13769 13555 
3 12958 12558 12557 
3 13345 13146 13557 
3 13345 1192 13344 
3 5697 11056 11071 
3 11972 12170 13355 
3 4561 3154 4583 
3 13149 13346 12959 
3 12833 6861 12865 
3 12560 12767 13153 
3 1794 13407 13622 
3 12442 12444 12255 
3 6949 7300 6683 
3 7300 6815 6683 
3 7320 4200 10645 
3 1647 13612 13184 
3 13184 13809 1647 
3 149 12742 13510 
3 7204 7189 6190 
3 7336 2503 3430 
3 13359 13158 11973 
3 3926 5084 6445 
3 8366 7318 5246 
3 12967 13159 12773 
3 12969 12573 13161 
3 7098 3980 10390 
3 13365 12970 13162 
3 12580 12972 13166 
3 13363 13162 12970 
3 13363 12970 12174 
3 1612 3508 1601 
3 1797 8084 9220 
3 465 437 359 
3 6325 8383 8366 
3 13133 27 4343 
3 13960 12780 13366 
3 12973 13166 12972 
3 8104 6108 7101 
3 12570 12771 13361 
3 13964 12584 12783 
3 8968 8979 7967 
3 10020 10239 10236 
3 4912 3967 5872 
3 12589 12588 13582 
3 12588 12977 13582 
3 12977 13791 13582 
3 146 5927 2194 
3 12978 12786 13583 
3 13371 12787 12378 
3 11250 12707 11248 
3 5724 4733 967 
3 12372 12779 12780 
3 13371 13169 12787 
3 13371 12378 1504 
3 13586 12790 13172 
3 13173 12791 12594 
3 13584 13583 12786 
3 13588 12983 11995 
3 13378 13173 13174 
3 1972 12700 2926 
3 13176 13592 12795 
3 13592 12597 12795 
3 12582 13579 13963 
3 3994 11766 1353 
3 12 13851 38 
3 11641 12049 11016 
3 13579 13965 13963 
3 7664 2187 4950 
3 6769 6782 7754 
3 12794 12986 13176 
3 9665 9193 9071 
3 3167 4979 4993 
3 7872 2727 5869 
3 13386 13179 13180 
3 12731 11714 11485 
3 12186 13179 12987 
3 12991 13180 12989 
3 13180 12990 12989 
3 13179 12990 13180 
3 2440 2447 4258 
3 388 5873 10132 
3 3920 13419 13832 
3 11529 12354 11534 
3 9239 2925 3964 
3 13386 13382 12987 
3 7064 5799 7067 
3 10247 11185 5902 
3 12119 12117 12497 
3 13390 13184 12995 
3 1751 464 5316 
3 12800 13183 12608 
3 8336 8306 10284 
3 12993 13391 1640 
3 13392 12808 13393 
3 12010 13392 12398 
3 12010 12808 13392 
3 1181 118 3988 
3 12995 13183 13390 
3 6668 4251 3083 
3 6912 9710 8737 
3 7227 7294 2804 
3 13817 13192 13000 
3 13396 13193 13192 
3 3342 9831 7002 
3 12810 12999 13187 
3 12813 12620 13194 
3 25 12617 13191 
3 4459 7965 4435 
3 1166 2833 4637 
3 7358 2173 3982 
3 12622 12200 12813 
3 12403 12622 13196 
3 13196 13400 12817 
3 3779 13003 12819 
3 10588 1257 2262 
3 12625 12624 11815 
3 13199 11815 12624 
3 7474 7451 7452 
3 13196 13615 13400 
3 1794 13202 13008 
3 895 13530 13918 
3 13011 12626 1806 
3 12997 13193 13814 
3 7305 7278 6285 
3 12368 12773 13159 
3 5815 9094 5841 
3 12825 5877 13013 
3 3611 1615 5611 
3 4879 4903 77 
3 10612 10838 10841 
3 4595 3544 5679 
3 13820 13195 12816 
3 7164 10247 3641 
3 13022 13017 13213 
3 13133 4343 3463 
3 13703 13473 13878 
3 6617 5703 3810 
3 8259 12981 8138 
3 10325 11257 10362 
3 8563 8417 7886 
3 13419 13024 13026 
3 1142 5871 3950 
3 12636 13026 13024 
3 10498 12887 4887 
3 13502 13898 497 
3 4987 6078 7049 
3 13210 13827 13017 
3 13028 13833 12835 
3 13016 5142 12460 
3 8290 3130 10609 
3 12440 12253 12242 
3 13124 12738 12522 
3 12837 13421 13035 
3 11972 12562 11971 
3 12419 13036 12837 
3 4966 7048 4976 
3 12641 13427 13220 
3 13222 13223 12842 
3 13223 12231 12842 
3 13224 13038 12041 
3 2132 1142 3946 
3 12641 12039 12037 
3 8218 818 7327 
3 13040 13228 13227 
3 1375 1316 1386 
3 13230 13041 13648 
3 13041 13231 13648 
3 6610 9648 5289 
3 13042 12846 13838 
3 2876 4819 696 
3 4894 3067 5856 
3 13226 12847 13645 
3 12234 12848 13430 
3 12234 13430 12421 
3 5142 13016 11193 
3 12645 13042 13046 
3 3051 74 4894 
3 3497 2703 1601 
3 13439 12855 13841 
3 12855 12857 13841 
3 13421 12837 13633 
3 13047 12856 13052 
3 5003 3960 8020 
3 7501 6497 7485 
3 9214 9242 10313 
3 12082 11882 12083 
3 11285 11075 11493 
3 6371 2415 131 
3 13245 12249 12661 
3 5843 1120 6736 
3 6736 1120 5686 
3 13932 13246 13661 
3 13242 12249 13245 
3 13245 12661 13851 
3 5577 13983 3611 
3 9980 10947 6894 
3 13251 13057 13249 
3 3042 2119 3943 
3 1120 58 5686 
3 8075 3566 5841 
3 13452 12864 12861 
3 6579 7600 7575 
3 5142 11193 2391 
3 12665 13674 12663 
3 7011 7026 11275 
3 13669 678 9767 
3 12665 13856 13674 
3 7511 7615 6921 
3 12870 13257 13255 
3 8806 7671 7708 
3 13029 6923 13025 
3 13617 5792 756 
3 13976 13796 13590 
3 7375 10155 2812 
3 13684 12670 13070 
3 13463 13258 13073 
3 13260 13463 13073 
3 11233 11235 11884 
3 13260 13073 13078 
3 6787 13811 7086 
3 13680 13069 12670 
3 13868 13696 13466 
3 7927 8945 10985 
3 13264 13082 13466 
3 13075 13072 13258 
3 13264 13697 13081 
3 9835 11163 11161 
3 3013 5097 3018 
3 6385 6402 8200 
3 3019 3933 2093 
3 3019 2093 1070 
3 12883 13267 13077 
3 13268 13081 13266 
3 10373 11318 9330 
3 13203 1806 12626 
3 10396 10408 10414 
3 13268 13266 13472 
3 13269 12676 12892 
3 12896 12676 13269 
3 9342 9887 9484 
3 13476 12685 13091 
3 12901 12899 13278 
3 12610 12993 12994 
3 12975 12375 11991 
3 4752 13906 639 
3 13089 12684 12685 
3 9038 13754 13924 
3 9094 5815 11103 
3 9745 8703 9735 
3 13891 13482 13487 
3 13482 13277 13487 
3 3557 5709 10453 
3 9136 6000 4910 
3 13486 13092 13484 
3 13951 1401 1383 
3 13895 13093 13278 
3 13494 13285 13096 
3 13721 13719 13490 
3 2643 5784 7776 
3 2296 292 3266 
3 6695 4370 3015 
3 13285 13494 13898 
3 13721 13490 13279 
3 13291 13287 13286 
3 2289 2292 6045 
3 13286 13499 13721 
3 13289 13097 13285 
3 6200 7210 7214 
3 13098 13895 13496 
3 12698 12908 13279 
3 13518 13520 4887 
3 13294 13289 13725 
3 7984 5987 7986 
3 13726 12911 12706 
3 12617 12199 13191 
3 13294 12913 13097 
3 323 6082 4163 
3 13292 12706 13904 
3 13102 13103 622 
3 12706 12914 13904 
3 13294 12710 12913 
3 8898 3662 7782 
3 13103 12713 622 
3 4873 5987 7984 
3 13290 13503 13900 
3 11208 4884 10233 
3 10438 10215 10444 
3 13512 13109 13906 
3 12183 12602 12794 
3 13512 12715 13109 
3 13510 12490 13513 
3 8656 10731 10720 
3 264 6017 269 
3 2929 2811 3263 
3 12918 12309 13731 
3 8749 9194 4316 
3 622 12713 13510 
3 9780 10873 10784 
3 13302 12314 13735 
3 13735 12314 13738 
3 13685 13245 2239 
3 2273 6043 3246 
3 10225 11204 5977 
3 9320 7192 5122 
3 12232 12233 11846 
3 11846 12233 12046 
3 9458 9309 9184 
3 6936 7818 6104 
3 13740 13113 13306 
3 12499 12321 13518 
3 8742 6623 6605 
3 5975 4861 4865 
3 13309 13736 2924 
3 13312 12723 13307 
3 2908 2905 4726 
3 12061 11104 7413 
3 12734 12333 12517 
3 12343 13348 3814 
3 13117 12726 13312 
3 8490 6419 7427 
3 12326 12505 13523 
3 239 5040 3201 
3 6948 5950 4861 
3 1037 3884 2973 
3 12730 13117 13918 
3 7686 4602 5691 
3 7024 4506 10084 
3 13120 12734 13530 
3 8490 7385 6394 
3 13318 12331 13317 
3 12818 12625 12404 
3 13523 13317 12326 
3 13318 12740 12331 
3 12519 12738 13752 
3 1071 13464 5192 
3 12738 13124 13321 
3 13221 13250 12359 
3 13535 12740 13318 
3 5776 3771 7683 
3 13261 13341 3367 
3 7695 7091 7570 
3 11929 7120 10970 
3 13427 13425 5656 
3 1364 1342 12368 
3 13325 13129 13535 
3 13220 12420 12641 
3 1350 1383 1347 
3 4488 1726 709 
3 5756 13194 25 
3 12246 9747 2085 
3 13045 13642 13231 
3 6200 10470 5134 
3 1070 7523 2994 
3 3813 6923 13029 
3 6923 4838 12109 
3 12345 13540 13326 
3 12941 13132 12937 
3 12538 12749 13926 
3 13926 12749 13328 
3 8456 4831 10556 
3 13134 9145 13761 
3 12346 12747 12545 
3 5926 5294 5680 
3 13326 12339 12345 
3 12151 12945 12541 
3 13132 12755 13547 
3 13137 13761 1095 
3 6682 4602 7686 
3 13764 13551 13140 
3 13582 13373 12589 
3 13970 13789 12976 
3 13338 12947 12756 
3 8157 2999 2998 
3 13340 13766 1165 
3 13553 13141 12758 
3 5675 10079 7007 
3 13810 1604 1280 
3 12451 12265 11872 
3 1008 3854 4788 
3 3296 13558 13149 
3 13769 12557 12554 
3 13146 12762 12956 
3 13348 4741 3814 
3 2765 9051 9045 
3 7128 9284 5087 
3 13146 13346 13558 
3 13557 13146 13558 
3 11071 8013 5697 
3 11602 9709 3279 
3 13558 13346 13149 
3 6900 6020 6042 
3 12959 12763 13149 
3 11973 12769 13359 
3 11693 12310 12488 
3 9357 690 13296 
3 1858 1860 1717 
3 13725 13728 13294 
3 12766 13776 13352 
3 5448 5458 721 
3 12375 13579 11987 
3 5137 9124 754 
3 3397 2378 2382 
3 6659 6660 4600 
3 2962 11309 1045 
3 5911 9036 3773 
3 4602 6660 5691 
3 13352 13354 12766 
3 13156 13563 13777 
3 12769 13777 13359 
3 6782 7808 10839 
3 2926 8375 1972 
3 12568 12368 1342 
3 8104 8093 6108 
3 12797 13594 13597 
3 10877 11489 10652 
3 4038 4024 4991 
3 5941 4991 4024 
3 5689 2905 951 
3 13972 5477 13583 
3 12371 13364 13163 
3 13161 13163 13573 
3 1434 13957 13165 
3 13791 12978 3519 
3 12273 12687 12086 
3 5915 3773 10161 
3 13166 1434 13165 
3 12374 13960 13961 
3 3351 1350 1347 
3 13356 13564 13355 
3 4979 12748 7698 
3 12468 12688 12281 
3 13605 13602 13382 
3 8946 2445 2447 
3 12584 13964 1479 
3 10842 9854 12514 
3 12472 12088 12687 
3 7983 12811 6980 
3 11447 11231 11439 
3 5882 9015 10140 
3 12289 13098 12703 
3 4757 2651 4778 
3 3273 3439 4583 
3 12983 13588 13589 
3 12789 12787 13169 
3 11816 12208 12821 
3 522 2581 4205 
3 13588 11995 12788 
3 1720 6855 3752 
3 675 4470 1707 
3 11665 12804 11679 
3 13379 12597 13592 
3 10640 7334 8350 
3 4435 2038 7208 
3 12984 12985 12797 
3 12795 12794 13176 
3 7882 7143 7262 
3 946 4700 1938 
3 13592 13380 13595 
3 13380 13592 13176 
3 11627 6084 50 
3 13381 12798 13177 
3 13176 13381 13380 
3 12986 13381 13176 
3 13381 12986 12798 
3 6116 8813 1373 
3 13601 13383 13597 
3 9836 10830 8779 
3 2054 3879 12396 
3 4003 7845 1194 
3 13382 13381 13177 
3 5754 7041 7064 
3 4848 13300 1649 
3 13382 13386 13605 
3 13382 13177 12987 
3 13619 6178 13654 
3 13606 1615 13802 
3 1917 1902 11389 
3 13386 13180 13605 
3 13384 13383 13604 
3 3901 13795 7011 
3 4249 1445 1446 
3 13386 12987 13179 
3 12710 13107 11911 
3 1317 4163 2292 
3 12222 11608 8131 
3 13936 13768 1179 
3 11741 6334 2641 
3 2900 1914 2870 
3 8200 9195 9178 
3 13514 13107 13909 
3 4439 3552 3562 
3 12993 13608 12991 
3 12464 12080 12677 
3 12252 6610 6607 
3 12057 9015 9018 
3 13393 12808 12997 
3 13183 12995 12608 
3 2141 1615 13606 
3 9098 13099 9125 
3 2857 3769 2861 
3 25 13194 12617 
3 519 2529 13374 
3 4920 2162 77 
3 13615 13196 12622 
3 7711 12813 13194 
3 12335 13120 13125 
3 10801 9836 9813 
3 8953 10029 10014 
3 12817 13198 12818 
3 3552 6326 6324 
3 4729 2926 12700 
3 4729 12700 3142 
3 13400 13198 12817 
3 10995 7941 11900 
3 12821 13005 13200 
3 13006 11815 13402 
3 12819 12206 13200 
3 3528 3508 1612 
3 9432 1479 13964 
3 2904 13735 4849 
3 13005 1787 13200 
3 1732 9833 13786 
3 6535 2857 1881 
3 13963 3453 7353 
3 11179 11367 11796 
3 13011 13406 12627 
3 13206 13623 13208 
3 13205 13409 13407 
3 13411 13624 13012 
3 13602 13802 13380 
3 13625 13013 5877 
3 77 1127 4879 
3 1839 13411 12829 
3 4920 77 4903 
3 13414 12633 13023 
3 12633 13412 13628 
3 33 12527 2119 
3 7941 8968 6928 
3 11686 11683 12105 
3 12744 11943 11935 
3 7941 10995 8968 
3 13214 13023 13024 
3 13023 12634 13024 
3 12461 12675 12459 
3 6400 2455 2428 
3 13831 13028 13418 
3 13832 13419 13026 
3 9432 516 1479 
3 6221 5018 6290 
3 13423 3937 13421 
3 2259 1258 6004 
3 4410 4615 4614 
3 12545 12348 12346 
3 13425 13834 5656 
3 12399 12392 268 
3 1545 6800 4740 
3 12283 12286 9393 
3 13428 13220 13427 
3 13428 12842 13220 
3 13428 13222 12842 
3 13836 13038 13224 
3 13633 13036 13038 
3 5953 13336 4848 
3 13833 13831 7867 
3 13039 13227 12848 
3 13248 2225 13243 
3 13643 13650 13637 
3 13042 13429 13045 
3 13453 13852 13454 
3 13533 959 976 
3 13649 12854 13047 
3 6542 8657 5523 
3 13044 13226 13842 
3 13433 12854 13649 
3 11621 10794 10768 
3 10358 10604 10600 
3 13433 13838 12846 
3 4976 3928 4966 
3 9766 10768 10794 
3 12646 13438 12647 
3 13238 12860 12647 
3 12807 2908 2915 
3 5989 3175 1240 
3 12142 12744 12939 
3 12643 13652 13236 
3 13958 5359 3413 
3 12716 8933 10953 
3 13237 13444 13657 
3 13452 13241 13112 
3 12692 12718 4721 
3 13843 13847 13444 
3 12649 13236 13450 
3 13625 12828 13013 
3 13242 13245 13448 
3 13932 13248 13246 
3 13932 2225 13248 
3 12656 13248 13243 
3 6299 4282 4307 
3 13661 13849 13932 
3 3921 2874 7028 
3 13445 13052 13998 
3 13668 12448 13988 
3 13254 13665 13853 
3 3588 4715 9134 
3 13452 13665 12864 
3 13441 13237 13660 
3 13668 13456 12448 
3 13457 13254 13853 
3 13856 13061 13673 
3 1853 6092 3724 
3 13667 46 4797 
3 13251 13677 13673 
3 13073 13258 13072 
3 8578 8597 7474 
3 13255 13257 13861 
3 13062 13459 12873 
3 2846 1612 1601 
3 3901 7011 9165 
3 12873 13459 13257 
3 4603 4610 8863 
3 13688 13684 13068 
3 3528 5363 3508 
3 13680 12670 13689 
3 13688 13068 13461 
3 4418 7540 8633 
3 13867 13075 13463 
3 7493 7457 8576 
3 13667 12872 13682 
3 8646 8628 5314 
3 11489 11487 12129 
3 13079 13872 13078 
3 4310 4224 4116 
3 2999 8157 5087 
3 3194 3082 3403 
3 8363 9034 9161 
3 7204 7265 7227 
3 3639 3838 3947 
3 7006 6994 8008 
3 292 4981 2310 
3 13079 13703 13701 
3 2237 12833 166 
3 13705 13266 13699 
3 13082 13081 13083 
3 13079 13267 13703 
3 8913 8901 9951 
3 4381 551 3492 
3 8848 6828 8824 
3 13081 13697 13699 
3 7294 6418 2804 
3 4205 3065 7688 
3 13712 13889 13274 
3 1080 12527 33 
3 13090 13089 13709 
3 13089 13707 13709 
3 13711 13712 13709 
3 13274 13889 13484 
3 9131 12546 10210 
3 7501 6501 6505 
3 13709 13712 13090 
3 13091 13708 13476 
3 4918 8007 4910 
3 7540 8637 9752 
3 13275 13481 13477 
3 5429 5455 4374 
3 13483 13486 13484 
3 13092 13486 13493 
3 13277 13490 13487 
3 1987 536 3471 
3 13494 13493 13486 
3 13274 13484 13092 
3 8203 9227 6385 
3 12079 8792 10058 
3 793 1783 5971 
3 6740 4675 8868 
3 6695 2054 4370 
3 4667 4669 7758 
3 13497 13722 13280 
3 8063 9030 5402 
3 13502 13289 13285 
3 13719 13721 13499 
3 12703 13098 13724 
3 13093 13895 12695 
3 5414 5395 7457 
3 7076 4640 7078 
3 5078 2296 6064 
3 13503 4720 13900 
3 13502 6764 13725 
3 13105 13900 639 
3 8942 11975 6800 
3 13290 13900 13105 
3 12506 13310 12321 
3 4842 10203 10196 
3 13904 12914 13106 
3 7752 7735 5734 
3 8240 9182 9195 
3 4579 793 5544 
3 567 622 6765 
3 4733 1986 3135 
3 13298 12309 12918 
3 1783 3663 1776 
3 4777 2056 2031 
3 9746 7536 4407 
3 4352 6501 6465 
3 13513 12490 12720 
3 13513 12720 13302 
3 2896 12920 12715 
3 2896 12312 12920 
3 12926 12312 2896 
3 6740 8818 257 
3 5429 3312 7493 
3 8696 996 2195 
3 12733 12731 11717 
3 2923 12498 12499 
3 1961 1966 6200 
3 1881 11058 10211 
3 1834 8863 4610 
3 11758 5768 5756 
3 4668 12550 10059 
3 4183 11707 11961 
3 1136 1138 1195 
3 4367 6501 4352 
3 11987 11775 11558 
3 7446 6455 6465 
3 13065 13066 12449 
3 1435 13977 3230 
3 12733 12736 13748 
3 12127 12126 12730 
3 13321 13752 12738 
3 13318 13317 13917 
3 13820 13821 3755 
3 12991 13609 13180 
3 980 13321 13124 
3 4596 2771 13944 
3 4746 4788 3854 
3 13322 13125 13530 
3 4804 2053 1008 
3 5953 4848 7961 
3 13127 13754 13123 
3 13124 13539 980 
3 10549 11477 11484 
3 1832 13623 13825 
3 13760 5124 13926 
3 13126 13125 13322 
3 13325 13535 13533 
3 2720 2725 6876 
3 12939 13134 12751 
3 13754 13326 13924 
3 4329 12700 2360 
3 1383 1350 1378 
3 4578 3557 5669 
3 12647 12651 12238 
3 5691 8794 7686 
3 12943 13327 13541 
3 12342 12538 13926 
3 991 12937 5127 
3 12943 12346 12341 
3 6372 6691 6961 
3 4079 5156 5159 
3 10690 9676 8628 
3 1239 5984 5968 
3 858 1157 1159 
3 1061 12544 12545 
3 12545 12747 1061 
3 4578 5669 9883 
3 13547 12755 12947 
3 13812 1746 13813 
3 4040 3728 3929 
3 12882 12673 12883 
3 3707 3749 2000 
3 3749 4749 4747 
3 8776 6822 155 
3 8426 8410 6357 
3 13312 13915 13117 
3 13141 13931 13338 
3 13079 13078 13077 
3 1383 3377 1347 
3 12948 13141 13338 
3 11583 3236 7391 
3 9195 6402 7328 
3 12950 13766 13340 
3 12410 11830 11622 
3 8332 8484 7557 
3 13553 13934 13141 
3 13768 13936 13342 
3 13936 12760 13342 
3 8200 6402 9195 
3 7943 5931 438 
3 10781 11624 12027 
3 4453 1124 1458 
3 9648 11500 9666 
3 1165 13768 13340 
3 7463 6521 8374 
3 1635 2583 2611 
3 12188 12005 12990 
3 12558 12958 13151 
3 5724 967 2913 
3 1263 3296 13149 
3 5458 13812 13785 
3 13940 13558 3296 
3 1745 745 13819 
3 13149 12763 1263 
3 1745 3613 745 
3 9227 9205 9214 
3 13560 13776 12766 
3 4016 149 172 
3 859 2212 4558 
3 5804 1732 3598 
3 6215 7252 6196 
3 13777 12769 13156 
3 6108 1819 3986 
3 13940 13557 13558 
3 6868 7884 10929 
3 13948 13566 13158 
3 909 869 1077 
3 13158 13566 13361 
3 12772 13361 13781 
3 13363 13568 1408 
3 8375 6617 1972 
3 12807 951 2908 
3 5398 7451 7474 
3 2217 4989 155 
3 13159 12967 12969 
3 1422 13162 7306 
3 12971 12778 13165 
3 12971 13165 13957 
3 12973 12582 13963 
3 5553 11168 6466 
3 7723 135 10833 
3 985 13261 2936 
3 8384 10456 9414 
3 6556 2720 6876 
3 12374 13961 13962 
3 4417 4421 8644 
3 10573 8553 7559 
3 13372 13373 13970 
3 9331 13945 13947 
3 13169 13793 13376 
3 13793 13169 13371 
3 8090 681 689 
3 6211 13849 4178 
3 3208 5320 2106 
3 13799 13588 13975 
3 9182 8232 8211 
3 9015 5882 2733 
3 13589 13979 12985 
3 11741 2641 13669 
3 12797 12985 13979 
3 13595 13380 13802 
3 7030 8013 11071 
3 485 6219 5261 
3 3467 117 1271 
3 11829 2901 1943 
3 12284 13280 12278 
3 6022 5065 6017 
3 13602 13380 13382 
3 13380 13381 13382 
3 1094 1138 1136 
3 13602 13605 13606 
3 8090 689 5422 
3 1173 7642 5871 
3 13802 13602 13606 
3 13605 13609 13606 
3 1977 13183 12800 
3 12209 10235 8133 
3 13608 13609 12991 
3 12991 12994 12993 
3 13809 13184 13390 
3 9836 8779 9813 
3 3587 2608 614 
3 3448 6249 4340 
3 5653 2870 1914 
3 13614 13187 12999 
3 1181 3988 5906 
3 7932 3387 7047 
3 12753 13549 12549 
3 13393 3711 13392 
3 13189 13187 13614 
3 5250 8556 6607 
3 7261 13563 13352 
3 1899 7133 4037 
3 8985 6821 8988 
3 11090 11733 12354 
3 3490 6619 7586 
3 4487 4532 4512 
3 12621 13195 13817 
3 13401 13003 3779 
3 13821 13401 3779 
3 13202 1785 13005 
3 12289 12703 12297 
3 13402 11815 13199 
3 13261 3367 3305 
3 13406 13011 1806 
3 8333 10609 2035 
3 13407 13409 13622 
3 406 7159 13170 
3 13622 13409 13408 
3 1773 13404 13402 
3 1966 7210 6200 
3 8202 7952 8638 
3 11890 11675 12472 
3 3756 10565 6531 
3 12828 13625 13210 
3 3471 536 5329 
3 6554 6536 8702 
3 8573 2108 5998 
3 9334 8384 9414 
3 11960 11120 11113 
3 13827 13213 13017 
3 13022 9932 13830 
3 1806 13404 5844 
3 5517 7548 8650 
3 13831 13418 13830 
3 3937 13832 13031 
3 13421 3937 13031 
3 13633 12837 13036 
3 5458 3608 13812 
3 13031 13832 13026 
3 13652 12857 13236 
3 13222 5817 13223 
3 9648 6610 12252 
3 5656 13834 1942 
3 10313 9258 9214 
3 13831 13833 13028 
3 13046 13042 13045 
3 5817 13224 13223 
3 2611 643 616 
3 10009 11931 8915 
3 387 3339 13664 
3 6479 5461 4389 
3 5905 13836 13224 
3 3048 3270 3156 
3 7035 7022 13002 
3 2787 5596 7380 
3 13230 13648 10090 
3 13431 11138 13639 
3 13042 13838 13429 
3 13226 13645 13842 
3 11576 11561 13415 
3 12700 4329 8239 
3 13430 12848 6080 
3 13227 6080 12848 
3 12557 13555 12958 
3 8039 13652 12643 
3 596 614 4406 
3 2591 2400 2693 
3 13238 12647 13438 
3 1612 11648 596 
3 7238 9218 6199 
3 13649 13047 13443 
3 11746 9859 5655 
3 1192 13940 3288 
3 2164 4100 13655 
3 11627 13241 13235 
3 8813 13099 1373 
3 11138 13051 13656 
3 13047 13052 13846 
3 8835 7752 10971 
3 13846 13052 13445 
3 13657 13444 13847 
3 5210 7532 7550 
3 3663 1783 5528 
3 13846 13443 13047 
3 7548 5517 5523 
3 13071 12875 12876 
3 13850 13655 13660 
3 4465 6554 6551 
3 4465 6536 6554 
3 13241 13452 12654 
3 4160 3439 3273 
3 13452 12861 12654 
3 7801 6786 3687 
3 3573 5863 9114 
3 5975 4865 5981 
3 2793 837 4631 
3 12436 13246 13248 
3 13453 13243 2225 
3 13851 12663 13674 
3 9543 7545 9605 
3 8902 1171 846 
3 577 3503 3506 
3 13660 13237 13657 
3 9543 8499 7529 
3 13251 13670 13677 
3 5363 3497 3508 
3 8637 4418 4417 
3 6227 13853 13665 
3 13456 13858 13066 
3 12056 1853 6511 
3 80 13683 13459 
3 13459 13683 13257 
3 8868 2639 7776 
3 13051 11138 13431 
3 13679 13255 13861 
3 12873 13257 12870 
3 7550 10516 10528 
3 7529 7545 9543 
3 8526 8527 8377 
3 8756 1961 1955 
3 13688 131 13684 
3 13684 13689 12670 
3 12807 2915 4736 
3 13465 13692 13463 
3 13557 1192 13345 
3 5303 4937 4844 
3 13260 13693 13465 
3 13868 191 13866 
3 7528 8633 10708 
3 13078 13872 2521 
3 8239 2376 12285 
3 4537 13616 643 
3 7386 7762 7623 
3 13872 13079 13701 
3 2371 1416 9138 
3 5913 5660 5366 
3 13466 13075 13868 
3 4329 2376 8239 
3 4349 7528 6514 
3 976 13325 13533 
3 9729 7142 479 
3 13269 13710 12896 
3 13701 268 13872 
3 13266 13705 13472 
3 13472 306 12892 
3 6497 6505 5465 
3 13473 13884 13878 
3 6479 6508 5461 
3 7617 6921 7615 
3 12371 11982 12176 
3 13477 412 13884 
3 9046 2315 2710 
3 8080 3566 8075 
3 521 2843 4918 
3 13889 13712 13711 
3 8218 8026 818 
3 13890 13278 12899 
3 12792 13174 13173 
3 283 2292 2289 
3 10448 10518 8501 
3 2059 7404 1030 
3 13278 13890 484 
3 412 13481 13485 
3 13888 13483 13484 
3 13278 484 13895 
3 2613 4572 13885 
3 13891 13487 2721 
3 13893 13898 13494 
3 11823 4459 7208 
3 13587 1552 13588 
3 13493 13096 12905 
3 8179 4951 6199 
3 6701 5734 7735 
3 183 13867 13692 
3 12959 12956 12361 
3 6747 5734 4667 
3 2059 3905 1072 
3 6491 8402 4462 
3 5828 9087 5822 
3 356 13709 13707 
3 13287 13291 13902 
3 6229 3112 6245 
3 13725 13289 13502 
3 4596 1971 7881 
3 5971 3932 3937 
3 1025 2962 2959 
3 12956 12360 12361 
3 13906 13105 639 
3 13292 13904 13727 
3 13909 13107 8781 
3 622 567 13902 
3 12713 12110 12307 
3 2541 13397 11508 
3 10873 9780 10796 
3 6455 4352 6465 
3 13730 4761 13907 
3 7457 7493 5414 
3 13302 13735 13513 
3 13736 13110 13515 
3 13735 13738 13737 
3 6902 12926 2906 
3 6902 13307 12926 
3 4869 4873 5981 
3 3684 3703 3682 
3 12723 11923 13307 
3 13506 8781 13107 
3 13736 13309 13110 
3 7474 4332 5398 
3 13342 12760 12358 
3 13308 13522 13745 
3 13742 13308 13745 
3 4386 4349 1044 
3 13057 13061 11868 
3 10448 8501 10434 
3 12505 13309 13523 
3 9454 8469 9466 
3 13745 13522 12728 
3 12947 13338 13931 
3 13744 8937 13523 
3 13555 5219 5220 
3 13747 12728 13749 
3 1095 13930 13764 
3 13918 13117 13915 
3 13918 13915 856 
3 8072 2646 665 
3 7395 7366 7415 
3 8646 11563 10690 
3 12733 13748 13315 
3 12985 12982 13589 
3 8568 11435 9605 
3 13918 13530 12734 
3 13081 13082 13264 
3 1381 4529 4530 
3 2765 9045 9043 
3 3771 5768 7683 
3 13920 13533 13535 
3 4969 9028 13917 
3 6427 6455 7446 
3 9587 10528 11396 
3 2918 5961 2925 
3 485 5261 488 
3 13123 13754 13919 
3 7567 3915 8489 
3 4307 10366 12285 
3 4354 4356 1985 
3 12180 11149 10882 
3 3395 12259 10407 
3 991 980 13539 
3 3146 13538 976 
3 4788 4804 1008 
3 4655 13488 4672 
3 12342 13926 13925 
3 8531 4304 6432 
3 12544 7089 13540 
3 13926 13328 13760 
3 9730 10612 9929 
3 12747 13330 1061 
3 3784 9051 2765 
3 6452 199 4462 
3 5362 6411 7451 
3 13290 13105 12484 
3 3166 9404 2048 
3 651 868 3152 
3 13931 5155 12947 
3 1832 5877 13623 
3 6972 1677 4884 
3 9326 6205 4301 
3 13764 13930 1121 
3 215 8889 239 
3 1745 3621 3615 
3 8295 7346 7371 
3 8602 8451 8603 
3 8197 8775 4752 
3 4288 3243 5365 
3 9271 1263 7246 
3 10434 10432 10448 
3 1185 1192 3289 
3 5392 643 2611 
3 12766 13151 13560 
3 3288 3289 1192 
3 6972 4884 11208 
3 13560 13151 5232 
3 8628 9676 7620 
3 7313 6385 9227 
3 12767 3334 13153 
3 13153 3334 1263 
3 12311 12720 12490 
3 7880 1482 12906 
3 13761 9145 1095 
3 8490 6394 4288 
3 13564 13356 13945 
3 6419 6427 7427 
3 12064 9097 3573 
3 3985 7642 1173 
3 12565 13947 13356 
3 13781 13361 13566 
3 13948 13359 1347 
3 9265 10313 9242 
3 4576 8766 5679 
3 4576 3540 3535 
3 10425 10434 7476 
3 13159 13953 3392 
3 6548 3467 4460 
3 13573 13364 13783 
3 12969 13783 13953 
3 13794 13376 13793 
3 3535 6623 4576 
3 7138 7155 1901 
3 11711 13002 7022 
3 1442 13166 12973 
3 1442 12973 13963 
3 13718 1707 5436 
3 12975 13787 13579 
3 12586 1504 12378 
3 12976 13968 12975 
3 13967 1504 12586 
3 13161 13573 13783 
3 13373 1510 13970 
3 5217 448 2442 
3 5647 5619 7628 
3 5598 7581 6605 
3 895 13918 856 
3 10830 9854 8790 
3 13968 12976 13789 
3 6155 3361 2421 
3 13584 13586 3547 
3 13376 13587 12788 
3 13587 13376 13794 
3 6937 6934 4842 
3 9265 9242 6353 
3 7378 6382 6394 
3 5214 7559 8553 
3 13590 13796 13378 
3 7292 7301 1378 
3 13604 13807 13806 
3 7487 13793 11576 
3 13979 13589 13799 
3 13800 13590 13379 
3 11765 11546 10943 
3 13588 13799 13589 
3 12797 13979 13594 
3 8099 2193 8197 
3 13280 12909 13497 
3 13982 13800 13595 
3 13183 1977 13390 
3 2204 13452 13112 
3 13800 13379 13592 
3 13592 13595 13800 
3 13595 13802 13982 
3 7138 4025 11413 
3 2727 1201 5869 
3 7030 4530 8013 
3 9218 7238 6353 
3 2659 6770 5784 
3 3236 8444 3231 
3 13175 1446 2612 
3 13806 13384 13604 
3 13606 13609 13608 
3 3218 11265 2421 
3 13806 13807 1977 
3 2474 183 2455 
3 12958 5232 13151 
3 3512 5619 13629 
3 13199 13198 756 
3 1640 13391 13808 
3 13681 13682 12872 
3 6384 5320 7359 
3 4315 6323 8219 
3 13614 3700 13189 
3 13614 13612 1647 
3 2642 13671 2646 
3 12999 12809 13612 
3 9833 5800 1787 
3 6525 6530 6373 
3 13190 13189 5702 
3 118 2162 3091 
3 3734 13814 13193 
3 13190 5702 9737 
3 13191 3718 25 
3 406 3343 1427 
3 155 146 8776 
3 6357 6382 8426 
3 5050 6020 6016 
3 7711 13194 5756 
3 7581 5598 6554 
3 6833 151 160 
3 3771 13400 13615 
3 13200 5800 12819 
3 13402 13199 1768 
3 13820 3757 13195 
3 5814 373 3690 
3 1425 1427 3343 
3 13008 13407 1794 
3 13404 13203 13006 
3 7723 2179 3110 
3 2646 13671 665 
3 5598 5590 6551 
3 10396 10414 8394 
3 8127 1837 6120 
3 9803 6554 8702 
3 7575 4507 6579 
3 9648 9666 5289 
3 12502 13309 12505 
3 4507 5579 6579 
3 5285 8410 8383 
3 3479 13628 13412 
3 2567 3503 553 
3 9205 8203 8183 
3 553 11576 2567 
3 4200 7352 10645 
3 13628 1839 12829 
3 3479 1839 13628 
3 9334 9414 9374 
3 1877 13414 13214 
3 13412 3654 3479 
3 6578 6737 6417 
3 7991 1683 9135 
3 13160 1414 1407 
3 10573 12217 8553 
3 8127 6120 2972 
3 1942 13834 13833 
3 12637 13427 12641 
3 6551 6554 5598 
3 3779 12819 5800 
3 4329 13861 2376 
3 4904 1683 7991 
3 4179 5110 6096 
3 4507 7575 6542 
3 5905 13224 5817 
3 6295 5883 6302 
3 13836 5576 13633 
3 3970 5576 13836 
3 386 1391 7853 
3 12419 12841 13036 
3 7324 6320 6322 
3 13045 13429 13642 
3 13235 13232 13647 
3 13044 2044 8039 
3 13044 13842 2044 
3 2120 13842 13645 
3 13648 2079 10090 
3 13637 13839 13643 
3 3237 2704 2702 
3 13648 13231 13642 
3 2484 1151 3588 
3 7956 13637 9500 
3 9334 9374 9300 
3 13438 13439 13651 
3 13439 13841 2036 
3 13621 13622 13408 
3 13633 13423 13421 
3 8366 5246 6325 
3 13691 4457 665 
3 2120 13645 12847 
3 13199 756 1768 
3 13651 4073 11315 
3 13647 11627 13235 
3 5246 6306 4183 
3 10574 13649 13443 
3 3157 6322 6320 
3 13444 13643 13843 
3 13826 13622 13621 
3 13444 13233 13643 
3 13443 13846 4124 
3 12165 12558 13151 
3 6036 4951 6135 
3 13514 13515 13107 
3 8628 8646 10690 
3 4189 13847 12171 
3 13241 11627 13112 
3 9138 1416 1414 
3 6970 7447 7709 
3 12220 9168 12212 
3 12952 12785 10920 
3 1161 6609 10736 
3 4785 4783 1014 
3 9006 8883 8740 
3 13660 13657 13850 
3 2225 2252 13453 
3 2279 6045 6042 
3 13245 13685 13448 
3 13871 13873 13870 
3 13134 5100 9145 
3 8338 2491 6452 
3 493 5987 4873 
3 6269 13856 13673 
3 5049 4686 5143 
3 3305 4348 12316 
3 4254 2106 5320 
3 13456 13668 31 
3 6899 6775 6629 
3 31 2309 13456 
3 6449 6473 10353 
3 46 13667 13682 
3 1362 5119 6104 
3 2366 13858 2309 
3 13670 56 13677 
3 2291 46 2313 
3 4375 13688 13461 
3 2360 13679 13861 
3 8026 3955 7895 
3 3946 3943 2132 
3 4625 8609 8584 
3 5882 1505 2733 
3 13131 13537 3127 
3 13088 12681 13477 
3 188 2428 13864 
3 13865 13866 13862 
3 2335 1358 11711 
3 13867 183 191 
3 13496 548 13724 
3 13407 13008 13205 
3 8179 6199 8183 
3 10768 9766 9745 
3 6155 3355 6151 
3 191 13868 13867 
3 3964 5961 3973 
3 13697 13696 13869 
3 13692 13867 13463 
3 3742 10132 2731 
3 13873 13699 13870 
3 7453 10362 8394 
3 13870 13697 13869 
3 13871 13870 240 
3 9371 9383 491 
3 10516 7532 10518 
3 3042 33 2119 
3 1122 12960 12964 
3 6345 2070 7334 
3 13699 13697 13870 
3 13696 13697 13264 
3 6285 6275 4161 
3 4512 13472 13705 
3 6675 7537 8429 
3 4144 4143 4148 
3 9189 6074 7034 
3 6200 1955 1961 
3 12892 306 13269 
3 13710 13269 306 
3 13707 314 356 
3 13707 13474 314 
3 11770 12176 11982 
3 13881 13710 306 
3 2265 4376 4373 
3 866 909 1077 
3 8257 10295 9313 
3 12074 12072 12449 
3 6579 4543 6639 
3 12553 13340 12759 
3 13881 13886 13710 
3 447 446 470 
3 1090 3933 5686 
3 2707 5476 1746 
3 13476 13474 13707 
3 6633 2690 12525 
3 410 13708 13713 
3 2978 13745 6973 
3 7026 7011 1741 
3 7247 6273 5202 
3 13888 13889 13885 
3 13885 13889 13711 
3 3648 7775 7782 
3 7501 6505 6497 
3 6645 8408 7509 
3 10196 1645 4842 
3 13866 191 13862 
3 13891 454 13713 
3 410 13713 454 
3 13411 13012 12213 
3 13717 442 435 
3 11315 13238 13651 
3 13892 13717 435 
3 4655 13485 13488 
3 13892 13893 13717 
3 13490 2721 13487 
3 13488 13280 4672 
3 13897 13895 484 
3 4274 1912 3177 
3 2874 3921 2883 
3 1315 3246 3264 
3 3905 3912 3017 
3 548 13496 13897 
3 13499 13287 567 
3 12911 13726 13497 
3 11998 12385 11996 
3 13486 13717 13494 
3 1568 1566 5311 
3 622 13902 13102 
3 13902 13291 13102 
3 674 5893 2733 
3 13287 13902 567 
3 13650 13643 13233 
3 13722 13497 4732 
3 10353 10313 9265 
3 7034 3921 7028 
3 13865 13869 13866 
3 2802 8781 13728 
3 5090 1304 269 
3 13292 13727 13726 
3 4732 13497 13726 
3 13742 13740 13306 
3 9897 10110 10318 
3 13906 2876 13908 
3 13410 7234 8265 
3 13906 13908 13512 
3 12707 12299 11248 
3 6822 12918 8795 
3 696 13512 13908 
3 12918 13731 8795 
3 10301 8254 9300 
3 696 12715 13512 
3 2514 505 4340 
3 2896 12715 696 
3 12780 12779 13366 
3 13513 13735 2904 
3 9951 8901 10937 
3 2906 12926 2896 
3 9103 11213 9903 
3 13733 10914 13731 
3 13742 13306 13308 
3 2723 6880 3638 
3 13911 13738 13740 
3 3631 2725 2720 
3 99 32 84 
3 13733 13516 8853 
3 1279 10073 249 
3 13518 12321 13310 
3 6997 4923 4928 
3 12585 11782 11164 
3 5519 1776 3663 
3 12 8170 8131 
3 6020 1279 1288 
3 7446 6465 7485 
3 13745 12728 13747 
3 4923 8007 4918 
3 4887 4927 10498 
3 13747 13749 853 
3 11389 928 1917 
3 2127 13804 13262 
3 12402 12615 13189 
3 5466 5455 7519 
3 5214 8568 7545 
3 13526 3070 908 
3 5044 239 5062 
3 908 13749 13526 
3 1752 2723 4528 
3 5987 2815 6000 
3 3201 5989 1240 
3 3070 13752 7040 
3 9258 10362 7366 
3 4106 5159 8226 
3 13752 13321 7040 
3 3970 5544 10021 
3 13920 13535 13318 
3 3425 11404 4317 
3 3127 5100 13131 
3 8019 8994 8003 
3 3928 4976 9183 
3 5756 25 7643 
3 13202 1794 1785 
3 6208 4070 5163 
3 13526 13752 3070 
3 239 5044 5040 
3 10295 8257 8245 
3 11794 13739 11799 
3 13130 13537 13131 
3 1515 9343 4301 
3 10509 7203 3052 
3 8818 7663 257 
3 3151 13760 3146 
3 13327 12342 13925 
3 3464 4624 6503 
3 4966 3928 13921 
3 5272 13564 13945 
3 690 3406 13276 
3 13296 1342 1364 
3 5362 7451 5389 
3 13696 13868 13866 
3 3417 11382 1515 
3 625 4745 13904 
3 11505 11940 11726 
3 13730 13297 13298 
3 3843 1806 5844 
3 10934 3167 12820 
3 5137 4070 6194 
3 13944 1971 4596 
3 13547 5155 9151 
3 4996 2217 2226 
3 4036 4037 5122 
3 350 4597 12527 
3 5519 7515 1776 
3 8329 7305 8358 
3 4261 1912 4274 
3 13940 1192 13557 
3 1227 13940 3296 
3 2079 1853 12056 
3 5220 12958 13555 
3 10918 7866 10929 
3 12262 12074 12449 
3 9326 4287 6205 
3 8090 12922 9058 
3 1931 8190 11418 
3 6466 3970 2770 
3 9295 13777 13563 
3 13945 13356 13947 
3 1383 1401 3377 
3 1347 13359 13777 
3 3547 5512 2624 
3 4736 13261 12807 
3 9374 9412 10432 
3 7292 1378 1350 
3 6993 4225 1419 
3 1347 13777 3351 
3 13345 12955 13146 
3 7306 13951 1378 
3 13951 13568 13781 
3 4526 4236 4017 
3 3392 1364 12368 
3 12772 13781 13568 
3 13159 12969 13953 
3 5219 13769 13936 
3 13132 13547 5127 
3 13161 13783 12969 
3 13364 3396 13783 
3 13364 13957 13955 
3 13953 13783 13954 
3 13366 13958 13960 
3 13947 1342 9331 
3 13365 5359 13958 
3 13166 1442 1434 
3 12374 13962 13964 
3 4506 11060 9014 
3 4009 7656 3999 
3 13366 13365 13958 
3 513 624 477 
3 13608 1640 1629 
3 12975 13968 5434 
3 6852 6846 6845 
3 1519 13793 13371 
3 13582 13791 1510 
3 10425 10432 10434 
3 13970 1510 3518 
3 12975 5434 13787 
3 8385 6345 7334 
3 12976 13372 13970 
3 13583 13584 13972 
3 4819 160 166 
3 13972 13584 3547 
3 6324 3536 4420 
3 13520 13518 13310 
3 13586 13796 3547 
3 2031 2056 1030 
3 13587 13794 1552 
3 160 1205 4024 
3 8240 9195 7328 
3 7532 7525 8501 
3 7866 8845 7857 
3 2438 432 13186 
3 7519 2287 5466 
3 13030 13031 12418 
3 3973 1819 6108 
3 13982 5577 3579 
3 11413 4027 9321 
3 13982 13802 13983 
3 13802 1615 13983 
3 2217 185 2226 
3 1615 2141 5611 
3 149 4016 2192 
3 5666 5790 6061 
3 6462 6473 6449 
3 1271 10764 1266 
3 675 2641 3570 
3 7257 7260 6913 
3 13809 13390 1977 
3 13809 1977 1641 
3 6080 6118 13430 
3 4025 4027 11413 
3 10084 4506 9014 
3 7981 10079 5665 
3 5678 13808 13391 
3 5678 13391 13392 
3 7227 7265 7294 
3 6836 3640 8059 
3 1656 473 5950 
3 8044 3640 6836 
3 1641 1977 13807 
3 5087 8157 7128 
3 12707 13103 13102 
3 3209 13145 3058 
3 8385 10644 5331 
3 11122 11106 10678 
3 856 13915 2989 
3 5717 13669 7643 
3 12621 13817 13000 
3 4738 13900 4721 
3 5768 13615 7711 
3 547 4381 4376 
3 13244 13667 4797 
3 930 923 9847 
3 13081 12890 13083 
3 13056 13670 13251 
3 1768 1773 13402 
3 13218 12835 13834 
3 9178 9195 9182 
3 11648 1612 2955 
3 13406 13825 13206 
3 1315 3264 5110 
3 13825 13406 2021 
3 3027 2715 2921 
3 11754 2642 4635 
3 8009 3259 3250 
3 5950 4842 1645 
3 9718 12858 221 
3 9662 1629 13808 
3 8554 10573 7559 
3 7517 1181 7829 
3 1877 3654 13414 
3 8692 8675 5558 
3 1892 1877 13214 
3 7817 3654 9930 
3 9178 9182 9177 
3 155 4989 5936 
3 9177 9182 8211 
3 124 3985 1173 
3 13831 13830 7836 
3 8374 6521 7514 
3 7358 3982 114 
3 6006 13836 5905 
3 3980 7098 8259 
3 8183 8203 9178 
3 7965 8953 8945 
3 13428 7895 13222 
3 13228 13639 13227 
3 13839 2027 7596 
3 13790 12826 13805 
3 9895 11007 11841 
3 5817 13222 3955 
3 13430 6118 12421 
3 8039 2036 13652 
3 13742 13745 2978 
3 7956 2027 13637 
3 13649 13838 13433 
3 11058 1881 2857 
3 5892 7021 3081 
3 13843 13643 13839 
3 13842 2120 10149 
3 13838 13649 10574 
3 13244 12618 13656 
3 6155 2421 3355 
3 2693 2697 2591 
3 4188 13112 11627 
3 2265 11537 4376 
3 13847 4189 13657 
3 13655 6179 2164 
3 2023 1014 4783 
3 9202 9335 8959 
3 2972 671 2970 
3 3074 2828 9881 
3 1736 3910 2874 
3 7803 7813 3690 
3 12618 13244 4797 
3 6549 10589 6570 
3 5332 5496 5330 
3 2252 13852 13453 
3 13245 13851 2239 
3 2225 13932 4243 
3 4279 31 13852 
3 12 2239 13851 
3 7521 9620 9614 
3 13668 13852 31 
3 4894 74 3067 
3 3367 4348 3305 
3 2583 577 3506 
3 38 13674 13856 
3 2309 13858 13456 
3 11157 11770 11156 
3 7124 7601 7129 
3 13745 13747 6973 
3 70 56 13670 
3 12955 12951 12158 
3 2373 13683 80 
3 6269 13673 13677 
3 46 2346 2313 
3 3717 5840 5855 
3 2373 2376 13683 
3 2376 13861 13683 
3 3019 7574 6721 
3 13681 2403 13682 
3 13667 13252 12872 
3 5902 10227 8119 
3 4348 13461 110 
3 4348 4375 13461 
3 13684 131 13689 
3 2955 9614 11648 
3 13858 2366 13860 
3 2403 13680 2415 
3 13954 5354 13953 
3 2466 2493 13862 
3 13696 13866 13869 
3 13865 13862 2493 
3 13862 2474 2466 
3 7246 4265 9271 
3 13862 191 2474 
3 1096 3039 3025 
3 12533 12535 11946 
3 13864 2428 183 
3 13876 2826 12306 
3 9337 5300 901 
3 9352 9337 8950 
3 2826 9445 11767 
3 13876 9445 2826 
3 9352 990 9337 
3 990 9445 9337 
3 9337 9445 13876 
3 10972 7752 6747 
3 7752 5734 6747 
3 11559 9621 8654 
3 12496 11559 11564 
3 6820 5936 7701 
3 7701 5936 4989 
3 12496 9621 11559 
3 8653 8654 9621 
3 9621 9618 8653 
3 9618 4996 8653 
3 4990 4996 9618 
3 4989 9618 7701 
3 7713 7835 8079 
3 7713 8079 8077 
3 7835 7713 7325 
3 4176 4057 4469 
3 3629 3427 3630 
3 6032 6026 6471 
3 6471 6026 6468 
3 5766 6026 6032 
3 6033 5766 6032 
3 7363 7361 7494 
3 12864 13665 13254 
3 13254 13457 13062 
3 13254 12869 12864 
3 13062 12869 13254 
3 13457 13459 13062 
3 13457 13853 4271 
3 4271 13459 13457 
3 4271 80 13459 
3 12669 12263 11871 
3 12073 11657 11869 
3 105 60 78 
3 105 61 60 
3 271 272 321 
3 173 272 203 
3 8 11 16 
3 8 9 11 
3 1575 1518 1456 
3 6145 5506 5241 
3 6145 6433 5506 
3 1838 1763 13991 
3 10333 8993 9236 
3 11223 10338 10126 
3 9236 8855 8852 
3 9236 8852 9505 
3 8993 10333 10126 
3 10126 10333 10803 
3 11223 10126 10803 
3 11223 11421 10338 
3 13984 8855 8305 
3 8302 8852 13984 
3 13984 8852 8855 
3 13988 13454 13668 
3 12656 13985 12245 
3 13450 13987 13986 
3 12430 13985 12650 
3 13985 12430 12245 
3 12658 12652 13985 
3 13988 13986 13454 
3 13987 13243 13453 
3 13243 13987 12652 
3 13987 13453 13986 
3 12652 12658 13243 
3 13985 12652 12650 
3 12658 13985 12656 
3 13986 13453 13454 
3 13987 13450 12652 
3 12063 13990 13986 
3 13989 12240 13990 
3 13990 12649 13986 
3 11856 13989 13990 
3 13990 12063 11856 
3 13991 1979 1838 
3 2050 13991 1763 
3 1760 13994 13993 
3 1836 2045 1760 
3 1836 1760 13993 
3 1836 13992 2045 
3 1836 13997 13992 
3 13993 13994 1758 
3 1835 1758 1757 
3 13994 1760 13995 
3 1835 13993 1758 
3 1979 13991 2046 
3 13997 13996 13992 
3 13991 13997 2046 
3 13996 13997 13991 
3 917 878 1048 
3 952 1046 878 
3 11857 11643 12248 
3 13242 13448 13846 
3 13445 13242 13846 
3 4645 4644 4551 
