ply
format ascii 1.0
comment VCGLIB generated
element vertex 12000
property float x
property float y
property float z
element face 23996
property list uchar int vertex_indices
end_header
4.946679 11.83883 27.20426 
-53.25156 66.62086 -57.37522 
-52.33184 67.68629 -57.76817 
-51.78732 68.18266 -56.80949 
-53.65689 68.14505 -57.29238 
-52.50983 68.62965 -56.93618 
9.320346 63.52861 37.34053 
-52.27386 66.61918 -57.10386 
-51.6503 67.25689 -56.70159 
-53.48207 66.18626 -56.07196 
6.577141 48.73758 37.12759 
-54.82412 66.56476 -56.15026 
-55.70237 66.70352 -55.54048 
-52.79133 66.58363 -55.56616 
-55.1635 68.55767 -56.10182 
15.35399 -31.43815 10.61971 
-54.31298 69.07027 -55.95436 
-53.28404 69.03689 -54.92593 
-57.4039 59.07553 -55.1264 
-27.50071 -7.75899 19.47406 
-56.45774 58.83719 -54.56408 
-54.45093 65.87933 -54.36774 
-30.26239 64.82652 6.255872 
-6.278074 17.69665 29.47986 
-55.51389 67.78401 -55.99025 
-56.50169 69.28183 -54.2123 
26.92537 -7.79347 19.06653 
-45.73667 -46.2379 7.310397 
-57.07263 60.06504 -54.7346 
-20.7112 -29.45083 10.67259 
2.893529 17.5446 29.608 
3.468361 18.11316 29.76877 
-50.26321 74.76315 -54.78569 
-50.00484 75.65659 -54.3858 
30.94254 -46.457 7.233088 
-58.69883 58.76864 -54.23018 
-57.13528 58.32691 -54.25431 
-58.48321 59.76096 -54.63813 
-58.00095 60.94434 -53.9172 
-56.4971 66.13459 -53.96668 
-57.53368 66.79901 -53.55538 
-31.27757 -45.80779 7.144376 
-53.08402 68.31107 -54.3312 
18.47061 -52.78874 9.784589 
-52.53021 74.58131 -54.01609 
-51.33474 75.22267 -54.54648 
-56.90975 59.38204 -53.0584 
-59.90807 59.80336 -52.99799 
28.19032 -45.54906 7.381458 
7.723261 11.83262 27.00614 
-40.57909 -28.2862 10.76474 
-56.9347 68.255 -54.49015 
-49.24158 74.16599 -53.93269 
-50.60986 73.70854 -53.71557 
-22.24605 2.948148 25.23998 
-8.424448 19.01347 30.04087 
28.59169 -6.744048 18.885 
-49.89012 75.98961 -53.53233 
32.47121 -26.97476 10.01356 
7.405867 18.99782 29.37909 
-20.51172 -6.335889 19.53589 
-54.58988 66.05967 -52.77618 
26.74531 -45.78318 7.13969 
-59.29973 67.51164 -50.84403 
-56.42997 69.90644 -52.77272 
-51.95506 73.78208 -53.58805 
32.97844 -25.56917 10.74706 
22.62692 51.4946 25.2523 
-54.46904 74.63866 -52.75943 
12.88017 -24.67287 11.07342 
-49.95573 75.70131 -53.00722 
27.8923 -5.64197 19.50425 
21.44471 -45.13467 6.765727 
7.074614 20.93071 29.9175 
-59.91476 61.16537 -52.72627 
-12.44211 13.63189 28.05875 
-55.78113 65.46359 -52.22276 
-9.866634 21.43069 29.91236 
-53.50327 66.59291 -54.45406 
-53.61113 68.54454 -53.35389 
-54.92713 69.59769 -53.86324 
-54.27769 69.34422 -53.00743 
5.412942 13.82868 28.1013 
-50.19224 73.82682 -52.86635 
0.9697531 3.003393 26.45774 
-51.1833 76.39635 -53.39939 
-57.20852 59.23823 -51.73183 
-32.94213 -5.155422 18.88728 
34.4745 -22.17234 9.874785 
-12.94509 12.43444 26.96344 
-56.81089 60.65643 -53.42966 
-59.10606 66.61652 -51.11329 
-54.46653 67.15851 -52.64417 
-54.99823 68.99155 -50.9365 
-50.81956 75.35589 -52.21496 
-55.10863 75.38293 -51.89825 
-53.54697 75.52779 -53.32499 
29.94108 -3.755769 18.854 
-40.75575 -43.47608 8.566406 
-51.13393 76.25132 -51.94449 
10.67617 22.56322 28.96489 
-58.16533 58.26653 -52.70919 
33.53028 -21.54587 11.03655 
-56.66597 60.2353 -51.91965 
13.41658 -3.692978 20.0736 
14.17845 -20.62509 12.00241 
-58.23862 65.97711 -51.61432 
-16.54276 -3.546171 19.29129 
-22.13429 -19.55646 10.36429 
-53.48225 76.25697 -52.62863 
4.091311 44.58185 35.24937 
-55.75791 65.52071 -51.52202 
-55.53473 65.69298 -51.18816 
-58.23366 69.14755 -51.92894 
-36.4189 -42.8951 7.43234 
-51.792 73.08939 -52.12067 
30.02979 -2.327908 18.96712 
-55.73961 73.9619 -51.37632 
-42.9939 -18.27635 11.25948 
-13.58491 -1.803459 19.30505 
-59.78394 58.80117 -51.28247 
-57.23624 61.92123 -52.17642 
-58.02372 62.30384 -52.08307 
11.76485 25.25053 29.00956 
-56.75449 65.31624 -51.17486 
30.51516 -0.786882 19.13614 
-57.45485 69.92528 -51.66971 
-55.55935 69.6975 -51.18299 
-54.34269 73.56143 -52.28971 
-24.63753 -15.77312 10.71659 
5.806746 66.44962 38.03506 
32.73938 -15.46367 9.857741 
-52.31289 73.68577 -49.7886 
-42.17442 -14.72938 9.997568 
-52.94394 76.64645 -52.05058 
-34.04549 -1.731646 19.66603 
-60.25446 62.83336 -49.84623 
-24.37255 -13.98028 11.02491 
-56.3231 65.6965 -49.22114 
-55.85361 72.74197 -50.58831 
-53.59843 72.29398 -51.04342 
-41.5929 -13.89448 10.01986 
-52.79115 72.65264 -50.58701 
-52.27279 76.65646 -51.52989 
-12.14495 15.48994 27.36244 
-60.64605 59.64639 -50.54158 
-56.51662 60.46814 -49.75188 
-40.56639 -13.08433 10.12836 
-59.8689 63.62261 -48.16207 
-58.91398 62.62079 -51.24935 
-56.91474 64.91235 -50.26931 
-58.98375 65.72844 -50.24632 
-15.45583 26.72537 27.74248 
32.17812 -12.94783 10.42804 
-56.37531 69.89491 -49.76194 
-26.27741 4.31506 25.2676 
-23.79138 -12.16625 10.76541 
-55.02743 76.10954 -50.80413 
-51.84518 75.90802 -50.20456 
-24.92152 3.903952 25.76468 
-55.03071 76.40929 -49.27038 
-54.04107 76.33256 -48.78514 
-32.00499 -38.43149 7.074329 
-58.33984 58.57656 -50.98309 
-23.25743 -11.63803 10.75798 
-60.65943 61.41116 -51.17776 
-13.97767 27.22226 29.15301 
-29.64629 -38.90928 7.487607 
-55.7244 66.81713 -49.7384 
-55.18995 68.19743 -50.32007 
-34.08699 -37.3712 7.005359 
-31.69791 15.57654 17.02146 
-56.48347 61.70518 -49.956 
-57.17136 62.83076 -49.40699 
-11.59847 15.48438 27.38133 
-19.50156 4.719923 25.67799 
-60.00829 66.56947 -49.20294 
-59.67259 68.45506 -48.81749 
-10.02576 2.844991 19.21949 
-58.32829 69.77402 -49.7232 
-55.92077 69.53532 -49.19741 
-54.81881 71.41166 -49.51935 
-52.04058 75.50461 -49.18192 
-59.61538 58.74376 -49.27623 
-26.73017 53.96033 24.5267 
0.230264 61.3181 -48.96463 
3.196728 4.145143 18.41699 
24.99119 14.74172 17.08533 
5.135501 44.14408 36.02874 
-58.57571 65.14727 -48.70292 
33.64592 -8.673519 10.25413 
-55.69951 66.46128 -48.5928 
-7.841825 3.734821 17.74131 
-57.32224 72.66699 -49.25001 
-56.94528 74.53267 -49.84361 
-60.97104 59.77969 -47.43823 
-1.839542 60.43225 -48.31836 
-0.741244 60.54118 -48.69674 
1.027299 61.17393 -48.82968 
-1.274412 60.70591 -48.82583 
-1.303645 61.23346 -48.41967 
2.929837 5.478862 20.01938 
-56.30604 61.07438 -48.19569 
-56.6972 62.98577 -48.71252 
-58.97108 63.46284 -48.68988 
-58.39697 64.3932 -48.16544 
12.61748 -6.760804 10.84145 
-56.8553 63.87729 -48.55475 
1.503307 5.586991 19.08873 
-57.14898 64.93197 -49.05247 
34.37145 -7.47726 10.66078 
-36.69583 -37.13846 7.649844 
-59.8931 65.67704 -48.52105 
-2.676432 6.367631 19.32144 
34.60509 -6.046922 10.01199 
-55.61301 70.848 -48.10582 
-52.32879 74.50018 -48.61058 
-57.96224 74.81799 -47.13832 
-15.42024 -5.295409 10.76779 
2.508633 58.92634 -47.94404 
-0.6034579 58.95901 -48.26278 
2.91258 59.77152 -48.28746 
0.827843 60.15876 -47.92534 
-57.17941 59.48761 -47.76965 
2.907087 60.65002 -48.56146 
29.30405 6.32719 19.91058 
23.04639 54.19142 25.13908 
-0.04588289 61.64909 -48.48765 
2.21454 61.39694 -48.37277 
-61.3192 62.83835 -47.75449 
-4.639308 6.802518 19.17002 
11.74435 -5.543841 9.484075 
-56.17324 64.50468 -48.13039 
-59.83707 65.03646 -47.84549 
-60.33566 65.96908 -47.99181 
-25.30545 -35.56945 8.057073 
10.92592 -4.123919 11.70251 
-59.61343 69.09493 -47.55225 
-55.98911 69.95959 -48.20655 
-56.59673 70.00343 -48.25836 
-53.83032 71.87572 -47.92078 
-29.90977 -49.82561 25.7015 
1.516019 58.70686 -48.12642 
-1.489198 59.63255 -48.56904 
-14.04537 -2.260428 10.71627 
-61.57388 61.50808 -47.60847 
-9.80827 68.06082 36.89237 
-23.98848 -32.82243 7.435417 
-34.59237 10.92518 18.89247 
-55.69058 62.09482 -47.39441 
-60.09254 64.176 -47.70035 
-56.16237 64.48415 -47.09198 
35.01034 -2.873351 10.53485 
-60.9509 65.77077 -47.32302 
-60.52903 66.81327 -47.70142 
-54.66048 67.00456 -47.23028 
-55.62029 68.30627 -48.27919 
-14.06279 35.36964 29.78506 
-57.35479 70.08979 -48.04599 
-24.1695 -48.23907 16.93381 
-54.57431 70.39037 -47.26886 
-57.02811 70.92059 -47.38613 
-54.08443 71.33539 -47.3273 
-52.86698 75.03662 -47.38922 
-39.04019 -31.1729 6.981402 
-26.07257 55.5555 24.5078 
-55.78401 76.21335 -47.68273 
-33.56908 12.65024 19.05535 
-58.43422 58.9151 -47.62893 
-21.08067 24.7728 9.626555 
0.007897967 61.56141 -46.11716 
25.14802 -31.03809 7.173315 
-61.16964 64.32519 -46.92632 
-14.4371 16.01658 27.44889 
-54.80583 66.19031 -46.73157 
-55.01595 69.74654 -47.38781 
-12.26757 16.65806 27.29115 
-56.64397 70.32225 -47.6523 
-10.72948 0.921329 12.1707 
0.117602 66.72604 37.68299 
-58.34193 72.63279 -47.5424 
-53.36659 73.12069 -46.81845 
-53.5475 75.58456 -47.22409 
-29.90252 15.63067 19.51943 
0.0524595 58.41232 -47.7216 
3.107532 58.7372 -46.46994 
-59.61497 58.9137 -47.21368 
-27.57358 4.926064 25.11417 
-56.09694 60.10203 -46.79369 
1.437273 61.44728 -46.45687 
-62.12933 62.30874 -46.79031 
-56.11613 63.85631 -46.50111 
4.421031 2.818034 10.73573 
-60.53723 69.41596 -46.47503 
13.05994 38.53777 28.7685 
-58.09563 70.37391 -46.8756 
20.07191 17.25834 19.66697 
-58.84026 72.22811 -46.40215 
-53.25333 74.89433 -46.19422 
-56.62647 75.91745 -48.44214 
20.43122 18.20347 17.32491 
1.339918 57.8712 -45.99388 
-25.49622 18.9156 19.05217 
-22.74084 -30.66122 7.319111 
-57.75993 58.70864 -46.38165 
-25.978 19.35645 17.28028 
-62.05439 60.35781 -46.41063 
3.176727 60.81682 -45.78244 
23.73658 -30.02344 7.024837 
-61.37815 65.75124 -45.4946 
-61.45409 66.41376 -46.70197 
-54.09527 65.74826 -45.21513 
-21.92889 22.6139 18.7707 
-54.54959 67.85284 -46.42138 
-54.92957 69.56759 -46.18507 
-59.19685 70.94528 -46.06143 
-4.958894 5.460989 10.03285 
-53.28335 71.68808 -46.22522 
-59.52531 58.41011 -45.9904 
-60.84724 58.69042 -45.99545 
18.0414 23.69761 19.81556 
21.0922 15.80438 18.61828 
-17.43183 40.69157 29.87833 
-28.49789 16.00524 19.36012 
1.160683 61.65169 -45.77259 
-55.96091 61.57552 -46.1661 
-62.00935 62.40302 -45.72773 
-55.10898 62.04259 -45.05595 
-13.41512 18.09663 26.78334 
-52.61856 73.51323 -45.37135 
-1.130428 44.7608 34.76399 
-57.45316 75.78397 -45.34008 
2.628885 58.04813 -45.88803 
-38.40165 6.531847 10.8588 
-37.32857 8.5523 11.37103 
-20.14657 27.39777 19.37964 
-1.90572 58.40621 -46.04435 
3.52078 58.70753 -45.89959 
-57.53827 58.86683 -45.2753 
-60.66047 58.96595 -44.82891 
-2.73289 59.68296 -46.01324 
-61.69269 59.75684 -45.27766 
7.064184 45.70311 35.88192 
-62.04564 60.83937 -45.29721 
-1.678255 61.41409 -44.51168 
-0.6943791 61.47373 -45.7956 
-61.18378 64.19208 -45.47063 
-61.28854 67.72939 -45.95373 
17.56845 31.0725 21.09637 
-61.24414 67.86912 -45.37978 
-54.35239 69.09377 -44.94302 
30.43221 11.37563 10.49547 
-59.55957 70.7424 -44.91036 
-59.8129 72.56058 -45.42791 
28.98057 -28.98729 7.136412 
-52.49614 75.06677 -45.05651 
-21.93855 -28.24442 6.615387 
15.87061 42.68131 29.37624 
-53.4481 75.22924 -45.76235 
17.92823 32.47042 18.95724 
-49.29433 82.85436 -45.70462 
-49.51148 83.50665 -45.94014 
-48.40613 84.05244 -45.23146 
-0.4402948 57.70478 -45.87885 
0.04767139 45.2615 34.90884 
1.003607 57.46588 -45.33481 
-2.544575 56.98521 -44.68322 
-59.89819 58.60411 -44.98446 
-56.3469 60.04158 -45.59734 
-24.97721 5.897232 25.68511 
-5.304775 60.25095 -43.87076 
3.819894 60.06385 -45.83638 
-40.50521 -52.85329 11.70381 
-28.64324 16.86053 10.94011 
-20.57681 38.17741 19.04014 
19.15978 38.37666 19.50156 
17.85158 -28.47552 7.267408 
24.56563 16.9936 10.98964 
-55.69563 64.09164 -45.48231 
-21.55102 39.68259 19.43346 
17.33201 45.42389 29.90711 
-62.17311 66.72525 -44.56599 
-53.78086 66.98105 -44.83299 
18.6 -27.64326 6.843884 
19.93478 39.08264 18.7394 
-54.42147 69.43473 -45.27979 
-60.40489 69.50697 -45.37152 
-58.94979 73.91252 -45.82592 
-26.79774 18.01895 11.17744 
-56.04045 75.81493 -45.47863 
-50.6565 81.71162 -45.46602 
-51.74781 83.09565 -45.17688 
-52.11253 81.56918 -45.09052 
-25.47478 19.60627 10.50506 
-49.79918 84.27547 -45.45704 
-3.187289 57.03419 -44.4276 
-57.5473 58.49948 -44.08975 
14.66666 -39.56211 18.32968 
5.418399 59.28594 -44.77649 
-3.531343 46.12119 35.14717 
18.01925 46.76119 29.40444 
-16.38444 4.763667 25.09587 
-2.153612 60.71895 -45.84727 
-20.66371 46.74912 29.41511 
-55.42805 63.95 -44.22596 
-41.40347 -46.18469 16.90643 
18.12306 24.77589 11.79086 
-60.95454 69.45119 -44.29898 
-52.93861 71.29872 -44.88517 
-59.4686 74.88486 -44.68939 
-55.8138 76.76029 -44.14946 
23.61206 47.15214 19.85989 
15.45521 -32.31818 26.02523 
2.411644 56.84052 -44.5952 
-0.2036457 57.03699 -44.12284 
4.566322 56.56961 -44.13128 
-59.94963 58.19625 -44.29484 
-13.41466 20.29006 27.90638 
-56.34887 59.14035 -44.08662 
-4.437662 58.79644 -44.73929 
-62.38215 59.99055 -44.10985 
-41.49287 -25.80502 7.12013 
-20.45102 31.19647 10.54907 
19.70333 48.96302 29.5469 
5.37016 60.70267 -43.90229 
-19.74232 32.90969 9.899426 
1.6851 67.73731 37.64192 
24.44445 52.75404 19.68514 
25.01571 54.67239 19.948 
25.98267 58.22405 19.11056 
-58.34881 76.19601 -44.37771 
16.28324 -23.20157 7.635789 
-53.65452 76.16101 -44.48362 
-26.52068 6.355697 25.5333 
20.07215 52.9211 30.52043 
31.98251 -25.00761 7.655973 
-53.60001 81.14623 -44.19596 
-48.50996 83.49239 -44.46363 
0.4199008 56.6803 -43.75185 
1.395116 56.89152 -43.82882 
3.045616 56.49217 -43.34889 
-1.426843 56.79695 -43.07735 
-60.48195 57.73943 -43.27044 
8.830509 65.46262 37.3358 
6.191481 58.65966 -43.7966 
-58.72142 58.39228 -43.31759 
-24.92711 41.65244 10.39942 
-62.19827 59.46633 -43.96407 
4.080414 68.08994 37.30546 
23.95578 41.85581 10.97393 
-55.42812 60.37374 -44.459 
24.94359 61.74797 19.51629 
-22.73605 54.06814 28.95389 
2.819209 61.31758 -44.54351 
-62.94544 63.05871 -44.28772 
-62.46537 67.37094 -43.77683 
7.229636 46.40019 35.90169 
-53.04155 69.93965 -44.0086 
-52.22894 71.33768 -43.20594 
-59.95333 72.62276 -44.28529 
-53.13116 75.4491 -43.61854 
25.62051 64.96261 19.36491 
-52.51088 79.5586 -44.28493 
-51.57603 80.20266 -44.5924 
-12.81486 -2.556337 16.86938 
26.42554 46.46395 11.11401 
20.10874 57.25483 30.65448 
-49.2305 82.22856 -44.67158 
-49.07429 82.72623 -43.71205 
27.77946 46.66635 10.46111 
-49.26369 84.33079 -44.43344 
-22.82597 56.6295 29.07017 
-51.23925 84.25774 -44.36011 
-27.63585 67.54202 19.89633 
-5.777497 58.46927 -43.3682 
32.27551 47.00075 10.75916 
-42.64316 -22.6452 7.000145 
-54.76341 61.08275 -41.96004 
34.04609 47.36573 10.55354 
-4.522526 61.13729 -43.64914 
-0.7656295 62.76877 -44.11853 
-0.1551486 62.82868 -44.36833 
-54.40259 64.76141 -43.76905 
-62.51663 66.00849 -43.31084 
-60.48302 70.29463 -43.39313 
-60.71957 71.51178 -43.33934 
-60.46137 73.29045 -43.11197 
-52.52316 73.52497 -44.00173 
-4.468119 -3.66564 36.01445 
-57.61234 76.12395 -42.55654 
58.34562 75.89626 -43.36618 
-54.1125 76.35287 -43.3656 
57.2748 76.80127 -42.82523 
33.04679 -20.98462 7.01882 
-53.89442 78.20782 -43.67952 
-5.916044 6.950574 25.2861 
52.30758 80.84402 -43.63967 
52.58524 81.63609 -43.70979 
-52.79375 83.24855 -44.12231 
-2.19964 0.8738055 44.68395 
-53.14933 83.11177 -42.57701 
0.4409592 55.05481 -42.64774 
-0.4963558 56.78137 -43.58861 
-32.60165 51.20315 10.90233 
-61.14901 58.34985 -43.00576 
-55.6082 59.87969 -42.84767 
6.311543 60.91885 -41.88556 
-4.476413 62.27149 -41.4176 
-55.12835 63.76171 -42.74503 
1.84518 62.72144 -43.79257 
-62.92149 62.61911 -43.64384 
1.970428 63.10601 -42.19327 
-61.91829 64.87669 -43.7234 
-20.71198 78.27525 18.22799 
20.27839 77.51797 18.8196 
18.1694 25.94691 15.39606 
-61.68974 69.20337 -43.00954 
-52.15657 72.26807 -43.18218 
59.2747 74.31405 -42.56982 
59.81131 74.78951 -42.36378 
36.92844 53.65411 11.13949 
-52.95475 75.82376 -42.95021 
57.7009 75.35117 -43.17353 
-56.29421 76.86218 -43.00906 
-53.59003 76.75489 -43.06964 
57.95862 77.0139 -42.65974 
-50.89968 80.20572 -44.11633 
-50.98825 78.78689 -42.59406 
-49.8132 81.06234 -43.29657 
52.6655 80.33492 -42.66837 
53.71523 79.9027 -42.6968 
51.75909 81.2617 -42.88774 
-23.78029 6.805649 25.49592 
53.55939 80.92372 -43.59689 
-54.31352 81.89568 -43.16572 
-50.61353 83.10501 -42.55801 
-51.24765 83.66427 -42.79056 
36.90267 55.47495 11.14322 
1.302319 55.43071 -41.48359 
-34.0062 56.21938 10.66939 
2.640908 55.10979 -42.00119 
-2.588721 56.42449 -43.0756 
0.9652169 56.52191 -43.43809 
-1.190813 56.22102 -42.14201 
1.741882 56.16536 -42.28669 
32.40626 -19.43383 6.619017 
4.068122 56.24904 -42.77301 
5.674783 56.59143 -43.05164 
-58.33554 58.1804 -41.44628 
19.82615 19.77786 18.6813 
24.37986 59.45946 24.77746 
6.555175 60.33292 -42.97673 
-54.56425 62.20988 -41.8589 
-5.644133 61.20707 -42.12835 
-3.522465 61.92661 -42.76063 
-24.97927 -44.36495 16.78176 
-62.63148 63.33136 -42.06052 
-0.9549679 63.04585 -42.69856 
0.2744704 63.29256 -42.51369 
-26.02573 -19.35166 19.14656 
-42.80029 -17.79138 6.560339 
-62.52509 66.11059 -41.80808 
-53.95095 68.3723 -43.14233 
-53.69033 68.03748 -41.83551 
-33.43323 58.57758 10.86803 
-52.44768 69.44615 -41.61705 
-60.74537 70.32359 -42.07264 
-52.44167 73.85931 -42.22974 
57.51239 75.58684 -41.66868 
-59.33199 75.18839 -43.09179 
29.97145 -38.85692 19.09661 
-57.19029 77.59367 -42.05579 
59.11813 76.23946 -42.82472 
-52.4749 76.89655 -42.62859 
54.19312 80.19255 -43.02105 
-55.09786 79.67139 -43.10477 
-14.39035 6.694863 25.20899 
53.72316 82.20093 -43.03729 
-2.538799 55.24536 -42.10913 
-3.475788 56.44736 -42.72815 
18.5073 69.97382 29.75283 
6.113169 56.75317 -41.13288 
30.50457 63.57141 11.10273 
6.854671 57.61454 -42.03433 
-60.15649 58.52854 -41.15435 
-59.42394 58.20331 -42.69372 
-6.378262 58.91386 -41.73407 
-57.26516 58.56011 -42.5134 
7.214884 59.59761 -41.79788 
18.2797 30.61261 18.7811 
-29.59665 64.16232 11.18927 
-20.08111 30.73588 17.88092 
-55.19355 60.15175 -41.86952 
-62.51053 61.44501 -42.44004 
-6.236436 67.6618 37.62928 
27.82331 65.18272 11.59985 
-53.33665 66.83004 -41.49163 
6.327318 87.62487 18.43234 
-52.39016 73.04107 -41.42062 
58.07405 74.41821 -42.40442 
-59.98208 75.3379 -41.64017 
57.73307 73.88229 -40.29309 
26.77148 66.99043 10.71313 
18.13622 28.82097 11.00286 
-57.63215 76.43493 -41.89422 
-14.96111 18.36319 26.64858 
-55.56966 77.2072 -42.592 
-51.82476 76.99847 -42.13842 
-50.40555 79.73654 -41.6374 
-41.79574 -13.42614 7.159931 
20.96366 -31.87731 28.99379 
-49.77488 81.71677 -42.65132 
52.20996 82.17551 -42.50349 
53.26657 82.50254 -41.90787 
54.79287 82.7051 -41.61048 
-26.04678 7.774349 25.42057 
3.381504 55.2135 -42.17964 
-0.9332829 55.35293 -41.29905 
-4.154045 56.54722 -41.59303 
-5.326589 57.25139 -42.66234 
-6.632195 58.27412 -40.50734 
-28.16728 70.9034 11.19074 
-62.16893 60.15422 -42.36366 
-62.81098 60.89708 -40.99545 
-6.121588 61.94414 -40.68589 
-26.88716 60.72154 25.47139 
3.567851 62.18607 -41.53273 
-2.175222 62.45986 -41.74419 
-11.18748 48.87645 36.82183 
-61.94533 68.75159 -41.72971 
-25.02504 74.54232 10.65865 
-51.65564 75.17004 -41.63612 
-20.30498 5.630044 25.65194 
-57.84053 77.94386 -41.35233 
54.87053 79.46582 -41.917 
-55.59939 80.36066 -41.73934 
-49.9346 80.91396 -42.32054 
55.74248 80.92316 -42.18157 
-51.42524 80.8799 -40.64833 
-54.79325 81.46661 -41.43339 
52.54726 81.89061 -41.37397 
56.15662 82.01301 -41.20129 
-38.12696 -52.77192 19.5907 
-16.62909 7.228086 26.05975 
9.191103 48.65581 36.23068 
53.77449 82.63405 -42.26656 
-1.92764 54.64388 -41.01772 
-34.78414 -52.78764 19.63915 
0.1332611 54.77187 -41.82933 
2.735066 54.33281 -40.86527 
1.596852 54.93053 -40.28455 
4.079338 55.82603 -40.79572 
15.42235 -52.43412 17.52777 
3.084473 45.67663 35.25496 
3.092623 63.2168 -40.64043 
30.45122 -52.40281 20.00118 
-1.013599 63.94707 -41.54946 
-22.36563 -51.35914 19.37978 
-62.61615 66.38423 -40.43775 
-28.55337 70.93943 6.935198 
-52.00184 70.57802 -40.9692 
-61.03441 72.2778 -41.22939 
-52.25739 71.94711 -39.98759 
59.1526 73.30042 -41.583 
-22.6761 -50.48317 19.49249 
59.44848 76.79765 -41.27968 
-50.99356 77.99547 -41.1674 
13.7788 -49.1417 19.94087 
8.912955 80.15366 29.06853 
56.17196 79.65088 -41.38046 
-51.96914 82.59789 -41.48036 
-2.448086 54.66253 -40.58279 
-1.403363 68.00641 37.7456 
3.303014 54.6879 -39.46943 
-3.7189 55.85548 -40.82928 
-5.389268 57.15606 -41.12544 
29.25294 -43.82015 16.7617 
7.31789 58.79604 -40.18229 
-39.1959 -43.53954 17.87127 
9.830008 65.80579 36.34739 
-38.25746 -48.42748 19.96695 
-56.38627 59.06986 -40.93373 
7.945489 81.78896 28.60277 
-23.03208 -48.29536 19.8241 
-62.88144 63.27394 -41.01772 
-53.50754 65.5126 -41.83034 
0.2560174 64.12144 -41.40391 
16.7033 71.65987 29.01314 
-62.65252 64.65533 -40.62989 
7.602871 80.49686 30.35919 
-0.0638793 67.63389 37.4859 
-51.25793 74.23647 -41.11084 
-60.3316 74.44125 -40.45343 
-20.86648 8.531208 25.71114 
6.067898 89.11177 11.4087 
-56.30911 78.43998 -41.73298 
-51.06661 78.62077 -40.27351 
-27.28711 62.18414 24.71798 
53.26267 80.01733 -41.63206 
0.4010988 89.51305 10.89858 
5.5189 81.70306 29.7334 
-53.65688 82.17883 -41.08368 
-40.64283 -6.14878 7.303601 
-11.98798 48.66684 36.04419 
0.6227158 67.59305 37.52341 
-2.992584 54.99425 -39.65823 
-4.87062 55.69571 -40.29447 
5.695611 56.17876 -40.30189 
6.587676 57.21987 -39.81281 
-61.21951 58.99557 -41.27908 
-55.96458 59.1593 -39.78954 
-54.50072 60.48413 -39.6025 
29.65004 -44.47976 19.62124 
6.832533 61.46983 -40.2477 
-54.0808 62.02977 -40.24753 
-54.70041 63.61494 -41.56599 
-1.331432 90.58054 10.50936 
0.1608383 64.31225 -39.65097 
-62.65167 68.60505 -40.25491 
-22.05839 45.1893 27.35618 
60.12114 72.60771 -40.308 
-59.73438 75.02623 -40.13799 
-58.3993 75.86536 -40.82232 
60.5754 75.76284 -41.14947 
-58.21177 77.81008 -40.51241 
-50.86084 77.01191 -40.71677 
29.11479 -41.24836 20.18668 
-56.44362 79.24979 -40.59454 
19.26352 -53.52638 10.66975 
-53.46239 81.62481 -40.22833 
52.95934 81.63175 -40.2454 
55.23594 82.75239 -40.11488 
1.03901 54.88101 -39.6902 
4.720571 54.24649 -39.12479 
0.9517975 2.484429 28.44911 
0.9488785 82.88996 29.43336 
-1.886207 2.50146 40.7949 
-60.04858 58.51985 -39.88386 
7.485004 60.61343 -40.31156 
3.553267 14.03963 28.53059 
14.78999 -40.27101 19.42571 
-2.760761 62.61124 -40.44353 
1.952284 63.90118 -41.1292 
-1.726345 63.84434 -40.36824 
-52.5436 67.36796 -39.53024 
35.06887 -3.087986 7.078088 
22.97653 64.21768 24.40306 
-40.41575 -2.228467 7.249031 
58.55221 72.05834 -39.54078 
16.75299 -53.56893 29.54268 
38.50945 -53.22171 10.66339 
-50.57559 75.11065 -39.85756 
57.59595 75.00955 -39.51746 
61.35382 75.35615 -39.23449 
58.13985 75.82985 -38.71081 
60.27873 76.46036 -39.19901 
-50.36589 76.86105 -39.86821 
55.48051 77.98311 -38.69124 
30.73234 -37.57107 19.95504 
-51.96977 78.92856 -38.50524 
54.40076 79.03077 -40.28239 
-57.61024 79.07854 -39.27451 
-56.24306 79.6692 -39.98511 
56.63134 82.28443 -39.97147 
48.95275 87.26102 -40.15376 
49.359 87.82681 -40.30082 
48.54198 88.14782 -39.74883 
-1.212829 54.5943 -39.0225 
-0.1245815 54.56155 -39.55256 
2.233552 54.38552 -39.5317 
31.14802 -36.02694 20.00843 
-39.59868 -36.62563 18.74877 
38.62698 -51.48104 10.35195 
5.277771 54.77911 -39.08122 
-57.62069 58.66122 -39.82957 
-62.39032 59.74908 -40.37681 
-55.34251 59.30462 -38.27602 
-7.244406 59.73764 -40.16805 
-7.28295 60.94882 -40.05219 
-4.282559 63.11866 -38.79645 
-3.732126 68.53843 37.47734 
-40.54239 -0.7319808 7.483236 
2.144369 64.15895 -38.94349 
-52.93051 65.355 -40.17479 
-62.65136 64.48943 -39.72021 
-62.34801 67.005 -38.91095 
-2.316638 46.9092 35.21796 
-60.95756 73.14799 -39.84713 
57.40755 74.62694 -38.16805 
-58.96103 75.44621 -39.33948 
-58.69342 76.77568 -38.99769 
58.05989 76.93906 -40.78112 
35.03774 -1.654084 7.429388 
-50.7808 77.9315 -39.46697 
-55.82272 79.88251 -39.2676 
57.46742 80.84789 -40.24922 
50.38083 86.55503 -39.59137 
50.83834 87.40916 -39.55378 
-24.7597 -31.0516 20.11195 
49.17963 88.70601 -39.45131 
50.21672 88.70497 -38.85472 
-3.68293 54.90179 -39.06323 
-5.419067 57.08965 -39.28669 
-59.34843 58.59971 -38.9896 
21.35195 -47.07823 29.64483 
-40.05366 -30.02002 19.5211 
-6.717909 62.23042 -38.998 
-2.558543 63.40613 -38.74971 
14.6776 -47.08341 30.20943 
-0.1907693 64.75999 -38.94891 
32.7204 -29.75757 19.55427 
-62.02066 68.70039 -38.83193 
-51.70765 69.37956 -38.85211 
-61.42757 69.94853 -39.86284 
-61.00183 72.47388 -38.20451 
-51.79391 70.99372 -38.73577 
-50.75482 74.00515 -39.31326 
61.49025 73.6636 -39.34267 
1.705999 57.14515 39.40374 
-60.92962 74.64714 -39.14596 
-27.35055 -45.19087 10.77697 
56.1819 78.39877 -39.7233 
53.33723 81.91974 -39.94539 
57.29107 82.22045 -37.89845 
-43.67928 -44.38993 11.7186 
48.70273 86.98737 -39.24052 
51.39245 88.04831 -38.82594 
-29.14955 -44.31852 9.709865 
1.007673 54.59065 -38.04503 
-12.05576 55.73223 37.12294 
-4.418611 55.59413 -39.20062 
-4.920834 56.49847 -38.70751 
6.719525 3.289878 7.287319 
5.319579 56.60919 -38.14517 
-7.419725 58.77937 -37.80196 
19.53653 -40.21484 29.44615 
21.64201 -40.30618 29.19992 
33.03503 -27.46383 19.89207 
19.35294 -38.6709 30.27487 
-62.85082 62.13791 -39.49992 
21.4255 -43.86664 11.23382 
3.041055 63.68496 -38.84433 
-1.59925 64.11484 -39.19869 
0.937901 -1.40951 44.84147 
-61.55188 69.81282 -38.25639 
-61.41479 71.34733 -39.05153 
60.92154 72.94955 -39.81119 
57.1989 72.9156 -37.80207 
-61.24983 74.11181 -38.41296 
5.415135 3.817733 6.196613 
13.50693 -22.95024 18.07697 
-50.30433 76.34862 -38.14492 
59.7355 76.52648 -38.65086 
33.80521 3.797126 6.882367 
14.40377 -22.60806 20.13914 
32.87741 -22.26581 19.83605 
-14.40817 19.0234 26.49425 
-52.37188 79.49321 -38.6069 
-38.82043 -40.26091 11.34179 
53.94707 79.48535 -39.7389 
55.88237 82.75885 -39.06662 
50.00227 86.19241 -39.13893 
51.19841 85.59984 -38.3198 
2.95123 54.25301 -37.66618 
4.420515 54.18369 -38.27433 
-25.20892 -20.12815 18.83956 
4.589855 55.62984 -37.90404 
-6.419753 57.85711 -38.68767 
7.703849 58.09887 -38.30657 
-59.50199 58.82066 -36.90354 
8.044022 59.11375 -38.65331 
-62.34443 60.87759 -38.4731 
8.18255 60.58088 -37.17737 
32.15424 -19.14911 19.34631 
-6.556954 63.20499 -37.24892 
4.866944 62.404 -38.71866 
3.952652 62.76167 -38.3516 
-52.12403 64.95516 -37.95169 
-1.890681 65.46275 -37.84044 
24.90147 -36.60172 11.19084 
2.333766 65.26419 -38.38501 
3.29286 65.0031 -37.86679 
-0.8057516 65.80708 -38.17445 
18.75854 -36.31944 29.50035 
-62.537 65.65192 -38.26588 
-51.23888 67.28114 -37.08353 
-62.13595 67.50699 -38.45272 
60.87391 71.14784 -37.72726 
20.18393 -35.84663 10.52868 
-50.91952 72.53321 -38.31817 
17.27021 -17.96955 19.52148 
18.47396 -34.81197 10.78883 
57.28212 78.01534 -38.65158 
58.61872 80.17371 -38.27535 
-56.94423 79.58906 -38.20425 
-55.06024 79.90257 -38.55883 
26.98681 -35.31527 11.10976 
-53.9871 79.48221 -37.74036 
54.20653 79.28417 -38.13945 
53.304 81.53045 -38.96967 
-27.69947 -18.84908 19.83369 
58.11345 81.42709 -38.24904 
54.27693 81.9148 -38.06468 
30.75555 -17.9519 19.34438 
22.13782 -35.13056 11.33713 
48.88414 87.90396 -38.43645 
52.21511 87.21817 -38.57376 
49.52448 88.5809 -38.32218 
25.2552 -36.17628 29.53078 
24.52935 -34.46297 10.38606 
-5.748117 55.67855 -37.68662 
-6.301254 56.50513 -37.94115 
-6.482982 57.95469 -37.50787 
-57.52935 58.34056 -38.35623 
-61.39146 59.83004 -38.48872 
-53.76675 60.96324 -38.53807 
-29.01107 -18.28353 19.85212 
23.63759 -36.47203 30.11586 
6.670109 62.4935 -37.0042 
-5.860375 6.107886 7.125314 
-63.07626 63.56316 -38.02696 
1.041085 65.84811 -37.98055 
-30.53733 -17.09641 19.95046 
-62.02721 68.57585 -37.08336 
23.47863 -33.86402 29.71938 
29.42043 -16.9084 19.37884 
57.68669 71.54218 -37.66005 
-40.02808 -32.9379 11.08853 
-37.04562 -16.05755 18.86293 
16.18958 -32.82395 10.70013 
-27.11662 46.41795 17.88439 
-50.44471 77.83714 -38.74888 
1.409269 68.52943 37.6355 
-21.61739 -31.80016 11.11125 
53.82734 80.99376 -38.02086 
50.97295 85.04055 -37.33765 
50.30491 85.64368 -37.47396 
17.52804 25.41866 18.01846 
-2.772413 54.64462 -37.85049 
-1.723012 54.33193 -37.08502 
-5.774607 48.58913 37.5766 
-40.75562 -30.66611 10.62457 
-4.242934 56.01325 -37.90342 
4.651095 56.23761 -37.23812 
11.04846 49.41304 35.63142 
6.743424 57.30204 -37.84833 
-36.54969 9.500027 7.147696 
26.0119 -15.94699 19.49936 
-62.22959 60.60314 -36.93608 
27.51048 -17.19509 21.14889 
-7.642929 61.10097 -38.38255 
-31.99613 -15.94908 19.58935 
-8.078269 62.02178 -36.72922 
7.34085 61.58546 -37.74301 
-2.965149 63.49942 -37.88229 
32.05533 -28.17481 10.51587 
2.44189 65.76354 -37.54868 
61.86283 72.5893 -37.69979 
57.2311 74.673 -37.3516 
61.99132 73.76476 -37.4519 
-60.01365 75.16619 -38.17417 
-60.39914 74.17818 -37.07625 
-50.28631 75.08791 -37.83271 
61.19077 75.51678 -36.82092 
-59.64529 75.59445 -38.03874 
-59.44158 76.62884 -37.57322 
60.07101 75.95541 -36.8021 
-57.98424 78.27033 -36.22334 
56.25229 77.16185 -37.45044 
-40.74984 -27.57331 11.36485 
17.10395 81.27146 17.88162 
-57.3224 78.54875 -37.42802 
2.98484 3.637005 29.87781 
-22.16227 24.76383 18.46094 
24.49083 -12.07816 19.79757 
13.25669 -27.45397 10.83039 
25.67945 -12.56383 19.40155 
-0.4481919 54.24585 -36.75749 
3.152749 54.37536 -36.74234 
-3.280413 55.75621 -36.61542 
2.968587 55.83394 -35.68354 
-5.900352 57.62016 -36.5889 
6.591821 57.35466 -36.27282 
-6.175527 58.13952 -36.58883 
7.594913 58.25665 -36.51072 
-57.59928 58.71336 -36.6256 
-61.84444 60.02165 -36.77665 
-60.48059 59.48963 -37.10843 
-20.78028 -24.85525 11.66007 
-8.327601 60.15981 -35.93053 
33.38204 -24.27022 11.7211 
-63.00498 62.43689 -37.95884 
-52.92315 62.75225 -38.19386 
5.530248 63.05586 -36.04066 
-62.51037 64.91194 -37.07363 
-5.590521 63.4368 -37.44572 
-4.704311 9.817965 30.60573 
24.54784 50.29752 17.87439 
-0.2179651 66.16291 -36.5287 
1.851295 66.02654 -36.21288 
57.92231 70.10818 -36.79707 
59.75916 70.66724 -37.69783 
58.68803 70.75521 -37.65955 
61.50159 70.57227 -36.91821 
33.42004 -23.1485 10.93221 
-50.52177 70.59707 -36.25665 
62.46876 71.88887 -36.27776 
56.194 74.55354 -36.73869 
-28.23036 -50.79426 10.43496 
-50.54357 75.69955 -37.13837 
57.02156 75.0399 -36.94776 
57.42409 76.56219 -36.85247 
-50.45903 76.65863 -36.97051 
2.435967 13.3193 29.40198 
-51.70783 77.37447 -36.27409 
-21.50107 -20.72228 11.08324 
57.62883 77.15717 -37.24012 
58.86563 78.74271 -37.54885 
-52.20801 78.30148 -37.22878 
54.8502 78.11366 -36.99385 
-56.11733 78.63821 -36.75308 
-28.40284 16.35001 8.75621 
15.05564 -19.89672 11.39136 
-25.76929 -49.75294 25.75365 
56.51501 82.44883 -37.38875 
26.12976 15.471 7.792241 
29.978 -37.96006 17.95153 
50.20976 86.66218 -35.39762 
49.64727 87.1824 -37.1269 
49.99734 87.45786 -36.16597 
2.330356 54.39779 -35.98842 
24.1238 16.41831 6.481379 
-5.068494 55.21479 -36.85538 
32.60012 -17.69323 10.84889 
6.83138 57.70415 -36.08657 
23.19726 -10.30027 19.61382 
8.039 59.18427 -36.58625 
-60.79825 60.24026 -35.72837 
24.62311 -9.248124 20.05466 
-21.33983 24.66266 20.39771 
26.69689 -9.231943 19.15679 
-62.2034 64.23724 -35.85635 
-2.164145 65.50095 -36.28632 
-41.41323 -15.28335 11.48967 
17.696 -8.086257 19.50459 
-61.92136 67.13285 -36.30227 
-61.41963 70.40478 -37.21685 
20.31571 37.8913 10.46328 
1.61702 14.6459 29.39293 
56.40944 72.20809 -36.55123 
25.92518 -7.890996 19.79585 
-25.14463 -7.393318 19.64496 
17.05605 24.78366 20.24636 
55.69399 76.5639 -36.6265 
59.30838 76.08356 -36.21296 
58.23461 76.39683 -36.5299 
58.23021 75.72079 -36.89092 
59.2936 78.66227 -36.7003 
-57.44529 78.39366 -35.9317 
23.00276 16.59979 7.476741 
57.1483 82.07434 -35.60059 
52.71524 85.80628 -37.90124 
31.41071 -1.858277 17.4897 
-23.17365 -6.845726 20.01269 
-22.64715 70.40223 24.57462 
50.39673 88.37098 -37.14407 
-21.15257 -11.15305 10.87197 
-5.62628 55.41895 -36.65575 
-5.520025 57.4268 -35.98089 
-19.47324 -9.696627 11.17748 
31.7197 -10.70432 11.0371 
-29.99213 -6.603891 19.69741 
-53.6678 59.95803 -36.44132 
-62.33175 62.85949 -36.27449 
-51.97963 63.59731 -36.26274 
8.031451 61.66761 -36.05762 
4.204553 63.37113 -36.48734 
26.62702 -6.624465 19.80473 
-17.68811 -8.213807 10.61419 
-3.490301 69.72971 37.65733 
-50.55947 66.81863 -35.40587 
-0.9135079 14.90609 29.79781 
0.1172352 66.62389 -35.94284 
-61.49449 68.67568 -35.69376 
58.58263 69.37493 -35.9962 
59.27834 69.44281 -36.19567 
-39.95493 -6.811311 9.691107 
62.21814 74.47534 -35.53897 
56.16944 73.9724 -35.28173 
54.79836 76.11739 -35.56514 
-21.502 71.21328 25.31256 
20.88135 19.41008 6.700468 
-51.0115 75.76986 -36.09722 
7.622176 7.905797 25.28548 
15.05688 -6.456876 19.20537 
58.85875 76.99021 -35.98325 
-18.81165 40.59097 25.9768 
14.57029 -5.429939 19.80411 
-1.231862 15.53661 29.90249 
16.31125 -10.85576 17.35167 
54.59623 78.65906 -36.04837 
54.63353 80.124 -36.32369 
27.34769 -5.433716 19.81857 
54.87756 81.49658 -36.49778 
-16.43259 -6.67002 11.0379 
13.61365 8.614188 25.7687 
54.04905 86.12038 -36.78054 
51.48151 88.47465 -37.08159 
-1.933608 54.5761 -36.27063 
-1.29135 53.33714 -35.3741 
1.705129 54.28458 -36.33441 
-3.485245 55.4996 -35.67971 
6.023005 56.1953 -36.24005 
6.216025 57.80066 -35.55606 
28.27234 -5.222458 19.32344 
-59.28786 59.65919 -34.7753 
-61.77465 61.67854 -35.87115 
-52.64309 60.85051 -35.74403 
-62.1184 62.94139 -35.33094 
21.06563 71.99963 24.73403 
-7.370082 63.25313 -35.73405 
-4.907433 64.02448 -35.21626 
3.540341 65.25336 -35.78854 
-62.52346 65.72096 -35.76794 
2.306433 66.31796 -35.68774 
-0.7762597 66.3255 -36.06121 
10.03813 -2.956186 10.36361 
-22.17669 9.209567 25.45295 
3.425837 15.80704 29.8668 
-50.0886 72.99954 -35.80976 
-60.12929 74.66511 -35.85884 
-50.10522 74.56925 -36.84029 
-15.6027 -2.60693 19.8127 
-40.1144 -1.05558 11.54657 
-53.26322 77.79039 -36.29527 
-13.19631 -1.381095 11.19836 
-56.45068 77.70209 -35.21576 
-11.70654 10.40482 25.96565 
58.82193 80.97421 -36.62206 
55.4215 81.662 -35.77164 
57.96996 81.87108 -35.63704 
51.78092 84.33063 -36.8031 
-5.766634 -9.613286 53.94091 
55.29597 85.07892 -35.13977 
55.40528 85.59926 -34.57531 
53.41978 87.49506 -36.3561 
-14.64602 -1.44231 20.05884 
1.652109 53.11006 -34.85349 
2.172298 53.78554 -35.2561 
-2.106134 55.00893 -35.05029 
-4.497359 55.25865 -35.41254 
5.175621 56.81307 -35.05506 
-6.27826 57.14109 -34.84197 
-9.150315 8.587225 25.88375 
15.88115 27.08825 7.220349 
-6.99437 58.38124 -35.73272 
-3.462853 -10.02227 54.35381 
-58.58732 58.92729 -36.10898 
-55.6467 58.77293 -35.63006 
-18.90588 26.0374 7.2462 
-57.68044 58.56173 -35.34644 
-8.057817 59.35395 -35.62901 
-19.85765 26.85802 7.291954 
-51.71747 61.32881 -34.79515 
11.66231 19.99803 26.4855 
11.33124 -0.1775404 19.85116 
-51.05268 64.58034 -35.24654 
5.408662 63.84501 -34.19683 
3.848104 65.49147 -35.25591 
-2.357365 65.82848 -35.73418 
-1.289327 67.44777 -35.53183 
4.734363 2.703041 11.15232 
6.316082 2.420824 10.90823 
2.107658 67.44339 -35.37637 
16.21761 28.759 8.0552 
58.18908 67.76736 -34.6921 
-28.71984 55.84624 17.94539 
59.92686 68.47517 -34.79236 
-11.00927 51.74968 37.49428 
57.22463 70.17874 -35.90395 
62.60535 72.24722 -34.85513 
56.28061 71.69035 -35.50903 
1.991459 3.873069 11.83485 
-49.94762 73.43247 -35.37561 
-52.06414 76.8761 -35.52411 
-50.51353 74.65248 -35.10928 
-20.06078 29.11518 7.708545 
61.09531 75.65813 -35.17945 
60.2829 76.33966 -35.30587 
-1.714854 82.98849 29.70628 
-58.37421 76.90221 -35.3815 
-19.22592 28.8978 7.097976 
59.67875 77.26435 -35.36132 
-54.66942 78.56853 -36.39684 
-53.6528 77.17731 -34.80691 
54.17978 77.14624 -35.17182 
-54.89228 77.95187 -35.23955 
-38.79271 5.034859 10.64996 
6.923975 17.74728 28.90819 
53.18745 83.69279 -36.05367 
54.07741 84.15156 -36.07516 
-5.468657 -4.408321 55.25164 
-10.93262 2.972552 20.19449 
8.995502 2.224072 18.842 
51.70979 87.83932 -35.33192 
-0.9692193 52.78421 -34.09958 
-18.17716 29.33206 7.016377 
-14.93649 52.79501 36.56336 
-4.506111 54.91212 -34.46612 
-2.445756 55.27139 -35.14041 
2.106873 55.37962 -35.03317 
-4.93414 56.73902 -34.36596 
-2.904773 6.467988 11.28101 
-19.12387 31.42013 6.892843 
9.705521 47.45185 35.01982 
-6.567935 57.53463 -34.80229 
7.967871 58.30276 -34.85019 
-55.33979 58.88039 -34.59087 
-53.27997 59.3064 -35.20356 
-1.094612 6.884101 11.11942 
-52.43123 59.79083 -34.84169 
-0.582114 6.901628 11.15666 
-60.16197 59.91323 -34.61015 
-60.91897 61.11558 -34.26156 
32.25394 9.005079 11.03939 
-51.30387 62.88954 -35.00128 
-6.752532 63.74087 -34.19037 
-61.64108 65.68864 -34.52787 
3.912183 66.27218 -35.04912 
30.81057 10.11812 10.03148 
-49.91365 68.98092 -34.55462 
-1.0084 68.40997 -34.72626 
0.6396518 67.78755 -35.5014 
3.074483 67.91382 -34.28458 
1.03837 68.46732 -34.53707 
18.3499 35.54064 6.316617 
-35.19984 11.58873 10.83706 
56.51579 69.35049 -34.83864 
29.0772 13.16107 10.95174 
55.49437 71.23866 -34.26601 
61.65604 70.21367 -35.75779 
-61.43817 71.55103 -35.90919 
-60.48914 73.36468 -36.32191 
19.89061 37.10345 6.6599 
62.6852 72.82845 -34.44274 
30.55297 -36.299 18.09782 
28.01626 13.93104 11.32719 
27.46904 14.99986 11.68564 
-51.69029 75.83997 -34.87108 
-59.02072 76.04916 -34.89655 
-5.81295 6.307283 19.71139 
-3.205859 -6.674146 46.19038 
-55.13635 76.5287 -33.54173 
54.61117 80.73408 -34.51336 
55.64497 80.84925 -34.21218 
0.9721341 5.88019 19.32392 
52.35725 82.87472 -34.47038 
54.38065 82.82163 -35.16589 
51.18705 84.39989 -36.03598 
2.331077 3.256667 29.17652 
25.75151 16.72402 10.93147 
-1.568419 52.90056 -34.68011 
0.6903188 54.34684 -35.45156 
2.558513 54.72452 -33.67298 
-50.4556 56.67456 -34.02077 
-34.49072 6.448216 20.00972 
-52.70167 57.24899 -34.82582 
5.695318 57.43497 -34.66263 
-52.12283 58.38467 -34.96784 
-11.40953 22.72436 29.86538 
17.8794 -49.66701 10.71099 
-51.40555 59.54357 -33.22253 
-8.291581 59.57666 -33.54005 
8.790046 60.32005 -34.86238 
-61.33237 61.95481 -34.76629 
2.218971 69.75653 37.69419 
30.40166 -34.96417 17.11984 
7.099498 2.665482 17.86267 
-25.21294 41.98959 7.306772 
-25.34552 20.66956 12.93062 
4.308413 64.16284 -34.9545 
-29.4939 60.26743 17.61421 
-3.287824 64.90167 -34.47086 
-61.63321 66.82023 -34.81349 
28.0341 10.71235 19.63339 
-2.857836 66.93935 -34.4841 
58.54253 67.15446 -33.44787 
26.54929 11.49082 19.64121 
-4.930201 69.07887 -34.51631 
-32.78378 11.90459 20.09837 
38.50373 -50.043 9.982722 
-61.61493 69.16266 -34.10141 
61.35684 69.2261 -35.06679 
-49.80067 70.39712 -34.37276 
-61.02127 70.29429 -34.88859 
-5.105667 70.61684 -34.63327 
-60.28298 72.27864 -34.19755 
-27.09369 44.30169 6.91316 
17.2362 27.42847 19.99513 
-50.51697 74.42908 -34.67286 
62.17691 74.04678 -34.48108 
26.27432 59.27351 17.97166 
60.6013 76.3917 -34.84098 
60.13052 78.28719 -34.72994 
54.12313 79.41761 -34.78938 
21.95041 14.64627 19.25001 
59.71149 79.33164 -35.63307 
-20.74849 28.3364 12.01866 
57.49136 81.34393 -33.60303 
54.55859 81.53678 -34.27511 
54.24995 82.35075 -34.71035 
-28.67702 46.03938 7.928192 
52.72475 87.78869 -35.12304 
-2.228033 53.63758 -33.74887 
2.131042 53.00444 -34.08664 
2.153781 54.36808 -34.36357 
3.811598 55.89211 -34.60968 
-50.85781 56.11008 -34.13402 
4.346179 56.31959 -33.90966 
-55.27436 56.69768 -33.71192 
5.835703 56.92966 -33.53788 
-11.98201 28.59462 30.03146 
-6.063313 57.57653 -33.89453 
7.024535 57.94055 -33.94614 
-6.97778 58.61199 -33.79476 
8.653595 59.27192 -34.46118 
-20.5191 35.5172 11.20322 
-57.39219 59.1945 -33.82964 
-22.49817 48.02508 27.73824 
-8.838462 61.65712 -32.74121 
8.640113 61.94256 -33.55118 
-8.419754 62.81928 -33.27732 
-22.04058 37.24158 10.43749 
7.521398 63.23142 -34.11495 
-61.15314 63.06197 -33.90555 
5.004254 64.49352 -33.12012 
-24.60752 18.30274 21.14959 
-3.638026 66.40326 -34.05488 
-4.195704 67.54906 -34.12634 
4.356333 68.21098 -33.46725 
-2.915534 68.245 -34.24333 
-3.411968 69.21295 -34.06382 
-11.16113 30.18851 30.63989 
62.58057 69.23346 -33.61225 
-24.7328 41.71114 11.34404 
-60.32728 70.33438 -33.08699 
-6.70218 70.83389 -34.17405 
11.08064 29.00839 29.96163 
-21.84641 23.90468 19.97047 
63.5373 71.96365 -33.07452 
-7.417863 71.52274 -33.64426 
17.15101 24.32182 20.11045 
-49.52701 73.20138 -33.53007 
55.2486 73.28697 -33.80972 
-25.60842 42.20889 10.40899 
54.11406 74.98567 -34.04446 
-27.09012 43.14551 10.63296 
-51.42539 74.13241 -32.76558 
-59.87072 74.03504 -33.82827 
-52.85791 76.80878 -34.30472 
53.94751 77.16003 -34.23648 
55.73248 82.60382 -33.91776 
-22.67038 -32.55637 17.34674 
53.44738 87.19291 -33.47348 
0.7232504 52.51119 -33.07706 
1.654861 52.48167 -33.6388 
0.07389048 53.83183 -34.01528 
-3.972585 54.18457 -34.23206 
-2.843982 53.27652 -33.06021 
-4.250329 54.19105 -33.23651 
-51.81767 55.74587 -33.85509 
4.188224 55.5896 -33.24517 
-49.85497 56.03248 -32.94433 
-54.22745 57.16951 -34.21321 
-50.17186 56.86874 -33.32618 
-6.605811 57.40955 -32.97362 
-55.4318 58.50979 -34.18424 
-39.66263 52.82952 7.511063 
-57.88636 59.5271 -33.48138 
-50.21825 62.22026 -34.18045 
-48.11752 64.76514 -32.33516 
-4.084255 64.52161 -34.04867 
-49.34252 65.91183 -33.63766 
-19.68565 34.24902 18.06664 
35.21012 49.12449 10.76132 
-4.313669 66.79884 -32.96945 
4.529284 66.59952 -33.40704 
13.85365 10.80736 25.72312 
57.65448 67.50869 -33.48521 
-61.79549 67.9254 -33.78402 
-20.09751 36.54672 18.57019 
4.096907 69.21481 -33.17847 
5.722789 69.16169 -33.66986 
-18.50227 55.96606 34.95756 
-22.54185 11.17253 25.47885 
36.71784 51.41248 10.76674 
2.724429 69.28724 -33.64545 
7.131413 69.64833 -33.47208 
41.37154 54.39978 6.684187 
-6.542012 69.90817 -33.18879 
-1.374798 69.71761 -33.96104 
-49.15484 70.42201 -32.84556 
-20.40591 38.72455 20.62497 
-12.87159 36.79988 29.3904 
-49.77264 71.3895 -33.29248 
-49.90565 72.12378 -34.60655 
-4.110889 71.87351 -33.30515 
40.79556 56.80191 7.509248 
-6.299005 72.17883 -33.76394 
-59.63216 72.70999 -32.86257 
-52.07665 75.76131 -32.9329 
-57.1018 76.7711 -33.8128 
-34.4352 53.8886 10.57648 
53.71716 79.14073 -33.07262 
59.27797 80.48364 -33.4363 
53.6483 80.3699 -33.73522 
55.55186 81.56113 -33.56091 
40.51687 59.57101 6.391243 
-39.5856 58.17575 7.428059 
51.06332 84.87037 -34.7339 
56.10588 83.92342 -33.63737 
22.23287 42.29256 20.0925 
-25.66427 42.3803 19.18762 
-37.84558 61.445 7.057612 
-1.942354 71.91502 37.20711 
1.285178 52.0168 -32.2071 
3.789323 54.499 -33.28739 
-53.42989 55.45661 -32.96041 
-50.70562 54.9679 -32.58502 
-55.01664 55.46781 -32.4855 
23.30803 44.31213 19.5767 
-40.49002 -32.43725 17.55392 
-4.58479 56.97219 -33.30132 
-56.59659 57.44829 -33.1422 
-51.37895 58.29241 -34.05903 
-57.69361 58.87675 -32.98562 
-49.65409 63.53937 -33.50154 
8.542199 63.18313 -31.61745 
-15.18991 83.18001 18.86881 
-7.425076 63.83215 -32.95791 
24.23012 51.2271 19.32207 
14.47725 40.61192 30.75001 
-48.90327 67.2128 -33.60065 
-6.053678 68.51358 -33.25796 
6.604628 68.46796 -33.49722 
-61.3647 68.87991 -33.21248 
31.56872 -31.77553 16.95946 
-28.45624 55.35312 19.91892 
-2.627542 70.2319 -33.12821 
4.998103 70.09982 -33.23431 
15.29575 79.05251 24.62197 
54.65888 71.05527 -31.21636 
-29.63673 58.20919 19.73534 
-49.78815 73.79069 -33.46451 
24.43353 68.81889 17.41905 
60.6097 75.66784 -33.91502 
-55.19535 75.80484 -32.60285 
-53.28561 76.2784 -32.4901 
-15.92487 56.45346 36.41852 
-17.42256 57.14731 34.95524 
61.08599 77.84068 -33.76502 
-23.06905 53.17081 27.99385 
51.97427 80.8633 -32.80562 
56.5585 81.89979 -32.58879 
56.1719 84.95277 -32.43967 
-39.28623 -34.38974 19.24904 
55.38546 86.03706 -33.06802 
-29.78478 60.20483 19.35386 
49.63733 88.73582 -33.29645 
49.49022 89.65987 -33.34855 
-29.76 61.57265 18.82307 
-0.05116708 52.62614 -32.84169 
2.330349 53.85819 -32.04881 
-51.96042 54.73291 -31.95926 
-56.34411 56.75302 -32.66416 
4.74424 56.40717 -33.14209 
6.668387 58.05595 -32.46431 
-51.02311 58.59737 -32.41319 
-6.728637 58.8295 -31.90669 
8.344051 59.34331 -31.02275 
-59.38521 60.18948 -32.94134 
-49.66376 60.62436 -33.06072 
-5.520782 4.460016 28.3624 
-19.36475 30.8511 19.8741 
-61.37006 64.73416 -33.11555 
-6.013072 64.55839 -32.72248 
-20.63673 45.22747 29.14345 
-19.12945 44.12589 29.73359 
-4.188099 65.90219 -32.62973 
-26.58324 73.05789 11.41135 
-6.690349 67.17609 -32.55612 
5.550677 67.56069 -33.10875 
-60.39671 69.1153 -32.45536 
56.42804 68.00228 -32.24429 
6.863346 68.27213 -32.12169 
22.05389 74.72891 11.14953 
55.81298 69.05938 -32.69095 
3.460074 70.07851 -32.22509 
-26.23839 69.08409 20.31658 
-1.819941 70.88873 -32.54591 
13.47147 -34.94963 16.96519 
20.57261 76.83577 11.10712 
24.07085 70.63734 19.61198 
54.80611 72.21892 -31.89616 
-60.20856 71.45982 -33.00515 
-7.539444 72.65101 -32.36971 
18.82884 78.05291 11.35844 
-20.21127 79.36886 11.85474 
-23.97728 54.93215 27.62737 
18.4522 48.85179 29.86248 
-19.97379 79.43771 11.18971 
17.74446 80.6346 11.3408 
-20.92517 48.88112 29.94123 
16.54569 80.99178 11.67862 
51.83195 80.25811 -32.07714 
52.40417 82.14527 -33.55367 
57.17436 81.29681 -32.66762 
51.71196 83.47175 -33.02556 
51.59113 84.67601 -32.62192 
-40.02864 55.00335 7.608179 
51.80907 86.2405 -32.64303 
54.83468 86.07301 -31.53757 
20.78205 75.81284 18.67117 
51.0925 88.53505 -32.01359 
48.84996 90.15746 -32.19397 
-2.232195 52.60147 -32.38475 
-49.34832 55.0265 -31.73012 
-20.52717 78.19343 20.62715 
-26.81421 71.79805 6.953797 
-25.86957 72.00809 17.10402 
19.13348 78.4595 20.28194 
-57.74364 57.14992 -32.42953 
4.396602 56.92171 -31.89983 
-25.12953 72.55016 7.19301 
-58.40554 57.58267 -32.23702 
8.834769 60.22869 -31.72231 
-60.25426 63.67853 -31.78764 
-48.626 62.55793 -32.40443 
31.65232 -35.00945 18.85626 
-25.66751 72.61034 17.88415 
-47.82563 62.88859 -31.46946 
9.04071 87.82097 11.14733 
-6.989633 64.08874 -31.41691 
21.85339 73.31042 6.810704 
6.822753 64.08765 -31.84505 
-6.444779 64.95763 -32.01921 
-4.22106 65.09222 -33.04121 
-61.15596 66.48267 -33.25704 
5.362777 66.07667 -31.66521 
-60.34133 67.7643 -32.19928 
-47.82721 66.72598 -32.53149 
21.22463 73.82978 6.79293 
-7.900025 68.50444 -31.91592 
59.01836 67.19803 -31.98485 
16.75021 80.61124 20.71922 
-48.34144 69.01498 -32.34837 
62.84754 69.67151 -31.55399 
8.48386 70.63798 -31.86394 
-47.94158 69.95984 -32.42494 
4.996058 16.04896 28.64295 
-23.03 74.4796 5.965561 
-1.250819 66.01288 38.70885 
0.2071007 71.40953 -31.11543 
7.783279 70.87809 -32.61949 
-59.45903 72.7177 -32.30005 
6.336379 70.79634 -33.13745 
-15.78686 82.88702 20.24026 
-49.6265 71.63352 -32.28014 
-13.97632 83.18238 20.18589 
-4.68885 72.68047 -32.30682 
23.17639 71.9571 17.58673 
-57.70972 75.49608 -32.88311 
53.33805 76.36163 -32.89956 
61.15052 75.2897 -32.38245 
53.30654 77.9999 -32.24829 
60.52539 79.31575 -32.88316 
59.63994 80.45155 -32.25771 
-20.62974 78.3919 8.170335 
12.91266 51.17889 34.78331 
-49.58859 -52.92996 11.64749 
51.43013 83.42466 -32.0174 
51.62505 84.99109 -31.51744 
50.38895 87.50118 -32.2505 
16.51616 79.55468 6.461481 
48.56026 89.18932 -32.43066 
51.06366 89.53993 -31.62951 
49.55648 90.46647 -32.11827 
9.128782 54.67876 37.55853 
-1.291542 51.86206 -32.47233 
2.027457 52.57137 -31.77845 
-3.676131 52.99897 -32.16005 
4.111829 53.90079 -32.25266 
4.322356 54.78693 -33.03164 
-55.97903 55.68849 -31.63497 
-49.08778 55.95879 -31.39071 
-22.74999 58.02747 30.81263 
-5.735307 56.06346 -32.03854 
-57.01834 56.0823 -31.58925 
-58.86963 57.96389 -31.22175 
7.554295 58.61049 -31.73392 
-50.42435 58.01727 -31.53436 
-58.77049 59.07937 -32.20921 
-50.00168 59.30227 -31.99656 
-59.84491 58.96449 -31.49404 
-49.11097 61.73148 -32.39311 
8.877059 62.34878 -30.24869 
2.910203 82.91833 29.23495 
-6.523257 66.0129 -31.60099 
-5.417907 66.1474 -32.04725 
18.00395 -52.78913 11.56184 
61.38747 68.47366 -32.38968 
-3.694816 88.07839 20.55299 
-47.01841 69.89634 -31.99545 
-45.63676 70.27547 -31.72576 
-47.05375 70.52541 -31.97481 
-17.56212 59.2279 35.41283 
-49.70412 -52.05608 11.51357 
4.68854 71.2439 -32.26712 
3.234713 4.826674 29.98246 
-50.13166 -49.66183 11.04804 
6.532461 71.98801 -32.02674 
-5.5432 -10.34921 57.66005 
-3.050617 72.35879 -31.08839 
-50.66771 72.96117 -32.03389 
-7.312369 73.22407 -30.60167 
-22.29882 64.02166 30.2489 
62.60435 73.95375 -32.29711 
-58.47367 74.12514 -32.21765 
14.27973 83.2127 7.222925 
29.27568 -53.67712 19.99206 
-54.06636 74.5946 -31.27576 
-4.303635 -3.458512 38.36325 
61.15904 77.63286 -32.41238 
60.75079 78.80309 -31.85497 
-37.16309 -53.3139 19.42943 
58.08121 81.32743 -31.77077 
-28.18613 -53.19131 20.48362 
35.73203 -47.66053 11.46354 
-25.08264 58.17862 27.39876 
-1.893954 51.18978 -31.53007 
24.56714 43.88902 10.82698 
3.824548 53.34169 -30.86205 
-53.42971 54.03493 -31.13389 
3.995449 55.96214 -32.01991 
-5.631756 55.00716 -30.91619 
-4.332396 56.285 -32.45016 
19.40481 66.06758 30.00975 
30.91689 -53.08397 20.03756 
18.72636 -47.15954 11.14855 
-6.05797 55.6344 -31.11341 
-6.37969 56.40606 -32.0346 
-6.307019 57.75039 -30.9512 
6.19008 57.08884 -30.86232 
-30.69158 -52.68569 20.63242 
-7.627275 59.87379 -31.53022 
-48.86787 60.39742 -31.73283 
-60.54635 59.84332 -31.09138 
14.34796 -52.66613 19.66974 
-59.77154 61.10533 -32.38015 
-60.72227 61.1035 -30.58928 
-47.42212 61.39214 -30.4878 
-4.186069 0.3042148 44.99157 
-47.36005 64.23537 -31.53936 
17.11379 -52.87587 20.45615 
-60.22212 64.92739 -31.13372 
21.63243 -52.76234 18.47062 
-46.94736 65.99339 -30.90861 
-47.76575 -46.02717 11.34636 
-7.380062 66.63953 -31.00654 
-16.19003 60.21754 36.10427 
-26.91935 -46.13287 10.89306 
5.488755 66.46413 -31.65796 
57.49186 67.33138 -31.99495 
-59.57898 68.67253 -30.42155 
-9.642896 88.11893 7.683288 
32.56732 -46.14162 11.68085 
18.26248 35.30661 17.70595 
-22.46801 -27.58678 16.59235 
8.785641 68.84782 -30.48701 
-25.73051 60.06769 27.17022 
-47.59259 69.06892 -31.42444 
18.90146 68.17237 29.96355 
-43.86602 69.5247 -30.04703 
8.306197 69.87388 -30.91113 
-8.625535 69.89263 -29.73878 
30.09372 -51.13943 20.72025 
-59.20921 72.47659 -30.95355 
19.79519 -44.71668 11.61919 
30.67675 -49.60691 19.89928 
-52.60218 74.00468 -31.39364 
61.57996 75.12711 -31.64568 
29.91102 -48.56885 20.41129 
53.08316 77.00126 -31.17325 
62.03831 76.75156 -31.36264 
-17.84922 17.73372 25.29867 
61.98232 77.06853 -30.84007 
-6.046025 90.19091 9.281022 
27.22343 -43.97141 11.14258 
51.13786 82.43752 -31.6595 
57.84582 83.1739 -30.56736 
56.88333 83.62045 -31.32676 
-40.37069 58.25751 6.216809 
16.44883 70.67184 30.22249 
50.97902 86.7858 -31.67069 
49.09286 88.9791 -30.12213 
-18.87507 94.58375 -31.33501 
1.000801 51.36385 -31.61512 
2.813576 51.62841 -30.34414 
2.299447 51.96711 -31.24919 
-18.36929 71.97829 29.9304 
22.98596 -43.1263 11.43564 
25.53363 45.70505 10.63404 
-51.02264 54.14159 -30.86728 
-4.205458 54.49561 -31.25762 
-54.84853 54.3059 -30.50496 
-48.33358 54.62604 -30.52978 
-4.132926 55.10734 -31.48416 
-57.85276 56.73708 -31.43585 
-26.01339 -41.00296 11.11529 
-7.270366 61.02984 -29.85779 
28.5696 -44.10633 20.01074 
-24.95875 -39.64466 11.0949 
-8.748397 60.8768 -31.94127 
-8.712317 62.8909 -30.63795 
-31.77327 -53.73663 8.735819 
7.2334 64.61334 -30.81379 
6.008031 64.71718 -31.67208 
7.45029 66.22157 -30.30009 
19.36745 78.06056 16.9224 
-60.06868 66.5423 -30.73563 
59.8239 66.9711 -30.70461 
7.731938 67.36275 -31.17947 
-27.87269 -9.871302 17.75451 
-46.74583 68.92054 -30.81258 
-45.98803 69.45439 -31.66469 
-37.76261 -41.71635 19.48764 
-43.94755 70.11676 -30.19294 
-59.72358 70.37329 -31.35049 
-7.449333 70.63005 -32.47781 
2.354239 72.31063 -29.97878 
-21.27508 75.85967 6.852483 
-1.376683 72.15462 -30.6896 
23.73056 -36.17758 11.77845 
8.352613 71.89645 -31.05062 
-50.28402 72.37203 -31.49916 
-48.4922 72.10076 -31.19713 
38.87999 -53.80114 7.798181 
63.10053 72.45644 -30.98025 
-15.37561 74.34261 29.82282 
-51.64186 73.1759 -31.25845 
19.1809 -36.39199 11.77936 
23.64063 -35.40516 11.4285 
53.17402 75.00468 -31.31404 
-56.21225 74.90195 -31.14484 
29.95585 -39.99675 20.48856 
-49.89425 -53.09357 7.804727 
-24.71018 -39.57768 19.98539 
13.43197 75.79976 30.64533 
58.39124 80.64405 -30.70275 
59.611 80.01986 -31.02773 
51.34513 81.70161 -30.99712 
-46.35624 -53.28049 7.569038 
53.24152 85.36169 -30.38265 
51.30536 85.56075 -30.42584 
-3.963775 43.92015 34.76497 
-36.69723 -39.22345 20.03584 
49.34439 87.24667 -31.18234 
52.37653 87.16253 -30.07243 
14.01464 -38.22768 18.63439 
-14.91772 90.15305 -30.77768 
-40.4613 -35.22355 11.37751 
-22.67542 -34.38065 11.81082 
-16.55964 92.16096 -30.9725 
17.41892 -35.0944 11.33156 
-17.49659 92.95177 -30.85079 
17.01025 -33.89366 10.92025 
-20.2605 95.46197 -31.46523 
-24.57363 -36.84116 19.46893 
17.926 79.72506 16.90169 
-1.069258 51.13136 -30.73399 
-1.419872 -6.658346 46.3309 
0.009197908 51.04897 -31.21157 
-3.492846 51.62757 -30.64185 
-3.550865 52.54237 -31.58099 
3.670938 52.29951 -30.35402 
13.24931 -35.7618 19.8234 
-49.22604 53.69031 -30.30351 
-4.947735 52.76551 -30.38256 
4.302894 53.9733 -30.66534 
4.768717 17.43169 29.00464 
-57.1987 55.65329 -30.682 
-55.97842 54.28407 -29.99545 
-24.39224 -35.17954 19.96127 
4.079879 55.8854 -30.68531 
22.2765 -53.1892 8.085014 
6.773989 58.12211 -31.37516 
-49.25109 57.69475 -29.98866 
-17.50007 19.04298 25.90766 
31.84444 -33.63576 19.01144 
-48.84749 58.82199 -30.71671 
-7.156068 58.86278 -30.457 
-47.68373 58.90038 -29.47873 
8.570157 60.68249 -29.73391 
-8.666122 61.85961 -30.19915 
-16.04842 24.36701 26.59473 
-40.26311 -31.9272 11.3017 
-21.34726 -31.11207 11.48647 
56.17084 66.84171 -30.53557 
58.88696 66.66637 -30.7594 
13.85634 -31.04722 12.29707 
7.204451 83.98383 24.21088 
-47.10046 67.61302 -30.69403 
54.97985 67.74868 -30.36094 
-46.79382 68.00434 -30.17598 
61.33613 67.93812 -31.12368 
-38.96794 -30.9681 20.28064 
-9.092409 79.86338 30.28709 
13.59204 -29.96844 11.52805 
-17.79067 20.41241 25.39119 
8.664862 70.25443 -29.7996 
-44.21336 70.97495 -29.70789 
63.50435 70.07607 -30.35002 
-8.034101 71.82542 -32.46701 
3.403641 70.9138 -31.1896 
-47.23648 72.591 -30.10506 
13.28014 -28.42329 11.42777 
4.559516 72.72888 -29.65117 
-20.72001 -28.10295 10.34652 
-42.42204 -52.8101 6.782747 
-0.2378123 72.42104 -30.32166 
6.002738 73.25809 -28.99742 
-2.522381 72.90012 -30.62916 
-58.66453 73.40434 -30.94538 
-5.669851 73.43979 -30.10159 
1.561857 73.89445 -30.47581 
12.64024 -30.17153 19.67159 
-41.92908 -25.81203 11.91461 
-52.85199 73.70604 -30.91165 
-56.08588 73.5152 -29.76704 
-29.88374 -52.19988 8.5934 
-20.85344 -25.88244 11.9419 
62.07657 75.69172 -30.22149 
60.84431 78.96543 -30.78415 
51.47143 83.23026 -30.15892 
56.07814 84.89281 -30.28729 
-6.524927 -4.037546 52.38105 
-11.8117 86.55942 -30.31294 
19.86057 -53.40799 30.08245 
-39.49148 -28.92368 19.86577 
41.33344 55.25526 6.609107 
-11.97559 87.27939 -30.75355 
-13.52544 88.26656 -30.41933 
3.887582 81.7885 30.15917 
-14.55311 89.44928 -30.3477 
-13.99655 89.31837 -30.8469 
49.85714 90.00469 -30.49311 
-14.33407 90.30321 -30.8239 
-12.9183 90.99721 -30.40613 
-15.50949 90.68314 -30.26819 
-17.07594 92.40773 -30.42395 
-16.80777 92.97933 -31.07112 
-22.63318 -24.5711 16.9746 
-16.6749 82.64519 17.14855 
-22.74545 50.27599 27.93337 
-17.79726 95.98375 -30.46083 
-21.44012 96.098 -31.28633 
-19.26464 96.86911 -29.79028 
13.76429 -22.38075 11.16203 
4.420068 52.97268 -29.69383 
-5.719955 54.0441 -29.66048 
14.53763 83.46459 17.84686 
-5.759496 54.45813 -30.30072 
-39.99961 -25.23114 19.45954 
5.737813 56.48415 -29.9877 
-59.76681 57.73676 -30.18975 
-9.822679 84.01987 25.15849 
-49.58783 57.30424 -30.32746 
33.18139 -19.68942 11.66581 
33.72228 -51.50538 7.806717 
6.035658 58.38167 -30.03485 
6.440332 59.42503 -29.93031 
-60.69061 58.46922 -29.40541 
7.676011 59.68798 -29.97116 
-41.75008 -19.87949 11.7088 
-25.28799 -23.70126 19.89939 
-61.43872 62.03128 -30.13995 
-8.931767 62.31312 -29.66486 
-60.30049 63.48223 -30.98286 
-7.967766 63.50024 -30.98183 
7.894917 64.04591 -30.16762 
-60.46576 65.27839 -30.41397 
-7.862446 65.86674 -30.72238 
6.900159 65.78586 -30.67203 
-46.09086 66.2356 -29.80568 
32.39553 -16.22217 12.1949 
-41.68742 -16.959 11.80867 
-23.58823 -16.45071 11.58228 
-25.71391 -22.45932 19.95726 
8.868978 71.37038 -30.18033 
-46.5125 71.39029 -30.65403 
-7.079548 84.55222 24.88552 
3.986127 72.6489 -29.5784 
12.54182 -23.87749 16.26142 
-4.416296 -6.271429 46.53085 
-58.42612 72.96571 -30.25461 
-57.3459 73.82361 -30.84367 
18.75355 -48.88651 9.55634 
-50.02215 73.70445 -29.97829 
-54.07015 73.82729 -30.31245 
-51.88918 73.64888 -30.33907 
-5.588066 73.97445 -29.75091 
-4.204958 73.28381 -30.4295 
-4.452621 74.59482 -30.41035 
17.41695 -52.80735 31.76075 
-2.793782 74.42159 -30.71614 
-4.524159 75.50631 -30.10722 
52.83405 75.28336 -29.55386 
61.95607 74.4698 -30.56559 
-23.90629 -11.96052 11.7816 
-27.38381 -20.5379 20.23335 
21.64816 -53.01735 29.73093 
51.35076 79.17472 -31.12551 
50.86811 79.28589 -29.67649 
-50.35665 -47.83586 5.804569 
-22.74437 -11.54532 11.27509 
50.9599 85.30756 -30.10726 
14.88654 -52.12579 31.12972 
-24.30256 -52.93111 17.3413 
-10.69442 85.8661 -30.10209 
-20.75345 -10.89138 11.53699 
49.68719 85.88821 -29.99745 
48.79651 87.87794 -30.55338 
-5.672846 -4.809398 46.67602 
52.20148 88.54545 -29.8681 
-39.4393 -10.27761 10.9993 
-18.2377 93.49854 -29.84111 
-18.09207 54.12022 34.98186 
-20.17573 94.76662 -30.71854 
-21.74069 95.45001 -31.0374 
-3.962182 57.68083 39.33661 
-16.5038 95.33221 -30.2977 
-21.97691 96.42048 -30.35168 
13.68424 -8.683723 12.17933 
-4.81705 52.90774 -29.67905 
-3.333498 52.39081 -29.57943 
-48.91999 -47.3102 7.984673 
-57.46303 54.70195 -29.40643 
-16.4217 23.83574 26.14812 
-48.40155 55.44341 -30.30507 
5.57686 55.57088 -29.25101 
-58.36512 56.47637 -29.87557 
15.0815 25.16304 24.80982 
12.9585 -7.512937 12.48232 
-46.57301 60.58362 -29.53489 
6.79686 59.79752 -29.28712 
-38.93888 -6.085424 12.26822 
7.341128 60.70621 -29.1029 
29.40952 46.73076 10.58151 
-61.60072 64.79711 -29.47991 
-9.103092 65.67653 -29.59703 
-8.116902 64.60833 -30.27348 
57.04442 66.00618 -29.33637 
58.93056 65.70438 -29.54472 
-16.80083 26.10382 25.83971 
-39.37098 -4.072487 11.7462 
8.953607 68.32525 -29.95753 
-59.90031 67.58089 -29.89175 
-46.22126 68.54147 -29.52736 
-44.83561 69.05182 -30.3171 
-10.59861 87.27332 17.66285 
-13.87992 -4.37168 11.44142 
-8.694462 70.83919 -29.46146 
-44.87169 71.58965 -28.75678 
-33.01333 -16.61734 19.86137 
-58.21547 71.85434 -29.25867 
8.689566 86.97447 17.416 
-46.35542 72.7685 -28.77094 
18.11117 -17.65678 20.06993 
2.657047 -1.599564 39.05973 
-13.30113 -3.343765 11.31897 
7.477917 72.67206 -30.21161 
-29.35716 -46.45207 8.655675 
-12.54304 -2.332651 11.91345 
-34.21105 -16.63594 20.02436 
63.31187 73.04196 -29.68793 
-53.62551 74.30579 -28.69603 
34.46685 -2.992654 11.59759 
3.494868 74.26988 -30.13356 
-5.677853 84.97559 24.34985 
0.1107936 75.27476 -29.79665 
2.478401 75.2636 -29.85337 
19.30483 -16.07908 19.39038 
61.53156 77.51117 -29.19108 
60.08525 79.42065 -29.33579 
59.15102 80.20413 -28.94879 
58.14149 82.12092 -30.05147 
20.87726 -15.39611 20.00707 
50.87287 83.76234 -28.86106 
-44.83666 -45.19073 7.558036 
55.12633 85.21967 -29.65508 
18.16039 -46.97519 30.93533 
-30.11501 -44.94988 8.032342 
-12.05997 86.63977 -29.73119 
-5.884185 -0.9083201 41.45179 
51.07183 89.71812 -30.44499 
-14.67341 90.25566 -29.3674 
-10.32568 89.09412 -29.87369 
-15.98668 91.70604 -29.34366 
-12.00025 91.38377 -29.82926 
-14.14082 92.6248 -30.41387 
21.43985 -38.91924 30.39153 
-22.71008 95.7713 -29.78846 
19.4656 70.29517 27.2174 
1.174003 51.66582 -29.45916 
-51.67405 52.74275 -28.77387 
-45.7891 -44.85947 7.712949 
23.43249 -15.53955 20.09284 
-3.841221 52.82004 -28.8157 
5.042047 54.27888 -28.86823 
5.141588 54.68599 -29.40663 
23.09827 -39.18261 30.08731 
-58.37685 55.3497 -28.65013 
-7.00144 3.949297 11.26145 
-6.729208 56.32988 -29.34216 
-59.60799 56.90022 -29.12293 
-48.26094 57.09472 -28.78584 
6.140047 57.34348 -29.36766 
1.044657 -3.625757 45.77085 
-6.095931 -3.690404 47.08995 
20.08397 -13.78021 19.69315 
20.86565 -11.46993 19.64952 
6.331293 59.00533 -29.26205 
-31.3159 -44.80959 7.429023 
11.99715 -3.687236 18.48424 
-7.530176 61.68855 -29.42221 
-61.60276 63.23423 -29.03052 
-46.56551 62.61208 -29.99081 
-8.992321 63.47923 -29.8724 
8.578506 63.75159 -28.57808 
4.71696 87.70863 16.74485 
23.56073 -38.59394 30.13634 
13.76995 -21.97425 16.42525 
-45.7331 65.28368 -28.9958 
8.181053 65.40739 -29.38787 
55.20373 65.72113 -29.44908 
25.3766 -44.69885 8.435232 
59.73202 65.68002 -28.50784 
-8.33436 67.78687 -30.24022 
23.0799 -12.32568 20.07593 
-4.221303 5.82711 11.8978 
-59.43945 69.49247 -29.67891 
-43.49628 -44.82338 7.534668 
53.96164 69.40067 -29.50878 
63.02843 70.41377 -27.90378 
-58.834 71.12025 -28.45758 
22.51366 -10.7607 19.70758 
-0.008440418 6.550895 11.32494 
-9.020339 72.06776 -29.91149 
22.39339 -44.88582 7.688341 
63.40299 71.29966 -30.72932 
23.9205 -44.63184 7.988381 
-55.88308 73.53921 -29.31404 
20.81893 -10.41032 19.95332 
-8.714417 72.75456 -29.81118 
21.42188 -37.864 30.7438 
5.284842 73.36445 -29.03837 
22.21004 -9.586461 20.24667 
-6.939444 73.81485 -29.23895 
-51.72922 74.07387 -29.37096 
-6.149513 75.15102 -29.79815 
-8.389912 75.45083 -28.62234 
-2.763863 -0.9208046 30.4219 
22.79448 -8.329326 20.34798 
33.42234 5.853885 12.36663 
2.001338 76.67936 -28.50675 
-3.420021 76.17885 -29.41071 
33.13713 -21.17602 17.05347 
-5.704374 -1.615646 45.9151 
51.06668 79.54638 -27.84499 
59.1926 80.9939 -27.94106 
57.08024 84.29987 -29.17461 
11.33305 84.43186 -29.32726 
11.79734 84.04944 -29.07789 
-32.80692 -43.89359 7.339233 
12.38004 85.59226 -29.35622 
-5.856516 43.38153 34.72485 
53.49389 85.31204 -28.80452 
-10.97601 87.90263 -30.22986 
-5.17239 88.39486 17.87432 
53.12048 86.71598 -28.52197 
12.3238 86.61713 -29.46928 
13.3845 87.30313 -29.1753 
-13.20498 88.77823 -28.48539 
-34.40152 -42.94324 7.203009 
-13.05444 87.72086 -29.98278 
14.24945 26.07276 26.78308 
13.53242 88.77181 -29.31664 
14.00371 88.37985 -29.35177 
14.57541 89.30511 -29.25912 
-31.95825 14.82698 11.5485 
16.95029 -7.480265 19.74203 
-3.472845 1.414706 29.39443 
13.36601 -47.98707 27.72502 
-27.82598 -6.000381 20.0453 
15.87751 91.94234 -29.10684 
-31.06745 -39.85321 7.414985 
-12.18208 93.60934 -28.22252 
2.419915 1.642522 30.35596 
-19.46818 93.63745 -28.59193 
0.8087368 -3.11771 46.99819 
-28.90624 -6.43344 19.85578 
-28.35574 16.9466 12.09764 
-20.5149 97.08086 -29.14668 
23.70021 17.38681 12.62032 
0.1663732 51.57376 -28.8374 
-31.1743 -5.827168 19.64615 
2.928743 52.07831 -29.47254 
22.3339 18.27097 11.96633 
-52.96752 53.63258 -29.9241 
23.66303 17.67072 11.49504 
-53.97562 53.76007 -29.25175 
-47.481 54.30611 -28.69881 
-57.21737 54.39893 -27.74017 
-5.569731 3.823402 30.15148 
-1.42589 85.9887 25.43396 
-2.127507 89.15588 17.8362 
-34.55843 -40.19249 8.038848 
-32.81873 -39.46429 7.410408 
-7.784946 59.0369 -28.90214 
-46.72336 59.13349 -28.74459 
-8.411482 61.2981 -28.1172 
-61.93925 60.99724 -28.56153 
-10.15843 63.00581 -28.64367 
-23.94311 22.02908 10.77357 
-5.679281 8.356187 29.4226 
-61.28808 66.715 -28.96833 
53.74556 67.46744 -28.69596 
-35.37786 -39.52151 7.599349 
-45.51972 67.90761 -28.27244 
60.94474 67.24049 -28.73627 
-60.70191 67.84561 -28.52139 
0.0887759 89.39562 17.49011 
-60.55392 68.9922 -28.41745 
-45.28693 68.45446 -28.76598 
-34.339 -38.92057 7.420584 
62.55234 69.05116 -29.45196 
-9.503929 69.76318 -28.85644 
3.095955 8.982811 29.83938 
1.832662 9.727285 31.10413 
-57.78646 72.55536 -29.42019 
-52.94182 73.77296 -29.27978 
5.150365 74.49381 -29.31679 
-30.66442 -4.609445 20.02913 
4.45549 75.19827 -29.38983 
-4.02481 11.65945 30.54092 
-7.34971 76.33866 -28.82074 
51.31515 76.43375 -28.22036 
-0.08889034 76.97626 -27.57632 
-4.788355 77.24502 -28.67972 
59.3173 79.51668 -28.12165 
-28.04447 -38.17672 7.39638 
11.018 83.34381 -29.26201 
-36.21837 -38.58374 7.081891 
28.66296 -2.629429 19.74555 
-20.06141 33.44204 11.47786 
-18.06354 75.10487 27.77381 
55.86736 85.09114 -28.37942 
-9.213742 85.47477 -28.92015 
49.1716 86.34467 -29.21704 
-12.56994 65.93546 36.3292 
19.06511 35.50741 11.60429 
19.50463 -32.26485 28.53345 
48.89277 87.52385 -29.41127 
-9.781859 88.47951 -29.53809 
49.28107 87.97634 -28.54176 
3.271838 10.83473 29.1842 
15.02785 89.50072 -28.61797 
51.17627 88.89001 -28.55811 
19.85909 36.98757 12.58029 
-9.852492 89.96375 -28.57878 
14.26148 89.77558 -29.20989 
2.510706 86.18444 24.63759 
16.13087 91.21689 -29.10994 
-11.0863 92.54749 -27.69548 
-17.26193 92.82955 -29.39034 
-26.98718 -36.0781 7.071385 
18.05247 93.92239 -28.92133 
-21.3245 94.06676 -28.64683 
-1.252772 -7.18626 53.34009 
18.84388 94.40193 -28.83892 
-22.46138 94.58676 -29.00542 
-14.12954 95.13079 -28.5908 
23.44789 41.1843 11.23402 
-17.26232 96.72643 -29.17319 
2.086818 47.64657 37.9454 
-50.44134 52.60197 -27.73837 
-50.15905 53.08368 -28.92634 
-48.66175 53.10506 -28.56273 
2.297166 52.75867 -28.24044 
-47.85002 53.81255 -28.96846 
3.020624 53.62319 -27.69702 
-59.21783 55.58287 -28.11802 
-48.36859 56.27625 -28.72608 
-27.56708 44.55411 11.26661 
-27.6667 45.44191 10.23551 
7.119928 58.50738 -28.16678 
-8.163174 59.70839 -27.94371 
6.866522 60.3522 -28.69436 
1.382284 16.01476 30.17294 
8.641871 62.2449 -28.36387 
30.94453 1.36785 18.8993 
-10.0121 62.53292 -27.88784 
31.35542 -45.86732 9.503213 
-3.189639 16.86693 30.5234 
-45.18611 62.96944 -28.0985 
-11.26232 64.31463 -28.18859 
8.706691 64.55429 -28.12837 
-61.7084 65.6501 -28.01179 
-61.30102 66.8774 -27.76918 
1.720621 16.5154 30.37014 
22.5705 42.85547 18.48478 
-43.27968 69.17974 -28.54386 
11.45944 68.04707 35.58603 
26.83626 -31.26946 7.332191 
-28.96649 49.1939 12.09538 
53.87182 72.70224 -30.70494 
-0.009629264 16.77255 30.54032 
6.799706 73.56556 -28.00946 
62.55933 73.8059 -28.62347 
24.62224 -31.96481 7.925501 
-8.936646 74.11976 -27.6896 
7.066089 75.74585 -28.07056 
6.60372 3.033293 19.70689 
-7.88784 77.4362 -27.83946 
-1.908207 76.69957 -29.04049 
-22.04725 53.0532 29.55816 
51.00293 78.09197 -27.98642 
-32.42761 52.75159 11.55921 
-29.63561 -52.72866 25.63603 
-11.1145 85.05412 -29.27592 
49.884 83.902 -27.91992 
12.25994 85.08598 -28.45469 
-16.34052 76.0432 27.60053 
-10.30961 3.64501 20.4019 
11.10033 85.8315 -28.72602 
4.446501 4.100995 19.99478 
-12.02476 87.04867 -28.28572 
-8.765399 88.03346 -28.33673 
-7.444063 5.473254 20.18116 
52.73856 87.8206 -28.58444 
13.05389 87.61509 -27.53316 
49.97562 88.16625 -27.7836 
0.6354839 17.90972 30.17899 
13.46393 89.89812 -28.44429 
-26.06113 43.27132 18.79927 
16.66483 91.75014 -28.57552 
15.3396 77.63488 27.44646 
-17.76228 92.62257 -28.01314 
26.14694 -52.96924 15.6469 
36.89831 56.74106 11.18966 
-22.16601 93.78428 -27.86567 
19.67267 94.44489 -28.24891 
-32.25727 55.87041 11.84817 
27.94165 14.16387 10.34635 
20.9117 -29.63219 6.663642 
-21.2919 96.27119 -27.77094 
-0.1906436 5.779268 20.59632 
-0.7490619 51.6371 -28.89082 
0.1006185 52.59425 -26.79119 
-52.91489 52.8279 -27.96491 
-48.92103 52.04963 -26.95795 
-4.83272 6.541607 20.20583 
1.031668 52.65934 -26.9856 
-55.52515 53.80428 -28.61278 
36.44631 47.82365 9.300063 
-4.882996 53.62083 -28.68095 
5.675953 55.63036 -28.11938 
-34.30666 7.737424 20.44207 
-41.01497 -30.49118 7.761755 
-48.09207 56.59893 -28.24124 
-46.666 57.99172 -28.348 
32.854 -53.27208 18.12807 
-7.032655 57.17188 -28.60699 
-61.14487 59.74009 -28.61969 
-61.95491 60.74889 -27.71584 
7.410505 61.54192 -27.99566 
27.39151 10.51176 21.04388 
-10.94602 67.94956 35.75287 
-30.07461 62.74282 11.36276 
33.07185 63.1591 10.3762 
-5.258462 18.0859 29.82387 
-33.30865 10.97423 20.15546 
32.01361 61.70165 11.92226 
-44.84165 64.94196 -27.70142 
-11.12694 67.43549 -27.70229 
55.5147 65.1678 -27.80568 
20.65622 -44.78106 9.690057 
-2.31987 18.37017 30.30363 
57.82493 65.30671 -27.49367 
54.21334 65.70252 -27.7781 
58.34202 65.25775 -28.31504 
-1.234586 -6.913286 53.98694 
8.348925 66.69453 -28.88759 
-9.710413 67.42571 -28.6655 
25.77416 12.37405 19.74501 
-32.71803 -52.68589 18.56623 
24.44771 13.28548 19.50497 
-43.59126 70.63777 -27.42155 
3.837678 18.99397 30.53504 
14.5815 79.79115 25.89479 
-58.61176 72.20272 -27.78476 
9.069506 71.6917 -28.45646 
-57.33865 72.85752 -28.49709 
-48.35196 72.96588 -29.35931 
63.13421 72.15666 -27.7958 
16.69033 38.61438 26.00195 
-50.82736 74.24013 -28.08621 
21.87856 13.09487 20.6999 
62.73598 75.11523 -28.68491 
20.5245 14.9713 20.25441 
5.456272 76.65317 -28.13492 
0.2707617 77.49546 -26.94916 
-6.363025 76.92266 -28.50279 
25.53529 70.36163 11.05064 
1.060342 77.25038 -27.63783 
18.82861 39.09069 25.52316 
50.93302 81.53242 -29.12394 
10.59858 82.05176 -28.54884 
11.09732 82.41408 -28.7701 
15.92702 -28.0835 8.227492 
-10.26518 83.744 -28.70875 
-27.58798 16.79086 19.31403 
30.44573 -28.78808 8.724113 
-10.63928 82.79745 -27.47579 
-39.86684 -32.77263 19.27093 
9.22739 84.00011 -27.5358 
20.1937 39.59013 24.72647 
54.11258 85.33162 -27.69901 
-11.59376 86.27889 -27.8034 
9.725699 85.44968 -27.89421 
9.008543 67.46718 36.53263 
49.15854 85.92616 -27.06792 
11.12261 87.69055 -27.81989 
-16.51182 91.4363 -27.16971 
16.63849 92.1973 -27.45665 
-21.1568 78.99582 12.13947 
17.66336 92.93367 -29.04687 
-22.56246 94.87425 -28.71557 
-5.354008 0.4494017 40.91383 
17.16876 93.5919 -28.84662 
18.78202 93.78956 -28.24081 
-19.3349 79.92995 12.23922 
20.63737 95.32141 -28.08907 
-20.95982 96.92724 -28.48711 
-54.82327 52.94118 -27.66598 
-53.16167 52.16399 -25.77883 
-47.19199 52.31929 -27.3039 
-18.63269 81.12737 11.98356 
31.55542 -25.77221 7.314716 
-46.99462 53.62672 -28.1036 
16.31376 81.32049 12.21743 
-2.991747 53.3236 -27.43699 
-17.70053 83.03182 10.76614 
-57.70642 54.83543 -27.10365 
-20.45669 25.66661 20.08964 
-20.15725 29.05149 20.02549 
-45.57688 59.6029 -27.33953 
17.34087 29.22953 19.39339 
50.16085 62.6129 -27.8534 
51.05633 62.67738 -27.95967 
16.63489 -16.93901 16.57658 
-45.37787 61.91189 -27.89965 
52.07975 62.12027 -27.52025 
-62.31348 63.83619 -27.58427 
51.60302 64.405 -27.58345 
-10.29985 23.93527 30.78818 
-11.47058 25.25504 30.25205 
9.439106 25.19674 30.51528 
-45.45193 66.90861 -27.99153 
52.9221 66.6088 -27.49134 
-23.47036 -51.60367 17.50749 
-44.86355 67.22111 -27.27703 
30.13177 -44.79173 10.08029 
60.32146 66.59523 -27.1331 
-43.72808 67.75272 -27.33602 
18.29993 34.18425 18.98986 
62.54094 68.61034 -28.19544 
8.745808 68.47484 -27.36513 
-60.12599 70.08009 -28.16135 
8.583135 70.51571 -27.34701 
9.066499 71.17854 -27.68388 
-45.95703 72.91214 -27.44332 
-55.43653 74.19553 -27.96448 
-48.77147 73.59598 -28.59538 
-22.57395 41.76886 25.80148 
19.28249 38.88397 20.41014 
62.51751 75.82873 -28.48303 
22.64344 40.34563 20.72407 
3.496578 76.54639 -27.66323 
-25.32974 -17.23225 16.01677 
1.540496 90.03245 11.08179 
-2.71563 90.47777 12.27961 
1.263074 77.71031 -26.96939 
-8.952905 76.96423 -27.72182 
61.0037 77.48576 -27.32108 
59.76094 78.85548 -26.88704 
-9.382029 81.62639 -26.86662 
57.7877 83.1225 -28.4031 
-8.63806 85.02922 -28.30253 
57.11906 83.80627 -28.17958 
-30.64708 -53.59464 11.15162 
-28.83349 -53.1082 11.35192 
18.28015 -53.24363 11.98457 
49.51584 86.00609 -25.87929 
52.85307 87.44888 -27.43692 
19.46387 42.14944 25.35945 
51.84578 87.65445 -26.61601 
-2.554541 1.670078 28.52995 
35.74426 -53.68531 12.32288 
13.86739 88.21564 -28.47389 
14.79462 89.94567 -27.75994 
-42.19949 -52.89537 11.33444 
14.37037 92.87646 -27.4213 
17.78527 94.70129 -28.00041 
21.39472 95.33481 -27.35027 
-10.37049 32.23956 30.70762 
17.44796 -18.8365 8.073413 
-17.98311 97.07037 -27.43894 
-8.749301 30.89116 31.5346 
-4.34509 49.80898 37.92508 
-12.2378 45.52172 35.08765 
-12.63338 32.3745 29.50351 
4.378978 54.18361 -28.08772 
-47.80985 55.85648 -27.27929 
-36.98635 -52.68227 12.99619 
4.780416 55.98816 -26.69872 
-60.63401 57.23125 -27.61499 
25.53466 56.61177 20.11457 
5.971102 56.82259 -26.92513 
6.74831 57.80186 -26.687 
-16.60229 28.88992 26.28662 
50.1009 60.49073 -27.70378 
51.46622 59.7975 -26.95964 
53.09372 60.73956 -27.21877 
26.03853 59.50677 19.36945 
49.31449 60.8326 -27.29653 
-44.66783 60.35421 -26.66166 
-0.09557666 49.4494 38.43513 
-8.597547 61.94983 -28.19541 
31.68878 -49.14177 18.66372 
25.18256 59.96855 20.21827 
8.83238 62.50257 -27.76253 
49.91405 62.87489 -27.44748 
-27.24339 -51.47859 12.15897 
11.95108 33.00005 29.89298 
54.92195 63.1531 -27.04337 
53.22523 62.23035 -27.57503 
56.05271 64.30343 -27.01679 
-22.59085 43.86663 25.1681 
54.32986 64.72018 -27.34539 
-14.29573 33.57534 29.66261 
9.487646 65.89726 -27.04912 
24.79218 63.07851 20.28195 
52.2472 65.39842 -27.33833 
-28.45655 64.32196 19.31879 
36.52942 49.44395 10.376 
52.33852 66.96161 -27.11397 
-27.39519 66.22757 20.33731 
-60.87508 67.75852 -27.46043 
-42.78557 68.41403 -27.52867 
61.60475 67.98364 -27.11584 
-10.28292 70.08504 -27.73652 
-12.00936 35.92537 31.10918 
-27.33728 -49.84212 11.79778 
-49.59141 -47.72686 11.0442 
-26.20465 -48.7854 13.47684 
9.28738 36.14015 30.24156 
8.671235 72.6557 -28.2664 
52.46752 73.189 -28.39982 
-9.576044 73.42394 -27.65445 
62.70056 73.45875 -27.17961 
15.98185 -13.37974 8.612764 
6.621618 70.76077 35.89949 
18.47463 -45.89688 12.80473 
-24.34024 -52.31464 25.1584 
8.844743 75.93456 -26.90844 
-11.25688 37.30413 30.35086 
-25.72055 71.57806 19.45826 
8.808729 37.59719 30.59421 
-42.75179 -14.66236 7.443067 
10.55446 37.84402 29.7031 
-2.905099 77.73695 -27.05546 
4.844359 77.24258 -27.54906 
-4.560413 78.32217 -27.11198 
32.94339 -13.6618 8.456007 
-1.659717 78.00468 -27.16863 
-24.14697 73.4853 19.84674 
8.756745 81.61336 27.53475 
59.16528 80.65585 -26.847 
-23.64154 74.44012 19.9424 
-13.04603 37.83224 29.51332 
11.44507 82.78985 -28.02185 
10.62673 82.80243 -26.57501 
25.73342 -52.94536 25.07952 
-41.74665 -12.29861 7.284781 
55.84765 83.68141 -26.6193 
12.69604 -31.71656 18.82527 
18.86887 -45.77495 11.74142 
31.96638 -45.48745 12.47796 
21.48847 -34.10649 10.45523 
-7.60943 86.27864 -27.02913 
-41.22334 -12.06853 8.541948 
50.84595 87.59763 -26.43372 
8.143072 16.37637 28.0241 
15.80461 91.30598 -26.47479 
24.88346 -52.08341 25.59364 
-21.00938 92.17866 -26.90853 
20.47814 -42.78263 12.22849 
18.93921 93.96744 -27.08815 
-42.40926 -42.9306 12.55464 
-23.49194 46.00913 25.72783 
-31.272 -52.4434 25.10126 
15.97213 81.58083 19.29396 
17.04324 95.44714 -26.72972 
-14.45531 39.87041 29.7787 
20.01817 95.44545 -28.17934 
18.97642 96.51196 -26.42547 
-22.4927 -9.603067 6.751321 
14.64111 -10.04626 7.836137 
14.86964 82.01065 21.00025 
26.67209 -43.5315 11.54599 
-56.54284 53.2929 -26.57871 
2.267829 53.77228 -26.81672 
-60.03262 56.30554 -26.87004 
-5.788744 56.32704 -27.14692 
-60.87305 57.94555 -26.98898 
-6.949774 58.50999 -27.04139 
49.89206 58.75809 -26.24325 
-7.37305 60.07247 -25.48619 
-18.40584 58.62321 34.73103 
-27.93779 49.24653 18.03134 
48.69037 60.05665 -26.05698 
49.00983 61.22143 -26.12729 
-8.876363 61.80562 -26.02777 
-19.11869 42.80752 30.5858 
-7.411917 84.5205 26.31213 
8.172176 62.09113 -26.93367 
56.29995 62.90036 -26.91736 
-12.0216 63.75483 -26.54389 
-12.23169 64.79378 -26.89069 
57.25806 64.54037 -26.5655 
58.97424 65.85544 -26.63802 
-62.01303 66.11369 -26.87391 
-61.3105 67.37411 -26.74514 
61.27836 67.11514 -25.87003 
-61.00035 68.77573 -26.2388 
-60.1646 70.35432 -26.10886 
26.54693 -28.84681 27.25796 
20.04632 -36.72264 12.31584 
9.730921 72.42921 -26.41062 
52.28714 69.83849 -27.0128 
21.27454 -36.23637 11.87736 
-18.73114 47.28716 31.47812 
51.09161 72.03764 -25.72103 
-58.12035 72.69193 -26.82292 
-56.08168 73.59945 -26.23467 
-54.97631 74.16891 -26.15433 
22.29527 -36.48415 11.89184 
8.382594 73.54823 -26.88754 
5.205563 86.93264 20.07362 
7.232968 74.08507 -27.50242 
6.464128 86.93737 20.73857 
25.4951 -36.27458 10.90916 
61.43369 76.23663 -27.1652 
22.33887 49.537 26.38841 
50.94032 75.23803 -26.88446 
2.857462 77.14194 -26.80246 
35.30411 -6.128312 8.488662 
4.17426 87.48698 21.06502 
4.888087 77.87067 -26.37097 
5.464632 77.47141 -27.16743 
-6.258015 77.99207 -26.8351 
-4.183402 88.74316 18.60828 
-5.664509 78.20387 -26.54774 
-3.200843 79.35982 -26.83356 
-0.1045922 78.77113 -27.04895 
-4.268963 78.82452 -26.72717 
-41.02683 -3.816751 7.79107 
-39.72835 -27.1909 19.70678 
2.246628 88.25225 19.67289 
-2.122325 80.12318 -26.12485 
10.54808 80.22599 -27.22367 
-39.93351 -33.7197 12.46484 
-9.917883 81.75866 -27.11539 
-9.710703 80.40696 -26.42382 
-0.8833428 87.85597 21.18699 
49.21851 81.78073 -27.35479 
18.0072 48.58966 30.29362 
11.56472 85.36203 -26.79675 
54.04125 85.5742 -26.48013 
29.0704 -34.39135 12.61323 
-8.178905 88.08688 -27.09499 
29.72647 -53.53216 20.70754 
18.49047 50.51673 30.36207 
-25.09238 51.40448 25.03697 
14.01749 89.17517 -26.19713 
31.36348 -32.55818 13.12597 
19.74256 51.05461 30.15297 
-21.69652 -33.02072 12.09661 
-18.63584 91.8356 -26.75344 
14.62442 -32.26362 11.65524 
30.39016 -31.76876 11.27183 
-40.12669 -31.28485 12.36176 
18.31742 52.00113 30.76561 
-21.132 93.83658 -26.61652 
23.74293 -53.00667 19.71619 
-20.51884 94.44131 -25.86683 
-13.60019 95.50012 -26.92087 
-15.60619 96.52683 -26.27929 
21.33781 96.08362 -27.33819 
-33.14704 -52.96616 21.39596 
-50.53006 51.45618 -26.06677 
-50.17199 50.98621 -25.0617 
-51.62775 52.25532 -26.66924 
-45.90437 53.52446 -25.92489 
-1.468888 52.8278 -27.05922 
31.46476 -46.56041 17.24623 
1.650916 53.4463 -26.04539 
17.54076 -43.80945 28.96544 
31.76157 -29.75162 12.13176 
-59.15504 55.67942 -26.04755 
-4.203113 54.84307 -26.75943 
-21.04316 -29.05479 12.3168 
-5.521086 56.6544 -26.00017 
-45.97577 57.69751 -26.88113 
-24.28428 -46.38255 16.43925 
52.81643 59.24219 -26.69668 
-61.85631 59.29275 -26.73717 
-44.37573 59.43073 -25.49951 
32.93322 -27.34941 11.49135 
13.81798 -51.4728 20.01567 
-62.29737 60.85184 -26.38335 
8.094788 60.69391 -26.15278 
54.68379 60.91167 -26.53073 
56.24927 61.34161 -26.36049 
-8.377337 60.96264 -25.89071 
15.15994 -46.40571 17.74179 
-62.06334 62.13653 -26.94345 
-44.24771 61.95593 -26.57007 
57.765 63.06004 -25.84837 
22.44523 53.52457 26.10844 
9.518533 63.33879 -26.99199 
-44.28178 66.03394 -25.96802 
-12.70329 66.32283 -25.91149 
32.36567 -26.0316 12.8035 
-61.2841 67.39358 -25.62324 
-42.27389 69.07806 -26.78092 
34.47432 -0.005068164 7.772282 
8.753652 70.17057 -26.33002 
62.29699 69.15612 -26.10655 
62.76693 71.41025 -26.42099 
30.05643 -47.252 20.15766 
-11.34997 69.97653 -26.66345 
8.930711 71.12868 -26.25925 
-59.11082 71.40476 -25.92244 
-41.60144 -23.36883 12.82516 
9.769072 72.09287 -25.1605 
-9.725806 71.82646 -27.62121 
-41.49278 -22.93685 10.93339 
-47.673 73.71334 -25.99772 
20.07894 59.1459 30.66395 
-49.54466 74.22833 -26.50879 
-51.9696 74.02208 -26.87455 
-9.933496 74.04335 -26.16358 
62.18639 73.3869 -25.79266 
10.79601 85.7909 18.35188 
-10.27261 75.51447 -26.71142 
13.76516 -21.38213 14.04157 
60.95217 76.28406 -25.63922 
-24.29115 -45.45116 18.78399 
8.900238 77.60587 -26.16213 
4.487879 78.21355 -26.07049 
5.86159 77.77503 -25.32582 
7.612273 76.52376 -27.31538 
-25.2177 55.98469 25.22309 
29.46702 -45.38289 20.48009 
3.057605 77.77303 -26.35392 
2.41836 79.19183 -26.62514 
9.179343 78.5676 -25.89829 
10.73472 79.3872 -26.3024 
-0.3811477 79.70485 -26.24518 
-25.10084 -44.7624 19.70713 
11.06426 80.71685 -26.98837 
-41.73246 -18.52442 12.30969 
57.49134 83.06751 -25.89101 
8.302531 82.31033 -25.71728 
10.39028 83.20137 -25.80169 
8.985237 84.66934 -27.26328 
-1.863628 84.73034 27.40817 
-31.41174 -8.578819 18.00109 
18.89907 -43.70596 28.99681 
4.949304 3.05906 7.958365 
-14.11455 89.55173 -27.24737 
-36.10003 -43.82062 20.55453 
11.81687 89.70864 -27.28245 
7.81308 70.66668 35.99761 
-30.77182 -14.05987 16.83096 
28.87072 -42.50122 21.38738 
-16.74354 90.10833 -25.52424 
-21.15225 91.79243 -26.14646 
-21.32185 92.91331 -26.66745 
-28.75704 -14.59607 16.80054 
23.13132 55.96769 25.79839 
21.85196 96.06507 -26.95079 
22.44572 95.84045 -26.20553 
-48.88017 51.22181 -25.52181 
24.09777 -43.93983 10.20414 
-45.66828 52.59932 -25.64953 
-56.05558 52.88536 -25.57213 
-1.37879 53.21066 -25.45312 
1.611777 5.054273 7.263857 
8.919776 50.90975 36.86677 
-46.46402 55.59894 -25.5995 
5.08301 57.26097 -25.30602 
-45.14579 58.08946 -26.38582 
0.6285135 5.488824 7.716281 
30.20717 -38.88707 20.26052 
-61.38115 58.31186 -26.13762 
21.30792 -52.2868 30.08215 
6.137209 58.23046 -25.90563 
50.98392 58.22511 -25.61198 
-36.28015 -37.67984 21.6714 
21.91648 -53.66049 28.13287 
13.68944 -37.70579 21.06481 
56.0071 60.10646 -25.71997 
23.42877 -53.24324 27.39832 
-21.92713 -11.21737 12.21598 
-38.95784 -37.71303 19.04313 
15.05361 -11.26281 11.85806 
8.293677 62.72154 -25.66419 
50.3259 62.93692 -26.13952 
-11.44907 63.20842 -25.04408 
9.288096 62.89062 -26.21365 
-62.41221 63.72094 -26.45923 
-25.00256 56.80147 25.87182 
31.13896 -10.6733 12.13523 
23.1943 58.06634 25.70442 
18.14138 66.02486 30.36048 
51.30839 64.67384 -26.80436 
-61.97074 65.76324 -25.66724 
-0.3201958 -0.932395 46.96353 
9.947833 69.54659 -25.35626 
-25.80774 59.10404 25.8414 
-41.98914 67.18617 -25.35294 
51.22221 68.91388 -25.76729 
-42.60283 69.98445 -25.40153 
-44.34509 71.15059 -26.70382 
9.289452 70.81261 -25.40218 
62.60472 71.30501 -25.29098 
-46.8744 73.04658 -26.79243 
-57.49957 73.22247 -25.92995 
9.342624 73.91569 -25.34747 
-25.16476 -32.89397 20.59101 
-53.18559 74.41245 -26.2837 
9.153569 74.62975 -25.60568 
32.52894 -9.219362 11.96219 
-10.15126 76.76988 -26.6699 
17.66426 68.81059 30.38002 
6.569022 77.45041 -25.92173 
9.976674 77.95207 -25.79553 
50.77641 78.23597 -26.65788 
15.41906 -44.64296 18.22877 
4.2116 79.57611 -25.59685 
2.087334 50.99158 38.19242 
-10.06541 78.5219 -25.80702 
-9.133156 78.98228 -26.17344 
-5.746817 78.73853 -26.04449 
-7.27647 79.20368 -25.94111 
-5.592773 80.0309 -26.09015 
-4.17854 80.20314 -26.28792 
-31.57742 15.37064 10.39589 
-38.84394 -5.149522 12.45998 
-7.306254 81.0927 -25.59679 
-6.607646 80.79653 -25.58 
9.495742 81.21042 -26.99362 
-23.55553 -25.30718 18.82041 
58.66047 81.16689 -25.67708 
49.10756 80.02046 -26.52174 
-7.955399 81.59492 -25.97771 
17.11201 69.97587 30.10518 
58.33022 82.59855 -26.5647 
-34.70235 12.38527 9.404116 
32.44205 -30.69122 20.65835 
49.19043 83.46125 -26.41885 
-7.413538 84.10663 -26.34945 
53.29299 86.14391 -25.28881 
-7.117259 87.01954 -25.26547 
16.53422 -43.64567 17.66153 
29.27929 -44.12657 18.91971 
-20.6064 91.01575 -26.20832 
-20.77732 90.87514 -25.54676 
27.5163 14.38733 8.861034 
-24.77068 -27.22812 20.29598 
18.05187 92.74895 -25.47404 
-14.85314 31.4954 27.63235 
15.13963 73.24552 30.0595 
20.70399 96.62536 -25.42821 
13.5036 -25.2399 20.46522 
-53.07874 51.4907 -24.58721 
32.99589 -25.45872 20.3398 
-38.64822 -25.77923 20.40116 
28.57766 -43.49343 19.04854 
-55.63334 52.71982 -24.27538 
14.01661 73.82996 30.64892 
-2.668186 53.71829 -26.51119 
-2.430273 53.62591 -24.84723 
-57.35451 54.00204 -26.28237 
-47.06073 55.14748 -26.16751 
-39.56558 -1.397578 12.39716 
3.06109 55.09166 -26.05203 
34.163 -1.366942 11.89657 
-59.81832 56.88256 -25.29184 
52.53231 58.02132 -25.4938 
48.79621 59.20761 -26.10737 
22.11557 -51.05868 29.54153 
54.1528 59.06292 -25.7252 
7.589181 59.94413 -25.15701 
48.58582 60.33699 -25.4313 
-14.4795 76.516 29.9264 
14.16836 -24.53758 21.36232 
-38.88026 -23.18389 20.61882 
34.29823 0.8496062 12.18209 
-63.20992 62.17991 -25.60819 
58.26163 61.50079 -24.2272 
49.80138 62.62733 -24.51623 
28.4057 -41.43086 17.79387 
10.92573 63.3874 -24.77396 
24.38267 16.50904 7.569947 
-62.80164 65.18709 -24.99356 
-43.95102 63.77299 -26.07712 
50.52472 67.39597 -25.38599 
-1.679471 60.68696 39.34568 
-1.387623 -0.807775 48.36817 
21.57796 18.37895 6.975965 
-41.72869 68.1713 -25.28844 
-60.62558 69.2263 -25.0743 
-39.31544 -21.1117 19.79709 
-43.13883 70.32858 -24.76071 
-43.80389 71.50277 -24.83218 
-12.80693 71.01127 -24.58213 
23.12951 60.8491 25.25807 
-40.25888 -42.51733 9.990849 
-45.25906 72.37817 -26.18237 
9.866275 72.93867 -25.58157 
-51.27832 74.14712 -24.80894 
-34.78368 -13.95002 17.45079 
10.3705 75.77065 -25.134 
12.49212 -50.4229 28.09434 
-34.46167 52.69435 10.29399 
15.69774 -19.57761 20.10502 
-10.2934 78.74425 -24.99705 
49.16144 78.63619 -25.18912 
8.776252 79.2091 30.35189 
9.38178 78.91537 30.4885 
59.9214 79.78277 -25.25392 
8.298643 78.51415 -25.43155 
2.7456 79.80834 -25.61847 
0.5720839 80.75347 -23.79074 
7.471485 80.2741 -24.6553 
-6.384805 81.51121 -24.85997 
-10.48162 80.06326 29.8523 
57.52754 82.04046 -24.81414 
-10.53046 82.97133 -25.47708 
10.36015 82.95156 -24.46993 
18.81385 21.40468 5.661004 
-11.27574 85.4134 -25.5167 
49.61099 85.07767 -24.72495 
-5.829076 73.20836 35.63718 
9.070672 87.14494 -25.99641 
-36.38296 9.729104 11.92977 
10.32229 90.08044 -24.84583 
-35.9011 10.97541 11.8472 
31.18086 10.10861 12.20601 
-20.10198 89.72475 -25.48311 
-19.79594 91.71404 -26.57818 
8.100967 79.67925 30.74513 
-24.76188 -49.03379 25.39573 
14.92804 89.6253 -24.73928 
0.3694784 -5.208212 45.38922 
14.25788 94.03951 -25.77762 
-19.65591 25.29399 7.349908 
-25.84531 63.22947 25.7206 
20.24331 94.06593 -25.56461 
22.22737 94.97588 -25.7478 
-40.53865 -29.55065 18.68197 
-19.5511 95.02437 -25.13011 
-18.64406 96.35004 -25.78547 
-51.12836 51.22274 -24.57702 
-44.66467 51.59045 -24.13223 
-45.97702 54.77645 -24.6378 
-3.306715 54.33952 -22.91403 
15.96715 -40.73855 18.22771 
-44.96315 55.59139 -23.77673 
-39.07226 -42.14011 10.31046 
-44.57534 58.35946 -25.47333 
49.06631 57.67147 -25.52814 
26.18091 16.07066 12.01604 
-6.169281 57.91126 -24.67518 
20.90027 -16.15507 20.51913 
47.93488 58.83253 -25.29105 
-61.66055 59.42127 -25.22755 
-7.052845 59.41958 -25.61365 
-18.53186 27.71218 7.36879 
9.288704 1.090361 17.65455 
17.59164 -11.23589 17.73492 
7.824928 61.89317 -24.14067 
8.720746 62.83566 -24.68721 
-43.47951 61.81182 -24.71554 
-12.74443 64.49129 -23.71871 
11.47957 64.32854 -25.11501 
50.1681 63.70002 -25.27872 
50.69322 64.60397 -25.63747 
21.54428 20.42673 13.1301 
-13.10638 65.1603 -24.45827 
-61.60632 67.09969 -24.00653 
59.69244 66.01872 -25.03919 
16.39221 29.64214 7.760393 
11.13573 65.71562 -25.62583 
29.6924 -39.78196 17.5887 
17.81259 32.86558 8.041908 
21.14495 -8.313091 20.6308 
-58.55056 72.22653 -25.48767 
9.962504 71.74097 -24.63508 
-57.94987 72.52304 -23.98028 
-46.4198 72.53384 -24.91156 
-44.79314 72.32077 -24.3751 
-47.5075 73.16891 -24.6336 
19.13318 -8.346363 20.27444 
61.78937 74.61217 -24.69534 
18.81579 26.82693 12.22746 
49.53285 76.10847 -24.55762 
24.21328 -8.212024 20.39511 
60.58866 75.93347 -24.26085 
-11.84628 75.21313 -24.44933 
18.03954 34.24755 8.65749 
-20.4801 34.91284 8.680834 
60.06548 77.91384 -25.64062 
10.55336 78.45699 -25.22929 
-7.735489 68.07012 37.43061 
-20.54153 29.64313 13.47564 
59.56625 78.43451 -23.93881 
6.336319 78.08562 -24.82205 
5.259775 50.80734 38.00575 
-10.31931 80.80355 -25.97875 
18.67055 -7.275577 20.98213 
-0.5246891 80.35857 -24.22393 
48.71738 79.05829 -24.07573 
17.70453 31.51397 10.43807 
-6.911588 82.14804 -25.16986 
48.31499 82.36983 -25.15654 
56.16228 82.83396 -25.50865 
55.29539 83.96482 -25.86681 
18.24739 34.08456 12.06989 
11.81285 85.73463 -24.88118 
-23.18607 4.033926 25.92333 
-12.29871 86.98627 -25.36429 
14.53301 -49.4835 31.18471 
-14.65032 89.13834 -25.54217 
24.30638 -45.84005 27.64033 
13.67165 88.40712 -25.31171 
-21.66712 37.25753 12.87509 
20.47116 -49.01793 30.72629 
28.32839 -10.18739 16.91705 
-9.821806 91.57452 -25.99023 
-19.97447 91.36795 -24.90592 
-4.548972 73.10785 36.49165 
25.93085 -5.480151 20.40819 
-29.003 -5.678852 20.21552 
-11.47397 93.77573 -25.51351 
-23.12927 -5.338277 21.17587 
22.08338 40.23853 11.74278 
22.3139 55.66983 28.09569 
22.32637 95.67809 -25.46185 
1.098018 61.39707 39.44283 
21.19732 39.68725 7.657294 
-16.92417 96.3729 -24.88833 
18.517 96.22373 -24.11882 
20.4561 96.65771 -24.74519 
-19.31352 -5.314689 20.35259 
19.0281 -47.63587 30.89053 
-46.55146 51.71556 -25.18839 
20.00883 -46.56532 30.49436 
-44.82972 52.65882 -24.93558 
-7.28849 15.1433 29.39878 
16.50187 -45.48096 29.74159 
-36.01903 55.04775 10.28446 
-23.05809 69.9865 25.94296 
16.72251 -5.075774 21.33149 
-4.492708 55.62258 -24.8733 
3.676403 56.29028 -24.2641 
-45.19628 56.50673 -25.04099 
25.625 45.92043 12.26884 
4.260482 56.82152 -23.63375 
51.98814 57.06565 -25.03848 
26.89182 -4.535362 20.937 
-60.7738 57.78435 -24.42845 
55.43122 58.49908 -24.86624 
57.49391 59.4692 -24.21954 
6.8536 60.21297 -24.28185 
15.86752 80.94321 7.201724 
-1.707525 -6.6566 47.44277 
49.21203 60.78862 -24.74393 
-63.06728 60.7147 -23.57547 
20.3986 69.41543 26.23185 
49.51863 61.79705 -24.64464 
-9.286528 62.25242 -25.48676 
-27.86139 47.46391 12.11122 
-63.25373 64.20822 -24.89672 
-18.21156 -3.560257 21.02424 
59.41705 63.76776 -24.76277 
34.22677 49.02116 12.01111 
58.98534 65.09723 -25.27695 
-43.44701 66.84277 -25.39425 
49.62028 66.55894 -24.52725 
-6.449224 14.52368 29.1143 
61.24603 67.81727 -24.5775 
-30.9742 50.93351 11.44682 
-32.19672 -2.822585 20.37543 
61.94833 69.96451 -24.63182 
-30.90571 51.62688 11.78237 
-4.535079 75.21397 35.5982 
35.54032 51.77722 11.68357 
-56.19817 73.47318 -23.54196 
-25.871 -10.55308 16.82613 
13.30272 -2.44817 20.25074 
-55.07621 73.67619 -24.00796 
-49.9341 74.11694 -24.68268 
-53.90766 74.2439 -24.03696 
28.34884 -1.705609 20.46432 
11.09227 76.35384 -23.90823 
-10.6644 77.45716 -25.13836 
5.955974 78.4511 -24.74844 
6.148834 79.72527 -24.75425 
6.928915 80.4577 -24.40585 
35.80293 53.48405 11.89688 
4.700281 80.24291 -24.49352 
-9.66608 81.39514 -24.00375 
-4.857022 81.32415 -24.41679 
-3.44872 81.03862 -23.57539 
58.58494 80.4223 -23.9751 
29.21207 -1.166104 20.22315 
-32.44741 -1.34637 20.60999 
35.82283 56.58023 11.98966 
-11.23217 84.51894 -23.93788 
7.615229 84.45737 -24.25845 
-33.99527 -0.2199998 19.72802 
7.630079 86.7012 -23.57198 
52.33413 86.32203 -24.72259 
-27.24629 -47.59618 25.29377 
-34.25343 0.869112 20.10548 
-18.7832 87.60169 -24.32991 
14.66325 -37.07426 16.19882 
36.37786 46.8406 7.582193 
13.66275 -36.71081 18.18825 
-8.076204 89.53902 -24.10468 
-20.10578 89.55787 -24.67361 
35.24641 59.27575 11.71248 
-8.848223 51.77528 37.87781 
-0.4242293 -6.114256 47.3894 
12.15694 92.40149 -24.79379 
-12.37603 1.672866 20.88092 
21.3345 93.39622 -24.45623 
-12.36901 94.57753 -24.62733 
15.41992 95.00142 -24.57013 
34.40892 61.24503 11.28737 
-14.73565 96.14738 -24.86741 
-48.10752 51.28531 -24.77481 
-52.04742 51.01637 -23.61505 
-5.972515 3.329064 31.16189 
-46.0459 50.9948 -23.55577 
-57.19505 53.67531 -25.00992 
-44.92609 53.43434 -24.76703 
-29.7192 63.47598 11.98428 
0.6478515 53.22931 -24.67803 
-35.06383 2.609585 20.06048 
3.345082 3.897311 31.528 
-20.98962 73.41711 25.53275 
24.6846 -36.08751 10.86306 
47.40969 57.18893 -24.20492 
39.7024 50.17481 7.438249 
5.075387 57.60754 -24.01222 
-29.74208 58.72801 19.06591 
26.09237 69.12054 11.49043 
-43.64625 58.44184 -24.34463 
-37.25499 50.3811 7.882337 
-7.547947 60.1459 -23.35677 
58.78486 59.73586 -22.59448 
38.05711 55.13525 9.948682 
-4.135905 9.142524 31.52534 
9.008002 63.22754 -23.30141 
10.40791 63.07648 -24.22051 
-43.14651 63.92138 -24.63534 
24.62138 71.68386 11.53365 
-12.05791 64.04501 -23.26277 
-35.16206 5.312586 19.78002 
-43.52356 65.76389 -24.50735 
-62.6591 66.5144 -23.07019 
-40.65723 66.84796 -24.36855 
22.22439 74.03567 12.80333 
11.90143 68.0564 -23.87836 
-13.22118 69.25443 -24.72267 
-42.14794 69.33243 -24.38098 
12.37261 69.96484 -22.58909 
-60.76224 69.42101 -23.91279 
61.52629 71.15907 -23.83575 
-59.75304 70.541 -24.18652 
3.948529 5.576777 21.32848 
-24.36508 -26.33451 19.44745 
-22.69757 77.38736 12.68047 
-10.9687 72.64953 -25.58517 
61.46721 72.26932 -24.0506 
40.61981 53.24839 7.580003 
9.751699 74.47813 -24.40031 
18.50336 78.74096 12.34835 
10.87938 77.43788 -22.51988 
-1.626237 5.931663 20.25223 
-5.800106 -4.542667 47.98703 
-9.836926 79.74831 -23.83461 
10.34865 79.42541 -24.80086 
18.2741 79.84046 11.538 
2.049396 80.25491 -23.71592 
14.66874 33.48354 26.80169 
10.16003 81.54571 -24.89652 
48.6772 81.38699 -24.71918 
-5.823071 81.99033 -24.15453 
56.48204 81.88102 -23.65826 
-18.26853 82.51544 13.26179 
13.51197 -46.29008 26.11548 
1.192905 12.31816 30.37851 
48.35896 83.23763 -24.66249 
55.01258 84.91283 -25.2367 
15.50147 -40.18108 26.4129 
49.80502 84.84574 -24.0031 
16.15331 82.55537 12.40883 
50.93888 85.71834 -24.01766 
24.56297 -40.48407 27.75541 
-0.4576966 12.31459 30.6785 
28.76724 8.996208 19.84484 
-14.44238 87.22474 -23.90697 
0.4423183 -4.748512 48.1282 
-19.57326 88.34625 -24.04143 
-33.42652 9.694448 20.93623 
-20.20228 75.61033 24.5787 
-24.18208 -10.10039 16.88069 
-17.14621 88.61555 -24.4402 
-2.304296 11.9986 30.84836 
-36.17654 56.6743 10.04059 
14.55317 81.66264 7.17223 
15.52218 88.89742 -23.39682 
8.390584 14.31056 26.76321 
13.86999 -45.01863 25.66742 
-40.05558 -34.99133 17.7649 
22.03176 94.18459 -24.70088 
25.29546 11.99635 21.14208 
-31.43894 12.61686 20.23758 
-38.07012 60.08802 8.060267 
20.98718 95.75007 -24.06345 
-49.30036 50.83161 -23.87833 
22.84057 13.82246 19.15379 
-47.20473 50.35182 -23.28631 
-39.32016 -38.96154 10.53259 
-57.24151 53.75237 -22.47443 
-44.77186 55.11131 -23.73857 
-3.990868 54.95054 -22.51464 
2.31241 54.47142 -24.27397 
3.888197 55.66025 -22.19942 
-44.71445 56.05889 -23.72532 
48.17018 56.38623 -24.01808 
53.09723 56.29815 -23.58986 
-0.4453714 18.85709 30.50298 
46.97601 57.27216 -23.79578 
1.476189 18.43388 30.30016 
53.80847 57.82393 -24.43286 
54.99987 56.6735 -23.2111 
-31.00644 14.10369 20.20195 
-61.5895 58.72391 -23.83023 
56.46397 58.06451 -23.18604 
-42.94751 59.60639 -23.31525 
6.697551 52.64672 37.68105 
26.01377 -27.15122 27.39793 
-43.35302 61.20624 -24.29246 
7.668797 62.27388 -22.6872 
1.300855 0.5017524 41.36823 
-39.36021 -37.38267 10.13712 
-36.05623 61.41603 7.788126 
60.47195 65.96359 -23.28053 
60.30846 66.57046 -24.05953 
2.497458 19.78144 30.95151 
-13.55218 67.55956 -24.3905 
-28.05538 -53.53653 13.6949 
-25.36055 -39.02081 9.938535 
5.388444 19.55881 30.51773 
26.25186 -44.57489 25.00725 
36.45502 62.41073 7.73098 
-58.9409 71.23336 -24.37099 
50.04424 72.01034 -23.88171 
-49.39854 73.48804 -23.60831 
-31.94358 63.75628 7.153417 
-11.66279 77.11295 -23.41991 
60.02592 77.24404 -23.45608 
-10.09429 78.94305 -23.74847 
18.66084 21.7165 20.15726 
5.589834 80.52325 -23.82924 
-0.853625 80.91132 -23.56943 
-1.878299 81.12223 -23.74399 
7.461712 82.89084 -23.58816 
-10.26632 82.49141 -23.09567 
11.39589 83.71374 -23.16426 
55.25875 83.97728 -23.49817 
-6.653685 84.60785 -24.89122 
-6.26593 85.29938 -23.75938 
54.05626 85.70172 -23.894 
33.08279 64.51531 7.466573 
-18.23223 86.16852 -23.63572 
-12.67602 85.57079 -23.49455 
-16.15925 86.36826 -23.37986 
13.63658 86.95746 -23.47929 
16.91274 -35.15789 27.89553 
-7.914934 19.97499 30.54539 
8.459287 88.39181 -23.69493 
-20.27286 28.31628 19.72553 
-18.67448 88.72704 -23.39017 
10.00905 90.25277 -23.98932 
-8.871248 90.6918 -23.63697 
16.70047 91.25542 -24.6938 
-18.7888 90.6488 -23.35891 
20.79497 91.72107 -23.26598 
-24.4786 -36.83625 9.959462 
-5.154475 -0.03865178 42.96911 
-18.51028 31.30419 22.5293 
13.44554 -49.14578 29.90184 
26.57483 68.00599 7.943966 
17.78693 -49.88247 12.12873 
28.24069 66.50602 8.17851 
-53.94032 51.31322 -22.25399 
-56.16516 53.15935 -23.58012 
-43.10404 52.64783 -22.87223 
-43.63847 53.02131 -24.16896 
-42.39233 53.86617 -22.74459 
-42.64386 54.85386 -22.94359 
-58.74559 54.61645 -24.68124 
-59.0379 55.54326 -23.44518 
-16.44781 77.67103 25.92463 
-15.89884 78.34524 25.7336 
49.62215 55.84253 -23.51815 
-29.82324 68.17644 7.227493 
50.81918 55.42775 -23.35936 
-60.51689 57.2229 -22.41821 
17.88508 36.84102 20.7575 
-43.80188 56.90642 -22.82895 
-6.27089 57.62912 -22.7519 
25.72226 69.60672 6.65984 
47.46775 58.479 -24.20478 
47.88043 58.79172 -23.17151 
6.573749 60.25587 -23.46725 
-7.792952 60.74966 -23.27539 
21.74315 39.51692 22.04887 
-9.036318 62.47904 -23.21403 
59.68003 62.17869 -23.5501 
6.880095 22.42483 30.92552 
60.51715 62.71612 -22.54047 
11.13093 63.54741 -23.20091 
-42.7766 65.5554 -23.80026 
-40.76626 65.22411 -23.01688 
48.61117 65.80012 -23.27045 
-9.271692 53.98764 38.20129 
-14.17881 67.56931 -21.48045 
-39.60509 -36.72444 10.87104 
12.33957 66.81349 -23.45755 
32.67567 -45.45537 13.46382 
8.090305 23.92919 30.52957 
-62.32389 68.45645 -22.87066 
-40.96532 68.59823 -23.60119 
12.3228 -30.6639 18.39461 
-41.72532 69.23125 -22.60559 
49.92946 69.26388 -23.60269 
-15.29746 79.58336 25.70434 
-43.36284 70.8244 -23.23301 
-13.46324 71.33244 -23.30742 
11.45142 71.60598 -23.29291 
29.99199 -45.02255 12.62178 
-24.34323 73.65775 6.861399 
-12.51805 73.33125 -23.29921 
-25.47144 42.80844 20.56408 
-27.12264 -43.85757 11.87524 
-54.54104 73.41798 -22.68748 
-53.36562 73.92091 -22.87883 
22.69283 73.47021 8.081795 
-52.27894 74.41306 -24.23592 
49.25548 73.79262 -23.24666 
-8.697513 47.7233 37.29774 
48.91309 77.40638 -23.61724 
4.579496 80.41604 -22.65821 
2.516948 81.00568 -22.85423 
3.068009 80.64494 -23.10222 
1.118902 81.25987 -23.33641 
6.125724 81.80545 -22.08139 
-3.511071 81.40853 -23.17557 
13.46593 35.1949 26.82273 
-1.323433 81.85683 -23.36547 
56.57018 82.00758 -22.5767 
56.14677 82.7299 -22.50447 
-5.36627 83.70387 -23.04086 
48.44811 83.46262 -23.65332 
-5.372633 84.65741 -22.02819 
-34.99092 57.97002 10.34648 
50.14876 84.40536 -22.52903 
-17.24389 85.48061 -23.25461 
15.51857 -8.764598 17.73701 
-18.12415 85.31481 -22.9731 
-9.414871 25.16053 31.03878 
-22.47793 76.51297 8.436874 
52.62698 85.6283 -22.87058 
-18.99429 86.83574 -23.4062 
-24.59086 -40.7711 12.19286 
26.09065 -14.19868 19.15014 
-10.62267 27.19297 31.03713 
18.92043 91.66393 -23.67199 
11.89738 92.2988 -22.81158 
21.2413 92.44415 -23.29202 
-17.98143 93.08203 -23.09042 
-39.79427 -38.27556 11.83645 
-17.06466 95.07175 -23.3853 
15.64163 94.74503 -23.21789 
-29.10675 56.59848 19.99478 
21.67546 93.8717 -23.90361 
-16.0817 95.62135 -23.44607 
3.721066 75.48133 35.41484 
-55.47009 52.40365 -22.422 
0.8165599 53.80621 -22.91543 
47.37802 55.14367 -23.32958 
33.21972 -27.62975 17.80203 
-35.94283 0.9496987 18.48304 
-29.01147 63.20351 18.12279 
-40.93164 55.37866 -23.07109 
7.230422 55.72507 38.48362 
-5.438809 -3.588238 39.77392 
26.60507 -32.00089 27.63553 
56.72529 57.34678 -22.02 
-22.74804 -35.87036 11.87693 
-33.39835 -6.486879 17.6867 
59.31724 60.92892 -23.00807 
-16.96936 82.17823 8.380998 
27.88256 -35.62968 12.14347 
-42.41895 62.84316 -22.53454 
-9.348518 63.98107 -22.02911 
48.49752 63.09021 -23.26248 
-42.65946 64.55151 -23.02727 
-9.671653 63.20304 -23.43808 
-23.51968 -36.0215 10.43451 
60.65105 64.55434 -23.31367 
-39.27679 63.97327 -22.39012 
12.34352 64.71234 -22.66847 
25.15267 66.26689 19.98991 
-40.1041 65.98379 -23.0303 
60.70316 67.31982 -22.58018 
-40.35943 67.58295 -22.20094 
-12.00671 53.41204 37.01063 
60.79772 67.83476 -22.07179 
24.16797 66.82157 20.62919 
-26.37318 67.48093 20.95096 
15.36167 -34.72372 12.64659 
61.92392 68.9768 -23.12469 
15.39806 -33.47033 11.99568 
-61.84668 69.36131 -22.69818 
-58.21479 71.97912 -22.66135 
-44.40958 71.49344 -22.61527 
-25.82546 69.85986 21.31079 
10.55806 31.67908 29.87207 
14.45466 -33.0234 13.08132 
-50.44966 73.33874 -23.1276 
-21.42648 -32.23772 12.61645 
-22.87675 -26.95622 17.89522 
10.15526 74.31145 -23.26805 
-0.7901508 -5.414808 36.88176 
60.59105 74.74791 -23.33113 
-23.63227 73.3453 21.53069 
-11.05262 57.10889 37.94577 
11.85164 76.37839 -21.90407 
-11.72359 77.7043 -22.84694 
-11.43109 78.76016 -22.86469 
-12.57885 33.94085 31.02424 
9.786725 79.57036 -23.00089 
22.16624 73.56213 20.88008 
-9.8229 80.50141 -23.02582 
-10.20027 56.29333 38.31465 
9.174456 86.89104 8.22153 
-40.38934 -30.26831 12.08099 
6.92466 81.44462 -23.44133 
-2.422741 82.15507 -23.09436 
1.240122 82.1954 -23.17359 
8.212668 88.01304 6.821818 
-4.703972 82.58039 -23.06932 
-2.490118 82.79816 -22.81702 
-1.643068 82.78282 -22.80148 
-14.16689 34.72205 30.05271 
-20.85955 -27.4097 12.05811 
-17.09761 84.2609 -22.49287 
-41.38383 -26.86799 12.89845 
51.5904 85.07337 -22.37705 
-17.2188 86.99415 -22.15641 
8.655069 88.88076 -22.38905 
-21.27003 -24.54963 12.63306 
-0.2153169 -2.036965 48.98645 
20.24351 90.30884 -22.59541 
20.89122 91.18741 -22.86256 
-0.04185301 89.58781 8.619185 
18.98598 -28.82339 27.72289 
20.8477 92.35783 -22.70608 
-15.0494 94.24013 -22.32976 
19.69762 -35.33158 10.17181 
-16.61166 82.33705 20.21392 
18.9566 95.71084 -23.33572 
-49.03205 50.04895 -22.28379 
13.31823 82.02573 20.81343 
-43.58117 51.77028 -22.29387 
32.67722 -22.84675 12.66608 
-41.84308 52.89472 -21.87197 
-40.7909 54.36773 -22.66571 
2.506593 90.1123 8.889767 
-1.712543 53.68813 -22.89764 
0.226685 -5.897105 41.26232 
12.86775 82.53314 20.46832 
48.54439 54.63499 -22.69521 
51.94594 55.26892 -22.79907 
46.43439 55.92404 -23.369 
7.389196 37.33235 30.69193 
45.25664 55.95324 -21.91552 
-13.11812 83.62521 21.09 
33.43631 -20.90998 12.21884 
-5.968113 57.05883 -22.6811 
45.68109 56.41816 -22.72474 
-22.09889 -19.63446 12.73903 
12.82679 83.77015 19.8385 
14.6288 -19.59128 12.41387 
7.882969 38.39569 30.64031 
-42.96813 56.15889 -22.60409 
-62.36152 58.41376 -22.68686 
-6.296722 -10.72506 55.90337 
5.679918 57.89128 -21.6337 
58.11088 59.21302 -22.58023 
48.5107 60.40477 -22.92908 
-7.82757 61.98006 -21.80279 
-22.25177 -18.09937 12.49486 
-63.48514 61.46786 -21.58923 
-3.986015 84.94319 25.83886 
32.31948 -17.65103 12.3349 
9.325913 63.89933 -21.86116 
-63.3279 63.65507 -22.92788 
-42.03044 64.16466 -22.42021 
-10.86512 63.7741 -23.22158 
-23.96916 -16.39057 12.92995 
-38.92958 65.26088 -21.75351 
-62.84388 66.06487 -20.5363 
48.63113 68.3851 -22.66005 
21.41063 53.22128 28.86641 
1.344012 85.0941 26.05966 
-5.226276 87.43149 20.19591 
31.88286 -14.50598 13.00074 
60.08984 72.40274 -21.43431 
-45.89806 72.36343 -23.20579 
60.83925 73.08607 -23.02258 
-3.457242 -6.291438 41.54372 
-12.94991 75.09367 -22.59081 
48.53304 74.66434 -22.05361 
-40.67093 -13.83342 12.36618 
-25.94107 -53.79699 20.74215 
11.79854 77.21458 -21.74806 
-24.56878 -53.58299 21.24148 
-5.787753 14.11107 29.25246 
9.85129 80.56744 -22.84276 
10.44695 81.37868 -22.46709 
-23.54332 -23.75442 18.13992 
-37.25922 -52.85571 20.59733 
-39.70292 -12.89517 11.74518 
-14.28171 80.86726 -22.1884 
-14.28076 84.07442 -22.41251 
6.94675 83.18407 -21.92177 
13.58218 -53.05424 22.20293 
49.13921 82.79183 -22.77134 
-13.8741 40.20019 30.76613 
-16.15301 83.69627 -22.40291 
-12.38679 84.1332 -22.71541 
7.185286 83.99146 -22.12718 
53.93828 84.54039 -22.68158 
-18.02811 85.84579 -22.57539 
33.15306 -23.8272 18.78278 
-6.964549 87.38977 -21.7537 
19.35484 90.77905 -22.92805 
-25.55942 62.72296 27.12911 
20.6051 89.90055 -22.28374 
20.9395 91.18721 -22.46014 
-9.834172 91.53654 -22.24095 
7.715137 57.93024 37.95741 
-19.45766 41.24892 29.62831 
-37.98952 -51.48462 20.13068 
-12.61721 94.1703 -23.16063 
13.05962 92.85079 -21.98212 
0.5478523 -4.845422 36.56443 
-14.5303 91.87815 -20.61271 
-13.89304 95.22483 -23.64075 
14.81512 41.72918 30.62596 
16.94171 94.76243 -22.50202 
-22.65397 -50.22816 20.94503 
-50.64304 50.93821 -22.98464 
-52.78751 50.97856 -21.79243 
-51.35052 -52.67238 8.26714 
49.89771 54.13367 -22.66137 
-40.69931 53.82195 -21.49497 
1.070916 54.34206 -20.90596 
46.79746 53.8974 -21.66634 
13.01364 -26.83029 19.73065 
-37.96363 -49.74883 20.41701 
2.991877 54.96893 -21.78289 
-39.78423 56.18959 -22.21306 
-40.5831 -23.2029 18.41156 
46.71698 57.5196 -23.24174 
-39.36417 57.05059 -21.53703 
-40.34232 57.87192 -22.14087 
-5.786968 58.05073 -21.18357 
-63.33707 59.96031 -22.19798 
-42.61164 58.16409 -22.19143 
-38.74866 58.51137 -21.53789 
47.75261 58.34735 -22.2506 
57.41906 58.35038 -21.73007 
-39.42853 59.57556 -22.26018 
-41.8101 60.04255 -22.08638 
-7.345459 60.48098 -21.93534 
40.52811 -52.53256 6.951258 
-63.49691 60.31502 -21.62901 
-51.85388 -51.98491 8.253652 
47.65204 60.23633 -22.30413 
-41.45296 61.63406 -21.84431 
-37.38025 -47.98482 20.85151 
-18.18367 44.74638 30.56534 
-39.833 62.08576 -21.91829 
48.01115 62.12175 -22.44775 
-23.97506 -46.18805 20.46279 
60.96856 63.42162 -21.49149 
47.5735 64.02884 -21.55381 
60.94941 64.92508 -21.91457 
12.12765 64.44583 -22.09871 
-39.6422 67.19582 -21.48815 
12.66757 66.82347 -21.19728 
-14.39317 69.7593 -21.98885 
48.05306 70.52924 -21.95802 
-4.616581 -5.560017 42.0293 
-58.88471 72.12128 -21.78773 
-45.57519 71.55962 -21.80163 
48.88325 71.52808 -22.51927 
11.96755 72.30624 -21.6763 
-13.17485 73.16098 -22.37646 
10.17515 73.46014 -23.6906 
-53.13438 73.12312 -21.69789 
-51.44535 73.53116 -22.50566 
48.5703 73.18056 -22.39292 
19.13287 -34.03942 29.0274 
-13.54722 74.37994 -21.68071 
60.41919 74.72345 -21.30167 
58.77681 79.30524 -23.15815 
59.38272 76.29296 -22.02013 
-12.02084 78.40989 -22.41799 
-12.35158 78.51569 -21.89315 
-35.04699 -5.878077 17.01386 
58.16358 79.75974 -22.20058 
10.37196 78.99934 -21.85698 
10.90567 79.8341 -21.54645 
48.75091 79.5779 -22.68476 
-13.17307 79.97055 -22.16007 
4.426457 80.87886 -22.07249 
-11.45299 81.87001 -22.34604 
57.22397 80.84518 -22.28703 
-15.04669 81.11467 -21.88502 
3.147449 82.36494 -22.19451 
5.166187 81.85949 -21.65333 
21.82926 -49.05085 29.57897 
-25.84834 -43.39282 20.9635 
-16.39801 82.70717 -21.8479 
-11.94637 -0.1094204 11.57651 
-21.21993 51.14928 30.39441 
51.41024 83.524 -21.73301 
-17.04501 84.09206 -21.84767 
18.04186 49.81848 31.13951 
52.62775 84.03522 -21.90798 
54.40693 83.73619 -21.2769 
-4.635573 83.55479 -22.6426 
-25.37805 -41.16705 19.9395 
-15.6763 35.95303 26.7242 
17.27911 88.53261 -22.1853 
20.21206 89.06581 -22.01703 
-17.39661 88.87331 -21.80392 
-52.16031 -50.25595 8.093753 
-39.51864 2.084429 12.57058 
-35.78641 -39.33026 20.92185 
20.40147 90.79163 -21.87928 
18.60022 53.42216 30.71411 
17.11067 94.40005 -22.07542 
19.74398 94.58942 -22.77367 
-45.77634 50.87561 -21.75634 
18.74956 -51.15176 7.854957 
35.23178 -49.55541 8.458133 
12.88042 -52.78827 27.1266 
-25.76489 -35.71577 21.0983 
53.0207 55.22855 -21.75314 
3.597962 55.42683 -21.57022 
12.56198 -5.835394 17.03888 
45.18985 55.07938 -21.91284 
-38.16378 -36.52071 20.67357 
-39.47273 55.55532 -21.08434 
-59.73628 56.12222 -22.94556 
32.67688 -49.00524 8.728034 
31.36856 -35.45824 21.04492 
-4.841734 56.29555 -22.02337 
-6.192101 -1.542913 37.11031 
18.974 54.92188 30.43172 
-61.58705 57.10902 -21.27023 
-22.10683 55.27654 31.13088 
-6.497871 88.5865 18.02189 
58.85368 59.12931 -21.74761 
-6.472821 58.72925 -21.45749 
60.13681 60.28505 -21.21441 
-38.9509 60.14863 -22.06431 
46.8354 61.20752 -21.72056 
-38.69661 63.28085 -21.13367 
-8.643652 62.83945 -21.99756 
8.303684 63.56516 -20.38953 
-23.76871 -20.42093 17.93568 
-12.28554 64.63259 -21.98088 
-10.65176 64.62109 -21.93792 
9.959742 64.16207 -22.13823 
-37.53428 8.02169 13.15668 
46.75684 65.84933 -20.62114 
32.22174 8.803344 12.78549 
38.25176 -49.10354 7.809067 
47.3245 69.05069 -21.39962 
60.30154 68.7586 -21.14689 
-62.13556 68.78677 -21.26749 
12.99753 -32.30267 20.63094 
-38.32551 -33.00732 20.82693 
-42.47365 70.56284 -22.03862 
60.76217 70.58186 -22.10577 
-56.04621 71.9046 -20.48888 
-13.84619 71.61376 -21.82101 
-57.20823 72.26434 -21.96589 
-46.87152 73.10356 -22.84876 
-48.75692 73.40985 -22.05924 
-12.08635 76.8392 -21.64799 
-49.77755 -47.90072 8.666428 
48.76272 77.79776 -22.77998 
19.39701 -53.072 27.34109 
32.07766 -32.39246 20.49957 
22.40347 59.63369 27.7989 
-13.57942 79.81339 -21.55496 
28.37679 14.02674 12.80289 
-3.8121 -6.593022 47.30017 
-14.96933 80.89963 -21.35176 
24.5056 16.57988 12.04972 
-38.144 -29.57546 20.92968 
-4.217504 84.18363 -21.55389 
14.52094 85.20495 -21.81205 
18.74078 61.51273 30.89051 
22.55013 17.82605 13.33559 
-15.24561 37.16357 27.50005 
25.55114 -28.05323 27.8801 
19.79292 63.21239 30.28582 
-10.27427 12.76653 28.02933 
19.14285 87.17332 -21.40815 
21.95634 19.07824 11.6896 
-38.84819 -28.24379 20.76856 
19.87862 87.96343 -21.17701 
11.6547 91.25612 -20.71002 
-1.927291 -3.568885 53.92349 
-16.20468 92.1337 -21.38771 
20.93868 -46.27735 7.39783 
-10.74827 91.39774 -21.01906 
-24.15945 21.87589 15.15072 
18.46735 64.03396 30.73044 
-48.43295 -46.16264 8.534597 
-52.22747 50.3027 -20.24477 
-50.19955 50.29032 -21.61086 
-46.97721 -46.01163 7.622078 
-54.1844 51.78424 -20.83834 
-56.64949 52.85323 -21.25743 
21.30375 -45.53398 7.601196 
48.64353 53.17516 -21.39772 
50.00621 52.85313 -20.94428 
45.58286 53.49556 -21.41975 
51.3253 53.76154 -21.96932 
-22.17187 23.75818 13.32869 
52.49923 53.92475 -20.89199 
43.74951 54.82616 -21.20675 
53.87019 54.16683 -20.57312 
53.82887 55.23079 -21.71522 
-13.13612 53.09835 37.1284 
44.2324 55.68425 -21.08483 
55.92396 56.09163 -21.5539 
-5.057568 56.8731 -21.0546 
4.62639 56.82088 -21.65702 
-20.9422 26.83425 11.751 
-25.582 -25.08574 20.67002 
6.697402 59.86116 -21.73919 
32.67805 -24.6637 20.68043 
47.56383 59.20866 -21.37579 
-27.08961 -23.79176 21.02857 
21.00709 -44.7084 8.231524 
-38.68352 61.58425 -21.19213 
7.502197 62.45537 -20.5115 
46.89108 63.15306 -21.03503 
-8.559831 62.47555 -20.92181 
61.49839 64.08603 -20.89632 
-9.651625 64.38869 -21.28589 
19.12106 30.6708 13.13683 
-9.90717 59.11851 37.71201 
18.12234 32.6991 11.89772 
-13.74608 65.95685 -21.8087 
61.56845 66.7095 -21.14906 
12.79216 69.87276 -21.44246 
-60.39071 70.35953 -20.47612 
-43.83648 71.34361 -21.07318 
47.64232 71.95697 -21.1183 
-59.60468 71.23428 -19.74364 
18.45091 35.1943 13.45535 
-58.22821 72.68423 -21.10324 
11.6786 73.55793 -21.1177 
-51.59502 73.378 -20.89347 
-37.65519 -22.12415 21.21103 
47.71786 74.02956 -20.71867 
11.66675 75.08493 -21.98199 
-26.28156 -52.01379 26.01846 
-18.8916 69.22909 31.01263 
58.54683 77.76797 -20.75947 
-31.5738 -44.05944 8.278945 
32.27374 -21.77431 21.35821 
21.38988 39.2259 11.78476 
-23.58471 39.50204 11.24574 
49.79876 80.72195 -21.0949 
-7.794603 16.78629 28.99893 
-15.96768 82.09669 -21.35481 
-2.457691 2.510082 28.03282 
11.53642 82.13091 -22.03174 
-16.20198 83.06998 -21.33341 
-39.20828 -43.33754 7.932412 
31.16687 -19.76834 21.11493 
-1.964904 83.63252 -21.40972 
1.016256 83.52663 -21.3854 
-29.54389 -19.85788 21.22638 
15.28012 84.50208 -21.14023 
-17.56637 70.76376 30.67332 
-4.316798 84.63107 -20.42051 
-16.96337 71.41721 30.54117 
29.4328 -31.6885 25.81085 
18.2444 85.87505 -21.07641 
-0.0109897 2.309771 27.89914 
-5.573054 85.58299 -20.39822 
-32.76021 -43.15305 8.102803 
24.17226 43.94856 12.35462 
-16.06933 71.94614 30.94667 
-8.201133 89.60019 -21.64559 
-17.10444 89.53611 -21.57567 
10.38126 89.99804 -20.38694 
19.20093 90.85426 -21.20532 
-22.41949 -33.40042 10.57004 
18.13651 92.08607 -20.73562 
-12.88182 92.97037 -21.72645 
29.95553 47.62501 12.25502 
17.31896 -18.70203 20.79515 
-38.00946 -43.12125 7.708756 
31.09139 47.66393 11.63996 
14.83474 93.56564 -21.83569 
-48.02441 50.1248 -20.89573 
-45.41374 50.18574 -20.25866 
12.41841 37.26955 27.23122 
32.29746 48.38817 12.2577 
-44.32224 50.92659 -20.81831 
20.32122 -27.14314 27.48759 
29.58651 -18.01011 20.66419 
-57.04744 53.98693 -19.9191 
-0.5669143 54.2948 -20.78007 
-37.70839 -18.391 20.46843 
-58.64766 55.4956 -20.90834 
-59.10298 56.22324 -20.71251 
55.22058 55.37029 -20.24155 
45.43029 56.41919 -20.38058 
-59.82156 56.66345 -20.41008 
-29.86749 51.34935 12.30722 
-61.12796 56.82806 -20.33355 
32.12569 -18.80865 17.6737 
-28.75036 -40.46227 8.207146 
-29.94994 53.44724 12.57679 
-38.37602 60.14769 -21.32979 
-8.918351 69.31062 35.99852 
6.176734 59.8489 -20.40545 
-38.07985 62.71348 -20.14053 
1.645228 2.699738 37.76809 
35.79394 54.98162 11.83919 
19.6054 -17.65776 21.28509 
-10.16305 64.83751 -20.56836 
9.520589 65.05588 -20.45135 
11.62228 64.78227 -21.29776 
12.46088 65.33262 -20.70936 
12.72786 66.71886 -20.1502 
-40.68904 68.0724 -20.87907 
46.21056 68.77647 -19.69199 
-12.45333 69.55051 35.12581 
24.18454 -16.04635 20.08954 
26.31878 -17.25032 22.02489 
60.07523 70.00967 -20.17494 
35.8964 58.33705 11.3904 
23.45001 -16.07971 20.48339 
-44.87727 71.20889 -20.14709 
-56.26901 71.60893 -19.90142 
-46.6044 72.09782 -21.03956 
-49.7926 73.09193 -21.23465 
-30.7 58.51294 12.60769 
-48.03576 72.25061 -20.23862 
-8.172 13.4931 28.78586 
58.92091 73.41972 -20.11383 
12.14618 74.29553 -20.44295 
47.77859 74.65379 -20.12829 
-6.538501 -9.620739 55.08453 
58.91561 76.08302 -20.86392 
10.60875 76.91599 31.91085 
12.50024 77.19268 -20.88571 
48.5748 75.9371 -20.38731 
-4.373054 14.93925 29.67652 
34.11235 59.34444 12.69156 
2.617973 45.57234 34.89731 
12.90846 78.13595 -21.05845 
-27.07358 -50.21964 26.17174 
-12.17857 79.10414 -20.95109 
49.66774 79.19411 -20.05127 
-13.97767 81.22863 -20.55257 
57.36422 80.30299 -20.70328 
13.62317 81.26188 -21.03289 
49.18095 82.27371 -22.20345 
56.78867 81.08643 -20.76092 
-14.83355 82.35532 -20.59456 
3.118584 4.275227 28.67163 
4.986026 82.73535 -20.77744 
25.61754 -6.997351 20.59546 
3.72354 88.47675 17.65326 
28.81349 63.51181 12.89522 
-24.90763 -6.479097 20.72708 
10.08723 78.9926 30.69807 
17.66258 -6.56495 20.64731 
16.91111 83.62019 -20.5612 
-16.5743 85.91897 -21.65222 
18.60848 85.98125 -20.63554 
-27.24387 -5.655524 20.60644 
-0.8767341 -5.699643 43.73912 
19.91343 89.24136 -21.18623 
-30.10508 65.5777 12.20838 
29.38152 -28.30846 25.73898 
-14.48907 89.84294 -19.79341 
24.68906 -6.578506 21.18869 
-38.39037 -34.11543 7.930099 
14.11719 92.47239 -20.7027 
16.00688 91.94132 -20.07474 
-46.72414 49.68266 -19.58999 
13.34985 -23.83821 19.06102 
-10.1517 69.49564 34.89623 
48.67914 51.79301 -20.13832 
-42.24752 52.16119 -20.09154 
-8.157401 81.68665 29.68521 
44.47252 53.05989 -20.53909 
50.78234 52.62654 -20.32843 
23.68147 72.8905 12.61581 
-39.67148 -33.13091 8.243309 
-27.18063 72.47428 12.57929 
-0.9312681 54.19422 -20.13723 
1.705595 54.73068 -20.66199 
3.452739 56.34924 -20.21883 
-3.425025 -7.037665 56.81772 
-62.0374 57.44378 -20.52843 
-5.787159 57.10463 -19.65608 
46.22174 57.41866 -20.42523 
57.86182 56.97754 -19.81631 
-38.28358 58.23208 -19.49943 
46.33833 58.86915 -20.45539 
59.10659 58.94593 -19.78072 
5.34007 58.28796 -20.37069 
8.980167 60.60839 37.95712 
21.87447 75.85457 13.171 
-8.169866 59.89144 -19.4249 
3.247428 80.75304 31.52755 
24.465 -4.671116 20.71497 
25.85055 -50.39037 25.17826 
-38.15877 60.61798 -19.71672 
60.52864 61.05898 -20.33259 
14.47022 -3.217237 20.97066 
-39.22384 -31.81934 7.779167 
-22.33486 -32.2181 9.577494 
-4.540672 82.60724 29.84034 
-12.50433 65.43718 -20.80518 
26.85592 -32.24773 7.611954 
-14.56261 66.93431 -19.89923 
47.01265 67.0637 -20.65723 
25.14138 -48.17799 26.39504 
-15.32291 69.45567 -20.10925 
46.76796 71.01105 -19.85131 
-16.12848 -2.425438 20.87778 
-41.46898 69.10315 -20.95732 
27.40386 -3.34378 20.92473 
59.44722 70.96794 -20.00363 
-58.76828 71.59791 -19.30026 
16.97121 80.47543 13.1566 
-2.615755 82.73483 30.01322 
-1.07274 82.58046 30.25032 
-55.10764 72.63152 -21.23249 
-39.95389 -31.71475 8.454601 
-50.74194 73.06631 -20.38174 
-0.06112194 82.85215 29.7461 
46.18823 74.07037 -19.7958 
-31.63931 61.41042 10.81478 
60.29952 74.01628 -21.03998 
58.7117 75.0478 -20.01478 
0.9048883 81.99761 30.73014 
11.90407 76.13051 -20.35204 
48.74451 75.85595 -19.38022 
27.68265 -1.900837 21.23665 
49.25683 78.09956 -20.37092 
-11.87065 78.31634 -20.57094 
56.92784 79.33636 -19.83478 
14.56818 79.64729 -20.59586 
50.62472 79.21721 -19.42951 
13.80097 84.59159 12.26216 
-15.7591 85.18087 12.55895 
15.8879 80.9203 -20.29423 
55.89962 80.74663 -19.63174 
16.43726 82.21384 -20.24933 
29.92001 -26.4227 24.55872 
51.1314 81.96721 -20.52429 
55.06931 82.28121 -20.48388 
15.31272 -52.84634 30.80812 
22.38487 -30.10647 7.76228 
53.49409 83.06751 -20.34007 
19.86093 -52.67405 31.29543 
2.159519 83.28413 -19.77358 
2.486409 83.2253 -20.7644 
6.312487 83.28999 -20.13141 
28.09937 -0.8125998 20.96352 
28.27666 -31.35566 8.308908 
-1.854633 84.00098 -20.19349 
0.6368435 83.85966 -20.38498 
17.86623 84.37891 -20.45616 
-15.75787 88.05529 -20.38478 
7.953797 87.13071 -20.77835 
19.37349 -29.67092 7.627602 
9.14399 87.87229 -19.0354 
-10.31112 88.47171 12.37036 
-9.460585 89.97567 -20.35483 
-32.91669 0.2619554 21.2539 
-37.08932 -14.51744 17.19173 
-14.07878 0.03958464 20.49445 
-13.69694 90.49479 -19.75971 
-11.55569 90.62753 -20.07223 
13.01316 91.04694 -19.69164 
20.10035 -51.04438 31.24451 
-47.94194 49.61442 -19.1036 
-49.56676 50.38958 -20.08342 
-55.69835 52.54816 -19.75051 
-40.56104 53.75272 -19.76793 
46.17638 52.62924 -20.39258 
53.46991 53.53498 -20.06158 
-10.29224 60.67518 38.05611 
-34.82291 1.453949 20.00918 
-6.082745 90.04862 12.25414 
-21.63646 -29.02482 7.977515 
-2.91125 55.03214 -20.55442 
-58.99585 56.22398 -19.81966 
10.14796 2.471881 20.4264 
57.04936 56.74636 -20.35363 
9.927097 3.232268 21.20073 
-47.30893 -53.6453 12.58844 
-33.78564 4.345853 21.27673 
-40.9417 -29.10148 8.274266 
29.94186 -53.30894 11.41652 
45.98158 63.66982 -19.86516 
-62.84706 65.53934 -19.7596 
-47.94182 -53.10104 13.00419 
-10.40283 65.30524 -19.6222 
-39.60612 65.58443 -18.82351 
10.94736 66.09612 -19.62557 
12.12561 66.09737 -19.83994 
-14.74836 67.79742 -20.2741 
45.78045 70.66839 -19.06391 
12.80364 70.78797 -19.44917 
-14.96399 70.87112 -20.14415 
-21.2945 -27.56607 7.403577 
-46.28931 71.97096 -19.8368 
-15.04011 71.752 -19.76949 
16.03626 -47.61704 31.27336 
32.24503 -27.07284 8.226995 
-49.67524 72.20111 -19.547 
47.32076 73.07306 -20.52754 
-41.49008 -26.61381 8.756089 
-14.22644 73.39544 -20.57128 
35.94611 -52.83054 13.2224 
-7.866678 5.645648 21.06284 
12.36802 74.73161 -19.6316 
34.17767 62.6473 10.19475 
13.17877 78.01022 -20.09894 
-27.9078 -52.05328 11.31697 
57.37584 77.94053 -19.70378 
-0.8691502 -2.136945 31.19854 
-11.75024 79.91916 -19.2012 
-7.309328 6.292386 20.8177 
-3.625649 -1.084882 31.26729 
15.64235 80.96391 -19.22676 
16.37932 81.45474 -19.69279 
52.58084 80.32307 -19.37406 
1.162052 -1.135272 30.91479 
54.26689 81.46141 -19.5547 
14.4782 -44.86465 26.68894 
-13.78069 82.70602 -18.99674 
17.37139 -15.34341 17.38264 
17.41063 83.44872 -19.79516 
-1.299789 84.6106 -19.30868 
0.9186034 84.57681 -18.80926 
-21.31169 -26.03082 7.52316 
6.884942 84.11264 -19.53459 
-15.95744 84.30726 -21.07576 
-4.128729 -0.007170456 30.66247 
-26.20074 -51.14207 13.40084 
18.02212 85.31213 -19.98639 
17.97691 87.30724 -19.96773 
18.52117 86.76772 -20.18776 
-7.42865 87.98458 -20.78004 
-1.861809 4.945889 36.44492 
-7.063432 7.067127 21.1735 
17.73215 -24.07114 25.12398 
-5.940985 7.271759 21.44989 
3.714545 62.70143 38.95139 
-26.44474 -49.44765 13.33602 
36.54847 -49.42684 12.52175 
47.15943 51.69234 -19.87196 
28.10312 8.491213 21.0757 
-41.62445 52.01648 -18.47932 
51.93306 52.9431 -19.39432 
32.97623 -23.81384 7.877184 
54.74858 53.92302 -19.2246 
-39.50056 55.1667 -19.7173 
-2.821414 54.76677 -19.108 
2.62902 55.23388 -19.17507 
-6.68001 43.37135 35.97002 
15.10762 -43.6473 25.53547 
-5.152337 -0.7091711 45.61461 
-4.747921 55.99805 -18.98151 
5.631981 57.53298 -18.65003 
-5.872626 4.852012 30.85035 
-33.60976 -14.23278 17.71049 
45.43543 56.9162 -19.70687 
-61.96048 58.14104 -19.44586 
-10.92193 11.56861 27.70767 
-45.53285 -45.78382 12.37658 
-6.402862 58.29127 -19.65131 
33.30276 -22.90809 8.634795 
8.770195 62.82693 -18.79672 
-25.76844 -45.60552 12.3302 
34.08029 -45.95184 12.51489 
45.80413 61.1286 -19.60488 
-10.01079 63.43457 -18.81599 
-63.12917 62.27259 -20.34119 
-12.11496 -1.480996 17.18528 
27.19176 -42.53054 24.94609 
61.87278 65.17924 -19.88693 
-39.01541 64.89153 -19.72247 
9.019366 64.63646 -19.8524 
15.79336 -22.16879 8.392522 
10.18696 65.8954 -18.91171 
45.48038 65.71034 -18.89665 
-39.5291 66.88713 -20.30253 
12.16032 66.68652 -18.75142 
-4.834738 7.595505 31.48236 
31.25115 -44.70606 13.42473 
12.78926 68.55768 -20.05375 
60.95205 69.59686 -19.01151 
-42.52183 -21.48915 7.62613 
-42.91799 -20.42491 8.675557 
-26.50811 16.70544 20.03291 
-45.72267 71.56879 -19.16805 
45.56105 72.97093 -19.42242 
-14.37587 73.61692 -19.06245 
19.83315 -43.4854 12.54687 
25.32343 -43.38457 12.61822 
-13.71065 75.20531 -19.92184 
-21.66245 -20.05685 8.317844 
22.32166 -42.95017 12.20247 
11.89946 77.36504 -18.53818 
-40.40678 -42.01583 12.6972 
15.06595 80.10263 -19.67067 
-42.63608 -18.66679 8.449613 
23.86236 -42.45055 12.52702 
-22.48157 19.81756 21.28975 
-25.77817 -41.9286 12.77952 
7.441079 85.49936 -19.82415 
-2.769788 84.95928 -18.97776 
-14.33713 85.00738 -19.24384 
-22.29839 -18.36346 7.965369 
-40.74107 -37.99614 13.29756 
-23.28147 -38.08119 12.50788 
-8.804986 63.07633 38.26722 
-42.92728 -17.13204 8.565042 
24.33769 -39.40153 13.33144 
17.27494 90.57391 -19.77726 
3.972502 13.18767 28.17189 
-7.83829 44.84804 36.90725 
-50.91182 50.22541 -19.10087 
14.77361 -39.16457 25.70672 
-43.83086 51.34592 -19.23324 
-24.24729 -16.63076 7.900633 
49.43168 50.89503 -18.5678 
-53.79088 51.24723 -19.70544 
43.77151 53.041 -19.41046 
-13.26386 14.49076 27.92366 
16.72786 25.4807 21.70742 
-40.71508 53.01495 -18.2797 
-58.01344 55.10206 -18.26004 
1.218301 54.49926 -19.31052 
-5.662546 19.73703 30.85261 
3.882966 56.04076 -18.62556 
42.25985 54.63038 -19.33114 
-38.96474 56.59989 -19.20766 
56.28463 55.88079 -18.99903 
16.93194 -36.33951 12.64065 
-2.971691 19.83445 30.98989 
20.21899 -37.9608 13.05669 
58.49675 57.2381 -18.69501 
23.78104 -37.14592 12.59192 
6.218766 59.26422 -18.74185 
24.60801 -37.47966 12.48858 
25.86016 -37.34777 12.38411 
-40.70528 -37.30166 13.39039 
-37.70452 61.65822 -18.60503 
45.05136 62.32634 -18.99576 
22.14107 -37.33859 12.82542 
-4.421915 21.16523 31.18508 
-62.00008 67.24442 -18.89322 
-30.76756 -47.49278 6.995963 
-40.41294 68.12175 -18.325 
-2.626377 -10.14561 56.06393 
12.81582 66.99136 -19.18167 
-15.36353 69.16082 -18.5462 
21.74074 -26.03329 27.04024 
-40.11518 -36.32524 12.45796 
-44.37025 70.32551 -18.5443 
-43.43189 70.37762 -19.00776 
-54.06306 72.12095 -19.26342 
-47.1474 71.96628 -18.83013 
12.4973 72.06839 -19.70421 
-0.3614499 20.80783 31.10965 
-22.54854 -36.13859 13.67744 
-52.59912 72.58186 -19.72024 
-51.82927 71.83561 -18.66707 
-48.04073 71.7599 -18.35052 
-8.74677 18.06641 29.21466 
58.80721 71.60892 -18.89244 
-15.37585 71.7226 -17.33736 
-41.32512 -13.40615 8.558943 
45.44052 74.42578 -18.44015 
57.79214 75.17695 -18.56554 
46.37223 75.05015 -18.8487 
-39.9399 -34.75233 12.95404 
48.53709 75.57832 -18.67684 
-7.61462 21.39413 30.712 
57.12315 76.97953 -18.92824 
-11.62915 78.86353 -19.18346 
-10.12228 65.29387 37.48299 
27.92021 -39.20199 26.08403 
28.1708 -33.81734 10.42731 
54.8332 80.25725 -18.42245 
16.26212 83.01814 -19.05116 
-4.408215 85.14349 -19.56334 
18.42763 -22.90527 25.26327 
-24.56286 41.85012 21.39573 
-37.18815 -0.3097835 17.36104 
16.75128 86.61789 -18.99367 
-24.44504 43.88996 22.02758 
21.96544 42.4487 21.1681 
29.275 -36.39085 25.46837 
-10.17607 88.56937 -18.63015 
11.04039 88.95236 -18.68501 
14.76378 90.28219 -19.07512 
-25.16331 44.20639 20.48417 
-54.52033 51.45842 -18.61928 
42.9141 52.62453 -18.77699 
44.80964 52.16791 -18.7314 
51.8766 51.25925 -17.44993 
31.29998 -30.74311 12.57741 
-39.72602 53.70314 -18.56242 
-1.335043 54.29532 -17.80904 
29.25187 -8.877942 17.15819 
3.884794 20.89567 30.88947 
2.371137 55.58623 -17.93063 
23.92798 49.35503 21.24062 
27.81742 -22.15001 25.55474 
42.28715 56.02934 -18.78688 
40.85948 56.18853 -18.43247 
23.55899 50.40442 20.18815 
-60.87777 56.92329 -18.51364 
-5.909595 57.42109 -17.96968 
44.9783 56.91139 -18.95146 
23.4963 51.81855 20.50664 
14.69437 -36.48882 25.84962 
45.25662 59.46566 -19.07922 
-38.1027 58.97959 -18.79738 
23.96839 53.46152 20.95838 
6.979222 60.0386 -18.58749 
5.933217 14.71885 27.6974 
44.49617 60.9303 -18.52419 
-9.06574 61.27479 -18.99788 
12.63028 -28.0087 12.50424 
-9.290068 62.26963 -18.98246 
61.33352 62.26943 -19.61801 
-61.89252 60.52082 -18.44711 
-38.05524 63.3881 -18.12932 
-28.78448 54.06882 19.82378 
9.214244 64.11478 -18.49702 
16.20362 -18.42623 18.48304 
-18.98511 -6.811076 9.080463 
-38.5586 64.61007 -18.7286 
9.66732 64.6601 -17.91131 
-30.03111 -9.033146 17.88286 
-10.73767 65.76792 -17.70281 
-23.94694 -21.62338 18.38771 
7.634531 63.97625 37.87704 
32.83338 -26.87086 12.07927 
61.77857 65.98314 -19.02476 
61.18022 67.79037 -19.66112 
-60.20247 68.60558 -17.47345 
-15.24302 70.48927 -17.90161 
-6.706321 -8.785866 55.66052 
-56.69838 70.73457 -18.16424 
12.25742 -24.98085 12.69645 
-28.94776 61.19758 21.7819 
59.99938 70.68506 -18.03064 
-53.31743 71.47381 -18.28107 
-49.19783 72.09837 -17.91364 
58.00763 72.73087 -18.48466 
25.41277 61.21257 21.37252 
-14.35208 74.65264 -18.5812 
32.65364 -24.12956 13.12045 
-8.735634 22.7164 31.00478 
-13.21895 76.20433 -19.20437 
11.90252 75.78603 -18.25634 
-12.30961 77.24867 -18.53793 
56.62115 78.22258 -18.67213 
12.8138 -23.12907 12.6633 
14.27313 79.79495 -18.24125 
55.55297 79.04413 -18.65267 
-11.55635 80.74596 -18.16094 
5.045296 83.12963 -19.26649 
-17.63212 -5.374474 9.704318 
24.12542 64.54897 21.18439 
-5.710333 85.91497 -18.47276 
-7.149239 87.0177 -19.1417 
-27.14414 66.32475 20.93521 
-7.128175 86.62161 -17.63795 
15.44166 88.13814 -18.48423 
-12.58437 88.5162 -18.58604 
-9.316067 88.6681 -19.10332 
22.40464 -32.70868 9.676902 
-25.7426 67.70847 21.77942 
-50.71204 49.90965 -18.14729 
-48.79179 49.8868 -18.75231 
-45.43417 50.43917 -18.40221 
-43.15265 51.05233 -18.03946 
46.56398 51.22257 -18.5487 
-2.470192 0.1039712 47.39359 
32.55877 -19.78111 13.0065 
-52.47721 51.09326 -17.82136 
50.70109 51.2099 -17.7273 
7.826184 72.43391 35.50539 
16.36013 -18.59829 11.21361 
0.6024981 24.91149 31.40442 
53.63486 53.13589 -17.98576 
8.378191 1.048339 16.60431 
-56.3269 53.91307 -18.27488 
41.67709 54.10554 -18.84105 
32.02182 -17.05338 13.3963 
-38.8929 55.48286 -17.99096 
55.44421 54.44046 -18.41411 
1.055087 54.62726 -18.00879 
-41.51311 -16.41616 12.55618 
40.02333 55.92342 -17.73681 
57.29757 56.32396 -17.89934 
-38.63652 56.29531 -17.51738 
15.93096 -33.23271 26.56122 
-14.65075 -0.4914877 6.388285 
20.98591 74.73225 20.41846 
-37.98835 57.54246 -17.97462 
43.73002 57.37279 -17.7289 
9.574297 -1.642151 8.881352 
29.3534 -33.13927 25.48452 
59.7983 59.31036 -18.2241 
43.99293 59.72128 -17.5255 
-38.2556 60.35222 -18.42992 
21.09249 73.3578 21.91538 
-8.595276 60.56731 -17.58175 
-40.8511 -15.59881 13.26583 
15.78592 -14.18956 11.23196 
-9.227365 61.84281 -17.71121 
35.20584 -1.479887 8.79983 
61.80259 63.69315 -18.55014 
44.37461 66.0521 -17.75638 
61.85442 66.42833 -16.75885 
-13.31925 65.89167 -19.20329 
10.61259 66.5472 -17.73383 
-20.49602 77.76684 21.48815 
-40.78231 68.90175 -19.18493 
-24.68037 -13.04638 12.57495 
-24.231 -12.75148 12.86363 
-38.28722 -12.60973 13.30221 
44.8717 71.49265 -18.87704 
15.89578 -13.20284 13.30846 
-55.15687 69.99924 -16.91608 
-54.37573 70.72672 -17.98867 
9.955675 26.47971 30.54479 
-50.40503 71.9 -17.23585 
59.46738 72.08967 -17.09855 
44.41811 73.09184 -18.57162 
-18.27795 80.1125 21.32937 
-16.39022 81.91566 21.26107 
57.15632 73.71687 -17.78598 
-22.17472 -11.42444 13.49049 
7.325137 16.31992 28.45443 
50.28249 76.73315 -18.24508 
50.73893 77.74763 -18.38141 
-11.86175 78.6881 -18.09246 
54.11137 80.28772 -18.40803 
-11.92158 82.96415 -17.33985 
6.416843 83.91643 -17.78713 
-26.15807 -9.313908 17.75078 
8.764091 27.37491 31.13964 
-10.01299 28.45161 31.04371 
14.44293 84.7703 -17.78129 
-1.916783 84.69372 -17.67406 
-0.6425015 84.87479 -17.56337 
-13.56095 87.01389 -18.58884 
7.662106 85.41382 -17.85861 
7.884782 2.097137 17.51813 
8.937573 86.33228 -17.33481 
6.424073 74.32267 34.48294 
-18.25216 -8.867579 11.97503 
-47.89553 50.29369 -17.13728 
-46.90767 50.17828 -17.67814 
-44.60507 50.14067 -17.4374 
-5.993535 -3.18533 40.58341 
-39.31643 3.896196 8.751965 
41.51932 52.81538 -17.62627 
33.259 -7.568086 12.9017 
-57.29948 54.8611 -17.48928 
-39.97488 53.74537 -16.95315 
-24.05475 74.51071 18.34777 
33.52432 -6.330729 13.36333 
40.66836 54.42173 -17.50998 
-59.31297 55.39536 -16.61935 
11.83202 -6.830317 13.6847 
8.726245 31.33704 31.11247 
-4.730937 56.28016 -17.74361 
-16.704 -7.120558 11.8886 
40.84867 57.61687 -17.32336 
-61.56853 57.9899 -17.37849 
-6.909118 87.66749 20.20787 
-4.215787 46.15443 36.94231 
44.26748 58.03769 -18.01754 
16.12661 -29.31427 26.06207 
5.609191 58.60238 -17.52139 
-7.992129 59.80718 -17.91467 
5.855094 59.56757 -17.45776 
34.3619 -5.83424 11.66093 
-40.0991 -21.56341 19.07243 
-37.98791 61.2876 -17.47485 
11.14854 -4.581672 12.74617 
60.80997 60.85698 -18.44038 
8.813001 62.28916 -17.57307 
-5.195261 70.9253 36.86468 
-9.845557 62.92827 -17.09935 
44.46978 63.25092 -17.78869 
3.837554 45.22437 36.51807 
18.22652 39.60659 27.01348 
44.92621 64.67226 -18.50467 
-14.10794 66.12422 -18.40749 
-11.17202 66.00106 -18.27031 
10.05636 65.90908 -17.36296 
34.09839 -4.512897 12.06566 
-15.15594 66.91623 -18.3793 
12.34119 67.68626 -17.36821 
-32.29372 -8.362033 17.76113 
61.20248 68.82872 -17.95222 
8.700145 32.14716 31.24092 
0.2814635 87.95181 20.63296 
-59.07058 69.8963 -17.81254 
10.27062 -2.648779 12.58012 
-6.154196 -2.076197 40.21932 
43.23696 71.74364 -17.96688 
-14.50639 72.75394 -17.09029 
57.4496 73.21618 -17.28666 
44.5339 74.11792 -17.85805 
28.75118 -33.14676 10.62777 
-14.4136 74.11285 -17.31953 
-38.28339 5.476963 9.259006 
55.65511 74.97969 -17.40448 
-13.26511 75.66766 -17.51023 
47.50341 75.86272 -17.75778 
52.05141 76.70622 -17.72655 
54.97389 77.50643 -17.67923 
4.256445 50.76803 38.10772 
53.76756 78.97171 -18.20806 
52.98251 77.06038 -17.24011 
28.61584 -29.64373 26.19727 
-39.78419 0.442647 11.27047 
-6.240725 -6.083371 55.34036 
2.313348 83.91244 -18.39991 
-11.13579 -1.342095 12.51104 
2.123903 84.00714 -16.92344 
28.95359 -53.05297 21.62774 
-4.343116 85.47375 -17.67224 
8.356804 -0.5499298 12.10921 
33.84084 -0.4422665 12.79152 
-3.786762 5.992956 9.026621 
-36.21263 -53.06795 21.35638 
10.88459 33.26204 30.96692 
-0.377965 5.768392 6.662087 
12.73799 88.17847 -17.95412 
12.39448 86.47423 -17.22756 
33.05201 6.319456 7.443859 
48.31198 50.54035 -17.39472 
44.77545 50.79992 -17.84084 
-9.008478 1.954744 11.73617 
43.3808 51.61712 -17.68059 
-42.33032 52.17393 -16.69606 
28.54241 -52.28188 21.74051 
53.13021 52.07891 -17.63332 
-55.42204 52.42235 -17.69029 
-22.24142 -51.5897 20.81971 
-55.74873 53.42242 -16.98321 
28.82154 -7.810385 17.77619 
56.10973 54.43358 -17.8061 
-56.47702 54.20975 -16.30628 
33.29095 3.938515 13.36564 
-3.675904 55.8514 -17.36232 
39.93386 55.17987 -17.23039 
-40.35838 -32.16588 10.10666 
-60.97288 56.88354 -16.95607 
40.11397 56.67385 -17.86142 
-7.120892 57.13929 -16.75242 
10.10563 35.0192 31.23938 
-6.531276 58.41879 -18.08497 
42.91315 58.21045 -16.76823 
-36.8066 9.128644 9.775057 
-35.82025 10.31785 8.526307 
5.392191 58.39716 -16.95472 
30.44845 10.16437 7.440826 
-36.7874 -50.0423 21.6427 
-37.63937 60.4419 -16.8481 
6.713171 60.14867 -16.87003 
-37.07096 -48.54152 21.08875 
-0.4369255 -5.492243 49.01432 
61.06428 61.29684 -17.37634 
62.62565 62.85621 -16.30491 
-23.15898 -48.51588 21.12436 
-38.83022 64.68571 -17.51863 
-38.94843 65.67921 -17.33629 
8.289724 36.69102 31.26566 
-39.97657 66.6117 -17.56496 
45.84878 67.39855 -19.51639 
61.84234 67.28852 -17.89994 
-59.38759 68.96113 -16.90271 
-42.12454 69.12108 -16.87013 
-37.60513 -44.98247 20.49824 
44.61873 69.51796 -17.51387 
60.95779 69.23453 -16.1312 
43.1795 70.60527 -17.64657 
-52.69911 71.0269 -16.63521 
-45.82765 70.98503 -17.77789 
-51.43794 71.16945 -16.69359 
59.92019 71.14607 -16.80107 
12.81457 72.86407 -18.56708 
45.87147 75.06124 -16.78905 
14.01929 -45.90397 21.10273 
-8.01166 74.71193 34.92127 
48.41636 76.09939 -16.94643 
49.65843 75.78156 -17.96494 
-38.9869 -16.38012 17.77186 
54.68269 75.47498 -16.82714 
-30.02155 15.18842 7.207118 
29.69684 13.18708 12.57835 
-34.90611 12.72524 12.19646 
12.90066 79.5528 -17.13216 
-35.32793 -44.90742 21.92419 
15.12728 82.4015 -18.15558 
-34.94357 -43.73136 21.34803 
0.7432094 84.70522 -17.26838 
28.63442 -25.75712 26.3265 
27.66963 15.03602 13.60748 
-19.24953 -6.366248 17.93345 
10.59677 86.8929 -17.19253 
-30.03332 16.51397 11.94848 
-50.0616 49.82879 -16.80437 
-28.95778 17.27452 13.40196 
19.76171 -23.23609 25.5491 
7.763482 39.25892 31.12799 
-24.76082 1.413216 24.94722 
23.65795 16.77423 8.366733 
-27.30084 17.7703 12.41127 
21.608 18.27222 13.85431 
-26.08173 16.55791 7.725349 
-25.28772 17.73917 8.022498 
55.19294 53.674 -16.4011 
-2.775795 55.18915 -17.71427 
14.16214 -40.05687 21.17912 
18.69799 -24.39057 25.89837 
1.525288 54.84679 -17.32011 
39.26577 56.82215 -16.84412 
57.88707 56.95566 -16.88434 
-6.146355 -9.030877 53.6979 
-38.13182 56.96048 -16.79408 
3.84969 56.93657 -17.15665 
39.01878 57.85688 -16.2267 
-23.98489 19.4317 7.060724 
13.9565 -39.46344 20.95204 
-8.845507 58.81847 -16.32652 
-12.14293 18.81595 28.17483 
5.485989 74.72202 35.29543 
7.670312 61.30897 -16.53924 
43.77348 61.39819 -16.95284 
62.11729 61.7919 -16.38479 
-24.17148 20.55164 8.06834 
30.38457 -37.94994 22.5593 
-26.30232 2.17213 24.89313 
-10.3892 63.67382 -16.3783 
-26.38165 -37.29768 21.57891 
-61.66908 65.10503 -17.21223 
-13.0433 66.03356 -17.5455 
-59.96736 67.5313 -16.04122 
19.13404 28.68905 12.599 
10.86754 67.01999 -17.07124 
26.95372 -24.36059 26.53637 
13.39163 68.94653 -17.47139 
42.98082 69.25761 -16.83562 
-56.98137 69.64207 -17.04193 
-37.63948 4.564674 16.04791 
-20.14224 32.72825 12.45513 
-53.73289 70.00847 -15.93705 
41.80201 70.62255 -16.3922 
-37.97221 -34.27084 21.14014 
-48.65913 71.01124 -16.2555 
42.42902 71.24025 -17.02117 
-16.10295 71.41745 -16.55328 
-27.17678 -48.9829 25.56563 
17.81088 22.91398 6.302774 
13.40533 71.49899 -16.68917 
13.21744 42.75666 31.78442 
43.4482 73.22243 -17.03458 
12.77121 74.31638 -16.94609 
-13.99463 75.63422 -16.30434 
19.38015 36.12849 12.98819 
50.4206 76.18966 -17.02958 
50.92206 76.25154 -17.51196 
11.65474 78.12012 -16.95491 
2.01791 -0.714661 40.9912 
-26.0367 -34.50288 21.19393 
-10.72184 81.86578 -16.54471 
5.534436 83.6166 -17.19607 
-17.52152 44.29135 31.37239 
12.33826 85.00648 -16.83881 
-11.9398 85.69341 -17.50781 
-5.80196 -12.1374 56.64633 
-3.159948 85.9617 -16.4026 
-1.48762 85.50181 -16.60958 
-22.97653 38.94534 12.10829 
-11.274 87.20958 -17.73173 
14.77683 43.89792 31.43488 
-6.522874 85.92206 -16.58189 
-2.827903 47.27368 35.85818 
11.87852 21.61776 26.7242 
-8.71889 86.66975 -16.66939 
21.49483 -22.60736 25.88923 
-45.93132 49.8903 -16.49574 
-20.35317 25.85509 7.754783 
49.96888 50.60531 -16.17269 
43.51813 50.8228 -16.2491 
-43.80011 51.3367 -16.30436 
-26.5474 42.52605 12.24645 
-27.2068 43.27379 13.48883 
-0.2991221 54.30164 -17.60775 
16.54372 46.38593 31.04592 
-3.226707 54.38054 -16.12613 
-19.70172 47.39906 30.91322 
1.213244 54.43697 -16.65682 
6.164783 47.05462 36.46449 
-38.35392 -31.14316 20.9877 
56.98198 54.89316 -16.93774 
-38.70786 55.27739 -16.48193 
3.022344 56.32667 -17.00082 
-37.86318 57.76427 -16.44217 
-12.46507 46.568 35.37803 
4.682323 57.63037 -17.14919 
-25.5853 -29.78898 20.98112 
27.5132 47.56163 11.91303 
58.98975 57.87029 -17.29575 
12.82504 -30.77288 21.32364 
59.96183 58.99909 -16.80492 
42.84497 60.13111 -16.51914 
43.22062 63.67494 -16.69765 
13.28551 -29.01137 21.20037 
8.391995 62.66917 -15.98567 
-61.25141 64.22708 -15.80432 
-38.78078 63.2599 -16.50153 
-39.82368 66.48914 -16.02854 
-16.42874 66.61352 -16.54459 
10.2063 66.17257 -16.81048 
29.69636 -5.292834 17.94315 
10.69087 67.55344 -15.56511 
-25.2014 -28.23421 20.86298 
33.09373 50.02492 12.90623 
43.83275 68.02014 -16.52259 
13.40851 -27.42418 21.74615 
-41.33088 67.77781 -16.29741 
-21.84659 41.2549 25.74829 
13.54133 68.41811 -16.29198 
42.09274 69.86919 -16.74106 
-43.69942 69.80378 -16.96614 
-47.62597 70.76491 -16.83272 
-19.80382 34.0467 7.679383 
14.07568 -26.01235 21.69724 
42.76484 71.96188 -16.93508 
-37.62136 -26.27283 21.51549 
34.92328 51.94499 12.6575 
58.4934 73.14876 -16.20662 
-26.42517 -26.25411 21.20848 
44.29243 73.64343 -16.2323 
55.76556 74.63094 -16.60687 
46.93766 75.48743 -16.73723 
35.09697 53.6716 12.82756 
18.21509 55.61072 30.98729 
-13.19538 77.17928 -17.47014 
-13.23667 77.6009 -15.69563 
34.85593 55.09807 12.8621 
12.91363 81.25919 -16.7449 
12.36061 82.56763 -16.56425 
10.91204 83.64257 -16.01007 
30.97745 -5.046679 16.95116 
3.544989 83.85823 -16.7071 
-9.937057 84.03497 -15.88078 
-8.976461 84.98689 -15.45265 
19.52157 36.55264 7.971077 
0.8924531 85.15186 -16.31361 
9.298988 84.52016 -15.80492 
-5.566307 85.63644 -15.77197 
-7.570758 85.81 -15.98369 
27.10052 -22.75815 26.20633 
46.99491 49.75454 -16.75886 
-49.31838 50.216 -15.87474 
-47.1019 50.09584 -16.06407 
-31.57561 57.11316 12.20826 
-15.8673 -4.003852 18.36897 
-51.60301 50.63619 -16.53831 
14.41858 -23.1226 21.06577 
41.44815 52.10444 -16.37462 
-42.46585 51.88908 -16.03255 
33.1414 58.87457 13.55618 
-26.6823 -22.21569 20.67244 
39.27903 54.92615 -15.63315 
31.74464 60.14953 13.06903 
26.61384 -25.87853 27.2964 
3.298358 55.67605 -15.64351 
57.40242 55.5863 -15.34601 
3.620508 56.08374 -15.4765 
4.942084 56.65168 -15.776 
38.80807 57.4147 -15.86988 
-29.20936 69.16383 10.69932 
-29.65295 62.48113 12.78462 
18.78185 59.73874 31.19607 
39.69643 58.52132 -16.34578 
-37.57998 59.39373 -15.83966 
6.630092 58.21123 -15.55676 
-60.34164 60.0505 -15.334 
60.49231 59.93116 -15.68261 
-37.59101 60.50351 -15.13091 
-60.91509 62.51385 -15.99565 
24.49254 -21.64174 26.13997 
26.47213 66.6444 12.5169 
-6.045596 -3.207904 44.76428 
9.04145 63.85199 -16.09728 
62.86371 64.09236 -15.74247 
9.993855 64.75591 -16.2675 
43.29594 64.98503 -16.10805 
-11.13584 64.83169 -15.3365 
16.03888 -20.91195 21.90312 
-16.22288 66.16022 -16.52956 
18.44325 61.58076 31.2945 
-14.32975 65.8666 -16.53654 
13.27592 24.35291 26.84858 
24.20379 43.07952 8.81674 
10.16123 67.05071 -15.83593 
-29.49026 67.84572 12.63165 
-42.97253 68.44349 -15.34756 
25.38442 70.21338 12.52919 
-16.34051 68.65952 -17.01979 
-58.35641 69.31354 -16.67021 
-1.422923 62.69456 39.31643 
41.26728 69.28045 -15.49771 
-21.23774 2.103998 25.29825 
41.54737 70.54273 -15.78358 
42.18988 71.50971 -15.72448 
-25.90121 74.08786 12.83226 
25.6089 44.70972 8.598255 
56.63981 74.74635 -15.15067 
53.22449 76.13317 -16.44248 
-19.9459 64.992 31.87628 
49.24765 76.2057 -16.43367 
17.47076 -19.78469 21.96883 
-11.69331 78.67832 -15.07373 
-10.9934 79.53014 -16.49279 
-24.30213 75.89596 12.56218 
11.32196 81.40971 -15.79709 
-35.16109 -17.59918 20.73939 
2.113894 84.75081 -15.62235 
7.161676 84.18016 -15.80829 
8.821786 85.33042 -16.3799 
-33.54193 -18.41084 21.2106 
-0.8396724 86.08907 -14.66404 
42.88242 49.88541 -15.06778 
31.7811 4.52468 17.1652 
45.13883 49.93324 -15.87416 
-48.29525 50.07273 -15.40046 
51.00828 50.70508 -15.26357 
-45.61077 50.91158 -15.32244 
-44.44394 51.17242 -15.52664 
-20.71169 79.29661 12.82061 
34.35248 46.65945 8.349477 
52.46355 51.09155 -15.83507 
40.47765 51.69515 -15.13766 
54.00232 52.57568 -16.34546 
-54.21589 52.27066 -16.24272 
-39.07074 53.89545 -16.15776 
40.54699 53.47046 -16.14884 
-54.68052 53.60258 -15.23661 
-18.15907 67.75358 31.60591 
-1.618846 53.69395 -16.0517 
0.7651969 53.72575 -15.43205 
55.96875 54.09495 -15.41685 
-5.745365 55.77226 -16.17301 
-4.57365 55.20384 -15.15207 
-17.50529 69.55801 31.33739 
-36.26475 55.43044 -15.0367 
-8.224107 57.5875 -15.7175 
58.97976 57.81116 -15.19514 
-60.68111 57.20628 -15.1479 
-37.23215 57.27656 -15.87068 
21.9432 -7.065832 21.14643 
38.50023 59.04803 -15.63799 
42.12991 59.06109 -15.74655 
39.06959 59.52901 -15.85257 
-10.42765 61.33985 -16.11799 
61.53001 60.18266 -13.83327 
15.9072 70.5078 30.94864 
42.75058 61.36862 -15.86386 
-38.24173 62.17709 -15.60395 
9.379601 50.33967 36.54778 
37.33688 47.94757 8.28749 
42.46987 62.79799 -15.25257 
23.06267 -6.732482 21.46336 
-16.55301 64.69652 -14.51685 
-17.69873 65.58607 -15.28822 
19.77089 -6.137704 21.53641 
-15.0267 65.50972 -15.70254 
10.38158 86.00178 12.88504 
-12.72686 66.37202 -14.88486 
-12.15127 66.49137 -16.20294 
22.04618 -5.8698 21.286 
-41.11411 67.24688 -15.04879 
-16.95604 68.41976 -15.53564 
12.32703 67.90128 -16.21826 
41.33716 68.43058 -15.36532 
9.201084 87.4962 13.27968 
38.06937 49.45691 8.088166 
-36.88124 6.413935 16.85863 
-15.66179 73.4445 30.87748 
-16.59487 69.91193 -15.55285 
13.99707 70.32632 -15.46241 
-51.09499 70.16926 -15.32687 
14.78313 72.7958 31.33031 
-14.98425 73.7354 31.44661 
-49.94182 70.81123 -15.76738 
31.58123 -30.21568 10.33593 
13.5587 72.57856 -15.62959 
-15.61603 72.61603 -15.71826 
57.38629 73.75951 -15.60872 
-15.27057 73.81789 -16.21486 
-14.70261 75.05451 -15.64664 
-8.841218 89.17924 12.97189 
-38.02973 51.4018 7.792658 
46.66424 75.44654 -15.80595 
52.98014 76.19434 -15.10959 
12.10448 76.02687 -16.18514 
11.15314 78.26662 -15.19097 
11.27118 79.49719 -15.74591 
-4.46567 -0.4387705 47.86555 
12.70221 74.30964 31.1771 
15.77512 -30.45472 9.179921 
6.552401 83.63005 -14.6389 
5.646147 83.75869 -14.63072 
10.46297 -1.575912 18.15047 
-10.85271 44.15581 -15.1143 
-7.683327 44.15618 -14.99795 
-9.654263 47.8324 -15.17621 
34.77714 -53.54924 13.94912 
-2.358248 6.695234 18.02514 
-14.05779 75.06339 30.64846 
-45.09667 -53.57697 13.19038 
-3.543094 67.61842 37.90589 
-11.93775 49.23386 -15.08454 
43.95221 49.46271 -14.78565 
-38.7646 52.64632 8.193446 
-36.07736 -0.7250283 18.33582 
48.06968 49.64779 -15.41165 
4.628307 89.60518 6.932774 
39.77135 51.74339 7.771268 
-47.04322 50.28934 -15.35675 
26.21624 -3.808971 21.34207 
-40.91251 52.32547 -15.89768 
24.53131 -44.47323 26.7676 
-39.37646 50.49282 -15.12539 
-52.58698 50.99766 -15.72291 
41.73221 50.89817 -15.14814 
-19.91335 -4.995204 20.98024 
-39.10546 52.08075 -15.08179 
55.00306 52.75915 -15.48017 
-53.25967 52.13843 -14.44189 
-30.24559 -3.824471 20.93683 
-31.39444 -53.18879 13.68821 
-56.79886 55.04484 -14.55316 
-3.911652 54.81021 -15.46984 
2.665031 54.44891 -14.76269 
17.85704 -53.18229 13.37563 
56.61267 54.93238 -14.29989 
-28.44261 -4.205698 21.46699 
-58.00919 54.96971 -16.02844 
58.59114 56.79198 -14.65843 
-8.973843 57.90952 -14.8166 
-14.26115 29.96089 28.55612 
-59.73503 58.70459 -14.08122 
-35.95506 58.4693 -14.75743 
-9.84364 59.3344 -14.80467 
-2.854581 67.74141 37.79433 
40.43396 55.09056 7.79262 
8.536965 60.1244 -14.82469 
8.871533 61.42641 -14.52745 
41.40392 61.66936 -14.33055 
-37.73443 61.46645 -15.15422 
-22.40104 5.108716 25.82114 
39.91931 55.46721 8.303948 
13.27311 -1.096508 21.49343 
-9.684739 79.40485 30.43623 
-48.5188 -51.34533 12.9191 
11.6134 -1.66524 19.94873 
-18.33074 65.89686 -15.05558 
-11.88425 66.11078 -15.03846 
-14.9803 -0.5404775 21.08194 
42.94261 67.38517 -15.55482 
-21.25903 4.275288 25.21464 
13.23719 67.78568 -14.71309 
-58.79354 67.33964 -14.25429 
10.38813 -0.3034391 18.39367 
14.57654 68.35448 -15.44973 
61.45134 67.79665 -14.94165 
-57.53762 69.08706 -15.45394 
-55.67157 68.8235 -15.82489 
-13.60322 56.54499 37.3773 
-20.11524 3.588998 25.13557 
14.04503 69.11484 -16.13003 
-53.64183 69.09735 -14.63799 
36.54656 -49.58857 13.86348 
-44.62599 69.79774 -15.14985 
60.49716 70.19521 -14.97092 
12.47224 0.08071364 21.09921 
-47.16561 70.40515 -15.52828 
-13.41677 50.76918 36.62938 
-48.46432 70.81504 -15.2515 
18.16536 -48.30122 12.17844 
-16.11267 72.28489 -14.19428 
27.17807 1.11032 21.79673 
-8.792292 89.14088 7.856105 
17.63266 -47.65351 13.28679 
38.62146 58.88025 8.169353 
44.96735 74.31561 -14.88287 
28.48265 1.527751 21.07841 
52.07393 76.03321 -17.00741 
49.5933 76.0383 -14.52633 
50.64363 76.48357 -15.46255 
-8.548561 79.77615 31.46465 
10.80733 79.63211 -14.95572 
13.01336 31.03747 27.55117 
-1.195392 69.20671 37.97872 
-14.03197 1.722218 22.49899 
36.12352 -48.08596 12.87814 
-48.43161 -48.05853 12.74079 
-9.515555 82.85537 -14.95998 
18.02084 42.54507 26.9287 
8.018225 84.05636 -15.06547 
-6.381461 80.4971 31.6893 
9.616839 0.5582575 18.417 
-8.28553 84.68823 -14.82831 
38.35096 60.69777 7.374085 
-33.30655 1.750598 21.29713 
34.59981 -46.56917 13.32063 
-13.32915 42.323 -14.51105 
-10.34336 1.560087 18.02888 
-32.89266 3.789077 21.76362 
-40.55319 -29.42541 11.38072 
-13.89865 44.19167 -14.79794 
-4.880886 81.46512 30.84677 
-43.74515 -44.98713 13.32717 
-17.07527 47.17193 -14.36123 
10.47244 3.682846 21.89806 
-14.81876 32.22725 27.80504 
-13.30513 47.48049 -15.29492 
-15.99398 48.65442 -14.80224 
-14.64074 49.61629 -15.01114 
-2.887966 80.69063 31.88363 
-2.32093 -6.301496 48.71031 
-39.70563 50.00558 -14.9601 
47.02223 49.65754 -14.45845 
49.8893 49.78925 -15.22802 
-35.00019 62.67965 7.604257 
29.60617 -44.58675 13.61529 
-41.68513 51.20548 -15.1126 
-11.4196 51.13798 -14.49886 
52.17072 51.36601 -14.06128 
-46.38524 51.0673 -14.38922 
-12.87886 -0.1665895 19.63782 
-23.16949 6.017818 25.78028 
19.2629 -43.80648 13.7266 
17.75255 -40.26599 28.75483 
-1.330034 53.00248 -14.26789 
13.57326 32.66422 28.02133 
2.124931 53.64265 -14.53932 
-3.117841 53.54572 -14.57576 
-30.86611 63.25322 8.800703 
-5.058148 55.0487 -14.5438 
26.59668 -43.61427 13.18784 
-14.82024 50.47027 36.07591 
-32.95506 5.390261 21.6524 
-7.165661 56.41875 -14.74388 
21.01363 -42.70366 12.37849 
3.98653 55.89135 -14.21736 
-5.026607 5.882164 25.41982 
6.042227 57.18027 -14.30812 
18.27547 79.8744 18.69535 
13.80121 33.72525 27.98859 
30.36414 8.623795 17.00786 
-7.976717 6.48586 21.08246 
41.74173 60.46283 -14.84071 
-59.85666 62.19738 -14.17602 
38.19564 60.83206 -14.70748 
38.56301 60.75825 -15.02697 
-15.75721 33.77254 28.5251 
-39.77737 -39.57598 13.44495 
-36.48119 62.25617 -14.48087 
2.686575 5.929069 21.20241 
21.17372 -38.61025 13.05747 
-38.20047 62.91493 -14.92511 
-38.9361 64.33344 -15.49899 
20.26612 54.73764 29.72941 
-3.620809 6.257108 20.84708 
-60.13668 64.93437 -14.71842 
9.535648 64.30059 -15.04644 
18.91241 -52.2345 31.9933 
9.981231 51.87778 36.21315 
30.37574 65.30922 7.32252 
-29.03402 65.7294 6.831475 
-25.1987 73.07371 10.25396 
41.93802 65.84308 -14.46623 
39.87421 66.54548 -14.10445 
21.58944 -38.51485 13.0599 
-42.00397 67.46033 -14.41987 
10.1151 67.37043 -13.64654 
-21.12432 6.43386 26.15094 
40.20235 68.57052 -14.64618 
-29.14262 66.67623 6.961186 
41.29392 69.79643 -14.66444 
-47.22001 70.04422 -14.2972 
-46.04195 70.70709 -16.1 
14.89596 71.16735 -13.95288 
13.72762 71.31358 -15.2595 
-16.72606 71.27073 -14.70801 
59.13134 72.1431 -14.49546 
-15.13979 74.83718 -14.24323 
55.30258 75.1011 -15.31522 
54.35508 75.85108 -14.8547 
-14.31867 75.62828 -14.79593 
51.24685 75.7151 -14.11247 
25.81843 10.85683 21.49876 
-13.0467 77.55974 -14.81849 
27.83952 -37.05091 13.91131 
-10.38619 81.12703 -15.46177 
10.06349 81.98917 -14.87505 
3.121274 84.64365 -15.58666 
-29.13398 70.00074 8.482411 
2.20105 84.85998 -13.82956 
-6.218995 85.35368 -14.55974 
-4.403947 86.16891 -14.02582 
-8.51705 40.08209 -14.29659 
-15.69181 34.70328 28.48519 
18.22168 -49.44754 31.80925 
24.5535 71.48975 8.301074 
15.94122 -35.97747 13.20585 
9.20368 43.0671 -14.26158 
-4.33767 42.89589 -13.99691 
22.92554 72.95452 10.93185 
9.405567 45.76562 -14.46854 
3.944651 44.27805 -14.28163 
6.90289 45.57088 -14.5711 
-5.533421 46.63346 -14.47061 
4.469201 46.75085 -14.1219 
7.625088 46.80099 -14.50213 
-2.154359 -1.960884 31.42553 
-27.23629 15.23395 20.93226 
-4.655277 -0.5499493 31.86128 
-3.763548 -5.929814 48.67528 
-0.05702112 89.59296 6.9383 
-14.66663 36.40105 28.03246 
-40.27872 49.62799 -14.70768 
47.73242 49.39819 -13.77275 
49.07594 49.28449 -14.45306 
1.350875 -1.50266 31.88296 
51.09644 49.96903 -13.87646 
-43.02666 50.70958 -14.02595 
11.88399 35.71767 28.30338 
31.32513 2.836163 17.25042 
-49.13904 50.2377 -14.61756 
2.317455 -0.5462573 31.73825 
-50.15838 51.17957 -13.9383 
-51.8437 51.99679 -13.66214 
-50.92278 51.09259 -15.00007 
12.82238 -29.35174 13.42738 
32.13591 -29.42212 13.3795 
-14.09569 53.02633 -13.91812 
-22.25782 7.25935 26.30858 
21.41037 74.0106 7.826199 
1.073786 53.02512 -14.30625 
-21.09075 21.15811 21.44994 
-5.860625 1.860322 31.28096 
32.16952 -28.38133 12.68152 
-41.35262 -27.23477 13.23455 
19.99631 74.67123 7.966983 
-21.328 -27.87005 13.31134 
11.78815 -26.86908 13.46715 
-5.615756 53.71727 -14.09723 
55.75138 53.21619 -14.20332 
5.337878 2.999304 17.23902 
-6.639114 54.80375 -14.05022 
38.9896 54.20311 -14.31233 
-57.46817 55.8092 -14.00878 
-16.43015 73.30343 28.7676 
-21.26006 21.94473 20.6524 
32.33555 -25.3406 13.57448 
38.82252 56.38347 -14.97578 
-34.92959 56.60688 -14.35964 
-20.68239 22.7688 22.26224 
16.25611 23.23796 21.73312 
38.29385 58.62549 -15.00072 
2.501037 7.048174 32.11718 
-17.90502 3.679869 25.03172 
19.27013 76.7198 8.083405 
-11.33507 60.33749 -14.45659 
14.5965 38.56327 27.93907 
38.21013 61.36949 -13.50437 
-19.68233 24.65631 21.99187 
39.42575 61.7757 -14.27265 
-21.3537 -22.89104 12.45596 
32.61301 -23.42202 14.3305 
-18.64499 26.87691 23.12936 
-20.92326 63.20466 -14.02292 
-19.65041 64.58575 -14.59347 
-19.24622 63.94436 -14.48994 
-20.12882 78.33926 6.771858 
-12.23684 65.69876 -14.36852 
32.7195 -21.86796 13.24033 
-14.63823 65.24931 -13.54839 
16.52405 29.23357 21.16788 
-40.47754 65.3744 -13.80929 
-13.76243 65.77293 -13.9319 
9.917176 65.70331 -14.93327 
-40.29276 66.07259 -14.65764 
14.44581 -19.98053 13.68047 
-42.07304 -21.4041 12.77323 
15.3139 67.51393 -14.36296 
16.03289 68.02284 -14.35361 
-56.59094 68.62423 -14.86054 
-23.12656 8.26337 25.91049 
-54.70729 68.65237 -15.052 
-36.05465 3.528557 18.74165 
-17.01959 69.34554 -14.40177 
15.47171 68.95709 -14.60796 
1.085786 89.92529 6.267941 
15.15118 -18.99479 13.2653 
-19.69002 32.50204 21.1816 
-41.88639 -18.67104 13.65119 
43.104 71.8945 -14.37101 
14.25415 72.53399 -14.51472 
-19.03804 34.78324 20.3753 
-15.94624 73.26389 -14.13977 
43.54935 72.5269 -15.34458 
13.1606 75.04822 -15.30866 
-19.13303 36.46231 20.65926 
0.4253519 9.224024 32.13913 
27.74795 12.75151 16.9637 
-12.38004 78.86573 -13.86518 
-3.755887 -4.600832 36.43616 
-11.68923 79.23866 -14.01777 
-9.086672 82.77251 -13.6362 
-8.673053 83.26019 -13.79221 
1.040922 85.45007 -14.98168 
-25.0416 -15.48537 12.1524 
-5.050314 40.52312 -13.51289 
6.188974 40.06932 -13.79051 
30.60508 -15.42334 15.61244 
-22.25584 40.81826 20.11833 
-15.51265 43.50055 -14.15797 
3.402173 41.63578 -13.88748 
9.338611 41.13895 -13.71739 
-17.60523 82.38036 17.92559 
-25.37325 -14.2906 12.4955 
-9.96963 19.95748 29.69858 
6.147501 42.55273 -14.46709 
-4.078269 1.652517 41.19798 
10.69752 43.02784 -13.92299 
-38.66318 -13.41742 14.60863 
1.628106 22.60259 31.5938 
4.11973 22.6971 31.57353 
-3.452456 47.56145 -13.20024 
-4.911634 21.96813 31.45855 
-5.145549 48.69085 -13.41778 
-8.05978 49.85423 -14.07748 
23.07903 43.84964 20.60649 
48.95044 49.56104 -12.83801 
-37.18253 -10.76918 13.86303 
9.399671 49.01604 -14.19449 
-24.82973 8.374679 25.95312 
15.17115 -11.29866 13.54012 
-16.68012 51.90498 -13.52459 
14.21091 82.39326 19.34126 
-3.641076 -4.790946 39.04649 
-35.87823 51.26919 -13.05632 
14.91691 -10.72316 12.85878 
53.1905 51.63285 -14.58727 
54.0415 51.86174 -14.15767 
-20.96159 -10.06359 12.7353 
-2.405125 52.27121 -13.54603 
-36.73513 53.03804 -14.53987 
8.254168 88.30864 9.547729 
39.59853 53.04258 -14.65542 
19.82662 4.173596 25.17687 
30.91574 3.607647 18.08518 
24.032 51.4072 22.46579 
-53.90644 53.27338 -13.91325 
-27.51658 50.30624 21.18841 
-55.53059 54.83264 -14.07755 
3.320274 53.89498 -14.01741 
5.150199 54.0038 -13.60126 
23.68642 52.52627 22.08482 
5.099268 56.01233 -13.71962 
38.74635 55.69265 -13.41357 
-19.10483 -9.081159 12.85999 
-8.028373 55.53717 -14.26993 
24.47915 55.66303 21.28928 
-59.31707 56.32041 -14.43243 
31.28364 -9.801882 12.66221 
6.064497 56.78915 -13.85337 
7.030499 58.03158 -13.9302 
-9.756973 58.5085 37.77186 
-1.758498 22.38829 31.66204 
-9.719817 57.87452 -14.16011 
-18.03773 -7.423049 13.2333 
-11.76334 59.72073 -13.3661 
-59.34072 59.94728 -13.0726 
24.91808 57.69719 21.00422 
38.10273 59.79189 -13.54764 
9.709308 60.83932 -12.69044 
-35.63229 61.77066 -13.97324 
10.17246 62.03261 -13.75629 
1.130711 90.09446 7.920238 
-5.823712 4.741415 29.90489 
-20.5022 62.8355 -14.13761 
-21.55308 61.90623 -13.59113 
-12.43547 63.40268 -14.53157 
41.25501 64.12237 -13.78396 
-48.43221 -53.64686 10.10637 
39.19976 63.56697 -13.98668 
-13.77869 65.12497 -13.60432 
12.03471 -5.586041 12.3 
-20.75244 66.0796 -13.37383 
39.84762 64.99689 -13.65245 
-14.99555 -5.478792 12.48306 
19.33368 44.10355 27.28025 
10.98172 -5.999063 13.73462 
-20.62057 41.81576 28.70701 
16.76631 67.40537 -13.54292 
10.94677 67.87157 -13.93756 
-18.97323 67.43199 -14.0342 
60.58552 68.79819 -13.02555 
-55.79351 68.41382 -13.96809 
39.84686 67.93489 -13.46084 
40.38582 69.14049 -14.11233 
-51.5881 69.5426 -13.79664 
-4.970875 -7.091052 57.05629 
-50.28679 70.09837 -14.30917 
-6.720057 8.565175 26.40996 
-4.963463 -10.45471 55.18933 
42.30471 70.23895 -13.41895 
-13.53124 -4.379816 12.98022 
-39.46449 -3.290686 13.23808 
13.70732 73.62249 -14.10931 
-12.5246 -2.937286 12.46028 
36.23566 -53.44067 8.024684 
56.52057 74.33269 -13.67274 
46.12767 74.36687 -13.86142 
-6.953316 23.8422 31.63824 
13.03098 75.34017 -13.99466 
47.723 75.27411 -14.53866 
53.88178 75.31093 -12.98808 
12.05351 76.26031 -14.33587 
52.40699 75.62329 -13.09593 
10.87325 78.83513 -13.72473 
-39.23697 -2.024496 13.77542 
8.04699 83.57242 -14.46513 
34.25197 -2.992033 13.07275 
-7.342887 84.91998 -14.45682 
17.1337 43.47452 27.99903 
33.57248 -1.151565 13.95012 
-2.31981 86.24423 -14.35021 
-15.65271 55.6191 36.52098 
-9.502006 37.70855 -13.15804 
-12.99985 39.75803 -13.59221 
-7.276821 38.41363 -13.30353 
-22.46971 75.67764 20.67254 
9.080899 -1.212856 13.36602 
6.196754 38.53107 -13.05754 
-15.39201 40.66747 -13.04793 
-21.04994 76.83357 20.48682 
4.86639 24.13019 31.48525 
-34.62777 -53.15945 8.14139 
11.52957 40.30828 -12.76554 
-9.980995 0.564194 13.59961 
19.52667 -53.39907 8.354074 
-21.1428 44.14029 27.5421 
-3.238922 43.06448 -13.34265 
-4.147344 24.88342 31.67873 
-18.94058 46.41934 -13.22477 
-2.937227 46.66148 -13.17401 
-0.8007712 24.51539 31.20972 
2.241561 24.65669 31.51398 
27.91471 -53.17889 9.644264 
12.08844 48.38363 -13.63277 
10.09904 47.30143 -14.35475 
-38.90322 1.53044 13.61017 
-40.96481 49.08398 -13.42827 
33.94686 -53.0383 8.633172 
-42.98232 49.75246 -13.08031 
-38.69691 49.18634 -13.17776 
6.036789 48.81504 -13.87107 
46.79869 49.04446 -13.04084 
6.442054 2.184881 13.08544 
-36.81165 50.18118 -13.32331 
11.82332 82.96607 21.49751 
-48.39854 51.13493 -13.49524 
-45.94492 50.84199 -12.91527 
-45.64021 -52.73341 8.995389 
-38.60214 4.01263 12.90664 
-10.45962 52.3874 -13.28539 
41.31072 51.51951 -13.57929 
3.119015 3.477395 12.95993 
-18.095 51.78889 -13.52847 
-38.4913 -52.81948 8.374583 
40.12939 53.04513 -13.31871 
8.815704 86.35989 19.93204 
-6.844793 52.98617 -13.26681 
3.894982 52.87292 -13.5681 
56.18176 54.09012 -13.25494 
33.20678 -52.63875 8.286517 
-55.12554 55.84227 -12.58716 
5.962092 54.9321 -13.43769 
0.756972 6.369732 15.43041 
-11.23795 55.57776 -12.98394 
-2.232135 25.88252 31.40659 
-2.004988 7.441325 13.76516 
7.098185 57.37334 -13.67868 
9.947761 56.15182 -12.80523 
-57.57068 57.60957 -13.26945 
-0.5801374 24.96751 31.38447 
-59.20408 57.85312 -13.87486 
-34.00471 58.30859 -13.41223 
-11.81408 57.79873 -13.4952 
8.024878 58.83388 -13.49148 
8.840743 59.78414 -13.17452 
-21.18888 60.71478 -13.41906 
-34.1115 61.97704 -13.18891 
-19.63308 62.17037 -13.59747 
62.77238 62.07051 -12.78288 
-35.68567 62.55099 -13.65297 
-18.23782 63.38373 -13.79374 
38.82671 62.0188 -13.88031 
28.74407 -53.52474 21.40584 
11.40303 57.11842 36.41698 
-9.291713 26.2895 31.4022 
38.33871 63.9283 -13.01234 
-33.18669 14.4257 12.941 
1.140426 0.5339358 29.76819 
-39.00787 64.14268 -13.84875 
-16.17122 64.04662 -12.80202 
39.22869 65.58001 -13.16547 
-41.48198 66.78162 -14.02202 
-19.49513 66.50439 -13.64041 
14.28718 -53.25565 22.60418 
0.7811584 6.127381 17.91179 
-44.19465 68.32558 -12.4879 
-18.61917 68.79372 -12.97965 
-53.60912 68.67332 -13.34778 
-52.62985 68.92359 -13.6912 
-46.01598 68.74847 -13.24033 
-43.9774 68.80534 -14.41683 
34.27273 -51.43184 8.177544 
-27.73021 18.00484 13.89385 
15.37868 70.44167 -14.02736 
58.87221 71.55663 -12.77211 
57.58876 72.6094 -12.83243 
-8.033341 8.721346 25.84299 
16.79261 5.283237 25.06018 
40.05207 -50.9912 7.77489 
47.2711 74.97542 -13.02262 
-14.06456 75.64204 -13.6384 
12.3049 75.8558 -13.30254 
49.42757 75.49866 -13.2517 
-29.47866 -50.21999 8.287359 
12.17205 77.49554 -12.11641 
-11.15419 79.55283 -13.41524 
-10.42139 80.43198 -13.64522 
18.67042 5.062088 25.24344 
-9.828374 81.04507 -14.15173 
-6.60258 25.33805 31.60674 
7.337646 82.80408 -12.8073 
5.247884 83.95004 -12.81902 
-7.638461 83.69817 -12.14754 
-22.59687 -51.44528 21.86722 
3.417162 84.71238 -13.28094 
-3.294705 26.92269 31.78688 
-4.896133 85.7747 -12.94972 
-11.34785 37.65227 -12.77451 
28.88373 -50.49422 21.85131 
19.10462 24.10486 12.62612 
2.065078 26.44804 31.7224 
4.188581 26.12266 31.84066 
4.364672 6.913165 25.32358 
-21.84169 25.67171 12.55684 
20.70045 47.45028 27.59481 
37.16615 -48.89847 8.351315 
-23.12751 -49.51073 23.30521 
-15.61309 57.69846 35.69155 
6.985286 25.69309 31.63957 
-50.06988 -48.78878 9.340359 
18.9063 27.09566 13.24887 
1.733555 43.14746 -13.55538 
0.4325747 44.76272 -12.32015 
1.602013 45.4504 -13.51829 
13.73253 45.90374 -13.26808 
15.48549 47.73273 -12.47237 
-20.93133 31.97353 14.31108 
18.45343 33.90015 14.37755 
4.761761 49.22729 -13.25153 
2.587893 2.333478 36.32975 
0.7815637 48.37193 -12.36712 
19.79983 -47.0051 7.883661 
45.24822 49.28463 -12.98353 
-25.43079 -44.67362 21.38846 
0.5613133 49.08137 -12.77163 
49.59882 49.31749 -13.7613 
1.504581 51.18027 -13.39492 
43.24457 50.25937 -13.04931 
-0.172874 51.30601 -13.25211 
51.78768 50.54467 -12.87768 
13.23886 58.38509 36.29276 
-21.98199 38.26044 14.26543 
2.524833 51.036 -13.14571 
-13.35612 58.05302 36.70456 
41.60104 51.05778 -12.88811 
53.03532 51.50664 -13.01288 
-51.30118 52.12085 -12.68048 
-49.28579 51.64948 -12.80638 
-26.46747 -44.50093 21.96012 
-19.75815 50.688 -13.33468 
13.59022 -45.29838 23.12353 
21.56451 39.70772 13.90644 
11.79708 50.73623 -13.38856 
10.13573 52.69862 -12.86685 
40.57515 52.13556 -12.888 
-15.11798 58.75191 36.29854 
-34.67052 52.74344 -13.53018 
-26.71242 42.65438 15.21524 
20.46959 -45.57757 8.970739 
23.8726 41.69947 13.55693 
28.29498 -43.8933 21.30872 
-34.97619 53.77281 -14.11134 
5.540063 53.20476 -13.06751 
39.91611 53.7622 -12.70225 
-8.942797 54.31567 -13.25825 
6.579362 54.02731 -12.88437 
15.24948 -43.84137 21.28079 
7.327605 55.3287 -13.53321 
8.12977 54.97134 -13.01404 
-35.49063 8.641812 18.25747 
29.74505 -45.74987 7.468243 
26.10571 47.44672 13.48555 
21.73713 17.21849 15.94299 
-34.62292 -41.53265 21.87286 
-14.46099 56.56158 -12.65404 
-27.2422 -44.00491 22.574 
59.81166 57.56179 -13.22536 
-13.33433 57.99566 -12.94152 
28.12209 48.63261 13.16283 
38.41476 57.92917 -13.37523 
-14.39255 8.652709 25.80322 
-12.18174 60.20803 -13.26125 
10.46409 58.9544 -12.94468 
-35.18567 60.18364 -13.12591 
-26.33305 -40.80368 21.29766 
-13.21945 61.62803 -13.50618 
29.70755 -44.8407 8.999578 
10.87113 62.58318 -12.49101 
-34.10588 62.5524 -12.84125 
6.480495 27.61965 31.68251 
-14.4565 62.75904 -13.11059 
-44.50449 -44.3203 9.150455 
-39.11003 -53.16638 18.58037 
-15.04194 64.21819 -12.88707 
-41.04997 64.98299 -13.23282 
-38.10358 64.77316 -12.88613 
-29.24899 52.17719 12.96211 
-21.90071 64.49809 -12.97927 
21.74948 -44.77934 7.84611 
-41.18628 -26.54959 10.50129 
-41.28946 65.60435 -13.43652 
13.93897 -39.60426 22.92046 
-22.00553 66.54908 -11.79047 
-26.17099 -38.49311 21.72248 
17.72699 66.47569 -12.67882 
15.48529 66.96624 -13.60904 
-42.72645 67.63605 -13.15354 
11.38163 67.57704 -12.30223 
13.33988 67.00571 -12.48101 
-57.36662 67.20076 -12.50963 
28.73491 11.60197 18.66388 
-52.05951 68.10315 -12.19612 
-30.2817 55.96861 13.19283 
16.22564 69.75663 -12.43524 
-18.37638 6.066957 25.53275 
-37.70868 -35.40555 20.88945 
-35.43584 -37.05451 22.25603 
27.34987 -44.63737 8.414265 
35.09114 56.77293 12.92124 
-3.591993 -9.314405 53.52621 
-31.29648 -43.80675 8.602979 
-16.1882 71.85439 -12.90835 
14.94915 72.38978 -12.79407 
-30.49483 -44.07186 8.717395 
44.57101 73.2508 -13.94157 
45.80068 73.42455 -12.42784 
-30.26119 60.32871 12.23054 
-15.15371 74.49365 -12.94861 
55.09828 74.73406 -13.70031 
13.47096 74.94405 -12.11131 
-14.15883 77.07195 -12.8585 
-22.21309 68.57927 28.02077 
-29.50177 61.45119 13.19834 
-36.86643 -33.99516 21.6353 
8.830727 81.5435 -12.94516 
1.337547 85.18106 -12.75423 
-2.729228 86.12766 -13.03747 
-0.5590816 85.85461 -13.11764 
5.179895 29.57439 31.73816 
-32.49731 -42.47936 8.558749 
-31.64502 -42.82902 8.684306 
2.769895 37.94323 -12.01327 
-26.76764 -32.39813 21.81207 
2.368005 39.67559 -12.84817 
13.40651 -25.01484 10.40851 
8.580196 29.28755 31.58007 
-29.69058 64.78143 13.00493 
-3.234192 41.00758 -12.49908 
-17.20655 41.53861 -12.20583 
1.016222 40.59388 -11.61205 
-17.70084 43.37535 -12.8357 
26.05958 67.64277 12.93109 
-1.954174 43.12166 -12.00225 
25.53793 68.48528 13.64277 
-23.96791 9.201583 25.99948 
-35.99105 -42.26054 8.365452 
14.23123 43.31922 -12.7449 
1.978006 46.69057 -13.34581 
-28.91782 67.90818 13.66579 
-34.09208 -42.12614 8.469358 
-33.94416 12.87994 17.97841 
-18.75452 8.091239 26.11385 
-28.39447 70.29371 12.7689 
-0.8073125 49.23053 -12.55212 
26.60483 13.1705 18.85844 
-26.20771 -31.02613 21.69575 
-37.47206 49.47966 -12.63609 
-36.7743 -30.54522 22.21795 
0.9663464 29.85444 31.54311 
-3.539771 51.11275 -12.49501 
2.512986 48.95634 -12.15758 
44.79739 49.87766 -12.36968 
22.76733 73.5116 13.70151 
-32.47366 13.70821 17.20574 
-36.67205 -28.8239 21.98882 
-27.10042 -28.92549 22.05079 
6.81961 31.37445 31.50444 
-49.62388 52.07863 -12.15659 
-5.047856 51.56921 -11.90576 
2.247133 49.70005 -12.16919 
4.347957 51.41565 -12.00552 
-33.24613 -40.74463 8.236633 
-5.77243 52.22565 -12.94978 
0.2309072 30.36801 31.47569 
-7.674661 52.9908 -11.54061 
-29.37187 -41.42912 8.969225 
-52.01518 53.99733 -11.85405 
32.35408 -26.72493 21.93626 
7.117551 10.32631 26.69113 
-7.646177 53.77771 -13.02432 
-31.71995 14.47212 18.65776 
-36.64539 -25.17134 22.06164 
24.61476 -23.92874 26.62398 
17.78681 79.54893 13.34407 
11.72256 9.840944 26.28125 
39.33961 54.56925 -12.76239 
-15.60227 53.62569 -13.5873 
-13.55943 54.66386 -12.33432 
-28.28074 -25.45118 21.81021 
38.99737 55.53749 -11.98433 
-33.12885 56.37804 -13.39711 
-16.69088 84.24945 13.51257 
-2.765821 49.32776 38.66034 
11.60182 57.67157 -12.55659 
-21.95962 59.15709 -12.76904 
-28.30279 -23.71974 21.78832 
-58.76785 59.91573 -12.54756 
-22.34468 59.93567 -12.63392 
25.02871 14.23148 18.43074 
-14.88918 58.65984 -13.04664 
32.65458 -23.05975 21.40556 
62.17212 61.0695 -11.26537 
-34.89185 60.83447 -13.05052 
-21.18819 59.95641 -13.05107 
-13.59118 86.69091 13.92214 
-58.89889 61.72953 -12.5543 
-13.9747 60.77803 -12.85861 
38.30526 61.41473 -11.96494 
-12.29779 87.40957 12.12575 
-33.99057 61.57682 -13.04016 
-22.40546 61.66531 -12.74092 
-10.41902 33.62578 31.84643 
-19.28533 60.96859 -12.19181 
-41.668 -24.64403 9.752728 
19.94579 21.06148 16.83012 
9.417534 33.53053 32.03184 
-17.14949 63.0157 -12.26308 
-11.61216 87.16006 13.76753 
62.95335 63.19473 -12.84672 
-28.82772 -22.09888 21.55756 
-17.5494 10.11502 26.22567 
-37.02347 -38.38689 8.235729 
-39.80808 64.35355 -12.54901 
-22.47357 64.8225 -11.96943 
-40.75539 65.13404 -11.91249 
10.26434 64.83643 -13.73976 
10.63593 33.90575 31.24332 
-42.16178 66.27587 -12.19195 
38.77327 65.26324 -12.6044 
-30.90503 -20.51109 21.55946 
1.655366 89.96247 12.56707 
10.182 67.24271 -13.08924 
39.4542 66.36652 -12.65978 
62.04974 66.71187 -13.79822 
-11.89325 35.12503 31.5351 
9.22989 34.85836 32.1093 
-50.84095 68.53257 -12.34406 
-49.48091 68.07679 -11.9844 
-48.56284 69.85118 -13.26872 
-37.39196 -20.05341 21.50618 
-17.19834 70.52477 -13.78681 
41.44774 69.41054 -12.60905 
59.57787 70.48502 -12.14209 
-17.08384 71.85624 -12.04954 
-43.18677 -53.40807 13.66972 
42.99477 70.96706 -12.37744 
-13.74574 10.90349 26.39761 
43.28162 71.99152 -13.2203 
-16.60293 73.31055 -11.85451 
-15.84516 73.26234 -12.94254 
56.80912 73.2396 -12.01789 
33.20085 -53.80016 13.76265 
22.03035 53.9169 27.43863 
-38.32657 -36.17606 8.60806 
49.82162 74.85026 -11.83355 
-32.86864 -20.71649 22.11523 
12.45239 76.5498 -12.17721 
-14.5122 76.62847 -11.635 
-13.18748 78.44026 -12.86469 
10.75747 78.66932 -12.15716 
17.29346 -45.59175 30.28675 
-9.785871 81.68014 -12.32794 
-32.01012 -18.64803 21.03872 
2.830235 84.49181 -12.1536 
-34.77862 -19.79748 22.30079 
18.38969 -53.36135 14.29598 
22.53224 -52.96626 11.91743 
6.241865 36.5924 31.47112 
4.264319 11.25346 27.66298 
-16.94251 39.74433 -11.40661 
18.71372 -44.5561 29.14599 
-5.066281 -11.71454 57.72084 
4.842114 37.23139 31.61702 
0.8336774 42.64607 -12.12669 
-1.37181 43.58021 -11.95611 
22.65543 -16.85963 21.99294 
0.03353257 45.79359 -12.10021 
-30.01059 15.95724 18.19491 
-46.36404 -52.14742 14.10046 
2.922077 48.28266 38.20584 
26.90087 -32.95075 8.21139 
1.060233 47.6749 -12.20528 
17.62251 -50.55653 12.77106 
-41.10462 48.35986 -12.22384 
-1.251243 48.40211 -11.68616 
-48.58509 -50.04636 12.8871 
-25.80352 -5.087719 21.43799 
-35.21803 49.65189 -12.59203 
-38.14706 49.24389 -11.74763 
-20.76654 10.48538 25.68532 
36.65519 -51.14814 12.86652 
23.16106 -5.337297 21.2584 
43.04488 50.05624 -12.3331 
-28.4641 16.40174 17.76632 
50.8406 50.08234 -12.21122 
3.523109 50.31984 -11.95422 
24.62494 -10.60021 19.33198 
18.15504 -5.572175 21.61376 
23.32625 -31.17005 7.745252 
4.873303 51.21132 -11.9613 
14.46488 50.90851 -12.68356 
39.92755 52.60566 -12.38222 
-26.91691 -4.086347 21.52374 
6.622877 52.38182 -11.84536 
-19.39188 80.93875 10.61437 
54.5216 52.24385 -12.63253 
-5.931895 -11.65662 57.19012 
16.0937 -3.569403 22.00421 
8.703181 53.4869 -11.81435 
-0.8987271 1.642205 42.24203 
20.73883 16.72168 18.06403 
19.87901 -31.58511 8.546367 
12.2682 40.52498 31.92639 
-10.54093 53.75851 -12.00156 
-8.950133 53.66527 -12.07567 
13.42271 53.04634 -12.52581 
21.93945 -31.1612 8.627045 
-19.36721 53.40213 -12.68828 
-22.04911 22.99687 17.386 
-9.870824 54.36258 -12.3257 
26.4297 -46.10857 26.02098 
11.31427 53.67379 -12.44924 
39.26047 54.62094 -12.01741 
-17.81384 54.74964 -11.82652 
25.98384 -3.111683 21.92923 
-10.66072 54.59804 -11.95463 
-13.84276 64.78107 35.97664 
-16.60334 55.49768 -11.86345 
-54.10973 54.63623 -12.17444 
-13.41739 55.32088 -11.98817 
-12.28866 55.13104 -12.03642 
32.88337 -46.22268 14.60074 
57.47478 55.31132 -12.26316 
-54.24244 56.55605 -11.36584 
-16.37324 55.99973 -12.02975 
-16.53482 56.79504 -12.79726 
-22.54233 56.47216 -12.02231 
-21.60601 58.2789 -12.3442 
-22.6088 58.10606 -12.28164 
-25.04596 -44.81082 14.60539 
-20.77112 57.24114 -11.74518 
-18.63718 57.08117 -12.50405 
38.34515 58.32248 -10.79466 
-29.9845 57.34383 -10.81506 
-55.33112 57.61899 -11.98874 
-29.84279 -2.257617 21.48181 
12.03422 59.17727 -11.95017 
-16.67342 40.99997 31.59842 
20.53669 -30.7576 8.349617 
33.09455 -23.87081 9.28515 
-17.59598 43.04516 32.16782 
-21.59611 -8.229693 17.1842 
18.51636 24.58083 17.63597 
-17.55378 58.40659 -12.80225 
-19.55892 59.83298 -12.04853 
10.36641 60.56769 -12.03736 
28.21394 -44.01961 12.55409 
-18.35743 60.6774 -12.16857 
-17.33954 -2.447048 21.74073 
10.81266 61.73685 -11.93178 
-32.68351 62.16578 -11.84604 
-18.15372 61.51202 -11.98496 
-31.45336 -1.780748 21.0017 
-23.49077 61.75266 -12.08658 
-15.22352 61.65642 -12.31528 
-16.84783 62.6491 -11.89791 
20.7444 -42.86019 13.73372 
-22.17432 62.99577 -12.63406 
38.39658 62.81717 -12.61416 
-58.56738 65.0173 -12.33446 
-40.1772 64.62366 -12.14654 
-36.53101 64.19473 -12.47399 
29.36409 -30.00953 7.76741 
38.64893 64.46978 -11.72717 
-2.863853 2.862694 26.72014 
17.16796 65.65211 -12.67519 
-40.75932 -42.20891 13.59793 
-23.64677 49.25235 27.00082 
26.78596 -0.4086884 22.31461 
15.37675 65.75976 -11.94661 
18.62815 65.04484 -12.04727 
1.471648 49.53351 38.64814 
14.12665 -7.975207 17.35498 
17.60314 -29.39375 7.869889 
23.96656 -41.77803 13.87436 
10.98379 67.42432 -12.31209 
-19.56239 67.38973 -12.84723 
-23.58385 -40.62414 14.29471 
-45.79863 68.04868 -11.69359 
-19.25892 68.23726 -11.73368 
-47.88874 68.82588 -12.34326 
17.40291 69.1702 -11.78878 
-19.38847 69.20405 -11.10235 
15.73985 70.53628 -11.76623 
42.08869 70.13934 -11.96932 
43.89035 70.96036 -11.35222 
10.59793 0.5937806 20.27029 
11.43033 2.567802 21.63509 
25.1759 -39.71143 13.59329 
-17.92428 46.23777 32.56244 
52.84814 74.43827 -10.87027 
-15.74635 74.89411 -11.97889 
48.83637 75.06367 -12.06746 
-22.75503 -38.13952 13.86416 
18.43508 -37.81878 12.59068 
-15.08374 75.73875 -11.28608 
-13.30385 77.8796 -11.48109 
-10.90102 80.71109 -12.51712 
-8.623257 82.82572 -11.51516 
26.43672 -38.34999 12.88609 
3.196537 0.4454707 35.56287 
-6.135038 84.4269 -12.3596 
-4.93771 86.04004 -11.75336 
-9.804052 35.41172 -11.07535 
-20.94125 -27.87158 9.047985 
22.88073 -38.79805 13.6117 
8.779313 3.011379 20.83205 
6.681436 36.6245 -11.69028 
-7.556961 36.82984 -12.05509 
-14.15909 37.71835 -11.70933 
15.93611 -36.97223 13.80945 
-0.6536774 40.92253 -11.59329 
-18.82754 49.5727 32.46779 
17.58525 47.43099 30.82127 
16.72334 45.56332 -11.59398 
-1.65404 44.99043 -12.04105 
-1.362283 46.23021 -11.84234 
-0.2033405 47.23145 -11.61112 
-21.99567 -33.92724 13.01854 
3.368096 5.609237 26.2936 
-1.426126 47.73796 -11.65343 
-21.37064 46.44259 -11.23537 
-36.48066 48.76065 -12.02674 
-2.184801 48.38662 -11.8164 
-8.522343 5.370027 21.27271 
-2.862577 49.73335 -11.56979 
42.20647 49.10441 -10.93021 
45.37112 49.47148 -11.26907 
-3.624811 49.82272 -11.56149 
52.00576 50.45014 -11.44314 
26.36261 -25.94953 27.33833 
15.11601 -23.83724 8.18999 
-46.50993 50.52626 -9.670905 
-42.14024 -22.42904 8.81058 
17.75277 52.20308 31.95881 
-6.126986 1.264732 35.42107 
-7.396258 51.73966 -11.92805 
-6.124275 51.30713 -11.54279 
16.39052 51.03474 -11.97892 
-1.520194 -6.602258 42.74432 
-6.821671 52.0452 -11.646 
-40.85005 -30.97196 13.58508 
-50.32475 53.13466 -11.35313 
31.43267 -32.08632 14.07492 
14.57958 -22.65816 9.435525 
6.329212 52.92215 -11.8991 
-31.35585 52.63449 -11.51783 
7.860041 53.80939 -11.75541 
14.63058 54.45755 -11.73823 
16.00095 53.59931 -11.13796 
17.75137 -44.45059 29.24181 
-21.47006 54.78873 -11.08992 
-9.319446 53.1935 -11.81243 
-40.95341 -28.93386 13.00165 
-10.92354 54.10197 -11.88902 
-5.307007 6.613015 23.72858 
28.33785 7.119461 20.61651 
17.67421 53.94648 32.50137 
-30.61878 55.8256 -11.60141 
-18.59363 55.42205 -11.35973 
9.437314 54.92243 -11.41523 
-32.70622 6.780566 22.20816 
-15.22742 55.76323 -11.86366 
-41.99281 -28.86643 14.06178 
19.35703 69.87889 28.78852 
-18.46566 55.9968 -11.42335 
58.89214 55.95789 -10.80813 
33.17225 -21.71116 8.163831 
-23.80823 56.7873 -10.88665 
38.4954 56.76765 -11.3189 
11.7525 57.13734 -12.33879 
12.8538 57.96309 -11.71145 
14.16446 58.19994 -11.62462 
-23.21846 58.99856 -11.73475 
38.63211 60.0744 -11.07346 
-55.62283 59.96662 -11.4499 
18.57383 57.49821 31.3332 
-5.506925 6.518671 30.55665 
17.00114 -20.15981 7.934733 
32.68045 -19.27608 7.881862 
-23.36351 60.10186 30.40899 
-57.58476 62.06164 -11.58726 
-24.08952 63.92719 -11.36001 
19.2184 63.26035 -11.4505 
-35.03893 64.1829 -11.50783 
17.0623 64.44733 -11.6648 
18.10551 64.5362 -12.03504 
38.51374 63.45917 -11.69742 
-41.85424 -22.36644 13.53491 
-5.666647 50.46373 38.39768 
-38.45348 64.87141 -11.70085 
32.75416 -21.93398 14.24425 
-41.41853 65.79624 -10.81556 
18.29089 59.46534 32.42541 
21.23786 12.2462 21.74999 
13.14835 -22.66843 14.0959 
19.54615 65.31495 -11.08236 
-29.61395 14.50208 20.83513 
17.47353 6.809388 24.90325 
-53.56881 67.23883 -11.621 
14.72972 13.83743 25.7541 
-43.88362 66.7924 -11.22187 
-54.96381 68.07897 -12.23409 
-1.979515 51.39894 38.32684 
-52.79919 67.24108 -11.46443 
18.6168 67.4303 -10.91855 
40.48994 67.2044 -11.80121 
-22.42804 -17.51445 9.279718 
-21.29204 62.02787 31.81461 
60.82695 67.79564 -11.30913 
-20.44095 63.46868 32.15691 
-24.34408 17.59943 21.99973 
-0.803933 50.55681 38.88891 
-14.9698 75.62041 -11.94779 
13.07795 75.79683 -11.91612 
7.750268 81.88581 -10.91826 
-19.74816 66.92843 31.35598 
6.201685 82.7224 -11.39632 
-7.086197 84.10788 -12.32283 
1.286468 85.54438 -11.59694 
-2.726142 86.31509 -11.99093 
-5.241086 3.309554 35.44428 
3.742231 36.94901 -11.30922 
9.406878 37.1216 -11.6601 
-12.78119 35.99662 -10.69681 
17.6039 27.90457 18.0916 
12.01577 37.84593 -11.09997 
-26.33914 -14.20454 14.02484 
17.06289 22.30992 21.9922 
-24.36034 -14.75567 8.670965 
12.85243 38.71136 -11.1909 
-1.917043 41.53802 -11.4455 
-18.61356 41.29005 -10.49184 
-18.56691 66.73051 31.78682 
-3.20945 50.58129 38.08482 
-18.87841 42.08545 -11.21387 
-19.98564 43.06871 -10.97137 
17.7596 66.0912 31.66092 
-42.21327 -14.54474 8.521881 
16.06865 -12.32118 14.99463 
-43.64927 48.38017 -11.37876 
-11.07756 65.38747 36.29737 
-33.28998 49.40739 -11.30984 
-44.40646 50.27083 -11.95143 
17.4827 48.59657 -11.63582 
47.77744 48.9709 -11.74498 
41.06116 49.81472 -11.47609 
41.0465 50.70271 -12.30193 
50.12476 50.36763 -11.16961 
16.34002 27.5201 22.74147 
-5.181369 50.9182 -11.34964 
14.11344 -10.55425 13.9485 
38.71235 50.96491 -10.47937 
22.66215 -26.54113 27.46514 
53.65565 51.89656 -12.09979 
17.65751 53.58981 -10.79891 
-29.84943 53.47211 -10.84978 
-16.38037 16.1005 26.12706 
-38.76632 -9.316344 11.96523 
55.55975 53.32049 -12.23097 
2.249197 72.67248 36.79061 
-23.14085 55.1438 -11.44359 
-37.83695 -8.261467 12.80606 
14.67567 70.11884 32.04875 
-21.41641 55.57401 -11.27969 
11.00429 55.19072 -11.33862 
12.34822 -8.343435 13.65021 
-19.71832 55.72804 -11.44074 
10.55719 55.66671 -11.37301 
13.21498 55.1515 -11.5707 
-18.14713 81.75308 10.79253 
15.55464 -12.19545 8.436497 
19.69926 -43.89454 29.14317 
15.68162 81.73131 10.52711 
32.8363 -6.515874 13.9631 
15.78302 71.87678 31.03788 
13.65635 59.28465 -11.78804 
22.42603 -31.74996 28.92775 
-33.0894 59.87281 -11.75605 
-32.96585 60.68361 -11.67968 
14.59552 60.02708 -11.15463 
-6.042973 -5.407891 49.89804 
-31.33331 61.41465 -10.92088 
12.01504 60.99313 -11.6389 
17.56148 34.29553 21.39308 
-31.37551 62.26046 -10.69741 
11.179 61.60012 -11.69026 
13.70172 72.83873 32.18961 
-28.33488 -53.12881 17.72144 
-33.16766 62.7425 -11.60853 
-24.11732 62.20407 29.02756 
19.14201 62.01527 -10.93487 
-16.3523 -5.835364 14.11645 
-40.89719 -9.108593 7.961316 
11.13743 66.28791 36.24113 
11.57923 66.06979 -11.12139 
14.09654 16.35706 25.32527 
62.14022 65.64237 -11.72856 
-54.02291 65.7499 -11.12573 
-38.50029 -3.478366 14.46236 
39.32093 65.38625 -11.71932 
11.57548 66.75191 -11.3703 
-12.48464 -3.01682 13.36823 
-50.5548 67.81284 -11.59223 
9.563328 -2.821668 14.15387 
-11.80604 67.16309 36.05866 
-21.87472 67.24324 -10.86076 
-20.2158 67.8714 -11.70374 
-13.09786 74.72836 31.51101 
17.29418 69.96613 -10.07547 
-18.55562 70.68222 -11.12836 
42.81432 69.91037 -10.36715 
-38.89087 -0.6086704 13.57964 
44.54922 72.13274 -11.68322 
58.28818 71.97659 -10.64015 
15.47668 71.92439 -11.24613 
-12.33919 75.44913 31.65642 
19.38649 6.388811 25.27257 
-10.39928 -0.5274354 13.78552 
13.94591 73.39214 -11.84403 
34.88031 -7.661872 7.678431 
49.79029 73.56335 -10.27759 
18.28012 71.33402 28.10794 
8.228037 0.330556 13.80041 
21.34061 43.56123 22.74412 
1.664454 5.175386 35.16002 
-11.93709 78.83139 -12.1584 
9.568528 80.11421 -12.83014 
-10.63092 81.14255 -11.35948 
-9.389671 81.40934 -10.64033 
4.625193 83.99212 -11.97007 
-7.282535 84.35432 -11.33471 
-11.71319 76.79731 31.86612 
-1.04699 86.21828 -11.84367 
8.344249 35.447 -10.55675 
13.45474 17.98336 25.69659 
-23.13169 63.08145 29.45237 
-19.06087 72.59157 27.37358 
5.050419 2.558107 13.57004 
-15.59803 38.39469 -11.02997 
-7.847134 2.50551 13.00354 
22.1242 5.12461 25.21925 
-5.601844 4.705246 12.57897 
-2.747739 7.145013 34.2265 
15.2669 42.27066 -11.54343 
32.76772 3.599037 14.35846 
-43.03313 48.48693 -11.8401 
-41.16267 47.95206 -10.36072 
-38.2732 48.43979 -10.61835 
-37.04115 47.72144 -9.950647 
-44.57986 48.82867 -10.2857 
-38.93305 48.56789 -11.08702 
-34.45881 48.40752 -10.53188 
-44.94744 49.62867 -10.38142 
28.32051 -16.6607 19.11173 
-27.91779 55.51511 21.7194 
35.06244 -4.396299 8.063993 
-21.56127 49.57604 -11.90027 
49.22403 49.69476 -10.42012 
0.1911853 -2.906945 49.00705 
52.89958 51.12334 -10.58894 
7.896169 78.52676 31.97239 
18.70953 51.04517 -10.7229 
-6.06937 -2.613077 47.75815 
-21.12019 52.76585 -12.03564 
18.43423 73.31709 27.85049 
-31.3957 53.81932 -11.95953 
34.21767 -52.17591 16.84653 
-12.64851 24.03407 29.51362 
-28.68782 54.13705 -10.30401 
-53.14365 55.40533 -11.2071 
9.028475 56.5515 37.76752 
-40.92262 -1.32786 8.689807 
13.0504 56.48854 -10.70839 
31.25534 9.74877 13.10122 
-28.89434 63.83167 20.33002 
11.75707 56.47835 -11.19064 
13.037 57.26942 -10.84618 
0.1113857 -5.991574 42.38473 
-24.13506 58.5051 -10.5521 
15.52006 58.28399 -11.03556 
-34.83735 12.56717 15.07202 
-34.08598 13.49815 15.11988 
-6.225337 -8.77711 56.91549 
61.11932 58.93819 -10.66223 
-27.591 65.80672 21.99599 
-4.306846 80.57207 31.98634 
-54.33836 61.21513 -10.78493 
-3.980276 -5.370148 43.66048 
24.2068 68.9547 21.03069 
-31.52519 16.28063 12.98767 
62.49203 62.62932 -9.699111 
-57.4711 63.6244 -11.43727 
-32.50823 63.87191 -9.920431 
24.57293 16.37638 14.01829 
-30.29267 16.96195 13.64639 
11.9812 63.08582 -11.06765 
12.15525 64.10615 -10.92313 
-54.12652 63.66439 -10.72727 
-41.58809 -21.44202 10.76413 
-40.59685 0.255822 9.184103 
-20.69 -23.54989 10.42203 
4.490146 80.35425 31.76177 
23.28516 17.46271 14.03233 
23.34216 71.15344 21.26533 
-56.11831 66.67223 -11.40267 
-24.09789 71.08657 23.22302 
-23.6956 65.62942 -10.62671 
-0.2577786 80.75016 32.08274 
-39.35179 65.80832 -11.24086 
13.6614 65.85927 -10.68702 
-22.64581 65.7071 -11.19518 
-22.91761 73.84841 22.4326 
-39.62591 1.765017 8.167222 
-19.77464 34.67612 17.61252 
9.472648 6.729041 25.11949 
-47.68744 67.87394 -10.83488 
6.907589 2.69576 8.655149 
34.50912 1.073558 7.993455 
16.30298 -52.08914 32.00187 
45.06831 71.16603 -9.784936 
15.8019 -53.06434 17.84596 
10.94918 17.7124 26.01795 
20.03762 22.99004 13.22194 
20.62068 75.67928 21.5451 
-21.27288 75.89714 21.36288 
14.86814 72.93741 -9.53546 
14.08096 74.46294 -10.62902 
46.38473 73.43665 -11.0264 
47.94313 73.9987 -11.07162 
54.1455 74.01394 -11.33994 
55.35493 73.74171 -11.15198 
51.10868 74.77364 -10.99703 
-12.28899 78.90887 -10.72078 
10.41335 79.64903 -10.94066 
-9.017453 82.82047 -10.03073 
6.036446 83.1094 -10.27418 
3.763613 84.77158 -10.8641 
17.08182 -51.63378 31.88126 
15.61249 -50.21177 31.81255 
10.16479 23.94316 29.4725 
16.24373 -49.04117 31.96743 
-15.52621 37.16113 -10.06202 
-16.62738 19.37115 26.09675 
-4.014429 38.05713 -11.31429 
33.93749 3.623505 8.349371 
-2.24001 38.83292 -10.27256 
-17.91976 39.08233 -9.715792 
-2.515394 39.4207 -10.65629 
-1.424577 -2.30386 32.57067 
0.5753401 38.71199 -10.60074 
-0.3625916 -2.285438 32.60996 
14.68921 83.62249 9.651706 
14.05145 40.74352 -11.4863 
-15.87529 82.31374 21.23012 
24.08328 -25.26022 27.38616 
11.32357 55.46492 37.07576 
18.63513 48.35891 -10.82786 
16.28312 6.64535 25.09027 
-43.84867 48.54468 -10.09291 
0.3710757 52.05121 38.11266 
-7.668887 4.595044 8.760265 
19.52267 37.59312 17.43177 
46.638 49.74094 -10.71797 
2.974554 1.684547 31.24865 
-47.93896 51.21316 -12.04552 
50.71676 50.54271 -10.47856 
22.83782 40.31642 13.96742 
54.1993 52.69569 -10.86424 
-12.15858 84.02028 22.00992 
-19.7161 71.84622 28.46772 
23.56918 40.98074 13.60487 
10.18417 84.85416 21.5839 
-24.75991 41.78156 13.12012 
33.40524 4.77806 8.738614 
15.2001 56.64648 -10.46645 
-23.32243 41.31194 18.3571 
14.90034 57.45498 -10.42798 
-9.982288 85.6163 22.30747 
24.96004 46.11016 13.54963 
-53.84309 59.06285 -10.14596 
-2.006813 5.688508 8.578904 
-15.83959 77.76731 27.24778 
-31.31293 60.18239 -10.18414 
20.61026 61.55476 -10.59457 
-4.768024 87.02082 22.30148 
15.41035 62.45243 -9.77585 
20.52639 62.90582 -10.717 
30.3502 49.17004 13.55259 
-33.91672 63.92555 -10.32219 
39.36101 63.85062 -10.79586 
30.83332 48.79008 13.03076 
12.93227 64.61357 -10.30767 
14.09792 65.25795 -10.20701 
1.612253 87.45022 21.98769 
39.8872 64.78493 -10.32701 
-52.17796 65.92992 -10.62128 
12.67756 65.91176 -10.5707 
-42.91034 65.7888 -10.11546 
-33.43114 -53.41622 22.57462 
23.17694 40.50613 18.76396 
-22.90124 66.74925 -9.580594 
39.88083 66.0885 -10.73806 
61.64311 66.60987 -10.00019 
-27.59239 -53.7828 22.45214 
-45.28416 66.4049 -10.49024 
31.86671 51.62899 13.95241 
33.29766 51.48513 13.57751 
-15.04261 21.80633 26.54644 
-22.15803 68.29939 -9.796206 
40.88002 67.64262 -10.32962 
41.39417 68.90546 -10.83063 
18.58275 68.33714 -9.918633 
1.852225 4.133846 35.8857 
26.80193 -53.55866 21.88592 
26.23742 -53.46968 23.54557 
-29.19467 54.60502 13.63777 
-18.73026 70.74261 -9.985813 
-5.936787 -7.760015 53.27987 
-4.62377 -12.30073 56.87143 
-29.59437 -53.60762 23.23872 
15.87328 71.84708 -10.45501 
45.53077 72.33337 -10.39533 
20.50078 39.43691 17.32027 
30.06659 11.79877 9.264519 
-17.36712 72.70066 -10.67649 
25.71783 -53.13164 20.86307 
-16.14343 74.70463 -10.52603 
-2.639201 10.09424 31.98838 
-14.25101 76.92352 -10.4544 
11.54242 15.63619 26.68622 
-11.76103 80.0757 -11.28423 
-11.41769 80.21425 -9.750837 
23.48858 42.27855 16.52467 
-33.31201 13.64537 9.454677 
7.53063 82.1891 -10.1171 
-6.106731 84.88499 -10.91566 
-3.464145 86.31941 -9.53506 
-2.434882 86.1776 -9.577343 
33.27747 56.8636 14.06405 
11.16351 35.06546 -9.424687 
-6.358239 36.32568 -10.67088 
0.5837681 36.63681 -9.796861 
2.354603 37.29424 -9.907041 
-4.861361 36.73298 -8.879059 
-30.87018 14.03364 7.00288 
13.42499 -52.49099 21.4979 
1.215056 39.02808 -10.84017 
-29.6352 59.43314 13.56277 
15.4353 39.33742 -9.23579 
-29.44145 61.08358 13.91576 
-8.184006 27.25014 31.73228 
-21.13098 42.91738 -9.41877 
-35.75386 -51.24287 22.29244 
-23.03663 -50.96163 22.79669 
-33.62174 47.98741 -9.7396 
23.05511 40.1164 16.98757 
42.75362 48.65487 -10.06797 
-23.10343 49.15958 -9.754469 
46.66048 49.49103 -8.962123 
13.2437 -48.55228 21.9592 
-5.41509 26.83427 32.01603 
38.8809 49.15553 -9.562696 
47.25096 50.09732 -10.06897 
48.16878 50.3589 -9.135794 
13.53802 77.82118 29.21213 
-30.30025 63.93393 14.27206 
29.09287 -47.41057 21.93797 
27.09539 64.30022 14.82861 
-29.53356 52.45039 -10.29049 
-22.69667 53.33219 -10.58878 
-26.22025 17.49927 9.363626 
38.3448 52.59674 -10.75142 
55.96358 53.96796 -10.41488 
37.82979 55.01191 -10.55342 
-51.3198 55.38403 -9.860777 
-1.979907 -8.960361 54.35859 
17.12881 55.34571 -9.571848 
-52.60762 58.93623 -9.786493 
11.3231 7.074505 25.46996 
37.36003 58.38427 -9.605851 
-7.53691 28.40827 31.72762 
-29.82345 59.73661 -9.372569 
61.20023 59.32164 -9.700212 
-24.85092 60.61868 -10.45274 
17.93659 60.0904 -9.716959 
-7.851212 69.28407 36.26408 
23.51812 72.55524 13.78361 
29.06678 -45.75671 21.99743 
18.49483 60.82486 -9.739659 
-26.33003 72.31326 13.96974 
4.127574 28.12413 31.43192 
12.56511 62.53529 -10.62937 
-25.15923 73.35563 14.36525 
39.05017 63.24783 -10.16746 
-53.3568 62.18882 -10.2399 
16.13904 63.2173 -9.802142 
27.84589 -43.89175 22.5215 
21.33652 19.98244 9.362459 
-33.24515 -43.64149 22.02465 
62.70564 63.89536 -10.42483 
22.42914 75.12547 14.0477 
-35.53127 64.50574 -10.10808 
14.11307 63.84947 -9.5566 
-3.05305 27.37022 31.87691 
-24.95904 64.6936 -9.69 
-6.127205 69.43044 36.33614 
20.09263 22.76136 9.59856 
-23.70845 66.19046 -9.670669 
-49.86842 66.60083 -9.998065 
-23.04291 22.21326 8.609585 
-39.96677 66.35778 -9.422884 
-48.49692 67.16481 -10.43173 
-21.0674 23.15255 7.551682 
-22.36289 66.845 -9.756491 
19.75739 78.23302 12.98363 
16.16328 72.39496 29.10886 
-4.451416 28.47477 31.74858 
58.45658 71.25057 -7.887183 
43.89437 70.30661 -9.033148 
-17.83137 71.5957 -9.770092 
6.548693 68.70101 36.14822 
55.9929 73.1012 -10.59765 
57.68157 72.12586 -9.379441 
-19.2122 79.74352 14.06204 
53.04954 72.69059 -9.691942 
51.37608 73.18764 -9.548212 
-27.7754 -40.59285 22.22948 
-15.93457 74.72539 -9.503096 
15.03276 -41.31089 21.26973 
11.81369 76.56179 -10.5256 
-13.57363 78.24123 -9.706603 
-32.02984 -39.91175 22.50305 
11.41583 78.30429 -10.01556 
-12.34879 78.84196 -8.748368 
-10.53236 81.32799 -9.355589 
2.860308 52.41228 38.77432 
5.007348 84.1916 -10.73676 
21.28806 6.167973 25.4354 
4.190385 84.5238 -8.857056 
-20.5763 26.66292 8.167807 
-2.739594 35.27214 -9.490551 
-6.881001 30.62699 32.03051 
-0.6240013 34.10288 -9.74518 
-13.30778 34.7026 -8.826136 
-33.95581 -39.50568 21.84839 
-7.795732 35.15491 -9.894779 
24.15515 47.86737 17.34015 
6.061403 35.45105 -9.872142 
4.576541 35.78827 -9.08299 
12.86263 37.11056 -10.01929 
25.20115 -25.45175 27.12696 
-26.71716 -39.05451 22.16315 
-19.95026 31.37016 8.17567 
-1.267679 36.97255 -10.05846 
1.731346 37.36848 -9.457294 
-3.417201 37.79995 -9.540606 
-18.8998 39.72403 -9.308045 
18.72167 45.57976 -10.10294 
1.594261 30.59327 31.8318 
18.95713 43.80218 -8.909187 
-20.07192 32.15026 8.617826 
2.457912 3.498872 27.31167 
-10.52291 88.22527 14.43939 
-27.68648 -36.06049 22.7853 
31.08614 -36.58435 22.19952 
-35.6941 47.54148 -8.859187 
44.07839 48.6135 -9.287214 
-35.83169 -35.34908 22.3878 
49.30035 50.1363 -9.023603 
50.17519 50.38092 -8.957769 
-1.168625 90.34389 12.97816 
-1.048159 30.53188 31.95134 
-23.33771 51.65374 -9.876788 
51.0859 51.02232 -9.941444 
36.80817 52.55289 -9.778748 
-24.25416 53.92999 -9.965714 
13.25203 -35.04671 21.07961 
-49.72247 53.34907 -9.293971 
18.89884 35.18649 9.11342 
2.591521 88.91147 17.37501 
-21.0831 36.17414 9.632327 
-27.85012 55.3315 -9.786421 
-26.79047 54.33709 -9.421576 
-25.50068 55.17579 -9.510468 
36.79169 55.37125 -9.468837 
59.56643 56.66674 -10.45111 
-24.71616 56.62434 -10.02868 
16.20269 57.14349 -9.663151 
-0.8371649 31.97935 32.03616 
-28.40053 57.72814 -9.524041 
16.79991 57.77436 -9.527634 
1.483379 31.25533 31.66815 
-26.96399 59.66082 -9.064908 
16.93378 59.13047 -10.43279 
31.79851 -33.86706 21.72477 
20.24769 37.84401 9.085329 
-25.48713 58.96614 -9.741802 
18.76618 59.83921 -9.594007 
21.51423 59.99355 -9.924124 
-22.84036 38.1612 8.143721 
-36.327 -32.12362 22.14675 
-30.11509 61.60934 -10.06605 
38.75964 61.44691 -10.17362 
-52.00632 61.21094 -9.518089 
39.29422 62.3301 -8.971663 
-52.32897 62.91549 -9.58168 
2.96749 32.42166 32.21154 
13.55467 63.38575 -9.742756 
-23.88904 39.6697 8.57305 
-49.40192 65.11994 -9.070817 
-46.6497 66.44049 -9.92073 
-44.35616 65.80788 -9.921342 
-37.6442 65.49374 -10.54055 
13.86392 -30.5757 22.85344 
20.09401 66.55727 -10.11279 
-9.080011 81.35683 28.65831 
-27.44322 -30.2772 22.19183 
-1.537416 -8.116654 54.26498 
17.55347 -52.51136 12.90078 
17.91356 69.23005 -8.695747 
-0.3167564 0.1912123 44.61382 
24.80103 -52.82825 14.23165 
-29.06297 -28.81787 22.6002 
15.37486 71.80237 -7.580656 
-9.714599 42.28304 35.10454 
54.40314 72.75043 -9.757981 
13.96092 29.41842 26.82225 
32.34951 -28.34138 22.02469 
35.89339 -52.29702 14.68718 
-14.82771 75.57623 -9.72735 
12.081 76.01669 -9.508145 
-9.486648 81.87328 -9.660178 
6.018872 83.22501 -8.290812 
-7.707413 84.43375 -8.736212 
-6.757449 85.07832 -8.954882 
2.386703 84.85864 -9.335339 
-5.260286 85.77798 -9.481112 
1.263453 85.49986 -9.684823 
1.214952 85.64229 -8.999315 
17.84927 -33.87918 10.56592 
-43.92147 -53.32594 -8.833821 
-42.53904 -53.56612 -9.412704 
-42.52242 -51.48807 -8.981744 
-47.82444 -48.71629 13.64968 
0.4075524 30.82742 -9.351878 
-2.617437 30.99131 -9.431993 
-6.041712 71.27508 36.23911 
-17.08234 31.38466 25.09743 
-4.901698 33.6874 -8.740144 
2.174361 32.94164 31.92223 
2.284682 34.88042 -9.505873 
10.24753 34.08667 -8.66915 
-7.176944 35.1983 -8.355408 
-24.76695 51.85121 26.25753 
-5.909585 36.09474 -8.847718 
3.184029 36.50368 -9.123038 
29.34663 45.34561 8.25842 
-3.287701 37.24701 -9.280022 
5.687026 71.24107 36.57294 
-45.85629 -47.20225 13.30989 
-28.89112 -25.85625 22.15179 
30.70591 45.09252 7.630538 
-20.1925 40.95348 -7.790174 
-20.61063 41.99927 -9.23365 
17.4326 41.95592 -9.340631 
32.31411 45.49663 8.527672 
-7.500154 70.96347 36.45719 
-34.9859 47.1199 -8.332788 
-44.90252 48.01134 -9.03123 
-25.23697 -46.3412 14.08918 
37.62446 48.02715 -9.189074 
39.79648 48.4659 -9.312232 
40.2063 48.09666 -8.854964 
-39.66318 48.22421 -9.341778 
-29.48697 -22.92546 21.83457 
-46.14115 48.9645 -8.254439 
-30.29918 48.47277 -8.462668 
36.91157 49.26519 -8.805543 
13.85716 31.28885 26.48049 
-38.2452 -24.38151 21.2709 
3.994146 34.27396 32.12733 
-32.62934 50.88824 -10.88686 
-42.79987 -44.92869 14.81123 
15.36654 -22.13369 21.46615 
-23.9723 50.59285 -8.780692 
-48.48341 51.62629 -10.23823 
53.62192 51.99197 -9.305161 
35.60095 51.17544 -9.124969 
-27.07472 51.65456 -8.521795 
4.49149 35.70262 32.0441 
-24.54323 59.66484 28.69329 
-6.575925 83.18611 28.61471 
-25.1178 52.64376 -9.130784 
19.0356 55.25719 -9.233864 
25.40333 55.35658 17.77257 
35.67042 56.34985 -8.684202 
-12.8379 87.1889 10.84801 
-36.34433 -23.07602 22.35405 
-27.06847 56.46693 -9.320609 
-8.759479 36.0876 32.6847 
18.1433 58.45037 -9.820549 
21.5429 57.98758 -9.03019 
-14.14617 25.30918 28.07096 
-28.17101 59.06441 -8.958265 
-25.95932 -44.08087 13.46749 
24.82751 48.37034 16.378 
19.79293 58.82021 -9.348365 
20.95285 59.46772 -9.984089 
-31.81562 -21.07834 22.11562 
37.66125 59.7471 -9.476085 
-32.54909 48.34329 8.192585 
-36.0204 49.99347 8.591607 
22.24268 59.12362 -8.743656 
38.07887 60.29873 -8.925267 
21.71798 -41.97738 14.26769 
21.62819 61.76969 -9.424456 
-36.07324 49.00291 7.754548 
61.03461 60.54248 -8.518789 
-28.61015 61.15451 -8.727401 
-51.26439 62.8978 -9.159973 
-25.71202 63.63582 -8.870331 
20.84143 64.59335 -9.524197 
40.23263 65.14356 -8.824254 
30.46514 -19.95582 22.39744 
38.41296 51.01541 8.462709 
-44.09291 65.60578 -8.811264 
-36.00924 65.35208 -9.717085 
9.877769 86.49735 11.27548 
60.22838 68.29144 -9.420581 
41.46947 68.07475 -9.783189 
19.70467 67.84522 -8.878128 
3.141832 36.87355 32.07405 
15.62674 -19.55626 10.25905 
14.56779 73.61868 -8.896893 
18.36969 -18.6625 21.77843 
13.40363 75.40485 -9.732455 
39.74179 53.79908 8.540954 
12.26883 76.78809 -8.453633 
-40.16397 -34.13549 10.45091 
20.04918 -38.94516 13.88627 
-8.829573 37.55162 31.74505 
-9.312151 83.2674 -8.257247 
22.31507 -39.90355 14.21584 
29.30191 -18.67745 22.72407 
5.18302 39.16509 32.31288 
-1.038896 86.34689 -9.133116 
18.32112 -39.41707 14.28569 
-43.49899 -52.20673 -8.693265 
-42.95436 -52.66953 -9.618939 
-42.76238 -51.08179 -8.173234 
20.8558 -16.62208 21.2561 
27.53112 -38.12625 14.07362 
2.243503 29.27583 -8.599836 
-17.93738 72.9372 28.17231 
4.565674 30.78496 -8.416971 
1.84445 31.96025 -9.389395 
-5.43173 31.112 -8.751754 
6.337344 39.88601 31.96637 
-11.10298 34.2884 -9.413157 
20.56136 -4.921424 22.03154 
-9.569856 34.12041 -8.843138 
-11.0487 39.23199 31.11079 
6.789044 34.1682 -7.724698 
28.80158 -36.50373 14.42846 
4.349453 35.1721 -8.286743 
-5.527475 36.01272 -8.314351 
2.53817 36.3363 -9.105518 
-0.2010735 88.58668 19.43675 
15.29074 38.09075 -8.351427 
26.51903 50.81048 16.38141 
9.224953 38.89222 31.5231 
28.88777 -35.91217 13.05647 
-12.36327 39.66129 30.87803 
-39.90049 -35.68351 13.58846 
-0.3458651 52.47414 38.1612 
0.9756951 52.78744 38.65058 
36.88031 47.2159 -8.35663 
-21.72709 -32.71187 14.24911 
7.175611 44.20161 35.90225 
41.91072 47.84728 -7.91314 
-30.76954 49.1582 -9.486937 
30.47659 -33.79739 14.49849 
4.752942 53.90624 38.53145 
-40.22544 -32.42186 13.68089 
24.44837 -3.456827 22.22512 
26.01361 61.99604 18.31263 
-10.51509 44.13803 35.91854 
19.56717 49.51678 -9.941622 
-26.03869 52.40614 -8.810758 
-28.68407 -2.119367 22.40753 
-29.22309 61.87436 17.37305 
19.45072 53.92446 -9.444642 
35.33542 53.54737 -9.198574 
-19.15233 -2.825995 21.78059 
-41.09282 -30.25774 14.37276 
-21.38023 -30.01851 14.23957 
17.68157 56.72119 -8.446424 
-51.34784 58.1243 -9.031434 
17.62322 57.66742 -8.733472 
-26.08573 61.31877 -9.036927 
31.84405 -27.97306 13.84097 
-51.09442 61.91902 -8.663403 
-18.74513 -1.790444 22.63401 
37.59993 -53.73423 7.951475 
-26.59454 62.88734 -7.911178 
-30.67987 63.52307 -8.737293 
-10.82401 87.75073 11.52739 
25.00864 -2.034862 22.75302 
39.60534 64.29378 -8.238225 
-33.22526 64.38719 -8.818213 
21.8687 64.18858 -8.472745 
5.1735 73.35236 36.0866 
-34.98888 65.03122 -9.077359 
-21.22575 -25.85561 13.79177 
15.73274 -2.259626 22.30219 
-45.67984 65.37595 -8.626214 
-40.53317 66.2455 -8.483459 
-38.50339 66.03886 -9.05582 
25.38022 63.00755 18.66336 
12.42921 43.89188 33.22631 
-23.80291 67.08686 -9.092331 
-41.71022 -25.0184 13.60295 
-21.61397 -22.85816 14.05519 
13.41563 44.597 32.65752 
-18.68346 71.62775 -8.446964 
-41.90089 -23.81319 14.71091 
17.03991 70.54411 -7.736138 
56.79266 71.84151 -8.562073 
47.37743 72.76521 -9.393511 
48.603 72.73121 -9.198104 
49.90002 72.95473 -8.8353 
13.58329 0.2551105 22.4145 
33.19059 -19.67817 10.30318 
-16.12632 75.34729 -8.369246 
12.61721 75.48161 -7.963836 
-15.2732 76.11554 -8.372193 
11.3288 78.02155 -8.417332 
-28.97752 53.18171 16.39416 
9.680761 79.79291 -9.253393 
8.845503 80.32855 -9.721963 
2.494123 85.13754 -8.476796 
-5.7183 86.21931 -8.855159 
-4.39406 86.33194 -8.7121 
32.5713 -20.66973 13.66632 
-21.86326 -20.59063 13.43216 
-2.933046 86.75926 -8.970016 
13.87273 -53.19543 28.03062 
-28.57812 54.37465 17.75079 
-0.6982276 86.90794 -8.604019 
-1.389351 -6.211514 54.57496 
-43.24014 -53.81556 -8.758098 
12.31044 1.295415 22.40912 
-41.64278 -52.89607 -8.712908 
-3.24351 28.73175 -8.481424 
-22.77205 -18.00285 13.64585 
25.6552 65.88574 18.14462 
31.00774 64.62862 8.183642 
15.21285 -41.31516 26.33606 
32.62412 -18.21934 13.47365 
11.94241 3.050028 22.48233 
-5.869538 30.06727 -8.439071 
27.98183 2.820292 21.78886 
16.26591 -17.68166 13.46373 
-6.280482 -4.205614 49.37693 
-6.21046 34.46848 -7.921923 
4.919039 32.30248 -8.290888 
-40.92179 -16.63225 15.26069 
-8.657621 33.97523 -7.242646 
-15.97942 17.32949 26.86044 
-12.71593 3.36315 22.51762 
5.363499 34.73079 -7.845647 
20.49739 40.49065 24.76288 
12.94816 34.79567 -7.818572 
-4.575967 35.31231 -8.682245 
-25.58698 -15.36691 14.07418 
-4.559864 36.40392 -8.597784 
16.66919 -16.37399 15.60184 
-40.19063 -14.86775 13.90188 
-17.86604 38.33602 -7.554164 
-29.20183 67.64828 8.695475 
17.09499 39.19302 -7.358802 
-28.89368 65.56562 18.21943 
9.671972 3.904753 21.94531 
0.3119187 2.395451 39.95018 
-22.8387 55.56784 29.2782 
19.88782 46.46466 -8.910501 
-38.46473 47.35693 -8.676753 
22.10402 -52.21503 28.76628 
38.99165 47.34305 -8.659368 
-32.48158 47.97528 -8.839602 
-31.26965 47.52839 -7.829519 
-31.28787 48.29498 -8.94208 
35.723 47.76907 -8.326624 
-20.52051 41.04408 27.79128 
16.41512 -16.46479 13.83708 
-40.38259 48.24765 -7.86879 
40.52528 47.80606 -8.320759 
-25.65166 -13.72914 13.66534 
-41.5512 48.09298 -8.978877 
6.862526 4.881344 22.65329 
-24.34456 49.14848 -8.170434 
35.19532 48.97301 -8.078725 
-29.23025 49.16812 -8.092604 
26.38482 53.70223 17.26906 
-10.85721 4.387902 21.78531 
-46.92414 50.65007 -8.177144 
-29.73587 50.31986 -8.741723 
33.41562 51.26736 -8.274965 
48.02231 50.92127 -8.256806 
51.48799 51.56467 -8.669538 
-49.06788 53.26294 -7.39956 
17.057 49.35959 32.10427 
55.77452 54.11311 -7.507119 
56.9191 54.45075 -8.93749 
-39.26817 -52.73581 18.86187 
33.03244 55.32026 -8.222835 
-50.15157 55.15305 -7.793777 
58.18817 56.00517 -7.282358 
-42.3618 -19.45347 9.868032 
19.41023 56.39525 -8.280664 
-28.25793 71.20007 8.22541 
59.76391 57.55505 -8.084269 
18.30677 57.03448 -8.164917 
21.58144 57.09362 -8.245698 
19.86241 57.39395 -8.157068 
5.855687 5.0616 21.73987 
36.48499 58.06922 -8.804548 
30.15088 -10.33032 14.46354 
34.97304 58.96831 -8.366393 
35.91978 59.29864 -8.758851 
-9.38098 6.353686 22.2015 
37.04141 60.36179 -8.272531 
-50.25984 61.18196 -8.094538 
-25.38491 73.0686 8.545309 
-27.26762 61.92218 -8.250266 
22.52601 62.61104 -7.781209 
-29.08612 63.00964 -7.744464 
-49.06633 64.35249 -8.466383 
-33.50515 65.32346 -7.790419 
-45.17315 65.00294 -7.513587 
-37.18936 66.0933 -8.035549 
40.27832 66.71889 -9.521637 
-42.8678 66.46849 -8.253976 
-39.07518 65.92133 -7.622681 
-18.47179 -7.810547 14.48526 
-27.43378 69.38037 18.73824 
-9.029548 7.42177 22.40825 
-21.3523 68.78677 -10.20049 
17.81094 57.56992 32.96772 
46.76692 71.23307 -8.347153 
-38.31551 -6.229634 13.88567 
53.18106 70.63133 -7.359911 
-7.399873 7.581339 21.90938 
47.79376 70.99386 -7.919391 
52.1586 71.81551 -8.336674 
-17.48066 72.67569 -9.430658 
13.3137 74.93922 -8.235001 
-14.98747 77.15394 -7.377728 
12.94426 -49.8105 28.87921 
-5.982536 -2.351481 50.12198 
22.88763 -50.08743 28.64321 
11.11615 78.58801 -7.472225 
-12.55735 79.67269 -7.495963 
-9.714657 82.09252 -8.307221 
-31.68846 10.36663 22.32631 
25.06858 8.453184 23.66686 
-9.013868 84.55323 -8.060505 
4.293683 84.90852 -8.123086 
-25.94162 70.84576 18.66788 
-32.2657 11.21658 21.48003 
-8.550629 86.39751 -8.299726 
-6.716045 87.0447 -8.751326 
1.623366 86.11537 -8.52 
-8.332391 87.35711 -8.179871 
-5.681869 88.16308 -8.352772 
2.966256 88.20822 -7.767225 
0.970956 88.08258 -8.367438 
-41.0912 -50.85707 -8.079592 
-0.2134123 28.65018 -8.490606 
-7.28227 8.357505 25.33547 
23.71347 12.57459 21.26059 
-6.020753 28.91249 -7.98762 
-6.150964 31.67497 -8.439701 
-8.276073 32.62195 -6.76626 
-30.62744 13.05897 21.71495 
-28.69019 14.03307 22.10603 
-24.73517 -53.62422 19.31102 
13.52604 -47.61122 28.67677 
-7.101185 34.75552 -7.537155 
-6.269928 35.42123 -7.911558 
18.10022 62.71082 32.15672 
-18.27831 81.30732 8.013008 
-38.80086 1.312926 14.39402 
20.04725 14.04681 21.38808 
33.23307 -0.2074075 15.25056 
-27.98109 14.57063 21.29369 
-26.54851 14.83696 22.17592 
-22.00848 41.97065 -7.015975 
-22.4215 43.44699 -7.746748 
7.657051 1.262157 14.68105 
23.66307 71.85863 18.8027 
-23.95856 48.19004 -7.894978 
-25.49397 16.05026 21.46828 
-36.94871 47.10583 -7.008058 
-19.30727 64.30312 32.29922 
19.12475 16.88978 21.9202 
33.39896 1.837483 13.88765 
-43.90855 48.08294 -8.114159 
-42.71145 47.94204 -7.351908 
-27.28736 49.64133 -7.410027 
21.45125 51.8149 -7.076973 
-6.499592 3.607833 14.63426 
49.46183 50.64177 -7.892415 
-14.50166 85.3155 8.057042 
18.86875 8.26046 25.14719 
32.68338 52.48298 -8.250888 
51.98701 51.76469 -7.565679 
-38.15121 3.492555 14.03411 
-47.78117 51.71274 -6.888728 
-5.555013 5.930967 26.70687 
53.80577 53.37532 -7.242196 
33.24336 -18.70335 11.19792 
-3.165806 1.123623 43.78591 
34.01329 57.41143 -7.672889 
35.53887 57.7217 -8.233023 
33.49809 58.77955 -8.003777 
33.42004 59.98638 -7.4404 
6.876651 50.30467 37.18952 
35.77827 60.27697 -6.921645 
-38.47424 5.533284 13.16942 
-20.62509 23.68513 22.08385 
-0.5679559 7.15473 13.19943 
-37.34504 7.859787 14.16995 
16.79063 69.37307 31.44815 
39.31808 62.90264 -7.830866 
39.64039 63.7146 -7.432446 
-2.041571 7.465637 14.78129 
-1.03693 7.51049 14.1591 
15.53967 22.85652 22.47999 
16.07785 23.75122 21.903 
-47.35391 64.44771 -8.160734 
14.71704 68.80943 33.27103 
-11.22188 87.94424 8.767648 
-31.26832 64.13654 -7.633038 
62.11172 63.6801 -8.802721 
59.7057 67.10462 -6.350617 
-19.57235 25.2588 21.8319 
-35.6969 65.63351 -8.117258 
21.7679 66.03911 -7.123934 
40.92118 66.98196 -8.586976 
-25.3122 66.35158 -8.064429 
20.70619 66.68914 -7.848693 
-40.86858 66.49979 -7.498597 
61.1907 66.50579 -8.575118 
-9.099001 89.16769 9.076411 
-22.86381 67.74364 -8.85533 
-22.26044 -17.92664 10.51086 
14.27213 70.3896 32.28907 
30.89184 11.69856 12.62906 
18.7432 69.39568 -7.347833 
22.95986 -44.43622 27.90347 
31.00568 -53.51901 19.93184 
32.04768 -53.52369 18.80757 
54.36939 70.92933 -7.858919 
-11.76115 8.803687 25.13518 
-19.35726 71.60024 -7.019519 
26.10815 16.12255 13.87891 
-1.446208 90.60483 8.82027 
-0.9842649 -6.335883 40.95057 
-11.11701 81.04333 -7.7787 
-19.8622 33.52136 20.43612 
7.685148 82.12275 -7.813578 
-11.52839 81.54582 -7.556863 
-10.60317 81.8337 -7.913585 
0.7093133 74.39972 36.23262 
-11.21644 84.44063 -8.007428 
-9.380787 85.94418 -7.716722 
3.551018 86.74478 -7.714918 
5.380337 87.09533 -7.680289 
-4.506684 88.05945 -8.085989 
-6.06252 89.08378 -7.714215 
12.49216 73.73607 32.31083 
-3.352982 88.5863 -8.505877 
-1.889886 88.74905 -8.482538 
-29.54078 58.61277 17.59325 
-41.69884 -53.53972 -7.488955 
13.01649 26.40397 28.19621 
-40.02224 -52.85645 -6.013671 
-41.80578 -50.01458 -7.021196 
6.600094 56.72152 38.71018 
2.992283 28.4728 -7.938174 
21.23556 20.3685 14.07751 
5.335084 28.66071 -7.001751 
-10.47154 45.38125 35.8708 
5.797042 29.8085 -7.419995 
11.08797 74.74005 31.87364 
-8.257025 30.1931 -7.351219 
-24.58174 49.85754 25.94418 
-8.627871 30.54664 -7.076368 
7.70385 30.68209 -6.288378 
20.132 22.28561 14.74009 
-11.532 32.7564 -5.759596 
9.147648 33.58047 -7.894575 
-22.2356 77.01769 18.9111 
6.00365 33.95999 -7.324147 
12.50623 33.40069 -6.46296 
-23.34474 22.78005 13.73885 
-11.16369 75.30735 32.52813 
-21.59162 40.77559 21.79749 
-16.81108 36.75519 -7.892385 
32.24685 -53.53275 8.710676 
19.33529 41.70057 -6.770953 
36.11543 46.56417 -6.809264 
-31.94425 47.01552 -6.722066 
33.62756 47.45354 -7.862615 
-39.72456 47.80103 -7.122631 
-41.73755 48.32783 -6.27457 
39.6457 -53.48728 8.5696 
-24.7799 48.26506 -7.089044 
33.40742 49.08507 -7.149497 
47.219 49.8418 -7.016398 
50.97363 51.12127 -7.273041 
8.821858 77.03543 31.80411 
21.04983 54.00874 -7.706468 
-10.68804 77.59354 31.94294 
-26.88677 47.46792 20.23358 
20.8944 55.94604 -7.829666 
22.37491 55.64367 -7.338735 
22.34694 56.76182 -7.50996 
16.37113 74.442 28.24081 
-50.06896 58.11112 -7.363698 
34.41677 60.58117 -6.711478 
-24.13783 40.84955 13.39876 
59.64998 60.67599 -6.760523 
-48.81432 61.46118 -7.007467 
-25.93032 42.24131 14.64487 
60.02459 63.94929 -6.253712 
-8.19771 77.85225 33.13018 
6.407285 79.4158 31.86357 
24.35188 53.88326 22.07843 
-1.200816 -5.191425 38.2391 
-37.69237 66.01107 -6.889276 
41.99736 67.04131 -7.740765 
-23.80774 68.66393 -7.392339 
-22.82932 69.52406 -6.142931 
-22.25543 69.66165 -7.727521 
45.60175 70.05757 -7.330506 
25.91459 47.81554 14.54095 
-0.5824232 -5.843162 40.05447 
-18.72891 72.73361 -6.906178 
25.09579 59.26221 23.24676 
26.93307 49.30483 14.63516 
12.28701 75.93354 -6.638121 
-13.57842 78.37339 -7.47071 
-13.78812 79.37743 -7.286669 
25.01216 62.96542 22.1263 
-28.05824 63.32312 22.88781 
15.40199 75.22234 29.50151 
8.6792 80.89395 -7.860908 
-1.594403 80.58577 31.91991 
6.701655 83.61354 -7.571565 
8.009519 82.81945 -7.353951 
7.334859 85.69279 -7.484322 
-26.54237 10.00993 25.21807 
28.50983 49.92352 13.97046 
-19.16132 80.82135 18.33081 
-10.76323 86.30944 -7.22341 
30.42874 50.46888 13.99856 
4.227687 87.87129 -6.881619 
-4.437623 89.16017 -7.15519 
-0.1846027 89.58756 10.08915 
-0.1209834 88.60685 -7.945096 
-0.04457731 89.34681 -7.091775 
32.09914 53.29837 14.34774 
1.380876 89.42192 -7.401115 
-1.690393 90.0953 -6.656496 
-43.02499 -51.42035 -6.232917 
-0.5448796 24.98459 -6.82609 
-1.03573 27.47919 -7.061797 
2.233271 27.67747 -7.083319 
-3.920993 27.53424 -6.799563 
-47.30798 -53.07326 6.470715 
33.71364 53.84696 13.813 
-4.063615 -4.335646 36.69117 
-8.271377 29.05277 -6.704813 
33.19127 55.15039 13.97707 
-29.08783 -51.31284 9.110804 
0.2860198 0.7264362 42.77676 
1.306263 80.40978 32.26642 
-29.7496 57.13658 14.10161 
-18.71367 38.02896 -5.699349 
16.8983 40.83447 -8.539417 
2.073874 -3.257535 36.32512 
-7.988461 57.60137 38.68865 
-23.33177 46.5351 -8.27239 
21.46878 47.65168 -5.785686 
33.37265 -49.22974 8.944992 
38.74286 46.56044 -7.61529 
25.17747 -39.23872 28.78075 
32.09213 47.28067 -6.842052 
17.27557 -38.70922 29.16186 
-30.03604 47.80655 -6.846708 
29.57185 60.22307 13.95738 
40.2317 47.53162 -7.835993 
43.16683 47.96798 -7.045865 
-46.75363 48.99159 -6.591949 
-45.81184 48.23601 -7.644332 
-44.16 48.67497 -5.852685 
-17.00849 80.48056 22.79399 
-27.47873 48.35785 -6.004725 
30.28357 61.96337 12.78136 
31.87656 48.72003 -6.582413 
-6.09635 2.033563 33.24973 
30.97536 50.58447 -6.942945 
47.78145 50.19595 -7.654997 
-4.698864 45.03777 34.99086 
-5.945768 2.775911 33.24136 
-5.540638 4.298701 33.13642 
30.28936 52.40536 -7.35077 
15.99755 80.4195 23.02862 
52.47779 53.51398 -6.599853 
38.44807 -49.09388 8.755177 
-14.64126 82.42619 21.72853 
21.7401 54.10581 -7.105623 
26.99855 65.27991 13.15493 
32.06981 55.32542 -7.70815 
31.94675 56.71234 -6.953535 
35.36287 -48.79201 9.139689 
-5.32745 5.561769 32.28855 
58.99434 57.67921 -6.583578 
-42.49908 -17.51603 9.763096 
31.7553 57.82406 -6.541872 
33.56441 58.07124 -7.638742 
30.77547 59.19709 -6.816248 
32.0588 59.09206 -7.33635 
9.670895 83.77119 22.76529 
37.80076 -48.68199 8.644575 
38.85407 60.98637 -8.538524 
-27.64574 70.50728 13.88378 
-48.19019 63.54241 -7.858654 
-28.03071 62.87548 -7.428319 
22.56929 -40.45873 28.92159 
24.89418 69.98252 13.58044 
24.82817 71.02679 14.69368 
-31.47619 65.05235 -6.673325 
2.010098 8.419875 31.84253 
40.52713 64.83376 -6.904201 
41.79676 65.53602 -7.018184 
-7.751754 85.788 23.524 
-36.42002 65.76393 -6.535834 
-3.271535 -4.648505 38.19741 
-34.60622 65.89581 -6.587847 
-25.67987 65.23411 -7.772927 
8.282597 85.72184 22.12424 
-24.25557 75.17328 13.95146 
8.080555 44.98577 35.1273 
43.5323 68.30203 -7.239898 
32.08242 -48.19326 8.059241 
44.74847 68.46372 -6.442814 
-28.97732 -47.37401 8.91165 
46.37624 69.45676 -6.734922 
51.4157 69.94222 -6.6745 
18.57848 -38.96191 29.67138 
49.2585 70.91636 -7.094251 
-15.18325 84.44799 17.88089 
51.60669 71.83733 -8.254025 
52.28979 70.82535 -7.328647 
58.26534 71.29284 -7.483545 
2.784723 -2.01045 36.97655 
-20.57354 78.70795 14.22103 
16.84183 -36.23765 28.15293 
13.47153 75.05376 -7.355639 
21.80709 46.63951 25.34229 
11.92849 77.11964 -7.010595 
-14.05953 78.02575 -7.137348 
-15.07889 77.41876 -6.8851 
18.93159 79.24598 14.27864 
10.46201 79.68371 -7.017802 
-12.29328 80.42882 -7.13332 
-14.79757 81.41261 -6.994327 
9.854412 80.94289 -7.093873 
10.8608 82.17423 -6.866965 
-13.85373 82.42091 -6.687414 
-13.24611 82.97373 -7.237822 
-25.86179 61.54681 26.07887 
-18.50475 80.46175 13.83715 
17.08396 80.40859 13.96357 
28.88534 -24.28182 25.5501 
16.94592 81.68329 14.24068 
-12.82434 84.57413 -6.808369 
-17.78494 81.74335 14.54521 
31.69481 -47.1256 7.635737 
-9.575768 86.79407 -6.835272 
16.62955 82.10668 13.55676 
-5.978521 89.51735 -6.911693 
-3.375178 89.76945 -7.267209 
1.395285 89.81161 -6.423229 
-43.42966 -53.10629 -7.090675 
-39.30613 -50.99079 -6.096055 
0.3770586 26.71703 32.60509 
-41.92339 -49.79399 -6.141553 
0.9639173 24.04937 -6.525271 
-4.049644 -11.7679 57.15637 
-1.983077 24.49159 -6.523068 
2.253309 24.58751 -6.519618 
-3.444196 26.89941 -6.772744 
2.487116 27.02566 -6.639534 
-5.527318 27.62229 -6.462471 
21.45654 -52.94796 21.4654 
10.59596 86.02604 17.25263 
-8.335517 33.47752 -6.743148 
7.479378 33.27687 -6.25452 
-2.094373 -5.907646 44.01252 
-17.80318 36.82421 -6.242579 
-42.48529 -16.11975 8.879134 
-11.09142 54.95877 37.89706 
-24.08228 46.23212 -5.668278 
0.03268777 28.97714 31.80658 
12.82829 -51.561 22.99381 
-33.27603 46.91074 -6.727026 
30.66927 47.13094 -6.287559 
31.84458 47.92859 -6.884484 
41.36304 47.46375 -6.130159 
28.07588 -50.71738 23.10989 
-45.70876 48.94985 -5.769247 
0.4063071 89.35091 14.37027 
21.38353 49.78715 -6.703331 
31.66429 49.11504 -6.486149 
0.04819424 -4.90406 49.65017 
-0.07537752 89.45547 14.27022 
27.99778 -44.87548 7.992263 
49.8499 50.9159 -7.003097 
22.32055 51.64305 -6.679595 
23.65203 52.44212 -6.743133 
51.51373 52.61245 -6.433602 
24.66903 54.72244 -6.599868 
-36.15568 -47.54459 22.04414 
-24.69757 10.78729 25.38887 
28.32087 54.72771 -6.43655 
23.09909 59.45232 26.81302 
-3.112792 29.05641 32.9405 
-23.66061 -46.98477 22.56413 
-46.06891 -53.3049 14.22386 
-24.28984 66.56222 26.68119 
30.65268 58.13551 -6.038736 
22.86626 58.05648 -7.094581 
-40.96077 -53.06422 14.16299 
-2.003125 30.32288 33.22602 
15.30622 -53.224 19.86368 
22.88528 60.49007 -6.812946 
-5.144238 30.50714 32.24752 
39.22474 62.25747 -6.652025 
-34.4911 -45.3865 22.99977 
-23.52277 -16.62944 10.04264 
-33.26585 65.57167 -5.898386 
-1.978648 32.23608 32.5117 
-26.48467 65.7123 -6.517282 
42.12101 65.51485 -6.465508 
-6.443941 31.94995 32.22937 
-12.3282 85.17322 20.67165 
-39.75031 66.20354 -6.62724 
20.23266 67.43196 -6.566855 
19.35918 68.46012 -7.672607 
28.07435 -44.36723 21.92197 
-31.55425 -43.87073 22.78056 
-30.50544 -43.23752 9.061113 
58.93419 68.82446 -6.07005 
13.1142 27.86108 27.85933 
-22.14069 71.00005 -5.316419 
-28.47472 -43.66846 23.00154 
55.71718 70.71249 -6.247213 
-19.49943 71.04205 -8.787993 
-26.27234 -52.53787 14.04263 
-30.94278 -42.19344 8.851342 
-16.31939 76.27218 -6.409181 
12.66017 76.89439 -6.225314 
-16.57184 78.76794 -6.572686 
17.16939 -33.57388 28.10477 
11.37474 79.50259 -6.251212 
-6.553757 -10.26485 56.25804 
12.25234 81.509 -6.547728 
-31.69226 -41.96893 22.83095 
10.64778 83.58675 -6.785105 
11.56948 83.37962 -6.128569 
28.86582 -41.74163 22.46444 
8.808624 84.41987 -7.140645 
-8.391534 32.28209 31.44496 
7.924613 86.72013 -6.760279 
-1.761576 34.10214 32.4394 
4.489031 88.36788 -5.698606 
26.42657 -33.61692 28.33162 
3.252583 89.19389 -6.60189 
-51.35451 -53.08657 -6.475433 
-42.4116 -53.4331 -6.303814 
-43.36958 -52.47201 -5.66622 
27.0543 -52.3345 -5.92063 
27.93938 -52.07731 -6.367736 
-42.56573 -50.99681 -4.983179 
17.17521 -48.31131 14.34601 
27.80395 -50.55706 -5.782386 
28.76662 -51.81616 -5.959224 
-39.84427 -49.96728 -6.389348 
-40.8988 -49.71837 -6.701513 
-26.45972 11.22039 24.65039 
-0.7763222 19.58351 -5.809181 
-5.500667 1.774019 37.06869 
-0.2065658 21.26507 -6.188274 
18.01322 -32.26257 28.02543 
4.875571 26.62099 -5.745027 
-35.68919 -41.51396 8.681057 
-31.13183 -41.16441 8.495276 
-7.222979 28.14777 -6.200252 
-29.42958 -40.1844 22.74577 
-23.53199 68.91213 26.29117 
-8.759919 29.45587 -6.442888 
33.6896 -46.81355 14.51336 
10.98273 32.77673 -6.127964 
-9.43444 33.07273 -5.940916 
-28.44415 -39.14087 22.6487 
4.99081 87.64308 17.46997 
14.49 35.18665 -6.5484 
16.2191 37.83197 -6.58776 
29.97243 -39.54153 22.96116 
-20.17388 39.16751 -6.500875 
18.82412 40.3548 -5.192728 
17.40333 -46.23119 14.5369 
20.82809 68.93522 25.42467 
-27.75046 -40.27785 8.602835 
21.02435 45.14692 -6.384686 
-4.450694 3.036782 37.12962 
34.43311 45.70049 -5.434875 
-35.76313 46.41089 -6.263689 
33.98933 46.33603 -6.80645 
39.25872 46.35798 -6.236682 
25.31565 66.82247 17.24641 
1.123943 33.4017 32.16156 
-37.81736 47.44548 -5.749634 
-28.79626 48.07152 -6.641977 
-42.43575 48.83408 -5.003796 
-36.09301 -39.78344 8.434349 
17.89274 -44.6812 13.92956 
45.99986 49.15003 -6.470581 
-29.09932 -36.74608 22.95541 
21.84692 49.4514 -6.028318 
29.05239 51.95348 -6.6389 
24.08006 49.57333 -5.874402 
25.67589 51.71736 -6.050022 
-47.9043 50.02469 -5.369853 
-34.65312 -35.54153 22.60716 
48.8327 51.16472 -6.380032 
26.90142 52.61404 -6.048141 
-48.25167 53.3006 -6.032508 
-26.57939 -39.77689 9.500379 
25.91619 53.90081 -6.487735 
18.38564 -43.67693 15.23807 
27.46027 54.7283 -6.192002 
-49.30133 55.14635 -6.021477 
2.666852 34.78074 32.38285 
30.2083 55.50901 -6.894461 
27.9899 56.02285 -6.034976 
57.89173 56.86733 -5.954165 
24.91569 57.88545 -6.096449 
12.7884 29.19371 28.327 
23.75772 57.48047 -6.504976 
-27.55612 -34.69506 22.30206 
1.590699 35.44667 32.46735 
25.7042 -41.95517 14.58477 
-26.15491 -37.53967 8.458241 
-47.26545 61.95758 -5.46663 
-46.27327 63.84612 -6.476742 
40.30444 63.39486 -5.450049 
5.170393 35.48447 32.65464 
-28.32192 64.57406 -5.187886 
23.72562 63.33843 -4.870803 
-27.20445 63.97696 -6.457511 
-39.1891 -36.37648 9.108784 
-14.22606 46.41363 35.22243 
-40.36895 65.96204 -4.592819 
24.14993 -41.37476 14.13806 
25.9453 -41.45108 14.86848 
-27.16368 -33.55045 22.24723 
-40.30365 -41.00924 15.09841 
20.70575 -39.88147 14.48391 
-23.33638 69.60242 -5.760909 
21.65969 65.17473 27.53065 
19.83625 68.94055 -4.514682 
-39.78261 -39.38932 14.17719 
57.84929 70.73273 -6.74357 
54.17123 69.96632 -6.40964 
-0.06617789 -4.825558 38.2547 
16.63009 71.01012 -6.050035 
14.84975 72.84668 -7.197927 
-28.0685 -31.59826 22.42226 
-18.42748 74.28169 -5.652899 
14.32913 73.98695 -6.705983 
27.00319 -39.08364 14.42978 
13.11466 75.76421 -5.796742 
12.03248 78.48769 -6.411164 
-17.23624 79.4427 -5.613125 
-29.30899 -30.63507 22.85896 
-15.36732 81.82495 -6.12212 
10.09687 84.8356 -6.446084 
-34.94761 -31.09683 22.50789 
-2.879976 3.578294 37.67418 
-11.13169 86.66706 -5.471658 
-9.142181 87.88267 -6.605094 
-8.233182 88.646 -6.646747 
32.07544 -29.63056 21.72293 
-0.01221545 89.6617 -5.399731 
-51.31724 -53.74845 -6.025395 
-35.58925 -29.26297 22.65041 
18.3255 -30.6357 28.03571 
-0.3984532 35.9065 32.65788 
-51.03188 -51.41376 -5.997949 
-40.2626 -52.26559 -7.241628 
28.96699 -51.96897 -5.386746 
28.37284 -50.69761 -5.367287 
27.73822 -32.53286 8.303677 
1.411991 19.20589 -5.421063 
1.721338 20.55506 -5.788502 
-2.443503 21.41688 -5.914501 
1.786169 22.57445 -5.512209 
-0.4728542 22.96012 -5.745622 
3.474325 23.59715 -5.93311 
-0.4094448 36.86518 32.63707 
-3.651319 23.04005 -5.279685 
-6.880854 24.09803 -5.616618 
1.86037 36.94398 32.37025 
-8.204364 26.21933 -5.27649 
-6.48459 26.09512 -6.115131 
-7.546827 27.68094 -5.703336 
14.22645 -28.6951 23.47638 
-9.391298 31.877 -5.498925 
-9.388869 29.95694 -5.083669 
-23.75601 11.89341 25.12947 
-22.10973 -35.38005 14.68006 
14.25817 -33.97245 14.08253 
-15.22708 34.53306 -6.204716 
30.26002 -35.08765 14.93341 
15.41374 36.03964 -6.200613 
-36.41479 -27.05069 22.38664 
-40.6203 -34.31375 14.38754 
18.50581 38.91492 -4.575952 
-0.1519567 58.71407 38.23156 
-21.56934 -31.93524 14.91354 
-27.5736 -27.4766 22.3462 
18.44945 -32.16814 9.077131 
36.51987 46.23917 -5.68666 
20.87934 -32.43546 8.704835 
32.54023 46.15982 -5.300498 
38.62457 45.56434 -4.550739 
40.67271 46.94781 -5.762971 
3.452683 39.01313 32.86512 
31.15352 -53.77861 18.59075 
18.45859 -31.01554 7.905907 
-40.59885 47.53435 -5.409635 
29.72674 47.64546 -5.855775 
-34.13688 -25.96629 23.033 
-30.48656 -26.66021 22.89765 
30.11313 49.05004 -5.630117 
8.760879 46.17755 35.67982 
48.02518 50.98866 -5.591982 
-21.83575 12.13483 25.13283 
50.49145 52.18386 -5.90479 
-48.15595 51.97957 -5.586661 
49.15514 52.45996 -5.794554 
24.88993 70.11174 16.60311 
31.64095 -29.41631 14.61906 
29.26375 57.16127 -5.693454 
-30.72493 -25.19392 23.01692 
0.9266489 5.411316 35.31955 
-3.572751 -1.115397 50.93839 
28.64606 58.71857 -5.509331 
-49.10184 59.59235 -6.172539 
-21.43886 -27.47715 13.90297 
26.65162 57.45417 -6.331214 
31.60203 -24.20608 22.96469 
-41.57447 -26.59883 13.98419 
30.50306 60.06766 -6.352441 
24.36144 61.78494 -4.999372 
-31.11822 -23.24112 22.57446 
3.242571 58.37173 38.72651 
-42.02085 -25.53345 14.90132 
-34.39437 -24.57512 23.03062 
23.73948 64.34504 -4.26565 
12.04503 -24.87056 14.34593 
-22.01731 -24.25628 14.94237 
-27.47397 64.80368 -5.454259 
-44.65287 65.80489 -5.838723 
-31.97563 65.77935 -5.067205 
-44.09199 66.32951 -6.710413 
-41.70107 66.30765 -5.666845 
22.0047 66.56225 -5.212955 
-38.58501 66.41663 -5.930289 
-25.90246 66.93597 -6.08854 
-22.03184 -22.87567 15.21538 
7.492959 40.30826 32.49328 
10.22898 41.16285 33.16128 
52.57913 68.96228 -6.420314 
-15.20072 40.79284 32.06139 
50.77973 68.35358 -5.039795 
47.86526 69.78175 -6.006133 
49.61019 69.18155 -5.792531 
23.80126 71.21589 17.02107 
-22.86614 70.09184 -5.158402 
17.36756 70.58883 -6.467806 
-38.87645 -53.39241 17.40372 
16.6905 71.74774 -4.43322 
-17.16854 75.35671 -6.125872 
6.302658 40.83513 32.55291 
-33.28205 -22.80361 22.59491 
-41.76313 -20.06418 13.68033 
-17.2818 77.49805 -5.720227 
14.24577 77.5251 -5.815035 
15.19304 -29.30338 9.24879 
-17.59102 78.32203 -5.369349 
16.17926 -22.60633 22.74285 
-34.62741 -22.9871 22.78863 
13.09527 80.52908 -5.800932 
19.73852 -30.67052 28.44932 
6.269317 58.29871 38.282 
-22.80932 -18.7655 14.98414 
9.17604 85.44871 -6.239018 
31.40101 -27.99164 8.522359 
-9.571021 86.99561 -5.798419 
-41.33865 -27.92401 9.450188 
8.535423 86.86853 -4.562883 
21.2857 -28.33673 27.87155 
32.21449 -19.46747 14.26853 
-41.64184 -19.44297 14.97867 
-7.753655 88.92773 -5.246951 
30.41201 -21.52184 23.75218 
-24.92135 -44.46902 18.0664 
12.82115 41.84864 32.03697 
-52.17626 -53.4384 -5.65968 
-35.37887 -21.13037 22.7234 
-52.0681 -52.47116 -5.94812 
-49.4208 -52.37939 -5.503242 
-49.09556 -51.19678 -5.214772 
-50.28648 -50.23943 -5.032195 
14.58181 -27.42638 9.073526 
-40.88507 -48.98612 -5.283377 
-3.494361 19.61952 -5.333984 
31.20031 -17.48727 14.99282 
-34.00693 -21.01524 22.69458 
-5.162292 21.25364 -5.33683 
25.01822 -29.73737 28.13232 
-20.41901 -26.86332 9.478563 
5.517895 27.84377 -5.479134 
-8.235954 28.05212 -5.204545 
15.32534 -25.5723 8.088435 
8.816504 29.85149 -4.921643 
-10.44178 32.16645 -4.878363 
9.154286 32.45422 -5.177796 
-16.31244 34.37309 -4.162588 
14.32101 45.83815 32.51871 
-17.69314 77.04604 26.22976 
-26.76451 -13.64512 14.95703 
-21.4079 40.62463 -4.946696 
-22.80921 41.73379 -5.050966 
25.32813 -17.47482 22.13208 
-32.92963 46.28841 -5.169868 
-30.87022 46.72319 -5.108547 
-29.40874 47.01513 -4.868319 
15.7936 77.54633 26.01943 
13.99245 -24.51182 9.083302 
-36.74748 -12.45903 14.67234 
24.19262 -16.6743 21.97024 
14.68465 47.05806 32.44429 
28.84772 48.49292 -5.267587 
-41.97315 -25.38739 8.217815 
-7.132874 45.36486 37.17794 
18.8726 -4.424109 22.42964 
27.77199 51.17947 -5.926085 
17.00469 76.52242 26.57623 
-23.92282 -11.6805 13.97206 
-48.58834 54.69079 -5.138669 
23.13901 -4.073836 22.59441 
-48.66852 57.71397 -5.11833 
15.93263 -11.80799 15.36141 
-47.95116 60.47057 -5.248192 
24.45071 59.64218 -5.623863 
-1.535426 -7.357767 51.12799 
-20.48713 -24.29068 8.13614 
27.71391 60.41614 -4.975492 
29.05986 59.963 -5.703475 
29.58348 61.03719 -4.952823 
32.41086 60.67587 -5.978436 
-21.27852 -10.33711 13.98543 
-47.51189 61.58065 -5.044417 
36.68441 61.26435 -5.249811 
34.53982 61.62172 -5.275246 
-22.41507 -3.665834 22.64744 
-19.44198 -9.774547 14.26868 
-5.804297 -2.476788 38.53297 
22.57919 65.63117 -5.860568 
17.6407 -2.07621 23.05183 
-33.87457 65.71798 -5.014357 
19.121 -1.804102 23.06756 
-36.43934 -8.403241 14.48785 
-36.6771 66.2591 -5.315178 
58.13353 67.11687 -4.494192 
-26.27197 67.76135 -4.367335 
43.53479 67.48553 -5.857902 
45.29517 68.08813 -5.974452 
20.45612 68.15417 -5.388855 
46.64006 68.50635 -5.456382 
-25.3904 67.90457 -6.608286 
-20.6035 -3.667671 21.9669 
58.29733 68.46222 -5.018694 
56.09687 68.13939 -3.802681 
-36.89151 -7.040919 14.70317 
-24.13934 -22.74944 19.13208 
14.97408 73.76577 -5.118936 
-19.67435 74.15987 -5.199792 
-19.07326 76.92614 -5.702563 
-5.643824 44.87498 36.76961 
-26.24034 -3.4551 22.12977 
-20.15519 50.34699 32.05899 
13.62792 76.12866 -5.343105 
14.17613 79.57677 -6.031154 
15.8621 78.7299 -4.926032 
14.7875 80.36224 -4.854634 
-15.23038 82.40888 -4.837786 
32.05983 -7.568856 13.86364 
-13.8011 83.17961 -5.479644 
13.06308 82.21021 -5.194978 
11.07176 84.68233 -4.534445 
9.465281 85.47287 -5.25642 
24.10794 -28.41483 27.98482 
-9.774814 86.36584 -4.444074 
5.722418 88.20929 -6.26125 
-4.523499 89.51751 -5.465223 
1.737379 89.61511 -4.357285 
-5.586675 -2.621896 36.81728 
26.90267 -52.66095 -4.416278 
28.82707 -52.63993 -5.459636 
-21.64654 -20.06955 9.169238 
26.55683 -50.33652 -4.518556 
-41.78571 -49.64244 -4.334473 
33.28661 -4.7717 13.83003 
18.91838 -52.8921 18.15819 
0.9581064 17.80733 -4.319599 
10.1703 -4.47999 14.04453 
-5.476359 19.47574 -4.812121 
-14.45739 -4.575078 14.2109 
-21.31548 56.62654 31.66659 
5.047531 22.98716 -4.591056 
-6.034807 22.73242 -4.812894 
6.46133 26.94597 -3.994911 
-30.44251 0.0398678 22.60916 
19.34186 -14.81997 19.28738 
8.075661 28.4584 -4.667868 
-16.05 -0.3196705 22.40832 
9.106859 46.91726 35.76239 
-6.993977 59.09961 38.20881 
8.639769 32.13675 -5.213506 
-11.27144 -1.405023 15.36617 
-3.861192 6.632041 18.8672 
-11.07511 32.59996 -4.975743 
13.20145 33.73903 -6.367613 
-16.4783 1.116431 22.77567 
31.88636 -52.03415 18.82005 
-19.32884 37.51036 -4.018397 
-38.27356 -1.426301 14.7003 
20.74589 43.02478 -5.804186 
-23.40257 42.95246 -4.971683 
-24.18442 45.17581 -3.781046 
-38.56044 1.019951 15.06956 
-32.01918 1.502774 22.26969 
28.78543 46.09906 -3.901095 
28.48438 47.52936 -5.226546 
-28.07097 47.6131 -4.212209 
26.60672 47.64995 -4.156761 
-9.116348 1.374264 13.83481 
-31.90248 3.110323 22.59685 
-24.56401 -15.81096 9.044593 
6.024364 44.93256 36.59839 
26.08007 49.40211 -4.797434 
-21.22548 59.40676 32.64486 
-3.48363 3.015344 28.30564 
16.91719 -16.62282 8.499927 
49.43663 54.01677 -4.163032 
-48.54486 53.9695 -5.162405 
54.05193 54.64316 -5.5826 
26.31665 3.928187 22.9872 
56.19786 55.48438 -6.155264 
-48.65786 56.67542 -4.716238 
-31.51186 4.604231 22.3795 
-20.14088 61.60898 32.59175 
-48.07007 59.72161 -4.533248 
34.65012 -54.02891 10.97561 
25.58373 61.74333 -4.635959 
10.69314 4.172088 22.97114 
-24.25573 -13.70629 8.894635 
33.6485 62.19885 -3.84472 
57.29666 61.19353 -3.913101 
39.56433 62.7633 -4.925376 
7.932489 3.874391 22.24759 
2.683956 3.726309 14.46998 
-29.83517 64.83038 -5.402237 
-4.842425 5.509243 15.40174 
-42.75314 65.71765 -4.601593 
-11.40138 5.728653 22.99108 
-39.39534 -51.05573 18.75772 
-27.79983 66.77068 -3.539465 
-39.27309 66.25094 -4.638753 
43.16767 66.06564 -4.935822 
0.8983889 5.220998 13.40328 
44.94668 67.24686 -5.154109 
-26.40468 68.31868 -3.391471 
-5.660452 -6.618564 50.97981 
48.07419 68.00587 -4.738867 
27.01377 4.74189 22.52027 
33.08584 5.21661 14.03647 
-37.05723 7.149652 15.22987 
-25.89818 69.14353 -3.836048 
17.70571 70.27132 -4.561284 
-20.51582 71.62152 -5.683838 
-20.13711 73.03351 -4.88586 
15.86278 73.17596 -4.347634 
15.34363 74.22261 -4.680003 
-21.35696 75.16064 -4.816092 
14.11837 74.9318 -5.299872 
16.68955 76.8204 -4.512834 
15.45562 77.3372 -4.951735 
-18.53483 77.9016 -5.244075 
4.58252 6.148599 22.48579 
-13.32338 84.42389 -5.465317 
-9.884808 7.521473 23.35284 
4.840904 9.145544 26.20684 
-8.824856 87.50292 -4.509988 
-7.581571 88.25827 -4.126545 
6.153253 88.26359 -4.581096 
-3.418987 89.87507 -5.126323 
-1.766215 89.85812 -4.78168 
16.93114 66.14975 32.57034 
-51.81202 -53.75983 -4.773376 
-50.44859 -53.70636 -4.671546 
-42.17706 -53.17581 -4.571931 
27.80269 -53.09681 -5.822318 
-49.26842 -52.91294 -5.147246 
-43.30483 -52.32447 -4.403986 
-23.41977 -11.59524 8.688951 
32.67257 -10.72562 8.793859 
-43.76095 -51.8876 -5.061584 
26.09693 -51.73595 -4.144945 
-51.95858 -52.12499 -4.825087 
-51.30668 -50.519 -4.461231 
-23.13198 -49.47045 18.23205 
25.78283 -49.78052 -3.270988 
-49.08335 -53.62026 11.60227 
27.63672 -49.98486 -4.347217 
-38.44307 -49.82486 -4.567208 
-6.70483 7.725875 23.51973 
-39.78612 -48.92164 -4.81358 
26.07214 7.487189 23.21532 
-17.87459 67.09653 33.08551 
-3.650828 15.75825 -4.446376 
-1.536267 15.57263 -4.550409 
33.45148 -9.667916 9.369415 
1.149056 16.68242 -4.283708 
-1.617364 16.55701 -4.877794 
-21.73923 -9.68356 9.314766 
-1.593878 18.19098 -4.651571 
-7.051891 20.68367 -4.372622 
-7.875903 24.02907 -4.931189 
5.944619 25.24915 -4.836079 
-10.65436 29.27689 -4.005495 
-10.71213 30.79264 -4.533537 
33.77748 -8.746831 8.431635 
9.583435 31.25576 -3.652376 
10.14995 31.99401 -3.802138 
-11.98042 32.46814 -4.012763 
12.53385 32.72386 -4.940431 
-13.04013 33.11182 -5.702019 
-13.48611 33.02907 -3.628589 
1.88002 -3.451483 39.06234 
-16.38277 71.04316 32.08297 
-31.07767 11.89603 21.67217 
-18.4746 36.06738 -3.862607 
29.53017 -6.590368 17.6796 
-14.67647 71.16578 32.81629 
20.20095 11.41923 22.4892 
21.70744 46.00864 -4.724316 
-35.33863 6.981683 18.41743 
34.60495 45.58359 -4.409564 
-12.09647 57.64526 36.88774 
-22.37246 23.31859 15.25328 
31.36856 45.76554 -4.571738 
-36.46812 46.57257 -5.034504 
-25.18609 47.12624 -5.295687 
-15.42465 72.201 31.41547 
-26.02514 47.42792 -4.973269 
27.48378 46.7016 -3.675458 
-38.30848 47.23505 -4.690063 
19.08546 12.92398 22.7429 
24.65965 47.68811 -4.495518 
-10.25035 82.4827 27.3927 
45.86832 49.36084 -3.880501 
-8.624339 83.44584 26.18296 
-18.29052 16.34224 25.38486 
-9.278131 45.91659 36.31836 
50.95958 53.01701 -4.952803 
52.12547 55.17615 -4.642928 
-40.16782 -49.11508 18.31099 
55.08403 57.38073 -3.558903 
57.4612 58.73602 -4.701626 
-12.4112 74.25869 33.0141 
31.08681 60.98365 -5.632515 
14.64095 -47.43773 18.99709 
11.27871 -4.136543 8.288072 
24.74786 64.06959 -3.535219 
41.13166 63.59057 -4.664319 
34.64878 -4.715891 9.67614 
-24.62552 14.90496 23.07437 
-3.105197 -6.402037 42.91854 
23.57643 64.80701 -4.078203 
9.668395 75.43987 32.35334 
23.0458 18.03647 9.351888 
19.59991 37.1507 14.22192 
46.25286 67.27655 -4.052588 
-0.812266 47.64066 35.24208 
49.0996 67.21407 -4.558174 
54.72898 68.04452 -4.217098 
8.578044 75.57156 32.4202 
-22.17973 18.02559 22.72767 
18.86731 69.63947 -3.825758 
-20.96679 72.51965 -4.582041 
-21.84748 73.23145 -4.294792 
-21.90411 74.44431 -4.499205 
15.82699 75.89528 -5.122254 
-6.028337 -2.261569 43.97261 
17.92621 75.73684 -4.041446 
-40.75242 -2.90163 8.571618 
-20.28077 77.05132 -3.830218 
-10.59568 75.70944 32.54643 
-16.97746 80.20535 -4.641872 
35.31137 -3.222329 8.175254 
-15.94876 76.0956 28.73641 
-16.53595 79.94337 -3.566667 
12.99746 82.63525 -4.089437 
23.97146 44.4001 13.20595 
-11.5759 85.36568 -4.202859 
-23.69262 -47.14454 17.53459 
-10.43432 85.89584 -3.929819 
-9.402969 77.12897 32.28803 
4.492317 88.36147 -4.617864 
-6.127957 89.3357 -4.963014 
3.62534 89.19975 -4.813672 
-52.18113 -53.3704 -4.401576 
17.55221 20.35575 22.13621 
-38.57066 -53.11547 -2.873537 
16.20425 20.7795 23.41542 
-9.060642 77.51262 32.33379 
-47.05304 -51.47755 -3.685704 
26.00527 -52.23494 -3.326859 
28.66039 -51.55989 -4.073768 
-42.04067 -51.08286 -2.361757 
-48.12085 -49.63152 -3.759105 
-49.5935 -49.11667 -3.812944 
-13.05375 31.44946 28.936 
8.419984 59.58753 38.2247 
-6.791749 10.27064 27.55752 
-4.068271 17.40034 -4.381816 
-4.098298 18.13094 -4.273534 
-5.444615 18.26664 -3.874672 
-28.29027 50.06968 13.7961 
3.809868 21.9699 -4.398957 
4.709697 21.88868 -3.325755 
-7.012043 22.54958 -4.248971 
-7.979592 23.48014 -3.216654 
-8.493756 25.64832 -3.336046 
-8.595205 28.09731 -4.399079 
34.80542 -0.4366646 9.375502 
31.98199 55.49003 14.36713 
-20.82694 38.66679 -4.552129 
2.518904 78.1283 34.03836 
16.16833 29.99288 22.17489 
36.54222 45.71632 -4.711719 
34.88931 0.6118522 9.66552 
16.17845 32.05056 24.27948 
2.035574 47.21251 37.39728 
29.9928 46.3279 -4.610609 
5.18889 46.36514 37.37017 
-36.93592 46.44232 -4.195042 
-34.5588 46.35714 -4.431524 
-31.77363 46.23505 -3.694057 
32.10943 57.57242 14.22486 
40.28962 45.84744 -3.00338 
22.39301 46.84995 -4.410653 
8.271102 -0.2075498 9.824119 
44.4053 48.42352 -4.180735 
31.23855 58.19539 14.63298 
-41.09581 48.04596 -3.606772 
-44.73421 49.12386 -4.157978 
-43.45306 49.16753 -3.909154 
-47.61699 49.91938 -4.304366 
-48.94882 52.49223 -3.736544 
-17.95605 35.58851 22.94881 
-48.93338 54.52003 -3.774577 
-11.20308 2.3542 8.96203 
50.41624 54.30343 -4.160713 
51.54362 56.13196 -3.854734 
35.0839 62.38037 -3.527924 
17.93459 38.22585 22.07434 
-5.919878 -3.942938 54.34217 
18.6324 38.99771 22.8084 
-6.137905 -1.606981 38.75829 
-46.83614 63.85113 -4.144128 
58.2207 64.07674 -4.575398 
41.79444 64.23547 -3.948782 
21.02978 39.40211 22.87544 
-45.77893 65.37227 -4.5734 
-44.73616 65.63176 -4.786354 
44.48521 65.612 -4.339706 
-41.78142 65.46619 -4.137697 
-29.01504 65.69784 14.0021 
-30.65682 65.5953 -3.789053 
45.45718 65.68827 -3.592138 
6.432755 59.83503 38.65411 
-32.77121 65.95087 -3.708193 
25.9856 67.91239 14.85309 
21.70694 67.60033 -4.675786 
-14.91943 28.77636 28.08487 
-27.1079 67.79845 -3.335378 
-40.31298 -45.73774 18.2588 
51.11497 66.9166 -4.145546 
21.09531 68.46523 -2.818551 
-24.35922 69.78941 -5.001537 
17.45358 71.66672 -3.155385 
16.77741 73.25083 -3.831353 
0.6648612 -1.941961 32.83631 
-22.52639 73.65803 -3.556233 
-26.77201 72.06573 14.68684 
18.12842 73.97649 -3.716743 
-22.28412 74.3918 -3.693082 
-22.12524 75.11427 -4.061928 
-12.73789 47.86674 35.71201 
-20.19944 79.75102 17.69727 
-19.00743 78.12433 -3.797361 
-17.47974 78.81403 -4.161335 
19.08394 -12.50794 18.78255 
1.718793 -1.154636 33.49779 
15.07269 80.29623 -3.515388 
23.75605 73.19169 15.21779 
-13.46986 82.9962 -4.054029 
-6.067905 0.6799691 33.70313 
3.292702 1.88069 32.71421 
1.373788 4.614183 8.805535 
-4.366603 88.65139 -4.06677 
-2.470923 89.13084 -3.848905 
-0.4368749 88.90759 -3.94124 
-49.17707 -53.61351 -2.082886 
-25.23064 46.94646 23.23355 
-41.21112 -53.35279 -5.031736 
-22.96553 76.50977 13.95621 
-47.06952 -52.76191 -2.951694 
27.91348 -52.71069 -3.14416 
29.03279 -52.29772 -3.861856 
-22.39819 77.59786 15.08087 
27.8065 -49.72935 -2.930671 
-38.2333 -49.04534 -3.672106 
-39.46959 -48.27541 -3.40463 
2.829045 5.152994 33.26637 
-2.202172 11.43015 -3.450982 
-2.973141 12.81384 -3.670627 
0.06736369 12.76931 -3.565871 
-0.341372 14.29135 -3.451706 
-3.198921 14.38433 -3.515725 
-18.21143 81.24711 14.73581 
0.6333271 15.48884 -4.135029 
-6.275651 15.27853 -3.339124 
-6.371985 16.17404 -3.542839 
-22.95498 -52.62095 19.89176 
-0.1103464 6.062579 9.197361 
-6.042421 18.1116 -3.509669 
16.29185 82.60277 15.0343 
3.839242 18.77879 -4.127459 
-6.908499 19.41487 -3.959793 
4.214996 20.32947 -4.369392 
-3.182802 -4.010566 55.09847 
6.948636 27.84768 -3.397506 
-3.752903 7.831976 32.70564 
-28.51002 56.96119 22.38697 
25.12007 57.06313 22.65192 
-14.9208 85.76176 13.92483 
-0.7471941 6.14918 9.737662 
-12.78763 32.4803 -3.486738 
14.93771 34.42404 -4.575293 
32.50501 7.781918 9.551957 
12.3056 85.34967 14.57421 
20.2362 41.22544 -4.429039 
-22.85678 41.60817 -3.130627 
-38.0629 7.074011 8.412474 
35.29898 44.841 -3.11528 
33.41043 45.83358 -3.935979 
33.83317 44.97522 -2.397791 
-33.99985 46.02826 -3.804701 
-33.30531 45.95093 -4.171749 
31.89899 9.031202 8.669443 
-35.54884 46.1675 -2.947927 
40.51836 46.05037 -3.933023 
-29.65618 46.49446 -3.859903 
41.65229 47.26772 -4.091845 
-39.37224 47.63623 -3.159752 
-42.47209 48.65804 -3.038311 
30.8654 10.12311 8.838564 
-46.28499 49.81453 -4.115786 
-48.17974 51.15258 -3.996398 
-7.407124 11.92185 27.91168 
48.64715 53.46285 -3.703399 
-49.19816 55.92707 -2.769701 
23.94057 67.26311 22.22356 
-26.6052 66.84157 22.94632 
52.98211 56.71987 -3.294244 
-25.07105 68.66885 22.67436 
54.35999 58.30337 -2.682557 
-48.95507 58.53625 -3.105463 
-48.34175 60.23354 -3.252409 
27.57913 61.65231 -4.07594 
-47.82487 62.42689 -3.290469 
-0.696268 26.704 32.59838 
0.1570596 27.98379 32.62637 
37.31435 61.84248 -3.555719 
31.97889 62.50143 -3.803865 
41.5727 63.91338 -2.739686 
-2.137861 29.16936 33.18986 
22.2237 72.42639 22.13258 
42.26057 64.00443 -2.962931 
8.536825 61.96775 37.96305 
21.19733 72.15926 22.85983 
-28.95756 65.57909 -3.579334 
-21.66654 74.42267 22.74024 
-22.53477 -10.81988 9.754809 
-36.63255 66.37581 -3.796202 
52.48667 66.55305 -3.032576 
-7.987855 60.68841 38.60912 
-0.9221436 29.57547 32.33515 
-1.337357 90.04841 14.75239 
-44.84664 -53.48555 14.35929 
-21.82664 71.78906 -3.921144 
28.22434 13.44266 7.627485 
0.6980615 47.44838 35.23762 
2.025 29.20649 33.07896 
16.62773 77.54584 -3.784332 
16.67438 77.50861 -2.984762 
16.12249 78.94617 -3.160084 
-19.2544 77.66027 23.45949 
-44.18359 -52.95572 15.24851 
-14.84433 81.51886 -3.562283 
13.69497 81.17145 -4.225719 
12.72933 82.44136 -3.051888 
3.317282 30.89554 33.24207 
1.31339 47.72725 35.87627 
-14.09377 82.67981 -3.621693 
2.900924 28.77872 32.78688 
24.29114 -52.02726 26.60412 
18.60743 77.96552 22.40025 
9.250877 84.94352 -3.3256 
10.81784 84.06373 -3.128999 
-11.92449 86.00428 -2.916222 
8.595194 85.94778 -3.032502 
5.229638 87.41756 -2.997139 
1.86537 29.93942 32.64969 
3.73405 87.95528 -3.676176 
2.370641 88.6983 -3.264694 
-5.949099 88.80634 -3.861768 
-3.769612 88.80447 -2.021208 
0.4863322 88.6964 -3.498537 
35.94244 -54.18538 -2.899475 
35.67015 -53.50697 -3.221127 
12.5001 -51.74492 26.06181 
-42.93195 -51.62781 -2.915302 
29.06513 -51.84447 -3.319378 
-15.30322 80.59014 23.53023 
13.97951 81.49905 21.99447 
-25.87886 -53.23276 15.75844 
5.665379 31.74156 32.80529 
24.84146 -50.93128 26.40676 
26.13829 -49.16105 -2.824609 
-40.6264 -48.68964 -3.807832 
-16.18987 84.13882 16.37923 
-36.34491 -7.959523 -3.17205 
-38.11367 -8.302977 -3.102757 
-36.42946 -7.081304 -3.064476 
-25.19137 -51.54955 15.2187 
-10.20938 10.33492 27.22294 
-0.2354292 10.90931 -2.821597 
-4.303046 12.18616 -3.395644 
0.2716604 11.87806 -3.294295 
-4.30737 13.92837 -3.240577 
0.9024251 14.06349 -3.070678 
3.540357 31.96843 33.18 
3.201281 15.50031 -3.173822 
-45.09247 -52.10147 14.72853 
-7.303902 16.88173 -2.20856 
16.28654 40.03751 28.97924 
-9.818463 14.85399 27.927 
3.13044 17.31965 -3.184057 
-7.692362 21.706 -2.667719 
-46.30064 -50.71382 14.54717 
5.925845 23.31923 -2.820731 
16.75536 -50.72045 14.69749 
21.91228 18.83866 8.725401 
35.87025 -50.82911 15.01476 
6.855274 26.85622 -2.672388 
-10.8246 47.12992 36.74938 
12.0613 18.85796 25.48508 
13.29962 20.18786 24.73597 
-25.42317 45.83117 -2.910035 
36.95884 45.41511 -3.565109 
32.03345 45.43314 -3.185482 
-3.452384 86.793 23.3129 
-30.58746 45.92328 -2.231306 
23.88381 46.18513 -3.003942 
-37.81868 46.51667 -2.65435 
25.77985 46.94044 -3.269209 
-27.52635 47.39482 -3.617878 
-31.44895 -53.53694 23.58275 
-48.71281 54.07975 -2.218932 
48.83131 55.28147 -2.818304 
-43.46425 -47.56508 15.2782 
50.2982 55.71476 -3.045619 
34.30726 -47.68349 15.44931 
-20.47808 24.17544 8.028817 
17.23329 23.8455 7.591854 
12.65101 84.66599 17.50022 
-10.25167 16.78792 28.55634 
-3.1714 34.19727 32.8644 
12.51639 20.2437 25.26657 
17.72787 24.2587 10.05975 
-34.52024 -53.25176 22.69208 
-46.29633 64.24648 -3.381078 
-46.47313 63.46816 -2.649315 
42.94822 64.60835 -3.483201 
-44.82233 64.56039 -3.280258 
-23.77267 -40.22538 18.21573 
-24.34431 -45.44867 15.77688 
-7.63306 33.77927 33.10015 
48.63307 65.86406 -3.449089 
30.9995 -45.17867 14.85708 
-38.56301 65.74718 -3.461578 
47.76925 66.57591 -3.526848 
-34.7891 -52.98527 22.84101 
-23.62879 -53.11385 22.44453 
-34.55849 66.24205 -3.654934 
-3.65085 -7.021062 49.97784 
-28.45241 66.23841 -2.65028 
56.53836 66.46204 -3.180834 
-21.00681 25.84633 9.737406 
-10.12448 34.68721 32.36264 
16.77793 25.97999 8.775208 
-23.35395 70.97216 -2.969311 
-22.88658 73.33784 -3.362929 
19.74102 72.54458 -2.708256 
-1.82257 48.1935 36.44256 
27.52036 -43.75995 14.02518 
-24.05229 73.53207 -3.155073 
-22.99849 74.5002 -2.704613 
-40.41451 -43.30165 16.11398 
18.3421 76.37332 -2.655518 
-20.25315 28.00249 9.890339 
-20.88341 76.43131 -2.939604 
-18.95179 77.75983 -2.688736 
-17.35058 78.90354 -3.259386 
5.133673 48.65506 37.12795 
-16.64297 80.50529 -2.312732 
-20.26749 30.57276 9.2237 
-15.08534 81.03846 -2.78896 
-0.4027059 48.26437 35.1631 
-35.00052 -50.05969 23.31445 
6.970329 86.83264 -2.981389 
16.77211 30.35 9.20708 
-2.76203 88.81985 -3.602869 
-0.8452744 88.98547 -3.380093 
37.27525 -53.5036 -2.263611 
-51.60077 -53.02796 -3.28896 
-46.93201 -53.18764 -1.675253 
36.75489 -52.88126 -2.991463 
-38.25704 -51.93229 -4.492444 
-33.90267 -48.42383 23.88066 
-46.05003 -51.53463 -2.709598 
28.15233 -50.23794 -2.505801 
-51.03372 -50.17139 -3.330596 
17.8616 32.39671 9.946704 
-40.94818 -49.36475 -1.719783 
27.38549 -49.37559 -2.668544 
-3.510595 35.72132 32.80738 
-48.41991 -48.20957 -2.541369 
-37.7473 -12.55582 -2.480846 
-11.29842 18.01626 28.20853 
-39.56559 -11.4889 -2.542088 
-37.85213 -10.58287 -2.921295 
-40.30536 -9.79884 -2.554458 
7.821946 35.92558 32.31435 
-39.06497 -8.583692 -2.822871 
17.75442 33.34538 10.32524 
-37.20019 -6.402727 -2.518917 
-23.26598 -40.17516 15.08317 
26.66224 -40.0922 14.51887 
25.92029 -4.214044 -2.746336 
28.0492 -38.73351 14.49832 
28.3505 -3.043722 -2.378738 
-30.80611 -1.902786 -2.786942 
-40.05304 -37.6057 15.13467 
26.61509 -2.678801 -2.726398 
0.06588008 48.60636 35.65823 
-22.52173 -37.16273 14.89505 
6.226253 63.82254 38.35571 
1.550984 11.01524 -2.098357 
16.07284 -37.8888 14.76137 
-5.99194 12.51439 -2.62864 
-38.06734 -39.17789 18.81307 
-5.537192 14.35244 -2.932955 
-40.00167 -36.39644 14.98532 
14.95174 -44.0314 22.64206 
-29.30507 -44.14623 23.20267 
4.439837 18.27968 -2.55757 
5.146429 20.1931 -2.607964 
-4.549767 37.55816 33.02695 
-5.545381 -4.16853 44.43253 
-2.52273 36.77795 32.71371 
-9.352743 28.294 -3.302496 
21.21819 39.51376 9.371293 
8.891988 28.55806 -2.909783 
-12.19118 29.49265 -2.672151 
12.07206 32.19767 -2.700729 
13.98105 33.02476 -3.350571 
-15.381 33.9905 -2.800185 
-17.47482 35.60127 -1.977483 
-18.89551 36.27473 -2.975999 
2.782778 -0.4418265 37.78839 
-20.59717 38.32438 -2.732804 
-1.85658 53.36301 39.11399 
21.91352 43.19165 -2.36139 
-23.96469 44.0992 -2.599872 
-24.66687 40.64322 7.543137 
22.24724 45.70993 -3.322642 
30.75886 -32.22834 15.20798 
30.5206 45.69339 -2.61573 
-41.15193 -30.38303 14.81763 
42.32291 47.52203 -3.190009 
-16.68363 21.54894 24.9505 
-42.10458 48.71861 -1.69384 
-43.81029 49.965 -2.543869 
-45.51559 50.48795 -2.859263 
-48.19061 51.77093 -2.831948 
-48.54883 52.5481 -2.467837 
-0.08809306 49.05114 37.30593 
-31.832 -38.78438 23.0984 
51.03716 57.50097 -2.978337 
-29.59222 -38.37513 23.37629 
-32.1087 -38.03446 23.37343 
14.60707 -50.21424 18.46622 
-21.83966 -29.21257 15.29916 
-47.23706 63.0151 -2.645997 
-0.2580693 38.90857 33.36897 
27.92604 63.3219 -1.891391 
-45.87146 62.71329 -1.873106 
-34.33443 -37.81228 22.81034 
43.62237 63.67757 -2.709999 
24.57225 64.66867 -3.138852 
49.24294 63.53236 -2.306426 
-43.48612 65.29772 -3.37621 
47.11626 64.88859 -2.746883 
49.874 64.94035 -2.765318 
33.02178 -26.20489 15.06826 
1.382059 39.83607 33.64876 
23.94118 65.67715 -2.41578 
-37.64345 66.1829 -1.931064 
-36.90198 66.11422 -2.808468 
26.45748 45.67084 8.977135 
54.72117 66.18136 -2.575735 
-5.886504 0.4779789 37.47141 
22.63638 67.80254 -1.262648 
19.11263 69.17959 -2.277215 
18.51392 69.8619 -2.558377 
-23.99096 70.84705 -2.828798 
-25.68188 72.3098 -2.29141 
-24.94235 73.47094 -2.391126 
-23.72231 74.55688 -2.265435 
-31.45308 -36.07795 22.88324 
19.11004 74.86151 -2.931562 
-22.38021 74.67408 -2.42297 
27.44855 45.03897 6.866119 
-19.81187 76.48917 -2.101791 
-32.77743 -36.68542 23.09807 
-32.83986 -35.11676 23.16925 
13.43804 80.67123 -2.676065 
-14.60864 82.88617 -2.746591 
13.49185 81.07079 -2.344959 
12.06169 83.20559 -2.550784 
-12.72319 86.49013 16.75127 
-8.391382 88.61964 -2.981118 
2.367241 88.64456 -2.942875 
-1.263479 89.63348 -2.554873 
40.59647 -53.36235 7.260587 
-51.4719 -53.54384 -3.685849 
13.64356 -22.1907 15.34969 
-37.86506 -52.62106 -3.117747 
34.45188 -52.2596 -2.470235 
25.27407 -51.85855 -2.683285 
34.63862 -51.68134 -2.454812 
-51.18472 -51.91094 -2.422325 
-36.23918 -50.80571 -1.820963 
-36.31828 -49.96844 -1.687325 
-47.00973 -48.99053 -2.754405 
25.46716 -42.42186 26.9475 
-40.08902 -48.55573 -2.164131 
-29.86547 -34.58533 23.0381 
-35.42146 -11.71273 -2.008846 
-34.68682 -33.88524 22.57267 
12.90525 22.96724 26.6243 
-36.29486 -11.32081 -2.349998 
-36.39106 -9.524933 -3.050138 
-41.34811 -17.75377 14.19989 
-40.46191 -6.465353 -1.624779 
27.06116 -6.834617 -2.630517 
15.40726 24.09818 23.91839 
-39.00168 -6.811253 -2.509614 
-34.7228 -6.407298 -1.971233 
23.99406 -6.485405 -2.155853 
-33.03675 -6.209842 -2.371588 
26.18901 -5.350521 -2.472239 
28.63552 -4.838655 -2.104481 
-34.20466 -32.35385 22.96226 
23.07069 -5.347746 -2.423505 
24.40201 -4.505946 -2.510215 
4.406665 40.05766 33.16499 
-31.12182 -5.1394 -2.341632 
-35.61648 -2.745398 -2.162226 
-31.90037 -2.944334 -2.483816 
-30.38615 -3.806881 -2.136559 
-28.62747 -3.863144 -2.345395 
22.18218 -3.051885 -2.570492 
9.721111 48.45703 35.27334 
-32.38861 -3.654955 -2.688536 
-34.4432 -3.991707 -2.426493 
-29.52251 -2.807378 -2.404703 
-32.24842 -33.03828 23.01894 
21.42205 -1.888688 -2.268945 
24.74657 -2.404787 -2.724332 
-34.58323 -2.094987 -2.085059 
-30.12382 -0.5666285 -2.512939 
10.2849 47.72728 34.97234 
-27.88368 -3.013694 -2.232158 
-27.13877 -0.8185484 -2.237899 
21.59712 67.43168 26.62047 
31.31761 -32.22605 22.68989 
27.81395 -1.256169 -2.212215 
-34.08552 -0.5559835 -2.593647 
25.03463 -0.9314577 -2.499213 
-32.54271 -0.9946473 -2.486607 
-29.90399 -33.06116 23.23016 
-31.64412 0.3245773 -2.156615 
-33.17887 1.422409 -2.149873 
-24.88274 0.6005272 -2.17275 
-29.20218 0.521265 -2.657385 
22.40207 -0.119926 -2.445089 
25.24773 0.6206307 -2.563627 
-32.07927 2.00879 -2.354338 
-30.87985 1.371483 -2.267467 
-30.91076 3.183666 -2.09058 
-13.32285 40.43168 32.33017 
23.74679 1.804635 -2.473804 
-32.00376 -31.56126 23.11548 
-27.43907 2.623796 -2.383775 
-29.72847 -31.55141 22.82764 
-26.03188 4.118992 -2.145492 
-2.654842 10.26602 -1.993305 
9.929159 49.96982 35.82347 
-4.642837 11.01534 -2.500298 
2.365094 13.46932 -2.139217 
-5.892175 13.85587 -2.445317 
-36.05622 51.27213 9.082934 
3.102485 14.6454 -2.822978 
4.105012 15.89749 -1.912856 
-7.555183 19.25673 -2.373219 
5.261084 18.69956 -2.033844 
5.663719 40.92704 32.78133 
-23.70567 -35.08651 18.61962 
-35.94272 -13.13441 15.76109 
-11.23142 24.5326 -1.8922 
-10.11741 26.15443 -2.530531 
9.87899 28.54049 -2.043321 
-34.15063 -28.79846 22.92415 
11.39861 31.68652 -2.630636 
12.60116 32.12069 -1.61853 
2.354544 -0.04238085 39.49879 
-25.56559 -12.88756 14.15155 
-30.83097 -29.42946 23.00749 
38.73241 53.36744 9.082296 
-25.38294 -11.51203 15.37231 
-20.51125 37.2121 -2.320738 
-22.03986 40.47273 -2.867496 
-24.34445 -11.07597 15.19921 
-23.91613 42.3315 -1.947696 
-24.31536 43.78133 -1.765044 
-23.01839 -11.32095 14.30291 
14.30234 -10.53004 15.08033 
32.53149 44.5875 -1.829356 
38.98416 45.43158 -1.702792 
-34.5121 45.71011 -2.615731 
-32.70321 46.22805 -2.630603 
41.50608 45.8404 -2.028554 
25.57777 46.15895 -1.726227 
-27.37283 46.49153 -1.816075 
13.53182 -9.379978 14.14144 
29.75789 -9.633159 15.39986 
-32.63272 -30.19593 23.0102 
-43.21375 49.61568 -1.615265 
-38.53121 55.04258 8.915411 
-46.82231 51.44242 -2.914113 
-48.76072 55.41833 -1.72152 
-4.187865 -4.762806 55.8462 
49.15512 57.49979 -2.255574 
-11.76665 51.22021 36.68713 
-16.37282 44.40485 32.62706 
50.96292 59.18157 -2.378927 
53.8187 60.51614 -1.798532 
-22.62919 -34.34591 17.47182 
-31.76345 -26.89033 22.94462 
37.91335 62.08966 -1.968321 
-30.57965 -28.14125 23.16479 
-19.43667 -8.109096 15.49855 
17.21063 -40.40322 28.43766 
30.43665 62.78945 -2.724263 
34.47464 62.72178 -2.045437 
47.75457 63.01077 -2.211703 
48.17678 64.14186 -2.863436 
27.09764 -39.0426 27.46727 
39.76216 57.376 8.260601 
30.65498 -8.555387 15.28643 
31.37384 -6.986205 15.99645 
51.60274 65.60328 -2.499335 
-16.94603 45.84673 33.31246 
-42.35052 65.10202 -3.01415 
10.01857 19.43265 28.05832 
52.03192 64.86091 -1.854406 
-39.4004 65.64655 -2.261887 
-31.07135 66.0236 -0.6620929 
24.55874 65.33413 -2.097052 
-37.68496 58.05276 8.96365 
-33.73571 66.43746 -2.639551 
13.03018 45.55418 33.09274 
23.15678 66.47754 -3.264276 
-16.88317 -6.170383 15.35937 
14.62025 -26.88236 23.434 
28.51212 -34.94955 26.17082 
31.83205 -5.006135 15.75874 
-24.793 70.66842 -2.207829 
18.26784 71.48032 -2.474944 
20.48208 72.34612 -2.17695 
-21.41629 75.13556 -2.217142 
31.27572 -26.1432 23.62246 
-28.09599 -16.54042 18.75932 
-33.18717 -25.05733 22.75574 
14.04206 79.69791 -2.239747 
17.91736 -37.03744 28.93104 
15.18432 -40.21377 25.41839 
10.11412 84.76623 -1.469648 
10.44605 84.30389 -2.014935 
-37.96547 -4.696086 14.23486 
-9.891809 87.617 -2.904154 
-14.54139 -4.747472 15.28771 
-5.536013 89.32448 -2.609831 
-7.238132 88.58572 17.54976 
26.41141 -40.6194 26.18316 
30.67123 -24.92347 23.88085 
-50.9797 -52.87766 -1.891262 
33.7931 -53.33238 -1.438128 
15.57833 -24.89852 23.7295 
-13.79875 -3.303777 15.1881 
-44.42575 -51.84839 -0.8105776 
24.81739 -51.43991 -2.376721 
-12.28033 50.77122 36.34251 
35.37048 -50.46337 -1.604265 
36.36164 -51.95431 -2.768795 
-19.66939 -9.48732 10.29965 
-50.50675 -49.91379 -1.904432 
27.80574 -49.8773 -1.939449 
9.897009 21.17539 28.54785 
24.74851 -49.06193 -1.442549 
37.06219 60.92049 9.094489 
-49.81777 -48.84545 -2.979361 
-37.76201 -47.76613 -1.250199 
16.92308 -21.38321 23.16182 
17.27334 -10.188 18.7474 
9.154914 -2.220553 14.95983 
-12.98588 21.65959 28.22702 
-38.14096 -13.7843 -1.718431 
28.83035 -13.64783 -1.723929 
33.35065 -2.679933 14.74929 
35.4278 62.1052 9.205667 
-34.79636 -10.32612 -1.918169 
-19.23405 52.07874 32.98992 
25.78854 -10.01922 -1.495123 
-33.21527 62.60822 8.232681 
19.01157 -18.72996 22.92349 
-40.99354 -7.912158 -1.802623 
-34.33785 -7.720085 -2.085616 
27.67567 -8.17198 -2.365478 
8.081196 -0.1887087 15.27836 
8.682845 81.13799 28.24714 
33.02641 -1.148791 15.17993 
-20.65922 52.60822 32.40122 
20.48478 -19.08003 23.49673 
32.58597 -32.18906 19.2392 
-31.32756 -6.990526 -2.144653 
-29.02064 -6.197923 -2.083168 
28.87945 -6.021365 -2.29963 
-38.95149 -5.057966 -1.629656 
26.58079 -18.52977 23.39712 
-35.33125 -4.860034 -1.645094 
-28.68141 -5.169343 -2.002032 
-26.32339 -4.595256 -1.703856 
28.29825 -3.71299 -2.387439 
23.58849 -17.91298 23.44107 
-25.50827 -3.54633 -1.464794 
19.62179 -4.006345 -1.842935 
18.96722 -2.816227 -1.519881 
-4.220207 88.86363 17.91421 
29.43704 -3.15308 -1.581611 
-26.98872 -2.551049 -1.961359 
18.19231 -0.9354268 -1.67391 
-21.19174 55.07425 32.49021 
-28.95191 64.51285 8.017419 
20.78624 -0.2139034 -2.410623 
27.20978 -0.03154331 -1.808688 
-25.62839 -0.3900664 -2.005201 
-28.1335 1.42108 -2.311065 
19.76321 1.62753 -1.854755 
-25.64629 2.021845 -2.069565 
21.40485 2.277529 -1.872004 
-23.52378 2.009863 -1.980172 
-37.8751 2.9518 15.45305 
-40.39071 -31.67928 18.29395 
20.9382 3.411104 -1.901557 
23.187 2.942286 -2.025438 
-29.3086 2.413884 -2.101094 
25.23148 3.600441 -1.561469 
-32.58982 5.310546 -1.111923 
-24.7865 -3.308574 22.76434 
22.76288 4.016508 -2.099868 
32.38929 -30.94888 18.64801 
-27.22733 4.959618 -1.805926 
-3.228492 89.1047 17.49174 
-4.790874 1.893284 39.07806 
25.66111 -37.19404 28.9541 
11.16509 51.44863 36.08392 
15.43475 26.97588 24.82936 
-5.943157 11.22784 -2.273662 
26.44969 -10.55317 18.59422 
-27.6098 -2.623268 22.57513 
-38.05333 4.485108 14.35268 
-13.77549 23.22736 28.4607 
4.280609 15.39318 -1.59202 
-8.649764 16.42837 -1.425709 
4.15922 17.3068 -1.897459 
-7.085974 18.1181 -2.263654 
-19.92295 -1.462567 23.58563 
6.025065 19.68562 -1.981446 
8.381247 21.11551 -1.610284 
-21.18452 58.23596 32.55838 
5.952147 21.39602 -1.906087 
-3.151183 6.808287 14.51745 
-10.93099 21.78022 -1.799484 
-17.28567 51.46204 34.92985 
7.27958 24.19509 -1.899963 
-9.127463 22.66103 -2.010659 
13.4649 -8.338304 9.644772 
26.40843 68.17593 9.407159 
-11.4355 28.99217 -2.785238 
28.66952 -33.20392 26.34162 
10.72642 30.76111 -2.4513 
-12.70346 30.80996 -2.645556 
-15.39401 32.07046 -0.7415456 
-16.99601 27.98603 26.1844 
-36.58375 8.907842 14.39497 
13.94345 32.98972 -1.217623 
-36.1695 10.45003 14.70435 
19.24177 38.68302 -1.950868 
23.17069 73.17794 9.262003 
14.41999 28.18678 26.17336 
21.00949 40.94602 -0.8715061 
-19.93057 58.61675 32.95563 
24.0306 -2.160623 22.80222 
30.7554 44.95378 -1.341815 
9.913644 80.71519 28.85866 
37.54618 45.49682 -1.445403 
-28.83553 46.51097 -2.115596 
-27.49217 0.07124127 23.79309 
11.84806 24.11568 28.26732 
42.17953 47.19222 -2.45408 
-23.81798 -29.03707 19.23993 
14.66386 -0.9770285 22.80714 
29.32164 12.898 15.3306 
-6.676863 66.10732 38.24 
-47.23066 52.95784 -1.996305 
-28.55603 0.4416847 23.28333 
-32.42735 15.47273 13.06746 
-19.69353 61.72409 32.82595 
48.32474 56.35643 -1.781233 
-17.25346 -0.4838833 22.80231 
-48.89367 58.80996 -2.01903 
53.06212 58.31726 -2.259787 
25.18699 0.3260793 23.18806 
51.77614 60.69293 -1.494747 
27.69238 -32.40343 26.77074 
24.32682 15.65616 15.62921 
-47.41472 62.04064 -1.911987 
-25.84481 -53.73996 19.38971 
49.37904 61.61485 -1.567187 
23.80205 17.00146 14.76008 
36.13773 62.50509 -1.816363 
40.79206 63.2055 -2.127571 
14.9865 0.7932509 23.40553 
56.05788 64.29283 -2.597191 
32.50283 63.16007 -2.455312 
42.38072 63.72132 -1.500547 
45.13067 64.38582 -2.325354 
50.4702 63.58012 -1.413557 
-42.74215 64.48333 -2.3302 
55.03577 65.05049 -2.119792 
-32.82866 66.31093 -1.60496 
-29.13287 65.97984 -2.480537 
23.76579 66.72193 -1.12183 
-26.2004 68.94202 -1.593823 
31.94702 -47.87832 17.90823 
-26.03802 20.22456 14.11256 
-15.29208 0.9645193 22.45774 
14.28661 1.933122 23.87017 
19.31746 75.21194 -1.958219 
-20.65015 75.74088 -1.635186 
-19.03273 78.28022 -1.417605 
9.216684 52.84673 37.26215 
15.36863 78.85844 -1.943969 
9.513767 85.99645 -1.8575 
18.67898 24.84568 13.66108 
8.200089 86.94479 -1.984411 
-22.15234 24.15403 14.61857 
3.85218 87.98853 -2.432088 
-2.670311 89.56329 -2.152231 
0.3669522 89.61694 -2.329783 
-50.2732 -53.06646 -1.217958 
36.81359 -52.28762 -2.062161 
-41.45289 -53.29144 -2.653727 
33.16831 -52.35453 -1.469558 
18.10543 28.19355 14.72128 
34.70689 -53.18509 16.94986 
31.76974 -51.01685 -0.3214127 
19.04433 29.82452 14.46297 
-23.43765 -47.21515 19.44805 
-45.71492 -49.04869 -1.748877 
15.31352 81.49131 9.068802 
-20.59897 30.58812 13.5631 
-36.44742 -49.12152 -1.453472 
27.38142 -49.29554 -0.7431622 
-45.30844 -52.74935 10.09103 
-17.01656 69.66338 32.48941 
24.96106 -48.14956 -0.334715 
-41.10413 -53.14835 16.96648 
29.60929 -16.53641 -1.340255 
-19.91893 34.17948 15.3338 
30.58607 -14.26969 -1.787139 
18.49655 35.05836 15.07659 
-0.9960875 4.62526 23.72839 
-39.57655 -13.44572 -1.636517 
-20.41302 35.65928 14.56378 
-16.20941 83.67778 7.545839 
30.40512 -12.21512 -1.356915 
16.59928 -29.98582 26.70203 
25.98612 -11.20719 -1.395163 
27.1331 -9.779842 -1.405121 
21.20245 39.67981 14.93115 
27.99523 -9.47609 -1.586232 
-33.32028 -10.49571 -1.351795 
24.81978 -8.913496 -2.121023 
-30.11015 -8.781678 -1.142697 
-32.13473 -7.781834 -1.808718 
29.01059 -8.899967 -1.427601 
21.69471 -7.331309 -1.457533 
-24.79245 41.82848 15.07646 
-26.76691 -6.220071 -1.028515 
20.60341 -5.992407 -1.741841 
-35.72442 -5.213313 -1.625877 
-27.0089 43.30799 15.72262 
-12.75594 71.20701 33.47818 
-37.19519 -4.129002 -1.019944 
-37.30622 -2.816367 -0.8881273 
-24.20443 -2.907433 -1.457808 
26.59838 6.079068 22.43421 
21.03783 68.44682 26.84744 
-23.30443 -1.992735 -1.15641 
-38.25819 -52.96989 16.25802 
28.93161 -1.372142 -1.461511 
-22.89747 -0.8818489 -1.443038 
17.44719 1.007508 -1.227362 
12.18804 -26.61838 17.97209 
28.33072 2.282177 -0.7577869 
10.71244 86.68641 8.142473 
-34.7083 1.850864 -1.450269 
26.39427 2.601265 -1.713868 
-33.46495 2.942125 -1.823464 
-22.28523 3.008546 -1.478683 
-33.21779 4.368181 -0.9557826 
-9.460017 81.46259 28.42104 
19.42646 3.244567 -1.959311 
-4.775678 -1.138523 50.1416 
-23.88766 4.235532 -1.49364 
12.19115 73.44137 32.91282 
-28.64758 5.684588 -1.748156 
-26.10114 5.86131 -1.399531 
-24.95009 5.020678 -1.71118 
-30.20172 9.384445 23.56481 
19.56421 5.662007 -1.359892 
-27.48032 6.863325 -1.233531 
21.67664 6.23279 -1.545133 
-24.76011 7.703228 -1.294626 
-24.00115 6.130311 -1.813235 
-26.17995 7.798096 -1.441242 
16.61513 -28.40106 25.99547 
-3.332907 8.478177 -1.426094 
-2.313346 9.070659 -1.731073 
23.91615 9.920663 23.41426 
-4.880214 10.11568 -1.110655 
1.618555 10.20815 -1.153976 
-30.12791 11.33489 22.60341 
2.327929 12.05247 -2.035903 
30.91383 51.79605 14.65811 
-6.912443 12.51709 -1.111553 
-6.554367 14.2917 -1.743559 
-28.94142 53.24885 14.59581 
27.55465 -28.78146 26.93076 
-8.117093 14.34688 -0.9468758 
4.006532 14.23325 -1.226682 
-7.223534 15.56524 -2.069672 
5.116414 15.72968 -1.38386 
5.493824 17.29235 -1.469609 
30.9873 55.72806 14.9927 
-8.819077 18.10221 -1.427613 
7.436027 17.22791 -1.388701 
9.353024 18.58257 -1.252144 
9.364783 20.61872 -1.102699 
-29.63263 12.25047 22.87922 
-12.08737 23.57699 -1.5839 
8.390061 25.73195 -0.7603546 
-11.14664 26.53223 -1.583851 
-11.24891 28.17457 -1.880304 
7.457962 77.03045 33.01387 
-14.31798 29.70963 -0.485905 
-8.562724 76.10006 33.28158 
13.46417 31.23239 0.3298471 
-15.02935 32.85836 -2.241413 
-16.36535 34.70047 -2.350164 
-25.38335 13.82109 23.5997 
-19.4402 35.31747 -1.389721 
-1.907159 -1.680196 51.18978 
-20.49375 35.80656 -1.063669 
18.93019 15.49666 22.49692 
-38.91291 -46.38018 19.54059 
29.3557 58.56401 14.83183 
-30.4129 59.42596 16.33598 
22.53004 44.87254 -1.509114 
28.72945 62.53095 14.00626 
29.48322 44.88885 -1.051113 
36.05812 44.99181 -1.040407 
23.61122 45.27376 -1.460179 
29.07709 45.50035 -1.945306 
-35.0461 45.73643 -0.7322026 
-27.57076 46.37699 -0.5594816 
-40.32789 48.1719 -1.67773 
-30.52003 62.47076 14.5624 
47.10433 51.35973 -2.79561 
35.19578 -53.77727 9.385514 
18.2323 -26.63082 26.6069 
-47.47077 55.30853 -1.256613 
-48.50589 58.13086 -1.377539 
47.99709 57.66418 -1.345985 
48.93753 59.38174 -1.675062 
-48.10127 60.2084 -1.727933 
47.72009 60.0798 -1.357119 
50.06831 60.47364 -1.61027 
-46.42503 61.13021 -1.289292 
47.268 61.37362 -1.665964 
49.31984 60.60207 -1.458216 
48.32299 61.83369 -1.479189 
50.42885 62.40917 -1.239347 
-16.97407 -6.64072 10.38345 
-44.29163 63.44469 -1.842086 
27.7756 -26.29484 26.70749 
-47.56977 -53.44584 9.915444 
44.49865 62.84253 -1.368563 
46.7934 63.64697 -1.932765 
51.35746 63.35735 -1.270289 
52.91191 63.73759 -1.501444 
4.714977 78.63233 33.08009 
-41.54619 64.69968 -1.163372 
26.26132 64.31993 -2.603538 
9.86365 54.08346 36.86268 
-36.06316 66.19517 -0.9494526 
15.83127 21.31401 23.42939 
20.7624 -53.52366 8.058334 
12.76018 52.88973 35.42589 
-25.6439 69.73383 -1.686813 
19.01984 70.85113 -1.888639 
-26.21955 70.854 -1.141576 
-26.25271 72.46494 -1.128544 
20.48335 73.7304 -1.40327 
14.34093 22.36358 23.65602 
18.63378 75.74946 -1.556314 
16.30217 77.18071 -1.820562 
11.0645 53.37963 36.46833 
-24.41884 75.61198 15.08609 
13.65993 81.99361 -1.528118 
12.95435 82.88209 -1.47325 
19.7778 -25.0996 26.33334 
11.56909 83.94254 -1.703711 
3.574152 66.59531 38.2603 
2.719756 89.19341 -1.982773 
-3.00487 -7.737848 51.69421 
-49.8662 -53.10865 9.24966 
-7.858966 88.98988 -0.4773498 
34.44706 -53.87857 1.184104 
36.44439 -53.98915 -1.214246 
-48.03812 -53.62756 -0.3066553 
-42.15786 -52.60011 -1.907233 
-36.01404 -52.15029 -0.7882589 
-30.01785 -53.07523 9.447889 
20.80481 77.41816 14.9273 
-34.6069 -51.56647 -0.6364822 
24.17664 -50.78798 -1.542782 
16.44146 -53.27505 17.87048 
34.03733 -50.45516 -1.571786 
-41.53969 -50.40295 -0.9553145 
-35.69798 -50.70919 -1.28165 
34.61888 -49.06169 -0.05909493 
35.9392 -50.26233 -0.7960508 
-35.45228 -48.67667 -1.273994 
-19.24968 28.36983 22.53609 
26.32078 -48.37441 -0.7901182 
17.2951 80.35023 14.94147 
-46.3168 -47.61863 -1.167768 
-47.45651 -47.45981 -1.240668 
-38.72801 -47.62207 -1.237097 
-37.2854 -46.62465 -0.5423573 
16.66787 81.96239 15.21137 
15.65707 29.77347 23.20317 
-49.86634 -52.59869 9.896751 
28.32283 -15.50215 -1.177551 
-34.33451 -12.67643 -1.171314 
31.35848 -11.52107 -1.018085 
-2.57566 -1.965214 32.67393 
-8.646832 81.90075 28.48725 
-42.59375 -52.78617 7.867401 
20.82397 -24.57879 26.66217 
23.70547 -11.92405 -0.8936487 
27.7464 -11.0783 -0.7724563 
-15.02655 84.75204 14.90061 
28.4814 -12.14196 -0.8764912 
-37.62228 -52.7673 10.73464 
30.68906 -10.24472 -0.3332176 
16.2463 34.02628 23.45626 
-41.48759 -10.02652 -1.425198 
22.39402 -9.196873 -1.4841 
10.77675 85.49876 14.59523 
-29.46885 -7.891854 -1.616426 
-27.95987 -8.128357 -1.066931 
-50.05435 -51.60183 9.772609 
20.93986 -9.410274 -0.6643177 
30.0405 -9.479946 -0.2474455 
22.40351 -24.11584 26.59785 
16.76095 36.38203 22.79445 
2.969115 0.45655 32.65965 
-19.1388 37.90395 22.42722 
31.29802 -5.363226 -0.7472337 
29.84219 -4.619571 -1.195265 
18.38742 -4.669085 -0.8481742 
-3.583875 -9.53841 57.37243 
30.83789 -4.181086 -0.6487316 
26.37381 -24.23462 26.70035 
-11.61674 86.45619 15.20048 
-38.37294 -4.087776 -0.4355582 
7.610909 87.02426 15.66024 
-41.04149 -21.56803 17.90045 
-23.33975 -3.639844 -0.6775029 
17.79883 -2.591828 -0.9318523 
30.81323 -3.052377 -0.8697724 
9.858375 55.65671 36.9564 
16.07582 -1.976578 -0.7289664 
-36.20045 -1.153169 -1.569343 
-36.14675 0.1758276 -1.580976 
22.02821 40.17712 22.22111 
17.25911 -53.31097 15.90351 
7.376709 88.1154 14.21008 
-36.5593 1.054279 -0.7356128 
-21.75953 1.283494 -1.281022 
21.72133 41.1292 22.47795 
4.940861 88.71391 14.63808 
-7.847562 89.03664 14.96838 
-3.26128 2.646875 39.20443 
16.50712 3.999647 -1.172487 
20.66788 42.17469 23.47748 
10.27208 36.69184 28.97918 
25.19534 4.856939 -1.445932 
-22.18762 5.856877 -1.150029 
-21.21144 4.820673 -1.277363 
11.90484 37.50284 28.20921 
-4.148231 -2.448544 53.66823 
-50.23347 -50.16002 9.829067 
-30.08613 6.872765 -1.087905 
18.39227 -50.80312 9.484589 
-22.89149 6.995635 -1.487537 
13.91142 -21.83543 18.93781 
-28.98455 7.918167 -0.5463412 
-42.23115 -53.54361 15.42287 
-5.036352 7.96498 -0.2969375 
-27.35969 9.291811 -0.6994883 
-21.07021 71.11356 27.55986 
-3.869813 6.666427 33.62493 
-26.2497 49.37128 23.24064 
-2.865113 -5.304396 55.77705 
1.724399 6.784999 33.23653 
-31.5869 -52.87717 17.51209 
22.85009 -22.65608 26.21442 
-2.637085 8.160956 33.28876 
10.36045 16.70174 -0.7017251 
11.14243 17.81754 -0.4031548 
-28.2182 52.96369 21.18363 
-11.21293 17.62919 -0.92508 
-29.56315 -48.49639 8.625483 
10.56662 19.67478 -0.7094215 
-13.42794 20.47845 -1.011539 
-10.95785 19.58065 -1.104321 
-12.41135 22.13149 -1.273526 
23.32032 52.85136 23.77327 
-12.80184 22.84774 -0.9875541 
8.45854 22.93133 -1.240033 
23.69206 52.6833 22.88079 
7.378343 27.67309 -2.419499 
-1.378027 8.681953 33.26001 
24.58154 54.67907 23.3838 
-35.1286 -52.68819 15.55109 
-17.44231 34.46033 0.1689967 
-28.52303 58.29273 23.01751 
17.45286 36.22228 -2.16076 
17.78409 37.8035 -2.814319 
-20.99126 37.72522 -1.113866 
19.1047 38.25432 -1.140283 
16.55458 -52.67568 15.07536 
19.40325 38.44818 -0.3759603 
29.64299 -53.16837 17.29495 
19.57813 39.97684 -1.85168 
-26.28357 45.95723 -1.633028 
27.87282 45.70978 -1.326494 
-33.15891 45.84317 -1.484591 
-31.22774 45.92097 -1.357281 
35.44057 -52.81472 15.27525 
-30.15658 46.26707 -0.8553616 
43.33525 48.28892 -1.349791 
45.57264 49.90564 -1.873508 
-44.31839 50.91392 -1.851119 
-44.90651 52.01944 -0.9459873 
46.76617 52.50891 -0.912971 
-45.79111 52.14474 -1.334621 
-45.89046 -49.57183 14.54232 
-47.36916 58.35775 -0.9114469 
33.05561 -20.93896 18.65234 
23.6357 65.92996 22.49255 
22.26935 67.16093 24.00455 
44.87582 62.18426 -1.040608 
16.52903 -47.88745 15.206 
-43.4248 62.99071 -1.213846 
31.13875 63.64294 -0.6542556 
29.81701 63.43481 -1.875378 
-40.3285 64.79922 -0.7181699 
26.43074 65.72601 0.1935804 
35.57596 -48.83753 15.23807 
-34.92083 66.15713 -1.641746 
-4.488563 32.07563 33.53623 
-27.1831 68.26575 -1.020077 
19.74441 69.76021 -1.217887 
-24.95041 -47.80545 15.36504 
20.5684 71.07384 -1.023331 
-2.988991 32.49107 33.45366 
20.94407 72.12928 -0.6962381 
20.07563 74.38763 -0.9661285 
-22.87842 74.77649 -1.236529 
17.74334 76.0126 -0.8153542 
-19.44771 76.90471 -0.7044536 
34.54399 -7.2231 9.367701 
35.26493 -47.4055 14.52367 
-16.49136 80.78552 -0.0171442 
-15.05804 81.33292 -1.395432 
5.232942 32.11965 33.21912 
-10.72868 86.45135 -2.044163 
-10.25814 86.69901 -2.353434 
30.95906 -45.56102 9.207668 
-47.17325 -45.25211 9.579029 
15.15611 -20.06598 18.90056 
-16.32152 54.63529 35.87657 
-5.373714 89.35339 -0.8575948 
-4.000751 88.96478 -0.4486489 
14.63036 37.98906 25.64738 
1.654571 89.64772 0.1506392 
-36.25952 -52.94909 -0.07461189 
20.80369 73.85574 23.51258 
-44.15698 -52.40983 0.3092063 
24.79574 -52.18212 -1.196817 
26.3119 -52.49593 -0.7618192 
-45.97113 -44.65181 8.458153 
-43.39412 -51.13707 -0.2097747 
-42.08809 -51.51825 -1.377759 
36.45174 -51.39934 -0.6497011 
-43.92725 -50.67293 -0.546398 
-40.76668 -18.76786 17.22767 
-40.70629 -48.85363 0.6989955 
8.701458 36.96273 30.62167 
-3.34939 66.46553 38.65536 
-20.87036 76.46398 22.56604 
-34.74609 -48.91621 -0.9598119 
-33.84367 -49.11691 0.6366329 
-41.69062 -44.23734 15.44196 
-48.34539 -47.72429 -0.9490504 
-39.2041 -47.75113 -0.7086055 
28.55114 -44.56827 9.295088 
-25.09171 -43.97441 15.43015 
-45.3483 -46.72728 0.495106 
-36.18059 -47.21061 -0.9273854 
7.783207 33.34914 32.8464 
-35.51074 -19.48754 -0.2313144 
-34.11181 -19.33438 -0.7604797 
-36.74427 -17.39129 -0.9455248 
-31.6873 -17.40451 -0.8551283 
-35.29608 -17.985 -0.5185027 
-33.72174 -17.45197 -0.4898155 
4.29888 33.08092 33.14838 
-34.84882 -15.90881 -0.261251 
-1.191612 2.694776 26.06729 
21.85655 -43.9453 10.42583 
17.88514 -43.37279 15.98242 
31.77295 -14.96904 -1.263195 
-18.80789 40.68035 28.95872 
20.21908 -42.67643 14.59522 
-37.52143 -14.55989 -0.8296582 
-36.21197 -14.82435 -0.5129912 
28.70654 -43.99761 15.17235 
-40.24644 -42.85199 16.02355 
-34.3907 -14.67671 -0.629294 
-32.4701 -15.48729 -0.1347359 
26.86063 -14.42812 -0.502039 
-36.01345 -13.80761 -0.9123283 
-30.71478 -13.66321 0.02962822 
13.35701 55.0568 35.94004 
32.78704 -12.86106 -0.3364725 
14.85312 80.74932 22.83826 
20.26339 -40.99575 14.84117 
23.30476 -13.42034 0.05427513 
-25.79147 -8.531108 19.0246 
-40.98269 -12.21731 -1.498398 
27.69195 -12.64672 -0.6363161 
-32.00794 -11.97203 -0.3734796 
-13.83797 83.30234 22.45996 
28.76942 -10.66011 -0.6379861 
-42.29664 -11.61082 0.04670088 
23.56689 -10.58029 -0.9644974 
-42.33864 -43.94418 8.423814 
5.68426 34.99162 33.55767 
4.456604 82.71281 28.64509 
10.79689 83.24721 23.93742 
-25.60514 -7.505316 -0.4209376 
30.27955 -7.120149 -1.106923 
17.90023 -6.357774 -0.3420328 
31.39996 -7.100736 -0.5143117 
-24.12963 -6.090813 -0.5125058 
27.97794 -39.88158 15.77349 
6.552032 34.83323 33.64069 
-1.461279 67.31425 38.0448 
-24.53634 -4.301433 -0.7752539 
30.40987 -1.46223 -0.8650007 
6.243176 36.04839 33.01007 
5.543263 85.82555 22.68853 
28.96313 -38.38645 14.68102 
-20.49448 -0.9126986 -0.1645022 
16.5313 0.5233046 -0.7181417 
1.457131 66.50119 38.50161 
28.52661 0.09256805 -0.9358273 
-22.69878 -38.09208 15.50848 
29.74507 0.1158433 -0.4177399 
-20.91825 -0.1940315 -0.7107609 
7.121642 85.40002 23.45045 
-6.1631 35.99159 33.62613 
-4.675326 85.91614 24.44397 
15.68358 1.85661 -0.6442937 
-24.59208 -8.95184 18.20749 
-34.70965 3.564958 -0.9564663 
-5.193597 37.16302 33.18506 
27.01888 3.835419 -0.4846425 
-6.448714 37.3875 32.856 
16.04033 5.269928 -0.5751647 
-19.54228 5.546992 -0.2648951 
-20.74059 6.77366 -0.1910516 
-0.9017917 87.24378 22.88205 
18.14655 6.746788 -0.8722557 
-21.81711 7.929862 -0.723203 
-4.246706 7.272816 -0.3741877 
19.41269 6.931094 -0.7252797 
21.62234 7.808229 -0.6480443 
-6.471163 38.27926 32.90118 
-2.992007 38.10135 33.40524 
14.10282 -35.73596 15.32393 
19.69826 8.44892 -0.7759141 
30.02329 -35.6494 15.78234 
-11.26594 0.7237142 19.19633 
-0.057301 9.751713 -1.189599 
21.02108 9.492841 -0.3628637 
-24.66274 9.338638 -0.8584384 
2.205199 10.35233 -0.5876114 
-8.250725 11.89072 0.2274702 
-40.60688 -33.43747 15.21102 
3.224566 12.05814 -0.2312489 
-5.521804 40.27381 33.62342 
9.946478 12.12727 -0.4597913 
-41.14504 -32.05074 15.04856 
-4.775724 40.21672 33.81485 
-36.60733 -40.48933 9.138137 
-8.89881 13.47125 -0.6285676 
3.286014 12.99389 -0.4631701 
27.19476 -52.79942 23.20351 
5.383079 13.86044 -0.6225032 
9.17767 15.31322 -0.5077237 
10.51354 14.76527 -0.6843078 
-13.70167 17.28318 -0.3883051 
13.0129 -31.99143 14.46686 
-13.8564 21.2485 -0.7110353 
9.616394 21.90235 -0.6429773 
9.789519 22.94418 0.236608 
16.1513 -8.531617 18.58653 
31.07837 -31.19181 14.69914 
-22.92051 -52.39357 23.09212 
15.1634 54.56062 34.60521 
10.18971 27.69367 -0.4691758 
12.23598 -29.44401 14.73659 
-12.95411 28.70909 -0.5452701 
11.69368 28.83994 -0.6127008 
-19.86266 43.91798 28.84207 
12.69286 -52.4931 24.61409 
-15.14901 30.53815 -0.2252122 
-1.211116 75.45701 35.70403 
-38.0475 -38.28282 8.98924 
8.976917 57.91258 37.1803 
9.906333 57.28736 36.54179 
14.88216 -34.16409 25.68118 
-22.06814 -27.59933 15.23682 
-22.34111 38.95039 -1.262254 
32.74116 -28.42893 16.68828 
-23.24495 40.13631 -1.264435 
12.54222 -50.13956 23.09016 
-2.14593 -5.154247 38.26684 
27.69975 -48.97615 23.5529 
25.16341 45.16724 0.3692181 
42.12997 45.92934 -0.8822315 
-41.39673 49.11308 0.02483908 
-8.606808 39.04234 32.58474 
11.84604 -26.31609 15.36399 
-8.011164 38.84515 32.41293 
47.48747 54.36042 -0.8881482 
-46.64818 55.21869 -0.5491089 
-3.207119 -5.743835 43.9838 
-46.28445 58.18842 -0.1173133 
46.93969 59.24969 -0.7402725 
-45.80223 59.99189 -0.5298833 
-45.37092 61.60492 -0.7363167 
-39.20261 -35.04076 9.24214 
-10.97442 40.10807 33.02424 
-23.74775 -49.24126 24.02177 
32.9504 -24.77099 15.48299 
42.3602 62.82438 0.5858265 
43.39297 62.96115 0.2125274 
33.46158 -23.56966 16.11183 
25.95932 -33.32431 8.961395 
-38.20856 65.74251 0.5021158 
-34.43068 66.46877 -0.5985919 
-41.68541 -21.69959 15.73789 
27.90107 -47.23896 24.07127 
21.09945 69.07215 -0.6926441 
-25.33252 -46.36287 23.91922 
-26.26484 70.12138 -0.7165734 
20.25778 73.15916 -0.003386912 
-25.06749 73.72952 -1.098657 
30.14371 -17.01309 18.57104 
14.08566 -20.34978 15.24221 
18.32892 75.33852 -0.8134213 
13.65378 -45.62673 24.64751 
-17.75841 78.11143 0.3339029 
14.20502 79.73964 -0.6726165 
15.76344 78.96739 -0.8318664 
27.04602 -33.71036 9.929137 
14.07429 81.23726 -1.01071 
13.65376 82.18589 -0.3873796 
-40.33883 -32.94072 9.186769 
-20.14985 71.92344 26.7413 
11.89773 31.46292 28.69872 
32.03685 -18.89949 14.83204 
-26.8183 -45.07887 23.51461 
5.537919 88.26286 -1.622713 
18.20694 -51.56689 10.89536 
17.88131 45.53132 28.97396 
18.33298 -33.1526 9.48522 
-23.81635 -17.49145 15.0625 
-39.4426 -53.65261 -1.491575 
-28.4706 -8.082793 18.32177 
19.48301 -33.56534 9.731236 
8.731082 40.56694 33.0117 
32.01608 -53.11468 7.543467 
24.12061 -33.18861 9.589836 
20.37429 71.19668 26.20327 
32.00507 -51.99419 -0.5478966 
-50.01228 -51.95734 0.1410062 
28.14071 -51.91917 -0.7798122 
-40.71334 -52.04481 17.29245 
-6.081115 8.365841 28.31688 
-49.11684 -49.91245 1.254105 
4.257328 8.214329 26.53869 
4.482443 42.56372 33.73123 
-49.32666 -48.53403 -0.8510521 
-43.7159 -47.47717 1.165234 
-40.17872 -4.414143 10.56781 
22.17645 -31.96484 9.05664 
-38.90824 -46.57452 0.1108363 
-35.11948 -47.54638 -0.05148175 
-46.57541 -46.65734 0.7186953 
-20.51319 40.78524 24.75769 
-36.48133 -19.41172 0.02407609 
14.9663 -43.91713 24.73061 
-5.330249 10.69882 29.74007 
-33.15261 -18.62249 -0.3052984 
-26.83301 -14.83924 15.34565 
30.3894 -18.9384 -0.07941796 
-36.8431 -18.29352 -0.766124 
27.68791 -40.58556 24.79954 
-33.64418 -15.79044 -0.1539438 
29.00335 -40.88074 22.53468 
-36.40212 -15.83974 -0.07850994 
-38.93972 -13.98626 15.17035 
-38.83609 -15.02103 -0.3858871 
-37.48024 -15.50754 0.01800915 
30.03551 -12.31976 15.45878 
33.36866 -52.16573 17.39164 
25.84813 -12.64199 -0.5421795 
-21.76061 -31.24322 9.263887 
21.051 -12.62461 0.02678664 
22.31668 -11.18425 -0.3561381 
31.84166 -11.08975 -0.4734503 
-27.25427 -11.15431 15.54007 
-26.47714 -12.12204 14.92778 
-30.5107 -37.29076 23.20041 
-15.84225 10.75685 26.26753 
-42.25842 -9.060251 -0.2124687 
10.92875 42.45268 33.12896 
-23.61 -6.401972 0.1210697 
14.01644 -37.29283 24.43891 
-22.92168 -5.099926 -0.05553064 
-35.28266 -10.11343 15.27818 
-40.28688 -5.106325 -0.4494671 
-29.99847 -35.70984 23.27406 
-38.58063 -3.476294 0.4794683 
13.70043 -36.21447 22.98075 
12.92165 56.82781 35.69968 
-21.97271 -2.683033 -0.2557631 
11.24182 43.86466 33.90162 
13.63687 -32.55385 22.69122 
31.01139 -34.90344 22.53038 
-37.43359 -0.9996042 -0.2311434 
-37.85407 1.166996 0.1850997 
29.38047 1.184518 -0.5513005 
-20.32898 1.19443 -0.4444411 
-23.02175 -9.993807 15.53214 
14.06279 1.892155 -0.3043696 
-18.95707 2.758243 -0.4126762 
-35.66865 2.44152 -0.3142193 
14.20281 4.067505 -0.05136084 
-20.66954 -9.827971 15.20374 
28.14148 4.479942 0.3236544 
31.23397 -9.110353 14.38176 
14.81064 5.072021 -0.03793015 
26.27928 5.64046 -0.1626755 
-18.83286 6.689111 -0.1005918 
-33.11922 -27.72494 23.36531 
14.7079 -28.29718 24.4334 
-41.10775 -50.62548 17.33028 
-1.127619 7.014135 -0.3827791 
24.18525 7.381973 -0.4835843 
18.59786 -16.41321 18.94054 
-20.55449 8.585265 -0.3616247 
14.71793 7.203781 -0.05934536 
23.41826 8.457609 0.1115284 
0.1397627 7.860303 -0.5075898 
-21.28016 9.027342 -0.44924 
-23.05135 9.053301 -0.2698219 
-22.13251 9.918351 -0.01226988 
-4.863942 9.512221 -0.879476 
1.138716 9.458242 -0.1017676 
13.17474 -8.044152 15.62278 
-9.221047 9.130771 26.61221 
-23.95374 10.03797 -0.1757156 
12.60069 -6.949443 14.94143 
-27.47205 10.99992 0.5415355 
-22.81528 11.00268 0.1182117 
-36.67102 -5.610819 15.2775 
11.70589 -6.014885 15.34924 
14.16399 47.75283 33.28459 
12.81055 10.77087 0.1203866 
8.699212 12.65029 -0.6623015 
12.80356 47.39059 33.76115 
4.672638 12.07072 0.1323163 
6.479919 12.57641 -0.1411712 
7.367937 13.99851 -0.4947212 
-11.88032 15.67141 -0.5336199 
-7.405554 10.04252 26.64623 
-35.38082 -15.04812 18.85336 
11.62358 16.19763 -0.6749138 
13.11553 17.09174 -0.2613594 
-14.6897 19.28942 0.01155528 
5.126532 10.00428 26.4444 
14.90994 -49.70679 17.7784 
10.20055 25.12882 0.291507 
21.06162 -18.26819 23.13719 
-20.59117 -25.70502 9.216047 
33.41204 -49.3234 17.07253 
32.90532 -25.47133 9.777803 
11.42128 58.85976 37.03263 
13.88444 31.43112 0.7949208 
-12.54609 -2.264244 15.58301 
15.49663 34.10212 -0.1866194 
9.734186 -1.958158 16.68303 
17.33013 35.5983 -1.036999 
13.98528 50.36852 34.27147 
-6.327456 -7.145864 53.56667 
-24.06177 -2.068391 23.4553 
-27.07583 45.87807 0.1509788 
27.54509 45.19306 -0.2402602 
-31.95227 45.57613 -0.7158825 
40.0032 45.60434 0.1889881 
-33.74899 45.81592 0.1478393 
-36.79137 46.4789 -0.5681495 
42.79363 46.68464 0.007747337 
15.99043 52.35918 33.07995 
-39.09636 47.18573 -1.401129 
43.55654 48.62866 -0.4837921 
9.062418 9.845063 26.57577 
18.7009 74.67699 26.3628 
-10.45011 -0.08054882 15.52439 
21.21796 -3.117988 23.07625 
45.20229 51.32205 0.4404239 
22.38178 -1.870203 23.38094 
-45.3265 53.70679 -0.4238554 
-21.32606 -21.04611 9.951097 
7.891032 0.7632841 15.44253 
-45.37525 55.27133 0.2037287 
47.16038 58.29075 -0.6046214 
22.23297 51.84115 27.71003 
-44.20602 61.25607 -0.1756934 
44.82965 61.49019 0.05151201 
43.81148 62.91711 -0.9792058 
38.83246 62.4616 -0.2058361 
-20.67236 -2.290903 22.89289 
35.22842 63.4388 0.6995692 
15.5993 -43.56356 19.68469 
33.749 63.65376 -0.454457 
-42.78484 63.00697 0.1478967 
28.27433 64.01749 -0.5443477 
-39.42611 64.98601 0.7849648 
-37.05097 65.78841 0.9754183 
22.99363 67.89282 0.7145454 
13.197 -5.75184 18.24463 
-26.85666 69.37466 -0.01373297 
34.10197 -21.6331 9.408838 
-19.61009 53.92819 33.09047 
22.21272 70.75381 -0.5352529 
23.14072 71.0759 0.06195003 
21.50145 72.10612 -0.2304215 
5.684989 2.512855 15.32573 
-25.78097 72.97565 -0.5340157 
-24.1012 73.69651 -0.1092171 
-19.48681 -0.5859993 23.98342 
18.72391 74.26651 0.04832292 
18.00055 -0.1108736 23.93051 
-21.16924 76.36243 -0.3470208 
-22.65145 51.80315 28.48412 
-18.10101 77.61544 0.6772329 
17.81495 76.41906 0.4752227 
-14.74442 82.80117 -0.3492444 
14.82385 55.72163 34.46099 
3.129977 89.11581 0.06590614 
-26.37855 -1.097219 23.56522 
-25.13184 -1.441869 23.37464 
2.559521 4.101998 16.08317 
-37.27237 -43.58131 19.81488 
-2.131967 90.04577 1.238438 
-40.46791 -53.59876 0.4355257 
36.48937 -53.43876 -0.1142428 
36.11479 -52.72549 0.3689055 
-19.69348 56.1331 32.8398 
33.43739 -19.61477 9.251971 
17.28802 55.68262 32.335 
-41.84726 -52.82814 0.5295211 
30.92489 -51.69386 0.4684782 
23.12939 -51.99128 0.7118699 
-19.50238 57.11338 32.84231 
16.71203 -18.94896 9.555021 
-42.49993 -50.99442 -0.1871394 
31.32542 7.862071 15.99314 
31.1081 -50.99257 0.1597355 
22.68564 -0.4719471 23.2447 
23.06883 -51.17999 0.3277652 
27.76048 -50.56848 0.2395547 
-32.19141 -14.46237 18.16238 
23.87654 -48.32665 0.6080828 
0.3235694 6.8401 15.4087 
23.96211 -0.2217157 23.29548 
-39.81092 -48.38247 -0.382462 
-47.6004 -47.44859 1.513126 
-40.24413 -47.25726 1.332967 
-36.10809 7.84728 16.9102 
-36.1436 -46.31328 0.6334355 
-19.23524 58.78262 34.06053 
31.96881 8.287413 14.78795 
-33.86449 -22.42263 0.5311435 
31.0542 9.394567 15.07791 
-37.67686 -21.74929 1.116514 
-36.87918 -20.35925 0.189802 
-36.39151 -21.29848 0.1623487 
-32.47964 -20.36695 0.2902462 
32.63037 -18.39137 9.520783 
28.82984 -18.45121 -0.1930153 
-19.94465 59.86041 32.9784 
-37.99812 -17.65427 0.2620533 
23.74498 0.863421 23.95303 
-30.83118 -16.79811 0.3702585 
-37.6977 -16.42408 0.3569724 
-39.25935 -16.05403 0.9738961 
-31.36865 -15.47026 0.3554275 
-39.67265 -15.66068 1.135579 
17.2201 -14.23239 17.29616 
-40.09828 -15.19751 0.9826189 
-19.14702 62.24018 33.69835 
-40.34111 -14.31429 -0.3883666 
-29.64789 1.333379 23.3558 
-28.04868 1.644824 23.65193 
-32.85258 14.24305 15.30067 
28.28635 -13.16601 17.702 
-29.92926 -12.07867 0.5562885 
-28.98507 2.467561 23.59824 
-27.70853 -9.513295 0.4005961 
19.52995 -9.827307 -0.1344139 
-26.5651 -9.077008 0.7217283 
10.14613 11.16004 26.84986 
18.0395 -8.565248 0.894827 
-26.57005 -8.454532 0.05714784 
19.34977 -7.708151 -0.241908 
31.07508 -9.06406 0.3570144 
-41.79951 -6.933711 -0.3019352 
-30.39153 16.68407 16.6127 
16.74384 -3.826965 -0.1959787 
13.98171 -3.170541 1.233319 
-28.67791 -7.038746 19.51887 
17.30606 -12.96287 17.24837 
-38.29008 -1.949959 0.1358412 
14.59424 56.34635 34.48061 
31.50582 -1.609716 0.5393572 
-19.87189 -1.990823 0.1864484 
15.03479 0.1246847 -0.2635191 
-19.49597 0.1604354 0.3801981 
-18.58887 64.80981 33.38533 
30.36675 1.62821 0.9191698 
-18.10923 0.8750958 0.4959148 
37.02742 -49.21899 11.14764 
-36.65501 2.796415 0.3041671 
20.91542 43.87701 25.3238 
12.17916 3.425297 0.8272785 
-17.97985 3.769757 0.3271226 
-39.49057 -19.25725 19.29692 
-35.41542 3.764375 -0.1989512 
-17.45382 5.00578 0.3097069 
12.70995 5.76963 0.2797277 
27.6192 5.570882 0.3269536 
13.68339 3.7183 23.75887 
-33.75109 5.961074 0.2039042 
14.08629 6.103928 0.1090297 
-11.56194 59.16006 36.79699 
-30.98006 7.746631 -0.2172125 
-4.539121 -7.349165 51.28813 
25.02285 7.691024 0.488909 
15.86041 9.683229 0.5468104 
-29.91179 8.580133 0.2228951 
-6.258511 8.887821 1.148432 
16.66795 8.656394 -0.2425738 
-21.25047 26.72094 14.39064 
-30.95748 3.9274 22.86212 
22.82642 9.203889 -0.06424233 
-29.23328 9.573353 0.3249868 
-19.19354 10.69507 0.6056278 
17.73846 9.235848 -0.08669494 
-23.91579 -12.50692 8.070712 
-6.07664 10.24834 0.2716277 
8.874763 5.478398 24.22079 
5.817626 9.082246 1.144838 
13.58954 68.87113 33.92978 
-6.831194 11.12296 -0.08649511 
-20.73511 32.08613 17.03024 
9.526412 9.096913 0.1432796 
19.27268 10.06401 -0.1966493 
-23.80184 11.64163 0.3787448 
4.489507 10.40428 1.028294 
7.764776 5.309374 23.46689 
-9.198523 12.34357 0.4241249 
13.03511 69.71593 33.31144 
12.21852 13.252 0.02893061 
14.4029 15.44372 0.2472208 
25.25619 5.576957 23.27935 
19.70079 37.53295 15.63703 
-12.95894 70.78761 33.6452 
-13.33733 23.57008 0.1269644 
35.01794 -52.54595 7.967697 
-11.11964 7.4802 24.15971 
3.161322 6.019281 23.23683 
23.65894 41.26202 15.4896 
5.291376 6.701931 23.37559 
11.938 71.64462 34.05647 
-23.44757 39.81121 1.600025 
-23.78721 41.40839 -1.249872 
22.00749 42.99245 -0.131521 
-14.1707 73.12714 32.43504 
22.65108 44.11423 -0.3098414 
29.70643 44.49552 0.5841038 
33.16287 44.56466 0.1675571 
-31.21816 8.150353 23.16877 
36.54381 44.8065 0.2410521 
38.46124 45.61888 0.2904171 
10.72333 74.19093 33.33274 
-34.65685 46.17034 1.087828 
-31.14746 45.72353 -0.5284808 
23.68683 44.5969 16.40952 
-30.07934 7.575944 23.74644 
-40.52233 48.08339 0.6499383 
-41.60633 49.57405 0.461082 
44.22165 49.70316 -0.1068087 
-45.08025 54.40111 0.4141546 
-27.9846 47.73434 14.69715 
-8.78163 8.387609 23.37243 
-7.922295 8.000299 22.90343 
45.69057 58.13718 1.415775 
-45.1146 58.74841 0.1618576 
27.1101 -10.65191 18.17397 
-43.1775 61.53517 1.079172 
36.71549 63.11557 -0.03543685 
-41.43941 63.13486 1.002405 
-34.86207 8.475709 19.15856 
28.45008 50.43755 14.53145 
-28.25604 66.35599 -0.3432119 
22.30858 68.46432 0.5153543 
22.41221 11.08599 23.13687 
9.560984 74.8112 33.19976 
22.91394 69.96274 0.2804269 
28.95725 51.85477 14.88474 
21.62846 69.44276 -0.1760556 
29.31542 53.97736 15.39921 
-26.47264 71.64603 0.0622575 
-25.65652 72.36194 0.6977114 
22.58191 72.30112 0.6388513 
-22.74835 75.18524 -0.1754139 
-9.571195 75.66453 32.92999 
28.38123 53.54666 15.76476 
18.5532 10.62498 23.66466 
31.14994 53.99314 15.06074 
9.852674 85.84193 0.8451586 
-11.83343 86.12462 0.2089097 
-29.36704 56.50968 15.15406 
29.26185 56.74785 15.35173 
-10.46981 86.80578 0.4450757 
4.229536 88.37824 1.221084 
-28.43284 11.19945 24.02183 
33.33867 -53.69539 0.6337992 
-34.8541 -52.81608 0.3762416 
32.2002 -52.69492 -0.1069222 
24.80699 -52.82322 1.424391 
27.12704 -52.27659 0.1796853 
-29.50624 59.15732 14.65389 
-32.95802 -51.07987 1.357345 
-5.398806 -12.19586 56.22782 
28.17686 58.30431 15.8836 
-26.51029 13.25382 23.24653 
-42.81612 -49.6637 0.5842209 
32.53091 -49.41648 -0.001799379 
22.33463 49.52642 24.98037 
30.90332 -48.54721 1.710881 
32.07036 -48.20205 1.489096 
-42.88155 -47.29087 1.785899 
-34.30186 -46.73338 0.9217368 
26.95033 62.51745 16.29518 
-29.9432 61.39218 15.58902 
-35.66583 -23.06107 1.017327 
-33.44364 -20.95619 0.2998874 
-30.04518 -20.65379 0.525993 
-40.6576 -4.524072 9.703178 
-29.73612 -19.59671 0.4243043 
-28.40095 -20.00304 1.258667 
29.51224 -19.63284 0.9449541 
-31.55766 -19.1264 0.5999112 
15.73208 -47.95253 16.79144 
-38.05402 -18.48844 0.535351 
-30.60489 -17.97858 0.7855535 
-29.6513 -17.72659 1.240763 
26.22834 -16.26486 0.01147234 
33.50163 -17.64678 1.710954 
-29.42959 66.20196 15.3814 
33.46836 -15.61918 0.5660698 
-29.83794 -16.53237 0.7872667 
-30.03233 -15.3946 0.8427833 
24.32411 -15.008 0.08433433 
34.04841 -12.72836 2.020759 
20.45292 -11.12294 0.06436131 
-49.69425 -47.27927 10.13939 
-42.56203 -11.45127 1.461942 
31.92385 -9.430308 1.581551 
16.19085 -6.690135 1.097019 
-40.85749 -5.579495 0.7949314 
-39.64227 -4.322788 1.934482 
-22.09021 -5.149203 0.6709952 
32.21696 -5.172552 0.4481485 
1.840827 4.626141 17.35678 
-21.27138 -4.022786 0.2723736 
31.72696 -3.799166 0.4500438 
-4.714484 -5.096354 40.6903 
-39.2528 -1.111247 1.593194 
-18.5835 -0.8220482 0.8837401 
-18.09312 -0.4577063 0.9439515 
30.60878 0.3935779 0.8824657 
-3.12898 -3.900851 34.78004 
11.524 4.858345 0.8369122 
-1.617165 -4.645263 35.06411 
-26.57314 -47.67517 12.38122 
-36.95795 4.46098 1.139395 
29.22692 5.07451 1.670739 
-35.13525 5.243034 0.7328949 
-34.32201 6.765434 0.6891546 
-16.66985 7.779351 0.8287388 
11.98799 6.924553 1.00948 
26.61716 7.787379 1.02926 
-5.091227 7.106296 0.8139085 
13.35141 7.915331 0.9976645 
-32.64212 8.575986 1.180431 
11.74697 7.658068 1.009238 
27.95911 -8.657903 17.98447 
-32.08685 8.033694 0.7609828 
9.340729 8.040797 0.7336833 
24.45131 8.625937 0.9183886 
-18.62062 29.9255 22.8159 
14.19941 8.446779 0.6738854 
-18.6312 8.765088 0.5310626 
13.40154 9.240309 0.7216505 
-16.34572 83.62859 15.00545 
23.95168 10.07033 1.114384 
-14.49851 8.973952 1.137851 
-4.05722 -0.9135275 33.35039 
-20.7551 10.8288 0.5287731 
-16.11273 8.650648 0.7274097 
-18.64054 33.32045 23.97141 
2.89832 10.78213 0.5873797 
14.601 11.79364 0.2856264 
18.15743 10.90154 0.7002993 
-26.8305 11.4867 1.376315 
-20.0118 11.2419 0.6422133 
-17.59855 12.68465 0.6204989 
-15.02112 11.38074 0.7987136 
-9.05021 11.19303 0.7461729 
20.63823 11.14291 0.459709 
22.10285 11.08438 0.6920186 
-25.21008 11.22825 0.7418184 
-21.04067 12.25517 0.9241164 
-10.53345 13.09527 0.2981724 
-17.24815 35.08679 24.65952 
16.39173 12.02127 0.806012 
-11.59129 12.92685 0.5086696 
15.8785 13.97222 0.5517992 
-18.63295 13.51998 0.7820762 
-13.27234 85.73679 15.33697 
9.675571 86.08598 15.76028 
-16.0473 15.34144 0.3300139 
-14.0476 16.22348 0.4456236 
-15.22163 17.49631 0.7067873 
6.206882 3.047642 9.109265 
12.13815 19.14986 0.7044768 
-14.88609 19.97148 0.2653271 
11.30344 20.79255 0.7380102 
-12.73139 11.86604 26.69193 
-10.7879 61.9218 37.72709 
14.01657 60.75039 35.84075 
5.242653 87.5465 15.87185 
-3.429606 52.51146 38.87399 
-23.53483 -9.361074 17.8113 
12.01979 27.89952 1.018046 
-22.7025 -8.167006 18.19792 
36.35646 -48.264 10.27976 
-19.73419 34.76198 0.4174967 
-18.365 34.81036 0.3803305 
-4.087168 5.720038 34.49918 
-20.21618 35.13945 0.8283164 
16.50953 35.15935 1.449328 
17.58779 35.93975 0.3886381 
18.10893 37.24977 0.3031502 
-20.07552 40.39226 23.92874 
19.16679 37.98779 1.165418 
19.77304 39.74911 0.2155963 
-8.85655 3.816489 8.993108 
-25.1081 43.87949 0.2139456 
22.29092 43.10367 1.253925 
0.1894026 88.86322 15.72846 
28.22016 44.81023 1.031437 
1.704986 89.62118 14.87739 
27.0039 44.77709 1.720995 
34.81587 44.98301 0.07820568 
35.48727 45.13017 1.619942 
-36.6903 46.27526 1.645997 
-28.09005 46.37513 0.6746811 
-38.48284 46.9555 0.394438 
-43.46578 50.79046 0.3357905 
-4.937365 89.65942 15.11364 
44.3543 50.44337 1.00513 
45.58478 54.00552 1.732906 
47.27444 56.31017 0.2205219 
33.57541 -53.89911 15.92632 
45.4253 60.61285 -0.3454416 
-23.98154 46.073 24.01662 
21.69773 45.56935 23.6368 
43.63788 62.42972 1.320267 
-40.66283 63.90065 1.702096 
22.89025 45.76554 22.64494 
-31.98518 65.88996 0.1060073 
33.64022 5.70223 10.46587 
23.82969 70.2105 1.307078 
23.54643 71.25211 1.057892 
22.72059 72.19685 1.175955 
-23.80032 74.13957 1.429575 
18.23183 75.33109 1.049058 
-17.79293 78.15248 1.038439 
-15.7193 81.10928 0.5330608 
-14.66761 82.96016 1.262711 
-26.1338 50.58917 23.99407 
-9.859125 87.96201 -0.2538096 
5.908776 88.28443 -0.3862566 
31.82558 -53.35853 14.66924 
-27.68978 54.13277 23.18873 
-36.96542 -53.66294 1.315027 
-34.31391 -53.70129 2.118498 
-23.89322 64.85101 28.07386 
35.76545 -53.75391 0.6987696 
-48.84294 -52.99886 1.208699 
-43.07473 -51.99008 0.856337 
-37.90895 6.984651 9.611282 
35.44987 -52.20028 2.128886 
-34.01895 -51.29363 0.1848729 
23.01278 -49.65675 0.8304584 
27.36304 -50.32627 1.461675 
-42.23426 -50.20994 0.4757034 
-26.76347 55.53965 23.94088 
26.8148 -48.48805 0.6084094 
-21.69656 65.92827 29.57741 
34.33662 -48.65823 0.7950866 
-40.29546 -2.153938 11.2135 
-33.97112 -46.42447 2.405284 
-30.52719 -23.12865 1.363643 
-28.89362 -24.11468 1.065703 
11.65804 13.64755 26.48089 
-28.00264 -22.41524 1.390279 
-32.72701 -22.45333 1.249381 
-43.92086 -51.49288 15.69306 
-29.80185 -21.95116 1.330029 
24.26402 61.53658 24.32501 
-26.71202 -21.17237 0.9887742 
-25.89687 -20.83435 1.328468 
-38.27311 -20.526 1.380566 
-31.69527 -21.18264 1.226396 
28.16243 -19.40839 1.088282 
31.8505 -19.4831 1.779709 
24.16144 -18.92169 1.469014 
33.0509 -19.06126 2.721103 
32.07856 -17.32768 -0.1910626 
-39.48312 -17.56908 0.8462988 
-4.173863 -8.928448 57.57414 
-24.28235 -45.25061 17.65273 
22.8749 65.88076 23.59483 
5.384484 33.51328 33.69693 
-24.50117 -49.91625 15.78262 
-7.47499 34.92387 33.42451 
-25.3865 53.94252 25.29918 
-5.161381 34.17134 33.95985 
-3.927542 34.03784 33.91037 
-32.1534 14.43574 10.10825 
-41.88312 -13.58401 1.110363 
-42.86591 -49.12952 16.1362 
19.91677 -12.54381 1.2862 
-30.64086 -7.526779 18.53053 
22.59947 54.12977 25.64112 
-42.12309 -8.371733 1.424198 
-25.56133 -8.120556 1.191695 
32.4796 -7.049758 0.7984187 
-41.64168 -6.378643 1.339954 
23.22393 68.87151 23.22849 
-15.77301 12.38788 26.39983 
14.98829 -4.559373 1.4583 
33.11866 -4.034084 1.695858 
-19.13963 -2.526209 0.913561 
33.06944 -46.68265 16.34017 
-4.647387 35.43329 33.93904 
33.20094 -2.794952 1.633082 
25.34771 16.71321 9.013687 
32.75406 -0.7166004 1.875043 
-18.2777 -1.332679 1.618949 
-11.61492 62.1081 36.94619 
15.22385 -40.8914 20.25893 
-16.36086 1.287011 1.548351 
-21.21269 -7.643465 18.72598 
-0.8009681 3.011712 39.43801 
-17.40099 2.957955 0.8420331 
-16.40835 3.818207 1.033743 
10.93485 3.070405 1.65176 
15.5404 -7.672432 18.91717 
35.0712 -48.0533 10.24525 
-3.573471 6.121487 0.7579463 
-1.841594 6.168691 0.3619765 
-35.80133 5.707169 1.612176 
29.59422 -44.3379 15.58655 
-24.75823 -43.24443 18.3137 
-35.37704 6.9881 1.733731 
-15.59359 6.338213 1.185453 
27.7352 7.99622 2.140164 
21.35021 -34.80016 10.83244 
1.047416 8.002677 0.6484271 
20.35015 67.7196 28.56536 
10.78595 6.873549 1.507591 
-21.25248 74.6794 23.99782 
-53.0088 -52.1079 7.168001 
11.29195 63.25642 36.83966 
25.79192 8.995012 1.616399 
28.10507 -42.89836 17.3162 
27.15889 -42.04372 15.86616 
-1.367512 40.82795 34.13528 
-6.50038 9.516606 1.103155 
1.818805 9.562603 1.367786 
-24.54908 -41.59134 14.9013 
18.86355 -41.23293 15.42744 
-13.4009 10.21432 1.241927 
-11.07641 10.92718 0.8644977 
19.3363 11.61248 0.8626352 
-24.86234 12.99262 1.583664 
19.9993 12.2594 1.142854 
-21.96521 13.56861 1.576743 
16.89007 12.50967 0.8976673 
17.29878 13.33638 1.32841 
-16.5146 80.78735 22.86867 
15.89989 80.04627 23.75773 
-17.57568 16.84234 0.7724258 
15.29067 16.77591 0.6359317 
-24.76209 -41.03741 18.85094 
14.95568 80.03725 23.71303 
-15.94102 21.44653 1.767901 
11.86683 23.22189 1.519418 
-31.60065 -6.947514 18.53517 
-8.156032 41.46172 34.76203 
-22.76451 -39.77228 16.35224 
12.78366 82.51241 22.91611 
-22.12743 23.31859 10.59547 
19.62228 23.38073 10.68974 
15.39001 -38.20638 27.40461 
18.34562 37.18203 1.03324 
14.67253 -6.740576 18.58608 
30.56856 44.57259 1.877321 
31.49492 44.89113 0.8977104 
34.31871 44.48851 1.846334 
37.0803 45.14819 1.51392 
17.98284 70.97958 28.67243 
-29.3162 46.12331 1.454494 
43.658 47.46932 0.9586513 
-44.301 52.10812 0.6767508 
45.62099 55.65089 2.117117 
-44.14515 56.45099 1.896958 
-45.18402 57.79508 0.3369693 
44.83009 61.26649 1.678663 
-40.22679 -34.97972 15.95673 
-5.700711 86.18835 23.00573 
40.16725 62.32073 2.533097 
-40.52612 -33.77192 17.31397 
25.26806 66.63663 0.5318874 
-27.47876 68.11618 1.276656 
22.98129 68.55042 1.333417 
-19.85864 29.44746 10.3323 
20.98175 72.63169 1.03721 
-24.48678 73.08074 0.7983018 
19.52673 73.60481 0.6593911 
17.92669 75.79643 1.987874 
-19.96061 77.25491 0.8953134 
34.2647 -46.76662 11.62949 
14.35502 79.18755 1.891928 
-16.79926 79.75538 0.7960081 
-15.08853 81.55301 0.6254103 
10.69707 84.17683 0.4138089 
-12.72833 85.29052 1.586324 
-41.38707 -29.60576 15.45789 
-11.76852 41.60837 33.99194 
-0.340379 90.09879 3.993756 
35.24726 -53.46084 2.221376 
3.173427 41.48833 33.967 
-43.28862 -52.79734 1.590967 
12.0281 -29.22669 16.53211 
35.93308 -52.99426 1.929829 
-32.81087 -52.54957 2.140597 
30.12216 -52.51323 1.950199 
11.89828 -27.94801 15.16925 
-49.63917 -52.24177 1.314852 
-25.17954 -53.5807 22.84842 
-24.93103 -52.99709 24.44677 
-42.11773 -28.36597 14.53366 
29.51195 -51.27918 1.873133 
35.52993 -50.40921 1.430608 
18.91072 -52.77147 22.90377 
26.60776 -48.93464 3.270346 
12.1176 34.21356 29.79388 
-41.15451 -48.78342 1.192875 
25.52509 -47.68284 1.873038 
-41.73579 -27.00488 15.14938 
-41.07601 -46.99575 1.845237 
23.93043 -47.76129 2.037268 
16.81749 -52.77782 25.61703 
-38.25004 -46.12633 1.096408 
-37.60688 -44.88321 1.769775 
8.442524 52.54452 37.28051 
-21.91134 -26.22788 15.57238 
1.135722 54.24517 39.18068 
5.507 42.07823 33.36119 
-33.96879 -51.2984 23.77991 
12.25119 -25.95738 16.30209 
-36.17393 -24.27687 1.474791 
-33.82094 -23.56349 1.419157 
9.81173 15.89511 26.61104 
-22.88035 -52.00224 23.24565 
-37.36622 -22.53949 1.515896 
33.16581 -25.35323 16.79547 
5.09835 43.0175 34.05166 
-39.51472 -22.10201 1.489401 
-28.5981 -21.34995 1.336561 
-39.08821 -20.45408 1.773356 
-26.7857 -19.75641 1.201786 
27.33316 -17.80197 0.2897373 
-26.02417 -19.49513 1.581226 
-28.3969 -18.75046 1.796937 
26.79834 -51.90277 23.64321 
16.0859 60.43105 34.38648 
9.354628 43.349 33.86031 
-40.5839 -16.29746 2.058979 
-29.06219 -16.66911 1.361411 
33.29685 -20.86621 15.32152 
34.31349 -15.19261 2.785984 
22.38115 -13.93248 0.4631631 
-28.45354 -12.41114 1.342211 
18.90935 -12.65014 2.122763 
9.750444 17.48989 26.85386 
19.06411 -11.38908 1.486318 
33.43689 -11.03424 2.442039 
9.80015 63.67849 36.72117 
14.23522 -20.54436 16.8324 
-22.43461 -21.08549 15.53409 
33.59846 -6.763927 2.075253 
-27.13996 57.15494 24.77034 
33.58625 -5.403829 1.775641 
15.29229 -18.52269 15.29175 
-19.14195 -2.55467 1.833791 
-33.81017 -46.69583 23.50104 
13.11289 -0.9935302 1.269669 
20.71839 -35.97269 30.00337 
11.76517 0.511982 1.442687 
-17.00438 -0.2459378 1.64715 
13.11208 -47.30601 23.5211 
32.03553 0.4986015 2.005406 
31.76664 1.567315 1.907839 
-15.84689 40.07239 28.73011 
17.98674 72.92042 28.34845 
-37.70406 2.924316 1.450646 
31.08624 3.538763 2.080983 
-15.20459 44.99117 33.6601 
-15.52805 2.563 1.48409 
-26.65378 42.75601 9.103803 
29.72708 3.64396 1.313477 
16.23639 -17.72934 15.06496 
-14.08309 5.575012 2.151633 
-37.37337 4.666047 1.923157 
30.89247 -17.40831 16.07492 
-27.22791 44.05923 8.623621 
16.0129 76.02188 27.62755 
-34.92642 -4.700746 17.96044 
-31.9738 -45.03375 23.65491 
-17.79219 -5.086163 18.87746 
-6.023212 7.225106 3.22352 
0.1206832 6.413198 1.665683 
-0.09249447 54.71173 38.79479 
-5.002733 46.84838 37.97147 
1.018642 -4.276378 44.30325 
1.79267 8.431303 2.376599 
-24.21318 -42.23546 17.87321 
-30.87282 8.838741 1.256394 
-12.16651 8.236059 2.03095 
11.35878 47.7654 34.85939 
-9.036017 9.057618 1.566832 
-7.589353 8.569386 1.887894 
-32.2006 9.663853 2.320228 
24.41152 56.32829 24.76145 
2.542201 9.040173 2.114231 
25.41158 10.14335 1.642562 
-30.94979 10.51105 1.858582 
24.23369 11.94675 2.17426 
30.71584 46.54759 10.02399 
-20.98084 14.64198 1.740795 
-19.03147 17.324 1.542289 
14.14714 19.22681 1.102663 
-15.97265 18.74791 1.415825 
33.26707 46.59429 9.499385 
-27.63026 -12.29424 15.583 
13.88607 28.96062 2.217822 
-16.7875 30.55361 2.282871 
29.74494 -37.57193 24.21749 
-17.03638 32.68931 1.203048 
-24.1388 -41.25682 17.68253 
-17.92506 34.44325 1.505913 
30.62213 -36.50191 23.25262 
18.09097 35.8959 1.246238 
13.91002 -36.11581 24.57351 
-20.56644 36.69751 0.8957686 
19.36431 37.44377 1.840732 
-3.851065 83.63726 28.54299 
21.66405 42.31828 1.685791 
24.79895 44.81624 0.5902542 
-28.50176 46.70209 9.976514 
34.8419 47.67983 9.830619 
14.46598 49.2567 33.41273 
-32.71381 45.85656 2.766909 
-31.87543 45.60774 1.04276 
-34.50383 46.22585 2.068855 
-28.85929 46.31692 0.7847863 
39.02617 46.35646 2.074301 
40.84913 46.51886 2.198138 
41.80793 46.25534 0.6477003 
42.91217 46.53089 1.802416 
29.58784 -40.10759 19.17063 
-30.46827 47.86598 9.82344 
-40.13195 48.06649 1.617643 
-42.42494 50.68007 1.392493 
44.7807 51.70736 1.407279 
-4.17805 54.06739 38.99615 
-44.53718 54.90937 1.780306 
31.41221 -29.05765 23.37871 
-39.50503 -41.58157 17.31117 
45.1477 60.3742 1.992669 
-41.92177 62.01085 1.724696 
38.50019 62.7802 1.803584 
-23.09603 -40.5427 16.54098 
36.58709 63.14597 3.187995 
-34.11693 49.95575 9.270347 
34.23548 64.2098 1.746371 
33.1247 64.3912 2.696539 
-38.50512 64.41289 2.904663 
37.63316 49.34229 9.315145 
29.17462 64.59044 1.2802 
27.74434 65.3004 1.798474 
14.66302 -25.8366 23.35106 
-33.73104 -8.955427 16.31889 
-36.42007 65.9017 1.962012 
-32.28504 65.98369 1.36109 
-30.0625 65.99387 1.973267 
32.76601 -47.37772 10.57837 
-16.38516 74.94398 28.19924 
26.23434 66.9047 2.197825 
25.17247 67.57685 2.190713 
-27.90053 67.7818 2.099212 
-27.74785 70.27593 0.7243548 
25.09656 69.6161 2.36574 
-15.63397 20.42125 25.85111 
-27.47368 71.31702 0.8505608 
23.66067 70.79423 2.25342 
-35.38984 -8.829795 15.3203 
-19.19809 77.18253 2.008129 
-33.7629 -3.506016 18.84595 
15.75552 78.85056 1.188738 
-17.51114 79.72117 1.973622 
19.07963 -52.18044 7.029314 
-14.60839 81.94183 1.932271 
17.17408 -22.39304 24.05682 
11.65632 83.86787 0.6884699 
-12.15507 85.63249 2.088276 
30.5601 -23.44284 23.95214 
-18.64765 -7.43569 16.21011 
-38.96323 -53.8518 1.635457 
-37.43645 52.62583 8.832748 
-55.36277 -52.29378 1.996566 
26.68714 -52.16184 2.086319 
13.22943 -6.66793 16.33467 
27.67957 -50.89618 2.865679 
-15.29648 -5.434395 15.5205 
29.73814 -49.94316 2.145511 
-35.36046 -2.83687 17.67456 
38.01954 52.40028 9.874377 
19.78893 -20.3861 24.36535 
22.73384 -48.28867 2.758399 
28.87876 -20.22839 24.089 
-14.90884 -4.825624 16.22526 
-45.96128 -47.02186 3.188899 
-3.154742 -10.61546 55.75793 
-42.3323 -45.7413 2.515497 
-39.17493 -46.26474 2.361907 
-34.94683 -45.95718 1.151568 
-36.2056 -45.65317 1.539903 
-29.86256 -27.74674 1.944943 
-33.92765 -25.48169 1.535727 
-30.27839 -25.68605 2.001806 
10.65139 -3.89675 15.75987 
32.408 -4.331965 15.00536 
-6.634625 -4.975159 51.9326 
-27.91687 -26.24002 2.144352 
-32.15989 -25.10415 2.149425 
-31.81815 -24.31604 2.128232 
-25.52767 -24.02645 1.895455 
-38.88862 -22.98709 1.602754 
-39.3852 -23.09879 2.171617 
24.77929 -18.80357 23.80495 
-25.40988 -22.72463 1.913465 
-40.02436 -20.94296 2.702315 
10.39844 -2.842308 15.79414 
-25.04597 -21.56489 2.424176 
26.41433 -19.41545 24.6549 
24.63606 -20.46127 2.489357 
26.95876 -20.03065 1.889065 
-23.02166 -1.337687 23.67127 
22.95524 -20.4101 3.13056 
-37.40462 55.03174 9.400278 
38.72985 55.84204 8.981461 
-24.53609 -0.3661686 23.73873 
-27.39684 -17.01236 2.150879 
21.56797 -15.71062 1.607912 
-38.22571 56.92993 8.616769 
-40.79948 -14.70788 2.235568 
-36.43953 58.2724 9.734688 
38.76849 57.16895 8.942286 
33.72657 -14.40586 0.891315 
-27.14258 -12.24135 2.485901 
-28.77381 -11.79269 0.9870775 
11.82745 -2.729048 18.50001 
21.11675 -1.163027 23.53944 
17.35257 -10.58582 2.412215 
-27.13004 -10.20278 1.284349 
18.32002 -10.16049 1.137372 
-25.80238 0.3024878 23.98603 
-41.44032 -6.90524 2.452622 
-24.53659 -38.44675 19.92565 
-24.26796 -7.131759 1.483083 
-22.68986 -5.590449 1.760754 
-40.38745 -5.772793 2.42691 
-22.04394 -5.149792 2.129388 
-20.64858 -3.758723 1.928817 
13.11038 -2.967018 2.487485 
-18.21137 -1.296688 2.671566 
4.290422 15.05519 29.0752 
-15.19204 2.103054 2.217604 
16.5349 -0.4248623 23.73174 
-14.17073 3.948026 2.395196 
22.11462 0.5664166 24.0107 
-26.762 1.232598 24.12581 
-1.963469 5.284656 2.103296 
-18.38954 0.09260271 23.83125 
30.3871 6.301299 2.792607 
-17.35765 1.492715 23.51423 
-33.80197 9.211337 2.396394 
16.55628 1.486409 23.79656 
-4.01884 3.56058 27.16646 
20.50697 -34.53696 29.65628 
-10.81515 8.365721 2.202938 
32.45512 4.809371 15.26017 
1.170049 5.138737 15.95155 
-30.93745 62.19805 10.6777 
-11.78759 9.334282 1.797845 
-29.93044 10.06785 1.304027 
-28.62747 11.29133 1.738894 
25.74179 2.060129 23.54202 
23.27818 12.43414 2.341332 
21.73476 12.50933 2.200851 
17.40461 40.90986 28.33723 
-6.021846 46.59438 37.73212 
20.19558 13.48108 1.789463 
18.35223 14.7902 2.505484 
33.1128 63.72941 8.84283 
-23.346 -37.59829 18.0272 
-36.12495 9.019127 16.48287 
-29.25812 65.00426 10.03535 
-12.92347 -1.543132 18.54625 
11.89247 25.51259 1.547433 
13.47992 27.80638 2.928815 
-14.1683 28.87923 0.7219701 
-0.3795626 -5.352831 43.82204 
15.37048 33.07585 1.372627 
-35.26691 11.28781 16.12013 
17.47317 35.43795 1.426221 
-15.57905 2.175137 23.13033 
19.75909 37.20875 2.235405 
19.66349 39.04321 1.568798 
30.66255 10.71825 15.73368 
20.88295 40.4411 1.940024 
-24.86062 41.57336 2.761115 
-24.72709 42.77367 0.9413791 
27.12779 67.30568 9.440922 
-2.982036 -5.861941 39.77448 
25.71767 44.62328 2.816077 
-27.54504 45.52881 2.206702 
28.82542 44.99034 2.156327 
-29.58888 -15.69497 18.93831 
36.5255 45.56695 2.256797 
37.63718 45.75248 2.355722 
-38.76664 47.55597 2.345204 
-40.73945 49.51641 3.04544 
44.32485 49.07387 2.262409 
-42.57931 51.57729 2.133467 
-28.71426 69.11102 9.420836 
1.314825 5.278468 22.83132 
45.40411 53.92824 2.225483 
25.77344 15.45323 15.91733 
-27.48837 71.26675 9.323443 
11.91858 4.889359 23.77163 
-44.02095 58.10376 2.008942 
-43.6935 59.89934 1.29486 
-32.2621 15.6571 16.06627 
-0.05659974 84.23798 28.25318 
-39.91267 63.99633 2.902282 
32.08085 64.29262 1.157013 
-11.84101 -0.1227224 18.1364 
23.58601 67.87303 1.731688 
23.84634 69.75378 1.299736 
24.66146 70.59973 9.596943 
-27.98796 71.40008 4.294475 
22.43575 71.5482 2.564764 
-26.25292 72.49754 2.071688 
-24.30125 73.05611 2.480787 
21.76608 72.40343 1.998553 
21.17971 18.21923 15.3204 
31.91425 -0.07276732 17.19122 
11.97227 80.74702 27.32342 
19.1148 75.19872 2.203278 
-27.15271 18.19092 16.7182 
16.76136 76.24696 2.475966 
-20.52449 76.66201 2.214481 
31.47615 -46.24208 10.65466 
-19.00798 77.36208 2.652601 
-24.09585 -38.70835 18.75224 
-13.80345 70.0518 34.25888 
-26.29331 72.74797 8.822079 
-1.138346 -3.396655 52.59392 
-14.13875 13.49129 26.76964 
-30.24748 5.906122 23.94245 
11.30558 83.98707 2.54427 
10.51946 84.36346 1.653387 
-10.94421 86.40074 1.06303 
6.748694 67.36141 37.50721 
7.693703 87.44183 0.4394267 
14.86495 -38.29379 16.68047 
31.4209 -53.629 2.219949 
32.89689 -53.85098 2.233178 
-44.44615 -52.99028 1.41776 
14.18371 71.58166 32.49888 
-54.90756 -52.87794 2.42572 
-22.3023 25.41707 15.23534 
23.11903 62.46036 24.9516 
-33.14623 -52.95177 2.197676 
9.368461 1.827299 18.72 
-54.16051 -51.48008 2.485254 
28.75647 -51.04171 2.578308 
22.08718 -51.81713 2.772664 
4.178193 55.12109 38.99249 
28.42359 -51.50338 -1.013017 
-33.10226 -48.77542 2.591125 
33.9021 -48.09345 2.818483 
-20.43796 30.51955 15.46442 
4.411019 6.607675 24.39688 
30.05203 -47.40589 3.587628 
-40.34629 -46.9889 2.175692 
-38.71891 -45.45787 2.664445 
-30.62105 -29.27427 2.884924 
-29.27431 -29.37916 2.934525 
6.615211 6.939057 24.31517 
19.58073 76.20435 8.907987 
-31.31899 -27.60247 2.60612 
18.50085 35.90915 17.11353 
-36.19362 -25.05131 1.965869 
-32.9268 -26.56121 2.823232 
-27.28251 -24.10014 1.734462 
-21.02191 77.14721 8.564879 
-37.73048 -23.76537 2.235559 
27.32267 -22.41533 2.285333 
20.72142 39.02654 15.93221 
-40.04633 -22.62667 3.450064 
24.44724 -22.16569 2.190203 
26.66435 -21.07061 2.539181 
27.85888 -20.63471 2.43211 
-4.202231 47.87331 38.35442 
-8.313518 8.628108 24.47073 
-41.12613 -19.61445 2.561024 
-9.883732 74.85453 34.02847 
-39.85914 -18.98958 2.085351 
-40.83345 -17.89356 2.761716 
-27.52019 -18.40325 2.140535 
-24.8025 65.68771 25.47825 
9.905725 81.61085 27.74833 
-41.29045 -16.7135 2.914436 
19.65677 -13.68007 2.595499 
-26.90637 44.05143 16.36897 
22.97749 8.662101 23.80499 
-41.54636 -13.4787 3.562365 
-26.45971 -11.99551 3.081712 
-27.38431 45.40138 15.1387 
-16.52326 29.99232 26.36225 
6.073268 75.68931 33.42289 
-28.86007 9.929955 23.7379 
24.26044 46.4881 14.77185 
7.490214 75.76863 33.0102 
-24.85368 -9.782065 2.983875 
-41.56861 -8.700728 3.868365 
16.02674 -7.731258 2.431114 
-27.09016 48.20512 16.26266 
14.41425 -4.862488 2.755089 
16.71939 80.87052 8.842452 
-28.445 50.45403 15.63525 
33.73627 -4.004917 3.166705 
22.02036 10.00222 23.75944 
-39.84612 -2.424366 1.946019 
33.49948 -1.058924 3.298845 
-39.14201 1.058195 1.917569 
-38.33888 2.778165 2.975787 
9.917831 3.60533 2.320902 
20.71939 9.830332 24.4731 
9.896192 5.418025 2.110396 
-13.63361 5.021212 3.054512 
9.448966 5.8988 2.277923 
30.88375 4.557845 2.607752 
30.28164 2.504349 19.13594 
6.892349 6.103223 2.360214 
-11.71125 6.70807 2.870271 
-3.869865 -5.402462 44.21115 
4.920248 76.38532 33.84872 
28.99882 8.566671 3.042586 
4.406875 7.718635 2.451442 
20.0092 -45.80284 10.20011 
-27.71343 12.40209 23.77393 
-1.243459 -5.262044 54.06058 
-5.974355 77.98566 33.84196 
22.57061 66.39555 25.34442 
17.6496 13.77748 23.83908 
-28.20617 12.68833 3.116206 
-26.2827 12.29655 2.388498 
-24.95243 14.05598 2.98884 
-26.49479 64.41994 24.8866 
-36.14614 2.20367 18.72122 
11.15708 60.16238 37.20805 
17.1993 18.435 2.13587 
-17.85241 18.05455 1.384633 
16.81229 15.40836 23.70407 
-29.9264 60.84822 15.78165 
13.93582 20.4942 1.784537 
-16.99272 23.87557 3.386438 
-30.46004 62.78399 15.14552 
-23.19071 15.45527 23.81547 
15.3485 32.64574 25.88127 
-10.57375 87.90944 9.645497 
-14.94226 25.52429 1.51787 
21.23901 -42.25567 29.26506 
-29.28767 64.15639 15.87452 
-19.81786 34.36287 2.056774 
16.56663 34.93273 2.71351 
18.91346 35.4636 2.261739 
-6.705588 5.218728 18.38139 
19.60469 36.14299 3.090576 
20.07702 38.64753 2.667102 
21.47215 40.0841 3.026169 
22.59361 42.42511 3.073389 
29.77351 9.652045 18.5029 
25.83348 67.52662 16.31496 
24.49594 44.09206 2.772335 
28.31148 44.7596 3.420668 
7.375159 82.37315 28.43129 
-35.73097 46.78585 4.052303 
42.2174 47.47061 2.692438 
43.1151 47.25312 2.873239 
43.69479 47.44256 2.420535 
-17.13428 34.01286 26.49966 
14.76479 21.84831 23.39595 
-27.04256 71.39634 16.77104 
-8.185179 82.828 28.24631 
-42.30146 60.26719 2.329422 
-5.732015 68.65701 36.64362 
13.36261 21.66008 24.56622 
23.8341 72.71581 16.24178 
37.84094 63.03188 3.453233 
-19.29862 22.40695 23.65264 
29.5989 64.89691 2.926619 
-34.99427 66.08214 2.495589 
21.91215 76.11806 15.74954 
-23.86152 68.46972 24.94883 
-28.64643 66.23782 1.954206 
-18.48789 23.27837 23.39215 
-27.94777 66.69636 2.008777 
-18.15182 23.70654 23.51012 
25.80467 67.97701 2.746788 
20.00679 78.37061 15.85085 
-21.78866 78.23862 16.77607 
-3.141891 -7.754925 52.32444 
20.4966 74.07622 1.778026 
18.50831 79.61211 15.57563 
-4.748667 -1.784321 34.74599 
15.6163 78.23584 2.41744 
-16.72591 80.50427 2.827449 
-15.55549 80.70651 1.783702 
-14.78996 81.71479 2.509413 
13.40451 82.12832 2.162639 
-13.86364 82.9965 2.549525 
-10.73859 86.43984 2.560664 
-8.360037 11.67301 27.90105 
-6.286862 89.57146 3.178622 
16.33837 81.21181 16.0265 
-5.253561 89.80793 2.642706 
-3.303932 89.83488 2.380682 
2.219312 89.75731 4.090168 
-19.47282 80.94756 15.77412 
-41.50235 -53.6905 3.116286 
-47.69102 -52.89539 3.937567 
-46.96157 -53.41952 2.349369 
-17.23816 82.00064 15.44325 
26.16852 -52.61045 3.602394 
30.29173 -53.45376 3.082016 
-53.16695 -52.20042 3.160596 
27.96698 -52.33347 3.802245 
-52.62253 -50.81853 2.944875 
19.95701 -53.50635 11.16556 
15.0495 30.90293 24.62804 
-55.40219 -51.00661 2.460115 
-32.77347 -50.3883 2.889235 
3.01621 0.1062129 34.54738 
-17.05705 31.95592 25.41456 
-54.56359 -50.4975 2.532227 
-47.82722 -49.68135 3.43056 
3.213803 1.914324 33.67841 
34.53107 -48.80573 2.462187 
13.77016 84.50166 14.69722 
5.485939 68.47268 36.78099 
-15.84637 84.22033 15.465 
-46.3362 -47.71988 3.77637 
-17.14742 35.57703 24.60069 
12.99653 84.1984 16.2081 
-43.83094 -46.27186 2.632003 
-40.33197 -46.51806 2.945775 
31.8353 -53.85816 10.40458 
-35.74471 -45.3325 2.88707 
-37.17583 -44.84607 3.685365 
11.30238 84.84262 15.86604 
36.96149 -53.84935 9.86048 
-36.41214 -27.19905 2.792317 
-27.57015 -28.3369 2.915283 
-34.71486 -26.71719 2.768162 
16.9503 38.64849 24.13842 
-25.63674 -25.56015 2.600887 
-37.98845 -25.22426 2.425828 
-38.46621 -23.97115 2.698108 
-6.960744 56.23822 38.93661 
-9.769885 87.57118 15.83488 
14.29158 36.73884 25.65903 
30.46926 3.877626 19.06811 
24.99912 -23.16719 2.681081 
25.84691 -22.73326 2.621695 
-0.1416638 56.89013 38.91959 
-33.64388 -53.09437 9.900866 
29.4714 -22.25966 3.488667 
-21.5003 40.89603 22.9534 
6.618263 87.28794 16.17154 
-23.90647 -21.1813 3.179924 
-24.92741 -19.81291 2.83269 
-25.67232 -18.73815 2.939121 
-6.3908 88.69476 16.20432 
33.79434 -17.60653 3.709932 
-28.13382 -15.48497 2.233627 
-27.98494 -14.2286 1.720025 
21.48548 43.85306 24.13317 
-23.64744 44.05077 23.0516 
18.91643 -13.07494 3.287399 
-3.329254 89.23065 16.0472 
17.10722 -10.67022 2.995665 
-1.739294 6.64542 35.00914 
16.98562 -8.67124 2.347142 
-1.218378 89.36118 15.85898 
-23.60591 -8.112062 2.768761 
33.01212 -7.861229 1.990661 
-17.46175 40.29779 27.15969 
-3.021504 39.10633 33.63161 
33.8044 -2.692965 3.110373 
-39.969 -4.372798 2.725992 
-40.14307 -2.489019 3.212171 
-2.585099 40.37123 34.22797 
12.20375 -1.370252 2.840217 
12.86173 37.96309 27.11242 
11.20473 0.1386086 2.581426 
-25.5844 48.53883 23.90259 
-15.99988 1.247157 3.290337 
-42.16555 -53.03289 16.33573 
-39.62473 -52.64588 10.21543 
21.36469 -33.50551 29.35069 
-4.01856 41.40884 34.43568 
-36.01133 5.572055 18.14958 
23.24678 48.50925 23.40243 
-37.02906 5.313414 2.940471 
-12.79889 6.094146 2.728372 
-0.4929151 5.647042 2.631079 
23.86419 50.79253 23.34997 
20.51141 -52.88776 15.75484 
-35.87624 6.90343 3.022091 
-9.9864 7.899833 2.784822 
-26.29062 51.85043 24.37726 
1.015513 7.265084 3.1086 
27.59405 -15.97866 18.55087 
39.24968 -52.8362 9.387188 
24.82337 12.51183 3.492851 
-30.08904 12.48289 3.41705 
-27.58678 12.07471 2.48987 
22.97755 13.29295 3.124444 
-26.33521 13.43384 3.015779 
21.35567 13.77066 2.672244 
19.49581 -53.55052 29.0806 
-22.54012 14.35445 2.330554 
-21.21762 16.09593 2.379385 
-21.58026 18.1843 3.336368 
18.98092 16.8669 3.100975 
-20.13889 19.95305 3.117808 
-16.96727 20.33287 2.664598 
13.54283 22.18009 2.253273 
37.03662 -50.85802 6.756484 
-28.73693 -49.29319 9.617898 
-18.40289 33.43423 3.616541 
-13.40158 59.85484 37.19118 
18.54546 34.32189 4.392002 
-21.55331 37.11682 2.046699 
35.15726 -49.71325 15.81751 
32.42507 44.50359 2.812478 
37.10433 -48.3754 9.448039 
-33.65619 45.96835 3.677933 
16.56147 38.7415 27.28431 
44.14001 48.52131 3.232937 
24.27262 64.69991 23.2394 
-43.2354 54.78825 2.966096 
45.75639 56.19757 3.983442 
45.62069 58.78563 3.027306 
42.90718 61.99223 2.054698 
44.28126 60.71509 2.889185 
-41.33567 62.21636 3.111091 
40.31128 61.9004 3.453427 
-26.06395 66.49252 24.30224 
31.30722 64.95854 2.994493 
-4.821886 6.51828 17.3732 
-37.42751 64.99326 2.475452 
-6.976584 41.25279 33.72668 
20.9891 -44.87077 10.67868 
-33.58856 65.68793 3.064249 
-28.14824 66.089 3.855361 
-27.80623 66.78095 3.06739 
-27.95899 68.51025 2.098308 
-25.44297 67.92689 23.94762 
32.78946 -48.23222 9.49833 
-0.5596375 -6.299867 51.12608 
24.72691 70.55405 3.353118 
-6.232573 -6.346124 51.77503 
22.12608 72.86225 3.173961 
-27.99302 -47.2823 10.13685 
1.127071 43.48643 34.53391 
19.44735 -47.41052 9.803001 
16.22987 77.59104 3.000031 
14.95435 78.92075 3.063653 
7.278467 41.61855 34.05919 
22.54243 70.60485 23.1571 
12.68785 83.03122 2.352928 
-23.32436 69.54524 24.18008 
12.097 83.19743 3.419859 
31.77971 -46.73501 10.38994 
-12.90056 84.48946 2.894082 
10.81487 84.07428 3.104619 
-11.07106 86.05373 3.036374 
10.23477 85.9907 2.516609 
6.827629 88.42635 3.630399 
-10.13301 87.77178 2.266796 
-8.52157 88.75569 3.049926 
-2.306592 90.10292 3.831798 
-43.13711 -53.49376 2.986902 
-46.35728 -53.4441 3.47561 
22.60629 -53.04909 3.45647 
-55.42807 -53.01605 3.008469 
-56.00615 -52.61491 3.176781 
-23.06756 72.06094 23.84736 
-48.90258 -52.2311 3.159204 
20.68306 -50.0909 3.357821 
-51.91446 -51.45193 3.357023 
31.49963 -33.47564 17.59501 
28.06891 -50.84254 1.590085 
27.83515 -50.51303 3.092796 
34.37457 -49.69054 3.821253 
8.433389 42.45405 34.37031 
-53.04095 -49.06776 3.629647 
-15.66665 43.21177 33.43376 
21.98841 -49.17609 2.972872 
-28.85131 -45.1633 9.102811 
24.11078 -47.55631 2.945908 
16.79331 -41.08837 17.06295 
32.03769 -47.07856 3.224712 
-44.80522 -46.40089 2.851337 
27.47401 -40.9663 15.86241 
-41.01423 -46.10559 2.75035 
-39.5139 -45.44808 3.521728 
-41.59479 -45.13415 3.473195 
-38.34766 -44.73441 3.139326 
-31.68077 -30.91513 3.032796 
-28.6653 -30.29401 3.194937 
16.02208 -40.28756 16.55004 
-26.47734 -30.1839 3.921633 
-31.27925 -28.49152 2.947268 
-21.85656 42.36457 27.06384 
-25.2088 -27.03726 2.893039 
-37.89618 -26.95745 3.207962 
3.036019 43.53109 34.34951 
-41.24448 -30.99962 17.16043 
29.97146 6.283232 18.75764 
28.55134 -25.0356 3.476188 
-23.15693 -25.24529 4.107602 
25.30192 -24.49489 2.854008 
26.55581 -24.4472 3.237514 
29.13108 -38.84851 16.36113 
-39.42809 -39.36354 16.59333 
-23.28836 -23.81947 3.532339 
22.5893 -44.24064 9.365026 
-39.83264 -38.18505 16.78949 
-23.3077 -38.64972 17.14754 
22.43085 -22.57401 3.284161 
-40.8486 -21.87045 3.974569 
22.61245 -21.63914 3.080947 
28.2484 -21.2618 2.940431 
4.41465 70.08047 37.29078 
-3.759369 6.818688 18.26823 
-21.45089 43.50788 26.7859 
-41.84623 -20.5888 3.409274 
29.46169 -37.35816 15.80654 
30.44564 -20.32869 2.894117 
26.87482 -43.9706 9.049752 
-22.3344 -36.95671 15.79397 
-42.06782 -19.67273 3.356788 
-14.62958 81.58829 24.09552 
22.38044 -53.05281 28.6242 
-43.00534 -43.63351 9.769002 
-2.443409 48.6016 38.31263 
34.02744 -16.65737 3.723995 
-22.27294 -34.48876 15.50923 
-26.36441 -14.61424 3.792586 
-41.18556 -14.81363 3.374225 
34.37087 -13.19638 3.42991 
-41.91757 -11.59715 3.734939 
29.48147 7.737556 18.76296 
33.09108 -10.93703 4.100411 
32.56974 -9.945802 2.765281 
-24.54403 -8.733398 2.664687 
13.5523 66.04907 35.1158 
-22.29851 -7.314435 3.906064 
30.58545 -33.91745 15.8635 
13.0278 -33.44224 16.61481 
31.4123 -33.19118 16.77363 
12.59429 -32.02673 16.35901 
12.30002 -3.60745 4.00977 
-1.366451 57.59236 39.3175 
4.305787 44.06093 34.52111 
-29.18276 -41.96517 9.327999 
-16.96492 -0.045862 3.277484 
10.30989 -0.4489398 4.040704 
32.82926 0.2969855 3.495951 
-39.60334 -0.573624 2.927088 
5.699359 84.69168 23.86785 
-39.28847 1.380492 3.303432 
-22.30394 -32.11832 16.22054 
-14.63181 3.152926 3.442651 
32.15054 3.386781 3.566452 
-13.20766 4.902549 3.845704 
32.73826 -30.25739 16.23955 
-1.52424 5.171793 4.705596 
-28.1511 -41.53494 10.07612 
10.83143 44.74435 34.29202 
-10.51273 6.709869 3.632084 
13.19654 -52.35635 28.79596 
-6.636194 7.982541 2.488122 
-34.42999 9.211584 3.662758 
-41.31352 -25.93813 17.31769 
33.06711 -27.19954 16.28732 
27.04201 9.259442 2.809215 
26.40704 10.5082 2.83985 
4.302998 86.21148 23.93959 
0.6998003 86.21684 24.96238 
-27.42436 13.61578 3.304497 
8.934943 44.45187 34.22941 
19.90664 15.31677 3.900597 
-27.70317 -53.58021 24.4155 
-21.0117 72.48771 25.70918 
24.14673 -53.57212 24.53354 
33.15499 -22.30485 15.85384 
-27.17941 -53.05065 25.25466 
10.85637 46.04029 34.6106 
15.05234 28.45892 5.430247 
-4.88617 -4.471235 43.12724 
-20.07437 35.62582 3.031568 
33.17045 -20.42784 15.65038 
-22.48191 37.68649 4.367051 
22.38584 -53.07364 23.73232 
28.84396 -3.989385 19.49404 
-27.56995 45.06329 4.89809 
-33.35808 -53.02707 24.14318 
34.06312 44.87869 3.670114 
35.41609 45.47138 3.009377 
38.16147 45.92246 3.269364 
-37.41637 47.01279 3.737108 
-22.57227 -29.85666 17.54858 
41.18499 47.12397 3.433035 
45.03087 50.50219 3.219817 
12.90168 48.80136 34.37754 
45.68444 53.61474 3.778526 
-42.71931 57.05474 3.348867 
-42.72147 58.22388 3.203321 
-23.83613 -34.99639 8.679379 
32.96355 -29.56498 18.57082 
-23.7823 -19.15246 16.41304 
-23.7845 -51.66875 24.99439 
-23.04126 -34.68021 10.65764 
-40.03699 -33.89674 9.071556 
39.26409 62.42844 3.815522 
-5.15486 58.78181 38.61671 
-39.72063 -16.10199 16.33377 
-35.26687 64.90905 4.257964 
-28.80675 69.22401 3.277431 
25.42465 -34.90419 10.2862 
12.33273 -49.84918 25.52256 
29.47097 -16.14731 17.16944 
26.78769 -48.51106 24.50535 
-11.77387 79.96596 29.12141 
-19.36374 76.83446 3.162278 
-18.49571 78.41949 2.227656 
14.21947 80.21602 2.986351 
13.51676 81.05222 3.314942 
-32.72247 -49.47193 24.49615 
-18.28821 50.65519 33.96457 
-12.03291 85.5509 3.378397 
9.027176 86.99663 3.728955 
4.283208 88.6439 3.202838 
-3.967246 89.49441 2.63444 
-38.43975 -53.22076 3.531178 
20.73694 -33.63747 9.806872 
-54.02034 -52.65202 3.124678 
-28.86653 -13.8258 16.24726 
2.380143 -2.747076 39.46238 
20.20214 -51.68031 4.005137 
21.49259 -51.66648 3.189997 
27.50084 -51.46652 3.214822 
-32.10482 -50.98775 4.153024 
35.01556 -52.547 3.091246 
-31.72411 -49.65964 4.085739 
-54.62357 -49.75474 3.300487 
20.34952 -48.96564 3.951307 
-51.60276 -48.52475 4.338152 
1.520601 -2.443772 43.74255 
-34.6278 -12.96338 15.83792 
-33.18342 -47.54199 2.975945 
21.35085 -47.72334 3.582748 
-18.87924 52.75646 34.04167 
-33.0252 -46.84991 3.646167 
24.46214 -46.99327 4.122028 
25.47662 -47.72625 3.894219 
33.15996 -47.63393 2.503833 
27.5743 12.5016 18.0849 
-45.11499 -46.48464 4.329095 
-30.12399 -31.44865 3.758286 
-0.1497706 -4.051629 50.73984 
-32.32114 -30.45038 3.168679 
-37.57229 -29.87774 3.870101 
-29.45925 -12.47149 16.3558 
27.3288 -46.41819 24.55623 
-35.05274 -28.58262 3.158937 
34.17096 3.009717 11.57921 
-33.3219 -29.30475 3.937685 
-19.24963 55.65936 34.35257 
-37.91804 -27.84132 3.904283 
-32.98586 -28.37593 3.628977 
9.468577 82.85257 25.99131 
0.4960574 6.328389 16.57117 
24.41203 -25.18743 3.648917 
-32.28656 13.33609 19.04829 
-29.38315 -11.4979 16.09559 
-18.49625 57.08379 34.1084 
-39.28706 -23.82079 3.655562 
14.58631 -46.29127 29.00297 
-40.63641 -23.23309 3.924581 
16.52736 57.52457 34.05399 
23.57221 -47.07937 28.17202 
29.18796 -20.95441 3.090504 
31.18481 -20.78093 4.785614 
-18.4306 57.70097 34.31166 
14.88297 -40.80316 23.89479 
-41.93439 -18.4673 3.970399 
-33.0228 -11.36907 16.41276 
-25.73625 -17.24014 3.288514 
-26.30486 -15.90155 4.076424 
-41.3808 -14.2149 3.98309 
-5.783154 -2.689012 52.53062 
34.35014 -14.67274 3.957553 
-26.1474 -12.47754 3.752284 
1.425931 -4.265556 42.75802 
-28.06104 -10.90689 16.08402 
32.93073 -9.890284 3.709826 
16.37381 -9.379666 3.704258 
-23.84284 -9.182718 4.116945 
-22.36736 -8.551274 4.901353 
17.01913 -31.75811 9.700984 
-31.96828 -10.22301 16.21472 
14.92919 -7.511069 3.635352 
29.73062 -35.33221 24.70621 
34.00149 -6.743238 3.299228 
13.82639 -5.522344 4.005418 
-21.27274 -6.263886 4.035073 
-19.19613 -4.941077 4.901442 
34.05597 -5.349005 3.209394 
-5.799438 -3.429495 43.00349 
23.60402 14.63047 18.07089 
-32.9296 -9.727826 16.16612 
1.825036 75.56448 35.65681 
34.66931 -2.822123 4.152193 
-19.42358 59.92942 33.97969 
15.46812 -10.3494 16.59667 
-40.45481 -1.842078 4.338743 
30.38599 -34.19748 24.22338 
34.21675 -0.7834191 4.173469 
29.40704 -32.08433 9.890522 
14.16921 -32.74419 24.57812 
32.64172 1.677377 3.517727 
15.1538 -31.29655 25.31819 
-15.21686 2.002713 3.77856 
30.11083 -30.21985 9.238403 
8.838396 2.717221 3.482002 
-21.30102 -30.37316 9.187496 
31.20835 -30.6131 23.82396 
-14.24216 3.489246 3.93383 
-21.83289 -9.52835 16.00286 
8.135009 4.811305 3.488426 
6.092899 5.525225 3.159119 
-40.56298 -30.55626 9.338174 
16.45151 78.97712 24.55473 
-0.05892382 5.923123 4.590906 
30.71581 -27.69488 23.89603 
1.71958 6.89302 4.105918 
13.27808 -50.85713 29.90621 
9.839886 13.69505 26.97883 
-8.661988 6.218789 5.546037 
-7.106588 6.990952 4.662534 
-2.543693 -2.538384 53.08646 
22.72131 52.1152 26.85791 
-35.75122 -6.869301 16.37081 
16.86213 -26.6293 25.37731 
-32.95704 10.03351 3.927533 
-31.98524 11.2665 3.262543 
-25.31431 14.80444 3.618184 
16.55801 -24.78466 24.8333 
19.08698 14.93929 2.954428 
-23.61907 15.57034 4.250985 
-22.76021 16.75981 3.886252 
30.64088 -45.16802 11.71154 
17.19601 21.08571 3.594868 
1.946976 -2.676493 42.10537 
-17.71398 21.50918 3.546221 
14.27407 24.05271 3.776867 
21.36548 -46.05781 29.25392 
12.88823 24.86794 2.673733 
-15.3585 29.41377 2.216681 
-25.03235 54.63377 26.52346 
16.20478 32.47353 3.835107 
16.85744 43.92973 29.54538 
-19.8971 34.20959 3.229328 
1.225474 59.30511 38.82125 
18.47848 -21.07429 24.15264 
19.21977 34.87888 4.143074 
-12.51621 68.16254 35.49238 
19.13737 36.80391 3.971884 
-41.10217 -27.02338 10.2217 
21.25956 39.41184 3.80878 
-40.8911 -24.35835 18.23957 
-25.47523 43.09891 4.700496 
-25.6518 43.29678 2.679943 
-14.00515 -3.550659 16.0507 
30.38822 44.3182 3.908905 
36.37091 45.881 3.510173 
19.94257 -44.57997 29.11391 
-30.62535 46.3547 3.388436 
-41.32309 -26.08208 9.682249 
39.16108 46.76473 3.282382 
11.32779 -2.874791 17.05273 
41.6746 48.55542 4.50281 
1.918695 58.66876 38.82928 
3.898015 58.95688 38.6739 
22.42933 53.96576 26.585 
44.80934 49.88947 4.405282 
21.84234 -44.43882 28.40925 
3.741071 60.08978 39.19941 
22.29564 -19.85022 24.6571 
44.85344 59.83169 3.645669 
-41.76237 60.47161 3.487111 
23.04286 55.96336 27.02084 
41.77792 62.02727 2.939717 
-5.16523 59.36646 38.5064 
32.09763 -1.752034 16.09119 
-29.25294 -43.66938 9.85638 
-24.43066 56.0356 26.48769 
-11.65023 0.1325327 16.95932 
-30.73104 65.25278 4.179675 
-30.27617 -50.14691 7.448435 
9.519249 -0.874121 16.5796 
29.43625 65.33909 4.159153 
-28.42647 66.56111 4.780692 
-28.73079 70.3811 3.310736 
-22.71193 73.76497 4.269591 
-21.64737 75.37719 3.960735 
17.20823 76.1791 3.670767 
-19.75527 76.54509 3.760006 
20.89871 0.1187418 24.28674 
-16.10581 81.72668 3.566701 
-37.75161 0.1615249 16.09165 
12.87573 81.50503 3.937752 
11.63124 83.69772 4.02694 
6.363352 2.187798 15.06144 
10.36879 85.61973 4.228409 
-6.647813 88.83194 4.43777 
5.563139 88.74075 3.76675 
-6.473828 88.99057 4.206221 
-5.008682 89.24991 4.294367 
32.64048 2.305714 15.94948 
-47.76266 -52.65049 5.590655 
-31.84428 -52.5635 3.966991 
28.98696 -53.45094 4.327127 
-54.42108 -52.8146 3.978243 
-54.86796 -52.31916 4.63691 
32.22089 3.344993 16.00994 
-48.43839 -51.45717 4.510119 
-55.59914 -51.2347 3.40608 
-49.06024 -49.1688 5.076045 
28.11879 -49.87024 4.017097 
9.787349 67.1144 35.97742 
-50.16731 -49.10775 4.467754 
21.26455 2.019305 24.48166 
26.94315 -49.10351 4.163394 
32.87165 -47.35088 4.468375 
-18.5416 2.322795 24.18396 
22.83574 -47.16364 3.726417 
31.11507 -46.47409 4.635344 
-27.19296 2.59375 24.48544 
-34.51352 -45.88354 3.169567 
-38.98773 -45.23058 4.229095 
-35.79769 -44.47936 4.878959 
-29.75704 -32.59948 3.964752 
9.010573 15.13362 26.7588 
-28.61806 -31.53422 3.983132 
-35.06118 -30.36056 4.585122 
-38.61765 -29.70889 4.533276 
-36.24195 -29.19514 3.922247 
33.41701 -25.37771 18.21959 
-38.4923 -27.35557 4.43292 
-24.61354 -27.91364 4.063502 
14.53925 -21.41571 10.05541 
-4.037179 6.613426 16.40205 
24.6804 -26.54986 4.218002 
25.82134 -27.61088 4.130764 
26.2164 -25.68066 3.901528 
-39.16801 -25.83212 4.092557 
23.47315 -25.22797 3.887302 
27.21189 -26.35408 4.544272 
28.0485 -25.26266 3.267874 
33.4987 -20.6694 9.353412 
-42.0715 -19.88486 10.34261 
21.98138 -24.25245 3.461242 
22.50537 -24.37831 3.261161 
-40.98137 -23.29429 4.278933 
27.85955 -23.48369 3.182627 
16.35655 -43.81615 28.23141 
25.26236 -44.16538 9.934254 
23.02942 63.36917 26.12408 
15.5435 2.784997 24.30203 
-41.46661 -21.45459 4.784706 
21.26648 -21.64272 3.965257 
21.70351 -20.26923 4.022965 
-23.16498 -19.75098 4.602266 
32.5301 -19.64437 3.890573 
25.8192 -22.59324 26.17 
23.07803 -42.53942 28.51979 
20.64717 -17.78302 3.821297 
-24.88505 -17.28933 4.054692 
33.27244 -16.88364 5.644526 
-16.32609 2.870099 24.2522 
-41.74353 -14.06444 5.176679 
-11.22746 72.76823 34.45808 
-13.99013 4.359418 23.95567 
14.56215 4.567559 24.07414 
34.03209 -13.49331 4.437854 
25.13052 4.12862 23.99907 
-2.53987 5.294083 22.93195 
-40.94411 -6.947206 3.881892 
28.06657 13.50128 15.80523 
-40.38284 -5.079358 3.909598 
34.83422 -4.142208 5.062239 
-40.78488 -2.871758 4.309275 
-19.81186 -3.235 2.853579 
11.29743 -1.801083 4.121712 
-16.45542 -1.575327 4.958244 
-40.66846 -0.4234053 4.726635 
16.64512 -17.49294 10.18674 
-15.71261 -0.645427 5.075898 
-4.210431 -7.63759 52.60706 
33.68089 0.4682104 4.566176 
24.44969 4.9735 24.14142 
9.484487 1.568127 3.795518 
-1.674224 -5.491033 37.05461 
33.02384 -17.28586 8.7236 
16.36718 -42.41072 28.28411 
-38.64402 4.636352 3.57787 
10.05457 73.563 34.16206 
-23.70347 21.73475 17.16736 
-5.591434 6.547895 5.718061 
16.3953 -16.79799 10.79062 
0.8749973 6.497292 4.593882 
2.732297 4.832209 25.27578 
-5.115557 -12.22507 57.48223 
-2.891053 -7.960162 52.83218 
30.11201 8.88459 4.87173 
28.64021 9.805717 4.221218 
-6.924945 75.89816 33.89138 
25.94606 13.15644 4.488431 
-29.8492 13.27921 5.293817 
-26.82005 14.7394 4.651608 
19.04172 22.57183 18.30194 
21.68452 14.95403 3.608636 
20.51416 18.73335 5.47367 
-5.361373 76.26389 34.16655 
13.64464 6.5655 24.72811 
-21.79883 20.28013 4.651572 
-22.33153 25.03345 16.87152 
-17.92811 23.38296 4.19045 
-22.3643 -23.08148 16.79415 
-15.86963 28.40967 3.353321 
-17.08579 29.94566 5.117246 
14.89519 29.55001 3.405824 
-20.89592 27.90222 15.56172 
18.02519 28.63965 15.86605 
-17.88243 30.88492 4.149413 
-20.86209 29.14016 15.65468 
-19.99922 35.10221 4.452127 
-21.42826 36.62063 4.235868 
24.11012 6.018118 24.37733 
18.66164 30.23647 16.69962 
-24.68624 40.82174 4.520418 
28.61113 -44.22294 10.33284 
-20.56167 33.04538 17.34872 
34.78857 44.99047 4.505654 
-28.50688 45.90098 3.948243 
-34.4172 46.81903 5.399338 
-29.59074 46.30671 3.640833 
37.44056 46.1598 4.24334 
38.7861 46.56713 4.254049 
40.00439 47.6952 4.047957 
2.822355 76.76772 34.2261 
43.80267 48.75598 4.277991 
42.97507 49.2725 4.296061 
-20.87155 37.43019 16.97871 
-40.16599 51.37519 5.220962 
45.10035 51.53723 4.306671 
5.656302 7.560553 25.10494 
-41.68609 58.18937 4.856328 
24.41259 7.195299 23.95424 
-28.24851 8.024573 24.80432 
-23.32352 -33.18 18.48326 
11.49305 -4.040487 16.89648 
-10.12658 8.597717 24.82645 
-40.47202 62.22254 4.071289 
-42.34313 -43.38956 10.9655 
37.32023 62.64575 4.947805 
-38.94687 63.53492 3.929498 
5.213974 77.68259 33.64387 
33.3217 -22.83097 17.37454 
-24.09244 41.32792 15.64136 
-25.89623 42.22781 16.50885 
28.32384 66.08242 3.662534 
-28.78373 69.12081 4.404347 
24.80006 70.65411 4.586916 
14.29005 -10.31005 10.42284 
22.90239 71.40515 3.484933 
-12.77399 61.6413 37.13411 
12.73759 -33.72363 19.85831 
-20.17912 76.21047 3.633492 
-20.08623 77.41029 4.698203 
23.06921 7.32758 24.82509 
-26.62539 45.66566 16.45202 
-17.7393 79.57291 4.394524 
15.05539 80.35794 3.962664 
-14.3223 82.2881 3.619323 
-13.59049 83.73251 3.190729 
10.76596 85.05138 4.063486 
-40.39215 -9.434253 9.072656 
-9.894335 87.28809 3.864854 
0.4068044 78.05014 34.25324 
4.80911 88.32901 4.916774 
-1.697138 59.21154 38.88155 
-27.66049 49.93808 16.46416 
3.271601 89.49052 3.453803 
-3.200385 89.43314 4.8355 
-2.986229 78.22252 34.2347 
20.74757 -53.35124 4.504163 
31.05156 -53.69566 4.567464 
-41.05656 -53.0851 5.363763 
25.31498 -53.09075 3.715401 
17.08359 10.42581 24.20839 
34.33653 -53.13972 4.109539 
-51.67535 -52.13726 4.588466 
34.771 -52.39724 4.880062 
-49.14536 -51.5337 5.284974 
-14.52819 37.43878 28.33504 
-53.42831 -50.63762 6.630727 
19.38328 -48.64197 4.985033 
-21.0143 26.21166 17.7728 
9.832353 68.63476 34.92485 
19.7712 -47.59513 5.076413 
-40.37701 -8.060501 9.203349 
33.44687 -22.08987 18.516 
-27.53141 9.65494 24.52146 
-0.8600612 78.63511 33.96083 
20.73145 -47.13988 4.46347 
22.08256 -45.93188 4.738131 
24.33529 -46.31315 4.524678 
-33.12344 -46.14443 4.852453 
-29.17824 55.06932 16.79658 
-39.45361 -44.06142 5.38928 
-40.22569 -44.53608 3.824336 
18.76999 -11.04332 18.76742 
27.73212 56.40321 16.36957 
-32.40302 -34.04816 4.488613 
-31.10922 -33.47228 4.582744 
-29.17685 -33.26993 4.504859 
-26.44844 -31.76942 4.485583 
-32.30429 -32.21436 4.641288 
-31.05086 -32.24026 4.190759 
-18.85101 -7.257065 9.609011 
-25.53954 12.08577 24.16501 
-2.129009 -8.393381 56.04245 
-35.74168 -30.89312 4.730316 
-33.70484 -30.75439 4.76872 
-37.80717 -30.83311 5.552423 
-36.65068 -30.64321 4.807704 
-20.55219 27.1471 18.36043 
-25.92883 -28.51455 3.59575 
-39.13822 -28.09052 4.999195 
-23.98933 13.53924 23.96827 
-40.56402 -27.46069 5.175754 
-24.03685 -26.15501 3.811998 
-40.69418 -26.19554 4.881649 
-40.16568 -24.64605 4.506211 
22.52931 -25.63938 4.64048 
16.37895 12.78965 24.62188 
20.85709 -23.56654 4.608341 
-29.55419 61.57903 16.62582 
0.8996895 -3.195308 34.31688 
30.31113 -22.37901 4.351522 
-22.73181 -23.06539 4.37174 
-22.26478 -22.16009 4.952318 
-22.46777 -21.10619 5.195455 
-20.78068 28.995 17.34134 
20.61481 -20.00753 4.750309 
-24.1579 -18.75206 4.50189 
-42.69909 -16.90474 4.184989 
25.6259 64.02749 17.4572 
-25.17308 -14.5197 5.899572 
17.63301 -11.63979 4.144433 
-41.90913 -12.18341 4.459197 
-6.112711 -0.05413827 34.73572 
26.26861 65.61562 15.9858 
-20.30464 17.71483 24.1456 
-29.2639 67.18318 15.1886 
-25.44716 -10.71624 3.624672 
-41.71528 -10.23607 5.5455 
-19.79086 19.93199 23.49407 
15.81542 18.50991 24.27463 
-28.31556 69.87955 15.12869 
25.0024 70.49133 15.98289 
-16.03593 -4.188908 10.10419 
-3.032366 59.26888 38.7965 
-18.96511 20.93459 24.48971 
7.211918 83.73092 26.21846 
-25.57645 72.80396 15.81248 
-25.35229 74.25236 15.92931 
32.82549 4.997057 5.893439 
-23.90864 76.03491 16.30465 
-37.34792 6.162246 4.122694 
-40.87403 -20.08993 17.48654 
31.38642 6.146339 4.280959 
-12.32244 82.44003 25.69189 
-4.071531 5.612822 2.863408 
21.82301 75.71983 16.49383 
-33.3904 -15.93339 19.52187 
29.40871 9.687268 5.337176 
28.02781 11.39744 4.560372 
-32.51484 11.32119 4.345992 
-31.27514 12.66558 5.11313 
23.95946 13.55237 4.175928 
-20.46418 32.47316 18.75112 
-3.922308 4.929986 35.50076 
-18.59213 25.75104 23.49281 
22.98502 14.72984 4.294033 
20.62127 16.10319 4.899945 
15.32422 -36.36465 27.05456 
-24.00471 16.7702 5.747496 
16.79991 80.38774 16.19801 
7.868495 69.04502 35.89169 
-17.9387 27.78716 24.90171 
15.53075 81.76513 17.16691 
14.87761 82.90955 16.11885 
14.96476 28.53917 25.07097 
15.70176 31.39752 4.090461 
20.977 21.93794 11.08889 
16.49856 32.21519 5.728117 
-19.68464 33.68106 4.640881 
19.65729 37.63643 3.700867 
20.49518 38.01837 4.945353 
-6.463365 47.86828 37.33484 
23.18096 42.11344 5.312645 
25.47516 44.37174 5.383829 
32.3668 44.81102 4.356797 
17.60673 74.82485 27.68031 
-0.1175597 6.431668 34.99333 
-13.89476 85.81306 16.80033 
-38.53914 48.11638 4.143444 
-37.34653 47.95365 5.026571 
-39.73374 49.48827 4.128997 
-39.18626 49.04401 5.004011 
44.64492 50.4878 4.779391 
8.671598 86.72074 16.38243 
43.62236 59.07944 4.442927 
44.95607 58.80478 4.343436 
42.57582 59.03106 5.190929 
-16.91096 36.96616 25.32315 
41.12586 59.89474 5.18828 
42.27719 60.2009 4.4732 
-40.75024 60.91013 4.360001 
16.31455 37.88984 23.79578 
35.45231 64.01054 4.379485 
-8.617312 87.91046 16.1694 
30.38136 64.95311 4.499942 
3.423728 88.49255 15.94833 
-40.06824 1.299318 9.808242 
25.59121 69.52932 3.832055 
20.01951 39.2128 24.03627 
22.63774 72.17393 4.907665 
-27.17266 71.97536 4.741597 
9.184237 83.5787 24.93256 
21.73565 73.43789 4.357616 
-16.65024 76.27177 27.13209 
-22.03665 74.3101 4.961705 
17.78148 76.20705 4.95113 
-19.04593 78.11497 3.744379 
-4.651113 88.60319 16.47411 
-1.112144 89.18947 16.40522 
33.72387 4.583658 10.42716 
-15.46608 82.16363 5.191131 
1.101105 88.85789 16.36967 
-9.823978 2.47749 10.16289 
1.810138 88.89834 16.09208 
-14.96071 83.49756 5.162828 
12.4791 82.97281 4.143278 
11.37577 85.29376 4.844447 
-23.44157 41.47179 23.69416 
9.489908 86.38219 4.635993 
5.080366 84.30818 26.42651 
-11.2939 87.20126 4.661705 
-24.10787 42.42179 23.56042 
6.809222 88.23064 4.416618 
7.138905 87.72954 4.971084 
-23.11229 42.35786 25.32677 
-0.4398064 59.92486 38.54711 
-28.22029 -53.55799 15.53636 
3.729938 88.71056 5.022293 
-26.49137 -53.76184 16.04568 
2.838785 89.33198 5.187259 
-34.6016 -53.78556 3.507838 
-32.9963 -53.49937 3.473756 
23.25559 -53.47182 4.518532 
29.6121 -53.68864 5.248923 
32.06142 -53.73327 17.08604 
-45.85849 -53.30473 6.713871 
26.40885 -53.33343 5.583484 
27.04356 -53.1573 4.754469 
-39.54484 3.97119 10.13396 
-36.01152 -4.188443 17.02211 
-31.68617 -51.1865 5.526212 
-31.58375 -50.0204 5.594731 
-39.70448 -53.40976 16.78609 
34.20539 3.445269 9.574286 
26.42463 -47.80318 4.984748 
28.08541 -48.24517 4.740566 
-24.18905 47.15613 24.22549 
-24.68124 49.07279 24.75897 
29.37405 -46.99802 5.195215 
20.65784 -46.00259 5.040084 
-23.86168 -31.27489 19.40092 
21.97437 47.76891 24.26323 
-43.67984 -45.35554 4.21805 
-39.18505 -44.88293 4.986122 
-38.40417 -44.48379 5.240406 
-34.87322 -44.89392 4.885302 
-37.71671 -44.45892 4.880757 
-42.39447 -44.28815 4.641159 
-29.80679 -35.02404 4.934645 
23.5261 51.13506 24.33416 
-32.01908 -35.4267 5.61865 
-28.03361 -34.42384 5.51904 
-25.44968 -33.28101 6.123026 
-35.58325 -32.87209 4.979136 
-33.47776 -32.98271 5.212127 
-34.82881 -32.38973 4.716219 
-2.392977 43.22537 34.80908 
-0.1817826 41.68388 34.47725 
22.63813 52.43546 24.87668 
-23.88645 -29.13985 4.826344 
24.4699 -28.20414 5.377356 
23.82458 -27.96421 5.421366 
27.18321 -27.67161 5.195781 
21.43796 -25.07145 4.929474 
-40.78305 -24.49089 5.039541 
19.46617 -9.996829 19.81909 
19.15923 -22.99693 5.389393 
19.77537 -21.87743 4.235878 
-41.42505 -22.88265 5.17415 
0.8532606 5.025307 10.93962 
34.78656 -50.57211 16.74055 
24.19158 54.96625 24.64759 
32.48653 -19.51037 4.817605 
-42.55788 -17.76882 5.455548 
-24.22066 -17.53238 5.461531 
18.54524 -15.02953 4.782225 
-5.606265 43.02707 34.51159 
-42.62238 -15.94785 4.282725 
16.46528 -9.958063 4.780993 
26.20751 -35.16237 28.43421 
18.93503 -49.72971 6.902083 
34.13132 -8.449855 4.89735 
18.5999 -34.78603 28.81967 
23.72654 62.70145 24.45592 
18.50222 -42.14333 29.08229 
-41.02182 -3.645859 5.904424 
-8.611201 69.90332 35.92331 
-6.437476 -5.095159 54.4492 
-0.2072714 61.99809 38.86595 
-13.65185 1.574296 5.69046 
33.52046 1.805291 4.514897 
-39.92174 1.813786 4.595613 
-39.3568 2.92667 4.835676 
-13.67974 2.759445 4.882985 
6.084112 42.64288 34.67118 
7.967495 4.049865 4.408176 
-39.04913 5.139105 6.126434 
32.19796 6.360059 5.42105 
-5.652204 16.29452 29.8657 
-38.12509 6.099744 6.009424 
33.44729 -47.41227 16.77561 
-25.11894 67.55145 24.63949 
-36.48641 7.936712 4.10217 
9.1904 70.32555 35.70953 
6.674929 84.19233 24.54122 
26.84408 13.4433 5.64773 
-35.50476 11.27718 9.677364 
25.18333 14.49574 5.291673 
21.77553 67.90692 24.43153 
16.33757 -45.58987 15.86185 
21.96761 15.51272 4.724027 
31.38062 -45.96778 16.38089 
5.545685 43.23387 35.15811 
21.26195 70.53798 24.08869 
-22.84772 18.86193 4.837133 
18.84156 20.07326 4.948991 
-0.46906 -5.38559 52.11295 
16.88157 -44.54185 15.7077 
-18.42707 22.24222 4.542819 
19.2187 46.90673 29.0424 
-16.90565 27.01081 4.658754 
15.90399 29.96419 5.578594 
-2.482953 6.096215 10.27948 
-19.9643 33.05749 6.391704 
16.80585 34.43254 4.486668 
-21.89234 72.44726 24.24564 
18.90258 35.05026 5.184783 
18.90083 36.60247 4.964151 
22.25267 39.66501 19.74611 
-30.15923 46.60198 5.36258 
28.85981 13.43221 9.570946 
16.85093 -41.61712 17.32949 
38.63112 46.87138 5.085745 
39.77063 47.73063 4.504066 
40.38664 48.55219 4.730175 
27.36234 15.39752 10.26519 
43.62252 50.72676 5.068204 
45.50061 53.47391 4.936077 
-5.566509 84.63306 25.12792 
45.10841 57.3042 4.819582 
-14.45728 61.5885 36.7021 
3.283699 7.675687 29.47223 
-41.02699 59.50995 5.155425 
-39.43402 61.86304 4.842538 
-17.19095 78.82673 24.67937 
-30.172 16.42241 10.46999 
-36.91756 64.68833 4.651879 
16.53799 -39.91371 15.81275 
-35.22411 64.29379 5.508405 
-33.97657 64.44076 5.921439 
32.09342 64.79785 4.131551 
33.78706 64.41111 5.081645 
-28.88186 65.51704 5.434332 
28.81848 66.05787 5.326964 
-28.36357 67.92415 4.468937 
-15.79558 79.38331 24.49557 
-28.79129 69.71871 4.783205 
23.94787 71.6181 5.469634 
3.029895 45.02697 34.6675 
22.08711 72.72721 5.395956 
-24.00933 73.43887 4.6513 
23.09912 41.51838 18.78479 
18.73864 75.84653 3.674153 
-20.62622 75.51034 5.012176 
24.22401 17.00922 9.47195 
-20.28814 76.18357 4.592256 
4.141453 84.76258 25.30196 
-16.89878 81.31331 5.400741 
30.22167 -36.64327 16.74549 
-15.79465 82.20285 6.400007 
13.25303 83.54748 5.410545 
25.01105 -33.59428 28.77235 
13.95964 81.17174 24.34946 
-40.18408 -36.24018 16.72217 
-8.615209 87.75494 4.368551 
-23.05042 -36.42483 16.83987 
9.72855 45.141 34.2463 
-1.509123 89.99722 6.105771 
-1.451814 89.55914 5.193397 
0.6960651 89.49631 5.262481 
-44.24102 -53.5061 4.696943 
-32.91014 -53.91127 6.701934 
-31.68273 -53.2303 5.757555 
-26.04732 -17.95769 18.25784 
20.49443 -53.56377 6.562302 
24.84303 -53.50009 5.466373 
19.79961 -52.95755 5.153517 
40.01642 -52.99181 5.135611 
-13.37498 44.99241 34.65758 
39.67596 -51.85884 5.352047 
-53.56591 -52.02327 6.395451 
-11.53997 84.04145 23.93446 
-24.68722 20.89443 9.782723 
19.53488 -49.66506 5.05776 
33.21689 -49.68557 6.142867 
-31.96141 -48.85012 5.510909 
32.03734 -47.50728 6.515244 
-52.81354 -48.62131 4.82232 
-9.747776 84.45501 23.55004 
27.15902 -48.8186 4.48421 
9.705832 46.05366 34.59981 
27.38875 -47.64621 5.453866 
-32.56558 -47.48114 4.995603 
-8.218913 84.12814 24.53234 
24.7507 -45.92792 5.426983 
-26.24767 42.82043 17.9655 
22.8246 -45.00538 5.549963 
-30.9611 -35.9409 5.561527 
-2.052141 -7.441997 55.83404 
-28.01865 -36.09917 6.122305 
-39.26792 -41.69111 11.16676 
12.25857 -29.95157 17.1793 
-22.21721 -29.6497 16.65083 
-33.73395 -34.00723 5.86353 
-36.81073 -32.84275 6.18425 
-36.9009 -31.0682 5.355337 
-38.63121 -30.08233 6.126628 
-41.28777 -27.99851 16.91415 
-15.16378 46.24408 34.75539 
22.71672 -27.04609 5.277164 
-3.886127 85.98034 25.02018 
21.75585 -26.57673 5.132266 
-22.70384 -26.19374 4.771864 
17.2652 26.73957 10.86775 
29.67885 -25.24373 5.464702 
-41.33574 -26.10902 5.77411 
29.69557 -24.12379 4.662135 
-21.80544 -23.90439 5.723328 
23.47803 -31.57473 28.79527 
-29.30897 -53.52948 24.71039 
25.65362 -21.03841 25.52007 
-16.35448 47.34734 34.30325 
31.30095 -22.06627 4.887026 
31.86137 -21.03105 5.88008 
9.228484 70.97472 35.5963 
19.07125 -21.20228 5.382576 
-42.1354 -19.77414 4.965572 
-22.96959 -19.4614 5.655544 
13.03388 -24.82869 18.36103 
19.77278 -20.15226 5.326803 
-31.50472 -53.30743 24.47973 
16.94638 27.60927 10.10715 
-25.33866 -16.58342 5.361313 
-25.27045 -15.65252 6.556631 
-26.11511 44.84742 17.62515 
-6.496258 60.8204 38.86702 
33.23595 -12.41319 5.118454 
-41.5841 -22.91916 16.47792 
0.01595758 6.032184 10.33062 
-19.57932 69.83067 30.19132 
34.91808 -6.775302 4.700399 
15.03966 -7.844993 5.240875 
-20.40474 -6.41146 5.359464 
-22.79916 -21.53556 16.85362 
-40.63347 -5.343723 5.597503 
8.155539 83.24322 25.4911 
-17.78617 -3.841381 5.555624 
-0.9242831 4.509997 37.03082 
11.20653 -1.805911 5.772006 
9.960822 0.08493339 5.82059 
0.4410089 3.776484 37.47029 
32.40699 -19.84836 16.6538 
34.40854 1.265456 6.353817 
-39.82976 2.314818 6.747623 
-33.01821 -51.27024 24.58938 
26.13322 -51.702 24.45193 
7.400995 4.404613 4.588089 
-12.08525 4.396878 5.103461 
-2.931131 5.117932 3.847282 
1.182063 6.122556 5.545561 
-31.02128 -51.06111 25.29302 
-23.95564 -51.05098 24.20003 
12.48255 -51.06976 23.61224 
-8.684062 71.85326 35.86854 
15.33285 -18.36869 17.03599 
25.10359 -31.25877 28.4693 
-25.85241 45.42405 21.19143 
28.95107 10.92867 5.644314 
23.06844 44.32065 17.69329 
-37.79789 -41.51578 10.0697 
-28.46377 14.47947 4.815299 
-14.76513 -3.169515 18.68273 
23.80371 15.59714 5.067521 
-27.00836 -41.85138 11.10461 
-21.20995 21.91563 5.488311 
-31.64813 -49.46027 25.29576 
-20.30783 20.8967 3.881284 
15.89218 22.37293 4.279268 
16.22274 23.57772 5.687987 
23.45308 47.84426 18.88942 
-27.132 -16.36187 17.59064 
-18.34509 25.065 5.944025 
-31.4037 -48.1246 24.92228 
-18.76863 32.50688 5.314534 
17.89594 33.59069 6.08261 
-19.82459 34.33424 6.164487 
-19.94728 35.06281 5.852696 
-37.88071 -14.72367 16.60622 
12.61902 -48.90462 25.70768 
14.34266 52.64773 34.41407 
12.96259 -47.42469 26.05908 
-28.81554 46.01192 5.76328 
27.84166 44.78186 4.611153 
29.30557 44.88685 5.80158 
22.75509 41.00526 9.021593 
-31.65041 -46.73981 24.63952 
-31.74649 46.80425 5.190215 
5.874576 84.34727 26.05069 
39.08082 47.97084 5.896922 
40.64663 49.28598 5.505295 
43.6152 53.33789 5.675336 
44.83445 52.30698 5.267948 
44.82691 53.93973 5.476522 
-41.87056 53.85996 4.941569 
-42.23544 55.72571 4.83515 
45.18597 56.33793 5.233149 
-27.52 -45.68875 24.30818 
-34.0134 -13.33898 16.25262 
-39.9965 60.0274 5.664841 
39.70475 60.76812 6.100314 
37.48626 62.28113 5.463717 
36.08625 63.40507 6.07629 
6.638079 72.79034 35.18674 
-32.48859 -12.94745 16.32745 
32.29621 64.99856 5.989017 
-30.51959 -13.36057 16.43218 
-29.51467 -45.58624 24.60451 
-29.60569 68.56553 5.597446 
26.08238 67.87284 3.337178 
-27.52345 71.18179 5.784327 
-25.27776 72.81316 5.915809 
-5.302337 84.77532 26.82404 
-21.43824 74.68681 5.633803 
20.22705 75.11894 6.301354 
18.45417 75.67318 5.271454 
26.86636 -44.87926 24.21272 
17.03574 77.6621 4.122289 
14.04653 81.61272 5.70634 
-31.45552 -11.66173 16.54334 
12.09604 85.06597 5.810194 
-13.06367 85.56972 4.687195 
10.21338 86.72851 6.063186 
3.989043 84.58424 26.62598 
14.87672 -41.62149 24.46604 
7.491694 88.40385 6.339619 
16.89585 -31.6575 26.93894 
-7.954581 89.10351 5.592404 
16.07598 -11.22234 16.26929 
-5.845597 89.81975 5.599031 
-4.096267 90.30547 6.144452 
29.4246 -53.70941 8.101311 
-36.19514 -53.16821 5.285724 
17.47783 -41.96813 28.97444 
33.05436 -53.36225 4.802765 
29.10447 -39.16659 25.18149 
14.54383 -39.52544 24.24742 
-53.03537 -52.65835 5.608538 
1.130839 -4.871847 41.11821 
40.756 -52.34613 5.822743 
17.7481 -16.20741 18.12839 
38.63781 -51.78415 5.747266 
34.72565 -51.25777 5.146628 
-29.4739 -10.42509 16.43266 
-28.477 51.98389 18.76522 
32.68686 -49.681 7.378369 
-48.80354 -50.49432 4.487758 
-6.054263 -6.935614 52.73179 
-47.97288 -48.18442 6.015432 
-4.198805 84.82872 26.69582 
-45.22386 -46.58863 6.212319 
-13.99078 44.14979 34.39019 
21.85925 -45.0744 5.824655 
27.47231 -30.45239 27.35788 
-39.26057 -43.61157 6.263945 
14.19945 -34.2276 24.29412 
-30.36651 -36.51311 5.919147 
-28.47663 -37.56054 7.015621 
24.66058 52.65122 18.5846 
-1.123613 84.99642 26.40697 
14.40295 -8.955442 15.42023 
30.16997 -31.74916 24.78641 
-20.50068 -7.943152 16.54475 
-38.15729 -31.93192 6.14946 
-24.5865 -30.60048 5.419154 
26.45557 -30.37178 5.93394 
26.11621 -28.77721 5.66305 
-23.40542 -27.47213 5.334606 
-32.89656 49.39556 9.987917 
29.78492 -29.88777 24.97089 
-28.23308 -52.82196 25.66958 
-22.32321 -27.04646 5.908814 
28.38797 -26.32341 5.144039 
19.26936 -26.97872 5.955625 
20.58747 -26.54309 5.95311 
-21.61324 -26.36237 6.412819 
19.50471 -25.61412 5.817242 
29.80937 -25.97979 5.971428 
-21.66267 -25.35349 5.764441 
30.10675 -28.20048 24.92561 
31.14898 -25.0818 6.106363 
19.87809 -24.97011 5.276289 
17.65848 -24.05391 5.912139 
-28.55919 55.58143 18.4719 
-42.36222 -23.21384 6.378401 
-21.65189 -22.40439 5.533167 
24.99619 54.35829 18.40079 
32.18814 -22.48257 6.56768 
6.285234 12.39559 27.60288 
-16.58971 64.43631 34.93118 
17.50228 -22.03544 6.661376 
-42.36732 -20.87192 6.166721 
13.40529 -53.22535 25.23656 
-4.831291 -2.405777 53.32116 
18.85429 -17.39388 5.778561 
-17.86743 -6.306036 16.8124 
29.4959 -25.11985 25.26577 
33.01679 -16.5786 6.394905 
-16.80263 -5.527393 17.58673 
-41.9696 -14.41234 5.973386 
33.11981 -14.08088 6.424912 
16.39601 -12.14086 5.995453 
-23.48389 -10.48583 5.872723 
29.4984 -23.37022 25.14325 
-21.14967 -8.382519 7.34173 
23.12051 -29.62273 28.65413 
-19.19397 -6.029621 6.826089 
30.19164 -45.87273 19.13575 
35.07768 -5.5707 4.846947 
12.94845 -4.511712 5.679541 
22.98816 -53.65644 26.52686 
-36.29416 52.48237 9.711246 
35.02438 -0.944245 6.166231 
-37.50911 -3.892308 15.97861 
25.18385 55.77964 18.22475 
15.44468 -45.34752 29.08497 
-40.6456 0.7201756 6.397976 
27.83126 -20.27363 24.6017 
28.5174 -21.20745 25.00138 
7.164952 3.293594 6.895586 
20.64794 -21.40312 25.44062 
7.941296 3.725779 5.354323 
32.18298 -3.583786 16.17673 
-39.68204 3.72823 6.414075 
3.316984 5.594419 5.263684 
33.04268 3.87921 4.960147 
-9.793873 4.73271 6.85758 
-4.252672 5.947539 7.301012 
-37.1545 -2.209559 16.47416 
9.842879 60.22488 37.09605 
14.6715 -53.27474 26.52875 
23.28502 -20.51551 25.19381 
30.84159 8.980057 5.86563 
-15.10573 67.58579 34.63117 
-36.72666 55.16486 9.929122 
-33.55938 11.73498 5.472417 
-22.72523 -0.008100081 24.50151 
25.7855 14.26288 6.132595 
-23.91804 0.5573688 24.43082 
-25.09813 16.65882 6.655866 
-29.23865 57.77827 18.09016 
22.44454 16.56139 5.920647 
21.93928 16.8035 6.031267 
25.62653 57.29232 18.18042 
-22.93307 22.09621 7.740406 
19.02419 -0.2530661 24.22439 
9.169161 0.04642849 17.31376 
-20.15722 22.78873 6.036653 
18.78065 1.455782 24.68221 
-17.76598 28.13494 6.71123 
-1.164792 2.312223 27.74737 
-18.64843 31.20628 5.953226 
24.60202 -52.98516 26.05649 
-36.83609 2.056737 17.02186 
-6.524423 -6.316228 54.65462 
-14.70595 -3.780802 17.14569 
16.68262 33.37329 5.882259 
-8.900424 1.899959 16.74738 
3.878868 45.97194 37.3429 
-20.04533 1.909077 24.94753 
-29.52956 59.25613 18.08585 
22.06399 41.24158 5.334692 
37.14638 58.3707 10.38205 
6.936861 2.433494 16.38395 
30.90985 44.49446 5.602736 
33.37082 45.0399 5.748011 
24.60351 -53.47683 25.5304 
36.84882 46.50883 5.304013 
-35.06358 47.69313 6.145034 
-38.47313 48.47183 5.537416 
39.35625 48.69916 6.761644 
-1.911993 -5.832895 55.19025 
42.05418 50.27113 5.731563 
-4.905995 63.48898 38.96853 
-39.47831 51.82236 6.826625 
10.93985 69.31658 34.51173 
-40.4146 52.41311 5.504224 
18.70831 2.047448 24.68126 
18.54778 3.201208 25.19348 
-40.67725 53.37702 6.054897 
-5.713861 4.829329 16.21386 
-40.69452 55.53746 6.503326 
43.70274 56.5184 5.401592 
42.5379 55.3824 6.256135 
-35.77692 60.13339 9.205695 
41.51217 57.03112 6.41464 
42.73338 57.07187 6.004085 
-11.16486 69.83973 34.67604 
31.07504 7.004926 17.57676 
-38.52333 62.67252 5.731561 
-37.3542 63.22789 6.248513 
-34.00014 60.89642 9.215991 
-29.40849 69.44748 5.779817 
-11.21044 70.48206 34.46634 
16.73792 3.339472 25.03848 
-2.245143 6.94055 16.96739 
18.45378 75.86017 5.99615 
-20.84883 76.77999 5.748355 
18.66514 76.72906 6.803741 
-18.38624 79.58973 5.964968 
12.29415 70.83441 33.96396 
-11.2807 71.67572 34.68376 
14.739 81.09702 4.716237 
-35.35831 11.01275 17.39475 
-30.65437 -14.81144 17.98963 
21.72657 3.254135 24.77826 
4.759923 89.30899 6.041354 
-28.50481 3.556288 24.46363 
30.12766 10.13969 16.82361 
23.14333 -51.85095 27.44927 
40.13296 -53.97728 6.860662 
-7.639458 46.78252 36.83208 
-30.66871 -52.95341 7.027703 
7.530264 13.81672 26.71169 
-2.898459 4.268314 25.06343 
24.996 -53.11915 7.026446 
39.87171 -53.59429 5.664557 
35.39834 61.04609 10.29586 
28.99281 12.01755 16.94987 
19.54651 -53.06777 6.739989 
22.70666 -53.4936 6.174686 
32.35183 -53.01713 6.675677 
41.21632 -53.49922 6.322776 
-53.08337 -52.51437 6.455509 
-48.66846 -52.4507 6.244275 
-33.87522 13.01151 16.58835 
15.56724 4.476325 24.62652 
40.06752 -50.70415 6.930771 
-30.86991 -50.54322 6.420005 
38.47168 -50.20355 6.680836 
-21.67188 49.66749 29.12874 
26.58257 14.08814 17.03434 
39.71497 -50.53517 6.394289 
-54.13017 -49.70534 5.019274 
-40.56681 -27.62233 18.82369 
-36.0327 9.786623 10.49285 
20.30835 -47.03434 5.874942 
24.10137 -49.95781 27.16067 
-31.72627 -47.33263 5.92311 
-46.55423 -47.7119 6.424371 
-30.02702 63.61594 9.631693 
26.70034 -46.95261 6.267831 
31.56065 63.27876 10.25378 
29.06959 -46.75274 6.105444 
22.84008 15.68951 17.43598 
-24.9911 -52.15762 25.6936 
28.35927 -46.31385 6.471697 
23.14326 4.107032 24.64581 
26.267 -45.7599 7.363375 
-34.35282 -44.20289 6.454428 
-33.21501 -44.92117 5.657647 
-32.05059 -44.7043 6.624403 
22.7867 -44.70055 6.516446 
-36.45467 -43.7077 6.413249 
31.93071 -48.99381 7.620036 
-40.71971 -43.93827 6.05802 
-37.84028 -43.53757 6.715873 
-34.98074 -43.64243 6.66072 
1.238033 4.227094 24.61781 
29.66374 65.52719 9.347826 
-28.83582 16.98444 16.26286 
-34.5114 -35.39126 6.135362 
-35.46406 -34.21577 6.333067 
-2.939206 47.50245 37.39209 
-36.42234 -33.61231 6.320364 
14.86426 5.809555 24.72132 
-3.540903 84.57874 27.24452 
-24.19834 -32.10603 6.32429 
-37.6921 -33.25879 6.874284 
-28.70895 64.13114 18.45971 
24.92833 -29.79995 6.325298 
27.54598 -28.93849 6.125798 
23.79076 -29.21039 5.931576 
-39.5766 -28.93915 6.316471 
22.57861 -28.95428 6.724346 
22.67299 -27.80321 6.144665 
28.61244 -28.05995 5.677524 
-29.96993 66.86828 10.03775 
15.83734 -44.43964 28.24536 
7.820318 74.97031 34.26646 
31.93255 -23.95984 6.738301 
18.83787 23.44072 16.5509 
31.15321 -23.3056 5.556013 
-21.08245 -22.05584 7.588757 
18.6615 25.41118 14.46177 
-42.47578 -22.30965 6.069452 
18.1184 -20.57486 6.14375 
-22.3012 -19.65198 6.640493 
-22.36367 -19.19056 7.242666 
18.56056 -19.37452 6.454583 
18.08761 27.11775 16.58885 
-24.78104 -16.44171 6.823398 
-25.30692 -13.45712 5.441854 
-7.896019 75.60658 34.05802 
-24.29994 -11.29959 5.743368 
-32.28376 -13.70849 16.66369 
32.9506 -11.67583 7.432883 
15.62006 -10.59875 6.305694 
33.19193 -10.28007 7.007546 
33.36175 -10.12972 5.448677 
-27.6248 70.54223 10.00017 
18.6634 32.78514 15.34865 
-20.09893 33.33261 15.12462 
13.40969 -6.901285 7.121923 
35.02445 -5.547537 6.567585 
-5.884062 75.33678 34.36054 
34.76408 -4.448585 6.829602 
-16.32845 -2.960294 6.851741 
35.19447 -2.997428 5.739931 
4.948619 75.82536 34.37563 
34.37322 0.2589488 6.084694 
5.028442 7.273663 24.87551 
-11.99377 2.532843 7.184787 
-22.17639 39.11611 16.80115 
-3.287934 76.55311 34.62897 
-22.81164 39.65588 15.37255 
21.47784 39.64633 16.27522 
0.1048927 5.770777 7.067735 
-37.55232 7.4174 5.966675 
-23.82609 41.48491 16.61687 
3.579545 6.166803 27.60038 
-34.42113 10.43803 5.222506 
-26.29628 71.96346 10.16925 
-29.07976 14.75602 6.093732 
-26.25794 15.94656 5.812305 
25.05652 68.09512 18.77884 
-0.681021 76.46096 34.76575 
0.02692441 65.5114 38.3037 
-24.62623 73.49084 9.462733 
-22.17086 22.35649 7.23524 
-19.35082 24.03778 6.709053 
-26.795 46.34938 16.87305 
1.311575 76.49564 34.63214 
-17.76561 30.04014 6.513069 
14.91731 7.855255 24.5613 
16.80431 32.92213 6.701703 
-27.68368 50.35843 17.03112 
-24.36014 74.81164 9.058569 
21.50606 75.16637 9.79749 
23.12827 41.96748 7.50237 
-2.50851 76.90488 34.51945 
20.68343 7.376645 25.03148 
31.796 44.4947 5.865776 
0.4966954 76.96546 34.38476 
-30.40392 47.14085 7.162908 
-32.24995 47.58844 6.430173 
24.00689 68.84196 19.24841 
-5.480395 -4.33111 41.31479 
-28.08311 52.51139 17.53356 
-37.80014 49.06058 6.736537 
40.86963 50.54702 6.100545 
20.36308 75.85775 9.453709 
42.48742 53.1903 6.422251 
23.54272 70.1373 17.81414 
12.35276 -27.9462 18.56748 
21.042 7.914721 24.8942 
-40.71869 56.96759 5.962938 
-39.68468 56.87228 7.308501 
39.66182 59.75877 7.108434 
-39.25208 60.28744 6.731299 
15.36969 9.438819 24.9326 
16.62603 8.516294 24.44258 
-21.99441 77.95555 10.67841 
-20.73453 77.91026 9.573181 
34.39497 63.86793 6.944379 
-29.93832 56.80861 16.65862 
30.64421 65.00101 6.522724 
-5.771833 7.209194 28.34462 
19.1903 77.01099 10.00244 
26.56489 67.49117 6.37926 
26.68832 57.84405 17.40426 
18.69064 78.16942 8.946312 
-7.915111 48.50489 37.60774 
19.23034 75.3171 7.221144 
-17.24792 81.64967 6.48173 
-1.16837 56.10199 39.39356 
-20.07596 79.74674 9.778402 
-14.15194 85.06891 6.15756 
-11.85692 87.42788 7.367753 
8.715052 86.91461 6.408841 
-10.8756 87.96434 6.456939 
-9.150536 87.91579 5.458726 
-29.17333 62.99151 16.71544 
2.145866 89.96763 6.181716 
0.2224406 -4.42192 35.27201 
30.442 -53.58219 6.893796 
38.31664 -53.45999 6.856853 
-29.33787 64.53812 16.97624 
-51.30945 -52.65879 6.169799 
37.31297 -52.3998 6.539457 
15.94991 -43.54217 27.58956 
15.28555 82.76889 9.617175 
33.76765 -51.54004 7.126706 
4.669111 48.51487 37.25225 
-52.1089 -49.06937 7.341091 
39.09174 -49.51027 7.511808 
-47.83291 -47.1071 7.155015 
20.69747 -46.4064 6.594819 
15.45997 16.44552 24.92905 
-6.150732 -0.6950403 35.43492 
29.80474 -46.52439 6.340185 
1.389194 84.52354 27.58522 
-43.53904 -44.79762 5.578603 
-19.93646 13.22821 25.18047 
-41.98988 -44.09702 6.086069 
24.68657 -44.75167 6.366966 
-35.39318 -38.41865 6.657487 
-28.04941 -51.10163 26.07524 
-30.26408 -37.95924 6.620991 
-35.718 -37.97374 6.630413 
-34.61571 -36.66006 6.874053 
-32.455 -37.18474 6.115841 
-33.51908 -36.14105 6.3342 
-35.66749 -36.32384 7.172079 
-37.32983 -35.78807 6.726548 
-26.09314 -34.75316 6.440701 
-37.75375 -34.87549 6.808156 
-14.9192 85.59106 10.3771 
-21.44297 16.5116 24.26242 
-1.593717 48.57486 37.50934 
14.60557 -45.11628 19.88873 
11.48335 86.2851 11.17783 
-40.52775 -30.38652 6.676435 
22.56061 73.30603 17.17066 
27.96101 -29.69963 6.965914 
-23.23626 -29.45442 6.326015 
-40.48132 -28.61149 6.916766 
21.25383 75.38012 17.20947 
20.4319 -27.63477 6.624485 
21.9871 -27.88044 6.417762 
-41.05979 -27.64889 7.206278 
29.87311 -27.22378 6.77741 
16.57937 -26.58719 7.01051 
17.28721 -25.54861 6.595557 
-41.20382 -24.12801 5.784487 
30.0846 -45.14322 18.39687 
-41.80095 -24.28188 6.905419 
14.84665 19.76154 24.67815 
-42.81404 -19.49322 5.980035 
-21.3673 78.81348 15.57886 
-20.17984 79.49157 15.61727 
-23.54431 -18.76781 5.943839 
-9.852156 88.71337 10.62678 
-42.52137 -15.9362 6.561156 
-23.78235 -16.99856 7.290504 
-42.65003 -14.63718 6.937316 
16.89165 -14.64635 7.288112 
-18.71006 81.74443 16.20855 
33.95684 -8.810424 7.292587 
2.997298 83.90154 27.73409 
-17.18979 22.35902 24.39172 
7.57263 47.96742 36.63574 
-1.779571 -7.478464 52.94881 
10.44141 -1.512785 6.725889 
-40.79299 -1.918012 6.100933 
-12.81985 0.1766633 8.693227 
8.845421 0.3946751 7.377298 
21.8796 75.01218 18.76558 
-1.781349 1.694779 42.4154 
-10.95864 3.856734 7.712693 
25.95998 -40.47451 26.72916 
-0.6948209 -0.5636545 29.75965 
-24.91461 -50.98372 25.13253 
-35.39137 10.79203 7.845994 
29.42205 11.47482 6.773575 
-51.45126 -48.1314 6.366578 
-10.66191 87.2129 16.45428 
26.78713 14.0557 7.330842 
19.6641 -41.75943 29.42778 
-27.51052 15.49698 7.052378 
14.75383 30.52532 24.93868 
6.443738 87.69982 17.2275 
22.70182 16.80933 6.744902 
27.91062 -36.17801 27.27256 
-6.864939 11.60935 28.07575 
-7.298667 41.745 34.38281 
-3.403705 90.62173 9.897687 
-17.43374 33.00982 26.00784 
14.95586 25.55775 5.345006 
-18.20936 26.50313 6.906395 
6.500266 43.12326 35.38172 
-13.56655 43.39295 34.49461 
-18.95908 30.80951 6.824068 
1.098803 64.84771 39.04124 
16.67474 31.79669 8.268484 
18.20109 33.41916 7.922849 
14.4991 34.91043 25.80651 
18.57865 34.07044 6.454807 
-20.58323 35.14775 7.170434 
33.02208 -53.84587 9.98963 
-21.29738 36.09694 6.816689 
-22.25378 37.08148 7.375453 
-23.42141 38.7125 6.615219 
20.93321 39.35046 6.741641 
-24.57441 40.61496 6.262991 
21.72423 40.78881 6.393199 
-41.12614 -47.68187 17.13065 
-26.41464 42.84591 7.373481 
26.18699 44.79746 7.451369 
-26.25341 -53.81988 17.48442 
15.60493 36.94636 24.46038 
35.89095 45.97256 6.743973 
32.8013 -53.73966 17.64018 
-7.1386 74.43788 35.24074 
-35.98623 48.23699 6.996187 
37.61717 48.00727 6.942461 
-33.46114 13.42205 11.11979 
16.21269 38.20798 25.06569 
-39.02502 50.37859 6.70997 
-18.23714 38.48378 24.32269 
41.2962 52.98357 6.581691 
-50.4119 -50.53807 3.728498 
-47.61253 -49.5007 4.095097 
-46.68281 -48.38312 4.553587 
-49.11895 -51.44796 2.090242 
51.87005 86.31932 -30.44651 
51.34909 85.18896 -32.12444 
51.31843 85.68107 -32.5497 
51.09558 86.4954 -33.89904 
52.75925 85.14072 -29.43234 
51.68668 84.69757 -30.23978 
34.0648 -50.60455 4.774383 
3 7 1 2 
3 3589 2235 9265 
3 42 3 17 
3 8 2 3 
3 5 3 2 
3 2 1 4 
3 8756 6325 5804 
3 5626 3755 922 
3 1 11 24 
3 5 2 4 
3 1 7 9 
3 2 8 7 
3 11393 11678 9405 
3 24 4 1 
3 9 7 13 
3 180 239 238 
3 5668 3352 6766 
3 1671 1548 1386 
3 9083 380 10769 
3 14 4 24 
3 42 8 3 
3 4803 6829 11920 
3 12 24 11 
3 6560 451 2450 
3 1977 1991 9169 
3 633 727 695 
3 1199 1200 1257 
3 14 25 16 
3 1611 2125 2582 
3 17 5 16 
3 1634 8570 647 
3 908 11330 924 
3 1036 1325 1216 
3 13 78 21 
3 5635 9666 1621 
3 8754 9666 5635 
3 5164 4829 694 
3 8 42 13 
3 6801 7009 7462 
3 11920 10253 6581 
3 36 35 18 
3 20 36 18 
3 52 53 32 
3 11905 1522 11935 
3 6065 5565 5312 
3 18 28 20 
3 90 20 28 
3 42 78 13 
3 1 9 11 
3 597 5289 1975 
3 40 12 39 
3 14 24 51 
3 11238 908 8424 
3 2040 6973 8424 
3 80 16 25 
3 2204 2224 9918 
3 648 501 538 
3 3343 6049 2464 
3 37 38 28 
3 5670 1621 6057 
3 8342 1969 4373 
3 8875 8789 854 
3 12 11 21 
3 9666 8754 3882 
3 6808 5911 2767 
3 39 21 76 
3 24 40 51 
3 5635 5670 10921 
3 11111 2522 970 
3 42 17 79 
3 64 80 25 
3 4572 3612 2762 
3 80 17 16 
3 44 45 32 
3 52 32 33 
3 21 9 13 
3 33 45 85 
3 32 45 33 
3 35 36 101 
3 7077 5635 10921 
3 96 109 85 
3 558 742 511 
3 85 45 96 
3 37 35 47 
3 25 14 51 
3 4471 683 3547 
3 21 39 12 
3 10921 6193 7077 
3 121 28 38 
3 1621 5219 6057 
3 649 650 540 
3 61 78 92 
3 42 79 78 
3 7077 8754 5635 
3 2010 7016 2020 
3 2700 5946 11946 
3 96 45 44 
3 25 51 113 
3 3882 5219 9666 
3 6353 2962 2944 
3 8708 7516 1663 
3 85 57 33 
3 51 63 113 
3 7999 8867 7190 
3 5944 3352 5668 
3 10255 836 11946 
3 711 714 915 
3 17 81 79 
3 20 46 36 
3 52 33 57 
3 103 86 46 
3 1566 1438 1862 
3 21 78 61 
3 1511 10211 8530 
3 7425 7415 7440 
3 93 169 79 
3 6836 7328 6837 
3 113 126 25 
3 44 32 53 
3 6940 3421 5135 
3 11946 836 835 
3 5155 2522 11111 
3 68 96 44 
3 1610 1343 1556 
3 9856 11241 883 
3 434 3624 3605 
3 86 36 46 
3 90 103 46 
3 163 101 86 
3 3 5 17 
3 3663 4497 1246 
3 149 122 74 
3 61 111 76 
3 94 83 70 
3 1554 970 2522 
3 128 44 65 
3 1470 6049 3343 
3 64 25 126 
3 10255 11946 5946 
3 24 12 40 
3 11747 2467 6656 
3 11111 1870 5155 
3 540 616 649 
3 17 80 81 
3 7328 6836 1629 
3 1917 1626 1690 
3 7037 4946 835 
3 37 47 74 
3 11895 8545 2362 
3 5634 10784 5946 
3 1586 1855 2004 
3 11854 1510 5668 
3 122 121 38 
3 1507 1510 11841 
3 136 149 74 
3 92 79 169 
3 92 78 79 
3 8754 11041 3882 
3 10966 11834 1701 
3 2994 11756 11593 
3 115 65 53 
3 1506 11849 3129 
3 83 94 115 
3 223 163 86 
3 53 83 115 
3 882 842 878 
3 5249 6878 4363 
3 95 109 96 
3 10784 2991 10764 
3 10811 9963 9960 
3 4370 1104 5207 
3 2732 1920 1847 
3 5219 3882 8290 
3 6771 8631 6777 
3 11803 1454 11824 
3 150 209 189 
3 150 189 151 
3 165 74 47 
3 99 57 85 
3 47 35 120 
3 109 157 134 
3 1467 3091 1452 
3 11846 1501 11829 
3 2628 11756 5824 
3 3585 2824 6735 
3 112 61 92 
3 111 61 112 
3 91 40 106 
3 1502 11831 6775 
3 112 169 168 
3 40 91 63 
3 650 649 769 
3 7037 835 838 
3 127 80 64 
3 403 719 1486 
3 8334 6975 7037 
3 99 85 134 
3 6401 4905 7237 
3 10105 6654 4682 
3 101 36 86 
3 145 165 47 
3 4150 8754 7077 
3 121 172 90 
3 6057 7154 5670 
3 103 90 172 
3 136 74 165 
3 7999 10428 8853 
3 128 140 181 
3 92 169 112 
3 190 210 2765 
3 5643 11871 2773 
3 127 93 81 
3 11831 1502 11824 
3 345 402 344 
3 142 140 115 
3 117 128 139 
3 68 128 117 
3 157 95 194 
3 6193 9466 9992 
3 10173 375 1676 
3 7348 7453 7455 
3 1483 3239 11101 
3 6733 3240 6762 
3 145 47 120 
3 10109 10137 6695 
3 143 99 134 
3 173 172 121 
3 9466 6193 10921 
3 8797 8290 3882 
3 4046 3147 2286 
3 11041 11367 3882 
3 11854 6766 5089 
3 11304 373 1021 
3 86 103 146 
3 154 64 126 
3 154 127 64 
3 4702 4684 3670 
3 8647 9038 8119 
3 10468 1675 9955 
3 1202 2243 6644 
3 157 109 95 
3 95 68 117 
3 10269 700 689 
3 429 11621 1301 
3 7516 1665 1663 
3 7154 3448 4578 
3 2728 6662 2824 
3 146 103 172 
3 158 143 161 
3 151 124 150 
3 76 124 106 
3 124 111 112 
3 124 112 150 
3 124 151 106 
3 6621 3943 10577 
3 1351 320 937 
3 10577 1926 10744 
3 11638 3091 1470 
3 429 1301 2444 
3 5670 5635 1621 
3 231 236 1126 
3 142 115 132 
3 117 193 194 
3 8944 11927 1606 
3 146 202 223 
3 158 132 94 
3 6621 749 3943 
3 4160 5142 5185 
3 1937 2187 1938 
3 143 158 99 
3 2961 3140 3311 
3 143 134 160 
3 120 163 183 
3 11638 11618 3091 
3 245 165 145 
3 10577 3943 1926 
3 11367 11649 8797 
3 4625 2802 4641 
3 7850 11407 7862 
3 9223 6686 5808 
3 122 149 173 
3 160 161 143 
3 151 91 106 
3 138 112 168 
3 63 91 176 
3 11435 930 11403 
3 6760 6759 8620 
3 4208 11448 1440 
3 139 193 117 
3 3916 1189 9915 
3 11030 10848 10501 
3 1440 11448 6321 
3 3102 2323 10120 
3 128 181 139 
3 1504 1564 1409 
3 7867 7540 8460 
3 194 299 157 
3 160 134 157 
3 1896 7128 129 
3 8147 465 1711 
3 216 132 182 
3 101 163 120 
3 1436 1540 1537 
3 811 923 844 
3 204 149 148 
3 2148 3138 5119 
3 138 209 150 
3 841 880 881 
3 8799 5962 1653 
3 1824 1976 1899 
3 112 138 150 
3 63 177 113 
3 169 93 256 
3 256 93 180 
3 180 93 127 
3 258 154 126 
3 154 180 127 
3 729 701 639 
3 142 181 140 
3 11367 8797 3882 
3 142 240 181 
3 132 158 182 
3 183 163 268 
3 2870 8582 7673 
3 1647 7537 655 
3 120 183 145 
3 10514 11666 10548 
3 173 149 204 
3 6735 10688 3585 
3 6150 379 5131 
3 6412 6410 5627 
3 282 161 266 
3 176 91 151 
3 11768 5899 937 
3 936 1419 1027 
3 258 126 179 
3 239 154 258 
3 205 209 207 
3 260 262 317 
3 5996 9863 687 
3 95 117 194 
3 8379 668 8464 
3 2957 8060 8072 
3 202 146 172 
3 197 199 185 
3 229 165 245 
3 172 173 203 
3 2218 2217 2552 
3 200 196 402 
3 165 229 136 
3 828 768 732 
3 282 263 182 
3 5627 5893 6412 
3 189 212 151 
3 9956 1748 7714 
3 151 212 176 
3 380 9083 400 
3 168 169 256 
3 191 168 256 
3 302 2331 4089 
3 176 177 63 
3 11640 8359 11695 
3 237 258 179 
3 139 181 215 
3 4241 7154 6057 
3 132 240 142 
3 280 194 193 
3 158 161 182 
3 183 268 286 
3 299 194 217 
3 183 286 195 
3 338 288 368 
3 243 197 220 
3 196 199 243 
3 243 199 197 
3 223 268 163 
3 233 250 253 
3 9591 4439 11161 
3 199 200 227 
3 2438 2439 2729 
3 5219 8290 1201 
3 200 199 196 
3 168 191 138 
3 3076 2715 2990 
3 2375 1269 4252 
3 229 148 136 
3 3066 11695 3074 
3 591 2365 1483 
3 589 2367 10948 
3 5067 1748 9956 
3 173 205 207 
3 204 148 250 
3 232 249 202 
3 2365 11063 3230 
3 926 847 601 
3 189 233 212 
3 176 234 254 
3 205 173 204 
3 233 234 212 
3 81 93 79 
3 180 238 256 
3 237 179 177 
3 2499 4363 2496 
3 4178 11938 8343 
3 3104 3084 3984 
3 240 216 281 
3 6573 6697 6571 
3 266 161 160 
3 755 753 723 
3 336 243 220 
3 4150 7077 9992 
3 687 6290 5949 
3 219 242 221 
3 937 1052 1351 
3 242 222 221 
3 86 146 223 
3 238 215 260 
3 242 220 222 
3 198 197 185 
3 198 227 228 
3 232 202 203 
3 5674 300 549 
3 172 203 202 
3 232 203 207 
3 205 204 250 
3 797 796 765 
3 138 232 207 
3 400 9083 11278 
3 223 202 288 
3 256 255 191 
3 176 254 177 
3 9080 8092 11475 
3 9353 1290 6996 
3 277 215 238 
3 7714 2828 6156 
3 181 262 260 
3 8439 1595 7521 
3 586 474 619 
3 240 132 216 
3 1056 754 788 
3 216 182 263 
3 234 233 253 
3 277 261 215 
3 161 282 182 
3 242 284 220 
3 759 857 1018 
3 301 285 332 
3 8545 6788 11855 
3 6762 3240 808 
3 205 233 189 
3 2496 1539 2487 
3 249 232 251 
3 148 229 250 
3 212 234 176 
3 254 234 253 
3 1309 1253 1415 
3 6331 5906 5502 
3 139 215 193 
3 10044 9855 9341 
3 181 240 262 
3 9992 6250 4150 
3 221 222 224 
3 10170 6674 9391 
3 193 261 280 
3 198 224 222 
3 10209 11809 11814 
3 181 260 215 
3 261 193 215 
3 1052 937 1298 
3 8923 9937 7256 
3 5641 5544 283 
3 281 262 240 
3 217 194 280 
3 4241 6057 4422 
3 266 160 299 
3 284 242 301 
3 345 200 402 
3 158 94 99 
3 6290 687 9863 
3 304 268 223 
3 5544 3184 283 
3 260 385 314 
3 221 224 371 
3 5716 937 320 
3 249 288 202 
3 228 307 224 
3 195 319 306 
3 9594 11157 11160 
3 245 290 229 
3 228 270 289 
3 272 229 290 
3 291 249 251 
3 286 319 195 
3 1156 9992 5222 
3 255 274 232 
3 293 310 347 
3 295 258 237 
3 295 277 258 
3 277 239 258 
3 260 275 238 
3 621 4984 11800 
3 2308 1198 3201 
3 261 277 295 
3 297 295 315 
3 216 263 281 
3 7126 6809 6379 
3 3020 1384 3031 
3 1238 4497 351 
3 8826 8824 8457 
3 973 1039 11017 
3 336 284 363 
3 1959 1960 2037 
3 286 268 304 
3 5962 1636 1653 
3 338 304 288 
3 8267 10020 3097 
3 371 285 221 
3 222 197 198 
3 4853 7799 1321 
3 288 249 325 
3 306 290 245 
3 3465 434 9237 
3 325 249 291 
3 253 250 272 
3 10921 4578 9466 
3 5222 9992 9466 
3 10921 5670 4578 
3 11797 6150 10979 
3 1930 2168 1766 
3 272 290 326 
3 255 275 313 
3 250 229 272 
3 7660 1265 9434 
3 315 237 293 
3 10630 2828 6006 
3 315 295 237 
3 11589 11612 10019 
3 295 297 280 
3 8797 11649 7856 
3 6057 5219 4422 
3 281 263 298 
3 331 299 217 
3 389 266 299 
3 266 358 282 
3 1461 2235 452 
3 8696 8022 7457 
3 40 39 106 
3 304 318 286 
3 337 285 371 
3 253 272 310 
3 825 1028 905 
3 336 340 243 
3 340 196 243 
3 11367 6624 11649 
3 115 94 132 
3 306 341 343 
3 196 340 402 
3 224 307 371 
3 319 341 306 
3 326 290 306 
3 345 270 200 
3 200 270 227 
3 270 228 227 
3 507 554 479 
3 2858 2995 11589 
3 325 291 327 
3 378 327 291 
3 309 310 272 
3 309 272 346 
3 232 274 251 
3 6560 2444 1301 
3 251 378 291 
3 251 274 378 
3 902 860 731 
3 9103 9481 1086 
3 310 293 254 
3 313 274 255 
3 313 275 314 
3 3282 3107 2844 
3 7617 8522 8702 
3 280 261 295 
3 4520 4200 4598 
3 382 350 562 
3 5055 2123 2101 
3 286 318 319 
3 281 317 262 
3 297 387 280 
3 387 217 280 
3 10530 7533 230 
3 3128 3392 2947 
3 358 298 282 
3 266 389 358 
3 2798 2811 1720 
3 9265 2235 1461 
3 337 332 285 
3 358 355 329 
3 2248 192 10260 
3 5242 9083 10769 
3 11589 8250 2858 
3 301 242 219 
3 3508 3384 11862 
3 219 285 301 
3 4241 3829 7154 
3 288 325 368 
3 343 326 306 
3 402 340 370 
3 324 289 270 
3 8754 4150 11041 
3 324 307 289 
3 423 11278 5368 
3 270 481 324 
3 1328 403 1512 
3 347 310 309 
3 382 274 313 
3 378 274 311 
3 314 350 313 
3 293 347 386 
3 386 349 407 
3 274 382 311 
3 408 317 329 
3 332 365 301 
3 297 315 353 
3 281 298 329 
3 331 389 299 
3 1467 1470 3091 
3 363 366 336 
3 1848 11712 2894 
3 6768 7671 5868 
3 10979 1422 11364 
3 319 318 367 
3 450 325 327 
3 7245 7022 7021 
3 10617 11342 3636 
3 3739 11408 5890 
3 2198 2532 2272 
3 122 173 121 
3 453 307 324 
3 311 482 404 
3 7323 10642 9088 
3 343 454 326 
3 481 270 345 
3 2203 1356 4595 
3 434 3465 4976 
3 10127 2210 125 
3 10127 125 1062 
3 338 368 418 
3 9466 3448 5222 
3 349 386 347 
3 2552 2749 2655 
3 8918 10380 322 
3 315 293 386 
3 1010 1007 1053 
3 315 386 352 
3 457 408 458 
3 11632 11246 10002 
3 3957 11906 2264 
3 9021 5210 2544 
3 361 360 390 
3 5155 3443 3432 
3 361 362 360 
3 4792 4562 4997 
3 472 391 498 
3 2465 1384 2274 
3 10117 4943 10078 
3 390 391 361 
3 387 331 217 
3 2305 8799 1653 
3 275 255 256 
3 257 5016 3405 
3 764 796 861 
3 336 366 419 
3 841 782 880 
3 336 419 340 
3 318 338 367 
3 338 318 304 
3 319 367 339 
3 9237 434 2607 
3 420 343 341 
3 238 275 256 
3 10089 11696 11686 
3 2646 7685 11898 
3 9342 9679 9087 
3 5063 1277 2232 
3 371 398 337 
3 547 444 583 
3 385 350 314 
3 481 345 480 
3 509 453 324 
3 7781 11246 1201 
3 2993 7973 3825 
3 6402 7282 837 
3 391 394 361 
3 6897 3853 2863 
3 2954 4777 3854 
3 4976 3465 5616 
3 381 347 309 
3 10265 3147 10548 
3 349 347 381 
3 512 309 346 
3 408 457 385 
3 459 353 352 
3 352 353 315 
3 408 260 317 
3 281 329 317 
3 141 3484 147 
3 257 1403 5034 
3 11800 11778 621 
3 392 391 390 
3 9947 9986 2465 
3 4422 11632 4241 
3 360 362 467 
3 391 472 394 
3 414 439 438 
3 282 298 263 
3 361 394 362 
3 7957 9538 10316 
3 2867 3213 3305 
3 3568 3385 3570 
3 1689 1410 1457 
3 301 365 363 
3 11040 7178 7112 
3 365 414 363 
3 1071 9679 9342 
3 5746 9013 9704 
3 340 419 370 
3 9804 2454 4962 
3 294 1441 5676 
3 6250 11041 4150 
3 366 395 419 
3 3350 87 9876 
3 2029 9320 7526 
3 2029 7817 9343 
3 116 3050 2163 
3 4430 1212 2049 
3 1233 1228 1173 
3 4970 4109 3331 
3 418 396 338 
3 450 418 368 
3 9265 11708 3589 
3 6136 10173 9397 
3 5823 6149 6251 
3 2980 8099 11463 
3 447 420 341 
3 6851 6745 6741 
3 11632 4422 11246 
3 73 59 8357 
3 9632 1625 9644 
3 398 444 415 
3 5584 9133 9686 
3 6157 5953 5956 
3 9096 9653 10391 
3 1255 213 5328 
3 2169 5979 10774 
3 381 455 349 
3 1216 1034 984 
3 6542 2141 2125 
3 4129 4174 3228 
3 8784 1201 8290 
3 353 409 387 
3 4928 7736 2431 
3 1845 10002 11246 
3 11571 1201 8784 
3 459 409 353 
3 408 329 487 
3 6668 8918 3504 
3 8290 8797 7856 
3 487 329 355 
3 9087 8934 19 
3 331 430 410 
3 1201 11571 7781 
3 4101 6693 7005 
3 389 410 432 
3 358 389 432 
3 467 528 526 
3 392 390 463 
3 4021 5038 4014 
3 11540 9976 4506 
3 436 391 392 
3 1681 9716 580 
3 11791 11793 5395 
3 362 437 467 
3 472 498 500 
3 454 512 346 
3 437 362 470 
3 470 362 394 
3 472 470 394 
3 5137 77 8365 
3 365 413 439 
3 365 439 414 
3 4349 4341 4730 
3 740 9697 4531 
3 9679 1071 9745 
3 395 474 419 
3 415 413 332 
3 416 367 396 
3 11627 1206 11811 
3 338 396 367 
3 8428 5660 974 
3 9878 2988 60 
3 4108 11922 5881 
3 368 325 450 
3 3681 7856 11649 
3 685 715 482 
3 1073 991 1116 
3 307 453 424 
3 667 11898 7685 
3 3681 10748 7856 
3 510 343 420 
3 7407 9710 3586 
3 510 454 343 
3 479 402 370 
3 552 327 404 
3 11079 7013 11074 
3 557 480 344 
3 8898 6457 405 
3 10935 8516 5682 
3 322 3504 8918 
3 483 512 561 
3 5219 1201 4422 
3 312 302 1336 
3 455 516 407 
3 483 309 512 
3 381 309 483 
3 4657 6370 6353 
3 386 407 352 
3 5222 3829 1142 
3 517 408 487 
3 8044 7715 8042 
3 6245 393 4538 
3 11397 3869 850 
3 933 9126 10733 
3 1709 6528 6144 
3 9430 8428 976 
3 2220 11437 1430 
3 1989 2234 2157 
3 2444 2450 5190 
3 1047 8099 2980 
3 358 432 355 
3 10234 11649 6624 
3 7142 7237 4327 
3 526 463 390 
3 534 498 391 
3 410 389 331 
3 390 360 467 
3 11974 7680 680 
3 437 468 467 
3 3746 23 8003 
3 462 436 392 
3 417 5137 8365 
3 11041 6392 11367 
3 440 439 413 
3 413 415 440 
3 11421 853 6119 
3 367 416 339 
3 502 414 438 
3 390 467 526 
3 1663 9802 9810 
3 450 505 418 
3 9214 4526 3829 
3 3615 9981 9251 
3 445 585 416 
3 416 396 445 
3 2748 2463 2374 
3 481 509 324 
3 546 415 547 
3 2033 9251 104 
3 5746 3318 9013 
3 447 341 339 
3 542 438 439 
3 958 847 1007 
3 371 424 398 
3 5079 7972 294 
3 1600 1477 1602 
3 123 6114 8468 
3 477 327 552 
3 1326 2945 2164 
3 8970 8934 4342 
3 344 402 554 
3 552 404 508 
3 5242 4911 5208 
3 482 508 404 
3 1430 11437 411 
3 9986 8267 3097 
3 8551 8733 8549 
3 483 455 381 
3 6028 10628 10406 
3 949 10406 947 
3 484 485 352 
3 260 408 385 
3 459 352 485 
3 890 9169 11518 
3 487 567 517 
3 4556 2334 1465 
3 569 409 459 
3 569 459 486 
3 3647 6351 9147 
3 11583 11434 7421 
3 1429 1427 1642 
3 3021 2551 2925 
3 7856 8784 8290 
3 491 410 523 
3 491 432 410 
3 460 432 491 
3 425 2164 2945 
3 436 462 494 
3 524 494 462 
3 6700 3116 2232 
3 575 534 436 
3 528 467 468 
3 7391 8362 4700 
3 7799 166 1321 
3 391 436 534 
3 2914 9343 7817 
3 9475 9106 9995 
3 1588 1205 1471 
3 432 460 355 
3 395 366 541 
3 4774 4782 4762 
3 541 366 441 
3 31 30 1789 
3 11632 9214 3829 
3 366 414 441 
3 6250 6392 11041 
3 903 873 3796 
3 9327 976 3325 
3 11095 1973 951 
3 326 454 346 
3 442 339 416 
3 445 396 587 
3 7328 1629 8827 
3 3845 3842 3574 
3 11632 3829 4241 
3 3796 873 8843 
3 2811 726 2707 
3 327 477 450 
3 7973 2993 3746 
3 492 525 490 
3 444 398 551 
3 3661 7259 3674 
3 8891 2846 9358 
3 10868 9253 5841 
3 482 311 685 
3 7182 11241 3566 
3 5949 2805 4794 
3 10664 11696 5120 
3 484 407 566 
3 3829 5222 3448 
3 11930 2188 6392 
3 517 458 408 
3 567 487 460 
3 4914 4876 5760 
3 430 569 489 
3 10340 11967 7566 
3 430 523 410 
3 3024 2993 3825 
3 1361 1416 1309 
3 739 1013 4115 
3 8095 8984 8972 
3 527 526 528 
3 11628 3762 11939 
3 5387 2691 3586 
3 6392 2188 2301 
3 496 497 533 
3 2301 6624 6392 
3 531 497 496 
3 531 612 497 
3 7885 3024 3825 
3 2123 1482 7555 
3 401 576 643 
3 498 534 500 
3 3525 11406 10778 
3 639 701 500 
3 2334 8412 3161 
3 1179 1000 1084 
3 6250 10922 11930 
3 1799 1602 1655 
3 544 542 439 
3 440 544 439 
3 579 619 395 
3 619 474 395 
3 9992 1156 6250 
3 415 546 440 
3 2785 3482 7487 
3 442 416 585 
3 2711 8331 11449 
3 418 587 396 
3 11663 11137 1417 
3 479 554 402 
3 505 450 477 
3 2334 3161 1465 
3 2509 4271 909 
3 11649 10234 3681 
3 506 424 453 
3 7685 8129 667 
3 8043 9773 422 
3 558 481 557 
3 479 553 507 
3 928 9196 3962 
3 479 370 553 
3 5446 642 6689 
3 348 589 359 
3 4682 11755 4707 
3 511 509 481 
3 9579 1063 1051 
3 596 382 562 
3 8048 2957 603 
3 4165 8003 23 
3 516 455 561 
3 485 484 566 
3 9929 726 2835 
3 661 486 485 
3 490 519 518 
3 1618 11798 11300 
3 1142 1156 5222 
3 518 522 490 
3 521 491 524 
3 573 521 524 
3 606 524 491 
3 491 521 460 
3 494 606 575 
3 494 524 606 
3 525 572 490 
3 430 409 569 
3 312 10916 302 
3 7555 2101 2123 
3 573 524 526 
3 4955 4921 7563 
3 496 530 529 
3 574 496 533 
3 5473 10922 6250 
3 7209 6630 11067 
3 1054 1056 1055 
3 574 530 496 
3 1320 1476 1532 
3 611 468 535 
3 536 472 500 
3 9995 9647 9475 
3 1766 1584 1468 
3 618 675 619 
3 617 543 502 
3 674 578 671 
3 501 542 538 
3 650 538 544 
3 501 502 438 
3 4932 3916 3902 
3 541 543 578 
3 541 441 543 
3 11536 427 1440 
3 578 579 541 
3 7738 9111 11952 
3 11628 2417 3748 
3 440 546 616 
3 7782 10348 7780 
3 6536 2486 6515 
3 445 587 548 
3 11628 11939 2417 
3 9644 11408 5485 
3 2809 10856 3496 
3 9216 9592 10096 
3 587 418 505 
3 5158 2738 5153 
3 553 370 474 
3 592 505 477 
3 993 918 875 
3 551 424 506 
3 593 420 622 
3 8005 7983 7984 
3 627 344 554 
3 2301 10234 6624 
3 9214 11632 10002 
3 741 627 554 
3 558 557 656 
3 481 558 511 
3 556 512 454 
3 742 558 686 
3 4226 6622 11522 
3 2670 2981 3661 
3 685 311 382 
3 557 344 627 
3 10380 9862 322 
3 2133 9749 6284 
3 565 562 457 
3 598 517 567 
3 566 629 813 
3 511 626 453 
3 599 522 518 
3 1168 1122 1124 
3 11387 924 11330 
3 663 599 518 
3 568 522 599 
3 1124 1122 999 
3 567 460 521 
3 1324 1322 1375 
3 492 490 522 
3 490 572 519 
3 7854 7851 8253 
3 4706 4547 4624 
3 4039 4964 4016 
3 1092 1184 1185 
3 604 571 489 
3 9205 10428 7999 
3 771 1465 3161 
3 523 489 571 
3 527 573 526 
3 7400 10776 10786 
3 8570 2305 647 
3 6290 9863 11124 
3 695 575 606 
3 6250 1156 5473 
3 795 637 641 
3 574 533 637 
3 695 635 575 
3 10393 3566 10059 
3 5744 5458 5870 
3 524 462 526 
3 496 529 531 
3 577 645 614 
3 645 577 612 
3 612 577 497 
3 1454 11831 11824 
3 4480 678 7801 
3 8420 10616 810 
3 890 11518 4228 
3 440 540 544 
3 3762 5321 11939 
3 3762 734 5321 
3 542 544 538 
3 1156 1142 5473 
3 546 547 581 
3 4041 1250 2271 
3 581 547 583 
3 9818 9795 9791 
3 585 445 548 
3 681 505 592 
3 398 424 551 
3 551 506 588 
3 739 10046 1048 
3 420 593 510 
3 510 593 556 
3 8012 10135 1756 
3 556 454 510 
3 2981 2670 466 
3 951 11682 9293 
3 5951 11387 11583 
3 686 558 656 
3 561 455 483 
3 685 382 596 
3 1134 1184 1014 
3 10748 3681 10138 
3 59 1198 9843 
3 629 516 561 
3 4838 7483 2979 
3 2454 9078 4948 
3 3488 6220 1657 
3 705 674 671 
3 1647 6836 6837 
3 661 485 566 
3 2835 2811 9722 
3 9244 9697 11290 
3 7394 2171 610 
3 568 599 601 
3 599 663 748 
3 1026 1245 758 
3 4078 5852 11568 
3 546 651 616 
3 3211 549 10929 
3 665 572 525 
3 567 521 631 
3 523 606 491 
3 10660 11027 11361 
3 2107 734 1259 
3 726 2811 2835 
3 638 608 636 
3 11946 4946 11243 
3 6808 2789 4768 
3 610 10393 5951 
3 528 608 527 
3 1250 4041 4039 
3 629 561 658 
3 571 695 606 
3 1238 2263 1246 
3 1626 1573 1690 
3 575 635 534 
3 636 608 528 
3 574 634 530 
3 1537 1604 1436 
3 3566 10393 2171 
3 502 543 441 
3 7781 1845 11246 
3 11275 10667 10234 
3 10138 10234 10667 
3 692 721 600 
3 4946 11946 835 
3 613 645 612 
3 638 636 611 
3 611 535 638 
3 670 536 500 
3 501 648 502 
3 8482 5742 4894 
3 28 18 37 
3 670 535 536 
3 18 35 37 
3 2928 1026 570 
3 1777 10038 10135 
3 617 578 543 
3 5650 3858 3852 
3 7875 1229 7865 
3 709 504 584 
3 1370 1427 1373 
3 2759 2313 2393 
3 709 622 504 
3 3832 3477 3837 
3 908 11238 11330 
3 2188 10234 2301 
3 10059 11241 9856 
3 684 593 623 
3 553 586 778 
3 1245 1276 1538 
3 741 554 507 
3 11525 6192 9214 
3 3434 3613 3699 
3 507 553 624 
3 167 11886 11535 
3 2626 11585 8504 
3 4849 2977 3858 
3 714 552 715 
3 626 511 654 
3 7118 9632 5485 
3 688 512 556 
3 3074 2289 2292 
3 8487 6761 3476 
3 596 562 563 
3 565 458 660 
3 660 458 517 
3 517 598 662 
3 9705 1637 9580 
3 519 572 723 
3 646 578 617 
3 1045 1083 923 
3 1376 1319 1433 
3 2263 2801 11294 
3 522 568 492 
3 2178 7695 4567 
3 1260 3666 2906 
3 571 604 633 
3 791 525 492 
3 4790 3766 7667 
3 5473 10907 10922 
3 4768 2789 1702 
3 1229 1224 7865 
3 661 600 486 
3 10884 836 10255 
3 505 681 587 
3 534 635 639 
3 463 526 462 
3 640 529 730 
3 612 531 640 
3 613 612 640 
3 7381 8570 1634 
3 3361 3364 3462 
3 617 502 648 
3 646 671 578 
3 11243 11511 2628 
3 7824 292 1182 
3 651 649 616 
3 5473 1142 4526 
3 440 616 540 
3 10884 10255 10794 
3 4946 6975 8301 
3 8636 4480 7801 
3 2628 10913 10874 
3 546 581 651 
3 579 618 619 
3 619 675 620 
3 585 548 584 
3 619 620 586 
3 618 674 706 
3 4411 333 9636 
3 585 584 442 
3 6766 3352 11852 
3 584 504 442 
3 11543 2223 271 
3 775 622 709 
3 710 681 592 
3 623 593 622 
3 775 623 622 
3 2380 7624 657 
3 711 592 477 
3 654 511 742 
3 714 477 552 
3 1236 11265 11713 
3 10784 10794 5946 
3 1901 2065 1826 
3 626 713 506 
3 11275 10234 2188 
3 627 743 656 
3 5946 10794 10255 
3 735 10114 3921 
3 572 665 723 
3 11756 2994 5824 
3 688 561 512 
3 1845 7781 10698 
3 2380 657 7849 
3 10969 1792 8256 
3 660 517 662 
3 720 663 518 
3 836 10884 7016 
3 5522 7092 7898 
3 933 2608 3771 
3 691 598 567 
3 6192 10907 4526 
3 10969 8256 8296 
3 5946 2700 5634 
3 666 607 527 
3 573 607 521 
3 722 604 489 
3 574 669 634 
3 631 521 607 
3 11511 4946 8301 
3 70 52 57 
3 821 634 669 
3 569 600 489 
3 4110 3359 3349 
3 574 637 669 
3 1074 1166 1225 
3 937 5899 1298 
3 1238 11289 2263 
3 698 530 760 
3 633 604 724 
3 698 730 529 
3 695 727 635 
3 762 635 727 
3 637 795 669 
3 10002 10456 9214 
3 436 494 575 
3 530 634 760 
3 529 640 531 
3 8306 6973 3145 
3 613 640 730 
3 2628 5824 2700 
3 670 638 535 
3 641 577 614 
3 536 535 470 
3 731 614 645 
3 613 822 731 
3 617 648 768 
3 6975 4946 7037 
3 538 650 732 
3 706 675 618 
3 618 578 674 
3 584 548 737 
3 671 646 767 
3 588 738 677 
3 684 556 593 
3 9646 6046 7709 
3 3895 3864 2976 
3 1634 642 5446 
3 2700 11243 2628 
3 3661 3674 2670 
3 6466 9915 11490 
3 506 713 738 
3 6735 2824 6662 
3 571 633 695 
3 10744 2857 10577 
3 658 561 688 
3 642 1634 3483 
3 718 629 658 
3 2346 2350 2518 
3 633 761 727 
3 813 629 718 
3 661 566 813 
3 692 600 661 
3 601 599 748 
3 11571 10698 7781 
3 518 846 720 
3 691 567 631 
3 2589 6354 2141 
3 3850 2569 7194 
3 7194 2039 3850 
3 2701 292 7824 
3 722 600 721 
3 11243 4946 11511 
3 607 725 631 
3 722 489 600 
3 8633 7346 10748 
3 666 608 696 
3 761 762 727 
3 10414 2732 1847 
3 608 638 696 
3 9486 9201 7685 
3 2603 2613 3592 
3 11571 8784 7346 
3 762 794 639 
3 11977 8487 5962 
3 670 701 729 
3 8584 11571 7346 
3 2281 9124 7537 
3 767 646 617 
3 2258 8827 6200 
3 10114 735 11879 
3 732 648 538 
3 11511 10913 2628 
3 6762 2102 6733 
3 645 613 731 
3 11525 10907 6192 
3 597 7194 2569 
3 581 707 651 
3 5854 1595 7554 
3 620 675 867 
3 708 583 677 
3 681 774 548 
3 581 583 708 
3 681 710 774 
3 7066 8873 2212 
3 709 584 737 
3 737 548 803 
3 711 477 714 
3 839 684 623 
3 8944 11168 11927 
3 9981 9753 9251 
3 1975 5289 2675 
3 506 738 588 
3 507 624 806 
3 10454 11275 2188 
3 784 684 839 
3 2589 2141 6542 
3 684 784 688 
3 556 684 688 
3 717 742 686 
3 830 831 802 
3 717 686 743 
3 686 656 743 
3 926 601 748 
3 685 596 744 
3 607 666 725 
3 812 744 565 
3 565 660 812 
3 662 815 660 
3 871 775 914 
3 10685 6762 808 
3 787 692 661 
3 819 692 787 
3 1852 700 8944 
3 691 751 816 
3 691 889 598 
3 10020 10027 3097 
3 817 519 723 
3 752 601 788 
3 5167 10355 10225 
3 4068 9518 1670 
3 568 601 752 
3 7123 8708 1663 
3 789 722 721 
3 1182 11228 7824 
3 631 725 756 
3 700 10269 8944 
3 6466 10277 3873 
3 751 691 631 
3 525 791 665 
3 791 755 665 
3 1606 1852 8944 
3 10456 11525 9214 
3 604 722 724 
3 8489 5426 11722 
3 6630 6593 11067 
3 761 633 724 
3 730 698 859 
3 788 754 752 
3 729 639 794 
3 1566 1862 5135 
3 1447 11561 6622 
3 763 795 641 
3 730 822 613 
3 6091 7766 1172 
3 8553 8740 8197 
3 10393 610 2171 
3 733 651 707 
3 10295 10922 10907 
3 9956 2165 5067 
3 675 802 867 
3 705 706 674 
3 675 706 802 
3 708 707 581 
3 706 830 802 
3 1522 11905 1728 
3 677 738 870 
3 830 942 831 
3 6656 6720 11074 
3 623 775 871 
3 592 711 710 
3 777 778 586 
3 9499 5373 8785 
3 915 714 992 
3 875 713 626 
3 779 507 806 
3 654 876 875 
3 3648 1815 2334 
3 876 654 841 
3 1728 4961 514 
3 842 743 741 
3 658 688 784 
3 744 596 563 
3 1208 1150 1367 
3 687 9758 5996 
3 889 815 662 
3 783 685 744 
3 565 744 563 
3 992 714 715 
3 845 661 813 
3 787 661 845 
3 10685 808 11593 
3 7123 1663 5327 
3 5631 4474 3436 
3 8794 5485 11408 
3 817 846 519 
3 819 787 848 
3 1514 1921 1760 
3 11571 8584 10698 
3 819 789 721 
3 752 754 791 
3 752 791 568 
3 790 724 722 
3 751 631 756 
3 387 409 331 
3 336 220 284 
3 755 723 665 
3 725 666 696 
3 756 725 696 
3 1390 6088 1383 
3 757 760 634 
3 1606 735 1852 
3 669 795 1017 
3 669 892 821 
3 936 825 861 
3 642 3483 3505 
3 6717 6172 6500 
3 1585 1469 1586 
3 825 766 764 
3 207 209 138 
3 705 671 938 
3 9875 6932 6904 
3 465 469 4610 
3 648 732 768 
3 773 733 707 
3 10138 6033 3413 
3 2703 3603 1765 
3 830 706 801 
3 783 715 685 
3 10295 8696 11930 
3 620 834 777 
3 867 834 620 
3 5670 7154 4578 
3 973 5682 1348 
3 7209 1454 11803 
3 9738 10740 6994 
3 1470 6565 1281 
3 1648 10232 10460 
3 711 776 710 
3 950 778 777 
3 839 623 871 
3 709 737 775 
3 774 803 548 
3 9616 7865 1224 
3 778 950 806 
3 2437 2444 5190 
3 806 624 778 
3 6734 1845 10698 
3 741 507 779 
3 807 741 779 
3 7709 9103 9646 
3 6528 6011 6144 
3 2103 3858 2977 
3 782 654 742 
3 782 742 717 
3 717 743 842 
3 992 715 783 
3 785 658 784 
3 718 658 785 
3 185 227 198 
3 812 660 815 
3 1001 748 663 
3 5899 2367 1298 
3 1852 735 3926 
3 800 907 1065 
3 6630 7209 11803 
3 788 601 847 
3 753 755 963 
3 1202 6644 3070 
3 959 817 753 
3 753 817 723 
3 720 846 887 
3 789 790 722 
3 6775 1570 11935 
3 963 755 852 
3 759 696 638 
3 5838 9716 8568 
3 11243 2700 11946 
3 2119 2117 3671 
3 634 821 757 
3 766 765 764 
3 2256 6239 6932 
3 11930 7457 10454 
3 6220 2640 1657 
3 5335 3610 10422 
3 654 875 626 
3 1629 6200 8827 
3 731 822 902 
3 255 232 191 
3 765 796 764 
3 7586 9368 11525 
3 860 823 763 
3 907 766 905 
3 1357 1623 1453 
3 765 826 797 
3 826 765 800 
3 768 767 617 
3 260 314 275 
3 673 651 733 
3 671 767 938 
3 860 763 731 
3 731 763 614 
3 5487 5469 6342 
3 5052 1543 1551 
3 796 797 906 
3 2291 248 9434 
3 913 803 774 
3 1470 1281 11638 
3 11275 7103 10667 
3 11831 1570 6775 
3 707 708 773 
3 5641 283 323 
3 913 710 776 
3 913 774 710 
3 8696 7457 11930 
3 870 738 872 
3 1448 1341 1295 
3 875 953 713 
3 868 945 708 
3 920 839 991 
3 920 784 839 
3 677 870 708 
3 841 654 782 
3 901 763 823 
3 1076 876 841 
3 11561 1176 6622 
3 809 717 842 
3 784 920 884 
3 2941 4774 2072 
3 809 782 717 
3 718 811 813 
3 882 809 842 
3 4533 417 856 
3 2256 6932 9875 
3 11039 4262 8664 
3 814 787 845 
3 296 5674 549 
3 1046 1242 814 
3 889 691 816 
3 848 787 814 
3 1893 2042 1666 
3 1646 3674 7259 
3 817 957 846 
3 8056 4467 4464 
3 267 5527 5514 
3 692 819 721 
3 852 791 754 
3 795 893 1017 
3 4969 4928 2460 
3 6074 6046 9646 
3 11564 6678 6469 
3 756 696 793 
3 866 864 773 
3 11536 1440 997 
3 696 759 793 
3 3475 3484 141 
3 794 762 894 
3 735 3921 3926 
3 11899 3935 6126 
3 492 568 791 
3 971 761 724 
3 8794 11408 6144 
3 794 895 729 
3 7950 6997 6128 
3 670 857 638 
3 857 759 638 
3 2290 2297 4135 
3 958 1056 788 
3 2198 2200 2532 
3 730 899 822 
3 901 795 763 
3 614 763 641 
3 9368 10907 11525 
3 823 860 1024 
3 10488 9984 10157 
3 9984 10488 10837 
3 2817 2121 2433 
3 1528 10137 6708 
3 1457 1359 1252 
3 650 828 732 
3 650 769 1110 
3 650 1110 828 
3 733 864 863 
3 1478 1375 1650 
3 5219 1621 9666 
3 801 705 938 
3 3343 6565 1470 
3 2684 2744 2752 
3 801 706 705 
3 1539 6743 2487 
3 708 833 773 
3 4541 4387 4766 
3 833 708 945 
3 8680 8503 9063 
3 11039 8664 1078 
3 863 673 733 
3 777 834 950 
3 8704 2410 1724 
3 775 737 914 
3 11320 6207 2220 
3 5034 1403 11014 
3 6656 2467 473 
3 586 620 777 
3 10138 8633 10748 
3 807 878 842 
3 809 880 782 
3 9434 5423 7660 
3 920 994 884 
3 785 784 884 
3 783 744 885 
3 863 769 673 
3 9368 7586 8022 
3 3155 2154 6202 
3 11826 11522 6622 
3 844 845 813 
3 785 811 718 
3 926 748 1002 
3 720 1001 663 
3 9265 1863 11708 
3 9237 423 2574 
3 935 862 1141 
3 11522 11826 11814 
3 346 272 326 
3 5682 312 1348 
3 816 751 962 
3 964 789 960 
3 962 751 851 
3 1576 1635 1758 
3 304 223 288 
3 790 971 724 
3 10667 6033 10138 
3 844 813 811 
3 10855 10345 10672 
3 375 6136 384 
3 1017 892 669 
3 762 761 894 
3 897 729 895 
3 10002 1845 6638 
3 901 893 795 
3 899 902 822 
3 11772 7618 9380 
3 393 388 1279 
3 11275 10454 7103 
3 938 767 939 
3 769 863 1110 
3 765 799 800 
3 605 856 6117 
3 943 866 833 
3 3156 11612 2995 
3 802 831 910 
3 2792 3660 8383 
3 7353 7461 7684 
3 801 938 942 
3 801 942 830 
3 851 756 931 
3 195 245 145 
3 305 5657 2331 
3 803 869 914 
3 847 958 788 
3 10295 10907 9368 
3 9368 8696 10295 
3 870 868 708 
3 803 914 737 
3 986 871 914 
3 2789 580 9758 
3 872 738 713 
3 719 5259 1486 
3 5922 5149 5389 
3 11063 10941 3230 
3 993 876 1076 
3 414 366 363 
3 10456 7586 11525 
3 1451 1503 1239 
3 7286 7394 3417 
3 841 881 1076 
3 783 877 992 
3 779 806 995 
3 10509 5210 9021 
3 2364 11046 11017 
3 1872 10580 2588 
3 4262 218 8664 
3 1258 936 935 
3 880 809 921 
3 882 878 998 
3 921 956 880 
3 744 812 885 
3 923 811 886 
3 11712 2588 10580 
3 811 785 886 
3 845 844 1046 
3 1046 814 845 
3 6197 11794 11287 
3 720 887 1001 
3 1904 1686 1974 
3 960 819 848 
3 789 964 790 
3 1888 1439 1331 
3 851 751 756 
3 1328 1512 11708 
3 549 5578 10929 
3 968 821 892 
3 757 821 968 
3 3967 2971 5017 
3 1390 374 10962 
3 859 760 898 
3 895 794 894 
3 2863 3853 8464 
3 897 1018 857 
3 1061 1141 862 
3 906 1061 796 
3 1460 1455 1302 
3 11753 11378 11220 
3 936 861 935 
3 862 935 861 
3 861 825 764 
3 11014 2524 9862 
3 837 10856 2809 
3 825 936 1028 
3 862 796 1061 
3 1201 11246 4422 
3 3521 2807 11397 
3 907 905 1065 
3 800 799 907 
3 939 767 977 
3 767 768 977 
3 768 828 977 
3 2858 1412 2995 
3 942 910 831 
3 864 866 978 
3 912 867 911 
3 5242 357 4911 
3 1007 1088 1089 
3 870 984 868 
3 870 1036 984 
3 867 912 834 
3 886 785 884 
3 884 994 886 
3 914 869 987 
3 869 803 913 
3 4963 10265 10548 
3 11851 5058 11492 
3 948 871 986 
3 994 1123 1045 
3 802 911 867 
3 11463 4705 449 
3 991 839 871 
3 1490 1443 1385 
3 713 953 872 
3 952 806 950 
3 991 871 948 
3 806 952 874 
3 874 995 806 
3 954 779 995 
3 2973 2179 2183 
3 878 807 954 
3 885 877 783 
3 1042 998 878 
3 976 9327 9430 
3 5105 10395 4552 
3 87 9967 9876 
3 208 186 201 
3 10002 5955 10456 
3 10531 10509 9021 
3 957 817 959 
3 889 816 1131 
3 814 961 848 
3 967 971 965 
3 1225 1166 1436 
3 6734 10698 8584 
3 2989 5017 2971 
3 851 931 1012 
3 852 966 963 
3 267 10681 5527 
3 9368 8022 8696 
3 1409 1564 1627 
3 5682 10916 312 
3 10265 5464 1284 
3 2640 8129 652 
3 293 237 254 
3 892 1017 1016 
3 760 1019 898 
3 1306 1057 893 
3 3038 2163 3050 
3 100 8468 6114 
3 852 755 791 
3 1138 893 901 
3 902 934 1103 
3 899 934 902 
3 1138 1306 893 
3 7286 2171 7394 
3 11681 248 267 
3 11706 11189 11190 
3 11461 10782 11462 
3 7638 4229 11039 
3 863 978 1110 
3 8934 8970 1051 
3 942 1032 910 
3 978 866 980 
3 5423 9434 248 
3 4001 808 2966 
3 4657 11971 6370 
3 984 945 868 
3 1067 910 1032 
3 913 776 985 
3 8528 2679 3547 
3 5423 9300 7660 
3 1036 870 872 
3 953 1075 872 
3 875 918 953 
3 5032 8022 7586 
3 8022 5032 4933 
3 102 88 9253 
3 10444 10530 230 
3 5105 4552 11631 
3 5259 10531 9021 
3 875 876 993 
3 1594 1876 1948 
3 8779 8783 2490 
3 7154 3829 3448 
3 3027 9967 2152 
3 7638 1066 7909 
3 1074 877 885 
3 998 921 882 
3 921 809 882 
3 1045 886 994 
3 923 886 1045 
3 1305 11722 321 
3 1002 1085 1000 
3 2152 4842 3027 
3 108 5881 6831 
3 887 846 957 
3 6197 11287 384 
3 6796 9310 1033 
3 1049 847 926 
3 961 814 1242 
3 7440 1867 5818 
3 2490 2488 8893 
3 1000 1181 1049 
3 1088 1007 1049 
3 964 960 961 
3 1009 962 851 
3 1056 966 754 
3 1380 1382 1550 
3 4704 123 8468 
3 11794 6230 11287 
3 5514 5527 11703 
3 1255 5328 208 
3 790 965 971 
3 1055 1017 1095 
3 11345 11343 11697 
3 1011 968 1016 
3 1057 1192 1095 
3 1011 1053 968 
3 108 9233 7512 
3 11852 11326 11677 
3 894 1020 895 
3 1101 898 1100 
3 1138 901 1140 
3 860 902 1024 
3 7240 7232 6506 
3 10108 187 11709 
3 826 1145 906 
3 7699 7373 7911 
3 4073 10117 10078 
3 1061 906 1106 
3 1015 9233 108 
3 828 1110 1262 
3 7237 9078 1347 
3 978 863 864 
3 2661 1688 2449 
3 942 979 1032 
3 981 911 910 
3 981 910 1067 
3 7237 4905 9078 
3 833 1112 943 
3 4963 11666 9288 
3 912 981 983 
3 912 911 981 
3 913 1157 869 
3 913 985 1157 
3 985 776 1158 
3 1072 776 915 
3 834 1161 989 
3 869 1157 1037 
3 911 802 910 
3 989 950 834 
3 952 950 989 
3 5042 5167 2210 
3 4257 2677 1867 
3 1676 375 3258 
3 992 877 1074 
3 11756 4023 11593 
3 1960 1959 1891 
3 1042 878 954 
3 591 11063 2365 
3 7518 4383 5209 
3 8357 59 8313 
3 999 921 998 
3 999 956 921 
3 4976 2981 466 
3 889 1005 815 
3 1057 1017 893 
3 926 1002 1000 
3 1001 1085 1002 
3 11266 11615 10926 
3 5838 580 9716 
3 1845 6734 6638 
3 1001 887 1003 
3 1003 957 1006 
3 2607 423 9237 
3 3104 7660 10395 
3 1131 816 962 
3 11154 11676 11674 
3 1004 88 102 
3 5167 10514 10355 
3 19 9342 9087 
3 1130 964 961 
3 1009 851 1012 
3 1641 1784 1708 
3 1011 1055 1010 
3 753 963 959 
3 4236 2654 5056 
3 9915 3902 3916 
3 11456 928 3962 
3 1017 1055 1016 
3 8003 4165 8066 
3 4151 4082 3993 
3 1014 1012 931 
3 11095 9293 4060 
3 7736 2804 4853 
3 7533 10530 4820 
3 1020 1193 897 
3 1134 1018 1193 
3 968 892 1016 
3 894 971 1020 
3 1103 1024 902 
3 502 441 414 
3 1024 1060 823 
3 1597 1474 1593 
3 8003 8066 174 
3 1027 1028 936 
3 1141 1258 935 
3 1145 1106 906 
3 1029 1065 1028 
3 2071 2101 2417 
3 1065 1107 800 
3 977 828 1262 
3 1110 978 1030 
3 1108 938 939 
3 1107 1145 826 
3 1037 987 869 
3 1111 1032 979 
3 1067 1068 981 
3 6656 473 6720 
3 833 945 1112 
3 834 912 983 
3 981 1068 983 
3 6897 2862 6035 
3 3020 4626 3782 
3 7973 3746 8003 
3 11633 11440 4667 
3 257 5034 5016 
3 7738 9097 9111 
3 990 9206 5713 
3 7533 4820 213 
3 1559 10046 4218 
3 1073 920 991 
3 874 952 1120 
3 6383 3744 446 
3 1073 994 920 
3 1381 954 1121 
3 1003 1240 1085 
3 1222 1037 1115 
3 1041 994 1073 
3 995 1121 954 
3 993 1167 1333 
3 995 874 1121 
3 82 10046 739 
3 9013 3318 8363 
3 5911 7611 6765 
3 956 1122 881 
3 2842 4278 8633 
3 542 501 438 
3 10776 5453 10786 
3 887 957 1003 
3 1362 8470 11199 
3 812 1005 885 
3 1000 1179 1181 
3 926 1000 1049 
3 4506 60 9699 
3 957 959 1087 
3 1006 957 1087 
3 1130 961 1242 
3 5498 7440 7415 
3 1007 847 1049 
3 965 964 1130 
3 958 1007 1010 
3 1054 966 1056 
3 1010 1053 1011 
3 923 1046 844 
3 1092 1012 1014 
3 1095 1054 1055 
3 1870 3443 5155 
3 1018 1134 1014 
3 1184 1194 1359 
3 1019 968 1053 
3 2000 5624 6115 
3 967 1058 971 
3 7346 8633 4278 
3 3479 3024 7885 
3 1193 1020 1196 
3 4962 5041 9804 
3 5032 7586 5955 
3 1084 1085 1177 
3 1018 897 1193 
3 779 954 807 
3 1060 1024 1139 
3 823 1060 1140 
3 1061 1199 1141 
3 1200 1199 1061 
3 4810 6734 8584 
3 3479 7885 11952 
3 9915 1189 2698 
3 2789 687 1702 
3 2698 11744 9915 
3 1269 8431 8365 
3 285 219 221 
3 7103 3149 10667 
3 776 1072 1158 
3 1032 1111 1067 
3 2789 9758 687 
3 9530 4447 26 
3 1867 7440 5498 
3 9343 9320 2029 
3 4115 2175 5632 
3 980 943 1316 
3 985 1158 1160 
3 1267 1151 1113 
3 1068 1155 983 
3 834 983 1155 
3 1152 1155 1068 
3 982 1034 1113 
3 986 987 1037 
3 955 58 2639 
3 1325 872 1273 
3 711 915 776 
3 986 1116 948 
3 1273 872 1075 
3 953 918 1075 
3 1042 954 1282 
3 1074 915 992 
3 993 1075 918 
3 4216 6914 5174 
3 1100 898 1019 
3 9087 9679 4232 
3 1122 1076 881 
3 5503 5375 5497 
3 1123 994 1041 
3 1190 967 965 
3 1080 1074 885 
3 1082 999 998 
3 1042 1169 1125 
3 7457 8022 4933 
3 1538 10486 1798 
3 923 1083 1046 
3 56 7656 1114 
3 1709 11408 3739 
3 1114 4623 10601 
3 6123 5029 4014 
3 10805 4920 10117 
3 1185 1131 1092 
3 1088 1049 1181 
3 174 7973 8003 
3 6336 1259 734 
3 959 963 1087 
3 1054 1187 966 
3 1188 1054 1095 
3 965 1249 1190 
3 5709 5726 4842 
3 1007 1089 1053 
3 1131 1009 1092 
3 1259 6336 3847 
3 1011 1016 1055 
3 10454 4468 7103 
3 1198 4335 2513 
3 35 101 120 
3 815 1005 812 
3 1057 1095 1017 
3 8901 5440 7105 
3 2830 4381 3525 
3 1672 1808 1807 
3 4922 10739 941 
3 565 457 458 
3 10688 804 3585 
3 1029 1028 1027 
3 2711 10098 8331 
3 1053 1100 1019 
3 1204 1107 1029 
3 955 4002 58 
3 2914 7817 11031 
3 1145 1107 1312 
3 939 1109 1108 
3 1262 1366 977 
3 8916 11276 2797 
3 1111 1150 1067 
3 1209 1111 979 
3 979 1108 1209 
3 1149 1209 1108 
3 116 2163 97 
3 1068 1067 1150 
3 11419 6658 3803 
3 3347 11330 7165 
3 11440 464 119 
3 1036 1216 984 
3 985 1160 1157 
3 1559 4335 1789 
3 1037 1157 1115 
3 9088 3420 891 
3 1151 1112 1113 
3 9919 2274 1384 
3 1218 1072 1117 
3 1117 915 1074 
3 11794 10180 8550 
3 986 1037 1116 
3 1268 1218 1220 
3 7526 9320 4025 
3 6734 6037 6638 
3 1073 1118 1041 
3 11387 11434 11583 
3 1076 1122 1280 
3 2857 2102 10627 
3 2062 11031 2030 
3 998 1042 1125 
3 2039 7194 9575 
3 1124 999 1082 
3 10098 2711 11682 
3 7045 6975 8334 
3 1125 1232 1082 
3 1232 1124 1082 
3 10580 11376 11712 
3 5577 10786 5453 
3 998 1125 1082 
3 1234 1232 1231 
3 1080 885 1005 
3 1200 1061 1106 
3 1237 1179 1175 
3 10317 9462 9463 
3 2220 6207 11437 
3 1294 1241 1046 
3 480 557 481 
3 11798 1618 3847 
3 1179 1084 1175 
3 1755 1761 5201 
3 3636 865 4234 
3 5661 4777 7447 
3 2225 2052 2560 
3 4218 10046 82 
3 1239 1181 1179 
3 1129 1131 1183 
3 1249 965 1130 
3 82 739 4115 
3 1131 1185 1183 
3 5473 4526 10907 
3 1149 1108 1261 
3 9205 8504 2449 
3 8187 6375 5487 
3 1188 1187 1054 
3 11238 7165 11330 
3 9056 9073 10626 
3 1195 1053 1089 
3 570 9929 2928 
3 485 486 459 
3 11342 11449 8331 
3 1196 1020 1136 
3 1948 2202 2121 
3 1192 1057 1306 
3 1304 1101 1100 
3 5414 2811 2707 
3 1199 1256 1141 
3 4430 11281 1212 
3 6971 3620 10453 
3 9084 6414 10707 
3 9104 4271 2509 
3 1200 1106 1143 
3 1144 1143 1106 
3 1145 1144 1106 
3 927 4453 6513 
3 4583 6598 6594 
3 1261 1108 1109 
3 1147 1262 1110 
3 1110 1030 1148 
3 1148 1030 1210 
3 1366 1205 1109 
3 1204 1312 1107 
3 7555 3748 2417 
3 1068 1211 1152 
3 1210 1030 980 
3 1316 1112 1151 
3 1211 1068 1150 
3 943 1112 1316 
3 7346 4278 4810 
3 2588 3678 4638 
3 1113 1112 982 
3 1158 1218 1217 
3 872 1325 1036 
3 11583 7402 5951 
3 3985 10739 7400 
3 8334 3227 7045 
3 1218 1117 1220 
3 1331 952 989 
3 1118 1116 1274 
3 1331 1120 952 
3 9878 4506 11576 
3 1888 1960 1542 
3 1163 1074 1225 
3 1163 1117 1074 
3 10794 10764 6835 
3 534 639 500 
3 1167 993 1076 
3 1121 1120 1226 
3 1731 1671 1494 
3 1121 874 1120 
3 1280 1122 1168 
3 11241 8334 883 
3 5067 4790 1748 
3 1282 954 1381 
3 7292 10726 4409 
3 7005 118 1895 
3 9751 6975 7045 
3 5139 6797 11936 
3 1123 1227 1045 
3 6638 3126 5955 
3 1124 1228 1168 
3 2248 10260 1250 
3 4381 2846 11090 
3 11942 6198 7882 
3 1124 1173 1228 
3 1283 1083 1045 
3 3420 9088 10642 
3 6037 6734 4810 
3 11866 1755 3516 
3 1124 1232 1173 
3 1292 1177 1085 
3 9088 6414 9084 
3 1709 3759 6528 
3 850 8789 2041 
3 4933 4468 7457 
3 1230 1005 1293 
3 11868 11756 10874 
3 1293 1129 1405 
3 1240 1006 1180 
3 1296 1242 1241 
3 1405 1129 1183 
3 9087 4232 1732 
3 2756 1972 2852 
3 2901 740 397 
3 1188 1192 1302 
3 8891 4494 10623 
3 1089 1360 1195 
3 1195 1100 1053 
3 1196 1194 1193 
3 3038 3950 3929 
3 1193 1194 1134 
3 1139 1254 1308 
3 1257 1310 1199 
3 859 898 934 
3 1258 1141 1256 
3 1310 1256 1199 
3 6062 7691 9044 
3 3238 4056 1661 
3 4899 3950 3050 
3 11996 1029 1027 
3 8915 1710 10522 
3 11930 6392 6250 
3 10454 2188 11930 
3 1366 1262 1364 
3 1148 1210 1315 
3 1211 1150 1208 
3 1111 1209 1150 
3 1029 11996 1204 
3 1152 1215 1155 
3 11518 2370 4228 
3 11756 2628 10874 
3 10539 1920 2732 
3 2699 9679 9745 
3 1209 1367 1150 
3 1323 1267 1113 
3 1324 1155 1215 
3 824 5445 8886 
3 1113 1034 1323 
3 1034 1216 1323 
3 1376 1268 1266 
3 1160 1158 1217 
3 1160 1217 1327 
3 1376 1218 1268 
3 1218 1376 1217 
3 9432 9940 9241 
3 6254 6359 6470 
3 1378 1115 1160 
3 6923 6915 7264 
3 11241 3227 8334 
3 6634 6626 9363 
3 1333 1330 1075 
3 10580 1872 10778 
3 4810 8584 7346 
3 10458 9518 10423 
3 461 6593 6630 
3 5603 2846 3735 
3 1080 1382 1166 
3 11433 4228 2370 
3 8415 8233 8237 
3 2750 2842 3413 
3 1041 1227 1123 
3 8789 8875 9847 
3 11095 951 9293 
3 10619 3359 10615 
3 11090 2846 8891 
3 1177 1292 1610 
3 1233 1232 1234 
3 9059 11406 8760 
3 1075 993 1333 
3 5054 5068 4103 
3 890 1977 9169 
3 539 3315 2995 
3 8843 11420 3796 
3 10667 3149 6033 
3 1410 1357 1248 
3 6033 3149 2109 
3 3301 3658 2956 
3 1143 1361 1257 
3 1420 1361 1143 
3 8306 11238 8424 
3 11247 4712 2841 
3 1180 1300 1244 
3 1180 1349 1240 
3 1200 1143 1257 
3 1299 1183 1185 
3 1353 1181 1239 
3 1355 1089 1088 
3 1248 1357 1299 
3 1776 1865 1864 
3 1302 1187 1188 
3 11330 11434 11387 
3 1455 1300 1187 
3 1832 1905 1627 
3 1187 1302 1455 
3 1095 1192 1188 
3 1136 1058 1190 
3 6037 2028 6638 
3 1136 1411 1252 
3 3126 6638 2028 
3 673 769 649 
3 6395 4278 2842 
3 3021 3195 3360 
3 1304 1100 1195 
3 1136 1252 1196 
3 10913 11511 8301 
3 11687 6735 6662 
3 1253 1254 1139 
3 2506 10555 10986 
3 8412 1431 3161 
3 3055 3961 3059 
3 4810 2077 6037 
3 3573 9876 11188 
3 1364 1147 1365 
3 1513 8530 5947 
3 1262 1147 1364 
3 1365 1147 1314 
3 1313 1149 1261 
3 11868 10874 10913 
3 1314 1148 1315 
3 1110 1148 1147 
3 1315 1210 1263 
3 7504 11583 7421 
3 1525 1313 1261 
3 10524 10075 10135 
3 3068 4468 4933 
3 10950 8901 10535 
3 1415 1462 1515 
3 1370 1266 1317 
3 1317 1266 1264 
3 1318 1316 1151 
3 1266 1268 1264 
3 1318 1267 1320 
3 7182 7152 11241 
3 1266 1373 1376 
3 1322 1152 1211 
3 1562 1741 1829 
3 1267 1318 1151 
3 1434 1268 1220 
3 1378 1160 1327 
3 1157 1160 1115 
3 1161 1324 1272 
3 8014 7161 7133 
3 5032 3126 3664 
3 1329 989 1161 
3 1223 1222 1480 
3 3227 11241 7152 
3 1037 1223 1274 
3 1271 1163 1481 
3 1271 1220 1163 
3 1379 1163 1225 
3 1274 1334 1118 
3 3950 4894 5742 
3 433 615 10968 
3 1189 3921 2698 
3 1220 1117 1163 
3 1173 1232 1233 
3 1041 1118 1227 
3 10685 11593 4023 
3 1227 1118 1334 
3 1436 1166 1380 
3 1167 1280 1335 
3 1380 1166 1382 
3 6835 10764 10688 
3 1335 1168 1228 
3 2785 3117 3382 
3 6335 425 4635 
3 1080 1442 1382 
3 1280 1167 1076 
3 1042 1282 1169 
3 1389 1083 1283 
3 4447 56 26 
3 1338 1285 1337 
3 1232 1125 1170 
3 1484 1547 1227 
3 1285 1170 1169 
3 1338 1340 1285 
3 1230 1442 1080 
3 1933 1767 1523 
3 2455 2547 2644 
3 1291 1083 1389 
3 3382 1861 2785 
3 3004 4832 2976 
3 1338 1399 1288 
3 1245 770 758 
3 10523 2737 771 
3 10269 11466 11168 
3 8012 10524 10135 
3 1698 1580 1515 
3 9644 5485 9632 
3 1083 1291 1294 
3 1341 1288 1295 
3 1931 1704 1584 
3 1292 1240 1343 
3 10138 3413 8633 
3 1404 1293 1405 
3 5519 2762 798 
3 1358 1242 1296 
3 1088 1181 1353 
3 1358 1130 1242 
3 46 20 90 
3 1299 1453 1183 
3 1187 1300 1087 
3 1355 1088 1353 
3 1355 1360 1089 
3 1415 1304 1413 
3 1248 1359 1410 
3 426 8961 8694 
3 1249 1411 1190 
3 1136 1190 1411 
3 9484 10689 10184 
3 966 1187 963 
3 2027 2109 3149 
3 7537 9124 2449 
3 11917 513 11918 
3 11917 10294 513 
3 8088 9937 1735 
3 11199 10969 1362 
3 1165 4888 5760 
3 9937 9274 1735 
3 6699 6573 6475 
3 1414 1138 1140 
3 1697 10535 10875 
3 8412 10513 1431 
3 10128 10193 8464 
3 9885 9908 9741 
3 1310 1361 1309 
3 7802 7698 8015 
3 1143 1144 1420 
3 6621 10577 3611 
3 1027 1419 11996 
3 2171 7182 3566 
3 11290 2797 9244 
3 10098 922 8331 
3 5031 4032 4017 
3 1370 1317 1428 
3 1210 1316 1263 
3 3010 3068 4933 
3 1208 1645 1432 
3 1432 1211 1208 
3 3732 3914 4242 
3 1428 1317 1372 
3 1426 1263 1316 
3 1267 1323 1320 
3 1322 1324 1215 
3 7823 6138 3085 
3 1270 1906 8787 
3 8397 2088 2582 
3 1319 1376 1373 
3 1222 1115 1480 
3 1037 1274 1116 
3 3664 4933 5032 
3 1329 1161 1272 
3 1535 1273 1330 
3 1329 1331 989 
3 1223 1334 1274 
3 11913 11585 2626 
3 2821 2533 2630 
3 1436 1379 1225 
3 1379 1481 1163 
3 896 9073 4179 
3 1517 1258 1256 
3 6039 11124 9863 
3 1226 1381 1121 
3 7801 405 11974 
3 7714 2242 9956 
3 11974 8636 7801 
3 11387 5951 924 
3 1285 1282 1337 
3 1282 1488 1337 
3 1335 1228 1386 
3 1335 1280 1168 
3 1285 1169 1282 
3 1799 2025 1796 
3 11124 6904 6290 
3 3485 3582 3491 
3 1288 1341 1338 
3 1338 1341 1340 
3 1177 1286 1175 
3 11490 9915 11744 
3 2016 3325 976 
3 1396 1391 1233 
3 5655 3864 3895 
3 3392 3575 3124 
3 7087 1780 1251 
3 1400 1231 1340 
3 1916 2156 1692 
3 1388 1493 1237 
3 1237 1175 1388 
3 1230 1293 1401 
3 2212 10468 7066 
3 11168 8944 10269 
3 1296 1294 1345 
3 773 864 733 
3 1349 1343 1240 
3 1340 1231 1285 
3 1170 1285 1231 
3 3413 6033 2109 
3 1241 1294 1296 
3 11370 3283 1835 
3 1891 2047 1668 
3 1346 1350 1408 
3 1295 1346 1408 
3 1505 1350 1822 
3 1406 1295 1408 
3 1244 1349 1180 
3 1405 1183 1352 
3 1352 1183 1453 
3 1358 1296 1409 
3 10269 2497 11084 
3 682 2497 10269 
3 1248 1299 1185 
3 9908 8012 9741 
3 2398 2576 2681 
3 879 3087 2572 
3 1252 1359 1194 
3 5457 3596 1756 
3 447 622 420 
3 1460 1632 1455 
3 1302 1303 1460 
3 1932 1903 3126 
3 1460 1303 1575 
3 6743 1529 10276 
3 9274 9937 678 
3 1303 1306 1575 
3 9003 8996 8248 
3 3126 2028 1932 
3 1416 1253 1309 
3 819 960 789 
3 1598 1717 1950 
3 1310 1309 1515 
3 1140 1060 1308 
3 9918 9930 11822 
3 1419 1258 1517 
3 1204 1520 1363 
3 1520 1204 11996 
3 1312 1204 1363 
3 1261 1205 1588 
3 6830 6918 6919 
3 7849 6761 1927 
3 1525 1261 1588 
3 11977 11177 1927 
3 3010 1780 3068 
3 1461 452 1508 
3 1185 1184 1248 
3 3149 4468 3068 
3 1314 1315 1472 
3 1208 1367 1369 
3 1368 1313 1525 
3 1263 1472 1315 
3 3664 3010 4933 
3 9082 8787 43 
3 7611 5911 6808 
3 1372 1317 1264 
3 232 138 191 
3 7537 1647 2281 
3 4279 5091 3439 
3 9066 903 3796 
3 1429 1319 1427 
3 6996 10430 9353 
3 1370 1473 1427 
3 1374 1372 1264 
3 1475 1318 1320 
3 2225 1355 1353 
3 1161 1155 1324 
3 1264 1434 1374 
3 2679 9667 7407 
3 1320 1532 1475 
3 1645 1208 1369 
3 1774 1937 1705 
3 1325 1479 1599 
3 1599 1216 1325 
3 1268 1434 1264 
3 1604 1481 1379 
3 1413 1572 1574 
3 3242 1270 9082 
3 1500 3063 1785 
3 1618 11300 5075 
3 1325 1273 1535 
3 259 7719 8528 
3 8724 8697 1579 
3 1329 1272 1722 
3 1331 1439 1120 
3 1329 1723 1331 
3 2242 7714 6156 
3 1381 1226 1439 
3 1227 1334 1484 
3 4845 4451 4520 
3 3055 4827 135 
3 3342 4185 4827 
3 1546 1381 1485 
3 1488 1282 1546 
3 2553 2218 2552 
3 1389 1283 1547 
3 1442 1550 1382 
3 1286 1388 1175 
3 2520 719 1328 
3 3220 3312 3219 
3 2232 3116 2245 
3 8708 8769 7516 
3 1491 1339 1444 
3 3325 2016 3814 
3 1234 1400 1396 
3 11278 5208 5368 
3 1375 1322 1432 
3 1339 1392 1444 
3 1610 1292 1343 
3 1288 1399 1346 
3 1399 1338 1443 
3 1177 1610 1286 
3 1927 6761 11977 
3 1392 1397 1444 
3 488 6958 7509 
3 6528 5067 2165 
3 1445 1345 1291 
3 1346 1399 1738 
3 1448 1340 1341 
3 1473 1370 1428 
3 1442 1230 1401 
3 4202 3269 5143 
3 1291 1345 1294 
3 3664 3126 1903 
3 1492 1737 1345 
3 683 7624 8528 
3 1401 1293 1404 
3 1504 1296 1345 
3 1496 1239 1237 
3 1346 1738 1350 
3 6659 10804 1508 
3 1244 1300 1626 
3 4556 1465 3617 
3 1503 1353 1239 
3 1404 1405 1352 
3 2524 11014 2500 
3 1251 1780 3664 
3 11913 2626 11270 
3 790 964 965 
3 1244 1626 1349 
3 8379 2497 682 
3 10804 6659 471 
3 1638 471 1595 
3 5471 10535 8901 
3 6144 6011 9077 
3 7909 164 156 
3 1359 1457 1410 
3 6321 9419 10204 
3 1195 1360 1304 
3 1413 1304 1360 
3 1252 1194 1196 
3 1414 1308 1516 
3 1414 1140 1308 
3 5075 11300 7020 
3 11300 2147 7020 
3 4278 1661 4810 
3 1515 1309 1415 
3 2797 11276 11268 
3 2835 9723 10499 
3 10306 3825 7962 
3 1514 1462 1415 
3 2184 1935 1774 
3 7194 597 11949 
3 11995 11996 1419 
3 7103 4468 3149 
3 1101 934 898 
3 1144 1464 1420 
3 1363 1145 1312 
3 1471 1366 1364 
3 2367 5899 10948 
3 1314 1589 1365 
3 1590 1368 1525 
3 1369 1367 1590 
3 1368 1590 1367 
3 1426 1592 1591 
3 5034 11014 3672 
3 1435 1376 1433 
3 1591 1472 1263 
3 3921 10114 2698 
3 1319 1373 1427 
3 1346 1295 1288 
3 7118 5485 7188 
3 1371 1592 1426 
3 8730 10392 372 
3 1434 1477 1374 
3 8464 668 2863 
3 1220 1271 1434 
3 3597 9558 10274 
3 1602 1477 1271 
3 1480 1115 1378 
3 6037 2077 2028 
3 7566 11967 8650 
3 2750 3413 2109 
3 9758 580 5838 
3 1357 1453 1299 
3 5741 1328 1863 
3 1544 1333 1167 
3 1485 1381 1439 
3 1372 1374 1594 
3 1496 1237 1493 
3 1428 1372 1526 
3 3504 5714 2544 
3 1338 1337 1385 
3 2109 2027 843 
3 9990 9983 8340 
3 11291 11292 11467 
3 1491 1386 1339 
3 1291 1389 1445 
3 1392 1339 1391 
3 1385 1443 1338 
3 7381 1634 5446 
3 1415 1253 1304 
3 5041 4962 3308 
3 1303 1302 1192 
3 1391 1396 1497 
3 8893 2488 3436 
3 1903 1251 3664 
3 3068 2888 3149 
3 1266 1370 1373 
3 1494 1491 1444 
3 1579 8697 7626 
3 1778 970 4961 
3 1392 1565 1397 
3 3510 3506 3072 
3 1451 1239 1496 
3 6469 11848 11621 
3 1567 1401 1404 
3 6208 11984 9675 
3 1296 1504 1409 
3 1780 3010 3664 
3 1569 1406 1408 
3 4911 357 10070 
3 2311 2390 1819 
3 6469 11621 11592 
3 11509 10340 3986 
3 1556 1349 2059 
3 1411 1456 1252 
3 810 2792 8420 
3 5282 11187 3602 
3 1358 1411 1249 
3 10668 11043 10674 
3 1271 1477 1434 
3 758 6339 4539 
3 6480 997 6321 
3 1263 1426 1591 
3 1463 1416 1361 
3 4588 4511 8731 
3 11372 11033 11209 
3 1308 1254 1516 
3 10150 4794 5961 
3 1463 1361 1420 
3 1518 1419 1517 
3 1253 1416 1254 
3 1518 11995 1419 
3 11101 9386 1483 
3 1539 2496 4363 
3 1466 1363 1521 
3 1425 1471 1364 
3 1524 1586 1469 
3 2971 3585 804 
3 1589 1314 1472 
3 1205 1366 1471 
3 6971 9705 7002 
3 8729 10277 7675 
3 2792 8383 8420 
3 1539 1529 6743 
3 2750 843 6395 
3 8582 1816 6390 
3 4932 6934 3916 
3 9716 8223 8568 
3 1413 1360 1572 
3 1371 1475 1643 
3 947 3815 949 
3 1429 1593 1474 
3 1532 1793 1643 
3 1318 1371 1316 
3 1475 1371 1318 
3 1650 1375 1596 
3 1474 1531 1433 
3 1596 1375 1432 
3 1426 1316 1371 
3 7901 7688 7572 
3 2421 8730 372 
3 1323 1476 1320 
3 1429 1474 1319 
3 1476 1323 1599 
3 6041 9124 8525 
3 1435 1327 1376 
3 1535 1479 1325 
3 1599 1323 1216 
3 8309 4653 4623 
3 1271 1481 1602 
3 1478 1654 1272 
3 1334 1658 1536 
3 423 5368 2574 
3 3252 7431 11152 
3 689 682 10269 
3 3781 8783 5041 
3 1437 1330 1333 
3 1544 1167 1335 
3 1334 1536 1484 
3 1546 1485 1545 
3 1335 1386 1548 
3 1484 1664 1547 
3 1608 1490 1385 
3 1488 1608 1385 
3 1442 1555 1550 
3 7675 7673 8582 
3 10744 6733 2857 
3 4363 2499 5249 
3 1386 1228 1233 
3 2334 1815 8412 
3 7957 1862 1438 
3 1286 1610 1553 
3 2147 2148 7020 
3 1233 1339 1386 
3 1392 1449 1565 
3 1932 8096 1903 
3 7398 11909 4002 
3 1491 1494 1671 
3 7907 8023 7580 
3 1445 1389 1547 
3 1552 1399 1443 
3 1397 1494 1444 
3 1397 1557 1494 
3 6940 5135 11925 
3 11638 1281 6859 
3 11631 10242 5105 
3 1499 1497 1400 
3 6945 699 3416 
3 1449 1391 1617 
3 1565 1563 1397 
3 1563 1557 1397 
3 909 3087 1751 
3 6805 1039 1348 
3 1295 1406 1448 
3 1499 1562 1497 
3 11854 11841 1510 
3 1661 499 6797 
3 11638 6859 11618 
3 1780 2888 3068 
3 11561 11618 1176 
3 4278 499 1661 
3 1404 1352 1567 
3 1408 1350 1505 
3 514 1522 1728 
3 1352 1623 1567 
3 2023 1869 2534 
3 1453 1623 1352 
3 4428 7766 1126 
3 1571 1411 1358 
3 3850 2578 2569 
3 5105 3084 3104 
3 1752 1355 2225 
3 11860 11057 6565 
3 1355 1752 1572 
3 11434 11330 3347 
3 1254 1416 1516 
3 1411 1571 1456 
3 2750 6395 2842 
3 5760 10155 4914 
3 1661 4056 4810 
3 11944 8168 1969 
3 1573 1455 1632 
3 1539 4363 11086 
3 1632 1460 1633 
3 1633 1460 1575 
3 1414 1576 1575 
3 4905 6453 4948 
3 388 393 6245 
3 5716 11762 515 
3 1416 1463 1516 
3 1515 1517 1256 
3 1700 1420 1464 
3 611 636 528 
3 1135 11933 3588 
3 1762 1363 1520 
3 8720 8361 7838 
3 1469 1468 1584 
3 10468 10133 1675 
3 4810 4056 2077 
3 6381 6424 6366 
3 6202 3146 3155 
3 1425 1365 1589 
3 1425 1706 1588 
3 1524 1584 1704 
3 1525 1783 1590 
3 4917 7544 7550 
3 6321 11448 9419 
3 1425 1364 1365 
3 100 8357 4586 
3 6668 3504 5210 
3 1716 1645 1369 
3 7753 2367 348 
3 4145 4987 4973 
3 553 778 624 
3 4542 1777 3612 
3 11536 997 6544 
3 11803 11824 3363 
3 1643 1475 1532 
3 10196 11364 2254 
3 857 729 897 
3 2199 1786 1715 
3 1592 1371 1643 
3 1374 1477 1600 
3 1596 1432 1645 
3 9883 2027 2888 
3 1435 1534 1601 
3 1795 1476 1599 
3 276 174 8066 
3 2490 8783 294 
3 6230 9403 6174 
3 1324 1375 1478 
3 1327 1435 1378 
3 417 4533 5137 
3 10948 5899 10942 
3 415 337 398 
3 123 4704 2095 
3 6861 123 2095 
3 415 332 337 
3 1722 1272 1654 
3 1535 1330 1605 
3 1604 1655 1481 
3 1658 1480 1603 
3 2036 1662 2042 
3 6174 6207 11320 
3 1333 1889 1437 
3 1888 1542 1439 
3 1545 1485 1542 
3 1439 1542 1485 
3 3734 3563 4162 
3 1658 1659 1887 
3 8096 10228 1903 
3 1726 1335 1548 
3 108 7512 5881 
3 1664 1729 1549 
3 1546 1545 1608 
3 6042 6477 1804 
3 1549 1547 1664 
3 2888 1780 10082 
3 1607 1490 1608 
3 6136 375 10173 
3 1490 1668 1552 
3 1547 1549 1445 
3 4694 1932 2028 
3 1492 1445 1549 
3 1386 1491 1671 
3 1388 1286 1672 
3 1286 1553 1672 
3 1443 1490 1552 
3 1488 1546 1608 
3 10082 1780 7087 
3 374 11791 10962 
3 1666 1380 1550 
3 1668 1490 1607 
3 1647 655 4426 
3 1401 1555 1442 
3 1555 1680 1811 
3 10717 2306 5562 
3 1497 1396 1400 
3 1811 1550 1555 
3 1526 1372 1594 
3 2326 1997 1843 
3 10344 6892 750 
3 1451 1496 2052 
3 1568 7039 1438 
3 4452 4294 4365 
3 1062 116 97 
3 1401 1614 1558 
3 6778 7211 6661 
3 1555 1558 1680 
3 8412 2894 10513 
3 5947 8530 11869 
3 7360 9818 1902 
3 1558 1555 1401 
3 1564 1504 1345 
3 1657 2640 652 
3 1383 10951 6845 
3 1474 1597 1531 
3 1899 1614 1401 
3 5457 1756 10038 
3 1552 1684 1738 
3 1822 1350 1738 
3 11851 10171 5058 
3 1406 1622 1448 
3 82 4115 0 
3 11354 11706 11190 
3 7653 7657 3766 
3 1623 1744 1567 
3 1499 1400 1448 
3 1505 1624 1408 
3 1624 1569 1408 
3 6389 5870 5879 
3 1738 1399 1552 
3 7962 3825 3675 
3 1743 1898 1557 
3 2021 2201 1950 
3 1227 1547 1283 
3 6678 11564 11536 
3 5572 6817 6471 
3 1574 1572 1692 
3 1632 1633 1842 
3 1413 1574 1514 
3 1514 1415 1413 
3 3825 7973 3675 
3 937 515 11768 
3 2398 2492 2320 
3 1759 1633 1576 
3 10177 3321 11840 
3 1698 1462 1514 
3 1698 1515 1462 
3 2199 2121 2359 
3 1582 1468 1523 
3 1523 1469 1585 
3 11224 11031 2062 
3 1018 931 759 
3 2109 843 2750 
3 997 1440 6321 
3 2077 7707 4694 
3 2077 4694 2028 
3 65 115 128 
3 1473 1642 1427 
3 11643 11820 11123 
3 11845 6794 1482 
3 1592 1788 1591 
3 1716 1369 1713 
3 3674 3686 3670 
3 10400 4204 5168 
3 11509 3986 5266 
3 1709 6144 11408 
3 4820 5328 213 
3 894 761 971 
3 1642 1593 1429 
3 1534 1531 1717 
3 3321 11815 11840 
3 1600 1594 1374 
3 1652 1532 1476 
3 1433 1531 1534 
3 1598 1601 1534 
3 1601 1598 1603 
3 7411 7288 7167 
3 1217 1376 1327 
3 6824 7022 6917 
3 1601 1480 1378 
3 2193 1864 1866 
3 1887 1536 1658 
3 3631 3715 3799 
3 1605 1330 1437 
3 305 2331 302 
3 10082 9883 2888 
3 7972 5079 10432 
3 956 999 1122 
3 1891 1545 1542 
3 1335 1726 1544 
3 1545 1607 1608 
3 1484 1536 1664 
3 6028 949 3785 
3 1991 3805 2908 
3 10778 1872 3525 
3 8843 855 11021 
3 1337 1488 1385 
3 1672 1493 1388 
3 1333 1544 1889 
3 1445 1492 1345 
3 8874 9499 1667 
3 1680 1558 1612 
3 1734 1612 1613 
3 7421 3673 7504 
3 4439 9591 2022 
3 4728 5628 4732 
3 1568 3438 7039 
3 1733 1612 1734 
3 1996 2908 3818 
3 1821 1556 2059 
3 5713 4066 88 
3 1085 1001 1003 
3 1613 1612 1614 
3 5562 187 10717 
3 1814 1730 1610 
3 5242 5208 9083 
3 1614 1612 1558 
3 854 8789 850 
3 11536 6544 6678 
3 0 11566 82 
3 1343 1349 1556 
3 1564 1737 1686 
3 2059 1349 1747 
3 1743 1563 1620 
3 1140 901 823 
3 7402 3417 7394 
3 6138 5044 2107 
3 359 589 11779 
3 1176 11618 6859 
3 1747 1349 1626 
3 1565 1449 1617 
3 1401 1567 1745 
3 7885 3825 10306 
3 1904 1832 1686 
3 7736 4928 2804 
3 1410 1689 1357 
3 1695 1632 1842 
3 4789 7660 9300 
3 1456 1630 1457 
3 7302 7299 7287 
3 5562 11709 187 
3 4312 7749 2820 
3 1358 1409 1627 
3 5668 6766 11854 
3 1457 1630 1689 
3 1456 1571 1753 
3 1692 1572 1752 
3 11677 6766 11852 
3 6607 10868 9280 
3 1576 1414 1635 
3 1576 1758 1759 
3 1700 1635 1463 
3 2743 2838 2749 
3 11522 11814 2540 
3 1700 1464 1844 
3 5532 5924 5811 
3 7838 8361 7837 
3 10530 11673 4820 
3 1144 1466 1464 
3 8397 2582 8422 
3 1584 1524 1469 
3 10655 843 2027 
3 7138 5414 6271 
3 1639 1588 1706 
3 6596 7357 6600 
3 1425 1588 1471 
3 4789 10395 7660 
3 1525 1588 1639 
3 3179 3197 4135 
3 1589 1472 1641 
3 1788 1641 1591 
3 5949 10150 6832 
3 1642 1714 1593 
3 3184 5544 10681 
3 673 649 651 
3 1046 1083 1294 
3 11684 11178 11861 
3 9876 9967 9985 
3 1782 1783 1639 
3 1644 1649 1596 
3 1596 1645 1644 
3 1649 1650 1596 
3 1598 1534 1717 
3 1649 1651 1650 
3 602 10093 8447 
3 1777 10135 10075 
3 1651 1478 1650 
3 1652 1476 1795 
3 10622 1939 11082 
3 1597 1790 1717 
3 7573 6700 2232 
3 4735 5167 5042 
3 4335 1559 4218 
3 8603 6759 7654 
3 3711 3496 855 
3 11755 4682 6654 
3 1799 1600 1602 
3 6188 1629 5316 
3 8333 7819 7926 
3 1656 1659 1658 
3 11791 374 379 
3 1658 1603 1656 
3 1107 826 800 
3 1331 1723 1888 
3 1888 1723 2037 
3 1664 1536 1887 
3 5210 3504 2544 
3 1726 1725 1544 
3 1607 1545 1891 
3 1675 3279 4069 
3 1967 1813 1733 
3 9657 10013 10010 
3 1730 1808 1553 
3 9044 7691 7087 
3 1277 4350 1203 
3 1139 1024 1103 
3 1807 1493 1672 
3 6973 8306 8424 
3 1251 1903 9044 
3 10228 9044 1903 
3 1678 1731 1494 
3 1660 1540 2036 
3 1814 1556 2145 
3 192 178 4920 
3 1673 1492 1549 
3 2613 2603 2607 
3 3661 10876 7259 
3 1737 1492 1673 
3 1814 1610 1556 
3 5958 2385 3258 
3 1494 1683 1678 
3 938 1108 979 
3 1683 1494 1557 
3 5514 11681 267 
3 174 75 3675 
3 499 6395 5673 
3 1497 1562 1823 
3 10954 11823 11646 
3 7421 2557 3673 
3 1401 1745 1899 
3 1661 6797 5139 
3 3131 4962 4948 
3 1823 1617 1497 
3 1823 1562 1739 
3 5518 10664 5120 
3 10942 8524 8527 
3 1557 1563 1743 
3 1505 1822 2063 
3 1569 1622 1406 
3 1826 1620 1617 
3 3243 10093 11737 
3 1564 1686 1832 
3 1620 1565 1617 
3 2225 1353 1503 
3 2916 2915 2739 
3 1627 1753 1571 
3 1521 1844 1466 
3 1693 1632 1695 
3 1693 1841 1690 
3 10063 11718 4951 
3 1753 1630 1456 
3 1869 2023 1871 
3 2017 2267 2625 
3 1573 1632 1693 
3 824 8874 4064 
3 1357 1689 1749 
3 75 4063 3675 
3 10109 11778 11800 
3 5423 248 11681 
3 11846 10171 5077 
3 11846 5077 11849 
3 4063 7962 3675 
3 865 7487 4234 
3 6513 10620 9049 
3 4820 10679 5328 
3 8447 10120 2323 
3 1363 1762 1521 
3 1580 1581 11994 
3 7579 7680 9166 
3 1925 1582 1703 
3 11720 2289 10074 
3 7400 50 10776 
3 1584 1766 1931 
3 1855 1586 1524 
3 2004 1585 1586 
3 1639 1781 1779 
3 10514 4735 11666 
3 1781 1706 1707 
3 10716 8096 4694 
3 1706 1708 1707 
3 1708 1425 1589 
3 1706 1425 1708 
3 1590 1783 1787 
3 1713 1590 1787 
3 1641 1708 1589 
3 1526 1786 1712 
3 1642 1473 1712 
3 1133 4421 6074 
3 3315 564 11662 
3 1594 1715 1526 
3 1790 1597 1593 
3 2344 2346 2518 
3 2631 2361 2814 
3 4250 4413 4253 
3 1597 1717 1531 
3 2027 9883 10655 
3 4827 9985 9967 
3 1652 1873 1793 
3 1644 1645 1716 
3 97 4653 11600 
3 1873 1949 1793 
3 2019 1793 1949 
3 10289 10291 5081 
3 5377 5511 5027 
3 1732 4342 9087 
3 1956 1954 1882 
3 10082 10701 9883 
3 1654 1478 1800 
3 1652 1793 1532 
3 1065 905 1028 
3 1844 1521 1999 
3 1659 1656 1881 
3 2930 2937 11224 
3 1227 1283 1045 
3 1535 1802 1479 
3 1526 1712 1428 
3 1535 1605 1802 
3 1000 1085 1084 
3 1037 1222 1223 
3 1887 1659 1885 
3 1723 1329 1722 
3 186 5063 2232 
3 6136 10180 6197 
3 1306 1138 1414 
3 1604 1537 1660 
3 1553 1808 1672 
3 1662 2036 1540 
3 1889 1544 1725 
3 3316 3590 3409 
3 9293 2706 11773 
3 1726 1548 1892 
3 6218 6429 6215 
3 1725 1892 2043 
3 1891 1668 1607 
3 4129 4135 4146 
3 7487 3482 4234 
3 2294 2549 2653 
3 1671 1727 1892 
3 1493 1807 1812 
3 11540 4506 9699 
3 7087 1251 9044 
3 1419 936 1258 
3 1565 1620 1563 
3 900 559 11342 
3 8083 10536 8963 
3 6146 2675 5289 
3 1733 1813 1680 
3 9495 9837 9494 
3 1552 2047 1684 
3 4232 9679 2699 
3 2302 1727 1965 
3 3197 4202 4160 
3 171 5527 5544 
3 129 137 5127 
3 1683 1557 1898 
3 9244 6303 9697 
3 1899 1820 1613 
3 1842 1992 1695 
3 2728 1920 6662 
3 6743 6720 1498 
3 7421 11434 3347 
3 1684 1971 1738 
3 1897 865 559 
3 9878 11576 4667 
3 1305 3168 10717 
3 7016 10884 3145 
3 4903 3873 1816 
3 6395 843 6962 
3 10327 4928 4969 
3 2320 2153 2398 
3 1682 1734 1613 
3 678 4480 9274 
3 2057 2063 1822 
3 6962 843 3192 
3 1620 1830 1980 
3 4365 4207 4288 
3 1623 1749 1744 
3 1826 1823 1901 
3 1911 1569 1833 
3 1689 1630 1837 
3 1689 1837 1909 
3 1837 1630 1908 
3 4129 4146 5145 
3 1905 1753 1627 
3 4920 8989 10117 
3 10884 10794 6835 
3 10877 10892 9363 
3 551 588 444 
3 10794 10784 10764 
3 3238 7707 4056 
3 5824 5624 5634 
3 7402 7394 5951 
3 2909 2905 3088 
3 6835 2968 4834 
3 1523 1468 1469 
3 1698 1843 1581 
3 1581 1580 1698 
3 1921 1692 2156 
3 2411 3199 2410 
3 4032 5031 5055 
3 1999 1521 1762 
3 4056 7707 2077 
3 1933 1523 1585 
3 1769 1854 1853 
3 4533 328 8066 
3 10285 10445 10624 
3 1772 1769 1858 
3 838 9856 883 
3 1585 2004 1933 
3 1772 1860 1856 
3 1769 1772 1856 
3 7788 8011 7789 
3 50 10739 4922 
3 1705 1940 1860 
3 1774 1935 1937 
3 10716 10596 8096 
3 1865 1938 2011 
3 2009 1856 1860 
3 8256 10075 11334 
3 7089 1043 133 
3 1546 1282 1381 
3 2253 2422 2104 
3 1344 1354 446 
3 10 644 2721 
3 1706 1781 1639 
3 2343 2257 2184 
3 1779 1781 2013 
3 1639 1779 1782 
3 1784 1707 1708 
3 4827 11606 9985 
3 1715 1786 1526 
3 1642 1712 2118 
3 1919 1897 559 
3 2732 10414 3659 
3 1868 1641 1788 
3 2735 11687 10539 
3 7087 3859 10082 
3 5170 8804 2540 
3 1783 1525 1639 
3 1649 1644 1871 
3 2023 1651 1649 
3 2023 1649 1871 
3 2776 2583 2581 
3 4234 3482 10937 
3 1940 1705 1864 
3 11608 749 6621 
3 1187 1087 963 
3 2711 2706 11682 
3 10539 11687 6662 
3 4302 1126 7766 
3 1654 1719 1722 
3 2828 10630 6156 
3 7555 1482 10058 
3 1722 1719 1803 
3 1950 1874 1598 
3 1800 1478 1651 
3 1874 1656 1603 
3 2972 9430 9327 
3 383 11911 11551 
3 1601 1378 1435 
3 10019 9978 11589 
3 1655 1801 1799 
3 499 5673 11936 
3 1479 1880 1599 
3 1803 1719 2034 
3 499 11936 6797 
3 1880 1879 1795 
3 8451 9023 8452 
3 1723 1722 1803 
3 1662 1380 1666 
3 3396 5164 1541 
3 1542 1960 1891 
3 6962 5673 6395 
3 1729 1664 1890 
3 1887 1958 1890 
3 1893 1666 1811 
3 1725 1726 1892 
3 3382 1677 1861 
3 2543 2206 2645 
3 1961 1807 1808 
3 1666 1550 1811 
3 9077 8794 6144 
3 2698 10114 11879 
3 1966 1673 1729 
3 3197 4160 4135 
3 1671 1892 1548 
3 9327 3325 10406 
3 3238 1661 5139 
3 1680 1813 1811 
3 6588 3412 6597 
3 1733 1680 1612 
3 1968 1734 1682 
3 5657 323 2331 
3 3141 8301 6975 
3 2123 5196 1482 
3 11583 7504 5927 
3 1819 1683 1898 
3 1972 1820 1899 
3 2312 1838 2149 
3 2565 2392 2312 
3 2145 1556 1821 
3 1823 1739 1901 
3 11152 9956 2242 
3 1305 10717 11722 
3 1744 1745 1567 
3 1899 1745 1824 
3 10616 10572 9031 
3 1971 2057 1822 
3 1759 1842 1633 
3 4129 5145 4174 
3 7586 10456 5955 
3 1831 1741 1622 
3 4623 1114 7656 
3 1831 1829 1741 
3 1911 1831 1622 
3 9579 5715 9699 
3 8487 11977 6761 
3 11092 10630 7673 
3 9066 10628 925 
3 1617 1823 1826 
3 3266 11287 2397 
3 1831 1914 1829 
3 1832 1904 1905 
3 1909 1907 1749 
3 2063 2057 2479 
3 1911 1914 1831 
3 1914 1834 1829 
3 2225 2478 1752 
3 1624 1505 2063 
3 7461 8302 7684 
3 1689 1909 1749 
3 1690 1573 1693 
3 1912 1914 1911 
3 5423 11681 10076 
3 10572 10616 1446 
3 1211 1432 1322 
3 6099 5253 5249 
3 1752 1916 1692 
3 1559 1789 30 
3 8720 7838 8184 
3 1760 1921 1922 
3 1635 1699 1995 
3 11998 1581 1843 
3 7129 7364 7019 
3 1139 1103 1101 
3 10701 10761 10655 
3 9883 10701 10655 
3 4694 7707 10716 
3 1766 1582 1925 
3 3442 3453 6629 
3 7286 7182 2171 
3 838 8334 7037 
3 1931 1766 2168 
3 1289 248 2291 
3 1850 1851 1854 
3 1854 2087 1850 
3 10596 10228 8096 
3 3285 2840 3023 
3 10596 6062 10228 
3 1854 1856 2087 
3 1940 1864 2193 
3 5572 10253 6817 
3 2009 1857 1856 
3 4381 11090 8760 
3 1705 1860 1774 
3 1772 1774 1860 
3 1859 1774 1772 
3 8453 7799 2440 
3 1860 1940 2009 
3 9046 9428 9236 
3 1960 1888 2037 
3 3156 10019 11612 
3 1937 1776 1705 
3 1103 934 1101 
3 9211 10788 4815 
3 1473 1428 1712 
3 10577 2857 7947 
3 1101 1253 1139 
3 9875 7439 2256 
3 7972 10432 4390 
3 7555 10058 5738 
3 1864 1865 1866 
3 1779 2267 1782 
3 3153 9577 8970 
3 1779 2013 2114 
3 1787 1783 1782 
3 1782 1943 1787 
3 1871 1787 1869 
3 6837 11980 2281 
3 8843 11021 2076 
3 107 2988 9878 
3 9196 1983 11095 
3 10070 7972 4390 
3 1641 1868 1784 
3 1714 1642 2120 
3 1787 1871 1713 
3 1871 1644 1713 
3 1644 1716 1713 
3 1060 1139 1308 
3 1769 1853 1858 
3 1879 1652 1795 
3 1858 1853 2005 
3 187 10108 8485 
3 1574 1921 1514 
3 2414 2089 2249 
3 1652 2026 1873 
3 1652 1879 2026 
3 2713 2424 2619 
3 1598 1874 1603 
3 2129 1801 1953 
3 424 371 307 
3 1795 1599 1880 
3 2801 11289 7917 
3 2094 1853 1851 
3 5813 3859 7087 
3 1802 1882 1479 
3 475 9902 478 
3 1654 1800 1719 
3 1953 2036 2371 
3 1886 1723 1803 
3 10539 2732 2735 
3 1886 2037 1723 
3 4851 5840 5696 
3 1942 8446 10983 
3 10539 6662 1920 
3 2202 1948 1876 
3 1890 1664 1887 
3 5617 11894 11892 
3 9530 8428 9430 
3 9430 2972 9530 
3 1461 1508 6428 
3 2253 2704 2422 
3 6039 9863 5996 
3 1890 1966 1729 
3 1893 1811 1813 
3 1961 1808 1962 
3 11608 9810 749 
3 5616 3465 10749 
3 9293 11682 2706 
3 1812 1807 2044 
3 1814 2139 1730 
3 8147 8160 469 
3 1731 1678 1965 
3 1812 2052 1496 
3 2050 1673 1966 
3 1957 6431 9897 
3 7128 6831 5881 
3 1678 1683 1819 
3 7584 7478 7582 
3 1673 2050 1737 
3 11196 9625 10389 
3 1737 2050 1974 
3 1730 1962 1808 
3 10414 1847 749 
3 5632 0 4115 
3 8798 5075 7020 
3 2219 1128 30 
3 8794 7188 5485 
3 3607 3166 3422 
3 1313 1368 1209 
3 3192 3803 6658 
3 9745 3350 4398 
3 1743 2477 1898 
3 1149 1313 1209 
3 9265 6428 1863 
3 1658 1334 1223 
3 11228 2056 11407 
3 2610 929 3373 
3 1613 1736 1682 
3 1829 1834 1739 
3 1838 1753 1905 
3 1904 2149 1905 
3 2003 7707 3238 
3 1838 1905 2149 
3 3406 1827 7422 
3 469 465 8147 
3 5663 5382 5659 
3 6355 2945 1326 
3 2479 2230 2063 
3 1834 1987 1739 
3 1747 1917 1984 
3 7551 129 7128 
3 2150 1837 1908 
3 2150 1909 1837 
3 566 407 516 
3 1911 1833 1910 
3 8420 1446 10616 
3 1474 1433 1319 
3 1910 1912 1911 
3 2478 1916 1752 
3 1914 1912 1915 
3 2203 9874 1356 
3 1917 1690 1841 
3 1987 1834 1990 
3 3632 4070 3717 
3 1989 1914 2234 
3 1695 2396 1841 
3 1698 1514 1760 
3 6436 6440 9897 
3 1759 1993 1842 
3 1758 1635 1995 
3 1989 1834 1914 
3 244 1135 1982 
3 1700 1844 1699 
3 5546 6129 6325 
3 10082 3859 6052 
3 2080 1699 1844 
3 736 5139 11936 
3 8785 3540 8744 
3 10701 10082 6052 
3 1785 10986 1500 
3 1850 2087 1928 
3 3063 1500 3061 
3 1930 1766 1925 
3 865 3636 11342 
3 2172 1931 2168 
3 760 859 698 
3 2094 1846 2002 
3 2568 2477 1980 
3 10486 1538 1276 
3 1851 1846 2094 
3 1851 1850 1846 
3 126 113 179 
3 2087 1857 2006 
3 1854 1769 1856 
3 2008 2006 1857 
3 5759 6094 5987 
3 2009 2008 1857 
3 6062 3556 7691 
3 71 1114 1102 
3 8973 8578 8416 
3 1937 1938 1776 
3 1705 1776 1864 
3 771 11332 10523 
3 2347 2011 2190 
3 2187 2190 1938 
3 1869 1787 1943 
3 1944 1943 1782 
3 10146 1768 3063 
3 6370 8099 1047 
3 1595 6465 1638 
3 2702 2343 2007 
3 7104 699 6945 
3 2118 1712 2014 
3 1712 2196 2014 
3 1786 2196 1712 
3 5185 4146 4160 
3 1714 2120 1791 
3 1778 11108 970 
3 2118 2120 1642 
3 3727 3730 3557 
3 1868 1788 2019 
3 8160 8147 11976 
3 3525 8760 11406 
3 2275 1943 2017 
3 2121 2199 1715 
3 10523 10520 8088 
3 2121 1715 1948 
3 8006 8027 11382 
3 9956 11152 2165 
3 2005 1853 2094 
3 2777 2233 2775 
3 1358 1249 1130 
3 2005 2094 2092 
3 2128 1800 2023 
3 2026 1879 2031 
3 1881 1656 1874 
3 2031 1879 1880 
3 1880 1882 1954 
3 2283 1659 1881 
3 1660 1953 1801 
3 2005 2007 1858 
3 6528 2165 6011 
3 1885 1659 2283 
3 1880 1479 1882 
3 1802 1605 2209 
3 10387 8783 3781 
3 9810 3659 10414 
3 3061 10146 3063 
3 2901 10496 11290 
3 1889 1605 1437 
3 5949 4794 10150 
3 1662 1666 2042 
3 3018 6568 4838 
3 6370 1047 6353 
3 1508 452 6659 
3 10002 6638 5955 
3 8779 5041 8783 
3 2135 1890 1958 
3 1966 1890 2135 
3 3910 1132 4871 
3 2187 2108 2516 
3 1731 1965 1727 
3 2044 2136 1812 
3 9265 1461 6428 
3 9710 555 9885 
3 2139 2046 1730 
3 2147 2175 2148 
3 1451 2052 2225 
3 1673 1549 1729 
3 555 7407 9667 
3 1814 2145 2139 
3 2797 11268 2771 
3 7707 2003 4404 
3 2053 2145 1821 
3 2069 1910 2067 
3 1367 1209 1368 
3 837 3341 10856 
3 3787 3978 3430 
3 1819 1898 2311 
3 11984 2099 9675 
3 1733 1968 1967 
3 3220 3314 3312 
3 1974 2149 1904 
3 1744 2313 1745 
3 2314 2059 1984 
3 8568 2012 5838 
3 8380 8368 5243 
3 1826 1830 1620 
3 1743 1980 2477 
3 1907 2393 2313 
3 2313 1744 1907 
3 2067 1833 1624 
3 1901 1739 1987 
3 1626 1917 1747 
3 2061 1908 1838 
3 2061 1985 1908 
3 1985 2150 1908 
3 2068 1909 2150 
3 1833 2067 1910 
3 1590 1713 1369 
3 2069 1912 1910 
3 10358 10790 7318 
3 1990 1834 1989 
3 425 6335 422 
3 1987 1990 2153 
3 2228 1984 1917 
3 1915 2075 1914 
3 2048 2030 2029 
3 2318 1917 1841 
3 2234 1914 2075 
3 1146 1132 11440 
3 97 4623 4653 
3 2396 1695 1992 
3 2155 1915 2069 
3 1480 1658 1223 
3 9166 7680 11974 
3 2156 1922 1921 
3 1758 1994 1759 
3 1994 1758 2079 
3 2326 1760 1922 
3 2326 1843 1760 
3 1727 2302 2043 
3 1995 1699 2407 
3 7624 259 8528 
3 730 859 899 
3 1926 2966 10744 
3 1129 1005 889 
3 1763 11998 1925 
3 3291 11806 11815 
3 11997 1999 1762 
3 3253 2242 6156 
3 9769 3161 1431 
3 3556 11825 9510 
3 838 883 8334 
3 2006 2173 2087 
3 7084 2675 8002 
3 1704 1931 2172 
3 2239 2002 1846 
3 10716 3556 10596 
3 2100 1044 2954 
3 3732 3820 3651 
3 734 2107 5321 
3 1991 7526 9169 
3 3859 5813 6052 
3 5657 10130 11738 
3 1099 2914 8363 
3 1511 3129 11849 
3 3072 2978 2617 
3 11697 5258 9970 
3 8048 2926 11962 
3 1096 10380 8918 
3 1859 2007 2184 
3 3441 3437 3792 
3 1941 2112 1865 
3 1944 1782 2267 
3 9600 10101 9602 
3 10617 3636 11412 
3 2112 1866 1865 
3 1784 2116 1707 
3 10523 8088 2737 
3 2116 1784 1868 
3 2197 1786 2199 
3 1472 1591 1641 
3 11382 8027 11400 
3 2018 1868 2019 
3 2021 2122 2363 
3 11879 1606 11927 
3 2748 2840 2466 
3 2986 2526 3073 
3 3597 3672 11136 
3 3125 10895 4977 
3 11998 1997 1925 
3 1949 2018 2019 
3 2785 1861 3482 
3 2201 2024 1950 
3 11980 8525 2281 
3 1534 1435 1433 
3 1799 1801 2025 
3 1887 2035 1958 
3 2026 2031 2205 
3 2552 2373 2743 
3 6870 6856 4811 
3 2131 1885 2283 
3 3443 8002 2675 
3 2035 1885 2131 
3 2128 2130 1719 
3 1719 1800 2128 
3 2209 1605 2038 
3 1882 1802 1956 
3 8397 11156 2088 
3 294 8783 10387 
3 1605 1889 2038 
3 1540 1660 1537 
3 2215 2294 1959 
3 1767 2089 11993 
3 2348 3238 5139 
3 1145 1363 1466 
3 269 8000 9749 
3 2043 2038 1889 
3 1727 2043 1892 
3 9237 10749 3465 
3 9108 4630 10361 
3 1725 2043 1889 
3 2136 2299 2379 
3 2047 1891 1959 
3 3850 2039 11144 
3 1959 2303 2047 
3 9856 10393 10059 
3 2204 1311 1297 
3 2052 1812 2136 
3 2145 2386 2139 
3 843 10655 3192 
3 1967 1968 2143 
3 1968 1682 2221 
3 10761 4571 10655 
3 2146 1684 2047 
3 1684 2146 1971 
3 37 74 38 
3 2667 2057 1971 
3 7707 4404 4357 
3 4969 10274 11955 
3 2063 2067 1624 
3 11817 4705 11463 
3 3796 9873 9066 
3 3131 3308 4962 
3 2055 2062 2030 
3 2269 2118 2014 
3 925 903 9066 
3 1801 2280 2025 
3 10252 3131 4948 
3 7707 4357 10716 
3 2061 2312 2392 
3 925 3785 903 
3 1976 1824 2313 
3 2314 2053 2059 
3 1830 2227 1980 
3 1824 1745 2313 
3 1826 2065 1830 
3 1176 11028 6622 
3 2068 2316 1907 
3 2316 2393 1907 
3 11969 6355 1332 
3 6856 5961 4794 
3 7719 2635 2679 
3 3627 10366 8342 
3 59 9843 8313 
3 1300 1180 1087 
3 2228 1917 2318 
3 2155 2069 2070 
3 2318 1841 2396 
3 4025 2370 11518 
3 2074 2153 1990 
3 4718 1640 4705 
3 2155 2158 1915 
3 2646 9486 7685 
3 2158 2075 1915 
3 5813 3431 6052 
3 2257 1935 2184 
3 3556 3472 7691 
3 2326 1922 2078 
3 209 205 189 
3 2407 1699 2409 
3 1994 2159 1993 
3 1997 11998 1843 
3 2409 1699 2080 
3 2081 2082 2161 
3 3388 3039 3124 
3 3343 11860 6565 
3 3161 9769 9766 
3 2002 2246 2092 
3 2086 1999 11997 
3 2080 1844 2166 
3 9510 11825 4357 
3 11218 11545 11903 
3 9919 3062 2274 
3 2087 2167 1928 
3 1324 1478 1272 
3 11067 9476 6242 
3 2091 2084 2090 
3 1933 2089 1767 
3 2096 2097 2091 
3 1930 1925 1997 
3 9716 1646 7259 
3 2091 2090 2096 
3 100 4586 8188 
3 3600 3768 3235 
3 388 6245 1021 
3 2089 1933 2249 
3 6668 1096 8918 
3 2002 2239 2246 
3 2241 2419 2250 
3 2091 2097 2419 
3 2650 10792 5616 
3 11432 10890 11679 
3 2097 2180 2098 
3 11412 4234 10937 
3 40 63 51 
3 1856 1857 2087 
3 6607 9310 6796 
3 1707 2013 1781 
3 2098 2182 2176 
3 2180 2182 2098 
3 8002 1870 11112 
3 2094 2002 2092 
3 1260 9693 11323 
3 2106 2008 2191 
3 1486 4599 403 
3 8468 100 8188 
3 2255 2104 2346 
3 89 4063 75 
3 1935 2108 1937 
3 11332 771 3161 
3 2187 1937 2108 
3 8464 3853 10128 
3 1940 2191 2009 
3 1859 2184 1774 
3 8741 10343 7866 
3 9096 7579 9166 
3 2696 2598 2963 
3 2198 2013 2116 
3 328 4533 856 
3 1768 10146 397 
3 2269 2120 2118 
3 2196 1786 2197 
3 5110 6845 11101 
3 1946 1791 2273 
3 2018 2432 1868 
3 1946 2273 2122 
3 1972 1899 1976 
3 1791 1946 1790 
3 2433 2121 2202 
3 1006 1087 1180 
3 1190 1058 967 
3 2021 1950 1946 
3 808 2994 11593 
3 1950 1790 1946 
3 1881 1874 2024 
3 2026 1949 1873 
3 1876 1796 2202 
3 1949 2026 2205 
3 2206 2128 2282 
3 1801 2129 2280 
3 3805 6509 8374 
3 1944 2017 1943 
3 1954 2031 1880 
3 2025 2280 2279 
3 2207 2205 2031 
3 2008 2009 2191 
3 1796 2025 2202 
3 1954 1956 2207 
3 2276 1949 2205 
3 328 273 144 
3 2820 7749 7755 
3 2647 2035 2131 
3 2214 2371 2036 
3 6843 3431 5813 
3 6878 11088 4363 
3 2214 2036 2042 
3 2129 2634 2280 
3 7347 7119 7343 
3 8420 8383 10486 
3 144 174 276 
3 1962 2300 1961 
3 1886 2132 2037 
3 11798 3847 5793 
3 1962 2046 2300 
3 7799 8453 166 
3 2042 1893 2378 
3 8609 2557 11531 
3 7774 8750 5118 
3 2216 2038 2043 
3 2417 11939 2071 
3 2046 1962 1730 
3 2138 1893 1813 
3 5853 10868 5841 
3 8956 5631 7246 
3 3207 11308 8373 
3 8296 8256 11334 
3 2140 2142 1966 
3 7882 6198 351 
3 2143 1968 2221 
3 5631 6464 7246 
3 1966 2142 2050 
3 2068 1907 1909 
3 2560 2052 2136 
3 1714 1790 1593 
3 10105 4682 11778 
3 1682 1736 2221 
3 1965 1678 1819 
3 2054 2050 2388 
3 11270 8016 11913 
3 11265 4461 11713 
3 2477 2311 1898 
3 1881 2024 2436 
3 7025 10094 5156 
3 2479 2057 2667 
3 2312 2061 1838 
3 3673 6325 6129 
3 7504 6129 5927 
3 2392 1985 2061 
3 3556 6062 10596 
3 9078 4905 4948 
3 174 144 75 
3 75 144 4124 
3 1916 2575 2156 
3 2403 2155 2070 
3 2581 2583 2322 
3 9510 4357 3346 
3 7799 10201 2440 
3 2074 1989 2324 
3 9636 4460 7869 
3 3378 5579 4400 
3 2151 2153 2231 
3 3472 5813 7691 
3 144 273 4124 
3 10334 9538 7957 
3 4357 11825 10716 
3 5824 2994 5624 
3 8129 2640 667 
3 6658 5673 6962 
3 1995 2079 1758 
3 2081 2161 2335 
3 11747 11865 11860 
3 10966 10798 10614 
3 2330 2239 1928 
3 10913 3141 6632 
3 4124 89 75 
3 3074 4010 2289 
3 1553 1610 1730 
3 4266 2467 2464 
3 11482 10656 11476 
3 5951 7394 610 
3 736 5673 6658 
3 2476 8893 4474 
3 934 899 859 
3 8858 259 9670 
3 468 611 528 
3 11993 2089 11997 
3 2247 2408 2167 
3 1422 6150 4184 
3 3417 3784 8651 
3 1449 1392 1391 
3 2419 2241 2091 
3 3556 9510 3472 
3 1281 6565 11057 
3 3250 2630 2816 
3 1749 1623 1357 
3 2091 2241 2084 
3 4701 4775 4776 
3 2172 2174 1704 
3 8985 10381 9000 
3 5014 5013 5360 
3 6155 7862 11281 
3 1933 2177 2249 
3 152 1963 6477 
3 11516 6052 3431 
3 2167 2087 2173 
3 7510 7731 7621 
3 2247 2173 2179 
3 2702 2007 2005 
3 11843 6859 8638 
3 2011 1938 2190 
3 2183 2179 2006 
3 2153 2151 1987 
3 2346 2104 2349 
3 2104 2255 2182 
3 4135 4160 4146 
3 7407 555 9710 
3 2381 2378 2138 
3 5445 10973 10540 
3 2309 10128 6239 
3 2346 2349 2186 
3 2307 2221 1820 
3 2014 2196 2195 
3 7814 6940 10312 
3 2011 2353 1941 
3 2265 2353 2011 
3 1940 2193 2191 
3 2003 3238 2348 
3 2353 2112 1941 
3 1638 6465 1679 
3 4795 7683 5982 
3 2114 2013 2198 
3 2196 2197 2195 
3 1868 2200 2116 
3 2269 2354 2120 
3 2275 2017 2361 
3 2631 2275 2361 
3 1287 1284 10664 
3 1012 1092 1009 
3 2018 2276 2432 
3 7652 11516 3431 
3 2195 2623 2014 
3 9097 7738 5221 
3 8887 8349 8890 
3 11192 6148 11158 
3 1946 2122 2021 
3 11300 9099 2147 
3 1949 2276 2018 
3 1791 2120 2273 
3 1930 1997 2240 
3 2023 2534 2282 
3 930 2540 11809 
3 1573 1300 1455 
3 2276 2439 2438 
3 2206 2130 2128 
3 11951 7165 11238 
3 4358 11187 1197 
3 2283 2535 2637 
3 1953 2371 2366 
3 1803 2034 1886 
3 2744 10804 471 
3 471 1638 2744 
3 2448 1886 2034 
3 1855 1704 2174 
3 2374 2368 2452 
3 6689 7579 9096 
3 1886 2448 2211 
3 10701 6052 11516 
3 1953 2366 2129 
3 2209 2038 2451 
3 2448 2034 2130 
3 2037 2132 2215 
3 1660 2036 1953 
3 3472 6843 5813 
3 2451 2038 2216 
3 2217 1958 2035 
3 1197 4411 4358 
3 1662 1540 1380 
3 2217 2135 1958 
3 1959 2037 2215 
3 2044 1961 2295 
3 6336 734 3762 
3 2461 2043 2302 
3 10761 1978 4571 
3 10196 2254 11403 
3 2461 2216 2043 
3 11600 1062 97 
3 8875 4228 11433 
3 2666 2559 2853 
3 2302 1965 2387 
3 8582 4866 1816 
3 2384 2138 2143 
3 2146 2303 2471 
3 1813 1967 2138 
3 1967 2143 2138 
3 2050 2142 2388 
3 2386 2145 2053 
3 977 1109 939 
3 1965 1819 2389 
3 11922 11401 11769 
3 1820 2221 1736 
3 3352 5944 2362 
3 2054 1974 2050 
3 2151 2065 1987 
3 1987 2065 1901 
3 4750 7632 4756 
3 6136 6197 384 
3 8934 1051 19 
3 2312 2149 1974 
3 1984 2228 2314 
3 1928 2167 2330 
3 2313 2759 2391 
3 2063 2230 2067 
3 2180 2253 2104 
3 2151 2231 2227 
3 2478 2575 1916 
3 7755 11192 10673 
3 2231 2570 2227 
3 4963 11686 10265 
3 3673 6129 7504 
3 2153 2320 2231 
3 2155 2233 2322 
3 2708 3154 2884 
3 2324 2157 2321 
3 9103 7709 9481 
3 3145 11938 8306 
3 6839 1137 5610 
3 10094 6843 3472 
3 2155 2403 2233 
3 2153 2074 2398 
3 2074 1990 1989 
3 2404 1992 1993 
3 11919 4108 11766 
3 2236 1922 2156 
3 1992 1842 1993 
3 4033 7147 2453 
3 8779 2490 8893 
3 3673 2557 3189 
3 2236 2078 1922 
3 2234 2075 2491 
3 2591 2784 2327 
3 1997 2326 2596 
3 2161 2327 2335 
3 2501 2082 2241 
3 2161 2082 2328 
3 2273 2120 2354 
3 2327 2161 2328 
3 2134 9097 11845 
3 3182 2825 3006 
3 2079 1995 2407 
3 1390 10962 6088 
3 7402 3784 3417 
3 2505 2409 2166 
3 2168 1930 2240 
3 7982 628 4607 
3 5660 1035 2055 
3 2082 2084 2241 
3 2080 2166 2409 
3 1301 9476 6560 
3 2250 2598 2241 
3 11997 2089 2086 
3 2729 2723 2438 
3 10260 192 11658 
3 148 149 136 
3 2249 2177 2414 
3 2173 2006 2179 
3 1933 2004 2177 
3 3330 3332 2895 
3 2244 2339 2342 
3 2342 2704 2253 
3 2253 2180 2096 
3 1631 5156 3346 
3 2102 2857 6733 
3 527 608 666 
3 11046 10941 11017 
3 1655 1602 1481 
3 2008 2106 2183 
3 6182 8431 1947 
3 1152 1322 1215 
3 2010 836 7016 
3 50 7400 10739 
3 2384 2143 2221 
3 9251 2033 3615 
3 6622 11028 6612 
3 1994 1993 1759 
3 2108 1935 2257 
3 973 10935 5682 
3 3347 11531 2557 
3 2190 2260 2347 
3 2190 2187 2260 
3 2189 2186 2423 
3 10458 1981 10494 
3 2525 2261 2189 
3 2191 2193 2617 
3 2112 2427 1866 
3 2427 2193 1866 
3 8970 4342 3153 
3 302 10916 305 
3 2361 2017 2625 
3 2269 2355 2354 
3 4851 4759 5430 
3 1865 1776 1938 
3 3073 2526 2523 
3 2055 2048 5660 
3 2267 2114 2268 
3 2199 2359 2356 
3 2114 2198 2272 
3 11516 10645 10701 
3 11521 1732 4232 
3 1773 1775 891 
3 2267 2268 2625 
3 9113 2399 6649 
3 9031 3341 10616 
3 11648 4788 11983 
3 930 11809 11403 
3 2533 2436 2201 
3 2634 2433 2279 
3 2513 9843 1198 
3 2283 1881 2436 
3 7165 8484 3347 
3 9700 8776 736 
3 2207 2031 1954 
3 2284 2131 2283 
3 3417 8597 7286 
3 2211 2448 3015 
3 2647 2131 2284 
3 2285 2207 1956 
3 9751 3141 6975 
3 3472 9510 10094 
3 2285 2209 2451 
3 5657 9339 5641 
3 8728 6123 9515 
3 2373 2035 2647 
3 1040 26 1050 
3 7341 1454 7209 
3 1447 6622 4226 
3 3777 9897 475 
3 2549 2294 2215 
3 7818 11058 7807 
3 2459 2379 2299 
3 3156 3315 10026 
3 2676 2070 2673 
3 6794 11845 495 
3 4623 7656 8309 
3 1961 2300 2298 
3 11798 9099 11300 
3 2139 2383 2046 
3 2217 2218 2135 
3 2468 2140 2218 
3 2379 2466 2136 
3 2157 2324 1989 
3 2383 2139 2470 
3 1105 5548 6253 
3 2470 2554 2383 
3 5231 3320 2375 
3 2470 2139 2386 
3 11712 11376 2894 
3 10645 10761 10701 
3 2387 1965 2389 
3 3788 928 4494 
3 2471 2667 2146 
3 1974 2054 2310 
3 2389 1819 2390 
3 2054 2664 2310 
3 2225 2560 2478 
3 4108 5881 7512 
3 7648 7651 7534 
3 4460 11713 4461 
3 10678 11414 2497 
3 8410 8580 8772 
3 174 3675 7973 
3 1976 2313 2391 
3 2568 1980 2227 
3 2314 2228 2480 
3 4006 3561 3652 
3 7652 10645 11516 
3 2763 2672 1985 
3 2133 6284 11351 
3 1985 2672 2150 
3 2480 2228 2318 
3 7686 231 1126 
3 10951 11101 6845 
3 3141 10913 8301 
3 5631 3436 5636 
3 2396 1992 2573 
3 2230 2069 2067 
3 4342 8934 9087 
3 11896 7676 11073 
3 2230 2673 2070 
3 2390 2559 2666 
3 1992 2404 2573 
3 3192 4571 8264 
3 2492 2580 2320 
3 2230 2070 2069 
3 1439 1226 1120 
3 5927 4153 7402 
3 2493 2158 2322 
3 2495 2157 2234 
3 2159 2404 1993 
3 9034 6923 10094 
3 2692 2591 2327 
3 5964 6010 9632 
3 2692 2328 2501 
3 4834 8183 6835 
3 1978 8264 4571 
3 11747 11860 3343 
3 736 8776 5139 
3 10951 1383 11780 
3 11224 2937 1044 
3 2598 2501 2241 
3 2624 2992 2717 
3 2338 2239 2333 
3 2082 2501 2328 
3 2333 2239 2330 
3 591 1483 9386 
3 2330 2167 2408 
3 2168 2240 2341 
3 152 166 8453 
3 2086 2337 1999 
3 3251 3789 3619 
3 8423 5139 8776 
3 1234 1396 1233 
3 3137 10685 4023 
3 2341 2172 2168 
3 2019 1788 1793 
3 1511 8530 1513 
3 2081 2244 2090 
3 2625 2815 2814 
3 2172 2341 2174 
3 2173 2247 2167 
3 2581 2322 2233 
3 4357 4404 7469 
3 2512 2416 2177 
3 2174 2251 1855 
3 2416 2414 2177 
3 2097 2176 2419 
3 1655 1660 1801 
3 380 4597 10769 
3 2177 1855 2251 
3 9930 503 11546 
3 2709 2974 2710 
3 2005 2092 2702 
3 5716 515 937 
3 3346 5156 9510 
3 2349 2104 2422 
3 11687 11715 6735 
3 10979 6150 1422 
3 3431 6923 7264 
3 6039 5996 9092 
3 7442 7435 3814 
3 2184 2007 2343 
3 10163 9386 8531 
3 5716 10929 11759 
3 10277 8729 3873 
3 1102 3004 2976 
3 2350 2261 2518 
3 2189 2261 2350 
3 2265 2347 2614 
3 2201 2436 2024 
3 2525 2423 2526 
3 10645 1978 10761 
3 5578 11759 10929 
3 2261 2525 2352 
3 2353 2427 2112 
3 2356 2270 2197 
3 2268 2114 2272 
3 2200 1868 2432 
3 11017 10935 973 
3 2122 2273 2531 
3 2817 2359 2121 
3 2717 2356 2359 
3 10679 4820 11673 
3 9367 8790 8786 
3 2672 2068 2150 
3 2435 2432 2276 
3 11400 8027 1154 
3 2534 2536 2282 
3 466 5850 4646 
3 2359 2817 2624 
3 1670 10494 820 
3 2279 2280 2634 
3 2439 2276 2205 
3 2535 2283 2436 
3 2206 2282 2536 
3 9001 11438 858 
3 2284 2283 2637 
3 2366 2634 2129 
3 2187 2516 2260 
3 7473 7471 7447 
3 2285 2642 2205 
3 4914 11624 10808 
3 1571 1358 1627 
3 2441 2369 2372 
3 2368 2369 2441 
3 2419 2176 2420 
3 2207 2285 2205 
3 2445 2368 2441 
3 2285 2451 2546 
3 2285 1956 2209 
3 4025 9169 7526 
3 9954 10806 10449 
3 2373 2647 2743 
3 2374 2452 2748 
3 6466 2545 10277 
3 2020 2040 2064 
3 2369 2368 2374 
3 2369 2374 2372 
3 2189 2350 2186 
3 10277 2545 7675 
3 2651 2451 2216 
3 1116 1118 1073 
3 3502 3072 3506 
3 3869 854 850 
3 2374 2463 2372 
3 10252 4948 6453 
3 3344 3249 3446 
3 4506 11573 11576 
3 11247 11805 4712 
3 2463 2456 2372 
3 2894 11376 10513 
3 2215 2548 2549 
3 4815 10788 10031 
3 2652 2293 2378 
3 2293 2042 2378 
3 2135 2218 2140 
3 2300 2046 2298 
3 11084 2497 11414 
3 1961 2044 1807 
3 3151 6744 2291 
3 2969 2605 2887 
3 2450 2444 6560 
3 2003 7783 4404 
3 2378 1893 2138 
3 2138 2384 2381 
3 2468 2142 2140 
3 1454 7341 7378 
3 6593 6560 11067 
3 2753 3022 2384 
3 1094 9704 2100 
3 2559 2311 2477 
3 2388 2556 2054 
3 5196 2123 3078 
3 2730 3003 3254 
3 10808 4876 4914 
3 807 842 741 
3 1820 1972 2307 
3 2310 2312 1974 
3 2669 2759 2393 
3 11600 4653 8325 
3 2673 2479 2667 
3 10970 3615 2033 
3 2391 1972 1976 
3 9579 9699 1063 
3 2671 2393 2316 
3 2392 2763 1985 
3 2316 2068 2672 
3 7763 7750 6213 
3 8873 2382 2212 
3 3673 3189 6325 
3 2231 2485 2570 
3 11156 8397 8422 
3 3145 10884 11938 
3 2683 2320 2580 
3 5423 10076 9300 
3 2000 2991 10784 
3 10784 5634 2000 
3 2070 2766 2403 
3 735 1606 11879 
3 1362 10608 8470 
3 2766 2070 2676 
3 2402 2074 2324 
3 1205 1261 1109 
3 2573 2480 2396 
3 2159 2405 2404 
3 2583 2493 2322 
3 2398 2074 2402 
3 2402 2576 2398 
3 10788 10970 2033 
3 3431 7264 7652 
3 2442 2636 2730 
3 5868 2317 6768 
3 1084 1177 1175 
3 6594 4563 4583 
3 2787 2078 2770 
3 9847 8875 11433 
3 7909 156 7618 
3 2790 2079 2407 
3 2335 2327 2695 
3 3268 2833 3019 
3 7431 2165 11152 
3 7872 7661 7870 
3 5626 1973 4732 
3 2793 2341 2240 
3 1693 1695 1841 
3 388 1021 373 
3 2335 2697 2339 
3 6904 11124 7449 
3 6904 7449 9875 
3 7425 2329 7415 
3 2494 153 131 
3 10750 9951 3350 
3 2337 2089 2414 
3 11412 3636 4234 
3 2247 2510 2408 
3 949 6028 10406 
3 7469 3346 4357 
3 2253 2244 2342 
3 2253 2090 2244 
3 53 65 44 
3 2577 7689 214 
3 2098 2176 2097 
3 2177 2251 2512 
3 2416 2795 2414 
3 1129 1293 1005 
3 2944 11963 11965 
3 2008 2183 2006 
3 2420 2255 2344 
3 2221 2469 2384 
3 2516 2108 2884 
3 2609 2257 2343 
3 2176 2255 2420 
3 2176 2182 2255 
3 6870 3831 7693 
3 1239 1179 1237 
3 2699 9745 4398 
3 1883 6073 5099 
3 9092 5996 2012 
3 1451 2225 1503 
3 6831 1896 3453 
3 1748 2828 7714 
3 1975 2675 7084 
3 10718 2699 4398 
3 3466 11879 11501 
3 2186 2349 2423 
3 2518 2261 2352 
3 5903 7569 137 
3 1071 2115 9745 
3 3033 3153 4342 
3 6897 8625 7700 
3 2670 4684 466 
3 2618 2193 2427 
3 4945 8919 5730 
3 2788 2408 2958 
3 2714 2424 2713 
3 2270 2195 2197 
3 2427 2353 2896 
3 2896 2985 2427 
3 11537 2698 11879 
3 10127 10802 6769 
3 3827 3733 3383 
3 10702 1732 11521 
3 2354 2531 2273 
3 2532 2200 2819 
3 5167 4735 10514 
3 2201 2021 2363 
3 2269 2623 2355 
3 2432 2819 2200 
3 2631 2534 2275 
3 2534 2631 2633 
3 2275 2534 1869 
3 2769 2485 2680 
3 2125 2141 11157 
3 914 987 986 
3 8423 2348 5139 
3 4042 11961 2983 
3 1855 1524 1704 
3 10869 6073 1883 
3 2727 2637 2535 
3 3942 3845 3311 
3 1928 2239 1846 
3 5674 321 5426 
3 2366 2371 2446 
3 2443 2372 2456 
3 2541 2445 2823 
3 2455 2643 2456 
3 2442 2372 2443 
3 2543 2130 2206 
3 2642 2285 2546 
3 2441 2372 2442 
3 2647 2284 2641 
3 11695 3066 3817 
3 2543 2448 2130 
3 2452 2368 2445 
3 2366 2446 2638 
3 2456 2643 2443 
3 6491 9943 6486 
3 8257 3962 2855 
3 2457 2547 2455 
3 2790 2871 2786 
3 11501 11927 11168 
3 2456 2459 2455 
3 2459 2457 2455 
3 5884 5882 7564 
3 2463 2459 2456 
3 2459 2295 2457 
3 2457 2295 2550 
3 2552 2217 2373 
3 10358 10559 11853 
3 2295 1961 2298 
3 2216 2461 2651 
3 2748 2466 2463 
3 2379 2459 2463 
3 2298 2046 2551 
3 2298 2550 2295 
3 2466 2379 2463 
3 2551 2046 2383 
3 7638 11039 8354 
3 2321 2157 2495 
3 21 11 9 
3 2662 2471 2294 
3 2551 2383 2925 
3 2470 2386 2659 
3 4404 7783 7469 
3 6967 3508 11058 
3 1171 1172 5276 
3 11853 10559 1939 
3 2466 2560 2136 
3 2653 2662 2294 
3 2386 2053 2659 
3 2387 2389 2658 
3 8664 1104 1078 
3 3164 10681 1289 
3 2556 2388 2555 
3 2314 2660 2053 
3 2053 2660 2659 
3 2559 2390 2311 
3 11831 1454 7378 
3 1972 2756 2307 
3 5514 11703 10084 
3 9985 11188 9876 
3 2822 3003 2730 
3 1508 10804 10767 
3 5616 10799 2981 
3 1594 1948 1715 
3 2673 2230 2479 
3 2763 2392 2566 
3 2672 2671 2316 
3 1711 3001 1640 
3 1048 3138 1013 
3 11591 3573 11188 
3 2231 2683 2485 
3 2480 2318 2396 
3 5616 10792 10799 
3 2155 2322 2158 
3 2714 2713 2806 
3 2497 10193 10678 
3 1576 1633 1575 
3 2156 2770 2236 
3 2681 2492 2398 
3 945 982 1112 
3 2495 2234 2491 
3 3505 4431 6227 
3 7675 8582 8729 
3 4447 7656 56 
3 1851 1853 1854 
3 3190 3093 2638 
3 2491 2584 2495 
3 2491 2158 2493 
3 1278 446 1354 
3 10795 4042 2983 
3 1994 2079 2498 
3 2159 1994 2498 
3 2784 2695 2327 
3 1969 8342 11944 
3 2946 2864 2950 
3 8459 6401 7142 
3 2079 2790 2498 
3 2327 2328 2692 
3 2326 2078 2787 
3 2406 2593 2330 
3 2596 2793 2240 
3 2409 2790 2407 
3 1250 10444 230 
3 4088 5807 6073 
3 2872 2338 2333 
3 2510 3219 2794 
3 2505 2166 2337 
3 2986 3422 2987 
3 11183 11980 6837 
3 1997 2596 2240 
3 1865 2011 1941 
3 2092 2246 2965 
3 7569 9380 156 
3 2337 2166 1999 
3 3566 11241 10059 
3 2413 2174 2341 
3 6658 6962 3192 
3 2115 2152 87 
3 2601 2510 2247 
3 11021 10977 2076 
3 2339 2878 2342 
3 8729 8582 6390 
3 1577 10177 11841 
3 15 4812 10707 
3 2414 2599 2337 
3 11278 9083 5208 
3 2419 2605 2250 
3 133 1043 141 
3 210 7645 8866 
3 2878 2704 2342 
3 2179 2601 2247 
3 1991 1996 7526 
3 3630 3889 3628 
3 5287 5255 8736 
3 3354 2917 3101 
3 10891 7578 9401 
3 2972 4201 9530 
3 2514 2420 2344 
3 9747 8012 9941 
3 11641 4350 1277 
3 2493 2586 2491 
3 2260 2516 2710 
3 2346 2344 2255 
3 9824 3496 10856 
3 9204 7458 6075 
3 2523 2349 2422 
3 2423 2349 2523 
3 5699 5563 5428 
3 10937 3482 1861 
3 461 6630 11803 
3 3342 10242 11631 
3 6808 5937 6816 
3 9111 996 2154 
3 2352 2424 2518 
3 4899 6636 4894 
3 4586 8313 1164 
3 2985 2618 2427 
3 4895 1674 6829 
3 2621 2623 2195 
3 2195 2270 2621 
3 2983 10771 10795 
3 2531 2354 2718 
3 11879 3466 11537 
3 2122 2531 2816 
3 6788 11895 11856 
3 2718 2354 2355 
3 2715 2622 2270 
3 988 1840 9204 
3 11892 11891 211 
3 5210 4630 6668 
3 2913 10155 4286 
3 9486 2646 11268 
3 2627 2532 2819 
3 2400 3416 699 
3 8574 9791 11832 
3 2432 2435 2819 
3 2533 2201 2630 
3 10965 9200 7605 
3 2535 2436 2533 
3 1080 1166 1074 
3 5105 3104 10395 
3 2724 2366 2904 
3 4202 5143 5142 
3 10800 9053 9768 
3 2142 2468 2388 
3 2442 2537 2441 
3 2441 2823 2445 
3 947 3325 3814 
3 2284 2637 2641 
3 2630 2201 2363 
3 2443 2643 2636 
3 2636 2442 2443 
3 1094 9251 9753 
3 8898 405 7801 
3 2648 2446 2371 
3 2452 2445 2542 
3 2810 4638 6454 
3 2643 2455 2644 
3 5034 3597 5016 
3 2651 2742 2546 
3 2546 2451 2651 
3 2734 2643 2644 
3 10387 5079 294 
3 8504 9205 11259 
3 4060 9293 11773 
3 1362 11371 10608 
3 2547 2457 2550 
3 2214 2293 2839 
3 4594 1344 6147 
3 2649 2547 2550 
3 2552 2743 2749 
3 2741 2548 2211 
3 10269 11084 11466 
3 3164 7654 3184 
3 2459 2299 2295 
3 2833 2649 3019 
3 2814 2361 2625 
3 10700 11075 11772 
3 5778 7422 1827 
3 2553 2552 2655 
3 10969 8296 1362 
3 2855 3962 9196 
3 4712 11651 2841 
3 3672 3597 5034 
3 2384 3022 2381 
3 2754 2466 2840 
3 2754 2560 2466 
3 2544 4575 1487 
3 2294 2471 2303 
3 917 924 10393 
3 5518 5120 11709 
3 464 11440 11633 
3 10622 6968 1939 
3 2845 3115 2556 
3 2663 2389 2390 
3 3258 2385 1676 
3 1939 6968 10352 
3 2663 2658 2389 
3 2279 2202 2025 
3 2253 2096 2090 
3 2666 2663 2390 
3 1622 1499 1448 
3 1972 2391 2852 
3 9180 10306 7962 
3 10355 10514 225 
3 9885 3596 9710 
3 2478 2560 2563 
3 2477 2568 2559 
3 2671 2669 2393 
3 2392 2565 2566 
3 2563 2575 2478 
3 3105 2652 3022 
3 6049 6059 4266 
3 2565 2312 2564 
3 2668 5807 5577 
3 2572 4141 879 
3 2480 2573 2674 
3 2570 2485 2764 
3 2712 7114 10799 
3 955 4797 2332 
3 2841 11651 11404 
3 2485 2683 2680 
3 2768 2683 2580 
3 2680 2683 2865 
3 11742 11894 11746 
3 2581 2233 2777 
3 2686 2576 2402 
3 3902 6466 4924 
3 2973 3064 2601 
3 2579 2580 2492 
3 11505 11333 11859 
3 2730 3254 2905 
3 9815 818 10358 
3 2774 2775 2403 
3 2402 2687 2686 
3 49 11566 0 
3 8794 9077 1090 
3 2586 2584 2491 
3 2321 2495 2585 
3 2321 2585 2402 
3 2402 2585 2687 
3 11183 6837 7328 
3 1116 991 948 
3 2404 2405 2946 
3 2152 9967 87 
3 60 1063 9699 
3 6744 1289 2291 
3 2585 2590 2690 
3 2584 2586 2778 
3 9195 11952 7885 
3 3117 2785 1884 
3 4266 3370 2467 
3 2778 2776 2783 
3 2585 2690 2687 
3 2591 2688 2784 
3 2861 2787 2770 
3 7237 7142 6401 
3 2591 2692 2689 
3 2928 10519 1026 
3 2953 2593 2594 
3 2406 2594 2593 
3 2159 2864 2405 
3 6080 3377 7891 
3 2502 2692 2501 
3 2790 2786 2498 
3 2787 2596 2326 
3 9747 10524 8012 
3 8331 922 916 
3 9139 7441 10656 
3 4853 2804 10201 
3 2933 3204 3375 
3 8096 1932 4694 
3 2875 2338 2872 
3 2510 2794 2408 
3 9847 2041 8789 
3 3385 2938 2942 
3 941 10739 4453 
3 8188 4704 8468 
3 9934 1939 10352 
3 7358 7392 6472 
3 38 74 122 
3 3874 4131 3700 
3 2601 2179 2973 
3 11536 11564 427 
3 2267 1779 2114 
3 4278 6395 499 
3 2614 2710 2974 
3 2180 2104 2182 
3 6942 6165 6180 
3 10771 2983 11174 
3 7815 7601 7710 
3 3304 3130 3303 
3 2803 2344 2518 
3 8351 3367 3703 
3 3334 1447 6029 
3 2714 2893 2424 
3 6511 4864 8267 
3 2423 2523 2526 
3 8537 5446 6689 
3 11230 8814 8817 
3 7944 7827 8050 
3 3185 2910 3005 
3 2424 2892 2518 
3 577 641 637 
3 4768 5937 6808 
3 678 8035 7801 
3 2193 2618 2617 
3 2619 2806 2713 
3 8357 8313 4586 
3 9934 11853 1939 
3 1487 9021 2544 
3 2270 2356 2990 
3 2614 2347 2260 
3 2625 2268 2719 
3 2653 2923 3198 
3 3768 3330 3235 
3 11370 11832 9791 
3 2534 2633 2536 
3 7702 7260 7380 
3 2723 2999 2435 
3 11579 5945 11775 
3 2128 2023 2282 
3 2535 2533 2821 
3 2513 9821 9843 
3 2513 10851 9821 
3 11174 11000 7318 
3 2536 2911 2538 
3 2638 2904 2366 
3 11132 1975 7084 
3 2724 2634 2366 
3 8109 11853 9934 
3 2509 10642 9104 
3 2433 2634 2722 
3 2555 2388 2468 
3 2708 3148 3154 
3 2917 2446 2648 
3 10159 818 9815 
3 1287 2304 5005 
3 2293 2214 2042 
3 1968 1733 1734 
3 2642 2546 2739 
3 6012 9258 7574 
3 2452 3014 2740 
3 7415 975 5498 
3 2543 3015 2448 
3 2748 2452 2740 
3 2642 2439 2205 
3 757 1019 760 
3 9881 11853 8109 
3 3014 2834 2740 
3 2959 3139 2793 
3 10766 10943 9905 
3 2742 2739 2546 
3 2214 2839 2648 
3 2648 2371 2214 
3 5748 7253 7241 
3 3053 3216 3224 
3 2652 2839 2293 
3 10790 10791 10795 
3 4676 5804 3189 
3 2651 2836 2742 
3 10799 3661 2981 
3 4453 9076 6513 
3 11922 11919 11233 
3 2246 2239 2338 
3 10795 10771 10790 
3 2381 3022 2652 
3 9815 6310 10159 
3 2652 2378 2381 
3 5967 10996 11020 
3 2383 2554 2925 
3 4002 955 7398 
3 2384 2469 2753 
3 2461 2387 2751 
3 2555 2553 2655 
3 9205 9124 6041 
3 1657 6095 7123 
3 2658 2751 2387 
3 2845 2555 2655 
3 4239 4478 4402 
3 11691 4218 82 
3 3245 3080 2718 
3 2754 2563 2560 
3 10781 464 11633 
3 3507 3866 3778 
3 3638 3460 3358 
3 10803 10561 10574 
3 8168 11126 7134 
3 3268 3351 2833 
3 2635 8858 6444 
3 2564 2760 2565 
3 1789 2308 31 
3 4575 2544 5714 
3 2758 2660 2480 
3 11440 119 1146 
3 6607 9280 9310 
3 3072 2617 3075 
3 2761 2568 2570 
3 6011 2165 3086 
3 11691 11566 49 
3 8473 11651 8894 
3 2674 2573 2678 
3 4329 4999 4487 
3 2464 11747 3343 
3 9091 9056 10626 
3 2576 2686 2681 
3 2579 2682 2580 
3 2682 2768 2580 
3 2583 2586 2493 
3 2865 2688 2680 
3 2770 2156 2575 
3 1665 6396 2615 
3 2776 2586 2583 
3 647 2305 2620 
3 2499 2496 3386 
3 2776 2778 2586 
3 49 0 5542 
3 7799 4853 10201 
3 2770 2078 2236 
3 7286 11504 7182 
3 2774 2766 3040 
3 3297 11816 8458 
3 2590 2584 2779 
3 2864 2498 2786 
3 244 4298 1135 
3 2864 2159 2498 
3 2502 2696 3132 
3 8818 2305 8570 
3 10159 6864 818 
3 3622 3529 3440 
3 7605 5632 2175 
3 4538 11351 11622 
3 231 8446 206 
3 10731 10726 3951 
3 2505 2694 2409 
3 2598 2696 2502 
3 2335 2695 2697 
3 3193 7250 9025 
3 2413 2341 2793 
3 3307 3134 3402 
3 119 464 10078 
3 2337 2599 2505 
3 683 8528 3547 
3 2965 2338 2875 
3 2732 11588 2735 
3 3277 7250 3193 
3 2059 2053 1821 
3 7605 2175 9099 
3 2175 2147 9099 
3 11939 5321 4021 
3 5232 5226 5117 
3 7619 1070 153 
3 10739 3919 4453 
3 5585 9001 9025 
3 5208 7047 5368 
3 3418 3335 3607 
3 1643 1793 1788 
3 2797 11290 8916 
3 520 3804 3044 
3 1788 1592 1643 
3 3175 3002 3707 
3 2605 2419 2420 
3 2884 2799 2516 
3 9097 495 11845 
3 322 2524 7374 
3 3192 8264 3803 
3 8827 11183 7328 
3 3069 2422 2704 
3 2973 2183 2978 
3 10506 397 10146 
3 7952 7961 1927 
3 10366 3627 2088 
3 8342 10366 11142 
3 6354 3850 11144 
3 2709 2516 2799 
3 2588 11712 1848 
3 855 8843 873 
3 3524 3428 3344 
3 3234 2514 2803 
3 11534 11368 11535 
3 9055 10977 9824 
3 2106 2617 2978 
3 866 773 833 
3 3073 2523 2889 
3 3162 2893 2982 
3 758 770 3621 
3 3762 84 6336 
3 11628 8914 3762 
3 2619 2526 2806 
3 5738 3748 7555 
3 2355 2623 2808 
3 2268 3083 2719 
3 2621 2270 2622 
3 2272 3083 2268 
3 3083 2272 2627 
3 10281 11901 7378 
3 2033 10031 10788 
3 2531 3080 2816 
3 1129 889 1131 
3 8756 5804 4676 
3 2624 2817 2899 
3 8820 9850 625 
3 10362 11949 11132 
3 4368 3378 4400 
3 1265 5835 2277 
3 11132 11949 1975 
3 2819 2435 2999 
3 2634 3000 2722 
3 4913 6060 4924 
3 3254 3177 2905 
3 4081 3462 3552 
3 3171 3080 3245 
3 2281 1647 6837 
3 2537 2730 2905 
3 603 4546 2939 
3 2910 2727 3005 
3 2905 2823 2537 
3 3264 3090 3008 
3 11158 10673 11192 
3 2822 2825 3182 
3 2910 2637 2727 
3 2636 2825 2822 
3 2910 2641 2637 
3 7957 1438 7039 
3 929 10707 6414 
3 2832 2647 2641 
3 3570 3385 3209 
3 9580 10430 7002 
3 7241 7253 7254 
3 2245 186 2232 
3 3189 5804 6325 
3 7084 10343 9564 
3 2917 2648 2839 
3 2832 3017 2743 
3 1718 11442 7227 
3 2920 2921 2740 
3 10337 8002 11112 
3 2827 2541 2909 
3 7652 7264 6967 
3 2927 2919 2461 
3 10337 10343 8002 
3 3770 4186 4035 
3 10078 4943 119 
3 11691 3159 4218 
3 9034 10094 7025 
3 3196 2925 2554 
3 2813 4794 2805 
3 10577 7947 3611 
3 5135 1862 10316 
3 2751 2927 2461 
3 4876 10808 4815 
3 1078 1104 4370 
3 2753 2656 2844 
3 2554 2470 2659 
3 3497 3763 3314 
3 11805 1561 4712 
3 11905 10293 1728 
3 11981 4491 11432 
3 5931 273 6643 
3 11247 2983 11961 
3 2844 2656 2755 
3 1246 4497 1238 
3 2307 2755 2656 
3 9201 652 8129 
3 9394 9007 9395 
3 2847 2755 2756 
3 2662 2849 3119 
3 2664 2054 2556 
3 2662 3119 2471 
3 3204 2931 2664 
3 2663 2757 2658 
3 2564 2664 2931 
3 11456 10623 4494 
3 2564 2931 2760 
3 2758 2480 2674 
3 57 99 70 
3 2853 2559 2761 
3 10070 1441 7972 
3 1441 10070 3511 
3 2764 2761 2570 
3 7865 9616 6148 
3 2763 2854 2672 
3 2854 2671 2672 
3 2667 3119 2673 
3 8412 1815 805 
3 1090 2996 8794 
3 2676 2943 2766 
3 10973 98 8942 
3 3208 3040 2943 
3 2940 2861 2770 
3 5896 6322 6323 
3 4718 4705 11976 
3 2943 3040 2766 
3 4174 5145 4252 
3 3245 3338 3692 
3 2438 2723 2435 
3 2346 2186 2350 
3 2769 2856 2485 
3 11901 11094 11905 
3 2540 11814 11809 
3 2680 2688 2769 
3 4063 89 9572 
3 5907 6779 9350 
3 11094 10293 11905 
3 2591 2769 2688 
3 2678 2404 2946 
3 2596 2787 2959 
3 4063 9572 7962 
3 2687 2772 2686 
3 2591 2689 2769 
3 3544 1487 4575 
3 10355 6636 10225 
3 5440 2382 8873 
3 4297 7152 11504 
3 11809 10990 11403 
3 2594 2775 2774 
3 2594 2782 2775 
3 2775 2782 2777 
3 2866 2772 2687 
3 2687 2690 2866 
3 3793 4209 3795 
3 2778 2779 2584 
3 8449 7165 8324 
3 2783 2869 2779 
3 3045 2772 2866 
3 3464 3555 3285 
3 9144 6130 8929 
3 6150 11791 379 
3 9934 9576 8109 
3 2953 3046 2872 
3 2593 2953 2333 
3 2790 2694 2871 
3 2872 2333 2953 
3 7557 7886 7340 
3 3080 2531 2718 
3 80 127 81 
3 4712 1561 8894 
3 2960 2505 2961 
3 11247 11961 11805 
3 8072 2962 3723 
3 2599 2961 2505 
3 321 11722 5426 
3 3219 2510 2796 
3 4910 5125 4915 
3 2878 2697 3056 
3 2599 2414 2795 
3 7202 10574 5539 
3 6281 8001 9750 
3 2413 2876 3144 
3 3237 4110 1721 
3 2416 3057 2795 
3 2250 2963 2598 
3 1838 1630 1753 
3 11531 3347 8484 
3 11961 8694 8961 
3 2702 2965 2967 
3 2303 1959 2294 
3 6207 6174 9403 
3 9751 7045 11106 
3 1804 1947 8431 
3 11669 4937 3194 
3 1255 2266 3125 
3 3149 2888 2027 
3 2616 2265 2614 
3 2609 2708 2884 
3 7061 5547 3915 
3 5547 7061 8717 
3 3234 3158 2887 
3 2678 2938 2674 
3 2889 2422 3069 
3 9810 10414 749 
3 374 1402 379 
3 3496 9824 10977 
3 10232 5412 10460 
3 2064 917 9856 
3 10306 9195 7885 
3 2526 2619 2525 
3 2594 2788 2782 
3 2265 2616 2895 
3 406 8006 11382 
3 2893 2714 2982 
3 2798 11913 676 
3 2353 2265 2896 
3 3604 3770 3860 
3 2985 3075 2618 
3 2874 6281 6272 
3 2808 2623 2897 
3 2982 2987 3166 
3 4189 4178 11513 
3 2990 2715 2270 
3 11651 4712 8894 
3 2625 2719 2815 
3 2140 1966 2135 
3 3548 3360 3550 
3 10913 6632 11868 
3 8183 10884 6835 
3 10884 8183 11938 
3 3169 3076 3079 
3 2814 2815 2998 
3 3174 2627 2819 
3 104 3034 2033 
3 4042 8694 11961 
3 1859 1858 2007 
3 3005 2727 2821 
3 2723 3002 2999 
3 8638 6859 1281 
3 2904 3000 2724 
3 2823 2905 2909 
3 8680 9063 8682 
3 7282 3660 2792 
3 2102 10685 3137 
3 2102 6762 10685 
3 2568 2227 2570 
3 2823 2909 2541 
3 9632 7118 3499 
3 11715 3907 6735 
3 3262 3263 2827 
3 7188 8794 2996 
3 6923 6843 10094 
3 2827 3011 2542 
3 2832 2641 2910 
3 2739 2915 2642 
3 2542 3014 2452 
3 2644 2547 2649 
3 3014 2542 3011 
3 2211 3015 2741 
3 7755 2831 2820 
3 3100 2742 2836 
3 2920 2740 2834 
3 9246 8848 9238 
3 2793 2596 2959 
3 2919 2836 2651 
3 2919 2651 2461 
3 3360 3019 3021 
3 2550 3021 2649 
3 5579 3378 4432 
3 2550 2551 3021 
3 2969 2250 2605 
3 2965 2246 2338 
3 6469 6678 11032 
3 5624 2000 5634 
3 3105 3022 3272 
3 2553 2555 2468 
3 2840 2921 3023 
3 2842 8633 3413 
3 3752 3742 873 
3 3022 2753 3272 
3 2749 2924 2655 
3 2659 3025 2554 
3 6622 6612 11826 
3 3659 11588 2732 
3 10423 6961 5347 
3 2936 3654 2934 
3 3453 1896 3461 
3 2849 2662 3110 
3 2659 2758 3028 
3 2659 2660 2758 
3 2756 2848 2847 
3 2756 2852 2848 
3 3204 2664 2556 
3 3115 3204 2556 
3 9209 10805 4073 
3 11456 4494 928 
3 11624 2913 4286 
3 3212 3302 3306 
3 2934 2852 2759 
3 11493 10814 11154 
3 2931 2933 2760 
3 186 9507 9273 
3 11800 10137 10109 
3 2760 3035 2565 
3 2566 2565 3035 
3 3298 2854 2763 
3 3036 2671 2854 
3 2853 2761 3122 
3 2575 2563 3205 
3 1008 6961 10423 
3 3122 2764 2856 
3 2770 2575 2940 
3 2947 2856 2769 
3 2698 11537 11744 
3 2865 2683 2768 
3 2860 2774 3040 
3 171 5641 9339 
3 2768 2951 2865 
3 7605 9200 5632 
3 2953 2774 2860 
3 2689 2947 2769 
3 10433 10960 10272 
3 2956 2861 3301 
3 3041 2772 3042 
3 2692 3128 2689 
3 2947 2689 3128 
3 3342 3059 3975 
3 2778 2783 2779 
3 2782 2783 2777 
3 3128 2502 3132 
3 2788 2869 2782 
3 3133 2959 2787 
3 2309 6239 2256 
3 3132 2696 2873 
3 2469 2221 2656 
3 2869 2958 3134 
3 1908 1630 1838 
3 10769 4583 357 
3 3056 2697 3054 
3 2960 2694 2505 
3 2599 2795 3221 
3 2272 2532 2627 
3 518 519 846 
3 3054 2697 2695 
3 2542 2445 2541 
3 2969 2963 2250 
3 2512 2251 3144 
3 2512 3057 2416 
3 3144 2251 2413 
3 2875 3053 2965 
3 3057 2512 3144 
3 6092 11421 6119 
3 1008 2411 6961 
3 2965 2702 2092 
3 11791 6150 11793 
3 8431 6042 1804 
3 2880 2704 2878 
3 11106 4213 9751 
3 2502 3128 2692 
3 2799 2884 2883 
3 3065 2800 2883 
3 4983 10810 11311 
3 2800 2974 2709 
3 2893 3071 2892 
3 1618 972 3847 
3 2709 2710 2516 
3 2978 3233 2973 
3 3023 3464 3285 
3 11780 1383 6088 
3 2896 2895 3332 
3 2199 2356 2197 
3 2758 3114 3028 
3 1679 2744 1638 
3 5204 231 206 
3 8539 11780 6088 
3 2806 2526 2987 
3 11174 2983 11247 
3 8883 8887 9635 
3 4772 3062 11983 
3 2623 2621 2897 
3 2757 2663 2666 
3 2670 3670 4684 
3 4453 3919 9076 
3 2717 2992 2898 
3 7576 10444 11658 
3 2480 2660 2314 
3 10851 2513 4335 
3 2542 2541 2827 
3 2355 2812 2718 
3 16 5 4 
3 3250 3080 3171 
3 4071 4222 4387 
3 1438 1566 1568 
3 417 9962 856 
3 2999 3174 2819 
3 10790 7356 10791 
3 2633 2631 2998 
3 3839 3572 3931 
3 10833 5042 10827 
3 3245 2812 3338 
3 10996 5967 2511 
3 3259 2904 3093 
3 7318 11000 10559 
3 1794 11693 5630 
3 2915 3008 2826 
3 3271 3100 2836 
3 2822 3182 3003 
3 8678 1794 10322 
3 3088 3262 2909 
3 1457 1252 1456 
3 1466 1144 1145 
3 3093 2904 2638 
3 2826 2729 2439 
3 10935 11017 10152 
3 10622 11082 10801 
3 3253 11152 2242 
3 2538 2911 3095 
3 2446 3190 2638 
3 2734 3006 2825 
3 3012 2832 2910 
3 2642 2915 2826 
3 3253 3252 11152 
3 1772 1858 1859 
3 2917 3190 2446 
3 11759 11762 5716 
3 6786 192 11635 
3 818 10790 10358 
3 7803 8150 7798 
3 2647 2832 2743 
3 627 656 557 
3 11459 11457 2102 
3 2165 7431 3152 
3 2917 2839 3101 
3 11247 2841 11174 
3 2742 3100 2916 
3 2742 2916 2739 
3 3015 3267 3358 
3 4103 7701 5054 
3 2921 2748 2740 
3 2839 3105 3101 
3 3105 2839 2652 
3 1600 1876 1594 
3 2649 3021 3019 
3 2613 5808 3592 
3 3274 2921 2920 
3 2924 2749 2838 
3 2743 3017 2838 
3 4457 2476 4474 
3 4079 4231 4227 
3 11174 2841 11000 
3 2927 2751 3109 
3 11925 7845 10312 
3 8666 4676 8609 
3 2557 8609 4676 
3 3025 2659 3028 
3 2563 2754 3285 
3 3289 2751 2932 
3 11925 10312 6940 
3 2757 2932 2751 
3 11570 11608 6621 
3 2932 2757 2666 
3 2934 2935 2852 
3 2852 2935 2848 
3 2666 2853 3562 
3 6769 10827 10127 
3 2671 3036 2669 
3 4095 3656 3473 
3 5328 10062 9507 
3 3037 2763 2566 
3 3037 3298 2763 
3 11925 5135 10316 
3 2764 3122 2761 
3 5258 8678 10322 
3 2485 2856 2764 
3 2943 2676 2673 
3 10771 11174 7318 
3 728 5258 10322 
3 2942 2678 3209 
3 2942 2938 2678 
3 2951 2682 3041 
3 2951 2768 2682 
3 2682 2681 3041 
3 2681 2772 3041 
3 2865 2868 2784 
3 8728 9541 5031 
3 5131 4184 6150 
3 3130 2866 2867 
3 2841 11082 11000 
3 2868 2865 2951 
3 2688 2865 2784 
3 3046 2953 3127 
3 2605 2420 2514 
3 9937 8088 10520 
3 2955 2690 2590 
3 2955 2867 2690 
3 10236 8223 7259 
3 6129 4153 5927 
3 3048 2590 2779 
3 4972 1255 208 
3 2405 2864 2946 
3 818 6864 7356 
3 2681 2686 2772 
3 2022 9591 6135 
3 11527 11490 11744 
3 2788 2958 2869 
3 2695 2784 2868 
3 7165 11951 8324 
3 2545 6466 11490 
3 4330 4405 4564 
3 7795 10795 7395 
3 2958 2794 3219 
3 2694 2960 2871 
3 3053 2875 2872 
3 3230 10941 11046 
3 2958 2408 2794 
3 1298 5923 4125 
3 11686 5464 10265 
3 2012 5996 9758 
3 1970 1104 218 
3 10380 3672 9862 
3 2595 2125 1611 
3 3499 7059 1679 
3 6643 1694 5931 
3 6643 1797 1694 
3 2803 2514 2344 
3 3142 3316 3144 
3 2969 3226 2963 
3 3229 2880 2878 
3 2883 3154 3060 
3 10559 10358 7318 
3 2883 3060 3065 
3 1679 7059 2752 
3 2796 2601 3064 
3 3053 3224 2965 
3 2373 2217 2035 
3 10548 225 10514 
3 3532 3631 3799 
3 6569 8116 9785 
3 3065 3231 2974 
3 5462 4874 5100 
3 917 2040 908 
3 2974 2616 2614 
3 3411 3328 3232 
3 3115 3374 3557 
3 2800 2709 2799 
3 10795 8084 4042 
3 4402 3914 3730 
3 10951 5380 9386 
3 4535 4859 4466 
3 2616 3330 2895 
3 2896 2265 2895 
3 2986 2987 2526 
3 3332 2985 2896 
3 2622 2715 3167 
3 2715 3076 3167 
3 2808 2897 3077 
3 10468 7032 7066 
3 3076 2990 3079 
3 2564 2312 2310 
3 3245 2718 2812 
3 3350 3573 10750 
3 3247 2898 2992 
3 591 10163 11063 
3 4735 5042 10833 
3 10799 10792 9680 
3 2627 3174 3083 
3 2998 2815 2900 
3 2514 3234 2887 
3 2999 3175 3174 
3 3000 3259 3176 
3 4552 10395 4789 
3 3002 2723 3090 
3 2174 2413 2251 
3 2722 3000 2902 
3 2905 3177 3088 
3 3251 2821 2630 
3 3318 5746 11538 
3 1289 267 248 
3 10604 9756 9599 
3 2729 2826 3008 
3 3272 2753 3273 
3 10559 11000 11082 
3 3007 3186 3006 
3 2734 3007 3006 
3 10749 9237 2574 
3 4327 4343 5372 
3 3975 3984 3084 
3 3095 3265 2538 
3 3007 2833 3096 
3 10827 5042 10127 
3 2644 2833 2734 
3 3477 3124 3575 
3 3015 2645 3267 
3 10358 11853 9881 
3 3265 3267 2645 
3 11032 11848 6469 
3 3883 3447 3625 
3 3267 3265 3452 
3 2884 2257 2609 
3 2257 2884 2108 
3 5868 6755 2317 
3 3103 2918 2741 
3 2298 2551 2550 
3 2918 2548 2741 
3 3860 3770 4035 
3 4920 10805 9228 
3 2838 3017 3106 
3 4030 4349 4105 
3 145 183 195 
3 11082 1939 10559 
3 9228 11635 4920 
3 1250 230 2271 
3 3012 2910 3185 
3 160 157 299 
3 2923 3276 3198 
3 6968 10622 5184 
3 3107 3273 2753 
3 1351 1052 6814 
3 3028 3372 3025 
3 273 5931 4124 
3 8989 4920 178 
3 3115 2845 3113 
3 2844 2755 3111 
3 3364 3107 3366 
3 2924 2845 2655 
3 7533 213 2271 
3 2845 2556 2555 
3 2332 7398 955 
3 2935 3287 2848 
3 11162 9596 7100 
3 4742 3062 9919 
3 1062 10802 10127 
3 11920 6829 1674 
3 5657 11738 9339 
3 4073 10805 10117 
3 1928 1846 1850 
3 3036 2936 2669 
3 719 2458 5259 
3 3032 3035 2760 
3 3562 2853 3122 
3 3035 3037 2566 
3 7025 5156 1631 
3 300 5578 549 
3 10531 5259 2458 
3 224 198 228 
3 8407 8400 8573 
3 2855 4060 11476 
3 3120 3114 2758 
3 3205 2940 2575 
3 2682 2579 2681 
3 3687 9499 8874 
3 3172 3446 3249 
3 3446 3172 3259 
3 3040 3210 2860 
3 3042 2868 2951 
3 3041 3042 2951 
3 3042 3043 2868 
3 3127 2953 2860 
3 3127 2860 3210 
3 3881 3707 3890 
3 6864 7395 7356 
3 11476 4060 11773 
3 6126 11869 1628 
3 11860 10256 10250 
3 3398 3215 2868 
3 2415 4911 10070 
3 11606 11591 9985 
3 10359 1724 2410 
3 2787 2861 2956 
3 2869 3134 3047 
3 7783 3623 7509 
3 11641 4286 4350 
3 3942 3311 3594 
3 2960 3135 2871 
3 11188 9985 11591 
3 11987 8750 7774 
3 3133 3313 2959 
3 3760 8449 4303 
3 2961 3135 2960 
3 10801 11404 7912 
3 3054 2695 3215 
3 2866 3304 3045 
3 3144 2876 3142 
3 2415 10070 6646 
3 2876 3139 3142 
3 2786 2871 3049 
3 3049 2871 3581 
3 3220 3219 2796 
3 2696 2963 2873 
3 4202 5142 4160 
3 4812 15 7389 
3 3221 2795 3057 
3 2599 3140 2961 
3 3229 2878 3056 
3 1500 10986 10555 
3 2525 2189 2423 
3 11709 5562 5518 
3 11110 152 8453 
3 10380 11136 3672 
3 3233 3064 2973 
3 682 668 8379 
3 3231 3150 3323 
3 9213 9223 11458 
3 2965 3224 2967 
3 2800 3065 2974 
3 10860 11673 10530 
3 908 2040 8424 
3 3583 3579 3303 
3 3234 2803 3327 
3 2974 3330 2616 
3 11191 8570 7381 
3 11576 9990 4667 
3 10401 1665 7516 
3 3236 3498 3327 
3 2717 2990 2356 
3 3075 3510 3072 
3 4244 1470 1467 
3 10771 7318 10790 
3 3075 2617 2618 
3 3075 2985 3336 
3 2987 2982 2806 
3 2722 2817 2433 
3 3075 3336 3510 
3 9928 10273 10272 
3 996 9111 2134 
3 4651 4576 4652 
3 2621 2622 2897 
3 2291 9434 2277 
3 9951 4398 3350 
3 917 10393 9856 
3 2808 2812 2355 
3 2899 2902 3172 
3 2815 2719 3430 
3 11538 10722 3318 
3 6786 11658 192 
3 7395 10795 10791 
3 9071 8512 8333 
3 1731 1727 1671 
3 2899 3172 3081 
3 3247 2992 3081 
3 10749 2650 5616 
3 7635 1070 7619 
3 2902 3000 3176 
3 3440 2633 2998 
3 11452 1213 11282 
3 3259 3000 2904 
3 10177 11840 11841 
3 3256 3254 3003 
3 4830 8267 6499 
3 2633 3440 2907 
3 3263 3526 3533 
3 10745 9821 10851 
3 3005 3619 3257 
3 3923 10063 4951 
3 3263 3262 3526 
3 1561 279 8953 
3 1754 2726 4539 
3 427 11564 428 
3 1674 10253 11920 
3 3348 3183 3186 
3 9824 8142 9052 
3 5404 5420 11898 
3 9333 49 9226 
3 10280 8194 8188 
3 2537 2442 2730 
3 10327 4969 11955 
3 3190 3187 3093 
3 2804 10327 6422 
3 3451 3356 3014 
3 3265 2645 2538 
3 3451 3011 3263 
3 7602 3116 6700 
3 3263 3011 2827 
3 11829 11816 3297 
3 2645 3015 2543 
3 10127 5042 2210 
3 3358 2741 3015 
3 3008 2915 3264 
3 3458 3017 2832 
3 3341 9031 10581 
3 4335 3159 10851 
3 2916 3100 3099 
3 4407 4333 4412 
3 10778 6600 10580 
3 3271 3099 3100 
3 6220 9033 2640 
3 3274 2920 2834 
3 2919 3278 3362 
3 5052 11829 3297 
3 7210 6424 7232 
3 10702 9130 1732 
3 6471 6817 11856 
3 3190 2917 3354 
3 2574 5368 7047 
3 10818 4185 11631 
3 2271 230 7533 
3 7138 6271 3202 
3 3372 3365 3196 
3 2753 2844 3107 
3 3033 8268 3153 
3 2844 3111 3282 
3 11506 2914 1099 
3 2847 3111 2755 
3 10533 1026 10519 
3 4868 4815 10031 
3 3023 2921 3274 
3 3205 2563 3285 
3 2847 2848 3287 
3 7142 6861 2095 
3 2835 9722 9723 
3 7454 9343 2914 
3 3120 2758 2674 
3 8313 6096 1164 
3 10745 9333 9650 
3 3470 2935 2934 
3 3737 3383 3122 
3 564 11669 11662 
3 8672 6913 6076 
3 2012 8568 3013 
3 10655 4571 3192 
3 3036 3206 2936 
3 3562 3122 3383 
3 3863 3768 3955 
3 2934 2759 2936 
3 1804 6477 1963 
3 5958 348 359 
3 1301 11848 9467 
3 1062 11600 10802 
3 5424 8873 34 
3 8431 6182 8365 
3 3039 2947 3124 
3 1564 1832 1627 
3 2422 2889 2523 
3 3209 2678 2946 
3 3302 3212 3045 
3 3128 3132 3392 
3 3304 2866 3130 
3 3043 3042 3045 
3 6549 6134 6550 
3 3214 3213 2955 
3 3045 3212 3043 
3 2772 3045 3042 
3 3047 3307 3048 
3 11417 7686 11931 
3 11272 7201 11267 
3 4415 4419 4020 
3 2779 3047 3048 
3 3134 2958 3312 
3 2265 2011 2347 
3 2695 2868 3215 
3 3981 3886 4133 
3 3139 2876 2793 
3 2870 7673 10630 
3 2218 2553 2468 
3 7029 6267 8689 
3 10781 11633 9990 
3 9815 9881 6550 
3 9446 9619 9618 
3 3217 3749 3481 
3 3221 3218 3140 
3 11327 8988 1276 
3 5340 9195 10306 
3 11566 11691 82 
3 605 6117 6643 
3 147 10996 2511 
3 2267 2017 1944 
3 6651 2370 4025 
3 2306 5518 5562 
3 328 856 605 
3 3722 7912 3974 
3 3065 3060 3150 
3 9586 9911 10085 
3 3229 3232 2880 
3 328 276 8066 
3 10200 9425 4595 
3 2884 3154 2883 
3 11072 10266 7209 
3 1069 1929 1066 
3 9779 1675 4069 
3 3224 3148 2967 
3 3148 2708 2967 
3 10077 11755 6654 
3 3233 2978 3502 
3 10228 6062 9044 
3 3162 3071 2893 
3 3071 3162 3335 
3 5372 3280 2377 
3 2889 3069 3073 
3 3335 3162 2982 
3 3333 3073 3507 
3 508 482 715 
3 3110 2653 3198 
3 4124 10139 89 
3 10869 4088 6073 
3 3336 2985 3332 
3 3960 3684 4270 
3 3167 3076 3169 
3 3479 9111 2154 
3 8527 10948 10942 
3 924 5951 10393 
3 3166 2987 3422 
3 2325 4390 10432 
3 2622 3167 3514 
3 2622 3514 2897 
3 3811 3552 3366 
3 4493 4568 4569 
3 2898 3079 2990 
3 6204 6096 9821 
3 2719 3083 3339 
3 9976 11573 4506 
3 3249 3247 3081 
3 6557 10159 6310 
3 9852 9847 11433 
3 3430 2900 2815 
3 4673 3713 1884 
3 5120 10897 11709 
3 4447 4201 8308 
3 7656 4447 8308 
3 3251 3619 2821 
3 3435 3088 3340 
3 3088 3177 3340 
3 5715 9579 9577 
3 2998 3622 3440 
3 10745 6204 9821 
3 3094 11827 6491 
3 3003 3182 3178 
3 3180 3088 3435 
3 2928 2835 10499 
3 3435 3441 3180 
3 8534 8730 2421 
3 3173 3622 2998 
3 1541 6502 3396 
3 6549 9881 8109 
3 3180 3526 3262 
3 3768 3682 3330 
3 3257 3185 3005 
3 6095 8769 8708 
3 2554 3025 3196 
3 10745 10851 3159 
3 8914 11628 3748 
3 9650 6204 10745 
3 11289 1238 351 
3 3185 3447 3012 
3 9049 7250 3277 
3 9818 8574 11397 
3 4788 6499 9947 
3 3710 3449 3264 
3 3630 3628 3096 
3 3351 3096 2833 
3 3451 3014 3011 
3 6550 6310 9815 
3 2315 10432 5079 
3 3357 3101 3105 
3 2834 3014 3356 
3 7824 7850 2725 
3 5407 5679 5406 
3 5741 1863 6872 
3 3362 2836 2919 
3 3724 2923 2918 
3 2923 3724 3276 
3 2836 3362 3271 
3 3628 3889 3534 
3 9576 9934 5863 
3 3195 2925 3196 
3 1635 1516 1463 
3 3372 3196 3025 
3 8574 9818 9791 
3 8867 4918 7190 
3 4153 8731 8692 
3 8996 8604 8248 
3 3113 2845 2924 
3 3288 2849 3110 
3 3028 3114 3372 
3 9709 11913 8016 
3 3599 3860 3679 
3 2847 3287 3111 
3 3470 2934 3654 
3 2412 1609 728 
3 3284 3111 3287 
3 3288 3110 3554 
3 4059 5196 3078 
3 1613 1614 1899 
3 3120 3471 3114 
3 2206 2536 2538 
3 3292 3119 3288 
3 9943 8250 6486 
3 9587 9911 9586 
3 3120 2674 2938 
3 372 10392 8736 
3 3119 2849 3288 
3 3564 3380 2854 
3 2854 3380 3036 
3 3380 3206 3036 
3 1677 10608 11371 
3 3385 3471 3120 
3 2938 3385 3120 
3 3737 3122 2856 
3 3298 3564 2854 
3 4417 6557 6310 
3 3374 3113 3281 
3 2942 3209 3385 
3 5632 9200 0 
3 8778 10370 9355 
3 2086 2089 2337 
3 3133 2956 3577 
3 2950 3049 3569 
3 3049 2950 2864 
3 3394 3046 3127 
3 2636 2643 2825 
3 4382 4225 4619 
3 3309 3213 3214 
3 3392 3132 3480 
3 1431 8999 9769 
3 4271 2229 9091 
3 2867 2955 3213 
3 3212 3306 3398 
3 3214 3048 3399 
3 9762 9606 9607 
3 5210 10509 2394 
3 3581 2871 3135 
3 9464 6222 6964 
3 10308 11112 11111 
3 3217 2873 2963 
3 2958 3219 3312 
3 10352 3395 3275 
3 3047 2779 2869 
3 2783 2782 2869 
3 2900 3173 2998 
3 9226 49 5542 
3 1446 10486 10556 
3 5542 0 9200 
3 2307 2756 2755 
3 2631 2814 2998 
3 3481 3749 3576 
3 3060 3154 3223 
3 3320 5318 3326 
3 3220 2796 3497 
3 2277 3151 2291 
3 3057 3322 3221 
3 3322 3057 3144 
3 3323 3150 3060 
3 3154 3148 3225 
3 3150 3231 3065 
3 3256 3517 3254 
3 328 144 276 
3 7406 7351 5564 
3 328 605 273 
3 7406 5564 3742 
3 4823 594 8894 
3 849 11602 10738 
3 2364 335 11046 
3 2507 1687 10232 
3 3328 3769 3680 
3 6923 3431 6843 
3 3235 3330 2974 
3 3161 9766 11332 
3 2803 2892 3327 
3 3484 1934 147 
3 3069 3232 3328 
3 11106 7045 3227 
3 3073 3069 3328 
3 3071 3236 2892 
3 3180 3441 3526 
3 3329 3236 3071 
3 3335 3329 3071 
3 11747 2464 2467 
3 3517 3433 3254 
3 7962 1137 9180 
3 2447 5886 5556 
3 2898 3247 3246 
3 6643 273 605 
3 2424 2893 2892 
3 11951 4189 8324 
3 2808 3077 3244 
3 3077 2897 3514 
3 2812 2808 3244 
3 10094 9510 5156 
3 9700 7278 8776 
3 2719 3339 3430 
3 3339 3083 3174 
3 3249 3248 3247 
3 3208 2943 3473 
3 6336 10920 5793 
3 9059 8760 11090 
3 5546 6325 8756 
3 9096 8537 6689 
3 3433 3340 3254 
3 8894 4857 4823 
3 2902 3176 3172 
3 3176 3259 3172 
3 10058 6794 4959 
3 3003 3178 3256 
3 3178 3434 3256 
3 1348 312 5068 
3 2766 2774 2403 
3 3260 2907 3440 
3 3447 3185 3257 
3 10020 4864 8307 
3 3260 2911 2907 
3 3186 3182 3006 
3 5711 322 7374 
3 3187 3259 3093 
3 2487 6743 1498 
3 3264 3449 3090 
3 6064 4508 2099 
3 84 3762 8914 
3 3186 3007 3450 
3 3530 3012 3447 
3 3450 3007 3096 
3 7197 1754 4539 
3 3454 2832 3012 
3 3768 3863 3682 
3 6513 9049 3277 
3 3458 2832 3454 
3 5980 5981 5750 
3 3459 3354 3357 
3 2741 3358 3460 
3 3354 3101 3357 
3 678 9937 8923 
3 3105 3272 3357 
3 451 6560 6593 
3 3363 461 11803 
3 3273 3107 3364 
3 7253 4113 5762 
3 2681 2579 2492 
3 3023 3274 3464 
3 3195 3021 2925 
3 6939 6926 5432 
3 130 8694 8084 
3 8923 8035 678 
3 2838 3106 2924 
3 3366 3107 3282 
3 6354 11144 11162 
3 2840 3285 2754 
3 4504 4548 8666 
3 2141 6354 11160 
3 3111 3284 3282 
3 8107 8264 1978 
3 3289 3112 2751 
3 3198 3554 3110 
3 3879 4052 3978 
3 8999 6558 8995 
3 8922 676 9709 
3 3391 8026 5598 
3 2751 3112 3109 
3 4548 4676 8666 
3 3559 3205 3285 
3 3032 2760 2933 
3 4153 8692 3784 
3 2935 3470 3558 
3 9843 6096 8313 
3 2885 6035 2862 
3 2803 2518 2892 
3 2645 2206 2538 
3 3292 3288 3561 
3 5767 3349 4161 
3 10808 9211 4815 
3 3654 2936 3655 
3 3037 3035 3295 
3 7932 11715 11687 
3 3564 3298 3296 
3 3296 3298 3037 
3 3289 2932 3562 
3 7140 10803 827 
3 2943 3292 3473 
3 4997 4562 4798 
3 3860 4036 3679 
3 7469 1631 3346 
3 9690 2626 11259 
3 3208 3390 3210 
3 3124 2947 3392 
3 3569 3209 2950 
3 9677 11974 405 
3 3398 2868 3043 
3 3305 3303 2867 
3 3303 3130 2867 
3 2449 9124 9205 
3 3304 3302 3045 
3 1176 11843 11028 
3 5170 2540 6900 
3 5932 1086 11020 
3 8250 3094 6486 
3 2891 697 625 
3 3399 3048 3307 
3 3399 3309 3214 
3 3417 8651 8597 
3 3309 3400 3213 
3 3213 3400 3305 
3 3844 3489 3133 
3 3481 3480 2873 
3 3607 3335 3166 
3 625 7059 2891 
3 3400 3309 3404 
3 2494 11578 11774 
3 3310 3135 3311 
3 3398 3493 3215 
3 3995 4323 4091 
3 10643 10156 10319 
3 3054 3215 3493 
3 3407 3317 3491 
3 7814 11918 513 
3 1081 1098 3834 
3 6915 6923 9034 
3 8942 10540 10973 
3 6476 6481 6482 
3 4637 4564 4405 
3 2963 3226 3217 
3 3319 3223 3317 
3 3322 3144 3409 
3 3486 3148 3492 
3 3225 3317 3223 
3 3225 3223 3154 
3 321 5674 296 
3 3221 3322 3494 
3 4297 11504 412 
3 1246 2263 1247 
3 3056 3411 3229 
3 3606 3778 3866 
3 3231 3235 2974 
3 3498 3599 3676 
3 3232 3069 2880 
3 3498 3236 3414 
3 2957 8048 11962 
3 3229 3411 3232 
3 6152 4373 1969 
3 3501 3418 3604 
3 3501 3500 3414 
3 6440 11643 4742 
3 9144 5317 6130 
3 3236 3415 3414 
3 1026 11327 1245 
3 10019 10024 8287 
3 8894 594 8473 
3 1048 1098 1081 
3 3227 7152 4297 
3 7084 8002 10343 
3 3308 10354 3781 
3 2978 3072 3502 
3 9897 6431 6436 
3 10286 11094 10281 
3 3064 3497 2796 
3 6232 6675 6459 
3 2258 2615 6396 
3 10617 2399 11342 
3 6878 5249 5253 
3 3497 3064 3767 
3 8825 6095 652 
3 3423 3514 3167 
3 10401 6396 1665 
3 3077 3515 3244 
3 3077 3514 3515 
3 2812 3244 3338 
3 3607 3422 3606 
3 3425 3079 2898 
3 11086 11085 1539 
3 3248 3427 3246 
3 3248 3344 3428 
3 4153 6129 8747 
3 3247 3248 3246 
3 3441 3435 3437 
3 3256 3697 3517 
3 3214 2955 2590 
3 1356 9874 9868 
3 3172 3249 3081 
3 3177 3254 3340 
3 6547 2500 6536 
3 3175 3523 3174 
3 4118 3141 9751 
3 8666 8609 4420 
3 3164 3184 10681 
3 5328 9507 208 
3 3175 2999 3002 
3 3702 3178 3183 
3 3183 3182 3186 
3 3534 3348 3186 
3 3629 3260 3529 
3 8893 2476 8779 
3 3450 3096 3628 
3 2473 1008 10423 
3 5546 8800 8747 
3 2594 2774 2953 
3 3263 3712 3541 
3 3265 3095 3537 
3 11631 4552 8411 
3 8961 11805 11961 
3 8364 5250 5978 
3 305 10130 5657 
3 3270 3351 3268 
3 3370 4272 1498 
3 3356 3451 3546 
3 3270 3898 3351 
3 3099 2915 2916 
3 1648 10460 1270 
3 7604 7578 6705 
3 11785 4262 11415 
3 1750 888 2558 
3 9205 7999 11259 
3 2741 3460 3103 
3 3358 3267 3355 
3 10740 7449 9227 
3 3639 3099 3271 
3 2717 2898 2990 
3 3550 3360 3195 
3 3017 3458 3106 
3 3463 3106 3458 
3 3724 2918 3637 
3 3549 3464 3274 
3 3195 3196 3365 
3 8373 11669 3923 
3 9749 6287 6284 
3 2243 192 2248 
3 6354 11162 11160 
3 11156 8422 10373 
3 2924 3106 3281 
3 3552 3462 3364 
3 1265 3984 4955 
3 2816 3080 3250 
3 3278 3109 3112 
3 3974 7912 4111 
3 3141 4118 8335 
3 4900 4419 4415 
3 3567 3292 3561 
3 8963 10524 9747 
3 5056 955 2639 
3 473 1498 6720 
3 3284 3649 3911 
3 10688 3907 2968 
3 3649 3287 3728 
3 6126 1628 11498 
3 3559 3285 3555 
3 2941 1050 3849 
3 3287 2935 3376 
3 7260 7480 7137 
3 2100 3854 1094 
3 10049 10222 10569 
3 3565 3205 3559 
3 2731 1765 3603 
3 3376 2935 3558 
3 4055 9110 4023 
3 2102 11457 10627 
3 1925 1703 1763 
3 3333 3512 2986 
3 4193 11403 2254 
3 8651 3784 8692 
3 3822 3380 3564 
3 1609 2412 6393 
3 3380 3655 3206 
3 6521 8086 5784 
3 1048 2208 1098 
3 3295 3296 3037 
3 3299 3565 3474 
3 2825 2643 2734 
3 5610 10139 9686 
3 3564 3296 3563 
3 3301 2940 3299 
3 7165 8449 8484 
3 10627 7947 2857 
3 3477 3388 3124 
3 10948 11779 589 
3 3737 3039 3388 
3 10139 4124 5931 
3 7299 7302 8132 
3 6290 2805 5949 
3 10568 1362 8296 
3 3040 3208 3210 
3 3571 3390 3389 
3 10533 8988 11327 
3 2710 2614 2260 
3 2956 3658 3577 
3 3127 3210 3394 
3 8473 4177 4111 
3 4936 5037 4591 
3 3390 3578 3394 
3 2642 2826 2439 
3 3210 3390 3394 
3 3208 3389 3390 
3 2252 2219 30 
3 4457 5599 5590 
3 3844 3133 3577 
3 9572 89 10139 
3 11392 11565 11391 
3 3400 3303 3305 
3 8109 9576 5877 
3 1667 4064 8874 
3 7378 11901 1570 
3 3307 3402 3399 
3 3309 3403 3404 
3 3399 3403 3309 
3 8084 8694 4042 
3 3049 3581 3569 
3 9355 5208 2415 
3 3312 3402 3134 
3 10556 1276 10554 
3 7624 9670 259 
3 3402 3403 3399 
3 10716 11825 3556 
3 3400 3404 3754 
3 4952 4950 5061 
3 1998 5445 2051 
3 3312 3595 3402 
3 3403 3402 3595 
3 2296 10232 10447 
3 6878 5253 513 
3 3312 3314 3595 
3 6632 3141 8335 
3 3497 3314 3220 
3 425 2945 4635 
3 3216 3492 3224 
3 10236 7259 10876 
3 3313 3316 3142 
3 3142 3139 3313 
3 3594 3218 3494 
3 2428 1342 4344 
3 3319 3317 3407 
3 3491 3225 3486 
3 11501 11879 11927 
3 3494 3218 3221 
3 3148 3486 3225 
3 3495 3323 3223 
3 3495 3223 3319 
3 3319 3407 3495 
3 6450 6981 6980 
3 2208 1048 1128 
3 3317 3225 3491 
3 3158 3669 3226 
3 3956 3411 3056 
3 2125 11157 8422 
3 11527 11744 3455 
3 2887 3158 3226 
3 4392 4621 4396 
3 3235 3231 3600 
3 3767 3064 3233 
3 9066 9873 10628 
3 3234 3598 3158 
3 10971 1153 1137 
3 2502 2501 2598 
3 279 8961 426 
3 3414 3415 3501 
3 3475 6652 5141 
3 8689 11086 11088 
3 2712 2746 7114 
3 3335 3418 3329 
3 3682 3509 3332 
3 2605 2514 2887 
3 7242 2185 235 
3 3701 3791 4050 
3 8956 8070 5631 
3 5173 5419 5416 
3 359 11779 2385 
3 3606 3422 3512 
3 11826 11001 11814 
3 3336 3332 3419 
3 3422 2986 3512 
3 3289 3562 3560 
3 3423 3689 3514 
3 3423 3167 3169 
3 3684 3502 3506 
3 11150 11414 10678 
3 3427 3428 3518 
3 3608 3169 3079 
3 2898 3246 3425 
3 11504 7152 7182 
3 3425 3246 3427 
3 3434 3697 3256 
3 9327 5130 9123 
3 3248 3428 3427 
3 11085 1529 1539 
3 3344 3248 3249 
3 11651 4111 11404 
3 3174 3523 3339 
3 6658 11419 9700 
3 3847 6336 5793 
3 4235 8084 7905 
3 3616 3435 3340 
3 10146 11306 10506 
3 9195 7738 11952 
3 2899 2817 2902 
3 3613 3434 3178 
3 3792 3526 3441 
3 3253 6156 3286 
3 1830 2065 2227 
3 3705 3183 3348 
3 99 94 70 
3 3792 3885 3526 
3 3292 2943 2673 
3 2593 2333 2330 
3 3712 3263 3533 
3 7795 7905 8084 
3 3531 3446 3259 
3 928 3788 4728 
3 3454 3012 3530 
3 3451 3263 3541 
3 3452 3265 3537 
3 3287 3376 3728 
3 3187 3190 3536 
3 3457 3635 3191 
3 1676 8541 10173 
3 3355 3267 3634 
3 11067 6242 11072 
3 4879 5102 4880 
3 3536 3190 3354 
3 11124 9227 7449 
3 7801 8035 8898 
3 3137 4023 3160 
3 3271 3362 3551 
3 3360 3548 3270 
3 365 332 413 
3 3103 3460 3637 
3 3099 3457 3191 
3 3837 3933 4011 
3 1554 2522 2529 
3 3724 3905 3276 
3 3274 3356 3549 
3 3272 3459 3357 
3 4888 1165 4868 
3 6959 6871 6756 
3 3459 3272 3273 
3 10856 10581 9824 
3 8264 5383 3803 
3 4876 1165 5760 
3 5684 4834 2968 
3 3281 3106 3463 
3 2923 2653 2549 
3 43 728 1609 
3 2165 3152 3086 
3 3276 3554 3198 
3 3995 4481 4323 
3 3652 3288 3554 
3 9476 1301 9467 
3 10163 10944 11063 
3 3114 3650 3372 
3 3365 3372 3368 
3 3113 3374 3115 
3 3649 3284 3287 
3 3560 3112 3289 
3 10724 9910 9148 
3 11115 6272 6281 
3 9227 6039 1119 
3 7449 7439 9875 
3 6899 4866 2870 
3 3204 3115 3375 
3 3470 3821 3558 
3 2941 3849 3864 
3 3557 3375 3115 
3 3469 3650 3471 
3 3652 3561 3288 
3 3565 3299 3205 
3 3918 3032 3653 
3 3296 3295 3563 
3 2729 3008 2723 
3 3561 4006 3567 
3 3654 3821 3470 
3 11767 5852 2426 
3 3032 3918 3295 
3 5715 11540 9699 
3 3471 3385 3568 
3 4048 3973 4285 
3 3299 2940 3205 
3 3301 2861 2940 
3 3569 3570 3209 
3 2404 2678 2573 
3 3899 3034 104 
3 7932 2735 11630 
3 6616 6746 6749 
3 8473 4111 11651 
3 3575 3392 3480 
3 4852 5186 4856 
3 3302 3304 3579 
3 6831 7128 1896 
3 2829 4669 854 
3 3569 3581 3574 
3 11259 2626 8504 
3 3304 3303 3579 
3 3306 3302 3579 
3 3306 3579 3584 
3 4401 2589 6542 
3 11588 11630 2735 
3 11809 10209 10990 
3 10336 3597 11136 
3 4514 7694 11323 
3 6816 5937 9393 
3 1604 1660 1655 
3 3485 3486 3580 
3 3405 5016 4969 
3 3398 3487 3493 
3 11074 9492 6656 
3 6245 4538 4518 
3 3485 3491 3486 
3 3492 3216 3580 
3 3492 3580 3486 
3 3316 3489 3590 
3 3487 4105 3493 
3 1269 6042 8431 
3 3990 3903 3637 
3 513 5253 1527 
3 3493 3056 3054 
3 3314 3758 3668 
3 3494 3322 3593 
3 3217 3669 3749 
3 7928 7931 7953 
3 3217 3226 3669 
3 3626 6659 452 
3 3591 3495 3407 
3 3614 3707 3881 
3 3856 3410 3495 
3 11814 11001 10209 
3 3323 3410 3231 
3 3480 3132 2873 
3 2290 23 11257 
3 9862 3672 11014 
3 3600 3231 3410 
3 11744 11537 3455 
3 3598 3669 3158 
3 4291 3791 4133 
3 4037 3497 3767 
3 11257 3024 3834 
3 4252 5231 2375 
3 3498 3414 3599 
3 3599 3414 3500 
3 3769 3411 3958 
3 3791 4291 4050 
3 6776 6675 6232 
3 3502 3767 3233 
3 3411 3769 3328 
3 6335 8043 422 
3 4438 4277 4663 
3 3418 3501 3415 
3 2892 3236 3327 
3 3329 3418 3415 
3 10897 4505 10108 
3 2752 2744 1679 
3 664 657 7624 
3 3330 3682 3332 
3 2662 2653 3110 
3 6168 2589 4401 
3 3333 3507 3778 
3 3328 3507 3073 
3 9680 2712 10799 
3 2107 972 6138 
3 5411 10979 11364 
3 7530 10801 7912 
3 3423 3169 3779 
3 9672 6428 10767 
3 5114 1390 1383 
3 9992 7077 6193 
3 4 14 16 
3 3425 3783 3608 
3 9672 2604 6428 
3 10990 10200 10196 
3 7395 7737 7795 
3 3700 3616 3696 
3 3695 3517 3697 
3 4662 4205 10883 
3 8894 1561 8953 
3 3430 3339 3787 
3 1648 1270 4892 
3 4512 6532 3445 
3 3520 3340 3433 
3 6514 6521 5768 
3 4998 4791 5604 
3 2821 3619 3005 
3 2800 2799 2883 
3 1863 6428 6872 
3 4153 3784 7402 
3 3121 6511 4830 
3 3616 3437 3435 
3 1800 1651 2023 
3 2213 11257 1098 
3 3178 3702 3613 
3 5927 7402 11583 
3 3183 3705 3702 
3 3618 3428 3524 
3 3175 3707 3614 
3 10970 10000 3615 
3 3257 3619 3790 
3 2406 2408 2788 
3 10622 10801 7530 
3 7811 7812 7705 
3 3531 3528 3446 
3 3524 3344 3528 
3 5468 693 632 
3 3528 3527 3524 
3 3529 3260 3440 
3 2562 4599 1487 
3 3446 3528 3344 
3 3528 3535 3527 
3 5741 6872 2520 
3 2753 2469 2656 
3 3537 3095 3260 
3 3531 3536 3528 
3 3536 3535 3528 
3 3534 3450 3628 
3 3186 3450 3534 
3 3537 3260 3629 
3 11090 7404 9059 
3 3536 3542 3535 
3 3451 3541 3546 
3 6095 8825 8769 
3 3539 3454 3530 
3 3542 3536 3354 
3 3893 3537 3629 
3 3542 3545 3535 
3 7845 6298 10312 
3 3452 3634 3267 
3 3898 3630 3351 
3 3354 3459 3542 
3 4047 4276 4119 
3 3808 3809 3993 
3 3542 3459 3545 
3 3710 3191 3716 
3 3262 2827 2909 
3 5381 8541 1676 
3 786 330 7697 
3 329 298 358 
3 3545 3361 3633 
3 2385 5381 1676 
3 11082 2841 11404 
3 3546 3549 3356 
3 11057 9477 10247 
3 3639 3457 3099 
3 3638 3358 3355 
3 3271 3808 3639 
3 3551 3808 3271 
3 11890 11209 11889 
3 3638 3637 3460 
3 6779 7564 8477 
3 3551 3362 3809 
3 7341 7209 10266 
3 11805 279 1561 
3 1670 9518 10458 
3 10333 448 10144 
3 9386 10163 591 
3 3362 3278 3553 
3 1927 2380 7849 
3 3725 3195 3365 
3 3646 3281 3463 
3 2701 9568 292 
3 3553 3278 3726 
3 3278 3112 3726 
3 3646 3727 3374 
3 3137 11459 2102 
3 7395 10791 7356 
3 10366 2088 11156 
3 11063 10944 10941 
3 3558 3728 3376 
3 10833 10061 4735 
3 4463 7882 7875 
3 2947 3039 2856 
3 3652 4000 4006 
3 2394 4630 5210 
3 3469 3471 3924 
3 3734 3822 3564 
3 3822 3655 3380 
3 3565 3559 3729 
3 4845 4755 4451 
3 3924 3471 3568 
3 3651 3918 3653 
3 3299 3474 3301 
3 4285 3973 4050 
3 3389 3208 3656 
3 9918 2224 9930 
3 7259 8223 9716 
3 7826 7609 8049 
3 3503 7395 6864 
3 3180 3262 3088 
3 3662 3572 3839 
3 3662 3578 3572 
3 3662 3485 3578 
3 2315 2325 10432 
3 3306 3584 3848 
3 3481 3576 3480 
3 11032 6678 9449 
3 11466 11325 11168 
3 397 10496 2901 
3 3579 3583 3584 
3 3595 3668 3403 
3 3578 3390 3571 
3 2597 3592 5787 
3 8609 11531 4420 
3 3491 3582 3587 
3 11985 2315 5079 
3 7920 7599 7600 
3 10916 5682 7663 
3 7737 7905 7795 
3 3587 3407 3491 
3 3587 3591 3407 
3 3489 3844 3590 
3 513 10294 6878 
3 3584 3583 3848 
3 171 5544 5641 
3 3133 3489 3313 
3 3404 3403 3753 
3 1778 1728 10297 
3 3754 3583 3400 
3 3668 3595 3314 
3 3593 3409 3590 
3 3856 3495 3591 
3 5745 2773 5886 
3 1105 10933 11812 
3 4407 4412 4643 
3 205 250 233 
3 5464 11686 11696 
3 3410 3323 3495 
3 6968 3387 3395 
3 3598 3756 3669 
3 3341 10581 10856 
3 6074 9646 1133 
3 5760 3980 10155 
3 9330 9328 8554 
3 9639 8358 8707 
3 8707 9291 9639 
3 3498 3676 3598 
3 339 504 447 
3 3947 3948 3953 
3 11032 9467 11848 
3 3604 3860 3500 
3 5994 2577 8866 
3 3604 3500 3501 
3 3604 3418 3770 
3 3498 3598 3327 
3 3607 3770 3418 
3 2972 8284 4201 
3 8568 8223 7201 
3 3506 3773 3684 
3 3930 3658 3833 
3 2915 3191 3264 
3 2408 2406 2330 
3 464 9209 4073 
3 1574 1692 1921 
3 3509 3419 3332 
3 4023 9110 3160 
3 3510 3419 3773 
3 3336 3419 3510 
3 4873 632 4990 
3 3517 3694 3433 
3 3689 3423 3969 
3 3943 1913 6093 
3 3514 3688 3515 
3 3338 3691 3692 
3 3515 3691 3244 
3 1025 9693 11294 
3 4501 4499 4258 
3 3517 3695 3694 
3 9419 11437 6207 
3 8111 8273 7985 
3 3339 3523 3519 
3 3339 3519 3787 
3 3696 3972 3874 
3 11797 10979 8558 
3 3433 3694 3520 
3 10196 11403 10990 
3 8953 4857 8894 
3 8667 5281 8534 
3 3655 2936 3206 
3 3560 3726 3112 
3 3523 3175 3614 
3 3524 3527 3618 
3 3706 3173 3978 
3 3616 3704 3437 
3 3622 3173 3706 
3 1501 1506 6289 
3 2223 3904 271 
3 3622 3706 3529 
3 306 245 195 
3 642 7579 6689 
3 5610 9686 9133 
3 3257 3793 3625 
3 3529 4065 3629 
3 3639 3807 3457 
3 3533 3526 3885 
3 2185 11368 11210 
3 1336 302 4089 
3 3981 3348 3534 
3 1328 5741 2520 
3 3187 3536 3531 
3 3631 3532 3535 
3 3259 3187 3531 
3 908 924 917 
3 3632 3712 3888 
3 3530 3883 3539 
3 11320 2220 1421 
3 3732 3651 3653 
3 2154 3834 3479 
3 5016 10274 4969 
3 3447 3883 3530 
3 10750 3573 9185 
3 3632 3541 3712 
3 11404 10801 11082 
3 207 203 173 
3 3452 3718 3634 
3 3311 3135 2961 
3 3270 3548 3898 
3 3988 3458 3454 
3 11779 5381 2385 
3 3546 3717 3549 
3 3720 3355 3634 
3 7693 3831 6897 
3 3633 3361 3462 
3 3802 3715 3633 
3 2569 2571 597 
3 3550 3719 3548 
3 3546 3632 3717 
3 3550 4075 3719 
3 3724 3637 3903 
3 4836 4746 4280 
3 3809 3362 3553 
3 3994 3276 3905 
3 1153 9180 1137 
3 5908 5863 2429 
3 9962 417 6182 
3 3650 3645 3372 
3 3554 3276 3908 
3 3555 3464 3644 
3 5908 5877 9576 
3 3372 3645 3368 
3 6557 3188 3345 
3 3554 3997 3652 
3 3559 3555 3729 
3 71 56 1114 
3 9667 8013 555 
3 10681 267 1289 
3 9934 10352 3275 
3 5130 9327 10628 
3 3653 3375 3557 
3 3732 3653 3557 
3 9372 9879 10578 
3 5148 411 4204 
3 5931 1694 7676 
3 3716 3801 3710 
3 3918 3563 3295 
3 11320 1421 2397 
3 2524 3490 7374 
3 10590 9077 6011 
3 3736 3565 3729 
3 3734 3564 3563 
3 3562 3733 3560 
3 2791 11265 1236 
3 4137 4611 4295 
3 3833 3301 3474 
3 2809 3496 3711 
3 3931 3389 3656 
3 3383 3733 3562 
3 11685 10140 9375 
3 3275 3395 7090 
3 3570 3574 3740 
3 3931 3571 3389 
3 3830 3570 3740 
3 3927 3737 3388 
3 3571 3931 3572 
3 3575 3837 3477 
3 4208 4212 5174 
3 3930 3577 3658 
3 5438 3596 5457 
3 6310 6550 2773 
3 4175 3925 3830 
3 3571 3572 3578 
3 3662 3665 3485 
3 3577 3745 3844 
3 11759 5578 6875 
3 9034 7025 10911 
3 2252 30 3181 
3 31 3181 30 
3 3804 5472 4649 
3 2491 2075 2158 
3 11017 9374 10152 
3 11641 10821 4286 
3 3480 3576 3575 
3 6096 9843 9821 
3 8749 6138 7823 
3 10745 49 9333 
3 3398 3306 3487 
3 3594 3311 3218 
3 3753 3754 3404 
3 10387 8879 5079 
3 4721 6779 5907 
3 583 444 588 
3 3745 3941 3844 
3 6968 3395 10352 
3 11964 10354 3308 
3 9815 10358 9881 
3 10524 11334 10075 
3 10942 5899 11768 
3 3056 3493 4105 
3 3316 3313 3489 
3 2734 2833 3007 
3 10139 5610 9572 
3 187 8485 11722 
3 10139 5931 9686 
3 3156 10026 10024 
3 3599 3679 3676 
3 4073 10078 464 
3 4206 3704 3700 
3 4430 6155 11281 
3 9585 9212 9586 
3 1260 11323 377 
3 7738 9195 5221 
3 7362 7131 7249 
3 3378 4368 5499 
3 9934 3275 3067 
3 5793 5366 9099 
3 2744 2684 10804 
3 2952 6557 4417 
3 3770 3607 3772 
3 4185 11606 4827 
3 3419 3509 3773 
3 11158 6148 9616 
3 3423 3779 3969 
3 3823 5480 3923 
3 3676 3761 3598 
3 3760 4420 8484 
3 3608 3783 3780 
3 11773 11482 11476 
3 3692 3691 3970 
3 2604 6872 6428 
3 1677 9814 1861 
3 10745 3159 11691 
3 11277 10936 10762 
3 3972 3694 4045 
3 3972 3696 3520 
3 3694 3972 3520 
3 3700 3696 3874 
3 3428 3618 3518 
3 7736 2425 2431 
3 3638 3806 3637 
3 1714 1791 1790 
3 3523 3614 3880 
3 10001 11600 8325 
3 10562 10906 10903 
3 9929 570 2726 
3 3792 3437 3704 
3 2773 6550 6134 
3 5548 9650 9333 
3 10279 4823 780 
3 5877 6549 8109 
3 3790 3793 3257 
3 11591 9185 3573 
3 4065 3529 3706 
3 3625 3795 3883 
3 3535 3532 3527 
3 5480 6964 6222 
3 8353 8054 7946 
3 11081 11785 244 
3 3345 10159 6557 
3 3537 3893 3452 
3 3904 9056 2229 
3 4837 4592 4734 
3 10860 6811 11673 
3 69 1867 5498 
3 3632 3546 3541 
3 11749 11543 11544 
3 3802 3897 3715 
3 5863 9934 3067 
3 7576 8441 10860 
3 3811 4081 3552 
3 3992 3639 3808 
3 5610 1137 9572 
3 3638 3720 3806 
3 3809 3808 3551 
3 3550 3725 4075 
3 5908 2429 5556 
3 8446 231 11781 
3 11193 11363 11719 
3 3553 3726 4085 
3 10733 5778 1827 
3 3811 3284 3911 
3 4548 4662 8756 
3 3374 3727 3557 
3 1748 4795 4821 
3 9976 11540 8300 
3 9709 676 11913 
3 3156 10024 10019 
3 5472 3804 3052 
3 3557 3730 3732 
3 4159 3726 3560 
3 5654 1290 9353 
3 3558 3999 3819 
3 3824 3655 3822 
3 3560 3733 4159 
3 5746 9179 11538 
3 6012 5276 10821 
3 3920 3822 3734 
3 9577 10736 5715 
3 3736 3729 4004 
3 4095 4253 3656 
3 3737 3827 3383 
3 5548 9333 9226 
3 3833 3658 3301 
3 5682 8516 7663 
3 3927 3827 3737 
3 3832 3927 3388 
3 2699 10718 10708 
3 4253 3931 3656 
3 3388 3477 3832 
3 3733 3827 4488 
3 3930 3840 3577 
3 3933 3837 3843 
3 3837 3575 3576 
3 3183 3178 3182 
3 3577 3840 3745 
3 11119 10262 10777 
3 5541 837 2809 
3 3485 3665 3582 
3 2773 6134 5886 
3 3846 3747 3665 
3 3581 3310 3845 
3 3662 3841 3665 
3 3841 3662 3839 
3 5740 8923 7256 
3 5963 6067 5724 
3 3841 3846 3665 
3 2644 2649 2833 
3 11187 4358 11145 
3 7859 1452 3334 
3 3580 3578 3485 
3 2972 9327 9123 
3 10557 10555 3283 
3 8866 2577 214 
3 3582 3747 3587 
3 9300 8454 7590 
3 7454 2914 11506 
3 3754 3948 3583 
3 3487 3306 3949 
3 3593 3590 3945 
3 3306 3848 3949 
3 10977 10592 2076 
3 3650 3114 3471 
3 4031 3591 3750 
3 3608 3079 3425 
3 9339 10113 171 
3 5863 5908 9576 
3 4203 4605 4523 
3 3857 3954 3761 
3 3043 3212 3398 
3 3056 4105 3956 
3 3676 3857 3761 
3 10274 9544 11955 
3 73 100 3269 
3 3856 3600 3410 
3 5198 5731 5086 
3 4035 4036 3860 
3 1311 9918 11822 
3 3958 3411 3956 
3 3502 3960 3767 
3 3097 10027 2259 
3 4412 4333 4170 
3 11482 11497 10694 
3 7431 3252 11303 
3 4452 4524 4294 
3 5556 5877 5908 
3 6996 7011 10430 
3 3965 3684 3773 
3 3866 3507 3680 
3 3867 3772 3606 
3 3779 3780 3868 
3 3779 3608 3780 
3 11773 11484 11482 
3 11717 11526 11874 
3 3872 3783 3425 
3 3691 3515 3688 
3 11476 8257 2855 
3 3688 3514 3689 
3 3872 3425 3427 
3 7021 6716 6497 
3 4126 4199 4362 
3 5087 5451 5205 
3 4718 11976 8147 
3 3699 3613 3701 
3 3875 3695 3697 
3 3245 3692 3171 
3 690 932 672 
3 2706 10644 11484 
3 8472 11696 10089 
3 3789 3171 3786 
3 3281 3113 2924 
3 1688 7537 2449 
3 4051 3971 3518 
3 3978 3787 3879 
3 3523 3880 3519 
3 6336 84 10920 
3 3616 3700 3704 
3 3701 3702 3791 
3 4051 3618 3527 
3 3705 3791 3702 
3 3002 3449 3707 
3 3166 3335 2982 
3 3329 3415 3236 
3 3625 3793 3795 
3 4457 9804 5041 
3 2305 1653 2620 
3 4065 3706 3884 
3 3534 3889 3886 
3 3887 4132 3527 
3 4062 3539 3883 
3 3294 4104 6479 
3 1629 6188 6200 
3 3710 3801 3449 
3 2069 1915 1912 
3 3449 3801 3890 
3 3868 3780 4275 
3 3707 3449 3890 
3 4580 4346 4579 
3 8325 4653 8309 
3 4220 4222 3452 
3 11576 11573 8322 
3 10806 11311 10449 
3 10983 8446 2528 
3 5464 10664 1284 
3 10308 11111 11108 
3 3716 3191 3635 
3 4485 4633 4155 
3 4244 1467 1452 
3 3720 3718 4071 
3 3719 4223 3548 
3 3539 4072 3454 
3 4071 3806 3720 
3 3779 3169 3608 
3 3457 3807 3635 
3 3458 3988 3463 
3 3633 3462 4076 
3 3637 3806 3990 
3 4177 9573 4111 
3 3705 3348 3981 
3 4076 3462 4081 
3 2997 5661 5671 
3 3809 3553 3810 
3 4075 3725 4237 
3 11449 9113 2711 
3 11345 11352 10646 
3 3624 4646 3605 
3 5208 4911 2415 
3 3810 3553 4085 
3 1855 2177 2004 
3 3368 3645 3725 
3 3906 3644 3464 
3 3728 3558 3819 
3 5745 2447 2194 
3 3728 4155 4156 
3 3195 3725 3550 
3 3644 3909 3555 
3 3909 3729 3555 
3 3436 3445 6519 
3 3887 3527 3532 
3 4548 8756 4676 
3 3816 3645 3650 
3 3996 3726 4159 
3 5114 1383 6845 
3 6788 8545 11895 
3 4156 3911 3649 
3 3654 3824 3821 
3 4162 3563 3918 
3 10883 5546 8756 
3 3824 3822 4003 
3 3729 3909 4004 
3 3924 3826 3469 
3 4662 7062 4205 
3 6550 9881 6549 
3 10911 9517 3384 
3 4095 3473 3567 
3 3736 3828 3474 
3 3736 3474 3565 
3 3830 3925 3568 
3 3925 3924 3568 
3 5278 3443 6146 
3 7396 10617 9848 
3 3830 3568 3570 
3 4175 3830 3740 
3 2679 7407 2691 
3 2773 4417 6310 
3 1035 1038 2072 
3 10296 10457 10125 
3 3119 3292 2673 
3 11412 9848 10617 
3 3740 3574 3932 
3 3323 3060 3223 
3 11774 153 2494 
3 5745 2194 5643 
3 4264 3763 3497 
3 3842 3932 3574 
3 11868 4055 11756 
3 3576 3843 3837 
3 4090 4158 4485 
3 3096 3351 3630 
3 10796 8393 9203 
3 3933 3843 3937 
3 6134 6549 5886 
3 5959 5724 6067 
3 3843 3939 3937 
3 7381 5446 8537 
3 3594 3593 3945 
3 3842 3938 3932 
3 3843 3756 3939 
3 8537 11191 7381 
3 3934 3941 3745 
3 3945 3590 3941 
3 3750 3747 3846 
3 10524 8963 10536 
3 10362 11132 8759 
3 3616 3340 3520 
3 9055 10592 10977 
3 3591 4031 3856 
3 3761 3756 3598 
3 8666 4420 4504 
3 3756 3761 3855 
3 3668 3753 3403 
3 10670 11497 11484 
3 5850 466 4684 
3 9572 1137 7962 
3 5366 7605 9099 
3 3600 3856 3955 
3 2666 3562 2932 
3 6699 6481 6476 
3 3955 3768 3600 
3 1697 10950 10535 
3 2481 7556 10905 
3 7286 8547 11504 
3 1575 1306 1414 
3 4137 4304 4611 
3 9937 10520 7256 
3 3234 3327 3598 
3 4524 4452 4674 
3 4191 3680 3769 
3 5037 5036 4828 
3 133 5912 7089 
3 8547 8597 4376 
3 495 4959 6794 
3 7783 2348 8149 
3 4687 4680 4462 
3 3682 3863 3509 
3 3964 3965 3509 
3 10572 7342 9031 
3 9233 1015 6075 
3 3964 4269 3965 
3 3772 3607 3606 
3 3968 3779 3868 
3 3866 3867 3606 
3 11504 8547 412 
3 11531 8484 4420 
3 3871 3695 3875 
3 3970 4122 4194 
3 3694 3871 4045 
3 4120 7551 5881 
3 3971 3872 3518 
3 3699 3701 3973 
3 3519 3880 3787 
3 11112 7852 10332 
3 3594 3494 3593 
3 5514 10084 11681 
3 3692 3786 3171 
3 7469 7783 7509 
3 4218 3159 4335 
3 2630 3250 3251 
3 4341 4574 4730 
3 2437 429 2444 
3 3881 3880 3614 
3 3979 3790 3789 
3 7952 1927 11177 
3 9028 4213 11106 
3 4211 3792 3704 
3 1677 3382 10608 
3 426 704 279 
3 11376 9807 9785 
3 7652 6967 10645 
3 5745 5886 2447 
3 9286 4078 6507 
3 3533 3885 3712 
3 3227 4297 9028 
3 4919 5247 5252 
3 4627 4872 4550 
3 3897 3887 3799 
3 4137 3886 3889 
3 10593 3738 11548 
3 4070 3632 3888 
3 3897 3799 3715 
3 135 3051 3055 
3 11287 6230 6174 
3 11370 9009 10557 
3 5743 6167 6084 
3 4222 3718 3452 
3 3548 4223 3898 
3 9751 4213 4118 
3 4479 4633 4708 
3 4137 4295 4133 
3 3802 3633 4076 
3 3807 4077 3635 
3 3807 3639 3992 
3 3905 3724 4316 
3 4082 4397 4317 
3 8756 4662 10883 
3 4762 2072 4774 
3 7304 7305 7082 
3 9591 11604 6135 
3 2683 2231 2320 
3 3641 4080 3906 
3 6006 2828 4821 
3 540 650 544 
3 10428 9205 11229 
3 3644 3906 3812 
3 2194 2447 8124 
3 3148 3224 3492 
3 1424 1079 4906 
3 1079 1424 2975 
3 10678 8945 11150 
3 1424 4906 1275 
3 3644 3812 3909 
3 10883 4692 5546 
3 4085 3726 3996 
3 8747 6129 5546 
3 3728 4156 3649 
3 429 2437 428 
3 48 5424 11724 
3 11761 7512 9233 
3 4055 11868 6632 
3 428 11564 11592 
3 6506 8143 7302 
3 428 11592 429 
3 5546 4692 8800 
3 3019 3360 3270 
3 10120 5018 8458 
3 8747 4588 8731 
3 3730 3914 3732 
3 3558 3821 3999 
3 11966 2945 11968 
3 5818 10859 4078 
3 2402 2324 2321 
3 3734 4162 3920 
3 3920 4003 3822 
3 4159 3733 4488 
3 3654 3655 3824 
3 4004 3922 3736 
3 3925 3826 3924 
3 3294 820 827 
3 3827 3927 4009 
3 4092 4095 3567 
3 1015 5083 6075 
3 3833 3474 3828 
3 1707 2116 2013 
3 4176 3839 3931 
3 4055 4023 11756 
3 11327 1026 10533 
3 2462 461 3363 
3 7795 8084 10795 
3 4781 4544 4393 
3 824 10973 5445 
3 4100 3933 3937 
3 3686 5911 4702 
3 3937 4018 4100 
3 672 932 4906 
3 932 1275 4906 
3 3842 3845 3938 
3 4296 4527 4604 
3 10722 11506 1099 
3 9838 10598 2076 
3 3745 3840 3934 
3 4024 4031 3846 
3 3939 3756 3855 
3 4020 3945 3941 
3 4857 8953 672 
3 3949 3848 4261 
3 3843 3749 3756 
3 66 58 9206 
3 3750 3846 4031 
3 4261 3848 3948 
3 5098 2677 9067 
3 5657 5641 323 
3 10026 11662 8318 
3 11715 7954 3896 
3 3954 4026 3855 
3 3953 3753 3952 
3 4027 3953 3952 
3 4030 4105 3487 
3 3753 3758 3952 
3 4522 8692 4511 
3 3758 3753 3668 
3 4119 3780 3783 
3 2590 2585 2584 
3 11297 11490 11527 
3 3954 4034 4026 
3 11500 11498 11165 
3 3857 4034 3954 
3 3856 4107 3955 
3 850 1902 11397 
3 4036 3857 3679 
3 8667 4822 3983 
3 5097 5094 5322 
3 9727 9941 9908 
3 11885 241 11429 
3 4035 4186 4034 
3 2989 2000 5017 
3 49 10745 11691 
3 446 8112 6383 
3 4037 3767 3960 
3 4647 4338 4255 
3 6543 6324 6223 
3 5854 5882 6010 
3 5187 4370 5966 
3 3509 3863 3964 
3 2723 3008 3090 
3 555 8902 9885 
3 3680 3966 3866 
3 4268 4186 4114 
3 1058 1136 1020 
3 8953 279 690 
3 3965 3773 3509 
3 10729 412 8547 
3 3688 3689 4117 
3 3689 3969 4117 
3 3779 3968 3969 
3 3866 3966 3867 
3 108 6831 3453 
3 4121 3871 3875 
3 3611 11570 6621 
3 5577 4005 10786 
3 4047 4119 3872 
3 4119 3783 3872 
3 3580 3394 3578 
3 9026 7737 3503 
3 3694 3695 3871 
3 3874 3972 4123 
3 3699 4048 3875 
3 4002 9206 58 
3 940 2429 5863 
3 3787 4128 3879 
3 3787 3880 4128 
3 975 7415 1825 
3 4101 7005 4112 
3 4123 4131 3874 
3 4206 3700 4131 
3 4127 3789 3786 
3 3979 3789 4127 
3 10786 4005 7400 
3 4053 3880 3881 
3 4057 3706 3978 
3 3786 4287 4127 
3 11364 10196 8562 
3 4217 4379 4139 
3 3978 4052 4057 
3 4841 4836 5046 
3 11106 3227 9028 
3 2359 2624 2717 
3 8914 3748 5738 
3 11501 11325 3466 
3 3791 3705 3981 
3 3981 4133 3791 
3 3885 3792 4061 
3 3950 3038 3050 
3 5167 10225 2210 
3 9513 9695 9512 
3 3885 3888 3712 
3 4215 3887 3897 
3 73 3201 59 
3 3539 4062 4224 
3 3539 4224 4072 
3 9670 2380 7961 
3 3452 3893 4220 
3 2464 6049 4266 
3 4111 9573 3974 
3 4535 4466 4217 
3 3635 4067 3716 
3 1875 7673 7675 
3 1412 539 2995 
3 11350 7673 1875 
3 2891 7059 3499 
3 3990 3806 4071 
3 4075 4223 3719 
3 3987 3641 3717 
3 3898 4384 3889 
3 8597 8547 7286 
3 8999 8995 9769 
3 11585 712 2685 
3 11067 6560 9476 
3 4076 4081 3991 
3 3724 3903 4316 
3 3463 3988 4147 
3 3135 3310 3581 
3 2471 3119 2667 
3 3906 3464 3641 
3 4237 3725 4238 
3 11092 7673 11350 
3 4956 4755 4952 
3 3906 4476 3812 
3 2870 10630 6899 
3 1047 2178 2170 
3 3646 3463 4147 
3 4238 3725 3645 
3 6903 6901 6698 
3 7907 7362 7247 
3 3652 3997 4000 
3 11501 11168 11325 
3 3909 3812 3995 
3 11084 1810 11263 
3 11609 4588 8800 
3 3427 3518 3872 
3 3997 3554 3908 
3 5575 7161 8014 
3 10630 11092 10538 
3 7737 3891 7905 
3 7736 4853 1342 
3 3819 3999 4090 
3 9464 11843 8638 
3 10630 10538 3286 
3 8473 594 2948 
3 3918 3651 4157 
3 3999 3821 3824 
3 2948 246 8473 
3 3469 3826 3913 
3 4157 4162 3918 
3 11897 10541 11741 
3 10708 11521 2699 
3 4162 4003 3920 
3 4960 5175 4958 
3 4250 4410 4413 
3 9103 1964 9646 
3 3922 4004 4091 
3 6156 10630 3286 
3 10180 11794 6197 
3 3736 4171 3828 
3 4170 3826 3925 
3 4098 3927 3832 
3 4336 3930 4493 
3 4013 4175 3740 
3 4011 4098 3832 
3 1852 3926 6963 
3 4432 2454 9804 
3 2380 1927 7961 
3 4255 3931 4253 
3 4256 4013 3932 
3 5608 8534 2421 
3 7341 10281 7378 
3 3506 3510 3773 
3 4015 3839 4176 
3 4100 4011 3933 
3 3994 3908 3276 
3 11001 11826 10212 
3 3978 2900 3430 
3 4913 4903 10235 
3 9090 5293 6885 
3 130 8084 4235 
3 3939 4019 3937 
3 4107 4031 4024 
3 8250 9943 2858 
3 4808 4807 4570 
3 7321 9084 10707 
3 4022 3945 4020 
3 6291 7125 7133 
3 4022 3942 3945 
3 4339 4022 4020 
3 6075 7458 9233 
3 4026 4019 3939 
3 10772 4723 8362 
3 3947 4261 3948 
3 4030 3487 3949 
3 4717 3878 6264 
3 3993 3809 3810 
3 4182 3952 3758 
3 7683 10890 10188 
3 8818 8799 2305 
3 4182 3758 3763 
3 4182 4106 3952 
3 4036 4035 4034 
3 3497 4037 4265 
3 4034 3857 4036 
3 1902 850 8174 
3 9223 5808 5831 
3 247 3901 10615 
3 10144 8694 130 
3 5807 7445 5577 
3 3268 3019 3270 
3 8188 1951 4704 
3 2986 3073 3333 
3 10656 7441 8257 
3 3772 4114 3770 
3 4186 3770 4114 
3 4125 6814 1052 
3 513 1527 7814 
3 3867 4114 3772 
3 2624 2899 3081 
3 4259 3938 4180 
3 2624 3081 2992 
3 9335 8946 9682 
3 10316 7065 7845 
3 8945 10678 10193 
3 259 2635 7719 
3 9084 7321 9088 
3 10790 818 7356 
3 6695 5011 10109 
3 5745 5643 2773 
3 9092 1119 6039 
3 6454 3735 2830 
3 5328 10679 10062 
3 4196 4123 3972 
3 3872 3971 4047 
3 3511 4563 7408 
3 4831 4942 5279 
3 4047 3971 4126 
3 3699 3973 4048 
3 1978 10645 7043 
3 4199 4126 3971 
3 1090 1064 2996 
3 9608 11183 9628 
3 8023 8501 9436 
3 1736 1613 1820 
3 4053 4128 3880 
3 11865 6656 9492 
3 10308 7852 11112 
3 4130 4053 3881 
3 3706 4057 3884 
3 3631 3535 3545 
3 3881 3890 4058 
3 3789 3790 3619 
3 2325 2336 4390 
3 3095 2911 3260 
3 4065 4210 4458 
3 4263 3363 3369 
3 3885 4061 3888 
3 3888 4061 4214 
3 2548 2918 2923 
3 3893 3629 4065 
3 3243 3241 10093 
3 5430 4759 4689 
3 6418 4909 5649 
3 4310 2481 10918 
3 10179 10183 10528 
3 3889 3630 3898 
3 3801 4139 3890 
3 11800 4984 11806 
3 4375 4211 4301 
3 4217 3801 4067 
3 4841 4749 4746 
3 4179 7292 4409 
3 1132 107 11440 
3 3661 7114 10876 
3 11944 11142 10353 
3 3802 4076 4230 
3 4313 4223 4075 
3 3641 3987 4080 
3 7114 2850 10876 
3 201 186 2245 
3 3903 4393 4316 
3 6502 8576 3396 
3 4079 3807 3992 
3 2431 2460 4928 
3 4082 3992 3993 
3 4079 4077 3807 
3 7493 4599 5786 
3 4319 4081 3811 
3 11132 9564 8759 
3 3993 3810 4151 
3 4149 4081 4319 
3 2431 3391 2460 
3 2343 2967 2708 
3 4086 4399 4238 
3 3171 3789 3251 
3 3801 4217 4139 
3 3908 3994 4152 
3 1379 1436 1604 
3 4152 3997 3908 
3 4156 4319 3911 
3 3909 4091 4004 
3 3819 4155 3728 
3 909 9091 10626 
3 3816 3913 4166 
3 4090 4155 3819 
3 9192 9387 9383 
3 3820 4157 3651 
3 4158 3824 4003 
3 4164 4158 4003 
3 4158 3999 3824 
3 4961 1530 514 
3 2309 11331 10128 
3 3913 3826 4166 
3 3816 4086 3645 
3 3202 4834 5684 
3 4345 4650 4501 
3 997 6480 6544 
3 4250 4095 4092 
3 4166 3826 4248 
3 4171 3736 3922 
3 3512 3333 3778 
3 4254 4009 3927 
3 3393 6775 11935 
3 4910 4655 4573 
3 11028 8608 6612 
3 4176 3931 4255 
3 4569 4336 4493 
3 67 10749 9471 
3 3696 3616 3520 
3 2574 9471 10749 
3 2256 7439 2309 
3 4015 4260 4024 
3 2403 2775 2233 
3 3200 2160 7242 
3 10308 8722 7852 
3 4181 4019 4026 
3 5104 4884 4554 
3 6643 6117 1797 
3 10808 11624 8378 
3 9067 8174 9847 
3 4028 4423 3953 
3 4180 3938 4022 
3 4341 4030 3949 
3 2811 676 9722 
3 4026 4034 4181 
3 4031 4107 3856 
3 96 68 95 
3 3763 4264 4182 
3 4019 4181 4018 
3 3497 4265 4264 
3 3191 3710 3264 
3 6103 5766 5343 
3 8174 850 2041 
3 187 11722 10717 
3 3958 3956 4349 
3 6114 3269 100 
3 8127 7193 7217 
3 9962 8118 6117 
3 3200 7242 3237 
3 3955 4348 3863 
3 1092 1014 1184 
3 3965 4190 3684 
3 10286 8705 10293 
3 4992 10810 4983 
3 5237 4808 4904 
3 3503 7737 7395 
3 3867 3966 4192 
3 5002 4495 4720 
3 4191 3966 3680 
3 5184 7530 3722 
3 1818 6117 8118 
3 8638 11057 10247 
3 3641 3464 3549 
3 11094 11901 10281 
3 5344 5481 5887 
3 4192 4114 3867 
3 4275 3780 4119 
3 4122 3691 3688 
3 3751 2903 3776 
3 8785 5373 3601 
3 4121 4045 3871 
3 3208 3473 3656 
3 3660 1798 8383 
3 4277 4438 4196 
3 4194 4444 3970 
3 10281 7820 10286 
3 2930 2954 2937 
3 5599 4474 8070 
3 10509 10531 11173 
3 6968 5184 3387 
3 11085 10276 1529 
3 2458 11173 10531 
3 3151 2277 5835 
3 4131 4123 4195 
3 9196 928 1983 
3 4593 4441 4671 
3 4052 3879 4200 
3 4195 4288 4131 
3 4290 4199 4051 
3 3857 3676 3679 
3 1096 6668 9108 
3 9178 9726 9715 
3 2012 3013 9092 
3 5201 8667 3983 
3 10256 11860 11865 
3 8791 11191 8537 
3 11824 1502 6063 
3 4295 4611 4525 
3 3218 3311 3140 
3 7905 3891 6 
3 7407 3586 2691 
3 10116 9245 8849 
3 3881 4058 4130 
3 3930 3928 4493 
3 4210 4065 3884 
3 10554 1276 8988 
3 1894 10912 131 
3 9166 11974 9677 
3 4061 4211 4214 
3 11157 9594 10377 
3 279 11805 8961 
3 6045 9026 3503 
3 4458 3893 4065 
3 7336 7674 7216 
3 4378 3893 4458 
3 6114 123 3280 
3 4215 3897 4306 
3 2804 4928 10327 
3 11072 7209 11067 
3 3545 3459 3273 
3 4306 3897 4143 
3 4062 3883 4209 
3 8879 11985 5079 
3 8989 178 1202 
3 11129 10101 11127 
3 11160 11162 9594 
3 2656 2221 2307 
3 7090 3395 3387 
3 10602 10096 10780 
3 4223 4384 3898 
3 4077 4067 3635 
3 667 4490 11898 
3 3988 4072 4543 
3 4077 4227 4067 
3 11057 11860 10250 
3 4852 4856 4532 
3 6045 3345 1587 
3 4313 4075 4237 
3 5137 3228 77 
3 11438 5509 2903 
3 10250 9477 11057 
3 3991 4081 4149 
3 4079 3992 4082 
3 10354 8879 10387 
3 3228 4174 77 
3 8168 11944 8757 
3 5509 3776 2903 
3 4549 4085 3996 
3 3727 4147 4239 
3 4443 4743 4197 
3 4240 3997 4152 
3 11624 4286 9234 
3 3995 4091 3909 
3 10803 7140 10561 
3 10648 9980 9982 
3 3650 3913 3816 
3 8637 9467 9455 
3 9455 9467 11032 
3 5654 772 1290 
3 4158 4090 3999 
3 3725 3365 3368 
3 3732 4242 3820 
3 4163 4162 4157 
3 4003 4162 4163 
3 4003 4163 4247 
3 4157 3820 4246 
3 6498 3742 3752 
3 11364 8562 5411 
3 10804 2684 10767 
3 4000 4167 4006 
3 4333 3826 4170 
3 4756 3759 3757 
3 4091 4169 3922 
3 3275 7090 1178 
3 10530 10444 10860 
3 4091 4330 4169 
3 3987 4144 4391 
3 4171 4173 3828 
3 3828 3928 3833 
3 3928 3828 4173 
3 9813 1587 3345 
3 3930 4336 3840 
3 3292 3567 3473 
3 4255 4253 4413 
3 7003 5851 4059 
3 4175 4013 4256 
3 4336 4337 3840 
3 4337 4020 3934 
3 6453 4905 11948 
3 6401 11948 4905 
3 11017 1039 2364 
3 9027 11607 9026 
3 4184 3293 1422 
3 3567 4006 4092 
3 10252 6453 7756 
3 6428 1508 10767 
3 4015 4024 3841 
3 10875 10535 2045 
3 7954 7932 2515 
3 4180 4022 4339 
3 5418 5683 5297 
3 4018 4501 4258 
3 3878 7013 6264 
3 4341 3949 4261 
3 3345 6864 10159 
3 1825 7415 7389 
3 6557 2952 3188 
3 4105 4349 3956 
3 1102 1077 71 
3 9534 2365 8715 
3 3067 3275 1178 
3 4348 4269 3863 
3 6261 4709 3876 
3 4191 3769 3958 
3 4037 3960 4270 
3 3966 4434 4192 
3 4191 4434 3966 
3 4192 4268 4114 
3 6117 1818 1797 
3 9617 9440 9256 
3 1696 11954 11508 
3 4117 4280 3688 
3 5706 5433 5843 
3 4122 3688 4280 
3 4276 4275 4119 
3 4276 4356 4275 
3 3844 3941 3590 
3 11709 10897 10108 
3 4197 4048 4443 
3 5440 8873 5424 
3 3361 3545 3273 
3 4045 4277 3972 
3 4943 10117 8989 
3 4277 4196 3972 
3 856 9962 6117 
3 3875 4281 4121 
3 3283 10555 2506 
3 7983 1164 6096 
3 8550 6141 11794 
3 4128 4292 4596 
3 8220 944 8246 
3 3971 4051 4199 
3 4292 4128 4053 
3 4630 9108 6668 
3 4292 4053 4203 
3 3786 3970 4287 
3 3763 3758 3314 
3 11079 11074 6720 
3 10750 9965 9951 
3 4053 4130 4203 
3 4523 4292 4203 
3 4207 4131 4288 
3 4206 4131 4207 
3 3396 8576 11500 
3 3503 6864 6045 
3 4448 4291 4133 
3 4209 4127 4366 
3 4603 4448 4295 
3 4225 4382 4143 
3 4206 4301 3704 
3 3455 2124 11379 
3 4132 4290 4051 
3 5124 5352 5625 
3 4210 3884 4057 
3 4210 4057 4369 
3 8704 1839 6961 
3 4372 4062 4209 
3 4215 4300 3887 
3 4133 4295 4448 
3 2945 6355 11968 
3 4377 4608 4058 
3 4375 4214 4211 
3 3704 4301 4211 
3 2377 3280 123 
3 4058 3890 4139 
3 4070 4214 4219 
3 4305 4219 4214 
3 3893 4378 4220 
3 4306 4143 4382 
3 4378 4308 4220 
3 4220 4311 4222 
3 9575 11144 2039 
3 4143 3802 4225 
3 4072 4224 4543 
3 4067 4385 4217 
3 3328 3680 3507 
3 254 237 177 
3 2394 10509 11173 
3 4472 4230 3991 
3 4077 4079 4227 
3 4543 4147 3988 
3 6096 6204 6009 
3 137 156 1918 
3 3990 4233 4393 
3 5970 6009 6204 
3 1587 8675 6045 
3 4392 4316 4544 
3 4391 4314 4080 
3 4166 4245 3816 
3 626 506 453 
3 9677 9653 9166 
3 5970 6204 9650 
3 9449 6678 6544 
3 4441 4126 4362 
3 4314 4476 4080 
3 4477 4237 4238 
3 4396 4152 3994 
3 3812 4476 4481 
3 4085 4151 3810 
3 4151 4397 4082 
3 11631 4185 3342 
3 7569 156 137 
3 8004 7130 7163 
3 5556 5886 5877 
3 5877 5886 6549 
3 5073 5902 320 
3 4245 4086 3816 
3 7983 8005 1164 
3 5373 9499 3657 
3 4240 4000 3997 
3 8378 11624 9234 
3 4090 4485 4155 
3 6150 11797 11793 
3 11793 11797 10978 
3 4328 4247 4163 
3 4247 4164 4003 
3 4171 4414 4173 
3 4326 3820 4325 
3 4175 4256 4416 
3 2377 123 4327 
3 4006 4167 4092 
3 4323 4483 4405 
3 3826 4333 4248 
3 4009 4488 3827 
3 4169 4408 4489 
3 4644 4171 4169 
3 4565 4009 4254 
3 3759 3766 5067 
3 4256 4259 4416 
3 4173 4493 3928 
3 10430 5369 7002 
3 305 10916 3685 
3 11160 11157 2141 
3 9580 7002 9705 
3 4255 4338 4176 
3 397 740 4531 
3 5063 9258 11641 
3 4415 4020 4337 
3 4337 3934 3840 
3 4254 3927 4098 
3 9686 7676 11881 
3 4052 4520 4057 
3 3685 10130 305 
3 4339 4020 4418 
3 4766 5078 5439 
3 4968 4763 5074 
3 6607 102 10868 
3 4259 4256 3932 
3 9686 11881 5584 
3 4020 4419 4418 
3 10293 10297 1728 
3 9091 2229 9056 
3 3345 3188 9813 
3 335 2364 5085 
3 3594 3945 3942 
3 4261 4423 4574 
3 1840 3406 7422 
3 10126 300 5674 
3 4030 4341 4349 
3 4346 4027 4106 
3 4027 3952 4106 
3 3587 3750 3591 
3 4347 4028 4027 
3 4427 4106 4182 
3 11001 10212 9425 
3 4264 4427 4182 
3 7763 4672 4675 
3 4675 7768 7763 
3 1387 5874 9650 
3 10818 8411 7543 
3 4348 3955 4107 
3 4349 4351 3958 
3 3981 3534 3886 
3 3863 4269 3964 
3 6938 7112 7178 
3 1387 9650 5548 
3 4269 4582 4190 
3 4269 4190 3965 
3 5135 3421 1566 
3 2059 1747 1984 
3 4582 4269 4348 
3 1105 1387 5548 
3 7835 11088 10294 
3 4434 4268 4192 
3 11416 9700 11419 
3 4273 4274 4509 
3 4355 4354 3968 
3 3868 4275 3968 
3 2878 2339 2697 
3 4122 4280 4194 
3 4273 4117 3969 
3 4670 4359 4440 
3 8306 11951 11238 
3 3625 3447 3257 
3 9211 10012 10788 
3 8776 7204 8423 
3 4359 4195 4440 
3 4196 4438 4440 
3 10749 67 2650 
3 55 4165 2290 
3 11183 9608 11980 
3 4165 23 2290 
3 1128 10046 1559 
3 4449 4361 4287 
3 3786 3692 3970 
3 11845 5851 2134 
3 3338 3244 3691 
3 8724 8744 3540 
3 10595 11280 2926 
3 484 352 407 
3 9226 6089 5548 
3 4290 4132 4296 
3 4455 4207 4294 
3 6009 7983 6096 
3 4454 4209 4366 
3 11681 10084 10076 
3 4024 4260 4340 
3 4209 3979 4127 
3 4130 4058 4608 
3 5271 8650 11967 
3 4207 4371 4206 
3 9201 8129 7685 
3 4209 4454 4372 
3 4209 3793 3979 
3 4133 3886 4137 
3 11017 10941 9374 
3 4300 4296 4132 
3 4372 4224 4062 
3 4527 4296 4300 
3 4214 4375 4305 
3 4459 4206 4371 
3 3013 8568 7201 
3 4304 4137 3889 
3 598 889 662 
3 2549 2548 2923 
3 10962 8544 8539 
3 6885 11967 10340 
3 4219 4144 4070 
3 8005 4586 1164 
3 5508 7112 5152 
3 4384 4304 3889 
3 5556 2429 10185 
3 4384 4313 4470 
3 6892 10407 750 
3 4222 4311 4387 
3 9376 9533 9172 
3 4385 4067 4227 
3 11686 4963 9305 
3 4225 3802 4230 
3 4313 4237 4315 
3 5296 10679 9295 
3 11648 11467 11293 
3 4472 3991 4473 
3 10679 5296 10062 
3 4621 4392 4701 
3 4531 1768 397 
3 4079 4082 4317 
3 4315 4237 4477 
3 4475 4620 4473 
3 4095 4250 4253 
3 4634 4485 4164 
3 4397 4151 4549 
3 4399 4477 4238 
3 4396 4710 4152 
3 4446 4449 4287 
3 9273 9507 10062 
3 3646 4147 3727 
3 11836 1407 1417 
3 10354 10387 3781 
3 4152 4710 4240 
3 5255 1724 10359 
3 3730 4239 4402 
3 5738 10058 11692 
3 4239 3730 3727 
3 4481 3995 3812 
3 4242 3914 4402 
3 4156 4479 4319 
3 4402 4551 4242 
3 632 693 4990 
3 4861 4965 4968 
3 4484 4246 4326 
3 7090 3367 1178 
3 829 3367 7090 
3 1018 1014 931 
3 4246 3820 4326 
3 4167 4000 4240 
3 3848 3583 3948 
3 4431 6173 8007 
3 4242 4325 3820 
3 4742 478 9902 
3 4151 4085 4549 
3 4250 4092 4406 
3 5194 4979 5589 
3 4092 4167 4406 
3 4488 4009 4565 
3 4330 4323 4405 
3 940 10185 2429 
3 4330 4091 4323 
3 716 6842 11954 
3 10185 940 11120 
3 3467 2582 2088 
3 8380 6769 10802 
3 6055 8456 10084 
3 9784 9268 9624 
3 5063 9273 9258 
3 4493 4173 4492 
3 3334 11561 1447 
3 4644 4414 4171 
3 4412 4175 4416 
3 4647 4255 4413 
3 3355 3720 3638 
3 10911 6915 9034 
3 4098 4011 4570 
3 5863 3067 11850 
3 4011 4258 4570 
3 4259 4180 4418 
3 3875 3697 3699 
3 4180 4339 4418 
3 4260 4015 4338 
3 4756 7653 3759 
3 2781 9103 1955 
3 8730 5287 10392 
3 8284 8308 4201 
3 4283 10905 9286 
3 4577 4107 4340 
3 10185 11741 10541 
3 11741 10185 4374 
3 11120 9882 10185 
3 10071 9882 11120 
3 4574 4341 4261 
3 300 10126 5578 
3 8651 8692 4522 
3 2712 226 9892 
3 4028 4503 4423 
3 4348 4107 4577 
3 4346 4347 4027 
3 4503 4028 4347 
3 10821 9234 4286 
3 4425 4423 4503 
3 4268 4345 4186 
3 7859 9642 9850 
3 3647 2506 10986 
3 11631 8411 10818 
3 4582 4348 4577 
3 4267 4265 4270 
3 4301 4459 4375 
3 4790 9409 4795 
3 9409 4790 7667 
3 5338 4887 4999 
3 8651 4522 4040 
3 3958 4351 4191 
3 3953 3754 3753 
3 2235 8381 3626 
3 4509 4274 4354 
3 4481 4483 4323 
3 4355 4275 4356 
3 4566 4413 4410 
3 11703 5527 9326 
3 4507 4434 4191 
3 3969 4274 4273 
3 4277 4121 4437 
3 4276 4047 4441 
3 7820 11080 7018 
3 5610 9133 5434 
3 4440 4195 4196 
3 11693 5266 5630 
3 4345 4501 4186 
3 5340 10186 6754 
3 10281 11080 7820 
3 4287 3970 4446 
3 6141 6230 11794 
3 9133 643 5434 
3 4359 4365 4288 
3 4050 4291 4285 
3 4592 4440 4438 
3 4519 4285 4291 
3 8364 9211 10808 
3 7532 10805 9209 
3 11703 9326 6056 
3 4292 4523 4600 
3 4287 4361 4127 
3 4371 4455 4685 
3 4605 4203 4528 
3 9305 10089 11686 
3 9305 9288 9303 
3 1634 647 6173 
3 4200 4520 4052 
3 1746 6892 10344 
3 8354 1069 1066 
3 7983 6009 7984 
3 4300 4215 4465 
3 4606 4300 4465 
3 4215 4306 4465 
3 4608 4528 4130 
3 4058 4139 4377 
3 4379 4377 4139 
3 9022 11570 3611 
3 4466 4462 4379 
3 4868 4865 4888 
3 3623 7783 8149 
3 4308 4311 4220 
3 4541 4071 4387 
3 9986 3097 520 
3 4388 4144 4219 
3 4385 4227 4695 
3 9186 3615 10000 
3 643 5584 5515 
3 4223 4313 4384 
3 4225 4230 4472 
3 9226 1093 6089 
3 4227 4231 4695 
3 3990 4071 4233 
3 301 363 284 
3 4385 4535 4217 
3 7551 7128 5881 
3 4316 4393 4544 
3 4391 4388 4314 
3 9029 1677 8130 
3 4475 4473 3991 
3 6354 2589 2578 
3 3790 3979 3793 
3 4394 4231 4317 
3 3615 9186 9981 
3 4317 4547 4394 
3 4317 4231 4079 
3 4545 4239 4147 
3 7043 10645 6967 
3 11576 8322 9983 
3 4397 4549 4785 
3 3994 3905 4396 
3 10460 5412 5385 
3 10592 9838 2076 
3 4479 4149 4319 
3 5962 11175 11977 
3 4990 693 5051 
3 4240 4710 4791 
3 9650 5874 5970 
3 319 339 341 
3 5201 7626 8697 
3 5962 8487 1636 
3 4484 4326 4554 
3 4483 4558 4405 
3 4550 4483 4481 
3 4484 4163 4246 
3 1093 9226 5542 
3 2615 2258 6200 
3 4783 4988 5325 
3 4479 4708 4629 
3 4329 4166 4248 
3 4408 4330 4564 
3 5756 5330 5753 
3 4640 4329 4407 
3 4410 4250 4406 
3 4408 4169 4330 
3 4489 4644 4169 
3 3715 3631 3545 
3 4412 4495 4643 
3 4414 4492 4173 
3 7676 9686 5931 
3 6401 8459 11113 
3 4258 4011 4100 
3 6866 6875 5578 
3 4415 4337 4569 
3 3237 3359 4110 
3 4499 4570 4258 
3 448 1275 932 
3 4259 3932 3938 
3 3603 6319 2731 
3 4128 4596 3879 
3 4944 5051 532 
3 4573 4340 4260 
3 6001 4904 5488 
3 11540 10736 9158 
3 11838 5874 1387 
3 5333 5334 4886 
3 4994 5333 4886 
3 693 5515 5653 
3 1253 1101 1304 
3 4345 4268 4435 
3 4340 4107 4024 
3 4584 4264 4267 
3 4427 4346 4106 
3 4264 4265 4267 
3 9951 9965 10718 
3 2411 8704 6961 
3 4615 4769 4773 
3 2971 2991 2989 
3 4191 4351 4507 
3 4863 5051 4944 
3 8489 11722 8485 
3 4268 4434 4435 
3 4355 4356 4589 
3 9870 11433 2370 
3 10513 9785 8116 
3 4276 4593 4356 
3 4275 4355 3968 
3 5403 4926 5262 
3 4437 4121 4281 
3 4836 4280 4668 
3 3366 3552 3364 
3 2125 2595 6542 
3 4121 4277 4045 
3 4123 4196 4195 
3 6754 9195 5340 
3 9575 7194 11949 
3 1863 1328 11708 
3 8000 6287 9749 
3 3153 9153 9577 
3 2975 4386 1079 
3 4490 667 6234 
3 9133 5584 643 
3 4596 4292 4600 
3 4749 4446 4746 
3 4821 5982 5990 
3 10342 10503 11205 
3 2964 369 159 
3 4863 4944 2964 
3 387 297 353 
3 2441 2537 2823 
3 4369 4754 4210 
3 2964 4944 369 
3 4014 7807 6125 
3 4873 4990 4863 
3 4127 4361 4366 
3 4296 4604 4290 
3 4525 4603 4295 
3 8958 10533 10519 
3 2528 11781 11410 
3 4051 3518 3618 
3 4132 3887 4300 
3 4528 4203 4130 
3 5074 5070 5433 
3 4301 4206 4459 
3 4456 4210 4754 
3 10180 9397 7695 
3 10682 11521 10708 
3 4371 4207 4455 
3 4686 4606 4465 
3 4811 1757 6870 
3 4375 4459 4305 
3 9160 7499 8308 
3 4462 4377 4379 
3 4532 4308 4378 
3 2304 1287 5518 
3 9123 6702 2972 
3 11521 10682 10702 
3 5880 5605 5216 
3 3905 4392 4396 
3 4329 4245 4166 
3 4611 4304 4613 
3 4536 4219 4305 
3 10496 11306 9728 
3 4388 4219 4536 
3 3905 4316 4392 
3 9670 7624 2380 
3 9288 11666 10061 
3 5039 4941 5393 
3 4315 4696 4313 
3 4231 4394 4622 
3 4697 4231 4622 
3 11856 11895 6471 
3 4701 4392 4703 
3 690 672 8953 
3 4233 4781 4393 
3 4314 4388 4698 
3 4547 4622 4394 
3 4479 4156 4633 
3 10682 11497 10670 
3 4314 4627 4476 
3 5103 5508 5152 
3 9903 10682 10670 
3 4746 4444 4194 
3 8124 7757 2194 
3 11482 10694 10656 
3 4667 9990 11633 
3 10408 10926 10583 
3 4481 4476 4627 
3 4402 4478 4711 
3 11596 11595 4205 
3 7002 5369 3610 
3 4482 4399 4245 
3 8576 6126 11498 
3 4633 4156 4155 
3 4631 4785 4549 
3 4551 4325 4242 
3 4883 4549 4792 
3 5197 5198 5086 
3 4399 4086 4245 
3 9976 8322 11573 
3 3988 3454 4072 
3 4548 4504 7062 
3 4557 4164 4247 
3 4634 4995 4485 
3 4164 4485 4158 
3 4240 4559 4167 
3 4328 4163 4486 
3 4248 4407 4329 
3 4558 4637 4405 
3 10796 4588 11609 
3 1971 2146 2667 
3 4562 4159 4488 
3 9113 9903 10644 
3 4562 3996 4159 
3 11376 9785 10513 
3 4564 4637 5116 
3 10644 2706 2711 
3 5202 5324 5206 
3 6641 8891 10623 
3 4416 4495 4412 
3 1530 4961 1554 
3 8505 4515 5336 
3 4254 4098 4570 
3 4495 4416 4419 
3 9947 4772 4788 
3 2720 11428 11602 
3 4503 4347 4580 
3 4569 4337 4336 
3 3216 2872 3046 
3 1424 1275 5934 
3 9320 6651 4025 
3 5220 4793 5218 
3 4900 4720 4419 
3 2813 1757 4811 
3 4654 4574 4423 
3 5130 10628 7418 
3 8168 7134 1969 
3 3152 7431 7923 
3 4345 4435 4576 
3 3061 1500 8986 
3 4427 4264 4584 
3 3930 3833 3928 
3 10211 1511 11849 
3 4582 4577 4655 
3 11416 7278 9700 
3 11914 11562 11912 
3 5144 5263 5026 
3 4270 4587 4267 
3 4616 4628 3521 
3 4768 1702 5949 
3 4582 4587 4190 
3 4116 4054 7446 
3 4354 4355 4665 
3 4589 4665 4355 
3 4662 4548 7062 
3 3862 4504 4420 
3 426 448 932 
3 4356 4593 4589 
3 1250 10260 10444 
3 4592 4438 4736 
3 4437 4281 4591 
3 11854 1577 11841 
3 4437 4663 4277 
3 426 932 704 
3 9153 10736 9577 
3 1487 1486 9021 
3 4746 4194 4280 
3 4592 4670 4440 
3 10694 10708 10718 
3 5124 4910 5352 
3 8891 8191 11090 
3 4047 4126 4441 
3 704 932 690 
3 1634 4431 3483 
3 4285 4745 4443 
3 4751 4950 4598 
3 4346 4580 4347 
3 4603 4753 4519 
3 4748 4452 4365 
3 4752 4596 4600 
3 10818 11606 4185 
3 4519 4448 4603 
3 11831 7378 1570 
3 4366 4361 4850 
3 4449 4850 4361 
3 6333 7968 6381 
3 4845 4520 4598 
3 4600 4523 4846 
3 4746 4446 4444 
3 3851 8640 6985 
3 244 218 11081 
3 5427 3603 2703 
3 4857 780 4823 
3 8472 5120 11696 
3 4455 4294 4524 
3 4760 4372 4454 
3 4529 4455 4524 
3 4529 4685 4455 
3 5400 5816 5540 
3 4378 4458 4456 
3 8223 10236 7201 
3 4207 4365 4294 
3 7370 11412 10937 
3 4378 4456 4532 
3 9530 1040 8428 
3 4469 4613 4304 
3 4456 4758 4532 
3 7579 3505 3522 
3 9286 10905 2426 
3 4769 4305 4614 
3 4387 4311 4766 
3 4766 4311 4308 
3 4536 4305 4769 
3 4537 4469 4470 
3 4384 4469 4304 
3 4391 4144 4388 
3 4472 4619 4225 
3 4617 4385 4695 
3 4233 4071 4541 
3 4469 4384 4470 
3 4224 4691 4543 
3 1902 9818 11397 
3 4392 4544 4703 
3 11657 11654 11652 
3 7554 1595 8439 
3 7978 652 9201 
3 7905 443 4235 
3 4543 4545 4147 
3 4926 5132 5262 
3 3606 3512 3778 
3 4481 4627 4550 
3 4936 4591 4738 
3 4327 1347 4343 
3 5852 4078 9286 
3 4692 10883 11389 
3 10572 1446 9014 
3 9029 9814 1677 
3 11449 2399 9113 
3 5184 7662 3387 
3 4240 4791 4559 
3 4632 4558 4483 
3 10513 8999 1431 
3 4632 4483 4550 
3 5288 5165 4744 
3 448 426 8694 
3 5078 5188 5435 
3 11476 10656 8257 
3 5103 5152 532 
3 4163 4484 4486 
3 4792 3996 4562 
3 4557 4247 4328 
3 11806 3291 6708 
3 3116 7602 4972 
3 4559 4799 4167 
3 2735 7932 11687 
3 2711 9113 10644 
3 448 8694 10144 
3 4406 4801 4410 
3 4642 4489 4408 
3 10568 8130 11371 
3 780 1079 10279 
3 3991 4230 4076 
3 9941 8012 9908 
3 4325 4554 4326 
3 4644 4492 4414 
3 4492 4568 4493 
3 5982 4821 4795 
3 4319 3811 3911 
3 8800 4692 11609 
3 11849 1506 11846 
3 8747 8800 4588 
3 4722 4492 4644 
3 4724 4725 4648 
3 4338 4647 4648 
3 3197 3201 4202 
3 4725 4260 4338 
3 10556 8114 1446 
3 704 690 279 
3 3378 1347 9078 
3 3053 2872 3216 
3 5018 10120 8447 
3 4650 4345 4651 
3 4499 4650 4809 
3 11964 3308 3131 
3 4345 4576 4651 
3 4340 4655 4577 
3 4579 4346 4427 
3 9400 10422 11867 
3 4425 4503 4658 
3 4658 4729 4425 
3 3202 5684 11494 
3 382 313 350 
3 4425 5010 4654 
3 4733 4580 5244 
3 4579 5244 4580 
3 3907 5684 2968 
3 7439 1450 2309 
3 11652 11986 4804 
3 10758 10416 10757 
3 4503 4580 4658 
3 4393 3903 3990 
3 5327 11608 11570 
3 4507 4731 4659 
3 11334 10543 8296 
3 448 10529 1275 
3 5162 4947 5392 
3 1517 1515 1580 
3 3201 3197 2308 
3 4509 4354 4664 
3 7156 6306 6273 
3 4837 4670 4592 
3 4591 4281 4197 
3 175 5468 632 
3 4743 4591 4197 
3 4276 4441 4593 
3 4591 4743 4738 
3 4910 5124 5125 
3 1629 6836 2602 
3 7084 9564 11132 
3 852 754 966 
3 6619 6629 7396 
3 4671 4441 4833 
3 1653 6194 7994 
3 4748 4365 4359 
3 4285 4519 4745 
3 4751 4598 4200 
3 672 780 4857 
3 1749 1907 1744 
3 4523 4677 4846 
3 11836 4897 8307 
3 4604 4761 4757 
3 11806 10137 11800 
3 4823 10279 594 
3 4605 4677 4523 
3 4606 4604 4527 
3 4679 4605 4528 
3 4681 4524 4674 
3 11424 3896 7954 
3 4462 4680 4608 
3 11885 3838 241 
3 9244 2771 11898 
3 4459 4614 4305 
3 5394 10243 9207 
3 5915 246 2287 
3 5394 9574 10243 
3 4465 4382 4770 
3 5400 5540 5046 
3 4613 4469 4689 
3 3050 116 125 
3 7917 11289 6198 
3 9238 8665 9048 
3 3090 3449 3002 
3 4617 4535 4385 
3 4770 4690 4465 
3 4537 4689 4469 
3 5540 6249 6044 
3 4213 9028 11533 
3 6001 5623 5237 
3 6113 2966 1926 
3 4492 4722 4568 
3 4470 4313 4696 
3 4537 4767 4689 
3 11723 11940 3738 
3 1332 3744 6383 
3 5711 5714 3504 
3 4699 4233 4541 
3 4543 4691 4618 
3 5112 5609 5611 
3 4629 4620 4475 
3 2694 2790 2409 
3 2515 7932 11630 
3 9320 9343 5913 
3 3738 11885 11548 
3 11364 1422 2254 
3 4701 4703 4778 
3 4544 4781 4703 
3 4514 7979 7694 
3 10359 8736 5255 
3 4190 4270 3684 
3 4547 4397 4624 
3 4314 4872 4627 
3 5324 5319 5592 
3 4149 4479 4629 
3 4624 4397 4785 
3 4547 4706 4622 
3 10580 9807 11376 
3 4478 4239 4545 
3 4551 4711 4879 
3 7947 9022 3611 
3 3691 4122 3970 
3 4879 4880 4551 
3 4880 4325 4551 
3 7449 10740 7439 
3 4487 4482 4245 
3 4184 6883 11166 
3 532 615 369 
3 11276 8916 7229 
3 4998 4559 4791 
3 4558 4632 4555 
3 4555 4632 4713 
3 3996 4792 4549 
3 4716 4558 4555 
3 4999 4329 4640 
3 11588 11644 11630 
3 10627 11431 7947 
3 4564 4642 4408 
3 4802 4566 4801 
3 5226 4565 5117 
3 4565 4254 4807 
3 4647 4413 4566 
3 2387 2461 2302 
3 4178 8306 11938 
3 4833 4441 4362 
3 805 1815 1848 
3 4238 3645 4086 
3 4049 11565 5841 
3 4074 8183 4834 
3 8902 555 8013 
3 4573 4725 5008 
3 4260 4725 4573 
3 2048 2055 2030 
3 4651 4727 4650 
3 4654 4813 4574 
3 8791 8537 10391 
3 4396 4784 4710 
3 3661 10799 7114 
3 4621 4784 4396 
3 10644 9903 10670 
3 3760 11539 4420 
3 3925 4175 4170 
3 4423 4425 4654 
3 4569 4900 4415 
3 4753 4603 4678 
3 4659 4576 4435 
3 8354 1066 7638 
3 8833 6041 8525 
3 7404 11090 8191 
3 11607 3891 7737 
3 4733 4658 4580 
3 3466 10585 2124 
3 4659 4435 4507 
3 4660 4427 4584 
3 7062 4504 11574 
3 5344 5000 5481 
3 1047 2170 6353 
3 4730 4912 4731 
3 1870 8002 3443 
3 7629 6754 10186 
3 11733 11532 11029 
3 4354 4737 4664 
3 4354 4665 4737 
3 4668 4509 5047 
3 2635 9667 2679 
3 4736 4825 4734 
3 4665 4589 4831 
3 10629 3907 3896 
3 3879 4596 4200 
3 3370 4266 4272 
3 4504 3862 11574 
3 4739 4593 4740 
3 4941 4738 4743 
3 4593 4671 4740 
3 11490 11297 1900 
3 8995 7316 9766 
3 6775 6078 1502 
3 4351 4349 4731 
3 4751 4200 4596 
3 6936 7055 6846 
3 4745 4743 4443 
3 4744 4748 4670 
3 4748 4359 4670 
3 11084 11263 11466 
3 4037 4270 4265 
3 1619 8744 1616 
3 4752 4751 4596 
3 3901 933 3771 
3 5165 4674 4748 
3 8764 9026 6045 
3 5613 5115 4893 
3 3907 11715 3896 
3 4840 4519 4753 
3 11726 11719 11363 
3 1023 4560 3838 
3 9986 9947 6499 
3 443 130 4235 
3 9696 3974 9573 
3 6862 8055 8175 
3 5180 4366 4850 
3 10031 2033 3034 
3 6802 3188 2952 
3 4678 4603 4525 
3 9759 8834 9924 
3 11412 7370 9848 
3 3973 3701 4050 
3 4605 4679 4677 
3 10519 8951 8958 
3 4758 4456 4754 
3 5278 3424 3432 
3 4681 4674 5070 
3 7100 9594 11162 
3 4956 4754 4755 
3 10428 11229 7980 
3 10071 11689 7446 
3 4681 4763 4529 
3 3387 829 7090 
3 4613 4689 4759 
3 4459 4371 4764 
3 4763 4765 4529 
3 4529 4765 4685 
3 4758 4852 4532 
3 3387 7662 829 
3 4688 4224 4372 
3 4686 4465 4690 
3 4764 4685 4965 
3 2746 2850 7114 
3 6298 11918 10312 
3 4459 4764 4614 
3 4763 4968 4765 
3 2982 2714 2806 
3 4615 4773 4698 
3 2929 11963 8060 
3 11013 10834 10828 
3 4691 4224 4688 
3 4388 4536 4615 
3 3505 3483 4431 
3 5078 4766 4856 
3 4770 4619 4974 
3 10731 4797 2611 
3 4856 4766 4308 
3 10362 8759 9575 
3 5511 5524 5382 
3 4619 4472 4975 
3 8041 4417 11871 
3 9355 2415 8778 
3 4695 4231 4697 
3 4975 4473 4620 
3 4697 4622 5096 
3 4701 4778 4775 
3 8369 8359 3203 
3 4399 4482 4477 
3 4853 1321 1342 
3 4699 4870 4233 
3 4622 4706 5096 
3 5050 5551 5828 
3 4975 4472 4473 
3 11676 1583 5077 
3 1840 7422 9204 
3 4878 4315 4477 
3 4629 4783 4620 
3 8459 8426 11113 
3 11835 10024 1418 
3 4629 4475 4149 
3 2597 5787 400 
3 4708 4783 4629 
3 4621 4701 4776 
3 1691 1688 2661 
3 4883 4877 4631 
3 3052 11640 3817 
3 4478 4545 4875 
3 4785 4631 4874 
3 8318 10024 10026 
3 10333 10144 6295 
3 8692 8731 4511 
3 4784 4621 4869 
3 8511 1587 9813 
3 7954 11715 7932 
3 8675 1587 8511 
3 4550 4872 4786 
3 9182 9179 9981 
3 4878 4477 4482 
3 9227 11124 6039 
3 4786 4632 4550 
3 11371 1362 10568 
3 4631 4549 4883 
3 11001 9425 10209 
3 4995 4633 4485 
3 4995 4886 4633 
3 4632 4786 4713 
3 4891 4634 4557 
3 400 1509 2597 
3 4486 4793 4796 
3 4164 4557 4634 
3 4715 4716 4555 
3 682 689 2885 
3 5116 4637 4716 
3 4562 4488 4798 
3 4406 4799 4801 
3 4798 4488 4565 
3 4642 4898 4805 
3 11589 2995 11612 
3 5117 4565 4807 
3 837 810 10616 
3 4800 4407 4643 
3 1090 10590 11284 
3 4805 4644 4489 
3 5233 4644 4805 
3 7457 4468 10454 
3 4650 4727 4809 
3 4902 4568 4722 
3 4902 4569 4568 
3 4902 4900 4569 
3 4419 4720 4495 
3 4078 5805 5818 
3 7845 11925 10316 
3 164 1918 156 
3 4808 4570 4809 
3 4647 4566 5003 
3 4720 4900 4806 
3 6239 3853 3831 
3 11294 1260 2906 
3 3363 11824 3369 
3 4727 4651 4652 
3 4340 4573 4655 
3 4851 5430 5840 
3 4659 4652 4576 
3 1947 11928 6182 
3 5010 4814 4654 
3 7581 7475 7368 
3 9608 4819 8525 
3 11272 3013 7201 
3 5333 4994 5754 
3 4349 4730 4731 
3 4195 4359 4288 
3 2454 3378 9078 
3 4660 4579 4427 
3 4656 4582 4655 
3 10373 11157 10377 
3 4736 4663 4828 
3 5047 4509 4664 
3 4664 4737 5043 
3 4737 4665 4831 
3 1119 3013 11272 
3 10128 8945 10193 
3 8449 3760 8484 
3 4668 4280 4273 
3 4584 4267 4661 
3 6899 10630 6006 
3 4731 4912 4659 
3 4668 5047 4836 
3 4739 4831 4589 
3 5047 4664 5043 
3 4864 10020 8267 
3 4833 4939 4671 
3 7201 10236 11267 
3 3438 1568 6997 
3 7185 2105 3797 
3 4739 4589 4593 
3 10554 8988 7313 
3 10803 3294 827 
3 4747 4833 4362 
3 7675 11362 1875 
3 1663 1665 7083 
3 4338 4648 4725 
3 4369 4451 4754 
3 7729 4903 1816 
3 4736 4734 4592 
3 4749 5171 4449 
3 4080 4476 3906 
3 4752 4600 4949 
3 4850 4449 4844 
3 11084 11414 1810 
3 746 10236 10876 
3 9452 8513 8515 
3 4678 4848 4753 
3 7914 10373 10377 
3 5584 5653 5515 
3 10876 10153 746 
3 5180 4454 4366 
3 11871 4417 2773 
3 2124 3455 11537 
3 1414 1516 1635 
3 4760 4454 5180 
3 4763 4681 5074 
3 2850 10153 10876 
3 4851 4678 4525 
3 4851 4525 4759 
3 8845 11267 10236 
3 11229 6041 8833 
3 2900 3978 3173 
3 310 254 253 
3 4965 4685 4765 
3 3300 3067 1178 
3 2520 2458 719 
3 4532 4856 4308 
3 10 6802 2952 
3 4965 4769 4614 
3 4614 4764 4965 
3 3935 10332 7852 
3 3467 4373 9767 
3 2752 625 9850 
3 10353 11142 8775 
3 4080 3987 4391 
3 2952 4417 8041 
3 4690 4770 4862 
3 2712 9892 2746 
3 4535 4617 4860 
3 4860 4859 4535 
3 4619 4770 4382 
3 6219 2780 4496 
3 4537 4470 5312 
3 2966 6113 6115 
3 4597 380 5787 
3 4966 4618 4691 
3 5584 11881 5653 
3 4695 4979 4617 
3 3895 2976 4832 
3 4644 5233 4722 
3 5430 4689 4767 
3 4697 5096 4979 
3 4872 4698 4985 
3 2602 6836 1647 
3 5832 5930 6040 
3 6600 7357 10580 
3 8705 7051 10297 
3 4543 4978 4545 
3 4618 4978 4543 
3 4698 4872 4314 
3 6283 5977 6170 
3 4703 4781 4780 
3 4978 4875 4545 
3 8250 4804 3094 
3 265 184 9672 
3 2670 3674 3670 
3 4870 4781 4233 
3 4624 4785 5212 
3 7909 1924 164 
3 5334 4988 4708 
3 4708 4988 4783 
3 4874 4631 4877 
3 10012 10970 10788 
3 7858 8801 3098 
3 10071 11120 11689 
3 4784 5106 4710 
3 4601 11871 7759 
3 5517 5388 5648 
3 4791 4710 5106 
3 4482 4887 4878 
3 9728 8916 11290 
3 7059 625 2752 
3 4246 4163 4157 
3 4793 4554 4884 
3 4633 4886 4708 
3 4789 9300 7590 
3 2952 8041 10 
3 4715 4713 4993 
3 4484 4554 4793 
3 4484 4793 4486 
3 7957 10316 1862 
3 758 4539 2726 
3 4637 4558 4716 
3 4557 4328 4796 
3 4891 4557 4796 
3 4889 4634 4891 
3 8558 10978 11797 
3 4554 4325 5104 
3 4715 4555 4713 
3 5337 4792 4996 
3 11730 11883 11365 
3 4996 4792 4997 
3 4893 4799 4559 
3 4566 4410 4801 
3 3230 11046 335 
3 4999 4640 4800 
3 4798 4565 5226 
3 4719 4800 4643 
3 4642 4805 4489 
3 2574 7047 9471 
3 10543 10568 8296 
3 5001 4719 4643 
3 4802 5003 4566 
3 2520 6872 11195 
3 5495 5497 5251 
3 4495 5002 5001 
3 5229 5001 5482 
3 5003 4648 4647 
3 4901 4902 4722 
3 689 6913 6035 
3 10496 9728 11290 
3 3443 2675 6146 
3 11537 3466 2124 
3 3947 3953 4423 
3 8717 10308 11108 
3 4904 4809 4727 
3 4754 4956 4758 
3 11416 4038 7278 
3 5547 8717 7051 
3 4652 5009 4727 
3 4814 4813 4654 
3 5241 4915 5125 
3 8787 3609 43 
3 8118 9962 6182 
3 6182 11928 8118 
3 4720 4806 5002 
3 3397 941 1805 
3 5388 5390 5384 
3 3875 4048 4281 
3 10312 11918 7814 
3 4912 5239 4659 
3 4197 4281 4048 
3 5241 5013 4584 
3 4587 4915 4661 
3 4584 5013 4660 
3 11673 9295 10679 
3 5126 4658 4733 
3 4582 4656 4587 
3 2747 2767 5911 
3 4816 4818 4817 
3 4929 4818 4816 
3 4931 4824 4929 
3 4929 4824 4818 
3 4813 4730 4574 
3 11120 940 11850 
3 5275 4825 4736 
3 3481 2873 3217 
3 6910 8558 10979 
3 11088 7835 8689 
3 5315 5082 5080 
3 6926 6544 6480 
3 4736 4828 4935 
3 11156 10373 9604 
3 5040 4671 4939 
3 2607 2603 1509 
3 805 1848 2894 
3 680 3543 8636 
3 5438 3586 3596 
3 4809 4570 4499 
3 5279 5043 4831 
3 4833 4835 4934 
3 102 6607 1877 
3 11085 7809 10276 
3 4390 6646 10070 
3 8404 8575 8962 
3 4833 5035 4939 
3 1096 11987 10380 
3 4745 5159 4743 
3 3960 3502 3684 
3 4833 4747 4839 
3 5165 4748 4744 
3 6366 6363 5537 
3 4751 4752 4947 
3 4840 4753 5062 
3 1276 10556 10486 
3 152 2376 166 
3 4950 5162 5061 
3 4757 4747 4604 
3 4952 4755 4845 
3 5419 5821 5819 
3 4677 4679 4846 
3 4449 4446 4749 
3 4850 4844 5066 
3 5292 5062 4848 
3 10366 9604 8775 
3 5064 4956 4952 
3 4679 4680 4958 
3 1978 7043 8107 
3 3738 11940 1023 
3 4986 4991 4786 
3 5071 4761 4855 
3 5074 4681 5070 
3 331 409 430 
3 11780 5380 10951 
3 8380 10802 8368 
3 4687 4960 4680 
3 4372 4760 4854 
3 11177 3199 7952 
3 4688 4372 4854 
3 2462 4249 2450 
3 712 2798 1720 
3 4606 4761 4604 
3 3922 4169 4171 
3 4687 4859 5183 
3 9166 9653 9096 
3 4982 11737 6631 
3 4691 4688 4966 
3 4642 4564 5116 
3 4861 4773 4769 
3 4974 4619 4975 
3 4974 4862 4770 
3 5194 4617 4979 
3 1919 4673 1897 
3 5582 4470 4696 
3 6414 1775 929 
3 4966 4978 4618 
3 423 400 11278 
3 3740 3932 4013 
3 5200 4985 4698 
3 2685 1691 2661 
3 3605 2613 434 
3 210 8866 214 
3 11636 7759 5643 
3 7474 9965 10750 
3 4696 4315 5597 
3 5876 5873 5465 
3 2984 11973 11463 
3 4778 4703 5095 
3 4870 4780 4781 
3 4989 5096 4706 
3 11843 9464 9454 
3 4872 4986 4786 
3 4989 4706 4624 
3 5100 4877 5101 
3 7327 6506 5636 
3 8459 2095 8426 
3 7538 8108 7751 
3 4877 5100 4874 
3 4878 4887 5214 
3 4478 4875 4879 
3 5063 11641 1277 
3 9449 9455 11032 
3 10636 8371 5786 
3 10301 10817 10302 
3 2472 1403 257 
3 6934 3917 3916 
3 4704 1951 2095 
3 1640 449 4705 
3 4883 4792 5107 
3 5220 4891 4796 
3 4988 5460 5325 
3 4796 4793 5220 
3 4634 4889 4995 
3 4886 4995 4994 
3 8608 7742 6612 
3 9435 9449 6544 
3 4999 4887 4487 
3 5115 4799 4893 
3 4715 4993 4716 
3 4801 4799 5115 
3 5478 4898 5116 
3 431 4078 11568 
3 4796 4328 4486 
3 4407 4800 4640 
3 1127 1394 7309 
3 7051 8717 10297 
3 5004 4900 4902 
3 4806 4900 5004 
3 4722 5233 4901 
3 4808 4809 4904 
3 11979 3062 4742 
3 294 5676 2490 
3 4096 4108 7512 
3 5907 4750 3739 
3 4910 4656 4655 
3 4167 4799 4406 
3 7980 11229 8833 
3 8005 10280 4586 
3 8188 4586 10280 
3 8043 6327 1186 
3 4317 4397 4547 
3 4661 4915 5241 
3 4584 4661 5241 
3 9466 4578 3448 
3 3374 3281 3646 
3 6547 2524 2500 
3 5690 10985 2169 
3 5014 4579 4660 
3 7204 8776 7278 
3 4816 4817 5015 
3 5824 5634 2700 
3 4919 4923 4816 
3 5321 5044 4021 
3 4015 4176 4338 
3 5378 5023 5268 
3 4940 5147 4818 
3 4926 4930 4923 
3 4923 4930 4929 
3 5028 5023 5025 
3 5026 4818 5147 
3 4930 4931 4929 
3 5043 5401 5045 
3 4818 4824 4940 
3 5275 4736 4935 
3 7204 7180 8423 
3 5154 4931 4930 
3 4931 5050 4940 
3 4936 5389 5037 
3 9455 7768 8637 
3 5036 4935 4828 
3 3490 2524 6547 
3 4737 4831 5043 
3 9965 9139 10718 
3 4353 4370 5187 
3 8423 7180 8149 
3 4931 4940 4824 
3 7590 4552 4789 
3 2602 4426 5316 
3 5412 10232 2296 
3 5665 5417 5408 
3 6281 2874 4561 
3 7188 10466 10287 
3 4739 4740 4942 
3 5040 4740 4671 
3 4390 2336 6646 
3 7188 10287 7118 
3 579 395 541 
3 7104 9594 7100 
3 4836 5047 5046 
3 4833 4839 4835 
3 11791 5395 10962 
3 4747 4362 4604 
3 9902 6440 4742 
3 175 4882 5076 
3 8455 8103 9212 
3 429 11592 11621 
3 4839 4747 5163 
3 5169 4749 4841 
3 3277 3193 3331 
3 693 1127 5051 
3 11963 2944 8072 
3 5415 5163 4757 
3 4743 5159 4941 
3 5103 5051 1127 
3 4598 4950 4845 
3 4751 4947 4950 
3 9126 11745 303 
3 4949 5390 5053 
3 8595 8589 8588 
3 11080 7341 7797 
3 8544 10962 5395 
3 4674 5165 5065 
3 2211 2132 1886 
3 11902 11543 11749 
3 11876 5970 5874 
3 5062 4753 4848 
3 7934 7937 8513 
3 4950 4952 4845 
3 3300 11689 11850 
3 3834 1098 11257 
3 4674 5065 5070 
3 10460 5385 1906 
3 5851 7003 4083 
3 4757 5071 5415 
3 607 573 527 
3 4680 4960 4958 
3 10333 10529 448 
3 827 5477 7140 
3 5474 7140 5477 
3 3811 3366 3284 
3 5549 5176 5065 
3 5436 5300 5307 
3 11636 5643 2194 
3 9026 11607 7737 
3 5304 4854 4760 
3 11629 11960 1213 
3 4855 4686 4690 
3 4967 5074 5191 
3 5325 5097 4783 
3 11768 8524 10942 
3 4690 4862 5437 
3 4514 2837 1059 
3 10353 8757 11944 
3 515 8524 11768 
3 8072 8060 11963 
3 6010 1625 9632 
3 4769 4965 4861 
3 5439 5199 4766 
3 6314 8025 8037 
3 4862 4974 4971 
3 5312 4470 5582 
3 6958 7025 1631 
3 6567 6359 6349 
3 4975 5322 4974 
3 4698 4773 5200 
3 8037 1186 6314 
3 5087 4776 5088 
3 3284 3366 3282 
3 5319 5324 5202 
3 4869 4776 5087 
3 5326 4869 5087 
3 5203 5092 5095 
3 4783 5097 4620 
3 6915 3508 7264 
3 9366 5397 7662 
3 4699 5090 4870 
3 4703 4780 5095 
3 7756 6453 10323 
3 5213 4784 4869 
3 508 715 552 
3 7757 11636 2194 
3 2703 1735 9274 
3 4869 4621 4776 
3 3099 3191 2915 
3 9929 1754 726 
3 4624 5212 4989 
3 6374 11969 1332 
3 5212 4785 4874 
3 6444 4068 5703 
3 1064 1090 11284 
3 4844 5171 5294 
3 10332 7866 10337 
3 4985 4986 4872 
3 5107 5101 4877 
3 269 8025 4590 
3 4478 4879 4711 
3 4875 5102 4879 
3 4991 4713 4786 
3 5215 4880 5102 
3 5215 5104 4880 
3 5010 4425 4729 
3 5653 7337 1394 
3 2818 5238 5986 
3 4708 4886 5334 
3 9486 8847 9201 
3 578 618 579 
3 5337 5107 4792 
3 5604 4791 5106 
3 4891 5602 4994 
3 4994 4995 4889 
3 4889 4891 4994 
3 8447 3261 5018 
3 4993 5112 4716 
3 4999 4800 5339 
3 569 486 600 
3 5116 4716 5112 
3 11142 11944 8342 
3 4997 4798 5113 
3 5113 4798 5226 
3 5317 9207 9027 
3 6477 6042 2376 
3 3033 4342 1732 
3 4828 4663 4437 
3 369 615 433 
3 6036 5918 5812 
3 5339 4800 4719 
3 5653 1394 1127 
3 4806 5236 5002 
3 5000 5003 4802 
3 3152 9718 3086 
3 5002 5234 5482 
3 5006 5622 5121 
3 7321 7329 5675 
3 1754 9929 2726 
3 4648 5006 4724 
3 772 5342 1290 
3 1963 152 11110 
3 10144 130 443 
3 5123 5350 5352 
3 10076 10084 8456 
3 4228 2859 890 
3 6751 6949 6750 
3 5934 6849 1424 
3 5123 5349 5350 
3 5527 10113 9326 
3 10200 10990 10209 
3 4730 4813 4912 
3 4652 4659 5009 
3 1127 7309 5508 
3 4729 5012 5010 
3 4915 4587 4656 
3 5014 5244 4579 
3 5000 4801 5115 
3 5013 5014 4660 
3 5126 4729 4658 
3 10557 3283 11370 
3 960 848 961 
3 10601 97 2163 
3 5608 4822 8534 
3 4817 5021 5015 
3 693 5653 1127 
3 5103 1127 5508 
3 10084 11703 6055 
3 5024 5138 5133 
3 5252 5132 4919 
3 6754 495 5221 
3 2759 2852 2391 
3 5132 4923 4919 
3 5138 5023 5020 
3 5020 5023 5140 
3 3939 3855 4026 
3 4817 5026 5021 
3 5062 5669 5160 
3 5024 5025 5138 
3 4926 4923 5132 
3 10707 5747 7329 
3 11596 9989 11595 
3 5024 5027 5025 
3 5152 7112 6938 
3 5025 5023 5138 
3 5434 6839 5610 
3 5025 5027 5028 
3 5026 4817 4818 
3 5028 5268 5023 
3 9288 9305 4963 
3 10529 5934 1275 
3 6938 615 5152 
3 5027 5274 5028 
3 4186 4181 4034 
3 8454 6807 7590 
3 5028 5151 5268 
3 5147 5146 5026 
3 5274 5151 5028 
3 10670 11484 10644 
3 10196 10200 8562 
3 10164 5366 5793 
3 7671 6768 8635 
3 6754 5221 9195 
3 4825 5275 5386 
3 5963 5724 5442 
3 4825 5391 4734 
3 4934 5035 4833 
3 5105 10242 3084 
3 4757 4761 5071 
3 7574 9258 9273 
3 11449 11342 2399 
3 11915 6009 11078 
3 4518 4530 11107 
3 8124 7929 7757 
3 5039 4738 4941 
3 5045 5047 5043 
3 10186 5340 1153 
3 6458 8875 854 
3 11666 4735 10061 
3 5211 5467 5755 
3 5154 5550 4931 
3 11658 6786 7576 
3 106 39 76 
3 8107 5383 8264 
3 6826 7367 6823 
3 4416 4418 4419 
3 54 4873 4863 
3 5550 5050 4931 
3 8430 8411 4552 
3 5159 5399 4941 
3 8275 7454 10722 
3 11909 7398 2332 
3 5234 5764 6104 
3 1527 6940 7814 
3 5163 5157 4839 
3 6207 5413 9419 
3 4518 4517 6245 
3 3277 1770 6513 
3 4949 5053 4752 
3 6963 3894 1852 
3 11085 11086 6267 
3 10279 1079 4386 
3 6433 10529 10333 
3 4846 5172 4949 
3 5064 4952 5061 
3 11323 9693 4514 
3 9366 10985 10425 
3 4679 4958 4846 
3 10708 10694 11497 
3 5396 5291 5416 
3 4956 5064 5178 
3 5176 5070 5065 
3 5178 5186 4956 
3 3513 4445 664 
3 8118 11928 1818 
3 5305 5071 4855 
3 3409 3593 3322 
3 5180 5304 4760 
3 644 10 11929 
3 4852 4956 5186 
3 8043 6335 6327 
3 4687 5183 4960 
3 7952 3199 7147 
3 5191 5074 5433 
3 8378 8364 10808 
3 5437 4855 4690 
3 2948 594 6260 
3 2589 6168 2578 
3 5598 2472 3405 
3 9366 3974 9696 
3 5307 5183 4859 
3 4759 4525 4611 
3 9130 3033 1732 
3 2948 3800 246 
3 4860 5194 5192 
3 5188 5078 4856 
3 2793 2876 2413 
3 5194 4860 4617 
3 10348 11140 7780 
3 6958 5122 7025 
3 9207 11607 9027 
3 11832 1835 4616 
3 9207 10243 11607 
3 5086 5087 5088 
3 5197 5086 5088 
3 10818 7539 11606 
3 4699 4541 5199 
3 5082 4967 5080 
3 4974 5322 5449 
3 10201 2804 6422 
3 5092 4778 5095 
3 4775 5088 4776 
3 4979 5096 5589 
3 4588 11598 4511 
3 1926 3943 6093 
3 9874 11975 9868 
3 4869 5326 5213 
3 2928 9929 2835 
3 6506 7302 7240 
3 4362 4199 4290 
3 4780 5090 5095 
3 7518 10012 5978 
3 5732 5319 5315 
3 5090 4780 4870 
3 5906 5909 5502 
3 11738 10130 5336 
3 4991 5217 4993 
3 5461 4874 5462 
3 5459 5462 5100 
3 11533 9028 10727 
3 4713 4991 4993 
3 6280 4386 6421 
3 5821 5419 5422 
3 5215 5102 4875 
3 4883 5107 4877 
3 3094 4804 11986 
3 5698 5428 5836 
3 6866 2922 6875 
3 5211 5101 5467 
3 2762 5496 4572 
3 4559 4998 4893 
3 5218 4884 5332 
3 4793 4884 5218 
3 8221 8219 8222 
3 4968 5074 4967 
3 4887 5606 5214 
3 5389 4936 5039 
3 5759 5609 5758 
3 2358 11558 435 
3 4980 3946 3967 
3 4944 532 369 
3 50 969 5453 
3 4805 4898 5230 
3 5220 5602 4891 
3 4719 5001 5229 
3 2840 2748 2921 
3 5482 5001 5002 
3 4437 4591 4828 
3 5236 4806 5004 
3 5234 5002 5236 
3 5344 5003 5000 
3 443 2340 10144 
3 4808 5348 5235 
3 4724 5006 5121 
3 5123 5121 5349 
3 5235 5348 5620 
3 4748 4674 4452 
3 5008 5352 4910 
3 5123 5352 5008 
3 5009 4659 5239 
3 5239 4912 4813 
3 2340 443 679 
3 7882 351 1229 
3 4656 4910 4915 
3 1694 11073 7676 
3 4501 4018 4181 
3 5490 5491 5244 
3 5247 5015 5246 
3 6312 5991 5166 
3 7645 5994 8866 
3 7363 7365 6714 
3 679 443 9846 
3 5247 4919 5015 
3 5129 5251 5497 
3 5133 5138 5129 
3 4919 4816 5015 
3 6247 5696 5840 
3 5027 5382 5274 
3 5015 5021 5128 
3 5510 5256 5140 
3 5134 5020 5140 
3 5138 5134 5129 
3 5834 5301 5942 
3 369 433 155 
3 5375 5024 5133 
3 155 433 287 
3 11795 2725 7850 
3 6 443 7905 
3 4821 2828 1748 
3 4436 7875 7865 
3 5066 5180 4850 
3 11692 10058 4959 
3 5377 5024 5375 
3 9636 7869 4411 
3 10581 8142 9824 
3 11304 1021 4496 
3 5789 5506 5260 
3 5023 5378 5140 
3 1952 8446 1942 
3 7176 7628 7073 
3 5026 5263 5021 
3 5377 5027 5024 
3 1766 1468 1582 
3 9097 5221 495 
3 5144 5026 5146 
3 5151 5267 5268 
3 175 632 4882 
3 4882 632 4873 
3 5366 11789 7605 
3 5542 10965 1093 
3 11789 10965 7605 
3 5035 5040 4939 
3 5036 5037 5149 
3 8467 6564 9271 
3 5035 4934 5273 
3 9795 9018 9791 
3 4926 5403 4930 
3 5004 5346 5618 
3 10243 9720 9846 
3 11607 9846 3891 
3 4740 5040 4942 
3 4942 5280 5279 
3 8343 8183 9116 
3 5523 5061 5162 
3 5279 5401 5043 
3 5970 11078 6009 
3 9403 6230 6145 
3 5391 5284 4744 
3 8462 7452 6559 
3 3033 9130 8268 
3 4245 4329 4487 
3 9139 10694 10718 
3 11506 10722 7454 
3 84 8914 11736 
3 10243 9846 11607 
3 2762 5519 5496 
3 5390 5392 5053 
3 4575 8311 5763 
3 8265 8268 9131 
3 5390 4949 5396 
3 5752 6090 6385 
3 8542 11736 8914 
3 5523 5536 5061 
3 2306 6755 3163 
3 10554 8114 10556 
3 5169 5171 4749 
3 9082 43 1609 
3 5064 5061 5290 
3 5172 5291 4949 
3 241 3058 11485 
3 4947 5162 4950 
3 5531 5400 5401 
3 5554 5415 5071 
3 10985 11299 10425 
3 5291 5173 5416 
3 4958 5173 5172 
3 5064 5418 5178 
3 5692 5171 5169 
3 4958 5175 5173 
3 5419 5295 5421 
3 9366 9696 10985 
3 4513 2964 159 
3 6781 10827 6769 
3 5301 5422 5421 
3 9234 10821 6774 
3 5175 4960 5182 
3 5172 4846 4958 
3 5433 5070 5176 
3 5066 5304 5180 
3 5305 5554 5071 
3 6082 3926 3921 
3 8257 5141 3962 
3 2620 1653 7994 
3 5182 5183 5300 
3 5182 4960 5183 
3 4848 4678 4851 
3 8472 3663 10897 
3 4667 11440 107 
3 5193 4862 4971 
3 5421 5182 5300 
3 4500 2703 4480 
3 5188 4856 5186 
3 2237 2858 503 
3 10860 8441 6811 
3 3832 3837 4011 
3 4688 5189 4966 
3 5435 5439 5078 
3 5468 5515 693 
3 4773 4861 5200 
3 10093 3241 8447 
3 5308 4859 4860 
3 4290 4604 4362 
3 6958 1631 7509 
3 5191 5080 4967 
3 4862 5193 5566 
3 206 8446 1952 
3 5573 5566 5193 
3 4862 5566 5437 
3 5439 5444 5199 
3 6337 10353 8775 
3 5311 5197 5088 
3 10935 10152 8516 
3 5198 5197 5309 
3 11126 7957 7039 
3 4089 2331 5030 
3 5319 5202 5315 
3 5315 5202 5082 
3 6071 5589 5969 
3 5202 5206 5200 
3 4974 5449 5735 
3 5567 5309 5311 
3 7118 10287 10192 
3 532 5152 615 
3 5199 5444 5203 
3 5322 4975 5097 
3 9120 6641 10623 
3 5087 5205 5326 
3 6092 6119 11192 
3 5206 4985 5200 
3 5090 5203 5095 
3 9675 6219 6208 
3 4956 4852 4758 
3 7341 11080 10281 
3 5206 4986 4985 
3 5206 5324 4986 
3 5880 6185 5605 
3 4986 5324 5596 
3 9677 405 7997 
3 576 5434 643 
3 5233 5230 5343 
3 5589 5096 4989 
3 4696 5597 5971 
3 9007 9197 9395 
3 6770 323 283 
3 6915 10911 3384 
3 5212 5595 4989 
3 9085 10617 7396 
3 922 951 1973 
3 5211 5100 5101 
3 10543 7319 10568 
3 2238 11429 2521 
3 11145 4358 6087 
3 11843 9454 11028 
3 5215 5331 5104 
3 5104 5331 4884 
3 5106 4784 5330 
3 6038 6244 5825 
3 10444 7576 10860 
3 11192 7755 6092 
3 1616 8744 1579 
3 1229 7875 7882 
3 5184 3722 9366 
3 5332 5465 5218 
3 8891 6641 8191 
3 11761 7458 11386 
3 5000 5115 5613 
3 5605 5223 5217 
3 5223 4993 5217 
3 643 5515 5468 
3 5468 401 643 
3 10256 11865 9492 
3 5609 5112 5223 
3 5475 4893 4998 
3 7852 7063 7068 
3 4996 5113 5476 
3 2721 3188 6802 
3 11582 4229 7638 
3 5973 11591 11606 
3 5112 5611 5478 
3 5116 5112 5478 
3 8338 9185 11591 
3 5338 4999 5339 
3 6878 10294 11088 
3 9079 11420 10598 
3 1270 3242 4892 
3 2807 4636 2829 
3 5226 5476 5113 
3 10618 11723 2484 
3 7766 6091 11934 
3 861 796 862 
3 34 8873 7066 
3 6455 7246 6464 
3 4901 5346 5004 
3 5503 5497 6221 
3 5345 5235 5620 
3 5344 5484 5006 
3 5121 5123 4724 
3 3845 3942 4022 
3 5349 6000 5771 
3 509 511 453 
3 5344 5006 4648 
3 6001 5237 4904 
3 3938 3845 4022 
3 5128 5248 5015 
3 5355 5010 5358 
3 5355 4814 5010 
3 4729 5126 5012 
3 5698 5691 5839 
3 5358 5010 5012 
3 5287 8736 10392 
3 929 15 10707 
3 4733 5491 5489 
3 5489 5126 4733 
3 11850 3067 3300 
3 5360 5490 5014 
3 5490 5244 5014 
3 2238 2521 11399 
3 2048 974 5660 
3 10129 10296 9776 
3 9481 7709 2587 
3 11539 3760 4303 
3 5134 5897 5129 
3 1861 7370 10937 
3 5256 6127 5904 
3 4297 412 9028 
3 5375 5133 5497 
3 8324 4303 8449 
3 5134 5140 5256 
3 3818 2016 1996 
3 5134 5138 5020 
3 5502 5132 5252 
3 5504 5262 5132 
3 8841 9677 7997 
3 9499 2474 1667 
3 664 7624 683 
3 10519 2928 8951 
3 5378 5510 5140 
3 4213 9137 4118 
3 5260 5263 5789 
3 10 8041 11929 
3 3455 11379 11297 
3 4636 2807 4628 
3 369 155 159 
3 9137 4213 9912 
3 5027 5511 5382 
3 5268 5267 5378 
3 412 10727 9028 
3 2308 1789 1198 
3 4935 5036 5275 
3 5273 5270 5035 
3 5403 5286 4930 
3 5406 5267 5151 
3 5382 5524 5659 
3 4509 4668 4273 
3 4825 5386 5391 
3 8764 6045 8675 
3 5520 5273 4934 
3 4934 5277 5520 
3 4709 3102 3876 
3 3703 829 4881 
3 11346 11348 11517 
3 4942 5040 5917 
3 5793 10920 10164 
3 5758 5985 5759 
3 8183 4074 9116 
3 3703 4881 5245 
3 4942 5917 5280 
3 3074 11695 4010 
3 5875 5752 6179 
3 5151 5407 5406 
3 4863 2964 54 
3 5047 5045 5400 
3 5045 5401 5400 
3 7689 2577 6030 
3 3202 4074 4834 
3 5151 5274 5407 
3 5163 5410 5157 
3 4687 4462 4466 
3 11314 11303 3252 
3 5159 5160 5669 
3 5283 4940 5050 
3 5990 6006 4821 
3 4947 5053 5392 
3 9481 702 1086 
3 5288 4744 5284 
3 1665 2615 7083 
3 9903 9130 10682 
3 6381 8912 6424 
3 5685 5679 5407 
3 3367 829 3703 
3 8675 8688 8764 
3 10391 9653 7924 
3 4285 4443 4048 
3 5291 5172 5173 
3 5065 5165 5288 
3 7089 4112 7005 
3 5543 5418 5064 
3 5543 5678 5418 
3 7924 8791 10391 
3 5171 4844 4449 
3 5295 5419 5173 
3 5853 9280 10868 
3 5178 5418 5297 
3 4560 3058 241 
3 9209 5976 7532 
3 287 10140 11685 
3 6538 7313 8988 
3 5295 5182 5421 
3 11102 5895 7204 
3 7682 7681 7235 
3 1023 2886 4560 
3 4844 5294 5066 
3 5306 5178 5297 
3 5295 5175 5182 
3 5302 5304 5066 
3 2066 2062 2055 
3 1265 3104 3984 
3 8090 8080 11332 
3 5302 5560 5304 
3 6454 2830 2810 
3 5300 5183 5307 
3 5560 4854 5304 
3 11937 9591 11161 
3 241 3838 4560 
3 8995 9766 9769 
3 5186 5306 5188 
3 5307 5308 5436 
3 2721 8511 9813 
3 5497 5495 6221 
3 4859 5308 5307 
3 5198 5309 5561 
3 10883 4205 11389 
3 5569 4966 5189 
3 7469 7509 1631 
3 5570 5728 5439 
3 5311 5309 5197 
3 5314 5088 4775 
3 4968 4967 5082 
3 1906 1270 10460 
3 11144 9596 11162 
3 1996 2048 2029 
3 5193 5313 5310 
3 5313 5442 5310 
3 5123 4725 4724 
3 3367 8292 1178 
3 6363 7163 7130 
3 5193 4971 5313 
3 5855 5560 5849 
3 5311 5576 5567 
3 3738 3838 11885 
3 4971 5735 5313 
3 5311 5314 5576 
3 4966 5569 5733 
3 5449 5322 5586 
3 10071 7491 9882 
3 6158 6373 6482 
3 4211 4061 3792 
3 9160 8284 6702 
3 5444 5447 5203 
3 5735 4971 4974 
3 5319 5737 5592 
3 5086 5451 5087 
3 5582 4696 5971 
3 77 4252 1269 
3 7635 7645 190 
3 4325 4880 5104 
3 9366 3722 3974 
3 5454 5325 5591 
3 5588 5448 5454 
3 11548 11885 2238 
3 2238 11885 11429 
3 5595 5589 4989 
3 5459 5743 5462 
3 5460 4988 5334 
3 5750 5213 5326 
3 11316 10455 10984 
3 5215 4875 5463 
3 5334 5329 5460 
3 7254 10499 9723 
3 5750 5330 5213 
3 7170 7621 7513 
3 6587 6584 6276 
3 4784 5213 5330 
3 1595 5854 6465 
3 8722 7063 7852 
3 10027 8307 4897 
3 5216 5605 5217 
3 7301 7303 7304 
3 3648 6375 4602 
3 5604 5106 5330 
3 5467 5101 5107 
3 4747 4757 5163 
3 10335 11991 10665 
3 5467 5107 5337 
3 2503 2515 11630 
3 9130 9131 8268 
3 8620 9458 10233 
3 9200 10965 5542 
3 4875 4978 5733 
3 10000 7518 9186 
3 5605 5758 5223 
3 5039 4936 4738 
3 5338 5606 4887 
3 11362 7675 2545 
3 5822 5943 6149 
3 7662 5184 9366 
3 10192 3499 7118 
3 4189 8306 4178 
3 5230 5478 5479 
3 4189 11951 8306 
3 11829 5052 5058 
3 11918 6298 7044 
3 7970 7976 5642 
3 5469 5487 4556 
3 6104 6105 5482 
3 7083 2615 6200 
3 5343 5346 5233 
3 5233 5346 4901 
3 5235 5345 5232 
3 628 1178 8292 
3 7556 2481 11924 
3 5484 5769 5621 
3 5349 5121 6000 
3 5771 5350 5349 
3 5003 5344 4648 
3 3902 9915 6466 
3 11490 1900 2545 
3 3934 4020 3941 
3 4903 7729 6912 
3 5354 5239 4813 
3 4814 5891 4813 
3 5488 5239 5354 
3 5224 5976 7520 
3 3488 5327 11570 
3 3300 1178 628 
3 5017 2000 6115 
3 4733 5244 5491 
3 7190 5695 9690 
3 8107 5774 5383 
3 8847 9486 11268 
3 10593 11548 10589 
3 7728 11915 11078 
3 6854 6857 6617 
3 2752 265 2684 
3 11230 9892 226 
3 5869 1902 8174 
3 5129 5897 5251 
3 2269 2014 2623 
3 9009 11370 9018 
3 5733 5463 4875 
3 7361 7370 1861 
3 5037 4828 4591 
3 4827 9967 135 
3 3855 3761 3954 
3 10722 11538 8275 
3 4638 2810 2588 
3 1292 1085 1240 
3 829 7662 4881 
3 5743 6084 5462 
3 11217 9680 2650 
3 6337 8757 10353 
3 5504 5132 5502 
3 7357 9807 10580 
3 9653 9677 8841 
3 1872 2810 2830 
3 5262 5504 5910 
3 5637 5376 5375 
3 1687 2507 4093 
3 3455 11297 11527 
3 2130 2034 1719 
3 7982 3300 628 
3 5021 5263 5260 
3 5789 5263 5790 
3 4601 8041 11871 
3 3521 4628 2807 
3 5267 5379 5378 
3 5159 4840 5160 
3 4519 4840 4745 
3 1486 1487 4599 
3 4667 107 9878 
3 5267 5664 5379 
3 6020 5270 5647 
3 11897 11741 8031 
3 5377 5375 5376 
3 10250 8648 9477 
3 5389 5039 5658 
3 5146 5147 5811 
3 7415 2329 7389 
3 7914 10377 9594 
3 8858 2635 259 
3 652 7978 8825 
3 5036 5149 5919 
3 11871 5643 7759 
3 5391 5386 5525 
3 6412 5893 6007 
3 5821 5672 5667 
3 5149 5037 5389 
3 2885 668 682 
3 3117 3709 2802 
3 5517 5390 5388 
3 4528 4680 4679 
3 5517 5392 5390 
3 4650 4499 4501 
3 5267 5406 5664 
3 5279 5280 6139 
3 5917 5040 5272 
3 5517 5162 5392 
3 6139 5401 5279 
3 10128 9748 8945 
3 2064 9856 838 
3 5929 6468 6566 
3 5046 5540 5169 
3 4835 5157 5277 
3 5391 5398 5284 
3 4941 5399 5393 
3 8999 10513 8116 
3 1207 5245 8876 
3 837 7282 810 
3 1450 9742 2309 
3 5400 5046 5047 
3 5286 5403 5681 
3 3685 7663 6881 
3 6038 5403 6031 
3 11850 11689 11120 
3 5382 5667 5274 
3 5407 5274 5667 
3 9014 1446 8114 
3 5417 5549 5288 
3 5399 5159 5669 
3 5669 5928 5399 
3 4616 1835 4612 
3 2426 10905 7556 
3 4258 4100 4018 
3 10557 9009 10555 
3 9670 2475 8858 
3 7324 6974 7207 
3 6834 7137 6394 
3 5538 5543 5290 
3 5415 6040 5410 
3 5543 5064 5290 
3 6089 6253 5548 
3 5536 5290 5061 
3 5292 5933 5062 
3 5550 5154 5687 
3 4949 5291 5396 
3 10373 7914 9604 
3 4254 4570 4807 
3 6011 3086 10590 
3 5415 5554 6040 
3 7454 5913 9343 
3 11422 11594 6087 
3 5288 5408 5417 
3 5171 5692 5294 
3 5897 5900 6214 
3 11761 9233 7458 
3 5933 5292 5696 
3 2650 9680 10792 
3 5421 5422 5419 
3 10533 6538 8988 
3 5173 5175 5295 
3 5702 5561 5558 
3 5302 5066 5708 
3 11225 11560 11568 
3 5428 5306 5297 
3 5431 5306 5428 
3 5557 5301 5436 
3 5301 5300 5436 
3 5300 5301 5421 
3 5301 5557 5844 
3 10590 3086 11284 
3 8731 4153 8747 
3 5563 5431 5428 
3 6340 6023 6026 
3 3711 5541 2809 
3 5952 5707 5305 
3 5699 5698 5705 
3 5563 5435 5431 
3 2460 3405 4969 
3 5189 4854 5560 
3 9073 5644 7292 
3 11144 9575 8774 
3 2933 3375 3653 
3 5435 5563 5570 
3 6370 2984 8099 
3 5565 5430 4767 
3 11177 11977 11175 
3 5571 5080 5191 
3 4088 6693 4101 
3 5310 5573 5193 
3 5570 5439 5435 
3 1883 6693 10869 
3 5732 5080 5571 
3 5192 5308 4860 
3 5447 5444 5729 
3 5194 5441 5192 
3 5724 5573 5310 
3 342 7030 456 
3 3052 2259 11640 
3 5724 5310 5442 
3 9882 7491 4374 
3 5323 5729 5580 
3 10287 11260 10192 
3 5444 5439 5728 
3 2016 2048 1996 
3 10192 11260 10241 
3 5574 5731 5198 
3 11636 7552 7759 
3 5324 5592 5596 
3 11761 4096 7512 
3 4966 5733 4978 
3 7635 2765 1070 
3 5441 5194 5589 
3 5203 5447 5092 
3 2891 3499 10192 
3 9747 9941 8074 
3 5653 11881 7337 
3 9813 3188 2721 
3 5737 5319 5732 
3 9714 10642 2509 
3 5750 5326 5205 
3 5732 5861 5737 
3 8514 11762 11759 
3 5211 5458 5739 
3 5211 5739 5459 
3 5883 5971 5597 
3 5203 5090 5199 
3 5456 5750 5205 
3 5749 5595 5212 
3 5212 5461 5749 
3 4884 5331 5332 
3 5463 5876 5215 
3 5461 5212 4874 
3 5215 5876 5331 
3 5750 5753 5330 
3 2891 10241 697 
3 6163 6276 6584 
3 7957 11126 10334 
3 5683 5678 5826 
3 7440 5818 5805 
3 9947 2274 4772 
3 5597 4878 5214 
3 5022 3102 10120 
3 11842 8369 3203 
3 6652 6641 9120 
3 4663 4736 4438 
3 10729 8547 4376 
3 5475 5613 4893 
3 5476 5226 5993 
3 7325 7322 7208 
3 7061 7063 8722 
3 6374 1332 6383 
3 3739 5890 5907 
3 5481 5000 5613 
3 3839 4015 3841 
3 5345 5888 5483 
3 5229 5482 6105 
3 5567 5561 5309 
3 1877 6607 6796 
3 5236 5764 5234 
3 5483 5232 5345 
3 2317 2319 6768 
3 4808 5237 5348 
3 5346 5343 5766 
3 5006 5484 5622 
3 4878 5597 4315 
3 4049 4066 5713 
3 5625 5350 5771 
3 3756 3749 3669 
3 4813 5891 5354 
3 5889 5488 5354 
3 5775 5013 5241 
3 5892 5775 5241 
3 6004 5355 5358 
3 5627 5358 5012 
3 7970 7924 9653 
3 900 916 1919 
3 5713 9206 435 
3 10968 287 433 
3 6004 5358 5627 
3 5248 5782 5246 
3 8833 8525 4819 
3 6073 5807 2668 
3 5248 5246 5015 
3 11086 8689 6267 
3 11388 11548 2238 
3 5980 6085 6288 
3 5247 5783 5252 
3 6398 6100 7266 
3 10916 7663 3685 
3 5783 5247 5361 
3 5134 5256 5897 
3 5128 6118 5248 
3 6118 5782 5248 
3 5633 5252 5783 
3 9672 2684 265 
3 6523 6416 6415 
3 5503 5637 5375 
3 10767 2684 9672 
3 6320 6215 6429 
3 66 9206 990 
3 5021 5260 5501 
3 8369 4010 11695 
3 8811 11217 11208 
3 5721 5728 5570 
3 4498 6055 6056 
3 1025 11294 2801 
3 11475 3058 2886 
3 10144 2340 6295 
3 5511 5377 5640 
3 5558 5561 5567 
3 4563 3511 357 
3 4451 4755 4754 
3 9477 8648 6224 
3 5262 5795 6031 
3 5919 6137 5386 
3 5386 5275 5919 
3 10256 6240 10250 
3 5270 5273 6025 
3 2604 11196 6872 
3 167 3797 2105 
3 4400 5579 8905 
3 5675 9088 7321 
3 4686 4761 4606 
3 5273 5520 5652 
3 5796 5520 5277 
3 9477 6224 10247 
3 1071 2977 2115 
3 6872 11196 11195 
3 6020 5914 5272 
3 5275 5036 5919 
3 4005 3985 7400 
3 6897 2863 2862 
3 5384 5396 5533 
3 5390 5396 5384 
3 10155 2913 4914 
3 5799 5523 5517 
3 10590 1090 9077 
3 5393 5658 5039 
3 5425 4610 5432 
3 5157 5651 5277 
3 5391 5525 5656 
3 5921 5398 5656 
3 4843 8799 8818 
3 4812 7389 2329 
3 3255 11670 11486 
3 10247 6224 9464 
3 4178 9116 11513 
3 8688 6130 8764 
3 5157 4835 4839 
3 4049 5713 435 
3 5401 6139 5531 
3 5534 5533 5416 
3 5810 5811 5147 
3 3384 3508 6915 
3 5396 5416 5533 
3 1066 1929 2736 
3 5532 5536 5523 
3 5788 5378 5379 
3 8615 7768 9455 
3 6038 5681 5403 
3 4487 4887 4482 
3 5825 5681 6038 
3 5928 5803 5399 
3 1720 2685 712 
3 5679 5664 5406 
3 8429 9271 6564 
3 1394 7337 7309 
3 9451 9455 9443 
3 6154 5849 5708 
3 3977 5778 10733 
3 5820 5410 6040 
3 7439 10740 1450 
3 2886 3058 4560 
3 2979 60 4838 
3 5050 5828 5283 
3 5538 5290 5536 
3 405 6457 7997 
3 11880 11882 11206 
3 5687 5286 5681 
3 5677 5283 5828 
3 6287 11807 6284 
3 5223 5112 4993 
3 9455 9449 9443 
3 2258 9628 8827 
3 9024 2975 1424 
3 5029 5031 4017 
3 2309 9742 11331 
3 3253 11314 3252 
3 10220 6789 11833 
3 576 401 10888 
3 10543 11334 10536 
3 919 6135 10746 
3 1172 9568 6091 
3 4059 3078 6992 
3 5418 5678 5683 
3 5551 5550 5691 
3 1231 1400 1234 
3 4374 10185 9882 
3 5292 4848 5696 
3 3026 3794 3029 
3 8879 10354 11978 
3 5696 4848 4851 
3 5437 5566 5953 
3 3532 3799 3887 
3 5708 5066 5294 
3 10063 3923 5480 
3 2181 10585 3466 
3 5705 5717 5699 
3 1509 423 2607 
3 6633 7418 9079 
3 2617 2106 2191 
3 5707 5832 5554 
3 1077 1102 2976 
3 8472 10897 5120 
3 9628 11183 8827 
3 9027 9026 8764 
3 5305 5707 5554 
3 3085 1618 5075 
3 5306 5431 5188 
3 7493 1512 4599 
3 4890 3703 1207 
3 5717 5705 5718 
3 6586 5934 10529 
3 5558 5567 5701 
3 5468 175 5076 
3 6926 6480 6922 
3 10466 2996 1064 
3 5701 5567 5576 
3 4143 3897 3802 
3 5721 5570 5563 
3 5717 5721 5563 
3 9425 10200 10209 
3 5308 5719 5436 
3 9873 7418 10628 
3 5308 5192 5719 
3 8075 8077 8951 
3 5566 5573 5953 
3 11819 11833 6789 
3 2996 10466 7188 
3 4932 3902 4924 
3 5561 5574 5198 
3 5747 10707 4812 
3 4924 6060 4932 
3 5270 5272 5035 
3 7098 9833 9004 
3 2957 2929 8060 
3 8631 9468 11040 
3 9403 5413 6207 
3 5323 5447 5729 
3 5323 5580 5314 
3 1033 10912 1894 
3 8631 11040 11049 
3 5441 5589 6071 
3 7319 6570 8130 
3 5586 5322 5094 
3 400 423 1509 
3 3032 2933 3653 
3 5448 5588 5734 
3 5864 5449 5586 
3 7861 8734 9563 
3 4775 5092 5323 
3 5447 5323 5092 
3 10978 6907 11793 
3 241 11444 11429 
3 5595 5969 5589 
3 5459 5100 5211 
3 5739 5458 5744 
3 5957 5960 6266 
3 10707 7329 7321 
3 11245 6260 6441 
3 2891 10192 10241 
3 1622 1741 1499 
3 3490 8239 7374 
3 10135 10038 1756 
3 5216 5596 5880 
3 10155 1203 4350 
3 5595 5749 5975 
3 974 2016 976 
3 5143 5265 5142 
3 3525 4381 8760 
3 5609 5759 5987 
3 5331 5876 5465 
3 4494 9358 3788 
3 5597 5214 5883 
3 5591 5866 5588 
3 5331 5465 5332 
3 5220 5218 5600 
3 8194 1951 8188 
3 2877 4386 2975 
3 7695 8550 10180 
3 9069 3160 9110 
3 5220 5600 5601 
3 5756 5604 5330 
3 1804 1963 1947 
3 5220 5601 5602 
3 5609 5223 5758 
3 5094 5097 5454 
3 5476 5989 4996 
3 5757 4996 5989 
3 2500 11014 1403 
3 5987 5611 5609 
3 7425 11911 11910 
3 5479 5478 5611 
3 5612 5613 5475 
3 9386 5380 8531 
3 11733 98 11532 
3 7914 9594 7104 
3 6041 11229 9205 
3 11149 11488 11489 
3 5750 5456 5980 
3 5993 5226 5483 
3 5343 5230 5479 
3 9088 5675 7323 
3 5765 5887 5481 
3 5229 5614 5339 
3 5236 5004 5618 
3 5618 5346 5766 
3 5936 1086 5932 
3 5343 5479 6103 
3 1233 1391 1339 
3 55 4533 4165 
3 5888 5345 5620 
3 8066 4165 4533 
3 5769 5484 5887 
3 11915 7984 6009 
3 5625 5352 5350 
3 7984 10280 8005 
3 6480 10204 6922 
3 8516 3698 7663 
3 4814 5355 5891 
3 5627 5012 5489 
3 5775 5360 5013 
3 10138 3681 10234 
3 5776 5490 5360 
3 5894 6007 5490 
3 5782 5777 5246 
3 5491 5490 6007 
3 11882 2051 8942 
3 4970 3331 858 
3 6280 10279 4386 
3 5251 5781 5495 
3 3647 10986 6351 
3 2752 9850 265 
3 3987 4070 4144 
3 2846 4381 2830 
3 11598 4588 10796 
3 11259 7999 9690 
3 5904 5900 5256 
3 5440 5424 7105 
3 5615 4819 9608 
3 11074 7792 9492 
3 11877 3623 5809 
3 4516 10126 3671 
3 5334 5333 5329 
3 5351 5991 5872 
3 5506 5905 5501 
3 5637 5785 5638 
3 3912 4832 3004 
3 5502 5909 5504 
3 11217 8811 9680 
3 11217 2650 67 
3 5638 5376 5637 
3 5506 5789 5638 
3 5638 5789 5376 
3 5789 5640 5376 
3 10918 10905 4283 
3 10113 6064 8476 
3 9672 10404 2604 
3 3919 3877 9076 
3 5376 5640 5377 
3 2767 2747 1681 
3 5403 5262 6031 
3 5511 5645 5524 
3 9621 9776 9262 
3 5788 5510 5378 
3 8476 9326 10113 
3 5351 5166 5991 
3 7169 7072 7614 
3 5384 5524 5645 
3 10620 9076 3877 
3 5384 5533 5524 
3 3004 1102 1114 
3 5082 4861 4968 
3 5796 5652 5520 
3 5999 7345 6187 
3 4881 1458 5245 
3 5796 5277 5651 
3 5802 5144 5146 
3 10458 10494 1670 
3 5384 5645 5791 
3 5270 6020 5272 
3 5149 6032 5919 
3 5533 5659 5524 
3 5386 6137 5525 
3 7442 3818 5639 
3 3545 3633 3715 
3 5791 5648 5384 
3 5656 5525 5800 
3 6077 5426 8489 
3 5806 5280 5917 
3 5534 5663 5659 
3 5162 5517 5523 
3 9049 3865 5617 
3 5393 5399 5803 
3 3735 2846 2830 
3 2296 3714 5412 
3 7112 7309 11040 
3 5391 5656 5398 
3 5382 5663 5667 
3 5924 5146 5811 
3 2340 679 10838 
3 10076 8454 9300 
3 8271 9153 3153 
3 11848 1301 11621 
3 5533 5534 5659 
3 5663 5819 5667 
3 5536 5532 5814 
3 11834 10966 10613 
3 9355 7047 5208 
3 6246 5665 5926 
3 5814 5538 5536 
3 1050 2941 1040 
3 6811 9295 11673 
3 5416 5419 5819 
3 5816 5400 5531 
3 10425 5409 5397 
3 3030 2975 9024 
3 5933 6142 5669 
3 4764 4371 4685 
3 4670 4837 4744 
3 11203 11029 11532 
3 9021 1486 5259 
3 4552 7590 8430 
3 5679 5822 5664 
3 6849 9024 1424 
3 7202 3797 2160 
3 11774 11776 7619 
3 9720 5968 9846 
3 5417 5665 6246 
3 6828 6177 6503 
3 5204 4383 236 
3 5820 6040 5930 
3 5585 9025 5617 
3 3488 9022 6220 
3 5685 5943 5679 
3 5549 5417 5686 
3 3049 2864 2786 
3 6142 5928 5669 
3 5691 5550 5687 
3 11144 8774 9596 
3 6366 7210 6363 
3 4177 5915 9696 
3 357 3511 10070 
3 9441 9443 9449 
3 5431 5435 5188 
3 5693 5694 5551 
3 6839 10971 1137 
3 6246 6248 5686 
3 5828 5689 5677 
3 5692 5697 5294 
3 5551 5691 5836 
3 6027 6024 6450 
3 5683 5677 5689 
3 5821 5834 5672 
3 7583 7574 10062 
3 10541 2447 5556 
3 5428 5694 5693 
3 5699 5428 5698 
3 3709 1884 3713 
3 8605 9443 9441 
3 11656 5166 5351 
3 5941 5704 5705 
3 5843 5176 5553 
3 5702 5701 5700 
3 9846 6 3891 
3 4418 4416 4259 
3 11156 9604 10366 
3 5702 5558 5701 
3 5701 5704 5700 
3 11978 10354 11964 
3 5843 5433 5176 
3 5701 5718 5704 
3 5704 5718 5705 
3 6938 11022 615 
3 5305 5437 5952 
3 5848 5433 5706 
3 5849 5560 5708 
3 6433 6586 10529 
3 5739 5743 5459 
3 5433 5848 5191 
3 6203 6610 6732 
3 916 922 3755 
3 7202 5539 3797 
3 5701 5576 5718 
3 5738 11692 8914 
3 5565 6058 5430 
3 1836 5453 969 
3 393 11351 4538 
3 5718 5721 5717 
3 5038 7807 4014 
3 615 11022 10968 
3 5588 5454 5591 
3 5953 5952 5437 
3 5561 5847 5574 
3 5848 5571 5191 
3 5991 6789 5872 
3 5718 5576 5721 
3 5576 5725 5721 
3 5728 5721 5725 
3 5723 5719 5192 
3 7289 6862 6627 
3 5339 4719 5229 
3 1080 1005 1230 
3 6086 5249 3386 
3 7237 1347 4327 
3 5956 5953 5573 
3 5035 5272 5040 
3 10764 804 10688 
3 6176 5880 5596 
3 5856 5731 5727 
3 11111 11112 1870 
3 5569 5855 6066 
3 5586 5094 5448 
3 5731 5856 5587 
3 5731 5587 5451 
3 4540 155 10846 
3 5735 5858 5313 
3 9234 6774 8378 
3 659 6695 10137 
3 5864 5735 5449 
3 6530 6529 6527 
3 5739 5860 5859 
3 6015 10947 10989 
3 5860 5739 5744 
3 4775 5323 5314 
3 5451 5587 5456 
3 2100 9013 1044 
3 5595 5975 5969 
3 5596 5592 5974 
3 6792 6767 8411 
3 9706 9707 10052 
3 6453 11948 10323 
3 11299 10985 5690 
3 4934 4835 5277 
3 5456 6085 5980 
3 5870 5458 5879 
3 6514 6517 7257 
3 11734 3776 114 
3 5863 11850 940 
3 9655 11242 10153 
3 8603 10203 9458 
3 5329 5333 5752 
3 6536 6515 9039 
3 4471 3547 7116 
3 10425 5397 9366 
3 3350 9745 2115 
3 2115 87 3350 
3 5465 5600 5218 
3 4382 4465 4306 
3 5752 5333 5754 
3 5467 5983 5755 
3 3764 5493 5494 
3 5329 5875 5460 
3 5601 5754 5602 
3 6185 5758 5605 
3 5604 5984 5607 
3 3703 5245 1207 
3 5408 5288 5284 
3 5325 5454 5097 
3 5756 5984 5604 
3 10948 8527 11779 
3 5988 5606 5338 
3 5601 5600 5977 
3 3873 6390 1816 
3 5474 3764 5494 
3 5479 5611 5987 
3 5476 5993 5989 
3 5987 6102 5479 
3 10012 7518 10000 
3 7515 10001 4364 
3 9990 11576 9983 
3 5613 5765 5481 
3 5494 7148 7140 
3 5604 5607 5475 
3 6104 5482 5234 
3 5366 10164 11789 
3 9720 10243 9574 
3 5494 7140 5474 
3 6307 5623 6108 
3 6015 10989 6312 
3 4205 7062 11581 
3 8770 8774 9575 
3 10020 8307 10027 
3 5125 5124 5772 
3 4731 4507 4351 
3 5991 6312 11819 
3 6004 6111 6311 
3 5489 5491 5893 
3 5776 5360 5775 
3 6007 5893 5491 
3 10126 6866 5578 
3 10425 11299 1669 
3 5776 5894 5490 
3 5124 5625 5772 
3 5126 5489 5012 
3 10933 6253 10110 
3 8402 22 3207 
3 8942 2051 10540 
3 4367 9186 5209 
3 11077 1694 1797 
3 6571 6251 6362 
3 4232 2699 11521 
3 5782 6215 5777 
3 8505 10130 3685 
3 5897 5781 5251 
3 7520 8340 9983 
3 7809 11079 10276 
3 4854 5189 4688 
3 798 11199 8470 
3 10293 11094 10286 
3 5341 5872 6132 
3 3800 2948 6260 
3 4842 4849 5709 
3 5874 11055 11876 
3 6387 6083 6285 
3 6971 10453 9705 
3 6127 5256 5510 
3 5503 6124 5785 
3 6221 6124 5503 
3 3671 5426 6077 
3 5970 11876 11078 
3 9804 5590 4432 
3 8049 7609 7507 
3 5785 5637 5503 
3 3864 4774 2941 
3 5905 5638 5785 
3 5351 5872 5341 
3 5426 3671 10126 
3 5905 5506 5638 
3 5501 5260 5506 
3 11456 9120 10623 
3 4458 4210 4456 
3 6132 11743 5341 
3 7137 6834 7260 
3 474 370 419 
3 10554 6556 8114 
3 3269 3280 5254 
3 5502 5252 5633 
3 11072 6999 10266 
3 8284 9160 8308 
3 5791 5640 5790 
3 5311 5088 5314 
3 11896 11881 7676 
3 5694 5297 5689 
3 5790 5794 5791 
3 3702 3701 3613 
3 5263 5794 5790 
3 5622 6000 5121 
3 10286 7820 6275 
3 5797 5648 5794 
3 6589 3034 3899 
3 5794 5648 5791 
3 5658 5393 5803 
3 5796 6022 5652 
3 6021 5647 6025 
3 5647 6021 6020 
3 5144 5797 5794 
3 5796 6023 6022 
3 5797 5802 5799 
3 5797 5799 5648 
3 5918 5379 5812 
3 5272 5914 5917 
3 9799 9785 9807 
3 5525 6231 5800 
3 9814 7361 1861 
3 6022 6025 5652 
3 5525 6137 5801 
3 5656 5920 5921 
3 4890 1207 4954 
3 5801 6231 5525 
3 5394 9207 5317 
3 5452 3714 10522 
3 5389 5658 5922 
3 5806 6139 5280 
3 4001 6115 5624 
3 5802 5523 5799 
3 5814 5811 5810 
3 5626 5593 3755 
3 7506 7608 7162 
3 10682 9130 10702 
3 5398 5921 5408 
3 3657 9499 1945 
3 5483 5226 5232 
3 5239 5488 5009 
3 5814 5810 5538 
3 5794 5263 5144 
3 5410 6456 5157 
3 6447 5800 6231 
3 5814 5532 5811 
3 5823 5929 5812 
3 5823 5812 5664 
3 1038 1040 2941 
3 1812 1496 1493 
3 4949 4600 4846 
3 214 7689 4395 
3 6456 5410 5820 
3 9451 9443 8605 
3 1945 9499 3687 
3 5531 6352 5816 
3 10766 10939 10943 
3 3667 3678 1848 
3 5819 5821 5667 
3 4398 9951 10718 
3 5678 5538 5826 
3 7121 11191 8791 
3 9130 9903 9131 
3 9025 7250 5617 
3 5518 1287 10664 
3 5543 5538 5678 
3 5825 5941 5681 
3 10776 50 5453 
3 11656 5351 11672 
3 5672 5834 5939 
3 5823 5664 5822 
3 5816 6249 5540 
3 1971 1822 1738 
3 5826 5677 5683 
3 5941 5833 5681 
3 5468 5076 401 
3 6202 2154 3098 
3 5828 5694 5689 
3 5574 5727 5731 
3 10561 7148 5539 
3 5694 5428 5297 
3 5672 5685 5407 
3 4702 3670 3686 
3 5241 5125 5356 
3 9696 5915 2169 
3 9696 2169 10985 
3 5076 10888 401 
3 5356 5892 5241 
3 1877 6796 3456 
3 5839 5941 5705 
3 6148 4436 7865 
3 5698 5839 5705 
3 5371 4881 5397 
3 5700 5704 5938 
3 5687 5833 5691 
3 5842 5702 5700 
3 197 222 220 
3 6247 6795 6142 
3 5952 6157 5707 
3 5301 5844 6050 
3 5840 5430 6360 
3 6495 6574 6579 
3 11433 9870 9852 
3 11513 9906 4189 
3 5844 5557 5845 
3 5710 5950 5846 
3 5845 5710 5846 
3 5710 5845 5557 
3 5708 5560 5302 
3 7185 5539 7148 
3 5430 6058 6360 
3 5185 5145 4146 
3 5436 5719 5710 
3 6130 5317 9027 
3 7432 9131 9903 
3 5710 5957 5950 
3 5710 5719 5957 
3 5953 6157 5952 
3 4522 4183 4040 
3 5719 5960 5957 
3 5719 5723 5960 
3 4132 4051 3527 
3 5959 5956 5724 
3 5441 5723 5192 
3 8764 6130 9027 
3 4327 6861 7142 
3 5861 5732 5571 
3 6070 5723 5441 
3 5733 5569 6066 
3 10274 9558 9544 
3 6910 10979 5411 
3 5847 5727 5574 
3 5580 5725 5576 
3 8550 7695 5405 
3 6115 4001 2966 
3 5924 5802 5146 
3 10846 155 287 
3 888 10642 9714 
3 5860 5965 5859 
3 5860 5744 5857 
3 5965 5860 5857 
3 2136 2044 2299 
3 5864 5858 5735 
3 1792 10969 2762 
3 5420 9244 11898 
3 11546 503 9943 
3 5586 6083 5864 
3 8919 8916 8932 
3 5857 5744 6161 
3 5154 5286 5687 
3 5142 5265 5264 
3 4714 4882 4873 
3 11420 9079 3796 
3 4873 54 4714 
3 4609 4641 5529 
3 6066 6079 5733 
3 5734 5586 5448 
3 6274 5582 5971 
3 6456 5651 5157 
3 5743 5739 5859 
3 5974 6176 5596 
3 11637 4882 4714 
3 5975 5749 5461 
3 10027 4897 11640 
3 5977 5600 5878 
3 5493 7148 5494 
3 11655 11656 11672 
3 5211 5879 5458 
3 10453 9955 9779 
3 5873 5876 6079 
3 6716 5880 6176 
3 159 155 4540 
3 5465 5878 5600 
3 5873 5878 5465 
3 6079 5876 5463 
3 8335 10692 6632 
3 11873 6996 1290 
3 5755 5879 5211 
3 5461 5462 6084 
3 5753 5750 5981 
3 3713 4641 3709 
3 6090 5752 5754 
3 3061 8086 10146 
3 11600 8368 10802 
3 5883 5214 5606 
3 5879 5755 6186 
3 7264 3508 6967 
3 9113 7432 9903 
3 7140 7148 10561 
3 11648 11293 11468 
3 8368 10001 7515 
3 5607 5984 6294 
3 5984 6191 6294 
3 5338 5339 5988 
3 3610 6971 7002 
3 5339 5614 5988 
3 6253 10933 1105 
3 4959 495 5829 
3 10781 8348 9209 
3 4446 3970 4444 
3 7044 6298 4741 
3 6437 5906 6331 
3 6296 5614 6105 
3 8348 10781 7520 
3 60 4506 9878 
3 5887 6201 5769 
3 5887 5765 6201 
3 6106 5236 5618 
3 6106 5764 5236 
3 6304 5620 5348 
3 6299 6104 5764 
3 6304 5888 5620 
3 5621 5770 5622 
3 5348 5623 6304 
3 6205 6000 6107 
3 1393 8876 5245 
3 11899 8576 6502 
3 5893 5627 5489 
3 10755 10751 4040 
3 2166 1844 1999 
3 6210 5892 6005 
3 6210 5775 5892 
3 6111 6004 5627 
3 5892 5356 6005 
3 6005 5356 5772 
3 6210 5776 5775 
3 5772 5625 6003 
3 5246 5777 5361 
3 3194 11662 11669 
3 6215 5782 6118 
3 4480 3543 7111 
3 8688 8675 4981 
3 4442 4426 655 
3 3013 1119 9092 
3 5897 6008 5781 
3 6779 4721 5884 
3 10304 9971 10993 
3 10562 10390 10906 
3 9031 7342 6575 
3 6576 6707 7014 
3 6013 5633 5783 
3 8130 10568 7319 
3 7053 6844 6737 
3 6215 6320 5777 
3 9791 9018 11370 
3 6122 6118 5501 
3 5501 6118 5128 
3 6653 6121 6013 
3 8292 3367 8351 
3 6127 5510 6018 
3 5504 5909 5910 
3 9620 10812 10813 
3 8785 3601 3540 
3 6127 6018 6966 
3 11954 6842 11508 
3 6018 5788 6332 
3 5891 5889 5354 
3 5647 5270 6025 
3 4522 4511 4183 
3 5796 6026 6023 
3 11574 9975 11581 
3 3538 5342 772 
3 5800 6446 5920 
3 9153 9158 10736 
3 8351 3703 4890 
3 7116 3547 2691 
3 5477 10494 2001 
3 11332 9766 8090 
3 5800 5920 5656 
3 2886 1023 11940 
3 5651 6456 5916 
3 1198 1789 4335 
3 11314 9737 11303 
3 6885 5293 5271 
3 11055 5874 11838 
3 10555 7311 1500 
3 5679 5943 5822 
3 5149 5922 6032 
3 5924 5523 5802 
3 10554 7313 6556 
3 10581 6575 8142 
3 5921 5926 5665 
3 890 2859 3775 
3 5532 5523 5924 
3 6352 5531 6460 
3 10516 11556 11381 
3 10724 9148 11539 
3 5928 6142 6034 
3 10742 3940 11557 
3 5534 5416 5819 
3 5283 5677 5826 
3 11588 3659 10591 
3 1500 7311 8986 
3 6015 6312 5166 
3 5663 5534 5819 
3 9908 9885 9727 
3 4420 11539 11547 
3 1926 6112 6113 
3 6246 5686 5417 
3 5031 5029 8728 
3 11672 5351 5341 
3 5591 5325 5460 
3 10536 7310 10543 
3 7227 2160 3200 
3 1884 2785 7487 
3 5422 5301 5834 
3 5836 5693 5551 
3 11557 3862 11547 
3 11547 3862 4420 
3 5247 5246 5361 
3 5938 5825 5935 
3 4059 6992 7003 
3 5825 5938 5941 
3 1815 3667 1848 
3 5834 5942 5939 
3 6047 5943 5939 
3 5935 5700 5938 
3 4815 4868 1165 
3 8963 9747 8074 
3 6047 5939 5942 
3 6044 5697 5692 
3 5707 6043 5832 
3 8705 10297 10293 
3 4881 7662 5397 
3 5941 5839 5833 
3 5839 5691 5833 
3 5698 5836 5691 
3 5686 6248 5553 
3 5842 5700 5935 
3 5553 6248 5843 
3 11306 8086 6521 
3 5294 5697 5708 
3 6050 5844 6051 
3 6051 5845 5846 
3 8363 3318 1099 
3 5843 6254 5706 
3 10593 9798 11723 
3 6818 6713 7019 
3 2721 6802 10 
3 6368 5950 5954 
3 5849 6061 5855 
3 5963 5858 6163 
3 5571 5848 6377 
3 5954 5957 6266 
3 6447 6231 6554 
3 5727 6258 5856 
3 11102 7278 4038 
3 6070 5960 5723 
3 5571 6377 5861 
3 5956 5573 5724 
3 5312 5582 6065 
3 2721 644 4771 
3 9776 9621 10129 
3 10710 8324 4189 
3 5442 5858 5963 
3 5391 4744 4837 
3 9723 7241 7254 
3 7195 6647 6543 
3 5918 6036 6131 
3 1848 3678 2588 
3 6671 6447 6554 
3 11126 9563 10334 
3 6387 6276 5864 
3 6276 5858 5864 
3 5062 5160 4840 
3 550 2850 2746 
3 1878 6971 5335 
3 5587 6085 5456 
3 10591 6189 11644 
3 6072 6079 6066 
3 10843 5076 4882 
3 8542 8914 11692 
3 5008 4910 4573 
3 6279 5856 6495 
3 5737 5974 5592 
3 5586 5734 6083 
3 6070 5441 6071 
3 5855 5569 5560 
3 5870 6161 5744 
3 11509 5266 11693 
3 6081 5856 6279 
3 5734 5588 6083 
3 5895 7180 7204 
3 5588 5866 6083 
3 5972 5873 6079 
3 5591 6172 5866 
3 7979 2117 7694 
3 5972 5878 5873 
3 5591 5875 6172 
3 11203 11205 10848 
3 10453 9779 9705 
3 3865 11746 11894 
3 7980 4885 8853 
3 7308 7307 7189 
3 6595 6175 6282 
3 5975 5461 6084 
3 8041 4601 11929 
3 6702 8284 2972 
3 7323 5680 9104 
3 6108 6001 6614 
3 11909 2358 4002 
3 9838 10592 5865 
3 4601 456 11929 
3 8335 4118 11514 
3 1755 5201 8697 
3 9024 11804 11792 
3 10692 11502 6632 
3 6090 5754 5601 
3 11704 11743 10892 
3 5451 5456 5205 
3 4513 159 4540 
3 7160 7397 7276 
3 9052 5084 9055 
3 6003 5625 6002 
3 5983 5467 5757 
3 5985 6293 5759 
3 5084 9052 5069 
3 8902 5703 6479 
3 6100 5989 5993 
3 6102 5987 6196 
3 5483 6101 5993 
3 6424 8912 6455 
3 5618 5766 5995 
3 8514 11759 6875 
3 5228 6578 8650 
3 1540 1436 1380 
3 3160 9069 3137 
3 6376 6580 6711 
3 5888 6101 5483 
3 6223 6324 5904 
3 3203 8359 4916 
3 10592 5084 5865 
3 5933 5669 5062 
3 5770 5621 6203 
3 8902 8013 5703 
3 11873 1290 5342 
3 5356 5125 5772 
3 11741 4374 4585 
3 6409 6210 6005 
3 3334 3091 11561 
3 7468 8300 11540 
3 3091 3334 1452 
3 327 378 404 
3 6211 5894 5776 
3 6212 6007 5894 
3 6496 6490 6161 
3 5777 5898 5361 
3 10859 1022 6507 
3 6585 7359 7248 
3 9818 7360 9040 
3 6392 6624 11367 
3 3087 1742 1751 
3 1184 1359 1248 
3 4711 4551 4402 
3 10694 9139 10656 
3 6116 6013 5783 
3 7997 6457 4925 
3 3818 3814 2016 
3 7298 7642 7522 
3 5501 5905 6122 
3 11689 4116 7446 
3 4981 8675 8511 
3 9700 736 6658 
3 11595 11389 4205 
3 594 10279 6260 
3 10012 8364 5978 
3 7677 6868 4116 
3 497 577 533 
3 7552 342 7759 
3 6122 5905 5785 
3 6038 6031 6347 
3 7278 11102 7204 
3 1128 2219 2208 
3 11636 7757 4389 
3 5128 5021 5501 
3 11538 9179 8283 
3 7254 5762 8075 
3 10555 9009 7311 
3 5335 9400 5271 
3 4116 11689 7677 
3 7950 11314 3286 
3 5964 5854 6010 
3 397 10506 10496 
3 5699 5717 5563 
3 10242 3342 3975 
3 5910 5795 5262 
3 11314 3253 3286 
3 2400 3429 5195 
3 8795 4083 7003 
3 2885 2862 668 
3 1805 4453 927 
3 6446 5800 6447 
3 5914 6027 5917 
3 3416 2400 5195 
3 9201 8847 7978 
3 6237 5919 6032 
3 6020 6021 6133 
3 4771 8511 2721 
3 8274 9153 8271 
3 241 11485 11451 
3 6140 6032 5922 
3 4043 2475 9670 
3 11517 3538 8172 
3 8757 9563 11126 
3 6611 6613 6736 
3 5803 5928 6034 
3 5531 6139 6460 
3 5391 4837 4734 
3 6050 6051 6047 
3 3018 2988 107 
3 942 938 979 
3 6016 8441 7576 
3 8833 6403 7980 
3 766 799 765 
3 5658 5803 6140 
3 5943 5685 5939 
3 7947 11431 9022 
3 5832 6043 5930 
3 6001 6108 5623 
3 6149 5943 6047 
3 1828 5287 8730 
3 5281 8730 8534 
3 6050 5942 5301 
3 5451 5086 5731 
3 6047 5942 6050 
3 9846 443 6 
3 5941 5938 5704 
3 3948 3754 3953 
3 4858 4864 6511 
3 9810 9802 3659 
3 9798 2484 11723 
3 5697 6154 5708 
3 5728 5725 5729 
3 6151 5846 6054 
3 5846 5950 6054 
3 11424 2515 2503 
3 5847 5842 6053 
3 6256 5707 6157 
3 4556 3617 5469 
3 7677 11689 3300 
3 10600 10591 3659 
3 6751 6946 6949 
3 8640 3851 6242 
3 6251 6571 6468 
3 5855 6061 6066 
3 2258 3986 9628 
3 7445 4005 5577 
3 990 5713 1004 
3 10710 4303 8324 
3 10253 1674 6817 
3 6163 6067 5963 
3 5587 5856 6081 
3 6061 6072 6066 
3 3627 8342 4373 
3 5629 10401 8769 
3 5857 6161 6158 
3 6166 6070 6071 
3 6065 5582 6274 
3 4213 11533 9912 
3 5960 6070 6266 
3 11969 6374 11970 
3 3803 6187 11419 
3 5798 6679 2243 
3 11548 11388 10589 
3 7121 8570 11191 
3 5652 6025 5273 
3 6786 11635 6014 
3 9342 2110 1071 
3 2306 2304 5518 
3 54 2964 4513 
3 5974 5737 6164 
3 8031 11741 4585 
3 6170 5878 5972 
3 6083 5866 6285 
3 9723 9722 8922 
3 11325 10584 2181 
3 9727 9885 8902 
3 5971 5883 6177 
3 11205 10503 10848 
3 5975 6171 5969 
3 5975 6084 6171 
3 6170 5977 5878 
3 9400 5228 5271 
3 6176 5974 6169 
3 6244 6347 6350 
3 10591 11644 11588 
3 7043 5774 8107 
3 6996 11873 3643 
3 8149 5809 3623 
3 6171 6084 6167 
3 5883 6503 6177 
3 6286 5601 5977 
3 11600 10001 8368 
3 5981 6722 5756 
3 5753 5981 5756 
3 5883 5606 6503 
3 11379 6159 8968 
3 6191 5984 5756 
3 8904 8721 9301 
3 1746 10344 6578 
3 8374 6509 4723 
3 7025 5122 10911 
3 7792 6240 10256 
3 11242 746 10153 
3 2164 425 4553 
3 11297 11379 1988 
3 6294 6199 5607 
3 974 2048 2016 
3 6296 6297 5614 
3 11812 11743 6132 
3 6094 6196 5987 
3 6196 6603 6102 
3 6297 5988 5614 
3 5612 6199 6201 
3 6103 5995 5766 
3 6106 5618 5995 
3 1647 4426 2602 
3 11263 11325 11466 
3 7982 7677 3300 
3 6299 6400 6104 
3 1875 11362 11357 
3 6305 5770 6203 
3 6307 6304 5623 
3 5771 6205 6002 
3 6110 5889 5891 
3 6004 6110 5891 
3 6410 6111 5627 
3 8938 10538 11092 
3 10671 10629 9060 
3 5776 6411 6211 
3 6520 6007 6212 
3 11908 11904 3985 
3 3597 10336 9558 
3 5898 5777 6533 
3 4222 4071 3718 
3 603 11382 11400 
3 11625 11277 11445 
3 9690 5695 11270 
3 6328 6317 6315 
3 4623 97 10601 
3 9958 10118 10119 
3 1742 3087 879 
3 8032 8922 5720 
3 2707 726 9118 
3 5798 2248 4008 
3 9748 10128 11331 
3 6118 6330 6218 
3 8280 8469 9037 
3 7372 6545 5676 
3 9563 5568 7861 
3 7008 7347 7460 
3 6216 6328 6124 
3 5633 6121 6331 
3 2472 5598 6474 
3 3940 11574 3862 
3 5934 10719 6849 
3 6838 6400 6299 
3 11423 2521 11429 
3 6331 5502 5633 
3 6439 6018 6332 
3 3917 6082 3921 
3 5910 6226 5795 
3 6861 4327 123 
3 2572 10626 896 
3 6021 6025 6448 
3 11015 9719 3601 
3 6024 5914 6133 
3 6020 6133 5914 
3 5919 6237 6137 
3 6025 6022 6448 
3 6229 6026 5916 
3 6278 7115 7125 
3 6820 6911 6819 
3 5801 6137 6233 
3 7061 8722 8717 
3 5484 5621 5622 
3 6555 5916 6456 
3 5795 6232 6031 
3 4310 2738 5945 
3 1038 1035 5660 
3 2515 11424 7954 
3 1038 5660 8428 
3 6140 5803 6034 
3 3345 6045 6864 
3 10171 11851 5077 
3 5508 7309 7112 
3 5820 5930 6243 
3 6566 6036 5929 
3 5264 5298 5261 
3 5915 2287 5979 
3 10581 9031 6575 
3 5930 6043 6243 
3 6446 6236 5920 
3 7044 7835 11917 
3 2066 2055 1035 
3 6244 6350 5935 
3 10618 11430 11940 
3 2527 10706 11582 
3 7178 11022 6938 
3 10294 11917 7835 
3 5840 6688 6247 
3 2276 2438 2435 
3 8211 8246 644 
3 6522 6951 6524 
3 7804 7591 8153 
3 6043 5707 6356 
3 4534 6433 2482 
3 10137 11806 6708 
3 5842 5935 6361 
3 6433 4534 6586 
3 5843 6359 6254 
3 897 895 1020 
3 10695 10886 10365 
3 6047 6051 6149 
3 9965 7474 9139 
3 6051 6151 6149 
3 4054 7491 7446 
3 8841 7970 9653 
3 4771 644 8246 
3 3261 8447 3241 
3 5950 6368 6054 
3 4534 2482 11481 
3 1019 757 968 
3 11554 11551 11911 
3 10616 3341 837 
3 6365 6362 6151 
3 5038 4021 5044 
3 5314 5580 5576 
3 6382 6070 6166 
3 6258 6053 6371 
3 6054 6368 6475 
3 7770 8121 7883 
3 6109 6408 6005 
3 5727 5847 6258 
3 6445 6667 6452 
3 6263 6482 6372 
3 6058 5565 6257 
3 5954 6160 6259 
3 6259 6368 5954 
3 582 6631 11737 
3 5857 6158 5965 
3 5965 6482 6263 
3 4859 4687 4466 
3 7809 11085 6264 
3 9742 8931 11331 
3 6266 6160 5954 
3 6495 5856 6258 
3 9530 26 1040 
3 6269 6072 6061 
3 5729 5725 5580 
3 11049 7309 7337 
3 6268 5861 6377 
3 5859 5965 6263 
3 5959 6067 6580 
3 1441 3511 7408 
3 6187 3803 5383 
3 6072 6170 5972 
3 6163 5858 6276 
3 5475 4998 5604 
3 6169 5974 6164 
3 5870 6496 6161 
3 6494 6170 6380 
3 6282 6081 6279 
3 6164 5737 5861 
3 6501 6276 6387 
3 5969 6171 6166 
3 334 3640 2879 
3 6085 5587 6081 
3 6177 6274 5971 
3 8734 10334 9563 
3 6730 6302 6199 
3 888 1750 3420 
3 7240 7210 7232 
3 10671 9060 6262 
3 6179 5752 6385 
3 6172 5875 6386 
3 5789 5790 5640 
3 26 1077 1050 
3 6280 6421 6441 
3 6184 5880 6716 
3 9082 1270 8787 
3 6387 6592 6715 
3 6000 6205 5771 
3 3980 5780 1203 
3 6186 6389 5879 
3 6839 10891 9401 
3 5983 6394 6186 
3 9538 8734 5555 
3 3904 7292 5644 
3 11980 9608 8525 
3 7038 6728 7376 
3 10247 9464 8638 
3 8525 9124 2281 
3 7509 3623 11877 
3 6186 5755 5983 
3 7205 7324 7207 
3 2957 8072 3723 
3 6185 5985 5758 
3 6280 6441 6260 
3 6195 5757 5989 
3 5607 6199 5612 
3 5993 6101 6100 
3 7421 3347 2557 
3 6170 6072 6269 
3 6104 6400 6105 
3 8097 8095 8063 
3 6103 6604 5995 
3 6103 6603 6604 
3 6654 4992 10077 
3 6603 6094 6724 
3 4899 2210 10225 
3 6404 6610 6203 
3 6305 6107 5770 
3 6203 5621 6404 
3 5769 6404 5621 
3 5478 5230 4898 
3 6510 6304 6405 
3 8426 5923 11113 
3 9464 6964 9454 
3 6308 6206 6107 
3 6206 6205 6107 
3 6206 6003 6002 
3 5889 6001 5488 
3 303 11903 3977 
3 6280 6260 10279 
3 6209 5889 6110 
3 5625 5771 6002 
3 8615 7763 7768 
3 6411 5776 6210 
3 6211 6212 5894 
3 6007 6520 6412 
3 7972 1441 294 
3 6535 5777 6320 
3 11028 9454 8608 
3 9642 184 265 
3 5772 6406 6109 
3 6978 7208 6972 
3 6217 5495 5896 
3 6318 5783 5898 
3 5145 5185 5261 
3 2340 11109 6295 
3 4695 4697 4979 
3 6214 6426 6008 
3 184 10404 9672 
3 8811 226 9680 
3 7196 6655 7317 
3 6215 6118 6218 
3 5788 5918 6131 
3 6948 7750 9451 
3 5896 6323 6217 
3 9451 8605 6948 
3 5897 6214 6008 
3 6120 6328 6432 
3 1307 9773 8037 
3 2712 9680 226 
3 6120 5785 6328 
3 6324 5900 5904 
3 6288 6183 5980 
3 4201 4447 9530 
3 6118 6122 6330 
3 1624 1833 1569 
3 5785 6120 6122 
3 6432 6330 6120 
3 2489 5912 4168 
3 6013 6121 5633 
3 6438 5909 5906 
3 6026 5651 5916 
3 10905 10918 2481 
3 6455 6464 7232 
3 8172 11700 11517 
3 5926 6349 6246 
3 2363 2816 2630 
3 6562 6332 6131 
3 6021 6448 6673 
3 9625 11196 2604 
3 6027 5914 6024 
3 10396 11208 11200 
3 6231 5801 6341 
3 9625 2604 10404 
3 11200 11208 9471 
3 10308 8717 8722 
3 6673 6133 6021 
3 6036 6562 6131 
3 9355 10370 7047 
3 5926 6236 6452 
3 5920 6236 5926 
3 6461 6348 6034 
3 6034 6348 6140 
3 246 5915 4177 
3 4587 4661 4267 
3 7717 10204 9419 
3 1051 1063 3852 
3 4916 8359 4897 
3 6243 6043 6463 
3 3165 8318 3194 
3 5688 4832 3912 
3 10061 6019 7589 
3 5933 6247 6142 
3 6357 6043 6356 
3 208 201 4972 
3 6738 6844 6848 
3 342 6553 7030 
3 5736 10731 3951 
3 6191 6722 7146 
3 11112 10332 10337 
3 2072 2066 1035 
3 6248 6349 6359 
3 7835 7831 8689 
3 3744 1332 4581 
3 4630 2394 11166 
3 5915 5979 2169 
3 6145 6230 6141 
3 6044 6249 6252 
3 6572 6252 6249 
3 8374 8382 3805 
3 6364 6356 5707 
3 6252 6154 6044 
3 6371 6053 6361 
3 9953 9058 10285 
3 6487 6476 6373 
3 6365 6151 6054 
3 7908 9718 8895 
3 6573 6365 6475 
3 6365 6054 6475 
3 6259 6372 6368 
3 5847 6053 6258 
3 6079 5463 5733 
3 11491 1560 1740 
3 5706 6484 5848 
3 6362 6365 6573 
3 6154 6252 6269 
3 6488 5848 6484 
3 6154 6269 6061 
3 6481 6372 6482 
3 2325 11147 2336 
3 6252 6572 6378 
3 11981 6441 6421 
3 8931 7951 11331 
3 6158 6161 6490 
3 6257 5565 6065 
3 9720 10552 5968 
3 2970 8544 5395 
3 7695 8541 3731 
3 6373 6158 6490 
3 2978 2183 2106 
3 5381 3731 8541 
3 9339 11738 4510 
3 6158 6482 5965 
3 6283 6170 6384 
3 1668 2047 1552 
3 6737 6929 7053 
3 6268 6377 6379 
3 504 622 447 
3 11167 10638 11172 
3 11081 218 4262 
3 6270 5859 6263 
3 6268 6583 6164 
3 5861 6268 6164 
3 7539 7543 5986 
3 7210 7240 7287 
3 4502 5427 2703 
3 6382 6266 6070 
3 6380 6170 6269 
3 6389 6496 5870 
3 6384 6170 6494 
3 8464 10193 8379 
3 5073 1351 6814 
3 6171 6167 6277 
3 6166 6171 6277 
3 6270 6277 6167 
3 11055 11838 11009 
3 6999 7797 10266 
3 5602 5754 4994 
3 6500 6172 6386 
3 2482 6433 10333 
3 10163 2949 10944 
3 3131 8738 11964 
3 6167 5859 6270 
3 6591 5866 6172 
3 6591 6285 5866 
3 2482 10333 6295 
3 6282 6175 6081 
3 6085 6081 6175 
3 1983 928 4728 
3 1192 1306 1303 
3 6286 6385 6090 
3 2954 1044 2937 
3 6386 5875 6179 
3 1768 2733 1785 
3 8640 9467 8637 
3 6185 6184 6504 
3 10074 6631 11720 
3 5756 6722 6191 
3 11737 4982 3243 
3 11379 8968 1988 
3 5606 6292 6503 
3 6195 5983 5757 
3 6094 5759 6293 
3 3436 4474 8893 
3 6789 9450 11839 
3 4826 10019 8287 
3 1377 4826 8287 
3 10019 4826 9978 
3 6856 8586 5961 
3 6605 5995 6604 
3 5495 5781 5896 
3 6299 6300 6729 
3 6730 6199 6294 
3 6103 5479 6102 
3 6300 6106 5995 
3 6213 7750 6960 
3 6510 6101 5888 
3 6404 5769 6302 
3 5484 5344 5887 
3 2767 580 2789 
3 6411 6617 6211 
3 11928 10289 1818 
3 4380 214 4395 
3 5553 5176 5549 
3 5772 6003 6406 
3 6309 6003 6206 
3 6614 5889 6209 
3 6406 6003 6309 
3 8615 7750 7763 
3 6313 6111 6410 
3 6415 6416 6625 
3 2584 2585 2495 
3 6420 6317 6419 
3 6317 6530 6419 
3 6679 6644 2243 
3 6420 6315 6317 
3 6317 6425 6530 
3 6317 6216 6425 
3 3070 8989 1202 
3 10233 6760 8620 
3 6317 6328 6216 
3 6541 6425 6216 
3 6008 6537 6322 
3 6008 6877 6537 
3 246 3800 2287 
3 8352 8353 8178 
3 11597 11934 6091 
3 1963 11103 1947 
3 5583 5559 4673 
3 6426 6877 6008 
3 1466 1844 1464 
3 6124 6329 6216 
3 1077 26 56 
3 6214 5900 6324 
3 6432 6328 6315 
3 10843 10055 10888 
3 6318 6116 5783 
3 1669 5409 10425 
3 10755 9972 8347 
3 8083 7310 10536 
3 11819 6312 10989 
3 464 10781 9209 
3 6121 7198 6331 
3 6438 5906 6437 
3 4943 3070 3963 
3 4981 8511 4771 
3 7535 6880 6647 
3 5909 6438 5910 
3 11846 1506 1501 
3 6226 5910 6438 
3 6334 6439 6332 
3 8530 10211 3009 
3 9158 9153 7463 
3 1988 7023 11362 
3 6443 6024 6133 
3 8124 8082 7929 
3 8351 703 8292 
3 6030 7713 7689 
3 252 7689 7713 
3 9345 5394 9144 
3 5371 5397 5409 
3 1702 687 5949 
3 6027 5806 5917 
3 6137 6237 6233 
3 7047 11200 9471 
3 6347 6031 6232 
3 6344 6032 6140 
3 5845 6051 5844 
3 6459 6347 6232 
3 3165 3194 1423 
3 4457 5590 9804 
3 2762 10969 11199 
3 10383 10384 10215 
3 11195 9610 2520 
3 6034 6142 6461 
3 6467 6563 6358 
3 6566 6562 6036 
3 2746 9892 550 
3 9611 9614 11200 
3 6044 5692 5540 
3 4843 5962 8799 
3 5185 5264 5261 
3 6040 5554 5832 
3 218 244 1979 
3 6247 6688 6687 
3 6358 6350 6467 
3 1458 4881 5371 
3 5929 5823 6251 
3 6361 5935 6350 
3 5692 5169 5540 
3 6356 6473 6357 
3 11351 393 1279 
3 6357 6473 6358 
3 6019 10827 6781 
3 6364 6473 6356 
3 6692 5840 6360 
3 6423 6420 6531 
3 6468 5929 6251 
3 6473 6361 6358 
3 8372 8941 8740 
3 7638 7909 7618 
3 11170 11166 11173 
3 5379 5918 5788 
3 10348 2315 11985 
3 1900 11297 1988 
3 5145 5231 4252 
3 6473 6367 6361 
3 6371 6361 6367 
3 6688 5840 6692 
3 6360 6257 6696 
3 2731 3617 2737 
3 5702 5842 5847 
3 10968 10140 287 
3 6364 6256 6478 
3 1169 1170 1125 
3 6368 6481 6475 
3 10366 8775 11142 
3 6254 6701 6704 
3 6257 6360 6058 
3 11736 10920 84 
3 8411 6767 7543 
3 6992 3078 6991 
3 6378 6494 6380 
3 5457 10038 4542 
3 9108 9588 1096 
3 2988 4838 60 
3 11881 11049 7337 
3 6376 6256 6157 
3 8608 9454 6190 
3 6259 6263 6372 
3 6376 5956 5959 
3 6378 6269 6252 
3 6377 5848 6488 
3 6493 6256 6376 
3 8738 11978 11964 
3 6378 6380 6269 
3 6378 6576 6494 
3 6495 6258 6574 
3 6160 6270 6259 
3 9930 11546 6485 
3 6270 6263 6259 
3 7696 8018 7587 
3 5959 6580 6376 
3 4409 2600 4179 
3 4125 1052 1298 
3 6274 6819 6065 
3 9228 7532 5992 
3 6277 6270 6160 
3 1354 1356 9868 
3 10076 8456 8454 
3 1342 2428 2425 
3 6163 6584 6067 
3 6590 6179 6385 
3 6818 6067 6584 
3 6071 5969 6166 
3 8531 2949 10163 
3 5364 5265 5365 
3 6166 6277 6382 
3 2991 2000 2989 
3 5895 5809 7180 
3 1119 8882 9227 
3 6036 5812 5929 
3 6587 6276 6501 
3 6828 6274 6177 
3 2497 8379 10193 
3 8035 8923 5740 
3 8364 8378 5250 
3 6385 6286 6384 
3 6592 6387 6285 
3 8739 8935 8940 
3 11838 11839 11009 
3 6283 6384 6286 
3 6288 6085 6175 
3 8738 3131 10252 
3 8688 4981 8425 
3 5509 5513 2093 
3 5973 7539 5238 
3 6824 6184 6716 
3 8348 5976 9209 
3 5992 5976 4424 
3 11606 7539 5973 
3 6394 7137 6505 
3 5770 6000 5622 
3 6505 6186 6394 
3 5434 576 6839 
3 6943 7164 7506 
3 1902 5869 7360 
3 9874 1297 11975 
3 9746 9039 10446 
3 1836 5577 5453 
3 5988 6292 5606 
3 10120 8458 5022 
3 8340 7520 10781 
3 5846 6151 6051 
3 9868 1278 1354 
3 6603 6196 6094 
3 6602 6296 6400 
3 10821 11641 9258 
3 6100 6101 6508 
3 6605 6300 5995 
3 10615 3771 10619 
3 6296 6602 6297 
3 6148 6119 853 
3 6300 6299 5764 
3 6201 6199 6302 
3 6302 5769 6201 
3 5854 5964 6465 
3 3499 6465 5964 
3 9534 2440 10201 
3 7573 6657 7568 
3 3800 6260 11245 
3 8474 8122 8288 
3 1757 2813 6932 
3 5888 6304 6510 
3 6738 6309 6844 
3 5902 6813 8677 
3 6079 6072 5972 
3 6311 6313 6110 
3 8099 2984 11463 
3 9918 1311 2204 
3 6110 6407 6209 
3 7491 6990 4374 
3 4530 4518 4538 
3 6415 6522 6523 
3 6522 6417 6523 
3 8955 9514 9346 
3 6254 6484 5706 
3 6015 5166 11683 
3 10528 10183 10184 
3 6419 6628 6420 
3 6419 6527 6753 
3 4148 1981 7034 
3 11833 10989 10197 
3 9185 7486 10750 
3 10729 4376 7306 
3 8308 7499 8309 
3 3034 4868 10031 
3 5117 5235 5232 
3 6648 6315 6423 
3 3027 135 9967 
3 11812 11839 11838 
3 6318 5898 6533 
3 10724 11539 4303 
3 10173 8541 9397 
3 6255 2428 4344 
3 11819 6789 5991 
3 6758 6873 7307 
3 11362 1900 1988 
3 6648 6432 6315 
3 10840 11683 5166 
3 11838 1105 11812 
3 6884 6116 6318 
3 6427 6320 6429 
3 5934 6586 10719 
3 10840 5166 11655 
3 6132 11839 11812 
3 6064 10113 6069 
3 6329 6430 6541 
3 6214 6324 6647 
3 5261 5353 5231 
3 6330 6432 6218 
3 9140 8387 8192 
3 2805 6904 6932 
3 6535 6320 6427 
3 5752 5875 5329 
3 8811 11230 226 
3 5897 5256 5900 
3 11404 4111 7912 
3 7454 8275 5925 
3 6226 6773 6969 
3 6223 6966 6655 
3 6653 6013 6116 
3 5153 7454 5925 
3 703 628 8292 
3 7250 9049 5617 
3 8472 10089 6833 
3 8283 5925 8275 
3 6660 6334 6332 
3 2110 2977 1071 
3 3133 2787 2956 
3 6344 6343 6032 
3 6334 6886 6439 
3 5795 6969 6232 
3 6660 6332 6562 
3 3009 3157 8530 
3 5830 10548 3147 
3 5968 679 9846 
3 9305 6048 10089 
3 6340 6229 6442 
3 7813 8351 4890 
3 6445 6236 6663 
3 6442 6229 6664 
3 6236 6446 6663 
3 5444 5728 5729 
3 5795 6226 6969 
3 6231 6341 6554 
3 10877 11655 11672 
3 6229 6666 6664 
3 6782 6443 6133 
3 6445 6452 6236 
3 6133 6673 6782 
3 6233 6341 5801 
3 9144 5394 5317 
3 10212 6612 7742 
3 6238 6237 6032 
3 5806 6027 6680 
3 7529 644 11929 
3 6238 6032 6343 
3 6462 6349 6452 
3 6989 6237 6238 
3 6140 6348 6344 
3 5968 2222 10838 
3 4561 8001 6281 
3 6460 6139 5806 
3 9391 1093 10170 
3 6982 6783 7213 
3 5834 5821 5422 
3 6348 6461 6684 
3 225 6636 10355 
3 1241 1242 1046 
3 6467 6350 6347 
3 5296 7583 10062 
3 6452 6349 5926 
3 6460 6680 6793 
3 6567 6349 6462 
3 6682 6567 6462 
3 9131 7432 8265 
3 6043 6357 6463 
3 11743 11812 10933 
3 7148 5493 7185 
3 6566 6898 6562 
3 6351 2733 9143 
3 10214 10197 9438 
3 9288 7589 9303 
3 1093 9382 6089 
3 6253 6089 9382 
3 3468 9123 5130 
3 2064 2010 2020 
3 6100 6195 5989 
3 5898 5783 5361 
3 6687 6795 6247 
3 1044 9013 8363 
3 6361 6350 6358 
3 930 11435 6900 
3 6470 6359 6567 
3 5921 5665 5408 
3 834 1155 1161 
3 8903 9107 10498 
3 252 1986 7689 
3 5318 6225 3326 
3 10110 10892 10933 
3 8372 8740 8553 
3 9320 5913 6651 
3 3016 2224 2204 
3 5858 5442 5313 
3 2394 11173 11166 
3 2399 9085 6649 
3 6364 6478 6473 
3 6473 6478 6367 
3 5645 5640 5791 
3 6484 6254 6704 
3 1458 1393 5245 
3 6651 6669 6637 
3 8672 7752 10976 
3 7462 6906 6801 
3 10947 6015 10909 
3 7549 9228 5257 
3 6377 6488 7012 
3 6576 6378 6572 
3 11876 11055 10246 
3 6065 6492 6257 
3 6711 6493 6376 
3 749 1847 1913 
3 6809 6268 6379 
3 456 4601 342 
3 6268 6809 6583 
3 5381 11779 3721 
3 6382 6160 6266 
3 10909 6015 11725 
3 5341 11743 11704 
3 7759 342 4601 
3 8191 5111 7404 
3 6494 6712 6384 
3 5684 3907 10629 
3 9642 265 9850 
3 6169 6583 6497 
3 9838 6618 7403 
3 6387 6715 6501 
3 6715 6822 6501 
3 6581 3959 11920 
3 6444 8858 9518 
3 6279 6825 6282 
3 6282 6825 6595 
3 6717 6591 6172 
3 9838 7403 10598 
3 3269 5254 5143 
3 6868 7677 7982 
3 6595 7482 6918 
3 5809 8149 7180 
3 10154 11180 9631 
3 6507 4283 9286 
3 6904 2805 6290 
3 6185 6504 5985 
3 5050 5550 5551 
3 399 4374 6990 
3 9987 11598 8382 
3 5950 5957 5954 
3 5607 5612 5475 
3 11058 3508 11862 
3 8474 7995 8123 
3 5551 5694 5828 
3 6191 7146 6599 
3 119 4943 3963 
3 5788 6131 6332 
3 6881 7663 3698 
3 1094 3854 2997 
3 11429 10635 11423 
3 9059 6600 11406 
3 3596 9741 1756 
3 6779 8477 9350 
3 8723 11948 11113 
3 11683 11725 6015 
3 8767 8766 9149 
3 4116 6868 6561 
3 9704 1094 9753 
3 8542 11692 10895 
3 11553 3998 356 
3 6518 3785 949 
3 6398 6601 6195 
3 6292 5988 6297 
3 6608 6302 6730 
3 4040 9972 10755 
3 7279 7603 7718 
3 8130 1677 11371 
3 6304 6512 6405 
3 6512 6304 6307 
3 6588 7361 9814 
3 6247 5933 5696 
3 4951 8373 3923 
3 9052 8142 5069 
3 6613 6307 6108 
3 6309 6206 6737 
3 9785 5837 6569 
3 9022 3488 11570 
3 7519 7640 7420 
3 342 7552 6553 
3 10729 10727 412 
3 6109 6406 6516 
3 6109 6516 6408 
3 6620 6211 6617 
3 4981 4771 8246 
3 6413 6410 6412 
3 6409 6411 6210 
3 2877 6421 4386 
3 110 188 4389 
3 6752 6523 6417 
3 3391 5598 3405 
3 11636 188 7552 
3 7515 4364 4380 
3 11437 9419 11448 
3 6628 6756 6635 
3 6628 6419 6753 
3 10971 10186 1153 
3 6595 6918 6830 
3 7979 4514 1059 
3 6635 6420 6628 
3 6419 6530 6527 
3 6635 6531 6420 
3 6527 6529 6865 
3 11672 11704 10877 
3 6530 6640 6529 
3 6425 6640 6530 
3 7349 8130 6570 
3 1681 1646 9716 
3 8624 8623 9019 
3 6425 6541 6539 
3 6322 6539 6323 
3 6650 6432 6648 
3 6430 6539 6541 
3 6430 6323 6539 
3 6540 6218 6650 
3 4517 1021 6245 
3 6970 7218 7765 
3 6430 6217 6323 
3 6329 6217 6430 
3 6256 6364 5707 
3 6543 6647 6324 
3 6663 6551 6445 
3 8026 6474 5598 
3 6884 6653 6116 
3 2462 3363 4263 
3 1482 5196 11845 
3 5796 5651 6026 
3 2802 8470 3117 
3 2049 316 4430 
3 1062 125 116 
3 6439 6966 6018 
3 4054 2085 7491 
3 11725 11683 9314 
3 5871 6759 6760 
3 9153 8274 7463 
3 3621 1538 6369 
3 11332 8080 10523 
3 5646 9082 1609 
3 7888 4263 3369 
3 8514 6875 6097 
3 8337 7935 7934 
3 6699 6694 6697 
3 6447 6978 6663 
3 6023 6778 6661 
3 6232 6969 6776 
3 6561 6399 4116 
3 11109 2340 11018 
3 6452 6676 6462 
3 2977 2110 2103 
3 6340 6026 6229 
3 679 5968 10838 
3 10727 10729 6388 
3 4116 6399 9746 
3 5196 5851 11845 
3 6673 6448 6670 
3 8057 7832 7730 
3 4054 4116 9746 
3 1698 1760 1843 
3 6981 6450 6443 
3 10864 11050 11052 
3 10840 11655 11626 
3 9981 5746 9753 
3 11306 10146 8086 
3 2780 6219 9675 
3 11941 946 4461 
3 10816 10840 11626 
3 11941 4461 11265 
3 5864 6083 6387 
3 6676 6894 6682 
3 6344 6787 6343 
3 7316 6548 9766 
3 3817 11640 11695 
3 7233 6993 7113 
3 5306 5186 5178 
3 6459 6563 6467 
3 9766 6548 8090 
3 11102 4038 6017 
3 11929 7335 7529 
3 3211 296 549 
3 3293 2254 1422 
3 7529 1214 644 
3 6463 6357 6563 
3 6790 6567 6682 
3 6463 6681 6243 
3 7432 5901 8265 
3 6358 6563 6357 
3 6901 6898 6566 
3 6901 6566 6468 
3 8083 4161 7310 
3 6799 6800 6703 
3 6474 8026 9671 
3 10816 11626 11623 
3 6468 6571 6694 
3 6690 6470 6567 
3 6696 6692 6360 
3 5784 8086 3061 
3 6249 6691 6572 
3 7820 6261 5526 
3 10021 11616 4513 
3 6470 6798 6799 
3 5383 7839 6187 
3 5684 10671 11494 
3 6778 7665 7211 
3 6470 6701 6254 
3 6487 6903 6476 
3 2600 6556 7313 
3 7233 7113 7234 
3 6476 6698 6699 
3 6704 6701 6703 
3 6706 6484 6704 
3 8080 7261 10520 
3 6490 6487 6373 
3 3291 1533 6708 
3 6706 6488 6484 
3 11614 4714 11616 
3 6481 6699 6475 
3 6493 6709 6478 
3 6478 6709 6367 
3 6574 6367 6709 
3 6120 6330 6122 
3 6487 6490 7124 
3 7270 8077 8075 
3 11444 10635 11429 
3 6492 6696 6257 
3 11463 11973 11817 
3 11985 8879 11140 
3 11049 11881 10251 
3 1685 4442 655 
3 11978 11140 8879 
3 10237 10246 11055 
3 6087 11594 781 
3 9852 5109 5098 
3 6597 9848 7370 
3 6712 6494 6576 
3 6712 6576 7014 
3 5237 5623 5348 
3 11071 11877 5809 
3 7999 8853 8867 
3 5772 6109 6005 
3 6495 7027 6279 
3 6382 6277 6160 
3 6815 6385 6384 
3 8820 625 697 
3 8382 11598 10796 
3 6822 6713 6587 
3 6496 6823 6585 
3 6826 6496 6389 
3 6590 6714 6500 
3 6820 6819 6828 
3 5770 6107 6000 
3 11609 4692 10009 
3 6068 8485 6841 
3 9655 10153 2850 
3 5264 5303 5298 
3 7982 4607 6868 
3 5687 5681 5833 
3 6825 7482 6595 
3 7404 7386 9059 
3 6175 6595 6830 
3 11175 3199 11177 
3 6288 6175 6830 
3 6827 7135 6718 
3 6722 6183 6920 
3 6183 6830 6920 
3 6828 6503 6292 
3 6834 6601 7380 
3 6489 8919 8932 
3 7496 7497 7819 
3 7266 7269 7488 
3 6151 6362 6149 
3 5945 11924 2481 
3 43 5258 728 
3 56 71 1077 
3 6601 6398 7265 
3 5265 4284 5264 
3 6838 6299 6726 
3 6294 6191 6599 
3 8922 8032 9723 
3 7598 7271 7494 
3 5966 7520 9983 
3 8919 7229 8916 
3 7038 6604 6728 
3 6602 6400 6838 
3 2771 9244 2797 
3 6604 7038 6605 
3 4433 7850 7862 
3 7040 6300 6605 
3 5966 5224 7520 
3 4433 11795 7850 
3 5764 6106 6300 
3 6731 6508 6510 
3 11456 5141 9120 
3 6508 6101 6510 
3 6613 6611 6307 
3 6305 6203 6732 
3 7977 7642 7524 
3 6614 6209 6933 
3 919 4430 316 
3 5359 6278 6291 
3 6846 6933 6209 
3 9655 2850 550 
3 6516 6406 6738 
3 5658 6140 5922 
3 7280 7399 7606 
3 10155 4350 4286 
3 6742 6313 6410 
3 6615 6742 6410 
3 9029 7349 9814 
3 6110 6313 6407 
3 6746 6616 6409 
3 11161 278 7776 
3 11276 7229 7215 
3 6411 6616 6617 
3 6111 6313 6311 
3 6620 6623 6520 
3 6747 6615 6413 
3 6520 6212 6620 
3 7255 4572 5496 
3 1172 1171 292 
3 6411 6409 6616 
3 6212 6211 6620 
3 6709 6579 6574 
3 6620 6617 6857 
3 5122 6958 488 
3 6857 6858 6620 
3 6620 6858 6623 
3 8898 8035 5740 
3 6416 6860 6625 
3 6522 6415 7072 
3 8323 8597 10751 
3 6752 7289 6627 
3 919 316 6135 
3 11547 9936 11557 
3 6753 6953 6628 
3 6627 6416 6523 
3 6863 6417 6524 
3 11110 5085 1963 
3 6189 9004 2503 
3 6757 6531 6635 
3 6529 6640 6869 
3 6869 6865 6529 
3 9936 10742 11557 
3 6423 6757 6639 
3 5798 2243 2248 
3 7175 7511 7615 
3 7650 7312 6318 
3 10911 5122 9517 
3 11224 1044 8363 
3 6639 6648 6423 
3 6645 6539 6322 
3 6539 6640 6425 
3 7031 6504 6917 
3 6318 6533 7650 
3 6537 6645 6322 
3 6789 11839 5872 
3 8963 8074 8083 
3 11947 1021 4517 
3 5166 11656 11655 
3 6650 6218 6432 
3 6650 6648 6540 
3 6429 6540 6764 
3 6427 6429 6764 
3 6429 6218 6540 
3 4039 4016 1250 
3 6121 6653 7198 
3 5948 10001 8325 
3 6226 6772 6773 
3 6340 6778 6023 
3 8995 6558 7316 
3 3136 2357 7060 
3 6445 6551 6667 
3 6442 6664 7094 
3 4765 4968 4965 
3 6448 6661 6670 
3 9767 1988 8968 
3 6782 6673 6783 
3 5080 5732 5315 
3 6666 6665 6664 
3 6663 6972 6551 
3 6554 6341 6979 
3 6671 6978 6447 
3 6667 6676 6452 
3 4043 9670 7961 
3 2163 3038 3912 
3 5648 5799 5517 
3 6676 6889 6894 
3 7976 7970 8841 
3 6632 11502 4055 
3 9055 5084 10592 
3 6677 6681 6784 
3 6237 6989 6233 
3 6989 6895 6233 
3 11502 9110 4055 
3 6463 6784 6681 
3 5016 3597 10274 
3 11389 10014 10009 
3 9404 11789 10164 
3 10965 11789 9404 
3 11077 11073 1694 
3 6238 6683 6989 
3 6896 6344 6684 
3 6467 6347 6459 
3 6683 6238 6343 
3 6586 3337 10719 
3 6461 6791 6684 
3 6400 6296 6105 
3 6249 6352 6691 
3 6685 6352 6793 
3 8958 6538 10533 
3 11513 9118 7197 
3 7000 6690 6790 
3 6913 700 6076 
3 5889 6614 6001 
3 11637 4714 9261 
3 6901 6468 6694 
3 1835 3283 2506 
3 10933 10892 11743 
3 6694 6571 6697 
3 6694 6699 6901 
3 6692 6696 7004 
3 8139 8011 8665 
3 6698 6476 6903 
3 6470 6799 6701 
3 10136 10774 3813 
3 2433 2202 2279 
3 4607 628 703 
3 6799 6703 6701 
3 10053 11637 9261 
3 6707 6572 6905 
3 6696 6492 7004 
3 246 4177 8473 
3 6371 6367 6574 
3 11475 2886 9062 
3 11459 3137 9859 
3 10220 11833 10197 
3 11451 11485 11464 
3 5136 5127 137 
3 4847 5629 8769 
3 6584 6713 6818 
3 5147 5826 5810 
3 4975 4620 5097 
3 11662 3194 8318 
3 8825 4847 8769 
3 933 1806 2608 
3 4272 6059 7889 
3 4836 4841 4746 
3 10187 10537 10190 
3 6384 6712 6815 
3 6584 6587 6713 
3 10326 5774 7043 
3 7027 6825 6279 
3 6718 6285 6591 
3 6718 6592 6285 
3 6718 6715 6592 
3 7945 7946 8054 
3 7924 7915 8791 
3 6826 6389 6505 
3 11409 10711 10715 
3 5353 3320 5231 
3 7136 6826 6505 
3 4583 4597 7430 
3 11981 11432 6441 
3 7521 471 6659 
3 6601 6834 6394 
3 2657 6092 7755 
3 9013 2100 9704 
3 11444 11451 10635 
3 9610 10371 2458 
3 6578 10344 8650 
3 6724 6728 6604 
3 6359 5843 6248 
3 3849 1050 1077 
3 6604 6603 6724 
3 11155 10632 10134 
3 6726 6299 6729 
3 6608 6730 6924 
3 6046 6074 781 
3 4205 11581 11596 
3 6599 6730 6294 
3 6770 6771 5030 
3 7075 6524 6951 
3 6770 283 5871 
3 6605 7038 7040 
3 6508 6731 7266 
3 8775 9604 3976 
3 6510 6405 6731 
3 6405 6609 6731 
3 1172 292 9568 
3 6608 6610 6404 
3 11718 2288 590 
3 6611 6512 6307 
3 2877 2975 3030 
3 6305 6732 6308 
3 7149 6610 6608 
3 7755 10673 2831 
3 3738 1023 3838 
3 6614 6933 6613 
3 6850 6848 6847 
3 6933 6846 7055 
3 7038 7377 7036 
3 10726 2611 4409 
3 6407 6935 6846 
3 7052 6933 7055 
3 6516 6738 6848 
3 6516 6850 6741 
3 7072 6415 6625 
3 11934 11931 7766 
3 11393 4282 2705 
3 6745 6409 6408 
3 11636 4389 188 
3 855 873 3742 
3 6741 6745 6408 
3 6742 6615 6852 
3 6409 6745 6746 
3 6615 6747 6852 
3 2705 4282 2482 
3 2521 11423 10603 
3 5261 6235 5353 
3 6616 6854 6617 
3 9833 11424 2503 
3 6616 6749 6854 
3 6623 6946 6751 
3 4282 11481 2482 
3 6748 6746 6745 
3 6748 6749 6746 
3 2870 4866 8582 
3 1064 11284 10482 
3 3975 3084 10242 
3 11262 11393 2705 
3 11323 7694 377 
3 11399 2521 10603 
3 6747 6413 6751 
3 6623 6751 6413 
3 681 548 587 
3 6635 6871 6757 
3 10032 11623 7473 
3 4302 7686 1126 
3 7151 7149 7387 
3 6423 6531 6757 
3 7433 7434 6772 
3 8757 5568 9563 
3 8741 7866 4779 
3 6757 6873 6639 
3 6417 6863 6752 
3 11299 11567 1669 
3 6871 6635 6756 
3 5413 7717 9419 
3 9517 11862 3384 
3 3980 1203 10155 
3 6873 6758 6639 
3 5837 9785 9799 
3 6535 6427 6642 
3 7190 9690 7999 
3 8938 3438 6997 
3 6764 6639 6763 
3 6648 6639 6764 
3 5555 8734 7861 
3 6879 6640 6645 
3 6214 6880 6426 
3 4908 8853 4885 
3 11758 435 11558 
3 1957 469 6431 
3 6543 6223 6655 
3 287 11685 10846 
3 8640 9476 9467 
3 11109 11262 2705 
3 6636 4899 10225 
3 6608 6404 6302 
3 11109 2482 6295 
3 6340 6442 6778 
3 6772 6437 7433 
3 6773 7541 6969 
3 6014 4439 2022 
3 6972 6663 6978 
3 6664 6665 6888 
3 11081 4262 11785 
3 7207 6974 6889 
3 4890 4954 7813 
3 6978 6671 7097 
3 8074 9941 9727 
3 3239 5110 11101 
3 6981 6443 6782 
3 6665 6666 6451 
3 6889 6676 6667 
3 10967 10197 10989 
3 6640 6539 6645 
3 6785 7101 6562 
3 6891 6783 6673 
3 6720 10276 11079 
3 7416 6863 7075 
3 6784 7212 6677 
3 6812 9295 6811 
3 9481 2587 702 
3 6341 6233 7216 
3 7097 6671 6554 
3 2237 1412 2858 
3 6555 6677 6451 
3 10566 11263 1810 
3 11325 11263 10566 
3 6682 6462 6676 
3 10286 3892 8705 
3 6221 6329 6124 
3 6221 5495 6217 
3 6847 6844 7053 
3 9892 6925 550 
3 4129 55 2290 
3 11764 5852 11767 
3 7574 9273 10062 
3 7831 7029 8689 
3 4008 4964 5798 
3 6896 6684 6791 
3 7729 4866 7721 
3 10708 11497 10682 
3 6562 6898 6785 
3 3667 4602 5521 
3 6993 7000 6790 
3 6567 6790 6690 
3 6877 7428 7086 
3 8148 7911 8314 
3 2401 716 11954 
3 7000 7001 6690 
3 7347 7350 7459 
3 6107 6305 6308 
3 6901 6902 6998 
3 5409 1669 1615 
3 7012 6488 6706 
3 7459 7567 7895 
3 11150 8945 7010 
3 6697 6573 6699 
3 7007 6799 6798 
3 11350 1875 11357 
3 6903 6487 7120 
3 6800 6799 7007 
3 7120 6487 7124 
3 2064 838 2010 
3 5254 3280 5372 
3 6801 6703 6800 
3 6748 7280 7281 
3 6590 6815 6714 
3 11444 241 11451 
3 6803 6706 6704 
3 7611 6816 10552 
3 6906 6704 6703 
3 5410 5163 5415 
3 7483 7467 2979 
3 6493 7015 6709 
3 6819 6492 6065 
3 6911 6492 6819 
3 6908 6492 6911 
3 6818 6711 6580 
3 7797 5507 7018 
3 6344 6348 6684 
3 10538 7950 3286 
3 6493 6711 7015 
3 6809 6810 6583 
3 11948 6401 11113 
3 5684 10629 10671 
3 6201 5765 5612 
3 11079 7809 7013 
3 8744 8724 1579 
3 6815 7244 6714 
3 5549 5065 5288 
3 6717 6500 7365 
3 5048 1817 1809 
3 10171 11829 5058 
3 6716 7021 6824 
3 6587 6501 6822 
3 10724 4303 10710 
3 6916 6715 6718 
3 6827 6591 6717 
3 10250 6240 8648 
3 2103 2110 9342 
3 8952 8905 5599 
3 5321 2107 5044 
3 6555 6451 6666 
3 11745 247 11211 
3 11776 11926 7645 
3 9574 10687 9834 
3 11208 67 9471 
3 6917 7478 7031 
3 6921 6293 7031 
3 8428 1040 1038 
3 6920 6830 6919 
3 7933 9227 8882 
3 11745 11903 303 
3 383 11906 3957 
3 7220 7221 7553 
3 8637 7768 6977 
3 5387 7116 2691 
3 9052 9055 9824 
3 7479 7035 6921 
3 1224 2882 6048 
3 6292 6297 7042 
3 7689 1986 4395 
3 5992 7532 5976 
3 3962 5141 11456 
3 11622 11351 6284 
3 6424 7210 6366 
3 5148 1421 1430 
3 11785 4298 244 
3 7150 7494 7271 
3 6611 6736 7048 
3 6608 6924 7383 
3 7391 8347 9972 
3 2528 5945 10983 
3 1430 1421 2220 
3 7150 7271 6927 
3 6206 6308 6737 
3 6844 6847 6848 
3 6737 6844 6309 
3 6406 6309 6738 
3 6850 6516 6848 
3 6407 6742 6935 
3 797 826 906 
3 7335 456 7030 
3 5850 6723 4646 
3 6623 6413 6520 
3 6742 6937 6935 
3 6742 6853 6937 
3 6748 6745 6851 
3 5011 10105 10109 
3 6413 6615 6410 
3 10442 10241 11260 
3 8318 1418 10024 
3 6747 6750 6852 
3 6536 2500 2486 
3 5145 5261 5231 
3 2503 9004 9833 
3 6750 6747 6751 
3 6580 6067 6818 
3 6858 6946 6623 
3 6061 5849 6154 
3 6944 6749 6855 
3 7070 6857 6944 
3 10256 9492 7792 
3 6625 6860 7168 
3 6948 6960 7750 
3 6628 6953 6955 
3 153 11774 7619 
3 6757 6871 6873 
3 2113 3671 6077 
3 5786 2562 5763 
3 6863 6524 7075 
3 6088 10962 8539 
3 6753 6527 6865 
3 7082 6756 6955 
3 6756 6628 6955 
3 7075 7514 7416 
3 1207 8443 4954 
3 11085 6267 6264 
3 3279 8016 5695 
3 6733 10744 3240 
3 3985 2278 10739 
3 6162 6942 6939 
3 5519 4609 5529 
3 6287 8000 11625 
3 6162 6939 5432 
3 10452 10442 11260 
3 6516 6741 6408 
3 6504 6184 6824 
3 6764 6763 6427 
3 9730 9729 9560 
3 7191 7428 6877 
3 6764 6540 6648 
3 7207 6667 6887 
3 7852 7068 3143 
3 2440 11110 8453 
3 6931 10241 10442 
3 7434 7541 6773 
3 11115 6281 9750 
3 550 6925 9655 
3 7551 11402 5903 
3 4977 4041 2271 
3 6772 6438 6437 
3 6667 6551 6887 
3 11109 2705 2482 
3 6334 6660 7540 
3 6888 7094 6664 
3 7208 6887 6972 
3 7206 6778 6442 
3 7206 6442 7094 
3 4066 9253 88 
3 6660 6970 7203 
3 6551 6972 6887 
3 6776 6969 7091 
3 7540 6660 7203 
3 702 5967 11020 
3 9692 9694 10216 
3 4787 8770 9564 
3 6670 6661 6890 
3 6451 6976 6665 
3 10200 4595 8562 
3 3678 3667 5528 
3 7099 6980 6981 
3 6986 6894 7096 
3 474 586 553 
3 10407 772 750 
3 6889 7096 6894 
3 6233 6895 7216 
3 6217 6329 6221 
3 3800 11245 3870 
3 2245 3116 201 
3 8322 5966 9983 
3 9876 3573 3350 
3 4352 4282 11757 
3 6463 6675 6784 
3 6793 6680 6450 
3 6880 6214 6647 
3 6682 6988 6790 
3 6787 6896 7106 
3 6988 6993 6790 
3 6787 6344 6896 
3 4005 11908 3985 
3 5528 3667 5521 
3 6791 6795 6995 
3 6461 6795 6791 
3 8384 8555 8198 
3 8422 11157 10373 
3 3516 1755 8697 
3 7233 7000 6993 
3 10965 9404 10170 
3 7559 6795 6687 
3 6998 6898 6901 
3 8922 9709 4938 
3 6901 6903 6902 
3 5409 1615 5371 
3 6141 8550 5405 
3 6692 7004 7235 
3 6698 6901 6699 
3 7120 7238 6903 
3 7007 7006 7119 
3 7009 6801 6800 
3 7695 9397 8541 
3 10404 184 9629 
3 7006 6798 7001 
3 1135 4298 11933 
3 6803 6704 6906 
3 6906 6703 6801 
3 11018 10838 2222 
3 7618 11580 2527 
3 10400 5168 11208 
3 11020 1086 702 
3 7240 7302 7287 
3 2902 2817 2722 
3 6505 6389 6186 
3 3721 11779 8527 
3 8796 10389 9625 
3 7249 6495 6579 
3 4902 4901 5004 
3 6495 7131 7027 
3 5538 5810 5826 
3 7024 7026 6822 
3 7026 6713 6822 
3 5853 10912 9310 
3 1527 4331 6940 
3 6105 5614 5229 
3 8516 10152 5367 
3 4955 7563 10140 
3 9573 4177 9696 
3 6991 5809 5895 
3 6293 6921 6724 
3 3147 4046 5830 
3 3134 3307 3047 
3 515 5374 8524 
3 7837 8361 8532 
3 6921 6728 6724 
3 8801 6202 3098 
3 9610 2458 2520 
3 7146 6722 6920 
3 7053 7057 7058 
3 6094 6293 6724 
3 6793 6352 6460 
3 10119 9772 9442 
3 6729 7040 7041 
3 8325 7499 5948 
3 5968 10552 2222 
3 11200 7047 9611 
3 5690 2169 10774 
3 463 462 392 
3 6371 6574 6258 
3 1578 9213 11458 
3 6927 7046 6609 
3 6512 6927 6609 
3 6927 6512 7048 
3 10012 9211 8364 
3 11284 3086 9718 
3 4066 5841 9253 
3 2939 5374 8514 
3 6928 6929 6737 
3 6928 6737 6308 
3 6681 6555 6456 
3 6149 6362 6251 
3 1920 2728 3946 
3 5271 11967 6885 
3 10361 9588 9108 
3 8688 8679 8929 
3 1255 4972 2266 
3 7058 6850 6847 
3 6936 6846 6935 
3 7058 7064 6850 
3 7178 10233 9458 
3 6874 6869 6640 
3 6742 6407 6313 
3 7178 11040 10233 
3 8032 7241 9723 
3 6850 7064 6941 
3 8551 8939 8733 
3 6943 6852 6750 
3 6941 6741 6850 
3 6853 7162 6937 
3 10348 7782 2325 
3 7067 6748 6851 
3 5966 6719 5187 
3 6853 7506 7162 
3 6852 6853 6742 
3 1829 1739 1562 
3 3917 3921 1189 
3 6376 6157 5956 
3 6949 6946 6947 
3 1700 1699 1635 
3 6858 6857 7070 
3 7774 11136 11987 
3 102 9253 10868 
3 7774 10336 11136 
3 11267 10464 11272 
3 6625 7168 7072 
3 6858 6947 6946 
3 6752 7176 7073 
3 6860 6627 6862 
3 6947 7071 6949 
3 7169 6522 7072 
3 6951 6522 7169 
3 10108 4505 6841 
3 8425 8679 8688 
3 7174 7627 7291 
3 316 6016 2022 
3 7080 6953 6952 
3 7289 6752 7073 
3 6868 4607 2430 
3 10197 10214 10220 
3 3940 3862 11557 
3 7589 9288 10061 
3 9326 8476 5320 
3 6953 7080 6955 
3 6603 6103 6102 
3 11614 10017 8436 
3 5831 4646 9281 
3 6953 6753 6954 
3 7081 6953 6954 
3 7186 6959 6756 
3 5936 5932 7474 
3 5940 8283 9179 
3 7446 7491 10071 
3 7756 8738 10252 
3 10452 11260 10287 
3 6372 6481 6368 
3 6867 6865 6869 
3 8425 4981 8246 
3 6879 6874 6640 
3 7428 7531 7086 
3 8345 9094 8179 
3 6877 7086 6537 
3 6876 7650 6533 
3 7191 6426 6880 
3 7192 6535 6642 
3 6642 7085 7192 
3 2511 2504 4168 
3 7085 6763 6639 
3 6763 7085 6642 
3 6195 6100 6398 
3 7085 6639 6758 
3 944 8425 8246 
3 11567 11299 5690 
3 6645 6537 6879 
3 8309 7499 8325 
3 6423 6315 6420 
3 6422 9534 10201 
3 6884 7088 6965 
3 7314 7195 6543 
3 10688 6735 3907 
3 7862 11407 2056 
3 6653 6884 6965 
3 11495 1583 11676 
3 10051 4540 10846 
3 10821 5276 6774 
3 6888 6665 6976 
3 7427 7307 7644 
3 9303 3642 9305 
3 11271 188 110 
3 3269 4202 73 
3 7540 6886 6334 
3 944 8220 9888 
3 11103 1963 5085 
3 5552 4641 3713 
3 5269 4421 5986 
3 6806 9295 6812 
3 5675 7329 5712 
3 6538 6546 7313 
3 6890 6661 7211 
3 7450 8274 8271 
3 6889 6974 7096 
3 6978 7326 7208 
3 6234 667 2640 
3 6723 10687 9281 
3 6670 6891 6673 
3 6982 6782 6783 
3 6782 6982 6981 
3 4984 630 11806 
3 6890 7330 6891 
3 5807 476 11914 
3 6986 7096 7331 
3 7777 7557 7678 
3 703 8351 7813 
3 6979 6341 7216 
3 7755 7749 2657 
3 7445 11914 421 
3 8441 5299 6811 
3 6986 7102 6894 
3 7006 7007 6798 
3 880 956 881 
3 10283 1818 10289 
3 4775 4778 5092 
3 6675 6776 6893 
3 5913 4324 6669 
3 3326 4344 1321 
3 7218 7107 7220 
3 1093 9391 9382 
3 6807 3640 6804 
3 5353 5318 3320 
3 5073 320 1351 
3 9104 5662 4271 
3 5982 6882 5990 
3 6408 6409 6005 
3 7102 6988 6682 
3 6784 6893 6984 
3 5141 8257 7441 
3 11086 4363 11088 
3 6995 7109 6791 
3 407 349 455 
3 3239 10327 11955 
3 6691 6352 6685 
3 6691 6685 7231 
3 6898 6998 6785 
3 6785 6998 7107 
3 4312 2657 7749 
3 6998 7108 7107 
3 5142 5264 5185 
3 10375 11416 11125 
3 6902 7110 7108 
3 10821 9258 6012 
3 6688 6692 6687 
3 6998 6902 7108 
3 1818 11083 1797 
3 7236 7110 7238 
3 11077 1797 11083 
3 6692 7561 6687 
3 2977 2152 2115 
3 7549 11635 9228 
3 6903 7238 6902 
3 7233 7001 7000 
3 7231 6905 6691 
3 8677 11915 7728 
3 3998 5778 3977 
3 7225 7228 7230 
3 7119 7009 7007 
3 7345 11416 11419 
3 11414 11150 1810 
3 2728 2824 3967 
3 7813 4954 7251 
3 7008 7353 7009 
3 9579 1051 8970 
3 6651 6637 9870 
3 5997 5250 8378 
3 1412 2262 539 
3 7657 7667 3766 
3 7124 6710 7248 
3 6710 6585 7248 
3 6810 6809 7126 
3 7014 6707 6909 
3 7014 7244 6815 
3 9636 333 4460 
3 11033 11372 11213 
3 7021 6497 6583 
3 6815 6712 7014 
3 9528 9522 10056 
3 2882 1224 1229 
3 7579 3522 7680 
3 7129 7019 6713 
3 6707 6576 6572 
3 5986 5238 7539 
3 11022 10203 10968 
3 7022 6824 7021 
3 456 7335 11929 
3 11136 10380 11987 
3 7135 7368 6718 
3 7368 6916 6718 
3 6715 6916 7024 
3 7024 6822 6715 
3 2677 5869 8174 
3 7366 6827 6717 
3 7131 7369 7027 
3 6591 6827 6718 
3 6820 6828 7141 
3 8430 6792 8411 
3 2767 1681 580 
3 8476 6064 2099 
3 7923 7431 11303 
3 7042 7262 6292 
3 7033 6921 7031 
3 10827 6019 10833 
3 6840 7146 7593 
3 6528 3759 5067 
3 6728 6921 7035 
3 7265 7380 6601 
3 7143 6919 7379 
3 7041 7040 7036 
3 7373 7263 6726 
3 10894 10909 11725 
3 6840 6924 6599 
3 9168 9172 9369 
3 6924 6730 6599 
3 7269 7266 6731 
3 7046 6731 6609 
3 7046 7269 6731 
3 10499 8075 8951 
3 3240 2966 808 
3 6405 6512 6609 
3 6610 7050 6732 
3 6500 6714 7365 
3 7149 7050 6610 
3 7271 7046 6927 
3 10891 576 10888 
3 7050 7151 7049 
3 7151 6929 7049 
3 6928 7049 6929 
3 11009 10237 11055 
3 7052 6613 6933 
3 1847 1920 3946 
3 7151 7054 6929 
3 9981 9179 5746 
3 7309 11049 11040 
3 7054 7057 7053 
3 7055 7056 7155 
3 7357 7352 9807 
3 8505 5336 10130 
3 7055 6936 7056 
3 7273 7054 7151 
3 6936 7160 7056 
3 11022 7178 9458 
3 10755 8347 10751 
3 2931 3204 2933 
3 6935 7160 6936 
3 7842 7843 7967 
3 6937 7162 7397 
3 11938 8183 8343 
3 7160 6935 6937 
3 9588 11987 1096 
3 3951 7292 3904 
3 6361 6053 5842 
3 5992 5257 9228 
3 8685 8194 10280 
3 11459 9859 11457 
3 5675 5712 5680 
3 10220 9450 6789 
3 6716 6176 6497 
3 11245 11432 11679 
3 6853 6943 7506 
3 7281 6855 6748 
3 7177 6752 6863 
3 7305 7186 7082 
3 8322 6719 5966 
3 7069 6855 7281 
3 7166 6943 6750 
3 6756 7082 7186 
3 8020 3478 6761 
3 2211 2548 2132 
3 11195 11196 10389 
3 7386 5862 9059 
3 10024 1519 8287 
3 7105 62 11726 
3 6416 6627 6860 
3 7830 6860 6862 
3 9342 19 2103 
3 6753 6865 6954 
3 3098 996 2134 
3 10203 11022 9458 
3 5364 4284 5265 
3 7834 7511 7290 
3 7078 6952 7076 
3 7070 7507 7609 
3 3741 3764 5474 
3 7183 7079 7081 
3 7078 7080 6952 
3 7674 8836 8835 
3 6953 7081 6952 
3 6952 7081 7079 
3 976 8428 974 
3 7294 7179 7181 
3 562 350 457 
3 7082 6955 7080 
3 9204 6075 988 
3 10726 7292 3951 
3 11268 7200 8847 
3 6865 6867 6954 
3 7424 7305 7303 
3 7486 8338 6725 
3 2462 6593 461 
3 7584 7790 7794 
3 11518 9169 4025 
3 2047 2303 2146 
3 7748 7308 7189 
3 7189 6873 6959 
3 11009 11839 9450 
3 7192 6758 7307 
3 7688 7786 7132 
3 7534 6876 7192 
3 6535 7192 6876 
3 4168 5912 141 
3 2101 2071 4032 
3 1900 11362 2545 
3 6537 7086 6879 
3 11538 8283 8275 
3 3986 5615 9628 
3 1132 3910 107 
3 3640 6807 8454 
3 7196 6543 6655 
3 9182 9981 9186 
3 110 10560 11271 
3 2024 1874 1950 
3 7640 7519 7854 
3 8615 9451 7750 
3 10186 10971 9426 
3 7088 6884 7312 
3 2440 9534 11110 
3 11958 7552 188 
3 7199 6966 6886 
3 10236 746 9668 
3 2085 6990 7491 
3 6069 10113 9339 
3 3004 1114 10601 
3 8853 10428 7980 
3 7923 6983 4331 
3 7106 7224 6787 
3 7080 7078 7304 
3 6887 7208 7322 
3 2843 7979 1059 
3 3273 3364 3361 
3 10106 2266 4972 
3 10843 4882 11637 
3 7097 7326 6978 
3 10971 9401 7604 
3 5786 8371 7493 
3 7095 7096 6974 
3 7807 11058 6125 
3 7097 6554 6979 
3 6966 6439 6886 
3 7195 7535 6647 
3 6926 9435 6544 
3 7065 10316 9538 
3 6981 6982 7099 
3 7666 6893 7091 
3 2229 4271 5662 
3 6677 7212 6976 
3 6520 6413 6412 
3 6242 9476 8640 
3 6793 6450 7222 
3 8929 9269 9144 
3 6511 8267 4830 
3 6784 6675 6893 
3 4331 1527 4318 
3 6894 7102 6682 
3 10280 7984 10275 
3 7101 7107 7218 
3 7091 6893 6776 
3 6993 6988 7219 
3 7108 7220 7107 
3 3671 2117 4516 
3 7438 7547 7878 
3 6347 6244 6038 
3 7338 7224 7106 
3 832 2701 849 
3 4320 4321 8265 
3 7338 6791 7109 
3 9870 5109 9852 
3 657 664 4445 
3 7226 6685 6793 
3 6024 6443 6450 
3 7678 7109 6995 
3 9001 2126 7184 
3 7110 7350 7228 
3 7184 2126 5535 
3 8448 8624 9019 
3 7350 7110 7236 
3 6902 7238 7110 
3 6189 2503 11644 
3 576 10891 6839 
3 3026 2224 3794 
3 5143 5254 5265 
3 1947 11103 10291 
3 6909 6905 7348 
3 10396 10400 11208 
3 7008 7119 7347 
3 5762 7270 8075 
3 11438 11369 858 
3 6235 6255 6225 
3 11692 4959 5829 
3 7465 7126 7012 
3 8262 7646 7647 
3 5747 3957 7329 
3 3445 2488 4512 
3 4607 703 7813 
3 6924 7593 7594 
3 4289 7418 6633 
3 6810 7126 7245 
3 4540 10036 4513 
3 5747 4812 2329 
3 7480 7136 7137 
3 7359 6585 7470 
3 6495 7249 7131 
3 4937 11669 8373 
3 5297 5683 5689 
3 4513 10036 10021 
3 7026 7129 6713 
3 10598 7403 9079 
3 7368 7475 6916 
3 10520 7261 7256 
3 2620 6173 647 
3 3776 5509 114 
3 7252 7581 7368 
3 7369 6825 7027 
3 2450 451 2462 
3 7482 6825 7369 
3 7035 7376 6728 
3 10104 10435 9935 
3 5983 6195 6601 
3 2426 5852 9286 
3 6918 7258 6919 
3 3337 4534 11787 
3 4103 312 1336 
3 6726 7263 6838 
3 6736 6613 7052 
3 7254 8075 10499 
3 9059 5862 6600 
3 7141 6292 7262 
3 6920 6919 7143 
3 6496 6710 6490 
3 7041 7373 6726 
3 6585 6710 6496 
3 7361 6597 7370 
3 1458 1459 1393 
3 6852 6943 6853 
3 7145 7262 7042 
3 7145 6838 7263 
3 1506 3123 6289 
3 5119 7020 2148 
3 10627 9033 11431 
3 6921 7033 7479 
3 6838 7145 6602 
3 7269 7046 7271 
3 9339 4510 6069 
3 7268 6924 7594 
3 6729 6300 7040 
3 6398 7266 7265 
3 7052 7272 6736 
3 11840 3118 2345 
3 7150 7048 7272 
3 7149 7151 7050 
3 7049 6732 7050 
3 2886 11940 9051 
3 7052 7055 7153 
3 9950 8323 10751 
3 9814 7349 6588 
3 6590 6500 6386 
3 5983 6601 6394 
3 7058 7603 7064 
3 7276 7158 7157 
3 8338 7486 9185 
3 7160 6937 7397 
3 7157 7160 7276 
3 5265 5254 5365 
3 10237 11009 7671 
3 5726 3051 3027 
3 7164 6943 7166 
3 7166 7724 7164 
3 9807 7352 9799 
3 2045 10535 5471 
3 8865 8039 8161 
3 11589 9978 8250 
3 6949 7071 7166 
3 7069 6944 6855 
3 6055 11703 6056 
3 7283 7071 6947 
3 7069 7281 7405 
3 7168 6860 7830 
3 7169 7614 7617 
3 7172 6951 7620 
3 7615 7170 7171 
3 10843 10888 5076 
3 9081 7938 8517 
3 2397 8768 3266 
3 2654 6575 5056 
3 4714 54 11616 
3 6497 6176 6169 
3 7416 7177 6863 
3 7288 7412 7167 
3 8777 8591 8583 
3 72 5452 2058 
3 8901 7105 5471 
3 5817 9014 8114 
3 7076 7298 7296 
3 10719 3337 11810 
3 6444 5703 8013 
3 7297 7078 7076 
3 9401 10971 6839 
3 7076 7079 7298 
3 7076 6952 7079 
3 7079 7183 7298 
3 7301 7304 7078 
3 9986 6499 8267 
3 9182 5940 9179 
3 269 4590 8000 
3 7207 6887 7205 
3 7073 8055 7289 
3 7082 7080 7304 
3 4714 8436 9261 
3 1384 3020 478 
3 8116 5815 8999 
3 6954 7423 7081 
3 7424 7748 7189 
3 9024 10719 11804 
3 6959 7186 7424 
3 11230 8811 8814 
3 6959 6873 6871 
3 7186 7305 7424 
3 5398 5408 5284 
3 9314 11683 10050 
3 6546 2600 7313 
3 7649 7191 6880 
3 6997 1566 6128 
3 10057 11626 11655 
3 7531 6874 7086 
3 5030 2331 323 
3 3211 10929 320 
3 9409 7683 4795 
3 8322 8300 6719 
3 5372 5443 5365 
3 7316 4172 6548 
3 3168 1305 2317 
3 9191 8996 9003 
3 7312 7650 7429 
3 6653 6965 7198 
3 10840 10816 10050 
3 11484 11497 11482 
3 7198 6437 6331 
3 664 683 4471 
3 6655 6966 7199 
3 10140 10968 9420 
3 10036 4540 10051 
3 2076 11420 8843 
3 6772 7434 6773 
3 7659 7203 6970 
3 7184 11438 9001 
3 7206 7665 6778 
3 9024 6849 10719 
3 7758 7095 7664 
3 7311 3371 5019 
3 9041 6515 8974 
3 11918 7044 11917 
3 6888 6976 7437 
3 6976 7438 7437 
3 6890 7670 7330 
3 6890 7211 7670 
3 6976 7212 7438 
3 5806 6680 6460 
3 7095 7331 7096 
3 6783 6891 7213 
3 8757 5581 5568 
3 6979 8117 7097 
3 6893 7666 7668 
3 6890 6891 6670 
3 11623 11626 9263 
3 7214 2126 9001 
3 9025 9001 3170 
3 8529 9469 8890 
3 6562 7101 6970 
3 7334 7102 6986 
3 7851 7854 7741 
3 296 2319 321 
3 6980 7222 6450 
3 11616 10017 11614 
3 7216 6895 7336 
3 6895 6989 7336 
3 6496 6826 6823 
3 2590 3048 3214 
3 3061 8986 5784 
3 6988 7334 7219 
3 6988 7102 7334 
3 7727 9630 9086 
3 11958 188 11271 
3 8703 8175 8180 
3 9850 8820 7859 
3 6579 6709 7015 
3 10164 10920 9402 
3 6989 7224 7336 
3 8958 5007 6538 
3 7339 6793 7222 
3 7338 7340 7224 
3 7221 7228 7225 
3 7340 7336 7224 
3 7110 7228 7221 
3 7448 7225 7219 
3 9113 5901 7432 
3 7225 7230 7219 
3 5196 4059 5851 
3 6685 7226 7231 
3 3693 3683 5412 
3 900 1919 559 
3 7219 7230 7113 
3 1718 3200 1721 
3 8481 7890 7892 
3 7231 7451 7562 
3 8436 4714 11614 
3 4038 11416 10375 
3 7561 7559 6687 
3 11125 11416 7345 
3 11644 2503 11630 
3 7764 8277 7325 
3 6905 7231 7453 
3 7006 7001 7343 
3 7234 7230 7350 
3 6526 8077 7270 
3 2661 8504 11585 
3 4497 8472 6833 
3 7324 7095 6974 
3 4692 11389 10009 
3 5497 5133 5129 
3 7008 7460 7353 
3 5353 6225 5318 
3 6795 7559 6995 
3 7120 7124 7354 
3 7354 7456 7120 
3 11031 11224 8363 
3 7456 7350 7236 
3 7348 7455 6909 
3 2123 5055 3078 
3 7462 7009 7684 
3 7682 6908 7571 
3 8074 5767 8083 
3 5513 5535 5493 
3 6906 7466 7465 
3 5535 7185 5493 
3 7805 7382 7595 
3 7353 7684 7009 
3 6692 7235 7561 
3 5200 4861 5202 
3 6950 7070 7609 
3 11981 6421 2877 
3 6909 7455 7243 
3 5082 5202 4861 
3 7464 7243 7455 
3 2677 8174 9067 
3 7247 6711 7575 
3 10297 8717 11108 
3 7364 7575 7019 
3 7021 6810 7245 
3 7377 7587 7698 
3 6521 9728 11306 
3 7470 6823 7367 
3 7789 7363 7788 
3 7126 7572 7245 
3 7475 7024 6916 
3 7472 7026 7024 
3 6823 7470 6585 
3 1219 11281 7862 
3 7365 7366 6717 
3 7582 7478 6917 
3 2980 11463 2192 
3 10014 11389 11595 
3 9817 11423 10635 
3 10598 11420 2076 
3 7015 6711 7247 
3 10920 10106 9402 
3 6918 7804 7258 
3 9626 8698 8169 
3 8932 7257 6489 
3 7263 7373 7699 
3 7379 6919 7258 
3 3237 235 10615 
3 6828 6292 7141 
3 7036 7040 7038 
3 7041 7036 7373 
3 7150 6927 7048 
3 2001 2032 3741 
3 2317 1305 2319 
3 1305 321 2319 
3 4374 399 4585 
3 7262 7145 7485 
3 7406 11596 11581 
3 1459 1458 5371 
3 7268 7489 7490 
3 7042 6602 7145 
3 6840 7593 6924 
3 7376 7377 7038 
3 7915 7117 4822 
3 5060 7360 4243 
3 7269 7271 7598 
3 6736 7272 7048 
3 8427 8247 8601 
3 2083 3764 3741 
3 7601 7390 7387 
3 7153 7393 7272 
3 7272 7393 7495 
3 7500 7058 7057 
3 6819 6274 6828 
3 7153 7055 7155 
3 8344 9975 11574 
3 7712 7275 7273 
3 2060 2058 10522 
3 7275 7057 7054 
3 7153 7155 7393 
3 11581 7062 11574 
3 7603 7058 7500 
3 8344 11574 3940 
3 7846 8251 8248 
3 7146 6840 6599 
3 4389 7757 653 
3 7279 7067 6941 
3 7280 7067 7399 
3 10603 11423 9817 
3 6752 6627 6523 
3 5474 5477 3741 
3 7399 7067 7279 
3 7279 6941 7064 
3 9848 6619 7396 
3 4183 9972 4040 
3 7351 8344 8330 
3 1757 6932 6239 
3 7507 6944 7069 
3 7070 6944 7507 
3 6947 6950 7283 
3 7162 7608 7401 
3 7405 7607 7723 
3 4204 11448 4208 
3 6947 6858 6950 
3 5601 6286 6090 
3 7349 9029 8130 
3 9165 8597 8323 
3 475 9897 6440 
3 7615 7171 7175 
3 2162 5585 211 
3 7169 7620 6951 
3 7413 7412 7288 
3 6499 3089 4830 
3 6862 7289 8055 
3 7291 7175 7174 
3 7306 6388 10729 
3 5048 9018 4221 
3 10734 9936 11547 
3 7291 7290 7175 
3 7179 7293 7517 
3 6213 4672 7763 
3 8156 8033 8155 
3 5327 9810 11608 
3 7416 7630 7177 
3 9685 10464 11267 
3 7622 7623 7411 
3 7174 7175 7171 
3 9167 8598 8599 
3 7295 7179 7417 
3 7295 7181 7179 
3 7417 7420 7295 
3 7490 7710 7601 
3 7170 7513 7174 
3 7420 7300 7295 
3 835 2010 838 
3 2010 835 836 
3 7295 7297 7181 
3 6984 7547 7212 
3 11262 11109 11018 
3 7297 7296 7181 
3 7843 7634 7846 
3 85 109 134 
3 11289 2801 2263 
3 7181 7296 7294 
3 7078 7300 7301 
3 5477 2001 3741 
3 10727 6388 9147 
3 7297 7300 7078 
3 4787 9564 8741 
3 3870 2287 3800 
3 7304 7303 7305 
3 11725 9314 10067 
3 11655 10877 10057 
3 10055 10843 10053 
3 8597 9165 4376 
3 7424 7189 6959 
3 7527 6867 6869 
3 7307 6873 7189 
3 2287 11665 5979 
3 7892 8295 8481 
3 3030 9024 11792 
3 7074 5303 4284 
3 7192 7085 6758 
3 7161 5575 2425 
3 11388 2238 11399 
3 10843 11637 10053 
3 583 588 677 
3 7205 7871 7324 
3 7474 5150 9139 
3 7864 7195 7314 
3 7184 5535 5513 
3 10050 11683 10840 
3 7199 7317 6655 
3 7538 6965 7088 
3 9906 11513 7197 
3 6437 7198 7433 
3 7740 7417 7639 
3 7207 6889 6667 
3 7091 6969 7541 
3 7325 7754 7322 
3 7206 7094 7761 
3 3813 10774 5979 
3 6149 5823 5822 
3 5825 6244 5935 
3 8986 7311 5019 
3 7831 7044 4741 
3 7208 7877 7325 
3 7330 7769 7213 
3 2148 1013 3138 
3 1988 9767 7023 
3 11276 7200 11268 
3 5555 7065 9538 
3 1878 9090 11870 
3 7212 7547 7438 
3 7097 7879 7326 
3 6986 7331 7334 
3 6804 7590 6807 
3 7758 7545 7546 
3 7331 7546 7444 
3 1981 2001 10494 
3 1818 10283 11083 
3 7220 7765 7218 
3 7220 7672 7765 
3 1020 971 1058 
3 8639 8113 7990 
3 11230 8817 9892 
3 7448 7219 7334 
3 9139 5150 7441 
3 11962 2929 2957 
3 6690 6798 6470 
3 1174 8048 11400 
3 5690 10774 11611 
3 7110 7221 7108 
3 11485 8092 9877 
3 6908 7004 6492 
3 7108 7221 7220 
3 7225 7448 7553 
3 8077 8958 8951 
3 5901 9113 6649 
3 6979 7216 7767 
3 6791 7338 6896 
3 7221 7225 7553 
3 6526 5007 8958 
3 7558 7226 7339 
3 7338 7678 7557 
3 7451 7226 7558 
3 9407 9032 9406 
3 4500 4502 2703 
3 6725 5936 7486 
3 10805 7532 9228 
3 7559 7679 6995 
3 7255 8229 8185 
3 11475 8092 11485 
3 7233 7343 7001 
3 7004 6908 7682 
3 7234 7347 7343 
3 6493 6478 6256 
3 7231 7562 7453 
3 7230 7234 7113 
3 7001 6798 6690 
3 7234 7350 7347 
3 7453 7348 6905 
3 7121 8791 5608 
3 8137 7692 8144 
3 8144 8317 8137 
3 5690 11611 11567 
3 3713 4673 5559 
3 7238 7456 7236 
3 7350 7567 7459 
3 2434 4843 8818 
3 489 523 430 
3 9906 10710 4189 
3 8493 7476 8024 
3 2434 8818 8570 
3 372 2434 8570 
3 406 11382 2939 
3 6964 5466 6190 
3 6514 7257 8932 
3 9906 9910 10710 
3 2308 3197 3181 
3 7924 7970 5642 
3 7924 5642 7117 
3 1463 1420 1700 
3 7338 7109 7678 
3 8074 5751 5767 
3 9196 11095 4060 
3 10326 7043 6967 
3 3137 9069 9859 
3 3063 1768 1785 
3 2509 904 9714 
3 9067 9852 5098 
3 7798 7367 7136 
3 6911 7785 6908 
3 10251 11881 11896 
3 6818 7575 6711 
3 9818 9040 9795 
3 9203 8382 10796 
3 7687 7567 7354 
3 6818 7019 7575 
3 1869 1943 2275 
3 9728 6521 8932 
3 10423 9518 2473 
3 7582 7132 7786 
3 11074 5512 7792 
3 7365 7363 7577 
3 7582 6917 7132 
3 7444 7334 7331 
3 7366 7252 6827 
3 6827 7252 7135 
3 7475 7472 7024 
3 7484 6820 7141 
3 6820 7484 7476 
3 7129 7026 7472 
3 5365 6265 5364 
3 7247 7249 7015 
3 7479 7033 7584 
3 10635 11451 8056 
3 8932 6521 6514 
3 7924 7117 7915 
3 3643 7011 6996 
3 7376 7587 7377 
3 7141 7262 7484 
3 5369 7011 3643 
3 11965 11453 10426 
3 2592 6513 1770 
3 7146 6920 7143 
3 11457 9033 10627 
3 9972 4183 10772 
3 7488 7269 7598 
3 8239 6547 9050 
3 7268 7490 7383 
3 9987 8382 8374 
3 7263 7699 7145 
3 668 2862 2863 
3 7494 7150 7388 
3 7706 7598 7600 
3 7383 7490 7387 
3 7149 7383 7387 
3 7601 7387 7490 
3 11872 11711 11015 
3 6729 7041 6726 
3 7388 7272 7495 
3 3104 1265 7660 
3 5594 9596 8774 
3 7393 7926 7497 
3 7052 7153 7272 
3 9727 8902 6479 
3 7501 7155 7158 
3 8898 5740 2519 
3 7498 7057 7275 
3 7054 7273 7275 
3 11959 6399 6561 
3 7501 7716 7926 
3 2084 2081 2090 
3 7986 7754 7325 
3 7276 7397 7503 
3 1906 3609 8787 
3 6155 4433 7862 
3 7064 7603 7279 
3 10423 5347 8806 
3 7401 7503 7162 
3 11704 10892 10877 
3 1522 514 6098 
3 7405 7280 7606 
3 7722 7506 7164 
3 7723 7507 7069 
3 7508 7071 7283 
3 7069 7405 7723 
3 7610 6950 7609 
3 7610 7283 6950 
3 10407 3538 772 
3 7284 7612 7409 
3 7613 7284 7616 
3 7412 7616 7284 
3 7412 7284 7167 
3 6241 1691 6262 
3 4428 1172 7766 
3 6993 7219 7113 
3 7511 7175 7290 
3 7615 7510 7170 
3 7409 7167 7284 
3 7409 7411 7167 
3 9017 9578 10079 
3 1214 8211 644 
3 10452 10287 7891 
3 7730 7616 7413 
3 4945 5730 4093 
3 8901 2382 5440 
3 11523 3620 1878 
3 11270 5695 8016 
3 7517 7639 7179 
3 7179 7639 7417 
3 9175 8980 8594 
3 7083 10600 3659 
3 7519 7420 7417 
3 7244 7014 6909 
3 7177 7630 7176 
3 7523 7300 7420 
3 6654 5011 3255 
3 7748 7424 7303 
3 7301 7300 7523 
3 7300 7297 7295 
3 11432 11245 6441 
3 7296 7297 7076 
3 11685 9329 10846 
3 9329 9325 10846 
3 5751 4104 3324 
3 2635 6444 8013 
3 9147 11533 10727 
3 6874 7426 7527 
3 9281 4646 6723 
3 10051 10846 9325 
3 6874 7531 7426 
3 4599 2562 5786 
3 10434 9655 6930 
3 9144 9269 9345 
3 10838 11018 2340 
3 3601 9719 3540 
3 10751 8347 9950 
3 7864 8103 7535 
3 3813 5979 11665 
3 10593 9797 9798 
3 7312 7655 7088 
3 8469 8117 8835 
3 7196 8821 7314 
3 2124 10585 7988 
3 5049 7342 4198 
3 11427 6155 11605 
3 7433 7198 7751 
3 3764 5513 5493 
3 11379 2124 7988 
3 2831 6781 4429 
3 7060 6298 7845 
3 7867 6886 7540 
3 7091 7541 7542 
3 7988 6159 11379 
3 7205 7322 7661 
3 7761 7094 7436 
3 5817 8114 6556 
3 7542 7666 7091 
3 8685 10280 10275 
3 6451 6677 6976 
3 8644 7545 8115 
3 8966 10566 1810 
3 7208 7326 7877 
3 4521 5455 4531 
3 7436 7437 7762 
3 1936 1393 10675 
3 6278 7897 7115 
3 8876 1393 1936 
3 6418 7976 8841 
3 9137 11514 4118 
3 7758 7331 7095 
3 11317 10560 110 
3 7524 7857 7981 
3 7331 7758 7546 
3 7213 6891 7330 
3 6243 6456 5820 
3 8253 7851 8435 
3 7099 6982 7770 
3 7448 7548 7553 
3 7666 7985 7668 
3 6854 6944 6857 
3 7448 7444 7548 
3 7448 7334 7444 
3 4074 3202 6271 
3 6824 6917 6504 
3 10494 5477 827 
3 3108 6275 5526 
3 11166 10361 4630 
3 5805 431 7425 
3 7451 7231 7226 
3 6749 6944 6854 
3 8886 2015 3690 
3 6311 6110 6004 
3 7234 7343 7233 
3 1450 10740 9738 
3 10947 10967 10989 
3 7119 7006 7343 
3 6851 6941 7067 
3 6458 2859 8875 
3 7567 7350 7456 
3 7456 7354 7567 
3 7461 7460 7459 
3 8938 11092 11350 
3 7465 7572 7126 
3 653 110 4389 
3 7018 7017 6261 
3 7354 7124 7248 
3 7571 6908 7785 
3 7244 7243 7784 
3 7013 5512 11074 
3 7039 3438 7134 
3 11877 488 7509 
3 7470 7692 7359 
3 5629 5630 10401 
3 3326 6225 4344 
3 7472 7364 7129 
3 11303 9737 6983 
3 7577 7366 7365 
3 2499 3386 5249 
3 10405 10399 9880 
3 8929 6130 8688 
3 5829 10895 11692 
3 5370 7116 9051 
3 7477 7369 7131 
3 1450 9738 9742 
3 7933 10740 9227 
3 11451 9854 8056 
3 2968 6835 10688 
3 6180 3782 4626 
3 7477 7482 7369 
3 7478 7584 7033 
3 4327 5372 2377 
3 6240 7792 5500 
3 7479 7584 7696 
3 4847 8825 6393 
3 8640 6977 6985 
3 3775 2859 4700 
3 11904 11900 2278 
3 11180 10829 11341 
3 7377 7698 7375 
3 6318 7312 6884 
3 8816 5119 3146 
3 11572 11398 11767 
3 10053 7536 10055 
3 7798 7136 7480 
3 8010 7790 7582 
3 10734 11547 11539 
3 7501 7393 7155 
3 7380 7592 7702 
3 7488 7595 7382 
3 3352 2362 8545 
3 7915 5608 8791 
3 7268 7594 7489 
3 9604 7914 2401 
3 7383 6924 7268 
3 7488 7598 7596 
3 10453 3620 7032 
3 3152 8895 9718 
3 6458 4700 2859 
3 11115 9750 5363 
3 7812 7710 7597 
3 7600 7598 7494 
3 7494 7388 7600 
3 10629 3896 11424 
3 9718 7908 11284 
3 7600 7388 7496 
3 7021 6583 6810 
3 11430 10618 9822 
3 5443 6265 5365 
3 11272 7906 1119 
3 4803 8775 3976 
3 6749 6748 6855 
3 6522 6524 6417 
3 7505 7399 7279 
3 7162 7503 7397 
3 7821 7718 7603 
3 8220 8246 8211 
3 8517 7938 7940 
3 7608 7506 7722 
3 4954 11390 7251 
3 9854 7127 7111 
3 7825 7507 7723 
3 6881 2133 3685 
3 529 530 698 
3 7725 7409 7612 
3 7613 7612 7284 
3 7725 7411 7409 
3 7168 7830 7614 
3 6862 7727 7830 
3 3140 2599 3221 
3 7411 7725 7622 
3 8704 1724 11690 
3 3326 2376 3320 
3 6213 6960 5472 
3 5438 6301 5429 
3 4343 5443 5372 
3 7918 7929 8082 
3 8058 7732 7291 
3 7412 7413 7616 
3 4516 2922 6866 
3 5436 5710 5557 
3 7514 7075 7172 
3 339 442 504 
3 11267 8845 9685 
3 7290 7291 7732 
3 7623 7288 7411 
3 7956 7630 7416 
3 9314 9290 9296 
3 7918 8045 7697 
3 7697 8031 786 
3 7294 7743 7855 
3 9503 9504 9140 
3 7640 7523 7420 
3 7296 7522 7743 
3 746 10434 9668 
3 11390 11377 7251 
3 7298 7522 7296 
3 7083 3659 9802 
3 7051 8705 6289 
3 7864 7314 8821 
3 1951 5923 8426 
3 590 10077 11718 
3 7641 7303 7301 
3 7524 7642 7183 
3 1065 1029 1107 
3 7524 7183 7423 
3 6931 697 10241 
3 3320 2376 2375 
3 7427 7192 7307 
3 8608 5450 7742 
3 7428 7191 7647 
3 6572 6691 6905 
3 7427 7644 7648 
3 10434 11242 9655 
3 6876 7651 7650 
3 7864 7535 7195 
3 11242 10434 746 
3 6225 6255 4344 
3 11863 10340 11509 
3 6876 7534 7651 
3 11863 6885 10340 
3 2310 2664 2564 
3 11514 10692 8335 
3 10086 10891 10888 
3 7088 7655 7538 
3 4585 399 786 
3 4467 680 3522 
3 6434 8841 7997 
3 11882 98 11733 
3 7433 7751 8270 
3 7335 11359 7529 
3 7205 7661 7871 
3 7661 7322 7754 
3 7665 7206 7761 
3 7761 7436 7873 
3 7436 7874 7873 
3 10978 8558 6147 
3 9165 7306 4376 
3 9016 9269 8929 
3 5296 9295 6806 
3 10275 11915 8677 
3 7659 6970 7765 
3 7659 7765 8113 
3 5335 5293 1878 
3 6681 6677 6555 
3 7890 7778 7679 
3 2365 9534 1483 
3 8626 9023 8101 
3 7772 6980 7099 
3 7220 7553 7672 
3 6982 7213 7771 
3 6982 7771 7770 
3 7993 7547 7668 
3 7099 7883 7772 
3 8949 9683 9501 
3 2395 375 384 
3 7985 7666 7542 
3 7772 7222 6980 
3 10671 6262 11494 
3 2791 11941 11265 
3 3677 6272 11115 
3 9121 9323 8543 
3 8106 8269 8108 
3 4103 5068 312 
3 5642 7976 4867 
3 8811 11208 5168 
3 7773 7558 7339 
3 4741 3118 7831 
3 7886 7336 7340 
3 7338 7557 7340 
3 470 468 437 
3 6829 1696 4895 
3 7820 7018 6261 
3 7559 7561 7890 
3 7010 1810 11150 
3 8281 7990 7992 
3 7009 6800 7007 
3 7136 6505 7137 
3 7422 4029 9204 
3 7453 7562 7565 
3 7565 7455 7453 
3 11357 11362 7023 
3 8558 6910 6147 
3 7565 7464 7455 
3 7132 6917 7022 
3 9976 8300 8322 
3 7033 7031 7478 
3 8014 8026 5575 
3 2679 2691 3547 
3 6333 6381 6366 
3 7243 7464 7784 
3 11605 4430 919 
3 2254 3293 4193 
3 10389 7829 11195 
3 8131 7784 7896 
3 3540 9719 3516 
3 10909 9396 10947 
3 7075 6951 7172 
3 6906 7462 7466 
3 5169 4841 5046 
3 9529 9532 9387 
3 7829 9610 11195 
3 7788 6714 7244 
3 7696 7584 7794 
3 7907 7247 7793 
3 11464 9854 11451 
3 7245 7572 7688 
3 7796 7364 7472 
3 7364 7793 7575 
3 7131 7362 7580 
3 7695 3731 4567 
3 6911 6820 7476 
3 10370 8778 5998 
3 10370 5998 9611 
3 7364 7796 7793 
3 9215 10021 9272 
3 7266 6100 6508 
3 7135 7252 7368 
3 7475 8021 7472 
3 4797 4198 2611 
3 10371 11170 11173 
3 11173 2458 10371 
3 7131 7580 7477 
3 6489 7257 7253 
3 6224 8648 4683 
3 5381 2962 3731 
3 7322 7205 6887 
3 8514 5374 11762 
3 7376 7481 7587 
3 7382 7592 7265 
3 10779 1278 11975 
3 6646 8773 8778 
3 8454 2879 3640 
3 10617 9085 2399 
3 9628 5615 9608 
3 7698 7587 8018 
3 2908 1996 1991 
3 10110 9363 10892 
3 8723 10323 11948 
3 7482 7804 6918 
3 10458 7034 1981 
3 1245 11327 1276 
3 10106 11736 8542 
3 6949 7166 6750 
3 2336 7787 6646 
3 7379 7258 7804 
3 10944 1307 10941 
3 7489 7594 7597 
3 5281 8667 1761 
3 7787 2336 11147 
3 7488 7382 7266 
3 7266 7382 7265 
3 10941 1307 9374 
3 7598 7706 7596 
3 2704 2880 3069 
3 7782 11147 2325 
3 7597 7490 7489 
3 7273 7151 7390 
3 7706 7599 7708 
3 7808 8029 8034 
3 7600 7599 7706 
3 7710 7490 7597 
3 9737 11314 7950 
3 7496 7388 7495 
3 8485 6068 8489 
3 11940 11430 9051 
3 6224 6222 9464 
3 7393 7501 7926 
3 7495 7497 7496 
3 1720 7138 6262 
3 7507 7825 8049 
3 8748 11140 11978 
3 7934 7503 7401 
3 10719 11810 11804 
3 2084 2082 2081 
3 7279 7718 7720 
3 7607 7405 7606 
3 9746 11953 4054 
3 7399 7505 7606 
3 7724 7166 7071 
3 7283 7827 7944 
3 5466 3823 4666 
3 7612 8173 7725 
3 7614 7830 8522 
3 7510 7615 7833 
3 7615 7511 7834 
3 7615 7834 7833 
3 7834 7290 7732 
3 6862 8175 7727 
3 7413 7414 7734 
3 10607 10270 11128 
3 6877 6426 7191 
3 7288 7623 7414 
3 1344 446 3744 
3 8684 8508 8862 
3 8182 8529 8057 
3 7956 7416 7514 
3 9182 4367 5940 
3 4367 1952 5940 
3 6004 5891 5355 
3 7633 7634 7844 
3 7637 7636 7846 
3 7637 7517 7636 
3 7740 7639 7739 
3 7637 7639 7517 
3 4014 2071 11939 
3 1332 6355 1326 
3 7739 7848 7851 
3 3849 2976 3864 
3 7739 7637 7633 
3 1980 1743 1620 
3 7639 7637 7739 
3 7384 4512 7371 
3 2040 917 2064 
3 7517 7293 7853 
3 7739 7633 7848 
3 7853 7293 7294 
3 6526 8958 8077 
3 7739 7741 7740 
3 11646 6485 11982 
3 8094 7853 7855 
3 8045 7918 8082 
3 7294 7296 7743 
3 10482 6086 6080 
3 7744 7743 7522 
3 10687 5394 9345 
3 1459 5371 10691 
3 7824 2720 2701 
3 6885 11863 9090 
3 9426 10971 7604 
3 7644 7308 7643 
3 4344 1342 1321 
3 7857 7423 7527 
3 6867 7527 7423 
3 8650 5271 5228 
3 7531 7646 7426 
3 7647 7531 7428 
3 7534 7427 7648 
3 7650 7651 7429 
3 7191 7649 7647 
3 7746 7975 8445 
3 2213 1098 2226 
3 7655 7429 8105 
3 8104 8630 7429 
3 8607 8089 8249 
3 345 344 480 
3 10653 11352 11016 
3 10089 6048 6833 
3 8482 10067 9314 
3 5999 6187 7839 
3 7751 6965 7538 
3 11078 7726 7728 
3 10291 10289 11928 
3 6886 7867 7199 
3 3467 9767 6159 
3 2701 832 9568 
3 4769 4615 4536 
3 8441 6016 2049 
3 7868 7541 7434 
3 3757 3739 4750 
3 7086 6874 6879 
3 11316 3297 5018 
3 10543 6552 7319 
3 7762 7874 7436 
3 2133 11351 1279 
3 7211 7760 7670 
3 5271 5293 5335 
3 5340 10306 9180 
3 7878 7547 7993 
3 5383 10330 7839 
3 7330 7670 7880 
3 10423 8806 10458 
3 7097 8117 7879 
3 9629 184 9642 
3 3617 771 2737 
3 8117 6979 7767 
3 7548 7669 7992 
3 7767 7216 7674 
3 6804 8430 7590 
3 11347 4607 7251 
3 5527 171 10113 
3 3836 11317 653 
3 11317 110 653 
3 7773 7884 8122 
3 4590 8025 6314 
3 7820 5526 6275 
3 7336 8649 7674 
3 7775 7451 7558 
3 1207 8876 1936 
3 7672 7553 7548 
3 7119 7008 7009 
3 7679 7777 7678 
3 7777 7679 7778 
3 11904 2278 3985 
3 3479 11952 9111 
3 7788 7363 6714 
3 7894 7464 7565 
3 7894 7896 7464 
3 4343 5499 5443 
3 7465 7012 6706 
3 7570 7466 7462 
3 7900 7462 7684 
3 7461 7459 7895 
3 10978 6147 6907 
3 8865 8510 8039 
3 10991 10632 11155 
3 7687 7248 7359 
3 8450 8262 8628 
3 7688 7132 7022 
3 5122 9515 9517 
3 7692 7367 7798 
3 6905 6909 6707 
3 7791 7252 7366 
3 10251 7690 11049 
3 5405 7695 2178 
3 3027 3051 135 
3 7577 7363 7789 
3 4017 4032 2071 
3 7907 7580 7362 
3 7681 7561 7235 
3 6308 6732 6928 
3 7790 7584 7582 
3 8017 7475 7581 
3 10283 10289 6805 
3 7606 8339 8169 
3 9738 6994 9742 
3 4581 6907 3744 
3 7482 7477 7591 
3 8555 8552 8376 
3 7155 7056 7158 
3 7367 7692 7470 
3 11529 6561 2430 
3 8539 4553 11780 
3 6767 5986 7543 
3 7690 8631 11049 
3 7377 7375 7036 
3 6561 11529 11959 
3 3467 2088 3627 
3 7485 7145 7699 
3 7802 7373 7375 
3 7482 7591 7804 
3 7480 7260 7803 
3 7462 7900 7570 
3 7379 7804 8028 
3 7916 7593 7143 
3 7704 7705 7703 
3 7705 7594 7703 
3 7596 7806 7595 
3 7596 7706 7806 
3 7706 7810 7806 
3 7597 7594 7705 
3 7706 7708 7810 
3 5973 5238 5225 
3 7053 7058 6847 
3 8349 8883 7832 
3 5443 5492 6265 
3 8028 7143 7379 
3 7916 7143 8028 
3 1640 3765 449 
3 7816 7390 7601 
3 9468 10233 11040 
3 7210 7287 7163 
3 10772 4183 4511 
3 7819 7497 7926 
3 4274 3968 4354 
3 7496 7819 7922 
3 11595 9989 8388 
3 7819 8333 8512 
3 11559 11560 11225 
3 2290 4135 4129 
3 9987 10772 4511 
3 7821 7500 7498 
3 7500 7821 7603 
3 8042 7715 8040 
3 7503 7934 7502 
3 8288 7883 8121 
3 2219 2252 2226 
3 11489 1533 3291 
3 7942 7723 7607 
3 8360 7623 8059 
3 7630 7956 7838 
3 7444 7546 7548 
3 7722 7724 7940 
3 7164 7724 7722 
3 7827 7283 7610 
3 8170 7940 7941 
3 7612 7613 7828 
3 7832 7613 7616 
3 10482 6080 1064 
3 7725 8052 7622 
3 7617 7614 8522 
3 7616 7730 7832 
3 7620 7733 7172 
3 7734 8182 7730 
3 7623 7622 8059 
3 8165 7821 7930 
3 1287 2286 1284 
3 8181 8180 7628 
3 6541 6216 6329 
3 3900 3919 264 
3 7414 7623 7735 
3 7174 7513 7627 
3 9363 8507 10877 
3 8181 7628 7837 
3 7073 8180 8055 
3 7628 8180 7073 
3 7836 8058 7627 
3 7627 8058 7291 
3 4500 7111 7127 
3 7621 7170 7510 
3 9182 9186 4367 
3 7838 7837 7630 
3 7844 7847 7633 
3 7844 8089 7847 
3 947 10406 3325 
3 4583 4563 357 
3 6950 6858 7070 
3 7423 7183 7081 
3 7633 7847 7848 
3 153 1070 2745 
3 3126 5032 5955 
3 6740 8600 10197 
3 1528 6708 1533 
3 8960 8969 8573 
3 6740 10197 10967 
3 7417 7741 7519 
3 7741 7417 7740 
3 10203 8590 9420 
3 7741 7854 7519 
3 7636 7517 7974 
3 9534 8715 11110 
3 7468 5187 6719 
3 7744 7855 7743 
3 11611 10774 10136 
3 7174 7171 7170 
3 4516 6866 10126 
3 7747 7641 7746 
3 9312 7564 7554 
3 7747 7303 7641 
3 7748 7303 7747 
3 3858 2103 19 
3 7524 7423 7857 
3 3030 11783 2877 
3 6578 5228 11864 
3 3370 473 2467 
3 7748 8098 7643 
3 8100 7426 7646 
3 7629 10186 9426 
3 9427 7629 9426 
3 5932 5150 7474 
3 5836 5428 5693 
3 7895 7687 8674 
3 6127 6223 5904 
3 6702 2745 5181 
3 9441 9435 6939 
3 9420 10968 10203 
3 6553 7552 11958 
3 5455 2733 4531 
3 5161 7463 2736 
3 8270 7868 7434 
3 909 1751 904 
3 8821 7196 8822 
3 11343 8678 5258 
3 7317 8822 7196 
3 6056 9326 5320 
3 9797 10593 10589 
3 1773 3373 1775 
3 7434 7433 8270 
3 8345 8173 8520 
3 6784 6984 7212 
3 3468 6702 9123 
3 6631 10074 3222 
3 7780 3258 2395 
3 8115 7664 7987 
3 7987 7664 7324 
3 7324 7871 7987 
3 7629 5829 495 
3 7665 7761 7760 
3 7437 7878 7762 
3 8838 9424 9232 
3 7438 7878 7437 
3 7106 6896 7338 
3 1945 3687 11874 
3 7211 7665 7760 
3 7991 7670 7760 
3 7546 7545 7669 
3 7769 7330 7880 
3 7881 7213 7769 
3 6793 7339 7226 
3 7771 7213 7881 
3 8120 7770 7771 
3 6349 6248 6246 
3 7773 7775 7558 
3 7886 8649 7336 
3 11682 951 922 
3 7679 7678 6995 
3 6014 6016 6786 
3 7887 7451 7775 
3 4333 4407 4248 
3 7978 7173 5646 
3 7682 7892 7681 
3 11481 4282 4352 
3 3207 4951 8402 
3 9441 6942 8605 
3 7060 7845 7065 
3 2788 2594 2406 
3 7899 7465 7779 
3 7784 7464 7896 
3 7895 7567 7687 
3 8491 7901 7572 
3 9382 7568 6253 
3 8302 7900 7684 
3 7418 4289 5130 
3 10032 10816 11623 
3 9574 10552 9720 
3 6327 1213 11960 
3 5243 4429 6769 
3 597 2571 5289 
3 7688 7901 7786 
3 7790 8496 7794 
3 8498 8312 8139 
3 7575 7793 7247 
3 8637 6977 8640 
3 7244 7784 7788 
3 7692 8137 7359 
3 7577 7789 8139 
3 7904 8010 7786 
3 5499 5530 5443 
3 2180 2097 2096 
3 5402 9080 5387 
3 6641 4309 8191 
3 7049 6928 6732 
3 7796 7472 8021 
3 9085 7396 3461 
3 7785 6911 7476 
3 7813 7251 4607 
3 8015 7698 8018 
3 4109 8080 4142 
3 5553 5549 5686 
3 8970 9577 9579 
3 7580 7800 7477 
3 7802 7375 7698 
3 7406 9989 11596 
3 8254 8434 8093 
3 4282 11393 10915 
3 1669 11567 9322 
3 7485 7476 7484 
3 7696 7481 7479 
3 4364 10001 5948 
3 10266 7797 7341 
3 7054 7053 6929 
3 7591 7477 7585 
3 7480 7803 7798 
3 7916 7704 7703 
3 9613 10115 9946 
3 7146 7143 7593 
3 8368 5240 5243 
3 3858 19 1051 
3 8028 8029 7916 
3 7808 7705 7704 
3 9539 10068 9896 
3 7811 7705 7808 
3 8808 8805 9199 
3 5443 5530 5492 
3 8211 1214 8220 
3 6353 2944 4657 
3 8458 1495 5022 
3 7816 8039 8040 
3 7712 7273 7390 
3 7816 7712 7390 
3 11671 11245 11679 
3 1720 6262 2685 
3 5865 6618 9838 
3 1269 8365 77 
3 4174 4252 77 
3 7930 7498 7925 
3 3752 3785 6518 
3 5778 3998 7422 
3 6194 1653 1636 
3 7935 7502 7934 
3 1440 4212 4208 
3 8339 7606 7505 
3 9329 9375 9324 
3 7503 7502 7276 
3 11271 11253 11958 
3 9329 11685 9375 
3 10572 9014 7342 
3 7826 7610 7609 
3 7610 7826 7827 
3 11507 4895 1696 
3 621 11778 4682 
3 7940 7724 7941 
3 5913 7454 5153 
3 4762 4777 2954 
3 7157 7056 7160 
3 3601 11872 11015 
3 8173 8052 7725 
3 7622 8052 8179 
3 7734 7730 7413 
3 3240 10744 2966 
3 8059 7622 8179 
3 7731 7510 7833 
3 7177 7176 6752 
3 3647 9147 4612 
3 7172 7733 7514 
3 11671 11665 3870 
3 7949 7732 8058 
3 8360 7735 7623 
3 8062 7836 7627 
3 7956 7514 8061 
3 7628 7630 7837 
3 7360 5060 9040 
3 8317 8144 8502 
3 7964 7841 7840 
3 7841 7842 7840 
3 11653 11018 2222 
3 5469 3617 2731 
3 7841 7843 7842 
3 7966 7844 7841 
3 7841 7844 7843 
3 11018 11653 11262 
3 7173 7978 8847 
3 6588 6597 7361 
3 7634 7843 7844 
3 3165 1423 11837 
3 10260 11658 10444 
3 7630 7628 7176 
3 1499 1741 1562 
3 11624 4914 2913 
3 9174 9176 9542 
3 3781 5041 3308 
3 7974 7969 7636 
3 7851 7741 7739 
3 5298 5359 5261 
3 5254 5372 5365 
3 8253 7640 7854 
3 9795 4221 9018 
3 7975 7745 7640 
3 7517 7853 7974 
3 6965 7751 7198 
3 7342 5049 6575 
3 6577 10053 9261 
3 8435 7848 7971 
3 8492 10048 10057 
3 7324 7664 7095 
3 4756 3757 4750 
3 7611 9574 9834 
3 8098 8448 7643 
3 7065 5555 3136 
3 7748 7643 7308 
3 4996 4997 5113 
3 8100 7527 7426 
3 7107 7101 6785 
3 7981 7857 8815 
3 8451 7648 7643 
3 10348 11985 11140 
3 7643 8101 8451 
3 3085 972 1618 
3 7748 7747 8098 
3 8450 7646 8262 
3 7647 7649 8102 
3 7863 7648 8451 
3 7651 8104 7429 
3 8929 8679 9016 
3 9158 7463 7468 
3 4491 11981 11771 
3 9009 9018 5048 
3 6466 3873 4913 
3 6600 2665 6596 
3 2567 904 1751 
3 6569 5815 8116 
3 7429 8630 8105 
3 7655 8106 7538 
3 7319 3381 6570 
3 8270 7751 8108 
3 1809 3379 9009 
3 11626 10057 9263 
3 7867 8828 7199 
3 8110 8460 7540 
3 2488 6545 4512 
3 8111 7868 8272 
3 9978 4826 4804 
3 7868 7542 7541 
3 7754 7986 7870 
3 8482 9314 9296 
3 8276 7871 7872 
3 8467 10051 9325 
3 7987 7871 8276 
3 7276 7502 7158 
3 7758 7664 8115 
3 7760 7761 7876 
3 7436 6888 7437 
3 8102 7649 8103 
3 7870 7661 7754 
3 9404 10164 9402 
3 7817 2029 2030 
3 8681 8030 8328 
3 3406 5059 2632 
3 7895 8850 7461 
3 7765 7990 8113 
3 7765 7672 7992 
3 7669 8281 7992 
3 7879 7877 7326 
3 4726 11815 630 
3 4858 6511 3121 
3 4352 4534 11481 
3 7881 7769 8119 
3 8282 7668 8829 
3 7548 7992 7672 
3 7884 8288 8122 
3 7773 7339 7884 
3 8853 4908 8867 
3 7767 7674 8835 
3 8120 7771 7881 
3 6672 8265 5901 
3 7441 4322 5141 
3 7557 7996 7886 
3 9118 11513 9116 
3 5913 6669 6651 
3 10816 10032 10050 
3 7893 7562 7887 
3 9137 5455 11514 
3 11652 1377 11657 
3 4534 3337 6586 
3 7571 7892 7682 
3 8639 8110 8113 
3 320 10929 5716 
3 9213 1578 10611 
3 10947 9396 10967 
3 7696 8140 8018 
3 8850 7895 8133 
3 8302 7461 8850 
3 7570 7779 7466 
3 7466 7779 7465 
3 8008 8131 8009 
3 2297 2213 2226 
3 8495 9240 7904 
3 7668 7985 8829 
3 8494 7570 7900 
3 9110 8091 9069 
3 8008 7784 8131 
3 7904 7786 7901 
3 10106 10920 11736 
3 9271 9272 10036 
3 7789 8011 8139 
3 8008 8011 7788 
3 7802 8015 8141 
3 8312 7791 7577 
3 8315 7252 7791 
3 7581 7252 8017 
3 8021 8319 7796 
3 4507 4435 4434 
3 10077 4983 8402 
3 2886 7116 9062 
3 7373 7036 7375 
3 9854 9877 7127 
3 7910 8021 7475 
3 7435 10009 8388 
3 7692 7798 8321 
3 8713 8712 10331 
3 6514 4973 6517 
3 8148 7485 7699 
3 8357 100 73 
3 7150 7272 7388 
3 7702 7592 8152 
3 10009 8393 11609 
3 8152 7592 7805 
3 8153 8028 7804 
3 6278 5359 5298 
3 7805 7595 7806 
3 5500 7792 3861 
3 5639 2908 6525 
3 2757 2751 2658 
3 7815 8039 7816 
3 7815 7816 7601 
3 7564 6779 5884 
3 8040 7715 7816 
3 4970 7256 7261 
3 7498 7715 7925 
3 1391 1497 1617 
3 5427 6319 3603 
3 7716 7927 7926 
3 7816 7715 7712 
3 7926 7927 8164 
3 9215 10017 10021 
3 7716 7935 7927 
3 7502 7716 7501 
3 2085 4054 11953 
3 7936 7718 7821 
3 7253 6517 5779 
3 7608 8047 7401 
3 7383 7149 6608 
3 7401 8047 7937 
3 7293 7179 7294 
3 11245 11671 3870 
3 7821 7498 7930 
3 6479 4104 9727 
3 8165 7936 7821 
3 4104 5751 9727 
3 7940 7938 7722 
3 7607 7606 8169 
3 5748 6489 7253 
3 7703 7593 7916 
3 7427 7534 7192 
3 7942 7943 7825 
3 7943 8049 7825 
3 11983 4788 4772 
3 8049 8050 7826 
3 8050 7827 7826 
3 7938 7608 7722 
3 7811 7808 8159 
3 7941 7508 7283 
3 5371 1615 10691 
3 7613 8053 7828 
3 7830 9086 8522 
3 8053 7613 7832 
3 11175 4843 2410 
3 6181 6948 6180 
3 2610 15 929 
3 7562 7893 7565 
3 7229 8919 4945 
3 2175 1013 2148 
3 6983 7923 11303 
3 7948 7733 7620 
3 7833 7834 7949 
3 9086 7830 7727 
3 8355 8059 8179 
3 7958 8376 8190 
3 7732 7949 7834 
3 5498 975 69 
3 9186 7518 5209 
3 6491 11982 6485 
3 7018 11080 7797 
3 8062 7627 7955 
3 7955 7513 7625 
3 11902 11749 354 
3 7352 7357 6596 
3 8353 8176 8178 
3 7734 7735 8182 
3 8062 8533 8356 
3 6780 11078 8635 
3 7018 5507 7017 
3 10943 10424 9907 
3 11763 11227 11562 
3 7959 7958 8068 
3 8068 7958 8190 
3 11215 330 786 
3 7958 7959 7960 
3 11846 11829 10171 
3 7965 7963 7840 
3 7964 7840 8247 
3 8068 8071 7959 
3 8607 8249 8087 
3 364 7697 330 
3 7841 7964 7966 
3 8248 7842 7967 
3 8344 3940 8330 
3 10344 750 2418 
3 7229 4945 7215 
3 8089 7844 7966 
3 8492 10057 10877 
3 7846 7969 8251 
3 10528 10360 10179 
3 8693 9973 8691 
3 2765 7635 190 
3 6845 9544 5114 
3 6333 6366 5522 
3 7158 7502 7501 
3 7463 4334 2736 
3 7853 8094 8093 
3 10932 3030 11792 
3 8898 2519 6457 
3 8253 7975 7640 
3 7655 7312 7429 
3 7853 8093 7974 
3 7746 7641 7745 
3 7486 7474 10750 
3 6577 8479 10053 
3 5057 9799 7352 
3 7977 7524 7981 
3 7015 7249 6579 
3 8314 8310 8497 
3 7527 8100 7857 
3 5512 4707 7792 
3 8101 7643 8448 
3 8507 8492 10877 
3 1146 119 3963 
3 8978 7988 10585 
3 7190 4069 5695 
3 2511 4168 147 
3 7647 8102 8262 
3 1573 1626 1300 
3 9014 4198 7342 
3 9009 5048 1809 
3 3044 1395 520 
3 9727 5751 8074 
3 9982 9640 10488 
3 7473 9229 10032 
3 8632 8269 8106 
3 11908 4005 421 
3 6803 7465 6706 
3 8632 8634 8269 
3 8822 8457 8824 
3 8822 7317 8457 
3 9263 10057 10048 
3 8110 7659 8113 
3 7542 8111 7985 
3 7872 7871 7661 
3 7745 7975 7746 
3 8253 8435 8616 
3 7873 8279 8278 
3 7873 7874 8279 
3 10724 10710 9910 
3 7545 7758 8115 
3 7997 4925 6434 
3 7760 7876 7991 
3 8279 7874 7762 
3 8276 8463 7987 
3 7989 7762 7878 
3 7876 7761 7873 
3 7876 7873 8278 
3 5817 6556 2606 
3 9451 8615 9455 
3 8160 6431 469 
3 8888 8702 9282 
3 7880 7670 7991 
3 7668 8282 7993 
3 8466 7993 8282 
3 7878 7993 8466 
3 7990 7765 7992 
3 8469 7879 8117 
3 4609 5519 798 
3 6146 1810 7010 
3 8679 8425 1578 
3 7773 8122 8123 
3 8649 7886 8839 
3 7995 7773 8123 
3 7884 7772 8288 
3 7995 7775 7773 
3 7451 7887 7562 
3 10036 10051 8467 
3 7998 7557 7777 
3 7996 7557 7998 
3 7778 8126 7998 
3 7777 7778 7998 
3 7892 7890 7681 
3 7890 8481 8126 
3 11031 7817 2030 
3 11654 11472 10104 
3 798 2762 11199 
3 7894 7565 7893 
3 8480 8656 7894 
3 7894 7893 8480 
3 5199 5090 4699 
3 8298 7899 7779 
3 7120 7456 7238 
3 7890 7561 7681 
3 7779 7570 8303 
3 5404 9069 8091 
3 4032 5055 2101 
3 5649 4867 7976 
3 7572 7899 8491 
3 11815 3321 3291 
3 7571 7785 8493 
3 11903 356 3977 
3 7065 3136 7060 
3 6448 6022 6661 
3 8753 8396 8395 
3 7687 7359 8137 
3 7784 8008 7788 
3 5387 9080 9062 
3 11475 9062 9080 
3 7790 8010 8136 
3 1615 1669 9322 
3 7793 8501 7907 
3 8723 11113 5093 
3 8144 7692 8321 
3 9290 9231 8462 
3 8140 7696 7794 
3 8140 8015 8018 
3 9877 11464 11485 
3 2626 9690 11270 
3 2944 1235 4657 
3 6485 9943 6491 
3 9888 1578 944 
3 8017 8146 7910 
3 5668 2351 2357 
3 8520 9634 9094 
3 4273 4280 4117 
3 7117 5642 3989 
3 2252 3181 3179 
3 8024 7485 8148 
3 7485 8024 7476 
3 7800 8503 7585 
3 7585 8680 7591 
3 11970 6383 11972 
3 7687 8137 8674 
3 7243 7244 6909 
3 2834 3356 3274 
3 7592 7382 7805 
3 7702 8151 7260 
3 8600 6740 5005 
3 11609 8393 10796 
3 5630 6396 10401 
3 8033 8029 8028 
3 7806 8327 7805 
3 1064 6080 10466 
3 7806 7810 8327 
3 8153 7591 8680 
3 8159 8329 7811 
3 8033 8156 8034 
3 8030 7810 8158 
3 8036 8158 7708 
3 7811 8329 7812 
3 7920 7921 8036 
3 7920 8036 7708 
3 4803 6337 8775 
3 7920 7708 7599 
3 7257 6517 7253 
3 7922 8687 7921 
3 8589 8421 8588 
3 5671 5661 7447 
3 54 4513 11616 
3 8164 8333 7926 
3 7239 3612 4572 
3 3098 2134 4083 
3 7927 8167 8166 
3 7716 7502 7935 
3 7906 8882 1119 
3 8317 9770 8852 
3 7720 7718 7936 
3 8388 9989 6518 
3 7940 8170 8517 
3 7938 8047 7608 
3 8169 7942 7607 
3 8341 7943 7942 
3 9035 9833 7098 
3 8362 9972 10772 
3 8170 7941 7944 
3 7944 8050 8519 
3 4843 11175 5962 
3 11381 11051 10516 
3 8052 8173 8345 
3 7941 7283 7944 
3 9817 10635 8046 
3 9987 8374 10772 
3 6600 5862 2665 
3 2557 4676 3189 
3 8928 8726 8937 
3 7573 9382 9391 
3 8054 8051 7945 
3 199 227 185 
3 7256 4970 5740 
3 10772 8374 4723 
3 8176 8353 7946 
3 8571 8225 8962 
3 9051 11430 5370 
3 9888 8220 10594 
3 8177 7621 7731 
3 7946 7945 8346 
3 8182 8057 7730 
3 8710 7514 7733 
3 11424 9833 10629 
3 5359 6291 6235 
3 10017 7483 9242 
3 7836 8062 8356 
3 9101 8360 8059 
3 1956 1802 2209 
3 8085 7963 7965 
3 7955 7627 7513 
3 8184 7956 8061 
3 5555 7861 3936 
3 8716 8062 7955 
3 3834 2154 3155 
3 8182 8064 8719 
3 1522 4299 11935 
3 8360 8064 7735 
3 8067 8068 8065 
3 8360 8899 8064 
3 7393 7497 7495 
3 11359 10594 8220 
3 8189 8065 8068 
3 11750 308 11752 
3 8184 7838 7956 
3 8069 8071 8067 
3 8067 8071 8068 
3 11215 786 399 
3 8069 8067 8935 
3 9798 9015 2484 
3 4436 11610 7875 
3 11215 399 1764 
3 7918 7697 364 
3 8370 8190 8376 
3 7914 6345 2401 
3 7812 7597 7705 
3 8386 8556 8377 
3 7960 7959 8073 
3 3146 1081 3155 
3 7959 8071 8195 
3 8212 8198 8213 
3 9604 2401 3976 
3 8343 9116 4178 
3 7423 6954 6867 
3 4244 8820 697 
3 8076 8199 8203 
3 9330 8554 8742 
3 8081 8392 8076 
3 8081 8078 8392 
3 8210 8217 8203 
3 8203 8217 8076 
3 8076 8217 8081 
3 7958 7960 8376 
3 8207 8228 8079 
3 8227 8225 8081 
3 3836 7918 364 
3 8235 8234 8240 
3 3315 3156 2995 
3 7840 8245 8247 
3 7963 8990 7840 
3 8248 7967 7846 
3 8247 8427 7964 
3 11813 2929 11962 
3 7967 7843 7846 
3 8245 7840 8990 
3 8087 7964 8427 
3 8249 7966 8087 
3 7966 7964 8087 
3 8604 7842 8248 
3 8330 3940 10742 
3 8922 4938 5720 
3 8089 7966 8249 
3 7842 8604 7965 
3 8612 7847 8089 
3 10562 10045 9858 
3 6194 6178 11388 
3 8089 8607 8612 
3 8601 8247 8245 
3 6194 11388 11399 
3 7994 6194 11399 
3 5170 6900 8796 
3 5568 5581 5572 
3 745 6030 11784 
3 7747 7746 8445 
3 4607 11347 2430 
3 824 8886 8874 
3 8016 4084 4938 
3 9709 8016 4938 
3 8259 8098 7747 
3 8624 8098 8259 
3 9104 10642 7323 
3 4947 4752 5053 
3 7253 5762 7254 
3 8450 8260 8100 
3 11965 1235 2944 
3 8629 7651 7863 
3 9839 10028 9497 
3 8100 7646 8450 
3 804 2991 2971 
3 3391 3405 2460 
3 6914 8817 8814 
3 6910 5411 4594 
3 5530 4368 4400 
3 8108 7538 8106 
3 3910 7528 5722 
3 5990 7711 6006 
3 8773 6646 8768 
3 3687 8874 8886 
3 1174 2926 8048 
3 8828 7867 8460 
3 9148 8224 11539 
3 7203 8110 7540 
3 6558 8999 5815 
3 8111 8272 8273 
3 10024 11835 1519 
3 61 76 21 
3 2727 2535 2821 
3 7317 7199 8828 
3 2981 4976 5616 
3 7986 7325 8465 
3 7325 8277 8465 
3 7764 7325 7877 
3 3123 5547 7051 
3 7051 6289 3123 
3 10579 10056 9711 
3 7986 8465 8642 
3 7886 7996 9042 
3 7669 8644 8830 
3 10143 8871 9453 
3 11350 11357 6143 
3 7881 8286 8120 
3 8117 7767 8835 
3 8001 8027 8006 
3 8120 8121 7770 
3 7004 7682 7235 
3 9194 9566 9008 
3 5895 11102 6992 
3 8705 3892 6289 
3 8535 7653 4756 
3 4726 7831 3118 
3 11334 10524 10536 
3 7887 7775 7995 
3 1377 8287 1519 
3 8291 7996 7998 
3 7998 8126 8291 
3 3138 1081 3146 
3 7778 7890 8126 
3 6386 6179 6590 
3 7955 8358 8536 
3 10211 11849 1583 
3 7245 7688 7022 
3 7887 8480 7893 
3 4794 4811 6856 
3 7779 8490 8298 
3 8090 6548 4142 
3 10538 6997 7950 
3 9748 11331 7951 
3 3209 2946 2950 
3 3876 5526 6261 
3 7408 7372 5676 
3 8009 8134 8011 
3 9015 9822 10618 
3 11792 11004 10932 
3 11949 10362 9575 
3 4865 3034 6589 
3 8499 8493 8024 
3 8159 8863 8329 
3 7548 7546 7669 
3 7460 7347 7459 
3 8305 8015 8140 
3 4007 5654 6403 
3 8493 7785 7476 
3 7572 7465 7899 
3 5779 6517 4987 
3 7790 8136 8496 
3 9798 9797 8020 
3 8141 8138 8310 
3 3836 364 10459 
3 4973 4987 6517 
3 8669 8140 8496 
3 4762 4782 4777 
3 11290 9697 2901 
3 8315 8017 7252 
3 8304 8305 8140 
3 7262 7485 7484 
3 8141 8310 7802 
3 355 460 487 
3 5505 7017 5507 
3 8145 8146 8017 
3 7910 8146 8319 
3 7793 7796 8319 
3 8017 8315 8145 
3 7793 8316 8501 
3 8024 8148 8499 
3 4954 8443 10636 
3 11762 5374 515 
3 8021 7910 8319 
3 7147 4033 7961 
3 4033 4043 7961 
3 7793 8319 8500 
3 8321 7798 8150 
3 7911 8148 7699 
3 9770 8317 8502 
3 10459 364 330 
3 7461 7353 7460 
3 5958 359 2385 
3 3310 3311 3845 
3 8151 7803 7260 
3 7702 8152 8151 
3 10626 9073 896 
3 8154 8033 8153 
3 7222 7884 7339 
3 10587 7335 7030 
3 8033 8028 8153 
3 8685 6813 8194 
3 1764 399 6990 
3 8327 8152 7805 
3 10286 6275 3892 
3 8155 8033 8154 
3 8030 8327 7810 
3 7710 8038 7815 
3 8158 7810 7708 
3 4202 3201 73 
3 11448 411 11437 
3 4683 5486 6224 
3 8329 8038 7812 
3 7710 7812 8038 
3 7815 8038 8161 
3 8687 7922 8512 
3 11336 6842 3416 
3 8512 7922 7819 
3 7920 7496 7922 
3 7920 7922 7921 
3 7927 7935 8167 
3 6602 7042 6297 
3 6491 6486 3094 
3 7057 7498 7500 
3 4970 4099 5740 
3 7935 8337 8167 
3 8915 840 4097 
3 7401 7937 7934 
3 7936 8871 7720 
3 8872 7720 8871 
3 2690 2867 2866 
3 5774 10330 5383 
3 8047 8515 7937 
3 8034 8159 7808 
3 9859 9033 11457 
3 8381 2235 3589 
3 1025 2801 11945 
3 8518 8171 8049 
3 7925 7715 8044 
3 8171 8519 8050 
3 9272 10021 10036 
3 8171 8050 8049 
3 4683 8648 6240 
3 2843 1091 7979 
3 4505 10897 3663 
3 7945 8051 8700 
3 7612 7828 8173 
3 1877 4279 3439 
3 2411 7147 3199 
3 7523 7640 7745 
3 1996 2029 7526 
3 8051 8054 8521 
3 8896 8904 9106 
3 7618 156 9380 
3 8888 7948 8702 
3 8521 8054 8353 
3 7679 7559 7890 
3 10452 7889 10442 
3 9178 9173 8990 
3 7735 7734 7414 
3 8884 8350 8177 
3 8058 7836 8356 
3 9101 8059 8355 
3 8532 8181 7837 
3 8019 10603 9817 
3 4262 11584 11415 
3 10180 6136 9397 
3 7853 7294 7855 
3 1097 1094 2997 
3 6465 3499 1679 
3 8178 8709 8352 
3 6562 6970 6660 
3 8064 8182 7735 
3 3420 10642 888 
3 4822 5608 7915 
3 8189 8068 8190 
3 8189 8190 8370 
3 6485 11546 9943 
3 8377 8551 8549 
3 8375 8071 8069 
3 8553 8193 8377 
3 8071 8375 8192 
3 3467 3627 4373 
3 3318 10722 1099 
3 8553 8197 8193 
3 5077 11851 11676 
3 4616 6388 7306 
3 8376 7960 8196 
3 11146 9961 10455 
3 9820 10005 9998 
3 8192 8195 8071 
3 6553 11958 10490 
3 8193 8386 8377 
3 7307 7308 7644 
3 8395 8396 8216 
3 8197 8199 8193 
3 1260 11294 9693 
3 8198 8205 8384 
3 8384 8205 8385 
3 9127 8933 9840 
3 8199 8200 8386 
3 8193 8199 8386 
3 8198 8212 8205 
3 8202 8203 8197 
3 8197 8203 8199 
3 8205 8390 8385 
3 1947 10291 11928 
3 8389 8213 8198 
3 7671 11009 9450 
3 8561 8073 8564 
3 8073 7959 8195 
3 8205 8208 8390 
3 5851 4083 2134 
3 8200 8076 8392 
3 8560 8210 8202 
3 8202 8557 8560 
3 8212 8207 8205 
3 8205 8207 8208 
3 8390 8208 8209 
3 8395 8210 8560 
3 3421 6128 1566 
3 4649 6957 4645 
3 8203 8202 8210 
3 8079 8214 8208 
3 8208 8214 8209 
3 8214 8221 8209 
3 8076 8200 8199 
3 8392 8078 8398 
3 8216 8210 8395 
3 6128 3421 4332 
3 8212 8213 8218 
3 8218 8207 8212 
3 11915 10275 7984 
3 8217 8210 8216 
3 10541 5556 10185 
3 8222 8399 8221 
3 8213 8206 8218 
3 8218 8228 8207 
3 8214 8219 8221 
3 8226 8228 8218 
3 8079 8219 8214 
3 6362 6573 6571 
3 5787 6686 4597 
3 8216 8227 8217 
3 6957 4639 4645 
3 7917 11945 2801 
3 6553 10490 7030 
3 9074 8690 9075 
3 8403 8234 8216 
3 8234 8227 8216 
3 8217 8227 8081 
3 9810 5327 1663 
3 8219 8233 8222 
3 8231 8230 8228 
3 8226 8231 8228 
3 9575 8759 8770 
3 8230 8237 8219 
3 8233 8406 8222 
3 11798 5793 9099 
3 8231 8236 8230 
3 11467 11983 11291 
3 10389 8796 7829 
3 8235 8227 8234 
3 7227 11442 10574 
3 3747 3750 3587 
3 8233 8219 8237 
3 6964 6190 9454 
3 8236 8237 8230 
3 8415 8406 8233 
3 8234 8409 8240 
3 8409 8403 8407 
3 8236 8238 8237 
3 11662 10026 3315 
3 8415 8242 8406 
3 7366 7577 7791 
3 7776 11933 11790 
3 2213 2297 2290 
3 8242 8421 8244 
3 8079 8228 8219 
3 4464 3522 3505 
3 11502 8091 9110 
3 8421 8242 8415 
3 67 11208 11217 
3 8602 7963 8085 
3 10931 11274 1091 
3 6942 6162 6165 
3 7742 2224 3016 
3 10584 6168 2181 
3 9040 5060 9795 
3 6941 6851 6741 
3 6178 10589 11388 
3 8982 8591 8979 
3 8448 8098 8624 
3 8085 7965 8604 
3 8612 7971 7848 
3 7994 11399 10603 
3 6960 6948 6957 
3 8434 8254 8614 
3 8093 8094 8254 
3 1973 1983 4732 
3 8094 8437 8254 
3 8094 8440 8437 
3 7668 6984 6893 
3 8440 8094 7744 
3 1764 6990 2085 
3 8440 7744 7977 
3 1785 6351 10986 
3 8259 7747 8445 
3 7104 6345 7914 
3 9610 7829 4187 
3 8259 8445 8258 
3 2208 2226 1098 
3 8369 11695 8359 
3 7418 9873 3796 
3 8235 8404 8227 
3 10048 8492 8471 
3 8623 8624 8259 
3 8100 8260 8815 
3 10371 4187 11170 
3 9023 8451 8101 
3 4626 6181 6180 
3 8101 8448 8626 
3 4779 7866 11899 
3 2208 2219 2226 
3 6399 11959 9786 
3 3798 5450 6190 
3 8330 3711 7351 
3 6022 6023 6661 
3 8452 8629 7863 
3 2306 10717 3168 
3 4480 8636 3543 
3 8102 8103 8455 
3 6984 7668 7547 
3 11458 9016 8679 
3 8103 7864 9212 
3 9212 9210 8455 
3 6098 514 1530 
3 8895 7923 4318 
3 3331 3170 858 
3 8137 8317 8674 
3 11204 11728 11027 
3 9212 7864 8821 
3 1765 2731 2737 
3 9314 10050 9290 
3 8457 7317 8828 
3 8025 269 3698 
3 7669 8830 8281 
3 6922 10204 6153 
3 8111 7542 7868 
3 946 4460 4461 
3 5305 4855 5437 
3 1022 10859 105 
3 8643 8639 7990 
3 10021 10017 11616 
3 7987 8463 8115 
3 5395 4581 2970 
3 8280 9219 7764 
3 9005 9192 9191 
3 8280 7764 7877 
3 7991 7876 9221 
3 7265 7592 7380 
3 7991 9221 9224 
3 3910 3018 107 
3 4908 4918 8867 
3 7989 7878 8466 
3 11458 8679 1578 
3 7769 7880 8647 
3 9224 8647 7880 
3 4641 2802 3709 
3 7881 8119 8286 
3 9761 8838 8837 
3 8837 9603 9761 
3 8122 8474 8123 
3 8539 8544 2164 
3 8539 2164 4553 
3 6017 4038 10375 
3 5528 4638 3678 
3 9042 8839 7886 
3 5763 2562 3544 
3 8478 8291 8654 
3 11978 8738 8748 
3 213 1255 3125 
3 8126 8294 8291 
3 7658 10220 10214 
3 7996 8291 8478 
3 8478 9042 7996 
3 8656 7896 7894 
3 7825 7723 7942 
3 4546 3721 8527 
3 8295 7892 7571 
3 8656 8486 7896 
3 8295 7571 8493 
3 7897 5298 5303 
3 11757 4282 10915 
3 5581 3959 6581 
3 7899 8298 8491 
3 8490 7779 8303 
3 7900 8302 8494 
3 5579 4432 5590 
3 1777 10075 8256 
3 11204 11027 10847 
3 1777 8256 1792 
3 8303 7570 8494 
3 4229 11584 4262 
3 8133 7895 8674 
3 7310 6552 10543 
3 8945 9748 5278 
3 6794 10058 1482 
3 8149 2348 8423 
3 9925 9415 9219 
3 8133 9247 8850 
3 10172 9997 10168 
3 6127 6966 6223 
3 7648 7863 7651 
3 7396 6629 3461 
3 9126 303 10733 
3 8141 8305 8138 
3 11284 6086 10482 
3 9273 5063 186 
3 9479 8907 9309 
3 8141 8015 8305 
3 8497 8310 8138 
3 11087 4436 6148 
3 8140 7794 8496 
3 3371 7311 3379 
3 8321 8502 8144 
3 5464 11696 10664 
3 8304 8140 8669 
3 8854 8319 8146 
3 125 2210 4899 
3 8500 8316 7793 
3 8825 7978 5646 
3 59 3201 1198 
3 2376 6042 2375 
3 8503 8680 7585 
3 8152 8327 8681 
3 8326 8682 8154 
3 8154 8153 8326 
3 8030 8681 8327 
3 5505 5507 7797 
3 2376 152 6477 
3 4984 1489 630 
3 11622 6284 11807 
3 8486 8131 7896 
3 3865 11894 5617 
3 11393 9405 10915 
3 6148 11192 6119 
3 8036 8686 8508 
3 8629 8452 8104 
3 8328 8030 8158 
3 8038 8329 8161 
3 8510 8040 8039 
3 8510 8042 8040 
3 9064 8862 9262 
3 11325 10566 10584 
3 8333 8164 8166 
3 8165 8044 8869 
3 8166 8164 7927 
3 7925 8165 7930 
3 8167 8693 8691 
3 7161 2425 2428 
3 9453 7936 8165 
3 8691 8690 8167 
3 8033 8034 8029 
3 10069 9733 10072 
3 9527 9529 9537 
3 7937 8515 8513 
3 8515 8047 9081 
3 278 11161 4439 
3 7060 2351 6298 
3 865 11342 559 
3 8339 9626 8169 
3 9393 11678 11262 
3 7320 4641 5552 
3 8169 8698 8341 
3 3813 11665 9398 
3 8049 7943 8518 
3 6145 5413 9403 
3 8743 9335 9330 
3 2486 2472 6474 
3 5072 5054 11077 
3 8176 7946 8346 
3 7731 7833 8885 
3 9095 7833 7949 
3 5809 7822 11071 
3 4774 5655 4782 
3 8713 8889 8521 
3 9826 9658 9306 
3 8058 8356 10160 
3 8058 10160 7949 
3 7625 8707 8358 
3 5466 2262 3798 
3 8352 8713 8353 
3 8061 7514 8710 
3 8294 8481 8483 
3 8899 8719 8064 
3 8718 8182 8719 
3 488 11877 10298 
3 11115 5363 6097 
3 7642 7298 7183 
3 6048 2882 6833 
3 8543 8067 8366 
3 6097 5363 8514 
3 8366 8067 8065 
3 8008 8009 8011 
3 8065 8186 8927 
3 8067 8543 8935 
3 8927 8920 8065 
3 6755 2306 3168 
3 8338 5973 5225 
3 8186 8065 8189 
3 8189 8370 8186 
3 9263 10048 7471 
3 10246 10237 8635 
3 10110 6253 7568 
3 8069 8739 8375 
3 8377 8549 8372 
3 5296 6806 2056 
3 8555 8384 8742 
3 4727 5009 4904 
3 7280 6748 7067 
3 2073 9303 7589 
3 8196 8198 8555 
3 8376 8196 8555 
3 3146 5119 3138 
3 8073 8561 8196 
3 7712 7498 7275 
3 4672 6213 3835 
3 8557 8197 8740 
3 9439 7693 7700 
3 5777 6535 6533 
3 8069 8935 8739 
3 8073 8195 8387 
3 8924 9117 8913 
3 2056 7583 5296 
3 8561 8389 8196 
3 8196 8389 8198 
3 8192 8387 8195 
3 7625 8358 7955 
3 7492 9271 8429 
3 8386 8752 8947 
3 9136 9505 10040 
3 7595 7488 7596 
3 933 29 1806 
3 4104 11442 1718 
3 6091 9568 832 
3 8603 9458 8620 
3 8387 8564 8073 
3 8209 8391 8390 
3 5282 6792 8430 
3 8390 8391 8559 
3 8221 8394 8391 
3 6181 4639 6957 
3 10220 7658 9450 
3 8221 8399 8394 
3 4625 4641 4609 
3 6957 4649 6960 
3 8703 8711 8706 
3 8399 8566 8394 
3 8208 8207 8079 
3 8222 8405 8566 
3 8399 8222 8566 
3 8398 8078 8225 
3 6190 5450 8608 
3 8400 8403 8216 
3 8396 8400 8216 
3 1849 1407 4858 
3 11523 11732 3620 
3 8766 8226 8218 
3 8228 8230 8219 
3 6019 6781 4450 
3 8766 8767 8226 
3 8598 9177 8601 
3 4358 11422 6087 
3 8569 8232 8572 
3 8232 8569 8405 
3 8232 8410 8572 
3 8510 9781 8868 
3 9438 10197 8600 
3 8405 8222 8406 
3 5269 6767 6792 
3 8767 8577 8226 
3 8403 8400 8407 
3 469 1957 3774 
3 8406 8408 8405 
3 8408 8232 8405 
3 5980 6183 6722 
3 11821 11810 10959 
3 8403 8409 8234 
3 8410 8232 8408 
3 8406 8242 8408 
3 8235 8578 8404 
3 1077 2976 3849 
3 8577 8579 8231 
3 6942 6180 8605 
3 8238 8415 8237 
3 8408 8585 8410 
3 8235 8240 8578 
3 8240 8409 8414 
3 8579 8238 8236 
3 8244 8585 8408 
3 8585 8580 8410 
3 10402 9708 10397 
3 8583 8413 8407 
3 8407 8413 8409 
3 8413 8419 8414 
3 8409 8413 8414 
3 8578 8240 8414 
3 5808 2613 5831 
3 8408 8242 8244 
3 8416 8578 8414 
3 8244 8589 8585 
3 11821 10998 11818 
3 8414 8419 8416 
3 8417 8587 8238 
3 8238 8587 8415 
3 8415 8587 8421 
3 411 11448 4204 
3 8413 8593 8419 
3 8421 8589 8244 
3 8254 8437 8617 
3 2529 5155 3424 
3 8786 8587 8417 
3 4113 7253 5779 
3 8093 8434 7974 
3 5161 7468 7463 
3 11804 11821 11818 
3 469 3774 4610 
3 8087 8606 8607 
3 8087 8427 8606 
3 6767 5269 5986 
3 9193 8613 8617 
3 7974 8434 8252 
3 8613 8252 8434 
3 7971 8433 8435 
3 7522 7977 7744 
3 1421 8773 2397 
3 7975 8253 8616 
3 10332 3935 7866 
3 8442 8445 8616 
3 8616 8445 7975 
3 8437 8440 8438 
3 6926 6922 5425 
3 4403 7518 5978 
3 8442 8258 8445 
3 2600 2606 6556 
3 11804 11818 11792 
3 5998 9614 9611 
3 8440 8444 8813 
3 3445 6532 6519 
3 3211 6780 296 
3 8621 8258 8442 
3 4553 5380 11780 
3 5425 6922 6153 
3 8815 8622 7981 
3 8433 8616 8435 
3 539 564 3315 
3 7981 8622 8444 
3 7351 9975 8344 
3 3239 11955 9544 
3 8260 8450 9020 
3 9425 7742 3016 
3 8451 8452 7863 
3 2606 2600 4409 
3 6656 11865 11747 
3 8455 8263 8102 
3 6046 781 747 
3 6046 747 7709 
3 8104 8452 8630 
3 7713 792 4312 
3 2226 2252 2297 
3 7655 8105 8106 
3 3030 10932 11783 
3 8269 8823 8108 
3 8280 7879 8469 
3 9032 8270 9030 
3 7644 7643 7648 
3 8108 8823 9030 
3 8425 944 1578 
3 6138 972 3085 
3 4787 694 8770 
3 4681 4529 4524 
3 9407 8270 9032 
3 9407 8272 8270 
3 9587 8822 8824 
3 10092 8272 9407 
3 5978 5250 4403 
3 7868 8270 8272 
3 7870 8642 7872 
3 7870 7986 8642 
3 8778 2415 6646 
3 4581 5395 11793 
3 8644 8115 8463 
3 8645 8278 9220 
3 8278 8831 9220 
3 8278 8279 8831 
3 8279 7989 8832 
3 6702 5181 9160 
3 9036 7990 8281 
3 8120 8286 8837 
3 7876 8278 9221 
3 5426 10126 5674 
3 8646 8282 8829 
3 11385 11558 11383 
3 6190 5466 3798 
3 7769 8647 8119 
3 8838 8840 8837 
3 3476 6761 3478 
3 8288 8121 8840 
3 8840 8121 8837 
3 8474 8288 8840 
3 3391 5575 8026 
3 8474 8652 7995 
3 8294 8655 8291 
3 1615 2539 10691 
3 9544 9558 5114 
3 8837 8121 8120 
3 9015 8020 7849 
3 11595 8388 10014 
3 5841 493 5853 
3 4149 4475 3991 
3 916 3755 1919 
3 8481 8295 8483 
3 2791 6208 11613 
3 8134 8486 8659 
3 7573 7568 9382 
3 10067 7560 10894 
3 11125 5999 8798 
3 8669 8660 8304 
3 9302 10691 2539 
3 8295 8493 8671 
3 7481 7035 7479 
3 9241 8491 8298 
3 8305 8304 8138 
3 7468 5177 5187 
3 7904 9240 8136 
3 8496 8668 8669 
3 11432 10188 10890 
3 8581 8238 8579 
3 2877 11783 11981 
3 8660 8669 9609 
3 8495 7904 7901 
3 4170 4175 4412 
3 9217 8281 8830 
3 4590 2890 8000 
3 8628 8262 8263 
3 8493 8499 8671 
3 7933 6994 10740 
3 8673 8498 8848 
3 8312 8315 7791 
3 5093 11113 5923 
3 8671 8499 8314 
3 8673 8315 8312 
3 2738 5158 1942 
3 7911 8310 8314 
3 1625 5882 5884 
3 8676 8146 8145 
3 8676 8854 8146 
3 7580 8023 9436 
3 8856 8503 7800 
3 8023 7907 8501 
3 8857 8151 8152 
3 5748 4102 6489 
3 8857 8152 8681 
3 1951 8194 4125 
3 8680 8326 8153 
3 11623 9263 7473 
3 11492 5058 1551 
3 7535 8103 7649 
3 8151 9061 7803 
3 8326 8680 8682 
3 8154 8682 8683 
3 8629 8104 7651 
3 7522 7642 7977 
3 6780 6768 2319 
3 2979 5650 3852 
3 8859 8328 8861 
3 8156 8159 8034 
3 3904 5644 9056 
3 8475 9325 9324 
3 8329 8509 8161 
3 7645 11926 5994 
3 8155 9065 8156 
3 7815 8161 8039 
3 6489 4097 4957 
3 7715 7498 7712 
3 11393 11262 11678 
3 8341 7942 8169 
3 8869 8044 8042 
3 6474 6515 2486 
3 316 2022 6135 
3 2113 6077 8489 
3 8166 8167 8690 
3 10283 6805 5072 
3 8167 8337 8693 
3 8872 8339 7720 
3 8695 8517 8170 
3 9626 8339 8872 
3 9393 11262 11653 
3 5608 2421 7121 
3 8698 8877 8341 
3 11936 5673 736 
3 7938 9081 8047 
3 8459 7142 2095 
3 10466 6080 7891 
3 7828 8520 8173 
3 9277 8700 8051 
3 6813 8685 10275 
3 9398 11665 11671 
3 8051 8521 9277 
3 8178 8176 8523 
3 6649 5136 5901 
3 9094 8345 8520 
3 7458 9204 4029 
3 7833 9463 8885 
3 7833 9095 9463 
3 1799 1796 1600 
3 8711 8180 8181 
3 9826 9306 9823 
3 8355 8179 9098 
3 4293 8191 4309 
3 3813 9398 10136 
3 9085 3461 6649 
3 8538 8917 9664 
3 11776 7645 7619 
3 8181 8532 8711 
3 1551 5058 5052 
3 11634 11283 11453 
3 8536 8716 7955 
3 8062 8716 8533 
3 8899 8360 9101 
3 6427 6763 6642 
3 6513 9076 10620 
3 9770 8502 9250 
3 9297 8184 8061 
3 8524 5374 8527 
3 8725 8367 8538 
3 8538 8540 8917 
3 8367 8540 8538 
3 271 5662 308 
3 6459 6675 6563 
3 8540 8727 8917 
3 8529 8890 8057 
3 7786 8010 7582 
3 8367 8546 8540 
3 8065 8920 8366 
3 6771 6770 9468 
3 8546 8727 8540 
3 2611 10726 10731 
3 8456 2879 8454 
3 745 11786 792 
3 8186 8726 8927 
3 2252 3179 2297 
3 9231 9290 10032 
3 8548 9125 8732 
3 9384 11653 2222 
3 8936 9125 8733 
3 8733 9125 8548 
3 8372 8549 8548 
3 11435 11403 4193 
3 10017 9242 8436 
3 8367 8926 8936 
3 6476 6482 6373 
3 8552 8555 8554 
3 8752 8392 8398 
3 7680 3522 680 
3 8560 8753 8395 
3 8375 8739 9134 
3 6964 3823 5466 
3 2049 5299 8441 
3 8385 8743 8742 
3 11781 2528 8446 
3 5865 5091 6618 
3 5499 4368 5530 
3 8559 8743 8385 
3 9854 11464 9877 
3 6876 6533 6535 
3 8386 8947 8556 
3 8405 8569 8566 
3 11836 4916 4897 
3 3426 5091 5865 
3 8385 8390 8559 
3 8206 8213 8389 
3 9660 9484 10184 
3 5084 3426 5865 
3 3026 503 9930 
3 7860 8817 6914 
3 2677 4257 5869 
3 9336 8753 8560 
3 8564 8389 8561 
3 8557 8202 8197 
3 8554 8555 8742 
3 9271 7492 9272 
3 8418 9215 9272 
3 8209 8221 8391 
3 10611 1578 9888 
3 7583 5285 7574 
3 8752 8398 8763 
3 8385 8742 8384 
3 3326 166 2376 
3 9231 10032 9229 
3 8218 8206 8766 
3 8565 8766 8206 
3 8571 8955 8398 
3 6597 3412 5083 
3 8225 8571 8398 
3 4511 11598 9987 
3 8180 8711 8703 
3 9336 8745 9331 
3 5736 11902 354 
3 9231 9229 7452 
3 8962 9151 8964 
3 8410 8772 8572 
3 2829 854 3869 
3 9325 8475 8467 
3 3869 2807 2829 
3 11397 2807 3869 
3 9122 8920 8921 
3 8577 8767 8771 
3 8404 8962 8225 
3 5282 5269 6792 
3 9338 9681 9684 
3 5420 6303 9244 
3 9817 8046 6227 
3 8573 8583 8407 
3 9129 8737 9501 
3 8777 8583 8573 
3 5980 6722 5981 
3 6575 2654 5069 
3 9325 9329 9324 
3 8859 8681 8328 
3 8591 8413 8583 
3 8585 8782 8580 
3 8581 8417 8238 
3 10998 11004 11818 
3 7961 7952 7147 
3 8585 8781 8782 
3 4816 4923 4929 
3 8836 7674 8649 
3 10959 3337 11787 
3 9136 9138 9505 
3 8593 8413 8591 
3 2632 5059 6570 
3 10629 9833 9035 
3 3797 5539 7185 
3 9365 9171 8975 
3 11578 2494 131 
3 8780 8419 8593 
3 9515 5122 488 
3 10959 11810 3337 
3 6570 5059 7349 
3 8585 8595 8781 
3 9799 5057 5837 
3 8254 8617 8614 
3 8587 8592 8421 
3 9753 5746 9704 
3 8595 8788 8781 
3 8591 8777 8979 
3 9989 7406 6498 
3 9162 9362 8973 
3 8786 8592 8587 
3 8421 8592 8588 
3 8588 8594 8595 
3 11611 7632 11567 
3 5837 5827 6569 
3 8592 8596 8588 
3 2887 3226 2969 
3 8588 8596 8594 
3 8788 8595 8594 
3 680 4467 3543 
3 8595 8585 8589 
3 5276 4428 5997 
3 8598 8601 8599 
3 5636 3436 6519 
3 8245 8599 8601 
3 8599 8990 9173 
3 7629 495 6754 
3 8231 8579 8236 
3 8990 8599 8245 
3 925 10628 6028 
3 6569 5827 5815 
3 6174 2397 11287 
3 9385 8606 8427 
3 9071 8166 9074 
3 9975 7351 7406 
3 8612 8607 8610 
3 9322 11567 9350 
3 5817 4198 9014 
3 7543 7539 10818 
3 8432 8611 8251 
3 7611 10552 9574 
3 8251 8252 8432 
3 2606 4198 5817 
3 5835 9420 9413 
3 10976 10959 10229 
3 7882 4463 11942 
3 5636 6519 7327 
3 8613 8614 8617 
3 5522 6366 5537 
3 8442 8616 8809 
3 8437 8438 8617 
3 8438 8619 8617 
3 8617 8619 8618 
3 7373 7802 7911 
3 7048 6512 6611 
3 9292 10160 8356 
3 10404 5170 9625 
3 8623 8258 8621 
3 8618 8619 8807 
3 8813 8438 8440 
3 8621 8442 8810 
3 6558 2592 7316 
3 9011 8813 9012 
3 4299 1522 6098 
3 5561 5702 5847 
3 8622 8813 8444 
3 7600 7496 7920 
3 6466 4913 4924 
3 9886 9377 9371 
3 1554 4961 970 
3 9165 8323 7306 
3 7247 7362 7249 
3 9017 8815 8260 
3 8815 7857 8100 
3 6674 10170 9404 
3 10628 9327 10406 
3 2572 3087 10626 
3 10626 3087 909 
3 10391 8537 9096 
3 7969 7846 7636 
3 10622 7530 5184 
3 4112 560 4101 
3 9586 9212 8821 
3 10925 11981 11783 
3 10894 7560 9396 
3 9030 8270 8108 
3 9587 9586 8821 
3 8821 8822 9587 
3 4842 2977 4849 
3 5784 8986 5019 
3 9037 9222 9927 
3 4096 11766 4108 
3 2200 2198 2116 
3 9412 8276 7872 
3 9148 6369 8224 
3 7872 8642 9598 
3 3817 3066 5472 
3 7764 9219 8277 
3 9221 8278 8645 
3 8279 8832 9218 
3 8832 7989 8834 
3 7720 7505 7279 
3 7989 8279 7762 
3 8646 8829 9216 
3 8667 8534 4822 
3 8469 8835 9225 
3 8466 8282 8646 
3 8644 8463 8641 
3 9414 8642 8465 
3 8466 8834 7989 
3 8834 9418 8832 
3 8994 9392 9002 
3 9037 8469 9225 
3 7404 5111 7386 
3 946 7869 4460 
3 11533 9147 9143 
3 2411 2410 8704 
3 8628 9020 8450 
3 8649 9230 8836 
3 8474 8840 8652 
3 9217 8830 8641 
3 7995 8652 8289 
3 5147 5283 5826 
3 3505 7579 642 
3 9834 10687 6723 
3 5054 5072 5068 
3 4970 7261 4109 
3 9042 8478 9607 
3 9141 9132 7217 
3 9971 10304 9624 
3 10721 9302 2539 
3 8157 9132 9141 
3 2488 3445 3436 
3 8657 8655 8661 
3 8291 8655 8654 
3 4088 4087 5807 
3 7499 4360 5948 
3 9280 5853 9310 
3 8655 8658 8661 
3 8657 8662 8660 
3 8661 8662 8657 
3 8658 8488 8661 
3 8658 8663 8488 
3 8483 8663 8658 
3 3870 11665 2287 
3 7217 9132 8127 
3 8656 8659 8486 
3 8295 8670 8483 
3 8017 7910 7475 
3 8138 8304 8662 
3 8486 8134 8131 
3 8134 8009 8131 
3 10066 9183 10065 
3 8483 8670 8663 
3 8295 8671 8670 
3 8662 8661 8488 
3 3708 8037 8025 
3 8283 1942 5925 
3 8665 9238 8848 
3 8663 8497 8488 
3 8654 8655 9046 
3 5278 7010 8945 
3 9432 8298 8490 
3 7345 5999 11125 
3 8136 8668 8496 
3 6471 7861 5568 
3 8138 8488 8497 
3 8304 8660 8662 
3 11432 4491 10188 
3 8283 5940 1942 
3 8665 8498 8139 
3 8850 8849 8302 
3 4907 10891 10086 
3 11306 10496 10506 
3 9240 8495 9054 
3 8134 8665 8011 
3 8670 8497 8663 
3 8498 8665 8848 
3 8388 10009 10014 
3 6422 3239 9534 
3 8127 9132 8125 
3 8155 8154 8683 
3 9345 9281 10687 
3 8497 8670 8314 
3 8670 8671 8314 
3 8495 7901 8491 
3 8125 9132 8128 
3 7116 2886 9051 
3 9247 8674 8852 
3 8854 8500 8319 
3 6298 2351 4741 
3 7887 8289 8653 
3 6546 6538 5007 
3 9507 186 208 
3 7855 7744 8094 
3 8856 7580 9436 
3 8150 8502 8321 
3 7877 7879 8280 
3 3947 4423 4261 
3 5742 8482 6582 
3 11102 9583 6992 
3 4066 4049 5841 
3 5913 5153 4324 
3 8861 8328 8684 
3 1066 1924 7909 
3 11408 9644 5890 
3 8158 8508 8684 
3 9442 9061 8857 
3 701 670 500 
3 5069 4251 5084 
3 8862 8686 9068 
3 8687 8864 8686 
3 5748 7241 4953 
3 8577 8231 8226 
3 8865 8161 8509 
3 11484 11773 2706 
3 8156 8863 8159 
3 8865 9070 8510 
3 8512 9071 9072 
3 8333 8166 9071 
3 8868 8869 8042 
3 9268 8165 8869 
3 5072 11083 10283 
3 8510 8868 8042 
3 210 214 4380 
3 5150 4322 7441 
3 7138 1720 5414 
3 9917 9410 8643 
3 2132 2548 2215 
3 4307 8882 7906 
3 8517 8695 9457 
3 9627 8515 9081 
3 9603 9422 9932 
3 8880 8695 8519 
3 7945 8700 8699 
3 7828 8053 8701 
3 8522 9086 9276 
3 10659 1936 10675 
3 8175 8703 7727 
3 7945 9459 8346 
3 8881 8703 9460 
3 8083 5767 4161 
3 9252 8856 9771 
3 11261 10579 10402 
3 8522 9282 8702 
3 8883 8053 7832 
3 8884 7731 8885 
3 858 11369 4970 
3 9277 8521 8889 
3 9912 9143 9137 
3 11502 6303 8091 
3 10050 10032 9290 
3 6637 4283 5109 
3 3687 8886 3690 
3 7545 8644 7669 
3 7430 6598 4583 
3 1936 10659 8443 
3 8711 8896 8706 
3 8092 7139 9877 
3 8710 8892 8061 
3 8352 8712 8713 
3 8352 8709 8712 
3 8880 8519 9787 
3 11992 9098 9796 
3 10298 11877 11071 
3 4068 6444 9518 
3 8350 8707 7513 
3 8361 8904 8714 
3 8714 8904 8896 
3 8481 8294 8126 
3 1441 7408 5676 
3 8721 8904 8361 
3 8714 8532 8361 
3 6264 7013 7809 
3 4682 4707 5516 
3 11659 1519 11835 
3 8091 5420 5404 
3 11078 10246 8635 
3 8725 8538 9830 
3 9490 8725 9830 
3 7473 9263 7471 
3 10370 9611 7047 
3 8206 8389 8565 
3 2437 5179 428 
3 8725 8926 8367 
3 6326 5438 5457 
3 8726 8552 8937 
3 8225 8227 8404 
3 9259 9260 9065 
3 9125 8933 8732 
3 8718 8529 8182 
3 8546 8367 8735 
3 2213 2290 11257 
3 8936 8735 8367 
3 9255 9256 9440 
3 8186 8552 8726 
3 4324 4310 6669 
3 8733 8735 8936 
3 8727 9129 8930 
3 8732 8941 8548 
3 8370 8552 8186 
3 8548 8549 8733 
3 8941 8745 8740 
3 3297 11148 1543 
3 8546 8737 8727 
3 8552 8554 8937 
3 6434 6418 8841 
3 5091 4279 6618 
3 8552 8370 8376 
3 5499 4343 1347 
3 1297 9874 2204 
3 8200 8392 8752 
3 8444 7977 7981 
3 9336 8557 8745 
3 9335 8743 8946 
3 8557 8740 8745 
3 8436 6577 9261 
3 7687 7354 7248 
3 9308 9478 9306 
3 7492 8418 9272 
3 8817 7860 9892 
3 8375 9338 8192 
3 2654 4251 5069 
3 5285 1182 292 
3 10635 8056 8046 
3 9340 8753 8948 
3 7649 6880 7535 
3 8565 8564 9142 
3 8394 8566 8954 
3 9140 8758 8387 
3 11056 10879 10525 
3 8753 8762 8396 
3 8389 8564 8565 
3 8569 8761 8566 
3 8960 8400 8762 
3 9413 9420 8590 
3 9149 8565 9344 
3 11430 6228 5370 
3 6228 11430 9822 
3 8955 8571 8964 
3 8772 8965 8572 
3 8965 9145 8572 
3 8573 8400 8960 
3 7513 8707 7625 
3 8962 8575 9151 
3 10446 10394 11235 
3 8772 8580 9152 
3 1720 2811 5414 
3 8578 8973 8575 
3 8971 8579 8577 
3 9155 8580 8782 
3 177 179 113 
3 8579 8971 8581 
3 8581 9364 8417 
3 8979 8777 8975 
3 6124 6328 5785 
3 9162 8780 9168 
3 7505 7720 8339 
3 372 8570 7121 
3 11942 11264 7917 
3 9168 8780 8593 
3 11575 11578 131 
3 8591 8982 8593 
3 8593 8983 9168 
3 2559 2568 2761 
3 9681 10037 9684 
3 9371 8790 9367 
3 6188 10591 10600 
3 5680 5712 3944 
3 9707 8981 9167 
3 5629 2412 10322 
3 7529 11359 1214 
3 2881 2879 8456 
3 9888 9190 10611 
3 8790 8596 8592 
3 4134 5784 5019 
3 8599 9173 9167 
3 8596 8992 8594 
3 8792 9177 8598 
3 9396 8567 7631 
3 11359 8220 1214 
3 6188 6189 10591 
3 8596 8793 8992 
3 8990 7963 8602 
3 8019 8007 10603 
3 8793 9377 9183 
3 9193 9192 9005 
3 8607 8606 8610 
3 8248 8611 9003 
3 8433 7971 8612 
3 8432 8613 8611 
3 6074 6087 781 
3 8612 8610 8433 
3 8330 5541 3711 
3 9006 9193 8617 
3 8434 8614 8613 
3 8610 8805 8433 
3 8805 8809 8433 
3 8433 8809 8616 
3 105 10859 1867 
3 8803 8618 8807 
3 8085 8604 8993 
3 3000 2634 2724 
3 9571 9011 9012 
3 8808 8809 8805 
3 111 124 76 
3 4838 2988 3018 
3 8808 8810 8809 
3 9399 8812 9010 
3 4184 5131 6883 
3 9010 8810 8808 
3 9010 8812 8810 
3 10967 7631 6740 
3 8619 8438 9011 
3 9511 9344 10215 
3 8773 8768 2397 
3 11705 11517 11710 
3 8621 9399 8623 
3 8748 7780 11140 
3 3583 3303 3400 
3 8812 9399 8621 
3 8623 8259 8258 
3 8139 8312 7577 
3 9858 9352 9698 
3 10081 8626 9019 
3 8285 8297 9164 
3 3179 4135 2297 
3 5594 8774 694 
3 4917 3059 3961 
3 8798 5119 11125 
3 9396 10909 10894 
3 8452 8819 8630 
3 10753 10409 9895 
3 10566 8957 10584 
3 9936 10734 7282 
3 9582 8106 8105 
3 8823 8634 9913 
3 857 670 729 
3 7215 7200 11276 
3 8826 8457 8828 
3 1402 9588 6883 
3 8828 9590 8826 
3 10067 10894 11725 
3 3836 10459 11317 
3 10092 8273 8272 
3 8824 8826 9589 
3 9410 8639 8643 
3 8829 9592 9216 
3 6614 6613 6108 
3 6548 4154 4142 
3 2223 3951 3904 
3 8090 4142 8080 
3 4594 6147 6910 
3 4779 1541 4787 
3 9036 9917 8643 
3 11102 6017 9583 
3 6514 4136 4973 
3 9219 8280 9037 
3 8466 8646 8834 
3 9090 1878 5293 
3 8401 3626 8381 
3 5615 10340 7566 
3 7656 8308 8309 
3 3915 5547 1511 
3 9689 9347 9512 
3 9635 9790 10149 
3 7101 7218 6970 
3 3138 1048 1081 
3 10512 11317 10459 
3 10925 11771 11981 
3 8840 9043 8652 
3 8628 9904 9020 
3 5278 9748 7951 
3 9043 8840 9232 
3 8652 8842 8289 
3 8478 8654 9236 
3 9143 9912 11533 
3 3677 2117 7979 
3 8653 8656 8480 
3 8660 9609 9046 
3 6991 6987 5809 
3 8656 8653 8842 
3 7450 1924 8274 
3 2360 1513 5947 
3 3900 264 11541 
3 8931 9742 6994 
3 8842 8659 8656 
3 2949 1307 10944 
3 9240 9239 8846 
3 9126 3901 11745 
3 8488 8138 8662 
3 8901 10950 2382 
3 8846 9609 8669 
3 9554 9553 9733 
3 8669 8668 8846 
3 8303 9243 9432 
3 9048 8665 8134 
3 9053 8491 9241 
3 8491 9053 8495 
3 9247 8133 8674 
3 4007 6403 8833 
3 8849 9245 8494 
3 8495 9053 9054 
3 5424 34 11878 
3 8851 8315 8673 
3 10691 10683 1459 
3 8848 9246 8673 
3 8498 8673 8312 
3 9061 8151 8857 
3 9057 8145 8315 
3 8317 8852 8674 
3 7965 7840 7842 
3 247 11745 3901 
3 9249 8676 8145 
3 1637 4908 4044 
3 9135 7408 4563 
3 8314 8499 8148 
3 10288 8501 8316 
3 1079 780 4906 
3 3969 3968 4274 
3 9058 8500 8854 
3 8857 8681 8859 
3 9063 8503 8856 
3 2517 5730 4957 
3 9103 2781 1964 
3 10888 10055 7536 
3 4324 5153 2738 
3 8859 9442 8857 
3 8150 7803 9061 
3 5512 7013 5516 
3 8683 8682 9444 
3 11679 10890 9409 
3 8864 9267 9068 
3 11891 11887 211 
3 3865 10620 3877 
3 10810 10450 10449 
3 8686 8862 8508 
3 8863 8509 8329 
3 8863 9264 8509 
3 8864 8687 9072 
3 11078 6780 7726 
3 4840 5159 4745 
3 10547 9500 10198 
3 8336 7934 8513 
3 4925 6457 2519 
3 6403 4885 7980 
3 7214 5585 2162 
3 8337 8336 9783 
3 8871 7936 9453 
3 9456 9626 8872 
3 9120 5141 6652 
3 11077 11083 5072 
3 8877 8878 8341 
3 8729 6390 3873 
3 271 3904 2229 
3 8341 8878 7943 
3 8239 3490 6547 
3 10334 8734 9538 
3 7831 4726 7029 
3 4007 4819 2418 
3 9116 7159 9118 
3 8699 9459 7945 
3 9633 8700 9277 
3 8881 7727 8703 
3 7925 8044 8165 
3 4717 6264 6267 
3 8349 8057 8890 
3 8884 8885 9462 
3 9098 8179 9094 
3 9446 9618 9256 
3 9462 9284 8884 
3 7159 4074 6271 
3 8336 8337 7934 
3 8176 8346 8523 
3 11235 1764 2085 
3 9284 8707 8350 
3 11854 5089 1577 
3 5227 5976 5224 
3 9493 8930 10028 
3 9638 8897 9465 
3 9830 8538 9311 
3 8712 8709 9470 
3 9384 9393 11653 
3 8533 8716 9643 
3 9218 9220 8831 
3 8355 9098 9101 
3 9297 8061 8892 
3 8896 8711 8714 
3 6069 4508 6064 
3 9221 9600 9602 
3 7013 3878 5516 
3 3184 7654 6759 
3 8904 9301 9106 
3 9297 8900 8184 
3 8184 8900 8720 
3 6637 5109 9870 
3 9294 8536 8358 
3 9107 8719 8899 
3 5429 7144 8092 
3 11216 330 11215 
3 8845 10236 9668 
3 9105 8720 8900 
3 11216 10459 330 
3 8721 8720 9105 
3 5505 4709 7017 
3 9952 9249 10445 
3 9115 8910 8906 
3 8906 8910 8907 
3 8911 9112 8907 
3 10418 10244 11274 
3 7637 7634 7633 
3 9112 8911 8909 
3 9057 10445 9249 
3 8892 9299 9297 
3 8907 8910 8911 
3 4272 10452 7891 
3 2363 2122 2816 
3 7888 9685 8845 
3 8913 9117 8911 
3 8910 8913 8911 
3 9668 8844 8845 
3 9119 8908 9316 
3 8911 8925 8909 
3 9119 9316 9122 
3 9445 9444 9963 
3 8926 8725 9490 
3 10442 7889 6059 
3 3018 3910 5722 
3 8924 9119 8921 
3 8605 6180 6948 
3 8924 8925 9117 
3 3359 3237 10615 
3 10973 11369 2851 
3 9493 8917 8930 
3 8920 8927 8921 
3 8538 9664 9114 
3 6044 6154 5697 
3 8927 8726 8924 
3 8921 8927 8924 
3 8924 8726 8925 
3 8726 8928 8925 
3 5792 7310 4161 
3 8543 9323 8935 
3 6939 6942 9441 
3 8926 9125 8936 
3 9101 9098 9298 
3 6619 9848 6597 
3 10490 11958 10463 
3 9127 9128 8732 
3 3852 1063 2979 
3 1611 2582 3467 
3 8417 9364 9367 
3 11134 10797 11133 
3 8941 8732 9128 
3 8548 8941 8372 
3 8733 8939 8735 
3 8777 9161 8975 
3 4907 6644 10891 
3 5327 3488 7123 
3 4892 5646 7173 
3 8941 9128 8745 
3 8546 8735 8737 
3 8737 8735 8939 
3 8939 8746 8737 
3 8745 9498 9331 
3 6977 4675 6985 
3 1348 1039 973 
3 9060 6241 6262 
3 8742 8743 9330 
3 7386 5099 5862 
3 10433 10272 10273 
3 8947 8949 8746 
3 9892 7860 6925 
3 8947 8751 8949 
3 8560 8557 9336 
3 9033 9859 6234 
3 8946 8559 8950 
3 11002 9270 8880 
3 8753 9336 8948 
3 9338 9140 8192 
3 8559 8954 8950 
3 1737 1974 1686 
3 9337 8949 9501 
3 8751 9506 9683 
3 8391 8954 8559 
3 8761 9138 8954 
3 8564 8387 8758 
3 8950 8954 9138 
3 8762 8753 9340 
3 8751 8755 9509 
3 3989 5642 4867 
3 8763 8755 8752 
3 9508 9138 8761 
3 8761 8569 9145 
3 8565 9142 9344 
3 9145 8959 9347 
3 8569 8572 9145 
3 11215 11235 10394 
3 6458 854 4669 
3 11935 11901 11905 
3 8762 8765 8960 
3 1570 11901 11935 
3 8765 9348 8960 
3 8767 9149 8771 
3 8788 8594 8980 
3 9154 8969 9348 
3 10330 3085 7839 
3 6727 4041 7629 
3 9348 8969 8960 
3 9156 8577 8771 
3 10612 11296 10964 
3 9354 9156 9150 
3 2613 3605 5831 
3 8969 9154 9157 
3 8971 8577 9359 
3 2144 2126 2137 
3 8573 8969 8777 
3 8416 8780 8973 
3 3765 6153 7717 
3 5190 2450 4249 
3 10265 1284 3147 
3 7727 8881 9630 
3 8975 9161 9365 
3 3957 2264 5712 
3 9162 8973 8780 
3 9798 8020 9015 
3 8417 9367 8786 
3 11727 2083 11728 
3 9724 11215 10385 
3 8976 8782 8977 
3 7030 10490 10587 
3 3794 7742 5450 
3 10385 11215 10394 
3 8975 9171 8979 
3 9170 8977 8980 
3 10322 5630 5629 
3 8981 8792 8598 
3 3983 7117 3989 
3 8598 9167 8981 
3 8982 8983 8593 
3 7724 7508 7941 
3 891 3420 1750 
3 8982 8987 8983 
3 3617 1465 771 
3 5052 3297 1543 
3 9174 9170 8980 
3 6173 10603 8007 
3 9173 9178 9715 
3 9379 8987 8982 
3 2595 4401 6542 
3 8626 8448 9019 
3 8992 9175 8594 
3 6971 1878 3620 
3 7185 5535 2105 
3 4801 5000 4802 
3 8987 9376 8983 
3 8786 8790 8592 
3 8790 8793 8596 
3 9375 10140 7563 
3 4424 5976 5227 
3 9388 8991 8987 
3 8987 8991 9376 
3 8992 9181 9175 
3 9736 10073 10072 
3 9632 3499 5964 
3 9178 8990 8602 
3 7928 7919 7931 
3 8604 9545 8993 
3 1236 2881 4498 
3 8085 8993 8602 
3 9381 9385 8427 
3 9545 8604 8996 
3 8606 8994 9002 
3 2781 8338 1964 
3 8998 9189 9007 
3 7634 7637 7846 
3 8611 9005 9003 
3 9588 10361 6883 
3 8606 9002 8610 
3 2558 4136 1750 
3 2846 3788 9358 
3 9193 9006 9189 
3 9394 8998 9007 
3 8611 8613 9005 
3 8613 9193 9005 
3 9189 9006 9007 
3 9194 8610 9002 
3 6636 7588 7560 
3 6180 6165 3782 
3 8618 8802 8617 
3 10195 11234 10372 
3 8805 8610 9194 
3 9006 8802 9007 
3 3143 5947 11869 
3 9008 8805 9194 
3 9007 8802 9197 
3 8802 8803 9197 
3 8803 9198 9197 
3 8617 8802 9006 
3 6479 5703 4068 
3 7782 7787 11147 
3 8802 8618 8803 
3 9571 8807 9011 
3 9588 8750 11987 
3 7333 6435 7344 
3 8816 10375 11125 
3 10587 11359 7335 
3 8810 8812 8621 
3 9198 9569 9900 
3 7310 5792 6552 
3 5513 3764 2093 
3 6159 9767 8968 
3 55 4129 3228 
3 9017 8622 8815 
3 10323 8723 7753 
3 3082 6240 5500 
3 9017 8260 9020 
3 8262 8102 8263 
3 5958 8738 7756 
3 6644 7578 10891 
3 8302 8849 8494 
3 9582 8105 8819 
3 5787 3592 6686 
3 10886 11065 10365 
3 745 7713 6030 
3 8106 9582 8632 
3 8966 1810 6146 
3 8937 8554 9328 
3 9030 8823 10427 
3 7023 6152 11357 
3 8224 10734 11539 
3 6147 1344 6907 
3 8639 9408 8110 
3 8463 8276 9755 
3 8276 9412 9755 
3 7872 9598 9412 
3 449 5413 6145 
3 11793 6907 4581 
3 5118 1390 5114 
3 5572 6471 5568 
3 8641 9411 9217 
3 9598 8642 9414 
3 11706 10807 1839 
3 5250 4428 4403 
3 8465 8277 9415 
3 8277 9219 9415 
3 2032 2083 3741 
3 9423 9225 8835 
3 3467 6159 1611 
3 9224 9221 9602 
3 8834 9759 9418 
3 9222 9037 9225 
3 43 3609 9970 
3 9601 8646 9216 
3 9224 9421 8647 
3 8836 9230 9423 
3 9220 9218 9922 
3 11949 597 1975 
3 6545 2490 5676 
3 8119 9038 8286 
3 9708 9872 10397 
3 7887 7995 8289 
3 9043 8842 8652 
3 5923 1951 4125 
3 8830 8644 8641 
3 3589 7493 8381 
3 4109 7261 8080 
3 5555 2362 3136 
3 4539 9906 7197 
3 5885 1336 6777 
3 9254 10659 10675 
3 8659 8842 9047 
3 10262 10088 10090 
3 8668 9240 8846 
3 9432 9241 8298 
3 6564 8467 8475 
3 8303 9245 9243 
3 8749 10330 5774 
3 5199 4541 4766 
3 9047 9048 8659 
3 7061 3915 7063 
3 8849 8850 9247 
3 8704 11690 1839 
3 8677 7728 5902 
3 10326 8749 5774 
3 8851 8673 9246 
3 11896 7701 10251 
3 9352 9155 9701 
3 9249 8145 9057 
3 9615 8500 9058 
3 9615 8316 8500 
3 9058 8854 8676 
3 11503 4829 5164 
3 8502 8150 9250 
3 7499 2765 4360 
3 8353 8713 8521 
3 5936 7474 7486 
3 2015 8886 5445 
3 7576 6786 6016 
3 11411 10714 11584 
3 9068 8686 8864 
3 8859 9255 9442 
3 5730 6489 4957 
3 11438 7184 5509 
3 8920 9121 8366 
3 9444 8682 9063 
3 8859 9257 9255 
3 4120 5881 11922 
3 11058 10326 6967 
3 9206 2358 435 
3 8859 8861 9257 
3 10326 11058 7818 
3 5467 5337 5757 
3 9515 488 10298 
3 7822 9541 11071 
3 8127 8125 7187 
3 6174 11320 2397 
3 9064 8684 8862 
3 8862 9068 9262 
3 9065 9260 8863 
3 8863 8156 9065 
3 5367 10152 9374 
3 8505 388 4515 
3 5816 6352 6249 
3 9069 5404 9859 
3 9296 6582 8482 
3 4193 3293 4187 
3 9072 8687 8512 
3 7671 8635 10237 
3 9623 8869 8868 
3 3877 3900 3865 
3 9782 8869 9623 
3 9626 10475 8698 
3 8166 8690 9074 
3 9973 8693 9783 
3 8915 4097 1710 
3 10215 9142 9504 
3 62 7105 48 
3 9452 8515 10145 
3 7528 3910 4871 
3 7471 10048 6589 
3 1572 1360 1355 
3 7943 8878 8518 
3 8699 8700 9633 
3 7447 7471 5671 
3 9275 8171 8518 
3 9264 8863 9447 
3 9796 9094 9634 
3 8372 8553 8377 
3 3683 11875 5385 
3 8703 8706 9460 
3 6882 5982 7683 
3 8053 8883 10149 
3 8350 8884 9284 
3 9277 8889 9278 
3 8505 3685 1279 
3 10548 11666 4963 
3 8056 9854 7111 
3 7133 7161 6316 
3 7800 7580 8856 
3 4510 4508 6069 
3 6019 4450 7589 
3 9093 9283 9289 
3 9638 8706 8896 
3 8887 8890 9287 
3 3901 3771 10615 
3 7690 6777 8631 
3 2483 7200 7215 
3 9825 11253 11271 
3 10552 9384 2222 
3 9469 8529 9102 
3 7523 7641 7301 
3 11862 9517 6125 
3 4896 7173 7200 
3 9106 8897 8896 
3 3687 3690 11874 
3 10998 7752 6963 
3 5098 5109 3444 
3 5907 5890 4721 
3 4707 5512 5516 
3 4896 4892 7173 
3 9105 9299 9811 
3 8906 8907 9479 
3 7516 8769 10401 
3 8966 8957 10566 
3 9311 9484 9660 
3 9114 9484 9311 
3 1348 5072 6805 
3 9307 9487 9109 
3 9115 8908 8910 
3 5763 3544 4575 
3 4498 2881 6055 
3 9660 9830 9311 
3 11896 11073 7701 
3 3711 855 5564 
3 7918 3836 7929 
3 9316 8908 9313 
3 8909 8925 9318 
3 11004 10998 11023 
3 1923 3657 1945 
3 4497 3663 8472 
3 7792 4707 3861 
3 9122 8921 9119 
3 9496 8926 9490 
3 9664 8917 9493 
3 9121 8920 9122 
3 9121 9122 9319 
3 4388 4615 4698 
3 9450 7658 7671 
3 9496 9125 8926 
3 8933 9125 9496 
3 9100 10560 10512 
3 9172 9168 8983 
3 8070 4474 5631 
3 9496 9840 8933 
3 5299 6812 6811 
3 9498 9128 9127 
3 6618 4279 7403 
3 9996 9301 9812 
3 10973 2851 98 
3 9134 8739 8940 
3 7124 6490 6710 
3 8556 8746 8939 
3 9330 10030 9328 
3 11215 1764 11235 
3 10465 10303 9075 
3 6594 6598 10575 
3 6012 7574 5285 
3 2073 7589 4450 
3 9330 9335 9332 
3 8746 8949 9337 
3 8225 8078 8081 
3 8946 8950 9136 
3 6222 6224 5486 
3 9683 8949 8751 
3 1131 962 1009 
3 7654 6744 6739 
3 4520 4451 4057 
3 9338 9503 9140 
3 1269 2375 6042 
3 10611 9190 9920 
3 8954 8391 8394 
3 9140 9504 9142 
3 8763 9509 8755 
3 8751 8752 8755 
3 9340 8765 8762 
3 7752 10998 11821 
3 8766 8565 9149 
3 8551 8377 8556 
3 8765 9340 9341 
3 7549 6014 11635 
3 8763 8398 8955 
3 167 2160 3797 
3 8765 9855 9348 
3 8959 9145 8965 
3 9508 8761 9145 
3 8965 9152 8959 
3 9349 8959 9152 
3 5168 8814 8811 
3 8772 9152 8965 
3 7032 3620 11732 
3 9022 11431 7093 
3 8771 9150 9156 
3 2944 2962 8072 
3 11818 11004 11792 
3 8251 8611 8248 
3 6078 6775 3393 
3 7629 4041 5829 
3 4450 2831 10673 
3 9434 1265 2277 
3 2332 4797 10731 
3 9359 9156 9354 
3 8440 7977 8444 
3 4312 792 2657 
3 8777 9157 9161 
3 7629 9427 6727 
3 10378 10551 10039 
3 8562 4595 5411 
3 11821 10959 7752 
3 9163 9360 8976 
3 9362 9159 8973 
3 8976 8977 9163 
3 8938 6997 10538 
3 9365 9161 9157 
3 2818 5986 4421 
3 8691 9973 9075 
3 7848 7847 8612 
3 9989 6498 6518 
3 3643 11873 11707 
3 10206 11580 11075 
3 8977 9536 9163 
3 9531 9367 9364 
3 9706 9526 8981 
3 6213 5472 3835 
3 8626 9905 9023 
3 2484 9015 10618 
3 6006 7711 6899 
3 8977 9170 9536 
3 7481 7696 7587 
3 6552 5792 2608 
3 7187 8125 6306 
3 8994 8606 9385 
3 8809 8810 8442 
3 10140 9420 5835 
3 10371 9610 4187 
3 7555 2417 2101 
3 5835 4955 10140 
3 9535 9370 9373 
3 5240 2820 5243 
3 8792 9372 9177 
3 9373 9379 8979 
3 9379 8982 8979 
3 8793 8790 9377 
3 8790 9371 9377 
3 9175 9174 8980 
3 475 6440 9902 
3 2192 6141 2980 
3 9373 9370 9379 
3 9175 9176 9174 
3 9725 9381 9177 
3 9379 9388 8987 
3 8991 9554 9376 
3 9183 8992 8793 
3 9181 9176 9175 
3 379 1402 6883 
3 3721 3723 5381 
3 6035 2885 689 
3 9184 9556 9176 
3 9181 8992 9555 
3 9177 9372 9725 
3 8993 9545 9726 
3 11258 11255 4411 
3 8427 8601 9381 
3 6596 2665 1836 
3 7550 9375 7563 
3 9178 8602 8993 
3 4531 9697 4521 
3 7742 3794 2224 
3 3193 9025 3170 
3 9189 8998 9387 
3 9387 8998 9188 
3 8840 8838 9232 
3 9192 9189 9387 
3 7442 8393 7435 
3 11898 4490 5404 
3 8998 9394 9188 
3 9192 9193 9189 
3 9557 9002 9392 
3 8288 7772 7883 
3 4480 2703 9274 
3 8768 7787 3266 
3 9392 8994 9552 
3 7990 9036 8643 
3 9002 9557 9194 
3 3983 4822 7117 
3 11535 2185 7242 
3 8627 11771 10925 
3 5948 4360 4364 
3 8808 9199 9010 
3 9199 8805 9008 
3 9567 9901 9199 
3 8803 9569 9198 
3 2093 3764 2083 
3 9399 9010 9570 
3 6162 5432 3774 
3 2703 1765 1735 
3 9202 9012 8622 
3 8147 1711 4718 
3 8813 8622 9012 
3 10347 10174 9998 
3 4352 11757 10205 
3 635 762 639 
3 10202 4352 10205 
3 3738 10593 11723 
3 6700 6674 9404 
3 8332 7344 7355 
3 1446 8420 10486 
3 3718 3720 3634 
3 3001 6153 3765 
3 3929 3950 5742 
3 8632 9581 8634 
3 7703 7594 7593 
3 8819 8105 8630 
3 8658 8294 8483 
3 8471 4865 6589 
3 4896 7200 2483 
3 6626 8507 9363 
3 7122 8860 8855 
3 8460 8110 9408 
3 10553 10039 10040 
3 10378 10039 10553 
3 9590 8460 10090 
3 10092 9592 8273 
3 9410 9408 8639 
3 8641 8463 9411 
3 9279 7521 8401 
3 9324 9375 7550 
3 11044 11374 11541 
3 9036 8281 9217 
3 9220 9417 8645 
3 9414 8465 9415 
3 9219 9037 9927 
3 8834 8646 9924 
3 8646 9601 9924 
3 9225 9760 9222 
3 7536 8506 10086 
3 9218 8832 9418 
3 3359 10619 3349 
3 9421 9038 8647 
3 10103 9760 9605 
3 9422 8286 9038 
3 2907 2911 2633 
3 2072 1038 2941 
3 8303 8494 9245 
3 8649 8839 9230 
3 9424 8838 9761 
3 7659 8110 7203 
3 6301 7187 7144 
3 9422 8837 8286 
3 4863 4990 5051 
3 9042 9606 8839 
3 9232 9424 9235 
3 9764 9043 9235 
3 9045 8842 9043 
3 4951 3207 8373 
3 8158 8684 8328 
3 7425 7440 5805 
3 8660 9046 8657 
3 9429 9238 9047 
3 9609 9428 9046 
3 6777 1336 4089 
3 11828 11988 4830 
3 9047 8842 9045 
3 8849 9247 9948 
3 3468 2745 6702 
3 2411 1008 4012 
3 10560 9825 11271 
3 10276 6720 6743 
3 8475 9324 7525 
3 7156 7144 7187 
3 9239 9609 8846 
3 7528 4871 8506 
3 9952 8676 9249 
3 10288 9436 8501 
3 9057 8315 9248 
3 7123 3488 1657 
3 9516 9703 10221 
3 9058 8676 9952 
3 8475 7525 5709 
3 7499 9160 5181 
3 6649 3461 5127 
3 9061 9437 8150 
3 350 385 457 
3 9063 8856 9252 
3 7536 10086 10888 
3 9442 9255 9440 
3 2939 4546 5374 
3 6841 2906 3666 
3 9315 9494 9488 
3 9541 10298 11071 
3 9255 9257 9256 
3 6438 6772 6226 
3 8684 9064 8861 
3 6761 7849 8020 
3 9262 9776 9064 
3 9250 10118 9770 
3 2939 8514 406 
3 8462 9296 9290 
3 5374 4546 8527 
3 9778 8865 9264 
3 2725 2720 7824 
3 9159 8575 8973 
3 9061 9442 9437 
3 532 5051 5103 
3 7071 7508 7724 
3 9267 9072 9968 
3 9359 8577 9156 
3 9070 9781 8510 
3 5471 11726 2045 
3 7241 8032 4953 
3 11349 11515 11701 
3 178 192 2243 
3 10142 8336 9452 
3 2015 5445 1998 
3 8336 8513 9452 
3 1884 1897 4673 
3 3468 5130 4289 
3 8872 8871 9456 
3 8224 3660 7282 
3 44 128 68 
3 11239 5385 11714 
3 9270 9457 8695 
3 8518 8878 10310 
3 8877 8698 10309 
3 5581 8757 6337 
3 3279 5695 4069 
3 9275 8519 8171 
3 10474 9626 9456 
3 7828 8701 9634 
3 9453 8165 9268 
3 9674 8860 8004 
3 11671 8563 9398 
3 9102 9474 9469 
3 10149 8883 9635 
3 10150 9405 11678 
3 9383 10231 9390 
3 7157 7158 7056 
3 6078 3393 7903 
3 4007 8833 4819 
3 9093 9289 8526 
3 8526 8523 9093 
3 4938 4084 3290 
3 4293 4309 1043 
3 8707 9284 9291 
3 4007 750 772 
3 9775 9445 10124 
3 8349 8887 8883 
3 10487 10160 9292 
3 8241 8285 8201 
3 8201 8285 7277 
3 8191 4293 2693 
3 9469 9641 8890 
3 11058 11862 6125 
3 8526 9470 8709 
3 8928 8937 9328 
3 9287 8890 9641 
3 712 11585 11913 
3 9299 8900 9297 
3 6816 9384 10552 
3 6633 7403 4279 
3 9825 9816 11253 
3 9645 8712 9470 
3 11043 10668 11037 
3 8462 9231 7452 
3 8825 5646 6393 
3 6675 6463 6563 
3 11103 6821 10291 
3 8721 8361 8720 
3 6821 5081 10291 
3 9811 8721 9105 
3 374 1390 5118 
3 9105 8900 9299 
3 9308 8906 9304 
3 9304 8906 9479 
3 9107 8903 8719 
3 8719 8903 8718 
3 8962 8964 8571 
3 9285 7521 9279 
3 5098 105 2677 
3 8915 2296 10447 
3 9114 9311 8538 
3 7483 6568 9242 
3 11357 6152 6143 
3 8908 9115 9313 
3 1507 2351 1510 
3 3544 2562 1487 
3 8909 9488 9485 
3 2855 9196 4060 
3 8215 8241 8201 
3 8910 8908 9119 
3 2481 4310 5945 
3 3200 1718 7227 
3 9215 8418 7467 
3 4768 5949 6832 
3 8925 8928 9318 
3 9495 9318 8928 
3 8396 8762 8400 
3 7917 6198 11942 
3 11407 7850 11228 
3 9676 8935 9323 
3 8229 8215 8185 
3 10028 8930 9497 
3 8940 9676 9500 
3 9497 8930 9845 
3 7658 9438 5868 
3 5492 5530 7953 
3 1840 988 3412 
3 10299 10131 9267 
3 3716 4067 3801 
3 9316 9665 9317 
3 8933 9127 8732 
3 9134 8940 9500 
3 9777 11321 10129 
3 8974 6515 6474 
3 11713 4460 334 
3 11503 5164 3401 
3 6588 5059 1840 
3 10650 9792 9637 
3 9681 9338 9134 
3 9870 2370 6651 
3 7352 3408 5057 
3 8575 8404 8578 
3 9336 9334 8948 
3 9502 8948 9334 
3 8667 5201 1761 
3 9516 9356 9703 
3 5049 5056 6575 
3 9642 7859 6029 
3 9346 9509 8763 
3 8948 9502 9340 
3 4450 6781 2831 
3 9340 9687 9341 
3 9142 8758 9140 
3 9138 9508 9505 
3 9869 9865 9351 
3 11567 7632 9350 
3 8529 8718 9102 
3 9512 9347 8959 
3 9149 9150 8771 
3 9512 8959 9349 
3 9349 9513 9512 
3 8780 8416 8419 
3 6518 949 8388 
3 3513 664 4471 
3 3381 2632 6570 
3 9701 9155 9357 
3 3397 5827 4922 
3 4431 8007 8019 
3 9869 9520 9865 
3 10030 10034 10199 
3 8971 9359 8581 
3 11581 9975 7406 
3 9521 8581 9359 
3 8362 7391 9972 
3 9357 8976 9360 
3 9516 9361 9157 
3 9157 9356 9516 
3 9872 9521 9519 
3 7311 9009 3379 
3 8782 8976 9155 
3 9364 8581 9521 
3 9361 9365 9157 
3 10703 11777 10549 
3 9364 9521 9522 
3 5225 5238 2818 
3 4457 4474 5599 
3 9362 9162 9525 
3 10932 11004 10235 
3 2608 3381 6552 
3 9163 9536 9523 
3 9214 6192 4526 
3 5615 7566 4819 
3 2329 376 5747 
3 3602 5269 5282 
3 10396 11200 9614 
3 2592 4172 7316 
3 8781 8977 8782 
3 9163 9523 9360 
3 9364 9522 9531 
3 1721 4110 3324 
3 3429 11861 5195 
3 9526 9706 11093 
3 3371 1773 5019 
3 11810 11821 11804 
3 927 2592 6558 
3 8983 9376 9172 
3 2425 7736 1342 
3 9535 9373 9171 
3 8368 7515 5240 
3 5760 4888 6626 
3 9170 9174 9378 
3 9172 9533 9369 
3 5195 5033 3416 
3 8347 7391 6458 
3 9401 7578 7604 
3 8992 9183 9555 
3 4899 4894 3950 
3 9726 9178 8993 
3 6227 8046 4464 
3 9322 10721 1615 
3 9725 9385 9381 
3 9174 9542 9378 
3 7358 8332 7385 
3 10229 10959 11787 
3 1366 1109 977 
3 9184 9176 9181 
3 9441 9449 9435 
3 3349 5767 4110 
3 9188 9546 9537 
3 4145 4138 5779 
3 8991 9388 9553 
3 9553 9554 8991 
3 3737 2856 3039 
3 9181 9555 9389 
3 7332 8332 7358 
3 9191 9545 8996 
3 4510 5336 4515 
3 1298 5093 5923 
3 5470 7223 6342 
3 9192 9390 9191 
3 9388 9379 9547 
3 9394 9546 9188 
3 11783 10932 10925 
3 8261 7285 7277 
3 8653 8289 8842 
3 9005 9191 9003 
3 9546 9395 9561 
3 4909 6418 6434 
3 9546 9394 9395 
3 9566 9560 9565 
3 9194 9557 9560 
3 9566 9194 9560 
3 8994 9890 9552 
3 6817 1674 11858 
3 9395 9197 9198 
3 5751 4110 5767 
3 9899 9739 9562 
3 9567 9008 9566 
3 8297 8332 9164 
3 9164 8332 7332 
3 9008 9567 9199 
3 2578 8957 2569 
3 9488 8909 9315 
3 9011 8807 8619 
3 9199 9570 9010 
3 9743 9399 9570 
3 7333 7344 8297 
3 7418 3796 9079 
3 9017 9020 9578 
3 832 11597 6091 
3 6489 5730 8919 
3 8263 9208 8628 
3 9210 10083 9208 
3 3959 4803 11920 
3 9210 10258 10083 
3 9581 8632 9582 
3 6153 3001 5425 
3 9578 9020 9904 
3 9913 8634 9584 
3 9911 10259 10085 
3 5662 5680 3944 
3 5762 4113 4140 
3 8294 8658 8655 
3 9590 8828 8460 
3 7468 5161 5177 
3 8460 9408 9916 
3 6185 5880 6184 
3 9800 10157 9984 
3 5581 6581 5572 
3 9916 9408 9593 
3 8299 7333 8297 
3 8463 9755 9411 
3 9950 4636 8323 
3 9217 9595 9597 
3 9411 9595 9217 
3 6141 5405 2980 
3 9164 7332 8261 
3 8645 9417 9221 
3 9418 9922 9218 
3 8736 10359 2434 
3 8299 6397 7333 
3 11840 2345 1507 
3 9602 9421 9224 
3 9065 8155 8683 
3 8274 4334 7463 
3 9225 9605 9760 
3 9422 9038 9421 
3 11337 11338 10311 
3 4625 8470 2802 
3 9232 9235 9043 
3 5831 9016 9223 
3 10394 10446 8997 
3 11458 9223 9016 
3 9045 9043 9764 
3 10512 10560 11317 
3 10636 11390 4954 
3 9047 9238 9048 
3 3352 8545 11328 
3 2997 5671 3899 
3 8532 8714 8711 
3 9239 9240 9054 
3 9764 9429 9045 
3 2716 10522 1710 
3 6321 10204 6480 
3 10452 4272 7889 
3 8851 9246 9433 
3 10703 11240 11777 
3 8884 8177 7731 
3 8266 6397 8299 
3 6606 8471 8492 
3 10659 8371 10636 
3 8851 9248 8315 
3 3612 1792 2762 
3 840 8915 10447 
3 3864 5655 4774 
3 972 2107 1259 
3 9436 10290 9771 
3 8856 9436 9771 
3 8917 8727 8930 
3 4002 2358 9206 
3 9559 9561 9735 
3 602 595 11737 
3 3295 3035 3032 
3 9256 9257 9446 
3 3858 1051 3852 
3 9774 9446 9257 
3 9259 9445 9260 
3 8861 9064 9257 
3 11958 11253 10463 
3 9620 9260 9775 
3 6582 9296 8462 
3 8865 8509 9264 
3 9442 9772 9437 
3 7277 9164 8261 
3 9266 9070 8865 
3 7274 6397 8266 
3 7327 8143 6506 
3 6564 8475 5709 
3 9267 8864 9072 
3 4332 4331 6983 
3 9780 9071 9074 
3 8241 8266 8285 
3 7017 4709 6261 
3 3865 3900 11746 
3 11755 10077 590 
3 10143 9456 8871 
3 9783 8336 10142 
3 8170 7944 8519 
3 6434 4925 4064 
3 10278 10112 10111 
3 1894 3468 4289 
3 9627 9081 8517 
3 6414 9088 891 
3 11953 11235 2085 
3 10583 9896 10408 
3 11758 4049 435 
3 4885 6403 5654 
3 10309 8878 8877 
3 9993 10502 10500 
3 10148 9459 8699 
3 9275 8518 10310 
3 9276 9086 9977 
3 9461 9459 10147 
3 2175 4115 1013 
3 3642 6048 9305 
3 8053 10315 8701 
3 8053 10149 10315 
3 1728 1778 4961 
3 3588 7776 278 
3 9631 8881 9460 
3 9626 10474 10475 
3 1279 388 8505 
3 9400 11867 5228 
3 8346 9459 9461 
3 9278 9637 9792 
3 7566 10344 2418 
3 9638 9460 8706 
3 10479 9284 9462 
3 8737 9129 8727 
3 8556 8939 8551 
3 8888 9282 9287 
3 1022 5109 4283 
3 9095 10160 10487 
3 9980 9095 10487 
3 9287 9635 8887 
3 9287 9282 9635 
3 8844 9668 10434 
3 5364 7931 7074 
3 9793 10154 9460 
3 9289 9283 9800 
3 4855 4761 4686 
3 8889 8713 9801 
3 9109 9308 9307 
3 9639 9294 8358 
3 9470 9289 9472 
3 4070 3987 3717 
3 9109 9115 8906 
3 9801 8713 10331 
3 9710 3596 3586 
3 10451 11313 10625 
3 6633 9079 7403 
3 8241 8215 8229 
3 9961 9958 10119 
3 9470 9473 9645 
3 11360 11358 11193 
3 9278 9633 9277 
3 6059 6931 10442 
3 8829 7985 8273 
3 9808 9474 9993 
3 9806 8716 8536 
3 9806 9643 8716 
3 10272 10960 10961 
3 9298 8899 9101 
3 8657 9046 8655 
3 4675 3835 2292 
3 6181 6957 6948 
3 6705 6721 7604 
3 10835 10652 10324 
3 9304 9478 9308 
3 9652 9479 9309 
3 9309 9485 9659 
3 9485 9482 9480 
3 9659 9485 9480 
3 6375 8187 7277 
3 9827 9480 9482 
3 9489 9832 9482 
3 3121 11988 1398 
3 5083 6619 6597 
3 8229 8243 8241 
3 9112 9485 9309 
3 9485 9488 9482 
3 9488 9489 9482 
3 8779 2476 4457 
3 11390 8311 11377 
3 9828 9487 9658 
3 10993 9971 10302 
3 9665 9313 9487 
3 900 11342 8331 
3 9490 9830 9662 
3 2635 8013 9667 
3 7638 7618 2527 
3 1636 8487 3476 
3 9316 9313 9665 
3 9663 9664 9491 
3 5099 2665 5862 
3 8947 8752 8751 
3 8913 9119 8924 
3 9318 9495 9494 
3 9315 8909 9318 
3 9316 9317 9122 
3 8092 9080 5429 
3 10594 11359 11335 
3 9215 7467 10017 
3 9121 9321 9323 
3 9115 9109 9487 
3 11754 11221 11550 
3 9328 9841 8928 
3 9673 8967 9671 
3 11347 7251 9866 
3 7251 11377 9866 
3 9844 9678 9842 
3 1636 3476 6178 
3 4847 2412 5629 
3 9676 9323 9321 
3 4768 6832 5937 
3 7493 3589 1512 
3 10575 11335 9835 
3 7115 8855 7125 
3 11487 10980 9949 
3 9784 9624 10469 
3 9335 9682 9332 
3 9146 10575 9835 
3 6369 1798 3660 
3 9505 10042 10040 
3 9338 9684 9503 
3 9851 9683 9506 
3 9337 8737 8746 
3 8393 7442 5639 
3 5827 5837 5057 
3 9100 10512 9789 
3 9340 9502 9687 
3 7654 6739 8603 
3 10137 1528 659 
3 9508 9145 9347 
3 8603 6739 10203 
3 8163 8215 8187 
3 1629 2602 5316 
3 6396 3986 2258 
3 9998 10175 10347 
3 8215 8163 8157 
3 9511 9150 9149 
3 9344 9511 9149 
3 3378 5499 1347 
3 7839 8798 5999 
3 11697 11343 5258 
3 11004 4932 6060 
3 9004 6189 4426 
3 9514 8955 8964 
3 8252 7969 7974 
3 8774 8770 694 
3 5359 6235 5261 
3 10587 10490 9835 
3 9351 9151 9869 
3 11670 3255 5011 
3 9701 9357 9702 
3 11373 11212 11742 
3 8691 9075 8690 
3 9360 9712 9702 
3 6338 7239 8185 
3 8001 8006 9750 
3 11829 1501 11816 
3 9360 9523 9712 
3 1778 10297 11108 
3 9365 9361 9527 
3 9707 9167 9880 
3 8981 9707 9706 
3 3521 11397 8574 
3 11899 7866 3935 
3 11480 11842 3203 
3 2507 10232 1648 
3 9717 9532 9529 
3 9369 9533 9721 
3 2066 2072 2930 
3 9527 9535 9171 
3 10759 2382 10950 
3 6165 3777 3782 
3 9531 9886 9367 
3 4864 1407 8307 
3 2820 4429 5243 
3 9695 9858 10045 
3 9524 9527 9361 
3 9173 9715 9880 
3 9525 9369 9721 
3 8162 8163 7223 
3 7217 6338 8185 
3 9535 9527 9537 
3 9529 9387 9537 
3 9376 9539 9533 
3 9536 9543 9523 
3 3975 4921 3984 
3 4917 4921 3975 
3 9535 9537 9370 
3 8157 8163 8162 
3 9536 9378 9543 
3 7477 7800 7585 
3 5137 4533 55 
3 7358 7385 7392 
3 9378 9536 9170 
3 9181 9389 9184 
3 9570 9199 9901 
3 9542 9549 9378 
3 9378 9550 9543 
3 9537 9546 9370 
3 9370 9559 9547 
3 4001 2994 808 
3 9555 9183 9548 
3 3709 3117 1884 
3 9734 9184 9389 
3 9556 9549 9542 
3 9549 9550 9378 
3 9543 9550 9540 
3 6987 7822 5809 
3 3775 1977 890 
3 6337 4803 3959 
3 9729 9551 9560 
3 8162 8128 9132 
3 1872 2588 2810 
3 4842 2152 2977 
3 3243 4982 11312 
3 9389 9555 9732 
3 9553 9388 9731 
3 10079 9202 9017 
3 9132 8157 8162 
3 9550 9551 9540 
3 9546 9559 9370 
3 9559 9735 9547 
3 9735 9731 9547 
3 9734 9556 9184 
3 11959 7374 9786 
3 9730 9557 9552 
3 9390 9545 9191 
3 11304 4496 2780 
3 10492 7374 11959 
3 4539 6339 9910 
3 9550 9549 9562 
3 9552 9557 9392 
3 9416 11757 10915 
3 9560 9557 9730 
3 9546 9561 9559 
3 7023 9767 4373 
3 9550 9565 9551 
3 9565 9560 9551 
3 236 4383 4403 
3 9063 9252 9960 
3 9550 9562 9565 
3 3929 5688 3912 
3 8128 8162 8135 
3 9547 9731 9388 
3 1625 5884 4721 
3 8994 9725 9890 
3 9562 9739 9565 
3 1835 2506 3647 
3 8654 9046 9236 
3 9561 9395 9740 
3 3525 1872 2830 
3 9789 10512 10459 
3 9739 9567 9565 
3 3396 11857 3401 
3 10110 6634 9363 
3 1393 1459 10683 
3 10245 9567 9739 
3 7105 5424 48 
3 7919 7939 7898 
3 8297 7344 8332 
3 9891 10753 9895 
3 9569 10248 9900 
3 4138 4145 2567 
3 7861 6471 3936 
3 8807 9571 9569 
3 9035 9060 10629 
3 3686 2747 5911 
3 700 1852 6076 
3 9743 10254 9399 
3 5204 4367 5209 
3 11235 11953 10446 
3 9089 10490 10463 
3 10640 10310 8878 
3 9789 10459 11216 
3 10365 11065 10364 
3 9980 10648 10317 
3 6095 8708 7123 
3 10766 8626 10081 
3 9598 9756 9412 
3 9909 10257 9582 
3 9585 10258 9210 
3 10133 10759 2508 
3 9907 9909 8819 
3 9589 9587 8824 
3 840 1687 2517 
3 9752 9911 9587 
3 9746 10446 11953 
3 5367 9374 3708 
3 9236 9428 9607 
3 9589 8826 9590 
3 8480 7887 8653 
3 9845 10550 10549 
3 9406 9032 9030 
3 8829 8273 9592 
3 7632 8535 4756 
3 10092 10780 9592 
3 8777 8969 9157 
3 6739 9413 8590 
3 2918 3103 3637 
3 9917 9593 9410 
3 9216 10096 9601 
3 3194 11668 1423 
3 9217 9597 9036 
3 9598 9414 9599 
3 9414 9757 9599 
3 9789 11216 8143 
3 9418 9759 9922 
3 10259 10426 10085 
3 7187 6306 7156 
3 9927 9222 9928 
3 1979 1970 218 
3 9421 9602 9931 
3 4539 9910 9906 
3 4099 2519 5740 
3 5387 9062 7116 
3 11215 9724 11216 
3 9423 9933 9605 
3 10088 10262 10087 
3 9385 9725 8994 
3 9933 9423 9230 
3 9638 9465 9793 
3 8470 4625 798 
3 9606 9230 8839 
3 9042 9607 9606 
3 9235 9424 9935 
3 9763 9235 9935 
3 4377 4462 4608 
3 9429 9764 10112 
3 9764 9763 10111 
3 9609 9239 9938 
3 9238 9429 10112 
3 9238 9431 9246 
3 5111 2693 7386 
3 9054 9612 9765 
3 9765 9239 9054 
3 9768 9053 9241 
3 9612 9054 9053 
3 11203 11731 11205 
3 1219 6812 5299 
3 3108 1495 6275 
3 8895 4318 6099 
3 9248 9433 9613 
3 4996 5757 5337 
3 9949 9948 9247 
3 7568 6634 10110 
3 8142 6575 5069 
3 7315 7285 8261 
3 11480 11141 11842 
3 5912 2489 7089 
3 10119 9442 9440 
3 9953 9615 9058 
3 10285 9058 9952 
3 9352 9152 9155 
3 9770 9957 8852 
3 9618 9617 9256 
3 8092 7156 7139 
3 55 3228 5137 
3 9252 10451 9960 
3 8092 7144 7156 
3 10976 10202 8625 
3 9617 10119 9440 
3 4945 2483 7215 
3 9774 9619 9446 
3 9445 9775 9260 
3 9100 9816 9825 
3 621 4682 5516 
3 1777 1792 3612 
3 9064 9774 9257 
3 9620 9447 9260 
3 10959 10976 7752 
3 7564 5882 7554 
3 8863 9260 9447 
3 7921 8687 8686 
3 8686 8036 7921 
3 8285 9164 7277 
3 9621 9068 9267 
3 9266 8865 9778 
3 9968 9071 9780 
3 9071 9968 9072 
3 8143 11216 9724 
3 9070 9266 9622 
3 10633 9074 10303 
3 9074 9075 10303 
3 1817 7389 15 
3 9624 9268 9782 
3 5320 4498 6056 
3 9971 9782 10302 
3 6093 1913 4980 
3 11969 11968 6355 
3 9457 9627 8517 
3 5559 5552 3713 
3 8243 7274 8266 
3 9787 10311 8880 
3 3279 4084 8016 
3 9787 8519 9275 
3 9270 8695 8880 
3 9920 9190 9187 
3 9086 9630 9977 
3 10148 10147 9459 
3 5654 4044 4885 
3 9633 9278 9792 
3 4918 4069 7190 
3 9631 9630 8881 
3 11475 11485 3058 
3 8823 8269 8634 
3 9302 10721 9312 
3 9278 8889 9637 
3 6960 4649 5472 
3 4826 1377 11652 
3 1055 1056 1010 
3 9794 9283 9461 
3 9969 10300 10301 
3 10154 9631 9460 
3 8243 7267 7274 
3 2073 3642 9303 
3 4896 2483 4892 
3 3912 10601 2163 
3 9298 9107 8899 
3 289 307 228 
3 10064 10060 9887 
3 9800 9984 9289 
3 9080 5402 5429 
3 10158 9291 9284 
3 10487 9982 9980 
3 8224 7282 10734 
3 10925 6912 8627 
3 9639 9291 10158 
3 9094 9796 9098 
3 9283 9794 9800 
3 1495 3892 6275 
3 9793 9460 9638 
3 8526 9289 9470 
3 9641 9469 9805 
3 9469 9474 9805 
3 9299 8892 9805 
3 7349 5059 6588 
3 1321 166 3326 
3 10005 10004 9998 
3 9809 8536 9294 
3 5480 6222 5486 
3 719 403 1328 
3 8897 9106 9475 
3 2777 2776 2581 
3 11990 10834 11524 
3 10166 9811 9299 
3 8903 9102 8718 
3 4029 3998 11553 
3 10299 10461 10131 
3 9301 9995 9106 
3 3391 2431 2425 
3 9996 9995 9301 
3 9301 9811 9812 
3 8721 9811 9301 
3 10351 10008 10007 
3 5802 5797 5144 
3 9655 6925 6930 
3 9304 9652 9820 
3 10381 10385 10394 
3 9478 9820 9819 
3 7139 6273 4500 
3 9648 9652 9659 
3 9649 9648 9651 
3 9306 9478 9823 
3 7860 4249 6925 
3 1377 1519 11657 
3 9309 9659 9652 
3 10188 11771 9448 
3 10447 10232 1687 
3 9304 9479 9652 
3 9654 9648 9659 
3 9977 10641 10313 
3 4014 5029 2071 
3 3321 1740 1560 
3 8600 6755 9438 
3 9475 10657 8897 
3 9480 9654 9659 
3 9480 9827 9654 
3 9827 9483 9656 
3 4534 4352 11787 
3 10368 9837 9495 
3 9482 9483 9827 
3 9483 9829 9656 
3 9620 9775 10124 
3 6346 6363 7130 
3 9307 9306 9658 
3 11529 2430 11347 
3 9674 9691 9673 
3 9661 9664 9663 
3 9487 10189 9665 
3 6393 5646 1609 
3 9483 9482 9832 
3 10023 9662 10018 
3 6971 3610 5335 
3 9494 9837 9489 
3 9664 9493 9491 
3 8813 9011 8438 
3 9490 9662 9496 
3 9840 9496 10023 
3 700 6913 689 
3 8928 10369 9495 
3 7151 7387 7390 
3 3592 2597 2603 
3 6868 2430 6561 
3 278 7549 5257 
3 5569 5189 5560 
3 15 2610 1809 
3 9337 9501 8737 
3 1509 2603 2597 
3 9840 9678 9127 
3 9328 10030 9841 
3 4597 6686 7443 
3 10034 10030 9330 
3 9352 9349 9152 
3 9422 9931 9932 
3 11708 1512 3589 
3 4639 6181 4626 
3 9845 9129 9501 
3 9835 11335 10587 
3 9587 9589 9752 
3 9681 9134 9500 
3 8215 8201 8187 
3 8761 8954 8566 
3 9643 9806 9803 
3 11347 9866 11529 
3 6491 11827 11982 
3 2789 6808 2767 
3 9136 10039 8946 
3 4626 3020 4639 
3 9346 8763 8955 
3 10210 9687 9502 
3 9851 10711 9849 
3 3143 3935 7852 
3 4940 5283 5147 
3 9688 9506 9509 
3 9508 10043 9505 
3 9713 9362 9525 
3 9851 9506 9688 
3 9344 9142 10215 
3 9692 9688 9509 
3 4673 1919 5583 
3 9695 9853 9689 
3 9346 9694 9692 
3 1816 4866 7729 
3 9341 9855 8765 
3 11059 10689 10690 
3 3777 6165 3774 
3 9346 9514 9694 
3 4741 2351 1507 
3 11823 11822 6485 
3 9351 9861 9514 
3 7003 6992 9583 
3 8836 9423 8835 
3 9150 10217 9864 
3 9416 10915 8586 
3 9857 9356 9154 
3 10967 9396 7631 
3 9405 8586 10915 
3 10561 5539 10574 
3 7223 8163 8187 
3 9864 9519 9354 
3 1885 2035 1887 
3 9360 9702 9357 
3 3016 2203 9425 
3 9159 9520 9869 
3 9168 9369 9162 
3 10221 9361 9516 
3 9521 9711 9522 
3 9701 9702 9867 
3 8575 9159 9869 
3 4827 3055 3342 
3 7787 8768 6646 
3 9425 2203 4595 
3 9523 9543 9712 
3 11613 6219 11099 
3 9372 8792 9526 
3 9717 9529 9524 
3 9173 9880 9167 
3 9527 9524 9529 
3 3505 6227 4464 
3 988 6075 5083 
3 9531 9522 9528 
3 9526 9879 9372 
3 4136 6514 5768 
3 6178 9797 10589 
3 7832 8057 8349 
3 9407 9406 10091 
3 9531 9528 9886 
3 9715 9726 9884 
3 8792 8981 9526 
3 4597 4583 10769 
3 9377 9886 10065 
3 2329 7425 11910 
3 7704 8029 7808 
3 9533 9539 9721 
3 9596 5594 7100 
3 8978 2595 7988 
3 10569 10047 10049 
3 128 115 140 
3 9893 9726 9545 
3 9545 9390 9893 
3 2846 5603 3788 
3 2181 3466 11325 
3 10065 9183 9377 
3 9551 9729 9540 
3 2571 8966 7028 
3 8823 9913 10427 
3 9889 9552 9890 
3 3785 925 6028 
3 10492 5711 7374 
3 8957 8966 2571 
3 6999 3851 595 
3 8303 9432 8490 
3 9730 9552 9889 
3 7536 10053 8479 
3 9548 9183 10066 
3 2601 2796 2510 
3 9192 9383 9390 
3 10721 2539 1615 
3 2170 2178 4567 
3 1117 1072 915 
3 3865 9049 10620 
3 11462 11642 6436 
3 9733 9553 9731 
3 5240 7515 4395 
3 10072 9733 9736 
3 5177 4353 5187 
3 9556 9562 9549 
3 11569 11395 10878 
3 3024 11257 2993 
3 11549 356 11545 
3 9556 9898 9562 
3 1297 1311 11460 
3 9898 9899 9562 
3 9539 9894 9721 
3 6892 8172 3538 
3 9137 9143 5455 
3 6436 11820 6440 
3 10407 6892 3538 
3 8544 1326 2164 
3 7717 6153 10204 
3 9566 9565 9567 
3 4094 2716 1710 
3 9569 8803 8807 
3 9794 9461 10147 
3 10249 9743 10936 
3 66 2639 58 
3 9571 10248 9569 
3 6845 5110 9544 
3 9012 9744 9571 
3 10781 9990 8340 
3 5380 422 8531 
3 9919 1384 478 
3 9019 9399 10254 
3 6123 9517 9515 
3 9019 10254 10081 
3 6267 7029 4717 
3 8819 9909 9582 
3 9581 9582 10257 
3 10133 2212 10759 
3 9374 1307 3708 
3 9907 8819 8452 
3 6600 10778 11406 
3 11454 10945 11117 
3 4005 7445 421 
3 5367 3698 8516 
3 9589 9590 10088 
3 2798 712 11913 
3 9030 10427 9406 
3 9429 9047 9045 
3 10546 9845 10549 
3 11973 2984 11971 
3 672 4906 780 
3 10289 5081 6805 
3 3743 1047 2980 
3 9595 9411 9754 
3 9411 9755 9754 
3 4826 11652 4804 
3 9757 9414 9415 
3 7060 2357 2351 
3 10095 9917 9036 
3 9917 10267 9593 
3 9595 10097 9597 
3 431 11911 7425 
3 3092 2323 4709 
3 11502 10692 6303 
3 7835 7044 7831 
3 9221 9417 9600 
3 9519 9359 9354 
3 11842 10074 8369 
3 9928 9222 9760 
3 8683 9259 9065 
3 9931 9422 9421 
3 10787 9926 10958 
3 10030 10199 10029 
3 3094 11986 11827 
3 11282 4635 11454 
3 9437 9250 8150 
3 373 2111 388 
3 9141 8215 8157 
3 9424 9761 9935 
3 3147 1284 2286 
3 4516 3677 2922 
3 3805 1977 6509 
3 9764 9235 9763 
3 3118 4741 2345 
3 10095 10267 9917 
3 6813 5073 6814 
3 9431 9433 9246 
3 9241 9940 9768 
3 9940 9432 9243 
3 7144 5429 6301 
3 2113 6068 3666 
3 7159 6271 5414 
3 10271 9926 9927 
3 9243 9944 9942 
3 9247 8852 9949 
3 8851 9433 9248 
3 4657 1235 1243 
3 4717 630 1489 
3 2906 4505 1247 
3 4510 2111 4508 
3 1977 3805 1991 
3 1273 1075 1330 
3 2517 4093 5730 
3 6841 4505 2906 
3 9953 9954 9615 
3 10288 8316 9615 
3 9954 10288 9615 
3 1897 1884 7487 
3 10202 10205 8625 
3 4094 5748 4953 
3 9436 10288 10290 
3 9095 7949 10160 
3 9949 8852 9957 
3 9959 9771 10290 
3 6383 8112 11972 
3 6472 5603 3735 
3 9772 9250 9437 
3 10118 9250 9772 
3 6068 6841 3666 
3 9959 10451 9771 
3 9771 10451 9252 
3 11769 7551 4120 
3 5808 6686 3592 
3 9963 10123 9445 
3 8683 9444 9259 
3 9445 9259 9444 
3 9774 9776 10296 
3 916 900 8331 
3 4064 4909 6434 
3 7770 7883 7099 
3 7917 11264 11945 
3 9068 9621 9262 
3 9780 9074 10633 
3 10301 9782 9623 
3 10632 9622 10134 
3 5072 1348 5068 
3 9623 8868 9781 
3 9661 9114 9664 
3 8350 7621 8177 
3 1906 5385 11239 
3 10469 9624 10304 
3 9784 9974 9453 
3 6721 9427 9426 
3 10305 9456 10143 
3 9782 9268 8869 
3 9456 10305 10474 
3 10142 10141 9783 
3 3642 2073 1224 
3 5547 3129 1511 
3 7903 10464 6078 
3 9633 9788 8699 
3 10445 10285 9952 
3 9282 9790 9635 
3 8701 10315 9634 
3 6240 3082 4683 
3 6985 582 3851 
3 10394 8997 9000 
3 10479 10158 9284 
3 6019 10061 10833 
3 11180 10154 10829 
3 31 2308 3181 
3 2720 849 2701 
3 6985 4675 2292 
3 9640 9643 9803 
3 3108 5526 3876 
3 5081 1039 6805 
3 9999 10005 9648 
3 9472 9473 9470 
3 10663 10162 9645 
3 4892 3242 5646 
3 2323 3092 8447 
3 9645 9473 10663 
3 9299 9805 9808 
3 374 5118 1402 
3 9806 8536 9809 
3 1836 3408 6596 
3 9299 9808 10166 
3 10341 9995 9996 
3 9819 9998 10174 
3 9999 9648 9649 
3 9487 9307 9658 
3 9649 10176 10003 
3 9639 9988 9294 
3 9128 9498 8745 
3 2929 11453 11963 
3 9819 9820 9998 
3 4502 4500 6273 
3 9304 9820 9478 
3 9820 9652 10005 
3 4244 6931 6049 
3 10054 9713 10230 
3 6016 6014 2022 
3 10174 10178 9823 
3 8519 8695 8170 
3 9826 9823 10007 
3 9648 9654 9651 
3 9651 9656 10010 
3 9827 9651 9654 
3 9060 9035 6241 
3 9877 7139 7127 
3 11787 4352 10202 
3 5827 3397 5815 
3 4457 5041 8779 
3 5835 1265 4955 
3 10184 10016 9660 
3 11165 11498 11329 
3 9656 9829 9831 
3 9831 9657 9656 
3 2071 5029 4017 
3 6335 11282 6327 
3 5285 292 1171 
3 10534 9484 9114 
3 9661 10534 9114 
3 9823 9478 9819 
3 9862 2524 322 
3 9829 9832 10191 
3 9831 9829 10191 
3 11522 8804 4226 
3 5564 855 3742 
3 6558 2612 927 
3 9489 10191 9832 
3 10016 9662 9830 
3 10016 9830 9660 
3 5335 10422 9400 
3 9665 10189 9836 
3 9489 9837 10191 
3 9494 9489 9488 
3 1206 11960 11811 
3 9837 10022 10191 
3 9837 10368 10022 
3 9317 9665 9836 
3 10563 10388 10386 
3 2912 1206 11627 
3 10035 10033 10376 
3 9493 10028 9839 
3 9319 10025 9321 
3 8136 9240 8668 
3 10023 10195 9840 
3 10641 5287 11007 
3 10369 9841 10029 
3 6588 1840 3412 
3 3163 8600 5005 
3 9404 9402 7602 
3 9485 9112 8909 
3 9733 10069 9554 
3 4460 333 334 
3 10550 9845 9501 
3 2351 5668 1510 
3 10033 10035 9844 
3 10034 9330 9332 
3 9331 10035 9334 
3 4788 3089 6499 
3 10376 9502 9334 
3 9584 8634 9581 
3 10039 9682 8946 
3 10932 10235 10925 
3 9683 9851 9849 
3 10208 9502 10376 
3 9614 4204 10396 
3 3723 3721 2957 
3 9849 10379 9683 
3 8471 6589 10048 
3 10213 9851 9688 
3 9503 10041 9504 
3 4430 11605 6155 
3 10042 9505 10043 
3 9508 9347 9689 
3 10901 10713 10042 
3 4590 1162 2890 
3 9508 9689 10043 
3 9391 6674 7573 
3 5784 4134 6521 
3 1970 1979 5227 
3 3951 11902 5736 
3 10156 10643 10151 
3 10689 11059 10360 
3 9853 9695 10045 
3 11391 11059 10690 
3 9150 9511 10217 
3 6870 1757 3831 
3 9513 9352 9858 
3 7994 10603 6173 
3 9514 9151 9351 
3 4980 6112 6093 
3 9861 9860 9514 
3 5225 1964 8338 
3 9701 9698 9352 
3 10579 11799 10752 
3 9150 9864 9354 
3 9703 9356 9857 
3 9373 8979 9171 
3 10976 6913 8672 
3 9702 9871 9867 
3 10221 9717 9361 
3 9867 9871 10049 
3 11777 11240 11926 
3 6991 5895 6992 
3 10052 9707 10399 
3 5316 6189 6188 
3 9361 9717 9524 
3 9520 9362 9713 
3 2781 6725 8338 
3 9177 9381 8601 
3 10399 9707 9880 
3 9525 9162 9369 
3 3621 770 1538 
3 10226 9383 9532 
3 9522 9711 10056 
3 9383 10226 10231 
3 11579 11237 11069 
3 9540 9887 9712 
3 2486 2500 1403 
3 6907 1344 3744 
3 6568 5722 6577 
3 6725 1955 5936 
3 4594 5411 4595 
3 11443 11807 6287 
3 8743 8559 8946 
3 9528 9891 9886 
3 11026 10661 10844 
3 10065 9886 9891 
3 9729 10064 9887 
3 10578 9890 9725 
3 9350 8477 9322 
3 9891 9895 10065 
3 9527 9171 9365 
3 9309 8907 9112 
3 7657 10136 9398 
3 11867 11864 5228 
3 10296 11321 11151 
3 10742 5541 8330 
3 9894 9539 9896 
3 9540 9729 9887 
3 9730 10064 9729 
3 6272 1091 2874 
3 4466 4379 4217 
3 3097 537 520 
3 10240 10239 10412 
3 11661 11663 1849 
3 1924 4334 8274 
3 5487 6375 3648 
3 1418 8318 3165 
3 9308 9109 8906 
3 9736 9561 9740 
3 4636 4628 8323 
3 9735 9561 9736 
3 9556 9734 9898 
3 11585 2685 2661 
3 9736 9740 10073 
3 10858 10510 11545 
3 9151 8575 9869 
3 1951 8426 2095 
3 348 7756 7753 
3 5181 2765 7499 
3 4762 2954 2930 
3 10420 9901 10245 
3 1025 2837 9693 
3 2093 11727 11735 
3 7797 6999 4693 
3 3665 3747 3582 
3 10267 10264 9593 
3 6187 7345 11419 
3 6606 4865 8471 
3 11431 9033 7093 
3 9744 9012 9202 
3 9202 10079 9744 
3 7267 6397 7274 
3 1924 2736 4334 
3 5085 11110 8715 
3 11611 8535 7632 
3 5626 922 1973 
3 2962 5381 3723 
3 9212 9585 9210 
3 9905 9907 9023 
3 8194 6813 6814 
3 10092 9407 10091 
3 11950 1059 2837 
3 9581 10257 9584 
3 10575 10594 11335 
3 10087 9911 9914 
3 9914 9911 9752 
3 6814 4125 8194 
3 8452 9023 9907 
3 9752 9589 9914 
3 10427 10946 10599 
3 10450 10290 10449 
3 10090 8460 9916 
3 9916 9593 10264 
3 2117 3677 4516 
3 10692 5455 6303 
3 11771 10188 4491 
3 9310 10912 1033 
3 9756 9598 9599 
3 7848 8435 7851 
3 6652 3475 4309 
3 11115 6097 2922 
3 11974 680 8636 
3 6577 8436 9242 
3 9415 9925 10100 
3 5127 5136 6649 
3 9417 9923 9600 
3 9925 9219 9926 
3 9219 9927 9926 
3 5320 8476 2099 
3 10900 10383 10898 
3 5850 4684 5867 
3 9928 10271 9927 
3 9932 9931 10102 
3 9761 10104 9935 
3 1021 11947 4496 
3 11604 11937 11426 
3 11077 5054 11073 
3 4134 1750 5768 
3 9609 9938 9428 
3 6479 4068 820 
3 4510 4515 2111 
3 9431 10278 9939 
3 6464 5631 5636 
3 7028 8966 6146 
3 9433 9939 9613 
3 9053 10800 10438 
3 9433 9431 9939 
3 9942 9940 9243 
3 11615 1025 11945 
3 9053 10438 9612 
3 4016 4964 4008 
3 9944 9243 9245 
3 9946 9248 9613 
3 4279 3456 6633 
3 9945 9944 10116 
3 9057 9248 10445 
3 9944 9245 10116 
3 10448 9953 10285 
3 10017 7467 7483 
3 11354 11361 11716 
3 9772 10119 10118 
3 9617 9964 9961 
3 7701 5885 10251 
3 9617 9618 9964 
3 9689 9853 10043 
3 9774 10125 9619 
3 1043 1895 4293 
3 9949 10284 9948 
3 5911 6765 4702 
3 466 4646 3624 
3 9774 9064 9776 
3 9740 9395 9198 
3 9621 9267 9777 
3 9778 9966 9266 
3 9778 9264 10132 
3 10299 9968 9780 
3 10301 9781 9969 
3 8882 4307 6098 
3 10301 9623 9781 
3 8806 5347 10807 
3 9624 9782 9971 
3 9313 9115 9487 
3 10141 9973 9783 
3 5091 3426 3439 
3 3426 102 3439 
3 10465 9973 10141 
3 9453 9974 10143 
3 257 3405 2472 
3 1583 3009 10211 
3 9457 9270 11002 
3 9119 8913 8910 
3 10307 10309 8698 
3 8620 6759 8603 
3 10313 10477 9276 
3 9276 9977 10313 
3 10309 10640 8878 
3 6458 2829 8347 
3 9633 9792 9788 
3 9282 10477 9790 
3 9871 9712 9887 
3 10310 10476 9275 
3 990 4251 2654 
3 9462 10317 11008 
3 9834 6723 5867 
3 9462 11181 10479 
3 9438 6755 5868 
3 7903 11272 10464 
3 6931 4244 697 
3 2791 11613 11941 
3 8055 8180 8175 
3 9637 8889 9801 
3 6456 6243 6681 
3 10329 9298 9098 
3 9465 8897 10325 
3 5773 5762 4140 
3 10161 8897 10657 
3 5059 3406 1840 
3 10331 9645 10162 
3 9808 9805 9474 
3 10497 10663 9473 
3 2745 3468 153 
3 9809 9988 10495 
3 10338 9102 8903 
3 9994 9811 10166 
3 10657 9475 9647 
3 3936 11895 2362 
3 9396 7560 8567 
3 10963 10102 11129 
3 6526 5773 5007 
3 10847 9995 10341 
3 10813 11491 11322 
3 10172 10175 9999 
3 9812 9811 9994 
3 9812 9994 10167 
3 10339 10501 9994 
3 9997 9999 10003 
3 3373 1773 3371 
3 6774 5997 8378 
3 10174 10345 10350 
3 9279 10683 9285 
3 9649 10003 9999 
3 10176 10010 10006 
3 10004 10005 9999 
3 9793 10829 10154 
3 4198 2629 5049 
3 10174 10350 10178 
3 9823 10178 10007 
3 10381 10394 9000 
3 10008 10181 9826 
3 7859 3334 6029 
3 231 7686 11781 
3 10490 9089 7372 
3 10011 9828 9826 
3 10151 9979 10156 
3 7419 4732 5628 
3 9483 9832 9829 
3 6641 6652 4309 
3 10534 10689 9484 
3 10016 10015 9662 
3 9238 10112 9431 
3 9651 10010 10176 
3 9413 6739 5835 
3 9828 10189 9487 
3 6029 9629 9642 
3 8875 2859 4228 
3 10190 9836 10189 
3 3379 1809 2610 
3 4429 6781 6769 
3 9496 9662 10023 
3 9491 9493 9839 
3 9495 10369 10368 
3 8814 5174 6914 
3 2062 2930 11224 
3 5829 4041 10895 
3 9836 10025 9319 
3 9285 10683 10691 
3 9840 10195 9678 
3 6112 6115 6113 
3 9500 9676 10198 
3 8266 8297 8285 
3 8613 8432 8252 
3 8928 9841 10369 
3 9127 9844 9498 
3 9127 9678 9844 
3 9841 10030 10029 
3 7933 8882 6098 
3 7632 4750 5907 
3 8439 7521 9285 
3 5250 5997 4428 
3 10659 10636 8443 
3 11413 2587 11244 
3 8922 9722 676 
3 1687 840 10447 
3 9332 9682 10551 
3 8795 6017 8801 
3 9817 6227 8019 
3 10035 10376 9334 
3 9682 10039 10551 
3 9501 10379 10550 
3 11648 3089 4788 
3 3353 6546 5007 
3 9938 9239 9765 
3 9202 8622 9017 
3 8831 8279 9218 
3 10746 11604 10576 
3 6383 11970 6374 
3 7829 8796 6900 
3 1771 4161 3349 
3 9887 10060 10227 
3 10039 9136 10040 
3 8576 11899 6126 
3 4291 4448 4519 
3 8677 6813 10275 
3 10044 9341 9687 
3 9692 10382 9688 
3 9100 9825 10560 
3 7573 5780 6657 
3 4136 2558 4145 
3 1773 4134 5019 
3 6002 6205 6206 
3 10108 6841 8485 
3 10331 8712 9645 
3 7829 11435 4187 
3 8000 2890 11808 
3 6303 4521 9697 
3 9271 10036 8467 
3 11602 10231 10738 
3 9583 6017 8795 
3 9698 9867 10047 
3 5513 5509 7184 
3 9514 8964 9151 
3 10047 10390 9698 
3 10218 9864 10217 
3 1530 7933 6098 
3 5773 4141 5007 
3 5854 7554 5882 
3 10047 9867 10049 
3 9864 9872 9519 
3 9701 9867 9698 
3 10321 10328 10491 
3 9865 9520 10224 
3 7138 3202 11494 
3 2613 2607 434 
3 9789 7327 8204 
3 10223 9717 10221 
3 10224 9520 10054 
3 7168 7614 7072 
3 9712 9871 9702 
3 4136 4145 4973 
3 6634 4927 5761 
3 9520 9713 10054 
3 9758 5838 2012 
3 8143 9724 8132 
3 9708 10402 9711 
3 2781 1955 6725 
3 10223 9532 9717 
3 9712 9543 9540 
3 10863 10861 10680 
3 3456 4289 6633 
3 6899 7721 4866 
3 5056 2629 955 
3 2811 2798 676 
3 11849 5077 1583 
3 9890 10403 9889 
3 4141 5773 4140 
3 9390 10231 9893 
3 10582 9713 9525 
3 7550 7544 9324 
3 11983 11645 11291 
3 5257 5992 4424 
3 4113 4138 4140 
3 9889 10403 10060 
3 1501 6289 3892 
3 10337 7866 10343 
3 10977 11021 3496 
3 4907 10086 8506 
3 8229 7267 8243 
3 10706 10705 10378 
3 10064 9730 10060 
3 2930 2072 4762 
3 10065 9895 10066 
3 10551 10378 10705 
3 9423 9605 9225 
3 10068 9554 10069 
3 10239 9548 10410 
3 2170 3731 2962 
3 6461 6142 6795 
3 10879 10880 10527 
3 8738 5958 8748 
3 10018 10527 10880 
3 10410 10412 10239 
3 1232 1170 1231 
3 6559 7452 5655 
3 10415 9734 9389 
3 5110 3239 9544 
3 10757 10416 10415 
3 1718 3324 4104 
3 1710 4097 4102 
3 10073 9740 10244 
3 5370 4471 7116 
3 2170 4567 3731 
3 2304 2306 3163 
3 3496 11021 855 
3 1929 1069 5161 
3 6626 6606 8507 
3 1942 5158 5925 
3 7536 7528 8506 
3 3266 2395 11287 
3 2490 6545 2488 
3 9570 9901 10420 
3 1153 5340 9180 
3 4594 4595 1356 
3 10760 9900 10248 
3 9743 9570 10420 
3 10742 9936 6402 
3 3038 3929 3912 
3 4028 3953 4027 
3 10765 9744 10079 
3 2382 10759 2212 
3 9541 9515 10298 
3 10081 10938 10766 
3 10329 11990 10335 
3 8628 10940 9904 
3 10381 9724 10385 
3 9208 10940 8628 
3 1685 655 7537 
3 1600 1796 1876 
3 10940 9208 11114 
3 10705 11580 10206 
3 1147 1148 1314 
3 3755 5583 1919 
3 7908 6086 11284 
3 9911 10087 10259 
3 10259 10087 10261 
3 5726 7525 3961 
3 8320 9888 10594 
3 2223 11902 3951 
3 8631 6771 9468 
3 8320 10594 6598 
3 4490 9859 5404 
3 6596 3408 7352 
3 10090 10263 10262 
3 10097 9595 9754 
3 10759 4084 2508 
3 9932 10102 10104 
3 9755 9412 10429 
3 9412 9756 10429 
3 2360 7068 7063 
3 2020 7016 3145 
3 8135 6319 8128 
3 10099 9599 9757 
3 9036 9597 10095 
3 10099 9757 10100 
3 9220 9921 9923 
3 9922 9759 10785 
3 9922 9921 9220 
3 9220 9923 9417 
3 9924 9601 9759 
3 5022 3876 3102 
3 10336 7774 9558 
3 10272 10271 9928 
3 10273 9928 9760 
3 8243 8266 8241 
3 10101 10102 9931 
3 4289 3456 1894 
3 9925 10606 10100 
3 3621 6339 758 
3 10610 9605 9933 
3 1737 1564 1345 
3 4257 4243 7360 
3 11560 11911 431 
3 9933 9606 10107 
3 3946 1913 1847 
3 609 4168 2504 
3 9606 9933 9230 
3 10787 10958 11292 
3 9940 10621 9768 
3 1717 1790 1950 
3 11737 10093 602 
3 9428 9938 10437 
3 10112 10278 9431 
3 2508 4084 3279 
3 9494 9315 9318 
3 5150 3484 4322 
3 9938 9765 10439 
3 10136 8535 11611 
3 10440 9613 9939 
3 4693 3092 5505 
3 11258 11089 11255 
3 10445 9248 9946 
3 4508 11304 2780 
3 10443 10116 9948 
3 105 5098 3444 
3 2693 5111 8191 
3 9116 4074 7159 
3 9410 9593 9408 
3 11487 9949 9957 
3 9855 9857 9348 
3 10575 9146 6594 
3 9319 9122 9317 
3 2475 9518 8858 
3 10123 9963 10121 
3 516 629 566 
3 10273 10103 10433 
3 10119 9617 9961 
3 9963 10811 10121 
3 9619 9964 9618 
3 6455 7232 6424 
3 11931 7686 4302 
3 10123 10124 9445 
3 9506 8751 9509 
3 9619 10122 9964 
3 9620 10813 9447 
3 4214 4070 3888 
3 9468 6760 10233 
3 10813 10132 9447 
3 9643 9640 8533 
3 10132 9264 9447 
3 11248 11933 4298 
3 7386 1883 5099 
3 9777 10129 9621 
3 8533 9292 8356 
3 9774 10296 10125 
3 9266 9966 9622 
3 10632 9969 9622 
3 10134 9622 9966 
3 9969 10632 10991 
3 2453 4043 4033 
3 10469 10304 10994 
3 9974 10471 10143 
3 10305 10143 10471 
3 11937 11161 7776 
3 745 792 7713 
3 2489 11921 7089 
3 11932 10723 10900 
3 6208 6219 11613 
3 9627 10473 10145 
3 3851 6999 6242 
3 9977 9630 11179 
3 9630 9631 11179 
3 9520 9159 9362 
3 10149 9790 10477 
3 9634 10483 9796 
3 9794 10147 10318 
3 3757 1709 3739 
3 2044 2295 2299 
3 9979 10151 10480 
3 11272 7903 7906 
3 10374 11069 11237 
3 10481 10324 9979 
3 4606 4527 4300 
3 9736 9731 9735 
3 2587 7709 747 
3 10320 9794 10318 
3 11992 9796 10483 
3 9498 10035 9331 
3 904 2567 2561 
3 10324 10328 10156 
3 9979 10324 10156 
3 2410 3199 11175 
3 1538 1798 6369 
3 9637 9801 10489 
3 9639 10158 10493 
3 10324 10652 10328 
3 8252 8251 7969 
3 6060 10235 11004 
3 10493 9988 9639 
3 2629 5056 5049 
3 4894 6636 7560 
3 1616 3989 4867 
3 10166 9808 10500 
3 2453 7147 4012 
3 7468 6719 8300 
3 888 9714 2561 
3 2733 1768 4531 
3 10495 9806 9809 
3 5060 4243 4221 
3 9472 10165 9473 
3 11236 11066 11921 
3 9847 8174 2041 
3 10844 10493 10658 
3 9107 9298 9991 
3 10498 9107 9991 
3 10498 10338 8903 
3 8752 8386 8200 
3 10847 9647 9995 
3 11048 11751 11050 
3 9808 9993 10500 
3 9997 10346 10169 
3 1393 10683 10675 
3 11283 10426 11453 
3 9997 10003 10346 
3 5048 4221 1825 
3 9997 10172 9999 
3 10349 11051 10510 
3 10574 7202 7227 
3 6804 5282 8430 
3 5060 4221 9795 
3 10175 10004 9999 
3 10175 9998 10004 
3 8255 9100 8204 
3 9154 9356 9157 
3 9519 9521 9359 
3 10003 10176 10349 
3 7121 2421 372 
3 5048 1825 1817 
3 9988 9809 9294 
3 5585 7214 9001 
3 702 2587 11413 
3 10182 10356 10525 
3 10714 11415 11584 
3 10356 10182 10357 
3 3331 3193 3170 
3 9657 10010 9656 
3 10182 10183 10357 
3 8362 4723 4700 
3 4732 7419 5619 
3 10182 10015 10183 
3 10357 10183 10179 
3 5649 7976 6418 
3 10015 10016 10183 
3 9658 9826 9828 
3 10178 10351 10007 
3 11253 9816 10463 
3 9662 10015 10018 
3 10016 10184 10183 
3 11187 5282 1197 
3 10187 10189 10011 
3 9657 9831 10364 
3 8299 8297 8266 
3 10364 10013 9657 
3 9648 10005 9652 
3 8950 9138 9136 
3 9851 10213 10715 
3 10190 10189 10187 
3 10364 9831 10365 
3 7410 7419 5628 
3 2227 2065 2151 
3 9491 10367 9663 
3 10880 10023 10018 
3 10023 10880 10885 
3 9491 10542 10367 
3 10601 3912 3004 
3 10195 9842 9678 
3 4635 11282 6335 
3 322 5711 3504 
3 11790 11252 11426 
3 10194 9836 10190 
3 10544 10369 10029 
3 10885 10195 10023 
3 10195 10372 9842 
3 3841 4024 3846 
3 11181 11008 11344 
3 4094 4102 5748 
3 10404 8804 5170 
3 9681 9500 10207 
3 10034 9332 10206 
3 5362 4442 1685 
3 10037 9681 10207 
3 9842 10374 10033 
3 7385 7419 7392 
3 4204 10400 10396 
3 6345 716 2401 
3 9786 9050 6399 
3 3241 11847 3261 
3 7410 7392 7419 
3 9638 8896 8897 
3 10205 9439 7700 
3 9387 9532 9383 
3 9502 10208 10210 
3 10379 9849 10711 
3 3125 8542 10895 
3 9511 10215 10384 
3 11069 9842 10372 
3 10565 10217 9511 
3 10567 10217 10565 
3 5201 3983 7626 
3 9980 9463 9095 
3 11640 2259 10027 
3 8749 7823 10330 
3 10314 10483 9634 
3 9857 10388 9703 
3 9694 9860 10564 
3 9698 10390 9858 
3 10570 9861 9865 
3 10219 9703 10910 
3 10219 10910 10732 
3 694 4787 1541 
3 9858 9695 9513 
3 1097 104 9251 
3 10578 9725 9372 
3 9376 9554 9539 
3 4803 3976 6829 
3 2578 3850 6354 
3 4987 4145 5779 
3 10222 10398 10571 
3 5867 6723 5850 
3 10398 10222 9871 
3 11093 9706 11427 
3 7355 7344 6449 
3 8535 10136 7653 
3 10231 10226 10738 
3 980 866 943 
3 9887 10227 10398 
3 9887 10398 9871 
3 9213 10611 9920 
3 11369 4099 4970 
3 9943 503 2858 
3 10227 10060 10403 
3 7355 7385 8332 
3 2901 9697 740 
3 10405 9880 9884 
3 9711 10402 10579 
3 9884 9880 9715 
3 10403 10746 10576 
3 1128 1559 30 
3 9135 7372 7408 
3 4113 5779 4138 
3 9893 9884 9726 
3 9463 9462 8885 
3 5743 5859 6167 
3 10326 5044 8749 
3 9894 9896 10583 
3 7122 6346 7130 
3 9050 9746 6399 
3 8957 2578 10584 
3 6346 5537 6363 
3 11770 9380 7569 
3 11287 2395 384 
3 10412 10928 10754 
3 9734 10415 9898 
3 5544 5527 10681 
3 4358 11601 11422 
3 10073 10244 10756 
3 2360 3143 7068 
3 10417 9899 10416 
3 9555 10239 9732 
3 4102 4097 6489 
3 10245 9899 10419 
3 9739 9899 10245 
3 7528 7536 8479 
3 7315 7332 5545 
3 11100 11441 11266 
3 11087 11603 10224 
3 10420 10245 10419 
3 10244 9740 9900 
3 10244 9900 10760 
3 10934 10419 10417 
3 10248 9571 10421 
3 4616 3521 11832 
3 3164 1289 6744 
3 10421 10765 10763 
3 2528 11775 5945 
3 10079 10080 10765 
3 6397 6435 7333 
3 9904 10595 10080 
3 10254 11279 10938 
3 8132 9724 10381 
3 8323 4628 7306 
3 3123 3129 5547 
3 3873 4903 4913 
3 1159 2912 11957 
3 1278 9868 11975 
3 6402 5541 10742 
3 3771 1771 10619 
3 8255 6532 7384 
3 7320 6435 6397 
3 10424 9909 9907 
3 10768 10083 10258 
3 10597 9584 10257 
3 9585 10085 10258 
3 6391 6397 7267 
3 10322 2412 728 
3 10575 6598 10594 
3 5688 5742 6582 
3 10597 9913 9584 
3 2343 2708 2609 
3 9406 10427 10599 
3 11904 11050 11751 
3 9589 10088 9914 
3 9590 10090 10088 
3 4972 201 3116 
3 10450 10810 11313 
3 9963 9063 9960 
3 3677 11115 2922 
3 9916 10264 10263 
3 10381 8985 8132 
3 10097 9754 10268 
3 9754 9755 10429 
3 4609 798 4625 
3 9117 8925 8911 
3 10202 10976 10229 
3 10953 9601 10096 
3 10606 10099 10100 
3 9600 9923 10270 
3 9759 9601 10955 
3 10268 9597 10097 
3 10955 9601 10953 
3 9603 8837 9422 
3 4514 9693 2837 
3 2113 3666 2119 
3 10103 10273 9760 
3 11129 10102 10101 
3 9599 10099 10605 
3 2507 2483 4945 
3 9933 10107 10610 
3 9932 10104 9761 
3 3878 621 5516 
3 9525 9721 10582 
3 9762 9428 10437 
3 9763 9935 10435 
3 10614 10278 10111 
3 5505 7797 4693 
3 7471 6589 5671 
3 9254 8371 10659 
3 3092 4709 5505 
3 10278 10440 9939 
3 10282 9940 9942 
3 1577 1740 10177 
3 10443 9945 10116 
3 8311 9866 11377 
3 7473 6534 9229 
3 9949 10980 10284 
3 118 2693 1895 
3 10443 10284 11143 
3 2162 2137 7214 
3 9959 10290 10450 
3 9770 9958 9957 
3 10292 9957 9958 
3 10451 10625 9960 
3 8967 9673 9691 
3 6577 9242 6568 
3 8697 8724 3516 
3 5056 2639 4236 
3 11149 11319 10123 
3 3091 11618 11561 
3 11319 10124 10123 
3 9141 8185 8215 
3 3959 5581 6337 
3 5664 5812 5379 
3 3982 3980 5761 
3 3082 2288 4683 
3 9146 9835 9135 
3 8952 8943 9669 
3 10132 9966 9778 
3 9966 10132 10631 
3 9969 9781 9622 
3 8422 2582 2125 
3 8063 9674 8004 
3 9674 8063 9691 
3 10963 10104 10102 
3 6900 2540 930 
3 10994 10637 10469 
3 10470 10142 10472 
3 10859 6507 4078 
3 10472 10142 9452 
3 10467 10465 10141 
3 4955 3984 4921 
3 10824 9627 10639 
3 3250 3171 3251 
3 9673 9671 8014 
3 10476 9787 9275 
3 400 5787 380 
3 9977 11179 10641 
3 1056 958 1010 
3 11992 10329 9098 
3 8699 11512 10148 
3 8699 9788 11512 
3 9958 9770 10118 
3 10473 9627 10824 
3 5030 6777 4089 
3 8250 9978 4804 
3 10820 11164 10467 
3 9835 7372 9135 
3 9788 9792 10650 
3 10469 10471 9974 
3 11012 11010 10650 
3 10492 11959 11529 
3 10319 10156 10321 
3 9782 10301 10302 
3 7551 11769 11402 
3 4666 3823 564 
3 10158 10647 10493 
3 7089 11921 4112 
3 1171 6012 5285 
3 10481 10835 10324 
3 9282 9276 10477 
3 10335 9991 9298 
3 10320 10157 9800 
3 9793 9465 10325 
3 10328 10321 10156 
3 10141 10470 10467 
3 2056 6806 1221 
3 11011 10319 10485 
3 9673 8014 8855 
3 9801 10331 10489 
3 11163 10994 10993 
3 8770 8759 9564 
3 8393 6525 9203 
3 653 7757 7929 
3 7583 2056 11228 
3 8012 1756 9741 
3 5939 5685 5672 
3 10662 9803 9806 
3 8625 6897 6035 
3 10495 10662 9806 
3 10368 10544 10696 
3 1815 3648 4602 
3 545 11575 10912 
3 10497 9473 10165 
3 10500 10339 10166 
3 7223 8187 6342 
3 8978 10585 6168 
3 10657 11361 10161 
3 9203 6525 8382 
3 3044 4649 4645 
3 1569 1911 1622 
3 10167 9994 10501 
3 10167 10503 9812 
3 10503 10342 9812 
3 10342 10341 9812 
3 10668 10508 10504 
3 10504 10508 10168 
3 7217 8185 9141 
3 10674 10508 10668 
3 10508 10172 10168 
3 9100 9789 8204 
3 7588 8567 7560 
3 10675 10683 9279 
3 10508 10677 10172 
3 1923 10839 10654 
3 10349 10510 10346 
3 10003 10349 10346 
3 10677 10175 10172 
3 8580 9155 9152 
3 10350 10345 10511 
3 6339 9148 9910 
3 7223 8135 8162 
3 11015 11349 9719 
3 9591 11937 11604 
3 104 2997 3899 
3 10864 10351 10350 
3 10736 11540 5715 
3 8135 7223 5470 
3 9439 10205 11757 
3 10351 10178 10350 
3 10356 10517 10680 
3 10356 10357 10517 
3 11940 11723 10618 
3 10965 10170 1093 
3 7376 7035 7481 
3 10181 10684 10686 
3 10006 10010 10521 
3 10527 10182 10525 
3 7531 7647 7646 
3 10357 10179 10873 
3 6859 11843 1176 
3 10527 10018 10015 
3 10364 10363 10013 
3 6326 6338 7217 
3 9826 10181 10011 
3 4186 4501 4181 
3 11139 11302 10972 
3 6165 6162 3774 
3 10695 10191 10022 
3 10695 10365 10191 
3 6983 9737 4332 
3 9491 9839 10542 
3 8804 11522 2540 
3 7385 5619 7419 
3 10545 10025 9836 
3 8801 6017 10375 
3 11164 11329 11496 
3 8801 10375 8816 
3 10198 10025 10697 
3 5831 3605 4646 
3 9839 9497 10546 
3 9208 8455 9210 
3 4811 4794 2813 
3 5119 8816 11125 
3 3016 2204 2203 
3 9497 9845 10546 
3 9500 10547 10207 
3 10033 9844 9842 
3 10033 10374 10376 
3 9973 10465 9075 
3 10199 10034 11075 
3 11069 10374 9842 
3 10379 10703 10550 
3 10212 11826 6612 
3 11514 5455 10692 
3 10383 10041 10898 
3 562 565 563 
3 5413 3765 7717 
3 10712 10044 10210 
3 6301 7193 7187 
3 10210 10208 10709 
3 10711 9851 10715 
3 9853 10045 10901 
3 10553 10040 10713 
3 4464 8046 8056 
3 5805 4078 431 
3 10713 10040 10042 
3 9687 10210 10044 
3 10700 10029 10199 
3 10043 10901 10042 
3 10213 9688 10382 
3 11763 476 4087 
3 3243 11847 3241 
3 4843 10359 2410 
3 9692 10216 10382 
3 10565 9511 10384 
3 9855 10044 10386 
3 10563 10386 10902 
3 10564 10216 9694 
3 11772 11075 11580 
3 3834 3024 3479 
3 4140 879 4141 
3 2465 2274 9947 
3 10728 9861 10570 
3 9703 10388 10910 
3 5405 2178 3743 
3 11356 10652 11711 
3 10570 9865 10224 
3 10397 9872 10218 
3 1326 2970 1332 
3 10737 10221 10219 
3 11427 9706 10052 
3 2567 4145 2561 
3 4209 3883 3795 
3 4842 5726 3027 
3 5765 5613 5612 
3 4087 476 5807 
3 10405 10743 10919 
3 10226 9532 10223 
3 4332 9737 6128 
3 10047 10569 10390 
3 10468 2212 10133 
3 10746 10403 9890 
3 10578 10747 9890 
3 5007 4141 3353 
3 9773 8531 422 
3 2619 2424 2352 
3 4510 11738 5336 
3 6402 837 5541 
3 5807 11914 7445 
3 10582 9894 10583 
3 9656 9651 9827 
3 10238 10410 10066 
3 10115 9613 10440 
3 7130 8860 7122 
3 8091 6303 5420 
3 820 10494 827 
3 7513 7621 8350 
3 9746 9050 9039 
3 7923 4331 4318 
3 10066 10409 10238 
3 10411 10068 10069 
3 10586 10412 10410 
3 7327 9789 8143 
3 10413 10411 10069 
3 9732 10239 10240 
3 10415 10240 10757 
3 11210 11035 11036 
3 9039 9041 10446 
3 9292 8533 9640 
3 376 2329 11910 
3 7332 7358 5545 
3 10069 10072 10413 
3 10588 10413 10072 
3 3082 5500 3861 
3 6765 7611 9834 
3 10235 6912 10925 
3 9439 9416 6870 
3 9901 9567 10245 
3 1513 3915 1511 
3 4500 7127 7139 
3 10762 10420 10419 
3 9743 10420 10762 
3 7923 8895 3152 
3 5154 4930 5286 
3 10244 10760 11274 
3 6669 10918 6637 
3 11498 1628 11329 
3 10938 10081 10254 
3 11114 10083 10768 
3 2411 4012 7147 
3 9198 9900 9740 
3 3835 3074 2292 
3 4807 5235 5117 
3 9190 9888 8320 
3 9749 2133 6881 
3 8479 5722 7528 
3 8728 9515 9541 
3 7111 4500 4480 
3 10770 10257 10424 
3 9909 10424 10257 
3 11118 10087 10262 
3 1279 3685 2133 
3 6770 5871 6760 
3 10949 9406 10599 
3 8623 9399 9019 
3 10261 10087 11118 
3 4084 10759 3290 
3 3915 2360 7063 
3 11543 11902 2223 
3 11657 1519 11659 
3 10946 10427 10597 
3 10095 9597 10268 
3 2315 10348 2325 
3 10429 9756 10604 
3 9757 9415 10100 
3 468 470 535 
3 7227 7202 2160 
3 9134 9338 8375 
3 627 741 743 
3 10605 10099 10783 
3 9923 9921 10431 
3 10785 9921 9922 
3 11748 11219 11544 
3 10270 9923 10431 
3 9759 10955 10785 
3 10787 10606 9925 
3 10096 10602 10953 
3 10569 10222 10735 
3 10271 10609 9926 
3 6123 6125 9517 
3 10433 10103 10610 
3 9599 10605 10604 
3 5666 8429 6564 
3 10107 9762 10436 
3 10612 10107 10436 
3 7281 7280 7405 
3 10436 9762 10437 
3 9763 10613 10111 
3 10221 10737 10223 
3 603 3721 4546 
3 9612 10439 9765 
3 9938 10797 10437 
3 10798 10440 10278 
3 10087 9914 10088 
3 3721 603 2957 
3 2567 1751 1742 
3 8132 8985 7299 
3 10621 9940 10282 
3 2105 2127 162 
3 11141 9942 9944 
3 5521 7285 5528 
3 9097 2134 9111 
3 10037 10041 9503 
3 10284 10443 9948 
3 8935 9676 8940 
3 7093 9033 6220 
3 10284 10980 10809 
3 3699 3697 3434 
3 10115 10975 9946 
3 10806 9953 10448 
3 5672 5407 5667 
3 9691 8063 8972 
3 11737 595 3851 
3 9691 8972 8967 
3 10449 10288 9954 
3 11478 11137 10441 
3 2693 1883 7386 
3 10288 10449 10290 
3 1982 4424 5227 
3 9959 10450 11313 
3 9783 8693 8337 
3 7277 7285 5521 
3 10811 9960 10625 
3 10292 9961 11146 
3 10984 10455 9964 
3 9964 10122 10984 
3 5008 4725 5123 
3 7093 6220 9022 
3 564 3823 3923 
3 9866 8293 11529 
3 1619 8785 8744 
3 11321 9777 10131 
3 6375 7277 5521 
3 5591 5460 5875 
3 10461 10814 10131 
3 9267 10131 9777 
3 2323 3102 4709 
3 6228 5357 3513 
3 9780 10462 10299 
3 10631 10132 10987 
3 10817 10301 10300 
3 10300 9969 10991 
3 3624 434 4976 
3 3957 376 383 
3 5486 2288 5480 
3 8187 8201 7277 
3 3657 11943 5373 
3 3823 6964 5480 
3 10141 10142 10470 
3 6705 7578 6679 
3 11163 11855 11499 
3 9974 9784 10469 
3 10145 10473 10472 
3 7255 7267 8229 
3 9764 10111 10112 
3 9761 9603 9932 
3 9509 9346 9692 
3 9889 10060 9730 
3 6812 1219 1221 
3 6200 6188 10600 
3 11333 10475 10474 
3 10475 11333 10823 
3 9627 9457 10639 
3 10311 11002 8880 
3 10633 10303 10634 
3 10314 9634 10315 
3 6200 10600 7083 
3 10315 10478 10314 
3 8912 9669 8943 
3 9794 10320 9800 
3 11056 10870 11222 
3 11512 9788 11010 
3 9788 10650 11010 
3 10481 9979 10480 
3 10480 10151 10643 
3 10480 10643 10831 
3 1221 6806 6812 
3 3222 11310 11483 
3 1538 770 1245 
3 5316 4426 6189 
3 2620 7994 6173 
3 11159 11163 10993 
3 4251 1004 3426 
3 11011 10643 10319 
3 10647 10646 10484 
3 1004 4251 990 
3 2536 2633 2911 
3 10157 10320 9982 
3 11391 11760 11385 
3 9982 10487 9640 
3 10648 9982 10320 
3 10321 11989 10485 
3 7239 7255 8185 
3 10487 9292 9640 
3 621 1489 4984 
3 10650 9637 10489 
3 10161 10651 10325 
3 9703 10219 10221 
3 10491 10328 10652 
3 10484 10493 10647 
3 1033 1894 3456 
3 9091 909 4271 
3 9640 9803 10488 
3 6771 6777 5030 
3 10296 11151 10457 
3 5885 6777 7690 
3 11990 11991 10335 
3 9143 9147 6351 
3 9803 10662 10841 
3 10844 9988 10493 
3 9988 10844 10495 
3 990 2654 66 
3 2882 351 6833 
3 11201 10338 10498 
3 10338 9474 9102 
3 10847 11027 9647 
3 10498 10665 11201 
3 9721 9894 10582 
3 10500 10501 10339 
3 1171 5276 6012 
3 10505 10666 10168 
3 3698 269 9749 
3 10341 9996 9812 
3 10168 10169 10505 
3 2181 6168 10585 
3 10346 10507 10505 
3 10168 9997 10169 
3 10346 11047 10507 
3 6014 7549 4439 
3 10672 10677 10674 
3 1197 5282 6804 
3 10346 10510 11047 
3 1340 1448 1400 
3 2049 1212 5299 
3 6739 8590 10203 
3 10508 10674 10677 
3 10175 10677 10347 
3 10672 10347 10677 
3 10349 10006 10516 
3 8363 2914 11031 
3 10768 11116 11114 
3 10867 10863 10518 
3 10863 10517 10518 
3 10516 10006 10521 
3 4279 1877 3456 
3 10871 10525 10680 
3 10518 10873 10867 
3 10867 10873 10515 
3 3919 11900 264 
3 10008 10351 10684 
3 10009 7435 8393 
3 10870 10525 10871 
3 11752 3944 2264 
3 10010 10013 10521 
3 10357 10873 10518 
3 3944 308 5662 
3 10517 10357 10518 
3 6049 1470 4244 
3 10181 10526 10011 
3 10360 11385 10873 
3 10532 10011 10526 
3 473 3370 1498 
3 7371 10463 7384 
3 10528 10689 10360 
3 10182 10527 10015 
3 10184 10689 10528 
3 11883 2060 2045 
3 10179 10360 10873 
3 8855 9674 9673 
3 11479 3203 4916 
3 8043 1186 8037 
3 11900 3919 2278 
3 9831 10191 10365 
3 3829 4526 1142 
3 3269 6114 3280 
3 10532 10537 10187 
3 10537 10693 10190 
3 1203 5780 2232 
3 6498 7406 3742 
3 10695 10022 10696 
3 7515 4380 4395 
3 10693 11066 10194 
3 9836 10194 10545 
3 10739 2278 3919 
3 9839 10546 10699 
3 10542 9839 10699 
3 4610 3774 5432 
3 7355 6483 7385 
3 10544 10029 10700 
3 11767 7556 11572 
3 6856 6870 9416 
3 10374 11237 10704 
3 1986 2820 5240 
3 11405 10546 10549 
3 10206 10551 10705 
3 10206 9332 10551 
3 2979 1063 60 
3 10376 10704 10208 
3 7193 6301 6326 
3 10553 10706 10378 
3 10207 10896 10037 
3 178 2243 1202 
3 7858 4083 8795 
3 9886 9371 9367 
3 8860 9674 8855 
3 4110 5751 3324 
3 10898 10041 10896 
3 4320 1918 4321 
3 10711 10703 10379 
3 11240 10703 10711 
3 5902 5073 6813 
3 5347 1839 10807 
3 41 11729 2032 
3 10558 10044 10712 
3 10752 10056 10579 
3 6141 2192 6145 
3 10910 10388 10563 
3 11178 11176 10311 
3 9448 11771 8627 
3 10558 10902 10386 
3 11343 11345 11005 
3 10723 10384 10900 
3 10384 10723 10565 
3 11757 9416 9439 
3 978 980 1030 
3 10737 11425 10738 
3 9857 10386 10388 
3 2237 3029 3798 
3 6882 7683 10188 
3 10383 10215 9504 
3 8127 7187 7193 
3 10564 9860 10728 
3 10728 10908 10564 
3 3055 3059 3342 
3 10725 11590 10720 
3 10329 10335 9298 
3 10218 10217 10567 
3 9861 10728 9860 
3 10219 10732 10737 
3 11427 10052 10573 
3 10052 10399 10573 
3 11635 192 4920 
3 4403 4383 7518 
3 1611 6159 7988 
3 9547 9379 9370 
3 10741 10399 10405 
3 9828 10011 10189 
3 10917 9879 11093 
3 10224 10054 11091 
3 9548 10066 10410 
3 8443 1207 1936 
3 9732 10415 9389 
3 10230 10923 10054 
3 11700 11346 11517 
3 10743 10405 9884 
3 10743 9893 10231 
3 3998 4029 7422 
3 6099 7908 8895 
3 5867 4684 4702 
3 9461 9283 9093 
3 10752 9891 10056 
3 11565 4049 11758 
3 6663 6446 6447 
3 9737 7950 6128 
3 11211 247 235 
3 7358 6472 5545 
3 10752 10753 9891 
3 10230 10924 10923 
3 493 5841 11565 
3 10615 235 247 
3 10150 5961 9405 
3 5773 7270 5762 
3 4307 7906 7903 
3 11104 10411 10930 
3 9409 8563 11679 
3 10586 10410 10238 
3 406 5363 8006 
3 11921 11066 11232 
3 10411 10413 10930 
3 7329 3957 5712 
3 10756 10588 10072 
3 1256 1310 1515 
3 9898 10416 9899 
3 9732 10240 10415 
3 10588 10930 10413 
3 6208 2791 11984 
3 2595 1611 7988 
3 10418 10756 10244 
3 4014 11939 4021 
3 5530 8905 7953 
3 5530 4400 8905 
3 10758 10417 10416 
3 10254 9743 10249 
3 1527 5253 4318 
3 1489 3878 4717 
3 3944 11752 308 
3 9744 10421 9571 
3 10762 10936 9743 
3 3294 10803 10574 
3 3814 3815 947 
3 10540 2051 5445 
3 10763 11446 10421 
3 9518 2475 2473 
3 11204 11727 11728 
3 10254 10249 11279 
3 10068 9539 9554 
3 10080 9578 9904 
3 9129 9845 8930 
3 8757 11126 8168 
3 7888 8844 4263 
3 602 8447 3092 
3 11957 11279 11450 
3 11029 11202 11030 
3 9578 10080 10079 
3 9905 10943 9907 
3 6832 11678 9393 
3 4980 3967 5017 
3 11283 10768 10258 
3 10595 9904 10940 
3 5529 6397 6391 
3 10945 10597 10770 
3 1934 3484 5150 
3 11118 10775 10261 
3 10427 9913 10597 
3 11551 11906 383 
3 1128 1048 10046 
3 6963 3926 6082 
3 9879 9526 11093 
3 9754 10782 10268 
3 8470 3382 3117 
3 10783 10099 10956 
3 10099 10606 10956 
3 10532 10878 11395 
3 9926 10787 9925 
3 10958 9926 10609 
3 10359 4843 2434 
3 10957 11291 10956 
3 9865 9861 9351 
3 3163 6755 8600 
3 7098 5362 9035 
3 8556 8947 8746 
3 11887 2162 211 
3 1186 11960 1191 
3 11749 11221 11754 
3 6291 7133 6316 
3 10107 10612 10610 
3 4908 1637 4918 
3 5179 5190 7860 
3 10435 11473 10613 
3 1895 2693 4293 
3 10278 10614 10798 
3 11817 11973 11639 
3 10952 10783 11979 
3 10610 10612 10964 
3 11564 6469 11592 
3 10983 2738 1942 
3 9768 10621 10441 
3 8912 8943 7246 
3 11233 11401 11922 
3 10441 10800 9768 
3 10386 10044 10558 
3 5813 7087 7691 
3 11305 10445 9946 
3 7447 6534 7473 
3 5394 10687 9574 
3 351 4497 6833 
3 1004 102 3426 
3 1913 3946 4980 
3 1403 2472 2486 
3 8781 8788 8977 
3 10597 10257 10770 
3 9961 10292 9958 
3 9308 9306 9307 
3 8806 10807 4148 
3 8801 7858 8795 
3 9612 10438 10439 
3 2332 5736 354 
3 10814 11321 10131 
3 5639 3818 2908 
3 9822 5357 6228 
3 2262 2237 3798 
3 1236 4498 11984 
3 9780 10633 10462 
3 4528 4608 4680 
3 10993 10302 10817 
3 10379 9501 9683 
3 2288 5486 4683 
3 10819 10303 10467 
3 10303 10465 10467 
3 10819 10634 10303 
3 10474 10997 11333 
3 10470 10472 10995 
3 11873 5342 11705 
3 354 11909 2332 
3 10473 10638 10472 
3 10305 10471 10997 
3 4044 9353 1637 
3 5747 376 3957 
3 10823 10825 10475 
3 4972 9402 10106 
3 10313 11007 11339 
3 10478 10477 11339 
3 10477 10313 11339 
3 5768 6521 4134 
3 10318 10147 11006 
3 10147 10148 11006 
3 10608 3382 8470 
3 3461 1896 5127 
3 10313 10641 11007 
3 2454 4432 3378 
3 11181 9462 11008 
3 4188 9614 5998 
3 2126 2144 2127 
3 10318 10830 10320 
3 10479 10647 10158 
3 10646 11005 11345 
3 9155 8976 9357 
3 4353 1069 1078 
3 11005 10646 10647 
3 4188 5998 8778 
3 10325 10649 9793 
3 10485 10319 10321 
3 11515 10831 10643 
3 10649 10325 10651 
3 2137 2126 7214 
3 10491 10654 11989 
3 10321 10491 11989 
3 3989 1616 1579 
3 6804 3640 333 
3 4439 7549 278 
3 3804 4649 3044 
3 10331 10162 10489 
3 5903 11402 11068 
3 10495 10661 10662 
3 11520 10650 11999 
3 5535 2126 2127 
3 9063 9963 9444 
3 3258 7780 8748 
3 10658 11025 10844 
3 11880 11206 11201 
3 10502 11201 11206 
3 10335 10665 9991 
3 10165 10845 10497 
3 9647 11027 10660 
3 969 3408 1836 
3 10654 10491 11356 
3 9991 10665 10498 
3 10341 10342 10849 
3 10501 10502 11030 
3 10666 10852 10850 
3 10500 10502 10501 
3 10363 10881 11062 
3 11038 10504 10666 
3 10505 10852 10666 
3 10850 10852 11035 
3 29 2632 1806 
3 10169 10346 10505 
3 8659 9048 8134 
3 10676 10855 10669 
3 3540 3516 8724 
3 3798 3029 3794 
3 2908 3805 6525 
3 7774 5114 9558 
3 3798 3794 5450 
3 11047 10510 10858 
3 11428 2720 11795 
3 9312 8461 9302 
3 10511 10857 10864 
3 11051 11545 10510 
3 2612 5815 3397 
3 7560 10067 4894 
3 11051 10349 10516 
3 7756 348 5958 
3 11374 11042 11212 
3 10525 10356 10680 
3 1806 2632 3381 
3 7023 4373 6152 
3 11053 10684 10864 
3 10680 10517 10863 
3 11385 10515 10873 
3 11053 10686 10684 
3 9285 10691 8461 
3 2083 2032 11729 
3 9000 8095 8985 
3 10861 11220 10865 
3 3381 2608 1806 
3 10338 9993 9474 
3 7384 10463 9816 
3 10011 10532 10187 
3 11882 8942 98 
3 11065 10363 10364 
3 10534 10690 10689 
3 8135 5470 2731 
3 6143 8938 11350 
3 7100 699 7104 
3 4888 6606 6626 
3 11066 10693 11232 
3 8261 7332 7315 
3 10190 10693 10194 
3 7525 7544 3961 
3 11402 11401 10696 
3 10697 11236 10889 
3 10545 11236 10697 
3 10545 10194 11236 
3 10880 11064 10885 
3 10700 11770 10544 
3 11579 11069 11234 
3 11234 11069 10372 
3 11070 10547 10198 
3 10369 10544 10368 
3 3371 3379 3373 
3 2600 6546 3353 
3 9504 10041 10383 
3 4897 8359 11640 
3 10549 10550 10703 
3 4088 11916 4087 
3 9387 9188 9537 
3 8125 6319 6306 
3 2558 2561 4145 
3 2818 9646 5225 
3 10709 10704 11410 
3 11832 3521 8574 
3 8715 3230 335 
3 5235 4807 4808 
3 10208 10704 10709 
3 7818 7807 5038 
3 11240 10711 11409 
3 5432 6926 5425 
3 11586 10715 10899 
3 5654 9353 4044 
3 10901 10714 10713 
3 11293 10789 11468 
3 10202 10229 11787 
3 2229 5662 271 
3 10382 10720 10213 
3 5722 8479 6577 
3 11415 10901 10903 
3 5412 3714 3693 
3 4138 2567 1742 
3 11307 3194 4937 
3 10725 10720 10382 
3 10558 11417 10902 
3 10725 10382 10216 
3 10904 10567 10565 
3 4790 5067 3766 
3 7951 8931 2529 
3 10896 10041 10037 
3 206 1952 5204 
3 6973 2040 2020 
3 10390 10569 10730 
3 11898 2771 2646 
3 11858 11859 10997 
3 1918 7450 4321 
3 375 2395 3258 
3 9605 10610 10103 
3 4628 4616 7306 
3 11254 10737 10732 
3 3963 4871 1146 
3 10571 10735 10222 
3 11254 11425 10737 
3 10582 10230 9713 
3 3693 5452 72 
3 10738 11425 849 
3 10841 10488 9803 
3 7136 7367 6826 
3 8586 6856 9416 
3 11089 10402 10397 
3 10573 10399 10741 
3 2792 810 7282 
3 4367 5204 1952 
3 7701 4103 5885 
3 1750 4136 5768 
3 10741 10405 10919 
3 10231 11602 10743 
3 9754 10429 10782 
3 27 3690 2015 
3 11569 10878 11763 
3 10403 10576 10227 
3 2015 1998 27 
3 11091 10054 10923 
3 5871 283 3184 
3 1735 1765 8088 
3 11098 10753 10752 
3 10230 10582 10924 
3 9781 9070 9622 
3 11097 10924 10583 
3 1667 2474 4909 
3 6780 8635 6768 
3 2517 1687 4093 
3 5385 5412 3683 
3 11100 10068 10411 
3 10412 10586 10928 
3 2530 4094 4953 
3 11100 10408 10068 
3 7525 9324 7544 
3 10930 11269 11104 
3 10416 9898 10415 
3 2473 2453 1008 
3 10922 10295 11930 
3 10756 10418 10588 
3 5932 10996 1934 
3 11145 3602 11187 
3 10842 10162 10663 
3 9564 10343 8741 
3 10419 11445 11277 
3 6351 1785 2733 
3 5831 9269 9016 
3 7701 11073 5054 
3 5902 3211 320 
3 10419 10934 11445 
3 10417 11273 10934 
3 9685 6078 10464 
3 10419 11277 10762 
3 10417 10419 9899 
3 4953 8032 2530 
3 2113 8489 6068 
3 11266 1031 1025 
3 6534 7452 9229 
3 536 470 472 
3 4643 4495 5001 
3 7452 6534 4782 
3 7888 8845 8844 
3 10765 11956 10763 
3 4561 10760 11446 
3 11956 10765 10080 
3 10938 11279 10939 
3 11366 11534 11209 
3 466 3624 4976 
3 11892 211 5617 
3 7658 5868 7671 
3 4980 5017 6112 
3 11933 7776 3588 
3 1132 1146 4871 
3 5763 10636 5786 
3 3475 1043 4309 
3 4787 8741 4779 
3 8709 8178 8526 
3 10777 10262 10263 
3 10779 10780 10091 
3 4064 4925 824 
3 10906 4298 11785 
3 1243 11971 4657 
3 11972 10949 10599 
3 9236 9607 8478 
3 10602 10780 10779 
3 10429 10604 11123 
3 10604 10605 10952 
3 6930 6925 4249 
3 9600 10607 10101 
3 10782 10429 11123 
3 2979 7467 5650 
3 9731 9736 9733 
3 252 7713 4312 
3 5650 7467 8418 
3 8052 8345 8179 
3 8891 9358 4494 
3 10956 10606 10957 
3 10957 10606 10787 
3 10956 11645 10783 
3 5763 11390 10636 
3 4864 4858 1407 
3 8984 9000 8997 
3 9779 4069 4918 
3 356 3998 3977 
3 9779 9955 1675 
3 10194 11066 11236 
3 10610 10793 10433 
3 2111 4515 388 
3 10961 10271 10272 
3 10958 10789 11293 
3 6739 3151 5835 
3 1637 9779 4918 
3 10006 10349 10176 
3 10797 11134 10437 
3 10445 11305 10624 
3 523 571 606 
3 10797 9938 10439 
3 1595 471 7521 
3 11483 11309 11844 
3 10798 11139 10440 
3 10116 8849 9948 
3 4043 2473 2475 
3 10972 10975 10115 
3 10115 10440 10972 
3 4909 2474 5649 
3 10246 11078 11876 
3 11309 9945 10443 
3 10008 9826 10007 
3 10895 4041 4977 
3 11143 10284 10809 
3 11141 9944 9945 
3 10448 10285 10624 
3 11309 10443 11143 
3 6700 9404 7602 
3 9957 10292 11487 
3 167 11535 2160 
3 11847 10980 11487 
3 9959 11313 10451 
3 11487 10292 11146 
3 1316 1210 980 
3 11313 10981 10625 
3 6234 9859 4490 
3 11540 9158 7468 
3 2144 170 162 
3 5230 5233 4805 
3 11149 10123 10121 
3 213 3125 4977 
3 10982 11146 10455 
3 11319 10812 10124 
3 5487 3648 4556 
3 10492 11529 8293 
3 2266 10106 8542 
3 10132 10813 11322 
3 10631 10815 10988 
3 11155 10631 10988 
3 10815 11324 10988 
3 10631 10987 10815 
3 10462 10461 10299 
3 4043 2453 2473 
3 10633 10992 10462 
3 10817 10300 10991 
3 10819 11680 10634 
3 8567 5830 7631 
3 10490 7372 9835 
3 10819 10467 11164 
3 10633 10634 11680 
3 10993 10994 10304 
3 10470 10820 10467 
3 10470 10995 10820 
3 9146 9135 6594 
3 5249 7908 6099 
3 2665 5099 2668 
3 10475 10825 10307 
3 10309 10826 10640 
3 10881 10363 11065 
3 10310 11003 10476 
3 11169 10471 10637 
3 1718 1721 3324 
3 10830 10318 11006 
3 11006 10148 11512 
3 11186 10320 10830 
3 2334 4556 3648 
3 11721 11197 11360 
3 8070 8956 8952 
3 8070 8952 5599 
3 3581 3845 3574 
3 10317 10320 11186 
3 805 2894 8412 
3 10643 11011 11515 
3 5617 211 5585 
3 11185 11008 10317 
3 10314 10828 10834 
3 3125 2266 8542 
3 4187 3293 11170 
3 9793 10649 10829 
3 8354 1078 1069 
3 10483 10314 10834 
3 11012 10650 11520 
3 8736 2434 372 
3 9961 9964 10455 
3 2665 2668 1836 
3 5384 5648 5388 
3 9289 9984 9472 
3 10653 10646 11352 
3 10841 10837 10488 
3 8388 949 3815 
3 11189 10649 10651 
3 10472 10638 10822 
3 10650 10489 11999 
3 10653 10484 10646 
3 1906 11239 3609 
3 10835 11711 10652 
3 6666 6229 5916 
3 10489 10162 10842 
3 8563 11671 11679 
3 10165 9472 11194 
3 10161 11361 10651 
3 10657 9647 10660 
3 10658 10653 11024 
3 2119 3666 377 
3 11361 10657 10660 
3 10837 11194 9472 
3 4728 4732 1983 
3 10859 5818 1867 
3 10165 11197 10845 
3 10662 11193 10841 
3 11358 10841 11193 
3 4517 11617 11802 
3 10013 10363 10521 
3 10497 10842 10663 
3 10497 10845 10842 
3 11213 11037 11033 
3 11026 10844 11025 
3 6483 5619 7385 
3 9750 8006 5363 
3 11204 10847 10341 
3 1218 1158 1072 
3 10511 10345 10676 
3 11206 11030 10502 
3 11202 10848 11030 
3 11190 10651 11354 
3 11205 10849 10342 
3 10501 10848 10167 
3 11035 11034 10850 
3 11034 11038 10850 
3 7410 5628 5603 
3 11870 11523 1878 
3 3258 8748 5958 
3 4921 7550 7563 
3 11201 10665 11528 
3 10507 10852 10505 
3 5011 6654 10105 
3 1740 11675 11322 
3 9100 8255 9816 
3 10669 10854 10676 
3 7074 7898 7897 
3 6619 3442 6629 
3 10857 10676 11048 
3 3835 4675 4672 
3 6458 4669 2829 
3 11498 11500 8576 
3 2111 11304 4508 
3 10863 10866 10862 
3 4921 4917 7550 
3 10865 10680 10861 
3 6449 7344 6435 
3 4972 7602 9402 
3 11036 11542 11745 
3 10862 10861 10863 
3 2606 2611 4198 
3 10863 10867 10866 
3 6626 5761 5760 
3 11222 11054 11380 
3 5594 699 7100 
3 5085 2364 6821 
3 10648 10320 10317 
3 2185 11535 11368 
3 2418 4819 7566 
3 1162 4590 6314 
3 10872 10526 10686 
3 10181 10686 10526 
3 3222 11483 6631 
3 7230 7228 7350 
3 10363 11060 10521 
3 11056 11226 10879 
3 5780 7573 2232 
3 5029 6123 8728 
3 10025 9676 9321 
3 11061 11563 11060 
3 9763 10435 10613 
3 10880 10879 11064 
3 2296 8915 3714 
3 3663 1247 4505 
3 5594 694 3429 
3 10548 5830 225 
3 6881 3698 9749 
3 5425 3001 4610 
3 10695 11401 10886 
3 11234 10885 11572 
3 10696 11401 10695 
3 10542 10699 10887 
3 9773 8043 8037 
3 10122 9619 10125 
3 7897 6278 5298 
3 10198 9676 10025 
3 10198 10697 11070 
3 653 7929 3836 
3 3294 6479 820 
3 2192 449 6145 
3 10950 5720 3290 
3 11410 10704 11237 
3 3588 5257 4424 
3 2592 1770 4172 
3 6593 2462 451 
3 3143 6126 3935 
3 9406 10949 10091 
3 10210 10709 10712 
3 6906 7465 6803 
3 11413 10898 10896 
3 1839 11690 11706 
3 10714 11411 10713 
3 10765 10421 9744 
3 4172 1770 4154 
3 6471 11895 3936 
3 6590 6385 6815 
3 4087 11569 11763 
3 6994 1554 2529 
3 8931 6994 2529 
3 4718 1711 1640 
3 10903 10045 10562 
3 7074 7931 7919 
3 9858 10390 10562 
3 2362 5555 3936 
3 7951 3424 5278 
3 10564 10725 10216 
3 10409 10066 9895 
3 10564 10908 10725 
3 10730 10906 10390 
3 6679 5798 6705 
3 11007 5287 1828 
3 9607 9428 9762 
3 11603 11249 10570 
3 10570 10224 11603 
3 10914 10218 11251 
3 11907 11906 11552 
3 1277 1203 2232 
3 8730 5281 11184 
3 11719 11726 62 
3 8371 9254 8381 
3 11409 10715 11586 
3 11701 11866 3516 
3 5671 6589 3899 
3 3752 873 903 
3 5867 4702 6765 
3 3211 7726 6780 
3 3759 7653 3766 
3 8128 6319 8125 
3 10227 10576 10571 
3 10571 10398 10227 
3 10446 8984 8997 
3 9336 9331 9334 
3 357 5242 10769 
3 2970 1326 8544 
3 9893 10743 9884 
3 10737 10226 10223 
3 4612 9147 6388 
3 4353 1078 4370 
3 6582 8462 6559 
3 2927 3109 3278 
3 1069 4353 5177 
3 10583 10924 10582 
3 11677 5089 6766 
3 5281 1761 11184 
3 8401 7521 3626 
3 8531 9773 2949 
3 582 11720 6631 
3 10408 11100 10926 
3 10238 10409 10927 
3 9302 8461 10691 
3 1043 7089 1895 
3 11923 2489 609 
3 3892 1495 11816 
3 1501 3892 11816 
3 4739 4942 4831 
3 10928 11802 10754 
3 10639 9457 11002 
3 2919 2927 3278 
3 10240 10754 10757 
3 2509 909 904 
3 5075 8798 7839 
3 3876 5022 3108 
3 6760 9468 6770 
3 11705 3538 11517 
3 9920 6686 9213 
3 10248 11446 10760 
3 11282 1213 6327 
3 6063 9685 7888 
3 8514 5363 406 
3 2874 11274 10760 
3 11698 11693 1794 
3 10408 9896 10068 
3 2058 5452 10522 
3 5945 11579 11924 
3 11629 11452 10943 
3 3660 8224 6369 
3 7492 5650 8418 
3 10770 10424 11117 
3 10768 11283 11634 
3 10434 6930 4263 
3 11121 11639 10264 
3 4795 1748 4790 
3 475 478 3782 
3 9920 7443 6686 
3 3749 3843 3576 
3 8178 8523 8526 
3 5347 6961 1839 
3 7897 5303 7074 
3 3861 4707 11755 
3 10721 8477 9312 
3 11122 11121 10267 
3 10943 10939 11629 
3 10095 10268 11461 
3 11643 11123 10604 
3 4148 7034 8806 
3 11645 11979 10783 
3 2508 3279 1675 
3 9784 9453 9268 
3 6956 1761 1755 
3 9921 10785 10431 
3 10609 10789 10958 
3 8095 9000 8984 
3 11128 11127 10607 
3 10431 10785 11465 
3 10271 10961 10789 
3 4542 3612 7239 
3 11127 10101 10607 
3 1240 1003 1006 
3 10434 4263 8844 
3 10793 10610 10964 
3 10435 10104 11472 
3 8758 9142 8564 
3 9728 8932 8916 
3 11134 11298 10437 
3 6568 7483 4838 
3 11947 11802 10928 
3 10613 10966 10614 
3 11294 2906 1247 
3 8801 8816 6202 
3 4148 41 1981 
3 10963 11654 10104 
3 10022 10368 10696 
3 10439 11133 10797 
3 11138 10439 10438 
3 2248 1250 4016 
3 11137 10800 10441 
3 5639 6525 8393 
3 10972 11302 10975 
3 9942 10974 10282 
3 11700 8172 11688 
3 11141 10974 9942 
3 11310 11141 9945 
3 9317 9836 9319 
3 11305 11307 10624 
3 10975 11668 11305 
3 9945 11309 11310 
3 10441 10621 11478 
3 11308 10624 11307 
3 7098 9004 5362 
3 5644 9073 9056 
3 10980 11312 10809 
3 7032 9955 10453 
3 8455 9208 8263 
3 1354 1344 4594 
3 4666 2262 5466 
3 9864 10218 9872 
3 10457 10122 10125 
3 10984 10457 11151 
3 11148 10984 11151 
3 11682 922 10098 
3 4101 560 11916 
3 11702 1755 11866 
3 8897 10161 10325 
3 8749 5044 6138 
3 8097 7299 8985 
3 11151 11318 11148 
3 10633 11680 10992 
3 11324 10987 11322 
3 10987 10132 11322 
3 11324 10815 10987 
3 2881 1236 11713 
3 11702 11866 11013 
3 10814 10461 11495 
3 4044 4908 4885 
3 11495 10461 10462 
3 11340 11690 1724 
3 10034 10206 11075 
3 5661 3854 4777 
3 6846 6209 6407 
3 5369 11707 3610 
3 10134 10631 11155 
3 3052 3804 537 
3 11348 11346 11519 
3 10469 10637 10471 
3 4721 5890 9644 
3 10177 1740 3321 
3 11499 10637 10994 
3 10994 11163 11499 
3 11326 10817 10991 
3 10101 9931 9602 
3 9885 9741 3596 
3 10145 10472 9452 
3 11321 10296 10129 
3 772 5654 4007 
3 11171 10638 10473 
3 10035 9498 9844 
3 10997 10471 11169 
3 10825 10826 10307 
3 11337 9787 10476 
3 9282 8522 9276 
3 9953 10806 9954 
3 9631 11180 11179 
3 4212 1440 427 
3 537 2259 3052 
3 11989 10654 10839 
3 10347 10672 10345 
3 10641 11179 11510 
3 4257 7360 5869 
3 11005 10647 10479 
3 427 4216 4212 
3 5902 7726 3211 
3 3044 4645 4639 
3 11013 11011 10485 
3 10480 10831 10481 
3 10485 11989 11013 
3 11002 10311 11176 
3 11013 11989 11524 
3 9671 8967 6474 
3 11989 10836 11524 
3 11356 10491 10652 
3 9126 933 3901 
3 1809 1817 15 
3 11358 11194 10837 
3 3408 969 5057 
3 1696 11508 11507 
3 11354 10651 11361 
3 10837 10841 11358 
3 9984 10837 9472 
3 10653 10658 10484 
3 7991 9224 7880 
3 11197 11194 11360 
3 11353 11999 10489 
3 9512 9695 9689 
3 5266 3986 6396 
3 11043 11214 10853 
3 11033 11034 11209 
3 11363 11026 11025 
3 9986 1395 2465 
3 10997 10474 10305 
3 5195 5108 5033 
3 6634 7568 4927 
3 11202 11203 10848 
3 11024 11198 11025 
3 10849 11204 10341 
3 11882 11733 11206 
3 11197 11878 10845 
3 9671 8026 8014 
3 10504 11038 11037 
3 6755 3168 2317 
3 11033 11037 11034 
3 11037 11038 11034 
3 11934 11418 11931 
3 11037 10668 10504 
3 11042 10853 11214 
3 11025 10658 11024 
3 11374 11044 10669 
3 10669 11045 11374 
3 10853 11042 11045 
3 11542 11036 10507 
3 11103 5085 6821 
3 10855 11045 10669 
3 10674 11043 10853 
3 10855 10672 10853 
3 10666 10850 11038 
3 11047 11218 11542 
3 5761 6626 6634 
3 10831 10832 10481 
3 9521 9708 9711 
3 699 5594 2400 
3 11045 10855 10853 
3 10858 11218 11047 
3 11052 11223 11053 
3 10409 10753 11099 
3 3986 10340 5615 
3 11050 10857 11048 
3 11864 11688 1746 
3 10862 10866 11221 
3 10864 10857 11050 
3 10074 11842 3222 
3 6435 5559 6449 
3 11766 4096 11765 
3 10676 10854 11048 
3 11545 11051 11381 
3 11052 11053 10864 
3 5763 8311 11390 
3 10865 11054 10871 
3 11054 11378 11380 
3 11550 11909 11754 
3 4046 2286 7631 
3 10866 10867 11550 
3 11550 10867 10515 
3 10871 11054 10870 
3 11553 11549 11381 
3 8870 8905 9669 
3 2679 8528 7719 
3 8952 9669 8905 
3 11223 10872 11053 
3 10872 10686 11053 
3 11386 10521 11060 
3 1771 5792 4161 
3 10475 10307 8698 
3 6842 716 6945 
3 11061 11062 11563 
3 11056 11225 11226 
3 11227 10526 10872 
3 3834 3155 1081 
3 11062 11061 11060 
3 10363 11062 11060 
3 1835 3647 4612 
3 10527 10525 10879 
3 10882 10690 10534 
3 11395 10537 10532 
3 10879 11226 11064 
3 9353 9580 1637 
3 11834 10613 11473 
3 10705 2527 11580 
3 5413 449 3765 
3 10886 11401 11233 
3 9663 10367 10882 
3 4179 3353 896 
3 11402 10696 10544 
3 3765 1640 3001 
3 7323 5675 5680 
3 11657 11659 11472 
3 6326 5457 6338 
3 10546 11405 10893 
3 6631 11844 4982 
3 10700 11772 11770 
3 1646 1681 2747 
3 6059 4272 4266 
3 11075 10700 10199 
3 5973 8338 11591 
3 4638 5528 7315 
3 6333 7939 7968 
3 2600 3353 4179 
3 7968 9669 8912 
3 11844 11312 4982 
3 11244 10900 10898 
3 7968 8870 9669 
3 7315 5528 7285 
3 3170 9001 858 
3 10870 11056 10525 
3 11415 10714 10901 
3 9093 8523 9461 
3 1332 2970 4581 
3 10899 10213 10720 
3 11786 10720 11590 
3 6388 4616 4612 
3 9461 8523 8346 
3 10748 7346 8784 
3 377 7694 2119 
3 1929 5161 2736 
3 10754 10240 10412 
3 10730 11248 4298 
3 3143 11869 6126 
3 2912 11627 11957 
3 4298 10906 10730 
3 235 2185 11893 
3 6148 853 11087 
3 11869 3157 1628 
3 10567 11250 11251 
3 11781 11587 11410 
3 10567 11251 10218 
3 6082 11023 6963 
3 10571 11252 10735 
3 10571 11426 11252 
3 4154 6548 4172 
3 10569 11252 10730 
3 10730 11252 11248 
3 11582 7638 2527 
3 4016 4008 2248 
3 5712 2264 3944 
3 10914 11255 11089 
3 10224 11091 11087 
3 10743 11602 11428 
3 10402 11089 11261 
3 11605 10917 11093 
3 11328 8545 11163 
3 3050 125 4899 
3 11258 11796 11261 
3 10746 9890 10747 
3 4871 3963 8506 
3 6391 7267 5519 
3 11098 11799 11613 
3 5243 6769 8380 
3 7729 8627 6912 
3 7960 8073 8196 
3 11799 11261 946 
3 7139 7156 6273 
3 11439 10238 10927 
3 11801 11439 10927 
3 10926 11100 11266 
3 1983 1973 11095 
3 11328 11852 3352 
3 4426 4442 9004 
3 11023 10998 6963 
3 10261 10773 10259 
3 11675 5089 10988 
3 11340 1724 5255 
3 4962 2454 4948 
3 10930 10588 11105 
3 11274 10931 10418 
3 8750 1402 5118 
3 10253 5572 6581 
3 11315 11670 659 
3 10760 4561 2874 
3 7968 7939 7928 
3 11447 11446 10763 
3 7902 7122 8855 
3 11956 10080 10595 
3 7902 8855 7115 
3 11454 11455 10945 
3 11129 11127 11130 
3 5649 1616 4867 
3 11452 10424 10943 
3 6536 9050 6547 
3 8957 2571 2569 
3 5487 6342 8187 
3 11285 10773 10775 
3 10775 11286 11285 
3 11713 2879 2881 
3 2507 4945 4093 
3 11118 10262 11119 
3 11968 10599 10946 
3 602 3092 4693 
3 11676 11851 11674 
3 2776 2777 2783 
3 10777 10263 11639 
3 4909 4064 1667 
3 1260 377 3666 
3 4829 11503 11684 
3 1287 5005 2286 
3 11252 10569 10735 
3 11122 10267 10095 
3 10095 11461 11122 
3 11461 10268 10782 
3 10604 10952 11643 
3 3861 590 3082 
3 10952 10605 10783 
3 11465 10954 10431 
3 6152 7134 6143 
3 10091 10780 10092 
3 6594 9135 4563 
3 10270 10431 10954 
3 10785 11288 11465 
3 8597 8651 10751 
3 11128 11647 11127 
3 10957 11292 11291 
3 10955 11288 10785 
3 9187 9190 8320 
3 2319 296 6780 
3 6319 8135 2731 
3 941 4453 1805 
3 10609 10271 10789 
3 2780 2099 4508 
3 11131 10960 10793 
3 3165 11837 1418 
3 10613 10614 10111 
3 1969 7134 6152 
3 10793 10964 11131 
3 2668 5577 1836 
3 7527 6869 6874 
3 10976 8625 6035 
3 9143 2733 5455 
3 10612 10436 11474 
3 11296 10612 11474 
3 10435 11472 11473 
3 11542 11218 11903 
3 10436 10437 11298 
3 4424 1982 3588 
3 10439 11138 11133 
3 11138 11135 11133 
3 11139 10972 10440 
3 3442 108 3453 
3 7729 7721 8627 
3 118 1883 2693 
3 11667 10975 11302 
3 11815 11806 630 
3 8097 8985 8095 
3 11479 11478 10621 
3 10624 11308 10448 
3 6278 7125 6291 
3 9448 8627 7721 
3 9448 7721 7711 
3 11315 10811 10981 
3 5320 11984 4498 
3 6606 8492 8507 
3 2991 804 10764 
3 7012 7126 6379 
3 5853 545 10912 
3 11315 11486 11670 
3 8814 5168 5174 
3 333 3640 334 
3 9705 9779 1637 
3 7849 5357 9015 
3 9822 9015 5357 
3 4445 5357 7849 
3 9946 10975 11305 
3 10813 10812 11153 
3 11493 11154 11674 
3 11493 11321 10814 
3 11324 11675 10988 
3 9616 1224 2073 
3 9352 9513 9349 
3 10462 10992 11495 
3 11159 10817 11326 
3 4717 7029 4726 
3 6306 6319 5427 
3 3643 11707 5369 
3 10817 11159 10993 
3 11777 11926 11776 
3 8750 9588 1402 
3 10822 10995 10472 
3 1212 1219 5299 
3 2093 11735 114 
3 11319 11489 1560 
3 10822 11165 10995 
3 5830 8567 7588 
3 11505 11507 10823 
3 11499 11169 10637 
3 10995 11165 10820 
3 11435 7829 6900 
3 10822 10638 11167 
3 11828 3089 11648 
3 11505 10823 11333 
3 10639 10999 10824 
3 11171 10473 10824 
3 1530 1554 7933 
3 5882 1625 6010 
3 10999 11171 10824 
3 10823 10826 10825 
3 2100 2954 3854 
3 10640 11003 10310 
3 10923 10924 11096 
3 10311 9787 11337 
3 10478 11339 11184 
3 7003 9583 8795 
3 11005 11181 11343 
3 11181 11005 10479 
3 10830 11006 11182 
3 10478 10828 10314 
3 6273 6306 5427 
3 11184 6956 10478 
3 10828 10478 6956 
3 5011 6695 659 
3 11344 11008 11185 
3 10317 11186 11185 
3 11179 11180 11340 
3 11515 11011 11866 
3 10829 10649 11189 
3 11341 10829 11189 
3 10835 10832 11015 
3 5414 2707 7159 
3 6080 2487 3377 
3 11190 11189 10651 
3 7573 6674 6700 
3 11711 10835 11015 
3 7410 5603 6472 
3 213 4977 2271 
3 10653 11016 11019 
3 4221 975 1825 
3 11019 11024 10653 
3 11520 11999 11353 
3 6095 1657 652 
3 10661 11026 11193 
3 6016 316 2049 
3 5780 3980 3982 
3 10661 11193 10662 
3 6483 7355 6449 
3 3693 72 3683 
3 11363 11193 11026 
3 10404 9629 8804 
3 11528 11880 11201 
3 11733 11029 11206 
3 11029 11203 11202 
3 4797 955 2629 
3 10775 10773 10261 
3 10124 10812 9620 
3 8563 9409 7667 
3 11035 11210 11207 
3 11207 11034 11035 
3 1498 7891 3377 
3 11211 11210 11036 
3 7822 6987 5055 
3 1498 4272 7891 
3 9521 9872 9708 
3 3586 5429 5402 
3 11213 11214 11043 
3 533 577 637 
3 11037 11213 11043 
3 11036 10852 10507 
3 6832 10150 11678 
3 11044 10854 10669 
3 1616 5649 1619 
3 7653 10136 7657 
3 10945 10770 11117 
3 4331 4332 3421 
3 10507 11047 11542 
3 5044 10326 7818 
3 11374 11045 11042 
3 11544 11219 10862 
3 11445 11443 11625 
3 10511 10676 10857 
3 11908 11050 11904 
3 10861 11219 11220 
3 11378 11753 11380 
3 10865 11220 11054 
3 3394 3216 3046 
3 726 1754 9118 
3 11220 11378 11054 
3 10866 11550 11221 
3 6472 6454 5545 
3 11622 4530 4538 
3 11222 10870 11054 
3 10430 7011 5369 
3 478 4742 9919 
3 11223 11052 11384 
3 4428 1126 4403 
3 10515 11383 11550 
3 11556 10516 11386 
3 11556 11553 11381 
3 11559 11056 11222 
3 8369 10074 4010 
3 11227 10872 11912 
3 11663 1407 1849 
3 4094 1710 4102 
3 11383 10515 11385 
3 5207 1970 5224 
3 10800 11138 10438 
3 1697 5720 10950 
3 11385 11059 11391 
3 10759 10950 3290 
3 4907 3070 6644 
3 8056 7111 4467 
3 11226 11394 11398 
3 11396 11765 10881 
3 11231 10690 10882 
3 6241 9035 5362 
3 10259 10773 10426 
3 9950 2829 4636 
3 10693 10537 11395 
3 6228 3513 5370 
3 11233 11065 10886 
3 10715 10213 10899 
3 11231 10367 10887 
3 11231 10882 10367 
3 11398 11572 10885 
3 11575 10887 10699 
3 428 4216 427 
3 2685 6262 1691 
3 7315 5545 4638 
3 6631 11483 11844 
3 5457 4542 6338 
3 11070 10697 10889 
3 5831 9281 9269 
3 333 4411 1197 
3 9503 9684 10037 
3 11076 10207 10547 
3 11114 9208 10083 
3 702 10207 11076 
3 1955 1086 5936 
3 1852 3894 6076 
3 1924 1066 2736 
3 10899 10720 11786 
3 3353 4141 2572 
3 5373 11943 11872 
3 5158 5153 5925 
3 10904 10723 11932 
3 10270 10607 9600 
3 11417 10563 10902 
3 8239 9786 7374 
3 11590 10725 11788 
3 10904 11594 11250 
3 7635 7619 7645 
3 11417 11587 7686 
3 11599 11254 10732 
3 10910 11599 10732 
3 10914 11251 11601 
3 2820 2831 4429 
3 10570 11249 10728 
3 5150 5932 1934 
3 8984 10446 9041 
3 11087 11256 4436 
3 11096 4463 11610 
3 11422 11601 11251 
3 11428 10919 10743 
3 10923 11256 11091 
3 11166 6883 10361 
3 11439 10586 10238 
3 11099 11098 11613 
3 5148 9614 4188 
3 11436 10924 11097 
3 11615 11266 1025 
3 11098 10752 11799 
3 6303 5455 4521 
3 10926 11264 11097 
3 10753 11098 11099 
3 5492 7953 7931 
3 4721 9644 1625 
3 11099 10927 10409 
3 10779 10091 10949 
3 11097 10583 10926 
3 6997 1568 1566 
3 2578 6168 10584 
3 4496 11801 6219 
3 11100 11104 11441 
3 1026 758 570 
3 10072 10073 10756 
3 10757 11802 11617 
3 11107 10758 10757 
3 11441 11269 11619 
3 11441 1031 11266 
3 4932 11004 11023 
3 10248 10421 11446 
3 3946 2728 3967 
3 10931 11105 10418 
3 10996 5932 11020 
3 10844 10661 10495 
3 6008 6322 5781 
3 6322 5896 5781 
3 6339 3621 9148 
3 1423 11667 11302 
3 11302 11837 1423 
3 131 10912 11575 
3 6235 6225 5353 
3 6353 2170 2962 
3 11450 11279 10249 
3 3391 2425 5575 
3 11114 11280 10940 
3 11116 10768 11634 
3 6143 3438 8938 
3 11454 11117 11282 
3 10775 11118 11286 
3 11452 11282 11117 
3 11452 11117 10424 
3 1395 3031 1384 
3 1554 6994 7933 
3 404 378 311 
3 11257 23 3746 
3 11968 10946 11455 
3 11119 11286 11118 
3 7010 5278 6146 
3 10766 10938 10939 
3 11972 10779 10949 
3 7711 7721 6899 
3 4251 3426 5084 
3 10782 11123 11642 
3 11123 11820 11642 
3 129 5127 1896 
3 11460 10953 10602 
3 9663 10882 9661 
3 4957 4097 840 
3 10597 10945 10946 
3 11460 11288 10953 
3 11460 10602 1297 
3 11645 10956 11291 
3 11292 10957 10787 
3 11979 11643 10952 
3 11646 11128 10270 
3 11467 11292 11293 
3 1697 10875 2530 
3 11295 11650 10961 
3 11650 10789 10961 
3 10777 11639 11971 
3 4876 4815 1165 
3 7066 11355 34 
3 9980 10317 9463 
3 11639 11973 11971 
3 6637 10918 4283 
3 10960 11131 11295 
3 8310 7911 7802 
3 2738 4310 4324 
3 6821 2364 5081 
3 11474 11298 11660 
3 10901 10043 9853 
3 10436 11298 11474 
3 11135 11660 11133 
3 11660 11134 11133 
3 11298 11134 11660 
3 2113 2119 3671 
3 335 5085 8715 
3 3396 11500 11857 
3 7951 2529 3424 
3 6112 5017 6115 
3 10376 10374 10704 
3 11477 11302 11139 
3 1512 403 4599 
3 10966 11301 10798 
3 7200 7173 8847 
3 11137 11478 1417 
3 11479 10974 11480 
3 10282 11479 10621 
3 10282 10974 11479 
3 1022 105 3444 
3 11139 11301 11477 
3 5976 8348 7520 
3 6255 6316 2428 
3 11844 11309 11143 
3 11483 11310 11309 
3 2881 8456 6055 
3 22 10806 11308 
3 3853 6897 3831 
3 1008 2453 4012 
3 102 1877 3439 
3 10810 10449 11311 
3 11313 11486 10981 
3 3261 11146 10982 
3 9103 1086 1955 
3 10811 11315 10121 
3 11488 10121 11315 
3 11313 4992 11486 
3 1551 11318 11151 
3 781 11594 11932 
3 11153 10812 1560 
3 11141 11310 11842 
3 6326 6301 5438 
3 10595 10940 11280 
3 5031 7822 5055 
3 10988 5089 11155 
3 3121 1398 4858 
3 4221 4243 69 
3 9121 9319 9321 
3 3975 3059 4917 
3 11847 11312 10980 
3 6202 8816 3146 
3 11163 11159 11328 
3 11257 3746 2993 
3 5720 4938 3290 
3 7134 11126 7039 
3 7380 7260 6834 
3 11500 11165 11167 
3 988 5083 3412 
3 10822 11167 11165 
3 4262 11039 4229 
3 11568 11560 431 
3 4318 5253 6099 
3 11326 11852 11159 
3 11169 11858 10997 
3 11158 4450 10673 
3 7159 2707 9118 
3 10658 10493 10484 
3 11249 10908 10728 
3 10999 11172 11171 
3 10639 11176 10999 
3 4299 6098 4307 
3 10826 11507 11003 
3 11336 11337 11003 
3 11337 10476 11003 
3 11338 11178 10311 
3 10826 10309 10307 
3 7104 716 6345 
3 11180 11341 11340 
3 1184 1134 1194 
3 11343 11181 11698 
3 11181 11344 11698 
3 5714 8293 4575 
3 11182 11006 11863 
3 2489 4168 609 
3 11339 11007 1828 
3 4450 11158 9616 
3 10830 11182 11186 
3 2639 66 4236 
3 11011 11013 11866 
3 11172 10999 11684 
3 4331 3421 6940 
3 7928 7953 8870 
3 10345 10174 10347 
3 9694 9514 9860 
3 5509 2093 114 
3 11355 10489 10842 
3 5057 969 5827 
3 5827 969 4922 
3 11943 11356 11711 
3 11353 10489 11355 
3 4830 11988 3121 
3 8586 9405 5961 
3 11360 11194 11358 
3 2632 1827 3406 
3 969 50 4922 
3 6987 3078 5055 
3 11239 11019 11016 
3 5688 6582 6559 
3 4450 9616 2073 
3 10845 34 10842 
3 6063 6078 9685 
3 11718 10077 8402 
3 10845 11878 34 
3 6504 7031 5985 
3 11025 11365 11363 
3 7578 6644 6679 
3 11170 4184 11166 
3 11670 5011 659 
3 11731 10849 11205 
3 11534 11366 11207 
3 11368 11534 11207 
3 9649 9651 10176 
3 11368 11207 11210 
3 5872 11839 6132 
3 11727 11204 10849 
3 11890 11739 11372 
3 6870 7693 9439 
3 11209 11034 11366 
3 11372 11740 11212 
3 2606 4409 2611 
3 5522 5537 7092 
3 2612 3397 1805 
3 2612 1805 927 
3 11374 11212 11373 
3 11319 1560 10812 
3 8943 8952 8956 
3 11374 11373 11541 
3 11375 10854 11044 
3 11048 10854 11375 
3 8036 8508 8158 
3 11544 10862 11221 
3 11052 11050 11384 
3 10800 11137 11138 
3 11121 10264 10267 
3 4112 11921 560 
3 11219 10861 10862 
3 7776 11790 11937 
3 7822 5031 9541 
3 8381 7493 8371 
3 11909 11550 11555 
3 11550 11383 11555 
3 3070 4943 8989 
3 7860 5190 4249 
3 11554 11222 11552 
3 11960 1206 1191 
3 11912 11223 11384 
3 11760 11758 11558 
3 2286 5005 6740 
3 1986 252 2820 
3 5792 3771 2608 
3 11760 11558 11385 
3 10690 11392 11391 
3 1979 1982 5227 
3 11391 11565 11760 
3 11394 11226 11225 
3 11227 11912 11562 
3 10360 11059 11385 
3 11582 11584 4229 
3 11398 11394 11764 
3 6914 5179 7860 
3 11765 11062 10881 
3 10806 10448 11308 
3 11398 11064 11226 
3 278 5257 3588 
3 11396 10881 11919 
3 10881 11065 11919 
3 11398 10885 11064 
3 7654 3164 6744 
3 11231 10887 545 
3 4216 5179 6914 
3 11395 11569 11916 
3 9629 4226 8804 
3 8977 8788 8980 
3 11577 11236 11921 
3 10433 10793 10960 
3 11577 10889 11236 
3 11575 10699 11578 
3 6686 9223 9213 
3 231 5204 236 
3 11068 10544 11770 
3 7530 7912 3722 
3 545 10887 11575 
3 9281 9345 9269 
3 11405 10549 11774 
3 11774 10549 11777 
3 11732 11355 7032 
3 1964 5225 9646 
3 8796 9625 5170 
3 8019 6227 4431 
3 10477 10478 10149 
3 10149 10478 10315 
3 8136 8010 7904 
3 5997 6774 5276 
3 10706 10553 11582 
3 7525 5726 5709 
3 5168 4204 4208 
3 11410 11775 2528 
3 11413 10896 702 
3 824 4925 2519 
3 10327 3239 6422 
3 10904 10565 10723 
3 10574 11442 3294 
3 11244 10898 11413 
3 7320 5552 6435 
3 10558 10712 11587 
3 210 4360 2765 
3 9614 5148 4204 
3 896 3353 2572 
3 10900 11244 11932 
3 6657 3982 4927 
3 6076 3894 8672 
3 7320 6397 5529 
3 11418 10563 11417 
3 10981 10811 10625 
3 11587 11417 10558 
3 11418 10910 10563 
3 10725 10908 11788 
3 10908 11249 11421 
3 11335 11359 10587 
3 11599 10910 11418 
3 11369 11438 2903 
3 6666 5916 6555 
3 10212 7742 9425 
3 11507 11505 4895 
3 1174 1154 10595 
3 11425 11254 11599 
3 11003 10640 10826 
3 1162 1191 1159 
3 3878 1489 621 
3 4983 11311 22 
3 10486 8383 1798 
3 11185 11693 11344 
3 5362 9004 4442 
3 927 6513 2592 
3 3293 4184 11170 
3 10576 11604 11426 
3 11091 11256 11087 
3 10741 10919 4433 
3 4433 10919 11428 
3 7292 4179 9073 
3 11258 7869 11796 
3 9879 10917 10747 
3 11426 10571 10576 
3 11256 10923 11610 
3 11261 11796 946 
3 5780 3982 6657 
3 11642 11462 10782 
3 8160 11976 11122 
3 11436 11096 10924 
3 11615 11264 10926 
3 4913 10235 6060 
3 11838 1387 1105 
3 10666 10504 10168 
3 3277 3331 4142 
3 2843 11620 10931 
3 11802 10757 10754 
3 11269 10930 11105 
3 11442 4104 3294 
3 2395 7787 7782 
3 11269 11105 11620 
3 11619 11269 11620 
3 11023 6934 4932 
3 9950 8347 2829 
3 11620 11105 10931 
3 5966 5207 5224 
3 10249 10936 11450 
3 10025 10545 10697 
3 8048 603 11400 
3 1601 1603 1480 
3 11764 11767 11398 
3 10934 11807 11443 
3 4717 4726 630 
3 10264 11639 10263 
3 4445 7849 657 
3 2930 2062 2066 
3 5760 5761 3980 
3 2561 9714 904 
3 5114 7774 5118 
3 3982 5761 4927 
3 11443 11445 10934 
3 11277 11625 11808 
3 10936 11808 11450 
3 5867 6765 9834 
3 2530 8032 1697 
3 11956 10595 1154 
3 10963 11652 11654 
3 9348 9857 9154 
3 3484 3475 4322 
3 5141 4322 3475 
3 11979 4742 11643 
3 1235 11965 11285 
3 11820 11643 6440 
3 10511 10864 10350 
3 11286 1235 11285 
3 10599 11968 11969 
3 2890 1162 1159 
3 11447 4561 11446 
3 4310 10918 6669 
3 10680 10865 10871 
3 11660 11469 11471 
3 7694 2117 2119 
3 10779 11972 1278 
3 9322 8477 10721 
3 10684 10351 10864 
3 6913 10976 6035 
3 9823 9819 10174 
3 5093 7753 8723 
3 10526 11227 10878 
3 2824 2971 3967 
3 11128 11646 11647 
3 10955 10953 11288 
3 10122 10457 10984 
3 452 2235 3626 
3 11646 10270 10954 
3 1483 9534 3239 
3 590 3861 11755 
3 10000 10970 10012 
3 11468 10789 11650 
3 3831 1757 6239 
3 11129 11130 10963 
3 10961 10960 11295 
3 6830 6183 6288 
3 820 4068 1670 
3 11469 11650 11295 
3 9970 5258 43 
3 11470 10964 11296 
3 11295 11470 11469 
3 11131 11470 11295 
3 11470 11131 10964 
3 5285 7583 1182 
3 11657 11472 11654 
3 8461 9312 7554 
3 1771 3349 10619 
3 3456 6796 1033 
3 11471 11470 11296 
3 1926 6093 6112 
3 11471 11474 11660 
3 11471 11296 11474 
3 11672 5341 11704 
3 11661 1398 11830 
3 11473 11472 11659 
3 3369 11824 6063 
3 3663 1246 1247 
3 10885 11234 10195 
3 1135 3588 1982 
3 10468 9955 7032 
3 11947 11801 4496 
3 10063 5480 2288 
3 2507 1648 2483 
3 7092 7913 7898 
3 11579 11234 11924 
3 3835 3066 3074 
3 11137 11663 11135 
3 10676 10345 10855 
3 10492 5714 5711 
3 10323 7753 7756 
3 11480 10974 11141 
3 11301 11139 10798 
3 1849 1398 11661 
3 7824 11228 7850 
3 22 11311 10806 
3 449 2192 11463 
3 4257 1867 69 
3 4992 11313 10810 
3 10567 10904 11250 
3 9285 8461 8439 
3 7700 8625 10205 
3 3066 3835 5472 
3 4094 2530 10875 
3 4094 10875 2716 
3 11486 11315 10981 
3 9448 6882 10188 
3 10984 11148 11316 
3 11149 10121 11488 
3 10982 10455 11316 
3 3044 3031 1395 
3 8112 1278 11972 
3 11148 3297 11316 
3 1495 8458 11816 
3 5649 2474 1619 
3 11971 2984 6370 
3 9606 9762 10107 
3 11153 11491 10813 
3 11322 11675 11324 
3 11495 11676 11154 
3 11677 11155 5089 
3 69 975 4221 
3 1583 11495 10992 
3 4257 69 4243 
3 11496 10819 11164 
3 10819 11496 11680 
3 29 10733 1827 
3 6882 7711 5990 
3 10914 10397 10218 
3 6882 9448 7711 
3 11329 11164 11165 
3 11164 10820 11165 
3 10674 10853 10672 
3 5535 2127 2105 
3 11856 11169 11499 
3 11857 11500 11167 
3 8112 446 1278 
3 11503 3401 11172 
3 1952 1942 5940 
3 3808 3993 3992 
3 10747 10578 9879 
3 11505 11859 4895 
3 1336 5885 4103 
3 10520 10523 8080 
3 11508 11003 11507 
3 11508 11336 11003 
3 11861 11178 11338 
3 11684 11176 11178 
3 11858 11856 6817 
3 11179 11340 11510 
3 11694 11700 11688 
3 11182 11509 11185 
3 11597 832 849 
3 11699 11010 11012 
3 5655 7452 4782 
3 11512 11010 11699 
3 10675 9279 9254 
3 11512 11863 11006 
3 4307 3393 4299 
3 8401 9254 9279 
3 10831 11515 10832 
3 11349 11015 10832 
3 10973 824 2519 
3 5181 2745 1070 
3 10397 10914 11089 
3 10828 11702 11013 
3 11966 4635 2945 
3 10890 7683 9409 
3 11348 11519 11707 
3 10869 6693 4088 
3 11867 10422 11519 
3 10834 11013 11524 
3 11677 10991 11155 
3 11353 11355 11523 
3 11943 1923 11356 
3 10839 1923 10836 
3 5452 3693 3714 
3 11711 11872 11943 
3 3386 2487 6080 
3 11717 10665 11991 
3 3098 4083 7858 
3 11239 11714 11019 
3 11517 11348 11710 
3 11717 11528 10665 
3 11878 11197 11721 
3 5630 5266 6396 
3 11716 41 4148 
3 11360 11724 11721 
3 11207 11366 11034 
3 7392 7410 6472 
3 11363 11365 11883 
3 11198 11530 11025 
3 2465 1395 1384 
3 3369 6063 7888 
3 11025 11530 11365 
3 3983 3989 7626 
3 11734 11731 11203 
3 3044 4639 3031 
3 11727 10849 11735 
3 11734 11203 11532 
3 11889 11209 11534 
3 4700 6458 7391 
3 11716 11027 11729 
3 7443 7430 4597 
3 9857 9855 10386 
3 11211 11893 11210 
3 3717 3641 3549 
3 2595 8978 4401 
3 2759 2669 2936 
3 7222 7772 7884 
3 6235 6291 6255 
3 3144 3316 3409 
3 6059 6049 6931 
3 252 4312 2820 
3 1934 10996 147 
3 11746 11373 11742 
3 11213 11212 11214 
3 11211 11036 11745 
3 7667 7657 8563 
3 3782 478 3020 
3 7632 5907 9350 
3 11212 11740 11742 
3 6316 7161 2428 
3 3626 7521 6659 
3 11753 11907 11380 
3 933 10733 29 
3 11220 11219 11750 
3 11219 11748 11750 
3 11752 11753 11750 
3 11380 11907 11552 
3 7856 10748 8784 
3 6483 5593 5626 
3 11750 11753 11220 
3 11221 11749 11544 
3 2462 6930 4249 
3 3815 7435 8388 
3 11381 11549 11545 
3 4700 4723 3775 
3 11551 11554 11552 
3 11222 11554 11559 
3 11383 11558 11555 
3 1711 465 3001 
3 11560 11559 11554 
3 11380 11552 11222 
3 7898 7939 5522 
3 10344 7566 8650 
3 694 1541 5164 
3 5830 4046 7631 
3 5792 1771 3771 
3 4039 4041 6727 
3 11563 11761 11386 
3 6977 7768 4675 
3 11568 11394 11225 
3 11758 11760 11565 
3 10878 11227 11763 
3 11223 11912 10872 
3 6123 4014 6125 
3 4395 1986 5240 
3 11569 4087 11916 
3 11568 5852 11764 
3 11232 11916 560 
3 7690 10251 5885 
3 11395 11916 11232 
3 10713 11411 10553 
3 4188 8778 8773 
3 11919 11065 11233 
3 6721 6705 4964 
3 7122 7902 7913 
3 493 545 5853 
3 11402 10544 11068 
3 4134 1773 1750 
3 8382 6525 3805 
3 11578 10699 10893 
3 11578 10893 11405 
3 2504 11070 10889 
3 2504 10547 11070 
3 11076 10547 2504 
3 5830 7588 225 
3 7487 865 1897 
3 10903 10901 10045 
3 2527 10705 10706 
3 1688 1691 5362 
3 1619 9499 8785 
3 1579 7626 3989 
3 10077 4992 4983 
3 4040 10751 8651 
3 4542 10038 1777 
3 982 984 1034 
3 10263 10090 9916 
3 6449 5583 5593 
3 1236 11984 2791 
3 10903 10906 11785 
3 10384 10383 10900 
3 11421 11788 10908 
3 11418 11417 11931 
3 11135 11664 11660 
3 853 11421 11249 
3 3976 2401 11954 
3 4109 4142 3331 
3 11422 11250 11594 
3 4154 1770 3277 
3 11435 4193 4187 
3 11252 11790 11248 
3 11249 11603 853 
3 9067 9847 9852 
3 1577 11675 1740 
3 11251 11250 11422 
3 11425 11599 11597 
3 2357 2362 5944 
3 11089 11258 11261 
3 11790 11426 11937 
3 2060 10875 2045 
3 1191 1162 1186 
3 3963 3070 4907 
3 10832 10835 10481 
3 4927 7568 6657 
3 11093 11427 11605 
3 10573 10741 4433 
3 5510 5788 6018 
3 3522 4464 4467 
3 9187 8320 7430 
3 1069 5177 5161 
3 748 1001 1002 
3 919 10746 10747 
3 10747 10917 919 
3 3963 4907 8506 
3 11610 10923 11096 
3 11840 1507 11841 
3 3580 3216 3394 
3 11035 10852 11036 
3 3200 3237 1721 
3 7551 5903 137 
3 7267 7255 5496 
3 11264 11942 11436 
3 1191 2912 1159 
3 11097 11264 11436 
3 9936 7282 6402 
3 7913 5537 6346 
3 11099 6219 10927 
3 10631 10134 9966 
3 7196 7314 6543 
3 11615 11945 11264 
3 11801 11947 11439 
3 11947 10928 11439 
3 7092 5537 7913 
3 6883 5131 379 
3 9267 9968 10299 
3 3847 972 1259 
3 8293 9866 8311 
3 6219 11801 10927 
3 6464 5636 7232 
3 1412 2237 2262 
3 10758 11107 11273 
3 4957 840 2517 
3 1091 2843 10931 
3 4726 11840 11815 
3 11950 11620 2843 
3 7939 7919 7928 
3 11622 11807 10934 
3 3468 131 153 
3 749 1913 3943 
3 5022 1495 3108 
3 11808 10936 11277 
3 11950 11619 11620 
3 5937 6832 9393 
3 11957 11627 11279 
3 793 759 931 
3 11279 11627 10939 
3 11452 11629 1213 
3 8032 5720 1697 
3 3735 6454 6472 
3 1918 4320 137 
3 11280 11114 11116 
3 10426 10773 11285 
3 10426 11285 11965 
3 11119 10777 11971 
3 6693 118 7005 
3 7287 7299 8097 
3 5668 2357 5944 
3 10599 11969 11970 
3 3814 3818 7442 
3 9089 7371 6545 
3 11461 11462 8160 
3 8027 8001 11956 
3 11288 11822 11465 
3 11822 11288 11460 
3 6999 595 602 
3 5373 11872 3601 
3 11827 11646 11982 
3 7753 5093 2367 
3 11647 11986 11130 
3 10063 2288 11718 
3 10963 11130 11986 
3 11650 11469 11830 
3 6082 6934 11023 
3 422 5380 4553 
3 2997 104 1097 
3 10133 2508 1675 
3 10521 11386 10516 
3 5209 4383 5204 
3 11469 11470 11471 
3 945 984 982 
3 11469 11660 11661 
3 6999 602 4693 
3 1015 6619 5083 
3 11830 11469 11661 
3 11660 11664 11661 
3 1701 11301 10966 
3 10458 8806 7034 
3 11663 11664 11135 
3 11135 11138 11137 
3 11837 11302 11477 
3 8461 7554 8439 
3 3097 2259 537 
3 2980 5405 3743 
3 4892 2483 1648 
3 1022 3444 5109 
3 6875 2922 6097 
3 11261 11799 10579 
3 11480 3203 11479 
3 11307 11305 11668 
3 6287 11625 11443 
3 1634 6173 4431 
3 7726 5902 7728 
3 9528 10056 9891 
3 3018 5722 6568 
3 3877 3919 3900 
3 10809 11312 11844 
3 11487 11146 3261 
3 11847 11487 3261 
3 11318 1543 11148 
3 10526 10878 10532 
3 11369 2903 2851 
3 11491 11153 1560 
3 7197 9118 1754 
3 351 6198 11289 
3 11492 11321 11493 
3 1533 11489 11488 
3 1691 6241 5362 
3 7094 6888 7436 
3 10181 10008 10684 
3 3242 9082 5646 
3 10991 11677 11326 
3 3001 465 4610 
3 5666 5650 7492 
3 7389 1817 1825 
3 7163 7287 8097 
3 10239 9555 9548 
3 11852 11328 11159 
3 11163 8545 11855 
3 1560 11489 3291 
3 4777 6534 7447 
3 11856 11499 11855 
3 3401 11857 11172 
3 11684 10999 11176 
3 4726 3118 11840 
3 11172 11857 11167 
3 11336 5033 11337 
3 8293 5714 10492 
3 4895 11859 1674 
3 8870 7968 7928 
3 11856 11858 11169 
3 11186 11182 11185 
3 5033 11338 11337 
3 2262 564 539 
3 7658 10214 9438 
3 334 2879 11713 
3 5603 4728 3788 
3 5108 11861 11338 
3 2636 2822 2730 
3 6087 6074 11145 
3 2412 4847 6393 
3 11343 11698 8678 
3 11182 11863 11509 
3 11339 1828 11184 
3 10875 2060 2716 
3 11340 5255 11510 
3 10757 11617 11107 
3 6956 11702 10828 
3 520 537 3804 
3 2244 2081 2335 
3 11349 10832 11515 
3 1395 9986 520 
3 6265 7931 5364 
3 11699 11012 11870 
3 10067 8482 4894 
3 1031 11950 2837 
3 5342 3538 11705 
3 9970 11352 11345 
3 7583 11228 1182 
3 11690 11189 11706 
3 11012 11520 11870 
3 7604 6721 9426 
3 11707 11519 10422 
3 6534 4777 4782 
3 11206 11029 11030 
3 11873 11705 11710 
3 3858 5666 4849 
3 3858 5650 5666 
3 3585 2971 2824 
3 11239 11016 11352 
3 6759 5871 3184 
3 3085 5075 7839 
3 5168 4208 5174 
3 2418 750 4007 
3 10654 11356 1923 
3 11526 10836 1923 
3 11355 10842 34 
3 8204 6532 8255 
3 1048 1013 739 
3 503 3026 3029 
3 11710 11348 11707 
3 8204 7327 6519 
3 11360 11719 11724 
3 4639 3020 3031 
3 7435 3815 3814 
3 5385 11875 11714 
3 72 11730 11530 
3 11530 11730 11365 
3 7631 2286 6740 
3 11189 11690 11341 
3 11726 11363 11883 
3 6536 9039 9050 
3 6519 6532 8204 
3 7537 1688 1685 
3 11734 114 11731 
3 11731 11735 10849 
3 10973 2519 4099 
3 11535 11886 11534 
3 11619 1031 11441 
3 4587 4270 4190 
3 11890 170 11888 
3 11210 11893 2185 
3 2716 2060 10522 
3 3923 11669 564 
3 2056 1221 7862 
3 5116 4898 4642 
3 11372 11209 11890 
3 3752 6518 6498 
3 849 11425 11597 
3 8365 6182 417 
3 11375 11751 11048 
3 11211 235 11893 
3 11373 11746 11541 
3 11541 264 11044 
3 5619 5626 4732 
3 11542 11903 11745 
3 5603 5628 4728 
3 6293 5985 7031 
3 11283 10258 10426 
3 11545 356 11903 
3 7783 2003 2348 
3 6991 3078 6987 
3 11907 11753 11752 
3 7104 6945 716 
3 11908 11384 11050 
3 10958 11293 11292 
3 244 1982 1979 
3 1775 6414 891 
3 11384 11908 421 
3 356 11549 11553 
3 11906 11551 11552 
3 11384 421 11912 
3 11909 11555 2358 
3 10128 3853 6239 
3 11823 6485 11646 
3 11559 11225 11056 
3 7074 4284 5364 
3 5798 4964 6705 
3 162 11889 11886 
3 6727 4964 4039 
3 1775 3373 929 
3 235 3237 7242 
3 5044 7818 5038 
3 308 11750 11748 
3 5387 3586 5402 
3 11764 11394 11568 
3 3976 1696 6829 
3 5164 3396 3401 
3 888 2561 2558 
3 11105 10588 10418 
3 11921 11232 560 
3 11396 11919 11766 
3 11924 11234 7556 
3 545 493 11392 
3 10887 10367 10542 
3 2203 2204 9874 
3 5583 3755 5593 
3 11769 4120 11922 
3 11405 11774 11578 
3 11775 11237 11579 
3 11774 11777 11776 
3 5967 11076 2511 
3 5967 702 11076 
3 4212 4216 5174 
3 3181 3197 3179 
3 10896 10207 702 
3 11572 7556 11234 
3 11775 11410 11237 
3 11439 10928 10586 
3 11409 11586 11782 
3 5994 11409 11782 
3 3785 3752 903 
3 11194 11197 10165 
3 8984 9041 8974 
3 10712 11410 11587 
3 8132 7302 8143 
3 11782 11586 10899 
3 11096 11436 11942 
3 11781 7686 11587 
3 11617 4517 4518 
3 11784 10899 11786 
3 946 11941 11799 
3 11932 11244 747 
3 6985 2292 582 
3 7443 9920 9187 
3 10903 11785 11415 
3 11130 11127 11647 
3 7384 9816 8255 
3 11932 11594 10904 
3 11212 11213 11372 
3 1189 3916 3917 
3 2395 7782 7780 
3 3255 4992 6654 
3 11934 11597 11599 
3 4302 7766 11931 
3 5559 5583 6449 
3 8239 9050 9786 
3 2522 5155 2529 
3 422 4553 425 
3 11248 11790 11933 
3 6552 3381 7319 
3 3714 8915 10522 
3 3757 3759 1709 
3 10430 9580 9353 
3 2928 10499 8951 
3 11087 853 11603 
3 2720 11602 849 
3 4142 4154 3277 
3 4029 11556 7458 
3 10573 4433 6155 
3 7351 3711 5564 
3 10746 6135 11604 
3 4433 11428 11795 
3 8366 9121 8543 
3 10917 11605 919 
3 3266 7787 2395 
3 2160 11535 7242 
3 4638 5545 6454 
3 11395 11232 10693 
3 2737 8088 1765 
3 570 758 2726 
3 11942 4463 11096 
3 1577 5089 11675 
3 6029 1447 4226 
3 8025 5367 3708 
3 11799 11941 11613 
3 190 7645 210 
3 1506 3129 3123 
3 7163 6363 7210 
3 7413 7288 7414 
3 7979 1091 6272 
3 8974 8972 8984 
3 1025 1031 2837 
3 4666 564 2262 
3 10934 11273 11622 
3 6029 4226 9629 
3 11622 11273 4530 
3 7430 8320 6598 
3 6333 5522 7939 
3 11274 2874 1091 
3 10546 10893 10699 
3 8638 1281 11057 
3 11796 7869 946 
3 7320 5529 4641 
3 4561 11447 8001 
3 5552 5559 6435 
3 10330 7823 3085 
3 3442 6619 1015 
3 10763 11956 11447 
3 11811 10939 11627 
3 11957 11450 1159 
3 3961 7544 4917 
3 3961 3055 3051 
3 8967 8974 6474 
3 11280 11962 2926 
3 5661 2997 3854 
3 11634 11453 11813 
3 11116 11813 11962 
3 11823 11465 11822 
3 3051 5726 3961 
3 6178 6194 1636 
3 4421 11145 6074 
3 1243 11286 11119 
3 1243 11119 11971 
3 11121 11817 11639 
3 10779 1297 10602 
3 11122 11976 11121 
3 11975 1297 10779 
3 11462 6436 8160 
3 4888 4865 6606 
3 4849 6564 5709 
3 781 11932 747 
3 9312 8477 7564 
3 11979 11645 3062 
3 11465 11823 10954 
3 6391 5519 5529 
3 4512 6545 7371 
3 11648 11983 11467 
3 11659 11835 11834 
3 6485 11822 9930 
3 11986 11647 11827 
3 11828 11648 11468 
3 10766 9905 8626 
3 11646 11827 11647 
3 10963 11986 11652 
3 7005 1895 7089 
3 11386 11060 11563 
3 11301 1701 11477 
3 11828 11468 11650 
3 11650 11830 11828 
3 6178 3476 9797 
3 2364 1039 5081 
3 6082 3917 6934 
3 7931 6265 5492 
3 2304 3163 5005 
3 11294 1247 2263 
3 11834 11473 11659 
3 11661 11664 11663 
3 2780 9675 2099 
3 11834 11835 1701 
3 2144 162 2127 
3 11107 4530 11273 
3 3034 4865 4868 
3 11488 11315 659 
3 1417 11478 11836 
3 11728 11729 11027 
3 5521 4602 6375 
3 11726 5471 7105 
3 11668 3194 11307 
3 11668 11667 1423 
3 2289 11720 2292 
3 11668 10975 11667 
3 8458 5018 3297 
3 5640 5645 5511 
3 11308 11307 4937 
3 105 1867 2677 
3 3222 11842 11310 
3 11308 4937 8373 
3 11308 3207 22 
3 351 2882 1229 
3 137 129 7551 
3 5496 5519 7267 
3 4370 5207 5966 
3 6564 4849 5666 
3 5912 133 141 
3 3255 11486 4992 
3 11316 5018 10982 
3 11847 3243 11312 
3 5030 323 6770 
3 11151 11492 1551 
3 11489 11319 11149 
3 6693 1883 118 
3 2292 11720 582 
3 8943 8956 7246 
3 7028 6146 5289 
3 8429 5666 7492 
3 6559 3895 5688 
3 8293 8311 4575 
3 10709 11410 10712 
3 3895 4832 5688 
3 4572 7255 7239 
3 3009 11680 11496 
3 2224 3026 9930 
3 7919 7898 7074 
3 3621 6369 9148 
3 11680 1583 10992 
3 3009 1583 11680 
3 7163 8097 8063 
3 1628 11496 11329 
3 11496 3157 3009 
3 8820 1452 7859 
3 11281 1219 1212 
3 9089 10463 7371 
3 7028 5289 2571 
3 1674 11859 11858 
3 10823 11507 10826 
3 3261 10982 5018 
3 4244 1452 8820 
3 3602 4421 5269 
3 3895 6559 5655 
3 5108 11338 5033 
3 5448 5094 5454 
3 11861 4829 11684 
3 3429 4829 11861 
3 333 1197 6804 
3 10639 11002 11176 
3 6342 5469 5470 
3 11185 11509 11693 
3 11184 1761 6956 
3 11698 1794 8678 
3 11688 11864 11694 
3 2967 2343 2702 
3 11698 11344 11693 
3 2154 996 3098 
3 6892 11688 8172 
3 7163 8063 8004 
3 11515 11866 11701 
3 11674 11492 11493 
3 11684 11503 11172 
3 6338 4542 7239 
3 11737 3851 582 
3 11488 659 1528 
3 11701 3516 9719 
3 11697 9970 11345 
3 9090 11699 11870 
3 2731 5470 5469 
3 11519 11694 11867 
3 11851 11492 11674 
3 11519 11346 11694 
3 10417 10758 11273 
3 5264 4284 5303 
3 7430 7443 9187 
3 11352 9970 11239 
3 7862 1221 1219 
3 6027 6450 6680 
3 10466 7891 10287 
3 11101 10951 9386 
3 1004 5713 88 
3 4140 4138 879 
3 7745 7641 7523 
3 11710 11707 11873 
3 1923 1945 11526 
3 1970 5227 5224 
3 11355 11732 11523 
3 11258 4411 7869 
3 428 5179 4216 
3 5424 11878 11721 
3 4369 4057 4451 
3 2851 3751 98 
3 3667 1815 4602 
3 11528 11717 27 
3 27 1998 11528 
3 5579 5599 8905 
3 41 11716 11729 
3 1172 4428 5276 
3 2051 11880 1998 
3 11719 48 11724 
3 1981 41 2001 
3 3776 11734 11532 
3 2045 11726 11883 
3 6945 3416 6842 
3 5093 1298 2367 
3 11255 11601 4358 
3 11218 10858 11545 
3 167 2105 11886 
3 11887 11888 11884 
3 3602 11145 4421 
3 11889 162 170 
3 11562 476 11763 
3 11492 11151 11321 
3 9254 8401 8381 
3 170 11890 11889 
3 3424 5155 3432 
3 11740 11739 11891 
3 11886 11889 11534 
3 3230 8715 2365 
3 11894 11742 11892 
3 6455 8912 7246 
3 11892 11740 11891 
3 2632 29 1827 
3 970 11108 11111 
3 11742 11740 11892 
3 11739 11740 11372 
3 5438 5429 3586 
3 3900 11541 11746 
3 5773 6526 7270 
3 3570 3569 3574 
3 7908 5249 6086 
3 5362 1685 1688 
3 11044 264 11375 
3 11751 11375 264 
3 11748 271 308 
3 11748 11543 271 
3 10085 10426 10258 
3 11900 11751 264 
3 1957 3777 3774 
3 756 793 931 
3 7133 8855 8014 
3 9993 10338 11201 
3 5688 3929 5742 
3 11900 11904 11751 
3 941 3397 4922 
3 2345 4741 1507 
3 11544 11543 11748 
3 5736 2332 10731 
3 354 11749 11754 
3 2577 11782 6030 
3 6078 6063 1502 
3 6273 5427 4502 
3 11906 11907 2264 
3 2264 11907 11752 
3 3151 6739 6744 
3 6483 5626 5619 
3 8773 1421 4188 
3 11888 170 11884 
3 354 11754 11909 
3 11495 11154 10814 
3 11911 383 376 
3 9719 11349 11701 
3 11910 11911 376 
3 4029 11553 11556 
3 11558 2358 11555 
3 11556 11386 7458 
3 11914 11912 421 
3 3686 1646 2747 
3 2487 3386 2496 
3 1133 9646 2818 
3 3373 3379 2610 
3 476 11562 11914 
3 11565 11392 493 
3 11062 11765 11563 
3 11554 11911 11560 
3 1356 1354 4594 
3 545 11392 11231 
3 11392 10690 11231 
3 589 348 2367 
3 11700 11694 11346 
3 11761 11563 4096 
3 8905 8870 7953 
3 6086 3386 6080 
3 11887 11891 11888 
3 2426 7556 11767 
3 4403 1126 236 
3 11396 11766 11765 
3 4096 11563 11765 
3 5994 11926 11240 
3 11921 2489 11923 
3 11494 6262 7138 
3 11921 11923 11577 
3 10882 10534 9661 
3 5903 11068 7569 
3 609 11577 11923 
3 11068 11770 7569 
3 8860 7130 8004 
3 609 10889 11577 
3 2178 1047 3743 
3 2504 10889 609 
3 10946 10945 11455 
3 8563 7657 9398 
3 2511 11076 2504 
3 7828 9634 8520 
3 11772 9380 11770 
3 5994 11240 11409 
3 2360 5947 3143 
3 3136 2362 2357 
3 90 28 121 
3 11772 11580 7618 
3 1104 8664 218 
3 11582 10553 11411 
3 10780 10096 9592 
3 4779 6502 1541 
3 5207 1104 1970 
3 6449 5593 6483 
3 11782 10899 11784 
3 4263 6930 2462 
3 11784 11786 745 
3 1835 11832 11370 
3 3775 4723 6509 
3 4512 7384 6532 
3 11590 2657 792 
3 4364 210 4380 
3 792 11786 11590 
3 1513 2360 3915 
3 5179 2437 5190 
3 2765 5181 1070 
3 2657 11788 6092 
3 7968 8912 6381 
3 3543 4467 7111 
3 11788 11421 6092 
3 3429 694 4829 
3 11934 11599 11418 
3 4358 4411 11255 
3 6939 9435 6926 
3 3393 4307 7903 
3 4983 22 8402 
3 11318 1551 1543 
3 5370 3513 4471 
3 11590 11788 2657 
3 210 4364 4360 
3 8855 7133 7125 
3 10105 11778 10109 
3 10914 11601 11255 
3 1307 8037 3708 
3 9033 6234 2640 
3 7588 6636 225 
3 2725 11795 2720 
3 11427 10573 6155 
3 2994 4001 5624 
3 4299 3393 11935 
3 603 2939 11382 
3 11400 1154 1174 
3 11739 11890 11888 
3 2949 9773 1307 
3 11922 4108 11919 
3 9871 10222 10049 
3 11769 11401 11402 
3 3321 1560 3291 
3 5945 2738 10983 
3 4445 3513 5357 
3 11954 1696 3976 
3 11610 4463 7875 
3 7450 1918 1924 
3 303 3977 10733 
3 4779 11899 6502 
3 7193 6326 7217 
3 3674 1646 3686 
3 11950 1031 11619 
3 1059 11950 2843 
3 1794 5630 10322 
3 4518 11107 11617 
3 9384 6816 9393 
3 10502 9993 11201 
3 8025 3698 5367 
3 6999 11072 6242 
3 1663 7083 9802 
3 5594 3429 2400 
3 8000 11808 11625 
3 8001 11447 11956 
3 1191 1206 2912 
3 1159 11450 11808 
3 3062 4772 2274 
3 4099 11369 10973 
3 8063 8095 8972 
3 6314 1186 1162 
3 6048 3642 1224 
3 1159 11808 2890 
3 11441 11104 11269 
3 6327 11960 1186 
3 11960 11629 11811 
3 3913 3650 3469 
3 2926 1174 10595 
3 10939 11811 11629 
3 11280 11116 11962 
3 4517 11802 11947 
3 11256 11610 4436 
3 11634 11813 11116 
3 11453 2929 11813 
3 11453 11965 11963 
3 11455 11966 11968 
3 11956 1154 8027 
3 11454 4635 11966 
3 11286 1243 1235 
3 10599 11970 11972 
3 3894 6963 7752 
3 3461 6629 3453 
3 11455 11454 11966 
3 444 547 415 
3 11663 1417 1407 
3 11121 11976 4705 
3 5926 5921 5920 
3 1311 11822 11460 
3 11642 11820 6436 
3 8967 8972 8974 
3 8160 6436 6431 
3 11121 4705 11817 
3 11122 11461 8160 
3 4168 141 147 
3 5472 3052 3817 
3 11584 11582 11411 
3 11645 11983 3062 
3 1750 1773 891 
3 141 1043 3475 
3 7122 7913 6346 
3 9039 6515 9041 
3 6816 7611 6808 
3 2111 373 11304 
3 6509 1977 3775 
3 11171 11172 10638 
3 3432 3443 5278 
3 11828 4830 3089 
3 9797 3478 8020 
3 11828 11830 11988 
3 11830 1398 11988 
3 1918 164 1924 
3 1398 1849 4858 
3 131 3468 1894 
3 4904 5009 5488 
3 5590 5599 5579 
3 1097 9251 1094 
3 590 2288 3082 
3 6283 6286 5977 
3 11837 11477 1701 
3 11837 1701 1418 
3 5255 5287 11510 
3 3476 3478 9797 
3 8672 3894 7752 
3 6912 10235 4903 
3 4916 11836 11478 
3 4916 11478 11479 
3 6255 6291 6316 
3 2020 3145 6973 
3 1430 411 5148 
3 1418 1701 11835 
3 4401 8978 6168 
3 2771 11268 2646 
3 9556 9542 9176 
3 747 11244 2587 
3 4951 11718 8402 
3 10809 11844 11143 
3 4101 11916 4088 
3 475 3782 3777 
3 11354 11716 4148 
3 11212 11042 11214 
3 11193 11719 11360 
3 1528 1533 11488 
3 11333 10997 11859 
3 7898 7913 7902 
3 11491 1740 11322 
3 1133 2818 4421 
3 2619 2352 2525 
3 10074 2289 4010 
3 6932 2813 2805 
3 5148 4188 1421 
3 8354 11039 1078 
3 8307 1407 11836 
3 7372 9089 6545 
3 6507 1022 4283 
3 1628 3157 11496 
3 8530 3157 11869 
3 7898 7902 7897 
3 137 4320 5136 
3 7897 7902 7115 
3 108 3442 1015 
3 11856 11855 6788 
3 7232 5636 6506 
3 5195 11861 5108 
3 3438 6143 7134 
3 6897 7700 7693 
3 11508 6842 11336 
3 11341 11690 11340 
3 11864 1746 6578 
3 11819 10989 11833 
3 8515 9627 10145 
3 5033 11336 3416 
3 11510 5287 10641 
3 6956 1755 11702 
3 5994 11782 2577 
3 6892 1746 11688 
3 11699 11863 11512 
3 9499 1619 2474 
3 5099 6073 2668 
3 11867 11694 11864 
3 11184 1828 8730 
3 11863 11699 9090 
3 11354 10807 11706 
3 5320 2099 11984 
3 2335 2339 2244 
3 3609 11239 9970 
3 1957 9897 3777 
3 10422 3610 11707 
3 1742 879 4138 
3 7916 8029 7704 
3 2661 2449 8504 
3 1498 3377 2487 
3 10807 11354 4148 
3 5662 9104 5680 
3 4613 4759 4611 
3 1945 11874 11526 
3 1923 11943 3657 
3 3690 27 11874 
3 7066 7032 11355 
3 11717 11874 27 
3 4236 66 2654 
3 2903 3751 2851 
3 2237 503 3029 
3 1998 11880 11528 
3 9586 10085 9585 
3 6164 6583 6169 
3 11782 11784 6030 
3 62 48 11719 
3 11104 11100 10411 
3 2058 11730 72 
3 5424 11721 11724 
3 41 2032 2001 
3 2058 2060 11730 
3 2060 11883 11730 
3 2612 6558 5815 
3 11728 2083 11729 
3 11716 11361 11027 
3 5119 8798 7020 
3 3751 11532 98 
3 3751 3776 11532 
3 11731 114 11735 
3 11880 2051 11882 
3 2083 11727 2093 
3 2137 2162 11884 
3 11739 11888 11891 
3 11887 11884 2162 
3 11884 2144 2137 
3 6272 3677 7979 
3 11884 170 2144 
3 4797 2629 4198 
3 10737 10738 10226 
3 11886 2105 162 
3 11897 2447 10541 
3 8031 4585 786 
3 8045 8031 7697 
3 11897 8124 2447 
3 8045 8082 8031 
3 8082 8124 8031 
3 8031 8124 11897 
3 9427 6721 6727 
3 6721 4964 6727 
3 8268 8271 3153 
3 5901 5136 6672 
3 6672 5136 4320 
3 7450 8271 8268 
3 8268 8265 7450 
3 4321 7450 8265 
3 4320 8265 6672 
3 6683 6787 7224 
3 6683 7224 6989 
3 6787 6683 6343 
3 3599 3500 3860 
3 3139 2959 3313 
3 5216 4986 5596 
3 4991 4986 5216 
3 5217 4991 5216 
3 6379 6377 7012 
3 11714 11875 11198 
3 11714 11024 11019 
3 11198 11024 11714 
3 11875 11530 11198 
3 3683 11530 11875 
3 3683 72 11530 
3 10848 10503 10167 
3 10339 9994 10166 
3 83 52 70 
3 83 53 52 
3 238 239 277 
3 154 239 180 
3 7 8 13 
3 1361 1310 1257 
3 5312 4767 4537 
3 5312 5565 4767 
3 1582 1523 11993 
3 8888 7733 7948 
3 9641 8892 8710 
3 7948 7620 7617 
3 7948 7617 8702 
3 7733 8888 8710 
3 8710 8888 9287 
3 9641 8710 9287 
3 9641 9805 8892 
3 7169 7617 7620 
3 11991 11526 11717 
3 11524 10836 11990 
3 10839 10836 11989 
3 11991 11990 11526 
3 10836 11526 11990 
3 10329 10834 11990 
3 11992 10483 10834 
3 10834 10329 11992 
3 11993 1703 1582 
3 1767 11993 1523 
3 1520 11995 11994 
3 1581 1762 1520 
3 1581 1520 11994 
3 1581 11997 1762 
3 1581 11998 11997 
3 11994 11995 1518 
3 1580 1518 1517 
3 11995 1520 11996 
3 1580 11994 1518 
3 1703 11993 1763 
3 11993 11998 1763 
3 11997 11998 11993 
3 799 766 907 
3 825 905 766 
3 10157 9982 10488 
3 11353 11523 11870 
3 11520 11353 11870 
3 4019 4018 3937 
